Sentence,Emotion
cho mình xin bài nhạc tên là gì với ạ,Other
cho đáng đời con quỷ . về nhà lôi con nhà mày ra mà đánh 😡,Disgust
lo học đi . yêu đương lol gì hay lại thích học sinh học,Disgust
uớc gì sau này về già vẫn có thể như cụ này :)),Enjoyment
mỗi lần có video của con là cứ coi đi coi lại hoài . cưng con quá .,Enjoyment
thằng kia sao mày bắt vợ với bồ tao dọn thế kia . nhà mày ở đâu tao đến thịt mày chết,Anger
một lí do trog muôn vàn lí do,Other
thật hay đùa ác vậy . không thể tin được,Surprise
"ko phải con mình , mà xem còn thấy đau như vậy huống gì người trong cuộc . thật là phẫn nộ mà . cơ quan chức năng làm việc quá chậm trễ , đến giờ mà vẫn chưa tìm ra người chịu trách nhiệm . 😠😠😠😠😠😠",Anger
per nghe đi rồi khóc 1 trận cho thoải mái . đừng cố gồng mình lên nữa,Sadness
công nhận sáng tạo thật đấy,Enjoyment
đòn tấn công cực gắt và cục sút của anh 😂😂😂,Disgust
trời nắng nóng thế này mình muốn bán nước không biết thu nhập có cao không ạ :3,Other
minh biết nữa ne,Enjoyment
mấy thằng củ lol việt nam nhảm nhí :)),Disgust
"tui thi ́ ch va ̉ i lă ́ mày ma ̀ ăn nhỉ ̀ u no ́ người lă ́ mày mọi người anh ̣ , bi ̣ lơ ̉ miê ̣ người",Sadness
"bếp dầu , nhiều nhà vẫn dùng",Other
nếu thấy phụ nữ quá phức tạp để hiểu và chinh phục thì đây là cách giải quyết vấn đề,Other
"thời buổi bây chừ chuyện gì cũng có thể xảy ra , vậy nên thôi trất , đừng nên tin ai",Fear
sau em này mà làm cô giáo ngồi kể chuyện hs lại há mồm ra nghe 😁,Enjoyment
"con chó đăng video , mày bị ngu à mà mỗi mẩu lại hiện chữ ăn cặc à",Anger
coi video chưa hiểu gì đã làm ầm lên,Disgust
chả mong gì nhiều chỉ mong về già được như hai ông bà ! 😊😊😊,Enjoyment
yêu chết đi được .,Enjoyment
mày định lướt qua rồi nhưng khi đọc bình luận của các bạn và xem kĩ lại thì mày đã rớt nước mắt 😭😭😭.... người cha thật vĩ đại,Sadness
xin đi chơi với bạn ngày tổng kết không cho cứ bắt học miết :)) khá mệt,Sadness
cá nhân mình nghĩ nó dừng hay đỗ đúng sai thì đã có ca pạt còn nó đỗ trước cửa nhà mình mà oto hay xe không ra vào được thì lúc đó mới ý kiến . công nhận bọn oto đỗ trước nhà nhìn chỉ muốn đốt,Anger
từ đầu năm giờ chắc chụp 10 lần rồi huhu sợ quá 😭😭😭,Fear
t gặp quả này thì bỏ xe mà chạy ??,Fear
thế con trai là của ai cho,Other
per đây mí chính là cụ tổ của những chiếc sừng này,Surprise
muốn share về mà sợ bị bạn nè phẫn nộ quá,Fear
"hồi học lớp 5 bảo bố đi mua sgk cho , xong bố đi mua nguyên bộ lớp 4 đầy đủ từ sgk đến vở bài tập 😂",Sadness
nay buồn :(((,Sadness
"cv không áp lực , môi trường xung quanh mới dễ tạo áp lực",Fear
ai có link nhạc mấy bài trên không ạ hay vãi ra,Enjoyment
đây người ta gọi là . khi đại thánh nhập hoặc là múa lân đầu năm,Other
phải bồi thường thiệt hại bị trầy xước thân tàu . tiền sơn lại mấy toa tàu chắc cũng bộn .,Other
làm công nhân đã bị vắt kiệt sức khỏe cho đến khi bị thải,Sadness
khi nào phường có chế độ phát chồng khi mang thân đến đăng kí kết hôn tự nguyện 😊,Enjoyment
đéo được tích sự gì 😂,Anger
haizzz ... thế là chưa có kq gì tốt đẹp cả ..,Sadness
bản thân cố gắng cũng chẳng dễ dàng gì :((,Sadness
"nói chung là 1 lũ lừa gạt thôi , việt nam mình là vậy đó",Disgust
thế em ăn cơm chưa ?,Other
"thu trăm tỷ phạt 5tr , lại qua tỉnh khác hành nghề ha ha",Other
chủ yếu là bọn trẻ đú với bọn dân trí thấp mà thích thể hiện bác nhỉ,Disgust
mày coi chừng có ngày tao dã dô mặt mày như dzầy,Anger
canh thời gian đăng đúng vãi !,Surprise
quan trọng mấy thằng đó có chọn mj không . ngồi đó mà ảo tưởng,Disgust
học xong 12 như hết thanh xuân có lẽ phải bỏ lỡ 1 người,Sadness
mình thi xong còn không khóc được 😢,Sadness
"mỗi ngày mình ôm nhau 1 cái như này hén , hí hí",Enjoyment
"per trừ điểm , trừ điểm",Sadness
"5 triệu , phạt một con mụ lừa đảo , phá hủy niềm tin phật giáo , làm ô uế đời sống tâm linh ... thật rẻ rúng làm sao !",Disgust
cả tuần không được nói chuyện,Sadness
per mày cẩn thận tao giết,Anger
cạn lời với bọn súc vật này làm xấu mặt người bắc giang 😑😑😑,Disgust
bài này tao có 2 cảm xúc . đầu tiên về quán trà . đến cảm xúc quen lại c thy xong bị mẹ cấm :)),Other
đẹp trai quá,Enjoyment
đóng cái lồn tao nè chứ đóng,Anger
"khổ thân người dân , trước dự án cao su là dự án cà phê , làm thêm dự án nữa coi như một đời bỏ phí",Sadness
"hồi nhỏ bà mày có cho một con ngỗng mình tự tay nuôi nó . từ ngày đó nó đeo mày như chó mèo vậy . nhưng khi lớn nó lại mắc bệnh mà mất . giờ cũng hơn 4 , 5 năm rồi những nhớ nó lắm 😓",Sadness
hồi nhỏ đọc tao đã nghi nghi rồi =)))))))),Enjoyment
ngẫm nghĩ cha của thánh gióng với sọ dừa ăn mặn vãi .,Disgust
"con cần bảo vệ thì giết sạch còn con cần tiêu diệt thì lại đem nuôi , cuộc sống lạ lùng vãi 😕",Disgust
dù sao thì con trai vẫn nên là người mở lời trước à 🤣🤣🤣🤣🤣🤣,Enjoyment
ad cho hỏi nghệ an lúc nào mưa vậy ah 🌧🌧.. ốm cũng cam lòng chứ vã lắm rồi 🥵🥵,Sadness
giận ngược lại rồi giận luôn chứ có huề đéo đâu :(((,Sadness
per tao được làm fan cứng giống mày rồi 🤣,Enjoyment
xem cái này mới biết vốn tiếng anh của mình cũng khá !,Surprise
thằng lol này tao đéo biết nó sống tốt với mọi người xung quanh như thế nào nào nhưng nó đã ngu còn tỏ ra ngu hẳn nữa,Disgust
ôi bé xinh gái vãi :)),Enjoyment
cười sái mẹ quai hàm,Enjoyment
rồi khi mày có 1 ít tiền :)) mày mới phát hiện ra còn đéo cả có người đi cùng cơ,Sadness
tự dưng cay mẹ mắt,Sadness
tao sợ thật sự :(((,Fear
per thịt nướng lò xô ne ăn z mà không chết 😎😎😎😎,Enjoyment
tốt quá,Enjoyment
ông nào viết vui tính thế =)) cưng thật,Enjoyment
không hiểu sao nhìu người lại thả haha nhỉ ??,Surprise
diễn viên già vãi -.-,Disgust
ghét nhất mấy loại bép xép thế thôi . nhanh gọn lẹ 😂😂😂,Enjoyment
cưng quá đi,Enjoyment
nhìn mẫu này lạ mắt mà đẹp quá,Surprise
tao cay mẹ khoé mắt,Sadness
thấy mệt thêm chứ chẳng khỏe gì cả .,Disgust
":)) đang ăn mỳ , không có trứng nhạt lắm , có rụnng thì xin vài quả !",Enjoyment
"cảm ơn nói chuyện nhật ! 1 nền khoa học , giáo dục , trí tuệ văn minh !! 😘",Enjoyment
tao mệt chúng mày quá,Disgust
hahaha lúc trước ca làm có 4 chị em vui biết bao :)),Enjoyment
đụ thế kia thì có khác nào mua cái bánh mà bị đứa bán hàng nó tạt cho gáo nước lạnh đâu 🙄,Disgust
các bạn đang bảo con này ah 😂😂😂,Other
má chủ dễ thương vậy tao cũng muốn xin,Enjoyment
"kinh nghiệm được truyền lại là khi nào nấu xong bỏ tí "" tro "" vào lần sau không phải nấu 😊",Enjoyment
"có những con người luôn phải chịu đắng cay , cta không được chọn gia đình , bạn bè và càng không có quyền lựa chọn cuộc sống này . hãy vui lên với tất cả những gì ta đang có dù là hai bàn tay trắng",Sadness
địt mẹ không có cái loại nào nó ác man và tàn độc hơn là cái loại người . xem mà điên đéo chịu được,Anger
nhìn thương quá ... lao động nghiêm túc,Enjoyment
đm thực tế như này còn hay . tiếc là đéo ở gần mình =)),Sadness
per mấy trụ kia em không tag được,Other
nhận nhầm con cặc . phải nói là 10 thằng thì 1 thằng nuôi con thằng khác,Anger
per ơ ơ ơ đây là đâu vậy,Surprise
gặm gặm cái đéo ý à ... bố gặm luôn mày giờ ...!!!,Anger
"thằng nào nói câu : thế thì đừng làm nghề này . v nếu không có người làm nghề này thì ks sẽ mở cửa cho chúng mày vô àk , người có ăn học có ý thức sẽ không nói ra câu đó .",Disgust
k phải là trời không cho mày yêu . vì m quá ngulon,Disgust
"per tặng quà cáp gì tặng hộp nhỏ thôi nha . đi hát hò gì đừng đem thùng quà to như vậy nha , nó biết nó nhổ trụi lông nó ngắt mép chết đó :((",Fear
hết tiền rồi này,Sadness
"đẹp , dẽ thương mà",Enjoyment
tử hình con mẹ nó lũ chó má không có tính người đi . khổ thân lũ trẻ,Anger
phim xem hay ... nhẹ nhàng tình cảm ... và cười vkl,Enjoyment
thế làm sao dỗ bạn gái đang giận :(,Sadness
t nói thật tao hiền lắm . chứ bà lồn to kia mà gặp tao là ăn mấy cái mũ bảo hiểm vào mặt rồi :),Anger
loài này bé như ngón tay phàm ăn lắm sợ luôn,Fear
"phí dịch vụ cao nhất , chuyển tiền nội mạng trừ phí tởm nhất , thái độ làm việc bố láo nhất , ít ưu đãi nhất ....",Disgust
dume trailer kinh dị cho lắm vô rạp gặp toàn bọn xàm ngồi cười,Disgust
chẳng đủ dịu dàng để níu bước chân anh,Sadness
1 cái xe cup này ngày xưa bằng mấy cái nhà liền,Other
mỗi phút bên em thật tuyệt vời . chỉ em mới cho anh cái cảm giác đó,Enjoyment
em chưa có người yêu . có ai yêu em không . em cô đơn quá,Sadness
nhỏ nhặt nhưng ý nghĩa và hạnh phúc 😊,Enjoyment
per =)))))) hít đi cho no chứ mắc công lại chửi tao không biết điều giở trò trước mặt cẩu fa như mày :),Enjoyment
bả đòi cái gì vậy ?,Other
"cái thứ ba , trời nhìn mà rơi nước mắt thay cho luôn công cả một mùa mà đi tong chỉ vì một trận mưa",Sadness
per biết không :))),Surprise
dù có sống được mấy đời thì cũng nợ mẹ cha trọn cả mấy đời .,Sadness
mấy cái tin này thường làm tan nát tình cảm gia đình trong lúc ăn cơm xem thời sự .. bố tổ sư,Disgust
cô tiên béo quá .. 😅😅 giọng còn the thé nữa .. 😅😅,Disgust
lên án nhiều rồi mà vẫn thế .,Disgust
thằng này ngu vãi,Disgust
cây tre có tận trăm đốt luôn hả ???,Surprise
nói tiếng tuy hoà phú yên làm tao nhớ đến nyc . giọng nó sao ngọt không thể tả . buồn,Sadness
"per mợ mệt , trưa nào cũng nhìn mày nhai chóp chép ..",Disgust
"đừng nên thích mấy ông anh cơ bắp , sợ lắm 😆",Fear
có ai vừa coi mà thấy phê phê cái lỗ tai giống tôi không ?? 😀,Enjoyment
tao đéo hiểu sao người yêu tao đi cắt tóc về trông mặt ngáo đến kì lạ 🤣🤣🤣,Disgust
và khi quay lại nói chuyện với nhau .... biết nói gì giờ huhu,Sadness
thằng cha bảo vệ có tâm quá . nge con nhỏ kêu nguyên đêm zi mà đéo cứu,Disgust
cũng mất công đẻ mà sao mẹ chúng nó đẻ ra lũ ngu thế haiz,Disgust
tao thấy giống khùng với lại vô duyên chứ hay gì,Disgust
cần gì những thứ xa hoa lộng lẫy đâu . dù chỉ 1 bông hoa nhưng đong đầy yêu thương nhắn tin đã cảm thấy đủ hạnh phúc rồi 😊😊😊,Enjoyment
t gặp ngỗng chạy bỏ dép,Fear
"vừa ngu vừa ngông thì thế , làm trễ tàu của người ta",Disgust
sao nó trèo lên được hay vậy @@,Surprise
"khuôn mặt ngây thơ vô số tội , trái tim nhỏ bé của tao sao chịu được ❤❤❤",Enjoyment
cuộc sống mà đành chịu thôi =(((,Sadness
"cấp 3 , đáng tiếc nhất trong thời học sinh ^^",Sadness
"per mình đang nói phần lớn thôi , chứ tất nhiên cũng có ngoại lệ mà",Other
"thích chị này nhất phim í , bé bé xinh xinh lại diễn rất đạt :3 . hy vọng mai sau sẽ có bước tiến lớn và thành công hơn nữa < 3",Enjoyment
dạo này xem video của per chán ấy không như xưa tại giờ toàn quảng cáo ấy ( ý kiến cá nhân ) 😔,Disgust
t thấy chả có gì thú vị .,Other
vậy mà củng chẳng hút được khách !,Surprise
khi nào lên chùa ba vàng giải được vong thì kết hôn :)),Enjoyment
thuở thiếu thời ai chẳn có phút bốc đồng . nên cho nó một trận để răng đe .. 🤣,Disgust
chắc phải 6 năm chưa nấu kiểu này rồi trước nấu hôm đầu cơm dẻo ai cũng khen ngon,Enjoyment
cận cảnh cái bụng nước lèo của boss =))) xài hao vãi,Disgust
bản chất tham lam của con người thể hiện ngay từ những việc nhỏ ..,Other
em đi bộ chết mẹ đây này,Sadness
"thật tốt vì chú chó ấy đã tìm được người yêu thương nó , kiên trì để nó tin tưởng thật sự :"">",Enjoyment
"phim này xem nam chính thôi . nữ chính diễn chán vãi lúa lắm lúc tụt hứng lắm . giận không ra giận , vui không ra vui .",Disgust
nhìn mặt nó khó ưa thật chứ,Disgust
lần sau thì mình sẽ như thế để đỡ phải cãi nhau nhiều ah :-),Other
giờ lên phường người ta có phát chú rể không nhỉ các bạn ?,Other
một cái ngu thật sứng đáng,Disgust
năm nay tao không còn cảm thấy cô đơn và mỏi chân nữa ... vì tao được ngồi mát và ăn ké socola of bọn có người yêu 😁😂...# mun 😘,Enjoyment
hãy dùng một đời để minh chứng nhé !💕😍,Other
con mụ đen sai còn già mồm ...,Disgust
chỉ cần yên bình như thế này thôi . ❤️❤️❤️,Enjoyment
năm nay được nhận hoa và được ngồi nhìn người ta hạnh phúc,Sadness
chỉ sợ lúc nó dí,Fear
hên là chay ra kip,Enjoyment
immm,Anger
tao cũng có 1 người bà như trong video nhưng bà ấy qua đời rồi 🙁🙁🙁,Sadness
đa ́ người yêuc quá ́,Enjoyment
"5tr là tiền bà yến cúng vong cho công an phường quang trung để giải oan gia trái chủ của bà tiền kiếp thôi , chứ phạt g đâu , xếp lớn của bà và xếp lớn của công an phường là 1 , ai lại đi đá gà nhà ...",Disgust
kinh dị v,Fear
thật may em đã gặp được người tài xế tốt 🌸🌸,Enjoyment
bắn không trượt phát nào luôn à,Surprise
tại sao mày nằm viện mà vẫn xinh thế ??,Surprise
đẹp trai mà bị đá à,Surprise
cho con được thay ông bán vé đi 😔,Sadness
lớp xuất hiện thứ âm binh,Disgust
đọc bình luận cười ẻ,Enjoyment
per cách này coi bộ hay nha 😂,Enjoyment
"mặt đúng kiểu , em hiểu cảm giác phê của anh không kkk",Enjoyment
per thanh niên suốt ngày hát karaoke max volum,Disgust
lỡ câu chuyện là thật thì sao . chưa gì lên chửi người ta là rẻ rách,Disgust
bố mày ngứa mắt lắm rồi đấy,Anger
thề địt mẹ ngay đoạn hay cái lên nhạc + cast muốn đập điện thoại vãi :),Anger
cả đám súc vật này,Anger
bố mấy thằng bệnh,Disgust
thật khó để có cả 2 khi chúng ta còn trẻ :),Sadness
nếu cảm thấy không làm được thì nghỉ làm đi . đã xin đi làm thuê thì phải chấp nhận thôi . kêu than cái gì,Disgust
may mình đi làm rồi chứ 10 năm trước chắc sẽ phát khổ với bố mẹ vì mấy tin con nhà người ta như thế nào,Enjoyment
còn em trai cưng của tao sang nhà người thân quen của gia đình chowi thế là bị nhà họ nhốt lại hẳn 10 ngày liền ... dlm nhốt lại để em trai tao bắt chuột cho nhà họ mới hãm lồn,Disgust
mấy thằng này người ta gọi là mấy thằng nhà quê . năm nào rồi còn túm 5 tụm 3 trêu gái,Disgust
cô giáo có tâm vời nghề ghêeeee,Enjoyment
tiếc quá đẹp trai mờ không có chim,Sadness
crush ở nhà chơi gane rồi haha,Enjoyment
nhìn stt đồng cảm khủng khiếp .,Sadness
cài lò xô huyền thoại,Enjoyment
quên đào tạo đạo đức thôi mà báo làm căng vãi 😂,Disgust
đi bơi nên não bị úng nước à mấy thằng mặt lồn suy đồi đạo đức,Disgust
"cố gắng lên mọi lỗ lực và công lao của em sẽ được đền đáp một cách thật là sứng đáng , cố gắng lên em nhé 👍",Enjoyment
hồi nhỏ cứ đi qua chỗ nào mà nhìn từ xa thấy bóng dáng mấy con đuỹ này là chuẩn bị tinh thần chạy chứ nó dí sấp mặt luôn dù mình đéo làm gì nó hết 😂 vừa dí vừa ngoác mỏ hét sợ vãi ra,Fear
trốn cũng đéo tha,Anger
"con gấu trúc , cho nó ăn trúc đi =))) tướng ngồi nhìn cưng vãi",Enjoyment
rồi lại im thôi . 200k hay 5tr thì cũng vậy,Sadness
"cái lò huyền thoại nè per , lúc mình ở chung đó",Enjoyment
hi vọng trưa nay lúc ăn cơm vtv24 sẽ không đưa tin về bạn này ạ,Fear
tí nữa vợ nó vắt chân lên cổ bò thì hú hồn,Fear
tuyệt vời,Enjoyment
trẻ con bao giờ ga lăng sớm thế nhỉ ?! hồi mình bằng bọn này đuổi đánh nhau hỡi chết :))))),Surprise
tính đi chạy xe mà mưa cho nên ta ở nhà :),Other
nhìn nó cưng quá,Enjoyment
chủ tịch giả làm nhện và cái kết . đừng bao giờ xem thường người khác .,Disgust
"này thì cắt đức quan hệ , toàn thể hiện , dume nó",Disgust
con gái bây giờ chẳng nhờ được cái đéo gì nhờ có phát mà đập mẹ luôn cái bình,Disgust
hạnh phúc to nè,Enjoyment
"độ "" thâm "" của bác phải gọi là "" bố "" của tàu",Disgust
ông thần nhây vãi đái 😂😂,Enjoyment
tóm lại vẩn ế à,Surprise
chả vị nước mắt à 😔,Sadness
con lợn kia sao đập vào đầu vợ bé của tao =)),Anger
tôi rất mong sử phạt giao thông cũng mạnh tay như thế nào thì tốt,Other
cứ sợ rớt điện thoại :)))) sợ nhất là lỡ khúc nào khó là té không thể tả nổi,Fear
hình như anh nay đóng phim ngây ngô thì fải ... phim đó hay lắm các bạn nên xem,Enjoyment
hahaa coi cái mặt con nhỏ thấy thương,Enjoyment
"per khiếp nhớ ngày xưa quá anh em ơi , đi làm cười từ sáng tới tối luôn 😩",Enjoyment
per tự nhiên tao cảm thấy bị nhột nhột trong người mày ạ,Other
"tỉ năm mới thấy cười một lần người gì đâu mà khó cười đến thế 🤨 chả bù cho mình , lúc đéo nào cũng cười , cuộc sống tràn ngập niềm vui < 3",Enjoyment
không phải crush :v nhưng mà nhìn ổng cười mỉm nhìn cute vãi -.-😑😆❤,Enjoyment
per anh tặng vợ cái bát nha kaka,Enjoyment
"tiêu đề bộ phim cứ ngỡ là thể loại hài , nhưng nếu xem hết thì các bạn sẽ rút ra rất nhiều điều và cái hay trong phim này",Enjoyment
như lol,Anger
bất ngờ chưa =))),Surprise
"trời mới bắt đầu mưa , đéo lo thu thóc đi đứng đó quay ngang quay dọc",Anger
"ay , đau thế , thằng chó !",Anger
"có ai nhìn thấy hình như người đàn ông này đang rất đau khổ không nhỉ ? mình nhận thấy hình như ông ấy đang rất đau khổ , mà không thể or không muốn nói ra .",Sadness
"đm cho tù mọt gông đi , cái thứ không não",Anger
con tao mà bị như này . cả nhà bon kia không quỳ mà xin thì xác con mẹ định luôn,Anger
a per ..... nhìn những hình ảnh này ... sao em nhớ về anh quá .... 15 năm ròng rã .. giờ anh lưu lạc nơi đâu . 😭😭😭😭,Sadness
"kiến phải loại kiến lửa , kiến vàng , còn loại kiến lấy cứt trâu làm tổ này thì đốt gì hả ông zời :))",Disgust
per có nên áp dụng với anh hàng xóm không nhể 😆😆😆,Enjoyment
đáng yêuc quá,Enjoyment
ok mà cần gì cứ cắt chất lượng lại thôi vẫn bán giá vậy,Other
làm như chỉ có chúng mày biết yêu nhau ý .,Disgust
nói chung là không nên uống chẳng bổ béo gì đâu,Other
không nổi thì mình chìm haha,Enjoyment
nóng tính quá hỏng viẹc - trẻ em rất thích ngọt mình nên nhẹ nhàng cương quyết mới được,Other
anh cũng bướng làm !,Other
"mỗi lần như thế tao chửi , mà bọn nó xem đó là trò đùa mày ạ , càng chửi càng cười",Anger
nhìn ma tiếc từng hạt trân châu,Sadness
thật cảm động,Enjoyment
"trời ơi , tin được không ????",Surprise
per nhìn mặt hài vler :))),Enjoyment
"đấy gọi là biết ngu mà vẫn đâm đầu vào , giống tao :)",Enjoyment
một phút huy hoàng rồi chợt tắt còn hơn le lói giữa ngàn thu,Enjoyment
người ngoài hành tinh đi học tiếng anh rồi à vãi,Disgust
đó là một câu chuyện buồn 😀,Sadness
lỗi đạo cụ,Disgust
per dạo này bị xàm à 😂😂😂,Disgust
như chết đi sống lại 🙂,Sadness
"bất cứ lúc nào nghĩ về đời tao chỉ thấy vị cay , nồng nơi khóe mắt :))",Sadness
điện cho đứa bạn . đem mũ ra . coi ai hơn ai . kakaa .,Enjoyment
thả tao ra để tao cắn chết mẹ nó =)),Anger
per tao cứ thấy giống giống mày :))))),Enjoyment
vấn đề là phải cấm được xả thải chứ không thì chẳng khác mẹ gì nhau,Disgust
"giỏi thì tự đi mà thiết kế các kiểu . ở đó chỉ giỏi cào phím chê bai thôi . ông đã làm được gì , am hiểu gì mà chê này chê nọ",Disgust
ngoài kia ! còn có rất nhiều điều tốt đẹp vẫn còn trên thế giớ này ! hy vọng những điều tốt đẹp luôn diễn ra từng giây phút ..,Enjoyment
cưng hết sức nà,Enjoyment
"học kiểu ăn nói láp xược , tại sao không dạy xưng tôi hay tôi mà là tao . đúng chất bắc láo",Disgust
cái nệm này độ đàn hồi đỉnh ghê,Surprise
"em lấy đi niềm tin chả lại cho anh những gì , cũng vì anh vụng về đánh rơi hay càng xa vời càng dễ mất .. anh chân thành nên anh tổn thương",Sadness
con mèo khốn nạn dám bóp vếu vợ tao à 😡,Anger
"giỏi quá ta , cố gắng phát huy nha",Surprise
"giờ mà quay lại cái thời đi học , tao thề không ngoan nữa mà sẽ bỏ học đi chơi vài bữa",Other
ăn cả thế giới đã,Other
"mấy cái thằng này xử bắn hết đi , to xác không lo làm ăn suốt ngày trộm cắp",Anger
"đưa lên để nhận đồng cảm à ?? họ sai họ chịu phạt , còn người ta đỗ xe như thế bạn chả có quyền gì đuổi người ta cả . bỏ dần tư tưởng đường trước cửa nhà ta là của ta đi .",Disgust
chú này tội lắm á :(,Sadness
gọi phường cẩu đi thôi,Anger
link phim đéo có .. mà zo toàn gặp bình luận xàm,Disgust
chắc kiếp trước gieo nghiệp kiếp này phải gánh thôi,Sadness
hihi ảo tưởng,Enjoyment
hahah tao chưa nghe hoàn chỉnh bài này lần nào,Enjoyment
mình không quan tâm giá trị học bổng bao nhiêu . mà tớ q . tâm em đó sẽ dành những gì cho đất nước sau khi học xong thôi . hee . chúc mừng em .,Enjoyment
thế nếu sóc lên xong gõ thì n có trào lên không nhỉ,Other
2 tên sủa giống nhau đêm đêm thì rủ nhau hú ??,Other
dân dùng bằng giả có được khiển trách không nhỉ,Other
vì mày là đống vỏ năm xưa mẹ mày đổ vào đầu bố mày nên ngày nào nhìn mặt mày hắn cũng cay cú như thế :)),Disgust
người ta chỉ muốn dụ mày rồi xin một trái thận . 😪,Fear
per huhu trời ơiii,Sadness
lớp 5 mà viết kiểu này cô đánh gãy tay .,Fear
con gái chả thế :)))) con trai đi dume mày có nhận hàng không,Enjoyment
"xoá mẹ nó đi , pr cho nó làm gì",Disgust
t thích nhìn mắt của crush hơn là nhìn nó cười,Enjoyment
hành động đẹp,Enjoyment
"đập chết mẹ nó đi , nó làm người ta nhồi máu cơ tim có khác nào giết người gián tiếp mà ở mỹ gọi là giết người cấp độ 2 đấy",Disgust
"đây là tao khi bảo "" tao biết đường mà , tin tao ."" 🙂",Enjoyment
t nhớ tao đang xem xxx thì chưa cắm tai nghe 😭😭😭,Sadness
chuẩn . hài lòng với những thứ mình đang có . đừng mơ mộng những thứ viển vông,Enjoyment
per quẹo lựa mấy đứa ơi . để lễ nay đặt vé luôn cho rồi . nóng quá rồi :)))),Enjoyment
"ai đời cho kiến đen đốt tr .... nta cho kiến vàng đốt chứ , ăn kì cục",Disgust
may quá tao đang nhà đắp chăn xem cảnh này chứ đông vậy đi chắc chớt,Other
mặt mày nhìn chán thậc,Disgust
cả 2 đứa đều trẻ con . yêu đương kiểu này thì lsao mà tính chuyện lâu dài được,Disgust
per ê tao với mày mà đi cái cầu này chắc rớt ngay bước đầu quá 😢😢 đã mặp rồi chân lùn nữa đi qua bằng niềm tin,Fear
đau lòng quá,Sadness
chơi mất dậy . gặp tao là tiễn theo điện thoại luôn,Disgust
vụ này chắc xử nhanh hơn vụ trong thang máy .... 😂😂😂,Enjoyment
lúc rài không gặp được mặt cờ rút nữa 😪,Sadness
dạo này cứ đổ vỡ nhây nhớp là hấp dẫn cư dân mạng à :)) tao thấy đéo đến mức buồn quá,Disgust
giống tao hồi bé ... 😅,Enjoyment
có ai không bị giật mình như tao không . nhạt vãi =))),Disgust
năm nay không được ăn dồi :((,Sadness
ổng bị bắt rồi :( rồi lấy gì coi,Sadness
"per thể loại mới nè , có vẻ phê",Enjoyment
con nào cũng là con nhé . con trai tao tập từ nhỏ đã biết tự lo và phụ mẹ rồi :)),Enjoyment
"cái con yêu nghiê ̣ tao này hồi nhỏ nó phập vào đùi mình . lần đầu nhìn thấy nó tươ ̉ người nó cũng hiền hiền như con vịt , ai ngờ mới bươ ́ c lại gần là nó di ́ rượt mình . cái kết là bầm tím phần đùi . đến giơ ̀ thấy nó là auto né .",Disgust
per nhện kìa haha,Enjoyment
per đi tong một năm học ... nhưng vẫn tốt nghiệp ... :(,Sadness
càng thân thiết khi quay lưng càng đau lòng .,Sadness
lâu rồi chưa nghe ... nghe lại vẫn hay và ngấm như ngày nào :)),Enjoyment
tôi thấy tương lai của tôi trong bức ảnh này :d,Other
"per đấu nhau to rồi , phen này hay",Enjoyment
có thể bán lại cho tớ không ??????,Other
phí gì cũng cao nhất so với ngân hàg khác mà phục vụ lại tệ nhất ! sau đợt này vcb mất nhiều khác hàg !,Disgust
xem đi xem lại bao nhiêu lần cũng không chán ... vẫn cảm giác hồi hộp :),Sadness
per phải nói là hiền quá hiền luônnn 🤣,Enjoyment
phạt thế quá nhẹ ...,Anger
có bồ mà cũng sân si,Disgust
trên đời sợ nhất mấy con trùn trùn như ri ! nhất là giun đất với rắn !!! đã từng bỏ tiết học sinh học mổ giun đất 😞😞,Fear
sao tao thấy đa phần mấy đứa con trai cắt tóc xong nhìn ngáo đéo chịu được vậy =))).. cười tét cả hàm chứ đùa,Enjoyment
đơn giản thôi : nó giống như con chó vậy . khi ta đuổi thì nó chạy . khi ta chạy thì nó đuổi,Other
ướp đông lạnh luôn à,Other
chờ tý tao đi thay bỉm xíu tao quay lại .,Fear
có hiệu quả không mới quan trọng,Other
sáng sớm đã đậm chất ngôn tình . tránh ra chỗ bà gym nào .,Disgust
anh chờ ... đáng yêu ghê,Enjoyment
cười như cục cức trôi sông lạc chợ 😏😏👌,Disgust
tao buồn mấy năm nay rồi,Sadness
phải đối xử tốt với chính bản thân mình :),Enjoyment
"chủ động nói chuyện , nhắn tin khi có time . nhưng đời không như mơ",Sadness
"móa , thiệt chứ tụi này nuôi làm gì vậy nhỉ ?",Anger
tao đang đi phân khối lớn đây . ai cũng kêu nhìn cá tính vãi 😁,Enjoyment
động lực để phụ nữ chiến đấu chính là gia đình và bản thân họ :),Other
mink chỉ lo là nhà nước không đủ gạo nuôi mấy anh,Sadness
sản phẩm khá là mới lạ trong việt nam,Surprise
"chuẩn rồi . nhiều khi mệt muốn xỉu , xong đồng nghiệp đùa nhau đôi ba câu hay kể cho nhau vài câu chuyện thế là lại vui trở lại 😂😂😂 đồng nghiệp quan trọng thật sự",Enjoyment
ai trèo lên đưa cho ảnh cái áo mưa đi kẻo ướt ảnh đó,Other
"per hồi nhỏ bị con đỉ này dí lòi lol 😂, bị cắn bầm đen muốn thúi thịt luôn cả tháng hơn mới hết . mà đươ ̣ c cái con này nuôi nó giữ nhà cửa hay , có nó không sợ ma quỷ gì hết",Fear
chắc ổng chỉ ngồi 1 chỗ và để móng lên bàn nv . chư tao nghĩ đi lại cũng khó,Disgust
nó mới ghé nhà tao đây :)),Enjoyment
nhìn mặt là cười phọt rồi,Enjoyment
per cấm dừng đỗ đâu cụ thớt ???,Other
đọc chả hiểu gì :( mất gốc rồi :(,Sadness
mạng lag chưa xem được nhưng vẫn vào bình luận 😍😍,Other
"em vợ có thể ngủ với mẹ , còn anh thì ngủ với em 😂",Enjoyment
cái giọng anh quay phim nghe ngọt quá 😘😘,Enjoyment
đẹp đôi vãi 🤩,Enjoyment
như con ma tơi có ngày ném cho cái cốc vào mặt thì đừng trách,Anger
"ổng để móng có 1 bàn tay thôi còn bàn tay kia vẫn sạch sẽ bình thường mà các cụ cứ hỏi chùi đít , đanh răng , quay tay kiểu gì là sao :))",Other
chỉ thấy mất dạy,Disgust
vì nó biết mày còn 2 quả thận thôi con ạ . rửa mặt đi :vậy,Disgust
tiền cắt tóc như kia đủ mua giày rồi :v,Sadness
"trên phim thôi . ngoài đời thì đứa con gái uống xong ngất luôn , hôm sau thì bị bán mẹ sang trung quốc",Other
đấy cổ tích như thế có mà dân lại ngồi hết lên đầu pháp luật . tai nạn tăng không ngừng nghỉ ấy chứ .,Disgust
"nếu không có lòng yêu thương , thì đừng nuôi",Disgust
định mệnh gớm vãi 🤮🤮🤮,Disgust
kiểu xem đứa nào thắng !,Other
"èo , ngọt quá đi",Enjoyment
lấy vợ xong bị tàn phá là có thật 😆 béo vãi_chưởng,Disgust
nếu người ta sai thì gọi công an xử lý còn không thì bạn không có quyền nhé,Disgust
t thề hồi nhỏ qua nhà ông hàng xóm vá xe tao bị con ngỗng dí chạy xúc quần quanh nhà ổng vừa chạy vừa la làng tới giờ nhớ lại vẫn còn hãi 😧😧😧,Fear
nó bướng vãi . cứ làm theo ý mình,Anger
nghe như hát trầu văn,Disgust
đúng rồi mà kệ nó tao đéo quan tâm . chụp cho ai thì chụp,Other
nhà có người già vui thật nhỉ 🤣👍,Enjoyment
tao nấu củi chưa nấu bằng rơm bao giờ 😪,Other
bếp dầu trước kia tôi đã thuờg dùng,Other
ngọc ngọc đồng nghiệp tốt,Other
đời tao ghét con súc sinh này vãi .. nhiều khi tao tự vấn tao làm gì sai mà mỗi lần tao đi qua nó là y như rằng tao phải chạy như chó chứ không thể nào hiên ngang đi 1 cách như người bình thường,Disgust
"ờ phải rồi , nói hay lắm . đến lúc nó đậu trước cửa nhà mình cả ngày xem có nhảy lên như khỉ đỏ đít không ?",Anger
tạm biệt sếp và mong sớm có ngày sếp quay lại ...,Other
tao dễ thương nhưng vẫn ế đây này mơ mộng ít thôi,Sadness
"má , dume cười ỉa :))))",Enjoyment
bà mẹ tháng cô hồn nghèo rớt mồng tơi mà cứ chiếu phim tiền đâu mà coi trời oi là troi,Anger
cái này nó giống câu “ em ăn cơm chưa ” vãi,Surprise
bị rồi nè :))) mua 6 ly rớt hết 4 ly,Other
"đây là 1 câu chuyện buồn đó , đừng có haha nha per",Disgust
chảy cả nói chuyện mắt,Other
là tôi tôi cũng tát vỡ mồm nó ~~,Anger
per ngôn tình luôn ở quanh ta nhưng nó đéo đến với chúng ta 😏,Sadness
rồi lỡ ai có bầu mà đi qua không biết nhảy kiểu gì nữa 😂😂,Enjoyment
nghe mát lòng mát gan thế ????,Enjoyment
tao đang xem cái gì vậy,Other
sợ đến lúc đó muốn lấy vợ phải sang nước khác nhập khẩu về quá,Fear
nhiều khi cũng muốn chọc cho người yêu giận nhưng mới nhớ ra mình đéo có người yêu 😌,Sadness
nguy hiểm thật,Fear
"ok hay quá , dùng điện này thôi",Enjoyment
ơ tao đang mơ 🤩,Enjoyment
chủ tịch rả vờ ngu và cái kết đừng bao rờ khinh thường người khác 😂😂,Disgust
"per ăn tết xong , cần cây cầu này để giảm cân 😆😆",Enjoyment
loại dâm ô nam sinh này cần phải tử hình để làm gương cho người khác .,Disgust
:))) 1 phần của bài quyền là phải gẫy gậy và té sấp mặt luôn để đỡ bị đối phương đâm lòi phèo,Sadness
chắc chắn người pháp sẽ khôi phục lại được . tin là như thế,Other
per á đông có đồng nghiệp như hiệp suốt ngày rủ đi vệ sinh cùng ghê vãi,Disgust
đm nhìn ngầu vãi,Enjoyment
chuẩn luôn khi ở công tình yêu toàn là các anh chị em đồng nghiệp tốt he he,Enjoyment
với tôi là gia đình và sự hận thù .,Other
người ta gọi là ngu mà cứ đâm đầu vào đấy :),Disgust
tỉnh táo đi em !,Other
bếp dầu thời bao cấp,Other
có cái bệnh này nữa hả trời,Surprise
agribank thu nhập bằng phong phì thì bố thằng nào biết được mà cập nhật,Disgust
crush ai thì cờ rớt chứ đừng cờ rớt mấy mẹ bán hàng online với làm bất động sản chúng mày nhé :3,Other
nhà tao cũng gần mà tao không bao giờ dám đi đêm,Fear
kiểu gì chả chết ? đá to như kia thoát sao nổi ?,Sadness
không muốn huhu,Sadness
ông trời cho mình lũ bạn cờ hó quá ấy mà :),Enjoyment
dự định tao là 28 nhưng giờ mà có bồ là bắt cưới luôn chớ sợ ế haha,Enjoyment
giỏi thiệt . nể . giọng ở tao khó z mà ông này nói được giỏi 😁,Surprise
chọn cây đẹp đẹp rồi để các bạn trẻ đổ xô đến vì hiếu kỳ lại gây tắc đường à dume,Disgust
biết là đau lòng nhưng sao bản thân vẫn muốn biết nó,Sadness
per mang võng ra không lại tủi không thể ngồi,Other
đóng của trường đi bắt bỏ tù loai người xấu xa : ham lợi nhuận : lừa đảo phụ huynh lấy tiền,Disgust
như 1 canh bạc ấy nhỉ @@,Other
chợt nhận ra mình chưa từng thích thầm ai trong lớp,Other
cây này quê tao nhiều lắm nhé . mùa này đi rừng hay gặp nhiều này,Other
dume mặc dù tao rất yêu chó nhưng tao cũng sợ chó nữa :((,Fear
"không biết khuyên thế nào , nhưng chỉ cần bình tĩnh 1 xíu , dù gì thì cũng đừng tự sát , đời người chỉ sống 1 lần thôi ...",Sadness
tao bực mày lắm rồi đấy,Anger
crush tao mất rồi .,Sadness
cái thứ tình yêu bọ xít :)),Disgust
"ngày xưa nhà nuôi mấy con điên này cái giọng thì đã khó nghe thì chớ suốt ngày ngoạc ra , hễ về đến nhà là thấy giọng bọn n đầu tiên . xong cho ăn , rõ ràng là cho n ăn đàng hoàng mà đến n + 1 lần bị n mổ với đuổi bợt mạng . chốt là tao ghét cái bọn nì dã man . ám ảnh cả 1 tuổi thơ :(( cái thứ yêu nghiệt .",Fear
cặp này lầy mà dễ thương,Enjoyment
per mặc dù biết ngôn tình tàu khựa toàn xạo chó nhưng cầu hôn có não thật ^^,Disgust
"đừng so nó với chó ., vì chó nhà tao cũng từng bị nó cắn rồi 🤧. nó đéo ' sợ bố con thằng nào cả .",Anger
địt mẹ mấy thằng nhà quê,Disgust
vãi chả phơi hết tim gan phèo phổi @@,Disgust
cảnh thì dõ đẹp mà nhìn nước ô nhiễm quá,Disgust
thích nấu lúc nào cũng được,Other
"mấy con đĩ xạo lồn tao thấy mà tao tức á , chia bè phái ra làm rầm rầm rộ rộ",Anger
cái chứng minh hình kia dễ vãi . cứ vẽ hình lên bài xong người chấm điểm người ta thấy là biết chứ sao :)),Enjoyment
đm quả gật đầu quả quyết vãi 😂,Enjoyment
ho mà vỡ xương kể ra trên đời lắm chuyện lạ vãi,Surprise
bốc toàn trúng may mắn lần sau,Sadness
nước tớ nhiều thành phần hãm lồn thế đấy các bạn ạ . tớ gặp là tớ còn ghét nữa là các bạn nước ngoài,Disgust
cẩn thận móc túi trộm nhé anh chị em .,Other
đoạn cuối yêu mún chết,Enjoyment
hahahaha,Enjoyment
cuộc đời bà đã nấu hơn 50 nồi bánh chưng rồi nhưng bà chưa bao giờ thấy ai cắt tóc ngắn đi mà xinh như thế này các cháu ạ .,Enjoyment
"mày vã quá rồi đấy , sang lên chứ 🙄",Other
"e ấy đang khóc , nhưng vì hàm răng không thể thụt vào nên mọi người nghĩ là em đang cười :))))",Enjoyment
per ôi cái bếp một thời chinh chiến,Enjoyment
vl mồm thì chửi người ta nhem nhẻm ra xong cứ bảo người ta mất dậy :)) chị kia đã chửi được câu đéo nào đâu mà nó cứ bảo mất dậy . đâm hỏng xe người ta xong còn đòi đọ lồn :))))) bố mày lậy . phải tao là tao sút cho tung con mẹ mày cái lồn già lên rồi cho mất dậy cả thể . cứ cậy đẻ 5 lứa rồi lồn rộng mép dài ra đường bắt nạt đứa lồn bé hơn,Anger
"trời mẹ phim gì vậy thớt ơi , cười ná thở",Enjoyment
nhưng công nhận nhìn ngáo cỏ yêu thật =)),Enjoyment
ăn mà không biết dọn .,Disgust
tao được thấy nói chuyện mắt của bố tao khi tao bệnh và khi tao lấy chồng,Sadness
mày ăn cứt hay sao ngu thế hả,Anger
chia buồn với gã lưng gù 😥😢,Sadness
tao đã từng viết như thế này . bây giờ không muốn ai đọc chỉ có đốt mà lười đốt,Sadness
tác phẩm nghệ thuật chất lượng cao hiếm hoi của điện ảnh việt nam nhưng không được công chúng quê nhà đón nhận,Sadness
thực ra em mới đang phải là sự lựa chọn chứ không phải là người được lựa chọn đâu 😌.,Sadness
"per trong vòng 4 tháng chắc anh chụp hơn trăm tấm , huhu , sợ quá 😱😱😱😢😢😢",Fear
"tui ở tuy hòa , phú yên mà chả nhận ra luôn .",Sadness
"có ai lần đầu bắn kéo ngược ra phía trước đạn bay vào mặt giống tao không , đau điếng",Sadness
cô gái này thật dễ thương “ anh cứ nhắm mắt làm đại một lần thôi mà “ 😂😂,Enjoyment
mới ra mà nắm bắt nhanh thế,Other
"chị thích con gái mạnh mẽ , cá tính .",Enjoyment
tô ́ tao nhất là chết luôn đi ko chết sau này lại ngáo kéo theo người kha ́ c thì khổ .,Anger
cho bỏ cái ngu đậu xe ẩu tả .,Disgust
buôn bỏ nhưng tình cảm ko thuoc về mình nua . bat đầu kiem tiên,Sadness
"thanh diễm giờ tao hiểu tại sao cứ sáng vô là tao trông tới đi về , đầu tuần trông tới cuối tuần và đầu tháng trông tới cuối tháng rồi 🤣🤣🤣🤭",Enjoyment
người gì đâu mà dễ thương quá chờiiiii,Enjoyment
nhìn mặt nó nhăn nhó khó chịu vãi,Disgust
nhưng sạn quá . ma mà sao lúc đầu có bóng của cánh tay vậy .???,Other
đừng tưởng nó nói yêu mày là yêu mày thật :))),Other
vì những thành phần như bạn mà page cứ phải khoá bình luận cho trong sạch đấy . thật là giông bão 😌,Disgust
thân gửi mấy má bán combo quà độn xốp với mấy cha có ý định tặng 😂😂,Disgust
t đi lộn lớp rồi,Other
per la liếm cả ở trong này hả =)),Surprise
chuẩn bị prayforparis thôi 23 tuần kể từ khi phe áo vàng làm loạn rồi mà vẫn chưa dẹp được .,Sadness
ở dơ vãi - _ -,Disgust
sinh viên năm 3 rồi nhưng vẫn chưa định hướng ra trường làm cái giống gì đây :(,Sadness
cái máy nghe nhạc nè,Other
ra xong bảo anh ý ship em về nhà luôn được không . xe em bị hỏng mất tiêu rồi =)),Enjoyment
y tế chăm sóc sức khỏe lương nhiều vậy sao,Surprise
t đu ́ theo thôi :v tao biê ́ tao thư ̀ anh no ́ la ̀ shipper,Enjoyment
các bác bình luận ở đây cũng có khác gì họ đang ngồi chửi nhà nước không,Disgust
"con nghiệt súc này mỗi lần tao đi đá bóng là 2 vợ chồng nó dí theo cắn bầm hết chân , thứ này thù dai kinh khủng , chiều nào nó cũng khởi động cho tao trước khi đá bóng ... con mẹ nó giờ tao lớn rồi , tay nghề nấu nướng cũng không tệ gặp mà dí theo là xác định tao quay nó vàng ương luôn =]]",Enjoyment
nấu kiểu này ngon lắm luôn 😋😋,Enjoyment
per thích quáaaaa,Enjoyment
mấy ai chứng minh được điều đó 😍,Other
thằng ben thật tội nghiệp,Sadness
yêu quá nè nè,Enjoyment
có ai như tao không . chả thích đi đền chùa vì nhiều lí do ??,Other
tiền bạc là phù du ... nhiêu đó cho luôn 😂😂😂😂😂,Other
mong anh có thể đạt được ước mơ của mình .... cố lên,Enjoyment
ai muốn đi thái hè này với tôiii nào cũng chim ưng phết đấyy :))),Enjoyment
má nó điên đến mức này rồi à,Disgust
muối nhà mày mua chỗ khác rồi hay s thiếu mặn z :)),Disgust
con gái con đứa thứ gì vô duyên không mặc cả quần lót,Disgust
bếp dầu chứ có gì mà không biết,Other
uiiiii hay vì n đổ ra sàn mà n đổ đầy mồm thì pheee,Enjoyment
ngáo ... là có thật luôn này,Surprise
tao đã bị nó làm cho lầm tưởng rồi . tao thật ngu ngốc - _ -,Sadness
cái kết xàm lông thiệt :)),Disgust
bọn nè phạt nặng .,Anger
đẹp trai thật .,Enjoyment
tao thấy buồn cười vãi :)),Enjoyment
không pha ̉ i ki ̀ thi ̣ ma ̀ gơ ́ mày vãi,Disgust
mấy góc cầu bị bể là thành quả của mấy đứa mập chân ngắn để lại à ....,Other
lũ bảo vệ nhìn vô dụng nhỉ :v quanh đó có gì xảy ra còn del biết thì làm bảo vệ làm cái gì ?,Disgust
"trải qua một cuộc bể dâu , rồi bể ong ???? lót dép hóng :v",Enjoyment
per chắc tao nên làm quả móng chân xoắn ốc dài nhất thế giới :))),Other
tui nhớ anh quá à :(((,Sadness
"per ít bửa đi coi , trailer thấy hấp dẫn quá",Enjoyment
ai cũng vậy thôi con rắn mình đánh nó thì nó chạy chứ làm quá thì nó cũng quay đầu lại cắn . đó là quy luật cuộc sống . đừng thấy tao im mà làm tới,Disgust
mang anh này về nhà luôn được không 😻,Enjoyment
cả tuổi trẻ bỏ công cày . có cơ ngơi ổn định . r về già con cháu đuổi ra đường bắt đầu 2 bàn tay trắng . đời 😅😅,Sadness
"chỉ cần đủ quan trọng , họ sẽ làm tất cả những gì bạn thấy vui .",Other
thì nhìn đám học sinh trong lớp là biết cô dạy kiểu gì rồi đấy .,Disgust
hiện tại mình chưa người yêu bạn nam nào chưa có người yêu thì lo cua mình đi nhá đến khi mình có người yêu rồi thì đừng hối hận đấy huhu,Sadness
cứ thấy cute cưng cưng sao á .... có ai thấy giống per như tao không ??,Enjoyment
???? tpbank đang ở đâu thế kia ?? sao lương mình thế này ...,Surprise
má thằng phi đen có gấu ngon phết ... vậy mà nó nở lòng bỏ con ta chạy trước ... tao đéo bít bao công mà lấy bạch tuyến đẻ ra cái gióng gì nửa ...,Disgust
"per :))) tuy anh hay bắt nạt , giấu đồ và ăn bòn đồ ăn của em nhưng nếu thiếu anh thì công việc sẽ trở nên căng thẳng phết đó 😭",Sadness
"lúc đầu còn tưởng quảng cáo rạp chiếu phim , pr về mức độ đầu tư của rạp phim , ai ngờ =))",Surprise
"chửi nhau , ghét nhau , nói xấu nhau dcm",Anger
còn quá nhiều mảnh đời bất hạnh ☹️,Sadness
"chúng ta hầu như ai cũng dùng đôi mắt bao dung để nhìn một người xa lạ , mà đối với người thân bên cạnh lại chỉ nhìn thấy khuyết điểm mà thôi ..",Sadness
bằng tuổi người ta mình vẫn còn mải nghĩ chiều nay ăn gì 😢,Sadness
"cái công ty thực phẩm cung cấp cho các trường mầm non thật quá độc ác . vì lợi ích cá nhân mà ảnh hưởng khủng khiếp tới các em . quá dã man . các người gây nên hoạ thì mai này đời con đời cháu sẽ phải gánh nghiệp đó thôi . gieo nhân nào gặt quả ấy , đừng tưởng bây giờ sống nhé nhỉ thế là không sao . đời còn dài lắm",Other
hãy xử tù chung thân bọn người mất nhân tính gây ra nghiệp chướng này,Anger
anh chân thành nên anh tổn thương :((,Sadness
mấy ai hiểu được ý nghĩa mà cứ chửi như đúng rồi :)))),Anger
dàn lông chân =))))),Other
vâng ah nên em cũng sợ quá mà :-),Fear
mấy thằng ranh con đéo có não,Anger
nguy hiểm vãi chưởng luôn ý,Fear
thức ăn cho chó lúc nào cũng ngon :))))))))))),Enjoyment
úi giời khiếp quá !!!!,Fear
tiên sư cái thằng ghép nhạc cười rớt mồm quả ghép,Enjoyment
giờ thì hiểu sao giáo dục liên tục dính phốt rồi hén .,Disgust
bật lửa thời chưa được thu nhỏ,Other
vì người dưng mãi là người dưng,Other
chỉ vì lợi nhuận .. mất hết tính người . thương các bé,Anger
per nhớ hội chị em vinmec quá :((,Sadness
nhìn con mắt thấy đau đớn . tội em quá ????,Sadness
per nguy hiểm quá mày ơi 😩😩,Fear
chắc là vì em .. đi lấy chồng 😥,Sadness
chạy ngay đi 😒 trước khi bọn chủ tịch vào đây và giả làm con cặc gì đó rồi bị coi thường và chúng mày phải nhận cái kết đấy !!,Fear
thằng này con nhà cán bộ hay sao mà rớ con nhỏ này mà vẫn chưa đi tù ????,Disgust
nói thì hay lắm 🙂 cuộc sống đâu phải được như mong muốn,Disgust
hẳn là không biết nhắn gì :)). thế thôi dẹp mẹ đi,Disgust
"t cu ̃ người cu ̀ người nghê ̀. theo kinh nghiê ̣ mày thi ̀ thâ ́ y top như ̃ người kha ́ ch ơ ̉ vô y ́ thư ́ c nhâ ́ tao la ̀ trung quô ́ c , â ́ n đô ̣ va ̀ đương nhiên co ́ ca ̉ viê ̣ tao nam - _ - biê ́ tao co ́ người na ̀ y người kia nhưng khi đi ̉ ti ̀ nh tra ̣ người diê ̃ n ra qua ́ nhiê ̀ u thi ̀ người ta se ̃ đa ́ nh gia ́ ca ̉ 1 nê ̀ n văn ho ́ anh .",Disgust
per tập gym đi mày có người yêu đấyyyy =))))),Enjoyment
là gì nhỉ ???,Other
"giờ bà già lắm rồi , nhổ sợ hết tóc , nghĩ tao lại thấy buồn quá 😞😞",Sadness
chuyện buồn quá chúng mày à . tao không dám đọc sợ làm quyết tâm có người yêu của tao lung lay 🙄,Fear
ngu thì chết ...,Anger
không phải bồ tao chớ bồ tao thì sống chết tao cũng cho mỗi th mỗi nhát,Anger
chị là người khó hiểu nhất mà em từng biết đấy,Surprise
lúc đấy là mình mình cũng lắng liền rồi chắc trào nước mắt mất,Sadness
"per chế sợ nó hơn sợ chó , nhớ hồi nhỏ đang đánh răng nó rượt mà cầm ca , bàn chảy , miệng thì đầy kem vừa chạy vừa khóc như con chó",Other
kiểu cá tính nét đẹp mang nàn gió mới . chứ không phải nét đẹp công nghiệp đại trà .!,Other
khi bạn đặt quá nhiều niềm tin vào người khác,Other
ngày trước nấu cơm . đun rơm . đốt được hơn 10p mới nhớ ra chưa cho nước . hỏng cả nổi cơm huhu,Sadness
tạm biệt ông cám ơn tất cả những gì ông đã làm cho vn,Enjoyment
và chúng nó cũng ngáo hơn lũ con trai :),Disgust
em cũng thắc mắc tại răng khúc xương tư tao nhỉ ? xong nó lại tự to lên được nó nhờ lực gì rứa,Surprise
"ngu bỏ mẹ ... làm giàu cho bọn bán vàng thì có , trước mắt thần tài đến các tiệm vàng , còn mấy thằng mua , thần tài chưa thấy đâu vì vài ngày sau vàng sẽ tụt giá chắc chắn sẽ lỗ mẹ nó rồi ..( lỗ 3 cái : giá tụt , giá mua vào và tiền công nếu là vàng thời trang ) - còn cái kiểu chơi bời không lo làm ăn , chỉ có làm biếng mà hàng tháng cứ cầm 3 cây nhang khấn vái thần tài mong tài lộc tới thì có cái lol ý ..",Disgust
per bố mày nhắn tin rồi cái con cặc gì mày cũng cho thằng em mày xem,Anger
"có vẻ coi lòng tự trọng , nhân cách , và tinh thần của người ta rẻ mạt ... ngồi tù 7 năm đáp lại 1 lời xin lỗi và 200tr ...😩😩😩",Disgust
dễ thương mà,Enjoyment
"nhổ tóc sâu cho bố , hình như được 500đ để mua kẹo dồi 😂",Enjoyment
mấy đứa con gái chơi với nhiều đứa con trai nghĩ là bình thường nhưng mấy đứa con trai lại nghĩ con đó lẳng lơ,Disgust
"ng nhật giỏi ở chỗ đó ., đây không phải là sự phiền hà mà là một cơ hội .",Enjoyment
"ngu thế chờ cho mật ong ngấm xuống đất , rồi đào đất đấy lên chắt kiểu gì cũng được gần đầy :))",Other
bớt ngu để sống tốt hơn,Disgust
đang tập hát 😶😶 hay thật 😔😔,Enjoyment
dù cậu làm tôi tổn thương mỗi ngày nhưng chả hiểu sao vẫn thương cậu,Sadness
rồi có đi họp lớp không ?,Other
vì yêu người khác nên biết là ngu nhưng vẫn làm :(,Sadness
"bị đánh 1 lần thì hơi sốc , nhưng nhiều lần thì tâm hồn sẽ trở nên mạnh mẽ , cảm xúc nó mới đàn hồi",Other
per tiếc cái gì đấy bố nó,Sadness
sao bao nhiêu năm kể từ ngày đó em đã không còn nghe lại nữa :((,Sadness
"nhà em trong ngõ bác ơi , bác cho ô tô vào vừa thì em cho bác đỗ luôn",Other
thả chó rông không rọ mõm cắn người là tội ác,Disgust
con bé xinh thế ??,Enjoyment
trước khi lấy vợ boss có một thân hình hoàn mĩ thế này đây,Sadness
đọc cái mà cười rớt cả hàm .... cuộc đọ sức giữa xe lửa và ô tô,Enjoyment
cần tìm gấp bạn trai đáng yêuc như anh này trời đất ơi =)),Enjoyment
khi nào tao thấy thích . mà thích rồi chưa có người thích cùng .,Sadness
thề dume c còn hết hồn nói chi đến khách =)))) sáng sớm ra mở cửa với tối đóng cửa thôi độ gan dạ cũng phải tăng lên mấy chân kính =)))),Fear
địt mẹ xấu mặt đàn ông quá . đéo hiểu mấy thằng lol này nghĩ nó ngầu chỗ đéo nào nhỉ . bệnh hoạn vãi,Disgust
"chán thật , dạo này hồi xuân hay sao đọc mấy cái kiểu này ấm lòng vãi :(",Sadness
thế là hết những gì đẹp nhất của nước pháp sao không phun nước cứ để cháy rần rật nhỉ,Sadness
chủ thớt sao xinh gái thế =)),Surprise
loạn hết rồi,Disgust
"may công an đến bắt chứ không thì dân chỗ đó cho vào nồi cả rồi , đã có người cắt cử nhau đi mua giềng mẻ rồi đó chứ 😆",Enjoyment
chết rồi thì chôn . xử lý cái quái gì nữa ...,Disgust
thế là đúng quy trình rồi,Other
rảnh rỗi không có việc gì làm sinh ra mất tiền,Disgust
nếu đồng nghiệp của bạn hãm vãi thì cũng nên đăng xuất đi,Disgust
ốm mà xinh thế :3,Enjoyment
đợi chờ là hạnh phúc mong rằng hai nhà lãnh đạo trong lần gặp nhau sau sẽ tiến triển hơn nữa,Other
"thứ con gái hư đốn , mày không sợ xã hội dị nghị à",Disgust
ăn vải nóng lở hết miệng ra đây này,Sadness
trồi ôi mới đọc tưởng đâu người yêu,Enjoyment
per bị chì chiết từ 6h sang đến 23h phia . vẫn sống vui 😊😉,Enjoyment
ai đó chọc mù mắt tao đi ... mất mẹ tuổi thơ,Anger
khổ nhất người có bầu,Sadness
trai tài gái sắc .. danh ngôn rồi tài sản chứ tài gì !! 🤣🤣,Enjoyment
per nhớ bột mì chiên huhuhu,Sadness
cho bạn trai uống nước này nhé 😌,Other
"cô giáo như cái lìn , mà dume đánh con cháu tao ntnay thù từ thằng đánh lẫn đẻ ra đứa đánh bố cũng đập cmm chúng mày hết",Anger
per 🤣🤣🤣 để anh vẽ mình xem thế nào nhé,Other
per học hành cho cố vào rồi mần sao như này đi,Other
bộ phim hay nhất từng xem,Enjoyment
rút kinh nghiệm lần sau cứ khách nào kêu tính tiền thì mình checkin phòng liền nếu tình trạng như vậy thì cho nó dọn phòng khi nào sạch thì cho nó về 😀,Disgust
bất kì hoa gì có mùi đều không thích,Disgust
nhìn một cái rồi quay đi là thấy mãn nguyện rồi .,Enjoyment
tuổi thơ của tôi cũng từng có 1 người c . trai bỏ mặc tất cả để bảo vệ tôi 😘😘😘😘,Enjoyment
"năm nào cũng đi cho có không khí xuân vậy , không đi thì thấy thiếu thiếu . nhà tao cách chợ 10km",Enjoyment
"mặc kệ người ta bạn ơi , có tiền mua xe đi thì kệ mẹ thiên hạ",Other
bé gái đáng yêu quá ??,Enjoyment
"nhìn là biết sapa rồi , thế cũng đố",Disgust
ước là 1 ngày mai thức dậy dụi mắt mãi chưa hết tuổi thanh xuân =)))),Enjoyment
nhằm ngày sinh nhật luôn trời ..😂,Surprise
"làm pv quán karaoke đi rồi khổ hơn nữa , toilet danh cho nam chỉ đứng tè , vậy mà nỡ lòng nào mấy anh ngồi ỉa 😢 thiệt chứ gặp cái mún khóc lun …",Sadness
tao đang chờ xem bà ấy được nghe nhạc ý mà hết video 🤣,Enjoyment
xem video nay sao mà sướng hết thằng người,Enjoyment
bọn bây giống tao không ? chứ ghét mấy đứa troll rớt điện thoại vãi,Disgust
"khoảnh khắc anh quay mặt đi , con tim em tan nát vãi ra",Sadness
nó lại làm tao nhớ tới cái mấy con chó ăn hạt dưa ở quán cf đụ đỉ mẹ ăn thì có cái bịch bên cạnh đó cắn bỏ vào bịch thì chết à d . mày cắn xong cứ phun phun xuống đất đã vậy mỗi lần phun là mỗi chỗ khác nhau làm dọn bắt lòi dái nhìn nó phun chỉ muốn đấm cho nó một cái,Anger
tất cả đã đều quá hoàn hảo rồi . trừ pha nhảy cuối thôiiii :v,Enjoyment
per con nghĩ cậu nên thử,Other
"ai bảo mèo đực hay đi khỏi nhà chứ quàng thượng nhà tao toàn ngủ , ngủ cả ngày cả đêm , đang ngủ mắc tè xong dậy đi tè rồi vào ngủ tiếp , ngủ hơn heo :vậy",Disgust
buồn cô lắm,Sadness
nó ốm nhom thương ghê :(,Sadness
"làm bác sĩ sướng thật , bảo cở là cởi , bảo cưới là cưới . lắc đầu cái là cả nhà khóc .",Enjoyment
như kiểu sắp bị hiếp dâm đến nơi vậy . tế sống luôn mấy thg lol 🙂 dcm,Anger
giọng chú hơi bị dễ thương nhá :)),Enjoyment
ngửa thấy mùi là đã thấy kinh rồi,Disgust
ngu cho chết chứ nói con cặc gì,Anger
vâng chú ah haha,Enjoyment
cặp nay dth ghê luôn 😍,Enjoyment
cảm động quá hjxhjx,Sadness
mày làm anh tao hơi lâu rồi đấy,Disgust
tao không phân biệt được bà nội bà ngoại ??,Other
ích kỉ quá đấy . vỉa vẻ thế kia ra vào vẫn bình thường nhé,Disgust
suy thoái gớm nhỉ :)),Disgust
cuộc sống mà mấy ai được trọn vẹn 😢😢,Sadness
"ngta tạo nên video để giáo dục mấy ba ơi , mấy ba mấy má làm quá",Disgust
biết ngay sẽ chơi cái trò mất dạy này nhưng vẫn kiên trì xem tới cùng để thách thức bản thân có sợ hay không :)),Disgust
cha con y chang nhau 😂 1 khuôn đúc ra,Surprise
giết nó ! làm ám ảnh cả cuộc đời học sinh .,Anger
"tụi mày có hiểu được cảm giác , muốn bắt chuyện mà không dám bắt không ?? tụi mày có hiểu được cảm giác vờ ngủ gục để nhìn nó không ?? tụi mày đã từng nhìn nó thật kỉ , thật tỉ mỉ chưa ?",Sadness
chưa đâu ... nó mang bánh gato vào xong bôi đầy tường mới là cả một rổ của sự hloz,Anger
ngưỡng mộ quá đi ạ . chúc 2 ac mãi mãi hạnh phúc như này nha :))),Enjoyment
ăn 1 đống tiền phạt có 5tr . tội lợi dụng tín ngưỡng để lừa đảo xem chừng nhẹ tội nhỉ .,Disgust
per đúng chất em lun hâha,Enjoyment
năm nào chả vậy :))),Enjoyment
thua sự mặt dày của khách nên cho một xíu . :v,Other
chuẩn đét . t nghỉ công ty cũ cũng vì đồng nghiệp 😭😭😭,Sadness
"là thằng đàn ông phải có bản lĩnh từ khi còn bé , thay vì hay bắt nạt , quát tháo đàn bà thì hãy là người che chở , yêu thương !!!! mong con zai của mẹ sau này cũng như mấy anh này .!!!",Enjoyment
cho ngay cốc bia vào mặt . nhố nhăng,Anger
sau quả sấm sáng cả trời thì gần như toàn khu phố mất điện,Other
bà này bị âm đồ từ đêm qua đây mà ...,Other
chỉ đi đường quen thôi ! đường nào lạ chỉ ngồi sau thôi =)),Other
"tát cho phát , đêm hôm mất con mẹ nó ngủ . ??",Anger
xem xong tôi cảm thấy còn u ám hơn :)),Sadness
đó là khi bạn làm cho hãng hoặc công tình yêu lớn tầm cở .... chứ quảng lý mấy shop quần áo có cái lol mà được 30tr :)),Disgust
gớm vãi :))),Disgust
đi bao xa mới thoát đựoc kiếp không có người yêu ? :<,Sadness
con lai xinh phết ??????,Enjoyment
đây đây thiệt là hãm,Disgust
đm lừa đảo hằng năm cả trăm tỉ . giờ phạt có 5 triệu :))) chán vãi,Sadness
ở đâu cho tao làm vớiiiiii,Enjoyment
"biết chỉ là phim thôi , xem con bé hôn bố lần cuối nước mắt tự rơi , híc híc",Sadness
chưa bao giờ b đến đích là gì cả,Sadness
lũ này cho nghỉ việc thay người khác còn bao nhiêu người đi xin việc kìa xử phạt rhì trẻ cũng đã ăn rồi lũ mất nhân tính,Anger
hmmmmmmm não tao xoắn mẹ rồi,Other
"chẳng bao giờ nhà bếp nó nấu đồ ngon cả , toàn thiu thối hoặc kém chất lượng nó mua về làm mới có lãi . trước làm với nhật nó còn bắt làm cho nó như cho công nhân ăn thì thời gian đầu được , đến khi đổi giám đốc là đéo nuốt nổi nữa",Disgust
khuôn mặt đậm chất giải trí 🙂,Enjoyment
moá nhìn rùng hết cả mình,Fear
em tìm link phim mà sao nó ra phim khác chứ không phải phim này zay mọi người 😞,Sadness
5tr phạt làm cái lồng gì . phạt 500tr tội sỉ nhục lăng mạ người khác,Disgust
bà ta đâu cư xử như 1 người vợ đâu !,Other
per =))))) hahaaaa,Enjoyment
má ơi đây chính là thứ ám ảnh nhất cuộc đời con . kẻ thù 😢😢😢,Fear
"đúng rồi , ngưng ảo tưởng",Disgust
"chời , dễ thương quá",Enjoyment
tuổi thơ tôi bị ám ảnh mấy con ngỗng này . mấy con màu xám cứ mỗi lần đi học ngang qua ngõ nhà hàng xóm là nó đuổi . tao lại chạy thục mạng . cứ phải đắn đo mỗi lần qua đó xem có chúng nó không rồi ù chạy như ma đuổi . haizz tuổi thơ tôi ....,Fear
anh em để tao hưởng trước nào,Enjoyment
bán hàng online hồi năm cấp 3 :))) tháng hè ấy đi quanh hạnh phúc để giao hàng với bố . được lãi 4 tr :)))),Enjoyment
ý thức kém quá ☹☹,Disgust
"bọn phục vụ nhà bếp toàn là chó , chó mới ăn thịt thúi bẩn như vậy .",Disgust
đấy . người ta làm những video ý nghĩa . chứ không phải ba cái video xàm nhảm như cái đéo gì cũng cái kết . xàm .,Disgust
thần tài cho chủ cửa hàng bán vàng chứ thần tài gì mình đâu,Other
"hiện tại mình cần tìm người yêu , bạn nữ nào chưa có chồng hay chưa người yêu thì bình luận bên dưới để mình lựa một bạn may mắn nhất nhé :)))",Enjoyment
lỡ bị tào tháo rượt mà cái wc bên kia thì nhảy thế nào nhỉ,Other
"ra chỗ sóng không táp vào mà ghi , xem mà ức chế vãi :))",Anger
chòi má nói chuyện tình vãi =)))),Enjoyment
con gái hay ảo tưởng như vậy lắm 😌,Sadness
nó cười mắc ỉa môi thì zoe lại lùn xấu vãi lại còn gầy nữa chứ haizz,Disgust
không phải không thích mà bản thân chưa đủ tốt để sánh vai . phải chi anh có thể đợi em khôn lớn !,Sadness
ông tóc ngắn ngắn cam cam tên gì vậy ạ ?,Other
tiên sư bố nhà mày . tao chịu hết nổi rồi nhé 🤤,Anger
đm ngu . cái nồi cơm điện chứ gì .,Anger
sai rồi nhá . có những thứ cha mẹ không có nhưng vì con họ vẫn cố gắng để có được nó,Other
hú hồn con chồn chạy ngang 😑,Fear
khi bạn bỗng nhiên nhận ra rằng có những bài hát phù hợp với từng khoảnh khắc riêng bên người đó :),Surprise
mỗi lần về quê mà sắp sửa đi qua chuồng ngỗng tao phải cầm cây chổi lông gà mới đi được đấy dume . quơ quơ vòng vòng cho mấy đĩ ngỗng né xa ra rồi chạy thụt lol luôn :=]]]],Fear
tao ghét và tao sợ nó,Fear
bán thì bán đi còn bảo bố mày bất hạnh . đéo thèm mua nữa 😑,Anger
lâu lắm rồi mới nge lại bài này ... vẫn thấy hay như ngày nào ...,Enjoyment
chị ấy được đào tạo qua lớp người nhện bắn tơ nên không biết sợ 😂😂😂,Enjoyment
1 từ ( nhạt )🙂,Disgust
"có mồm để làm gì ? hay chỉ để cãi nhau , la hét ?",Disgust
hồi đó khoái cái này lắm,Enjoyment
giọng anh khi mặc bộ záy màu hường thật kinh dị,Disgust
mày tin tao nhai đầu mày không,Anger
"yeahh , được mở lại fan cứng rồi =)))",Enjoyment
"per mất mặt thật sự , quán bún đậu đó không biết có dán mặt mày lên không",Disgust
có đứa nào xem mà thèm đi biển như tao không ?,Enjoyment
tài năng cho làng đua xe đạp tương lai là đây chứ đâu ✌✌,Enjoyment
"các bạn xem phim cậu bé đặc biệt , luôn nhé . phim có diển viên này tham gia nói về cách giáo dục con cái cực hay . chúc các bạn xem phim vui vẻ",Enjoyment
"per đọc vài dòng là lướt xuống cuối để xem có phải "" hi vọng câu chuyện mình vừa bịa ra ...."" nhưng không phải . kkk",Enjoyment
đây là câu khuyến mại điểm :),Enjoyment
nghe lại bài này thấy chột dạ vãi,Sadness
"nói chung thánh này không ai ghét được , trừ hlv kkk , dễ thương gắp trăm thằng pogba ,,, mong cho thằng đó nhanh biến khỏi mu",Enjoyment
đi chơi xong về cũng buồn như chó cắn tiếp thôi,Sadness
haha mắc cười quá ... nhưng thật chúng mày là tao rất sợ rắn ...,Fear
dễ thương kinh khủng . bởi vậy mới nói mấy đứa yêu nhau là lầy nhất,Enjoyment
tây cũng lầy phết,Surprise
thanh niên leo lên cao để theo dõi thời tiết để thông báo cho người dân đi cấy thật cảm động,Enjoyment
bao năm giải phóng như thế này phải không anh,Other
vẫn nhớ ngày đầu . lần đầu em có cảm giác được che chở như vậy :))),Enjoyment
"cưỡng hôn thì phạt 200 . lừa đảo , chiếm đoạt phạt nhằng 5 cu ( củ ).",Disgust
bà mẹ nó @@ xem rùng con mẹ nó mình hơn cả phim ma .,Fear
"mình nhận thấy hình như ông ấy đang rất đau khổ , mà không thể or không muốn nói ra .",Sadness
coi ảnh này nổi cả gai ốc,Fear
tao cười ỉa cho cái bọn ấy :))),Enjoyment
"đúng rồi đấy , như thế là đang mắc chứng ảo tưởng sức mạnh",Disgust
sừng mọc hồi nào không hay,Other
câu này thấy sai sai,Other
não bằng đá . không cần phải đội nón,Other
các bạn đéo biết được đâu vì các bạn đbh gặp thì lsao các bạn biết được mấy con mụ già đi mất dạy như thế nào . đm cậy mình già là muốn đi thế đéo nào cũng được ý . đi sai xong chửi người ta mới vãi chứ dume có ngày đâm vào người ta chết có ngày ở đấy mà già mồm . cứ kêu người ta lớn tuổi hơn phải thế này tno nhưng có lớn mà đéo có học thì cũng đéo là cái gì,Disgust
"cái thứ 2 mình thấy lạ lòn , bạn gái người ta ăn , quên chỉnh tóc . người ta chỉnh lại tóc dùm bạn gái mắc gì 2 đứa nó thái độ 😑😑",Disgust
"không chỉ bướng , mà còn rất lười :(",Disgust
"nói gì , em trai tao cắt tóc xong là tao đè nó ra chụp hình . cảm thấy nó cắt tóc xong là đứa nào chứ không phải em tao =)))))",Enjoyment
đáng yêu vãi =))))),Enjoyment
xạo xạo ... thằng cải suốt ngày bị nó dụ,Disgust
khi mày dốt ngữ văn nhưng vẫn thích nói những câu đạo con mẹ nó lý,Disgust
"học luật chưa mà nhắc sai về lí ? :3 , có cái nhà đấy là đường của nhà ông à :))",Disgust
kể mà nó biết cử độg vẫy vẫy nữa thì tuyệt con mẹ nó vời ??????,Other
nhện to đến nổi chúng mày giật cả mình à :),Surprise
cho dân nhậu đi lùa 1 hôm thì đến con tép còn đéo còn nữa là hùm đất :)),Disgust
đù . bọn nuôi chó mà ve còn không bắt được cho nó thì đừng nên nuôi . bực,Anger
bản thân quá hạnh phúc khi trong cs này rất . rất nhiều người mơ ước được như mình hiện tại . 😊😊😊,Enjoyment
gà này cho chó ăn mà . bọn mất dậy vì tiền nó giết chết dần chết mòn con nhà nghèo . địt bố bọn mắt dậy,Anger
per cái mặt nhỏ đó gióng em :)) khi nghe tiếng súng,Other
bài viết đọc rất sướng .,Enjoyment
dume dăm ba cái đứa lông còn chưa mọc đủ bày đặt thể hiện con cặc gì không biết . thêm bà cô giáo óc chó + lão chủ sân nữa,Anger
"ngày xưa tự dưng mình được tận 8 , 75 ư =))))",Surprise
gãy tay,Sadness
đợi nốt ván đã =)))))))),Enjoyment
"nhớ quá , độ chục năm không đi soi ve rồi :((((",Sadness
t đã soi gương suốt ngày chỉ để gặp crush và ngắm nụ cười tỏa nắng của nó,Enjoyment
per hồi đó mua điểm đại học nè 😂😂😂,Enjoyment
dume mất dạy,Anger
nào chàng trai có nhiều tài hãy cho em gục ngã đi nào =)),Enjoyment
nó chỉ là phép lịch sự . ngưng ảo tưởng nha nha,Disgust
đm chạy ra xa mà viết đi 😈,Anger
"thằng tàu hoả lái dở , thấy xe đậu thì đánh lái né ra đường ray thi đâu có va chạm hư ô tô",Disgust
người ta thôi chứ vợ mình là số 1 . mình chưa bao giờ chê . 😍😍😍,Enjoyment
"mê chơi lọt cóng nè , nhìn vẻ mặt hp của nó mình cũng thấy vui theo",Enjoyment
"và cứ mỗi lần mày muốn thấy crush cười , mày lại chạy lại cái gương",Enjoyment
kinh dị vãi,Disgust
mẹ cái lũ thầu nấu ăn cho trẻ con . ai cũng bảo chúng mày nấu 1 năm có có hàng tỉ tiền . mẫu giáo còn hại được thì cấp 1 tha gì .,Anger
per sau này con bư lớn cũng vậy đó mẹ hahaa,Enjoyment
phim hay vãi ra . đến giờ vẫn thấy mình giống bạn ma nữ quá trời 😂😂😂,Enjoyment
per nuôi đi anh còn kịp chả già mất 😂,Enjoyment
per thông minh là đây chớ đâu,Enjoyment
t đã cố tình che mặt nhưng vẫn giật mình,Fear
sư tử chứ dễ thương q . q gì,Fear
"mưa sấp mặt , về đi",Disgust
nhìn biến thái kinh khủng .,Disgust
tầm tuổi này . họ không còn những áp lực cuộc sống nữa . mà chỉ còn thứ tình cảm gắn bó với họ từ những ngày khó khăn nhất . ngưỡng mộ và ước được chút phúc đức của ông bà,Enjoyment
sếp như nào nữa còn sếp tôi thì như lònnnnnnn,Disgust
per tao nói rồi nha địt con mẹ mày,Anger
bình tĩnh vô cùng,Other
haha . dễ thương gê 😊😘😘,Enjoyment
thiết bị này mua như nào nhỉ,Other
cậu bạn mẫu giáo năm ấy chép bài cho tao để tao khỏi bị thẻ tay giờ đang nơi đâu ???,Sadness
thật là một câu chuyện buồn 😌,Sadness
ng dân biết phải làm sao bệnh chồng bệnh,Sadness
em đừng đi tập gym em nhé . bth em đã mê trai lắm rồi . em mà đi tập nữa chị không biết em như thế nào luôn 😢 per,Fear
nếu là tao thì nhảy cẩng lên chuẩn mẹ rồi :)) má nhìn trong hình tưởng ma thật ở ngoài đéo biết như lào luôn ớ,Fear
"con yêu nghiệt , tỏ cái vẻ đáng thương còn ăn vạ =)))",Disgust
cuộc tình ngang trái của nhà tớ đây ??,Other
"thấy bình sữa của em thấy ham quá , chị sinh em bé chả có sữa gì hết .",Sadness
"úi sời , gần chỗ mình này",Enjoyment
vừa sếp vừa đồng nghiệp tốt thì đi làm như là đi chơi 💃 bonus 6h chưa hẳn đã muốn về,Enjoyment
"tao toàn thế giận tao tao dỗi lại , lại phải dỗ tao . hahahaha",Enjoyment
per vui quá .. đi dạo được ven hồ rồi 🙂,Enjoyment
per cảm ơn tôi đi . thấy tầm quan trọng của máy chém gió chưa,Enjoyment
cấm đỗ là việc của công an,Other
"tao ước gì gặp được cái thằng chế ra con xe lead , tao sẽ tán cho nó sấp mặt luôn . 😒 còn video này tao hóng mãi lúc nó so ... mà đéo thấy haha",Anger
nghe nguồn tao biết được độ chân thực của câu chuyện rồi 😂😂😂,Enjoyment
"mấy thành phần không chấp hành luật giao thông cứ phải thế này . cơ mà thằng này gà thật , tạt mẹ vào quán nước mà ngồi uống chứ làm gì phải dắt xe khổ thế kia",Disgust
per giải trí =))),Enjoyment
< 3 chuyện lạ có thật :))),Enjoyment
cười vô mặt,Enjoyment
cuộc sống mà .. ghi không được thì thôi . sao mấy bạn chửi người ta dữ vậy,Other
per kỉ niệm nhất là những ngày trốn học cùng nhau đi xem phim 😂😂😂,Enjoyment
đau bụng quá ự ự,Sadness
lợi ích của việc giữ vững quan điểm 😄,Enjoyment
thế này mà mày vẫn còn buồn thì ...,Sadness
thấy mà nhớ lại quá . lúc còn sinh viên . di làm thêm ở quán kara . đm tụi nó tổ chức sinh nhật . rồi bày ra trang trí để tỏ tình . rồi quà bỏ xốp hột không trong đó . vừa xốp . vừa đèn cầy . vừa kim tuyến . bia . đồ ăn đồ . làm buổi có 40k mà dọn đúng là như thèn này chửi . dọn mún lòa lozzz ra lun . ức chế lắm,Disgust
sáng nay tao mới thấy 2 con này đi cùng,Other
bạn trai tao đéo biết giận dai nên không phải dỗ,Enjoyment
tại sao lại phải che mặt vậy,Surprise
án mà cứ xử như vậy thì sao có được lòng dân,Sadness
thế tao mới quyết tâm tìm ra facebook thật của nó để no hết đường lừa các em mới lớn đó,Disgust
sợ ngỗng còn hơn sợ chó :))),Fear
"vậy thì tao sẽ ước mơ là các nhà thơ đừng bao giờ xài ẩn dụ , chơi chữ :) đã ngu văn còn bắt phân tích thấy mẹ luôn",Disgust
nhiê ̀ u biê ́ n đô ̣ người kha ́ thu ́ vi ̣ =)),Enjoyment
"thương tra ̀ o nươ ́ c mă ́ tao ... cuô ́ i cu ̀ người thi ̀ ban la ̃ nh đa ̣ o bă ́ c ninh đa ̃ lên tiê ́ người giu ́ p đơ ̃ ca ́ c be ́, du ̀ qua ́ muô ̣ n @",Sadness
lấy giẻ lau xong vắt chắc cũng được nửa,Other
ngày xưa mừn cũng hay thế lắm .,Enjoyment
chắc nó se lạnh thì đừng hỏi tại sao thằng kia lấp nhíp sưởi ấm cũng không thấy .,Other
phận làm trai nào sung sướng gì 😂,Sadness
"hôm nay ai có vàng bán hết đi , tuần sau mua lại , lời vãi .",Enjoyment
kính thủy lực là kính gì bạn ơi,Other
chưa bao giờ được nge câu này 😞,Sadness
nam chính người nào cũng bị bệnh tự luyến nữa :))))))),Disgust
"cũng chuẩn , giờ khởi nghiệp vậy phá sản chỉ mấy tháng đầu",Enjoyment
chỗ tao lắm đứa khó chịu vãi,Disgust
"tất cả là do chính sách sai lầm của những người đứng đầu tỉnh sơn la . tsb cao su nó phù hợp trồng ở cao nguyên + nhiệt đới nắng lắm chứ lên tây bắc lạnh giá + sương muối thì cây cao su làm sao nó sinh trưởng tốt và hợp khí hậu được mà chả trắng tay :))) còn cả cây cafe đang được trồng ở sơn la , điện biên nữa sớm muộn gì những người dân trồng hai loại cây này cũng nhận trái đắng trắng tay thôi",Disgust
quá giỏi . đạp đến ngất đi mà không quay đầu . sau này em sẽ thành công . chắc chắn vậy,Enjoyment
vừa đi về ?? mưa sấp mặt,Disgust
bài viết hay quá !,Enjoyment
gì cũng được ?????? dễ vãi,Enjoyment
đã năm 2000 . người ta cho mượn 200 tr rồi .. từ đó về sau nhà người ta có cần 25 tr / tháng hay không ???,Other
ôi cháu taooo =)))),Enjoyment
nó chỉ muốn chén mày thôi . thật đấy,Other
"cô giáo ngu bỏ mẹ , xong được bầy hãm lòn trẻ trâu này nữa , kia là em tao , không biết tao sẽ làm gì bọn khốn nạn này nữa :))",Anger
haizzzz đó là 1 câu chuyện khá bùn,Sadness
"chồng này chắc cú có gai ah , mặc quần đéo gì vậy",Disgust
"haa ... haa ... ! đúng là có thay đổi lớn ! ngồi nhâm nhi ly cafe , phì phèo điếu thuốc nhìn thiên hạ cũng vui kkk ... !",Enjoyment
nhưng nó cười với đứa khác không phải mày .... 💔,Sadness
per anh ơi đừng gym nữa . boxing là đụ rùi :((,Sadness
đừng có thấy 6 múi mà ham nha nha 😂😂,Enjoyment
thật ra mấy đứa bị chửi nhiều thế này ra đời lại biết cư xử hơn những đứa khác .,Other
muốn nói bậy ghê :)))) nuôi con chó mà nuôi ra vậy . vừa ôm vừa bị ve,Anger
- mấy bạn đừng có đổ mình nữa nha 😞😞. mình ngại lắm 😞🤣,Enjoyment
tại sao anh cứ mất công giận dỗi trong khi người xin lỗi vẫn là anh =)),Enjoyment
chúc mừng các anh . các anh giỏi quá . chuc các anh mạnh khỏe .,Enjoyment
per hóng phim này dụ dỗ mọi người xem tiếp nè anh :v,Enjoyment
ngày chủ nhiệm cu nhà mình cô nhẹ nhàng nết na lắm mà ! giờ thì sao cô lại hành xử như vậy chứ ! thật buồn !,Sadness
"nhớ hồi euro 2012 rực sáng trong màu áo tuyển ý , ghi mấy bàn mà bàn nào cũng thấy phê .",Enjoyment
đáng yêu vại trời,Enjoyment
kéo nhau ra toà ly hôn tự nhiên béo ngành thuế,Disgust
ai sẽ cùng tôi mang nỗi đau này cơ chứ,Sadness
ngu thì mới đi vào phủ dầy nhé chứ chợ đâu đến mức như vậy ??????,Disgust
sĩ diện không nội mũ và cái kết dắt xe hết mẹ đoạn đường,Other
"vietcombank 1 tháng trừ hết 22k phí inter với mobile banking , dù tháng đó kau chả xài tới cái nào :((",Sadness
nói thật gia lai nói riêng tây nguyên nói chung xưa nhờ vàng đen '' hồ tiêu ' và vàng trắng ' cao su ' mà người dân có dư cái ăn cái mặt bây giờ thì thua rồi bỏ đi tứ xứ .. một thời,Sadness
đúng rồi . trái tim thảo mai này dễ rung động lắm nên các anh hay cả các chị và các bạn đừng thả thính em . em đập cho 😭,Anger
nhưng nó lại đéo thích :>,Other
ngu thì chết thôi,Disgust
nói chung là ai nào buông tay thì người chết vẫn là mấy đứa con gái như tao 😭,Sadness
nhớp nhúa,Disgust
"muôn đời không khá được vì cái thói tham vặt , tham lam vô đáy việt nam ạ",Disgust
"ngày xưa đi học gần trường có bày ngỗng , hôm nào nó cũng cà khía rượt tụi học sinh chạy sấp mặt luôn",Fear
sao lại bất công thế,Sadness
nó đi theo gái thì co,Disgust
là gặp đúng người nhưng lại chẳng đúng thời điểm . cuối cùng vẫn là chúng ta bỏ lỡ nhau 😥😥😥,Sadness
chuẩn khi người ta gặp nạn không lo cứu đứng lấy dt ra quay rùi đăng kẻ đó mới là người cần lên án,Disgust
chia buồn cùng nước pháp .,Sadness
con nhà mất dạy,Disgust
sau này mình có được như vầy không nhỉ 😊,Other
1 % kìa rồi ra cổng gọi thế nào :)),Fear
lúc dỗi thì càng dễ thương hơn,Enjoyment
hình vui mà sao đọc lại muốn khóc nhĩ ...,Sadness
cách tạo nghiệp chướng nhanh và hiệu quả :)),Enjoyment
trông mặt buồn chưa kìa per :(,Sadness
giá như anh được ào rơi về quá khứ ....,Other
tao thì muốn là đéo bao giờ . nhưng mẹ tao thì muốn ngay bây giờ 😢,Sadness
đã tới tuổi thay đường ray rồi mà không thay,Other
chuột mà làm như người vậy .. ít hôm nó gặm cả rắn cả dây thì thấy mẹ ..,Fear
cái quần tà lỏn xanhhhh,Other
thật tình mà nói cao su phát triển đất đồi là sai lầm .,Other
mấy bé đừng tưởng giận lại là ngon ạ :v có khi giận lại xog nó giết luôn đấy :),Other
per mốt mua son anh sài luôn,Other
"per bất hạnh thật tao với mày mua bánh ăn chung đi , cóc cần gấu 🤨",Anger
tội quá ! nuôi mà không chăm sóc,Sadness
không phải ai cũng vậy nên đừng thấy mập rồi tưởng mình hát hay 😌,Disgust
bao giờ mua bánh tặng gấu thì tao mới mua nhá . ở đấy mà chê tao bất hạnh,Anger
rất nguy hiểm nhé nhảy không qua là xác định dập mặt,Fear
đm nhà bà . con gái người ta nuôi lớn không báo đáp được gì đã về làm dâu nhà bà . nó lấy chồng chứ có làm giúp việc cho nhà bà đâu mà hành hạ nó thế .,Anger
"xã hội thật phức tợp , huhu . không muốn sống chung loài người nữa , tao về núi đây",Fear
đã khóc . cha mẹ là người luôn yêu thương minh nhất,Sadness
không lo chạy bo đi còn tạo sấm sét doạ người lứa,Disgust
ngày xưa đi học đạp xe qua cứ tưởng được quay phim đưa lên truyền hình :)),Enjoyment
lừa cả tỉ đồng mà đóng phạt 5tr :)) thế này thì răn đe cũng,Disgust
hay qua hoc theo cho vui,Enjoyment
bụng công nhân thành hố chôn lợn dịch,Disgust
tươi ngon sạch sẽ thì đéo thích ăn . cứ thích ăn cút trâu cứt bò,Disgust
đáng yêu vậy =))),Enjoyment
"per lại nữa , tao dg suy nghĩ có nên đi bằng rap về không",Sadness
nhìn sợ vãi ra,Fear
"bởi vậy , nên tỏ ra là 1 người không cảm xúc",Other
cả 1 đời người chẳng mong gì chỉ mong từ đây đến phút cuối vẫn có người không quên mình đã từng tồn tại,Sadness
coi mà lộn ruột .,Anger
a per doi dap rat tuyet voi . chuc anh thanh cong trong vu nay .,Enjoyment
dân kinh doanh khoái đi chợ này lắm nè,Enjoyment
tiếc cho mối tình ấy ....,Sadness
nhanh bất ngờ đấy,Surprise
tao cũng phải về mở cho mẹ tao coi 😂😂,Enjoyment
hơi bị nhanh trí :)),Enjoyment
giun này mà xào thêm ít xả ớt thì tuyệt cú mèo 🤣,Enjoyment
cưng xỉu ??,Enjoyment
"ngày trước cái thằng ngồi cạnh nhờ nó né cái mông để lấy cái bút dưới bàn nó nó đéo né . cuối cùng nó phải lên phòng ý tế băng đầu ( lớp 1 🤣) "" tôi đã nợ chàng trai ấy một cái "" đập đầu "" ""🤣",Disgust
êu tự ý đụng chạm vào người khác đã là vô duyên hãm lồn rồi . nhất là con gái . bọn này ý thức như đách lol,Disgust
nhớ tới mối tình đơn phương !,Sadness
dã man quá ..,Fear
"nhẹ tay quá phải hơn nữa , may mắn là nó chưa cắn ai hay làm gì ai",Disgust
per ly trà sen của anh đem qua có ngày nó thành như v đó 😭😭 hức hức ...,Sadness
chẳng bù tuổi thơ tao đi học toàn gặp mấy thằng ông nội mắc thần bố . gặp mặt tao là đánh với bắt nạt tao có trò mới là bắt tao ra thử trước bà mẹ nó :))) cái phường bất lương,Anger
per my nè kkk,Enjoyment
may không có ai trong nhà,Other
ngồi ăn mà 3 đứa cứ nhìn châm châm thế này sao nuốt nổi ??????,Other
có gì vui không nhỉ,Other
gắn bó thời sinh viên nè,Enjoyment
"thôi mày đừng saolol , hoang tưởng thâm niên à , nó mở mồm ra cái là nó đào cả họ hàng mày nên nó chửi cho biết mặt . nhìn lằm nhìn lốn 😒😒",Disgust
"haha dần dần phải kiềm chế , khắc phục sẽ không đáng sợ không bằng vũ lực hành động mà nói đâu chết đó :)) kaka",Enjoyment
vì mình chỉ là giờ giải lao trong một hiệp chơi chính của họ,Sadness
sợ thế,Fear
hihi mắc cười quá,Enjoyment
"per anh không nặn đi , mai mốt nó sẽ chaii dầy nè hihii :)))",Enjoyment
bn tao vẽ đẹp vãi nhưng nó lại mắc bệnh lười nếu nó vẽ thì nó sẽ vẽ he .. n .... tai :v,Other
đi chơi còn bỏ quên cả não ấy,Disgust
hú hồn chim én :) nào làm ra này chắc cũng ngáo dữ :) chắc add không sợ nhện :),Fear
yêu dã man kkk,Enjoyment
"đất nước bao nhiêu khoản phải tri trả , nhưng phải trả cho một đám cổ động viên quá khích thì quả là không đáng , các cụ đã bảo mọi sự ngu dốt đều phải trá giá bằng tiền mặt , bảo dân trí thấp lại tự ái :))",Disgust
"chỉ là nghe bạn nói , chẳng thấy bằng chứng đâu",Other
"hành nó đưa đèn ông sao lên nữa chứ , ác vãi , ta nhớ lại còn cay ?",Anger
đẹp trai mà bị đá à =)),Surprise
kiểu định share vì thấy tinh thần khá hơn nhưng đọc bình luận xong kiểu nhiều đứa còn tiêu cực hơn mình :<,Sadness
đắt quá thôi không ly hôn nữa,Other
thôi tốt nhất đừng có diễn . nể nhất mấy bố giả vờ khóc xong ôm ôm lợi dụng rờ mông con gái nhà người ta,Disgust
"gặp cái này "" sun "" mẹ nó vào ... :))",Fear
"chuẩn . tao mà chơi hoặc làm việc cùng bọn con gái tính công chúa một thời gian thì tao ngày nào cũng sờ troét , sau đó bị trầm cảm .",Fear
bé có năng khiếu làm cô giáo dạy văn ... nghe thì nghĩ tục nhưng đời thường là có thật ... bác nghe thấy đồng cảm với các cháu,Sadness
nhưng mà người khác nhìn vào bảo thế là lẳng lơ,Disgust
nhìn 2 đôi giày đó mà nói 1967 .... thôi thôi !!!!,Other
chẳng ai biết và riêng mình càng không muốn biết !,Other
"per đoạn thằng kia tán trái sầu riêng , không trượt phát nào 🤣🤣",Enjoyment
đấm cho liên tục vào mồm đéo trượt phát lòn nào cả =)),Other
bài lồn đó nghe hãm vãi đéo hiểu sao lại thích,Disgust
per giống câu chuyện anh kể hôm bữa qua ha ... con chó này 3 lanh thiệt ak ...,Surprise
bạn khốn nạn,Anger
t mới tính tới bước thất bại chưa tính tới thành công :)),Sadness
còn buồn hơn là cố quan tâm thế nào họ vẫn không hề rep lại,Sadness
h chỉ pk nhìn họ bên người khác :((,Sadness
tao cũng vậy nè . lắm lúc đi với chồng mà cứ hỏi bên này bên phải nhỉ bên này bên trái nhỉ . mệt mỏi,Sadness
"66 năm không làm việc nhà giúp vợ hoặc có làm thì cũng phát được , phát không",Disgust
buồn cười 😂😂,Enjoyment
cãi tay đôi luôn hahhaa,Enjoyment
cứ mỗi lần cắt tóc xong tao lại thấy biết ơn bố mẹ vì đã sinh ra tao đzai vãi :))),Enjoyment
buồn nào rồi cũng sẽ qua chỉ có buồn ngủ không tha ngày nào thôi,Other
per =))))) đúng kiểu sáng tạo :)),Enjoyment
"cắt cái tai vứt mẹ cho rồi , gớm chết mẹ",Disgust
"ai nói kết có hậu , đầu khấc mất vợ tương lai kia kìa",Sadness
"hồi trước nghe câu : "" gái ham tài , trai ham sắc "" nên cố học hành cho nó ham , ai ngờ giờ mới biết nó ham tài sản chứ không phải tài năng .",Disgust
thế giới này thật đáng sợ :3 trả đĩa bay cho tôi về đi :3,Fear
per đã thích phá game còn thích hổ báo,Disgust
"thật ra nó không quên đường về nhà đâu , nó muốn đi bụi thôi",Other
t có 2 con bạn thân nó thì cao trọc trời còn tao thì ... . buồn,Sadness
đmm cái quần ngàn thu,Disgust
per bài của anh luôn nè,Other
nhưng liệu như vậy sẽ dễ dàng để người khác xen vào không :),Other
xin lô ̃ i chư ́ tao te ́ ma ̀ thă ̀ người lz camera quay câ ̣ n mă ̣ tao như thê ́ thi ̀ tao đe ́ o đa ́ không đâu,Anger
em này xinh vãi các bác ạ .,Enjoyment
thì ghi bằng tay phải cho nhanh,Other
đáng iêu vãi =]],Enjoyment
anh tây nói tiếng việt giỏi thiệt .,Surprise
có người đến gần cuối đời rồi vẫn còn khổ ! :(,Sadness
mày xuống thì xuống mẹ mày đi . ngứa cả mắt 😩😩😩😩😩,Anger
phim này hay dã man luôn - có ai biết phim nào kiểu dạng này nữa o 😍😍😍,Enjoyment
"dume về bố lại táng cho bờm đầu , có thể là lần cuối được đi xem đá bóng của cháu nó :))",Disgust
làm như đứa con gái nào cũng ham tiền . gái tốt thíu gì,Disgust
"khuyến cáo "" đừng nên học võ khi không có tiền mua dụng cụ "" per",Other
hết muốn ăn luôn,Disgust
vợ chồng đã hiểu và sống tốt . thì với tôi ngày nào cũng là ngày tao / y .,Enjoyment
gặp bố bố tung phát chụp cây dù bố xiên cho cái đừng hỏi sau tức nước thủng mắt,Anger
tha cho cô chú đó đi,Disgust
"những người trẻ với tấm lòng nhân hậu , các bạn thật đáng yêu .",Enjoyment
nghe cũng đúng đúng :)),Enjoyment
chuẩn,Enjoyment
"trung thu là tết thiếu nhi , yêu đường gì liên quan ở đây .. gấu với chả bò",Anger
waooooo . hợp lí ghe,Enjoyment
nhìn thôi đã đau lòng,Sadness
ở miền nam nó vẫn không được giá như trước nhưng cũng dư giả,Other
per sợ nhện đúng không :)),Fear
per sau khi cưới,Other
"per bắt được chắc nó mềm xương , chơi mất dạy 😔😔",Anger
con này không có cái quần nào mặc cho đàng hoàng 🤦‍♀️,Disgust
mấy nay tao cũng bị ám ảnh,Fear
"có lần tao thổi cơm không đổ nước lúc khét mở vung ra mới biết , làm đánh đít xong cả tiếng trời không hết",Sadness
nhưng đảm bảo coi cái nào là cười sặc cái đó :)) vì nó diễn tệ đến nỗi nó hay,Enjoyment
"đúng rồi , tưởng vậy nhưng hóa ra không phải ...",Other
dăm ba cái nồi này sao nấu ngon bằng cơm điện nhà tao được . kaka,Enjoyment
"phải người vô ý thức , đành rằng người ta làm kiếm tiền nghề gì cũng là nghề mình phải biết tôn trọng người khác , có tôn trọng người thì người mới tôn trọng mình . kể cả người ta đi ăn xin mình cũng cho đoàng hoàng chứ không thể cầm tiền quăng cái víu vào người ta được",Disgust
rồi các em cũng ăn cứt thôi :)),Disgust
ukm . nguy hiểm thật :'<,Fear
quá độc ác,Disgust
per tao đã làm cho mày đau lòng nhiều lắm ư 🤔,Sadness
đi tù thôi các cháu,Disgust
"ghê tởm , ông thầy đó 🙄",Disgust
"mày đúng là nên gặp bác sĩ tâm lý , và hoàn toàn nghe theo bác sĩ",Other
đm tao biết trước cả sự việc kiểu lìn gì cũng có nhện nhảy lên màn hình . vì mấy năm trước cũng có 1 thể loại giống như vậy . đm hú nhồn,Fear
đôi khi công việc không áp lực .... nhưng chính môi trường làm mọi thứ trở nên áp lực,Other
hỏi lồn gì lắm thế,Anger
bài này hay quá,Surprise
hồi đó tao lấy cái đó kẻ tập luôn kiểu làm màu mè cho đẹp xong lên trả bài bị bà cô trừ điểm ????,Sadness
"giơ cao đánh khẽ , cảnh cáo cho có lệ",Anger
tao thầy mày cười hí hửng vại mà ?,Enjoyment
gần 1h đêm là con trai mà xem xong nói chuyện mắt vẫn rỡi 😔😔,Sadness
mới có 3 năm thôi mà ... vậy mà chúng ta còn không tụ họp được lần nào cả,Sadness
những người như thế này tử hình,Disgust
ngôn tình từ anh mà ra,Enjoyment
đm phí hết sức :((,Disgust
🙁 bị rớt tiền,Sadness
"tôi kể các bạn nghe 1 chuyện có dính 1 tý với caphe tn : chuyện thế này ba vợ tôi có 1 người bạn rất khó khắn nghèo và đang trốn nợ , ba tôi cho ông chiếc xe máy củ để đi xe ôm . vợ chồng ông bạn này bỏ quê trốn nợ lên tây nguyên làm công cho nhà máy caphe tn trong 4 năm học được nghề làm caphe và sáng lập caphe tuấn kiệt caphe công thức y chang tn bán hợp lý hơn ! ngày nay ông chủ tuấn kiệt đã là 1 đại gia có nhà máy ở sốc trăng , ông ấy đi tìm và trả nợ từng người ơn của mình ! mổi lần ba tôi lên sg ông đều cho xe tới mời ba tôi đi ăn nhậu ! trong lúc ngà ngà ông ấy nói "" em chả bao giờ uống caphe của em làm , tn cũng vậy "" thế đó",Disgust
mong mai sau cũng được như ông bà,Enjoyment
nó ngáo đá . nay nó leo cột điện . mợ cứu nó xuống mai nó làm vài mạng người,Disgust
nó cười với người khác chứ * beep * phải tao :((,Sadness
xem lại quá nhiều lần đến nỗi không nhớ nổi . vì phim quá hay và ý nghĩa .,Enjoyment
ahihi khá là buồn cười,Enjoyment
t ngắm người yêu tao cười mà càng ngắm tao càng yêu lúc giận cơ nhìn muốn cắn cho mấy phát tao bị cuồng người yêu rồi cái,Enjoyment
đừng có xàm lồn trên này,Disgust
gặp tao tao thuê giang hồ tới chém hết cả nhà nó luôn,Anger
"địt mẹ mày viết lên chỗ nào nước đéo tới ấy , ngulon",Anger
"những thứ tưởng chừng như rất đẹp nhưng kbh được trọn vẹn , cuối cùng để lại chỉ là những kỉ niệm đã từng :))",Sadness
"ba chàng ngốc , phim ấn độ , cực hài , cực cảm động và ý nghĩa nhé",Enjoyment
"1 bộ phim phải nói trên cả tuyệt vời , xem đi xem lại cả chục lần rồi mà không ngán",Enjoyment
bây giờ tao lấy chồng rồi còn không có cơ hội ngủ với em gái 😫,Sadness
cái mặt cưng xĩu,Enjoyment
per đây là chúng mềnh 🤪🤪,Enjoyment
ngu như mày thì khỏe,Disgust
không biết có ai ở trong ngôi nhà không,Fear
hình như cũng mới có vụ bể bình dâu tằm,Other
tao bị biến dạng luôn một tay,Sadness
mai đi học mà mình quên cách cầm bút rồi huhu :<,Sadness
chời ơi gì vậy ở giây thứ cuối cùng anh em nha :))),Surprise
nó chi ̉ muô ́ n tâm sư ̣ chư ́ thi ́ ch me ́ o đâu ma ̀ thi ́ ch,Disgust
per mỏi chân quái :v,Sadness
"đúng là không sợ địch mạnh , chỉ sợ chỉ huy ngu như bò",Disgust
về việt nam thì gọi nó là ngáo chó,Disgust
per con nhện cản bước bé xuống cầu thang =))))),Fear
cả 2 loại người này đều đáng sợ !,Fear
đm cười ĩa,Enjoyment
per hôn nhẹ lên má nha 🤣,Enjoyment
"có lần ba tao mua bánh kem sinh nhật cho tao , lúc đấy tao 13t nhưng khi ba tao mua về thì lại là 15t 😶",Sadness
con dựt gái đây sao hahaha,Enjoyment
hot đến vậy cơ à ? mình chưa nghe bao giờ luôn .,Surprise
"cả thế giới biết toau crush mày , còn mày thì íu nhận ra 😐",Sadness
vô ý thức,Disgust
"cưỡng hôn 200 nghìn , thu trăm tỷ phạt 5 triệu , đói trộm 2 cái bánh mỳ 45k phạt đi tù",Disgust
chính xác ! nơi làm việc anh em mà đoàn kết với nhau cỡ nào cũng thấy mau hết giờ làm . 😊😊😊,Enjoyment
phim cắt mất đoạn hay của manga rồi dume,Anger
đang ăn . nói nói con cặc 😒😒,Anger
tôm này vào là nó diệt hết tôm bản địa luôn,Other
"bởi vì anh đã gặp em đúng lúc , đúng lúc đó em đã có người thương ...",Sadness
tại sao phải đứng ngồi nhìn ? lên bankon cột võng nằm coi mới đã ..,Enjoyment
"loại bi này ngon quá , vừa uống",Surprise
10 đứa bạn thì có 9 đứa là con trai rồi . sau nhiều năm kinh nghiệm thì chơi với nhiều trai thì sẽ bị ế muôn đời muôn kiếp . haizaaa ...,Sadness
"xem đi xem lại không chán , best của best 😭",Enjoyment
tán mãi mới đổ muốn chia tay cũng phải từ từ,Other
"gấu của thằng da đen ngon vkl , mà công nhận chạy nhanh vãi",Surprise
đag bị cuồng mấy video của chế này . ai có ngoài video này tag cho mình xem với nhé 😂😂,Enjoyment
học rmit thì chắc chắn là gia phả nhà nó giàu vcd rồi . thế thì chọn thằng có tiền học bổng chứ còn gì nữa -)),Other
tại sao không áp dụng khoảng 2 điều 320 luật hình sự 2015 phạt tù từ 3 - 10 năm về tội hành nghề mê tín dị đoan gây ảnh hưởng xấu đến an ninh trật tự và an toàn xh mà chỉ phạt con mụ đó 5 triệu đồng ? hay là vong đòi phạt hành chính 5tr thôi 😬,Disgust
per hình như nhà bác có 01 chiếc thì phải ?,Other
soi mà không đủ tiền mua thì soi làm gì,Disgust
làm sao tôi có thể yêu được loài người đây ???,Other
trong nhà không biết có ai không nữa ? sập quả này sợ thật đấy,Fear
toàn lũ chó thèm khát,Disgust
per nhu cầu của mày khoái xem mấy video này nên tao tag mày,Other
và cuối cùng là được đối xử như một thằng con trai luôn ..,Sadness
chỉ tại nó không có ai để nói chuyện nên nói chuyện với mày giết thời gian thôi . ai bỉu mày tưởng tượng chi,Disgust
sao nhiều thằng cưa bàn giống tao vậy ??,Surprise
ngày trước mình qua singapore cũng vậy . dư hành lý 2 chi em mă ̣ c 4 bộ lên người kkk,Enjoyment
tuổi lồn hù được bố m,Fear
per kìa 3 chị em vào mà hốt hàng về đi chứ hâha,Enjoyment
"ngày xưa có đĩa phim này . bố đi công tác về thấy cái đĩa tên là "" cô dâu 15 tuổi "" . má ăn chửi sấp mặt ...",Sadness
may mà còn gỡ lại được 1 miếng sắt lớn của tàu hỏa nó bung ra nên bán đi cũng đỡ được vài đồng . kaka,Enjoyment
cười lộn ruột,Enjoyment
chờ thằng kia lật mặt mãi không thấy,Other
thật ra đàn ông ghen nhiều hơn phụ nữ đấy chứ,Other
rất có tố chất . liên đoàn xe đạp việt nam có thể liên hệ để đào tạo được đấy,Enjoyment
nhắn với người yêu còn đéo nhẹ nhàng như vậy =)),Enjoyment
chơi khăm vãi thế ba,Disgust
tớ chỉ an ủi bạn í thôi mà :(,Sadness
cha mẹ cho ta cả cuộc đời rồi còn than gì nữa,Disgust
alo ở đây có thằng điên mày à . đến bắt nó hộ tao phát,Disgust
thích bài này lắm lun . thuộc lun,Enjoyment
nhìn mày thế kia đến tao còn thích ngủ cùng huống gì em mày,Enjoyment
"per hihi học ở đâu không quan trọng , quan trọng là bọn mình luôn có nhau hihi",Enjoyment
lúc đi họp lớp thì đếu thấy ai,Other
gặp em đúng lúc nhưng sao anh vẫn thấy mình cô đơn quá .,Sadness
mua được bộ đồ cho tết điệu đà tán gái mà như thế nào đây thì tán sao được,Other
chua cay bùi ngọt mặn cái chả có .,Other
nó lại dễ con ạ :v,Enjoyment
chi tiết đẹp đấy,Surprise
"đm đi học bị mấy con điên này đuổi cắn , dume vì nó mà tao sợ quá chạy té sấp mặt luôn trầy hết con mẹ nó tay chân . thứ dòng đỹ gì đâu á :))",Other
"bếp lò xô nấu bằng dầu hôi đây mà ,!",Other
per dume đái trong quần,Fear
"người ta dùng kiến lá , ông lại dùng kiến cứt thì thua ông rồi",Disgust
rớt giá kinh khủng khiếp huhu,Sadness
mai đến phòng đi tập luôn,Enjoyment
per bây giờ thì không nói nhưng mà cảm giác phủ nhận vai trò bà thảo ngày xưa . vl không chị đọc thấy viết khập khiễng quá :))),Disgust
aw giống tao vậy =))) mấy thứ linh tinh tao còn để nguyên vào 1 cái hộp bự cơ,Enjoyment
🤣🤣🤣🤣 bo tay chấm cơm . hahaha,Enjoyment
giờ mới biết,Other
cmt thế thôi chứ thật ra còn trả dám ấn vào video để xem . đời tao tởm nhất là lũ nhện mà hay gặp vãi :((((,Fear
cái loại ngu si này nên nhốt nó tù chung thân lao động công ích cho nhà tù để giúp ích lại những cái nó đã phá hoại,Anger
mẹ con điên,Anger
tuyệt vời . aeon mall có khác,Enjoyment
loạn luân cũng được . đcm ạ,Disgust
tội cả con quá 😭😭 một lũ vô nhân tính đã hủy hoại những mầm non tương lai .,Sadness
là con bé con điên khùng và phiền vãi nhưng bạn vẫn yêu nó vãi chưởng :)))))),Enjoyment
mịa thằng ghép nhạc :)))),Disgust
chợt nhớ câu hát ông bà anh yêu nhau thời chưa có xe hơi ...,Other
thôi ctay đi chứ yêu con người như này chả chết vì bệnh mà chết vì vô tâm mất,Disgust
per người đừng hành hạ tuôi như thế nào nữa,Sadness
lạc quan lên cưng ❤,Enjoyment
cách xử lý của cô chủ nhiệm quá tồi .,Disgust
bọn chủ tịch đến chưa chúng mày ?,Other
giống tao nhưng tay trái tao có thẹo do mẹ tao xưa cắt trúng nên nhìn thẹo để phân biệt thôi chứ kêu phải ứng liền là không được,Other
vào sg 50k / không cũng mua . 100k / không cũng mua ! ha ha,Enjoyment
nó lại hợp lí vãi,Enjoyment
"quỳ vậy thôi có gì mà phạt giáo viên nhỉ , riết phụ huynh giờ thấy làm quá đáng thiệt",Disgust
lớp tao tỉnh rụi . đi học chứ có phải đi chết đéo đâu mà khóc lóc :),Disgust
ngày xưa mỗi lần tao làm ồn là ngoại tao liền la hoặc lấy roi đánh 😅 nhưng lúc đó vui lắm 😊,Enjoyment
"em cũng đi lead này , nhưng đừng gọi em là ninja được không , xin luôn đấy",Sadness
tự nhiên nhớ cái cảnh 2 con bánh bèo bị ngỗng dí quá 😅😅 per,Enjoyment
thề nhìn họ hôn nhau thôi mà nổi hết gai ốc . chưa dám nghĩ tới xxx . chắc thốn lắm . lạnh sống lưng thật .,Fear
dù s đi nữa thì mày vẫn xinh . cố lên,Enjoyment
sài gòn vẫn có cách sống rất nhân văn .,Enjoyment
đi ngoài đường trái phải còn không biết mà vẫn sống thì giỏi đấy nhỉ,Disgust
thật vi diệu,Enjoyment
nuôi sao mà trông béo tốt thế kia :v chỉ bí quyết đi,Other
agribank thì bình quân bao nhiêu nhỉ . mấy cán bộ agri thấy hách lắm .,Disgust
ly hôn kiểu này thì không cần tới bước cuối cùng . chỉ cần tới bước tính xem trả lại tiền mừng là tao bỏ ngay ý định ly hôn luôn rồi ... kkkk,Enjoyment
"nhìn mặt đã thấy hãm , mọi người chửi bỏ mẹ con mẹ phụ huynh đi",Anger
mày không được ăn đồ chua nhưng phòng toàn xoài chua :(,Sadness
per bày đặt ngày hôm qua đã từng đồ,Disgust
sau khi bố xem video của con xong thì bố rút ra 1 điều . bố không chỉ chửi con lúc con cầm đũa mà bố sẽ chửi con cả ngày thân ái ... yêu con,Enjoyment
có đứa nào hồi bé không biết nấu còn tranh làm rồi quên không đổ nước như tao không :))),Sadness
đỉnh của đỉnh 🙂,Enjoyment
các bác cứ tích cực vào . em chả quan tâm,Other
ở việt nam mà vác dao rạch tại chỗ thể này người nhà nó chả đấm cho sưng mõm rồi 🌝,Disgust
"trung thu là ngày cho trẻ em chứ đéo phải ngày tạo ra trẻ em nhé . dume bọn có gấu tém tém lại , kiểm tra xem có thêm cái sừng nào không ?",Anger
per tao nghĩ nên triệt sản mày,Other
"rẻ nhỉ , sao có thể giảm tới mức đó vậy ta",Surprise
"có rồi mà , nghén rồi nè hihi",Enjoyment
qtrong là mày phải có tiền chứ nghèo xem,Other
anh đừng bỏ em đi mà 😢,Sadness
người ghép có tâm 😁😁,Enjoyment
per hôm nào chụp kiểu nhỉ .,Other
"per bất hạnh vãi , mà tao với mày đéo tạo được niềm vui :v",Sadness
gu âm nhạc óc chó mới nghr cái bài này . toàn đú theo mấy cái thể loại hãm,Disgust
mỗi năm cũng xem lại đôi lần,Other
per cảm ơn mọi người . do em thích mấy cái văn hoá tưng vùng để tìm hiểu,Enjoyment
hu hu đã bị chụp,Sadness
con này bán kem bôi não ... xóa bỏ nếp nhăn .. khiến não láng mịn 😌😌😌😌,Disgust
ngu không chịu được,Disgust
per hồi ở tam kì hay nghe ... giờ nghe lại buồn ds,Sadness
bạn gái nào xinh xinh mà bị lạc thì vào nhà mình cho ngủ nhờ này . ??,Enjoyment
huhu sợ vãi luôn á,Fear
hỏng rồi . dùng đồ như phá,Disgust
"chỉ có bạo lực mới giải quyết được bạo lực , tao mà làm luật tao sẽ hạ tuổi người lớn là 13 tuổi , đem nó lao động khổ sai 10 năn",Anger
tao nhiều tài lắm .. nhưng tài sản còn cái mạng què và đôi tay trắng 😭😭,Sadness
có ai bịt loa như tao không 😁,Other
"mấy thằng dẫn gấu đi thì tránh xa đám đông ra nhé , đừng chen đẩy kiểu bố láo , thằng đẩy tao đã bị xơi cùi trỏ rồi đấy ,",Other
nhìn là thấy nóng rồi,Other
"làm con người còn sức khoẻ , còn lành lặn mà vác mặt vào ăn cơm từ thiện thì chết con mẹ nó đi cho đỡ chật đất , cơm này dành cho những người không còn khả năng lao động , hoặc vô gia cư và hoàn cảnh quá khó khăn thôi",Anger
tự hỏi rằng những bạn nữ như thế nào thì họ có còn thích con trai không nhỉ 🤔,Other
cặp phụ lúc nào cũng đáng yêu .,Enjoyment
pháp không còn khoảng thời gian bình yên nữa rồi,Sadness
con ước mình cũng có 1 tình yêu đẹp như ông bà vậy < 3,Enjoyment
cô giáo là người nhà của mấy đứa đầu gấu à =))))),Surprise
"tôi cũng thấy điêu điêu , nét chữ này của người lớn mà . chí ít cũng phải cấp 3 rồi .",Disgust
phải con tao tao cho cả lũ chó cụt tay hết !,Anger
cưng chết,Enjoyment
con gái hiện giờ .. nấu kiểu này thì thôi xong ... cháy luôn cả nhà 😂,Other
"per đường đi về anh ợ , ô tô chắn hết đg chả đi được ??",Other
ghê vậy,Disgust
nếu không có khúc cua cuối thì video này ý nghĩa đó chớ 🤣🤣,Enjoyment
dễ thương . cứ yêu đi ngại gì .,Enjoyment
hay lắm :))),Enjoyment
dume con ế đọc tổn thương sâu con mẹ nó sắc :((,Sadness
chắc ông này không có vợ :)),Disgust
coi phim này không .. dễ thương lắm ..,Enjoyment
đúng vậy . haha,Enjoyment
tại sao cứ đa số là trèo cột điện với mái nhà nhỉ . ai giải thích mình với ??,Other
lâu lắm rồi mà gio mới xử phạt,Anger
đáng yêu quá,Enjoyment
tuần sau nữa mới học =))),Enjoyment
"per sợ chưa , ông bác hơi bị cứng nhé :))))",Enjoyment
"phàm là việc đại sự trong thiên hạ , cứ về hỏi vợ . vợ bảo sao thì làm ngược lại . ắt thành công !!!",Other
bọn hại người không gươm không dao . bọn tiêu diệt nguồn lực tương lai của dân tộc . nên đưa tội thực phẩm bẩn vào khung tử hình đi . mong nhà nước thay đổi một số luật định đi .,Anger
per bữa nào làm thử mày,Other
cần 1 thời gian dài thật dài nữa thì ý thức mới đi lên được,Other
"trên đường tao đi làm cũng có 2 con , mỗi lần chay tới là nó vương cổ ra như kiểu muốn hút tao trong khi tao không làm gì nó , cứ mỗi lần chạy tới là tao cách ly cả "" nghìn mét "" với nó , thấy nó sợ bỏ mẹ . đúng chất con ngang",Fear
đội nào cũng xứng đáng hơi tiếc cho per,Other
:))) có thật nhiều tiền là vui,Enjoyment
"anw , vote cho anh vũ",Enjoyment
ý là giọng quê tao đó hã,Enjoyment
tao thì ngược lại .. cắt xong nhìn như thằng trốn trại vậy,Sadness
chúc mừng cp . cố lên cp .,Enjoyment
đáng tiếc đời không như là mơ . thực tế sẽ vả vào mặt cho mày tỉnh ra :(,Sadness
con cháu việt nam nhục nhã vãi,Disgust
những người thả phẫn nộ xứng đáng là thiên thần . dăm ba cái yêu đương vớ vẩn . ahuhuhu,Sadness
cíu tao khỏi hai tên đồng nghiệp bị crazy huhu,Fear
"thứ kém sang ngồi ăn ngay cạnh tao , có biết tao đang giảm cân không",Disgust
"điều đó không quan trọng , quan trọng là đéo xác nhận lời mời kết bạn",Sadness
rớt vô đây chắc chắc khóc tiếng thái lan,Fear
vì có mối ngon hơn chứ saoooo :(,Disgust
per đó đi chơi nhiều dô hỏi sao da đen -.-,Other
t quá mệt mỏi với cuộc sống này rồi 😓,Sadness
"anh luôn nghĩ thế giới này không có gì đáng sợ , cho đến khi anh không còn thấy em nữa",Sadness
thế theo mấy bác lớp 5 thì viết chữ như thế nào ạ,Other
rồi mấy đứa chân ngắn đi chắc dập người hết . bay qua sao nổi =)))),Fear
"đi viện mà tưng tưng ăn uống được là tốt rồi , mừng mày sớm ra viện nhé cô",Enjoyment
mấy chị làm chung rất ư là dễ thương luôn,Enjoyment
em nó đây nha các bác . kkkkk :))))),Enjoyment
gớm . vi khuẩn vi rút vi trùng vi lung tung beng nấp hết trong đó nhìn nổi da gà .,Disgust
xây làm tưởng xây cái chỗ ỉa chứ,Disgust
không hiểu tại sao bản thân có thể chịu đựng được,Surprise
ghê quá đi,Fear
đem con bọn mày đến đây tao cho ăn cơm mốc rồi cảnh cáo tao rút kinh nghiệm thôi nha,Anger
tao không tin đâu hiccc =(((,Sadness
tao cũng hao mòn nhan sắc như này,Sadness
thằng nhỏ mạnh vãi,Enjoyment
lại là bài nhạc huyền thoại trong xe hơi :3,Other
mình thì # mình chỉ mong chồng tốt thương yêu vợ con gia đình ! gia đình lúc nào cũng vui vẻ hạnh phúc thì ngày nào cũng là ngày ( tình yêu ),Enjoyment
kiểu lâu lâu cũng không được nhắn tin cho ai như thế nên cũng muốn tình cảm xíu =)))) biết đâu,Enjoyment
nó quan tâm mày là lúc nó cô đơn quá và mày vô tình đi ngang đời nó thôi,Disgust
per nhớ ghê á nha 😂,Enjoyment
nơi ấy giữ lại những kí ức tuyệt vời,Enjoyment
mày xây luôn đi chắn biển cho tao . xây xomg muốn viết lồn gì thì viết,Anger
vậy mà trên đời có 1 loại cha vứt bỏ con mình .,Disgust
chia buồn cùng nước pháp,Sadness
ma thì làm sao đáng sợ bằng vợ hả người anh em thiện lành ??????,Disgust
quá tuyệt vời rồi các chàng traiiii,Enjoyment
ngây thơ vãi =)),Disgust
t chỉ có 1 năm thôi cũng phát ngán lên được . đúng là không đi làm ở nhà mang danh kẻ ăn bám,Disgust
đoạn cuối hình như nó khóc,Sadness
đừng bao giờ chơi trò giận dỗi với lũ con gái :)),Other
"per như một cú tát vào mặt , đau lòng quá đi",Sadness
địt mẹ vừa đi ép lại kính xong giờ tan con mẹ nó cái kính rồi 200k của bà mày đấyyyyy !!!!!,Sadness
"trừ khi đường có biển cấm dừng đỗ thì mới không được đỗ , còn có phải phố nào cũng kẻ ô cho ô tô đỗ đâu",Other
dume mệt mỏi thật sự,Anger
cũng có nơi gia đình khá giả mới có nó !,Enjoyment
bởi đi mua cái gì cũng phải chọn chỗ uy tín,Other
"chơi game :v cấp 2 trộm tiền bố mẹ đốt gần 10tr vào game , cuối áy náy không chơi nữa nên ngồi bán nick được khoảng 2tr cũng gọi là thu nhập đầu tiên :v",Enjoyment
per bây giờ thì không nói nhưng mà cảm giác phủ nhận vai trò bà thảo ngày xưa . vl không chị đọc thấy viết khập khiễng quá :))),Disgust
tôi đang ngủ mà ai cứ ăn chóp chép kế bên khó chịu thật !!!,Disgust
sao đi cắt tóc mà mắt nó từ đen sang xanh luôn vậy ?,Surprise
"ở mình bà đéo ông đéo nào cũng muốn dậy đưa giỏi , đứa ngu hay nghịch tý là ông bà ý làm ầm lên .",Anger
đã biết là thế nhưng không còn cách nào khác :(,Sadness
đống góp ý kiến gì mà tằm với tàu không hà,Disgust
mua con lợn 5 chục lì xì được có 40 nghìn mất thời gian tốn cả tiền bạc 😂,Sadness
"nhớ lại ngày đó , làm pg bán giấy , cười suốt ngày , khách chửi cũng cười , mà nhớ thời đó ghê , mới 1 , 2 năm chứ mấy",Enjoyment
người ta đá hay bảo ăn đòn thằng admin ngu lol,Disgust
8h sáng mấy bạn đi ngủ chưa ? sống theo giờ sao hoả hả má,Other
chỉ tại tôi không nói nên không còn cơ hội,Sadness
cái mặt xinh quá,Enjoyment
"đang tính đi nhổ răng khôn ( à quên , nó ngu chứ khôn đéo gì ..) nghe được cảnh báo này chắc không dám đi nhổ luôn .",Fear
nắng cũng đã sắp tàn sao mà chả thấy em đâu ...,Sadness
ai mua thì bán không mua thì thâu 😂,Other
per đã nhẫn nhịn lắm ... đến khi con sen tao cứu tao thì tao đách có sợ đâu nhaaaaaaaa 😂😂😂,Enjoyment
"chời ơi , bé gái cưng muốn xỉu . bạn nữ nào kết hợp sx em bé hơm ?????????????? :))))",Enjoyment
bài học rút ra là học cách buông bỏ những thứ không thuộc về mình,Enjoyment
per cách gì thì kệ mẹ tao,Anger
"công nhận ổng nói tiếng việt giỏi ghê lun ,",Surprise
per đừng hỏi tao nữa,Other
được bác ạ !! cứ lấy vợ giàu là được tuốt =))),Enjoyment
cuộc sống mà =)),Enjoyment
page rẻ rách đĩ mẹ tao bỏ theo dõi súc sinh cận bả xã hội dcm 18 đời nhà mày :),Anger
bếp dầu chủ cái gì nữa,Other
per mở mắt ra đọc đi ! tao như này tất cả là do mày đấy chó ạ !,Anger
mợ không gọi công an phường đến cẩu đi .,Anger
ngã sấp mặt lồn là có thật,Surprise
do mày để gián ngay cửa nó không dám vào nên khóc thôi,Other
đồ phá hoại,Disgust
per xem câu chuyện hư cấu này giết thời gian này 👏,Other
buồn hơn khi tôi còn là gái 🙄,Sadness
phim như shits ức chế như lien quan trẻ trâu,Disgust
per bữa cuối nó ngồi chỗ đó nhìn mà khóc còn cuối khoá thì bth haha,Enjoyment
dume cười vãi luôn trời :)))),Enjoyment
ở chỗ khác chắc gì có đứa béo như mình !,Enjoyment
per đừng ảo tưởng nhé,Disgust
thật sự đọc xong thấy hơi rưng rưng,Sadness
bọn mấy bà thì quyền lực vãi rồi,Other
"sướng nhờ , bên trung chúng nó yêu nhau toàn sống chung . 😂😂😂 toàn richkid :>",Enjoyment
đứng dưới cây này chỉ sợ ngột vì mùi hoa sữa 😂😂😂,Fear
ngôn ngữ gì ngộ nghĩnh vậy,Surprise
ở free được lun hả 😮,Surprise
có ai thấy giống người đẹp 9p không ?,Other
em ghét nhất loại này . dính vào điểm mù của xe to thì ăn cức cụ ạ .,Disgust
"buồn cho những ai thờ ơ , vô cảm trước một sự việc như thế .",Sadness
"aaaaa con nhện 😨 "" aaaaaaa con ế !"" - nhện said 😂😂😂",Enjoyment
"hahaa , đợi em ngủ chút tí ròii buôn :))",Enjoyment
móe mình chưa gặp cảnh này chỉ có dọn bánh kem bọn ném nhau dính lên mọi thứ hòa với bãi nôn thôi 😱😱😱,Disgust
nhớ con gái tao quá :((((,Sadness
minh tu nguyen thuận phạm quan trọng đồng nghiệp có hợp phong thuỷ với mình hay không hâhhah,Enjoyment
tuổi thơ cũng từng trải qua nhiều lời cay nghiệt hơn vậy .. nên c hiểu được cảm giác của em ..,Sadness
sợ vãi tè ăn độc 2 quả mọc luôn 2 cái nhọt ở mông đíu hỉu,Fear
"per một thời mình ở bên nhau 😘😘😘😘, nhớ ghê",Enjoyment
chỉ vì tin “ nó không cắn đâu ” mà tao đã bị “ nó ” cắn 2 lần rồi . dume,Anger
hi vọng hòa bình ở triều tiên sẽ không còn xa nữa . goodbye ! # per,Sadness
"cái đáng nói là chủ không có thương , dòm em husky này ốm nhom , mắt lờ đờ thấy tội lắm",Sadness
thằng nào chưa bước vào quán bar hay karaoke giống tao không 😂 trai ngoan điểm danh 😄,Enjoyment
xinh mà còn ngáo nữa thì người yêu mới cưng =)),Enjoyment
mình đéo làm nhé bạn .,Disgust
"ai thì tao không biết , chứ tao thấy tiền là đã có động lực phấn đấu rồi",Enjoyment
":)))) cuộc sống mà . ngày càng thấy bản thân quá nhạt và "" duyên "" :v",Sadness
"moá nó , cười đau hết cả ruột",Enjoyment
sao con này mồm nó cứ rộng toang toác ra như thế nhỉ ?,Surprise
ý tưởng hay đáy chứ,Enjoyment
có thằng nào mắc cười không hay là do tao đéo có cảm xúc vậy vkl,Enjoyment
lại là án oan sai 😔😔😔,Sadness
yêu như trẻ con tập yêu ây .. có cái chúc sinh nhật mà nháo nhào lên cãi nhau,Disgust
tao quen rồi 😌,Enjoyment
có ai vào đọc bình luận trước khi xem như tao không ???,Other
tình yêu không bao giờ là mãi mãi . rồi cây cũng chết héo mà thôi khà khà,Enjoyment
"đúng là những đứa khốn nạn , có bán hàng hay không thì nói một câu",Anger
đéo tin gì cả 😑,Other
xem mà cuối phim thấy tội chị ma nữ 😂,Sadness
thương các con quá đi,Sadness
trung thu là tết thiếu nhi cớ sao người lớn lại vi vu thế nhỉ,Enjoyment
thời buổi bây giờ càng nhiều tiền thì cơ hội có việc làm sẽ cao hơn,Disgust
per xem đi haha,Enjoyment
per em hiểu sao anh đưa em quyển sổ rồi nha kkk,Enjoyment
em per gì gì đang hot đi làm lại ngực mà đi đoạn đường này thì ngải cứu :)),Other
quả quần tụt tận lỗ đít . đéo hiểu sao n có người yêu,Disgust
"cái này dùng con kiến to to mới có vị chua , còn cái loại kiến này làm màu không tác dụng gì",Other
trông đen đen bẩn bẩn nhìn phát khiếp,Disgust
đó là 1 câu chuyện buồn,Sadness
"con quỷ này hồi nhỏ tao khóc vì nó hoài , thấy nó không dám đi , bỏ đường phải vòng đường khác ,",Fear
phải chi có người yêu nhắn tin ngọt ngào như này,Enjoyment
nhìn mặt bé mèo khó ở ghê - _ -,Disgust
tao cũng có 1 con đi lạc 1 tuần xong nó về bắt cho tao 2 con chuột làm tao mất ngủ xong hôm sau nó đi tiếp 😞 tao mong nó về lắm 😞,Sadness
ác quá,Disgust
lâu lâu được nghe truyện cổ tích thấy còn niềm tin vào cuộc sống 🤣🤣,Enjoyment
tao lại thích chua lè chua loét chứ :))),Enjoyment
nó ảnh hưởng tới cơ thể như thế nào vậy ạ ?,Surprise
chúng ta thật hạnh phúc và luôn đi chung với nhau suốt chặn đường dài rồi đó nà ?,Enjoyment
như nó không phải là tình yêu . khi đã là tình yêu thì không gì đánh đổi nó cả . con gái kỳ lạ chỗ đó .,Other
t thấy dễ mà . không biết thì học khác biết . ez vãi,Enjoyment
"nếu không làm được thì nghỉ đi để người khác làm . đừng để vì mình mà làm ảnh hưởng đến uy tín , danh dự , nhân phẩm của chị em trong ngành . 😌",Disgust
"gia đình bọn này chắc cũng chả ra cái gì con cái mới thế , tội em gái bị đánh",Disgust
ôi cưng cưng quá,Enjoyment
dme thần đèn ăn theo tổng đài vtc à,Disgust
"đã dùng , nhớ quá ngày xưa",Enjoyment
đơn giản 🙂,Enjoyment
rủ được crush đi thì không cần qua đây nữa rồi admin ưiiii :(((,Sadness
tình cờ gặp nó và đột nhiên cắm mặt bỏ chạy như điên,Fear
vl bố tao đang ở đây mà chắc sáng mai mới về mất ??,Fear
căng thẳg quá mà,Sadness
"hồi bé đi mua xôi bị một đàn ngỗng đuổi 🙂 may mình đi xe đạp không thì ăn lol ** với chúng nó , cái thứ mất dậy 🙎🏻‍♀️🙎🏻‍♀️🙎🏻‍♀️",Fear
hồi năm lớp 8 lớp tao bị quỳ trước sân trường đây nguyên lớp luôn,Other
chân thành và giản dị . con yêu mến tình cảm của 2 cụ,Enjoyment
cố gắng lên cụ nhé !!❤,Other
nhốt hết mấy thành phần hát karaoke đấy vào sọt đi trời,Anger
"có tài nhưng đôi lúc muốn làm diễn viên hài 🤣🤣🤣, khoái thanh niên này buồn cười vkl",Enjoyment
cuộc sống đổi thay làm lòng người thay đổi . hiểu vậy cho nó vuông,Other
chung quy là hình thức quảng cáo !!!,Other
sao lại có chuyện vô lý như vậy được chứ 😠. rồi bé nhỏ sẽ như thế nào khi chứng kiến bố nó bị đâm ngay trước mặt nó . nghĩ đã không dám nghĩ tới rồi thấy thương bé quá .,Other
trông anh thần thái vãi :v,Enjoyment
khi bạn thật lòng với ai đó . nhưng người ta coi bạn như 1 trò đùa,Other
giống ml em tao hồi n nhỏ vãi . muốn ngủ với mẹ nhưng bị tao nịnh nọt bắt lên ngủ với tao :)),Enjoyment
đụ con đĩ mẹ hôm nọ đang ngủ thằng lol nào hét ầm ầm . mày về nà hét cha hét mẹ mày chớ ngủ không yên,Anger
có tất cả các vị mày niếm được,Other
cắt tóc rồi mặt như con heo,Disgust
"bây giờ con đã sai vì đã chưa làm gì được cho cha , con thật sự xin lỗi cha và mẹ ,",Sadness
không thấy không biết lòng không đau,Sadness
tán gái hay vãi,Enjoyment
nhìn ghê vãi . ai nuôi mà ác thế,Disgust
"đúng . làm gì không quan trọng , quan trọng là bạn làm điều đó với ai",Other
"xời tưởng gì , cái này tao làm được =)))",Enjoyment
thôi tốt nhất là chịu thua đi . thắng hay thua cũng đâu có được gì .,Other
giao lưu tí không . tự bấm chứ không mua =))),Enjoyment
thằng nào quảng cáo xe vãi thế,Surprise
đấy mới là điều càn đó . huhu,Sadness
hạnh phúc là đây chứ đâu =))),Enjoyment
đó cũng là cái cốt lõi cái then chốt thúc đẩy ông phát tiển sách lược của mình bằng cái tâm và cái tầm .,Other
môn này đéo dành cho những người chân ngắn như tao :) bay qua chắc lọt mẹ xuống sông ^^,Fear
xem đi xem lại vẫn hay ;)))))),Enjoyment
per ông cháu không nè kkk,Enjoyment
có hôm tao đang vương nỏ tính bắn vào con họa mi đang đậu trên cành thì ai ngờ nó phản đame đứt thun dội ngược vào mặt từ đó tao không còn chơi nữa,Sadness
cưng xỉu ~~??,Enjoyment
đằng nào thì điều hòa vẫn bật mà .,Other
:))) mình sướng mà mình không biết hưởng nhìn lại những mảnh đời bất hạnh mình nguối mặt thẹn gấp 100 lần,Sadness
per đến con nít chúng ta cũng không bằng là sao ......... tuổi thơ và tuổi thanh xuân nợ chúng ta quá nhiều thứ rồi 😭😭😭😭,Sadness
"đấy , chỉ có sale như tao mới tốt thôi , tao không bao giờ hỏi về nỗi đau của khách hàng : x",Enjoyment
kinh dị thật nhìn ngu vãi,Disgust
con bé xinh ghê,Enjoyment
kaka cái mặt bà kìa,Enjoyment
lâu lâu tự nhiên ghen mặc dù đéo là gì của nhau 🙃🙃🙃,Anger
per tự nhiên thấy mình hơi thất đức,Other
tưởng tượng mà dưới sông có cá sấu nữa chắc hết dám đi,Fear
cần xem cái kết của bọn này,Other
quá nguy hiểm,Fear
maii ban thanh nhung nhớ cái này không hic 😭😭😭😭😭,Sadness
hoàng thượng mặc áo đầu lâu mới sợ chứ,Other
tao chả bao giờ làm thế,Other
dume thằng mất dạy !,Anger
chưa bao giờ còn yêu nhiều hơn thế 😍😍 bởi cha mẹ cho tôi tất cả,Enjoyment
cuốn sổ vô dụng nhất mà tôi từng biết . ơn giời nó không còn nữa,Disgust
có những người như chủ thớt bảo sao đất nước không phát triển,Disgust
má lỡ té xuống 1 cái tao nói lên tắm 8 năm cũng đéo sạch nữa,Fear
tao khuyên bọn mày đừng dắt bọn con gái theo . nó bắt bọn mày cõng nhảy qua đấy :))),Disgust
"bệnh quá , xấu mặt người dân 1 vùng quê đồng bằng bắc bộ",Disgust
hai bác học nghiêm túc ghê :))),Enjoyment
không thấy hay ho gì cả,Disgust
bóp dái thật mạnh xem còn dám sàm sỡ không,Anger
mấy đứa chân ngắn qua sao,Sadness
ôi vãi nhìn ảnh giật mình đám nghiệt súc cười nhé răng !!!!!! đhs ... 😞 đẻ ra đau bết cả lồn,Disgust
bác nói vậy thì tao cũng quì,Other
cứ thải trực tiếp ra sông thì có xử lý công nghệ mặt trăng cũng bó tay,Disgust
"tao bảo 99 , 99999 % là mấy ông ngoài bắc và kiểu chửi này cũng ngoài bắc vì tao cũng bị chửi vậy khi còn bé . h thì bình thường nhưng nghĩ lại buồn chứ không vui đâu tụi bay . ngoài bắc cách giáo dục là miệt thị . ko đồng ý",Disgust
phim này ý nghĩa lắm,Enjoyment
"ảnh đẹp lắm , nhưng không có những người khổ này thì sẽ đẹp hơn 🙂",Other
"thì bác cứ tranh luận đi , bác nói đúng thì mình cũng chả nói gì , còn mình thấy cái kiểu cậy nhà mặt đường nhưng tư tưởng nhắn tin kia thì kiểu gì cũng có ngày sấp mặt .",Anger
yêu thế,Enjoyment
nhưng vẫn tồn tại nhiều đứa con gái không như vậy mà ??,Other
làm sao mặc áo được ta 😂😂,Surprise
"ê tao cũng hay giữ mấy cái linh tinh lại như vậy để vài năm sau mở ra xem lại có cảm giác hoài niệm , mà mẹ tao bắt tao vứt hết rồi 😢",Sadness
ảnh đẹp quá 😍,Enjoyment
"t không tiếc mấy ly trà sữa , chỉ thấy tội cho mấy cô lao công dọn dẹp mà thôi 😔",Sadness
người lớn tuổi nhiều lúc rất dễ thương 😊❤,Enjoyment
sao giốg với mình v . nhưg mình từ bỏ rồi người ta hình như cũng có người khác . từ đầu là do mình ảo tưởg thôi giờ thì tỉnh đi cô gái ạ,Sadness
tôi đập cho toè cái mỏ lun nha,Anger
có ai ngu như tao không đơn phương con nhỏ cạnh nhà 4 năm mặc dù nó ngồi chung bàn với tao suốt mấy năm cấp 3 :(((,Sadness
ở nhà vênh lắm đi bộ đội thì yếu ớt vãi,Disgust
thương mấy anh quá mà tao không kiềm được vẫn phải thả haha,Enjoyment
bẩn vãi,Disgust
đường của nhà nước co phải nhà cụ đâu mà kêu ca,Disgust
sao giống tôi rứa hỉ ...,Surprise
đm độc bình luận toàn kêu chọn nghề khác dume đây đéo phải nói tới cái nghề mà là nói tới ý thức của tụi mày đó đầu trâu óc chó . nếu chọn nghề khác thì dume ai làm công việc đó ... nghề chọn mình mình không chọn nghề được ... kể cả làm phò như tụi mày cũng vậy,Disgust
mai người ta đi học mai tao đi du lịch ố la la =))))))))))))),Enjoyment
có khi nào kết hôn xong nó giết lấy tiền bảo hiểm không,Fear
nó mà cắn ai 1 phát thì ... nghĩ thôi đã rùng mình,Fear
mát lồng lộng mày ạ,Enjoyment
mưa lắm các con giời ở nhà ngủ cho khoẻ nhé .,Other
năm nay con bao nhiêu tuổi rồi ? =)),Other
vì chúng ta không nên nói chuyện với nhau nữa,Sadness
tao xin bổ sung thêm,Other
"ngu và ngang ngược quen rồi , chừa tật nhé",Disgust
có người sinh ra đã làm ban giám khảo anh nhé kk,Enjoyment
thật buồn khi mình thịt vợ thang khác mà thằng khác thịt vợ tưong lai mình,Sadness
hay bị giật khô trên đó rồi :(,Sadness
"đm lũ chó bán thịt lợn sán cho các cháu lũ đấy phải tìm ra và xử tử hết . loz mẹ chúng mày vì lợi nhuận giết hết cả tương lai đất nước , dume lũ chó chết",Anger
đéo có người thương để mà làm ấy chứ :(,Sadness
"per chồng xem đi , hài lắm",Enjoyment
per dume lần sau có tỏ tình thì cũng 1 vừa 2 phải thôi,Disgust
chạy ngay đi 😨😨 trước khi bọn chủ tịch vào đây và giả làm con c * c gì đó rồi bị coi thường và tụi bay phải nhận cái kết đấy . 😬😬😬😬,Other
nhưng mà từ giờ trở đi đéo được tiếp xúc rồiii,Sadness
"per cùng suy nghĩ , và sợ cả điện giật nữa , giờ cứ ngồi cho chắc ăn .",Other
"cái này ở shop đồng giá 40k aeon có nè , tê tới dái luôn",Enjoyment
ngày buồn nhất trời đổ cơn mưa :(,Sadness
không có khúc rớt dt hả .. 😑,Other
như con điên :)),Disgust
tao lại bị mọc lông chân rồi :((,Sadness
sao bắt nhanh thế sáng đọc báo có tin chôm ngân ngàng chiều đọc báo đã bắt được rồi,Surprise
mỗi lần tao ăn đu đủ bằng thìa thì bố tao lại chửi tao . bố tao bảo loại mày ăn đu đủ không cần thìa đâu .,Sadness
"vãi cả ngứa mắt :)). lập luận rất là có cái "" lí "" luôn . đấy , ngứa mắt là sai cả lí rồi nhé mấy ông đỗ xe =)))",Disgust
mua thuốc ngoài thú y sức vào vài ngày nó không bám nữa,Other
"tao cũng hay nằm mơ con mèo của mình nó về , tao tưởng thật nên khóc cả trong mơ lẫn ngoài đời . nhưng nó đâu có thể về được nữa ...",Sadness
giá mà có ai để giận :v,Sadness
"chân ta cũng là chân đi và giờ bị đứt dây chằng , nằm một chỗ đợi mổ rồi mày . đồng cảm vãi",Sadness
"ai ở gần đó xin hãy giúp chú , thương chú",Sadness
cuối ngày hình ảnh của ông bà là đẹp nhất ... chúc ông bà mãi hạnh phúc sống thật lâu lâu nhé 😘😘😘,Enjoyment
cắt như anh này gọn gàng thoáng mát nhé auto đẹp trai,Other
"có thể xương của mày nó bị giòn , xuất viện nhớ bổ sug thêm nhiều canxi nhé",Other
per 1 lần chơi lớn xem em có trầm trồ,Other
xin lỗi mày nhưng tao đọc buồn cười,Enjoyment
trải qua một cuộc bể dâu . những điều trông thấy mà đau đớn lòng,Sadness
t nghĩ thằng châu phi kia nó rất nhiều tiền,Other
per đi đâu cũng nghe bài này riết muốn tắt dẹp cho rồi,Anger
nhìn thấy ghét ...,Disgust
per xàm lol giáo dục đéo gì,Disgust
per biết phân biệt phải trái không vậy ??? và có biết đỗ như thế nào là đúng luật không ???,Anger
chán mấy ông thanh niên .,Sadness
trẻ trâu thời nào cũng có thông cảm đi,Disgust
cũng là chị em nó làm nhà trẻ nên chịu thôi,Other
bắt được rồi cho bọn này đi chết đi để chúng nó sống rồi làm hại người khác,Disgust
đốt cháy túi tiền thì ở nhà cho rồi . xem chi không biết,Anger
per có thằng bị tao bắn từ đó không thấy họa mi hót nữa luôn,Enjoyment
"hôm qua tôi đi grab gặp được bạn đẹp trai , thơm phức nè . có cô gái nào có hứng thú hem ?",Enjoyment
đẹp quá v 😍😍,Enjoyment
:) thế trong trường hợp này thì sao ? có nhiều xe lắm đâu cụ,Other
lo cho thang bé lỡ rớt điện thoại xuống nước thì ....,Fear
per dăm ba cái con nhện :))))),Other
ủa rồi chân một khúc như tao nhảy kiểu gì ? 🙂,Other
trong 1 năm đó bố mẹ ông cho ông 10 tỷ đố là tiêu vặt và 1 con lám bồ để đi giao hàng,Other
k chăm được thì đừng nuôi nhìn tội quá ??,Disgust
"có hôm nó lo đọc cho mình nên không chép kịp bài , cô giáo bắt phạt đánh đòn cả hai đứa . năm sau bạn í chuyển trường mất , nhớ bạn quá !",Sadness
"đừng ám tao nữa , sợ lắm",Fear
tao gửi từ ngã tư đồng đội cơ mà đi xa vãi,Other
"lạ kì thật , một kì thi quan trọng như vầy mà vẫ nhầm đề được .",Disgust
định mệnh tao lại quên mang áo mưa,Sadness
chia buồn cùng người dân và đất nước pháp,Sadness
"per mày ơi trò này lợi hại nè áp dụng ngay :"")))",Enjoyment
per :))) không bù cho nhũng người như cta,Sadness
ôi gu mình !! mà phim lâu quá rùi giờ mà đóng lại bản khác thì không biết sao haaa,Enjoyment
"giống hệt mình , nhưng bạn may mắn hơn vì bên này quyết trốn nợ tận cùng",Sadness
"đéo mẹ bệnh viện chứ có phải chỗ gửi xe đâu , nó niêm yết rõ ràng như thế kêu ca cái gì",Anger
per ngày mai là ngày gì mà ra lắm phim vậy bạn ?,Surprise
"ước gì con về với mẹ .... đợi mấy tháng rồi vẫn chưa thấy bóng dáng con , mong con vẫn sống ...",Sadness
chất đó có làm mềm não không ?,Other
em này có cạo lông không ta sao nhìn lông ngăn quá,Other
"ngày nào cũng thấy tàu trật bánh , khá buồn",Sadness
tao thấy nhảm quá,Disgust
y tế 24tr tháng á ???? kinh vầy ???,Surprise
"thế mày lại ghép nhạc vào làm gì cho con bé bị tán mấy chục cái , mày ác lắm",Disgust
per em đã tìm ra giải pháp thiết kế rồi nhé :))),Enjoyment
sad cực mạnh,Sadness
per may cho bạn 😄😄😄,Enjoyment
đợi đến ngày họp lớp đi 😪,Sadness
tao thích con trai đầu tóc gọn gàng vãi_chưởng 🙃,Enjoyment
"hành động đẹp chứ sao , đằng nào cũng tiệt kiệm hơn :)) 0",Enjoyment
chỉ ước về sau mình được vay,Enjoyment
"bạn bè nói chuyện cũng chụp post facebook , vui không ?",Disgust
per mệt quá mấy con ơi,Sadness
nói tóm lại là nó thích đỗ đâu thì nó đỗ mình thích thì mình gọi công an . chứ mình không có quyền,Other
"mới đây mẹ tao giúp tao làm lại giấy khai sinh . mẹ có hỏi "" mày sinh ngày mấy để mẹ làm ""😑",Sadness
tôi muốn có một mối tình bình dị .,Other
hú hồn chim én :)),Fear
phải có bao nhiêu tình cảm mới có thể viết ra được những dòng này ...,Sadness
"bờ biển thì rộng , có những chỗ mày viết có thể rất lâu sau mới bị lấp đi tại sao chọn chỗ khó khăn nhất vậy . thảo nào đéo bao giờ có người yêu :))",Disgust
mệt mõi 😥,Sadness
đã thử và rất thích thú 😆.,Enjoyment
"ủa bất ngờ đây , thanh niên nào đây =))))",Surprise
con này chăm sóc n là n bao đẹp ><,Enjoyment
"dume , phải con tao thì đéo bao giờ chúng mày có cơ hội xin lỗi luôn .",Anger
"thiệt ra bạn mày đẹp hơn , vì màt chỉ được cái lưng dài lười biếng thui 🙃🙃",Disgust
móng tay và tóc theo thời gian thì mọc càng dài tại sao chỉ có con chim là nó không mọc dài hơn nữa ta,Sadness
tuyệt thật,Enjoyment
năm nay vào quán net ngồi cho đỡ phải nhìn .....☺️,Sadness
bé tí mà đã có múi rồi :))),Enjoyment
giờ nín ngay không ? việc gì phải khóc,Other
"chẳng phải chuyện hài nhưng sao tao thấy buồn cười quá , chắc thần kinh có vấn đề",Enjoyment
chuẩn không can chinh,Enjoyment
liên quan đéo gì . trung thu tết đoàn viên gia đình chứ đoàn viên người yêu đéo đâu .,Anger
cái đồng hồ mọi người cho em hỏi giá bao nhiêu ạ,Other
cụ í đỗ sai thì mợ cứ báo chính quyền thôi,Other
tao chưa nghe nói kính thuỷ lực bai giờ .,Other
"khiển trách là bị mắng rồi má , lại còn bắt chép phạt ác thật",Disgust
dăm ba cái kỉu đây hồi nhỏ tao đốt chấy vài á mà 😃,Enjoyment
cưng gì đâu,Enjoyment
2 chúng mày yêu nhau chọc tức bọn fa tụi tao thêm cay chứ an ủi đéo gì,Disgust
per kkkk,Enjoyment
tao của ngày này năm trước đang ước đừng lấy quỳ tím đem ra thử nghiệm . :(,Sadness
thính thơm không,Other
ôi không đừng vậy mà :((,Sadness
"sao mày không viết nhanh lên , mày lấy tay chặn làm gì có giúp mày tốt hơn không hả ???",Anger
nghe anh ấy nới chuyện rất thuyết phục,Enjoyment
khi nào tao nhìn con xò lông bánh bèo mà tao không mắc ói . thì khi đó tao lấy,Other
có thể là nó yêu mày :)),Other
per ối bạn ơi quà sinh nhật mình đây rồiiiii,Enjoyment
ai cho mình xin page của con này với thích xem nó live stream bán đồ gê,Enjoyment
cho nó đi trồng lại 10 ha và chăm sóc cho tới khi cây lớn bằng núc chúng nó bơm chết,Other
toàn bọn óc chó . không có lương tâm . sao chúng nó lại làm như vậy không nghĩ hậu quả sau này sao .,Disgust
"bảo không ly hôn cơ mà 😑, dma chơi nhau à",Anger
cần phải tỉnh táo,Other
per thật sự là có cách nào dắt bé đi theo được không ? 😭,Other
"thâ ̣ tao ra thi ̀ nê ́ u 1 thă ̀ người con trai no ́ yêu mày va ̀ coi tro ̣ người mày , câ ̀ n mày thi ̀ mày co ́ qua ́ i thai thê ́ na ̀ o no ́ cu ̃ người chi ̣ u đươ ̣ c va ̀ cô ́ gă ́ người la ̀ mày mày vui 🙂",Enjoyment
phim nay xem rất nhiều lân nhưng quá hay vẫn muốn sẽ tiếp tục xem,Enjoyment
thôi thì đi xem avenger lần 3 để tránh nóng nốt chiều nay không mai mưa rồi hehee,Enjoyment
cho xin tí muối ạ,Other
sao không cắt móng chân cho em ... nhìn mặt cute mà thấy móng chân em sợ phết,Fear
đã từng xem em là tất cả . mỗi khi mỏi mệt về thấy em và con cười là anh hạnh phúc rồi,Enjoyment
nằm đó mà mơ 🙂,Disgust
duyên quá nói chuyện hay,Enjoyment
"đm phạt 200 triệu đồng không có tiền đóng phạt 12 tháng tù cho biết , câu thích câu view dơ bẩn cho cá nhân mình",Disgust
gắt quá nha 😂,Disgust
đừng trách anh vô tình vì em đã vô tâm,Other
"wow , đẹp dữ vậy à hehe",Surprise
"ngồi chờ một người đi qua 1 và coi đó như 1 sự tình cờ 😂😂😂 tao đã từng , nhưng đó là tao của ngày xưa . buồn cười thật 😁",Enjoyment
"thôi , không tranh cãi , không lại các bác . nói chung không cấm thì đỗ , còn đỗ để làm gì thì do ý thức mỗi người",Other
khóc vãi 😭,Sadness
"việc của ông vũ giờ là mua nhiều thật nhiều cigar và lên chùa xây cái am trung nguyên thiền định tiếp đi qua ơi , qua quậy quá rồi để cho vợ và 4 con tiếp quản được rồi qua ơi .",Disgust
cũng là ninja như nhau mà cũng hơn thua làm gì vậy trời,Disgust
và vui mừng hơn khi biết tin chị vợ ở nhà vừa sinh hạ em bé được 1 tuần,Enjoyment
lại là bà hàng xóm 😒,Disgust
bọn óc vật 🙂 đụng vào con cháu nhà tao thử,Anger
hay . đỡ mệt,Enjoyment
"thế đàn ông có thường gục ngã trước một đứa con gái xấu không ? vậy nên đó là chuyện thường tình , đàn ông mê sắc đàn bà mê tiền , mỗi giới một đam mê , đó là công bằng , khi nào mày yêu một con xấu đi rồi hãy nói đạo lol",Disgust
per nhìn quen quen mày ơi,Surprise
mà ô chủ xe cũng ngu vãi . mất công đậu thì đậu hẳn ra giữa đường day . để cho nó đỡ mất công về lại phải mất công đi đại tu,Disgust
gv có tâm vãi 😂,Enjoyment
cầu mong chú có cuộc sống tốt hơn ❤,Enjoyment
"bạn bè thì nó hỏi han , hay nhắn tin thôi .. hồi trước hay ảo tưởng lắm , nhưng giờ lớn nên hết trẻ trâu rồi 🤣",Other
khớp vãi =))))))) mặt con bé,Enjoyment
mạng nhện chắc đóng kín rồi nhỉ,Other
tao đéo ghê con rắn tao ghê mấy cái trồi lên kìa :))),Fear
ngày ấy cũng từng như vậy ☺️,Enjoyment
"tao biết trước là nó sẽ lao vào màn hình mà , vậy nên tâm vẫn tỉnh lúc nó lao vào .",Enjoyment
quả mặt dễ thương dữ vậy,Surprise
"lúc sinh ra rồi , con gái không nói , là con trai thì ổng sẽ phải ước mình chưa đẻ ra nó , có thêm đứa tranh vợ với mình mà 😂😂",Other
cưng xĩu 😊😊,Enjoyment
người ngoài hành tinh nói tiếng anh ????? nà ní ?????,Surprise
"nghĩ đến cảnh mặc áo là cảm thấy mất cả tuổi thanh xuân , chưa kể là lúc ngứa thì gãi kiểu gì 😂😂",Enjoyment
cứ thấy nó là ăn không còn xác thì lấy gì chúng kịp phá . nhìn thèm ứ chịu được 😔😔😔,Sadness
xem video chị này công nhận hay và ý nghĩa thật . giờ lên xem vid mới biết về tuổi thơ chị này cơ cực thật đấy,Enjoyment
nó giống tao ghê . gặp tao tao cũng chọn mày,Enjoyment
hiện tại cảm thấy hạnh phúc khi môi trường làm việc toàn người lầy ....,Enjoyment
đúng là mỹ nhanh gọn dứt khoát,Enjoyment
khúc cuối cười lộn ruột,Enjoyment
mặt con mèo giải trí dữ 😬,Enjoyment
tại con này xấu quá không nhận diện được khuôn mặt,Disgust
"đã ra tù nhưng chắc nhớ tù quá , muốn quay lại trại nên mặc quả đồ này :vậy",Disgust
anh có tin em giận lại anh không ?,Enjoyment
ác đến vậy là cùng,Disgust
khi cô đơn lòng em nhớ ai :((,Sadness
"nếu chiếc xe đỗ giữa cửa nhà tôi như trong hình của thớt tôi hoàn toàn không có cảm giác gì , kể cả ngày nào cũng vậy luôn .",Other
"đang định đi nhổ răng khôn , nghe được tin này thấy ghê răng 😁",Fear
"ước gì boss không co chân lên , tao vẫn sẽ nghĩ là boss thật khí chất =)))",Sadness
xem xong tao đã khóc rất nhiều,Sadness
ha ha ❤️ chất lắm,Enjoyment
bộ này hoàn hảo quá,Surprise
đậu . tao mê nhất là giọng tuy hòa phú yên . nó luôn mang một ấn tượng sâu sắc . nghe cứ thích thế nào ấy,Enjoyment
lại ngáo đá rồi,Disgust
tao thì nói xong lại thấy người ta không hứng thú thì lại lượn,Sadness
để có được cái nắm tay tuổi già là bao giông bão của tuổi trẻ . mấy ai qua được bão giông ?,Enjoyment
quan trọng là có per luôn tạo độ khó game cho tôi :))) và không thể thiếu sự trợ giúp của các anh em trong team 😂,Enjoyment
điều tồi tệ là học nửa vời chã ra làm sao,Sadness
chỉ có màn hình là xấu thui,Other
cùng câu hỏi .. vụ thang máy thì sao nhỉ,Other
"mỗi ngày đi làm về , tôi không vội vào thang ngay mà thường ngồi sảnh tầm 20p chỉ để ngắm gái xinh cùng tòa 😆.",Enjoyment
đây mới là công an của nhân dân việt nam cảm ơn bạn nhiều điều tốt đẹp hơn nhé vanew,Enjoyment
per sau hôm sinh nhật là có cái này . ngon vãi,Enjoyment
per kinh dị thấy mệ luôn nè,Fear
tuy hơi fail 1 chút nhưng rất có năng khiếu lớn lên không chừng làm ca sĩ ấy chứ đừng đùa,Other
đúng là tấm gương xáng để con cháu noi theo =)))))),Enjoyment
khi đã đổ vỡ hàn gắn lại chắc gì đã được như lúc đầu :'<,Fear
"tào lao , bịa đặt",Disgust
"chia sẻ cho anh em , haha",Enjoyment
cách này nhiều người áp dụng quá rồi :))),Enjoyment
tưởng bú được vài cái thích của tụi dân trí thấp thì mình khôn ?,Disgust
doume khó vậy mà cũng nghĩ ra được 🤣,Surprise
sao ảnh này nhìn con rắn đáng yêuc vãi :))),Enjoyment
sau mưa ra đường sợ nhất gặp giun,Fear
per đứa nào nghĩ ra được cái qcao hay vãi ...,Enjoyment
bạn trai thì chưa . nhưng mỗi lần thằng bạn nó cắt tóc cạo râu thì auto nhìn đẹp trai,Enjoyment
í thức mấy đứa đi xem như lol .,Disgust
đã từng . và bị phũ như 1 con chó 🐶😂😂😂😂,Sadness
thiểu năng đội cái nón không nổi thì sao đủ năng lực chạy xe . nhìn là thấy hãm .,Disgust
anh lấy đi niềm tin trả lại cho em những gì,Sadness
thông minh lắm,Enjoyment
thêm cái trang này ăn cắp ý tưởng của tôi,Anger
đề nghị các bạn giữ trật tự trong rạp phim !!!!!!,Other
cam mà vắt thế chỉ có đắng nhé thôi đồ ngu,Disgust
"t sẽ tự an ủi tất cả chỉ là diễn thôi , diễn thôi , đéo thể tin được đâu 😏",Disgust
ngu hết phần thiên hạ,Disgust
tin tao đi tiền là thứ duy nhất làm động lực để mày vui :)) tao chia tay xong . cắm mặt vào làm để mua sắm và du lịch :)),Other
tao thấy con mèo xinh hơn,Enjoyment
cho nó cắn phát xem có thành spider man không 😂,Enjoyment
bếp ga hj hj 🤣🤣🤣🤣🤣🤣,Enjoyment
"từ hành động và lời nói của tụi nhỏ này không biết nên trách ai bây giờ ,, thối nát một thế hệ",Disgust
sớm bình phục nhé,Other
căn bản là họ không đáng cho mình trân trọng thôi . per,Disgust
giống thằng này vãi :))),Enjoyment
"năm nào cả sinh nhật âm hay dương mẹ cũng gọi điện cho mình , bà ngoại trên 80 , bác ruột mình đều nhớ hết 😂😂😂",Enjoyment
quan trọng nhất vẫn là tấm lòng 🙂,Other
cái mặt hoang mang thấy thương 😆❤️,Enjoyment
nhìn ức chế vãi,Anger
coi mà cái tay nó rung trái tim nó đập sợ cái thằng đó té sấp mặt luôn thì không bình thường họa mi còn hót được không :)))),Fear
nhìn kinh vãi,Disgust
hỡi thế gian tình ái là chi mà đôi lứa nguyện thề sống chết ? 😁😁,Other
per bất nghờ bốc cháy,Other
"đọc bình luận mới công nhận "" mấy đứa nói đạo lý sống như lol "". đây là câu chuyện vui bạn bè trêu nhau thôi không đến lượt mấy người dạy bé cách cư xử như thế nào đâu . có người con như thế nào bố sẽ rất tự hào đấy",Disgust
chuẩn kkk 😁,Enjoyment
😂😂😂 nhìn và đợi chúng nó chia tay,Other
làm mấy chuyện dở người để được nó chú ý,Other
không mưa thì kêu trời mưa thì cũng kêu trời,Disgust
họ có thể không giàu có về vật chất nhưng hạnh phúc của họ giàu hơn rất nhìu người ❤,Other
"người ta ăn hàng tỉ lại phát 5 tr , còn gì là pháp luật nữa",Disgust
à còn có thể loại con trai cắt tóc xong rồi tự soi gương xong khen mình đẹp trai mới vãi,Disgust
"per đi làm với c mình vui hết xẩy , trừ những lúc khó tính :))",Enjoyment
phải tôi đỗ lên vỉa hè giáp cửa nhà bạn bán hàng luôn . vỉa hè rộng thế kia cơ mà .??????????,Other
cảm thấy sợ mấy thứ suy nghĩ cổ hủ của người lớn :(,Sadness
bò ra mà cười :)),Enjoyment
per xem cái này đỡ chán đi ông,Other
em buông tay anh nhé .... quá khứ ấy anh hãy xoá hết đi .......,Sadness
thông minh vãi,Enjoyment
gửi đứa nào chưa có người yêu,Other
mày lười vãi lol,Disgust
đi xem 1 mình có sợ ma không 🤔,Other
chả thấy nói nó cho admin bao nhiêu xiền để pr nhỉ,Other
tôi đã xem đi xem lại 3 lần và xem lại lần hai mới hiểu hết nội dung và thấy hay hơn khi xem lại lần 3 . ai chưa xem hãy vào xem thử 2 lần !,Enjoyment
"anh biết em có nhiều chuyện , nhưng việc trước mắt là em nộp phạt đã , nếu không xe em sẽ bị thu vào đồn",Other
thế hóa ra nguy cơ trầm cảm của tao cao lắm,Sadness
mày giận lại tao hả tốt quá bố mày được đi chơi game rồi . tối về dỗ nó sau . chờ mãi câu giận của mày :)),Enjoyment
đừng đùa với người nước ngoài nhé,Other
làm giáo sư mấy chục năm mà cuốn giáo trình chưa thuộc hết nữa à,Disgust
anh lỡ mất em rồi huhu,Sadness
nhớ lại ngày xưa,Other
bình tĩnh vãi_chưởng =)),Enjoyment
đai giảm tốc độ kiểu ấy mà gặp mấy bà đang đau đẻ là xác định đẻ trên xe hay ở nhà đi rồi hẳn đem lên bệnh viện 😂😂😂,Disgust
thạ timmmmm đùa tao yêu mặt nó lúc ôm đầu vlllll xinh quá con ưiiiiiiii,Enjoyment
đứa nào tin là đơn giản thế ra đây tao tát cho vài cái cho tỉnh :),Anger
mẹ . trung thu là tết thiếu nhi . có phải mùa động dục đâu mà phải có người yêu nhỉ . vớ va vớ vẩn 😒,Anger
nhiều khi cũng muốn người yêu chọc để dỗi phát cho bằng người ta . mà nhận ra mình làm gì có người yêu 😌,Sadness
lâu lâu mới có dịp ăn bánh trung thu mà gặp bán hàng halo thế này thì cho ế mẹ luôn không mua bán gì hết . xem ai bất hạnh hơn ?,Anger
ngáo như con cáo rồi ????,Other
khác đéo gì . về thái độ lồi lõm nhìn muốn sút cho phát 🤬🤬,Anger
mấy con gà bị lừa mà đéo biết .,Other
móng dài thế lúc đi ỉa xong làm sao xịt nước . xịt nước 1 tay còn tay kia phải rửa đít mới sạch được chứ . khả năng cao ông này dùng giấy chứ không dùng vòi xịt,Disgust
chút mua ... hehe,Enjoyment
tạm biệt ánh sáng của đời tao,Sadness
cái tháng học sấp mặt luôn,Sadness
làm ở đâu không quan trọng . quan trọng là có chị em tốt để tạo nghiệp :)))),Enjoyment
giống chó này hình như không có lông ạ ?? chó nhà em lông rụng đầy nhà .. huhu,Sadness
tôi từng được sống . nhưng đấy là truyện của năm ngoái rồi,Sadness
một lũ ngu,Disgust
dễ thươnggg,Enjoyment
"vãi cả phí , có ... 81 tỷ hoy 😓",Sadness
ra tới cổng tao nói ha xấu cái chắc tao cười ỉa,Disgust
nếu địa phương không xây cầu thì người dân cũng có thể tự làm cầu cây mà . phóng lỡ hụt chân thì xác định nát người .,Fear
cứ chiếu mấy bộ phim thế này bảo sao tụi nhỏ không chịu học,Disgust
giận làm gì cho mệt 🙄 đằng nào mày cũnh phải xin lỗi tao mà,Other
móng của bố tao . hồi trước và bây giờ đã cắt vì lý do . sức khoẻ .,Sadness
uầy các cụ ngày xưa đẹp trai xinh gái thế,Surprise
nín đi . sang ngủ với mẹ đi đêm nay anh chông chị cho =))),Enjoyment
"không nghe lời cha mẹ , không ăn học , giờ đi hốt rác . không có giá trị trong xã hội , bày đặt chữi ai .",Disgust
mày không phải nhảy vào mồm tao như thế . nhảy vào là tao cạp cạp cạp ...,Anger
mình thiì chưa năm nào được trọn vẹn,Sadness
loại mất dậy,Anger
hỏi thế gian tình ái là chi =)))),Other
quả mắt nhìn sợ vãi,Fear
vặt đôi gương cảnh cáo :)),Anger
per chúng ta vẩn xài . kk,Enjoyment
per nhớ lần mua mộc ra bờ sông ghê . đã thế còn làm li đặc biệt . dm,Other
cảm xúc đéo gì khi mà họp lớp đéo đi,Disgust
vừa xử lí vừa thải nước bẩn ra liên tục thì coi như bó tay,Disgust
moá cưng quá ??,Enjoyment
má con đàn bà thối mồm gặp thằng say hèm,Disgust
đó là dấu hiện của sự trưởng thành =))))))))),Enjoyment
cứ mỗi lần có phim hay là xách nhau đi 🤣,Enjoyment
vãi đông như này á 😢,Surprise
cười muốn tắt thở 😂😂😂,Enjoyment
ừ thế là kể từ đấy về sau đứa con trai nào cũng trở thành huynh đệ với nó hết,Other
per không lẽ sau này kím bạn trai không tập gym 😖,Sadness
per huhuu không biết lúc đấy thực tập chưa :(((,Sadness
chất quá .. haha,Enjoyment
"per cái thứ yêu nghiệt này cứ thấy tao như thấy crush , cứ gặp tao là đuổi :)",Disgust
"ốm cũng được , chỉ cần mát thôi 😌",Other
cái vị mà ai cũg muốn thử và mỗi người thử lại cảm nhận được một vị riêng,Other
per mày ăn ở kiểu gì mà ra được cái này luôn thế,Surprise
chứ còn con mẹ gì nữa 😔,Disgust
"per 2ce thì có thể làm được , ly mà làm như vầy thì 🤣",Other
- chủ tịch giả nghèo bán vé số và cái kết -> đừng bao giờ xem thường người khác,Disgust
phải giết ngay không nó lại đẻ trứng,Other
yêu chết dược 😍😍😍,Enjoyment
"thằng bạn ngồi kế bên lớp 2 nhà bán vàng mà nó học dốt , thế là làm bình thường về nhà cho nó , 1 bài 2k , mồi ngày kiếm 8 - 10k 🤑",Enjoyment
để tao nấu thì quên luôn . xác định tối đó đói :((,Sadness
ngưỡn mộ chi lâu lắm oy . mà giờ biết thêm nhiều về chj nữa nên càng yêuc chj nhiều hơn 😍😍😍,Enjoyment
haha cứ lên xuống thấp thỏm kìa ..,Enjoyment
còn nhiều người chưa có người yêu lắm :),Other
các bạn trẻ ! người lớn có thể nghe thấy tiếng chó kêu mà không hành động gì để cứu vớt . các em thật đáng khen . cần những bạn trẻ nhân ái như các bạn .,Enjoyment
cuối cùng per cũng thành công rồi nha per nha,Enjoyment
🤣 lau mặt bằng quần chíp của vợ à ?,Enjoyment
đồng nghiệp của tôi là ai 😑,Disgust
con chó có đuôi . con người có ý thức . đm mấy thằng lol này ý thức đéo bằng con ruồi .,Disgust
"khi xưa bị rượt 1 lần mà nhớ đời , còn mổ tao nữa chứ 😨😨😨",Fear
việc mày giận lại không còn quan trọng khi mày đéo còn là món mà nó hứng thú nữa 🙂,Disgust
gì mà ghê vậy 😑 sởn gai ốc,Fear
ngầu lắm bạn ạ ^^,Enjoyment
thực ra chỉ cần nhập đúng input là được thôi mà :d,Enjoyment
dăm ba chuyện hẹn hò có gì hay ho 😌 nhưng mà thi thoảng có dăm ba cái chuyện này cũng hay 🙂 tóm lại xem để giải trí đỡ buồn cũng tốt 🙂,Enjoyment
t tưởng nó nói tiếng việt chứ,Other
má đáng yêuc quá dạyyyy ??,Enjoyment
per đẳng cấp nào rồi em,Other
"sao mày không như crush của tao , thuỷ triều lên cũng đéo sợ nhé 😆",Enjoyment
khổ thân vãi :)) xong bà lườm luôn :)),Sadness
học sinh cứ làm mấy việc tốt như thế này có phải các phụ huynh yên tâm không . 😍😍,Other
dù trời có sập cũng phải ăn đã nhé :))) anh có gấp lắm cũng phải chờ em nhé 🤣🤣🤣,Enjoyment
cưng thiệt chớ ????,Enjoyment
"màu này lạ quá , kết hợp hài hòa đẹp quá",Other
"dùng iq xíu đi mấy má , người ta đang mô tả tình yêu của người ta",Other
đây là hình ảnh của boss trước khi có vợ và sau khi có vợ là một tr một vực,Other
ý thức người khác không tốt thì cũng chẳng bao biện được hành xử của bạn không tốt . nghe từ đầu đến cuối là tiếng la hét chửi rủa -.-,Disgust
"thật là romantic , mà mà mà ... sao nghĩ tới cảnh động phòng hoa chúc tao thấy nhột nhột lỗ đít 😧😧",Fear
"per đi coi phim coi , hẹn quài luôn á",Anger
bố là số 1 vĩ đại hơn những gì con cần,Enjoyment
tưởng thế mà ngầu,Disgust
hôm nay anh xin lỗi em về những việc anh đã làm hôm nay .. anh không thể kiểm soát não anh được nữa rồi 🤫,Sadness
thế này mà gặp per thì phải chạy phọt dắm ra quần per nhỉ,Enjoyment
sao nỡ lòng nào khiển trách bác ấy . còn họp kiểm điểm nữa . tội quá .,Sadness
khổ nhân viên,Sadness
mới ho mà đã như thế nào thì lấy chồng chắc sống trong bệnh viện cả đời mất thôi,Fear
hồi lúc nhà tao nuôi mấy con ngỗng . mỗi lần đi ngang nó là nó đòi dí cắn mà trong khi tao là người cho nó ăn . thứ ngu như bò 😤😤,Anger
thế mà cũng bắt được siêu vãi,Surprise
per ê xem đi phim này lâu rồi nhưng mà hay lắm,Enjoyment
còn tao thì còn không có nổi 1 người tỏ ra thân thiết quan tâm cơ . _ .,Sadness
có gặp cũng đéo dám ngẩng đầu lên nhìn,Sadness
"công nhận lãng mạn thật , nhưng tao đang tưởng tượng cái cảnh động phòng , eo ơi ......",Fear
ông định làm gì anh vợ tôi ?,Other
có đủ mọi gia vị :< em thấy vị đắng của sự chua sót quá nhiều :),Sadness
thằng chó chết mày quá dã ư,Anger
có duyên nhưng không có phận ... người ở lại vẫn luôn là người đau nhất !,Sadness
per hôm nay c cũng bị giống thằng này này,Other
mua thêm vài trăm con cá xấu thả chắc vui hơn,Enjoyment
:( cầu chúa ơn nhiều ban bình an cho những người kém may mắn như vậy,Sadness
đéo hề dễ thương khi nó cười với đứa khác :)),Disgust
dài quá vướn víu,Other
nhiều lúc sợ bị pê đi,Fear
"trượt rồi , còn đâu mà rủ 😞",Sadness
hình như đây là 3 đứa ranh con củ lồn đó ((:,Disgust
"kiến đỏ thì được , nhưng đây thì lại mấy con kiến hay bò qua cứt .... mấy ổng ăn ngon vãi 😐",Disgust
azz :3 mặt cưng xĩu,Enjoyment
"lâu lắm đéo được gặp nhện trong wc , quên mất cảm giác nhịn ỉa như nào rồi 😂",Fear
cái thứ bán hàng đéo có tâm . rồi mày sẽ ế bánh cho mà xem,Anger
ko biết đúng sai như thế nào giờ báo đài ai cũng bênh ông vũ tự nhiên cảm thấy táo xàm vì tiền bất chấp .,Disgust
gặp tao cũng thế :))),Enjoyment
"cái quá phơi lúa xong mưa , tao đang cười vì bà béo thì phải ngậm mồm .",Enjoyment
chụp xong về chia tay ráng chịu :))),Disgust
"per huyền thoại , kkkk",Enjoyment
3 chàng ngốc . top 1imdb phim đáng xem nhất mọi thời đại,Enjoyment
giống con nít quá ba :))),Disgust
đúng là thằng admin khùng,Disgust
"ngày xưa toàn bị mẹ đánh bằng dây điện , vụt phát nào ứa máu phát đấy . giờ nghĩ lại tự nhiên lại thấy hay , vì ngày xưa mẹ nghiêm khắc như thế giờ mình mới ngoan 🙂",Enjoyment
thằng dăm này phải cho vào tù nó mới biết thế nào là dâm rê,Anger
per cú này hoành tráng hơn bệnh nhân của anh luôn nè,Surprise
cái này đẹp tía,Surprise
nào tao cũng phải thử =)))),Enjoyment
ngu thì chết . chẳng biết nó nghĩ sao mà lao vô cướp ngân hàng ... có thằng nào thoát bao giờ đâu . không biết nó có hiểu không 😅😅😅,Disgust
này 2 đứa . đã chia tay chưa . chia tay rồi có xem lại video này không .,Other
cho hết vào trường giáo dưỡng,Other
cao su không thu mà đồi cao su đắt vậy,Other
per gặp thần tượng mỗi ngày kkk,Enjoyment
lâu lắm không nghe bài này .. có bà bạn bình luận dạo mới nghe lại ??,Other
con mèo mặt lol dám đập con thỏ của tao sao 😡😡😡. dkm mày,Anger
sau nay em cung uoc duoc nhu vay ❤,Enjoyment
ngộ nghĩnh nhỉ ! lạ lờ nhỉ !,Enjoyment
một năm đầy biến động và thăng trầm của nước pháp ☹️,Sadness
"dm gì cũng bắt phải làm , phí thu vãi thì chả top1 :))) nhân với chả viên",Disgust
per :)) hiểu được nỗi lòng anh chưa ! mốt đừng giận anh nhiều nữa nha,Enjoyment
việt nam có hệ thống bật tường sắt như nước ngoài luôn à :v,Surprise
nhìn mặt con mèo là thấy ghét rồi,Disgust
phận làm con trai haizz,Sadness
chơi ngu vừa thôi mày,Disgust
thiết kế vậy tiện . nào hư của xe thì lấy của quạt gắn vào đỡ mất tiền thay,Other
biết bao khó khăn mới được vậy,Other
3 giờ sáng nằm xem xong khóc miên man 😢😢,Sadness
em mình là con trai viết đẹp y chang thế này nhé,Enjoyment
hóa chó nhiều quá thì cũng có lúc phải hóa thành người chứ =)))),Other
dm con già mà hành xử trâu chó . đời nó sẽ gặp báo ứng,Anger
per má có điểm cho sướng vãi,Enjoyment
cảm ơn những người thả 😡 nên mình biết là đéo hay nên mình đéo xem . may vãi,Enjoyment
đề này cũng bình thường mà đâu có khó,Other
mắc dại thiệt chứ,Disgust
kém sang,Disgust
thanh xuân là để bỏ lỡ 😔,Sadness
tẩy được bao nhiêu mà hô hào gớm thế,Other
công khai biết sai sao vẫn làm .,Other
năm ngoái nhìn rồi năm nay ở nhà xem lại phim ác quỷ valak the nun .😄😄,Enjoyment
đẹp trai v :((((,Enjoyment
"chủ quá vô tâm ?? thà đừng có nuôi , nhà tôi nuôi chó cỏ thôi nhưng vẫn tim thuốc định kì đấy ??",Disgust
do kiếp trước mày nghiệp nhiều quá lên giờ phải trả thôi,Disgust
có tâm mới có tầm haha,Enjoyment
lấy tiền tỷ mat phạt có 5tr thôi á ?,Surprise
per nghe lại buồn vãi,Sadness
năm nay chạnh lòng quá . haizz,Sadness
"mình theo dõi mấy nick quân nhân , tập trận , pccc ... hay vãi luôn á .",Enjoyment
ám ảnh đến bây giờ 24 tuổi vẫn sợ ngỗng :))),Fear
"thao trường đổ mồ hôi để chiến trường đỡ đổ máu , ý thức từ bé đi 🙂",Other
"và mấy mẹ thấy mỗi cái chi tiết : ông vũ khuyên bà thảo lui về sau . chăm lo cho gia đình .,,, là gào mồm lên , kêu đàn ông gia trưởng này nọ , vũ phu , bảo thủ nọ kia .... đúng là toàn mấy con bò ... chả ai hiểu bà thảo bằng ông vũ cả đâu , người ta khuyên vợ lui về vì thừa biết tính vợ , tầm nhìn của vợ đến đâu . còn thực vợ giỏi , có tầm thì chả thằng nào không muốn sát cánh , đồng lòng với người chăn gối , tay ấp cùng mình cả . vấn đề là cái tầm của bà thảo để mà đưa tn đi lên chỉ có vậy , vì đó là tâm trí của một con buôn .",Disgust
"ba cái đồ yêu , 1 ngày 2 lần nấu đây , ngon bá cháy bọ chét nhé , thơm mùi khói nữa …",Enjoyment
nó sẵn sàng kiếm cớ bỏ người đang quen để theo người có tiền nhiều hơn,Disgust
tại ông bố bảo thủ hết,Other
"trung thi thì liên quan mẹ gì đến việc có gấu , tao thà ngồi nhà cho khỏe để xem mấy thằng đó dắt vợ của thằng khác đi chơi !!",Anger
:))) đồng nghiệp đáng yêu,Enjoyment
chuẩn không cần chỉnh chỉ cần sửa thôi ...,Enjoyment
chuẩn lun,Enjoyment
dume hẩy kiểu đó làm sao mấy bà kia ăn dô nữa 🙂,Disgust
crush của tao cười hơi bị xinh :3 xinh + cười = đỗ mãi • 3 •,Enjoyment
"trông mấy anh bên người ta vẫn men nhỉ , bên mình bạn nam dưới nhìn hơi íu đúi .",Disgust
woa ... dài dữ ..😃😃,Surprise
đừng ai lấy cả hộp kẹp của anh ý nhé :(((,Fear
lại mất tiền ngu,Sadness
có người còn thả haha não gì ấy nhỉ . gạch đá xin nhận,Other
sau vụ 200k thì vụ 5tr này có nội dung hài hước y hịt :)))),Enjoyment
sang năm khênh hẳn giường ra nằm xem cho đỡ mỏi lưng,Other
má chắc gặp tao chạy mất giày,Fear
thế chân ngắn như tao thì phải làm sao với cái cầu,Sadness
phim rất ư là hay lun quả xứng đáng là đạo diễn phim việt nam tài ba,Enjoyment
mẹ mấy tk chê này chê nọ thử chạy 5 vòng sân bóng đá đi đã rồi hãy phán người khác .,Disgust
thằng biến thái,Disgust
ra xã hội rồi mới biết mình còn may mắn hơn rất nhiều người vậy nên hãy trân trọng những gì mình có 😊,Enjoyment
đéo thấy vui đến lúc nó dừng xe đạp nó vả cho vỡ mõm lại hỏi tại sao 😌,Anger
đầu năm chúc đại kỷ nguyên vạn sự như ý nhé,Enjoyment
"hồi nhỏ chỉ khi nào mẹ làm bánh tai yến thì mới dùng tới bếp dầu hôi này , không là bỏ tủ để dành",Other
khi bạn ngu tất cả các lĩnh vực như toán học văn học nhưng vẫn cố tỏ ra nguy hiểm,Disgust
tự nhiên mình lại không muốn làm single mum nữa -.-,Sadness
quan trọng là đồng nghiệp tốt và sếp,Other
không có gì là tồn tại mãi nhỉ,Sadness
đau lòng lắm khi tối nay chồng tương lai của tao lại cống hiến sức lực để chăm sóc vợ thằng khác ..,Sadness
nhiều cụ cứ chửi người ta mà không chịu xem lại bản thân mình :)),Disgust
đi hành xác chẳng có cái vẹo gì :))) tao đi 1 lần tao cạch,Disgust
chưa hoàn thiện hết đâu .,Other
các bạn đã xuất sắc hoàn thành nhiệm vụ,Enjoyment
"chạy xe ra đường mà che kín mặt , làm sao mà quan sát xung quanh được . đúng là ninja xành điệu , mai mốt thành ninja bàn thờ cho mà xem .",Disgust
per mỗi ngày đi làm thấy per là như có thêm power cho 1 ngày siêng năng !!!!,Enjoyment
con gái thật lòng nhất khi con trai không có gì . con trai thật lòng nhất khi anh ta có tất cả mọi thứ . cuộc sống mà 🙄 có chắc mình thấy gái xinh là không tớn lên không mà đòi con người ta không mê tiền . phát biểu nghe thực dụng vãi,Disgust
"dume lương cao nhất vẫn là các lãnh đạo nhé , trăm đến nghìn tỷ :))) mà toàn chạy thêm xe ôm với bán rau :))))",Disgust
cuối cùng tao cũng được xem hết mấy cái video mà trước đọc comt đéo hiểu gì 🤣🤣,Enjoyment
cái phim vietsub đang hay lồng tiếng vào nghe dị ứng thật 😒😒,Disgust
nắng quá chứ bộ ai muốn,Other
sau vụ này ý thức đậu đỗ xe của tài xế sẽ tốt hơn rất nhiều !,Other
hôm ấy tao chân ướt chân ráo từ quận 6 lên quận 3 cũng rẽ trái đoạn ntmk và cmt8 . mất 3 lít :( khôn hẳn ra,Sadness
nổii da gà hic,Fear
tìm mọi lí do để có thể chạy xe ngang nhà nhìn nhà nó phát xong cười mãn nguyện đi về :)),Enjoyment
nguy hiểm lắm,Fear
ông này chính xa ́ c làm biến nhất thế giới !!! để bộ móng tay như thế này sao làm được mọi viê ̣ c !,Disgust
tính ra tao lúc nào cũng hài hước vui vẻ luôn đó trời :)))),Enjoyment
"cũng tùy , đôi khi không cần vật chất mà chỉ cần động viên , san sẽ những khi con mình vấp ngã hay khó khăn trong cuộc sống thì ...",Sadness
cảm thấy bị tổn thương,Sadness
eo ....,Disgust
sởn gai ốc với chị ấy,Fear
"haha con hãm bán nước hoa fake mà kêu real , bị tao vạch mặt rồi block tao",Other
hóng mấy đứa mấy thằng tag người yêu rồi ảo tưởng như thế này xd,Disgust
"còn tôi thì lại khác , thanh xuân của tôi chả có bây giờ gặp được aiii và hạnh phúc bền lâu cả :(",Sadness
càng nhìn tấm ảnh càng thấy thương cha mẹ nhiều hơn,Other
"ám ảnh hồi bé của c , con này trông nhà oke hơn cả chó luôn",Fear
cai lo xô tôi đang xài mỗi ngày,Other
hình như xe biển xanh,Other
lớp tao thì học nhau 3 năm chụp kỉ yếu nói : đéo có tiền đi chụp . địt mẹ mấy con mặt lồn . quá đen khi học còn mấy con đấy,Disgust
trời ơi quảng cáo ngói mà sống động quá,Surprise
"hy vọng chừng đó con đã đi mẫu giáo lớn , 1 xe bảy chổ và nhà hai tấm 🤣",Enjoyment
per đừng lầm tưởng,Other
bưởi chín nó như vậy đấy ngu ạ,Disgust
không sao đâu :) bệnh này lây qua đường tình bạn,Other
1 bạt tai 2 đạp chứ ở đó bướng,Anger
súc vật là có thật .😏,Disgust
anh vui thì anh ngồi thôi ... chú cự để mặc anh . :v,Enjoyment
"phim này nên xem và thuộc mấy đoạn thoại , rất hay",Enjoyment
vn là vậy . bn công chăm sóc của tao đổ sông đổ biển .,Sadness
thế em ăn anh được không ?,Other
như kiểu người yêu luôn ấy =))) nhẹ nhàng,Enjoyment
per cđ chỉ cần đơn giản như thế đã ấm lòng thế ... rơi cả nói chuyện mắt ...,Enjoyment
chỉ mong cảnh này sẽ không còn xãy ra ở xã hội này nữa . bất hạnh vậy đủ rồi 😞🙁,Sadness
đúng phải chia tay gặp loại óc chó thế này cơ mà,Disgust
xạo quá add ơi ! y tế nào lương 24tr thế ?,Disgust
"tao thì chưa cắt thì đã đéo có sức hút rồi cắt , bùn vãi",Sadness
"per đâ ́ y , hiê ̉ u vi ̀ sao nên cha ̀ o mo ̣ i ngươ ̀ i chưa",Enjoyment
khó hiểu lắm,Other
ước gì tôi cũng được kiên trì như anh ấy để dạy con gào mất nết nhà tôi 😪,Sadness
con này ăn cức mà lớn hay sao ấy . đánh không lại thì chạy ngu như bò đứng cho tụi nó đánh,Disgust
khi nào có người mang trầu cau sang hỏi cưới thì tao kết hôn . hỏi thừa thế 😒,Disgust
cho em canh với . hehe,Enjoyment
"vừa về xong , phải nói là đông vãi đông chứ không phải đông bình thường =))))",Enjoyment
trên đời vẫn còn nhiều điều tốt đẹp ❤️,Enjoyment
chắc học từ bỏ quá,Sadness
mẹ thấy đơn giản không ? đấy giờ chỉ việc lên số cái .... lên ...☝️☝️,Enjoyment
và thế những thanh niên ô dâm vào bình luận về cô giáo mình như đúng rồi . nhân cách mất mẹ nó rồi,Disgust
per tôi có 1 thằng bạn lúc nào cũng chỉ lo dìm hàng chiều cao của tôi thôi .,Disgust
yêu làm mẹ gì rồi phải chia tay người ơi,Sadness
cô per vợ ông per - trung nguyên - có phải là cô giáo per huyền thoại không nhỉ ?,Other
chỉ sợ tốc độ ăn của dân mình thì không kịp gây hại thôi,Other
phạt là đúng rồi,Disgust
cần có cơ quan chức năng tới để làm rõ vụ việc với ngư dân đã bắt nó,Other
ai bảo đi mách lẻo làm gì chúng nó chả đánh cho .,Disgust
chúc mừng em và chúc em học tập tốt ngành học đã chọn ! niềm tự hào của tây bắc !,Enjoyment
t nghĩ thợ chụp đéo có tâm bằng thợ make đăng và thợ photoshop đâu,Disgust
"nói dân trí thấp lại tự ái , hỏi nhiều hỏng nhiệm vụ nó lại quy tội chống người thi hành công vụ thì ăn lồn",Disgust
có chị em nào khu vực loc đi coi cùng mình không ...,Enjoyment
vì ai cũng có mối quan tâm riêng,Other
"nói câu sau là nuốt câu trước , y chang nuốt não nó v đó nhỉ kk thật thú vị",Enjoyment
mới mua p30 luôn,Other
rồi nhận ra chỉ mình là cảm thấy như thế thôi hả :(,Sadness
nhìn cách dạy chó là biết cách dạy con,Disgust
ngày nào cũng ngủ với mẹ rồi mà vẫn còn tiếc :))))),Enjoyment
"thằng nào vẽ đẹp , vẽ giúp tao tấm ảnh per phòng hờ cúp điện không có tài liệu quay tay :(",Enjoyment
cho chừa cái thói chạy xe khôn lõi,Disgust
thề luôn con ngáo nó thích trêu mấy đứa sợ sợ như này =)),Enjoyment
"đm tao quăng bể mẹ nó cái màn hình , chó admin - _ -",Anger
không biết nguyên nhân từ đâu,Other
tài năng sáng tạo vẩy bút thôi cũng là nghệ thuật,Other
má :))) đoạn đeo mặt nạ kinh dị vkl :)),Fear
thế mới bảo . chủ động riết rồi nó xem thường :)),Disgust
cafe nguyên chất 🙂,Other
"chưa nói chuyện thân thiết quan tâm , mới xã giao thôi đã lầm tưởng rồi ấy chứ , haizz khổ lắm",Sadness
các mày trốn đi bọn chủ tịch đang đến kìa 😨😨😨,Fear
cái này phải hơn 20 năm rồi . lần đầu không biết canh lửa nên cơm khét hoài 🤣🤣🤣🤣🤣,Enjoyment
per ông này ác thật con bé nó van xin thế rồi,Disgust
per sự tích con chim họa tao với mấy thắc mắc hồi trước nè,Other
"mỏi lần làm phiền và sát hại bao nhiu con kiến , tôi không tu hành nhưng làm thế vì miếng ăn ác ôn quá ngon lành gì",Disgust
lớn lên sẽ rất đẹp chaiii ??,Enjoyment
"thấy bảo sang năm được tủi , nhưng mà năm nay vẫn chưa có người êu",Sadness
diễn viên có cá tính hay nhât từng xem,Enjoyment
mệt như chó :3 nhưng mà hoan hỉ đầu năm đi xin lộc :v,Enjoyment
per cái dume mày thấy tác hại của tập gym chưa,Fear
bạn đặt câu hỏi với mục đích không cần câu trả lời thì thôi mình không nói chuyện,Disgust
"tao sợ chó lắm .""",Fear
"đấm liên tục vào mồm , không trượt phát nào ...",Other
"per nếu có khi nào thấy bản thân vô dụng hay là thất bại , thì hãy nhớ có những người chế tạo ra mấy cái của nợ này . =))",Enjoyment
per ai bày mày thiết kế thế này hả ???,Other
gd năm nay chán,Sadness
em chờ được mà 🙂,Enjoyment
thanh niên thích chơi nổi nhưng nói ngọng :vậy,Disgust
sau khi xem ảnh này xong tôi quyết định ... mua honda :v,Enjoyment
tao cừi tao ỉa 🤣🤣🤣,Enjoyment
per tuổi thơ của mềnh đi học là lúc nào bạn tao cũng ngồi trên và khi nào múa giờ ra chơi cũng múa chung với mềnh 😅😅😅,Enjoyment
thấy không có gì hấp dẫn,Other
chẳng bao giờ thấy sai,Other
per bài tủ 1 thời =)),Enjoyment
hồi xưa đã có giày sục mõm cá sấu rồi cơ à ??,Surprise
chỉ mong ở cái độ tuổi ấy chúng ta còn được như vậy,Enjoyment
trong luật có khung hình phạt xử bắn không ... ghê tởm,Disgust
nhanh thật . đã bắt được rồi,Surprise
"lên kiểm tra phòng thấy dơ quá thì x10 x20 lên cho nó trả lòi lồn , lần sau nó không làm nữa việc chi không kiểm tra phòng giờ gào thét , nhiều phòng nó phạt nặng vụ bánh kem , rồi bình xịt xà phồng các kiểu , ghi tổn thất đồ trong phòng đền gấp đôi .",Disgust
rải đinh nhiều thật,Other
nếu yêu anh ! em sẽ hỏi ý kiến anh về mọi việc .,Other
giữ mãi lòng nhân ái các em nhé ! tấm lòng các em đẹp biết bao .,Enjoyment
hình như chính là cái nhà thờ đó đó,Other
"sao nghiệt ngã vậy :'( đề nghị bắt luôn con mụ tri hô vớ vẩn , phá vỡ hạnh phúc 1 gia đình",Disgust
bình yên thật,Enjoyment
quan trọng là có con đồng nghiệp đầy khẩu nghiệp yến đặng 🤣🤣🤣,Enjoyment
"ở việt nam một số người không giàu đơn thuần , tiền của họ không biết từ đâu ra nên khi lập sân sau họ có thể chơi trò này .",Other
má tao coi mà cứ sợ nó bay ra 😌😌,Fear
đù mé nó ... bơi nhiều quá não rớt mẹ xuống hồ rồi hay gì mấy thằng chó,Anger
chân ngắn sao đi đây ta ?,Other
mẹ mắng lúc sáng sớm là xui cả ngày :(,Sadness
per mã mẹ biết hôm qua quay video sớm hơn ự,Sadness
"dân trí thấp , trẻ trâu , trai làng 🙂",Disgust
tự dưng cụt con mẹ nó 1 tay trong 66 năm 😂 chả để làm đéo gì . nhìn bẩn bựa vkl 😂,Disgust
nhện đéo bằng thằng lằn đâu :)) dume kinhh tởm vll :((,Disgust
địt mẹ 2 thằng bạn lol,Disgust
đùa ... cảnh sát việt nam tài thật . vụ gì cũng bắt trong 48 giờ,Enjoyment
xem chỉ đợi đến đọan nó ngã để cười :)))),Enjoyment
per đồ ảo tưởng,Disgust
đó là lý do tao chỉ muốn điện thoại là phương tiện liên lạc . không phảu phương tiện chứa đựng bí mật,Other
"gia đình và tình yêu , để thay đổi mọi thứ",Other
"hồi lớp 1 đú theo lũ bạn về học nấu . thế là cơm sống , sợ quá vùi gạo trong đống tro",Fear
năm ngoái là hôm hai chị em chuẩn bị làm mứt tết ... cũng không nhó có gato với họ không ... năm nay thì khác .... vẫn cô đơn nhưng không hề gato .....,Enjoyment
chỉ là không có ai để nhắn thì mới nhắn cho mình . công nhận nguy hiểm,Fear
tau cố gắng chỉ được từng này 😦😦,Other
tội này nên cho đi tù cả lũ đi người mình hại người mình 😡,Anger
thằng này cục súc vãi,Disgust
nhỏ ngầu lớn lên nhìn bê đi =))),Enjoyment
thằng lái tàu mua bằng .. con ông cháu cha mới xin vào đây được .... bẻ lái lách ra 1 chút thì có sao đâu ... cục súc vãi ....,Disgust
tối nay chồng tương lai sẽ đưa con khác đi chơi 😆😆😆,Sadness
hôm nay đi qua vẫn thấy nói chuyện thải chảy thẳng ra sông thì bao giờ mới sạch được ... haiz,Sadness
"đó là 1 câu chuyện buồn , tao không có bạn trai hix hix",Sadness
ở daklak nữa không xử phạt thì còn mất nhiều,Other
đầu mùa chua chua ăn ngon vãi_chưởng . thích vải lắm luôn . trong khi nhà toàn nhãn .,Enjoyment
chẳng thấm vào đâu . so với số tiền khủng kiếm được . hằng ngày mụ ta nói khoác lác vài câu .???,Disgust
"tao có 4 cái ăn không tao share bớt cho , cạch mặt đứa bán hàng đi",Disgust
đầu óc đến giờ vẫn còn nặng và đang né tránh mọi người .,Fear
chuyên cơ tt quá đẹp ! bao giờ má mua được chiêc như vâ ̀ y trơi ̀ !!,Enjoyment
bó tay . lại khiển trách . rút kinh nghiệm,Anger
điên khùng . nhưng hahahah . nhiều tiền quá mạ ơi,Enjoyment
một nỗi buồn thầm lặng,Sadness
béo tí đáng yêu mà =)),Enjoyment
tag cái đứa bạn nghĩ nó nên gia nhập hội này ;),Other
sau này có nhắn tin thì không phải là chào em mà là chào mọi người,Other
tài liệu mật mà mày cũng biết à 😆 max xạo lờ,Disgust
ổng múa đẹp thiệt chứ bộ .,Surprise
per anh có định quát mắng em không,Other
"má ơi , coi đến fire tưởng quảng cáo rạp chiếu phim , đến cuối té ra là mái nhà =))",Surprise
ra chỗ khác sóng không tới viết đi cậu :((( nhìn buồn vãi,Sadness
rơi mất tim . nguy hiểm thiệt ^^,Fear
"hồi nhỏ thì tao bị cả bầy dí , được fine :)))))) đến khi tao 12 và đi học đh năm nhất , sau 1 tháng xa nhà , về nhà và cái kết là tao không còn bước ra khỏi cửa nữa , n dí everywhere :)))))))",Fear
per ngồi ôm bụng cười và liên tưởng đến nhiều nhân vật,Enjoyment
ko sợ gì chỉ sợ con ml ý 😞,Fear
cảm thấy bạn trai tớ giận dỗi đáng yêu cực,Enjoyment
ủa xưng mày tao thì có vấn đề gì nhễ,Other
"toàn xử ép , đi tù gần được 7 năm rồi đền người ta 200 triệu . thời gian tuổi trẻ của con người rẻ mạt quâ",Disgust
thứ mà dễ dàng qa cũng nguy hiểm,Fear
"đúng vại , với ai nó cũng tỏ ra như thế . hihi 😂",Enjoyment
với mình đoạn mấy thằng đỡ đẻ là hay nhất,Enjoyment
nhà em có tính lắp không per,Other
gái đĩ già mồm,Disgust
thương em :(,Sadness
sáu múi đâu rồi,Other
đậu phộng hahhahah may hềy,Enjoyment
nó ở cái tầm vũ trụ chuẩn mẹ rồi,Other
đổ vỏ chắc luôn 😌,Disgust
cô ấy còn không thèm coi tin nhắn của tao :((,Disgust
hạnh phúc phát khóc,Enjoyment
per tụi này bản lĩnh ghê .,Surprise
mai thi xong tao sẽ mang đống đề cương đi bán cho đỡ ghét,Disgust
dự là sắp có án mạng xảy ra 😂,Other
phòng gì vậy .,Other
"hai đứa đều có máu ở tay , mù à mà không nhìn thấy 😒",Disgust
thằng nào sửa xe này dễ đau tim mà chết lắm . :)). nhất là những thằng sợ rắn .,Fear
đó cứ có phải trông giàu sang phú quý là sẽ sòng phẳng đâu,Other
sao đũy đó có thể mập được vậy nhỉ,Surprise
lại công cốc rồi . cả thế giới kì vọng,Sadness
tao tưởng tượng sau này sẽ có 1 thằng bồ vừa điên vừa ngáo giống tao .. chắc vui hết sảy 🤣,Enjoyment
ai hát tao cho tao nge bài này chắc tao say quá,Enjoyment
cách tốt nhất là đứng lên và chọn 1 nơi khác để tìm 1 thứ tốt đẹp hơn và dễ viết hơn :)),Enjoyment
lập đội cảnh sat chuyên đi dẹp những nơi tụ tập như thế,Other
tao ngự ở trong uống nước cho nhàn thân rồi,Enjoyment
nếu bạn kinh doanh mà tôi đỗ xe trước cửa nhà bạn cả buổi thì đường của ai nhỉ,Disgust
per thuê kiểm kê tài sản do toà án làm bạn ơi . 😂 cả 1 nùi người làm cật lực đấy .,Other
yêu quá ! xinh quá ??????,Enjoyment
ước mơ làm ngành thật đam mê,Other
câu chuyện của em làm anh cảm động quá …,Sadness
êu ơi sao con mụ này không gặp mình nhờ :))) ước gì có con mụ thế này tông vào mình ý :)))) klq mà giọng bé quay video đáng yêu thế ❤️,Enjoyment
thề dume đứa nào nghĩ ra cái đoạn kết như kiểu hết phim như này nhàm vãi ra . đang hay thì tụt hứng,Disgust
ko như thằng per năm ấy ngồi cạnh tao một hai không cho chép bài thi ! đm,Anger
tuổi gì so với anh ! :) haha,Enjoyment
"nó gieo cho tao mầm hi vọng , hi vọng vừa chớm nở nó đạp xẹp lép sự hi vọng bằg sự lặng im",Sadness
bỏ tù hết lũ xả thải như thế này đi,Anger
chữ tao từ lớp 3 đã kiểu như thế nào và còn đẹp hơn nhé .,Enjoyment
dume nó hết con mẹ nó hồn ....😭😭😭😭,Fear
14 / 2 năm ngoái tao mọc sừng . nên 14 / 2 năm nay tao quyết định cưa sừng 😊,Enjoyment
đm trí tuệ vãi,Enjoyment
thấy tội em thỏ bị ăn đòn tới tấp,Sadness
một bài dịch hay,Enjoyment
giọng cute phết,Enjoyment
mày độc ác vãi,Disgust
ở đây chúng tôi không làm thế,Other
uầy . ngọt thế ??????,Enjoyment
mỗi lần chào cờ :)) đậu má dth vãi :v,Enjoyment
lâu quá rồi không nghe,Other
sẽ được toại nguyện thôi . yên tâm .,Other
"à , thì ra là nó dỗ mình 😂",Surprise
dth quá haha,Enjoyment
bớt rung động đời bớt suy nghĩ,Other
tóm lại gọi là nghệt thuật của kinh doanh là bán lỗ ho nhanh,Other
"mấy thằng con nào sủa câu "" công việc thì chịu đi than cái lol "" thì dume tụi bây sau này ráng làm giàu làm chủ nha con chứ nghèo thì con cái tụi bây phải đi làm thuê làm mướn gặp hoàn cảnh tương tự rồi tụi nó quay lại chửi vô mặt cha mẹ nó là chúng mày thì nhục lắm nha con .",Disgust
per một thời nè 😃,Enjoyment
"má gần nhà có nuôi 1 cặp ngày nào đi ngang nó nhìn thấy nó quay đầu bỏ chạy , con gì mà dữ thấy mẹ hà",Fear
cái kết hay nhất là đuổi khỏi dòng họ tiếp theo nhàm quá,Disgust
định share mà đọc bình luận tắt con mẹ nó cảm xúc :(((((,Sadness
thật là một sự mỉa mai,Other
tao đang cố un crush nhưng khi xem xong video trên thì ..........( khóc không ra nước mắt ),Sadness
lúc mày vui thì sao :))) những lúc buồn hãy nghĩ lại trước kia vui sướng !,Enjoyment
anh ơi :3 hôm nay em thích anh chơi game và đi ngủ sớm đấy :3 đừng đi chơi với gái :<,Other
ai ngu như mày,Disgust
per bị phạt 10tr à c 🤣🤣,Enjoyment
xem mấy lần rồi vẫn thấy hay,Enjoyment
đơn giản mà mấy ai làm được .... ngưỡng mộ,Enjoyment
hạnh phúc ghê,Enjoyment
vớ vẩn :)))),Disgust
nt thêm cái dạ vâng thấy quý vãi,Enjoyment
:) đàn ông mà nặng tình vãi lol ra,Sadness
loài vật đang dần dần có trí khôn và hành động như một con người còn một số người thì đang tiến hóa ngược :v,Disgust
khiếp quá có đẹp đẽ gì đâu chứ ?,Disgust
"dù chỉ để nhìn 1 cái , để biết người ấy vẫn ổn , người ấy còn tồn tại . ít nhất là nv 😔",Sadness
biết đâu mưa xuống ổng ấy lại hết ngáo ??????,Other
"phải chi có ai đối với tao như này ha . nghĩ lại , mình không bằng cả chó . aiyo ....",Sadness
tao mà ở đây là sợ rụng trứng luôn chứ đừng nói ăn,Fear
tao rất thích nhạc trung từ giai điệu đến ý nghĩa rất hay 😁😁😁,Enjoyment
"đứng nhất tại trừ phí nhiều chứ khỉ gì . mới lãnh lương xong là trừ , không đki dịch vụ gì hết mà tháng nào cũng trừ , tới lúc cần giải quyết ra đợi cả buổi , rồi lại hẹn cả tuần .",Anger
làm phục vụ xong 4 tháng đi hà nội 1 lần chỉ để gặp người yêu xong giờ thì mới biết là nó cắm nguyên cây sừng lên đầu mình,Sadness
thế con lồn chủ nhiệm kia đéo có trách nhiệm gì nữa à :/ giáo viên mà sao nghĩ ngắn thế ?,Anger
trong khi đó lũ con trai lớp tao mỗi lần cắt tóc xong là một vở kịch mới được mở màn :vv,Enjoyment
"chúg mày cứ bảo nhắn thêm , tao thấy mày nhắn chữ dạ vâng là đã thấy đáng yêu rồi :)))",Enjoyment
con đũy ngổng ngáo,Disgust
add xem ảnh ngoài đời chưa mà nói dume,Disgust
có người sinh ra đã giàu có người làm cực khổ cũng không thể giàu . thương ông,Sadness
cho hỏi ngu tí là tiền bồi thươ ̀ người mấy vụ án oan lấy ra từ đâu vậy ??,Surprise
tên thì tất nhiên nhớ nhưng ngày sinh của tao thì ông bà bô nhà tao không một ai nhớ cả ^^,Sadness
câu chuyện vui ha =]],Enjoyment
sao em này lại xinh vậy ?,Surprise
đáng yêu mà sợ gì,Enjoyment
không hiểu lắm,Other
"tao chả thấy cười ở cái đoạn buồi nào cả , sắp đến đoạn hay tí lại ngắt cmnl",Disgust
chúc trump chuyến bay thật may mắn nhớ tới thăm hà nội nhé xin chào,Enjoyment
"gặp tao , tao ré cái hoảng mất :(( đáng sợ qué",Fear
có đứa nào giống tao vào đọc bình luận để biết cái này là cái gì không .?,Other
"này hai đứa , đã đi niềng răng chưa , chưa thì đi niềng đi rồi quay lại nhé nhởn ra cười như hai đứa thần kinh nhé",Disgust
"sai nhé ! không phải trầm cảm đâu . thứ đó , kinh khủng hơn rất nhiều",Other
lò bếp dầu một thời nè gì per,Other
khi nhỏ còn bị nghiện mùi khói này nữa chớ . 😄,Enjoyment
lâu lắm rồi mới nghe lại bài này 😀,Enjoyment
phim này xem rồi ý nghĩa vài,Enjoyment
khi đang xây cầu mà bị rút bớt kinh phí !,Other
ít nhất con nhện nó còn yêu mày 🙂🙂🙂,Enjoyment
tao bẻ cổ mày luôn ấy,Anger
"đm 3 tiếng đi được 20m , đéo biết bao giờ mới về đến nhà",Disgust
dell hiểu phí cái con cặc gì =))) cái tỷ lệ mặt này .,Disgust
mày chặt một tay đi cho dễ nhớ,Other
khoảng gần chục năm về trước thì còn vàng trắng .... giờ thì bán còn không đủ không đủ để trả công nữa là,Sadness
1 chút vị cay pha thêm 1 chút vị đắng nhưng đôi khi cũng có chút ngọt ngào,Other
tình yêu là lời nói dối của 1 thằng khùng được tin bởi 1 con ngu 🤣🤣,Disgust
má 2 thằng áo vàng lầy ghê 😂,Other
bộ phim truyền cảm hứng hay nhất =),Enjoyment
cái kết có hậu quá :)),Enjoyment
mặt hài vãi chưởng =)))),Enjoyment
câu chuyện thật cục súc :),Disgust
"em sẽ mãi không biết có lúc tôi gọi chỉ để nghe câu "" ai vậy ?""",Sadness
per kinh nghiệm nha,Enjoyment
bếp dầu lại nhớ thời sinh viên,Other
"các bạn đừng dạy người giàu đặc biệt ( đàn ông ) cách khoan dung và của chồng công vợ . qua bao nhiêu bài tìm hiểu . chị vợ rất thâm !!! tuy mình là phụ nữ , nhưng đọc qua nhiều bài mới nể phục anh vũ . và cảm thấy sự khinh bỉ đâu đó dành cho c thảo , dù c tài năng đến đâu nhưng c tham thì thâm mọi người sẽ không bao giờ ủng hộ c .",Disgust
người ta thật thà phết,Enjoyment
chàng trai vàng trong làng bấm biển =))),Enjoyment
sao không thây lên báo nhỉ,Other
lần sau mua mấy con vít gỗ 2cm lém gần bánh :)) lần sau sợ ngay :)),Other
ai sẽ chở tớ đi đâyy,Other
không may thụt chân xuống thì sẽ như thế nào nhỉ chắc là thốn đến tận rốn,Fear
nhìn ông với bà chất hơn thanh niên bây giờ,Enjoyment
per đồng nghiệp tốt giúp ta dễ vào nhà thương điên kkkk,Enjoyment
"thứ hãm lol , trêu vô duyên vãi , xấu mặt dân tao",Disgust
per vẽ đẹp cũng có thú vui của nó mày :)),Enjoyment
"ngày xưa nuôi mấy con mèo . đêm hôm nó cứ lựa lúc cửa mở là chạy đi chơi mất . những lần nó không về buồn thối ruột , tối cứ mở cửa để đợi tiếng meo meo 😥",Sadness
xem cả chục lần vẫn thấy hạnh phúc lây với cụ bà 😊 không biết mai sau mình có được vậy không,Enjoyment
phim này rất hay . tình cảm nhẹ nhàng . toàn zai đẹp . hehe,Enjoyment
per thế mà cháu tôi không biết chơi 😭😭,Sadness
là nhân duyên trời ban cớ sao chẳng thành đôi :(,Sadness
per c . bị tinh thần đi xem đi 👻,Enjoyment
đáng yêuc quad 🤤🤤🤤,Enjoyment
thu nhập bình quân chứ không phải thu nhập của nhân viên nào cũng thế 😏,Other
tốt nhất là không nên mang điện thoại theo người,Other
dume sởn gai ốc 😭,Fear
"chả lẽ không không cô bắt học sinh quỳ như thế à ... bây giờ vài bọn “ học giả ” cứ rả rích là thầy cô không giáo dục học trò chỉ đăm đăm vào dạy , lúc thầy cô “ dạy ” thì lại rôm rả về đạo đức nghề giáo ... ôi thôi ... đủ các thể loại",Disgust
"đẹp quá mày , còn không cho tao xin ít",Enjoyment
mày nghĩ mày cản được tao à ? :)),Other
thế là dấu ấn lịch sử và hình tượng thằng gù nhà thờ đức bà của nước pháp đã thành tàn tro :(,Sadness
mày cứ đái ra võng là lần sau vợ mày sẽ rút kinh nghiệm,Disgust
dkm bọn này thất đức thật,Anger
add cứ khoe đi . mai lại chặt hết như nguyễn trãi mà 😂😂😂,Enjoyment
cảm giác lúc đấy mình quá đáng vãi ra,Disgust
nghe quả tên nó đã khét vãi rồi . :))),Enjoyment
mình cũng có con mèo đực nuôi được 1 năm thì nó biệt tích 1 năm sau nó về rồi 1 năm sau thì nó mất .... buồn,Sadness
per cứ chuẩn bị tiền đi hú là tôi đi,Other
ui mấy ông tướng men nì từ bé luôn nhỉ . đáng yêuc chết được 🥰🥰🥰,Surprise
quá đáng !,Anger
cái này thì ai chả đau lòng trời,Sadness
hay lắm,Enjoyment
thế này lại thành xây nhà cho nhà hàng xóm rồi 😰,Sadness
"nhiều nước quá , lấy bát về múc nước ra thêm tí đường vào là có 1 bát nước gạo ngon lành",Enjoyment
"phải nói thằng lái xe đỗ quá thể , sau vụ này chắc sẽ khôn ra nhiều",Disgust
"xem tới xem lui không biết bao nhiêu lần , nhưng đều có cùng cảm xúc mỗi lần xem lại . một bộ phim tuyệt vời 👍",Enjoyment
"tàn nhẫn thế nào , là khi mình trao họ hết hy vọng rồi họ lại dập tắt đi nó",Sadness
có tiến bộ ! kkk,Enjoyment
chờ một ngày tao ưu tú rồi mọi thứ sẽ tự tìm đến với ta,Other
t định thả sad nhưng đọc bình luận buồn cười vailon 😂 nên thả hahaa :v,Enjoyment
quá nguy hiểm . chúng nó có thể đang đùa cợt với mày đấy,Other
"người ta đi trước cả ý nghĩ của ông rồi đừng dậy người ta , phải tự hào chứ",Disgust
buồn thế nhỉ . t mới mua con per chưa nổi 1 năm . thế này thì biết sống sao 😨😨,Sadness
phải thế mới hết thối được,Other
thấy cái thèm ts quá,Enjoyment
nếu diễn viên chính trẻ hơn đẹp hơn đang yêuc hơn thì mình sẽ xem haizz,Other
dm cưng vlll =))),Enjoyment
"quan trọng là lòng tin , bạn bè mình một số người mình đã mất lòng tin thì đừng bao giờ nói chuyện tiền nong . khâm phục anh",Enjoyment
dm . đồ dạo này lắm tạp chất hay s í nó đéo phê nhg mà vẫn bị ngáo,Fear
chỉ khổ thân bọn trẻ thôi đau sót lắm,Sadness
chứ sao mày không ngủ mà kêu tao ngủ,Other
mấy con bò nó nhột nó lại cắn cho giờ,Other
tao sẽ chỉ tự an ủi là đấy chỉ có trong phim truỵên ngôn tình :),Sadness
dume sự nghiệp vứt đi đâu,Other
t mà bị như này thì chắc tao chết luôn c ạ 😂😂 per,Fear
lại cái trò đéo cho đỗ ???,Anger
"hăm hở đón nhận tất cả , thậm chí là nỗi buồn , nếu điều ấy khiến việc tồn tại của bạn mang một hương vị đáng nhớ ...",Sadness
đôi mắt to quá,Surprise
buồn dễ sợ mà huhu,Sadness
thú vị vậy =)),Enjoyment
giống tao thế nhỉ ! 😑😑,Surprise
nói chuyện như người yêu ??,Enjoyment
toàn bọn lùn haizz,Disgust
"per mày nhìn thành long hồi này có thấy giống mặt anh chung nhung hồi xưa không :))))). thề luôn , tao thấy giống vãi 🤣",Enjoyment
thôi chết . thế thì tao đứt dây thần kinh gây cười rồi,Other
tao lại lấy mỡ đè chết mày bây giờ,Anger
"rất thích g7 hồi từ 2012 trở lại , có lẽ sẽ uống lại trung nguyên :)",Enjoyment
chuỗi ngày tủi nhục cũng từ đó mà bắt đầu,Sadness
per hihi nhớ không,Enjoyment
con cháu thằng nào ra đường mà không dạy thế,Disgust
chắc là không sợ chó ha,Other
tks admin ... tôi muốn tìm phim này lâu rồi mà không nhớ tên phim ... tks admin nhiều,Enjoyment
thính hơn chó động 1 tí là kêu inh ỏi điếc cả tai . đuổi thì đuổi dai 😒,Anger
lạy chúa con còn lứa tuổi học sinh,Other
đó là 1 câu chuyện buồn 😤,Sadness
"nhìn cảnh này mình nhớ lại cảnh ông ngoại mình đứng ngay quan tài bà ngoại khóc nức nở . bà đi rồi để ông ở lại một mình , đau lòng quá",Sadness
"bánh tráng trộn năm đó ở roai ờ ti , ruột đau như cắt nói chuyện mắt đầm đìa đền thg dưa gang cốc dưa hấu kem chi per",Sadness
bây thấy nó vô lý vãi lol không ?,Disgust
chuẩn con mẹ nó cơm oy 😂😂😂,Enjoyment
ngày xưa mẹ tao dạy ở miền núi . năm tao học lớp 3 lần đầu tiên lên trường với mẹ . đaumoa mấy con ngỗng mất dạy rượt tao leo lên cây phượng cao chót vót cả tiếng không dám xuống .,Fear
đúng rồi . tất cả chỉ là lừa dối thôi . nhớ nhé ..,Disgust
mày chuẩn bị ra rìa rồi con,Other
"chứ tao mà viết đến giờ chắc dày lắm , nhiều đứa bị lôi vào sổ ghi nợ lắm :d",Other
xem 1 lần rồi thôi !!,Other
cắt tóc xong rùi gội đầu xong tóc còn ướt ý nhìn đẹp trai lắm luôn ý,Enjoyment
"sau 1 thời còm men dạo khắp muôn nơi , cháu đã lên được fan cứng rất rất cứng 😆😆",Enjoyment
ông lại tự phức tạp hóa vấn đề lên thôi :v,Other
"mất 1 phút để say mê một người , một giờ để thích một người và một ngày để yêu một người nhưng có thể lại mất một đời để quên đi hình bóng ấy . đấy là câu xạo lol trong ngôn tình thôi chứ tin thế đéo nào được",Disgust
hạnh phúc . mà hạnh phúc của đàn ông thì khó nói lắm . kaka,Enjoyment
tripod dựng cao lên để chụp thì thần kinh chỗ nào :) dume ghép video đếu xem mà chèn tiêu đề như con cặc ấy,Disgust
thấy ớn,Disgust
mấy bọn thả chó không rọ mõm gây hại cho người khác phải bị chó cắn mới thích đáng per,Disgust
"đó là do bạn ngu , đéo biết chọn chỗ viết",Disgust
"giờ đây chúng ta , những con người của ngày ấy giờ không còn nữa ... những lời nói về mai sau nhưng ta đâu ngờ sau này chúng ta càng trở lên xa lạ",Sadness
ngại gì thế vừa nhanh vừa tiện,Other
nhà anh có cơ to nhưng óc anh bằng quả nho !!,Disgust
bếp dầu vặn tim rồi chăm lửa nó mới cháy nha chỉ cho mấy đứa không bit sài,Other
không biết thật mà hix .,Sadness
về nhà thể hiển nhé chú em,Disgust
"per anh nào nhắn vậy là tao yêuc luôn đéo suy nghĩ , ngọt vãi",Enjoyment
lỗi là do phụ huynh . nên đừng gây áp lực cho mấy em trẻ,Disgust
"sai rõ rồi , bếp công cộng nào cũng phải có lưu mẫu chứ . nếu không lưu thì lại vi phạm thì xử cái đó",Disgust
"đang lười quá nè , làm sao để bớt lười",Other
đẹp quá 😆 vi diệu,Surprise
"đến lúc yêu nhạt cực :) tao thề ! kiểu chán chán , muốn quay về đơn phương hơn",Sadness
ngiu tao cắt tóc xong nhìn như cặc . phải để tầm nữa tháng sau nhìn mới nung trở lại,Disgust
có lẽ chỉ là con tốt thí thân cho cả bầy bụng phệ phía sau,Disgust
nghèo mà đi tập huấn sang chảnh ??,Disgust
tao toàn bạn gái mà sao vẫn tưng tửng nhể ???,Sadness
vậy cứ mở mồm chó ra đổ thừa trung quốc . toàn mình giết mình,Anger
"cấm đỗ thì gọi phường hay thanh tra giao thông xuống cẩu đi , chứ đường nhà chủ thớt bỏ tiền mua chắc ??????",Disgust
"cái dòng ế mà dễ dãi , hứ tao khinh",Disgust
xem lâu rồi giờ xem lại vẫn buồn cười,Enjoyment
"còn giữ 2 cái đĩa cổ này luôn á , ghê hông",Enjoyment
quen với quên rồi thì hết đau thôi mà,Sadness
anh này còn phim pk nữa rất hay và ý nghĩa,Enjoyment
"cả phim trừ anh dv chính ra thì thấy anh này là đáng yêu nhất , dù nhìn hơi hâm hâm tý",Enjoyment
mua mà không được phát tán virut bán ra chợ đen thì mua để mà tế ah .,Disgust
cẩn thận quá cô ơi,Other
muốn nhanh thì phải từ từ =))))),Enjoyment
nhìn phiêu thật chắc nhẹ mất mấy cân một bên tai 😂😂😂,Other
đang có phong trào tế trượt chân bể bình hả,Other
có khi nào là chủ tịch giả vờ không ?,Other
một giây rung động con tim :))))),Enjoyment
này làm mình liên tưởng tới hoá,Other
"thích hôn , thèm hôn ư ư ...",Enjoyment
"nhớ lúc nhỏ tao và nó mỗi đứa 1 đường đi không ai đá động gì đến nó mà dume tao đang đi nó chạy sang đá cho tao mấy phát , dume đúng là đồ hoạ mi điên ... 🌚🌚 thứ độg vật không thể nào yêu thương nổi ...",Disgust
"nhìn mặt đã thấy tởm , lũ thầy cô trong trường biết còn trêu chọc các em . rặt một lũ cặn bã , súc sinh .",Anger
"tự nhiên chơi với con trai cái bị kêu không đàng quàng , con gái gì kỳ vậy , lại còn nhiều bồ , đi với ai cũng nghĩ là bồ . mệt thiệt chứ",Anger
tao ho rụng hết tóc rồi 😭,Sadness
tưởng đàng hoàng cho chơi chung ai dè bạn xấu,Disgust
per bit cái nay không . hihi,Enjoyment
vừa lên dốc thấy crush cười =)),Enjoyment
kiếp trước sống lỗi quá nên kiếp này nghiệp quật :((,Sadness
kkk tao chọn anh đầu tiên,Enjoyment
lol :) dume nhảm nhí,Disgust
thằng hack game nó gặp trùm cuối rồi 😭😭 truyện đến đây là kết thúc sao 😭,Sadness
lúc đầu tao còn tưởng thật ấy chứ,Other
rất chi là chờ đợi 🙄,Other
chị em mình giờ nói ít thôi haha,Enjoyment
per rồi sẽ có 1 ngày vừa cười tao vừa kể chuyện khiến tao rơi nước mắt,Sadness
ăn vào lại thức dậy ở một nơi xa thì bỏ mẹ :)),Fear
em ấy đang ở đâu ạ,Other
gọi gọi người ra cái lờ ! gặp bố đập mày lun cho rảnh lol nhá,Anger
"giả bộ vô tình gặp nhìn lén rồi đi , lại còn tìm hiểu cả gia phả người ta nữa chứ ... một thời ngu ngốc đáng yêu .",Enjoyment
nghe lần 3 đéo thấy hay,Disgust
ủa sao biết ??,Surprise
dume cà rốt bố đéo thèm nhé !,Anger
nhạt hơn tao,Disgust
tao hiểu cảm giác đó,Other
anh thật máu lửa 🤣🤣🤣,Surprise
"per vì ss thích coi nặn mụn , c cũng ráng coi hết và cái kết có hậu 😂😂",Enjoyment
bọn fa sẽ nói tao lấy ảnh mạng cho mà xem,Disgust
bắt võng nằm cho sướng,Enjoyment
đúng là khổ trước sướng sau thế mới giàu =))),Enjoyment
nói thiệt là 10 người thanh hoá hết 9 người chả ra gì ...,Disgust
đó là tìm đúng người còn sai người thì auto mối quan hệ kết thúc :)),Enjoyment
bọn công ty nào vậy mọi người cùng nhau lên xiên cho bọn nó mỗi đứa vài phát,Anger
"có thể là ngày mai , tháng sau , cuối năm , sang năm hoặc 30 tuổi :))) khi nào có tình yêu .",Other
dume mấy con nhãi danh . 😒,Anger
mình còn chưa được nắm tay,Sadness
boss dễ thương vãi lúa,Enjoyment
"nhà nuôi 1 cặp ngỗng kêu thì ôi thôi điếc tai luôn . chạy xe thì cứ canh ngay đầu xe mà nhào ra mổ , dí hơn cả chó nữa",Other
mặt thằng mèo khó ở vãi,Disgust
hỏng xe và phải đền tầu hỏa . có thể phải đi tù nếu gây hậu quả nghiêm trọng . đầu đất là có thật . 😔😔😔😔,Disgust
2 năm rồi và đã kết thúc rồi,Sadness
ngáo cỏ này đáng yêu nhỉ,Enjoyment
ấm áp vãi .,Enjoyment
per được đi thi chưa babe 😂,Enjoyment
mấy vụ giết người chặt xác gần đây ở việt nam toàn là người hiền lành 🤔🤔🤔,Other
"cảm ơn các em , tuổi học sinh lắm nghịch ngợm nhưng có lòng yêu thương con vật nhỏ bé đã giúp bé cún được sống 😘😘",Enjoyment
dume cười muốn chết người ta ~~,Enjoyment
ngày xưa có 1 cái,Enjoyment
dm đã mải đạp xe rồi còn hỏi hoi cái lol gì vậy ????,Anger
"kaka bạn này best bán hành luôn kaka . bó tay . miệng nói một đường , não nghỉ một lối",Disgust
"đm buồn cười đéo chịu được , đặc vụ nằm vùng đi xe đạp thì đuổi sao kịp mấy th lol đi xe máy 🙄",Enjoyment
"con sâu làm rầu nồi canh , tuyệt đối không có chuyện ....",Disgust
đứng trụ điện mới lạ chứ,Surprise
bọn tiếp tay cho kẻ giết người,Disgust
"cho phải công bằng , nếu không anh chị em không hoà thuận ...",Other
rồi rủi gặp phải thằng người yêu con kia cục súc nó lại xiên cả đám :),Other
cái này mình thấy ở ngoài đường người ta diễn nhiều lắm . nay chỗ này mai chỗ khác à . nhìn thấy riết rồi cũng nhạt cái mặt ra,Disgust
đi mà ngửi nách nhau à ? mua được cái cây về đến nhà còn trơ cọng,Disgust
quá ẩu vay mà bỏ tù người ta tân 7nam giờ đền 200tr . quá tội cho chị ấy còn những thằng kia thi quá tồi ...,Disgust
ngu . vào quán uống nước lúc nào thích đi thì gọi bạn mang mũ bảo hiểm tới,Disgust
"đều do lòng tham và sự ngu dốt của cá nhân gây ra , ngu cũng ngu vừa thôi .",Disgust
đùa chứ cái tầm nghịch ngu này cho vào trại giáo dưỡng mấy tháng cũng được,Disgust
cần lắm những nhà tuyển dụng như vầy :)))),Enjoyment
crush mới thích ảnh tao mà tao đã . nghĩ đến chuyện đặt tên con rồi,Enjoyment
vl đánh đòn hic :))))),Sadness
"tui đây vừa vô phòng thì con vợ mặt trắng bóc nhảy ra đây , tưởng là ma",Fear
nhìn vậy nhớ ông ngoại quá 😞,Sadness
:) cảm giác đó đau lắm các mày ạ,Sadness
"đang coi thấy nghi nghi , tắt vô xem bình luận , đoán ngay là sẽ giật mình , nên thôi không xem nữa haha , dễ gì bị dụ haha",Enjoyment
ủa rồi mắc gì phí cả 1 đời 🙂,Surprise
"ủa chứ bộ mày bán phá giá thì thị trường để yên cho mày à :v , mua tận gốc mà còn đòi giảm , ủa chứ giảm sao ? ủa chứ mày ngu mày bán đúng giá chứ mày đòi tao giảm tao phá sản nghỉ làm à :v",Disgust
nhìn cái ngành giáo dục việt nam bây giờ ai cũng mệt mỏi,Sadness
cưng tởm,Disgust
mẹ đang buồn ỉa mà trên đường về gặp mớ gờ giảm tốc kia thì phọt bà ra quần 😨,Fear
người gì đâu mà đẹp trai hết sức !,Enjoyment
khá trẩu =))),Disgust
đéo hiểu sao mấy thằng khốn nạn thì lại nhiều đứa yêu . anh em ngoan hiền đâu điểm danh,Disgust
"hết hôi nhưng cống vẫn xả xuống sông thì nó lại thành "" hòa vốn "" 🤔🤔",Other
"lũ âm binh khí đụ này phải truy gấp , tao tính đi bơi mà bọn bây làm vậy mất mặt đàn ông chân chính bơi vì đam mê như tao quá 😡",Disgust
2 câu giống nhau,Other
chổ mình là miền núi nên là không nấu bằng rơm nhé,Other
tao nghi chị xác chết với chị bác sĩ pháp y đó yêu nhau quá chúng mày :)),Other
đau ruột với thằng số 9 🤣🤣🤣,Enjoyment
đang đi ỉa tự nhiên xem phim này cái cười ỉa ra cứt luôn :)),Enjoyment
cái máy không có lỗi lỗi ở mấy lão kỹ sư trắc địa,Disgust
sau này nó lớn lên làm kinh doanh thứ gì đó thì lúc đó nó mới biết thế nào là quả báo,Disgust
cưng quá hà,Enjoyment
fan của nhà thờ đức bà paris vào cảm thông cái per,Other
phim cực hay và cực cảm động lòng người,Enjoyment
hàng nhà tao cắt tóc xong thì tao cười như con điên từ sáng đến tối =)))),Enjoyment
"chúng mày nhìn , tao nuốt cũng không xuống nổi , ông địa",Fear
hoan hô anh 😂😄,Enjoyment
lấy ghế ra ngồi thật tuyệt,Enjoyment
per phim nào cũ thì người cũng hay hêt ́ tao anh ơi,Enjoyment
dù 22 tuổi nhưng bố giàu là được,Other
"ước gì mày được quay về tuổi thơ , trước mày cũng có 1 b trai như vậy đó",Sadness
làm kiểu không cần bẻ phê hơn =))),Enjoyment
khó tính chảnh chó như mèo 🙄,Disgust
chủ tịch giả vờ nấu kiểu này và cái kết cháy trụi làng,Surprise
per nhớ thật sự,Other
"đấy , nó đấy . con tim tao đau quá .",Sadness
ngày xưa hồi còn học mẫu giáo mỗi lần đi qua là nó rượt tao chạy té khói dume còn thiếu nước chạy lại quỳ xuống van xin nó nữa thôi . đến giờ nó vẫn là nỗi ám ảnh với tao :)),Fear
chính xác là con gái xinh auto đáng yêu =)))),Enjoyment
vớ vẩn thặc ! marketing cũng có dăm bảy loại và tùy lĩnh vực . dăm ba cái này đăng mà không đọc à,Disgust
"kết nhất cái điệu "" xời quá là điều bình thường luôn """,Enjoyment
chàng trai mạnh mẽ !,Enjoyment
thấy hơi sợ sợ rồi đấy :(,Fear
như con đười ươi :)))))),Enjoyment
per thần thái còn phải thua haha,Enjoyment
chuẩn bị cho chim ăn cức,Other
"có chỗ tự đào thải nhưng có chỗ có đào cũng không thải , vì "" cơ chế "" đồng tiền có lỗ xỏ . khó nói lắm",Disgust
đang thất tình mà dume cứ bắt đi bán xoài @@,Sadness
đm y chang mẹ tao chửi tao luôn :),Surprise
trông ô uế vãi,Disgust
đúng rất nguy hiểm ! đằng sau 1 thằng đàn ông đôi khi là cả một tủ váy,Disgust
dm đang yên đang lành tự dưng bị nhét cẩu lương 😡😡,Anger
phản cảm,Disgust
"ba mẹ mình nhớ tất cả ngày tháng năm sinh âm lịch , giờ sinh , tên tuổi ...... của 4 chị em .....",Enjoyment
bị tát lần đầu có thể sẽ hơi sốc một chút nhưng bị nhiều lần rồi sẽ quen ngay ấy mà 😂,Enjoyment
ghê thật,Disgust
không biết đến 2021 tao có lấy được chồng không nữa :((,Sadness
"kỳ nghỉ hè muộn của anh mà , xõa hết đi anh .",Enjoyment
nhỏ không học lớn lên làm nhà báo,Other
2 - 3 tuần gì đấy . sao thế,Other
per đu ̣ me ̣ như 1 tro ̀ đu ̀ anh =))))) đi gia ̉ mày tô ́ c co ̀ n nhiê ̀ u hơn khu nha ̀ ông,Anger
dở hơi,Disgust
cũng chỉ là ít protein dạng sợi thôi béo tốt gì mà gìn giữ 66 năm 😑 xã hội giờ là vậy . khi bạn không có tài năng nhưng bạn muốn tạo sự quan tâm của xã hội thì phải ..... 🙃🙃🙃,Disgust
"đó là những cô gái cần được bảo tồn , vì biết lo nghĩ đến thứ anh ta đang nghĩ",Other
đó là mày chưa nhận ra việc mày yêu tiền như thế nào và muốn kiếm tiền nhiều bao nhiêu ?,Other
tại thợ hàn bất cẩn chăng ...,Other
đúng là không có nhân tính,Disgust
"học xong cấp 3 , ngoài mừng vì được thoát khỏi đó thì không hề có lưu luyến 1 chút nào :))))))",Enjoyment
hoá ra chúng ta không biết nhiều về tình yêu như ta vẫn nghĩ 😢,Sadness
lòng đường không phải nhà cụ nên cụ sai nhé . vỉa hè to vậy rồi cụ còn muốn như thế nào,Anger
thiệt hả cái ???,Surprise
per mi phải học con nay bán hàng lai chim mới chạy hàng này,Enjoyment
"ước mơ của tao , thích vẽ lắm luôn , nhưng mỗi tội vẽ xong cho lên màu thì lại tệ 🙄",Sadness
dăm ba cái trò nấu cơm này sao làm khó tao .,Enjoyment
em chân thành nên em tổn thương,Sadness
bộ phim này hay từng đoạt giải oscar có lẽ là bộ hay nhất của ấn độ,Enjoyment
ủa ? chọn người nào cũng như nhau thôi . vì cả 2 người chắc đéo gì đã thích bạn đâu ? :)),Other
đcm . mấy hôm này đi đâu cungz thấy chủ tịch . đéo ngán à ?,Anger
hồi đó cấp 2 mà bán đồ lời mấy chục là mừng quýnh lên rồi =))),Enjoyment
và sau đó mẹ mày đánh thức mày dậy 😌,Other
per đưa anh nè không cần năn nỉ . chỉ cần em cởi hết đồ ra thôi . đúng không,Enjoyment
bà này hên vãi . bữa bên gò vấp cũng v . nhỏ kia nói chuyện rất đàng hoàng bà này thấy v làm tới mà lỗi sai rành rành . xui đâu có vài bà đi đường nghe không lọt tai hay sao vả cho mấy phát . hả dạ !,Disgust
dm gớm chó thiệt chứ,Disgust
nhớ lại thời đi học xa nhà . bếp dầu ... :(,Sadness
trời ơi . giết hết lũ xúc sinh liên quan đi . lũ giết người hàng loạt . yêu cầu thủ tướng đứng ra chỉ đạo vụ việc này cho dân . diệt tận gốc nhổ tận rể lũ súc vật này .😡😡😡😡,Anger
sẽ gây sự chú ý . cố tình xuất hiện trước mặt nhưng giả vờ như không quan tâm 😚,Other
nản kèo vãi,Sadness
"vẫn là thụ động , làm sao phải chặn đứng hiện tượng rải đinh .",Other
"per xuống cấp những vật liệu dễ bị cháy , chắc có thể do chập điện hoặc nguyên nhân gì đó khiến ngọn lửa bắt lên nhanh cộng với gió lớn .",Other
để được maiz ngắm nhìn nụ cười đó nên quyết định chỉ crush mà thôi :3,Enjoyment
thế là .... nổi tiếng sao ?,Surprise
hình phạt đó quá nhẹ không có sức dặn đe kẻ khác,Anger
dume nghe kể mà đau cổ họng vãi :),Fear
khiếp ăn tạp chẳng chết,Fear
một cái tết nhiều tiền,Enjoyment
phim này thật ra hay nhưng không có tính thực tế . không hay bằng truyện .,Disgust
sao tao ghét mấy cái tiếng cười của bọn khựa vãi mà video lồn nào cũng nge,Disgust
"giáo viên tiếng anh ở cấp thcs cực kì chán , phát âm sai bét , giao tiếp tiếng anh thì cứ ừ à .",Other
nó còn kể với bạn nó .. bạn nó cũng là bạn mình,Disgust
dume tao chửi cho nó sấp mặt luôn chứ còn gì nữa,Anger
cầu trời phật cho đại gia đình con sức khỏe !,Enjoyment
do chính sách quản lý yếu kém mới ra vậy đó,Disgust
con đáng yêu quá,Enjoyment
hồi xưa còn bị vén tà áo dài nằm lên bàn rồi đánh . chứ quỳ thế này có là gì đâu . giờ mới thấy cảm ơn thầy cô vì hồi đó đã như vậy .,Enjoyment
phim nay và phim triệu phú ổ chuột là 2 phim của ấn mà mình thích nhất,Enjoyment
:))) bố mày nghi nghi rồi . tắt loa auto sáng suốt :))),Other
trời . cưng chết được,Enjoyment
dù chỉ là 1 cây bông nhưng nó là tất cả tình yêu của ông dành cho bà ❤❤❤,Enjoyment
thằng nào phán sai bỏ tiền túi ra mà đền cho người bị oan sai đừng lấy tiền của nhà nước,Disgust
chỉ để nhìn cái thôi :)),Enjoyment
"thôi , không tranh luận với các ông . thế đi đường gặp thằng nào đỗ thế này cả nửa ngày , mà tắc đường và gọi nó không được , các ông đừng há mồm ra dume nó nhé . vì nó đúng mà",Anger
2 thằng chúng mày lại không làm gì được ư ?,Surprise
chai này mới ghi được nhìu chữ kkk,Enjoyment
không biết mình có được may mắn như cụ bà này không,Other
mũ sơ sài mà hiệu quả vãi,Surprise
"per nghe đồn mày yêu mèo , mà sao mày không đáng yêu :))",Disgust
đcm ác mộng,Fear
per gặp tao chắc tao đái trong vần 😅😅,Fear
mấy thằng súc vật 😡,Disgust
cáu vãi :))),Anger
per bảo sao tao cứ muốn nghỉ việc . lm với cái tao sờ choét lắm,Other
""" vậy là đủ tuổi ngồi tù rồi nhỉ ?"" , mặt anh rất tỉnh và đẹp zai =))",Enjoyment
giống chó này tên là gì vậy các bác 🙄,Other
làm bộ mặt ngầu cho thằng thỏ để ý mà thằng này láo ăn thiệt đéo cho mình ăn ké quê thiệt là quê luôn,Sadness
tao thấy dễ thương màaaa,Enjoyment
cách người ta phản ứng cũng văn minh ghê ❤️,Enjoyment
"per 😥 cảm thấy tội lỗi quá , từ nay không chụp nữa thiệt luôn",Sadness
em mà biết nó vô văn hóa thế thì em cũng làm cách này luôn cho nó nhanh ah :-),Disgust
per hồi lớp 1 tao quên nhãn vở mỹ thuật sợ đánh quá ngồi khóc tè le,Other
cảm ơn các anh tình nguyện viên .,Enjoyment
thật tuyệt vời !,Enjoyment
3 thằng ngốc . xem ý nghĩa lắm,Enjoyment
dễ thương quá !!!,Enjoyment
"thì đi ra chỗ khác viết , đụ mẹ coi mà tao tức á .",Anger
bà ngoại của em đáng yêu hơn thế này nhiều,Enjoyment
đem hủy mẹ đi . đấu giá cái quần què gì xong thằng mua lại nó hứng nó cho cả thế giới dính vr cmnl .,Anger
đã sợ rồi .. cố gắng hí mắt để xa ra để coi như thế nào .. khúc cuối hết hồn dục luôn cái điện thoại :))),Fear
tao thấy cảm động vãi .,Enjoyment
cũng sợ mấy con ngoe nguẩy như giòi 😰,Fear
đáng lẽ bệnh của tao đã không nặng đến thế,Sadness
đẹp khó tin quá,Surprise
xấu mà đáng yêuc quá,Enjoyment
"t xem cái này từ lâu lâu lâu rồi cơ , đéo bất ngờ gì cạ 😕",Other
duới miền tây là kiến vàng sao ngoài ấy lại dùng kiến đen nhỉ ?,Surprise
xưa dữ luôn,Surprise
"con cái có hư hỏng thì cha mẹ phải dạy dỗ , chứ cái loại thờ ơ khi con mình hư hỏng thế này thì đúng là dột từ nóc rồi .",Disgust
mê trai hơn bạn có thật :(,Enjoyment
má toàn truyện trong mơ không hà mắc cười quá 😂,Enjoyment
per khóc quá trời rủ họp lớp đéo thấy đâu,Disgust
phim ấn thì của lão amir khan là hay vol,Enjoyment
"cha quay phim cũng không phải dạng vừa , mẹ diễn viên thần thái vãi",Enjoyment
ơ thế hoá ra tao không bị ngu một mình ?,Sadness
"động lực là lo được cho gdinh , tự chủ bản thân",Enjoyment
nhìn nữa sao . hỏng yêu đi . cho doi . vui vẻ,Enjoyment
trời đất . 580k không tiếc thì tiếc gì trời . người ta làm ăn đàng hoàng . hứa hươu hứa vượn . là người lớn mà làm trò mất nết vậy trời @@,Disgust
cảm ơn bạn vì đã chia sẻ cũng như đã luôn sáng suốt để không làm gì sai,Enjoyment
"rất dũng cảm , đáng yêu quá",Enjoyment
nhà tao còn nè,Enjoyment
dễ thương quá hà,Enjoyment
"như mọi năm thôi mưa gió rét mướt , bây giờ mót ỉa là chỉ có thánh mới giúp được",Disgust
đọan con chó tao cười đau bụng,Enjoyment
đó cũng là giải pháp hay để lừa một thèn ngu :))),Enjoyment
tao lại sợ ngôn tình quá cơ 😒,Fear
per ít bữa dẫn mày xem cái này,Other
lên báo sớm thôi nhỉ,Other
tỏ tình cho nó biết thôi chứ yêu đương gì tầm này :(((,Disgust
cầu mong những công ơn sinh thành luôn mạnh khỏe .,Enjoyment
cái miệng nó nhanh hơn cái não,Disgust
thành phố tao nhiều người còn dân trí thấp là sao ? bố con dở người,Disgust
per giống súp lơ của bạn mình,Other
"k có con gì ác bằng con người , các con bé như thế mà nó không tha",Fear
chi phí kiểm toán và thuê người tổ chức hòa giải chia chác thôi,Other
thêm cả trò mắt mèo khốn nạn nữa,Anger
ăn ở cái gì huhu,Sadness
nhiều lúc ngáo ngáo thoải mái đến mức người yêu cũng đéo bằng nó và đến khi nó thổ lộ tình cảm thì tao đéo tin :v,Enjoyment
vẫn bình thường chán làm khách sạn nhọc nhục hơn 👻👻 xoạc nhau nước nôi máu me be bét ra 😭 kinh chết mẹ 😶,Disgust
đúng là khốn nạn mà,Anger
ôi hạnh phúc quá 😄😄😄,Enjoyment
"per hồi học đại học , điện hỏi xin tiền bố , bố ra ngân hàng gửi tiền rồi điện em hỏi stk rồi hỏi "" tên mày là gì ??"" 😭😭",Sadness
đúng . biết là sự thật tàn nhẫn nhưng vẫn muốn biết rõ cho nhẹ lòng hơn :(,Sadness
mấy kiếp tu luyện mà có 5 triệu thôi à ?,Surprise
đau còn hơn tỏ tình bị từ chối per,Sadness
dễ thương vãi ♥♥♥,Enjoyment
bố mày đã sợ nhện rồi xem cái video này ... vãi đái :(((,Fear
bà xinh thật sự ❤️,Enjoyment
đây là hội à mày ? làm tao phải lên gg tra sao lại đông người thế :)),Surprise
lại khoe có người yêu - _ -,Other
đừng trao duyên cho tao khi chưa biết rõ tao :(,Disgust
chưa có cơ hội nói cảm ơn và xin lỗi . vì chúng ta xứng đáng được bình yên,Sadness
đáng nhẽ nên làm việc này từ sớm . chứ hàn quốc họ làm từ lâu rồi ạ,Other
"quá bản lĩnh luôn , người đáng nể , tiếc là anh ấy sắp bị tử hình rồi",Sadness
không biết mấy ba mấy mẹ chơi bửa đó có xem được bài viết này không 😂😂😂... có ai lên incon phẫn nộ thì hiểu rồi ha,Disgust
góp phần xây dựng đất nước chứ gì kkk đóng nhiếu rứa,Enjoyment
"đm hồi đó nhà có nuôi bốn con , bữa đang ngồi chơi nặn đất sét nó chạy cả lũ tới , thật sự là tao không biết con đéo nào nhma có một con trong đó kéo áo phía sau lưng tao lên rồi cả lũ cắn lưng tao dume nó thốn vãi luôn . thề !",Anger
cải ngu lắm ... chưa ai ngu như cải tao thì không yêu đi yêu đứa vừa béo vừa lắm lông,Disgust
toàn lũ đầu trâu mặt ngựa,Disgust
làm tao liên tưởng đển phượng hoàng cổ trấn :))),Enjoyment
cố gắng đi gần người ta 1 xíu . rồi lướt qua nhau như 1 cơn gió,Other
chơi vậy ai chơi,Disgust
per thì tốt nhỉ quá đỉnh luôn ... nhưng không biết được trọng dụng không nữa buồn quá,Sadness
đồ điên,Anger
tự nhiên muốn có con 😐 dume,Enjoyment
cảm động người thầy đưa học sinh đi làm hồ sơ 🙄,Enjoyment
đúng là lợi ích kinh tế lâu dài .,Other
thái bình nắng to rồi,Other
nói như việt nam . nhưng hơi láo cá chắc thầy của ônc cũng như ông,Disgust
lò xô xài bằng dầu lửa con gọi là dầu thôi,Other
đi đường buổi đêm nhìn thấy hãi vãi ??,Fear
nặng tay cho chừa cái tật hại người,Disgust
"ngàn cân treo sợi tóc nhỉ , csong mong manh quá",Sadness
ko 1 từ nào để diễn tả bộ phim này ...,Enjoyment
"nhỏ thấy qua 1 lần , nó bị cột ngay trước cửa nhà người ta ở trong hẻm , mỗi lần đi ngang qua là nó lại định lao tới cà khịa",Fear
cười ị :v,Enjoyment
bởi vì gặp nhau sai thời điểm nên tôi mất người mãi mãi ...,Sadness
gia đình thì không còn . tình yêu thì chưa có gì chắc chắn . 😏,Sadness
"chỉ cần bạn dùng tình yêu thương , sự chân thành của mình đối với nó thì không gì là không thể .",Other
disme tao chưa thấy con họa mi nào hót dở như con này luôn á .🤔🤔,Disgust
"muốn em vui vẻ đơn giản lắm , chỉ cần bao ăn bao xem phim tuần 1 lần thôi hỡi các đồng nghiệp ơiii 🤣",Enjoyment
hay ý nghĩa sâu sắc 🙂,Enjoyment
trẻ trâu quá đông và nguy hiểm,Disgust
chắc chắn là vị mặn của mồ hôi,Other
mày uống trà sữa thôi . đéo ăn gì nữa =)),Other
tất cả cùng không tính điểm . thế là xong :v,Other
nó cũng làm thế với bao người khác đấy,Other
quay vào ô mất lượt :)),Sadness
"mình đã xem rất nhiều video như này rồi , nên thấy cũng bình thường =)))",Other
"sợ nhất mấy đứa ảo tưởng sức mạnh , nhắn tin nhiều chút là auto mình thích nó",Fear
chắc từ giờ tao đéo giám ho nữa quá .,Fear
đm mưa đâu đéo thấy . nóng vãi,Disgust
per không cho anh đi tập đâu nha mất bồ như chơi,Fear
đối với thế giới này bà lão chỉ là một ai đó . nhưng đối với ông lão đó bà lão là cả thế giới 😊,Enjoyment
"per haha nhiều tiền quá mang đây tao tiêu hộ cho , đóng thuế 10 củ phí quá =))",Other
"trời đụ , tội bé",Sadness
có lưu luyến thì lưu luyến người mình thích chứ lưu luyến gì cái trường đấy 😶,Disgust
"đụ mẹ tục , cuối tuần về ra nha :))",Disgust
nốt hôm nay thui . thui không ngĩ đến và bắt đầu từ bỏ 1 thói quen,Sadness
uiii xinh gái thế ...,Enjoyment
chạy 200tr là vào biên chế ngay . thực trạng chung . cần gì có chuyên môn hay không,Disgust
vì đồng tiền mà chúng mày giết bao nhiêu gia đình . chúng mày ăn những đồng tiền đấy mà chúng mày cũng nuốt trôi được à . bọn khốn nạn,Anger
cảm ơn các anh chị báo chí phóng viên đã đưa tin . mong cơ quan chức năng hãy làm thật nghiêm . thật mạnh tay vụ này . đến khổ mấy đứa nhỏ . mưa rét thế này . càng nghĩ càng tức .,Anger
c trai như thế nào tuyệt chủng rồi :),Sadness
per ngóng cuộc đấu tranh công nghệ này . tq đồng lòng ghê nhỉ,Sadness
nước mình chả í thức gì cả xả rác bừa bãi để trôi rác đầy đường thể này thật buồn,Sadness
nhờn :))),Disgust
"năm nay mua cân na về nhà ăn dần , tối ra đường xem chúng nó dẫn vợ thằng khác đi chơi ... kaka",Enjoyment
tiền bồi thường lấy ở đâu ? cứ làm bừa làm ẩu rồi lấy tiền của dân mà đền đề nghị sửa lại nếu ai làm sai thì bỏ tiền túi ra mà đền,Disgust
điềm báo gì đây,Fear
siêu phẩm để đời .,Enjoyment
tao phải công nhận là nó giỏi vãi . từ đứa diễn đến đứa quay và edit video .. giỏi vãi 🤣,Enjoyment
per trai hay gái thì vẫn thấy tữn như thường kk,Enjoyment
động lực cho tôi tiếp tục .,Other
"thôi bảo em gái xuống ngủ với mẹ đi , còn em percó sợ ma không ? thì ngủ với anh . hehe",Enjoyment
đã nuôi thì nên chăm sóc bé cẩn thận ??,Other
quê vải mà chưa được ăn quả nào . huhu,Sadness
"mới đây thôi mà đa 3 năm rồi , những ngày chia tay buồn đó :((",Sadness
"ý thức đéo gì đâu , từ già đến trẻ luôn 😥",Disgust
"tao cũng vậy , mấy cái thiệp chúc noel thời cấp 2 trẻ trâu của lũ bạn vẫn còn nguyên xi",Other
per haha . đặt bánh thì đặt thành cặp nhé . haha .😂😂,Enjoyment
thể loại này next sớm đi em,Disgust
làm chung với con mẹ ngáo là phải chuyển đi liền :) per ngọc kiều dung,Disgust
per ta nguyện nằm im,Other
thôi nhà đang yên ổn,Other
"chưa học cách kiếm tiền đã học thói đi lừa tiền =,= thua",Disgust
t tin crush của tao không bị thịt vì tao đéo crush ai cả =)),Enjoyment
con mẹ kia có vấn đề về thần kinh :) không cần biết ai đúng ai sai nhưng đéo lịch sự thì đã đéo có tư cách nói chuyện rồi :) con bà kia xem được video chắc buồn làm,Disgust
ai chưa xem thì nên xem 1 lần đi . đảm bảo không phí 3h đồng hồ của các bạn 😃,Enjoyment
chơi cái kiểu này nè :)) per,Enjoyment
đéo mẹ . nhìn nổi da gà ..,Disgust
đó là một câu chuyện buồn,Sadness
cười trước nỗi đau của người khác,Other
có ai biết 2 người này không ạ ?,Other
per coi đoạn con chó chết cười luôn em :)),Enjoyment
chủ tịch lén lút dùng đồ của vợ làm vlog và cái kết ?,Other
chúc mừng anh 👏👏👏 chúc anh may mắn . cố lênnnnn 💪💪💪,Enjoyment
phê thật . cái tai nó đang thâm đen xì lấy ra hết lại trắng hồng luôn,Enjoyment
do cái áo . mặc giống nhau làm đíuu gì,Anger
tội còn nặng hơn cả khẩu nghiệp nữa 😌😌😌,Disgust
hồi xưa anh hay bị chửi trẻ trâu này nọ ... giờ anh là tổng giám đốc rồi 😁😎,Enjoyment
nv thu nhâ ̣ p cao thi ̀ hu ́ tao ma ́ u ngươ ̀ i dân phi ́ cao hơn hê ́ tao .,Disgust
người tài như vậy lại không được sử dụng đúng mục đích … quá buồn,Sadness
một câu chuyện cổ tích xiaolon đầy tính nhân văn !!!,Disgust
còn chả có ai nói chuyện thân thiết quan tâm đến tôi :<,Sadness
đoạn phỏng vấn + xin đi chụp hình + cạo râu lão là hay nhất theo mình =]],Enjoyment
coi thôi cũng đủ nghiện rồi 💋,Enjoyment
năm nào cũng phải ở nhà trông nhà :((,Sadness
idol có skill mới chất quá 😂 1 cú đánh mông thôi mà đối thủ bay sấp mặt luôn luôn 🤣,Enjoyment
"hy vọng cơ quan điều tra làm rõ được danh tính người phụ nữ , chỉ vì cái miệng mà làm tan nát cả 1 gia đình",Disgust
tấu hài cực mạnh,Disgust
con đĩ mất dại . trời đánh tránh bữa ăn nha con ml,Anger
cười xĩu,Enjoyment
mẹ nó chứ xem xong mình khóc hết cả nước mắt,Sadness
có tiền chưa mà đòi,Disgust
"một hình ảnh hay nhưng một loại âm thanh rất chối tai , câu đầu tiên đã chửi thể và tiếp theo cũng vậy , rất vô văn hóa .",Disgust
mình chụp mấy lần liền chả thấy bác sĩ cho mặc lớp áo gì cả 😭😭😭,Sadness
thề đi ngoài đường giờ nhiều người lớn cứ nghĩ mình mình già rồi thích đi như nào thì đi . xong quay sang chửi bọn thanh niên là đi đứng mất dạy này nọ . chán . mang tiếng người lớn mà cư xử chán đcđ .,Disgust
trường gửi điểm về và mẹ cũng điện chửi :(,Sadness
ngày nay bã đã thay cho thính :))),Other
thế sao tao hát tệ thế này,Other
còn đồng nghiệp hãm lờ thì ...,Disgust
"nếu nói chị thảo tham thì chưa thoả đáng , vì ngay cả con chị cũng được niêm yết , định giá để “ chia chác ” ý kiến cá nhân mình , chỉ chia phần của chị và phần % của những người con sẽ được nhận vào 18 tuổi",Disgust
chỉ cần 1 cây hoa . nói lên tất cả .. hi,Enjoyment
ngày xưa đi học văn và toán chắc noa dưới trung bình hết,Disgust
t lên facebook không phải để coi mấy cái thứ này 😪,Disgust
dễ thương quá à ????????,Enjoyment
làm khách đi qua lại mắc mệt lun,Sadness
trả lại tuổi thơ cho tao 😆,Other
để con mẹ mày tiếng bình thường nghe cho dễ . lại còn làm đéo đéo,Anger
chỗ tao cũng có cây tình yêu < 3,Enjoyment
ngày nào cũng bị tụi siêu thị hành không dưới 10 lần,Other
qua câu chuyện này mong mọi người đừng có cái nhìn ác cảm về các anh csgt về việc hay núp lùm bắt xe nữa mà còn nghệ thuật ăn nói kể chuyện xạolin đẳng cấp 🙂🙂🙂,Disgust
việc nhỏ như vậy mà hai con này hàng sử thiếu văn hóa quá quá,Disgust
thỉnh thoảng lại xem lại phim này quá hay và ý nghĩa,Enjoyment
"lúc đầu tưởng con ma , nó đi tẩy trang xong hiện nguyên hình đếu phải ma mà là con quỷ cái",Disgust
2 đg thẳng mãi mãi song song không bao giờ cắt nhau hix hix,Sadness
mai chơi trò hứng nước mà nóng quá chắc chơi vầy luôn,Other
per chơi với con trai riết nên giờ đéo có người yêu nổi vì tính tình không khác gì con trai,Sadness
đm chơi mất dạy vãi . tưởng khúc cuối là gì dume làm giật mình 😒😒😒,Fear
"các bạn trẻ thấy cái gì cũng có mặt : giờ trái đất có , thử thách nhặt rác có , vứt rác bừa bãi có . toàn thấy các trẻ ( trâu ) tham gia .",Disgust
chạy ngay đi 😱😱😱 sợ quá .,Fear
"😔 tao không lấy chồng nữa , ở nhà nấu cơm cho mẹ , tao sợ lắm",Fear
"bữa tao coi cái video này nhưng nó ghép nhạc bựa vãi ... mỗi lần mỗi anh té là first blood , double kill ,... các kiểu =))))",Enjoyment
chính xác ! chỉ cần đồng nghiệp tốt thì mọi ngày đi làm đều vui 😊😊😊,Enjoyment
đơn giản nha .. cơm này ngon hơn cơm điện nhiều . không tin thì cứ thử,Enjoyment
làm công thì chấp nhận . chỉ trách khách không ý tứ chứ quyền gì cấm nó đem mấy cái này vào ... có trách thì trách bản thân không có khả năng làm việc khác ngoài làm nhân viên vệ sinh,Disgust
per anh tập gym cho to để như thế nào ư : ))),Surprise
nhìn cái đống lúa phơi mưa ướt nhẹp ma ghép cười được .,Other
đã sáng suốt hơn năm ngoái nhiều . ka ka,Enjoyment
vậy nếu mình lên cơn điên và giết người khác thì nỗi đau gấp bội phải không ?,Anger
lòng đường là để giao thông chứ để nhà các bác đỗ xe à ?,Anger
mình không áo mưa rồi 😞,Sadness
giọng không nhìn màn hình tao tưởng là ông bà già nào trên 60 tuổi đang nói á .,Other
nhưng nói thì cứ bảo hay than thở 😢,Sadness
xiaolin không có gì vui . chúng ta không nên xiaolin 🙄🙄,Disgust
còn tao mỗi lần cắt tóc là y như rằng … nó tệ vãi :(,Sadness
được . đỡ tốn 5 nghìn,Enjoyment
"replay chục lần đoạn cuối , phê quá",Enjoyment
đáng yêu quá ! tình yêu ông bà thật đẹp !,Enjoyment
đứng tim luôn,Fear
vì bạn chỉ là con trai nắng hoặc em gái mưa thô :(,Sadness
đau nếu còn nghĩ về nhau thì hãy quay về bên nhau :)),Sadness
nhấp mẹ miếng da chính giữa 2 lỗ rồi lấy muỗng múc là xong,Other
tư cách của người hành nghề,Other
đéo bít sợ là gì đến lúc chết lại đổ cho tại số,Disgust
chỉ mong thương nhau đến đầu bạc răng long . vậy là đủ 👌,Enjoyment
khi gặp được người đem lại cảm giác bình yên mà từ trước đến giờ chưa từng có .,Other
"bên đó cậu sao rồi , có hay cười nữa không ?",Other
"con gái ăn nói kiểu gì vậy trời , mình rất ghét con gái nói tục chữi thề",Disgust
"suốt ngày sân si , chia bè phái bốc phốt nhau mà khi nghe chia lớp theo tn - xh lại bảo buồn",Disgust
"thú vui mới , thay vì chọc chó thì ghẹo ngỗng cho nó dí =))))",Enjoyment
có lẽ vậy là tốt nhất,Sadness
tận cùng của nỗi đau 😑😑😑,Sadness
chị dâu thì vãi rồi,Disgust
nhờ mất bạn nên mình mới biết 😂😂😂😂,Enjoyment
con quan rồi lại thành quan . chỉ dân mãi là kẻ bần hàn,Other
kinh khủng,Fear
cưng quá mà,Enjoyment
xiên chết cụ nó đi,Anger
khi nào nha anh sẽ lắp hả per,Other
cưng vãi ấy,Enjoyment
lớp chúng mình rất rất vui anh em ta chan hòa tình thân =))),Enjoyment
tinh trùng của người ngoài hành tinh thật đáng sợ 👏🏻👏🏻👏🏻,Fear
tội em vợ thế :(,Sadness
ơ hoá ra là em à :(( lâu quá không gặp,Surprise
ko nên nhé các cụ .... hãy cho họ 1 cơ hội ... hãy nhìn sự việc từ nhiều khía cạnh khác nhau,Other
bắt ve cho nó điiii . trông khổ quá,Sadness
hic . nhiều khi thấy bả ngu thiệc chứ kp đùa 😂,Disgust
rất chuẩn hãy sống làm người cơn luôn luôn co hiểu thảo với cha mẹ của mình nhé moi người ơi,Enjoyment
sao không ghé quán rồi nhờ người nhà cầm nón qua cho :))) tự làm khó mình vậy,Other
con xe thần thánh . chạy hơn 50 năm chưa nát =))),Enjoyment
có người yêu thì vẫn ăn bánh trung thu nhé . bánh trung thu là thứ tồn tại duy nhất . có em hay không không quan trọng,Other
đã từng . hix,Sadness
chắc là năm lớp 4 5 gì đó :)) tao mua bánh kẹo đem vô lớp bán lẻ lại ... mỗi lần đem bán như vậy chắc cũng kiếm được lãi 2 - 30k 😂,Enjoyment
có cái con cặc .. chúng mày chỉ diễn thôi đúng không . dume chỉ diễn thôi .. :'(,Disgust
nháy mắt cũng đáng yêu kkkk,Enjoyment
nghĩ cũng tội mà thôi cũng kệ,Other
trẻ trâu chấp nó làm gì,Disgust
bắc sơn lạng sơn đang cháy khô rồi mưa cái gì chứ 😠,Other
per chị ơi còn học được cả tiếng anh nữa luôn này :v hịn quá,Enjoyment
"cổ nhân có câu : thương cho roi , cho vọt - ghét cho ngọt cho bùi . muốn con trở thành người tốt , nhưng gv nghiêm khắc thì lại phản đối . thật không thể hiểu nổi .",Anger
biết nấu cơm bếp củi từ lớp 2_3 gì đó,Enjoyment
dạ đây là chị gái em nha không phải chồng đâu ạ người trong hình là em huhu ?,Sadness
giỏi thật chứ đùa . biểu cảm gần như 90 % chuẩn mẹ rồi . thằng quay và edit cũng ghê luôn . nhảy cũng tốt ra phét chứ -.- ác thật,Enjoyment
không cẩn thận phát là ngậm bả như chơi,Fear
có thịt bò nướng là ngon rồi bày đặt kiến đốt,Disgust
"không có sức hút thì tao vẫn cắt , mùa hè để tóc dài nóng thấy mẹ",Other
bạn có phải óc chó không ? chắc bạn không trả lời được đâu nhỉ . óc chó mà =))),Disgust
"móng tay dài như vậy thì làm gì để sống phục vụ bản thân cũng khó khăn uổng phí hết tuổi trẻ một đời người để nuôi một bộ móng , thay vào đó làm việc gì có ích cho bản thân gia đình và xã hội , đời người ngắn ngủi nên trân trọng thời gian quý báu của mình",Disgust
chỉ ăn 1 miếng thịt mà phải đốt chết thêm nhiều sinh mạng bé nhỏ nữa hả,Surprise
có đứa nào nấu cơm rồi nấu luôn cái bếp như tao không,Other
"đếu thể đỡ được "" tiền mừng , tiền mừng "" hahaha",Enjoyment
hãm lol nhưng thật lòng chứ còn hơn cứ tỏ ra trưởng thành mà bên trong thì như đồ bỏ đi,Disgust
per nghe có vẻ hợp lí nhỉ ?,Other
ngoài ra thì nó còn bị mang tiếng là thả thính cả xã hội nữa,Other
"từ nhỏ đến lớn chỉ nghe được câu mày béo thế , mày nên giảm cân đi chứ không ai nói rằng mày gầy lắm ăn nhiều lên 😆😆",Disgust
cơ mà tao bị thần kinh thật,Sadness
kiện chết mẹ mấy con súc vật đó đi,Anger
sắm về hỏi mấy thứ :v,Other
cứ bảo ngon lắm với chả ngon vừa . không biết nghĩ trước khi ăn à,Disgust
con này là con lợn hay con gấu hay con ong vậy ????,Other
tại mình thử hết rồi :)) nên cậu nói thế thì mình bình luận thôi :)),Other
thề cứ 1 lần trượt là tao cười to hơn 😆😆,Enjoyment
mặt nạ chứ không phải mặt lạ nhé . ngọng thế mà cũng lấy được vợ ????,Disgust
per nhờ mất bạn nên mình mới biết 😂😂😂😂,Enjoyment
thứ ba mẹ cho con và con nhận thấy đó là sự đức hạnh tấm lòng cao cả cam on ba mẹ rất nhìu,Enjoyment
nhìn mặt thấy hãm buồi rồi .,Disgust
hãy nên trân trọng những người bạn như vậy .,Enjoyment
nhớ bộ phim thằng gù nhà thờ đức bà không ?,Other
bây giờ nhìn vào cứ kiện tụng mà nãn :((,Sadness
thiết kế tinh tế quá,Surprise
tớ cũng muốn có mối tình như vậy ??,Sadness
một bộ phim quá suất sắc,Enjoyment
suốt ngày bị chửi ??,Anger
mình không hiểu tại sao nó không bị phóng điện chết nhỉ ?,Surprise
vì tao hay bị chúng nó chọc nên thấy buồn,Sadness
một bình luận của người trong cuộc . đọc xong thấy ấm lòng cho per !,Enjoyment
chó nhà tao mới đi lạc 3 hôm thôi mà quên mẹ hết chủ rồi :vậy,Disgust
"có hình ảnh rõ ràng kiện chúng nó tội quấy rối đi . mịe cái lũ khốn kiếp , hay ho lắm cái trò dơ bẩn 🤧🤧🤧",Anger
nhà nó giàu vãi,Surprise
per quả lừa con chó ngoài bờ rào,Other
wow đỉnh quá,Surprise
ước gì tao thất tình cũng được giống như mày,Other
"cái kết thật bất ngờ , không thể đoán được vậy",Surprise
per nhìn mặt cưng gê,Enjoyment
là đứa quay video,Other
cái lò xô ngày xưa ma,Other
một chuyến du lịch vui vẻ,Other
😔😔 hành động nhỏ v thôi thì cũng ấm lòng rồi ... nói thôi cũng vuii rồi ... 😝😝,Enjoyment
"chúng ta những tháng ngày sau đó vẫn gặp nhau , vẫn nói chuyện nhưng không phải những cô cậu của hồi c3 nữa . chúng ta đều khác",Sadness
bé gái đáng yêuc quá :))). dth nữa,Enjoyment
cho khỏi đá ở việt nam . gì mà căng,Disgust
hình thức này .. là chúng nó đang huỷ hoại mầm mống tương lai của đất nước đấy,Disgust
trông tội quá,Sadness
"hai con ma đấu đầu , con mũ đen ăn toàn cứt nên đanh hơn ?",Other
"nó mừng kiểu nhảy vồ lên dơ đồ thôi , chứ dòng này gặp ai cũng mừng",Other
per ghét ghê bây,Anger
"học chán phèo , chả có gì đáng nhớ",Sadness
"tao cảnh cáo , page mà đăng mấy video kiểu ngôn lù thế này tao unlike , trả per trả cụ lầy , trả anh thai cho tao",Anger
chắc làm theo yêu cầu,Other
"coi 3 lần mà vẫn cười , phim hay nhân vật dễ thương",Enjoyment
per sự thích thể hiện của các bạn mà bóng đá per tốn một món tiền không nhỏ ! 😩🙏🤕,Sadness
"mất nhân tính ( tiền không phải tất cả , nhưng làm tất cả vì tiền )",Disgust
thớt là gu của tôi :))) yêu quá hiuhiu,Enjoyment
muộn rồi :))),Sadness
thề lun anh ấy rất kĩ thuật lun á,Enjoyment
per có sub rồi nè . má coi đi coi lại vẫn mắc cười . với đưa anh stk đi,Enjoyment
bt mà tao vẫn lạng lách ở đây suốt,Enjoyment
chỉ mong có người đến cuối đời vẫn yêu mình như ngày đầu tiên ❤,Enjoyment
anh thíck kiểu tra tấn hằng ngày :))),Enjoyment
tuổi thơ với nó đấy,Other
vợ chồng nhà này mặc quần áo ngủ đôi à ??,Surprise
buồn cười nhất cái đoạn cã lũ bạn đồng thanh * chó nó lấy * 😂,Enjoyment
"đúng rồi còn quay quay , lớ nga lớ ngớ xuống trách người ta . có phải bãi xe tự phát đâu mà người ta dám làm láo .",Anger
dăm ba cái yêu đương vớ vẩn :)),Disgust
ủa tao đang coi cái gì v 😂,Other
tàn nhang là xác định nhá ??????,Other
sao toàn gặp hãm không àh . gần nhất là thằng âm binh nhất,Disgust
phe áo vàng thích điều này,Other
có khi giờ tỉnh rồi đéo dám xuống nữa,Other
lại đến giờ giải trí rồi mềnh ơiiii per =))))),Enjoyment
vừa xung điện tim xong ra ngoài bác sĩ lắc đầu =)) cả nhà tao đưa bác sĩ vô nằm kế tao,Other
thói ích kỷ,Disgust
thứ học sinh mất dạy =)),Disgust
má tự dưng bị đánh vào đầu :(,Anger
mong ông bà nhiều sức khoẻ . đáng yêu thực sự 😍😍😍,Enjoyment
nhìn gai vãi,Disgust
đọc thôi cũng mệt,Disgust
có những ngày mọi thứ nó bỗng ập đến,Sadness
per thề :))) cười cơ mà tao nghĩ nó cũng đéo ổn tí nào đâu,Disgust
chỉ khổ các con thôi !! sao người ta lại có thể mất nhân tính như vậy,Sadness
cute vậyyyyy,Enjoyment
thế rồi cha lái xe có giả tiền không các bác,Other
nàng ấy chả yêu ta gì cả,Sadness
1 năm không biết bao nhiêu lần x - quang :(,Sadness
thôi xong tao rồi :((,Fear
chỉ cần nhìn họ thì đã thấy tim đập mạnh rồi =))),Enjoyment
phú thọ tởm quá,Disgust
smart phone thành cục gạch là có thật luôn hả ??,Surprise
"3 idiots , bộ phim rất đáng xem",Enjoyment
nói gì thì tụi bây cũng không tin đâu ..😌😌,Sadness
per nhà mình cũng có nè,Other
bây giờ lại chơi trò đánh tư sản mại bản như ngày xưa đi nhể,Other
anh đánh mất thật rồi,Sadness
đậu xanh tao giỡn mặt với mày hả,Anger
những cái đáng làm không làm những cái không đáng làm thì làm cho tới,Disgust
hình như sau boss bị chết ạ,Sadness
xong tao đưa mày uống nha,Other
may mà không mua laptop này không thì ăn lìn lâu rồi :(,Enjoyment
nếu chịu khó đặt vào hoàn cảnh của nhau mà sống thì mọi chuyện đã đơn giản hơn rồi .,Sadness
đéo đùa :)),Anger
nhìn hình vẽ khẩu trang lại tưởng 1 con mắt =)))))))),Other
có đứa nào đéo giật mình như tao không :))),Enjoyment
"băng băng cái lol , chưa đóng vào mặt nhau là may rồi",Anger
"ôi mệt quá , một ngày buồn tẻ",Sadness
bố đi đường mà sợ quá,Fear
bác sĩ mất dạy,Anger
disss giật hết cả mình .:)),Fear
có lẽ vì vậy nên moi thứ trở nên thật khó khăn lúc này :(((,Sadness
bà đã được sống 1 kiếp người hạnh phúc . mấy ai có được điều đó . ngưỡng mộ tình yêu ông dành cho bà .,Enjoyment
sau khi có vợ anh per đã có đồ giả gái xinh và tinh tế hơn 😆,Enjoyment
"per đi coi với tao , phim này hay nhất định phải coi",Enjoyment
đứng trước mặt nó tụt quần ra auto hết giận,Enjoyment
haha đây là cổng chợ này ??,Enjoyment
giống y con bạn tao :))) mặc dù nó không phải gvien hay gì cả nhưng nó khá trẻ trâu,Enjoyment
nói chuyện yêuu thế đmaaaa ??,Enjoyment
dễ thương ghê . thằng quay phim cũng không phải dạng vừa ^^,Enjoyment
yên tâm đi ông trời không bất công với ai đâu,Other
ko biết crush bây giờ có ở nhà không nữa 😭😭😭😭,Sadness
là khi lạc giữa 1 biển người hôm khai giảng nhưng vẫn nhìn thấy người đó rõ nhất,Enjoyment
đồ điên . quét đéo được thì lấy máy hút bụi hút mẹ hết đi . hét hét cái lol gì =))),Anger
"hay ta , hay ta",Enjoyment
anh ấy không thương tao,Sadness
mặc cái váy thì phải cạp lông lách chứ :))),Other
nhìn lũ trẻ yêu nhau mà lòng già xao xuyến,Sadness
ai đã dùng nó bây giờ phải 50 tuổi rồi,Other
"1 đoạn phim được trích ra tuy ngắn nhưng , chứa 1 thông điệp rất có tầm quan trọng",Enjoyment
quan trọng là đỉnh ^.,Enjoyment
đem người đó ra biển cho biển cuốn đi lun .. hihii,Enjoyment
"hàng loạt các sai phạm , vi phạm diễn ra nhưng bộ giáo dục chưa đưa ra được biện pháp nào có hiệu quả chấm dứt các sự việc tiếp tục xảy ra",Anger
"trách nhiệm của con mẹ giáo viên chủ nhiệm là lớn nhất luôn , đuổi con mẹ nó việc đi",Anger
đúng rồi con gái là vậy mà kkk,Enjoyment
tan tành rồi .,Sadness
chẳng biết nói gì . xem video em cười suốt mà lòng tôi không thấy vui tẹo nào . thương em,Sadness
xử tử hiệu trưởng . nhà nước phải làm thẳng tay bọn chó,Anger
người ta mất 6 tháng để học lái xe nhưng lại mất cả đời để học văn hoá đỗ xe 😑,Disgust
ngày xưa nghèo . có bếp dầu là mai rồi .,Other
ba ́ o giâ ̣ tao ti ́ tao la ̀ mày hoa ̉ người loa ̣ n ngươ ̀ i dân . haizzz,Sadness
hãy tôn trọng quyền được mưu cầu hạnh phúc của mỗi cá nhân con người trên thế giới này đi . đừng kì thị họ ! tội lỗi lắm 🙂,Other
"má .., ruồi bay qua táp chết tươi :)))",Enjoyment
per cái gì mình không làm được chứ đánh cái lũ đéo phải người thì mình làm tốt kkk,Enjoyment
per hèn gì thấy ngày nào anh cũng đi tập 😂😂😂,Other
ẹc lông chân mày mọc nhanh dữ =.=,Surprise
ngày xưa cũng vui lắm mà giờ mỗi đứa 1 nơi rồi,Sadness
per em cười mệt quá =)))),Enjoyment
móng tay gì mà nhìn vừa bẩn vừa ghê,Disgust
"tuổi thơ của tao sợ nhất là con này , không làm gì mà nó cũng rược , suốt ngày thì kêu um sùm",Fear
lần sau nhìn thấy hắt nước tiểu vào người nó ngay,Anger
bấy bề ơi . thật là đáng yêu,Enjoyment
tuỳ người tuỳ loại,Other
cư ́ như kiê ̉ u =))) ngươ ̀ i yêu,Enjoyment
"thằng ác ôn , con nhỏ nhờ tháo mạng nhện thôi mà cũng không giúp , tao là móc gậy ra thọc .. à nhầm tháo mạng nhện ra liền ..",Anger
"hồi nhỏ đi học phải ngang qua nhà nuôi ngỗng nó dí chạy thấy bà luôn , ngày nào cũng phải cầm cái cây theo . thề luôn tới giờ tao vẫn còn sợ con này khiếp luôn 😭",Fear
ăn cơm mốc có khả năng bị ung thư gan cao . hít,Sadness
bác này nói hay,Enjoyment
mới sáng ra,Other
"tao có một nỗi sợ khác cũng khá giống con yêu tinh này đó là con yêu nghiệt ngan đực :3 con này thành tinh hung ác vãi_chưởng , đi ra vườn đéo làm gì nó , nó cũng rượt mình . đậu ! đó là tao kể ngày bé thôi =) chứ lớn lên tao biết vơ cây củi theo để đi ra vườn rồi =))",Fear
cười vãi ???????? mặt con bé cũng hài ghê,Enjoyment
"quán này chắc không đông , đang ăn mà thấy có mà ói",Disgust
để nó vậy không thấy tội sao,Sadness
boss dễ thương hết sức,Enjoyment
nấu thì nấu được mà không biết có ăn được hay không thôi,Other
"dume tao từ giờ sẽ bỏ thích cái page này huhu , nghiệp mà",Disgust
đi xe cao mà ý thức thấp quá !,Disgust
mình đã về đến nhà an toàn hihi,Enjoyment
lông chân mọc nhanh thế :)),Surprise
quá nguy hiểm .,Fear
ơ tao cũng học ông này hướng dẫn hay sao ấy :))))),Enjoyment
và người đó đang ở nơi đâu về với em đi . đợi người rồi người sẽ đến chứ ?,Sadness
bảo sao đi đâu ai cũng ghét =)),Disgust
"đã gọi là "" mật "" mà nó lại công khai cho mày xem àk",Disgust
hahaa ngọt vãiii :)),Enjoyment
mơ chứ còn gì nữa 🙃,Other
per tìm được đối tượng nào để cầu hôn chưa :))),Enjoyment
dự là 30 mà 30 sợ già quá chả chó nào nó rước . năm nay đã 26 rồi mà vẫn chả ai thèm yêu 😔😔😔,Sadness
nhìn em mà thương roi nói chuyện mắt,Sadness
em vợ tao đấy :)),Enjoyment
"con bé xinh nhờ , khốn nạn là cái thằng edit video ý :)))",Enjoyment
1 lần chơi lớn xem thế giới có trầm trồ ??,Surprise
per phim này thấy trailer hấp dẫn ghê 😁,Enjoyment
ngồi nhìn nó ngủ cũng thấy dth vler đừng nói cười 😌,Enjoyment
cái này ghê vãi mày sẽ hiểu cảm giác khi nó lún xuống 😅😅,Fear
không thấy tên phim thì hỏi . ở đấy mà hội người mụ cái đéo gì . đã mất công ghi tên phim thì ghi cho đàng hoàng vào . bất lịch sự vậy !,Disgust
hèn dì mấy nay đi học thấy bạn của crush nhìn mình cười,Enjoyment
wow vừa vẽ đẹp lại còn biết sáng tạo :)),Surprise
cái này đi móc cống thốn lắm nè,Other
từ nay tôi quết định nuôi dưỡng con chim tôi tới già . và tôi mong được unesco công nhận kỳ quan thứ 8 của thế giới,Enjoyment
mình chỉ quan tâm cái quần bạn chồng mặc màu hường hình cô gái ????,Other
loại gái già mất dạy chách sao không dạy được con cháu .,Disgust
chộm chó đâu làm ăn như céc lúc cần thì chả thấy đâu,Disgust
thông minh hơi muộn nhưng vẫn kịp thông minh !,Enjoyment
cay đắng và mặn :(,Sadness
cóc nào tao không có thích thầm đứa nào để đứng lại ngắm cái chỗ ngồi nhể 😗😗😗,Enjoyment
nó sale còn 225k là được rồi :))) lời quá còn gì . mẹ mày per bình luận chi để nó nhận ra chi v 😂,Anger
"loại này nó vậy , y con chó nhà mình .. hjjjj",Disgust
đỉnh vậy luôn hả,Surprise
chẳng những hư xe mà còn bị phạt nặng nữa,Sadness
mẹ còn không trị được thì ai trị 😌,Other
tớ có thấy con ngáo đấy nhưng không dám lại sờ huhu tt,Sadness
nhờ đó mà tôi cảm thấy nhẹ nhõm và trở nên mạnh mẽ,Enjoyment
tao ấn tượng anh đầm hường ghê 😂,Enjoyment
đứa nào bắt cóc nhỏ này thấy khổ vãi,Other
đồng cảnh ngộ :(,Sadness
ngọt hơn cả người yêu haaaaa,Enjoyment
thôi mấy bác bị dắt mũi rồi . nghe đến đoạn au mobile là biết nó quảng cáo game trá hình rồi . như con cặc,Disgust
đọc nhiều chuyện cổ tích vầy thấy yêu cuộc sống hẳn :)),Enjoyment
bố mày lậy chúng mày đấy,Disgust
mấy cái video của bọn này đóng hay vãi,Surprise
"ở nói chuyện ngoài hộ không khì thị về giới tính , họ cho được kết hôn . chứ họ không kì thị như ở việt nam mình hai người kia họ thật dũng cảm khi sống thật với giới tính của mình",Enjoyment
bà chủ tịch giả mang thai và cái kết,Other
phạt 5 triệu ... pháp luật vn hay dữ,Disgust
phải chi có người để giận mình nhỉ :(((,Sadness
"per cần thêm những trái dâu xinh xắn để ngăn chặn sự u ám này , huhu",Sadness
lúc nhỏ bà hàng xóm của tao bị dí chạy tới mức bã phải nhảy xuống sông bã lội trốn mà tụi nó cũng nhảy theo với bã 🤣,Enjoyment
tao cũng có ghệ và tao cũng dị ứng mấy trường hợp mắc mệt giống vậy,Disgust
khổ thân em ý .,Sadness
không những hạnh phúc tao còn cứng nữa :)),Enjoyment
"chỉ có bọn nông dân mới nghĩ ra mấy trò này , phải con cháu nhà tao thì tao đến từng nhà 1 bắt từng thằng ăn cứt",Anger
kinh dị vãi 😖😖,Disgust
phải là người yêu tao thì sống chết tao cũng vả hết,Anger
vậy nên phải lịch sự và thổ con mẹ nó lộ với cả đống người chúc mừng mày thành trò cười thiên hạ,Disgust
đkm lại diễn rồi pr cho game aumobile chứ gì tuổi lol qua mắt tao =)),Enjoyment
"cà phê vần luôn cả với sa tế , thế là đủ vị đắng cay",Other
chuẩn luôn :3 độc vô tình bắt gặp thôi cơ mà giờ tao bị ăn bơ rồi 😭,Sadness
có ai luyện mới được như mình không dạ,Enjoyment
còn thằng súc sinh này,Disgust
"lớp 1 tao đã bị nằm sấp lên bàn , bị đánh 20 - 30 cây vì tội viết chữ không có tiến bộ mà có dám hó hé gì đâu . còn học sinh giờ sắp thành hiệu trưởng hết rồi",Disgust
hết hồn chim én,Fear
thật ư 😱😱😱,Surprise
cô ấy không yêu tôi,Sadness
ừ công nhận == không có tiền mua,Sadness
"xã hội giờ nguy hiểm quá . có khi cái con mẹ kia mới là người có ý định bắt cóc trẻ con ấy chứ , hoặc chỉ một câu trêu đùa quái ác như thế cũng đủ mệt",Disgust
nó ăn chay mà,Other
trò cười . :v,Enjoyment
đáng yêu vậy,Enjoyment
người ta dùng con kiến bống . loại có chất axit có vị chua . chứ đéo ai dùng loại kiến đen cứt trâu này .,Disgust
"gặp tao là đéo nói nhìu , lùi xe ra rồ ga tông thẳng vào :))))",Anger
phải chi quán đầu tư cái máy hút bụi thì đỡ cho anh ấy quá =))),Other
cũng dể thương đấy chứ,Enjoyment
thực ra ngoài mày nó còn quan tâm nhiều đứa nữa,Other
anh quay phim giọng hơi cute nhỉ 😂😂😂,Surprise
cảm ơn bố !,Enjoyment
nhìn đã thật,Enjoyment
niềm vui của cđv việt nam đây mà,Enjoyment
tao thích vẽ . nhưng vẽ xấu từ đó chuyển hẳn sang mê chụp ảnh .,Enjoyment
tạm biệt ông 😢,Sadness
khoảnh khắc nhận ra đồng nghiệp mình is the best :)) nguyễn ngọc thái hiền,Enjoyment
tao cười tao ỉa =)))))) hâhhahhahahahaha,Enjoyment
nên là có sắp chết tao cũng đéo kể cho ai nghe :))),Other
tiền nhiều để làm gì ? để rồi lại chia ly,Sadness
"và nếu có 1 người yêu mà chơi với nhiều thằng con trai thì hãy cẩn thận , mày có thể bị cắm sừng khi nào không hay",Other
thường thôi . hồi nhỏ tao nấu kiểu này hoài . nấu lun cái bếp nhà chú,Enjoyment
xỉu lên xỉu xuống :(,Sadness
để anh dẫn em đi ăn nha :)),Enjoyment
tao đã khóc khi xem phim nay,Sadness
cây như cổ chân thì sao năng xuất . cại đủ tiền công không mà chia,Other
per một thời của chậy em mình nè,Other
thiệt là dễ thương quá đi mất . 💕,Enjoyment
nhảy không lo nhảy còn quay quay,Disgust
giòi béo lắm :)),Enjoyment
"á đù , per ạ , chị em mềnh vừa làm thế",Surprise
per trung thu đéo liên quan đến việc có gấu cho lắm bạn nhể .... nhưng mà lễ gì cũng thế thì đúng là bất hạnh mà huhu,Sadness
per cản tao không tao chửi thề,Anger
quả drama khi nàng say giấc là minh chứng rõ ràng nhất cho ví dụ trên =))),Other
tao hiểu rất rõ cảm giác của em ấy ....,Sadness
"tình đến , rồi tình cũng điii 🙂🙂🙂",Sadness
gớm không tưởng,Disgust
"phục nhất ông cưa móng tay mà không cần đeo bao tay và đeo khẩu trang , gặp tao là tao ói ngay từ khi thấy bộ móng này rồi .",Disgust
cảnh này gặp cũng nhiều rồi . dọn thấy mẹ luôn mà vẫn không sạch được . tức ghê . ức chế lắm . 1 lần thì không sao mà cả chục lần như vậy,Anger
vô nhân đạo thật :(,Disgust
"ngày em đến anh mất ngủ suốt mấy đêm vì vui sướng , ngày em nói dừng lại nước mắt anh rơi trên đường chạy về nhà",Sadness
có gì đâu bé vậy mới cool đó anh thích 😉😉😉,Enjoyment
tuổi thơ không có gì đặc biệt cho đến khi năm lớp 12 . nhớ cả cuộc đời cậu bạn ngồi cạnh,Other
tính giải trí cao vãi 🤣🤣,Enjoyment
cơm từ thiện không tốn tiền nên không biết quí trọng ý thức còn thấp quá,Disgust
"cảm ơn cha mẹ đã cho mình hình hài này , xin được khôn ngoan để đừng làm đau người khác",Enjoyment
hóa ra là vậy à =)),Surprise
"tao cũng nghĩ là vậy , chứ ở đó mà mừng rồi nuôi đẻ . bố mày không thích ăn sừng , phắng 🤣",Anger
có quá nhiều lựa chọn trong một tháng,Other
nguyễn thị hồng phấn cũng may tao không thấy cặp nao hêtd,Sadness
nói thẳng mẹ nó là con kia gato cho xem :))),Other
"đi qua hết rồi mới nhận ra cấp 3 là thời tươi đẹp nhất của mình . ở đó có bố mẹ luôn đồng hành , có tình yêu học trò , có nghịch ngợm trốn học ... là quãng thời gian hồn nhiên vui vẻ nhất .",Enjoyment
bếp củi 😂😂😂,Enjoyment
:(( tội bé,Sadness
ăn cho mập thây để chết phải đặt hòm riêng chứ bắt trộm hay cướp thì làm được gì .,Disgust
"đéo biết ong rừng thật không nhưng đổ mà bắt em dọn thế à , xách mông xuống dọn đi .",Anger
tuổi trẻ tài cao mà :)))))))),Enjoyment
quay lip miệng chửi liên tục còn đăng mạng cho mọi người biết ... hài .,Disgust
sg chưa mưa đâu,Other
per cho vợ đi cầu này để giảm cân nhá 🤣🤣,Enjoyment
tôi đoán rằng ông này đã lấy vợ trước khi lên mặt trăng,Other
chả hiểu sao có phẫn nộ :))),Disgust
"nhìn cảnh 2 bố con hôn từ biệt , em bé cũng rướn mặt theo hôn bố mà chảy nước mắt , em bé như thế chắc không biết diễn , đúng là cảnh đẹp quá",Sadness
per học hỏi nhé kkk,Other
cái đoạn nướng cháy pizza để phốt công nhận là chuyên nghiệp thật :),Enjoyment
mỗi lần chạy xe ngang kv bình chánh là cảm thấy sợ,Fear
"ở trên mái sảnh nhà tao cũng có một con nhện mẹ tao bảo tao giết nó ( hờ hờ ) , còn bố tao bảo "" mày cứ đi qua là nó rơi giữa đầu """,Fear
2 năm xa nhà rồi tao đéo được đi ????. năm sau nhất định đi,Other
có những ngày làm tới đâu là sai tới đó :)) muốn tát vào mặt hết sức,Sadness
"per nhớ ngày tháng cta bên nhau ghê , giờ thì chả còn gì",Sadness
thành phần nào cũng có :)) ăn hiếp con gái :)) thua cả súc sinh,Disgust
lò vi sóng đó hjhj,Enjoyment
đàn bà ở nhà thế kia không sợ ngoại tình à ? tao đang lo vợ tao đây này,Fear
không nỡ bỏ đi mấy thứ linh tinh thời đi học,Other
chưa cho ba mẹ được gì . vậy có quyền gì mà đòi phàn nàn về những thứ ba mẹ đã rành rụng bao nhiêu năm để lại cho mình,Sadness
per đợt này tao đi học full . nên để mấy hnua rảnh tao alo nha 😂😂,Other
"từ nhỏ tới lớn đi học toàn ngồi chung bàn với nam , toàn phải đương đầu chiến đấu với vạch phấn chia đôi bàn ghế . 🤣🤣",Enjoyment
mày là con bé gái bố mày là con lợn nhé . khi con nào còn mở mồm bảo chỉ theo bạn bỏ zai thì bị ăn vả thế đấy =))),Disgust
cái thứ súc vật,Disgust
"đúng rồi , vàng là phải vàng mới có giá trị , vàng trắng làm gì có giá trị 😥",Sadness
thế mới làm nên nghiệp lớn chứ,Enjoyment
ảo tưởng là đây 😞,Disgust
đúng bài của người việt thường dùng rồi,Other
họ đã cho ta có mặt ở trên cột đời này rồi còn gì bằng nữa chứ,Enjoyment
cả tết được có 400k :(,Sadness
bắt được rồi cho bọn này đi chết đi để chúng nó sốn rồi làm hại người khác,Anger
rất tiếc cho 1 bài quyền,Sadness
wao đáng yêuc vậy chời ơiiii,Surprise
có đéo gì mà kì thích thì đi . xin lỗi hơi thô 😊,Disgust
đề kháng của tao với mọi loại thính rồi cơ 😂,Enjoyment
ý anh là đụ em xong có con rồi ct á hả :vậy,Disgust
vậy là xử xong rồi đó hả ? nhanh dữ,Surprise
tao cũng muốn học vẽ lắm :( cơ mà không có điều kiện để đi học,Sadness
má nhay :)),Disgust
hiền thì hiền thật đấy cơ mà quá ngưỡng nhịn thì bùng phát thôi 🙂,Other
bất hạnh qué gì . trung thu thì liên quan mẹ gì đến việc có gấu . tào lao,Disgust
sao lại ga lăng z được ta,Surprise
per chịu khó đọc trong này cũng được phết,Other
đây là một câu chuyện buồn 🙁,Sadness
"bọn tàu copy kịch bản phương tây , chắc bữa sau lại có mấy video make in việt nam như vậy và kịch bản tàu haha",Enjoyment
"giờ nghĩ lại mới thấy vui thế , đến nay bạn bè lập gia đình cả rồi :(((",Sadness
"có thể trường học không trọng dụng bác ý nên bác ý không muốn về , ý kiến riêng em",Other
chuyên mục chọc chó cực mạnh à nhầm mèo kk,Enjoyment
giọng mình thì như tát vào mặt người nghe,Disgust
per tạo hóa thật đáng sợ :))))),Fear
hôm nay bạn đi làm . tiền đâu mà mua 😌,Sadness
"không được uống đã đành , ngồi dọn sấp mặt luôn , như con cáo và chùm nho xanh per",Sadness
sai còn không biết sửa còn thích giận lại . cút hộ,Anger
"đau lòng vãi . cứ tưởng là đùa . ai ngờ , bồ nhau thiệt . ơ . tớ có sừng không",Sadness
vừa thấy thương vừa buồn cười vãi :))))))),Enjoyment
sở khanh như boss chịu liền .. đẹp trai quá trời ui,Enjoyment
chính những người như thế họ rất cẩn trọng khi bật xi nhan đấy,Fear
video này là để động viên mấy đứa chán đời và cuộc sống này rất nhạt ahihi,Disgust
chiều mưa hứa tự sẽ tự đi mua đôi giầy mới 😂,Enjoyment
"cái khó ló cái khôn , yên tâm",Other
à thì ra là vậy,Surprise
ng anh em thiện lành đã rời việt nam . sayy goodbye 🌸,Other
cần lắm những sẻ chia . cần lắm những thấu hiểu,Sadness
người ta chỉ hỏi hàng tháng bạn kiếm được bao nhiêu tiền chứ không hỏi công việc của bạn có làm cho bạn mệt nhiều không,Other
khi em nói 2 chữ muốn dừng là nước mắt không bao giờ ngưng . . . đau,Sadness
ngưỡng mộ anh chị,Enjoyment
t còn được nghỉ 1 tuần :)))),Enjoyment
t cười đấy . thế tao thả haha nhé . mà dume đấy là cháu tao . thế bây giờ không có icon vừa khóc vừa cười à :]],Enjoyment
"lúc trước tao đi thực tập cũng có làm bên dọn phòng được 1 tháng . đm kinh khủng lắm tụi bay , rác xả thì đéo nói nha , bcs vứt ngay trên giường :) dume sao chơi xong đéo nhét vào mồm ăn mẹ đi cho rồi",Disgust
tao coi xong tao khóc .,Sadness
thà chia tay rồi ghét hận nhau còn hơn là đang lúc dang dở thì mất nhau 🙂,Sadness
xem mà rơi nói chuyện mắt khi ăn luôn 😭😭😢,Sadness
đồng nai mùa chim nướng yên xe kaka,Enjoyment
con nhà người ta kbh làm bố mẹ mình thất vọng 😪,Other
ờ công nhận đáng sợ vãi 😭,Fear
khiếp quá đi tụi con ơi,Fear
có ai thấy tội ông cụ như tao không 😭,Sadness
tao thề từ giờ đến cuối năm mà tao không lấy được vợ thì tao quyết định sag năm lấy 😊,Enjoyment
"per chị mày đánh lộn từ đầu làng đến cuối xóm thì cần chi bọn con trai , nhưng nhìn bọn nó dễ thương hén",Enjoyment
có thể cấp phép những phim bạo lực . kinh dị nước ngoài . nhưng động phim nhà có chút bạo lực và máu me là cấm vì không đúng thuần phong mỹ tục,Disgust
hãm lol thật sự 😒,Anger
giống y bố tao 🤣 ngoa khủng khiếp nhưng mà nhà tao vui vãi_chưởng 🤣🤣. điểm danh nhà bố học giỏi văn nào 🤦🏻‍♀️,Enjoyment
anh nói vậy với em lần nửa đi 🙃,Other
không hiểu sao xem đi xem lại bao nhiêu lần vẫn khóc được,Sadness
ad hỏi thế này thì có khác gì giữa thịt lợn và thịt chó ăn món nào ? ad hỏi thế này là hơi coi thường chị em đó 🤨,Anger
cục súc thiệt :)))),Disgust
đợi chắc sang kiếp sau luôn quá 😂,Other
lấy ống hút mỗi đứa cắm xuống mà hút thôi :)),Enjoyment
có ý định nhai hết hộp kẹo điểm danh đi 😌😌,Other
nam thần tự do,Other
chúng ta mất 3s để nói yêu nhau vài 30p để phịch nhau phải không nào,Enjoyment
ông thầy cục súc vãi lol,Disgust
vâng em gặp anh rồi mà giờ đây em vẫn cô đơn đi lang thang tìm những thứ vô nghĩa lấp vào nỗi cô đơn ấy,Sadness
câu chuyện y ́ nghi ̃ anh qua ́,Enjoyment
ngày xưa mìh cũng thế . dume thấy mấy ông đứng đầu đường nhòm nhòm cũng phải lượn qua cái :)),Enjoyment
đúng là vàng trắng .. nhưng mà trắng tay :(((,Sadness
"m ngon m giết tao luôn đi , má mày",Anger
lâu quá rồi mới nghe lại bài này . từ lúc ctay mối tình đầu :((,Sadness
khổ tâm ghê =)),Sadness
những điều đơn giản nhưng thật hạnh phúc 😘,Enjoyment
cũng muốn đi xem lắm 😭,Sadness
"kết hôn xong , anh thuê người giết cô để lấy tiền bảo hiểm 😌",Other
gia đình ổn tình yêu không có thì cần gì động lực ... kaka,Enjoyment
anh tây này đáng yêu chết được cứ tiếng tuy hoà phú yên ma học đi nhá ☺️☺️,Enjoyment
con mèo cục xúc nhất năm :3,Disgust
xem phim cười gần chết . mà thích cái bạn ma nữ hơn là na bong,Enjoyment
đằng này họ nghĩ tao muốn giết người rồi chửi tao bị thần kinh rồi cho trôi qua mọi chuyện,Sadness
chờ mãi đéo thấy làm gì chán,Anger
ngồi cười như dại =))),Enjoyment
"chó đẻ , khốn nạn vậy mà cũng đi rao giảng đạo đức , đi dạy người khác 😭😭😭😭",Anger
đm nhậu say gặp cái cầu lol này chắc tao nằm xuống mẹ cho rồi per,Fear
"nắng nóng bỏ moẹ , dội chút cho mát thôi mà",Other
phải biết thiên thời địa lợi nhân hòa 😐😐,Other
per mẹ copy đây làm bố tưởng nay mày hiểu đời văn chương hơn,Disgust
thân thiện thôi mà cứ ảo tưởng được thích à ? :>>,Disgust
bọn chưa tiến hoá hết này ... cặn bã,Disgust
per mày này . nhưng mà lúc già sắp chết 😕,Sadness
vl :)) còn đút tay túi áo ??,Surprise
"thôi không níu giữ kí ức xa vời , và chẳng bao giờ thuộc về nơi em",Sadness
chúng mày bị điên à 😒,Disgust
"có người cả đời ăn không hết lại có người thiếu ăn , thiếu mặc nhìn chán đời vãi",Sadness
đố ai định nghĩa được tình yêu . có khó gì đâu một buổi chiều . kề dao vào cổ yêu không hả . gật đầu lia lịa thế là yêu 🤣🤣🤣🤣🤣🤣,Enjoyment
page bị hack rồi . video hay nhất mình từg xem,Enjoyment
"mưa rồi , chỗ tao đang mưa",Other
per mày cũng có tình yêu từ nơi đây phải không ?,Other
nhìn kinh 😌,Disgust
nhìn lại nhớ một thời oanh liệt nay còn đâu 😴 đề bao năm vẫn như vậy . vẫn thích nhất là câu 4 hình học 😊,Enjoyment
"mà hiệu quả bất ngờ quá , quá đỉnh .",Enjoyment
ủa rồi ra nắm xe tải kéo ra như kéo xe đồ chơi dị ba,Other
từ bé đến giờ mình chưa bao giờ xếp được 1 cái rubic nào thế mà cu nhóc kia xếp xong trong vài giây ! xấu hổ quá,Sadness
quá kinh ngạc phá được mọi loại khóa luôn 😑😑😑,Surprise
phòng gym nơi những thằng gay yêu nhau và thông đít nhau :v,Disgust
mười mấy năm nữa tao cũng sẽ đạt kỉ lục thôi 😂😂😂,Enjoyment
anh thích em rồi đấy 😂,Enjoyment
thay đổi cái đau đầu luôn,Other
cũng chả biết tại sao luôn ...,Other
có cả chiêu của per trong đấu trường thú nè :))),Enjoyment
đi chơi mẹ tao cũng không tha cho tao :) chửi tao làm mất buổi vui luôn á,Sadness
nhớ lúc trước tao cũng có học quyền và múa tứ linh đao bay thẳng vào trán . :),Sadness
per đúng là hồi tđ vẫn một rổ cười mỗi ngày ha =)))),Enjoyment
số tiền ấy làm phước cho bao nhiêu người . đúng la dư thừa,Disgust
có đồng nghiệp đáng yêuc thì sếp có khó tánh mình vẫn cảm thấy vui rất nhiều . nhớ những ngày tháng đéo thèm tăng ca đi ăn bất chấp,Enjoyment
thế thì nó lại tốt quá,Enjoyment
má tao coi mà chóng mặt ... cầu này rồi dành cho chân ngắn như tao chắc,Other
mặt dày lại ôm cứng ngắt cho chị . 😆,Enjoyment
per bếp lò xo huyền thoại của ngoại hay nấu nè,Enjoyment
muốn được đi một lần 😆😆😆,Enjoyment
bo ̣ n na ̀ y cho đi tu ̀ hê ́ tao,Anger
thì ra nó là như này à,Surprise
đang họp nhớ gì không nhớ nhớ cái bếp,Other
hay cực,Enjoyment
dume tao vừa mất 2 phút nhãm nhất cuộc đời tao 😒😒😒,Anger
per hãy gặp nhau nói bằng mồm từ tỏ tình đến chia tay để không bị cap gửi cho hội chị em =)))))))),Disgust
có sáng tạo :)),Enjoyment
khi bạn sai mà không muốn đền thì cách tốt nhất nên dọa đối thủ thật mạnh vào @@,Other
"tao thì đéo phân biệt đâu là gà đâu là vịt , đâu là nhãn đâu là vải . ????????",Other
mắt 2 mí dễ thương quá,Enjoyment
s mà nằm viện mà chị đẹp quá vậy,Surprise
huhu đéo muốn đi học đâu,Sadness
thực ra chủ nó cũng bẩn vãi :) vầy quá kinh dị rồi :),Fear
hiểu lầm chút chút,Other
lại thanh niên quay phim khúc cuối ra hỏi chị ơi chị có sao không,Other
hay à ngheng,Enjoyment
ngày ấy chỉ vì quá ngu ngơ mà để lạc mất .,Sadness
"giỏi mà 😁, đúng là thằng tây duy nhất ở vn học tiếng việt mà giọng tuy hoà ( giỏi )🤩",Enjoyment
t thua cả đứa con nít nữa ám ảnh vãi,Sadness
eo hiểu người ta đỗ lòng đường vỉa hè thì rộng . chỉ lên nhắc người ta đỗ lùi xuống không ngã 3 thôi chứ đường của các bà đâu . có thế cũng đưa lên . ko ai bênh cái này đâu . ích kỉ nó vừa thôi,Anger
per bảo này mày không được đi chơi đêm nhé,Other
chủ như này lại chăm làm vãi =)),Enjoyment
"ngày đéo nào cũng đòi người yêu , sinh nhật bác hồ hay quốc khánh cũng đéo thấy tha 😕",Anger
móe . con nhện . cười đau cả ruột .,Enjoyment
coi mà hồi hộp vãi 😂😂😂... nghỉ tới khúc nó nhảy trượt rớt xún chắc bó chửi banh nóc ... v,Enjoyment
trai đẹp nó yêu nhâu hết rồi các chế ơi ... tranh thủ quơ được thằng nào quơ đi không thì hết đó kkkk,Enjoyment
dễ thương hết sức ??,Enjoyment
ô ông này vẫn còn làm video à :v,Surprise
bố mẹ cho ta đx tồn tại trên cuộc đời này biết nhận thức thì tự đi lên từ đôi tay của mình nhé 😘,Enjoyment
anh chơi ác quá,Disgust
phần còn lại là nỗi nhớ và những lần thở dài :((,Sadness
chắc tao đấm chết mẹ nó quá 😠😠,Anger
per mình đi xem phim này nha em ơi,Enjoyment
từ ngày ra trường là chưa về,Other
"mọe , chúng mày có thôi đi không ? :)",Anger
bố khỉ chó chứ kphai người -.-,Disgust
1 lũ hèn bỏ mẹ mấy đứa nó cũng thế,Disgust
per thay vì đọc chuyện ma thì mày có thể coi hết video này :)),Other
cay vãi lồn,Anger
per wow 😂 cảnh bắt nhện kịch tính vãi,Surprise
per đáng sợ quá,Fear
"per lắp đi , chứ tốn tiền điện thoại lắm",Other
viện nào nhìn đẹp thế,Surprise
định share cho mấy bạn trong list fr thêm động lực mà đọc bình luận xong đến tao còn thấy tụt mood 😌,Disgust
làm nghề không có tâm 🙂,Disgust
"xong vài tháng sau thằng bạn chung lớp chửi mình chảnh , bố đời .",Disgust
việt nam học tây chỗ này đây trách gì giờ toàn cô trò rủ nhau vào nhà nghỉ,Disgust
giọng nghe hay quá,Surprise
có tiền mua cả cây nhỉ,Surprise
những người nhập cho các chau ăn thịt bẩn đó họ có còn là con người nũa không ? vì tiền mà họ để lương tao bị cho cắm mất rồi . lũ khốn nạn,Anger
trước gầy giả gái xinh . giờ béo lên ông mặc cái váy như tra tấn cái váy .,Disgust
nghe lại mà nhớ những ngày tháng say đắm trong nỗi cô đơn,Sadness
đáng yêu thế bà đẹp gê,Enjoyment
nhìn đẹp quá đi mất,Enjoyment
nhói lòng lớp tôi,Sadness
khổ thân em nó . ??,Sadness
"sau khi kết hôn , anh sẽ thuê người giết cô để hưởng trọn tiền bảo hiểm 😌",Fear
giá mà thằng lái xe ngồi trong xe oto trông xe thì tốt biết mấy !,Other
dẻo phết ... nhưng mà cái gì dẻo quá cũng không tốt ...😄,Other
"năm nào bố tao cũng đi , năm nào cũng về kể là đông quá cả tiếng mới nhích được 10m mà năm sau vẫn cứ đúng ngày bố tao lại đi vậy đó =))",Enjoyment
per câu chuyện này thú vị nhỉ ?,Enjoyment
"nó dựng lên nó quay đấy , nghe giọng thằng quay như giọng 2 con bede hôm bữa đánh nhau ở quán nước",Disgust
cưng hết phần thiên hạ,Enjoyment
cười vui vãi,Enjoyment
có mà ngược lại ... thời thế thay đổi rồi,Other
tài sản thời bao cấp ...,Other
tưởng tượng như vừa lắp não thì lại rớt ... đại loại như vậy đó 🤣🤣🤣,Other
hay lắm chàng trai trẻ,Enjoyment
nhưng những người làm trong các ngành này không mấy ai có nhiều nhà to và nhiều đất đai,Other
ăn gì khôn thế,Surprise
tiên sư bố mày vỡ màn hình tao rồu,Anger
áo xinh thế .. cho tớ mượn đi tiệc nhé !,Enjoyment
per hả dạ ghê mày !,Enjoyment
mày làm tao buồn đó per ??,Sadness
ai cho xin bài nhạc helo đi :)),Other
giá như nơi nào cũng có 1 đội như vậy thì những người đi khuya xe hư đỡ khổ biết bao . thật là hành động đáng chia sẻ,Enjoyment
chuẩn bị kiểm tra hình huhu :((,Sadness
em vẫn nhớ cái bếp này kkk,Enjoyment
bọn này phải cho nó thưởng thức dống như nó đã làm với cây bao nhiêu cây thì bấy nhiêu mũi,Anger
7 năm rồi . nhanh quá,Surprise
rụng tim 😭,Sadness
admin đăng mà không nghi nguồn ở đâu ra đúng là ăn cắp bản quyền,Disgust
"nhìn là biết cái quả này fa lâu lắm rồi này , cũng may chưa đóng 🕸🕸🕸😂",Disgust
chưa chi đã để thua từ hình ảnh này . thua,Disgust
một cái vẫy tay đầy luyến tiếc từ cuộc họp tới đất nước việt nam,Sadness
cũng đừng nghĩ là những người ân cần nhẹ nhàng với mày là tốt . xã hội bây giờ không tin bố con thằng nào được,Other
mỉa mai cực mạnh =)),Enjoyment
chưa bao giờ bắn trúng 😬,Sadness
trừ chết ra thì mọi chuyện đều có thể giải quyết 💪,Other
🙂 thanh xuân của em đã từng có khoảng time tươi đẹp,Enjoyment
"đánh bố mày như này xem , bố túm được 1 con bố xiên chết cụ mày",Anger
mai tao cũng đi ship mới được . có bài này áp dụng luôn .,Enjoyment
vũ khí sinh học này mạnh thật !,Surprise
"chồng biết không , hihi",Enjoyment
per vợ thích bếp ga mini hay loại bếp ga đôi nào 😂😂😂😂,Other
giả sử mà bị thằng nào bỏ túi cả lọ nó có chửi không nhỉ,Other
"mỗi lần mẹ tao sai tao nhóm lửa , chắc tao nhóm hết 40 tờ giấy , và 1 tiếng sau mớii có lửa 😌",Other
giờ mới biết =)),Enjoyment
per hôm nay tới lượt đứa nào nấu cơm,Other
dm kiện cho đi tù chết mẹ đi,Anger
mặt con ngáo còn hiền hơn con đứng trên cây cột,Disgust
chả bù cho con ml này . đợi mãi không thấy nó về . hy vọng em không bị bọn xấu bắt lên dĩa là tốt rồi :(,Sadness
ng ta cuối cùng thì cũng được còn tôi thì never 😞,Sadness
dễ thương vãi =))),Enjoyment
cô chủ nhiệm óc chó quá,Disgust
mấy thằng vô học,Disgust
chuột nhìn thấy mèo sợ là đúng rồi =)),Enjoyment
hè về chỉ thích ăn cái này .,Enjoyment
per trời đựu cầu hôn nó phải thế . đã đẹp trai còn có não,Enjoyment
qua câu chuyện vừa bịa ra tôi hi vọng các bạn sẽ có cái nhìn thoáng hơn về csgt việt nam 😂😂,Enjoyment
chúng mày ngồi canh đó cho tao . có con muỗi nào hó hé là ăn liền ??,Other
"thứ yêu nghiệt , nhỏ g vẫn sợ nó nhất sau mấy con lắm chân t . t",Fear
quá ý nghĩa . mình trẻ mà chắc gì làm được vậy,Sadness
"thôi , bớt bớt đi không có ngày lại thiệt thân , nguyên 1 cái vỉa hè rộng thênh thang còn lắm chuyện , lúc nó đánh cho lại bảo bạo lực với nữ",Disgust
trời ơi . dễ thương quá luôn ❤️❤️,Enjoyment
cho hỏi cây cầu này ở đâu vậy ... ai biết chỉ dùm tôi cảm ơn ! 😂,Other
đcm ngôn tình vãiiii,Enjoyment
rồi đất nước mình sẽ đi về đâu .:'(,Sadness
thời buổi này là thằng con trai trước hết phải có khả năng kinh tế phải nuôi được bố mẹ rồi hãy tính đến chuyện kết hôn,Other
"chịu hay không không quan trọng , quan trọng là không có ai lấy",Sadness
"có hay không là ở nơi ta , đời không thú vị nhưng ta lại thấy thú vị khi được sống ở đời",Other
ngoài những bài chia tay vì lí do vớ vẩn ra thì neu cũng có những bài đăng đọc rồi còn nhớ mãi .,Sadness
dm . nó xấu cả tính lẫn nết bố đẻ . nó còn không chịu . được thằng nào bốc nó đi cái,Disgust
không thuộc kịch bản chuẩn mẹ rồi,Other
khi đời quá mệt mỏi . đi tìm 1 chút drama,Other
chỉ là nóng quá tắm cho mát thôi mà,Other
cho em xin tên facebook của c trong video để khi buồn em có thứ mua vui ạ . cám ơn mọi người,Enjoyment
per bị chữi thì ráng nghe mà vui đi nghe . cứ như nghe hát miễn phí 🤣🤣 còn bị chữi là còn hạnh phúc . nguoi ngoài ngọt ngào nhưng chắc gì đã thật lòng đâu,Enjoyment
trời ơi ai nuôi chó mà để nó tội thế kia . đéo có trách nhiệm,Disgust
"yêu nhau lắm cắn nhau đau , tao thấy dòng chảy tiền kiếp của 2 đứa mày là vậy",Disgust
"mày đấy , đừng làm tao đau đầu thêm",Disgust
thật không thể tin được,Surprise
có đứa nào vừa xem vừa sờ tai mình không ? sợ vãi :<<<,Fear
truyện thật đây này . đang đi bình thường qua đoạn cầu giấy anh csgt thổi lại “ gạt chân chống lên em . anh nhắc nhỉ thôi . đi đi “ 😂 hú hồn,Enjoyment
nhìn như nó muốn dẫn nhỏ đó đi đâu ấy,Other
ổng đang chán ai tán yêuc luôn 😂😂,Enjoyment
camry nhập thường cán bộ . mà cán bộ anh em hiểu rồi,Disgust
"các chuỵ của iemm hoang sury lưu cẩm ly vui quá cơ , ghét nhau lắm có yêu thương gì đâu 😆😁😁😁",Enjoyment
"cưng vậy trời , anh cho em xin ảnh nha ạ",Enjoyment
"bà này đéo gặp mình nhỉ , đọ luôn",Other
"tao nghĩ chắc do kiếp trước mình tu chưa thành tâm nên kiếp này cuộc đời tao như 1 trò đùa , tạo hóa ghẻ lạnh . chán đời :)))))",Sadness
biết đâu nó không thích bạn mà chỉ tiếp cận bạn vì đã lỡ yêu thằng bạn thân của bạn,Disgust
thông minh :v,Enjoyment
bọn này không phải là người . cho đi tù hết . chỉ sợ nó có tiền nó bịt miệng thôi,Anger
"ôi đời vẫn là chịu không nỗi đời mà , chán",Sadness
là crush ông nào thì chạy ra bế vào nhà dễ dàng có người yêu :),Enjoyment
per thế lol nào lần nào đến fucklong uống cũng gặp ex - đồng nghiệp đứng cửa chào tụt mút đéo muốn uống nữa :),Anger
"nên nhớ chẳng có cơn giận nào chẳng bùng nỗ , chỉ là nó đang bị nén lại .",Other
"bạn này không biết cách dọn phòng rồi , phải áp dụng hóa học vào đây nhé , mút sẽ bị tan chảy khi tẩm xăng vào , cho nên bạn cần phải đổ xăng vào mút , việc tiếp theo là ta cần 1 ngọn lửa",Disgust
người yêu tao bỏ tao rồi :(,Sadness
giờ còn lo học sánh vai với cường quốc 5 châu ai lại đi cưới chồng bây giờ :)))),Enjoyment
đâu phải ai muốn thích tao cũng được đâu,Enjoyment
hạnh phúc thật :)),Enjoyment
bọn này lại muốn nổi rồi !,Other
ờ thì 1 con ngựa ăn cả tàu bỏ cỏ vì con ngựa nó ăn hết cỏ rồi 😂😂😂,Other
nó hiền thôi chứ nó hung lại đấm cho không trượt phát lào . 🤣,Other
ủa chuyển biến bất ngờ vậy,Surprise
"quỳ rồi chết ông chết bà chúng mày à ? tao hồi xưa đi học còn ăn cây như cơm bữa , véo tai mỗi ngày ? dume học thì ngu phá thì giỏi bắt quỳ là nhẹ rồi ở đó mà gáy con cặc",Anger
dume đáng yêu vãi để tao vào chăm mày,Other
nghe tiếng ăn tợp tợp ám ảnh quá,Disgust
thử im lặng xem như nào,Other
thôi mình nói đùa đấy :(,Sadness
ít bị trầm cảm với vui vẻ đâu không thấu chứ ế sấp mặt vì không giống gái là có à,Disgust
bạn này yêu bố nhiều lắm mới vui vì bị bố mắng . chứ ai đời bị la mắng mà kể lại cho người khác nghe mà vui đến thế,Enjoyment
"hôm bữa 2 bình siro dâu thấy tiếc , nay bình mật ong còn tiếc hơn",Sadness
không làm gì cũng thành fan cứng là sao ?,Surprise
đoạn nộp bài kiểm tra mới tức cười ông thầy :)),Enjoyment
"má , 1 ngày tao ho 3 4 lần . tao có nên dừng ho lại không mày",Other
có ai xem xong không sợ với không giật mình như tao không @@,Enjoyment
per wow,Surprise
anh ơi đấm nó một cái cho em nhé sống mất dậy đéo tả được,Disgust
gần có tiền để mua,Other
dễ thở hơn so với đề văn sáng nay 😂😂😂,Enjoyment
tao đã làm theo video này và kết quả là .... thôi cán bộ kêu tao quét dọn rồi quét xong tao kể tiếp,Other
""" tụi mình tuy không yêu nhau hai lần , nhưng nếu có cơ hội ... anh chắc chắn vẫn tặng em đoá hồng đẹp nhất """,Enjoyment
ko phải để xé giấy ak ?,Surprise
chúc mừng,Enjoyment
1 thời gắn bó với nó . nhớ lại ngày xưa cực khổ,Sadness
xem ra giá cả và chất lượng mà không oke thì không ổn ...,Other
ước gì ba còn sống để làm điều đó với má . nhớ ba ❤️,Sadness
có chuyện gì thê bố . bố đừng làm con sợ :((,Fear
lêu lêu mày :)) đồ con chó không có mẹ ẳm :)),Disgust
đang tìm ra 1 điểm sai nào đó nhưng có lẽ không có :),Other
bộ phim đáng xem đó mấy man,Enjoyment
per quan trọng là phải có hội nói sấu sếp :v,Other
bà nuốt quả chuối tao cười tao ẻ,Enjoyment
😭😭😭 sinh lão bệnh tử hẹn gặp kiếp sau,Sadness
tao đa khóc khi xem phim này 😭😭😭😭😭,Sadness
"con mong bác dù nghèo nhưng sống luôn luôn vv , chúc bác 1 đời bình an",Enjoyment
thương nhau còn chả hết dỗi nhau làm chi 😂,Enjoyment
đéo bao giờ luôn :),Disgust
"câu này lên "" nhanh như chớp "" được nờ 🤣",Enjoyment
ý thức của thằng lái xe đấy kém quá cho lên nó phải chả giá bằng tiền mặt thôi . không có gì phải chách ai cả .,Disgust
yêu quá đi mất . tuổi thơ của mình toàn nện mấy thằng con trai . trong lớp mình toàn làm xếp nên chẳng được giúp đỡ,Sadness
ngứa mắt lắm à nhen,Anger
phìm này rất rất hay đôi với ai sống hướng nội !,Enjoyment
e vừa bị điện cao thế giật hôm 17 chạp . bh nhìn cái ông này mà sợ .,Fear
đây là kiểu tự tay bóp dái nè,Other
tận cùng của tan vỡ ah có biết là gì không ?,Sadness
gặp tao thì tao khinh,Disgust
"năm ngoái lấy ghế ra ngồi rồi , năm nay lấy xe chạy ra đường để nhìn cho rõ",Other
quan trọng vẫn là cái phải đẹp trai . rồi mới sau đó nữa ... lạ gì các bà,Other
"per hay đó bro , trừ điểm bro chưa bao ăn :)) - 10",Sadness
mất trật tự thôi có cần phải z không bắt đứng là được rồi cùng lắm là mời phụ huynh vô nói trao đổi có cần phải bắt quỳ trước lớp z không như z khác nào chà đạp lòng tự trọng của nó .,Anger
moá hồi hợp chờ main thắng ai dè thua bởi cái mông huhu,Sadness
mình hiền mà lúc cáu là chỉ im lặng không nói gì thì là sao ta 🤔,Other
toàn để báo nó giật tít không thèm đọc cả bài rồi giãy nảy lên như đỉa phải vôi,Disgust
buồn vì mình không giúp được gì cho ai . nhìn những người khác khổ hơn mình mà thấy thương họ,Sadness
per muốn nói gì phải ngó trước ngó sau không chi mất đầu như chơi 😂😂,Other
"câu chốt .... "" chuyện cổ tích per "".... thôi tao quỳ ...",Disgust
"chán đời các thanh niên , dơ nhục chứ hay ho đéo gì",Disgust
"nhìn 1 hồi thấy quen quen , ai ngờ đúng thật :)))))))",Surprise
"những chuyện trọng đại trong đời ... ta cứ nghe lời vợ khuyên , và làm ngược lại ắt thành công ????",Enjoyment
lại cho lên chơi với các cụ 😌😌😌,Other
không muốn yêu ai cả,Fear
bộ cuối nhìn đau lòng thật :(,Sadness
động lực của phan con gái,Enjoyment
đẹp không,Other
ý nghĩa và đáng suy ngẫm thật,Enjoyment
chó đã biết chê cứt,Disgust
sợ vãi linh hồn 😞,Fear
đi đâu cũng ngó ngang ngó dọc để được nhìn thấy crush 😂 ngóng nó đến mức cổ dài ra hẳn mấy cái 😂,Enjoyment
đúng vậy dù có mệt mà đồng nghiệp nhiệt tình vui vẻ là cùng muốn đi hoài,Enjoyment
cái ông aamir khan đóng phim nao cũng hay và ý nghia het,Enjoyment
rồi chưng ngắn như tao sao nhảy qua 😿,Sadness
"rốt cục sao chúng nó mò về tận nhà bạn nhỉ , kinh vãi",Disgust
vỉa hè rộng thênh thang mà nhỉ,Other
bếp dầu ngày xưa thật ý nghĩa,Enjoyment
lâu rất lâu mới gặp được lần rồi liết mắt nhìn cái :)))) chưa thấy nó cười,Sadness
giận lại là cách giải quyết nhanh nhất . để khẳng định là mình luôn đúng 😃,Enjoyment
nhìn ghét nhỉ :)),Disgust
tao chả nhớ ngày tháng năm sinh của mẹ tao và ngược lại :((,Sadness
em ấy còn cười được chứng tỏ em rất mạnh mẽ,Enjoyment
lấy rơm nấu cơm và cái kết,Other
có án rồi đừng làm trò . anh hùng rồi lại quay lại trại đấy :))),Disgust
hư hỏg cả thế hệ,Disgust
cảm ơn . anh .,Enjoyment
mất tiền khôn cũng đáng mà .,Enjoyment
"thương vãi , yêu vãi 😍😍😍 tao cũng thèm có em",Enjoyment
per nơi tình yêu bắt đầu kìa bao nhiêu,Other
đúng cát bà rồiii ~,Enjoyment
"có ai nhìn thấy giun đang bò trong ảnh không , sợ vãi",Fear
tao đau lòng quá,Sadness
ồ ra thế . tớ sẽ lưu ý :)) mong sẽ có cơ hội sờ nó . nhìn như cục bông í uwu,Surprise
xem giải trí thật,Enjoyment
giờ mới hiểu tại sao lúc đầu nhà hàng không cho đặt chỗ ..... má nó li hôn 3 lần rồi lần nào cũng phải giảm giá 30 % nó ly hôn thêm vài lần nữa chắc sập bà nó tiệm,Enjoyment
đã ngu lại con tỏ ra nguy hiểm .,Disgust
giống tao . nhưng cô ấy có hiểu đâu,Sadness
uất quá anh ấy cũng phản ứng cãi lại . hì hì đáng yêu quá,Enjoyment
nhà tao có nhưng nó rỉ sét hết rồi :((,Sadness
người mất dậy thật thì không bao giờ cảm thấy mình mất dậy . và người mất dạy thì cứ địt mẹ người khác và nói người khác là người mất dạy . tôi nhầm hành tinh chuẩn mẹ rồi .,Anger
hồi bé bị ghiền mùi này :)))),Enjoyment
lạy ông nào nghĩ ra kịch này !!!,Enjoyment
thấy tội nó ghê ????,Sadness
"thiệt là cao minh , hahaaa",Enjoyment
tao chơi với con trai nhiều nên tao mất lòng tin vào con trai rồi,Other
tốt nhất là phải sử phạt thật nặng thì các trường hợp như vậy mới không tiếp tục xảy ra,Other
dĩa bay . trả lại để tôi về,Other
"per cố gắng lên nha anh , mọi điều tốt đep đang chờ anh 💓💓",Enjoyment
per 2 ly trà sữa bạn làm rơi mà chưa thấy bồi thường lại mình 😞,Sadness
ỏ đáng yêu =))),Enjoyment
hết hồn . sợ quá nhỉ . nhạt !,Disgust
chắc phát khóc mất 😭,Sadness
những người thương tôi không phải buồn vì tôi mà là tự hào vì tôi,Enjoyment
"10 triệu có lẻ quá ít so với số tiền mà bọn nầy được thê để phá hoại cả một nền chăn nuôi gia súc nói riêng , cả một nền kinh tế nói chung ,,,,",Disgust
cười ỉa thánh nào làm video này,Enjoyment
bài này quen quen,Other
rất nguy hiểm,Fear
nhìn quả mặt của nó thì tao công nhận thất tình thật đáng thương ?,Sadness
tội quá . thương em,Sadness
mập mà xinh nó sẽ khác mập và xấu - _ -,Disgust
đồng nghiệp là ai kệ mẹ nó quan trọng lương bao nhiêu,Other
mỗi mùa trung thu đến nhìn người ta mua bánh tặng nhau mình lại thấy chạnh lòng ! 😞,Sadness
khác xưa thật mà,Other
khá quá nhể :))),Enjoyment
"t thề mỗi lần dọn phòng sn này thì banh kem , pháo kim tuyến . đủ các thứ . khóc mà bụt nó đéo lên",Sadness
toàn tặng đồ gây sát thương thế kia khả năng bị phản damage là rất cao,Fear
"bỏ qua mấy dòg chữ , nhìn khuôn mặt con bé không thể nhịn cười per :))",Enjoyment
"bọn này đóng điện cho nó đi luôn , giữ làm gì cho chật đất",Anger
tui còn chưa biết sì phố là gì . ổng biết luôn á trời,Surprise
hàng cổ rồi anh ơi,Other
a cũng ở trong đây à,Surprise
đổi cả cuộc đời giống người tàn tật để được cái video này .,Disgust
yêu quá hóa điên 🤣,Enjoyment
"per tao đã khuyên mày rồi mà không nghe , làm màu chi mà tặng hộp quà cho bự để người ta dọn cực khổ đến nỗi đăng lên mxh kìa 😩",Disgust
"chọn thằng nào không quan trọng , vì đằng nào cũng không có thằng nào nó thích em đâu mà ảo tưởng =))",Disgust
buổi tối vui vẻ và ấm áp nhé đại kỷ nguyên ! tương tác cho hằng khỏi trôi bài nhé !,Enjoyment
tụi nhỏ dễ thương quá,Enjoyment
vậy mình xin chúc đk n năm tới không còn cô đơn nữa nha kkkkklk,Enjoyment
toàn mấy con bán hàng online đăng để cau view thôi phạt nặng vào,Disgust
ngày hôm ấy tuyệt đẹp nhưng lại đượm một nỗi buồn ngày mai thôi chg được gặp thầy cô bb lũ chúng tôi khép cánh cửa ấy lại nhìn lại toàn bộ khung cảnh ôi thân thương biết mấy cảnh vật quen thuộc sẽ không được trông thấy nữa,Sadness
nhỏ mà mất nết,Disgust
200 triệu này lấy từ nguồn ngân sách nào để bồi thường ? hay cứ lấy từ từng đồng tiền thuế của người dân để sửa sai lầm cho 1 cá nhân hay một đơn vị tư pháp ?,Disgust
thằng này bị điên chuẩn mẹ rồi,Disgust
đúng là nói thì dễ hành động không bao giờ làm được ))),Sadness
nhà nước pháp luật việt nam lên tiếng hộ em nó cái,Other
theo tao thì mày nên chọn thằg nhiều tiền . đến năm cuối thì mày quay lại chọn với thằg nhiều tiền học bổg . m hỏi vậy là mày được lựa chọn mà . đấy là cách tốt nhất cho người hám tiền như mày,Other
nghe nói 2020 hơn 4tr đàn ông sẽ ế vợ . mình chỉ việc chờ thêm 1 năm nữa thôi là đăng tin tuyển chồng 😂😂,Enjoyment
đại học vui lắm cậu :)) weeee,Enjoyment
"chú em còn non quá , kêu thu ngân đánh thêm phần phụ thu dọn vệ sinh 200k , không đưa thì kêu bảo vệ không cho lấy xe , đó quy định hầu hết các quán karaok , trường hợp phụ thu là mang đồ ăn ngoài vào , ói trong phòng , và đỗ bia nước ngọt , xả rát kiểu như trong video",Disgust
k cần biết nội dung ... nhìn mặt con bé thoy muốn cưới về cho con trai mình ngay rồi 😂😂,Enjoyment
ngày bé nấu hoài không chín . tức rủ mấy đứa ra đốt cả đống rơm nhà hàng xóm,Enjoyment
"crush đi nhậu rồi say , rồi bị thịt ... hic hic",Sadness
"trong tất cả các con , con mèo là mất dạy nhất …",Disgust
"cây hoa sữa thì nói cây hoa sữa đi , tình yêu tình báo gì ra ngửi mùi chắc mất mẹ tình yêu luôn",Disgust
thương thương con =)) yêu ghê cơ ý cái mẹt hờn dỗi,Enjoyment
"cái thế giới loạn hết rồi , loạn thật rồi , trả tao cái đĩa bay",Disgust
quê ở huyện kế bên mà chưa 1 lần đi =)))),Enjoyment
hãy cười thật tươi để cho cuộc sống của bạn trở nên thật tuyệt vời 😁,Enjoyment
tuyển ngay về làm nghiên cứu viên cao cấp cho các hãng khóa :d,Enjoyment
"tao cứ nhìn xong nghĩ , tay nào cầm bút là tay phải ,",Other
"nó sẽ ra cái ốp , lo gì thiếu đồ chơi",Other
"ờ đúng rồi , có thể chỉ là đang lợi dụng mày viết content free xong thích là sửa thôi hihi",Disgust
con bé cưng gì đâu . vk ơi anh muốn có cục bảo bối như vậy per,Enjoyment
cưng quá trời luôn,Enjoyment
a triệu mua quả báo thì quá rẻ mạt 😞 tiếc là luật có vậy 😏,Disgust
cực kì bản lĩnh lẫn liều lĩnh,Enjoyment
aeon tâm lý thế :)) mày . n vào mua que kem tránh nóng,Enjoyment
người ta đỗ dưới lòng đường chứ đỗ vào nhà chị đâu mà van hóa gì . chủ thớt mới là người ấu trĩ lạc hậu nhé,Disgust
chị lỡ mất 1 nhịp tim vì cưng đấy ❤️❤️❤️,Enjoyment
:)) đéo hiểu sao mấy phim truyền hình của ấn xl vãi mà phim như thế nào thì lại qá hay,Enjoyment
per chán quá,Sadness
nghe thấm câu vàng trắng nhưng thực tế là trắng tay thôi nghe mà buồn,Sadness
thoa kem chống nắng như người ...,Other
per đấy móng tay dài nhất thế giới đấy,Surprise
đằng nào mà chẳng thịt chẳng qua sớm hay muộn thôi,Other
trên thì một kiểu dưới thì kiểu khác,Other
"nhạc buồn quá . bài này là bài "" chia tay trong chiều hoàng hôn nắng úa màu "" - justin bieber cho bạn nào chưa biết nhé . :'(",Sadness
per đây . cô gái bán hàng thú vị đây . phải xem cho hết,Enjoyment
dẫu hiên ngang giữa đất trời gặp con vợ đểu thì đời cũng xong,Sadness
"cmt buồn cười vll , nhớ mình cừng có kinh nghiệm chạy ngỗng :)))",Enjoyment
"lớn lên rồi ta sẽ tự hiểu .. "" tại sao ngày đó cha mẹ thế này thế kia với ta "" ...",Other
hình như câu này quen quen ý le tuyet nguyen nhỉ,Other
nó ăn cà rốt chứ nó ăn cái gì mà liếc quễ mều mặp 😡😡😡,Anger
quả này cũng chất lắm,Enjoyment
hồi bé bị ngỗng dí hoài =)) sợ vãi,Fear
tao ngồi tao khóc 1 buổi ☹️,Sadness
crush của tao đi làm rồi . hihee . sáng mai mới về cơ 🤣🤣,Enjoyment
khoảnh khắc mày nhận ra mày còn đéo bằng 1 thằg nhóc còn trong bụng mẹ :((,Sadness
chúng mày cứ ra phim boom tấn cho nhiều vào,Other
cao quá cũng khổ chứ sung sướng đéo gì 😓,Sadness
ý thức quá kém .,Disgust
bẩn bựa vlon 😤,Disgust
một con cá chép đang bơi trong hồ mà đã tính chuyện đánh bại những con rồng vẫy vùng 5 châu !,Disgust
ai cũng nói tao đẹp troai . hiền lành nhưng chưa biết lúc tao lên cơn 😂😂😁,Enjoyment
điên,Disgust
chủ tịch đi nặn mụn ở tai và cái kết khóc thét,Sadness
hành vi của người bố có phần nào ảnh hưởng đến đứa con . cô bé cười . không phải vì cô bé mạnh mẽ . mà là cô bé đã bất cần,Other
xem phát khóc mẹ luôn 😭😭😭,Sadness
per nhìn nó gớm những vẫn khoái coi . thú vui biến thái dễ sợ,Enjoyment
mèo nhà tao gửi 10 ngày về ăn tết lên nó thành mèo hàng xóm này ( nhà hàng xóm bán cá ) :((,Sadness
"còn những người bình thường rất dữ , thật ra họ hiền lắm , nội tâm lắm",Other
giống như thổi khí vào bong bóng đến một lúc nào đó thì nó phát nổ,Other
ha ha ....,Enjoyment
nhìn giống mấy đặc vụ của cia . sợ thế :)),Fear
tao đang thă ́ c mă ́ c ta ̣ i sao thă ̀ người da đen no ́ quen được con nho ̉ da tră ́ người ngon va ̃ i thê ́ nhy ̃. 😑😑😑,Other
thế giới giờ đáng sợ quá rồi 😌😌 tâm phải tịnh không là tiêu nha mấy ông 😢,Fear
"vietcombank phục vụ tệ , phí cao , mang mác nhà nước nên vậy .",Disgust
bất ngờ vãi =)),Surprise
bữa cơm trưa nay tăm tối như cái ava của tao vầy :((((((,Sadness
hội những con pug láo lếuuuuuu,Disgust
dè nghị khởi tố luôn những người biết mà che dấu,Anger
per mày đang nghĩ đến ai,Other
bà già đau khổ,Sadness
"không phù hợp thổ nhưỡng , khí hậu . vậy mà vẫn tung hô , dải ngân để làm khổ dân . quả bóng trách nhiệm chẳng thuộc về ai cả . 😢😢",Sadness
đúng là cái thứ vô học,Disgust
nhiều lúc em di từ từ chưa kịp đỗ đã có n ra bảo không được đỗ ở đây chán qúa,Sadness
chỉ cần thích cái là muốn rụng tim,Enjoyment
vui tính tí cũng khó cơ,Sadness
chỉ còn lại tro tàn,Sadness
lỗi tại thằng quay phim . cắt không đúng lúc,Disgust
kkk ... bếp dầu một thời ta hay nấu đây nè,Enjoyment
đag đi học mà gặp cảnh này :)) chắc chạy về cúp học luôn,Fear
anh con mẹ mày :))),Anger
ngạc nhiên đấy,Surprise
xã hội giờ càng ít nói như tao thì càng ngoan hiền,Other
nhìn mặt con bé kiểu . ơ cái gì vậy,Other
hư cấu 😌,Disgust
bộ phim ấn độ duy nhất xem được lol,Enjoyment
vậy mới biến thành người nhện được,Other
per đã hiểu sao hè năm ngoái có quả lịch học vãi chưa =)),Enjoyment
rõ ràng vẫn là một người mà cắt tóc xong nhìn đáng yêu vãi :v,Enjoyment
đm lúc tao học đến chương đó nguyên tiết bà cô toàn chia sẻ kinh nghiệm chuyện tới tháng 🙂 đéo thú vị được như vầy :vv,Disgust
vật chất quyết định ý thức,Other
per đã hiểu tại sao thằng bạn mình đam mê gym .. thì ra đây là nơi nó được sống thật với giới tính của mình ..🤣🤣🤣,Enjoyment
họ vui là được rồi :))),Enjoyment
đáng yêu phết nhể,Enjoyment
có móng tay dài cũng khổ,Sadness
"cậu ấy tán tôi , tôi từ chối . thế là từ đó chúng tôi đéo làm bạn được nữa !!!",Sadness
per nhìn đẹp thiệt mày,Enjoyment
mùa mưa đến sớm rồi huhu,Sadness
có mà đầy người như vậy ý ... ăn vô máu họ rồi,Disgust
tình hình này tháng sau cũng đi tập gym mất,Other
nhiều khi chỉ ước gì mấy đứa bá dơ này có thể chết thay cho chị nữ sinh giao gà thì hay biết mấy ...,Other
bởi vậy không nên bình luận trên facebook làm gì . nhìu đứa nó nhây cãi lộn mệt người .,Disgust
giờ anh gù lấy đâu ra chỗ ở :'(,Sadness
"chúc mày mau khỏi nhá , team thích ăn thịt gà như tao ??",Other
tiếc là 23 cái xuân rồi chưa gặp được em . có ai giống tôi không,Sadness
gặp được em nhưng sẽ chỉ quan tâm và bảo vệ em từ xa,Sadness
bộ phim việt lần đầu xem thấy hay cảnh quay đẹp !!,Enjoyment
"ngày chia tay , chúng tôi đã ôm nhau khóc",Sadness
thật đúng đắn khi đã follow page này !,Enjoyment
đm mẹ bạn thân,Disgust
chưa nhớ vụ công viên nước hồ tây à :)) mấy con chó đực nứng dái,Disgust
"đọc bình luận không thấy ai khen cute dễ thương đáng yêu này nọ nữa nhỉ :))))) một ngày đẹp trời bạn ra ngõ đứng hít không khí , con mèo sẽ kệ mẹ bạn , con chó vẫn sẽ đi đái bậy , nhưng con một lằn này thì đéo , nó phi con mẹ nó ra dí chạy như một con điên",Anger
21 năm chưa crush ai thì có gọi là ế thâm niêm không hả các bác,Sadness
ơ thế chưa ai dẫn ngài trump đi ăn bún đậu mắm tôm hả ?,Other
trích mà như vầy rồi . sao dám coi phim đây 😢,Fear
cô ấy hết thương tao rồi,Sadness
"dăm ba cái thể hiện tình cảm này ngày xưa tao đầy , nhưng từ ngày cưới xong đi qua đường chắc chồng tao rơi mất não nên chưa thấy lặp lại bao giờ . 😌",Sadness
wow không thê tin được bô mong tay day thât kinh,Surprise
"nhìn này thần sắc thế kia thì đeo sao đâu , yên tâm đi không được hốc hôm nay thì hôm sau hốc lo cái đéo gì chứ",Other
có cái lol chuột nó sợ,Disgust
có đến hàng trăm năm sau đi nữa thì trẻ trâu vẫn luôn tồn tại theo thời gian 😀,Disgust
đụ mẹ cười ỉa ????????,Enjoyment
xem xong thấy buồn quá,Sadness
diễn vãi,Disgust
"bị ngỗng mổ sợ vãi_chưởng , hồi bé tao đã không sang nhà b tao cả tuần trời vì nhà nó mới nuôi ngỗng mà bình thường tao toàn ăn chùa cơm nhà nó thiếu điều làm con nuôi nhà nó nữa thôi :))) nhắc lại mới thấy sợ vãi",Fear
cho chết,Anger
per sao chủ đề gái mê tiền dạo này hot nhỉ :))),Surprise
"ra đi là lựa chọn đúng , ở lại incheon để gánh team làm gì cho mệt ra lại bị tiếng xấu .",Enjoyment
người trái đất thật đáng sợ mà - _ -,Fear
"per tải thử cái này cho cún đi chị , hay phết này",Enjoyment
phải cho chúng nó vào tù hết 1 lượt cho chúng nó ăn chính thực phẩm chúng nó bán đi cho nó nhớ,Anger
trông rợn vãi :)),Fear
"rồi , chợt mình tỉnh giấc :) mơ đủ rồi đó",Other
thấy chưa ... ổng lấy váy cưới của vợ kìa . t nói đâu có sai . :v,Disgust
vãi linh hồn .,Fear
per hồi nhỏ chuyên gia đi ngang nhà hàng xóm là bị nguyên bầy ngỗng nó dí nó rượt chạy khóc la um xùm .. giờ còn ám ảnh 😭,Fear
chủ thớt sấp mặt rồi,Sadness
thế giới này thật đáng sợ ai chả đĩa bay cho tao về hành tinh tao đi,Fear
per nhịn ăn để đi,Other
mình còn để ảnh bạn ấy trong thẻ học sinh xong bị thấy cơ,Enjoyment
thằng lồn nào chế ra cái này tao nghĩ nó hơi bị thiêu muối đấy nhạt vãi lol ra,Disgust
bộ cứ thân là ở với nhau đuợc à ?? sai lầm vãi,Disgust
nói tóm lại mau axít đậm đặc bỏ vào thùng nhựa để kế bên cho nó thấy chắc là ổn nhớ đừng làm chuyện dại nhá,Anger
thôi xong . chia buồn cùng quý quốc,Sadness
nhà tạp hoá đấy hả ... :)))),Other
"đúng vô cùng , không cần biết làm mệt việc nhiều lương thấp ra sao , làm ở 1 nơi đồng nghiệp như những ngừoi chị trong gia đình , đi làm mà cảm giác thoải mái vui vẻ như ở nhà . nơi có thể ở 9 tiếng 1 ngày",Enjoyment
nó bể 1 phát lúng tới cổ dume tởn tới già,Fear
per coi phim này chắc chết luôn trong rạp 😂,Fear
sống chậm lại và yêu thương nhiều hơn các bạn ạ,Other
đi chơi lụm được tờ 2k rách mua băng keo 5k dán lại tờ 2k 🤔,Enjoyment
tao coi tao sợ nó lọt quá bây,Fear
uổng phí công sức bao người !,Anger
tao sợ ma nên không dám coi lun,Fear
"ủi ui , mời người ta đến nhà ăn tiệc , lại đãi mỗi càrôt là thế nào , lần sau bà mời tiệc thì mày tự biết rồi đấy",Disgust
per ý nghĩa giống phim không ???,Surprise
cuộc đời bạn đáng giá bao nhiêu tiền,Other
nhìn bên dưới cầu bẩn đéo chịu được . lỡ té xuống nước thì tha hồ mà tắm và hưởng thụ sự trong sạch đến mắc ói của nước và rác thải .,Disgust
"thường thì người thuận tay trái sẽ bị bệnh này :v , riêng tao thuận vả 2 tay nên chả sao",Enjoyment
cố tỏ ra nguy hiểm vãi 😂,Disgust
"ôi dume giật nảy mình , tí thì rơi điện thoại",Fear
tụt quần nó ra cho nó chén :))),Enjoyment
một cách bán hàng nta gọi là đẳng cấp,Enjoyment
yêu quá đi mất nhìn cưng khủng khiếp ??,Enjoyment
sao chúng nó dã man thế nhỉ,Surprise
cầu cho chú luôn mạnh khoẻ ạ 😢,Sadness
ăn bớt của trẻ vậy mà bị khiển trách thì lần sau còn làm tiếp và mạnh hơn nữa đúng lả luật của việt nam không có chức quyền ăn trộm ổ bánh mì phải đi tù còn có chức ăn 150trieu thì bị khiển trách thôi,Anger
thích cái đầm nào mua cho bận ngủ cho mát nè :))) per,Other
ôi đàn bà là những niềm đau 🤣,Disgust
tao thề . nhìn bạn ấy xong tao muốn rụng mấy quả trứng luôn 😓,Fear
"ôi những con người dễ bị ám ảnh với quá khứ , ôm nhau cái nào",Enjoyment
sợ con này lắm :((,Fear
"tháng 10 đến rồi , nghe bài này quá chuẩn",Other
mở máy lên .. rồii lại đặt xuống ... cả ngày nay tôi đều như vậy để chờ anh nhắn chúc tôi .. giờ này chắc anh quên ngày này thật rồi .. cô đơn quá mức rồi đấy 😭😭,Sadness
chủ tịch giả vờ cầm cây củi mục múa vỏ và cái kết !,Surprise
cười ỉa phút 1 : 11,Enjoyment
bài nhạc hay khi nó đúng tâm trạng ... nhạc hay !!!!!,Enjoyment
tao nói thiệc cả đời tao chưa gặp con đỉ gia cầm nào sân si bằng con ngỗng . đỉ chó . :),Disgust
per mày phải thấy may mắn khi cuộc đời mày được gặp tao :))),Enjoyment
nguyên nhân là gì vậy ??,Other
còn tao vẫn nhớ ngày nhỏ cứ nghỉ học chủ nhật đi quét lá tre về nấu cơm,Enjoyment
còn mềnh thì ra quán mua bim bim đều chỉ để nhì em mà cười,Enjoyment
""" tim anh em lấy em chơi , quả báo đến sớm em ơi ...""",Other
per facebook cứ để tao phải xem được những cái lãng mạn là sao cay vãi :)),Anger
đúng là không thể chấp nhận được,Anger
thêm đường hay cho thêm bánh gato về tẩm bổ :),Sadness
nhớ cái váy với bộ tóc chấm bi đen trắng của anh huy ghê,Other
list này không có liệt kê công việc của dân chứng khoán sao ?,Surprise
đó là của bạn thôi bạn hài lòng với nó thì đâu có gì để nghĩ ngợi đâu,Other
đcm anh da đen fake,Disgust
dễ thương ghê ! làm mình nhớ các cậu bạn cùng lớp hồi học cấp 2 quá !,Enjoyment
đáng yêu như em tao ý . cứ mỗi lần nó quyết định ngủ ở đâu là nó lại đấu tranh tư tưởng 🤣🤣,Enjoyment
cái này chỉ sướng mấy anh đèo mấy em ngực bự đi đường này nẩy tâng tâng,Enjoyment
per rất là thực tế nhé chú .,Other
tội cho chàng trai ấy,Sadness
gì cũng được chứ yêu 1 người vô tâm thì đéo 🙂,Disgust
cầu này chỉ dành cho những ai chân dài thì đúng hơn 🙂,Other
nhây qua ́ nhaaaa 😂😆,Enjoyment
nghe có trà sữa là thích rồi,Enjoyment
xinh quá !,Enjoyment
nhiều lúc tủi thân vãi_chưởng huhu,Sadness
và đương nhiên sẽ có ngày cô ấy sốc vì giới tính thật của cô ấy !!!,Sadness
coi mệt vãi - _ -,Disgust
per nhện mượn hố xí tỏ tình đó thì sao nàooooo,Other
hahahaha . thâm nữa . mà thiệt chỉ có trong cổ tích nhé,Enjoyment
quá sàm,Disgust
dùng cây sắt rùi làm lại đi . mình mún xem típ :3,Enjoyment
vcb làm việc kiểu hách dịch thì có :v,Disgust
:v trời giờ mới biết thế giới có dạng hợp thể vầy đấy :v,Enjoyment
chấm cho tôi lên top đi mà :v,Other
"toàn anh đẹp trai . đau tim , tan nát cõi lòng của tao ... a ................................ a",Enjoyment
per đồng nghiệp không tốt ta có thể bị chửi và ăn đòn từ sáng đến tối 🙄,Fear
câu chuyện của mày làm tao buồn quá,Sadness
tận cùng của nỗi đau :(,Sadness
khi tao cảm nắng một ai đó xin thượng đế cũng tát tao một cái như cách sóng xô vào cát cho tao tỉnh con mẹ nó ngộ 😂,Other
gu của tôi trời ơi . tiếc mới có chồng với đứa con thôi . huhu,Sadness
"xe đỗ ngay giữa cửa hàng và cửa nhà bạn luôn , khách lên và xuống không được thoải mái và hơn nữa là vào hát karaoke thì theo bạn sẽ là mấy tiếng mới ra ?",Anger
kéo quần lên rồi nói chuyện tiếp ... kém sang,Disgust
"nếu không xin lỗi em tao , tao hứa cắt tiết từng đứa ... nhưng tao kô giết 🙄. học hành cái lồn gì bọn này .",Anger
nhân văn ? thế nhân văn ở đâu cho những em học thật thi thật ?,Disgust
thật đáng khâm phục các bạn ... chúc các bạn gặp nhiều may mắn trong cuộc sống ...,Enjoyment
đm main mới hay quá đi,Enjoyment
per địt mẹ mày rep ib cho tao,Disgust
hú hồn,Fear
m nói chuyện cũng cute ngoan ngoãn cơ chứ tao toàn okay anh =))),Enjoyment
kẻ ô điểm lời phê :((,Sadness
bọn dân trí thấp tưởng thế là hay .,Disgust
mắt còn xanh như bé không anh ??,Other
coi mần cái mặt kìa trời 🤣,Other
hỏi họ xem đã cho ai được tý gì chưa mà thiếu ý thức vậy ?,Disgust
hhaahhaah ! t đã may mắn như thế 😂,Enjoyment
"lạy mấy ba mấy má , con người ta đã làm video giải trí cho mấy ba mấy má coi rồi , dume mở miệng ra là bảo người ta sân si , vô duyên vửa thôi",Disgust
em tao thì cứ xác định bố thịt từng đứa 🙂🙂🙂🙂🙂 bố mẹ bênh thì thịt cả bố mẹ luôn sợ máu lồn 🙂🙂🙂🙂🙂🙂,Anger
ko biết ai phối ra cái giống ngáo vô địch này nữa,Surprise
mẹ thằng này nói tiếng việt tốt thật lại còn nói được cả giọng phú yên nữa chứ,Enjoyment
sợ thì vkl,Fear
clm đêm rồi tha cho tao 🙂 tao đéo muốn chạy xuống dưới nhà hoặc là nhịn đến sáng mai đâu 🙂 con gì thì con kệ mẹ 🙂 đừng nhắc đến nhện 🙂,Fear
"đỗ ở đường cấm đỗ và đỗ gần ngã ba là sai hoàn toàn rồi vẫn có người vào bênh . em là chủ thớt thì em cứ để họ đỗ thoải mái rồi gọi phường tới làm việc thôi , cần gì phải nói nhiều",Anger
may quá lớp tao không phải thế :)),Enjoyment
"võ nghệ cao siêu đến mấy cũng phụ thuộc vào hung khí , em biết được điều này lên không bao giờ em học võ mà tự xắm cho mình khẩu hoa cải !",Enjoyment
phải chi lúc mà thằng per bị bảo câm mồm thì đập bàn đứng lên quát “ bên tao cả một đội quân ” 🤔,Other
chúng tôi gọi đây nà chất :v,Enjoyment
"per nuôi móng đi anh , mai mốt cắt đem vô triển lãm",Other
"kể mà mình cũng được tỏ tình lãng mạn kiểu này . ôi , ngủ thôi . muộn rồi :3",Other
nếu người dân mà làm thế này thì phải truy cứu trách nhiệm hình sự,Other
nhìn thấy ghê à,Disgust
ông bà xinh quá 🧐🧐,Enjoyment
"tao cũng là người cuối cùng ra khỏi căn phòng ấy , ngắm nghía lần cuối rồi rời đi , khép lại 3 năm đẹp nhất của đời người . tao không khóc nhưng trong lòng rối bời , muốn ôm hết all vào mình .",Sadness
nhìn khó chịu vãi,Disgust
hmm hãy tưởng tượng nó là một chú gián xink xắm xoè cánh thiên thần bay đến ... 😞,Enjoyment
xin phép phẫn nộ,Anger
per thể loại tao thích nè nhưng mày đi coi với tao nha không tao khóc thét rạp,Fear
thế cuối cùng có chống được chuột không,Other
đám tụi tao đi chơi xưa nay đều dọn sạch đồ mình kêu hoặc xếp lại gọn một chút cho người ta đỡ dọn .. cái này là sự ý thức thôi …,Enjoyment
"per vong đòi ít thế nhờ , phải 2 tỷ rồi cho trả góp chứ",Disgust
cái video đầu làm hết hồn per per,Fear
phim hay vãi ấy xem lâu lắm rồi,Enjoyment
chồng tao mà nói thế tao lại vả vỡ con mẹ nó mồm :)),Anger
thật đáng sợ,Fear
per đem rác về nhà vứt luôn haha,Enjoyment
thế mà cũng 5 năm rồi . ❤️,Enjoyment
bếp dầu này hiện đại rồi,Other
chẳng hiểu sao tao cười sặc sụa,Enjoyment
ngày nào cũng vậy . có bỏ lỡ ngày nào đâu mà 🤣🤣,Other
chỉ cần chọn đúng người đúng thời điểm thôi,Other
kết thúc 3 năm cấp 3 là khoảng tg đẹp nhất nhưng nó cho ta nhiều kỷ niệm đầy tiếc nuối 🤔,Sadness
bán vé số tháng kiếm 100tr nha . nghe ông lol nao trong quốc hội nói vậy .,Disgust
trông tội vãi,Sadness
"tưởng chỉ có trong phim thôi chứ , nay chơi vậy luôn à",Surprise
tao mới mọc răng khôn huhu,Sadness
cái này là ở đâu vậy ?,Other
học xong lớp 12 tao chỉ mong 1 đều đừng bao giờ có họp lớp :))),Other
"cứ đem lửa than , nước chay , sau đó cắt ngay ra ăn chấm muối là ngon , vẽ chuyện kiến với chả ong .",Disgust
nhìn dáng đi mà nhớ ông nội 😞,Sadness
để 1 ngày là khó chịu rồi,Anger
được đấy tao thích,Enjoyment
"lừa đảo có quy mô đủ để truy tố hình sự rồi nhé , 5 triệu liệu có đủ sức cho chúng sợ không ?! hay là chúng mày lại bị cái chùa ba vàng mua hết nhân tính rồi ?",Disgust
chúc đại kỷ nguyên có một buổi tối ấm áp nha ❤️,Enjoyment
trồi ôi bài hát đỉnh caooooo,Enjoyment
"từ không tật nguyền , trở thành tật nguyền để nuôi mấy cái không đáng :))))",Disgust
lần đầu gặp anh cũng là phòng gym =)))),Enjoyment
tìm đối tác 😔,Enjoyment
công ty nào làm như vậy mọi người nghĩ làm hết cho nó khỏi phải vậy ...,Other
tình chỉ đẹp khi còn dang dở lấy nhau rồi nham nhỉ lắm ai ơi ...,Sadness
hết buồn cũng phải có tiền mới hết được :)),Enjoyment
mẹ chồng cay nghiệt =))))),Disgust
ê có khi nào đọc bài này xong buồn cười quá cười toác hàm có khi nào đi bệnh viện không các cụ :v,Enjoyment
"tao thì trông nó truyền điện chết mẹ đi , loại này sống nguy hiểm cho xã hội",Disgust
đm hú hồn,Fear
song rồi em để lại anh một cái sừng 10 phân là ít,Disgust
thanh xuân rồi cũng sẽ qua có những người trong ta mãi chẳng thể xoá nhoà !,Sadness
câu được chục con heo vàng chả được cái gì,Sadness
muối mặn vãi,Other
có biết bao người có mảnh đời như vậy !,Sadness
đú quan trọng bởi người tao yêu củng không đi chơi valungtung thế là tao vui rồi :)),Enjoyment
tanh bành cuộc đời rồi,Sadness
óc chó đi dậy đời,Disgust
per chị đã kịp đi chỗ này chưa ?,Other
"per thấy chế thủ sẵn hộp mặt nạ rồi thì phải . tim em mong manh lắm , đừng để em hoạng sợ nhá chị ??",Fear
bảo dân trí thấp lại tự ái,Disgust
không biết thật không nhỉ =)),Enjoyment
per tao mãi mãi bị con này ám ảnh từ bé đến giờ . thứ gì mà đéo thể yêu thương nỗi . nghe tiếng nó kêu là tao bỏ chạy trăm mét 😒,Fear
khách nào nhỏ nhen vậy ...,Disgust
66 năm trời luôn đấy,Other
tự bỏ tiền ra trồng tự cạo mủ cho chắc củ,Other
ông nội này chất đấy,Surprise
"hí hí . tiến sĩ cừu , thạc sĩ cừu ... chẹp chẹp 😃",Enjoyment
lấy vợ xong béo quá rồi . hình như ai cũng v à 🙃,Sadness
per ơi nhột nhẹ kkkkk,Enjoyment
muốn tạo ra niềm tin đôi khi bạn cần sự dối trá 😉,Enjoyment
cổ tích thôi nhé . tao mới bị hỏi vì rẽ không xi nhan . và anh chỉ nhẹ nhàng phán 1 câu : ‘’ 2 triệu đưa đây không thôi mai cầm 3 triệu lên đồn nhận xe nhé ’’ anh thật là dễ thương 🙂,Enjoyment
sợ xanh mắt mèo,Fear
"khi bạn làm con b sẽ khóc , nhưng khi bạn đã làm cha mẹ bạn sẽ thấy đau lòng .",Sadness
bộ phim hay ý nghĩa nhất từng xem,Enjoyment
cả 2 kẻ này đều đáng sợ !,Fear
mai đấu giá thử cai lap cua mình chứa toàn tài liệu tiếng nhật 😂😂,Enjoyment
trời đánh tránh miếng ăn,Other
hoan hô . công nhân đâu phải trẻ mầm non,Enjoyment
tao . dân đaklak nhưng lần đầu tiên nghe chuyện này ....,Surprise
cảm giác tóc sau gáy bắt đầu dựng lên :))),Fear
mấy má đang có kinh rồi mặc áo đầm nhảy qua thì nhuộm đỏ 1 dòng sông cmnl 😳,Fear
chưa được đi pháp mà huhu,Sadness
là nhìn người ta đi cạnh 1 cô gái mà bất lực không thể làm gì ngoài việc ngồi nhìn và mỉm cười,Sadness
giờ còn thể loại dâm ô nam sinh mới ghê :))),Disgust
tao bắt đầu sợ nó ròi đấy :)) ám ảnh vãi,Fear
thế đéo nào ma không bị phóng điện nhỉ,Surprise
hk động chạm nó cũng dí sấp mặt luôn rồi . dm . 😌,Anger
5 triệu nhằm nhò gì so với 1 khoá lễ của bả ? sao không cho hành nghề vĩnh viễn luôn đi . chỉ cấm ở ba vàng thì lại lộng hành ở chỗ khác thôi .,Anger
bá đạo vậy chơi sao lại 🤣,Fear
khổ thân con mèo :((,Sadness
nó chụp màn hình là còn tốt chán . có đứa nó còn đéo thèm đọc tn ấy .,Other
tôi cắn bất chấp =)))))))) chắc là tôi yêu tụi nó cuồng si rồi,Enjoyment
bà này khác gì lũ đa cấp đi lừa đảo đâu sao không cho vô tù,Anger
rồi tôi sẽ hết được uống nước ở đây nữa :((,Sadness
per nhìn na ná chữ mày =))),Surprise
buồn thay cho lớp tao,Sadness
chúc 2 you hạnh phúc ❤,Enjoyment
có vẻ như cái gì nước ngoài cũng to hơn nước ta 🙂,Surprise
why ???? ai đã cướp boss 6 múi của tao vậy 😭😭😭😭,Sadness
đồng nghiệp nhắng nhít nhất hệ mặt trời =))),Enjoyment
"tao tự hỏi sao đứa quay phim nó lại quay đúng lúc thế , chắc chắn nó dự là sẽ nát con xe đó nhưng không nói :))",Other
tại trà sữa làm tao mập chứ tao có muốn đâu :(,Sadness
có nhìu người bỏ vài đồng ra nhưg chỉ thích hành hạ người khác .,Disgust
nếu để ý kĩ thì lái tàu có thể bước xuống và kéo đường ray qua một bên rồi cho tàu bẻ tay lái một chút là cứu được cái xe . tiếc cái xe quá,Sadness
thay đổi chóng mặt,Other
an toàn cho mình chứ cho ai đâu mà cứ thích kiểu trốn tránh ấy nhỉ ..,Other
bên aeon hay thật đấy =))))),Enjoyment
và rồi cô ấy sẽ mãi mãi không có người yêu =((,Sadness
cảm giác thanh thản vãi,Enjoyment
"mấy anh làm video đầu tư ghê , nội dung diễn xuất hay",Enjoyment
chắc chưa biết đến trụ đèn đỏ nằm ngay chân cầu :),Other
khi nào người con gái ấy xuất hiện đúng lúc trong cuộc đời của tôi đây,Other
đây là bạn tao . =)),Enjoyment
ko bằng con 🐕,Other
đọc xong nước mắt ứa ra,Sadness
"căm thù , uất đến tận họng mà không biết phải làm gì ??? càng xem càng thấy đau lòng mặc dù không phải con mình . 1 xh thối nát , đồng tiền làm lu mờ nhân tính con người .",Anger
"ỏoo , nó cười xong kiểu cả không gian ngập nắng , thế giới thu bé lại chỉ có hai đứa , rồi tim cứ đập thình thịch , nghĩ thoii mà cũng thích , hì :>",Enjoyment
chúc mày mau khoẻ nhá chủ thớt ạ =)),Enjoyment
hàng xóm và họ hàng là 2 đối tượng hãm chưa từng có,Disgust
trời ơi cái đoạn này em khóc tu tu luôn 😪.. trong khoảnh khắc rời xa một ai đó mãi mãi cơn đau thấu ngực trái huhu,Sadness
ngang trái quá ạ !,Disgust
per mai mốt không xem hết video đừng vô phán,Disgust
có cái ảnh tỉ năm trước cứ đăng đăng con cặc . đéo thấy nhàm à . nghĩ thôi thấy bất hạnh vãi .,Anger
"sao vẫn còn người tốt trong xã hội này , đáng khâm phục",Enjoyment
nhận khách tàu nhanh ai muốn không nè,Other
tao sẽ lấy hết tất cả các nick clone tao có phẫn nộ cái vid này 🙂,Anger
cười thấy đáng yêu ^^,Enjoyment
giun xào đĩa luộc là ngon ngay 😂😂😂,Enjoyment
e quê bg mà mùa vải còn không có vải mà ăn @@@,Sadness
muốn ói,Disgust
per tôi đợi ngày nhận thiệp cưới của ông,Enjoyment
đen thôi đỏ vẫn thế,Other
ha ha chịu không nổi luôn !,Enjoyment
per hãy cảm ơn tao đi hâhah,Enjoyment
phim này là người cha zombie yêu thương con nè . xúc động quá 😢😢,Sadness
"đi chơi gặp 3 con mất dậy này vừa bị dí vừa bị cạp đít đau không chịu được sau phải nhảy lên cây để trốn , giờ gặp là sợ 😭😭",Fear
thật ra cách quét hạt xốp rất dễ mà có thể các bạn chưa biết . đó là . tẩm xăng những chỗ có xốp và đốt 😂,Enjoyment
đúng là xa thơm gần thối . người tuyệt vời ngay trước mắt mà không thấy,Disgust
per võ công thâm hậu quá,Surprise
lúc bé mình rất sợ,Fear
thề cưng thiệc sự =)),Enjoyment
tao tưởng nó té cái đùng chứ . làm ngồi chờ mãi mỏi cả mắt,Sadness
loại cửa đó :))) cái khung sắt cứng không tả nổi . đen lắm bung cả cửa ra thôi .,Other
chắc phải đi một chuyến thôi :3,Other
sao có thể ngây thơ đến vậy được nhỉ,Surprise
per chuyện cổ tích nè ! haha !,Enjoyment
địt mẹ . và ở việt nam chúng tôi gọi đó là lũ óc chó bán phá giá đó,Anger
mối nguy hại đó,Fear
t chỉ ngồi nhà và ngắm cảnh tắc đường thôi,Other
mình có xài rồi nè hồi lúc đi làm xí nghiêp gọi là lò xô đổ dầu xài,Other
không biết phải mình lúa không . chứ mỗi lần đi du lịch trước khi trả phòng là mình phải dọn sạch sẽ . cứ nghĩ nhận phòng sao thì trả phòng vậy . bị anh chồng la hoài là vậy,Sadness
em đang ở đâu mà mấy năm rồi chưa thấy xuất hiện :),Sadness
vì tao xấu và chúng nó chỉ thích gái đẹp,Sadness
"chó chứ không phải người , rất mong pháp luật anh minh",Anger
t xem phim này cứ thích bà ma nhập vào thôi chứ bình thường yếu đúi nhạt tao không thích,Disgust
cay đắng cuộc đời 😞 một chút vị mặn của mồ hôi nước mắt,Sadness
"theo mình thì không nên vì định kiến xã hội quá khắc nghiệt , họ sẽ bị tổn thương và nghĩ quẩn",Fear
đáng yêuc vãi anh ơi,Enjoyment
tao tưởng tới đoạn per tuyên bố hôn nụ hôn chia tay chứ … ai ngờ kết quả lại khác bây,Surprise
per :)) chắc giống cảm nhận của ông lái oto hôm qua,Enjoyment
"ước gì mèo nhà mình cũng có thể về nhà như vậy , mất ẻm được 2 năm rồi :(((",Sadness
bà ngày xưa đẹp quá ❤️,Enjoyment
chỉ có mấy thằng ấn ngáo ngơ vừa bẩn trông chẳng giá gì . đúng là lớp 1 trượt môn đạo đức vì tội không ju jin vệ sinh thân thể,Disgust
cái quần gì vậy đmmmmm đang tủi thân xem cái lol này nữa,Anger
khổ người lao động thôi,Sadness
thiếu hình ăn gà rán rồi,Sadness
boss hổng có 6 múi hả :( buồn dị,Sadness
phải tự cho mình đau lòng nhất thì mới bỏ được,Sadness
"quay quay cái lồn , thấy bị bắt nạt thì ra nói một câu bảo vệ người ta , có khi tối về lại có người nằm ôm . cứ cầm điện thoại pin với chả không pin",Anger
yêu sắp 2 năm rồi mà không biết người yêu kể chuyện cho nghe là gì 😢 đòi mấy lần toàn kêu không bình thường xịu xịu,Sadness
hi vọng câu chuyện admin vừa bịa ra giúp các bạn có thêm niềm tin trong cuộc sống 😂.,Enjoyment
nhiều lúc buồn đến nỗi coi những vid thế này . đéo thể cười nỗi .,Sadness
"đồng nghiệp tốt , chị em tốt đi làm như đi chơi :)) chứ làm cùng với mấy con mlz đáng sợ lắm :))",Fear
đây là cách các chàng trai thu hút sự chú ý của các cô gái hả ?,Surprise
chủ vô tâm có chó mà nuôi vất năn vất lóc không tắm rửa để bẩn thì trả có giận có ve,Disgust
tránh xa tao ra,Disgust
"đừng bao giờ sợ trở thành chính mình , bạn hãy nhớ bản gốc luôn có giá trị hơn bản sao",Other
"và cô gái ăn cái bánh vài năm vẫn chưa xong ,",Other
họp lớp cấp 2 đi được 2 lần . cấp 3 năm trước năm nay thôi nhưng đéo 🙂,Disgust
yêu thế nhè 😍😍😍 có em gái chắc cũng vui lắm,Enjoyment
viết tên anh trên cát cho sóng đập nát cái matlon anh :)),Enjoyment
cái lò tao ghét nhất,Disgust
per mày mà bị như thế này chắc mày phải nhảy ra ngoài vũ trụ luôn nhỉ,Other
các b học sinh đáng yêu quá,Enjoyment
con người chứ có phải con cặc đâu mà để nói hoài,Anger
"tuổi thơ mình toàn đi đánh nhau với bọn con trai , có thằng ắt ơ nào chịu nhường nhịn con gái đâu",Other
"ủa tao tưởng trái bòn bon chứ ,",Surprise
vì tiền mà làm đau làm khổ người khác như thế này sao 😔,Sadness
sao giống phim good doctor của hàn vậy ?? cũng bệnh tự kỉ và có khả năng nhìn được 3d !,Enjoyment
kệ cha nó,Disgust
ngày xưa tao cũng viết nhưng bị chị gái đọc trộm từ đó dẹp mẹ nhật ký luôn,Other
mai xem lại phim nay . phim rất hay .,Enjoyment
lm ngày có trăm ngàn thôi mà dọn lòi lol vãi vả cức haizx thật,Anger
ông này đẹp vãi,Enjoyment
tuổi trẻ tài cao :)),Enjoyment
"chỉ cần đó là việc mình thích , không làm phiền ai là được",Other
"mình thấy cũng bình thường 🤔 ny mình ủ hũ mắm tôm , mắm tép nếu tiếp tục không rửa chắc hơn 30 năm nữa là đạt kỉ lục thế giới “ ủ mắm tôm ” 60 năm mất 🤦🏻‍♂️",Disgust
"em ơi , hết rồi 😔 hết rồi , chẳng còn chi nữa đâu em ...",Sadness
có ai thấy tởm nhưng vẫn coi hết video như tao không 😌😌,Disgust
đúng chất trẻ trâu,Disgust
nó lợi dụng ở 1 khía cạnh nào đó mà thôi,Disgust
cuối cùng là hai mình ăn được ngủ được :))) đứa nào cũng lên vài kí,Enjoyment
cả người nhà người yêu cũng không đồng ý :((,Sadness
tao xem mà cứ sợ nó ngã vãi 🙂,Fear
"crush một ai đó là điều không bao giờ có rồi , vì mình vừa béo , vừa xấu gái , vừa vv and vv . auto nhục 😞😞😞",Sadness
per bố ơi bảo con rể làm thế đii :>,Other
hôm nay thật tệ :((,Sadness
chết mẹ mày đi ;))) không làm được thì nghỉ nhé . kiếm đồng tiền của bố dễ à kkkk,Disgust
ông này tài quá,Surprise
per . ủa sao giống răng anh vậy,Surprise
7 thằng này không phải con người chúng mày ạ,Disgust
kinh tởm,Disgust
tag vô cho xem mấy đứa xấu tánh thôi chứ ghệ anh tánh cực kỳ dt,Enjoyment
per nguy hiểm vãi,Fear
tao thích bài này lắm luôn ý,Enjoyment
"chấp nhận đau khổ , để đổi lấy hạnh phúc , mà tìm mãi hạnh phúc không đến thế mới đau em .",Sadness
tuổi thơ của tao toàn chơi với lũ cướp đồ ăn của tao với trêu tao cả ngày thôi chứ làm gì gặp được mấy soái như vậy đâu .,Disgust
mai anh gọi tôi dậy đi :)),Other
per vậy cug nghĩ ra được haha,Enjoyment
đố ai định nghĩa được tình yêu . có khó gì đâu một buổi chiều . nó chiếm hồn ta bằng nắng hạ . bằng mây nhè nhẹ gío hiu hiu 👏,Enjoyment
nhiệt tình + ngu dốt = phá hoại . toàn óc đi xem bđ,Disgust
"ông sống trên vũ trụ , vợ ông sống ở trái đất , ông cao thêm 5cm là chuyện bthg 😂",Enjoyment
"đồng chí thịt vợ tương lai của em thì nhẹ nhẹ đấy , không là phải cứ giã như gạo là không được đâu 😡😡",Other
nhạc hay chứ lời xàm .. vậy cũng rần rần,Disgust
khóc lóc rồi năm sau họp lớp đéo ai đi :)),Other
"per mất dậy vãi , lớn lên nó sẽ biết nó làm như này trên tv là không hay",Anger
ta và nàng cùng quên .,Other
em không muốn chúng ta già đi chút nào . điều đó đồng nghĩa với việc cta sắp xa nhau 😔# n,Sadness
"cấp tao tao toàn gặp mấy thằng trời đánh , per với per , hai đứa mày có đọc được thì nhớ là tao vẫn ghim hai đứa mày vì hay trêu tao , còn một thằng tên per nữa , dume bị nó bắt nạt cho khóc suốt 😡",Disgust
vỉa hè to thế vẫn còn muốn ăn cả ồ hố nữa hả =)),Enjoyment
đến đoạn chúng nó ctay con mẹ nó luôn :)),Other
nhớ thời sinh viên 😃,Enjoyment
"vui thôi đừng vui quá , làm ai cũng ngại",Other
đéo biết ! vợ tôi đéo cho nữa !,Anger
lạng sơn đang nắng mà,Other
"thiện tai , thế giới này khi nào mới được yên bình",Fear
mới tết xong . tặng cặp bánh chưng là ưng nhất :)),Enjoyment
giờ thì chả dám nhìn nữa hic :((,Sadness
tào lao ròi đóa,Disgust
đến câu nào có đáp số quen thì khoanh :)),Enjoyment
lở có sự cố vì đó so với kỷ luật vây có bằng không,Other
"nta nói đừng có nhìn mặt mà bắt hình dong nhg mà thực sự nhìn bả , tôi thấy cứ đanh đá , mưu mô , xảo quyệt kiểu gì ý , cảm thấy đây là con người không có hậu",Disgust
đỉ lol đè chết mẹ đi . hát cái lol,Anger
công tình yêu làm ăn kiểu lồn gì vậy .,Anger
tưởng thế nào 🤣,Other
vcb thu phí dịch vụ cao có khác . lương nv cũng hơn chỗ khác :)),Enjoyment
đoạn 3 móc cái dt nhanh vliz,Surprise
thì đã sao ? miếng cơm nghề nghiệp người ta . nếu như không thích quay thì lên đòi ban tổ chức ấy hoặc đừng có mà chơi bóng chứ đâu ra cái kiểu bố đời ấy,Disgust
nguy hiểm thật ... suýt nữa tao ảo tưởng con mẹ nó luôn rồi ..,Fear
"bố đã làm gì mày đâu , con chó này =))",Anger
"cùng cười cùng khóc cùng vượt qua khó khăn , đau khổ nhưng cuối cùng lại là con số 0 :)",Sadness
điều quan trọng ở đây là mày cần sạc điện thoại kìa,Other
t không phải con sến súa . ko cần quá cầu kì lãng mạn . cầu hôn tao thế này là tao đổ rồi per,Enjoyment
giết người quá rồi giờ phải đi tù chứ :))),Other
con mèo đág yêuc quá 🤣,Enjoyment
bị đánh bại bằng đòn mông . nổi ô nhục đến chết cũng không hết nổi,Disgust
quả dạ vâng kia ngọt vãi ngọt . đéo bù khách của tao toàn được,Disgust
tôi nói với các ông nhé . dắt bộ qua chốt cũng chưa chắc ngon ăn per,Other
đúng các anh 2 nghĩ ra nhiều kiểu quá,Enjoyment
đã hói lại còn mắt thâm,Disgust
thế nên tao với mày không thể làm người yêu nhau được,Sadness
mèo người ta đi lạc về nó còn nhớ chủ chủ còn được đụng nó còn mèo nhà tao đi tán trai có mấy tháng về nhà thấy chủ như thấy ma 😌😌,Sadness
ngày xưa cũng như này trong lúc mối quan hệ bắt đầu nhạt :) haiz,Sadness
"per đây là thằng con trai vừa đẹp còn có não , mong per học hỏi ! xin cảm ơn",Enjoyment
"ngày xưa , ngoài thú vui chọc chó dí , còn chọc cho ngỗg rượt . cách giảm cân hịu quả nhất cho mấy đứa lười 😂. nhớ lại vui thật , đúg là thời sửu nhi .",Enjoyment
mình toàn làm ba mẹ buồn,Sadness
thèm được bố chửi 1 lần 🤤🤤,Enjoyment
thằng quay đáng bị đạp cho lăn con cụ ra mới biết sợ =)) cứ tưởng thế là vui 🙂 súc vật,Anger
nuôi gì mà không có tâm gì v nè,Disgust
tốt nhất không đi đâu cả nhé ..,Other
bé giỏi toán quá nên cô giáo mất dạy luôn,Other
couple cuối . yêu chết đi được,Enjoyment
cai nay do co roi . ai con ban nua không,Other
đây là 1 câu chuyện buồn,Sadness
đã từng được ăn ké vài bữa 😝,Enjoyment
cưng nhỉ,Enjoyment
"per này , thích thì xem cho đã con mắt đi 🙁 đáng sợ quá mà",Fear
cũng thơm mà . kì thị quá à .,Enjoyment
nếu ai cũng có ý thức tốt đẹp thì đất nước này còn gì để nói . đâu có ai hoàn toàn hoàn hảo đâu bạn . dù là moi tần lớp,Enjoyment
"thương quá . giờ con đi học ở lại cả ngày thì hên xui thôi chứ biết làm sao , không ăn thịt heo thì ăn gì . mong sao có lệnh tạm dừng ăn thịt heo trong thời gian này cho các trường mầm non thì hay biết mấy .",Sadness
nhìn qua ảnh thôi cũng thích =)),Enjoyment
nhà thì như cái chuồng lợn còn bày đặt đắp mặt !,Disgust
"tôi xin nhắc lại , đây là một câu chuyện buồn",Sadness
nên công bố để răn đe,Other
"dù thế nào thì anh tôi luôn bất hạnh , ai khóc cho anh khấc tôi đây 😢",Sadness
"đang làm nhiệm vụ mà cứ léo nhéo thế nhỉ , để cho cán bộ gọi về cho chỉ huy đi",Disgust
nấu cơm như vậy xong đi lên nhà xem hoạt hình .. đến lúc hết phim xuống để xới cơm thì .... khét lẹt,Sadness
có ai không sợ nhưng giật mình như tao không :) dumehuhonchimen,Enjoyment
"đêm hôm coi lại , cười mún rụg rún",Enjoyment
năm nào mà tao chã cô đơn,Sadness
giận ngược trở lại chúng nó sớm chia tay thôi :))),Other
sao trận này ông này khóc nhỉ :)),Surprise
bọn yêu nhau tưởng thế là hay,Disgust
"khi bạn cố gắng kéo lại với người ta và họ chụp màn hình gửi cho mọi người , còn đem đi kể nữa chứ",Disgust
"bằng lòng với những gì mình đang có đi , trên thế giới có rất nhiều người không được như mình đâu",Other
per bá đạo quá 😁,Surprise
lâu rồi không được nhìn nụ cười ấy,Sadness
bao năm ăn học ở trg mà các vị làm vài vụ như thế nào 1 năm thì lại vui quá . vks ạ,Other
dịch vụ tận tâm . đáng yêu quá ! : x,Enjoyment
câu chuyện dễ thương thật ^^,Enjoyment
là đi phát tờ rơi ngay mấy ngã tư và cổng trường đại học ! được 200k về mua skin yasuo siêu phẩm 2016,Enjoyment
mình chỉ nói đến cơ hội việc làm thôi chứ không bàn luận gì về việc ông ấy là người như thế nào bạn nhé ??,Other
còn nhiều người khổ hơn mình :)),Other
"tội mày quá , lần sau mày bình tĩnh hơn nhé",Sadness
per cười đau bụng luôn 🤣🤣,Enjoyment
per dẹp hết . không có bán mua quần què gì nữa hết,Anger
"nhìn 1 cái , cười 1 cái rồi về thôi",Enjoyment
tuổi thơ dữ dội là đây .,Enjoyment
tính ra con bé đó chuyên nghiệp ấy chứ,Enjoyment
cái địt con mẹ mày ... biết bố mày xem xong tí rơi điện thoại không 😭😭😭😭😭😭😭😭😭,Anger
per sao tội vạy em,Sadness
đéo hiểu,Other
nhớ cái bếp của mẹ .,Other
tao ghét nhất đăng mấy thể loại v . đúg là nhãm lol,Disgust
ghét mấy cái thể loại này . toàn lũ hãm,Disgust
hẳn là phạt 5 triệu luôn,Other
cuộc sống mà,Other
sao không mua thịt về ướp dưới nền rồi nướng luôn,Other
((= nói cái này quá là bình thường luôn không đến mức phải xù lông nói là cười nhạo đâu ạ,Disgust
coi xong đoan này . tao thấy nhớ nhà vô cùng 😭,Sadness
công nhận 😌😌😌 đồng nghiệp hạp hạp tí có khi ngồi buôn cả ngày bám hơn cả bám người yêu . đi làm hôm nào cảm thấy hôm đó ý nghĩa vãi,Enjoyment
ông bà có đam mê .,Other
nếu như bạn nào không biết là bạn đồ chanh chẹ,Other
cái vị mà tao nghĩ đến cuối đời con người vẫn chưa nếm hết,Other
hoá nhện tỏ tình đấy :)))),Enjoyment
tôi từng trách bố mẹ sao sinh tôi ra trong hoàn cảnh này,Sadness
khu này đẹp vãi chưởng,Surprise
nhớ lại mỗi lần thay tim .. 😂,Other
em này sao giống chị tao quá vậy,Surprise
"ngay bây giờ , chỉ cần anh thật lòng với tôi là được :)",Other
per 2 đại cao thủ đấu đầu :)),Other
dễ thương vầy :>,Enjoyment
tao đang nghiêm túc đấy,Other
nói không phải khoe chứ em đi xe bò đi học,Enjoyment
đm phải tao tao chửi mả bố nhà chúng nó lên chứ trêu trêu cái lol 😒😒 vả cho mỗi thằng ml vài cái chứ ở đấy cho chúng nó quây rồi nhăn nhỉ với nhau ..,Anger
"hết cấp 3 , hết đại học và chỉ mới bắt đầu 1 cuộc chơi khác .",Other
"cả đống người trên đường , mà nó chỉ dí mình tao 😭. t đã làm nên tội gì 😭😭",Sadness
đã bảo cho tôi đi trước rồi mà không chịu . :v,Other
per còn nhớ hay đã quên,Other
nếu chịu khó đặt vào hoàn cảnh của nhau mà sống thì cuộc sống đơn giản hơn rồi đó,Sadness
cưng v trờiiiiii .,Enjoyment
per 😢😢 miss you .. chính xác luôn ak hậu,Sadness
rồi liệu nằm với vợ ông làm thế nào nhỉ,Other
sau mỗi cuộc chia ly người ở lại vẫn là người đau lòng nhất :((,Sadness
"phim hay dã man diễn viên chính đẹp trai , xem đi xem lại không chán",Enjoyment
tình yêu là sự mù quáng mà hix,Sadness
dễ thương quá,Enjoyment
"má , mặt đúng ngáo luôn 😂",Enjoyment
có một sự tổn thương không hề nhẹ ở đây,Sadness
tết trung thu chứ có phải tết “ giao phối ” đâu mà cần gấu với chả gà 😌😌,Disgust
"per làm ở đâu không quan trọng , quan trọng là vẫn buôn chuyện đều 😂😂😂",Enjoyment
"kệ mẹ nó , giận được bao nhiêu thì giận . cắm sừng thì tao tiễn vong luôn",Disgust
ra cái chỗ sóng không táp thì đéo ra cáu vãi :)),Anger
hãy cảm ơn vì chúa đã ban em cho chị 😂😂,Enjoyment
họ đáp vì phép lịch sự còn mình vì yêu mà chủ động vì quan tâm mà hỏi đủ điều ..🙁,Sadness
:)) bật nhạc lên và quẩy thôi,Enjoyment
nhà tôi còn nè,Enjoyment
per theo vợ nghĩ nếu là chồng thì chắc con đó dù là giả cũng sẽ lên nồi,Enjoyment
món này ngon vãi,Enjoyment
per viêm màn túi cấp nghiêm trọng,Sadness
kinh vãi,Disgust
đến bao giờ mới nhận được tiền nhỉ,Other
dăm ba con nhện nghĩ tao sợ (((=,Enjoyment
ngày buồn hôm ấy tôi cũng là người rời khỏi lớp cuối cùng .!!!,Sadness
"mình muốn tag mấy ông hàng xóm vào đây để các bác ấy biết rằng , bác ấy không chỉ buồn mà còn hát rất dở",Disgust
là mỗi buổi sáng thức dậy ta có thêm 1 ngày mới để yêu thương ❤️.,Enjoyment
dume dễ thương vãi ??,Enjoyment
ủa làm gì đánh tao muốn chết vậy đuỹ ?,Anger
sau này nhất định phải nói chuyện lịch sự :)))) không phải một người đọc mà là mọi người cùng đọc =)))),Other
"3s để tôi nói tôi yêu em và cả quãng đời còn lại để tôi chứng minh lời tôi nói :"" tôi yêu em """,Enjoyment
ấm hơn cả người yêu :)),Enjoyment
e lên mang câu chuyện này đi thi thách thức danh hài . rất duyên,Enjoyment
thấy topic đúng tâm trạng quá .,Enjoyment
chụp không biết bao nhiêu lần rồi,Other
bài này hay tuyệt vời đấy ❤️,Enjoyment
thật ra là nó muốn kiếm em gái anh trai mưa đấy,Other
"ai mang đồ ăn cho anh ấy đi , kẻo đói tội nghiệp",Sadness
"coi khúc đầu không hiểu , đến lúc ổng bước ra khỏi làn khói , thật không thể cầm được nước mắt",Sadness
rất biết cách ngồi đấy nhỉ ????,Other
per phim đó thì nam chính hay nữ chính đều chạy cả,Other
mấy con yêu nghiệt ngày xưa nội có nuôi 2 con cứ ra đằng sau là nó dí chạy muốn tuột mẹ quần 🙄🙄,Fear
"hồi xưa , giờ yêu kiểu người lớn cơ mà",Other
có vợ nên lắm . váy mới ngày trước toàn áo chấm bi của mẹ 🤣🤣,Enjoyment
nó cưng quá mày,Enjoyment
trời có bạn nhận ra mình luôn à @@,Surprise
😭😭😭😭😭😭,Sadness
tao nhìn sợ vãi,Fear
cảm ơn bạn đã yêu đất nước việt nam tôi,Enjoyment
quan trọng là ông bà nội ngoại bạn phải giàu cái đã,Other
"chắc ông chồng hạnh phúc lắm khi sống chung với người vợ như vậy , những đứa con chắc cũng yêu mẹ họ lắm ! mà thặc ra là giống với mẹ tớ lắm kkk",Enjoyment
ewww mình chẳng giữ được gì huhu,Sadness
vậy cũng được luôn hả ? 😄,Surprise
"bộ phim này xem rất sướng . và rút ra được khám phá là thứ tuyệt vời nhất chứ không phải bằng cấp . giá như mấy ông "" bộ "" và mấy ông "" ngành "" dành thời gian xem phim này một lần .",Enjoyment
xem không dưới 3 lần chia sẻ không dưới 2 lần nhưng mỗi lần nhìn thấy lại xem lại buồn,Sadness
bây giờ gái nó chỉ cần bông hoa đồng tiền ném vào mặt nó để nó ăn tiêu chứ nó cần gì cái cây lu miên này .,Disgust
"mút này mình xịt nước cho nó mềm ra , lấy chổi đùa đùa lại quét tới lúc nghỉ việc luôn quét cũng chưa xong nha , thứ nl",Disgust
và hơn hết là tụi nó không còn coi mình là con gái nữa,Sadness
moẹ thấy u ám hơn thì có . dume 💩,Anger
hú hồn lon vẫn còn,Fear
"một lúc nào đó chúng ta sẽ không nói chuyện nữa , lúc đó có lẽ em thật sự đã buông bỏ được rồi ...",Sadness
hẳn là thần tài . mê tín vãi,Disgust
bớt chọc điên tao và bớt leo lên đầu tao ngồi 🙂 hãy để yên cho tao hiền 🙃,Disgust
per kỷ niệm khó quên nhỉ kkk,Enjoyment
địt mẹ hoang đường !,Disgust
"cô giáo chủ nhiệm hơi bị khốn nhỉ ? cô như vậy thì học sinh sao này học theo cái tính tráo trở , hai mặt",Disgust
xin chúa thương xót chúng con,Other
lâu quá mới nghe lại bài này buồn thế,Sadness
rất thuyết phục,Enjoyment
mình hỏi mua rồi mà người ta kiểu nữa muốn bán nữa không bạn,Other
buồn nhất là crush cũng chả có để mà thả 😞,Sadness
"ồ ! thật là bất ngờ , thật là thú zị , thật là liên quan ?",Surprise
per anh tải cái này về cho per học nè . thú vị ghê,Enjoyment
per làm gì quên được kkkkk,Enjoyment
nhìn thế thôi nhưng làm được video như này cũng khó lắm hay phết 🙂,Other
hợp lớp cái đéo gì được chục thằng = ),Disgust
ủa vậy phạm tội thì có ẩn danh không ? :)) ngộ àh,Disgust
lấy vợ xong anh có vẻ mũm mĩm nhỉ :333,Enjoyment
dỗ lại dễ thôi mà . nhỉ nhỉ 🤣🤣🤣,Enjoyment
cho tao hỏi mấy con súc vật tụi bây cười cái gì dzậy ? chắc tụi mày phải bị gậy vụt vào mõm thì mới hết dám ngẩng mặt nhìn đời phải không ?,Anger
bạn nào cần bạn thân là con trai không :)),Other
tao bị quỳ cột cờ mới ác . cả trường biết mặt luôn . nhục vãi,Sadness
tao đã đóng dấu cấm đứa nào rớ vào =)))),Enjoyment
"dm tuổi thơ tao lại toàn ba thằng hãm lol , độc chép bài .... đùa đùa đéo cho chép chúng nó chửi sấp mặt luôn ☹️",Anger
và thế đéo nào chúng nó toàn gọi mình là thằng 😏😏😏,Anger
khôn lõi đời à ? chừa này,Disgust
cũng chỉ là tạm thời . chỉ khi nào nguồn nước bẩn thôi đổ vào sông thì mới đảm bảo được .,Other
per ru con để vợ đắp mặt nạ kìa ?? đúng là chồng người ta chưa bao giờ làm mình thất vọng ??,Enjoyment
"thật thà vãi , mà tao chỉ thích ăn xoài chua .",Other
per vẩy cật lực luôn =)),Other
sao toàn gái ngành với bọn chủ tịch bình luận không vậy 🙂,Disgust
đây còn hơn cả vua . giàu mà nghĩ lớn làm lớn .,Other
bất ngờ thiệt :)))),Surprise
"đang ỉa xem cười như điên , kkk",Enjoyment
nghiệt ngã hơn là phi hành gia đéo tuyển mấy đứa lùn :((,Sadness
con mụ mất dạy . già mà lăng loàn . thấy người ta yếu thế hơn mà khôg giúp dựng cái xe dậy rồi nói với nhau vài câu tử tế . lại còn tỏ nguy hiểm định ăn cức người ta ak,Anger
thiếu cái que chấm dầu là ổn 😂,Enjoyment
bình thương tao hay cười lắm . nhưng khi tức tên ... tao lại khóc . quá yếu đuối,Sadness
ăn ngon nhưng nóng không chịu được,Fear
vừa đây về đông kinh hồn càng về đêm càng đông,Fear
per tổ đội đánh rắm vào mà xem,Other
bếp thiiêu chân mày,Other
con người ta giỏi nhất là ảo tưởng vị trí của mình trong lòng người khác 🙃,Disgust
"đúng là tuổi tác nó không chứng minh được gì cả , già rồi ăn nói không văn hoá cử chỉ hành động tục tĩu hết nói nỗi",Disgust
ra vậy . nguy hiểm thật :(((,Fear
per hết tiền thật sự :(,Sadness
nóng quá nên đổ lên cho mát thôi mà :)),Enjoyment
cưng quá :))),Enjoyment
lỗi của lái tàu nhé,Other
ai cũng bận cả và không ai rảnh rỗi ngày ngày quan tâm bạn đâu ?,Disgust
nuôi con chó mà để ve thế không thấy tởm nhỉ ?,Disgust
tuổi trẻ tài cao vãi,Enjoyment
vô duyên và hài hước nó có 1 làn ranh giới mỏng manh vãi,Other
đứng xa ra thì dễ dàng rồi =)) cái ngu ở đây là không viết được nhưng vãn cố chấp thôi =)),Disgust
xui thôi chứ quyền đang hay mà 😢,Sadness
công an béo như lợn không đuổi nổi tội phạm 😂😂,Enjoyment
nhưng tôi đéo có bạn trai thì phải làm sao ?,Sadness
nhìn cái ngành gd việt nam bây giờ ai cũng mệt mỏi,Sadness
"đó tao đi học tới 12 , mà dô lớp lì vẫn bị thầy cho nằm úp trên bàn trước lớp , kéo tà áo dài lên rồi đập cho mấy cây . giờ quánh thì không cho ( trừ mấy thầy cô yêuc quái cho mấy trăm cái bạt tai thì không tính ), phạt quỳ thì cũng lên báo . thua luôn .",Disgust
cái gì mà rớt hột le tè vậy em gái 😁😁😁,Enjoyment
per trước cái thời ở trọ nè anh,Other
sợ vãi =))),Fear
lãng mạn vãi_chưởng =)))))) 0,Enjoyment
per tao tán sấp mặt,Anger
việc làm và ý thức của những cổ động viên kém quá . mất hình ảnh bóng đá per còn mất 1 tỷ tiền phạt .,Disgust
sao nhìn nó đấm đéo có lực gì hết nhỉ,Other
mình bị say xe bạn à :(((,Sadness
per haha cái t2 hợp với em nè ;)),Enjoyment
vậy là thế giới mất đi không biết bao nhiêu món nướng rồi :(,Sadness
nói thật :)) tao chỉ buồn cười khi chúng nó chia tay thôi :)),Enjoyment
kết thúc phim bất ngờ quá,Surprise
"mới xem 1 đoạn xíu này mà cũng khóc hết hơi , nhìn em bé mất bố mà quay ra nhìn lại con mình đỏ hỏn nằm bên cạnh , thấy thương quá 😭",Sadness
xứng đáng cho cái ngu của thằng oto .. nghiền nát luôn oto càng tốt .. để cho cái lũ não ngắn nó hiểu được quy định của hành lang đường sắt là như nào .,Disgust
ơ cưng < 3 < 3,Enjoyment
nếu câu chuyện này được liệt kê vào danh sắc câu chuyện cảm động nhất trường thì câu chuyện của thư sẽ được liệt vào đâu đây 😂😂😂 per,Other
"tại giống nhau quá , nhưng đừng như người ta nha , nghĩ đến tự tử các thứ chẳng có gì là hay cả",Sadness
còn trẻ trâu lắm cả hai đứa,Disgust
"mong là nước pháp sẽ tập trung xây dựng ổn định trong nước , và đừng đụng chạm tới nước khác nữa",Other
ngắn gọn thôi : thế bây giờ mày muốn tao dỗ hay là tao giỗ :v,Other
tao thích con bé nuốt chuối,Enjoyment
ng ta nuôi vì niềm đam mê,Enjoyment
trường mình chị lao công đóng cửa :((,Other
thính đấy đừng dính . vì 1 ngày nào đấy mày sẽ nhận ra không chỉ mình mày mới được vậy,Disgust
nước ngoài có đầy mà :)),Enjoyment
bô ̣ phim khiến bọn sinh viên có lí do để lười học theo li ́ thuyết là đây 😆,Enjoyment
hơn cả bộ phim kinh dị !,Fear
nằm ngó miệng kiểu đó ai dám ăn ??????,Disgust
cả một bầu trời đáng yêu :))))),Enjoyment
hic hic mình còn chả bao giờ được giận lại ấy chứ :((,Sadness
còn người yêu tao : một hơi có một anh đẹp trai bay lơ lửng rồi ôm lấy em khi em tắm :(((,Enjoyment
nó sẽ thì thầm tai mày “ dượng đây “ 🤣🤣,Enjoyment
tập có lỗi với thằng quay phim mà tao xem ba lần tao vẫn cười đứt ruột,Enjoyment
xem xong video tự thấy mình còn không bằng con chó ...,Sadness
tóm lại là giá trị của anh đéo bằng 1 cái bánh :<,Disgust
cay mắt,Sadness
đánh cho lắm đéo thấm miếng nào khi main chỉ hất mông 1 phát bay mất tiêu :)),Disgust
thằng kia cute đáng yêu mà cái con ý nó xấu z trời haha,Disgust
dume đêm ròii =))) tao cười vãi tí hàng xóm qua đánh bỏ mẹ,Fear
sao cái gì em cũng biết vậy :))),Surprise
per đúng là như thế,Other
công nhận ngầu thật,Enjoyment
tình yêu đâu phân biệt là gay hay không gay vì đó là sự lựa của con tim mà họ đã nhắm tới !.,Other
dhs nhìn thằng đầu tiên trông ớn vãi :| chị em bg thích style lạ ghê ta :| bá khí ????,Disgust
môi trường làm việc là yếu tố quyết định,Other
nhớ lắm .. cay mắt lắm ....,Sadness
ph :)) phê hơn cả cần nhé . nên mua cái này về dùng tốt cho chó và người :))),Enjoyment
mất rồi có lấy lại được đâu :)) cái gì nó cũng chỉ là quá khứ,Sadness
đéo mang não ... tay lại nhanh hơn não rồi ..,Disgust
ước gì được giận lại 😐,Sadness
nó bỏ mình đi rồi mỗi lần nghĩ tới nó ôi sao mà xót tim gan hơn mất người yêu,Sadness
ngày cuối cùng thực sự buồn,Sadness
nếu là tao thì tao sẽ không ăn được miếng nào,Sadness
bọn rải đinh nó đéo biết xe đi nhanh mà bị xì lốp thì như thế nào ??? 😣😣😣 não lol,Disgust
ngoài ra còn một số cái buồn nữa . không giải quyết kịp thời thì ??,Sadness
nghe nói dạo này bạn dưỡng da để kiếm người yêu per,Enjoyment
"em đi xe đạp , có gửi bao giờ đâu mà biết bác ơiii",Other
"chuẩn đó , mà quên chưa có người yêu",Enjoyment
"tập thể năm nay lại làm mình tiếc nuối từ thành viên đến gvcn :,((",Sadness
đọc có chỗ vô lí vãi,Other
có khi nào mình thích anh hàng xóm vì mình thích con mèo nhà anh không nhỉ :<,Enjoyment
ờ tao tao thông minh thiệt đã dừng lại đúng lúc,Enjoyment
nghe ảo ghê nhưng cũng có lý,Other
"đéo kiếm ra tiền , nấu có 3 bữa cơm với đưa đón con đi học mà còn không xong , chắc để mẹ già làm hộ hay để chồng nó đi kiếm tiền về rồi nó hầu cho",Disgust
đục khoét tuổi thơ vãi ;))),Other
nhiều bạn cứ phán nọ kia nặng lời quá . chỉ là bạn ý có cách bóc phốt duyên dáng và hài hước thôi . chứ đâu có nặng nề như các bác nghĩ ..,Disgust
bảo ba mẹ dẫn đi bác sĩ ngay đi,Other
ui cưng quá,Enjoyment
không biết s chứ ngày lúc 17t tao đi phục vụ phòng karaoke ... mình tao 2 phòng chạy qua chạy lại mệt quá vì xỉn ... kkk . thế là tao nghỉ trong ngày đầu vào phục vụ karaoke .🤣🤣🤣,Enjoyment
tôi là ai đây là đâu :v tôi đã làm gì sai :3,Surprise
nghiệp hơi nặng nha !. làm hết hồn,Fear
"mấy thằng ngáo để cho chết mẹ nó đi cho xã hội yên bình , quan tâm làm gì",Anger
mình còn chưa kịp đến :((,Sadness
"per tìm tao con nhện này , con này lãng mạn coá",Other
vừa mới xem hqua . kết thúc phim nhạt quá 😒😒,Disgust
làm công nhân đã khổ rồi mà tụi nó còn nỡ lòng nào hại người ta nhắn tin,Sadness
mất bà cái tuổi thơ -.-,Sadness
ko những công khai . mà phải cho thi lại . để biết đúng thực lực,Other
đã bảo bố mà mật vụ rồi ! hỏi lằm hỏi lốn,Anger
hú hồn hà,Fear
per bếp ga nha,Other
rảnh rảnh ngồi cưa bàn với cưa cổ thèn ngồi gần mỗi khi nó ghẹo cũng vui ??,Enjoyment
per tao thấy tao trong đó ahahahaha,Enjoyment
ai biết bài nhạc đoạn này không ?,Other
tao muốn con mèo thôi =)),Enjoyment
vỡ tan là như thế ấy,Sadness
đúng chất người đẹp mặc rẻ rách cũng đẹp,Other
"per huhu đúng quá nè :< sư phụ đi rồi , còn per thôi , đừng đi đâu nữa nhaaa 😢",Sadness
thương quá . géc nhất những người nuôi chó mà không chăm ... tội cho kiếp em nó gặp phải 1 người chủ như vầy . thân thương !,Sadness
nhìn mà nổi hết da gà,Fear
hẳn lớp đó nhiều nữ lắm ha,Other
ngày tao chia tay tao khóc quá trời luôn,Sadness
đứa lồn nào vẽ cái ổ điện thế 😂,Disgust
công tình yêu này nhân viên đông vậy luôn hả ?,Surprise
ai giúp bé với hix,Sadness
"200 năm xây dựng , tồn tại 800 năm , thật là tiếc cho nước pháp .",Sadness
per là ai thế nhỉ cụ :)),Other
đôi khi đi tù chỉ để thoả mãi thú vui,Enjoyment
thô nhưg thật :)),Enjoyment
nhìn lại giờ đéo biết vì sao ngày xưa mình đỗ đại học,Other
đã tìm ra cụ tổ của những chiếc sừng,Other
cảm thấy mình thất bại :((,Sadness
hãm 1 rổ lồn . chúc mừng bạn đã chọn nhầm người để tâm thự,Disgust
"chân ngắn như tao thêm combo mập nữa thì tao đéo nhaỷ đâu , tao thả mình trôi sông luôn cho lẹ 🙄",Disgust
có người yêu coi bộ cũng vui 🙂,Enjoyment
trong mv mà có tao đứng dưới mưa nữa thì buồn phải biết,Sadness
đi viện thôi mà có cần phải đẹp vậy không,Surprise
"thôi xong nhá , mấy đứa mà xác định làm răng cả đời thì ... tập xác định",Other
"thằng chém gió lúc bà ấy đẩy ông ấy vào nhà thương điên ( tâm thần ) sao mày không mở mồm ra nói ....! giờ thì “ gió chiều nào theo chiều ấy ” cho thằng như này nằm ở công ty thì không khác chuột bọ , rắn rết",Disgust
dume thằng ghép nhạc nhé ????????,Disgust
per thay đổi đại từ nhân xưng .,Other
"trưa nay nhà em ăn cơm , admin nói với mấy chú truyền hình đừng chiếu tin này lên nha",Other
"cụ mua cái đoạn đường này chưa cụ , đg nếu không cấm đỗ xe thì người ta có quyền đỗ thôi , ghét nhất cái kiểu coi lòng đg như nhà mình rồi vừa đỗ cái xe vào là ra chửi . dcm",Anger
tao mà biết tụi bây là mấy con đĩ nào tao nhổ lông lồn tao lắc hai cái mép lồn chết mẹ tụi bây 🙂,Anger
ăn nhiều mau khoẻ .. tôm cá ấy mày giàu canxi,Other
có ai xem đi xem lại như tao mà vẫn cười đéo nhặt được mồm không ạ :)),Enjoyment
nhẹ nhàng bay lên và hạ cánh thất bại do lổi kỹ thuật,Sadness
per cái đó là ngu chứ thik đéo gì,Disgust
lại thêm một con ngáo bất hạnh,Sadness
"tuổi thơ của tôi toàn gặp những thằng nhỏn mỏ lên chửi nhau , xách giày dí nhau chạy .",Disgust
sao mày không nghĩ lại thêm 1 thừng bị noá xẻ thịt 🤪🤪🤪,Other
chỉ biết xem và ngậm ngùi lướt qua,Sadness
thật tình là rất xin lỗi anh ở trog video . hi vọng sẽ gặp đuợc anh để xin lỗi và tạ tội với anh . thật ra hộp quà trong video là của con lol per với người yêu nó tặng nhau dịp sinh nhật . híccc,Sadness
hihi lâu lắm rùi mới thấy nó,Enjoyment
chắc gái xấu :p,Other
"nếu chấp hành nghiêm chỉnh luật giao thông ai phạt mình được nhỉ . cũng giống như đi học không thuộc bài giáo viên cho 0 ₫ là phải rồi . tất cả là do ý thức con người , đừng đỗ lỗi cho ai . 😑😑",Disgust
mình trả phòng là chăn ga gấp gọn gàng . đồ đạc hẳn hoi trả người ta . dù sao mình cũng như người ta bẩn dọn mãi không sạch ai chẳng điên,Enjoyment
quan trọng phải là thần thái,Other
giọng lại còn ấm nữa chứ ♥️,Enjoyment
ích kỷ . cứ đường trước cửa là của nhà mình ah mà ra đuổi người ta,Disgust
thằng kia lắm lông quá nha :)),Disgust
per anh ơi mua đập 1 phát vào mặt tụi chê mình đi anh,Anger
gần nhà tao lại chẳng còn sót lại anh nào huhu,Sadness
khi tắt đi mới thấy ngạt thở .,Fear
ra sông mò đồng xu cùng ông anh hàng xóm được khoản kếch xù :))),Enjoyment
tưởng khoe người yêu,Disgust
quán tao vỡ sụp xuống hơn mưa,Other
bộ phim đầu tiên làm tao khóc thành tiếng,Sadness
"hồi xưa vào trông nhà cho ông bà , thuê đĩa võ thuật này xem cho mạnh mé đỡ sợ mà thuê ngay đĩa này . ám ảnh quả nhạc tao tao téo vãi",Fear
ừ thì là chuyện cổ tích . cháu đang đi đường thẳng gặp mấy chú thì phải rẽ ngang . 😢😢,Sadness
heo vàng cái lol . toàn bịp nhau . má nó gắp heo vàng 20 lần trúng mà nó toàn được tặng 6sms miễn phí rồi thì thêm 1 lượt gắp,Anger
quả cr7 mà kill đéo gì nhỉ,Disgust
cay cái ông chụp ảnh chụp góc nào cho ông ý bớt khổ đi được không,Disgust
nhà nào nuôi nó mà ác thế,Anger
mỗi lần quyết tâm bỏ mà lại thấy cười . đm đời,Sadness
con này tuổi gì với con nhái với con thằn lằn :))) per,Disgust
wtf nắng rồi mà @@,Surprise
cái tội sờ mông người ta ??,Disgust
nhưng nó sẽ to và rộng ra :(,Sadness
tao đéo thấy nó hay trỗ lào mà bọn nó cuồng vãi,Disgust
ny tao đbh dỗi . chọc kiểu gì cũng không dỗi . đáng yêu vãi 😂,Enjoyment
không phải thích của cải mà là thích ý chí của họ . đàn ông có chí tiến thủ bao giờ cũng quyến rũ,Enjoyment
ước mơ là không cần học cũng giỏi,Other
""" học từ bỏ những thứ trời không cho "" nói thì dễ nhưng nhiều lúc quyết tâm lắm vẫn không làm được .. 😢😢😢",Sadness
"quê tao mà , tao nhìn 1 cái là biết ngay",Other
từ lúc đấy tao không ăn được các loại thịt ngan - ngỗng - vịt lun 😞 ám ảnh vãi,Fear
per ai củng đi mà đem về như tao thì không cần phải có công nhân vệ sinh rồi,Other
gớm quá . nhớ lại lúc còn đạp xe đi học cán qua mấy lũ nay kêu bốp bốp rợn hêt cả da gà da vịt 🤢🤢🤢🤢,Disgust
cũng muốn vứt giày cũ nhưng lại không có tiền mua giày mới . đành chấp nhận đau chân vậy,Sadness
"mong là bố mẹ mình không đọc được tin này , sợ vãi",Fear
sợ vãi,Fear
đi cho vui chứ chả mua sắm gì :)))) người every where,Enjoyment
"thà biết rồi đau 1 lần cho tởn rồi thôi , chứ đừng để nỗi đau cứ day dẳn giằng xé mãi cả đời ☻",Sadness
còn không ngồi xuống dọn phụ em nó mà ngồi bấm điện thoại,Anger
"t nghe nói : đi tập gym sẽ có người yêu ...! awwww . điều đó không sai , điều đó là có thật 😂😂😂",Enjoyment
"per 2 con hay cap màn hình nhất thế giới , nói chuyện với nhau toàn cười ỉ 🙄🙄🙄",Enjoyment
thực tế thì con gái sẽ gục ngã trước một người đàn ô hài hước hơn là điển trai,Other
gáy sớm để làm gì cơ chứ haizz,Sadness
vậy bỏ tiền mua cái máy tính đó để chi ta ???,Surprise
đẻ sao mà cu con đẹp quá vậy trời 😍,Enjoyment
có bao giờ con sóng không xô vào bờ đâu em ....,Other
húp trọn sàn nhà 😁😁😁,Enjoyment
nguy hiểm lắm,Fear
nhanh ghê mới đó đã 9 năm rồi 😢,Sadness
thế mà cô yến bị phạt có 5 triệu :v,Disgust
đó là động lực chứ không phải để đem ra so sánh ..,Other
"hòi nhỏ nhà ngoại bị rượt muốn chết , sợ tới giờ 😭😭",Fear
à thì ra là như v =)))),Enjoyment
"muốn hun , muốn ngắt , muốn nhéo , muốn tán vào cái mặt nó ghê , yêu vãi ??????",Enjoyment
con mèo đúng là cái đồ đáng ghét,Disgust
giờ tao mới nhớ tao đã từng :)),Enjoyment
per chị rep khách hàng thế ấy hả 😞 bị bóc phốt rồi,Sadness
tao mà nhậu xong đi cái đường này xác định,Other
cũng tên quỳnh nhưng 2 số phận thật khác nhau 😢( chỉ mong được 1 góc nhỏ xiu xíu của b ),Sadness
quan trọng là họ quảng cáo nói có đúng không . hay là được ít năm hỏng thì mệt,Other
cũng may tao là một con đàn ông :)),Enjoyment
các anh chị hãy nói với em đó chỉ là diễn xuất mà thôi . và tình yêu như vậy chỉ có trong tiểu thuyết mà thôi .,Enjoyment
đó là đối với mấy đứa hay ảo tưởng mới nghĩ vậy thôi,Disgust
"khi theo đuổi sự ưu tú , sự thành công sẽ theo đuổi bạn",Other
vài chục năm trôi qua mà vẫn chưa đủ tiền mua cái xe máy à,Surprise
cái gì cũng có 2 mặt của nó . làm việc phải nghe bằng 2 tai,Other
vại mà có nhiều người quan niệm quá sai lầm về việc có bạn là con trai .,Other
làm sao bằng chạy xe ôm với bán chổi được ..... nên đừng nói chuyện đến lương .,Other
"như đi hiến máu chẳng hạn :3 , suýt thì được gặp :(",Sadness
per lại nhặng lên à . cảm thấy trong sạch thì cần gì nhặng lên thế,Disgust
vui chơi không an toàn gì cả,Disgust
rất ghét phim ấn nhưng phải nói phim này hay 👍,Enjoyment
haiz nuôi được nuôi không thì thôi chứ nuôi mà để v coi được haizz,Sadness
nó quan tâm mày vì nó muốn mua chuộc mày để tán con bạn thân của mày,Disgust
per eo ôi làm nhớ hồi nhỏ đi học mẫu giáo quá :))),Sadness
per :v tại nhiều nơi đổ về nên đông lại càng đông . biết lối tắt thì còn đỡ chứ không thì mệt lắm,Other
per sợ ghê bây .,Fear
đây chính là lý do tao giảm cân toàn thất bại,Sadness
tao đi quài vẫn chưa gặp nhỉ 🙃,Other
rốt cuộc thằng bé này ở đâu xuất hiện mà có ảnh chế nhiều vậy,Disgust
đáng yêu quá mức,Enjoyment
cô ngu như lợn 😒😒😒,Disgust
rốt cục mạnh quá nên nghĩ võ cũng chỉ tăng thêm độ ngầu thôi :))) chủ yếu đối với sai chỉ là một pha sử lý cồng kền :)),Disgust
chỉ 1 vãi nhỏ th mà niềm vui quá lớn < 3 ^^,Enjoyment
cũng may là hết thời đi học rồi .. không lại từ “ con nhà người ta ” nó lại được nhắc liên tục trog bữa ăn hàng ngày 😅,Enjoyment
"chứ sao nữa , làm gì có chuyện người ta đỗ đúng mà lại gây tắc đường . chỉ có những người mắt hay bị ngứa cho rằng sẽ gây tắc đường thôi ạ",Disgust
còn các bạn đặt bánh của mình toàn gửi cho người yêu . chắc câu chuyện này còn buồn hơn :((,Sadness
tin vui cho bà con nông dân chuân bi vào ngày gặt lúa sắp tới,Enjoyment
em hết ngáo rồi nha =))),Enjoyment
"mình sợ nhất đến bữa ăn mà bố mình vác cái thớt vào mâm cơm , bố mình biết mình sợ vậy nên mọi chiện giải quyết sau khi ăn cơm xong ,",Sadness
khuôn mặt đáng thương,Sadness
"cái loại lười lao động , vì những người hay lao động tay chân thì họ không bao giờ nuôi được móng tay cả ...",Disgust
per mày có bao giờ đi à :> tao cũng đéo,Other
chụp rồi có mua giúp ông không ?,Other
cái gì nó cũng phải thực tế,Other
đang trong lớp mà ứa nước mắt,Sadness
"lái tàu quá kém không dừng khẩn cấp . để va chạm thế mà vẫn cố tình chạy , khổ thân chiếc xe ôtô",Disgust
kha ́ thông minh :)))),Enjoyment
nó mà có con khác rồi giận lại nó cho cút luôn lại bảo sao ngu :)),Disgust
a cứ đưa hết lương đây cho em :))) em sẽ cho anh tiền rửa bát,Enjoyment
"ám ảnh vãi :)) hồi bé tao với chị tao trên đường đi học về thấy có mấy con ngỗng , thấy hay ra nhìn thử dume xong nó dí tao với chị tao về gần nhà :)))",Fear
cắt tóc đi còn đen hơn,Other
chụy hiền quá mòa ... sao chọc chị điên vậy ... đụ má tụi bây ..,Anger
"mẹ chưa hnao đi làm về sợ vãi như hôm nay 😑 chớp cứ nhằng nhằng 2 bên đường với trước mặt , kinh vãi",Disgust
"thân hình của con người , nhưng đầu óc là con cặc , nên đéo biết nói gì thành phần này",Disgust
"nghe được đó , ảnh hưởng tới môi trường là phải cấm",Other
không lau sạch về bà chủ mắng thì sao . nhiều người họ kinh lắm . trước mẹ minh đi làm cho nhà 5 tầng . họ chỉ ở 3 tầng còn 2 tầng bỏ không . mà ngày nào cũng phải lau hết,Sadness
cô ấy bảo : đời như lol 🙂,Disgust
cảm ơn mày đã khai phá cho tao thêm một nét văn hoá đẹp :)),Enjoyment
best gái ngành hôm nay đắt hàng,Enjoyment
đã gặp được em đúng lúc . nhưng lại không phải thời điểm em muốn ....,Sadness
thằng khốn nạn,Anger
cám ơn mấy chế nhiều nhiều nhé 😗,Enjoyment
ăn ở như nào mà tới bị con ngáo nó lùa ? =))))),Disgust
"chúng nó xạo lol vậy thôi chứ lên đại học chúng nó dập nhau như gà , đấy là tao nghe bọn nó nói thế chứ có học đại học đéo đâu mà biết 😕",Disgust
per nhớ quá trời nhớ luôn nè,Other
per hãy cứ vững tâm tập điều độ rồi sẽ có thôi,Enjoyment
nửa đêm rồi đứng hò hét vậy mà không bị chửi là sao ta,Disgust
hỏng cả một thế hệ 😔,Disgust
1 nỗ lực lớn thay đổi valentine ... sang năm tao mắc võng .,Other
thôi chết haha ...,Enjoyment
per tìm ông bán xoài này ngay cho em 😂😂😂,Enjoyment
cưng quá,Enjoyment
em nó phượt theo gái cả đêm,Other
đéo liên quan nhưng đéo mày bữa nay tao đéo đi ỉa vì con củ lol này :),Anger
nhìn ghiền 😘,Enjoyment
đi đường ghét nhất bọn loi choi kiểu này . gặp ngay bác vô lăng cứng tỳ cho phát thế là nhớ đời thằng loi choi .,Disgust
"tuổi thơ tao gặp toàn trai bánh bều , mít ướt . toàn là tao galang , dỗ dành . ôi cái cuộc đời này per",Sadness
mấy thanh niên đi xong về có yêu nhau không nhỉ ?,Other
nhớ lần nấu cơm thần thánh này không ? per chỉ là mải nghịch nước thôi mà …,Enjoyment
mình sống không đủ tốt hay sao mà vẫn chưa gặp được anh người yêu tốt như này,Sadness
đúng là càng ngày càng chán . cứ theo luật mà làm thì chán cực kỳ luôn,Sadness
"5 năm thì có vẻ hơi sớm 🤣, tao chỉ ước sau này có người thích được phiêu du như gia đình người ta thôi 😌",Other
liệu có bền lâu,Other
tại vì anh trót nói lời thương em mà em không đáp lại,Sadness
thì đúng là sẽ không buồn vì thất tình nữa :((,Sadness
per ở quê ve sầu kêu chưa chúng mày,Other
một sinh vật xinh đẹp và hiền lành . tiếc cho nó quá,Sadness
đi học về thấy bán hoa đây đường mà cảm thấy tội cho bọn có gấu ... lại tốn tiền,Sadness
súc vật dume,Anger
per thử cảm giác mạnh,Other
chửi thì chửi . mà cái giọng của anh dọn phòng nghe trổi tai thật .,Anger
cụ bà đẹp lão quá cậu,Enjoyment
per có quẹo vào không em,Other
sao nó tìm được nhỉ 🤔,Surprise
"đúng mất vài giay để nói lời yêu thương , nhưng phải mất cả đời mới chứng minh được , cháu rất ngưỡng mộ ông bà !",Enjoyment
nó mà nhập viện thì xong đời tao . n 😂😂,Enjoyment
xem qua là biết diễn sâu rồi . bên ngoài chắc lao mẹ vào đánh nhau rồi chứ còn lâu mới rảnh háng chửi nthe,Disgust
cái cây gia công sản xuất kém chất lượng quá :)),Disgust
per chỉ một lần thôi 😂,Other
nhanh lẹ hiệu quả cao 😂😂,Enjoyment
đây là cảnh dọn dẹp trong bar hay trong hotel vậy ?,Other
per huhu nhất là mấy bài không cho chất thử á :(,Sadness
"trai xinh gái đẹp thời đó , nhìn cái xe là biết giáo dục có điều kiện rồi",Other
"mình nghĩ sẽ không bao giờ là một thương hiệu quốc gia , là khát vọng về cà phê vn nữa ...",Sadness
"1 cái mồm phải nhét vào não 40 đứa gần như thiểu năng cũng đủ chết rồi . nếu tôi là cô ấy , tôi tát cho không trượt phát nào",Anger
đến gần đoạn cuối tao tắt âm xong vào xem bình luận rồi mới tua xem lại để minvolum . iq + vô cực chuẩn mẹ rồi,Enjoyment
thanh niên này cục súc vãi,Disgust
thấy gớm,Disgust
dume cứ chê đi đến lúc bố dậy thì lại mất công trầm trồ !!!,Disgust
ăn cút mẹ mày ra chỗ khác ăn nhé .,Anger
sau khi đọc bài của mày tao cười nhiều quá và gãy mẹ hàm cái à,Enjoyment
nhìn hình chế là tao vui lắm :)),Enjoyment
cái mặt thấy ghét,Disgust
per bao giờ mày mới được nv nhỉ,Other
em xin lỗi anh,Sadness
"con này còn hại hơn cả ốc bươu vàng . cấm nhanh còn kịp , để nó ra ngoài thì chỉ có người nông dân thiệt thôi",Fear
thú vui đặc biệt vãi :v .,Enjoyment
tao biết là có ý tốt gởi thông điệp ý nghĩa nhưng nhìn cứ sợ sợ lại còn sấm chớp :<,Fear
t ghét cả họ nhà nó 🙂,Disgust
huhu nó bị điên à ?,Other
phải công nhận nước ngoài cái gì cũng to :),Other
sư phụ giả vờ ngã để thử lòng các đồ đệ và cái kết ngã sấp mặt luôn 😢,Sadness
một lũ óc không bằng chó .,Disgust
5 năm nữa tao phải đẻ được 3 đứa 😂😂😂,Enjoyment
per lật kèo luôn à ??,Surprise
thanh niên quá cứng,Other
lùn lùn làm sao sống qua nổi những chuyến đi phiêu lưu như vậy,Sadness
chân tao không đu ̉ da ̀ i đi ̉ đi con đươ ̀ người na ̀ y :((((,Sadness
có lúc ngồi một mình mà cảm thấy lạc lõng lắm các cậu ak,Sadness
phải cho mấy con sán lợn này vào đĩa rồi mời mấy ông bà đấy ăn xem mấy ông bà đấy thế nào .,Anger
mùa hè không nóng đây rồi,Enjoyment
lũ này chặt tay bọn nó cho khỏi trộm cắp 😠,Anger
bắt trước chuyện tềnh trong thang máy cơ mà cái này kết có hậu :),Other
vl ! người ngoài hành tinh biết nói tiếng anh ! bọn mày lú hết rồi à ? cái quần què gì cũng tin được !,Disgust
má nó thú dị thôi rồi 😂😂😂,Enjoyment
crush bị thịt hay không không quan trọng . t chỉ sợ vợ tao đang bị thg nào đó gạ địt thôi . nghĩ mà buồn,Sadness
mấy đứa bị bón thích cái này,Other
thằng lol nào trong miệng thế,Anger
per đau hơn chia tay người yêu nữa,Sadness
tôi đã đúng khi đọc bình luận thay vì đọc bài :),Enjoyment
hóng kỉ lục để lông mũi dài tới bụng :)),Other
đánh rơi liêm sỉ trong 1 nốt nhạc,Disgust
chuẩn ..! dm mang tiếng được trung ương mà toàn lũ ghen ăn tức ở_xểnh tí là hại nhau ngay ..! làm vất vả tiền chả thấy đâu ..!=)))))),Disgust
nước ngoài cái gì cũng to kể cả sinh vật,Surprise
ôi tao đã tìm được người cùng hành tinh ?,Surprise
câu nói quá chuẩn và ý nghĩa 👍,Enjoyment
cảm ơn đoi tình nguyện viên nhớ có các bạn mà người dân bớt vất vả hơn,Enjoyment
"từ cái thời mới bắt về bé tí . suốt ngày bị lũ gà mái bắt nạt run rẩy trong góc . mình thấy tội nghiệp nên săn sóc từng tí 1 , lại bảo kê cho nó khỏi lũ gà . thế mà dume lúc lớn lúc đéo nào cũng kêu như giết heo , đuổi đánh lũ gà chạy tán loạn , đè chết cả mấy con gà . đã thế thì thôi lúc vào cho nó ăn nó dí cho thì thôi rồi . vừa dí vừa mổ , hồi đấy nuôi ngỗng mơ cũg thấy ác mộng bị nó đuổi mổ . tóm lại vừa vô ơn vừa đéo dễ thương tí nào cả",Disgust
lụm điều cho ba má . 2 ngàn 1 ngày bỏ heo đất . thằng hàng xóm vô trộm mất . khóc lóc mấy ngày .,Sadness
cỡ nào anh cũng có thể chịu đựng được vì anh yêu em,Enjoyment
người ta kê bàn ghế ra chả nhẽ lại vẫn nằm đất để nhìn mông người khác ngồi :))) pha xử lý rất cao tayyy,Enjoyment
"những việc này , mang lên đây chả giải quyết được gì cả .",Sadness
đến ngày sinh nhật mà còn không nhớ thì còn nói gì nũa,Sadness
1967 mà cụ ông đẹp trai phong độ ăn mặc thời trang quá :)),Enjoyment
của thằng kia mà,Other
"chắc tại từ nhỏ tới lớn mình "" man "" quá nên không gặp được gã nào ga lăng dư này :(",Sadness
bảo thẳng luôn dân việt nam nghèo còn bày đặt . không biết quý đồ ăn là gì . nói thì lại tự ái quay ra đôi co .,Disgust
douma đứng trong nhà cũng không yên cái thân,Anger
hổng gặp cái buồn luôn ><,Sadness
thế nên bán hàng có tâm là đừng bao giờ nài nỉ khách mua thêm vì biết đâu bạn vô tình làm cho nỗi đau của họ trở nên tồi tệ hơn .,Sadness
tao nhớ không nhầm hôm nay nó đến tháng vậy là sẽ không bị đâu nhỉ,Enjoyment
năm đó mà có được chiếc xe kia thì cũng không phải dạng vừa rồi 👍,Other
"per em ơi , tính ra nhớ đợt mình đi dạo trên cầu per mấy ông đó vứt xuống sông ít ra còn có não hơn mấy đứa vụ này",Disgust
nhìn hói mà thấy thương gê ??,Sadness
ngta lở ăn vụn tha đi lúc đầu thấy êm re tội quá chừng lúc sau tức nước vở bờ 😂😂😂,Other
per nhất định chị em mê tín mình p đi xem phim này rồi,Enjoyment
đoạn phim này tốn khá nhiều nước mắt của người xem,Sadness
t tưởng móc được mớ vụn ra là hết rồi . ai ngờ còn 2 cục đựu má chà bá,Surprise
liệu nó có bay nổi hay không ?.,Other
mẹ mày đã đánh mày tan xác chưa . phải tao thì mẹ tao cho nhừ tử luôn rồi ??,Anger
t mong nó té quá chời :v,Enjoyment
dẫu hiên ngang giữa đất trời . gặp con vợ đểu thì đời cũng xong,Disgust
thành phố không nói chứ chỉ 9x trở về mới biết nấu thoii,Other
khi bạn bất cần vãi đời ... làm việc xấu mà cảm thấy thanh thản vãi 😁,Enjoyment
tao kìm nén lâu qá rồi mà 😌😌 tức nước vỡ bờ thôi,Sadness
"tự nhiên nhớ đến hồi bé , đi kiểu nào cũng bị ngỗng rượt chạy té sấp mặt luôn , nhiều khi nghĩ sợ nó dí hơn sợ mẹ đánh",Fear
mày cút,Anger
phim này rất hay .,Enjoyment
đang chán đời cắt tóc xong là chán cái mặt hơn chán đời luôn :((,Sadness
may quá tao không xài huawei kkk,Enjoyment
ông này có võ thiệt 😁😁,Surprise
"yeahh ! tao giờ đã là khách quen quán trà sữa đó rồi , về nhà cũng phải ráng tạt qua",Enjoyment
ai mà chả sợ rắn chơi ngu như chó vợ nhỉ per,Disgust
sớm chút nữa có lẽ đã khác rồi đúng không ?,Other
đúng là nhân tài luôn ở khắp mọi nơi kkkk,Enjoyment
bà của tôi đã không còn khi tôi còn chưa biết gg là gì,Sadness
"công trình 850 năm tuổi , xây dựng 100 năm mới hoàn thành chỉ còn là đống cháy sắt vụn .",Sadness
tao thấy có 1 thằng dân trí thấp trong đám bình luận này rồi đấy,Disgust
bỏ thế lồn nào được :(,Sadness
đây là đồ của per ??? hỏi nua không,Other
per trông em bé yêu vãi :)),Enjoyment
khó có thể giải thích,Other
dù có nói thích mày thì cũng đừng có tin .. xã hội giờ nguy hiểm lắm,Fear
chắc sổ đỏ có cả vỉa hè và đường :)),Other
ơ . t chỉ quan tâm sao mày lại mặc quần màu hường hình cô gái thôi ??,Other
sang năm nữa vác giường ra mà nhìn,Other
câu chuyện lấy đi nước mắt của tao,Sadness
"ko ngon thế đâu , không khéo nó lại ỉa cứt toe toét vào mặt í :)))",Disgust
"chờ mãi mà không thấy , cứ thấy trống vắng vãi :((",Sadness
t thấy nó cười hoài mà không bao giờ nó cười với tao cả :((,Sadness
"per tôn lợp nhà mà đẹo zai thế đấy , lại toàn 6 múi nữa chứ ...",Enjoyment
"thời thanh xuân tôi từng yêu quý nét hiền thục của chị hiền mai . và đúng như cái tên hiền mai của chị , tên và tâm tính đều đẹp , hiếu thảo khó ai bằng . em xin chúc bác có thêm nhiều sức khoẻ để chị có được nhg tháng ngày hạnh phúc , ấm áp bên mẹ ạ .",Enjoyment
cái này gọi là ấu trĩ phải không,Disgust
phải tao tao vứt luôn xe ??,Sadness
tưởng mai đi họp phụ huynh mới bị u ám . ai ngờ hôm nay mới biết điểm anh 9 . 5 thôi đã u ám rồi :),Sadness
ui đáng yêu gheê,Enjoyment
sắp được cống hiến cho tổ quốc rồi . vui quá ...,Enjoyment
"cạn lời , mình ngủ để khỏi nhìn 😊😊😊",Disgust
loài dê phải gọi ông này bằng cụ,Other
cho em hỏi phim ra tập mới vào những hôm nào ạ,Other
đkm mấy thằng mặt cặc ! gặp bà thì bà lại đá cho thọt con mẹ nó dái lên cổ xem chúng mày có cười mà khoe chiến tích được không . đm lũ chó chết không riềng 😡😡,Anger
nghe tên vietcombank là bao nhiêu quá khứ bực mình ùa về,Anger
mạnh vỗ tay 👏,Enjoyment
thu thập mọi thông tin về đối tượng .. luôn đặt trái tim vào trạng thái .. chiến đấu 😖,Other
2 thế kỷ mới xây được vậy mà chỉ trong 63 phút tiêu tan hết :(,Sadness
đọc xong tao muốn khóc luôn,Sadness
thương vlll,Enjoyment
"xốp dọn không sạch nổi , quản lý người ta lại nói nv làm vệ sinh bẩn không kĩ lưỡng này nọ rồi lại trừ tác phong , các bạn ý thức chút",Disgust
não bọn này nhiều nếp nhăn đấy,Surprise
tăng sáng lên nhìn cho rõ mặt chứ,Other
"gặp chị này ngoài đời rồi , giọng nhẹ mà hiền lắm nuôn ❤",Enjoyment
"vailon :)) học sinh cơ , dume nó",Disgust
nta vẩy tay mấy cái cũng ra tranh còn tao thì 😪,Sadness
cẩn thận các góc cửa,Other
bình luận gì ông này diễn trò ngày nào đi qua khoảng hơn bốn giờ chiều là gặp,Disgust
"tại như vầy nên bố tao không cho đi cùng . cụ bảo có năm còn lăn cả xuống ruộng , trèo lên mái nhà của người ta để đi ??",Fear
:))) mặt ngáo vậy mà còn lạ lẫm gì,Other
lừa đảo số tiền lớn như vậy thì khởi tối cả lũ chúng nó chứ,Anger
nhưng tối qua nhà tao có mưa đâu,Other
tới lúc chia tay rồi khóc :(,Sadness
chọn thằng nào có tương lai hơn . tức có bố mẹ giàu hơn,Other
dm ông cầm cam cho cẩn thận vào tôi cũng muốn ngã mẹ nó rồi này,Fear
tuổi trẻ tài cao =))),Enjoyment
per giờ thằng gù nhà thờ chạy đi đâu đây :(,Sadness
nồi cơm điện chứ gì .,Other
những người em thích đều đi nơi đâu rồi còn con ml bên cạnh song hành,Sadness
cái này giả thui nhé . 1 tài liệu mật của nasa mà cái kênh cùi này có được à 😂,Disgust
ghét nhất kiểu tôi quen ông này quen bà kia . nhìu cha có cái nón bảo hiểm không đòi được bị bắt cái gọi điện thoại nhờ người quen . có bạn kiểu đó phiền quá,Disgust
giết chết lũ khốn và cái ô che cho chúng .,Anger
"công ăn việc làm còn chưa ổn định , bố mẹ già còn chưa lo được thì kết hôn để làm gì 😪",Sadness
nên cho người xử sai ngồi tù như người ta xem sao ....,Anger
tận cùng của tan vỡ,Sadness
người yêu có thể có nhiều nhưng mạng sống chỉ có 1 chế nhể ?,Other
"nhà tao bên cạnh phòng tập gym , lúc trước bán dụng cụ thể thao ế vãi ra , nợ nần chồng chất ! từ ngày chuyển sang làm đại lý dầu ăn , gia đình tao phất lên trông thấy !😂😂",Enjoyment
per đúng rồi mình đây =)),Enjoyment
sao đúng bài mày kết vậy 🙁🙁🙁,Other
tình yêu con nít cọ đít vào nhau ....,Disgust
thế thì bắt con phụ nữ chứ bắt gì thằng đâm . con đấy mới là nguồn của vụ án,Anger
tao còn độc thân này :((,Sadness
ngộ không phiên bản lỗi 😆😆,Disgust
per mới bắt đầu tuần thánh mà chúa ơii,Sadness
buồn vương mi !!!,Sadness
đăng khoa lê lò dầu của mẹ nè anh 😘😘😘,Enjoyment
đm chưa thấy thằng nào ngu như thằng này :))) bị ngáo cần :)),Disgust
nát xe lại còn phải đền cho cánh cửa toa tàu nữa . dốt thì chết,Disgust
không biết crush có thích uống nước mắm không để còn tặng nàng chai nam ngư 900ml :)),Enjoyment
"văn minh quá , đường trong sổ đỏ người ta mà !",Disgust
lại nhuộm vàng súng ống rồi,Other
xuống đi nó không cắn đâu,Other
gia đình có nhưng tình yêu không thì sao,Sadness
chúng mày giờ mới biết điều này ah ? =)))),Surprise
t cũn gặp 1 ca như vậy mà chúng nó còn chơi chét bánh kem cơ . bước vào nhìn cái phòng mà muốn quăng chổi vào mặt tụi nó,Anger
"tí tuổi đã hói , chắc kiếp trước ăn ở không ra gì đây",Disgust
thì con đỉ mẹ mày ghi nhanh vào .,Anger
"miễn sao có tiền ăn bánh trung thu , mua lồng đèn , đi du lịch =))))",Enjoyment
vẫn ế bền vững,Sadness
per hẳn là hôm đi chợ bông chắc sẽ có nhìu đứa gét . 🤣🤣🤣,Disgust
thích thật,Enjoyment
xong bỗng nhiên một ngày mất hút không để lại 1 hạt bụi,Sadness
tê tê phê phê sung sướng vãi 😌,Enjoyment
bạn này sau này sẽ khó bước qua cái bóng của vai diễn này 🙂,Other
"bác nói v thì tôi cũng xin thua , có tranh luận cũng không như không",Other
lại được làm thêm quả nhà nữa . ngon,Enjoyment
tuổi thơ tao dùng n để nướng thằn lằn 😂😂,Enjoyment
lead mới vô nghề còn non thì tuổi lol gì chống lại lead lâu năm,Disgust
sợ nhất con quỷ này trên đời,Fear
con cái nhà ai mà bố mẹ chăm cho đẫy đà ngon ngọt thế,Other
per nè chị,Other
đang bo cuối mà lạ có vị trí đẹp thì đúng là tuyệt vời :))),Enjoyment
cái này là cái gì thế .,Other
loz chúng nó là 1 đội . chứ dám chêu người lạ . dm bố mày sút không trượt phát lào,Anger
"đã từng nhưng 10 năm về trước cơ , buồn ghê",Sadness
chỉ có trong truyền thuyết . mà khái niệm truyền thuyết trong ngữ văn lớp 6 là không có thật,Other
nói mẹ ngoài đời,Anger
ở đâu cũng có người tốt nè anh kkkk,Enjoyment
buồn cho 1 đất nước .,Sadness
nghĩ mà buồn vãi =)),Sadness
hello đồng nghiệp ;)))) không biết nghiệp gì thôi haha,Enjoyment
"tuyệt với , ước mơ hồi nhỏ của tôi đã được cậu bé này thực hiện",Enjoyment
sao mà mặt boss có thể gian đến thế nhỉ,Surprise
giận con mẹ mày nữa chứ giận :),Anger
âu kề ... anh per đã béo từ khi lấy vợ và giống như tất cả các chàng troai khác :))),Other
chơi ngu lỡ người ta té chấn thương đập đầu rồi ai nuôi 😐😐😐 ở vn nó xúm lại đánh hội đồng ôm đầu mà khóc 😅😅😅,Other
kinh dị,Disgust
"cũng được nhưng cuối video nhai nhỏ tiếng hơn thì tốt . :""(",Disgust
"kết nó ở cái câu "" đất nước gia lai là một đất nước giàu tài nguyên , có anh per ""😑",Enjoyment
per tao không gửi cho mọi người . tao chỉ đăng lên facebook cho thiên hạ biết thôi :))),Enjoyment
thành công là cách trả thù xã hội ngọt ngào nhất . đừng vì họ nói mà yếu lòng,Other
bởi nói để trung nguyên cho bà thảo thì chắc chắn 100 % với cái bộ óc sáng tạo cùng với sự lãnh đạo tài giỏi và lòng tham hơn người và trí tuệ ngắn hạn sẽ dẫn dắt trung nguyên xuống con mẹ nó giếng luôn .,Disgust
mày khá là may mắn khi không học tiếng huế đấy =)),Enjoyment
per đi làm công tình yêu cẩn thận ăn uống nhé,Other
có những người đi qua đời bao nhiêu như 1 cơn gió vậy . vô tình nhìn lại . nó lại là quá khứ ...!,Sadness
"ngày cuối cùng còn ở lại , bản thân không có bất cứ một cảm xúc gì , trong lòng chỉ độc một mảnh phẳng lặng .",Sadness
🙄🙄🙄🙄 tao cũng thích kiểu kể chuyện trước khi đi ngủ . cho đến khi tao ngủ luôn . mà đéo có ai hết . buồn đời,Sadness
lúc tối mày cũng nằm mơ nèo nhà mày về . ước gì nó là sự thật 😢,Sadness
nó lại hợp lí vãi :v,Enjoyment
nuôi kiểu gì mà lắm ve thế kia ?,Disgust
"per bởi , đéo dám tán ai hay tỏ tình",Fear
coi rồi vẫn muốn coi lại 😚😘,Other
sao chưa thấy ai tới cứu nhỉ . lỡ xảy ra gì mất điện toàn tỉnh sao .,Other
bình phước vẫn là cây chủ lực .,Other
má hồi xưa về ngoại chơi đi đường bị nguyên đàn yêu nghiệt này dí chạy té đái giờ vẫn sợ bọn nó 😨😨😨,Fear
nhớ gia đình nhỏ nhiều lắm … mà không được về thăm,Sadness
"có bài hát "" cuộc đời vẫn đẹp sao , tình yêu vẫn đẹp sao """,Enjoyment
per ghét cái kiểu rõ ràng là chuyện của riêng 2 người vậy mà …,Disgust
nhưng kp cười với mày đâu :) ảo tưởng vãi,Sadness
một câu chuyện bi đát :((,Sadness
sao ý thức kém thế bao nhiêu tâm sức của bao người mà bỏ phí như thế,Disgust
còn gì hơn lòng dạ đàn bà ... cũng may tao là một con đàn ông :)),Enjoyment
ngu thì chịu,Disgust
tao cũng ho trật mẹ khớp vai mà đéo phải 1 lần đầu nhé,Sadness
chỉ cần sống thật với cảm xúc .. với chính con người bạn là hạnh phúc nhất,Enjoyment
tao giận bạn trai tao và 5 ngày rồi nó đéo dỗ tao luôn hix,Sadness
mày lấy sỏi xếp thành tên dume khôn như tao này .,Enjoyment
chuyện tình huyền thoại của per với per :(,Sadness
per nghe rồi ngủ đi em,Other
may là tao dán kính cường lực,Enjoyment
"khiếu nại cái gì khi cả bọn nó bao che cho nhau làm lớn thì sợ ảnh hưởng tới bộ giáo dục cho lên chúng sẽ ?,",Anger
buồn cười vãi ý,Enjoyment
per thế thì nhà nào bầy hàng họ ra vỉa hè thì mình được đuổi đúng không cụ =))),Other
đm thế giới này toàn nói thật thì công nhận nhạt nhẽo vãi,Disgust
ngày bé tao bị nó dí thế là tao cho nó 1 gậy 🙂 hôm đó tao được ăn thịt ngỗng,Enjoyment
"mất đi một di sản , chứng tích của lịch sử 😓",Sadness
ác quá trời ơi,Disgust
thời xưa yêu nhau đến chết vẫn yêu ... thời nay yêu không biết chết lúc nào 🤣 cuộc sống nay đáng sợ lắm 🤪,Fear
thất vọng và áp lực tích tụ hằng ngày với tao,Sadness
cầu mưa ... mà sao không mưa nhỉ,Other
bẩn tính vãi nồi,Disgust
a ấy nói đúng vầy vừa nta dọn cũng khổ nta chứ . phục vụ xog lại phải dọn nữa,Other
per mày cũng cắt tóc giống thế đi cho đẹp =)))),Enjoyment
ý tưởng hay,Enjoyment
"lúc cụ bà cầm bông như cô gái 18 lần đầu mới yêuc vậy bà ngạc nhiên và hạnh phúc nhìn sâu lắng , video ngắn nhưng cho người xem si nghỉ mải",Enjoyment
per ồ ồ chân chính chạnh lòng rồi 😂,Enjoyment
nói thật chẳng hiểu thế hệ bây giờ nghĩ gì . động tý vào là kêu này nọ . ở nhà ở trường có vấn đề kêu um lên chứ sau này ra ngoài xã hội mà ngu thì nó vả không trượt phát nào chứ ở đó mà kêu . tiên trách kỷ hậu trách nhân,Disgust
nhiều lúc lắm câu hỏi ngớ ngẩn thật,Disgust
phạt 5tr thì phạt làm gì ? khác nào tiếp tay truyền bá mê tín dị đoan 😌,Disgust
con nhà hư hỏng . bỏ cả nhà đi theo zai . bị nó rũ bỏ vì chửa mới mò về . giờ bắt ai gánh nuôi con . con với cái hư quá thể .,Disgust
ảnh này tao thấy mày đăng mấy lần rồi đó admin,Surprise
"làm ở đâu không quan trọng , quan trọng là chị em mình mỗi ngày gặp nhau 9 tiếng cùng làm cùng ăn cùng ngủ chị ngoc thu hen",Enjoyment
ước gì có ai để tao tag vào .,Sadness
"per hồi nhỏ bị ngỗng dí riết ám ảnh , giờ mà bị dí chắc cầm cổ quay thấy moẹ nó luôn hehe",Enjoyment
"vậy đấy , thế nên con gái mới toàn bị lừa =)))",Other
tao hiểu mà,Other
nhiều khi nghĩ mình không phải con gái mà là 1 thằng đàn ông chính hiệu kkkk ....,Enjoyment
chú lên thay được rồi đấy,Other
"như mình mà trèo lên là bị phóng điện luôn bạn nhỉ , mình cũng không hiểu được sao bọn nó không bị",Surprise
chỉ là muốn thôi . chứ chờ đợi không biết thời điểm nào thì cái sự mong muốn đó mới tới,Other
biết giả vẫn phải tạo,Disgust
chúng tôi xin lỗi và rút kinh nghiệm,Other
chỉ là muốn cạnh mà chỉ có 2 người . nói đủ chuyện trên đời dưới biển rồi đi vào giấc ngủ ngon . vậy thoii,Enjoyment
bộ phim anime đầu tiên mình xem thấy bác hói được buff sức mạnh kinh vkl =))),Surprise
ấy thế mà đã 6 năm rồi . bây giờ còn không nhớ được những đứa nào đã học cùng mình nữa rồi 😪,Sadness
chả bù cho tao thời hoc mẫu giáo thằng nào lộn xộn không vào mắt là tao cho ăn đấm luôn,Disgust
tao là thằng chưa bao giờ giận người yêu vì người yêu tao không bao giờ làm gì có lỗi hết,Enjoyment
thôi có gì đâu mà cãi,Other
phí cái lol mày á,Anger
như ốc bươu vàng thì là thảm họa rồi,Disgust
cha mẹ là món quà vô giá mà ơn trên ban cho chúng ta . không gì có thể so sánh thay thế được . và cũng chỉ có một mà thôi ...,Enjoyment
loài người thật đáng sợ,Disgust
hicc thương em,Sadness
khá tàn nhẫn,Disgust
êu khiếp chứ thế này chết cả gái lẫn zai thôi,Other
làm đéo gì có ai nói chuyện thân thiết với tao đâu mà,Sadness
nhện này trong nhà tao chắc tao bỏ nhà đi mất 😱🤯,Fear
"chuyện ăn ốc đổ võ cũng đưa vô văn học =.=""",Disgust
nó cắn bạo hơn chứ ở đó xạo xạo,Disgust
chắc hẳn trước kia em bị đối xử tồi tệ lắm nên mới vậy :(,Sadness
tiếng guitar thật tuyệt,Enjoyment
có mấy con đi quán biết là bọn mày bỏ tiền ra thật đó nhưng làm người thì có văn hóa với ạ ... đcm xả rác đổ tùm lum rồi xé giấy ... nói chung là bọn nó đi cái chỗ đó như kiểu ở ngành luôn ấy ... tưởng bỏ tiền ra là làm cha làm mẹ người ta z đó .... mặt đẹp mà tính ở dơ,Disgust
đm thằng nào đổi gậy như ý của tao rồi,Anger
trách ai bây giờ đây huhu,Sadness
chuẩn không cần chỉnh,Enjoyment
cực phẩm luôn kìa,Enjoyment
per trailer không có tiếng thôi mà đã thấy ghê rồi đó !,Fear
nguy hiểm đến với bao nhiêu bất cứ lúc nào,Fear
cái ngành tài chính của mình có chỗ dụng võ tốt rồi đây :)))),Enjoyment
"mình đang thất tình đéo hiểu sao đi cafe còn toàn tận cùng nỗi nhớ , chạm đáy nỗi đau , đừng như thói quen ... dume :)",Sadness
chợt nhận ra mình yếu đuối như một đứa con gái vậy 😢,Sadness
sao nó mới vậy,Surprise
"youtuber nhà người ta đấy , làm cho mọi người cười sảng khoái . còn vn thì toàn món ăn không lồ , rồi mấy cái khác người",Disgust
điểm thì có hết rồi cần gì quan tâm đề thi nữa,Other
"hết thuốc à mấy thằng quằn què , gặp tao thiến cmnl",Anger
"chăn lắm lông , bắp tay thì to ôi tuổi thơ của taoooo :33333",Disgust
không nên tin bất cứ 1 người nào cả,Other
ngửi mùi hoa sữa xong chia tay :),Other
ngồi nhiều quá nhìn họ đau mắt,Sadness
đéo nổi . ngày lol nào đi làm về đã mệt rồi . gặp bà nội ở nhà giận với chả hờn còn hơn khách hàng nữa . đụ mẹ mệt mỏi vcllll,Anger
thấy cờ rút trên tờ polime là tim rụng rời liền,Enjoyment
hôm qua tao cũng xem chục lần :))) bài đếch gì hay vãi :)))))),Enjoyment
những trường như thế cho giải tán . cấm tuyển dụng luôn .,Anger
per xem cái này đi tao coi phần 1 rồi này phần 2 tiếp nè,Other
đội cái mũ vào chết đéo ai . không có mũ xong đập đầu xuống đất chết không chết cho lại sống cuộc đời nửa ngáo,Disgust
"thớt này chụp kém vãi , 1 khung cảnh mà chụp tận 3 bức , 3 in 1",Disgust
điều hối tiếc nhất cấp 3 là chưa kí lên áo của nhau 😢,Sadness
buồn thật ấy,Sadness
lũ người nhu nhược :),Disgust
thông minh 😂,Enjoyment
"kệ mẹ tao , tao thích nuôi chó thôi okeeee nó đéo bao giờ kêu tao bướng",Anger
bên trung về mảng tuyên truyền đỉnh ghê luôn á,Surprise
e thắc mắc là cố gắng 1 năm mà rủi ro khách hàng hay bên nhà sx dây không cảm động là ăn cám ạ 😌,Sadness
có gì đó sai sai ??,Surprise
em nghĩ chị em mình cần tìm hiểu quen biết nhau ạ ^^,Other
dume đọc bình luận bực giùm chủ thớt :))),Anger
gắp đúng lúc nhưng hình như đúng lúc người ta không muốn y ai ???? đó là 1 câu chuyện buồn,Sadness
t thề với mày là tối thấy cái này chắc đái con mẹ nó ra quần,Fear
đợi em đủ tuổi anh chờ được không ?,Other
đừng cứ đổ thừa cho ngành đường sất khi có quá nhiều anh não bé .,Disgust
chúng ta nên làm như vậy từ lâu mới phải,Enjoyment
đéo hiểu sao có đứa nghĩ là cứ chơi với nhiều trai là bị sờ soạn kiến thức hạn hẹp vãi cậu ạ,Anger
per muốn coi cái khúc vẩy xong rồi dừng lại làm sao ấy . kkkkk,Enjoyment
mua con lợn 50k được lì xì 40k . ok em ổn,Sadness
"mấy bạn nào có ý định tổ chức sn nv thì tém tém lại síu đi , nếu thích tổ chức sn kiểu nv ở đâu cũng vậy khi ra về làm ơn bo cho nv dọn phòng đó 200 300k gì đó cho có tình người síu nha 😂",Disgust
per coi phim này chắc chết luôn trong rạp,Fear
"nó quan tâm mày thì mày đừng vội mừng là nó thích mày , nó chơi chán rồi nó bỏ thôi .",Disgust
dân chơi nhìn cái biết ngay 🤣🤣,Enjoyment
phá làng phá xóm,Disgust
t nhận ra mình đã sai,Sadness
30s mặc niệm bắt đầu ...,Sadness
mặc váy kìa . thời trang ? hiện đại quá,Surprise
con thương ông quá,Sadness
nhìn mặt con chó tội vãi,Sadness
tu mà không dám cao đầu mà sau gọi là tu còn dám súc phạm vong linh người khác bà này là súc vật,Disgust
biết ngay anh per lại mượn đầm của vợ :)))),Enjoyment
đắt hơn sân bay luôn,Surprise
cmm lộ hết thông tin của người ta,Disgust
đã nguy hiểm vậy sao không hủy mà bán 0 . 0,Fear
bán không thu thuế luôn à,Surprise
t chỉ thấy tình yêu của tao nó tan vỡ thôi,Sadness
per :)))) buồn cười vãi,Enjoyment
thế 1 đứa con trai bỏ thời gian ra nói chuyện thân thiết với 1 đứa con gái không phải là nó thích con đó thì có con cặc nó làm vậy,Anger
chưa khi mô biết cảm giác đi nhởi trung thu với người yêu như răng,Sadness
móng này móc cua thì đỉnh 😹,Enjoyment
có mưa cảm giác như được sống lại :))),Enjoyment
mà nó đéo ' quan tâm thì càng đừng nghĩ nó thích mình nha :vậy,Disgust
vợ dùng phá quá nên boss mới thế 🤧🤧🤧,Other
haha biết ngây mà,Enjoyment
bể mẹ cái kính cường lực mới dán :#,Sadness
dù đúng hay sai cũng đừng bao giờ cãi nhau với con gáo đến cuối cùng mày vẫn sai .,Other
"cần gì xa hoa đâu , thế này là hạnh phúc , thấy thương và ngưỡng mộ ông bà quá",Enjoyment
sao nhanh như chớp vậy được,Surprise
nhỏ không dạy để lớn lên làm đĩ à ? phụ huynh kiểu gì thế ?,Anger
thằng kia làm nhẹ nhẹ thôi nhé .,Other
no ́ xâ ́ u tao thi ̀...,Disgust
thế là đã phần nào đoán được kết quả cuộc gặp tại hà nội,Other
bạn đã hiểu nổi khổ của mario khi mua vui cho bạn chưa :)),Sadness
cái đất nước này loạn luân mẹ hết rồi :))),Disgust
"ôi zồi ôi , nhìn cái mặt của ẻm kìa , yêu ghê :))",Enjoyment
phố mày co ́ đô ̀ người nghiê ̣ p tô ́ tao ghê :))),Other
per haha bữa 3 đứa mới phong trào xong,Other
mốc từ trong trứng,Other
"truy tố ra tòa chứ phạt hành chính gì ??? lừa đảo có tổ chức số tiền trăm tỷ , thêm tội truyền bá mê tín dị đoan ... 👎👎👎",Anger
xem tới đây dume ứa nước mắt 😞,Sadness
toàn “ nam thanh nữ tú ” mở mồm ra nói hay như sách giáo khoa . hành động thì như con c ..,Anger
thân là người yêu mình mong cậu có thể giống được như đôi mặc áo nâu ❤️,Enjoyment
😑 sao cái kết gì mà buồn vậy,Sadness
cô ơi nhiệt tình là tốt nhưng bản thân phải an toàn trước 😗,Other
"nói mưa là mưa v chời , tôi còn đi chơi đi học nữa mừ .",Sadness
"1 vị đắng của mưu sinh , 1 vị ngọt của hạnh phúc gia đình",Other
per xinh nhỉ :)) ngày xưa cũng xem phim này mà không để ý có cả bả,Enjoyment
"bởi đây là lý do tao không muốn xem điện thoại người yêu , nếu không nó xanh cỏ lâu rồi 😑",Disgust
còn gì hạnh phúc hơn trong cuộc sống này ♥️,Enjoyment
ai cũng từng bị bố mẹ chửi mắng . em ấy cũng vậy . là người lớn chúng ta lắng nghe và chia sẻ . nhiều người già rồi mà phát ngôn xấc xược láo toét mất dạy không thể chấp nhận được . chả bằng được cái đứa con nít còn tỏ vẻ ta đây,Anger
thớt làm chị mà ích kỉ vãi ...,Disgust
mấy thanh niên ngu học theo ngôn tình thấy chai bé không viết hết được lại mua chai 1 . 8 lít thì hơi mệt đấy 😂😂😊,Disgust
tuổi thơ của tôi =)),Enjoyment
việt nam cái gì cũng có thể ăn được,Other
per đang ăn mà sao cứ chỉa trym vô hoài z khắm s ăn 🙂,Disgust
khóc muốn rơi cả mắt,Sadness
kích thích vãi,Enjoyment
ám ảnh thật sự,Fear
per huhu em không biết phải đi xem phim với ai nữa 😭,Sadness
per gần nhà c ơi . hic hic,Sadness
"tại cái gậy thôi , còn đâu là vẫn đẹp",Other
"cái thằng adim này mày xàm quá oy đấy , biến khỏi trang tao nhé",Anger
đã sợ nhện rồi mà gặp thằng admin chơi trò mất nết :((,Anger
nhờ cái bếp như này . mà hồi nhỏ tao suýt đốt cả nhà và bị chửi đó :((,Sadness
"hốt về cháu có bón được cơm , mớm được sữa cho nó mỗi ngày không ?? nó chơi game cháu có rửa chân bón cơm để nó chơi nốt ván không ???? mai cô ship tận giường nuôn",Disgust
đọc tin nhắn đầu thấy cay cay ngay mũi,Sadness
per người yêu công sở nè 😂😂,Enjoyment
vậy là hên rồi,Enjoyment
per chiều anh bắn chưởng để em quay nhé,Other
per nghe chưa nhân viên mới ... kk,Enjoyment
ngáo nó có cắn đâu ??????,Other
dị ứng với kiểu nhắn tin riêng tư mà cả thế giới đều biết,Disgust
cười ỉa 😂😂 thây nó thét mà tao nghĩ dọn xong nó đi luôn cái cổ họng,Enjoyment
"em rất duyên , và có khiếu hài hước , nhìn mặt em thôi là chị đã muốn cười , ba mẹ chửi mà vẫn vui tươi như vậy thì đáng khích lệ mà , sao nhiều người bình luận nặng lời thế không biết , chỉ là vui thôi mà",Disgust
"má nó , mặc dù không có ý kì thị nhưng dume cảnh 2 thằng hôn nhau buông nôn vãi",Disgust
per lên lịch hẹn hò nhanh,Enjoyment
không biết chuyện gia đình người ta nhưng nhình mặt bà cũng thảo là thấy không có cảm tình ngay từ đầu .... mà nhờ bài viết này mới biết king coffee là của bả ... phải công nhận là nó uống dở thiệt .....,Disgust
nóng thế này cái thứ mày cho cũng không ăn,Disgust
tiếc quá ! nguyên nhân,Sadness
ấm lòng vãi huhu,Enjoyment
thế không tính vậy thì muốn cái bệnh viện thành mẹ cái bãi giữ xe à :)),Anger
ngầu vãi lìn luôn á :))),Enjoyment
giờ tao mới hiểu được hết những gì mà trước đây đọc bình luận tao đéo ’ hiểu 😂😂😂,Enjoyment
"lớp 2 xí mót được cái chong chóng , bán lại cho thằng hàng xóm 500d .",Enjoyment
tôi khóc lun ... huhu,Sadness
má như người yêu ??,Enjoyment
t chưa được rơi vào hoàn cảnh này nên cũng không biết nữa,Other
thề chứ .. phim nay xem đi xem lại không thấy chán ... vẫn như mớinxem vậy,Enjoyment
không biết vì sao họ vẫn cười nhưng mình thì khóc ...,Sadness
cho đi luôn bớt lo,Other
đoạn phim thôi mà ý nghĩa thế,Surprise
"lông xấu , không mượt bằng con ngu kia được",Disgust
"cái này gọi là truyền thống , không thể nói là quên được",Other
"đấy ... y đâu cần phải to tác , phải gào lên cho cả thế giới biết .",Other
per haha sao tôi nghĩ tới em liền luôn á,Enjoyment
chưa chia tay nữa mà còn khó đây,Other
thế đéo nào nó lại kẻ dưới đấy nhỉ,Disgust
oai đéo gì cái trêu gái :),Disgust
mình nghĩ bà thảo chiếm được công tình yêu là sẽ bán ngay cổ phần cho đại gia bên thái lan nào đó .. mong là chuyện này không bao giờ xảy ra,Other
lâu lâu lại mong mất điện để nấu cơm rác . nk mát 1 tí . chứ cứ 42 độ có mà khỏi ăn,Other
tội nghiệp thằng bé :)))) chúng mày bốc đâu mấy cái thẻ hay thế ??? :v,Sadness
áp dụng với đứa yêu mày thôi nha,Other
chời má . ngọt chết tao rồi :)))))),Enjoyment
"per đó là lý do tại sao em luôn nói với anh , có gì cũng phải nói ra",Fear
"phải em thì dume nó chửi thé thì đéo cần nói nhiều nữa . gọi c . an xuống kéo mẹ nó xe đi , kiểu gì cũng mệt thôi bác .",Anger
xài vietcombank sinh nhật cũng không được chúc luôn :((,Sadness
hôm đấy bổn cung về quê báo hiếu cha mẹ .,Enjoyment
chỉ có được cái chữ đẹp . hihihi ...,Enjoyment
trời má cute vãi lozzzz,Enjoyment
là do bản thân tao ngu thôi,Sadness
cho chúng vào nhà đá ! quá độc ác không giết người bằng súng như thế này là giết hàng loat đấy thât khốn nạn,Anger
không biết nói sao ... nghiện chuẩn mẹ rồi ... crush ợ . mà nó nhẫn tâm lắm hồi trước còn hay call video . từ hôm tao cạo trọc y như là mất tích luôn . chắc phải để tóc mọc lại tao mới dám gọi . 🤭,Enjoyment
nhân quả đến sớm lắm . đăng lên làm gì :))),Other
nhìn cái bà này tôi chỉ muốn xoạc bà 1 cái . sao bà không là con trai nhỉ . ông trời quá là trêu người rồi,Sadness
cho dù em có dành được bao nhiêu học bổng đi chăng nữa nhưng mãi mãi em sẽ không thể có được tôi 😅,Enjoyment
đã xem 2 lần bộ phim này 😁,Enjoyment
"ôi vãi , mày thật bất hạnh vì có lũ bạn như thế",Sadness
"đây là tây chứ mấy thằng việt nam như này , đảm bảo kêu ngáo đá :vậy",Disgust
xin lỗi đây mình vẫn nấu nhé,Enjoyment
bỏ quên não đó chứ đâu phải rác 😂,Disgust
"phim này quá hay . xem đi xem lại mãi không chán . đặt tay lên ngực "" mọi chuyện đều ổn "" câu nói kinh điển",Enjoyment
"thôi xong , biết thế tém tém lại .",Fear
"gym thì liên quan cặc gì đến bede , tuy gym nhưng người ta còn siêng tập nặng hơn mấy tụi bây nhé",Anger
mình bình luận chủ yếu muốn khoe mình là fan cứng thôi :)) các bạn không cần để ý,Enjoyment
bất cái con cặc . 21 cái trung thu tao vẫn 1 mình . tao có thấy bất hạnh đâu . khẩu nghiệp,Anger
số tao không được ăn uống mà :((,Sadness
rửa bát cũng được nấu cơm cũng được giặt quần áo cũng được miễn là có ba mẹ vợ con là được . làm gì cũng được,Other
dume cho vào bảo tàng làm lồn gì -.- nhà khoa hc đã nghiên cứu sừng tê giác như móng tay của bạn thế sao không đem về mà chữa bênh đụ má rảnh ghê :((,Disgust
cô quét đi cô cho cháu hốt về với =))),Enjoyment
"tránh xa nó ra , nó ngáo đó , 8h sáng mà nó đòi đi ngủ là hiểu rồi",Disgust
hỏi nhiều nó lại cho vào đối tượng truy nã 😏,Other
per nhớ lại vẫn còn tức á cái lol mẹ,Anger
lo tương lai bị bỏ rơi của chú đi :vậy,Other
và sếp tốt có thể giúp ta vui vẻ từ sáng thứ hai cho đến tối chủ nhật 😀,Enjoyment
lại tạo điều kiện cho mấy chị fa vào thả thính . :)),Enjoyment
muốn nhai luôn cả trái đất,Anger
"per lại nhớ chiều nay , buồn cười sấp mặt luôn . :v dù mệt nhưng ngày nào tan làm cũng muốn được đèo đưa đi ăn kem , ăn đồ chua , ăn miến trộn như hôm nay cerrrr :v",Enjoyment
không ngờ tin nhắn riêng tư cũng phải kiêng nể nhắn tin để lỡ có bị chụp vẫn thấy chả sao,Fear
tao cũng ước mình có 1 tình yêu như ông bà ❤,Enjoyment
đau đớn quá sao phải tham mấy đồng tiền đó nhỉ,Sadness
quả này lại là nhà dột từ nóc rồi ;((,Disgust
"mong là chuyện không có thật , chứ có thật thì đau lòng vãi ra 😪😪",Sadness
per nguy hiểm luôn rình rập xung quanh chúng ta :((,Fear
trắc đấy là nyc của nó 🤣,Enjoyment
đừng hỏi tại sao giới tính cứ bị bẻ cong,Other
khóc hết nước mắt 😞😞,Sadness
đúng là chó cậy chủ mà 🤣,Disgust
chấp nhận đi mày .. chửi gì dữ vậy ..! mỗi người mổ việc mà ... nếu không thích thì kiếm việc khác mà làm ..,Disgust
":))) ở đoạn đó hồi năm nhất tao "" được "" họ lấy 100k , vì sáng sớm đem duy nhất 100k trong túi , thế là nộp luôn :))))",Sadness
per đọc nhầm con nhện thành con gián :)) thật khó hiểu,Other
may mà bà già bảo năm hạn đừng đi chứ không hạn thật,Other
cái giống mắc zại nhất từng thấy :)),Disgust
bắn cái lũ khốn nặn kia ra . mấy ông bà lại ăn cho lắm tiền vào . để cả 1 thế hệ trẻ em bệnh tật . làm cho ra lẽ đi . bọn này bắn cmm nó đi . quá là ác,Anger
đéo có não à,Disgust
"không biết bác dạy ra sao mà đến nỗi . còn tao dạy nhận tiền mặt , dạy 10 ngày là phụ huynh trả luôn tiền tháng đó chứ không có nhập nhằng gì hết",Disgust
"thực ra bị bóc trên mạng thì thường là bẩn thỉu , không phân quê quán",Other
ôi không đọc được bài của chị thì em vẫn tin tưởng cái group đấy lắm,Disgust
"tính ra là 1 cuộn keo 2 mặt sẽ giải quyết được moiij chuyện =)) , cơ mà ý thức như lồn thật :v",Disgust
"chỗ đó không có , họ thấy lạ , chứ như tao lần đầu thấy trên internet tao cũng lạ , chửi gì ghê thế",Disgust
khổ thân các cháu,Sadness
"nước bẩn quá , toàn rác !",Disgust
chỉ những người độc thân thôi,Sadness
nhìn cái muốn cong :d,Enjoyment
"thanh niên bỏ nhà theo trai rồi bầu bắt sen chăm , thứ hoàng thượng dâm tà",Disgust
"t đợi cái post về loài hãm lòn này lâu lắm rồi nhá . dcm nhìn ngốc nghếch thế thôi mà dữ lắm luôn , có lần tao cúi xuống cầm gậy đuổi nó vào chuồng mà nhân lúc tao sơ hở rón rén đến suýt táp vào đít tao . lúc ấy sợ tụt lòn vì chỉ còn có 2 bước nữa thôi là nó đớp gọn tao rồi .... có hôm tao vừa ngờ nghệch ra vườn hóng mát thì cả đàn , cả đàn nhé . dí tao chạy quanh vườn , con nào con nấy vênh cổ lên chạy theo tao . nhờ nó mà suýt chút nữa tao chết vì đau tim ....",Disgust
ly hôn cũng phải hoành tráng chứ .. còn phải làm to hơn kết hôn mới được 🤣,Enjoyment
mèo nhìn dễ thương mà ác vãi < 3,Disgust
dễ thương vậy chời,Enjoyment
bạn gái trong ảnh lưu hình gửi cho công an xã chết con mẹ bọn nó đi :))),Anger
các bạn buồn cười vãi cả đái . người ta đỗ ở đường chứ có phải trong nhà bạn đéo đâu mà nhặng lên .,Disgust
ngu chưa . đăng lên để rồi bị chửi,Disgust
nhìn con bé thấy cưng ghê chị ơi,Enjoyment
per anh bạn tồi nhất quả đất này,Disgust
cho ̣ c mù mắt tao đi 🤣🤣,Disgust
đồng đội chơi tốt quá hahaaa,Enjoyment
kinh vãi,Fear
lợi ích của việc không nghe lời vợ ??,Other
cho về hết chứ cứ lương không mà không làm thêm gì mà có nhà lầu xe hơi thì lấy ở đâu ???????? không phải đùn đẩy .... cho về hết bọn nó mới hết không tìm ra nguyên nhân .... không có sao phụ huynh dám nói ....,Anger
"phải nói là hài tàu hay thật đấy , luôn li kì và khó đoán kết quả , ý nghĩa thì thâm sau . hihi thích rồi đó",Enjoyment
giờ lắm bọn biến thái thế,Disgust
chị đầu tiên buồn v :((,Sadness
trời ơi tao chóng mặt quá đi :((,Sadness
"đúng kiểu tham lam mà tài năng thì có hạn , miệng thì bảo sợ ông vũ làm sạt nghiệp trung nguyên nhưng bản thân trước đó lại làm lỗ của công tình yêu 1700 tỉ , mụ đàn bà mặt dày",Disgust
có tay mà người bị cụt tay . ko bao giờ sử dụng bàn tay đó . ngu trở lên nổi tiếng .,Disgust
dume đồng nghiệp gặp hlin thì chỉ muốn nghỉ thôi,Anger
ko nghe lời vợ mới là mấu chốt :),Other
"nói bao giờ cũng dẽ hơn làm , mà mặt 2 đứa này nhìn như mất mẹ dây thần kinh gì đấy",Disgust
"sản phẩm tốt đấy , có tính ứng dụng cao",Surprise
nếu đồng nghiệp của bạn hãm vãi thì cũng nên đăng xuất đi hiền hana,Disgust
"tao cưới rồi , cưới nữa cho vợ tao chém tao chết à",Fear
"tuyệt vời , chỉ cần họ thấy vui và hạnh phúc",Enjoyment
ngu quá là ngu đậu xe gì mà sát đường ray tàu hoả thế chứ .? quả này người ta còn phạt thêm cho nữa chứ đâu phải lát xe mà xong đâu ..?,Disgust
cẩn thận mày lại có cháu sớm 🤣,Enjoyment
yêu hay không yêu không yêu hay yêu nói 1 lời 😂,Enjoyment
tao cũng hay sử dụng chiêu này và bọn đàn ông vẫn cứ bị lừa ????,Enjoyment
"thật sự mình rất thích bạn này , xem phim mỗi tập cứ canh đúng cảnh có bạn ý , dễ thương quá 😗😚😚😚😚😚",Enjoyment
bọn ngáo này mà cũng có người sợ nó nữa hả,Surprise
em đã bao giờ nghĩ đến mối quan hệ đồng tính ?,Other
"từ khi lấy vợ , làm vlog thiếu muối hẳn huhu",Sadness
nhưng đứa bạn thân đều là lũ khốn,Disgust
"vợ người ta chưa bao giờ làm tôi thất vọng , còn vợ tôi thì ..... đi hết 1 / 3 cuộc đời rồi vẫn chưa tìm thấy 😓",Sadness
hỏi nhây khiếp,Disgust
có tiền sẽ thấy các vị gọi là thượng hạng còn không tiền sẽ chỉ thấy vị mặn của mồ hôi + nước mắt,Sadness
nước biển sao đục quá nhỉ,Other
"người đàn ông ốm đau nói với vợ mình :” ở lại với anh ” rồi cầm tay bà . đó là tình yêu , vỏn vẹn 20 năm ngắn ngủi . tình yêu bố dành cho mẹ",Enjoyment
con ngu dù bố mẹ có là người như thế nào đi chăng nữa thì cũng là người đẻ ra mày nuôi chúng mày lớn khôn lớn lên không báo hiếu được gì lại còn sủa bậy,Anger
hy vọng mọi điều tốt đẹp sẽ tới,Enjoyment
t cũng buồn lắm chớ bộ 😓😓,Sadness
t đã thử rồi mà dume vẫn la :)))),Sadness
ý thức tồi,Disgust
"má , sờ mông có cái mà táng bố ..??",Anger
trò này cũng nguy hiểm chết người đừng đùa theo mà mang họa,Fear
nhìn cái mặt cưng vãi,Enjoyment
sáng kiến hay đỡ bao nhiều tiền để tiêu hủy,Other
đéo có lol gì là buồn cười,Disgust
"per tiền bạc là phù du , quan trọng là tình nghĩa",Other
k tiền cạp đất mà ăn ah @@,Other
thứ thiếu ý thức ... nhưng lên mạng thì dạy người khác,Disgust
có mà thần kinh hơn ấy 😑😑😑,Disgust
đéo hiểu chó hay người .,Disgust
đau chán riết quen có cái lol gì phải than vãn :)),Disgust
một bộ phim rất đáng xem !!,Enjoyment
"đâu phải có tiền muốn làm cha ai thì làm , gì cũng vừa phải thôi . ý thức từ nhỏ không được dạy dỗ cẩn thận",Disgust
mấy lần đi ngang hết hồn,Fear
"anh giờ thích ai rồi , không còn giữ câu nói trước kia nữa đâu nhỉ . ừ gần 1 năm rồi cơ mà :((",Sadness
công nhận già thật,Other
"hà nội làm con người ta trở nên nhỏ nhen và bon chen , luật thi áp dụng như cứt nó chỉ giành cho người có tiền và có quyền",Disgust
chán vãi dạo này ngủ sớm quen :))),Disgust
"hồi nhỏ hay bị ngỗng rượt , vừa chạy vừa khóc la 🤣🤣",Fear
lại mưa 😞,Sadness
bố mấy con trẻ trâu :)) tưởng thế là hay :)))),Disgust
chả có tiền mua 😩😩😩,Sadness
đề nghị admin xóa bài đi ạ . chứ bố mẹ em sắp đi chợ về rồi ạ :(((,Fear
sao mày không ngủ chung với cả mẹ mày và em mày ?,Other
haha con mấy cái video toàn đóng vào mỏ nhau không . cười tụt quần 🤣,Enjoyment
thế đéo nào lại ra được nhỉ ??,Surprise
vẫn là chính sách trên giấy tờ,Other
sớm muộn củng chết đuối à ;))),Other
bức ảnh xuất sắc ❤️,Enjoyment
việc đớn đau nhất . là nhường người mình yêuu nhất cho 1 người khác 😔😔😔. chỉ vì đơn giản không muốn ai phải đau buồn,Sadness
ủa mắc gì gỡ fan cứng của em ? huhu,Sadness
"ai cho mình xin tên phim với , mình không xem được 😢",Sadness
tao đang đọc cái lol gì đây :)) sao lại thành truyện giáo dục rồi dume,Surprise
mặt ô kia khát nước nhìn buồn cườ thế 😂😂,Enjoyment
tao bị bỏ rơi rồi,Sadness
tao nhìn tao thấy ghê vcd ấy 😂😂,Fear
cậu nhỏ có tăng lên không 🧐,Other
"bạn trai tao cắt tóc xong cái đầu như cái đầu buồi , không lệch vào đâu được 🙂",Disgust
bây giờ gọi hành hiếmkkk,Enjoyment
chúng mày đã bao giờ bị hất cả cốc nước vào mặt vì mặt không bao giờ tươi cười niềm nở chưa ?,Sadness
người yêu mày cắt tóc hay là đi đầu thai lại thế ???,Surprise
sự thật thì cố suy nghĩ vui vẻ hạnh phúc mà trong túi không có tiền chỉ sợ đất cũng không có mà ăn,Sadness
tao tháy gái nguy hiểm vãi,Fear
"chạy tới đưa đồ cho nó , trượt chân té sấp mặt luôn",Other
hẳn là con số đẹp 😍😍😍,Enjoyment
còn 1 tháng nữa thôi khép lại những ngày tháng vui buồn nhưng luôn có người bên cạnh sẻ chia không lo lắng của tuổi thanh xuân cái tuổi đẹp nhất của cng,Enjoyment
tao còn không dám ăn nói chi ruồi .,Fear
sợ vãi linh hồn,Fear
có thì tốt nhất đừng có giận vì ngoài kia bất cứ thằng nào cũng sẵn sàng dỗ dành bạn gái của bạn 😋,Fear
bốc phốt khách thế không sợ mất khách à bác ??,Other
ừ mỗi lần thế lần buồn kinh lắm mày ạ,Sadness
lâu lắc chưa xem lại !!! 😳. một bộ phim vừa ý nghĩa vừa hài hước ! 👍,Enjoyment
"gắng , nhanh khỏi bệnh rồi về bên anh",Enjoyment
đề này đối với lực học lớp 9 đâu có khó . cẩn thận chút là được,Other
nghe bài này đau lòng quá mà,Sadness
má . đang định đi chụp :((,Fear
ai muốn tránh đường đông hỏi người dân đường trong núi nhé !,Other
"những hành động đẹp , đáng được trân trọng , và sẽ được lan tỏa ở mọi nơi , thật tuyệt vời 😍",Enjoyment
vào siêu thi mua ghế masage chạy điện ra mà ngồi cho chúng nó choáng ! vừa đỡ mỏi chân lại khỏe người !,Enjoyment
"tao nói té 1 cái không dập mề thua gì cũg thua , trĩ nội trĩ ngọai nguyên chùm =)))",Fear
năm sau nữa quyết định nằm cho đỡ đau lưng 😁😁,Other
bé xinh quá,Enjoyment
bài hát đầu tiên của phim là gì nhỉ quên mất rồi . bạn nào thông não cho mình phát,Other
đây là trẻ ghé chứ gì nữa ~~~,Disgust
"t chẳng muốn phải nói "" suýt nữa thì .."" một lần nào nữa trong đời của nhau nữa đâu ... vì vậy sẽ trân trọng khi người tới .",Sadness
per cái đoạn vén tóc là quen lắm nhá . thích lém ý,Enjoyment
"thề , phim này xem đi xem lại gần chục lần . 😄",Enjoyment
phim chuẩn chưa này =)))),Enjoyment
"per thì mấy ông nhậu bắt sạch , còn đâu mà phá hoại",Other
ô .. còn lâu lắm ...,Other
đã năm 2000 . người ta cho mượn 200 tr rồi .. từ đó về sau nhà người ta có cần 25 tr / tháng hay không ???,Other
"tao cũng như mày đây . không sao cả , hãy tự hào vì tên mày vẫn rất đẹp",Enjoyment
cho nó đỗ tí mất gì đâu,Other
người ta nói ngu thì chết có gì sai ?,Disgust
dễ thương vậy,Enjoyment
chắc chưa :))) si nghĩ kĩ lại đi,Other
má con đĩ mèo nó đanh đá thế,Disgust
"từ nay sẽ không cap màn hình ib nưa , thật tội lỗi tội lỗi",Sadness
t chỉ muốn khoe là tao vẫn được nghỉ 1 tuần nữa =))))),Enjoyment
biết chứ dã từng sài,Other
ấn tượng vãi :v bàn tay vàng trong làng vẩy khế :v,Enjoyment
thích quá mấy má ơi ! @@@,Enjoyment
không ngon như lần trước nữa,Disgust
mặt thái độ vãi,Other
cũng muốn kết hôn lắm mà đến giờ vẫn chưa có người yêu 😭,Sadness
sẽ hấp dẫn hơn khi dưới sông có cá sấu :)) lót dép hóng,Enjoyment
xem nà ra chiêu nà gẫy cây nà sấp mặt luôn nà 😂😆,Enjoyment
"per nhà giáo áp lực quá nhỉ , giống làm dâu trăm họ .",Fear
"bọn giết người không dao tử hình cái thằng cung cấp thực phẩm bẩn vào trường , những đứa liên quan còn lại cho vào tù hết .",Anger
tao thấy đéo có cái gì để tao cầm được cơn cười cđcm nó ! :)),Enjoyment
gần 10 năm rồi coi đi coi lại cũng gần 30 lần . nhớ !!!,Enjoyment
phụ nữ ngày xưa toàn cực phẩm :v,Enjoyment
xoá sổ toàn phần cơ sở cung cấp thức ăn khốn nạn này bằng cách cho chúng mỗi đứa một mũi tiêm thuốc độc . còn hiệu trưởng các trường bỏ tù vĩnh viễn .,Anger
tử hình cái bọn giết người hàng loạt này đi,Anger
pháp luật là bạn của nó rồi anh ah vì quen anh anh chị b trên quận ah nên em cũng sợ lắm ah :-(,Fear
"biết có người binh mà mới chửi lại đó , con hư tại mẹ thui",Disgust
chị khổ mấy cô giáo viên giám đứng ra tố cáo . sau này bị làm khó hoặc trả thù,Sadness
trời trời ! như là nói lên nỗi lòng của thẩm phán vậy :)))),Other
má tao xem mà lo thằng quay phim tét không à ? có ai như tao không ?,Fear
đm rơi mẹ điện thoại xuống đất 🙃,Other
mới gọi điện thoại xong mới cười với tuii xong heheh anh đáng yêu vãi,Enjoyment
bướng vừa vừa kiểu đáng yêu chứ mà lồng lộn thì thôi làm bà nội chứ yêu đương đéo gì,Disgust
vâng với 1 pha chống gậy tinh tế anh đã làm cho người xem 1 sự bất ngờ,Surprise
evn nó đéo thích đâu nhé .. nó chỉ giả vờ lươn lẹo nói thế thôi ..!? 😁😂🤣,Disgust
ông tổ của những cái sừng là đây sao ??? 🤣,Surprise
thế mày nằm viện nào tao vào thăm luôn cho động lực,Other
"xem mà đau lòng , đau lòng nhưng vẫn xem :((((",Sadness
cuộc sống thật chua cay với tao,Sadness
"trước đây mình không thích xem phim việt , nhưng mấy năm nay phim việt chiếu phim nào cũng hay . tự dưng không thích xem phim hàn quốc nữa .",Enjoyment
"còn là học sinh nhưng tố chất lừa đảo đĩ điếm đã thể hiện ra rồi , nếu nó muốn nổi tiếng , thì đưa mặt nó lên đi thớt",Disgust
"bọn 6 múi yêu nhau hết rồi , tao bụng mỡ đây , tao vẫn thích con gái đây !!!!!",Enjoyment
trung thu là tết thiếu chi chả liên quan chi đến việc tao không có gấu,Anger
thằng nào con nào nuôi ác quá z,Anger
cám ơn đã cho tôi cuộc sống này,Enjoyment
nghe tình vãi =)))),Enjoyment
thất tình đi nghe nhạc chúng nó còn ngồi trước mặt ôm nhau . hận,Sadness
vô liêm sỉ,Disgust
mẹ bế đứa nào thì là mẹ của đứa đó nhé,Other
công nhận nó phê như vậy thật 😂,Enjoyment
này thì câu thích 😂😂😂,Enjoyment
lời được cánh của sắt tàu hỏa ngon rồi,Enjoyment
"sửa luật , tóm cho vào tù . tình nguyện mãi sao được .",Disgust
t coi đi coi lại mấy lần để xác định con nhện nó phóng qua tới cái điện thoại hay là nghệ thuật )))),Other
lúc ra hà nội ở ngay phố đào tấn mà không biết chổ này 😢,Sadness
m vừa tuột quần xuống nó sẽ hôn con họa mi của mày,Other
cả 2 đứa đều ngu khi có mồm mà không nói =]]],Disgust
một thời để nhớ,Other
đúng chất dân miền tây hahaha,Enjoyment
24 tuổi thấy đời đắng và khá mặn,Sadness
một cái ỉn mông xong hết 😂😂😂 dăm ba cái võ thuật 😂😂😂🤣🤣🤣,Enjoyment
đáng yêu quá . chúc ông bà thật mạnh khỏe mãi hạnh phúc như vậy 😍,Enjoyment
per con người dù có bị trừ hết điểm cũng chạ thèm quan tâm ạ 🙂,Disgust
đấy có phải con người không nhỉ ? mà sao lại làm thế,Surprise
ủa vậy hả mới biết ta,Surprise
vậy thì các bác chưa biết rồi,Other
tài xế để não trong háng hay sao mà thích chơi ngu lấy tiếng thế,Disgust
họ hành động quá đẹp,Enjoyment
"xem phim mà cứ nhìn cặp chân của ổng , chân gì mà dài thường thượt . chồi ôi 1m87",Enjoyment
đọc bình luận mới thấy nhiều người hãm thật sự :))),Disgust
em nuôi con lợn mấy năm rồi mà vẫn trống rỗng huhu 😭😭😭,Sadness
nhìn bọn có người yêu khổ chưa kìa .,Other
ước mơ tao 🙂 chỉ có thể sao chép lại và tao lên màu cực xấu !,Sadness
lúc buồn là đi phựt thì thôi rồi như kiểu cuộc đời đáng sống ý,Other
thôi mày cố lên . đỡ rồi cũng tốt,Enjoyment
"dume , em tao mà bị thế này thì tao xiên mỗi đứa một nhát , đi tù cũng được",Anger
đơn giản là thấy họ cười 😂😂,Enjoyment
per 😂😂😂 còn nhớ không ???,Enjoyment
hay lắm em êiiii,Enjoyment
t nói tao bị ngỗng dí đúng sáng sớm bọn bạn cười tao . 😂 còn bồ tao thấy tao bị dí đứng cười 😪,Disgust
nhớ lại kỷ niệm này buồn quá,Sadness
"thì rõ ràng là bịa mà , cơ bản để cảnh tỉnh suy nghĩ của con người hiện nay thôi bạn",Disgust
"lúc trước ông với bà tao cũng thế , bây giờ thì ông bỏ bà đi trước rồi .",Sadness
tao mừng quá vì tao biết chắc chắn hôm nay crush của tao không bị thịt . ahihi .,Enjoyment
xót thì mang về mà dạy đi . xưa đi học suốt ngày bị quỳ chép bài trên bục giảng chả sao giờ thì sểnh ra 1 tỵ là kiện tụng . đừng có lạm dụng mxh mà lên án người khác .,Disgust
hôm qua xem cười lộn ruột,Enjoyment
buồn là cái gì mày,Other
tao ám ảnh việc lau sàn,Fear
mong ông bà được nhiu sức khỏe,Enjoyment
có con gái thật tuyệt ! 😍,Enjoyment
nhìn vậy thôi mày bóc tách múi ra là bình thường ngay mà,Other
giống chuyện của chúng mình quá . chả biết sẽ cùng anh đi bao xa ... nhưng hạnh phúc khi có anh luôn bên cạnh ??,Enjoyment
xem xong rồi mà có cảm thấy gì đâu ??,Other
xấu còn đóng vai mất dạy,Disgust
bọn lừa đảo,Anger
buồn quá buồn,Sadness
tuy dáng đứng có hơi lỏng lẻo nhưng những đường quyền của ông này thật như lol,Disgust
nếu lái xe là dân đen thì thế nào chú . có dám đậu ở đóa không,Other
khi đủ trưởng thành và kinh tế . cơ mà nhỡ bác sĩ bảo cưới thì cũng phải cưới thôi 😂,Enjoyment
cho nghe lại cái khúc đó đi anh hai à :v,Other
ông thần tài cũng không dám ăn luôn,Fear
buồn cho số phận 😢,Sadness
nhà tao nhận coi giữ xe nha :3,Enjoyment
may cho mày con nhà gia đình khá . chứ nghèo như tao khổ rồi .??,Other
mới thấy bài này trên phòng trọ đn nữa này . bạn ơi mình cùng thành phố này :v,Enjoyment
cục súc vậy ai chơi,Disgust
"bọn nó nhỏ mà đã có người yêu , còn tao thì ế :((",Sadness
cần địa chỉ để đặt một bạn người yêu có chiều cao như anh thứ 3,Other
"hồi nhỏ đi ngang nhà hàng xóm con quỷ này dí tao từ ngoài đường vô tới trong nhà tao nó vẫn không tha , ba mẹ tao nghe tao la chạy ra chụp cổ nó quăng ra sân nó mới chịu đi . ám ảnh tuổi thơ 😅😅😅",Fear
chuyển từ thất tình sang muốn chết vì quá chán :((,Sadness
cái cuối phê vãi,Enjoyment
"giá trị lịch sử văn hoá gần nghìn năm đã mất đi rồi :((""",Sadness
ý bảo mày treo cao vãi đấy . hạ tiêu chuẩn thấp chút bằng cách ngồi xa sóng ra đi tml .,Disgust
năm nào cũng mua 2 cái đăng ảnh sống ảo xong cất ăn chống đói dần dần :),Enjoyment
tao cute mà các mày,Enjoyment
có tiền chưa chắc đã ngọt nhưng nếu không có tiền chắc chắn là đắng .,Sadness
ơ ̉ viê ̣ tao nam sao được như vâ ̣ y,Other
tủi hổ với bản thân ghê khi tao vẽ người mà mẹ tao hỏi : hóa ra đây là hình dạng thực của quỷ sao ?😑,Sadness
đkmm xuống đáy biển mà viết luôn đi thằng lồn =)),Anger
đồ khùng cơm đâu có mắc đâu mà phải làm vậy .,Disgust
haha tao trúng số thật này,Surprise
"ủa tại sao không nghỉ việc luôn đi , hay lương tâm không còn chữ đức nữa",Anger
lấy củi chứ bao nhiêu rơm cho đủ,Other
per không biết còn nhớ tên tao không nữa 😑,Sadness
viết tay phải mẹ mày đi . đụ mẹ mày :)),Anger
chuẩn bị hết ế :)),Enjoyment
"cả 2 bà đều mất khi mình nhỏ , không hưởng thụ cảm giác này rồi",Sadness
"và mày chỉ cần lùi về sau , như ít quan tâm và nhắn tin lại mày sẻ cua được crush 😎😎",Enjoyment
bạn có bố thật hạnh phúc,Enjoyment
ý thức 😂,Other
"dume mày là con gái đó , còn tao thì :dume mày có xuống không thì bảo",Anger
per trung thu chia tay gấu à ? bất hạnh nhỉ,Sadness
bông hoa nhài cắm bãi cứt trâu :)),Disgust
oimeoi tao thấy được tao ngày xưa đây rồi =))))),Enjoyment
t không nghiện trà nên tao thấy bình thường mà,Other
cắt . cảm ơn đoạn giả dối kia đã giúp các bạn trẻ có thêm niềm tin về 1 tình yêu đẹp 🤣🤣 riêng tao đéo tin nhé,Disgust
hahahaha tao mắc cười ghê . nhớ cái hôm sinh nhật tao ghê . chắc mấy mẹ ở guru cũng rủa dữ lắm hahaha per,Enjoyment
chuẩn 😏😏😏,Enjoyment
một mình tao ăn hết 1 nồi lẩu từ lúc tối 😭,Sadness
dm chúng mày bị bệnh à kiện chết con mẹ mấy thằng ấu dâm bệnh hoạn này đi,Anger
con trai giờ mất giá v luôn hã mấy chế :))),Disgust
per kỷ niệm nè !!!,Enjoyment
per nếu bạn chưa có việc làm :v,Other
có 1 đứa hợp tác vậy là cũg quý hoá quá rồi,Enjoyment
dume nhát ma vậy ai coi,Disgust
chiến lược kinh doanh của người nhật thật đang suy nghĩ,Other
quả váy màu hường nam tính .,Other
"ngồi xa ra đụ mẹ mày :""))",Anger
😐😐 phê hơn lá chuối,Enjoyment
per phá gia chi tử chính nó ????,Anger
tuổi trẻ tài cao là đây,Enjoyment
nhìn móng tay bác này mà tao thèm lòng chó quá per,Enjoyment
thật là đáng sợ,Fear
"hiện tại mình cũng muốn kết hôn lắm . ngặt nỗi hai gia đình ngăn cản giữ dội , phản đối kịch liệt chuyện hai bọn mình đến với nhau :( nhất là chồng cô ý",Sadness
đó là khi anh per cưới vợ đó 🤣,Sadness
vui tính quá ?? vừa kết bạn xong ??,Enjoyment
😑 con trai chỉ thích gái lùn thôi . tao biết mà . nhưng cô gái cao như tao đi cạnh sẽ giống 2 thằng đàn ông lắm,Disgust
"cấm dừng đỗ thì bạn gọi công an phường , post lên đây làm gì",Disgust
coi như giải thích rồi nhé,Other
ngôi nhà bên dòng sông rõ đẹp . tiếc là sông toàn rác,Disgust
"nói chứ uống đi , 1 ly thì giảm ăn một bữa sẽ không khiến mày phì đâu .",Enjoyment
đứt quả chuối trong mồm . đéo dám nghĩ kết quả lun,Fear
mới đi nhổ răng số 8 và chụp 😞,Sadness
nghe ức chế vãi lồn nhỉ . dume mẹ bọn con trai,Anger
sự thất bại của giáo dục,Disgust
cưng thế =)),Enjoyment
bóng đá thể thao mà làm mấy cái thể loại băng ron khích tướng vãi .,Disgust
ui nghe ấm thế,Enjoyment
hồi sinh viên mình dùng cái này đó,Other
sao mình gặp toàn thằng mất dạy hay bắt nạt mình nhỉ ? tuổi thơ bất hạnh :),Sadness
có gì mà vinh quang một bàn tay bị tật,Disgust
"thiệt tình chỉ thấy gớm thôi , chớ chẳng hay ho gì .",Disgust
nicholas liang nhà xài cái này phải không ?,Surprise
câu chyện cổ tích thật ý nghĩa 😂😂,Enjoyment
per năm nay 2 đứa quyết định ngồi hay đứng kkk,Enjoyment
chúng mày nhục thế đéo dám công khai ảnh của chúng mày đi,Disgust
tội thằng per vãi,Sadness
huhu lần trước đi chụp răng . thằng kĩ thuật viện cho bạn vào cái máy to đùng xong nó bảo ngồi im . nó bật máy xong chạy ra ngoài đóng cửa với tốc độ ánh sáng .,Sadness
mai đi bán miếng năng lượng thôi 😂,Other
cái khó ló cái khôn :))),Enjoyment
per nó tấn công tao với mày đó,Other
hồi nhỏ tao đi bệnh viện chỉnh hình về kể mọi người là có ông kia ho gãy xương sườn đéo ai tin cả ??,Other
vợ với con chả được tích sự gì ! toàn làm hết hồn ??,Anger
quả váy hồng truất vãi_chưởng,Surprise
"đù . tròn ung ủng , chân tay ngẵn cũn như tao nhảy sao",Sadness
k nuôi thì cho người muốn nuôi đi chứ để em nó bọ ve tùm lum sót quá ????,Sadness
vẫn xinh phết nhỉ ??,Surprise
và ông đã có nỗi buồn mới thay vì buồn thất tình,Sadness
per kết truyện chất ghê :)))))),Enjoyment
"rớt mũ trước , sau là rớt đầu . con với cái mắc dại thiệc 😂",Disgust
"hôm bữa đi ngang qua , thấy hết con mẹ nó hồn",Fear
vl thánh nào ghép nhạc lầy vãi,Other
per tao với mày làm chung thì sao nhể 🤗🤗🤗,Other
hay lắm . thằng anh giúp 2e thêm yêu lao động,Enjoyment
bao giờ lại chiếu ạ,Other
anh ơi đây này per,Other
cho nó ăn rau má đi,Other
mong manh dể vở 😂😂,Sadness
về vườn rồi sớm quá,Other
thanh niên co ́ em hoan hy ̉ qua ́ :))),Enjoyment
có ai thừa biết nó sẽ nhảy vào điện thoại nhưng cuối cùng là vẫn giật mình không 🤣,Enjoyment
ranh con mà láo toét . xem đến đoạn này mà phát bực,Anger
nó đang lợi dụng mày,Disgust
k bă ̀ người 1 con cho ́ anh =))))),Disgust
lũ kiến ở nhà mày thích vậy .,Enjoyment
per tập gym xong để đi nhảy thế này à 😂😂😂,Other
per năm sau nhớ lấy gối ra quỳ luôn ha 🤣🤣🤣,Enjoyment
vn nó là vậy,Other
đây là video hay và ý nghĩa 😊,Enjoyment
đcm hả hê cái lol gì chuyện này cơ chứ,Anger
hài bựa nó vẫn hay hơn bọn cố tỏ ra chảnh trong khi như lol :)),Disgust
không có đạo đức nghề nghiệp rồi :))),Disgust
"ngày ngày đều nhìn qua cửa sổ chờ nó đi học ngang qua , nhìn sau lưng thôi cũng đủ vui rồi hhhhhhhhhhhhhhhhhhhhhhh",Enjoyment
nhìn vừa tội vừa thương ????,Sadness
con bé xinh thế,Enjoyment
cho tao hỏi tình hình bà mẹ thế nào rồi 😂🤣,Other
chúc bạn có một ngày vui vẻ 😳,Enjoyment
mấy con lồn này lắm nữa 🙂,Anger
xong là phê lắm mày,Enjoyment
"nhiều người nói con này giả ngu câu thích , nhưng xem lại nhiều lần thấy nó ngu thiệt chứ không phải giả bộ",Disgust
tâm sự không đúng người ngoài việc họ cười vào mặt bạn,Fear
đậu xe kiểu vô văn hoá .,Disgust
kể cả là câu chuyện không có thật thì nó vẫn là một lời nhắc . sân si cái đầu buồi à .,Disgust
boss có bộ đồ ngủ đĩ thõa ghê gớm 😅,Enjoyment
tao ghét nhất mấy mẹ ngoài bắc cứ ỉ lớn tuổi hơn là có quyền chửi người khác là láo toét trong khi mình nói chuyện như l đcm gặp tao tao rút chìa khoá xe của mụ ném ra thật xa cho đi nhặt xem lúc đó gọi con bả kiểu gì . moá lắm lúc không muốn tạo nghiệp mà gặp mấy con mẹ già mất nết này điên thật chớ,Disgust
tự hào ngồi mâm dưới,Enjoyment
ôi vãi mình lên fan cứng rồi cơ 🤗,Enjoyment
dù ra sao vẫn giữ nụ cười và sự tự tin,Enjoyment
quảng cáo đéo gì tao thấy đáng sợ vãi .,Anger
lêu lêu đồ con nuôi,Disgust
này gọi là theo kịp thời đại :)))),Enjoyment
ụa cho fa đọc chi rựa huhu,Sadness
êu ơi mỏng manh thế ??,Other
rất hợp lí,Enjoyment
bộ phim hấp dẫn quá,Surprise
dume s giống suy nghĩ tao thế nhỉ :))) hihi,Surprise
còn tệ hơn năm ngoái,Sadness
nụ cười của crush kích thích vãi :)))))),Enjoyment
cười vãi :)),Enjoyment
ôi đáng yêu quá . đến bao giờ người đàn ông như thế nào mới xuất hiện trong cuộc đời tôi đây,Enjoyment
đâu nhất thiết mỗi cầu đường hả bạn ?,Other
dẹp . đéo lưu luyến .,Anger
"và bức tường , khung lan can , cây cối y nguyên sau ngần ấy năm ư ? 😜",Surprise
"địt mẹ , mình làm khách sạn , lúc vào check phòng kinh vãi lôz . ai họ có ý thức thì không nói , chứ đôi nào mà ...... thì thôi hôm đấy cô dọn phòng xác con mẹ nó định",Anger
đỗ góc cua như này thì khuất tầm nhìn quá . chs bênh,Disgust
"hồi lúc tao ăn lạp xưởng mắc xương , nói mà cũng đéo ai tin . tao hiểu cảm giác của mày lắm ?",Enjoyment
tao bướng nhưng mặt đéo đến nỗi như con bé kia 🤣,Enjoyment
"quỷ cái chứ ma đâu mà ma , haha",Enjoyment
là khi gặp nhau mọi suy nghĩ buồn bực trước đó nhường chỗ cho cậu :)),Enjoyment
"tao đã từng bị , gào thét không 1 ai quan tâm . 1 lũ hơn chục thằng con trai đến bây giờ nhìn mặt lại từng thằng tao vẫn căm . hôm đó tao xuýt chết đuối đmm lũ lol nghiệt súc ấy vẫn chưa bị quả báo",Anger
"giận lại làm gì , cứ để cho anh yêu thời gian thoải mái . khi nào thấy ổn sẽ tự động xuất hiện còn không xuất hiện nữa thì tự hiểu = ))",Other
"đến giờ , em vẫn đang đợi anh , người sẽ đúng và thời điểm sẽ đúng",Enjoyment
bài mà từng nghe khi tổn thương lần đầu,Sadness
per huhu mất đi đồng nghiệp 😭,Sadness
độc nhất vô nhị . kkkk,Enjoyment
ác vãi,Disgust
"nếu không có câu "" per cổ tích per , tao sẽ vả thằng add vỡ mồm ....",Disgust
ra đường không cầm theo đá phong thủy rồi,Other
cũng muốn có những hành động đáng yêu nv,Other
per nói bao nhiêu lần cũng không thấy đủ ... em yêu anh,Enjoyment
không ai cho không ai cái gì . đừng nghĩ rằng cho đi sẽ nhận lại được điều tốt đẹp,Disgust
chuẩn rồi bác . :)))),Enjoyment
bẩn quá,Disgust
rất vui mừng khi ông ấy rời việt nam an toàn tuyệt đối ....,Enjoyment
"lại 1 đứa nghĩ trump chỉ làm trò , haizz",Disgust
tưởng tao sợ ư từ cái lần mày dọa rắn tao và tao rơi điện thoại cuối cùng vỡ màn hình là tao đéo sợ nữa nhớ,Enjoyment
nhìn quả pin ngứa mắt vãi,Disgust
chắc đây là chuyện không có thật thôi . mình đọc qua cũng biết chắc chắn không thể là chữ trẻ con được,Other
tao cũng đang là con ghẻ của tạo hoá,Sadness
không cho giáo viên cái quyền gì thì lấy gì mà dạy nhất là thời buổi lố lăng như bây giờ ... nó quỳ lúc nhỏ khi nó sai còn sửa được đợi lớn lên thì bố mẹ quỳ nhìn nó vào nhà đá,Anger
tuy truong hop thôi cha me tao ra ma không thuong doi su te thi lam sao con no thuong lai thôi xua khac gio khac cu so sanh voi thôi co dai chan,Other
"mình từng chứng kiến trong lúc khám bệnh , con nói chuyện mẹ mà như bà nói chuyện với cháu .",Other
cách anh ấy chạy thật là đàng ông quá đi mà 😂😂,Enjoyment
nhìn quả mặt nó làm tao thoả mãn vãi,Enjoyment
cười đau ruột 🤣🤣🤣,Enjoyment
sắp có thực đơn món mới 😍,Enjoyment
ráng ăn cho nhìu vô ỉa cục cức dài hơn móng tay ổng luôn kk,Enjoyment
hihi : chúc mừng đại kỷ nguyên có lắm người yêu,Enjoyment
mình nghĩ không nên công khai đâu dù gì họ đã biết sai giờ công khai ra chẳng khác nào khiến tâm lý của họ suy sụp hơn,Other
ác nhất là thằng quay phim . bảo đảm nó biết trước mà cố tình không nói cho tài xế biết để bỏ cái tật ngu .,Disgust
"bỏ ghê người ta ngồi ngại đều phải mua nước thoii , ý tưởng hay :)))",Enjoyment
đúng . t vẫn lun chờ đợi đứa đó dọn dô cuộc đời t sống .,Enjoyment
hồi xưa tao bị tiêu chảy kèm ho đã sợ vãi . giờ ho không thôi cũng sợ nhỉ . ??,Fear
"mặt mất dạy nhỉ , câng câng luôn",Disgust
phải rọ mõm chủ mới đúng,Disgust
"thích cái câu , có mỗi thằng con rể đểu mà cứ xoắn cả lên 😂😂😂",Enjoyment
cái gì vui vậy mọi người :)),Enjoyment
đơn giản vì nó đéo còn yêu mày nữa rồi ==,Disgust
nó tăng động y như tao dị đó :)),Enjoyment
per 🤣🤣 còn có quán như này luôn ah,Surprise
per đừng luyện ngôn tình nữa .. chờ cái này xem đi 😂,Other
tôi làm trades . lương tôi không có .. chỉ có thu nhập thôi có tính là cao nhất việt nam không ??? tháng tôi kiếm từ 3000 - 5000,Enjoyment
mới hôm qua cạo lông mà hôm nay lại dài thế cơ à,Surprise
mày không sai thì chẳng lẽ tao lại sai à ?,Anger
chúng ta nói với nhau nhiều quá nên bao giờ không còn gì để nói với nhau 🙂,Sadness
tao thấy mấy thằng đi sh 10 thằng thì 9 thằng không mũ ngông nghênh . ngồi trên xe thì dume mặt cứ nhìn lên trời =)) đéo hiểu chúng nó sĩ oai cái lol gì luôn .,Disgust
"thương các con quá , lũ khốn nạn vì lợi trước mắt ma tội cho bọn trẻ , bọn này cho chết het",Sadness
tôi đã giữ lại mấy cái giấy note đã ghi chú khi nào kiểm tra =))))),Enjoyment
nhớ thời ở ký túc xá quá đi per,Enjoyment
có rất rất nhìu thanh niên ở đây bị đứt dây thần kinh hài hước,Disgust
dcm . ngày bé tao sợ nhện vãi . xem phim thấy yêu tinh nhện,Fear
tao còn phải đợi 3 tháng nữa là đủ 1 gia đình nhỏ rồi,Enjoyment
per suốt ngày bắt người ta đi tập gym nè >.<,Anger
con này là con lợn à,Surprise
tỏ tình đại ai dè dính lun :))),Enjoyment
nhớ nhé đồng nghiệp haha,Enjoyment
nguy hiểm,Fear
sao mọi người gắt gỏng thế nhỉ ? hai anh chị đấy làm cho vui thôi mà lắm người tỏ ra nghiêm túc thế không biết :<,Disgust
nghe bài này nhớ nyc vãi,Sadness
một người đàn ông bản lĩnh thực sự 👍,Enjoyment
mặt tao như này ai mê cho nổiiiii,Sadness
ngựa ngựa ghi tay trái đồ :)),Disgust
có ai đéo hiểu gì như mình không mình trong sáng vãi heee,Enjoyment
mình cũng một thời gắn bó với nó,Enjoyment
còn tao là thoát khỏi 3 năm nói riền và 12 năm nói chung thảm họa của cđ hahaha 😆😆😆😆,Enjoyment
cái gì nó cũng có hạn sử dụng cả 🙂,Other
"mẹ kể hồi nhỏ nuôi con ngỗng thay chó canh nhà . ăn trộm mà vào thì chạy đằng trời với nó , cả bầy lao ra quạt với táp , khi gia đình vác gậy chạy ra thì thằng ăn trộm nó ôm cây trên tít cành cao , áo quần tóc tai lủng máu me tè le . gia đình phải cứu ăn trộm má mấy mẻ còn không tha , 2 3 con vẫn dí nhảy hàng rào dí theo ăn trộm . phải nói dí bao dai mà cục súc vê lờ .",Enjoyment
đồ con ngỗng ngu ngốc 😂,Disgust
thấy xấu hổ thay cho thớt . không hiểu gì về ô tô hay không được trải nghiệm nhiều thì nên lom dom nghe ngóng,Disgust
thứ mất dạy,Anger
nhắn mà ấm lòng nhờ :))) ra gặp anh shipper đẹp trai nữa thì chủ thớt rụng hết buồng trứng :))),Enjoyment
per chúc bạn may mắn,Other
bây chửi kệ bây ! riêng tao thik phá trong trường hợp này 😂,Enjoyment
à ừ đúng rồi tin người quá đến lúc nó đâm cho cũng không biết,Disgust
quãng cáo cũng được đăng à,Surprise
mình hỏi rồi mà họ nữa muốn bán nữa không bạn để hôm sau lên hỏi lại lần nữa,Other
"nhớ trung thu năm ngoái , đứng nhìn các cặp tình nhân ôm hôn , nắm tay nhau ... chạnh lòng lắm !😞",Sadness
cái này ma cái kết gì đâu thằng nhìn thì không bị thằng không nhìn thì bị vãi,Disgust
ae họ mà đéo biết mặt nhau à - _ -,Surprise
có lẽ vậy,Other
bố mẹ tao đọc được tin này + xem cặp lá yêu thương nữa thì bữa trưa nay tao không dám ăn cơm mất .,Fear
thực trạng học tiếng anh từ 6 đến 12 mà không biet giao tiep,Disgust
per quán bán mì quảng cũng có mùi đó mày :)))),Other
đau bụng vãi hix,Sadness
"mới đầu mày sẽ thấy vui , từ từ nó quậy cho mày ????",Fear
ngày đi học . có lúc đang ăn cơm . bố hỏi . per năm nay học lớp mấy rồi con ☺ t không hiểu bố tao hỏi cái gì 😭,Sadness
thằng điên,Disgust
"1 câu mà người ta hay nói , đắng như vị đời 😌",Sadness
các bạn nữ đập đầu vào tường chết hết rồi,Sadness
óc chó còn cố tiếc kéo ôtô lại mới hài chứ . sao nó không ngồi trong xe cho chết mẹ nó đi,Disgust
per hàng hiếm nhà mình,Enjoyment
sao mình không thấy mình vậy ta ??,Other
ăn chọp chẹp cái dume chú à . ghét nhất kiểu ăn vô duyên mất lịch sự này . ăn cà chọp cà chẹp miệng đéo kín được ấy . nghe ứa tai vãi,Disgust
ngỗng chuyên gia mổ háng người ta . đứng không làm gì nó cũng sáp tới tấp . chạy muốn tuột quần .,Disgust
thấy cưng gì đâu,Enjoyment
tao chỉ tag thế thôi mày hiểu thế nào thì hiểu per,Other
"quần áo với xe thế kia là biết gia đình điều kiện tnao rồi 😂 anw , mong ông bà luôn khỏe mạnh , vui vẻ < 3",Enjoyment
rất giỏi,Surprise
mấy con này phải có ngày mấy thằng xe lớn nó tông vào cho lát bét đi . đi ra đường chùm kín người đến nỗi không bật xi nhan xe mà cứ qua tao bị mấy lần vì mấy con này,Anger
độc mà lần nào đi viện cũng bắt chụp 😭😭,Sadness
"con gái mình chỉ vì đến bữa không chịu xuống ăn cơm , cứ du rú trong phòng nên bị bố quát xuống ăn cơm thôi , thế mà nó còn lầm lì vì bị mắng oan đấy",Other
tao mợt bây quá 😂😂😂,Anger
"giọng nói , ngữ khí đi vào lòng người vãi . mắt chị gái đẹp thế 😻",Enjoyment
1 lần thôi cũng đủ xao xuyến anh rồi,Enjoyment
"ôiii vãi , dume nhìn thôi tao đã sợ rồi . từ nhện nhỏ đến nhện to không con nào là tao không sợ :((",Fear
giống găng tay của thanos vậy,Surprise
78 thằng đéo có ý thức,Disgust
đã từng nên tao hiểu cảm giác ấy . vừa tiếc ly trà sữa vừa phải lết xác đi giặt cái balo,Sadness
"phim hay , nhưng mà lần đầu xem là cùng nyc nên .. 😐",Sadness
"nhiều kỷ niệm đẹp , giờ nhìn mấy đứa nhóc đi học mà muốn quay về quá khứ .",Sadness
đang buồn cần 1 người nhắn tin tâm sự hằng đêm,Sadness
cười vào mặt mấy đứa không có người yêu :))),Enjoyment
"k dịch nốt đi , dịch nửa vời thế , dume",Disgust
ối dồi ôi ! như con lợn hồng vậy ! haha,Enjoyment
cháu tao thì có vẻ như có phần chững chạc hơn =))),Enjoyment
"hôm trước tao đi chơi về đường vắng nên chạy nhanh , vừa qua cua anh cảnh sát chạy ra chặn làm tao sợ chetme vì giấy tờ không có bằng lái thì chưa thi lại còn thiếu abcxyz",Fear
vẻ đẹp phi giới tính luôn,Surprise
dm đạp xe đã mệt lòi cứt ra xong còn hỏi hỏi cái beep,Anger
tình yêu thật nghiêm túc . thì nên bắt đầu . không phí thanh xuân một người con gái lắm !!,Other
tiền nhiều để làm gì khi tình không còn,Sadness
t chỉ sợ cảnh đấu kiếm :((,Fear
:v buồn cười ghê .,Enjoyment
phim ấn độ duy nhất tao xem mà không cảm thấy vật lý logic quá khó hiểu dù thật ra trong phim này nhiều kiến thức hại não thật ; )),Enjoyment
tao cũng sắp bị đuổi ra khỏi nhà roi,Other
per mùa này mà làm cú mền này giữa trưa 40 độ hết sảy =]],Enjoyment
"lúc nhỏ nấu bằng này không , nấu hơi bị ngon , tạo cơm cháy ăn bao riềng",Enjoyment
ngồi suy nghĩ 1 hồi xem trái hay phải rồi mới nói được . khổ vãi mà !,Sadness
đã check rồi lại còn đoán :)) em vui tính giống anh đấy :)),Enjoyment
t cho mẹ tao xem và đã bị ăn vả . đéo hiểu vì sao,Anger
chả có gì vui 😏😏😏,Disgust
thương chỉ sợ em không cho anh cơ hội thôi,Sadness
dume . cuộc đời mày ơi . không làm gì được thì cười cho nó qua đi mày,Other
lâu lắm rồi chưa ăn được miếng cơm cháy .,Sadness
"đã xấu còn ngáo , lại còn tham ăn nữa ??????",Disgust
nói tới thì lại dỗi bỏ được mấy đồng ra rồi bày ra như chuồng lợn í thức đéo khác gì con lợn .,Anger
"tao bắt con tao quỳ ở góc nhà suốt , nó mà biết nhục , biết tự trọng nó sẽ không để phải bị quỳ",Other
tởm nhìn đã kinh,Disgust
per nhớ cái này không haha,Enjoyment
per b trà ơi . năm nay là pải mạnh dạn và bất chấp nhé 🤣🤣🤣,Enjoyment
thế cây này có được gọi là cây tình yêu không ??,Other
per câu chuyện ngắn gọn trọn tình 😂😂,Enjoyment
"per nghe rv thấy cũng hay nè , liên quan đến bùa ngải các kiểu có vẻ hấp dẫn :v",Enjoyment
nghe thôi đã thấy chảy hết nước miếng rồi =))),Enjoyment
per =)))) đáng sợ vãi,Fear
"đang học sử buồn ngủ , xem cái này tỉnh rụi liền =))",Enjoyment
"cái ông này mới xem thì thấy bình thường , mà càng xem lại càng đẹp trai 😂",Enjoyment
các cô không chịu mở lòng thì sao chúng tôi lấy được ????? hả các cô gái,Disgust
đồng đội tốt ... nhưnh rất tiết chúng ta không có duyên 😀 kaka,Enjoyment
per dume vỉa hè quá rộng . con này không đi oto bao giờ là chắc ?,Disgust
nhìn đáng yêu vãi :))),Enjoyment
cái dân mê tín ngu si làm giàu cho tiệm vàng,Disgust
"con gái không thích con trai đầu hói , vì cưới về dễ nhầm đầu :d",Enjoyment
"dm tao thấy người ta không sợ vì rắn mà sợ vì thằng chả la làm hết hồn , toàn núp lén rồi la lên thằng đéo nào mà không sợ chứ",Anger
ấm áp ghê =)),Enjoyment
lấy vợ xong đã đầu tư được cái váy với cái vương miện rồi,Other
mẹ tao cũng thix em này 😅,Enjoyment
per nó chỉ muốn biết bạn có nhu cầu làm áo lớp hay không thôi,Other
đó là cuộc sống của mỗi người .. mình phải tôn trọng nhau thôi,Other
"chưa muốn lấy , cơ hội vẫn chia đều cho tất cả các anh : ))",Enjoyment
không biết người của họ hay sao mà bắt heo 2 ngày trúng 2 cái ipx,Other
ae phục vụ ngày xưa của mình đâu rồi . sao thấy thương bạn này,Sadness
đôi khi có tiền cũng không đi được đâu vì đéo có ai đi cùng,Sadness
con nai vàng ngơ ngác 😔,Other
thế mà lại có người bảo đầu tao như đầu bùi :(( dume đánh chết cha giờ :)),Anger
kiểu gì mai cũng lại có vụ rất gì và này nọ cho xem,Other
"cà phê king là của chị thảo hả uống dở hơn nước đái mèo nữa , thấy gơm",Disgust
bó tay luôn á,Sadness
sao giá ảo quá vậy :)))),Surprise
con trai gục đổ . con gái dụng trứng . lậy cô .... à nhầm lậy anh,Other
dạ vâng đây là cái xồ đấy ạ kakaka,Enjoyment
sau này đừng quên nhau nha,Other
"sau 15 năm cắp sách đi học và 2 , 5 năm không động đến sách thì bây giờ đang tự hỏi đây là gì sao mà giải được . huhu",Sadness
dân trí thấp thế thì bao giờ mới phát triển đất nước được,Disgust
cấp 1 đi học cũng gặp bọn quái đản này,Disgust
moẹ s tuổi thơ của tôi toàn găp phải thằng mất dạy . toàn đánh với bắt nạt các b nữ . đm thằng per với thằng per lơn . tau vẫn nhớ,Anger
dưới cái nóng 40 độ ngày hôm này xem video này xong thất mát lòng vãi_chưởng :)),Enjoyment
per nói ít thôi hành động nhiều hơn . time sẽ là câu trả lời . mong là 2 đứa cùng nhau già đi như này .,Enjoyment
loại này đốt có chết không nhỉ,Other
ngoài mấy cảnh nhảy múa hát hò vớ vẩn ra thì phim hay,Enjoyment
hay lắm cậu bé,Enjoyment
per đi bộ ở trường về thì dcm nổi ám ảnh đúng giờ tao về là dcm nó ra nó dí ngày nào cũng dí chạy cái luôn,Fear
hôm qua tao xem xong ngất xỉu tới giờ mới tĩnh chúng mày ạ 😌😌😌,Sadness
sau cùng cả 2 đều bị ảnh hưởng trầm trọng :((,Sadness
cái thứ gì đâu không 😈,Disgust
đáng yêu =)),Enjoyment
ánh mắt thằng con muốn nói : cứu cháu hình như ba sắp ném con ùi,Fear
per cố đợi đi nha để em mua bảo hiểm cho anh 🙂,Enjoyment
nhớ không em lời hứa ngày xưa mình bên nhau dưới ánh trăng đã nguyện thề :)),Enjoyment
gặp mấy anh việt nam đi nhanh gấp em thề với chị là nhanh gọn đảm bảo chỉ suong,Enjoyment
galang thế không bjt . trẻ con còn như thế người lớn chắc không tôgn tại đâu . ước gì cũg được như vậy,Other
cái này thì hôm nào nói chuyện tao nói cho nghe ??,Other
sao không cho con già đấy mấy cái vào mõm cho vỡ cái nó mõm chó luôn,Anger
trời ơi càng ngày ổ càng giống con đuông dừa 😑😑😑,Disgust
và tôi đã mất đi 1 người như thế .,Sadness
đồng nghiệp của tôi thật tuyệt vời,Enjoyment
nhìn đôi bàn tay đã biết phải lao động rồi . chị có lấy trai việt không :)),Enjoyment
per nét chữ giống hệt chữ của tao luôn mày,Other
per chắc là mày đi hốt này,Other
cho nên đư ̀ người bao giờ cô ́ tỏ ra la ̀ ca ́ i gì ̀ mi ̀ nh cu ̃ người biê ́ tao nhé,Disgust
cứ thấy trai đẹp là tao hạnh phúc :),Enjoyment
cảm giác lúc ấy sẽ ra sao,Other
"tao là trùm nấu cơm kiểu này rồi ,, còn bây giờ mất điện thi nấu bằng bếp ga :))",Enjoyment
đường của nhà cụ hay sao mà cụ cấm người ta đỗ . sai đâu đã có pháp luật cụ ích kỷ quá đấy .,Disgust
nhìn mặt héo queo luôn,Other
tao đi xe máy mỗi lần muốn để xe đi đâu là phi mẹ nó vào quán net gửi đấy rồi đi ra đéo mất phí,Other
thích thân hình boss rồi nhan 😌,Enjoyment
ước mơ nhỏ nhoi của tao là được làm chị mà không thể nào làm được huhu,Sadness
