id,text_raw,original_label,predicted_label,original_label_probability,label_quality_score,evidence,suggestion,action,new_label,review_note
4562,Hối hận rồi cũng chả giải quyết đc j,trung_tinh,buon,0.008459937,0.06937742,2,change->buon,keep,,"User decision: Keep trung_tinh (Icons are chat habits, Advice/Philosophy/Negation are neutral)"
7793,k hối hận khi đã làm,trung_tinh,buon,0.020481596,0.08550081,2,change->buon,keep,,"User decision: Keep trung_tinh (Icons are chat habits, Advice/Philosophy/Negation are neutral)"
7570,Tôi chưa bao gio cảm thấy hối hận,trung_tinh,buon,0.025190275,0.11765057,2,change->buon,keep,,"User decision: Keep trung_tinh (Icons are chat habits, Advice/Philosophy/Negation are neutral)"
3249,trong đời người sướng nhất là không phải hối hận điều gì.,trung_tinh,buon,0.042173363,0.16507953,2,change->buon,keep,,"User decision: Keep trung_tinh (Icons are chat habits, Advice/Philosophy/Negation are neutral)"
151,"@Hien2021 Những mảnh ghép của cuộc sống trải qua một sự thay đổi không ngừng, từ những lo lắng nhỏ bé của tuổi trẻ đến những nỗi sợ lớn hơn khi trưởng thành. Trên con đường của mỗi người, những mảnh vụn này kết hợp lại để tạo nên bức tranh phức tạp",trung_tinh,lo_au,0.035319526,0.18199497,2,change->lo_au,keep,,"User decision: Keep trung_tinh (Icons are chat habits, Advice/Philosophy/Negation are neutral)"
7233,một khi đã nghĩ thì ko bao giờ sai nên ko có gì mà phải hối hận,trung_tinh,buon,0.04646485,0.19806415,2,change->buon,keep,,"User decision: Keep trung_tinh (Icons are chat habits, Advice/Philosophy/Negation are neutral)"
2077,Tôi đã xác định làm gì thì không bao giờ hối hận,trung_tinh,buon,0.029510677,0.20332816,2,change->buon,keep,,"User decision: Keep trung_tinh (Icons are chat habits, Advice/Philosophy/Negation are neutral)"
866,Cuộc sống lúc vui lúc buồn mà,trung_tinh,buon,0.047381155,0.22606415,2,change->buon,keep,,"User decision: Keep trung_tinh (Icons are chat habits, Advice/Philosophy/Negation are neutral)"
5748,"Em thường hay ngủ khi buồn, stress<br>Nhưng có lúc ngủ dậy nhận tin buồn phiền nó buồn 1 cách tỉnh táo luôn",trung_tinh,buon,0.023119975,0.32186806,2,change->buon,keep,,"User decision: Keep trung_tinh (Icons are chat habits, Advice/Philosophy/Negation are neutral)"
9379,các bạn đang bảo con này ah 😂😂😂,trung_tinh,vui,0.025707804,0.0612292,1,review,keep,,"User decision: Keep trung_tinh (Icons are chat habits, Advice/Philosophy/Negation are neutral)"
9005,nhà tạp hoá đấy hả ... :)))),trung_tinh,vui,0.030256042,0.066060275,1,review,keep,,"User decision: Keep trung_tinh (Icons are chat habits, Advice/Philosophy/Negation are neutral)"
4862,thứ ngăn cản bn ko phải là bài tập ng iu bn bè nhan sắc ng khác mà là những j mà bn sẽ lm bn chỉ sợ ngt nói trong khi thật ra họ quan tâm bn chỉ là bn sợ,trung_tinh,lo_au,0.030332489,0.07061607,1,review,keep,,"User decision: Keep trung_tinh (Icons are chat habits, Advice/Philosophy/Negation are neutral)"
4808,Thật ra thuyết tiến hóa của Darwin vẫn chưa được các nhà khoa học hay tổ chức nào chứng minh nó tồn tại 100% nhưng vì từ lúc thuyết đó ra đời vẫn chưa có ai có bằng chứng để phủ nhận và cũng có vài điểm hợp lí nên vẫn giữ thuyết đó đến tận bây giờ và các nỗi sợ hay tật xấu được di truyền từ thời tiền sử đến tận bây giờ có thể chưa chính xác :),trung_tinh,lo_au,0.02497683,0.073330075,1,review,keep,,"User decision: Keep trung_tinh (Icons are chat habits, Advice/Philosophy/Negation are neutral)"
4540,Huỳnh Kim Oanh ng chị hay hút trân châu😌,trung_tinh,vui,0.032391477,0.07754728,1,review,keep,,"User decision: Keep trung_tinh (Icons are chat habits, Advice/Philosophy/Negation are neutral)"
2075,yêuc nhau một cách tự do . tôn trọng sư riêng tư của nhau,trung_tinh,hy_vong,0.036787804,0.083073765,1,review,keep,,"User decision: Keep trung_tinh (Icons are chat habits, Advice/Philosophy/Negation are neutral)"
7173,lũ kiến ở nhà mày thích vậy .,trung_tinh,gian_du,0.046142135,0.087964475,1,review,keep,,"User decision: Keep trung_tinh (Icons are chat habits, Advice/Philosophy/Negation are neutral)"
717,tao đi xe máy mỗi lần muốn để xe đi đâu là phi mẹ nó vào quán net gửi đấy rồi đi ra đéo mất phí,trung_tinh,gian_du,0.0146352975,0.09771341,1,review,keep,,"User decision: Keep trung_tinh (Icons are chat habits, Advice/Philosophy/Negation are neutral)"
3081,chủ tịch giả làm ăn xin và cái kết . đừng bao giờ coi thường người nghèo,trung_tinh,gian_du,0.034231648,0.10186756,1,review,keep,,"User decision: Keep trung_tinh (Icons are chat habits, Advice/Philosophy/Negation are neutral)"
5337,Ngược chiều ở cao tốc,lo_au,trung_tinh,0.025715563,0.102176964,1,review,change,trung_tinh,Pure statement/observation -> change to trung_tinh
7094,Content thôi :)),trung_tinh,vui,0.03487584,0.102368,1,review,keep,,"User decision: Keep trung_tinh (Icons are chat habits, Advice/Philosophy/Negation are neutral)"
5273,per vợ thích bếp ga mini hay loại bếp ga đôi nào 😂😂😂😂,trung_tinh,vui,0.01900974,0.107512474,1,review,keep,,"User decision: Keep trung_tinh (Icons are chat habits, Advice/Philosophy/Negation are neutral)"
9713,Ngọc Trầm Thủy Thượng cay,gian_du,trung_tinh,0.036354337,0.10773638,1,review,keep,,Trust human emotion label over model's neutral guess
8028,"per haha nhiều tiền quá mang đây tao tiêu hộ cho , đóng thuế 10 củ phí quá =))",trung_tinh,vui,0.019612944,0.108015,1,review,keep,,"User decision: Keep trung_tinh (Icons are chat habits, Advice/Philosophy/Negation are neutral)"
7087,"per thì mấy ông nhậu bắt sạch , còn đâu mà phá hoại",trung_tinh,gian_du,0.04149713,0.108958274,1,review,keep,,"User decision: Keep trung_tinh (Icons are chat habits, Advice/Philosophy/Negation are neutral)"
3794,per nhớ thật sự,trung_tinh,buon,0.025861371,0.11007917,1,review,keep,,"User decision: Keep trung_tinh (Icons are chat habits, Advice/Philosophy/Negation are neutral)"
5019,Tàn canh chuyến này,that_vong,trung_tinh,0.026128367,0.110402375,1,review,keep,,Trust human emotion label over model's neutral guess
5303,Việt Nam cũng đang trên đường giông như Nhật… có khác gì đâu :)),trung_tinh,vui,0.049161512,0.11246681,1,review,keep,,"User decision: Keep trung_tinh (Icons are chat habits, Advice/Philosophy/Negation are neutral)"
2391,Trà My chưa bị bế lên phường là chưa sợ mô...ae yên tâm 😼😼,trung_tinh,lo_au,0.04044162,0.11361611,1,review,keep,,"User decision: Keep trung_tinh (Icons are chat habits, Advice/Philosophy/Negation are neutral)"
8244,bốc phốt khách thế không sợ mất khách à bác ??,trung_tinh,lo_au,0.035454113,0.11382991,1,review,keep,,"User decision: Keep trung_tinh (Icons are chat habits, Advice/Philosophy/Negation are neutral)"
942,Nguyễn Hoàng Ngân thôi nhen,gian_du,trung_tinh,0.04719496,0.11426264,1,review,keep,,Trust human emotion label over model's neutral guess
6734,Trần Dinh Kini thì cũng tới đó vướng lại rồi đó,that_vong,trung_tinh,0.046016,0.11577839,1,review,keep,,Trust human emotion label over model's neutral guess
5760,con cái nhà ai mà bố mẹ chăm cho đẫy đà ngon ngọt thế,trung_tinh,gian_du,0.025220279,0.11608344,1,review,keep,,"User decision: Keep trung_tinh (Icons are chat habits, Advice/Philosophy/Negation are neutral)"
5519,lại cho lên chơi với các cụ 😌😌😌,trung_tinh,vui,0.029511016,0.11613768,1,review,keep,,"User decision: Keep trung_tinh (Icons are chat habits, Advice/Philosophy/Negation are neutral)"
8961,Truy xét chủ thầu là đơn vị nào,hy_vong,trung_tinh,0.049963117,0.11848858,1,review,change,trung_tinh,Pure statement/observation -> change to trung_tinh
7497,Khoa Duc Nguyen chỉ có 3/ mới thích Trump mà ông,that_vong,trung_tinh,0.041057847,0.11942664,1,review,keep,,Trust human emotion label over model's neutral guess
9936,Trúc Phương Lê kiện thoi,vui,trung_tinh,0.032401983,0.12176564,1,review,keep,,Trust human emotion label over model's neutral guess
7618,Đi ngược chiều cao tốc Còn nhận biên bản là may đấy,gian_du,trung_tinh,0.033855144,0.12319484,1,review,change,trung_tinh,Pure statement/observation -> change to trung_tinh
7550,Đối với em thì cách để xả stress nhanh nhất là khóc <br>Khóc là thứ nhanh nhất để xả stress<br>Cứ để nó chảy theo dòng cảm xúc thôi☺☺,trung_tinh,hy_vong,0.029613003,0.12407696,1,review,keep,,"User decision: Keep trung_tinh (Icons are chat habits, Advice/Philosophy/Negation are neutral)"
7546,Bình An độc toàn thân,gian_du,trung_tinh,0.038437635,0.12510419,1,review,keep,,Trust human emotion label over model's neutral guess
9956,thật ra mấy đứa bị chửi nhiều thế này ra đời lại biết cư xử hơn những đứa khác .,trung_tinh,gian_du,0.03239278,0.12589574,1,review,keep,,"User decision: Keep trung_tinh (Icons are chat habits, Advice/Philosophy/Negation are neutral)"
6527,điềm báo gì đây,lo_au,trung_tinh,0.02304529,0.12620044,1,review,keep,,Trust human emotion label over model's neutral guess
587,tại mình thử hết rồi :)) nên cậu nói thế thì mình bình luận thôi :)),trung_tinh,vui,0.033249673,0.12775624,1,review,keep,,"User decision: Keep trung_tinh (Icons are chat habits, Advice/Philosophy/Negation are neutral)"
660,vẫn là chính sách trên giấy tờ,that_vong,trung_tinh,0.032326654,0.12789372,1,review,keep,,Trust human emotion label over model's neutral guess
10033,Ai thắng cũng dc nhưng Trump thì oke hihi,trung_tinh,hy_vong,0.04710482,0.12819713,1,review,keep,,"User decision: Keep trung_tinh (Icons are chat habits, Advice/Philosophy/Negation are neutral)"
5134,liệu có bền lâu,lo_au,trung_tinh,0.03235541,0.13124534,1,review,keep,,Trust human emotion label over model's neutral guess
3944,đây là lần cuối cùng các bạn nhìn thấy anh ấy,buon,trung_tinh,0.009831143,0.1323053,1,review,keep,,Trust human emotion label over model's neutral guess
1944,Thời ấy nước nào có dân số đông thì nước ấy mạnh.Quân đội chủ yếu là dùng số đông đánh số ít.mà dân đông thì quân đội đông😊,trung_tinh,hy_vong,0.037601266,0.13255501,1,review,keep,,"User decision: Keep trung_tinh (Icons are chat habits, Advice/Philosophy/Negation are neutral)"
7885,Cuộc Sống Thường Ngày 🍀🍀🍀🍀🍀🍀🍀🍀🍀🍀🍀,trung_tinh,hy_vong,0.038391065,0.1363397,1,review,keep,,"User decision: Keep trung_tinh (Icons are chat habits, Advice/Philosophy/Negation are neutral)"
1863,Chuẩn bị😁,trung_tinh,vui,0.03868392,0.13738453,1,review,keep,,"User decision: Keep trung_tinh (Icons are chat habits, Advice/Philosophy/Negation are neutral)"
4222,Hoa Vu sau uống trà sữa bằng thìa thôi nhể,lo_au,trung_tinh,0.039234973,0.13752618,1,review,keep,,Trust human emotion label over model's neutral guess
4331,bếp thiiêu chân mày,vui,trung_tinh,0.0370768,0.13893336,1,review,keep,,Trust human emotion label over model's neutral guess
6092,"mình đã xem rất nhiều video như này rồi , nên thấy cũng bình thường =)))",trung_tinh,vui,0.026487505,0.14025861,1,review,keep,,"User decision: Keep trung_tinh (Icons are chat habits, Advice/Philosophy/Negation are neutral)"
4734,Chiều cao quan trọng hơn nhan sắc ( đối vs con trai 😌 ),trung_tinh,vui,0.033856854,0.14155093,1,review,keep,,"User decision: Keep trung_tinh (Icons are chat habits, Advice/Philosophy/Negation are neutral)"
4809,Dung Phung anh chiến oánh cho bây h,lo_au,trung_tinh,0.03993435,0.14477465,1,review,keep,,Trust human emotion label over model's neutral guess
3729,Nếu gặp trường hợp như vậy mình cũng sẽ như ad…,trung_tinh,hy_vong,0.04377183,0.14648056,1,review,keep,,"User decision: Keep trung_tinh (Icons are chat habits, Advice/Philosophy/Negation are neutral)"
4825,thiếu cà fe,hy_vong,trung_tinh,0.041783433,0.1497626,1,review,keep,,Trust human emotion label over model's neutral guess
8591,thấy bản thân mk ở đây,buon,trung_tinh,0.0454706,0.15039167,1,review,keep,,Trust human emotion label over model's neutral guess
2881,Hoàng Thiên Ngọc icon này là chưq có nguoi yeu nhé,buon,trung_tinh,0.01610275,0.15066707,1,review,keep,,Trust human emotion label over model's neutral guess
10211,Chu Bích Ngọc hút ít thôi nhé,lo_au,trung_tinh,0.022833467,0.15118763,1,review,keep,,Trust human emotion label over model's neutral guess
9448,đăng khoa lê lò dầu của mẹ nè anh 😘😘😘,trung_tinh,vui,0.0345164,0.1512672,1,review,keep,,"User decision: Keep trung_tinh (Icons are chat habits, Advice/Philosophy/Negation are neutral)"
5742,Nguyễn Đạt đơn hàng lớn gần 1 triệu thì phải cẩn thận thôi. Đó là luật chơi. Ko chơi được thì chịu thiệt.,trung_tinh,gian_du,0.046489052,0.15133423,1,review,keep,,"User decision: Keep trung_tinh (Icons are chat habits, Advice/Philosophy/Negation are neutral)"
5928,lòng đường không phải nhà cụ nên cụ sai nhé . vỉa hè to vậy rồi cụ còn muốn như thế nào,gian_du,trung_tinh,0.03878579,0.15436807,1,review,keep,,Trust human emotion label over model's neutral guess
5029,"Đặng Bạch Phát bạn phải đặt mình vào hoàn cảnh của Walt thì mới biết đc, Jane lấy tiền r còn có ý định đe doạ tố ổng bán mai thúy, con thì mới đc sinh lỡ đi tù thì đi toi nên ổng để Jane ch*t là điều ai cx có thể đoán đc.",trung_tinh,gian_du,0.049728166,0.15477577,1,review,keep,,"User decision: Keep trung_tinh (Icons are chat habits, Advice/Philosophy/Negation are neutral)"
9026,Phi Long tao mua vf8 đợt đầu đây,vui,trung_tinh,0.04122309,0.15837175,1,review,keep,,Trust human emotion label over model's neutral guess
9318,Đoàn Thanh Sơn đau emmm,buon,trung_tinh,0.024250489,0.15949968,1,review,keep,,Trust human emotion label over model's neutral guess
9569,"toan cao lại nữa , tao dg suy nghĩ có nên đi bằng grap về không",trung_tinh,lo_au,0.04251367,0.16497958,1,review,keep,,"User decision: Keep trung_tinh (Icons are chat habits, Advice/Philosophy/Negation are neutral)"
2690,Phan MyHạnh Phan cho ăn trân châu bằng muỗng thôi,lo_au,trung_tinh,0.037433285,0.16693631,1,review,keep,,Trust human emotion label over model's neutral guess
2105,cắt như anh này gọn gàng thoáng mát nhé auto đẹp trai,trung_tinh,vui,0.024333678,0.16804376,1,review,keep,,"User decision: Keep trung_tinh (Icons are chat habits, Advice/Philosophy/Negation are neutral)"
8382,bếp dầu lại nhớ thời sinh viên,trung_tinh,buon,0.03268284,0.16805363,1,review,keep,,"User decision: Keep trung_tinh (Icons are chat habits, Advice/Philosophy/Negation are neutral)"
5495,Chuẩn Nhưng tìm đâu ra,that_vong,trung_tinh,0.04540639,0.16886365,1,review,keep,,Trust human emotion label over model's neutral guess
1198,Phấn đầu lời bác hồ dạy. Sánh vai các cường quốc 5 châu.,hy_vong,trung_tinh,0.025029885,0.16926917,1,review,keep,,Trust human emotion label over model's neutral guess
9018,"còn những người bình thường rất dữ , thật ra họ hiền lắm , nội tâm lắm",trung_tinh,buon,0.011660329,0.16962126,1,review,keep,,"User decision: Keep trung_tinh (Icons are chat habits, Advice/Philosophy/Negation are neutral)"
6122,Nhớ đời lun,trung_tinh,buon,0.04800251,0.17212248,1,review,keep,,"User decision: Keep trung_tinh (Icons are chat habits, Advice/Philosophy/Negation are neutral)"
227,chưa 1 lần vấn vương thời c3 =)),trung_tinh,vui,0.043381307,0.1736452,1,review,keep,,"User decision: Keep trung_tinh (Icons are chat habits, Advice/Philosophy/Negation are neutral)"
4436,nhìn kinh,gian_du,trung_tinh,0.030065026,0.17505896,1,review,keep,,Trust human emotion label over model's neutral guess
1183,Gần 30 rồi,lo_au,trung_tinh,0.026563464,0.17572248,1,review,keep,,Trust human emotion label over model's neutral guess
6900,tao nấu củi chưa nấu bằng rơm bao giờ 😪,trung_tinh,that_vong,0.038771726,0.17609861,1,review,keep,,"User decision: Keep trung_tinh (Icons are chat habits, Advice/Philosophy/Negation are neutral)"
9059,"cái này gọi là truyền thống , không thể nói là quên được",buon,trung_tinh,0.015878757,0.17687798,1,review,keep,,Trust human emotion label over model's neutral guess
6300,Khánh Hòa lớp trưởng cứ phải cứng rắn lên bn,hy_vong,trung_tinh,0.03631845,0.17785406,1,review,keep,,Trust human emotion label over model's neutral guess
872,Bình tĩnh nghe em nói Mọi chiện ko như anh thấy đâu,lo_au,trung_tinh,0.020473279,0.17812687,1,review,keep,,Trust human emotion label over model's neutral guess
6764,Đình Du anh nằm dưới gầm giường nhà em à?,vui,trung_tinh,0.040388044,0.17855462,1,review,keep,,Trust human emotion label over model's neutral guess
5695,ngày xưa nghèo . có bếp dầu là mai rồi .,hy_vong,trung_tinh,0.039430298,0.18282187,1,review,keep,,Trust human emotion label over model's neutral guess
3807,"Trần Hưng cùng toà với a phải ko, tối ngủ khoá chặt cửa vào a nhé",lo_au,trung_tinh,0.04916015,0.18315399,1,review,keep,,Trust human emotion label over model's neutral guess
4287,ông trời tính lấy thêm của t 1 người t thương nữa hả?,lo_au,trung_tinh,0.02567566,0.18400145,1,review,keep,,Trust human emotion label over model's neutral guess
96,cuộc sống của mỗi con người đã được quyết định sẵn nên dù bản thân có bước đúng hay sai thì cũng cố mỉm cười trước cánh cửa số phận,trung_tinh,hy_vong,0.03805731,0.18436253,1,review,keep,,"User decision: Keep trung_tinh (Icons are chat habits, Advice/Philosophy/Negation are neutral)"
8943,nên phát huy,hy_vong,trung_tinh,0.043595243,0.18504462,1,review,keep,,Trust human emotion label over model's neutral guess
2311,"bị đánh 1 lần thì hơi sốc , nhưng nhiều lần thì tâm hồn sẽ trở nên mạnh mẽ , cảm xúc nó mới đàn hồi",trung_tinh,hy_vong,0.04254469,0.1907838,1,review,keep,,"User decision: Keep trung_tinh (Icons are chat habits, Advice/Philosophy/Negation are neutral)"
9928,pháp không còn khoảng thời gian bình yên nữa rồi,lo_au,trung_tinh,0.04383608,0.19179407,1,review,keep,,Trust human emotion label over model's neutral guess
8460,Nguyen Huu Tai cả 2.. đều đỉnh,vui,trung_tinh,0.03539447,0.19214666,1,review,keep,,Trust human emotion label over model's neutral guess
4145,Quốc Ca dân tộc ta là sự ghi nhận theo chiều dài lịch sử từ khi chưa có độc,vui,trung_tinh,0.033169545,0.19245592,1,review,keep,,Trust human emotion label over model's neutral guess
5333,Hải Lan Thì tui đang rảnh mà:))).Thấy spam nhiều nên cmt thui:)),trung_tinh,vui,0.04228788,0.1932913,1,review,keep,,"User decision: Keep trung_tinh (Icons are chat habits, Advice/Philosophy/Negation are neutral)"
3577,per con nhện cản bước bé xuống cầu thang,lo_au,trung_tinh,0.031818222,0.19511539,1,review,keep,,Trust human emotion label over model's neutral guess
3318,"trưa nay nhà em ăn cơm , admin nói với mấy chú truyền hình đừng chiếu tin này lên nha",gian_du,trung_tinh,0.045171686,0.19511613,1,review,keep,,Trust human emotion label over model's neutral guess
3320,nước ngoài cái gì cũng to kể cả sinh vật,lo_au,trung_tinh,0.03781392,0.19566622,1,review,keep,,Trust human emotion label over model's neutral guess
8221,Phuoc Truong tưởng lẩu gà bến tre chứ?,vui,trung_tinh,0.02797013,0.19599715,1,review,keep,,Trust human emotion label over model's neutral guess
6176,Cecilia Pham căng nhỉ,lo_au,trung_tinh,0.032669075,0.19647208,1,review,keep,,Trust human emotion label over model's neutral guess
5566,"Tôi bị dính dấu hiệu 2,4,5 rồi",lo_au,trung_tinh,0.048112754,0.19727647,1,review,keep,,Trust human emotion label over model's neutral guess
9226,"Em thích khóc một mình lúc tắm lắm vì như vậy không ai biết mình khóc và mình cũng có thể khóc nhiều hơn khóc ra tiếng mà không ai biết. Tắm xong , khóc xong rồi đi ngủ. Rồi một ngày mới bắt đầu, một cơ hội nữa dành cho mình tiếp tục cố gắng hoặc có thể khóc nữa. =))",trung_tinh,hy_vong,0.01552503,0.19738698,1,review,keep,,"User decision: Keep trung_tinh (Icons are chat habits, Advice/Philosophy/Negation are neutral)"
2042,không gì hơn ngoài tình thân,vui,trung_tinh,0.04044297,0.19766542,1,review,keep,,Trust human emotion label over model's neutral guess
3774,Màn cầu hôn lãng mạn chưa đầy 24 giờ,vui,trung_tinh,0.027835598,0.19853914,1,review,keep,,Trust human emotion label over model's neutral guess
7235,Ngân Hà ấy tt ko nhận nha,that_vong,trung_tinh,0.047808144,0.20399302,1,review,keep,,Trust human emotion label over model's neutral guess
6110,Có phải fb này đánh ngừoi ko,gian_du,trung_tinh,0.037519228,0.20866355,1,review,keep,,Trust human emotion label over model's neutral guess
2043,@Gia Đạt là hối hận dữ chuauw,trung_tinh,buon,0.073632486,0.20915696,1,review,keep,,"User decision: Keep trung_tinh (Icons are chat habits, Advice/Philosophy/Negation are neutral)"
618,Trịnh Bảo Ngọc k xem cũng biết win r,vui,trung_tinh,0.035069585,0.2113924,1,review,keep,,Trust human emotion label over model's neutral guess
250,Nè ck. Nay thôi nhé Hiếu Hà,lo_au,trung_tinh,0.015683362,0.21156636,1,review,keep,,Trust human emotion label over model's neutral guess
3695,Huỳnh Phương Linh sầu,buon,trung_tinh,0.032069247,0.21229935,1,review,keep,,Trust human emotion label over model's neutral guess
3553,Hân Ngọc Bảo Nguyễn thiệt luôn á .,that_vong,trung_tinh,0.03850844,0.21347386,1,review,keep,,Trust human emotion label over model's neutral guess
8682,cai lo xô tôi đang xài mỗi ngày,trung_tinh,lo_au,0.048711076,0.21428615,1,review,keep,,"User decision: Keep trung_tinh (Icons are chat habits, Advice/Philosophy/Negation are neutral)"
8946,giữa dòng đời này chắc mỗi mình mình xin list nhạc :3,trung_tinh,hy_vong,0.020495305,0.21541035,1,review,keep,,"User decision: Keep trung_tinh (Icons are chat habits, Advice/Philosophy/Negation are neutral)"
8458,mỗi năm cũng xem lại đôi lần,trung_tinh,buon,0.027881304,0.21623999,1,review,keep,,"User decision: Keep trung_tinh (Icons are chat habits, Advice/Philosophy/Negation are neutral)"
4032,Nhi Little đúng là đời,that_vong,trung_tinh,0.036640458,0.21696225,1,review,keep,,Trust human emotion label over model's neutral guess
2994,"Đời còn dài, gái còn nhiều.",hy_vong,trung_tinh,0.03643921,0.2170499,1,review,keep,,Trust human emotion label over model's neutral guess
308,"Trên 30 chenh vênh là do đoạn 2x ko cbi, bạn nào lỡ rồi thì thôi, hoan hỉ cố gắng lại, tầm này r ko than vãn ra tiền dc đâu 🥵🥵🥵",trung_tinh,hy_vong,0.048338052,0.21852368,1,review,keep,,"User decision: Keep trung_tinh (Icons are chat habits, Advice/Philosophy/Negation are neutral)"
2822,chia tay đi bạn,gian_du,trung_tinh,0.018479936,0.2198213,1,review,keep,,Trust human emotion label over model's neutral guess
4713,Còn người là còn của !,hy_vong,trung_tinh,0.04248786,0.22029215,1,review,keep,,Trust human emotion label over model's neutral guess
7218,Kim Ngân những thiên thần nhỏ và ÁC QUỶ,gian_du,trung_tinh,0.01832732,0.22101173,1,review,keep,,Trust human emotion label over model's neutral guess
7278,Mạng lag lúc đang chơi game,gian_du,trung_tinh,0.023333913,0.22173357,1,review,keep,,Trust human emotion label over model's neutral guess
3754,Trần Dinh Kini nãy nó quay qua nhìn kini nên leo dc. Giờ nó nhìn thẳng thì hết leo..,trung_tinh,lo_au,0.030173674,0.22217047,1,review,keep,,"User decision: Keep trung_tinh (Icons are chat habits, Advice/Philosophy/Negation are neutral)"
6872,Tôi lại tìm đến wed 5 ngày,trung_tinh,buon,0.03851584,0.22253889,1,review,keep,,"User decision: Keep trung_tinh (Icons are chat habits, Advice/Philosophy/Negation are neutral)"
7671,sao đúng bài mày kết vậy 🙁🙁🙁,trung_tinh,that_vong,0.02338368,0.22269645,1,review,keep,,"User decision: Keep trung_tinh (Icons are chat habits, Advice/Philosophy/Negation are neutral)"
9247,ap luc☺️,lo_au,trung_tinh,0.042768307,0.2227053,1,review,keep,,Trust human emotion label over model's neutral guess
2557,ae phục vụ ngày xưa của mình đâu rồi . sao thấy thương bạn này,buon,trung_tinh,0.016823433,0.22352645,1,review,keep,,Trust human emotion label over model's neutral guess
1235,Hạnh Sino có tiền cũng ko mua được tuổi thơ m nhỉ,buon,trung_tinh,0.025555486,0.22393891,1,review,keep,,Trust human emotion label over model's neutral guess
3747,ĐỪng vào,lo_au,trung_tinh,0.04821333,0.22492737,1,review,keep,,Trust human emotion label over model's neutral guess
8273,thanh xuân là để bỏ lỡ 😔,trung_tinh,buon,0.039006475,0.22725263,1,review,keep,,"User decision: Keep trung_tinh (Icons are chat habits, Advice/Philosophy/Negation are neutral)"
3845,"Minh Hồng bình thường, hiểu kiểu moi móc thì nó k ra gì, còn lại vẫn dạy",trung_tinh,gian_du,0.034966446,0.22961259,1,review,keep,,"User decision: Keep trung_tinh (Icons are chat habits, Advice/Philosophy/Negation are neutral)"
5482,"Đang lướt tik tok, chuyển sang fb đọc được bài này cái suy ngang",trung_tinh,lo_au,0.02814775,0.23139253,1,review,keep,,"User decision: Keep trung_tinh (Icons are chat habits, Advice/Philosophy/Negation are neutral)"
9181,có nên kể mấy cái tiêu cực ko nhỉ ??,lo_au,trung_tinh,0.021899644,0.23265675,1,review,keep,,Trust human emotion label over model's neutral guess
2614,Ngọc Thảo dì ruột của cháu e vào đây mà đọc,buon,trung_tinh,0.02276516,0.23641467,1,review,keep,,Trust human emotion label over model's neutral guess
6896,tao chắc chắn là cái sừng đã mọc,gian_du,trung_tinh,0.0323639,0.23654118,1,review,keep,,Trust human emotion label over model's neutral guess
8457,"Trang Khổng Mỹ phóng sinh thì có phước của ng phóng sinh. Bắt chim thì chịu nghiệp của việc bắt chim. Cũng như cứu gia tiên khỏi địa ngục, nếu nghĩ cứu ra rồi họ lại đầu thai làm kiếp trâu ngựa hay làm người bần cùng đau khổ mà k cứu thì còn ai tu còn ai tạo phước nữa.",trung_tinh,gian_du,0.029718913,0.23801908,1,review,keep,,"User decision: Keep trung_tinh (Icons are chat habits, Advice/Philosophy/Negation are neutral)"
745,tôi nói với các ông nhé . dắt bộ qua chốt cũng chưa chắc ngon ăn per,lo_au,trung_tinh,0.03712914,0.2381978,1,review,keep,,Trust human emotion label over model's neutral guess
4560,"mày vã quá rồi đấy , sang lên chứ 🙄",trung_tinh,gian_du,0.049575195,0.23930216,1,review,keep,,"User decision: Keep trung_tinh (Icons are chat habits, Advice/Philosophy/Negation are neutral)"
8303,per đợt này tao đi học full . nên để mấy hnua rảnh tao alo nha 😂😂,trung_tinh,vui,0.036165293,0.23935273,1,review,keep,,"User decision: Keep trung_tinh (Icons are chat habits, Advice/Philosophy/Negation are neutral)"
8685,Thắng đời 2-0 nội ngoại điều thw,vui,trung_tinh,0.0153934,0.24058506,1,review,keep,,Trust human emotion label over model's neutral guess
801,Bây giờ thì Việt nam có thể xóa sổ trong 3 ngày...đó là thực tế của cuối năm 79.,buon,trung_tinh,0.034359172,0.24113089,1,review,keep,,Trust human emotion label over model's neutral guess
6884,Lê Viết Giang cười xg cái bùn,buon,trung_tinh,0.029658088,0.24204046,1,review,keep,,Trust human emotion label over model's neutral guess
9751,Ở quê bẫy đầy chắc chim này dễ bẫy,hy_vong,trung_tinh,0.047396865,0.24339634,1,review,keep,,Trust human emotion label over model's neutral guess
1430,Chắc lúc xuông xe bé ngủ quên trên ghế quá.,trung_tinh,lo_au,0.033197347,0.24475661,1,review,keep,,"User decision: Keep trung_tinh (Icons are chat habits, Advice/Philosophy/Negation are neutral)"
6425,Bốn này phải tước bằng vĩnh viễn ở VN phát nhé qua nên tai nạn rất nhieu,lo_au,trung_tinh,0.038783602,0.24534804,1,review,keep,,Trust human emotion label over model's neutral guess
1975,Bà con chung xóm mà xích mích thì mệt. May mắn hiện nay chưa có hàng xóm. Yên ổn chút,trung_tinh,that_vong,0.03746251,0.24588612,1,review,keep,,"User decision: Keep trung_tinh (Icons are chat habits, Advice/Philosophy/Negation are neutral)"
274,Đinh Thị Thanh Huyền đó là bệnh về tâm lý mà . Cũng may đó là cô gái . Chứ là con trai thì giờ còn bộ xương . Dương vật teo tóp. Suy thận. Nằm chờ ngày niệm,lo_au,trung_tinh,0.045211285,0.25194508,1,review,keep,,Trust human emotion label over model's neutral guess
4463,đợi đến ngày họp lớp đi 😪,trung_tinh,that_vong,0.03935936,0.25222194,1,review,keep,,"User decision: Keep trung_tinh (Icons are chat habits, Advice/Philosophy/Negation are neutral)"
7445,Đặng Thu đi thi đi thay hoi so,lo_au,trung_tinh,0.033067346,0.2528025,1,review,keep,,Trust human emotion label over model's neutral guess
7966,nhưng nó giỏi và bản lĩnh đó,vui,trung_tinh,0.041274365,0.25314078,1,review,keep,,Trust human emotion label over model's neutral guess
8353,Ng Bao Tran xĩu nha,lo_au,trung_tinh,0.027131474,0.25369507,1,review,keep,,Trust human emotion label over model's neutral guess
2896,Trần Quang Tùng xuống 24 cho đỡ suy thôi,that_vong,trung_tinh,0.04608072,0.255205,1,review,keep,,Trust human emotion label over model's neutral guess
2004,Quay clip up lên facebook thôi. Chuyện mà nổi thì bên kia quan hệ cỡ nào cũng khó chìm xuồng đc,gian_du,trung_tinh,0.04788597,0.2565388,1,review,keep,,Trust human emotion label over model's neutral guess
726,per ôi cái bếp một thời chinh chiến,trung_tinh,vui,0.036891337,0.2577726,1,review,keep,,"User decision: Keep trung_tinh (Icons are chat habits, Advice/Philosophy/Negation are neutral)"
6591,Tôi chú,buon,trung_tinh,0.04275009,0.2581613,1,review,keep,,Trust human emotion label over model's neutral guess
5309,@CYRUS EDIT🎬🎮 anh em👍😉,trung_tinh,hy_vong,0.046798345,0.2622917,1,review,keep,,"User decision: Keep trung_tinh (Icons are chat habits, Advice/Philosophy/Negation are neutral)"
6302,"chiến tranh có gì vui đâu nhỉ , chỉ gây đâu thương",gian_du,trung_tinh,0.02899511,0.26555014,1,review,keep,,Trust human emotion label over model's neutral guess
123,huhu nó bị điên à ?,trung_tinh,lo_au,0.039211437,0.26560307,1,review,keep,,"User decision: Keep trung_tinh (Icons are chat habits, Advice/Philosophy/Negation are neutral)"
6341,Trường Bino thiếu mợ chợ vẫn vui,hy_vong,trung_tinh,0.016948046,0.2656167,1,review,keep,,Trust human emotion label over model's neutral guess
4457,"Đăng Thắng tùy mỗi người còn mình vẫn ý chí ko bao giờ đi đánh ghen, ko bao giờ muốn tha thứ,1 khi đàn ông họ hết thương mình thì đi đánh ghen làm chi cho mệt",trung_tinh,gian_du,0.039390728,0.27104995,1,review,keep,,"User decision: Keep trung_tinh (Icons are chat habits, Advice/Philosophy/Negation are neutral)"
1997,chảy cả nói chuyện mắt,trung_tinh,buon,0.036639553,0.2718838,1,review,keep,,"User decision: Keep trung_tinh (Icons are chat habits, Advice/Philosophy/Negation are neutral)"
4514,Pham Thanh Hoa nghe nói cũng đã te ra quần rồi em sơ thật,gian_du,trung_tinh,0.045913108,0.2720188,1,review,keep,,Trust human emotion label over model's neutral guess
9579,chắc phải 6 năm chưa nấu kiểu này rồi trước nấu hôm đầu cơm dẻo ai cũng khen ngon,vui,trung_tinh,0.03180615,0.27301842,1,review,keep,,Trust human emotion label over model's neutral guess
2532,@lanh💢 ôn thi shao r ..?,lo_au,trung_tinh,0.045913298,0.27311817,1,review,keep,,Trust human emotion label over model's neutral guess
1349,"xưa trồng mới có trái nay. xem đời này, biết đời trước. xem giờ sống sao, ắt biết đời sau. anh, chị thông cảm nha, thấy sao nói vậy.....",trung_tinh,that_vong,0.045353826,0.27564168,1,review,keep,,"User decision: Keep trung_tinh (Icons are chat habits, Advice/Philosophy/Negation are neutral)"
8296,như ốc bươu vàng thì là thảm họa rồi,lo_au,trung_tinh,0.04212972,0.2757152,1,review,keep,,Trust human emotion label over model's neutral guess
8275,Tại con Jane nó hù ổng trước.,trung_tinh,lo_au,0.02082424,0.27665126,1,review,keep,,"User decision: Keep trung_tinh (Icons are chat habits, Advice/Philosophy/Negation are neutral)"
4758,tao đẹp trai vào trang tao mà coi đi,vui,trung_tinh,0.033574354,0.27687252,1,review,keep,,Trust human emotion label over model's neutral guess
5070,No biết sắp bị đón dot,trung_tinh,lo_au,0.049544405,0.27923745,1,review,keep,,"User decision: Keep trung_tinh (Icons are chat habits, Advice/Philosophy/Negation are neutral)"
2220,c trai như thế nào tuyệt chủng rồi,buon,trung_tinh,0.043951795,0.2810529,1,review,keep,,Trust human emotion label over model's neutral guess
7729,nên xử lý nghiêm khắc,hy_vong,trung_tinh,0.042335704,0.28579402,1,review,keep,,Trust human emotion label over model's neutral guess
9293,"Hà Mã Đây khum, tui không thấy nó nó không thấy tui 😏💅",trung_tinh,gian_du,0.039882332,0.28711182,1,review,keep,,"User decision: Keep trung_tinh (Icons are chat habits, Advice/Philosophy/Negation are neutral)"
131,Chung thủy là đạo đức. Ko phải tính cách. Mọi người nhớ nhé ☺,trung_tinh,vui,0.040058617,0.28841522,1,review,keep,,"User decision: Keep trung_tinh (Icons are chat habits, Advice/Philosophy/Negation are neutral)"
7751,tôi có xem tử vi giờ ngày tháng năm sinh âm lịch ..cung mệnh can chi ngũ hành vk Ck ..năm kết hôn ..gia cảnh và ngoại hình người hôn phối..bàn tay ..,trung_tinh,that_vong,0.026900278,0.2892664,1,review,keep,,"User decision: Keep trung_tinh (Icons are chat habits, Advice/Philosophy/Negation are neutral)"
9919,Dành cho những bạn sinh viên Ngôn ngữ Anh thì sẽ có biết đến một môn được gọi là Ngữ Nghĩa Học hay còn gọi là Semantics. Lúc trước khi học môn này thì mình nghĩ nó khá khó và chỉ có Tiếng Việt mình mới dễ ... nhưng mà thật ra là dễ lag ko khác gì Tiếng Anh,buon,trung_tinh,0.013426626,0.2897608,1,review,keep,,Trust human emotion label over model's neutral guess
1843,mình hỏi rồi mà họ nữa muốn bán nữa không bạn để hôm sau lên hỏi lại lần nữa,trung_tinh,buon,0.018464869,0.2900915,1,review,keep,,"User decision: Keep trung_tinh (Icons are chat habits, Advice/Philosophy/Negation are neutral)"
6282,Giống như trường hợp bộ phim Hãy nói lời yêu thương. Bà mẹ áp lực cho con quá nên thằng bé tự vẫn .,trung_tinh,buon,0.0123670865,0.291166,1,review,keep,,"User decision: Keep trung_tinh (Icons are chat habits, Advice/Philosophy/Negation are neutral)"
9139,"""Lời khuyên hay đó. Nhưng khổ nỗi cuộc đời này lời khuyên thật sự k có ý nghĩa gì cho lắm. Bạn sẽ không biết nó như thế nào cho tới khi bạn đích thân trải nghiệm...""",trung_tinh,buon,0.040568788,0.29162925,1,review,keep,,"User decision: Keep trung_tinh (Icons are chat habits, Advice/Philosophy/Negation are neutral)"
3690,Muốn coi clip ở đâu z m.n,gian_du,trung_tinh,0.04675984,0.29362026,1,review,keep,,Trust human emotion label over model's neutral guess
3670,per tôi đợi ngày nhận thiệp cưới của ông,hy_vong,trung_tinh,0.015667977,0.29506022,1,review,keep,,Trust human emotion label over model's neutral guess
2691,chưa báo hiếu chame đk ngày nào,buon,trung_tinh,0.045072276,0.29515135,1,review,keep,,Trust human emotion label over model's neutral guess
6758,Nguyễn Sin người ta đòi kiện anh kìa,lo_au,trung_tinh,0.040338017,0.29546326,1,review,keep,,Trust human emotion label over model's neutral guess
864,"Tăng Ngọc bệnh mà, này đáng thương hơn là chế nhạo.",buon,trung_tinh,0.018336982,0.29865247,1,review,keep,,Trust human emotion label over model's neutral guess
2417,"Mình đã gặp 1 bạn k có nhan sắc nên chỉ dám đeo khẩu trang,ai kêu cũng k mở,cũng 3 năm r,cho tới lúc cô kêu mở,bạn ấy chạy ra khỏi cửa nhưng bị cô ép mở ra……",trung_tinh,buon,0.026087934,0.29962707,1,review,keep,,"User decision: Keep trung_tinh (Icons are chat habits, Advice/Philosophy/Negation are neutral)"
7375,Myru Brett Nguyen no cũng chết,buon,trung_tinh,0.032936547,0.3001759,1,review,keep,,Trust human emotion label over model's neutral guess
4225,hôm nay ol đến đây thôi dume 😑,trung_tinh,that_vong,0.04486734,0.30202684,1,review,keep,,"User decision: Keep trung_tinh (Icons are chat habits, Advice/Philosophy/Negation are neutral)"
4166,"tưởng chỉ có trong phim thôi chứ , nay chơi vậy luôn à",vui,trung_tinh,0.0374231,0.30225644,1,review,keep,,Trust human emotion label over model's neutral guess
2545,mấy thanh niên đi xong về có yêu nhau không nhỉ ?,vui,trung_tinh,0.03272264,0.30314595,1,review,keep,,Trust human emotion label over model's neutral guess
2800,Ai rồi cũng bị buộc phải lớn,buon,trung_tinh,0.0457969,0.30532554,1,review,keep,,Trust human emotion label over model's neutral guess
2338,biết thế ngày xưa mua bitcoin 💀,buon,trung_tinh,0.044910416,0.30605108,1,review,keep,,Trust human emotion label over model's neutral guess
3299,per bữa cuối nó ngồi chỗ đó nhìn mà khóc còn cuối khoá thì bth,buon,trung_tinh,0.03565293,0.30733728,1,review,keep,,Trust human emotion label over model's neutral guess
4815,Hô Bảo Nghĩa bỏ công an 30km & 5s sau khi bị bắt là đủ biết đẳng cấp,vui,trung_tinh,0.024929715,0.30872202,1,review,keep,,Trust human emotion label over model's neutral guess
4512,bây h trông cho tới rằm vs m1 kiếm tiền thôi,hy_vong,trung_tinh,0.047935616,0.30887973,1,review,keep,,Trust human emotion label over model's neutral guess
2208,Bọn này là 👿 dương nhân quả sẽ đến sớm,lo_au,trung_tinh,0.03187356,0.30906355,1,review,keep,,Trust human emotion label over model's neutral guess
3662,"ai cũng có một vài khuyết điểm, bạn càng tự ti ngkh càng biết cách làm tổn thương bạn",trung_tinh,buon,0.0222943,0.30966213,1,review,keep,,"User decision: Keep trung_tinh (Icons are chat habits, Advice/Philosophy/Negation are neutral)"
2840,Mẹ vội quá đây mà,trung_tinh,buon,0.03331975,0.3103035,1,review,keep,,"User decision: Keep trung_tinh (Icons are chat habits, Advice/Philosophy/Negation are neutral)"
1270,Rụt rè xuất phát từ sự tự ti. Vậy điều gì làm bạn tự ti thì đi giải quyết chúng.,trung_tinh,buon,0.030169321,0.31127346,1,review,keep,,"User decision: Keep trung_tinh (Icons are chat habits, Advice/Philosophy/Negation are neutral)"
7954,chủ thớt sấp mặt rồi,buon,trung_tinh,0.021656122,0.31202847,1,review,keep,,Trust human emotion label over model's neutral guess
6466,Lê Thảo đang yêu đời coi cho trầm cảm nè keo,buon,trung_tinh,0.024443533,0.3120618,1,review,keep,,Trust human emotion label over model's neutral guess
8213,"Hồi xưa mình học lớp nhà lá, lúc mưa cả lớp vội cất sách vào túi bóng với ngăn bàn vì mái nhà dột khắp nơi",trung_tinh,buon,0.023408592,0.31257778,1,review,keep,,"User decision: Keep trung_tinh (Icons are chat habits, Advice/Philosophy/Negation are neutral)"
5959,làm sao tôi có thể yêu được loài người đây ???,gian_du,trung_tinh,0.04108545,0.3136755,1,review,keep,,Trust human emotion label over model's neutral guess
7334,mày chuẩn bị ra rìa rồi con,gian_du,trung_tinh,0.03798077,0.31591815,1,review,keep,,Trust human emotion label over model's neutral guess
7586,Thôi về quê đi cho lành,that_vong,trung_tinh,0.04223394,0.31651366,1,review,keep,,Trust human emotion label over model's neutral guess
7050,t chưa bh hối hận về những j t chọn làm t làm,trung_tinh,buon,0.09347027,0.31781727,1,review,keep,,"User decision: Keep trung_tinh (Icons are chat habits, Advice/Philosophy/Negation are neutral)"
2670,"tôi không tỏ tình crs, k kịp nói do nhà tôi chuyển nhà gấp :"")",buon,trung_tinh,0.042622097,0.31862321,1,review,keep,,Trust human emotion label over model's neutral guess
9115,Ai cũng bắt đầu từ đâu đó mà 🫂,hy_vong,trung_tinh,0.0417693,0.31961623,1,review,keep,,Trust human emotion label over model's neutral guess
3187,"mình có nghe được một câu nói ""nếu như có một cô gái xinh đẹp tự ti thì là do quá khứ họ bị chê bai quá nhiều."" dù rằng ngoại hình thay đổi, nhưng những vết xước đó chẳng thể nhòa dc",trung_tinh,buon,0.04622659,0.320548,1,review,keep,,"User decision: Keep trung_tinh (Icons are chat habits, Advice/Philosophy/Negation are neutral)"
8029,"đi hát văn nghệ cho trường nguyên cấp 1 , kiếm được kha khá . cấp 2 vỡ giọng , khỏi hát",buon,trung_tinh,0.033430584,0.32183632,1,review,keep,,Trust human emotion label over model's neutral guess
7577,T mà thân vs ai t nói hơn cái máy còn k thân nch kiểu ngượng lém,trung_tinh,gian_du,0.023726106,0.32207847,1,review,keep,,"User decision: Keep trung_tinh (Icons are chat habits, Advice/Philosophy/Negation are neutral)"
8694,may cho mày con nhà gia đình khá . chứ nghèo như tao khổ rồi .??,trung_tinh,gian_du,0.042054016,0.32510018,1,review,keep,,"User decision: Keep trung_tinh (Icons are chat habits, Advice/Philosophy/Negation are neutral)"
3223,Kiện ccmnđ chứ,hy_vong,trung_tinh,0.039347865,0.32595587,1,review,keep,,Trust human emotion label over model's neutral guess
3702,và đó đéo phải là tao,buon,trung_tinh,0.045602523,0.32659635,1,review,keep,,Trust human emotion label over model's neutral guess
2655,Hoàng dừng ngay việc cho Bim ăn chân châu,lo_au,trung_tinh,0.039244626,0.32697773,1,review,keep,,Trust human emotion label over model's neutral guess
8540,hình như sau boss bị chết ạ,buon,trung_tinh,0.04427389,0.335059,1,review,keep,,Trust human emotion label over model's neutral guess
132,Coi đúng lúc ổng chết là bỏ phim Tới giờ,buon,trung_tinh,0.028410265,0.3353088,1,review,keep,,Trust human emotion label over model's neutral guess
8395,Nam Ngọc Lương ý tôi là lòng 1 chút chuyện vào những tập sau này thôi chứ ko phải làm ngay thời điểm nhạy cảm này đâu,lo_au,trung_tinh,0.03597242,0.33659783,1,review,keep,,Trust human emotion label over model's neutral guess
5096,kết cái bài hát thôi mà lâu lắm r k nghe quên mất tên bài hát r,trung_tinh,buon,0.027575897,0.33929563,1,review,keep,,"User decision: Keep trung_tinh (Icons are chat habits, Advice/Philosophy/Negation are neutral)"
2082,Lê Tuệ Mỹ 🤡😌🤧 gòy xong,trung_tinh,buon,0.047194246,0.3406011,1,review,keep,,"User decision: Keep trung_tinh (Icons are chat habits, Advice/Philosophy/Negation are neutral)"
2946,per dạo này ít tung tăng hơn xưa nên hơi trầm cảm dồi chăng 😳,trung_tinh,lo_au,0.038206242,0.34153685,1,review,keep,,"User decision: Keep trung_tinh (Icons are chat habits, Advice/Philosophy/Negation are neutral)"
9630,bạn trai thì chưa . nhưng mỗi lần thằng bạn nó cắt tóc cạo râu thì auto nhìn đẹp trai,vui,trung_tinh,0.044883694,0.3423536,1,review,keep,,Trust human emotion label over model's neutral guess
6503,"Thanh Trúc nhưng mà sướng mà em, có cái sướng nào không mất sức đâu",vui,trung_tinh,0.04672142,0.34673995,1,review,keep,,Trust human emotion label over model's neutral guess
8397,đã là đàn ông dù thất bại cuộc sống bế tắc tuyệt vọng nhưng đã làm thì không hối hận.,trung_tinh,buon,0.060962148,0.35320184,1,review,keep,,"User decision: Keep trung_tinh (Icons are chat habits, Advice/Philosophy/Negation are neutral)"
4647,"Đy Qua Mùa Hạ đánh bố dc. đập ti vi dc, thì tớ làm vk quang or ny quang- chắc 3 ngày nát như tương bần",lo_au,trung_tinh,0.039876137,0.3534057,1,review,keep,,Trust human emotion label over model's neutral guess
217,Em từng bị HR từ chối ở vị trí bán hàng tại một store do người Trung Quốc quản lý với lý do rụt rè. <br>Cái giá phải trả cho việc rụt rè thực sự rất lớn và là tín hiệu báo bản thân cần nâng cấp và thay đổi.,buon,trung_tinh,0.0379732,0.3535195,1,review,keep,,Trust human emotion label over model's neutral guess
10060,Uplate cho anh em là ông chồng đã khoá TCN😤roàiii,gian_du,trung_tinh,0.03347126,0.35386917,1,review,keep,,Trust human emotion label over model's neutral guess
7850,Đến một cái thời điểm như mình thì sẽ không còn nghĩ đến cái gọi là hối hận nữa 🙂,trung_tinh,buon,0.097659685,0.35625142,1,review,keep,,"User decision: Keep trung_tinh (Icons are chat habits, Advice/Philosophy/Negation are neutral)"
4902,"ánh sáng mà tôi có được, đều là tôi tự đóng tiền điện mà ra",vui,trung_tinh,0.04197672,0.35654575,1,review,keep,,Trust human emotion label over model's neutral guess
2230,đừng bỏ tao ra đi mà,lo_au,trung_tinh,0.026714357,0.3571726,1,review,keep,,Trust human emotion label over model's neutral guess
8668,Nam Thanh coi chán kh cơ chứ,trung_tinh,gian_du,0.042841744,0.3639118,1,review,keep,,"User decision: Keep trung_tinh (Icons are chat habits, Advice/Philosophy/Negation are neutral)"
6420,Pha này w.wihte có thể cứu jane nhưng ko cứu.mãi cuối fim mới kể,trung_tinh,that_vong,0.04096531,0.3656973,1,review,keep,,"User decision: Keep trung_tinh (Icons are chat habits, Advice/Philosophy/Negation are neutral)"
8617,cố gắng đi gần người ta 1 xíu . rồi lướt qua nhau như 1 cơn gió,trung_tinh,that_vong,0.046636477,0.3659004,1,review,keep,,"User decision: Keep trung_tinh (Icons are chat habits, Advice/Philosophy/Negation are neutral)"
164,tóm lại gọi là nghệt thuật của kinh doanh là bán lỗ ho nhanh,vui,trung_tinh,0.032727316,0.36617988,1,review,keep,,Trust human emotion label over model's neutral guess
1670,"chào em cô gái tháng 10 , em là nắng ấm giữa trời mùa thu ...",trung_tinh,buon,0.043164447,0.36754382,1,review,keep,,"User decision: Keep trung_tinh (Icons are chat habits, Advice/Philosophy/Negation are neutral)"
271,về vườn rồi sớm quá,trung_tinh,that_vong,0.044706546,0.37085915,1,review,keep,,"User decision: Keep trung_tinh (Icons are chat habits, Advice/Philosophy/Negation are neutral)"
223,Đứng trước ngã rẽ của,lo_au,trung_tinh,0.036083024,0.3771696,1,review,keep,,Trust human emotion label over model's neutral guess
3652,mặt con ngáo còn hiền hơn con đứng trên cây cột,trung_tinh,buon,0.043999083,0.37868452,1,review,keep,,"User decision: Keep trung_tinh (Icons are chat habits, Advice/Philosophy/Negation are neutral)"
5981,Dỡ nha,that_vong,trung_tinh,0.049033906,0.38204712,1,review,keep,,Trust human emotion label over model's neutral guess
9649,"Ko có ngại, tại chx bắt đc mạng…😇",trung_tinh,lo_au,0.017939772,0.38496292,1,review,keep,,"User decision: Keep trung_tinh (Icons are chat habits, Advice/Philosophy/Negation are neutral)"
6022,mốc từ trong trứng,gian_du,trung_tinh,0.03809769,0.38604662,1,review,keep,,Trust human emotion label over model's neutral guess
3802,tạm biệt ánh sáng của đời tao,buon,trung_tinh,0.047500066,0.39082944,1,review,keep,,Trust human emotion label over model's neutral guess
1718,Quốc gia phục hồi nhanh nhất sau chiến tranh,hy_vong,trung_tinh,0.020331226,0.40729582,1,review,keep,,Trust human emotion label over model's neutral guess
7463,mày nhớ đặt bạn ý cho những lần gọi sau nhé !,trung_tinh,hy_vong,0.054618023,0.102930814,0,review,keep,,"User decision: Keep trung_tinh (Icons are chat habits, Advice/Philosophy/Negation are neutral)"
4958,bọn chủ tịch đến chưa chúng mày ?,trung_tinh,gian_du,0.057898503,0.10849923,0,review,keep,,"User decision: Keep trung_tinh (Icons are chat habits, Advice/Philosophy/Negation are neutral)"
8502,cuộc chiến đấu vẫn còn tiếp diễn,trung_tinh,hy_vong,0.051689833,0.11136842,0,review,keep,,"User decision: Keep trung_tinh (Icons are chat habits, Advice/Philosophy/Negation are neutral)"
4689,Trần Tiên chac dzay qua kkkk,trung_tinh,vui,0.06197606,0.12080279,0,review,keep,,"User decision: Keep trung_tinh (Icons are chat habits, Advice/Philosophy/Negation are neutral)"
3038,"Mạnh mẽ có nhiều cách để hiểu. Đôi khi là mạnh mẽ che giấu cảm xúc của mình, hoặc mạnh mẽ thể hiện cảm xúc của mình. Cũng tùy vao trường hợp, có những người chúng ta sẽ lựa chọn mạnh mẽ theo cách thứ nhất ( có lẽ là những mối quan hệ xã hội không quá quan trọng ), còn có những người chúng ta sẽ lựa chọn mạnh mẽ theo cách thứ 2 ( những người thân, hoặc những người quan trọng )",trung_tinh,hy_vong,0.056075968,0.12357247,0,review,keep,,"User decision: Keep trung_tinh (Icons are chat habits, Advice/Philosophy/Negation are neutral)"
4636,Cris Minh Algeria nó theo đạo hồi. Ko đc chuyển giới. Nhiều người là nữ nhưng vẫn tiết nhiều Tetosteron hơn bình thường. Cơ bắp sẽ phát triển mạnh hơn,trung_tinh,hy_vong,0.07433241,0.12831593,0,review,keep,,"User decision: Keep trung_tinh (Icons are chat habits, Advice/Philosophy/Negation are neutral)"
9810,Chuyện của Hà Nội nhất định phải thế,trung_tinh,vui,0.06982467,0.1304546,0,review,keep,,"User decision: Keep trung_tinh (Icons are chat habits, Advice/Philosophy/Negation are neutral)"
10112,Bt là có thể gọn 1 chút chải chuốt thì bản thân sẽ đẹp hơn nhưng việc để 1 quả đầu xù ko quan tâm j và cứ sống bth nó thoải mái,trung_tinh,hy_vong,0.070051864,0.13456663,0,review,keep,,"User decision: Keep trung_tinh (Icons are chat habits, Advice/Philosophy/Negation are neutral)"
462,Sơn Hoàng thế tiền tao đâu,gian_du,trung_tinh,0.06697806,0.13564047,0,review,keep,,Trust human emotion label over model's neutral guess
7987,Nguyễn Văn Hoàng fuckboi mà,gian_du,trung_tinh,0.055226095,0.13566846,0,review,keep,,Trust human emotion label over model's neutral guess
8211,Văn Phúc rũ nhậu mà,vui,trung_tinh,0.054976583,0.13953483,0,review,keep,,Trust human emotion label over model's neutral guess
3739,Nguyễn Hoa giống bênh lx chổ vài trăm ra 5trieu,that_vong,trung_tinh,0.051912244,0.14294153,0,review,keep,,Trust human emotion label over model's neutral guess
8915,cảm thấy nhột đít,trung_tinh,vui,0.060072023,0.14576533,0,review,keep,,"User decision: Keep trung_tinh (Icons are chat habits, Advice/Philosophy/Negation are neutral)"
4654,thứ t cần là phim xuân hạ thu đông,hy_vong,trung_tinh,0.056361403,0.14731646,0,review,keep,,Trust human emotion label over model's neutral guess
8586,per cái đoạn vén tóc là quen lắm nhá . thích lém ý,hy_vong,trung_tinh,0.0706301,0.14739716,0,review,keep,,Trust human emotion label over model's neutral guess
5829,ra đường không cầm theo đá phong thủy rồi,that_vong,trung_tinh,0.05706061,0.14867726,0,review,keep,,Trust human emotion label over model's neutral guess
6395,cậu lái xe nói chưa thấy sai gì . ?? đỗ dưới đường chứ có đỗ vào phòng khách nhà mình đâu mà kêu .,trung_tinh,gian_du,0.07175909,0.1503264,0,review,keep,,"User decision: Keep trung_tinh (Icons are chat habits, Advice/Philosophy/Negation are neutral)"
5954,Thanh Trúc thế a sẽ cho em được mất sức nếu em muốn biết nè.,trung_tinh,hy_vong,0.0749033,0.15136626,0,review,keep,,"User decision: Keep trung_tinh (Icons are chat habits, Advice/Philosophy/Negation are neutral)"
7342,"Lê Kim Thoa Với các phụ huynh cũng lưu ý, trường tư chắc có lắp cam, có thời gian rảnh chút thì nhìn qua cam lúc đầu giờ sáng, nhìn thấy con thì sẽ yên tâm hơn ạ! Đặc biệt những gia đình cho cháu đi học bằng xe đưa đón!",trung_tinh,hy_vong,0.086383596,0.15273756,0,review,keep,,"User decision: Keep trung_tinh (Icons are chat habits, Advice/Philosophy/Negation are neutral)"
4629,To Hoai Nguyen ốc uống trà sữa phải cẩn thận này mẹ,lo_au,trung_tinh,0.06715447,0.15313342,0,review,keep,,Trust human emotion label over model's neutral guess
6010,Bữa Lào mới tạch con y chag thì phải,that_vong,trung_tinh,0.052370574,0.15314296,0,review,keep,,Trust human emotion label over model's neutral guess
9573,bạn nào cần bạn thân là con trai không :)),trung_tinh,vui,0.10618781,0.16078004,0,review,keep,,"User decision: Keep trung_tinh (Icons are chat habits, Advice/Philosophy/Negation are neutral)"
2398,Ha Thanh trải nghiệm đúng ko.,hy_vong,trung_tinh,0.074869566,0.16376162,0,review,keep,,Trust human emotion label over model's neutral guess
7994,Chơi thì chịu chứ có đánh phạm loi đâu mà trách với móc,trung_tinh,gian_du,0.053267777,0.16516134,0,review,keep,,"User decision: Keep trung_tinh (Icons are chat habits, Advice/Philosophy/Negation are neutral)"
2135,Lại là hà lỗi phải ko ?,that_vong,trung_tinh,0.05421994,0.16588494,0,review,keep,,Trust human emotion label over model's neutral guess
3030,Quan trọng là nó chưa biết mình sai ở đâu a à,that_vong,trung_tinh,0.058668464,0.16659713,0,review,keep,,Trust human emotion label over model's neutral guess
8421,Văn Hoàng Long Tây môn Khánh bạn hay và hấp dẫn,vui,trung_tinh,0.08715455,0.16804501,0,review,keep,,Trust human emotion label over model's neutral guess
9455,Chào thầy thầy,trung_tinh,vui,0.09895178,0.16821736,0,review,keep,,"User decision: Keep trung_tinh (Icons are chat habits, Advice/Philosophy/Negation are neutral)"
7424,ý tưởng thông minh đó con,vui,trung_tinh,0.061404787,0.16930512,0,review,keep,,Trust human emotion label over model's neutral guess
8579,"Cách trở nên tự tin trong mọi việc . <br>- Có nhiều việc trong cuộc sống này mà bản thân khó đưa ra được những quyết định và phần lớn cũng đến từ sự tự ti , rụt rè , đăn đo không biết có nên làm hay không những câu hỏi đó sẽ luôn chạy trong đầu chúng ta gây cho và không thể đưa ra quyết định thì gây cho chúng ta cảm giác áp lực rồi sẽ tự ti . Dưới đây sẽ là những cách giúp chúng ta tự tin hơn và ra được những quyết định đúng đắn . <br>1 . Hiểu rõ vai trò và quyền lợi của mình trong một môi trường hay công việc nào đó .<br>2 . Hỏi . <br>3 . Quan sát và xác nhận . <br>4 . Đừng cố vượt qua sự rụt rè . <br>- Cảm ơn anh Khương về những bài học này ý nghĩa này . 😍",trung_tinh,hy_vong,0.086479604,0.16970491,0,review,keep,,"User decision: Keep trung_tinh (Icons are chat habits, Advice/Philosophy/Negation are neutral)"
7088,Phong Nguyen giáo sư có cách nào chống hack k,hy_vong,trung_tinh,0.08169883,0.17148018,0,review,keep,,Trust human emotion label over model's neutral guess
3261,Báo tới,gian_du,trung_tinh,0.086797215,0.17213523,0,review,keep,,Trust human emotion label over model's neutral guess
3273,Nguyễn Văn Mến phải xem b ah,hy_vong,trung_tinh,0.08997886,0.17232239,0,review,keep,,Trust human emotion label over model's neutral guess
5173,Khi đó Đại việt bị bên bắc chèn chép k cho phát triển mạnh nêu không chưa chắc Campuchia thời đó rộng ngư vậy,trung_tinh,gian_du,0.055360377,0.17443419,0,review,keep,,"User decision: Keep trung_tinh (Icons are chat habits, Advice/Philosophy/Negation are neutral)"
7339,thế mới bảo . chủ động riết rồi nó xem thường,that_vong,trung_tinh,0.061545257,0.17478415,0,review,keep,,Trust human emotion label over model's neutral guess
4745,có hai vị tướng top 10 thế giới và. 2 danh nhân văn hoá thế giới và 1 người từ chối nobel hoà bình,vui,trung_tinh,0.07515911,0.17586175,0,review,keep,,Trust human emotion label over model's neutral guess
6237,liệu nó có bay nổi hay không ?.,lo_au,trung_tinh,0.06293922,0.17597085,0,review,keep,,Trust human emotion label over model's neutral guess
6240,Nửa năm học ở mái trường ntn :))),trung_tinh,vui,0.12039436,0.17600569,0,review,keep,,"User decision: Keep trung_tinh (Icons are chat habits, Advice/Philosophy/Negation are neutral)"
6790,Quản Lâm Vũ tìm mấy chỗ xa trung tâm chứ nội thành thì khó b ui,that_vong,trung_tinh,0.052527223,0.17631584,0,review,keep,,Trust human emotion label over model's neutral guess
547,mình chỉ nói đến cơ hội việc làm thôi chứ không bàn luận gì về việc ông ấy là người như thế nào bạn nhé ??,gian_du,trung_tinh,0.07630007,0.18006,0,review,keep,,Trust human emotion label over model's neutral guess
4569,chụp không biết bao nhiêu lần rồi,that_vong,trung_tinh,0.09531822,0.18111718,0,review,keep,,Trust human emotion label over model's neutral guess
10020,"Cường Seven A đó cản trở công an làm việc là sai nhưng a đó ko phải người chăn dắt á b, nhiều người nói a đó là người chăn dắt trẻ ko à.",gian_du,trung_tinh,0.08991178,0.18119305,0,review,keep,,Trust human emotion label over model's neutral guess
7267,Hoang Mai Phuong Hoang Long Hoàng Việt tương lai cô ấy đấy,hy_vong,trung_tinh,0.078988895,0.1822027,0,review,keep,,Trust human emotion label over model's neutral guess
4194,vẫn chọn tech là ngân hàng đồng hành,hy_vong,trung_tinh,0.05171689,0.18415743,0,review,keep,,Trust human emotion label over model's neutral guess
6249,ngày mới tốt lành nha,hy_vong,trung_tinh,0.13113365,0.18492496,0,review,keep,,Trust human emotion label over model's neutral guess
2798,Lanh Hồng x3 chân châu nè bà nội,lo_au,trung_tinh,0.061573297,0.18516141,0,review,keep,,Trust human emotion label over model's neutral guess
8767,Thanh Thảo có video ko,hy_vong,trung_tinh,0.09317991,0.18607712,0,review,keep,,Trust human emotion label over model's neutral guess
4848,Phạm Việt xem video porsche vàng rồi,hy_vong,trung_tinh,0.10756599,0.18624294,0,review,keep,,Trust human emotion label over model's neutral guess
320,ChiChi Bunnie Camera dạng này có thể mạnh hơn thái giám. Vì thái giám bị mất trứng không thể tiết được hóc môn được. Nam giới quan trọng trứng hơn vòi.,trung_tinh,hy_vong,0.09319349,0.18770006,0,review,keep,,"User decision: Keep trung_tinh (Icons are chat habits, Advice/Philosophy/Negation are neutral)"
6726,Phong Nguyen con này để bay huấn luyện bay ra biển bảo vệ biển chưa đủ sức.,gian_du,trung_tinh,0.062184636,0.18859881,0,review,keep,,Trust human emotion label over model's neutral guess
3248,per thông minh là đây chớ đâu,vui,trung_tinh,0.09183393,0.18878543,0,review,keep,,Trust human emotion label over model's neutral guess
7132,Tưởng chỉ có trong phim,lo_au,trung_tinh,0.06510315,0.19088379,0,review,keep,,Trust human emotion label over model's neutral guess
6188,Tôi chỉ cần làn da đẹp,hy_vong,trung_tinh,0.10138817,0.19098994,0,review,keep,,Trust human emotion label over model's neutral guess
10089,Diên Diên tag để đọc mà kĩ kĩ,hy_vong,trung_tinh,0.097155675,0.19103289,0,review,keep,,Trust human emotion label over model's neutral guess
6161,đã bước thì bước tiếp thôi,hy_vong,trung_tinh,0.09736324,0.19168252,0,review,keep,,Trust human emotion label over model's neutral guess
2565,Jiso Nguyen thằng đó rồi. trc phải khoá trang cá nhân. trc nó chạy con pọt màu vàng,gian_du,trung_tinh,0.08498685,0.19187418,0,review,keep,,Trust human emotion label over model's neutral guess
1687,Muốn trải nghiệm cảm giác này bạn nên ngủ lúc 5h chiều và tỉnh lúc 7 8h bạn sẽ cảm nhận được như thể mình thức dậy ở 1 thế giới khác,trung_tinh,hy_vong,0.11516666,0.19204265,0,review,keep,,"User decision: Keep trung_tinh (Icons are chat habits, Advice/Philosophy/Negation are neutral)"
5711,@nangoc84 Cuộc sống là 1 vòng luẩn quẩn,trung_tinh,hy_vong,0.13078202,0.19238454,0,review,keep,,"User decision: Keep trung_tinh (Icons are chat habits, Advice/Philosophy/Negation are neutral)"
5413,hôm nay cậu thế nào,hy_vong,trung_tinh,0.09151224,0.1926451,0,review,keep,,Trust human emotion label over model's neutral guess
4594,Ngân Hà dặn con la nè,lo_au,trung_tinh,0.05884057,0.19272295,0,review,keep,,Trust human emotion label over model's neutral guess
3157,Tưởng trong phim mới có,lo_au,trung_tinh,0.08410205,0.19329861,0,review,keep,,Trust human emotion label over model's neutral guess
6566,ủa ? chọn người nào cũng như nhau thôi . vì cả 2 người chắc đéo gì đã thích bạn đâu ? :)),trung_tinh,vui,0.11330241,0.19491431,0,review,keep,,"User decision: Keep trung_tinh (Icons are chat habits, Advice/Philosophy/Negation are neutral)"
1969,Đưa ng Việt nam qua thì đông vui thôi lo gì,hy_vong,trung_tinh,0.05663065,0.19519925,0,review,keep,,Trust human emotion label over model's neutral guess
4875,nhớ lại ngày xưa,trung_tinh,buon,0.085343614,0.19663122,0,review,keep,,"User decision: Keep trung_tinh (Icons are chat habits, Advice/Philosophy/Negation are neutral)"
5808,Ngọc Bích Đỗ cuối tuần nhé mẹ,hy_vong,trung_tinh,0.12427771,0.19678882,0,review,keep,,Trust human emotion label over model's neutral guess
371,lỗi của lái tàu nhé,that_vong,trung_tinh,0.056407597,0.19688544,0,review,keep,,Trust human emotion label over model's neutral guess
3838,bài thi được điểm cao,vui,trung_tinh,0.07649575,0.19729105,0,review,keep,,Trust human emotion label over model's neutral guess
8811,tất cả cùng không tính điểm . thế là xong :v,trung_tinh,vui,0.10125859,0.19781685,0,review,keep,,"User decision: Keep trung_tinh (Icons are chat habits, Advice/Philosophy/Negation are neutral)"
1974,vô diện,trung_tinh,gian_du,0.07470878,0.19803819,0,review,keep,,"User decision: Keep trung_tinh (Icons are chat habits, Advice/Philosophy/Negation are neutral)"
9279,Lê Thị Cẩm Tú con mình mình tự đặt cho chắc hậy,trung_tinh,hy_vong,0.062077306,0.19807407,0,review,keep,,"User decision: Keep trung_tinh (Icons are chat habits, Advice/Philosophy/Negation are neutral)"
3053,Nhục chưa,gian_du,trung_tinh,0.057960995,0.19808462,0,review,keep,,Trust human emotion label over model's neutral guess
2948,sắp có nút vàng rồi chị,hy_vong,trung_tinh,0.08409145,0.19903672,0,review,keep,,Trust human emotion label over model's neutral guess
2252,Đoàn Hương rồi cuối cùng có chịu thụt ít đất vô mở rộng ngõ không b.,that_vong,trung_tinh,0.0655553,0.20027587,0,review,keep,,Trust human emotion label over model's neutral guess
5922,ngày xưa mừn cũng hay thế lắm .,trung_tinh,vui,0.10989983,0.20235887,0,review,keep,,"User decision: Keep trung_tinh (Icons are chat habits, Advice/Philosophy/Negation are neutral)"
1316,dụ đấy ... đừng tin,gian_du,trung_tinh,0.06536392,0.2026965,0,review,keep,,Trust human emotion label over model's neutral guess
1192,đứa nào nhây hơn đứa đấy thắng,vui,trung_tinh,0.09201269,0.20373112,0,review,keep,,Trust human emotion label over model's neutral guess
1454,"chạy tới đưa đồ cho nó , trượt chân té sấp mặt luôn",trung_tinh,lo_au,0.05465721,0.2044048,0,review,keep,,"User decision: Keep trung_tinh (Icons are chat habits, Advice/Philosophy/Negation are neutral)"
7698,Trà My lạo nhứt đội 4 đó à văn thơ k ai qua,trung_tinh,gian_du,0.06553083,0.20504233,0,review,keep,,"User decision: Keep trung_tinh (Icons are chat habits, Advice/Philosophy/Negation are neutral)"
3173,có nên bỏ fan một người ko,that_vong,trung_tinh,0.06177811,0.20514408,0,review,keep,,Trust human emotion label over model's neutral guess
10121,bật lưu dc ko ạ,hy_vong,trung_tinh,0.090989776,0.20565853,0,review,keep,,Trust human emotion label over model's neutral guess
6105,Út Bo Hung Bội Ngọc đọc đi,hy_vong,trung_tinh,0.1004608,0.20688409,0,review,keep,,Trust human emotion label over model's neutral guess
4342,per : để tao xem chúng mày hạnh phúc được bao lâu 😌,trung_tinh,hy_vong,0.050274722,0.2069357,0,review,keep,,"User decision: Keep trung_tinh (Icons are chat habits, Advice/Philosophy/Negation are neutral)"
5041,Châu Hải Yến chính nó!!,vui,trung_tinh,0.06795206,0.20744216,0,review,keep,,Trust human emotion label over model's neutral guess
1747,Mai vẫn vậy,that_vong,trung_tinh,0.06320886,0.20833784,0,review,keep,,Trust human emotion label over model's neutral guess
3293,Thu Thùy cho bơ uống trà sữa ít thôi,lo_au,trung_tinh,0.061081275,0.21050787,0,review,keep,,Trust human emotion label over model's neutral guess
3084,Gia Vỹ Nghỉ đặt đơn chứ?,hy_vong,trung_tinh,0.07823176,0.21120259,0,review,keep,,Trust human emotion label over model's neutral guess
4600,ai chả có nét đẹp riêng chỉ là bạn chưa biết khai thác nó đúng cách thoi,hy_vong,trung_tinh,0.065966636,0.21154803,0,review,keep,,Trust human emotion label over model's neutral guess
8039,per tiến cử bản thân nào,vui,trung_tinh,0.07677468,0.21215159,0,review,keep,,Trust human emotion label over model's neutral guess
6100,Ngip trả thôi,gian_du,trung_tinh,0.060560774,0.21299413,0,review,keep,,Trust human emotion label over model's neutral guess
8509,Nguyễn Thị Mai Trinh vào xác nhận koii,hy_vong,trung_tinh,0.07692269,0.21334755,0,review,keep,,Trust human emotion label over model's neutral guess
7588,1 hình này thấy từ sáng đến giờ trên mấy page rồi 😑😑,trung_tinh,that_vong,0.08591494,0.21362233,0,review,keep,,"User decision: Keep trung_tinh (Icons are chat habits, Advice/Philosophy/Negation are neutral)"
2861,Vương Bích Trân 6 vãi,gian_du,trung_tinh,0.075063504,0.21417645,0,review,keep,,Trust human emotion label over model's neutral guess
2533,chắc chắn bố của bạn này là một người vui tính chứ không phải khó tính . khiếu khôi hài bạn ấy ảnh hưởng từ bố .,trung_tinh,gian_du,0.10618421,0.2145775,0,review,keep,,"User decision: Keep trung_tinh (Icons are chat habits, Advice/Philosophy/Negation are neutral)"
4435,per giảm tốc kìa,lo_au,trung_tinh,0.052913137,0.21634561,0,review,keep,,Trust human emotion label over model's neutral guess
7388,"Quang Thế có ghi làm bảo vệ siêu thị kìa b , ở phan thiết có 2 cái siêu thị th nên ghi v khác j ghi rõ địa chỉ đâu",lo_au,trung_tinh,0.06157073,0.21664044,0,review,keep,,Trust human emotion label over model's neutral guess
8388,em là trẻ con cưng chiều và khi a ta gẫy nên e sẽ bỏ hắn đi theo thằng khác hoặc nhanh nhanh cặp bồ hoặc ly dị chia gấp tài sản để dc sống trẻ con,trung_tinh,hy_vong,0.071887925,0.2169058,0,review,keep,,"User decision: Keep trung_tinh (Icons are chat habits, Advice/Philosophy/Negation are neutral)"
2885,Đợt này trơi k mưa nhma van bun,buon,trung_tinh,0.055534784,0.21878439,0,review,keep,,Trust human emotion label over model's neutral guess
88,Kiện đi bạn,hy_vong,trung_tinh,0.12560114,0.21946973,0,review,keep,,Trust human emotion label over model's neutral guess
64,per lại lật nữa hả,gian_du,trung_tinh,0.08113226,0.22039634,0,review,keep,,Trust human emotion label over model's neutral guess
5429,"Nguyễn Quỳnh Chi ko rõ tâm tư, không thấu nổi hồng trần",that_vong,trung_tinh,0.09668287,0.22039843,0,review,keep,,Trust human emotion label over model's neutral guess
3594,Thường gặp mấy đứa trẻ như này mình chỉ cho ăn cho uống chứ không cho tiền.,trung_tinh,gian_du,0.05953836,0.22064453,0,review,keep,,"User decision: Keep trung_tinh (Icons are chat habits, Advice/Philosophy/Negation are neutral)"
4704,Tuan Anh Pham chuẩn là phải cmt à,gian_du,trung_tinh,0.13790849,0.2208215,0,review,keep,,Trust human emotion label over model's neutral guess
3969,mày làm anh tao hơi lâu rồi đấy,gian_du,trung_tinh,0.050566923,0.22085634,0,review,keep,,Trust human emotion label over model's neutral guess
4642,bạn thân t nhưng cx vì thế lên mới chơi với nhau,trung_tinh,buon,0.08415652,0.22097659,0,review,keep,,"User decision: Keep trung_tinh (Icons are chat habits, Advice/Philosophy/Negation are neutral)"
5675,Này lên phường tặng 2 quyển tập thì tuyệt,vui,trung_tinh,0.07381296,0.22122484,0,review,keep,,Trust human emotion label over model's neutral guess
6803,Bác tài 100 điểm,vui,trung_tinh,0.1331756,0.22175744,0,review,keep,,Trust human emotion label over model's neutral guess
5087,đúng là không thể chấp nhận được,gian_du,trung_tinh,0.06780905,0.2229937,0,review,keep,,Trust human emotion label over model's neutral guess
4884,Phan Thế Anh vì anh chơi chưa đủ liều đó ạ,that_vong,trung_tinh,0.06575203,0.22367474,0,review,keep,,Trust human emotion label over model's neutral guess
9790,tiến lên(miền nam),hy_vong,trung_tinh,0.12353893,0.22473454,0,review,keep,,Trust human emotion label over model's neutral guess
2366,Huyền Leo chỗ nào cũng hiện hồn,gian_du,trung_tinh,0.09752823,0.22474793,0,review,keep,,Trust human emotion label over model's neutral guess
1832,Thằng dốt,gian_du,trung_tinh,0.05965267,0.22518894,0,review,keep,,Trust human emotion label over model's neutral guess
8761,đó căn bản chỉ là phép lịch sự tối thiếu thôi,that_vong,trung_tinh,0.07921068,0.22649351,0,review,keep,,Trust human emotion label over model's neutral guess
1283,"Quân Ngô lúc dạy học thì tình cảm đi xuống, dạy xong tình cảm đi lên :>",trung_tinh,hy_vong,0.05276442,0.22662053,0,review,keep,,"User decision: Keep trung_tinh (Icons are chat habits, Advice/Philosophy/Negation are neutral)"
7268,ướp đông lạnh luôn à,trung_tinh,gian_du,0.0880803,0.22802034,0,review,keep,,"User decision: Keep trung_tinh (Icons are chat habits, Advice/Philosophy/Negation are neutral)"
3882,gãy tay,that_vong,trung_tinh,0.06287543,0.230899,0,review,keep,,Trust human emotion label over model's neutral guess
9283,"Thôi, kiếm tiền mà sống đi :))",trung_tinh,vui,0.06721655,0.2316379,0,review,keep,,"User decision: Keep trung_tinh (Icons are chat habits, Advice/Philosophy/Negation are neutral)"
2542,Nam Yến phải trường Tân Hồng không bay? Kaka,vui,trung_tinh,0.154399,0.2322275,0,review,keep,,Trust human emotion label over model's neutral guess
2834,Thành công thành công phải thật thành công,hy_vong,trung_tinh,0.08067354,0.23233658,0,review,keep,,Trust human emotion label over model's neutral guess
9183,per biết phân biệt phải trái không vậy ??? và có biết đỗ như thế nào là đúng luật không ???,gian_du,trung_tinh,0.103671186,0.23274985,0,review,keep,,Trust human emotion label over model's neutral guess
5510,nếu lái xe là dân đen thì thế nào chú . có dám đậu ở đóa không,lo_au,trung_tinh,0.07348381,0.23301435,0,review,keep,,Trust human emotion label over model's neutral guess
2911,Phía trước toàn là bóng tối,buon,trung_tinh,0.074058555,0.23331752,0,review,keep,,Trust human emotion label over model's neutral guess
4504,tôi từng là lính lăng bác nên tôi hiểu tự hào dân tộc là gì,vui,trung_tinh,0.09920812,0.2334064,0,review,keep,,Trust human emotion label over model's neutral guess
9294,Mà grab hình như chỉ hồi có 80% à,that_vong,trung_tinh,0.08398012,0.2338886,0,review,keep,,Trust human emotion label over model's neutral guess
4513,Văn Phúc muốn đi coi,hy_vong,trung_tinh,0.11240542,0.23545203,0,review,keep,,Trust human emotion label over model's neutral guess
8264,"Không giúp gì được cho họ thì xem cứ lướt qua đừng nặng lời với họ , vì mình ko ở trong hoàn cảnh của họ nên đừng phát xét điều gì là tạo Phước lắm rồi ạ",trung_tinh,hy_vong,0.12956949,0.23578069,0,review,keep,,"User decision: Keep trung_tinh (Icons are chat habits, Advice/Philosophy/Negation are neutral)"
7058,Việt Nam tuy diện tích bé nhưng vị trí địa lý toàn đắc địa.,vui,trung_tinh,0.121451646,0.23579413,0,review,keep,,Trust human emotion label over model's neutral guess
9906,thằng này đi sing học luật hay sao mà viết hay quá vậy ?,trung_tinh,gian_du,0.06823028,0.23582214,0,review,keep,,"User decision: Keep trung_tinh (Icons are chat habits, Advice/Philosophy/Negation are neutral)"
592,Chang Chang khiếp,lo_au,trung_tinh,0.103619285,0.23606008,0,review,keep,,Trust human emotion label over model's neutral guess
935,Giang Lại Hương đừng cho Kem tự hút trân châu nữa,lo_au,trung_tinh,0.07849251,0.23622552,0,review,keep,,Trust human emotion label over model's neutral guess
1081,Đang trách nhất vẫn là cô và nhà trường,gian_du,trung_tinh,0.060502123,0.2371471,0,review,keep,,Trust human emotion label over model's neutral guess
4964,Biết bao giờ mới lành lại đây,that_vong,trung_tinh,0.11236436,0.23765525,0,review,keep,,Trust human emotion label over model's neutral guess
5107,thế em ăn anh được không ?,hy_vong,trung_tinh,0.096838765,0.23890558,0,review,keep,,Trust human emotion label over model's neutral guess
9315,đúng là mỹ nhanh gọn dứt khoát,vui,trung_tinh,0.12404076,0.2400577,0,review,keep,,Trust human emotion label over model's neutral guess
9972,không sao đâu :) bệnh này lây qua đường tình bạn,vui,trung_tinh,0.12870294,0.24009097,0,review,keep,,Trust human emotion label over model's neutral guess
3887,Vàng giả cũng không hít,trung_tinh,gian_du,0.109478734,0.24042743,0,review,keep,,"User decision: Keep trung_tinh (Icons are chat habits, Advice/Philosophy/Negation are neutral)"
6427,bài nhạc khiến tôi mang nhiều suy tư,buon,trung_tinh,0.06253442,0.24084675,0,review,keep,,Trust human emotion label over model's neutral guess
5503,gặp đúng người thì sẽ nói rất nhiu,vui,trung_tinh,0.07010746,0.24085298,0,review,keep,,Trust human emotion label over model's neutral guess
7382,Vào đây lọc được khá thằng,vui,trung_tinh,0.1552788,0.24121156,0,review,keep,,Trust human emotion label over model's neutral guess
8898,đến bao giờ mới nhận được tiền nhỉ,hy_vong,trung_tinh,0.12716377,0.24351195,0,review,keep,,Trust human emotion label over model's neutral guess
6288,và QG phân biệt vùng miền top2 tg,that_vong,trung_tinh,0.100027114,0.24394244,0,review,keep,,Trust human emotion label over model's neutral guess
4130,Mình là Thiện đây mình đính chính là mình không thân bạn nữ này nhé 😃,trung_tinh,vui,0.17208813,0.24406746,0,review,keep,,"User decision: Keep trung_tinh (Icons are chat habits, Advice/Philosophy/Negation are neutral)"
10107,"Liên Hoa tầm này mà nhà phố gì nữa , mua luôn cái con phố ấy",vui,trung_tinh,0.05143904,0.24409893,0,review,keep,,Trust human emotion label over model's neutral guess
6243,Hát live đi,vui,trung_tinh,0.087627955,0.24420783,0,review,keep,,Trust human emotion label over model's neutral guess
9133,Trường Bino - Vợ anh đã xem và không nói gì,that_vong,trung_tinh,0.090908356,0.24444321,0,review,keep,,Trust human emotion label over model's neutral guess
2198,"chỉ cần đủ quan trọng , họ sẽ làm tất cả những gì bạn thấy vui .",trung_tinh,hy_vong,0.15723981,0.24469572,0,review,keep,,"User decision: Keep trung_tinh (Icons are chat habits, Advice/Philosophy/Negation are neutral)"
4284,Giảm tỉ lệ dân số cũng tốt,hy_vong,trung_tinh,0.09614869,0.24569663,0,review,keep,,Trust human emotion label over model's neutral guess
8707,Nguyễn Hoàng Giang mua xe xăng đc tặng trạm xăng đấy,hy_vong,trung_tinh,0.12787956,0.24597341,0,review,keep,,Trust human emotion label over model's neutral guess
3931,ăn cả thế giới đã,hy_vong,trung_tinh,0.10004117,0.24599186,0,review,keep,,Trust human emotion label over model's neutral guess
5071,Nội tâm,trung_tinh,buon,0.082590275,0.24670398,0,review,keep,,"User decision: Keep trung_tinh (Icons are chat habits, Advice/Philosophy/Negation are neutral)"
3501,lấy củi chứ bao nhiêu rơm cho đủ,that_vong,trung_tinh,0.108785205,0.24683881,0,review,keep,,Trust human emotion label over model's neutral guess
3,Mèo Min Min kkkk gì?,vui,trung_tinh,0.053642545,0.2469275,0,review,keep,,Trust human emotion label over model's neutral guess
1301,tam đảo trời đẹp các mem à,vui,trung_tinh,0.07565095,0.24714386,0,review,keep,,Trust human emotion label over model's neutral guess
4918,Linh Nguyễn Ngọc bạn mai mai sân si sâu bít rồi,gian_du,trung_tinh,0.16638942,0.2476635,0,review,keep,,Trust human emotion label over model's neutral guess
1072,Kênh mới nè.,vui,trung_tinh,0.13414657,0.24786481,0,review,keep,,Trust human emotion label over model's neutral guess
2385,Phạm Mai Linh từ giờ nhịn cả chị cả em,lo_au,trung_tinh,0.050681297,0.24820709,0,review,keep,,Trust human emotion label over model's neutral guess
8080,Đồ giả làm từ họi ba đơi hít nha a,gian_du,trung_tinh,0.10018824,0.24960622,0,review,keep,,Trust human emotion label over model's neutral guess
3958,bất kì hoa gì có mùi đều không thích,gian_du,trung_tinh,0.074964695,0.24978906,0,review,keep,,Trust human emotion label over model's neutral guess
5570,Phuong Diem cần gì lãng mạn sống có trách nhiệm bao dung rộng lượng là đc rồi,hy_vong,trung_tinh,0.18347412,0.24989247,0,review,keep,,Trust human emotion label over model's neutral guess
6023,"nhìn 1 cái , cười 1 cái rồi về thôi",vui,trung_tinh,0.08126845,0.25040382,0,review,keep,,Trust human emotion label over model's neutral guess
4690,Đức Hạnh con bồ cũng định đập tài xế đấy,gian_du,trung_tinh,0.14585964,0.25067666,0,review,keep,,Trust human emotion label over model's neutral guess
5382,ăn nhiều mau khoẻ .. tôm cá ấy mày giàu canxi,trung_tinh,hy_vong,0.124954954,0.25117558,0,review,keep,,"User decision: Keep trung_tinh (Icons are chat habits, Advice/Philosophy/Negation are neutral)"
8430,Thùy Linhh a cho e cái gì kô,vui,trung_tinh,0.083305046,0.25135967,0,review,keep,,Trust human emotion label over model's neutral guess
2028,Đời dạy hai hơn trường dạy,trung_tinh,gian_du,0.16070065,0.25150883,0,review,keep,,"User decision: Keep trung_tinh (Icons are chat habits, Advice/Philosophy/Negation are neutral)"
6220,Trinh Mi Nhon đi ko,hy_vong,trung_tinh,0.11895322,0.25162247,0,review,keep,,Trust human emotion label over model's neutral guess
6195,"Thiện Tim 1 tháng chỉ dc hỗ trợ 1 lần thôi, ko có lần 2",that_vong,trung_tinh,0.060345322,0.25165808,0,review,keep,,Trust human emotion label over model's neutral guess
6612,"Bạn ơi, lên công an xã trình báo đi",hy_vong,trung_tinh,0.17174247,0.25248748,0,review,keep,,Trust human emotion label over model's neutral guess
1508,không biết có ai ở trong ngôi nhà không,lo_au,trung_tinh,0.13053362,0.25267762,0,review,keep,,Trust human emotion label over model's neutral guess
348,"Điện Thọai Hoàng Thông nó đi vission đổi gió thế thôi chứ nó có mấy chiếc porche, mẹc, audi đnag để ở nhà đó con.",gian_du,trung_tinh,0.13307238,0.25311413,0,review,keep,,Trust human emotion label over model's neutral guess
9552,per thử cảm giác mạnh,hy_vong,trung_tinh,0.0807022,0.2531789,0,review,keep,,Trust human emotion label over model's neutral guess
755,Con Chim chào mào.,trung_tinh,vui,0.16499649,0.25333095,0,review,keep,,"User decision: Keep trung_tinh (Icons are chat habits, Advice/Philosophy/Negation are neutral)"
9786,sau này đừng quên nhau nha,hy_vong,trung_tinh,0.12601355,0.2534061,0,review,keep,,Trust human emotion label over model's neutral guess
4770,đúng chất người đẹp mặc rẻ rách cũng đẹp,trung_tinh,vui,0.16221401,0.25367606,0,review,keep,,"User decision: Keep trung_tinh (Icons are chat habits, Advice/Philosophy/Negation are neutral)"
1100,chỉ cần chọn đúng người đúng thời điểm thôi,hy_vong,trung_tinh,0.18714693,0.25429106,0,review,keep,,Trust human emotion label over model's neutral guess
2863,Em chào thầy,trung_tinh,vui,0.1523137,0.25489768,0,review,keep,,"User decision: Keep trung_tinh (Icons are chat habits, Advice/Philosophy/Negation are neutral)"
1175,Phim k hay,that_vong,trung_tinh,0.063447185,0.25666812,0,review,keep,,Trust human emotion label over model's neutral guess
5797,chẳng có j để tự hào cả 😌,trung_tinh,vui,0.098759085,0.25673604,0,review,keep,,"User decision: Keep trung_tinh (Icons are chat habits, Advice/Philosophy/Negation are neutral)"
2977,Mk ko bằng đứa trẻ,that_vong,trung_tinh,0.09194831,0.25754654,0,review,keep,,Trust human emotion label over model's neutral guess
7296,Chắc do hệ luỹ của phim Hàn toàn giết người hàng loạt,lo_au,trung_tinh,0.10310831,0.25783533,0,review,keep,,Trust human emotion label over model's neutral guess
8843,Lan Anh Lê mấy đứa mày mè là hay cúng xôi chè lắm,gian_du,trung_tinh,0.09432929,0.2579639,0,review,keep,,Trust human emotion label over model's neutral guess
9557,per bếp lò xo huyền thoại của ngoại hay nấu nè,vui,trung_tinh,0.18098177,0.25851783,0,review,keep,,Trust human emotion label over model's neutral guess
7626,1 % kìa rồi ra cổng gọi thế nào,lo_au,trung_tinh,0.0753152,0.2586552,0,review,keep,,Trust human emotion label over model's neutral guess
8238,phải học cách tự tin lên chứ bạn,hy_vong,trung_tinh,0.1961163,0.2587965,0,review,keep,,Trust human emotion label over model's neutral guess
3341,hôm nay bạn đi làm . tiền đâu mà mua,that_vong,trung_tinh,0.11279987,0.25907624,0,review,keep,,Trust human emotion label over model's neutral guess
5356,làm người khác thỏa mãn bằng mùi hương của chính bản thân,trung_tinh,that_vong,0.06721897,0.2592852,0,review,keep,,"User decision: Keep trung_tinh (Icons are chat habits, Advice/Philosophy/Negation are neutral)"
1160,Lê Phan thèm nha.i đầu nó hk,hy_vong,trung_tinh,0.062150385,0.25944555,0,review,keep,,Trust human emotion label over model's neutral guess
352,"Hoàng Thị Thủy Mình đồng ý với quan điểm của bạn. Bà Thuận này ""đầu đất"".",gian_du,trung_tinh,0.13102996,0.26005167,0,review,keep,,Trust human emotion label over model's neutral guess
8476,đừng bao giờ đùa kiểu này nghe mọi người,gian_du,trung_tinh,0.107536696,0.2607839,0,review,keep,,Trust human emotion label over model's neutral guess
4280,"Cám ơn thầy, thở đi thôi- là có cả kho tàng :)))<br>3 cách vượt qua bất ổn tâm lý <br>Cách 1: Phương pháp 5 nhìn 4 chạm 3 nghe 2 ngửi 1 nếm <br>Cách 2: Tư duy 3% <br>Cách 3: Phương pháp thở 4 thì",vui,trung_tinh,0.074142955,0.2610672,0,review,keep,,Trust human emotion label over model's neutral guess
9721,Cpi đây,lo_au,trung_tinh,0.060954835,0.26271993,0,review,keep,,Trust human emotion label over model's neutral guess
8641,Sắp tới phú quý i chang,hy_vong,trung_tinh,0.13904604,0.26277304,0,review,keep,,Trust human emotion label over model's neutral guess
6815,đi ngoài đường trái phải còn không biết mà vẫn sống thì giỏi đấy nhỉ,gian_du,trung_tinh,0.056838468,0.2630949,0,review,keep,,Trust human emotion label over model's neutral guess
6869,"@nangoc84 👉Ai trong con người cũng có lòng tham, chỉ có người biết kiềm chế lòng tham như thế nào thôi. (Giống như vào 1 lệnh future). 👉 Hãy kiềm chế con quỷ trong bạn. 🧠 1 dạng content mới - Giọng nói, postcard",trung_tinh,hy_vong,0.1943868,0.2632145,0,review,keep,,"User decision: Keep trung_tinh (Icons are chat habits, Advice/Philosophy/Negation are neutral)"
5702,"Các giải đấu thế giới đang tiến lên 1 bước đỉnh cao như thời kì đồ đá. Ai mạnh là thành chúa tể. Sau này phát triển hơn là sẽ thả vô đánh tập thể, ai còn sống là vô địch",trung_tinh,hy_vong,0.10164187,0.26377803,0,review,keep,,"User decision: Keep trung_tinh (Icons are chat habits, Advice/Philosophy/Negation are neutral)"
6043,vn là vậy . bn công chăm sóc của tao đổ sông đổ biển .,that_vong,trung_tinh,0.14268439,0.26385745,0,review,keep,,Trust human emotion label over model's neutral guess
9567,ông lại tự phức tạp hóa vấn đề lên thôi,gian_du,trung_tinh,0.07179656,0.26395547,0,review,keep,,Trust human emotion label over model's neutral guess
9218,Tướng như đàn ông thế kia bảo sao chả đau,trung_tinh,gian_du,0.07339018,0.26409277,0,review,keep,,"User decision: Keep trung_tinh (Icons are chat habits, Advice/Philosophy/Negation are neutral)"
6295,Phan Hoa Trâm dì ruột của cháu viết c nầy. Thương cle đó,buon,trung_tinh,0.052741278,0.26480514,0,review,keep,,Trust human emotion label over model's neutral guess
8577,đúng là không có nhân tính,gian_du,trung_tinh,0.10938341,0.26503274,0,review,keep,,Trust human emotion label over model's neutral guess
9973,hình như bồ tao cũng tập gym 😶😶,trung_tinh,vui,0.072854325,0.2653193,0,review,keep,,"User decision: Keep trung_tinh (Icons are chat habits, Advice/Philosophy/Negation are neutral)"
29,đứng tóp1 thới giới về bàn phím và yang hồ mạng chấp địa cầu này lun cx k bằg,vui,trung_tinh,0.053468276,0.2654192,0,review,keep,,Trust human emotion label over model's neutral guess
4817,rút kinh nghiệm lần sau cứ khách nào kêu tính tiền thì mình checkin phòng liền nếu tình trạng như vậy thì cho nó dọn phòng khi nào sạch thì cho nó về 😀,trung_tinh,vui,0.0539282,0.26564386,0,review,keep,,"User decision: Keep trung_tinh (Icons are chat habits, Advice/Philosophy/Negation are neutral)"
8673,vợ chồng nhà này mặc quần áo ngủ đôi à ??,vui,trung_tinh,0.13632926,0.26578844,0,review,keep,,Trust human emotion label over model's neutral guess
9319,Trọng Anh Nguyễn hảo có bị sao ko thế trọng,lo_au,trung_tinh,0.137662,0.26661366,0,review,keep,,Trust human emotion label over model's neutral guess
1478,Ngọc Quỳnh xem ik bạn kết HE,vui,trung_tinh,0.13490298,0.26662737,0,review,keep,,Trust human emotion label over model's neutral guess
6955,từ ngày ra trường là chưa về,that_vong,trung_tinh,0.11164134,0.2669604,0,review,keep,,Trust human emotion label over model's neutral guess
1214,sáng nay tao mới thấy 2 con này đi cùng,trung_tinh,hy_vong,0.17179173,0.26737672,0,review,keep,,"User decision: Keep trung_tinh (Icons are chat habits, Advice/Philosophy/Negation are neutral)"
7451,Cháu nó ở nhà ngoan lắm đây. rồi các cháu có thể học làm người bình thường được k,hy_vong,trung_tinh,0.063333295,0.26746202,0,review,keep,,Trust human emotion label over model's neutral guess
1284,chỉ còn lại tro tàn,buon,trung_tinh,0.070685185,0.2684903,0,review,keep,,Trust human emotion label over model's neutral guess
7120,cho đi luôn bớt lo,trung_tinh,gian_du,0.091526195,0.26849312,0,review,keep,,"User decision: Keep trung_tinh (Icons are chat habits, Advice/Philosophy/Negation are neutral)"
3863,Thuỳ Dung Bình thường giao thông sẽ có camera đợi 1 2 ngày nữa có sẽ video nên chưa biết ai đúng ai sai được… ở đâu mình không biết chứ dưới mình bỏ chạy mà bắt được lấy xe về xã xử lý chứ không có đánh như này… 😂,trung_tinh,hy_vong,0.07757983,0.26861262,0,review,keep,,"User decision: Keep trung_tinh (Icons are chat habits, Advice/Philosophy/Negation are neutral)"
5059,công nhận già thật,trung_tinh,gian_du,0.15475814,0.26878798,0,review,keep,,"User decision: Keep trung_tinh (Icons are chat habits, Advice/Philosophy/Negation are neutral)"
6015,per sắp bị đuổi khỏi trường rồi nhé 😉😉,trung_tinh,vui,0.12671593,0.26881593,0,review,keep,,"User decision: Keep trung_tinh (Icons are chat habits, Advice/Philosophy/Negation are neutral)"
3789,per hôm nào chụp kiểu nhỉ .,hy_vong,trung_tinh,0.15293716,0.26911673,0,review,keep,,Trust human emotion label over model's neutral guess
225,bốc toàn trúng may mắn lần sau,buon,trung_tinh,0.056105282,0.26932847,0,review,keep,,Trust human emotion label over model's neutral guess
6181,đã trải qua và thấy chuẩn cơm má nấu,vui,trung_tinh,0.1178977,0.26964128,0,review,keep,,Trust human emotion label over model's neutral guess
8109,ko phải do bạn xấu chỉ là do bạn không tự tin mà thôi..,hy_vong,trung_tinh,0.08630547,0.26968563,0,review,keep,,Trust human emotion label over model's neutral guess
6891,Thy'y Chinh có video kh,hy_vong,trung_tinh,0.15406787,0.27056837,0,review,keep,,Trust human emotion label over model's neutral guess
5043,Chính quyền đã cảnh báo chứ phải không,trung_tinh,gian_du,0.14892387,0.27061075,0,review,keep,,"User decision: Keep trung_tinh (Icons are chat habits, Advice/Philosophy/Negation are neutral)"
1494,"<b>Ngủ</b> và <b>thức</b> là 2 từ trái nghĩa, vậy tại sao <b>ngủ dậy</b> và <b>thức dậy</b> lại là 2 từ đồng nghĩa? =)))",vui,trung_tinh,0.12031702,0.27104855,0,review,keep,,Trust human emotion label over model's neutral guess
5371,có tiền mua cả cây nhỉ,hy_vong,trung_tinh,0.16011468,0.2722658,0,review,keep,,Trust human emotion label over model's neutral guess
8302,Hi a🎉,trung_tinh,vui,0.14965373,0.27230617,0,review,keep,,"User decision: Keep trung_tinh (Icons are chat habits, Advice/Philosophy/Negation are neutral)"
728,thành phần nào cũng có ăn hiếp con gái thua cả súc sinh,gian_du,trung_tinh,0.061147,0.27248245,0,review,keep,,Trust human emotion label over model's neutral guess
7138,có ý định nhai hết hộp kẹo điểm danh đi 😌😌,trung_tinh,hy_vong,0.12668537,0.2731538,0,review,keep,,"User decision: Keep trung_tinh (Icons are chat habits, Advice/Philosophy/Negation are neutral)"
1905,Nhiều thế? Cấp số nhân thì không biết sẽ như thế nào?,lo_au,trung_tinh,0.08843487,0.27381766,0,review,keep,,Trust human emotion label over model's neutral guess
4898,per viêm màn túi cấp nghiêm trọng,lo_au,trung_tinh,0.09883407,0.2741608,0,review,keep,,Trust human emotion label over model's neutral guess
6488,thời buổi này là thằng con trai trước hết phải có khả năng kinh tế phải nuôi được bố mẹ rồi hãy tính đến chuyện kết hôn,trung_tinh,hy_vong,0.21300462,0.27426082,0,review,keep,,"User decision: Keep trung_tinh (Icons are chat habits, Advice/Philosophy/Negation are neutral)"
6895,Ngọc Huyền ng ta giục oy kìa lấy thôi,gian_du,trung_tinh,0.16544701,0.27461708,0,review,keep,,Trust human emotion label over model's neutral guess
1026,tôi ko biết ngại là gì nữa rồi,trung_tinh,lo_au,0.0806304,0.274912,0,review,keep,,"User decision: Keep trung_tinh (Icons are chat habits, Advice/Philosophy/Negation are neutral)"
7316,"Mấy chn này trên app là bình thường bà ui, lần sau thấy ngta ko rep thì tự hiểu đc rồi",gian_du,trung_tinh,0.08874544,0.27572364,0,review,keep,,Trust human emotion label over model's neutral guess
2071,Dương Thùy tag tui mà nick ảo tui dô like,trung_tinh,gian_du,0.09751154,0.2761532,0,review,keep,,"User decision: Keep trung_tinh (Icons are chat habits, Advice/Philosophy/Negation are neutral)"
703,per ngồi ôm bụng cười và liên tưởng đến nhiều nhân vật,vui,trung_tinh,0.07767891,0.27619174,0,review,keep,,Trust human emotion label over model's neutral guess
10093,Đăng Hoàng cậu nhà mình dạo ni nói hay hè,vui,trung_tinh,0.10458807,0.27634603,0,review,keep,,Trust human emotion label over model's neutral guess
2155,per my nè kkk,trung_tinh,vui,0.13943307,0.27648547,0,review,keep,,"User decision: Keep trung_tinh (Icons are chat habits, Advice/Philosophy/Negation are neutral)"
5623,Đức Trần mỗi việc đều có cái khó của riêng nó chứ sao so sánh thế được,trung_tinh,gian_du,0.12074173,0.2766843,0,review,keep,,"User decision: Keep trung_tinh (Icons are chat habits, Advice/Philosophy/Negation are neutral)"
720,thực ra là ko biết mở lời ntn,lo_au,trung_tinh,0.08739078,0.27697456,0,review,keep,,Trust human emotion label over model's neutral guess
3196,tôi từng được sống . nhưng đấy là truyện của năm ngoái rồi,that_vong,trung_tinh,0.19273293,0.27760366,0,review,keep,,Trust human emotion label over model's neutral guess
9263,chưa bao giờ b đến đích là gì cả,that_vong,trung_tinh,0.1657688,0.27807307,0,review,keep,,Trust human emotion label over model's neutral guess
6824,Trần Thao hở ra chỗ nào ?,gian_du,trung_tinh,0.18083085,0.27835885,0,review,keep,,Trust human emotion label over model's neutral guess
4868,Xuân Nghĩa xem phim Hàn Quốc và phim Mỹ quá 180 phút.,gian_du,trung_tinh,0.07005098,0.27837133,0,review,keep,,Trust human emotion label over model's neutral guess
2712,cô ơi nhiệt tình là tốt nhưng bản thân phải an toàn trước 😗,trung_tinh,vui,0.062313564,0.27855724,0,review,keep,,"User decision: Keep trung_tinh (Icons are chat habits, Advice/Philosophy/Negation are neutral)"
8938,sau này nhất định phải nói chuyện lịch sự không phải một người đọc mà là mọi người cùng đọc,lo_au,trung_tinh,0.05814731,0.2785892,0,review,keep,,Trust human emotion label over model's neutral guess
5007,"mới đầu mày sẽ thấy vui , từ từ nó quậy cho mày ????",gian_du,trung_tinh,0.13141407,0.27889162,0,review,keep,,Trust human emotion label over model's neutral guess
1675,@★Andrealphus★ Em khi ở trên trung tâm nè ✨,trung_tinh,hy_vong,0.14017342,0.27901745,0,review,keep,,"User decision: Keep trung_tinh (Icons are chat habits, Advice/Philosophy/Negation are neutral)"
6673,Hân Hân voãi,trung_tinh,gian_du,0.08443299,0.2791837,0,review,keep,,"User decision: Keep trung_tinh (Icons are chat habits, Advice/Philosophy/Negation are neutral)"
387,được đấy tao thích,vui,trung_tinh,0.13901597,0.27928752,0,review,keep,,Trust human emotion label over model's neutral guess
3564,đường của nhà nước co phải nhà cụ đâu mà kêu ca,gian_du,trung_tinh,0.15934594,0.2800163,0,review,keep,,Trust human emotion label over model's neutral guess
937,Gia Bảo coi đi ck,hy_vong,trung_tinh,0.15868606,0.28005174,0,review,keep,,Trust human emotion label over model's neutral guess
762,Phan Thị Thu Ngân kkk ko chạy đi mô đc,vui,trung_tinh,0.070087366,0.28024286,0,review,keep,,Trust human emotion label over model's neutral guess
8489,Nếu là sếp mình sẽ thử bằng 1 con ốc nhỏ hơn,trung_tinh,hy_vong,0.19190352,0.28103068,0,review,keep,,"User decision: Keep trung_tinh (Icons are chat habits, Advice/Philosophy/Negation are neutral)"
9584,"nhìn là biết sapa rồi , thế cũng đố",that_vong,trung_tinh,0.10339749,0.2810811,0,review,keep,,Trust human emotion label over model's neutral guess
1818,em hướng ngoại hay nói chuyện với mọi người xung quanh nhưng em không nói chuyêm với gia đình,trung_tinh,lo_au,0.07586501,0.28116733,0,review,keep,,"User decision: Keep trung_tinh (Icons are chat habits, Advice/Philosophy/Negation are neutral)"
1752,Nguyễn Yến xác nhận đúng nhà này đánh đấy b,trung_tinh,gian_du,0.2091344,0.28216285,0,review,keep,,"User decision: Keep trung_tinh (Icons are chat habits, Advice/Philosophy/Negation are neutral)"
8785,"công trình 850 năm tuổi , xây dựng 100 năm mới hoàn thành chỉ còn là đống cháy sắt vụn .",that_vong,trung_tinh,0.1325216,0.28220665,0,review,keep,,Trust human emotion label over model's neutral guess
5425,Với mình sức khoẻ và trí tuệ là số 1,trung_tinh,hy_vong,0.06486405,0.28229895,0,review,keep,,"User decision: Keep trung_tinh (Icons are chat habits, Advice/Philosophy/Negation are neutral)"
3606,Nguyễn Thị Ngọc Lan kiếp sau chắc gì đã gặp a mà oánh,trung_tinh,gian_du,0.11850454,0.28258386,0,review,keep,,"User decision: Keep trung_tinh (Icons are chat habits, Advice/Philosophy/Negation are neutral)"
113,có 5tr thôi à,that_vong,trung_tinh,0.116629936,0.28274614,0,review,keep,,Trust human emotion label over model's neutral guess
1473,xong tao đưa mày uống nha,trung_tinh,hy_vong,0.12810619,0.28295144,0,review,keep,,"User decision: Keep trung_tinh (Icons are chat habits, Advice/Philosophy/Negation are neutral)"
733,Xám lộn,gian_du,trung_tinh,0.05067347,0.2830631,0,review,keep,,Trust human emotion label over model's neutral guess
778,Gặp đúng người sẽ nói chuyện rất nhìu,vui,trung_tinh,0.099388,0.2838725,0,review,keep,,Trust human emotion label over model's neutral guess
5588,nên công bố để răn đe,trung_tinh,gian_du,0.14730473,0.28405344,0,review,keep,,"User decision: Keep trung_tinh (Icons are chat habits, Advice/Philosophy/Negation are neutral)"
3070,không biết luôn á,trung_tinh,lo_au,0.056577872,0.2843271,0,review,keep,,"User decision: Keep trung_tinh (Icons are chat habits, Advice/Philosophy/Negation are neutral)"
2716,Chỉnh sửa ảnh Free bọn nhà báo thôi,gian_du,trung_tinh,0.09266837,0.284633,0,review,keep,,Trust human emotion label over model's neutral guess
1841,lúc ngoại còn sống cũng hay xin ngoại 10k 2 chục gì đó,buon,trung_tinh,0.0963697,0.28498316,0,review,keep,,Trust human emotion label over model's neutral guess
8677,Hi thầy :3,trung_tinh,vui,0.13653891,0.28530043,0,review,keep,,"User decision: Keep trung_tinh (Icons are chat habits, Advice/Philosophy/Negation are neutral)"
4355,"trai xinh gái đẹp thời đó , nhìn cái xe là biết giáo dục có điều kiện rồi",trung_tinh,vui,0.061522044,0.28535634,0,review,keep,,"User decision: Keep trung_tinh (Icons are chat habits, Advice/Philosophy/Negation are neutral)"
3964,"50%thoi, còn tùy theo GĐ nữa nhé",trung_tinh,hy_vong,0.2182012,0.28560537,0,review,keep,,"User decision: Keep trung_tinh (Icons are chat habits, Advice/Philosophy/Negation are neutral)"
1549,nó lợi dụng ở 1 khía cạnh nào đó mà thôi,gian_du,trung_tinh,0.0744511,0.28617454,0,review,keep,,Trust human emotion label over model's neutral guess
3546,tao đang thă ́ c mă ́ c ta ̣ i sao thă ̀ người da đen no ́ quen được con nho ̉ da tră ́ người ngon va ̃ i thê ́ nhy ̃. 😑😑😑,trung_tinh,gian_du,0.11541939,0.28652817,0,review,keep,,"User decision: Keep trung_tinh (Icons are chat habits, Advice/Philosophy/Negation are neutral)"
5559,người ta có bạn bè nhìn vui thật,buon,trung_tinh,0.055838946,0.28673202,0,review,keep,,Trust human emotion label over model's neutral guess
8095,Phim hay nha bn,vui,trung_tinh,0.14663818,0.2882501,0,review,keep,,Trust human emotion label over model's neutral guess
5334,Hưng Lan b pải lm bên thám tử tư chuẩn kk,trung_tinh,vui,0.17975913,0.2887758,0,review,keep,,"User decision: Keep trung_tinh (Icons are chat habits, Advice/Philosophy/Negation are neutral)"
815,Le Tuan ko nhớ thì sẽ vài bé nữa như thế,lo_au,trung_tinh,0.057190772,0.28893524,0,review,keep,,Trust human emotion label over model's neutral guess
8483,nhưng liệu như vậy sẽ dễ dàng để người khác xen vào không,lo_au,trung_tinh,0.090652026,0.28895557,0,review,keep,,Trust human emotion label over model's neutral guess
635,Dù sao k thấy cái bản mặt nó trên tt là đc em à,trung_tinh,hy_vong,0.22052117,0.28996226,0,review,keep,,"User decision: Keep trung_tinh (Icons are chat habits, Advice/Philosophy/Negation are neutral)"
9539,4 năm tìm hiểu kh biết đánh lần nào chưa,that_vong,trung_tinh,0.1660569,0.2901008,0,review,keep,,Trust human emotion label over model's neutral guess
4495,nói mẹ ngoài đời,trung_tinh,gian_du,0.11893269,0.290177,0,review,keep,,"User decision: Keep trung_tinh (Icons are chat habits, Advice/Philosophy/Negation are neutral)"
1659,nhói lòng lớp tôi,that_vong,trung_tinh,0.09371806,0.2909775,0,review,keep,,Trust human emotion label over model's neutral guess
9033,Những nhà thơ ngày xưa vẫn nhất.,trung_tinh,vui,0.15933609,0.29108644,0,review,keep,,"User decision: Keep trung_tinh (Icons are chat habits, Advice/Philosophy/Negation are neutral)"
2124,co khi kh giám ra đường☺️,lo_au,trung_tinh,0.07338393,0.29121763,0,review,keep,,Trust human emotion label over model's neutral guess
932,Vào trang cá nhân của em có đăng full cái kết 🌴,trung_tinh,vui,0.11392326,0.2912648,0,review,keep,,"User decision: Keep trung_tinh (Icons are chat habits, Advice/Philosophy/Negation are neutral)"
1401,Cam có ba que như chú không,gian_du,trung_tinh,0.102487974,0.29127344,0,review,keep,,Trust human emotion label over model's neutral guess
10034,hãy tôn trọng quyền được mưu cầu hạnh phúc của mỗi cá nhân con người trên thế giới này đi . đừng kì thị họ ! tội lỗi lắm 🙂,trung_tinh,hy_vong,0.112846576,0.29183632,0,review,keep,,"User decision: Keep trung_tinh (Icons are chat habits, Advice/Philosophy/Negation are neutral)"
9055,Sắp có vụ vòng cẩm thạch v2,vui,trung_tinh,0.058145236,0.29244763,0,review,keep,,Trust human emotion label over model's neutral guess
5803,chỉ có trong truyền thuyết . mà khái niệm truyền thuyết trong ngữ văn lớp 6 là không có thật,that_vong,trung_tinh,0.1431929,0.29254472,0,review,keep,,Trust human emotion label over model's neutral guess
8282,cuộc sống của mình đừng hỏi ý kiến người khác,trung_tinh,hy_vong,0.106986776,0.2928758,0,review,keep,,"User decision: Keep trung_tinh (Icons are chat habits, Advice/Philosophy/Negation are neutral)"
9473,93 chưa ổn định,lo_au,trung_tinh,0.108660996,0.2929099,0,review,keep,,Trust human emotion label over model's neutral guess
3926,trời ơi tháng 6 tôi về nước bạn có liên hệ với tôi được không bạn bạn ơi,hy_vong,trung_tinh,0.20617633,0.2932127,0,review,keep,,Trust human emotion label over model's neutral guess
3103,Cài đặt chế độ riêng tư đi bạn,hy_vong,trung_tinh,0.17792863,0.2933904,0,review,keep,,Trust human emotion label over model's neutral guess
3016,"5 điều cần làm để giảm suy nghĩ tiêu cực:<br>1.Đi tắm và uống nước+Đi ngủ đi cho cơ thể bình yên lại<br>2.Chịu trách nhiệm:<br>Tự hỏi xem mình mắc lỗi gì dẫn đến việc gì và làm sao để sửa?<br>3.Đi làm gì đó:Don&#39;t Procastinate<br>Nếu như mà cứ cuốn theo suy nghĩ tiêu cực thì không thể nào mà work effectively-&gt;feel worse-&gt;work worse<br>4.Tra Google cách để làm một việc,giải quyết một vấn đề<br>5.Cắt các mối quan hệ tiêu cực:than thở 24/7,một người bạn luôn muốn có thật nhiều sự chú ý,ích kỷ",trung_tinh,hy_vong,0.17016426,0.29343325,0,review,keep,,"User decision: Keep trung_tinh (Icons are chat habits, Advice/Philosophy/Negation are neutral)"
5892,quan trọng là họ quảng cáo nói có đúng không . hay là được ít năm hỏng thì mệt,trung_tinh,gian_du,0.10337257,0.29446706,0,review,keep,,"User decision: Keep trung_tinh (Icons are chat habits, Advice/Philosophy/Negation are neutral)"
2792,Đang bế tắc thật,that_vong,trung_tinh,0.067033336,0.29447392,0,review,keep,,Trust human emotion label over model's neutral guess
5725,Cách tốt nhất là làm việc để tiến lên,hy_vong,trung_tinh,0.10694193,0.2946426,0,review,keep,,Trust human emotion label over model's neutral guess
9359,Không biết bé giờ sao rồi,buon,trung_tinh,0.09862175,0.29503918,0,review,keep,,Trust human emotion label over model's neutral guess
6066,Quách Thanh Thủy Vậy sao kêu thời nay khó? Thời xưa thì dễ à?,gian_du,trung_tinh,0.18008828,0.29508895,0,review,keep,,Trust human emotion label over model's neutral guess
10072,Như Ýy thiên linh cái,hy_vong,trung_tinh,0.15487728,0.29528415,0,review,keep,,Trust human emotion label over model's neutral guess
997,Đế quốc Khmer từng huy hoàng,trung_tinh,vui,0.2027353,0.29547134,0,review,keep,,"User decision: Keep trung_tinh (Icons are chat habits, Advice/Philosophy/Negation are neutral)"
48,Quốc gia chông covid tốt nhất thế giới,vui,trung_tinh,0.0545418,0.29601717,0,review,keep,,Trust human emotion label over model's neutral guess
8757,Cha ông ta đi mở cõi đỉnh thật,vui,trung_tinh,0.11377205,0.2960221,0,review,keep,,Trust human emotion label over model's neutral guess
513,kêu gọi thì lói thế thôi chứ dân nó vẫn dùng apple như thường,trung_tinh,gian_du,0.18670551,0.29609832,0,review,keep,,"User decision: Keep trung_tinh (Icons are chat habits, Advice/Philosophy/Negation are neutral)"
8453,cẩn thận móc túi trộm nhé anh chị em .,trung_tinh,hy_vong,0.16436447,0.29617718,0,review,keep,,"User decision: Keep trung_tinh (Icons are chat habits, Advice/Philosophy/Negation are neutral)"
5813,ông tóc ngắn ngắn cam cam tên gì vậy ạ ?,trung_tinh,lo_au,0.18299054,0.29628912,0,review,keep,,"User decision: Keep trung_tinh (Icons are chat habits, Advice/Philosophy/Negation are neutral)"
173,per đừng có mà thân thiết với tôi,gian_du,trung_tinh,0.07380109,0.2968362,0,review,keep,,Trust human emotion label over model's neutral guess
4375,Mấu chốt để thay đổi từ trang thái tiêu cực sang tích cực nằm ở cách kiểm soát suy nghĩ của chính mình.,hy_vong,trung_tinh,0.1314396,0.29688644,0,review,keep,,Trust human emotion label over model's neutral guess
8633,tài năng sáng tạo vẩy bút thôi cũng là nghệ thuật,trung_tinh,vui,0.15787287,0.29688755,0,review,keep,,"User decision: Keep trung_tinh (Icons are chat habits, Advice/Philosophy/Negation are neutral)"
8926,1 đế chế tự vẽ sự thật thì nó chưa được 1/10,gian_du,trung_tinh,0.057038866,0.29730186,0,review,keep,,Trust human emotion label over model's neutral guess
3068,gia đình có nhưng tình yêu không thì sao,that_vong,trung_tinh,0.14392588,0.29771245,0,review,keep,,Trust human emotion label over model's neutral guess
5838,Sáng Dê :)) t k quan tâm lắm xe gì chả thế mấy con xăng giờ còn thấy mấy k,trung_tinh,vui,0.144379,0.29774642,0,review,keep,,"User decision: Keep trung_tinh (Icons are chat habits, Advice/Philosophy/Negation are neutral)"
8375,Vũ Đại Hải vào hóng hớt đường phố mà xem ai sai nhé rồi bênh,gian_du,trung_tinh,0.059868887,0.29801893,0,review,keep,,Trust human emotion label over model's neutral guess
5696,"Kẻ Mộng Mơ coi phim này chưa, thấy hay lắm",vui,trung_tinh,0.16990042,0.2981281,0,review,keep,,Trust human emotion label over model's neutral guess
9091,Ván 3 đanhs 1 hồi thua luôn,that_vong,trung_tinh,0.15999496,0.29817638,0,review,keep,,Trust human emotion label over model's neutral guess
7765,các bác có thấy ko báo cáo năm nào cũng GDP tăng trưởng đó,gian_du,trung_tinh,0.16034526,0.2982856,0,review,keep,,Trust human emotion label over model's neutral guess
8845,Đức Trần bạn không mệt kh có nghĩa là ngkhac cũng vậy,gian_du,trung_tinh,0.13310397,0.29840425,0,review,keep,,Trust human emotion label over model's neutral guess
94,per mới bắt đầu tuần thánh mà chúa ơii,vui,trung_tinh,0.18866207,0.29876268,0,review,keep,,Trust human emotion label over model's neutral guess
2569,Đối với người lớn Đôi khi 10km cũng là xa Quan trọng là có muốn hay ko,trung_tinh,buon,0.09650851,0.298975,0,review,keep,,"User decision: Keep trung_tinh (Icons are chat habits, Advice/Philosophy/Negation are neutral)"
7659,Dương An hề gớm hơn ma,gian_du,trung_tinh,0.12702012,0.2991088,0,review,keep,,Trust human emotion label over model's neutral guess
1328,Xuân Nghĩa xem mấy phim ngta rạch chỗ ngực đk? rạch xong còn cắm cái ống vào chỗ rạch.,gian_du,trung_tinh,0.1495731,0.29962113,0,review,keep,,Trust human emotion label over model's neutral guess
2828,cậu quên lời hứa của chúng ta rồi sao,gian_du,trung_tinh,0.094608046,0.29972082,0,review,keep,,Trust human emotion label over model's neutral guess
7797,per chơi với con trai riết nên giờ đéo có người yêu nổi vì tính tình không khác gì con trai,trung_tinh,that_vong,0.08136104,0.30014953,0,review,keep,,"User decision: Keep trung_tinh (Icons are chat habits, Advice/Philosophy/Negation are neutral)"
9877,per ta nguyện nằm im,hy_vong,trung_tinh,0.06722999,0.3006791,0,review,keep,,Trust human emotion label over model's neutral guess
6662,trời đánh tránh miếng ăn,that_vong,trung_tinh,0.14224674,0.3008654,0,review,keep,,Trust human emotion label over model's neutral guess
10099,mấy bạn làm s hiểu dc cgiac của chúng tôi chứ?,that_vong,trung_tinh,0.13100798,0.30093363,0,review,keep,,Trust human emotion label over model's neutral guess
1782,"Người có tâm thì làm việc gì cũng có tâm dù là nhỏ nhất, và dĩ nhiên sự trung thực và trách nhiệm cao luôn được đền bù xứng đáng.",trung_tinh,hy_vong,0.17452008,0.30100566,0,review,keep,,"User decision: Keep trung_tinh (Icons are chat habits, Advice/Philosophy/Negation are neutral)"
2122,giọng không nhìn màn hình tao tưởng là ông bà già nào trên 60 tuổi đang nói á .,trung_tinh,vui,0.10259858,0.30146277,0,review,keep,,"User decision: Keep trung_tinh (Icons are chat habits, Advice/Philosophy/Negation are neutral)"
9817,Cũng từng mà ko nhìu thế 3hay 4 tiếng thôi mà trời mưa to sấm😅 đêm rồi,trung_tinh,that_vong,0.12923205,0.30158526,0,review,keep,,"User decision: Keep trung_tinh (Icons are chat habits, Advice/Philosophy/Negation are neutral)"
3036,Bỏ phim từ lúc đó luôn,that_vong,trung_tinh,0.121957086,0.30169827,0,review,keep,,Trust human emotion label over model's neutral guess
111,Nói là phục hồi sau chiến tranh thì đối với t chỉ có Việt Nam là nhanh nhất TG thế thôi,vui,trung_tinh,0.088982046,0.30179238,0,review,keep,,Trust human emotion label over model's neutral guess
325,Lê Hồng Nhung haloween cho hoá trang xuống hòm,hy_vong,trung_tinh,0.13069378,0.30186176,0,review,keep,,Trust human emotion label over model's neutral guess
2564,Nguyen thế mà xe xếp hàng để lên bà nà ấy bác,gian_du,trung_tinh,0.16230553,0.30202073,0,review,keep,,Trust human emotion label over model's neutral guess
7801,"Trần Bắc em 92 cũng vẫn học lớp lá, lớn hơn chút thì mới được học nhà xây",that_vong,trung_tinh,0.15724605,0.3020494,0,review,keep,,Trust human emotion label over model's neutral guess
8503,"muốn tố cáo phòng khám, thì liên hệ ai vậy mọi người",gian_du,trung_tinh,0.12005111,0.3022927,0,review,keep,,Trust human emotion label over model's neutral guess
10057,khi nào tao thấy thích . mà thích rồi chưa có người thích cùng .,that_vong,trung_tinh,0.17044063,0.30263788,0,review,keep,,Trust human emotion label over model's neutral guess
6089,thay đổi chóng mặt,trung_tinh,vui,0.074615546,0.30312175,0,review,keep,,"User decision: Keep trung_tinh (Icons are chat habits, Advice/Philosophy/Negation are neutral)"
1756,"Thanh Kim Huyền hạn chế cho nấm ăn thạch chị ơi, cho ăn thì mớm nhỏ chứ k để tự ăn đc",lo_au,trung_tinh,0.06733943,0.30329794,0,review,keep,,Trust human emotion label over model's neutral guess
1234,"Ty Thanh Vo à không. Mình đang không nói đến sự kiện mà chỉ đang mô phỏng lại diễn biến nội tâm của anh chồng thôi ạ. Có thể đúng, có thể sai ạ ^^",trung_tinh,hy_vong,0.19535287,0.3034942,0,review,keep,,"User decision: Keep trung_tinh (Icons are chat habits, Advice/Philosophy/Negation are neutral)"
1882,Chắc các cháu uống nhầm thuốc rồi,lo_au,trung_tinh,0.08564705,0.30371052,0,review,keep,,Trust human emotion label over model's neutral guess
9700,càng nhìn tấm ảnh càng thấy thương cha mẹ nhiều hơn,trung_tinh,buon,0.08352192,0.30372056,0,review,keep,,"User decision: Keep trung_tinh (Icons are chat habits, Advice/Philosophy/Negation are neutral)"
5839,Đặng Văn Vinh tao sắp đẻ tao nói dùm oke,trung_tinh,gian_du,0.18991958,0.3041719,0,review,keep,,"User decision: Keep trung_tinh (Icons are chat habits, Advice/Philosophy/Negation are neutral)"
7489,Ruby Duong giờ nói sao giờ,gian_du,trung_tinh,0.13222805,0.3042447,0,review,keep,,Trust human emotion label over model's neutral guess
3855,Thời mạt pháp,that_vong,trung_tinh,0.10799031,0.30511525,0,review,keep,,Trust human emotion label over model's neutral guess
9689,thật là một sự mỉa mai,that_vong,trung_tinh,0.08526715,0.30520517,0,review,keep,,Trust human emotion label over model's neutral guess
2939,Hoài Chinh cùg nhau xem đyê,vui,trung_tinh,0.0801788,0.30529976,0,review,keep,,Trust human emotion label over model's neutral guess
2979,"Scarlett Lovemình nghe nói tư bản ngày càng thâm nhập sâu vào vn qua các cuộc thi hoa hậu đc tổ chức liên tục gần đây, và điều này lâu dài sẽ ảnh hưởng tiêu cực đến vn, điều này có đúng không bạn?",lo_au,trung_tinh,0.062476706,0.30653274,0,review,keep,,Trust human emotion label over model's neutral guess
216,em thấy nó đúng đấy chứ,vui,trung_tinh,0.14896129,0.30665815,0,review,keep,,Trust human emotion label over model's neutral guess
5859,Giờ vẫn vậy á kk,trung_tinh,vui,0.16582146,0.30771804,0,review,keep,,"User decision: Keep trung_tinh (Icons are chat habits, Advice/Philosophy/Negation are neutral)"
9188,chia sẻ nhiều trang vào,trung_tinh,hy_vong,0.24617715,0.30815637,0,review,keep,,"User decision: Keep trung_tinh (Icons are chat habits, Advice/Philosophy/Negation are neutral)"
8850,🇻🇳🇻🇳🇻🇳🇻🇳Việt Nam muôn năm,vui,trung_tinh,0.16123617,0.30815682,0,review,keep,,Trust human emotion label over model's neutral guess
9872,con gái không phải là người tham tiền tham trai đẹp tham này nọ đâu nhé ... chẳng qua họ cần tìm chỗ dựa thôi .,gian_du,trung_tinh,0.15345837,0.30865633,0,review,keep,,Trust human emotion label over model's neutral guess
6362,đeo khẩu trang +100 tự tin,hy_vong,trung_tinh,0.18302923,0.30866462,0,review,keep,,Trust human emotion label over model's neutral guess
3258,thật ra là nó muốn kiếm em gái anh trai mưa đấy,vui,trung_tinh,0.14200662,0.30892727,0,review,keep,,Trust human emotion label over model's neutral guess
8732,Trà Nguyễn trong cmt đó má,trung_tinh,gian_du,0.1263472,0.30901045,0,review,keep,,"User decision: Keep trung_tinh (Icons are chat habits, Advice/Philosophy/Negation are neutral)"
2092,"Đường luôn ở dưới chân ta. Nếu k bt đường ở đâu thì ngươi chưa tin vào bản thân, chưa hiểu bản thân. Để r khi chọn sai r hối hận cũng đã muộn",trung_tinh,that_vong,0.09375142,0.30902457,0,review,keep,,"User decision: Keep trung_tinh (Icons are chat habits, Advice/Philosophy/Negation are neutral)"
9414,gặp tao thì tao khinh,gian_du,trung_tinh,0.07516308,0.30910245,0,review,keep,,Trust human emotion label over model's neutral guess
4193,Trương Đình Phước vứt vào thùng rác là để chứng minh không phải tài xế cấu kết gian lận ứng dụng.,trung_tinh,gian_du,0.17406647,0.3096307,0,review,keep,,"User decision: Keep trung_tinh (Icons are chat habits, Advice/Philosophy/Negation are neutral)"
4518,lại là câu chuyện 1 chút bệnh thành tích của phụ huynh,that_vong,trung_tinh,0.16234101,0.3096408,0,review,keep,,Trust human emotion label over model's neutral guess
7745,2025 vẫn xem,trung_tinh,hy_vong,0.10601906,0.30980343,0,review,keep,,"User decision: Keep trung_tinh (Icons are chat habits, Advice/Philosophy/Negation are neutral)"
2904,bố mẹ là những người yêu ta vô điều kiện ...,trung_tinh,buon,0.10188649,0.30985683,0,review,keep,,"User decision: Keep trung_tinh (Icons are chat habits, Advice/Philosophy/Negation are neutral)"
9801,đi lỗi phụ ấy . chắc bọn tao gần đấy mới biết nhiều lối phụ không tắc,trung_tinh,gian_du,0.19570082,0.31053278,0,review,keep,,"User decision: Keep trung_tinh (Icons are chat habits, Advice/Philosophy/Negation are neutral)"
1145,vô địch awc 2019 nx,vui,trung_tinh,0.09092155,0.31081307,0,review,keep,,Trust human emotion label over model's neutral guess
1013,vừa đây về đông kinh hồn càng về đêm càng đông,lo_au,trung_tinh,0.15399116,0.31099617,0,review,keep,,Trust human emotion label over model's neutral guess
369,làm đéo gì có ai nói chuyện thân thiết với tao đâu mà,gian_du,trung_tinh,0.15504405,0.31126857,0,review,keep,,Trust human emotion label over model's neutral guess
712,Ko có ragnar sao,that_vong,trung_tinh,0.11679227,0.31184798,0,review,keep,,Trust human emotion label over model's neutral guess
5929,bài này quen quen,trung_tinh,vui,0.050547358,0.3118959,0,review,keep,,"User decision: Keep trung_tinh (Icons are chat habits, Advice/Philosophy/Negation are neutral)"
7982,có lẽ vậy là tốt nhất,hy_vong,trung_tinh,0.0877415,0.31203184,0,review,keep,,Trust human emotion label over model's neutral guess
7018,Phương Thảo ơ ngta có nói địa chỉ đâu =))) ông con trai ở hp thì đúng rồi còn gì,vui,trung_tinh,0.10172255,0.31203586,0,review,keep,,Trust human emotion label over model's neutral guess
8748,tao còn phải đợi 3 tháng nữa là đủ 1 gia đình nhỏ rồi,hy_vong,trung_tinh,0.13356437,0.31277213,0,review,keep,,Trust human emotion label over model's neutral guess
3504,nói câu trước đá câu sau vẫn là sai bét đúng không cả nhà,that_vong,trung_tinh,0.12164018,0.31296918,0,review,keep,,Trust human emotion label over model's neutral guess
9892,Chỉnh sửa ảnh Free đàn bà mới đẻ xác nhận không nhạy cảm bằng nha,trung_tinh,gian_du,0.12227963,0.31298763,0,review,keep,,"User decision: Keep trung_tinh (Icons are chat habits, Advice/Philosophy/Negation are neutral)"
3836,Hieu Dao biet truoc r chu,that_vong,trung_tinh,0.10761353,0.31333768,0,review,keep,,Trust human emotion label over model's neutral guess
1209,"Hay rồi anh Khánh ơi , về thôi",trung_tinh,vui,0.14812249,0.31391603,0,review,keep,,"User decision: Keep trung_tinh (Icons are chat habits, Advice/Philosophy/Negation are neutral)"
2504,vợ chồng đã hiểu và sống tốt . thì với tôi ngày nào cũng là ngày tao / y .,hy_vong,trung_tinh,0.087299965,0.31401724,0,review,keep,,Trust human emotion label over model's neutral guess
8674,mấy góc cầu bị bể là thành quả của mấy đứa mập chân ngắn để lại à ....,trung_tinh,gian_du,0.10661789,0.3140738,0,review,keep,,"User decision: Keep trung_tinh (Icons are chat habits, Advice/Philosophy/Negation are neutral)"
9031,đáng nhẽ nên làm việc này từ sớm . chứ hàn quốc họ làm từ lâu rồi ạ,that_vong,trung_tinh,0.14076449,0.31412613,0,review,keep,,Trust human emotion label over model's neutral guess
6346,"đừng để râu , móng tay cắt gọn gàng . nếu mà thơm nữa thì 8d chuẩn mẹ rồi",trung_tinh,gian_du,0.082498744,0.31420594,0,review,keep,,"User decision: Keep trung_tinh (Icons are chat habits, Advice/Philosophy/Negation are neutral)"
5435,Hồng Phạm cuộc đời toàn cứt vs đái ko vậy,gian_du,trung_tinh,0.17993331,0.31446883,0,review,keep,,Trust human emotion label over model's neutral guess
2989,"gắng , nhanh khỏi bệnh rồi về bên anh",hy_vong,trung_tinh,0.14685954,0.31449315,0,review,keep,,Trust human emotion label over model's neutral guess
324,Hằng Nhi làm gì đc nó mà tới công chuyện,gian_du,trung_tinh,0.19239011,0.3147018,0,review,keep,,Trust human emotion label over model's neutral guess
3506,Đức Nam Hà bố cho quần vàng đi coi i,hy_vong,trung_tinh,0.1777256,0.3147449,0,review,keep,,Trust human emotion label over model's neutral guess
3055,2 tên sủa giống nhau đêm đêm thì rủ nhau hú ??,gian_du,trung_tinh,0.07939184,0.31496787,0,review,keep,,Trust human emotion label over model's neutral guess
1188,Đi xem chug nè,hy_vong,trung_tinh,0.17361902,0.31573656,0,review,keep,,Trust human emotion label over model's neutral guess
8794,một buổi 8 con nhiêu ghê,gian_du,trung_tinh,0.06884058,0.31581253,0,review,keep,,Trust human emotion label over model's neutral guess
2049,Phan Thế Anh chơi đồ thì phải chết thôi chứ seo,that_vong,trung_tinh,0.087414496,0.31609118,0,review,keep,,Trust human emotion label over model's neutral guess
8071,phải bồi thường thiệt hại bị trầy xước thân tàu . tiền sơn lại mấy toa tàu chắc cũng bộn .,trung_tinh,that_vong,0.109461635,0.31643894,0,review,keep,,"User decision: Keep trung_tinh (Icons are chat habits, Advice/Philosophy/Negation are neutral)"
8257,Hồ Nguyễn Thông bất hiếu là tội lớn nhất của đời người đó,gian_du,trung_tinh,0.12282517,0.31691474,0,review,keep,,Trust human emotion label over model's neutral guess
9403,per cấm dừng đỗ đâu cụ thớt ???,gian_du,trung_tinh,0.2141873,0.31711787,0,review,keep,,Trust human emotion label over model's neutral guess
8134,Đâu cứ phải là cam pu chia vì người thời đó rất thưa thớt chỉ vì kinh đô nằm ở đất cam thôi,trung_tinh,that_vong,0.16130313,0.3173648,0,review,keep,,"User decision: Keep trung_tinh (Icons are chat habits, Advice/Philosophy/Negation are neutral)"
3042,đây chính là lý do tao giảm cân toàn thất bại,that_vong,trung_tinh,0.20038193,0.31809866,0,review,keep,,Trust human emotion label over model's neutral guess
4115,Dung Phung gái có công thì chồng khg phụ Yên. Tâm. Đi.,hy_vong,trung_tinh,0.13940421,0.31832725,0,review,keep,,Trust human emotion label over model's neutral guess
8046,Sa Rang bây giờ mới xin thì muộn rồi. Xin cho con thì được,that_vong,trung_tinh,0.15097323,0.3188687,0,review,keep,,Trust human emotion label over model's neutral guess
710,Tiền mà ra,that_vong,trung_tinh,0.11899664,0.31900877,0,review,keep,,Trust human emotion label over model's neutral guess
4270,Theo điều ABC BLHS bạn có thể kiện dám lấy hình ảnh riêng tư phát tân trên mạng,gian_du,trung_tinh,0.07135725,0.31924453,0,review,keep,,Trust human emotion label over model's neutral guess
8710,Lễ Trần á lại cay,gian_du,trung_tinh,0.19901246,0.31934184,0,review,keep,,Trust human emotion label over model's neutral guess
3591,nhìn lại giờ đéo biết vì sao ngày xưa mình đỗ đại học,trung_tinh,gian_du,0.05664607,0.31968024,0,review,keep,,"User decision: Keep trung_tinh (Icons are chat habits, Advice/Philosophy/Negation are neutral)"
2346,đi chơi còn bỏ quên cả não ấy,gian_du,trung_tinh,0.10085619,0.3200238,0,review,keep,,Trust human emotion label over model's neutral guess
3387,"Về nhan sắc, khó có thể có quy định cụ thể lắm bạn. Tiêu chuẩn cái đẹp của 20 năm trước và giờ cũng khác nhau. Chỉ cần ưa nhìn trong mắt mình thì có thể đc coi là đẹp rồi. Kể cả trong cùng 1 thời điểm, nhiều idol đẹp trong mắt ng này nhưng trong mắt ng khác lại ko đẹp.",trung_tinh,hy_vong,0.14214557,0.32020277,0,review,keep,,"User decision: Keep trung_tinh (Icons are chat habits, Advice/Philosophy/Negation are neutral)"
7026,@ladycarecoin Đọc sách không thôi sẽ không phải là lối thoát. Áp dụng hành động sửa chữa những kiến thức từ sách mới thực sự là lối thoát,hy_vong,trung_tinh,0.18353403,0.32046375,0,review,keep,,Trust human emotion label over model's neutral guess
460,t k có bạn👍,buon,trung_tinh,0.05764033,0.3205962,0,review,keep,,Trust human emotion label over model's neutral guess
8858,thật ra nhiều lúc bị bố mẹ chửi không hiểu vì lí do gì và những câu chửi ấy có những từ không chấp nhận nổi,gian_du,trung_tinh,0.07195636,0.320835,0,review,keep,,Trust human emotion label over model's neutral guess
7543,chẳng là cái gì cả,gian_du,trung_tinh,0.11601869,0.320948,0,review,keep,,Trust human emotion label over model's neutral guess
3519,Nguyễn Tuấn Kiệt ô là đọc ko kỹ rồi. Ở các điểm sạc của vin nó chỉ được sạc nhanh chứ k sạc được loại sạc chậm 11kw. Còn muốn sạc ở nhà thì mua riêng dây sạc khác giá từ 4-6tr là dùng bt điện lưới ở nhà chứ k cần 3 pha luôn,that_vong,trung_tinh,0.15336446,0.32166523,0,review,keep,,Trust human emotion label over model's neutral guess
7691,"Minh Tấn ngày trước thì làm liền, chứ giờ thì phải 1 thời gian mới nữa lồng ghép nhẹ vào cơ ;))",trung_tinh,vui,0.12412926,0.3222806,0,review,keep,,"User decision: Keep trung_tinh (Icons are chat habits, Advice/Philosophy/Negation are neutral)"
7363,xin lỗi đây mình vẫn nấu nhé,trung_tinh,buon,0.053787954,0.3223148,0,review,keep,,"User decision: Keep trung_tinh (Icons are chat habits, Advice/Philosophy/Negation are neutral)"
4761,per bữa nào làm thử mày,vui,trung_tinh,0.12926972,0.3224855,0,review,keep,,Trust human emotion label over model's neutral guess
5891,phải rọ mõm chủ mới đúng,gian_du,trung_tinh,0.19492279,0.32265207,0,review,keep,,Trust human emotion label over model's neutral guess
3540,cho nó ăn rau má đi,trung_tinh,gian_du,0.15549272,0.32282588,0,review,keep,,"User decision: Keep trung_tinh (Icons are chat habits, Advice/Philosophy/Negation are neutral)"
7728,Vấn đề kỹ năng,gian_du,trung_tinh,0.14610466,0.32288426,0,review,keep,,Trust human emotion label over model's neutral guess
6484,"bạn bè nói chuyện cũng chụp post facebook , vui không ?",gian_du,trung_tinh,0.08676695,0.32341337,0,review,keep,,Trust human emotion label over model's neutral guess
9094,tận cùng của tan vỡ ah có biết là gì không ?,that_vong,trung_tinh,0.18319835,0.32342383,0,review,keep,,Trust human emotion label over model's neutral guess
6530,Trọng Anh Nguyễn làm đơn cho chúng nó đi hết đi a ạ,gian_du,trung_tinh,0.12957166,0.32354778,0,review,keep,,Trust human emotion label over model's neutral guess
9502,"thâ ̣ tao ra thi ̀ nê ́ u 1 thă ̀ người con trai no ́ yêu mày va ̀ coi tro ̣ người mày , câ ̀ n mày thi ̀ mày co ́ qua ́ i thai thê ́ na ̀ o no ́ cu ̃ người chi ̣ u đươ ̣ c va ̀ cô ́ gă ́ người la ̀ mày mày vui 🙂",trung_tinh,gian_du,0.18235755,0.32358173,0,review,keep,,"User decision: Keep trung_tinh (Icons are chat habits, Advice/Philosophy/Negation are neutral)"
9135,Sách hồi đó nó ko hổ lốn như bây giờ,that_vong,trung_tinh,0.16513972,0.32360017,0,review,keep,,Trust human emotion label over model's neutral guess
7029,Bạn này cũng k xinh xuất sắc như mn khen. Về diễn xuất thì mình cũng k ý kiến vì k có chuyên môn. Qđ cá nhân thì thấy bạn này cũng xinh bình thường thôi.,trung_tinh,that_vong,0.08694005,0.32383996,0,review,keep,,"User decision: Keep trung_tinh (Icons are chat habits, Advice/Philosophy/Negation are neutral)"
2222,"A vision có mỗi cái nhà ở Hàng Điếu cho thuê, cũng chỉ đủ ăn qua ngày ý các bạn",that_vong,trung_tinh,0.09721055,0.32424054,0,review,keep,,Trust human emotion label over model's neutral guess
412,ai thử rồi cho xin tấm hình cái coi nào,trung_tinh,hy_vong,0.16450359,0.32427967,0,review,keep,,"User decision: Keep trung_tinh (Icons are chat habits, Advice/Philosophy/Negation are neutral)"
7913,Kim Ngân xem thử hk 🙄,hy_vong,trung_tinh,0.12287985,0.3247638,0,review,keep,,Trust human emotion label over model's neutral guess
7569,Nguyên Phạm người trong cuộc hiểu người trong kẹt quá héng,trung_tinh,vui,0.14606078,0.32488367,0,review,keep,,"User decision: Keep trung_tinh (Icons are chat habits, Advice/Philosophy/Negation are neutral)"
3331,mấy vụ giết người chặt xác gần đây ở việt nam toàn là người hiền lành 🤔🤔🤔,lo_au,trung_tinh,0.09558206,0.32534605,0,review,keep,,Trust human emotion label over model's neutral guess
6207,Lắm thế,lo_au,trung_tinh,0.06906068,0.3254707,0,review,keep,,Trust human emotion label over model's neutral guess
5594,mình làm ở sài gòn gặp nhiều bạn ở miền ngoài nhưng thích nghe nhất giọng ở phú yên nghe hay hay sau ah có ai vậy không,vui,trung_tinh,0.06967807,0.3258072,0,review,keep,,Trust human emotion label over model's neutral guess
295,chuẩn không cần chỉnh,vui,trung_tinh,0.14769436,0.32645318,0,review,keep,,Trust human emotion label over model's neutral guess
2891,không biết người của họ hay sao mà bắt heo 2 ngày trúng 2 cái ipx,trung_tinh,that_vong,0.14562632,0.32660967,0,review,keep,,"User decision: Keep trung_tinh (Icons are chat habits, Advice/Philosophy/Negation are neutral)"
2179,hứa mà,that_vong,trung_tinh,0.095387176,0.32670254,0,review,keep,,Trust human emotion label over model's neutral guess
8517,Pham Hoang Nam đồng đội b ơi :v,trung_tinh,vui,0.22869766,0.32743683,0,review,keep,,"User decision: Keep trung_tinh (Icons are chat habits, Advice/Philosophy/Negation are neutral)"
9859,"thật thà vãi , mà tao chỉ thích ăn xoài chua .",trung_tinh,that_vong,0.08123314,0.32829398,0,review,keep,,"User decision: Keep trung_tinh (Icons are chat habits, Advice/Philosophy/Negation are neutral)"
10182,thấy không có gì hấp dẫn,that_vong,trung_tinh,0.18657066,0.32831755,0,review,keep,,Trust human emotion label over model's neutral guess
7377,Thu Thủy m liệu hồn đó,gian_du,trung_tinh,0.19810085,0.32835343,0,review,keep,,Trust human emotion label over model's neutral guess
7909,"Vụ ở Lào 4/10, vụ này ở Việt Nam 6/11. May mắn hơn Lào là 2 phi công Việt Nam vẫn còn sống. Ps: Bangladesh 5/9, Lào 4/10, Việt Nam 6/11. Con số 4,5,6",that_vong,trung_tinh,0.08906099,0.32854426,0,review,keep,,Trust human emotion label over model's neutral guess
5145,1 con ốc cũng có thể gây ra vấn đề về an toàn,lo_au,trung_tinh,0.10752102,0.32920912,0,review,keep,,Trust human emotion label over model's neutral guess
4316,"hướng nội thì có nhiều loại lắm nhưng điểm chung là họ chọn ở một mình để nạp năng lượng, để tự chữa lành bản thân, để được làm chính mình",trung_tinh,hy_vong,0.1713542,0.32926726,0,review,keep,,"User decision: Keep trung_tinh (Icons are chat habits, Advice/Philosophy/Negation are neutral)"
10183,"Bn nói thì đúng đó , nhưng mình lo .",lo_au,trung_tinh,0.061308715,0.3292688,0,review,keep,,Trust human emotion label over model's neutral guess
7117,sau quả sấm sáng cả trời thì gần như toàn khu phố mất điện,trung_tinh,that_vong,0.10581691,0.3292837,0,review,keep,,"User decision: Keep trung_tinh (Icons are chat habits, Advice/Philosophy/Negation are neutral)"
5584,thế tao mới quyết tâm tìm ra facebook thật của nó để no hết đường lừa các em mới lớn đó,hy_vong,trung_tinh,0.14628601,0.3298368,0,review,keep,,Trust human emotion label over model's neutral guess
7455,Đa phần 1 đi ko trở lại,that_vong,trung_tinh,0.13661967,0.33005965,0,review,keep,,Trust human emotion label over model's neutral guess
4141,chắc làm theo yêu cầu,trung_tinh,vui,0.12161317,0.33031425,0,review,keep,,"User decision: Keep trung_tinh (Icons are chat habits, Advice/Philosophy/Negation are neutral)"
3197,Ko phải đôi khi mà là luôn luôn là thế đi đâu cũng phải nhờ cái miệng mới dễ sống,trung_tinh,hy_vong,0.24821879,0.33042917,0,review,keep,,"User decision: Keep trung_tinh (Icons are chat habits, Advice/Philosophy/Negation are neutral)"
6640,Tiến độ dự án đang chậm hơn dự kiến khiến tôi rất băn khoăn về khả năng hoàn thành.,lo_au,trung_tinh,0.08750116,0.3308596,0,review,keep,,Trust human emotion label over model's neutral guess
3432,xã hội giờ càng ít nói như tao thì càng ngoan hiền,trung_tinh,that_vong,0.123481415,0.33156076,0,review,keep,,"User decision: Keep trung_tinh (Icons are chat habits, Advice/Philosophy/Negation are neutral)"
3616,tài sản thời bao cấp ...,trung_tinh,that_vong,0.09675382,0.33161956,0,review,keep,,"User decision: Keep trung_tinh (Icons are chat habits, Advice/Philosophy/Negation are neutral)"
1607,phải thế mới hết thối được,trung_tinh,buon,0.10906625,0.332194,0,review,keep,,"User decision: Keep trung_tinh (Icons are chat habits, Advice/Philosophy/Negation are neutral)"
2748,các em thật là vãi,gian_du,trung_tinh,0.080861524,0.33224183,0,review,keep,,Trust human emotion label over model's neutral guess
7276,qtrong là mày phải có tiền chứ nghèo xem,gian_du,trung_tinh,0.13089338,0.332453,0,review,keep,,Trust human emotion label over model's neutral guess
4759,ở miền nam nó vẫn không được giá như trước nhưng cũng dư giả,trung_tinh,that_vong,0.11947085,0.33274993,0,review,keep,,"User decision: Keep trung_tinh (Icons are chat habits, Advice/Philosophy/Negation are neutral)"
7940,mấy kiếp tu luyện mà có 5 triệu thôi à ?,that_vong,trung_tinh,0.16619861,0.33343083,0,review,keep,,Trust human emotion label over model's neutral guess
10246,Đỗ Thanh dạy thằng ck trc,gian_du,trung_tinh,0.21220143,0.33357087,0,review,keep,,Trust human emotion label over model's neutral guess
2280,"nhiều nước quá , lấy bát về múc nước ra thêm tí đường vào là có 1 bát nước gạo ngon lành",trung_tinh,that_vong,0.056289557,0.33458537,0,review,keep,,"User decision: Keep trung_tinh (Icons are chat habits, Advice/Philosophy/Negation are neutral)"
4827,@Hien2021 thời gian là câu trả lời và cũng là lý do chị ạ,trung_tinh,hy_vong,0.1515095,0.33465376,0,review,keep,,"User decision: Keep trung_tinh (Icons are chat habits, Advice/Philosophy/Negation are neutral)"
9867,Hưng Lan có phait ng đâu mà có tính,gian_du,trung_tinh,0.22081716,0.33473238,0,review,keep,,Trust human emotion label over model's neutral guess
2013,nghe có trà sữa là thích rồi,hy_vong,trung_tinh,0.08433745,0.33513838,0,review,keep,,Trust human emotion label over model's neutral guess
7303,ko hiểu sao lương cao thế nhỉ,gian_du,trung_tinh,0.11554252,0.33560738,0,review,keep,,Trust human emotion label over model's neutral guess
2781,bảo ba mẹ dẫn đi bác sĩ ngay đi,lo_au,trung_tinh,0.08039945,0.33571196,0,review,keep,,Trust human emotion label over model's neutral guess
9187,ngửa thấy mùi là đã thấy kinh rồi,gian_du,trung_tinh,0.0633519,0.33635396,0,review,keep,,Trust human emotion label over model's neutral guess
2889,ổn thoi,hy_vong,trung_tinh,0.07617126,0.33642524,0,review,keep,,Trust human emotion label over model's neutral guess
929,Làm đơn đi,hy_vong,trung_tinh,0.16182607,0.3364442,0,review,keep,,Trust human emotion label over model's neutral guess
6333,"thay vì gà chuyển sang ăn lợn , tao cungc thế nên món khoái khẩu là gà chuyển sang sườn mày ạ",trung_tinh,that_vong,0.13725601,0.33668905,0,review,keep,,"User decision: Keep trung_tinh (Icons are chat habits, Advice/Philosophy/Negation are neutral)"
99,Nguyễn Đức Cường chuẩn rồi. Nói hay lắm. Xong rồi thì đi mua 5 nghìn dưa cà về ăn cơm.,vui,trung_tinh,0.06285369,0.3367399,0,review,keep,,Trust human emotion label over model's neutral guess
9943,đang họp nhớ gì không nhớ nhớ cái bếp,lo_au,trung_tinh,0.06547379,0.33684456,0,review,keep,,Trust human emotion label over model's neutral guess
397,cứ nghĩ đến chuyện ra trường thất nghiệp là rén ...,lo_au,trung_tinh,0.1025198,0.33690482,0,review,keep,,Trust human emotion label over model's neutral guess
8479,Dạ chị vào phây púc tìm ghẹ shop để đc tư vấn nha,trung_tinh,hy_vong,0.24652812,0.3369463,0,review,keep,,"User decision: Keep trung_tinh (Icons are chat habits, Advice/Philosophy/Negation are neutral)"
10173,A cho e hỏi làm thế nào để chạm đc vào học bổng toàn phần ạ,hy_vong,trung_tinh,0.1970072,0.3375835,0,review,keep,,Trust human emotion label over model's neutral guess
5930,Trần Thị Thu Trang vch,lo_au,trung_tinh,0.10187776,0.3380952,0,review,keep,,Trust human emotion label over model's neutral guess
9561,dân trí thấp thế thì bao giờ mới phát triển đất nước được,gian_du,trung_tinh,0.06842128,0.33820522,0,review,keep,,Trust human emotion label over model's neutral guess
4903,Chưa bao giờ chiếm được Việt Nam,vui,trung_tinh,0.19647971,0.33852613,0,review,keep,,Trust human emotion label over model's neutral guess
5064,per đừng ảo tưởng nhé,gian_du,trung_tinh,0.1463358,0.33887428,0,review,keep,,Trust human emotion label over model's neutral guess
5595,Bỏ qua những mối quan hệ độc hại/ vòng cảm xúc luẩn quẩn/ vòng tròn quan hệ/,trung_tinh,buon,0.058314115,0.33907557,0,review,keep,,"User decision: Keep trung_tinh (Icons are chat habits, Advice/Philosophy/Negation are neutral)"
8771,mình thì hay đọc sách khi cảm thấy tiêu cực. chổ làm việc của mình luôn luôn có một cuốn sách,trung_tinh,hy_vong,0.062315367,0.3394063,0,review,keep,,"User decision: Keep trung_tinh (Icons are chat habits, Advice/Philosophy/Negation are neutral)"
6669,thực ra em mới đang phải là sự lựa chọn chứ không phải là người được lựa chọn đâu .,that_vong,trung_tinh,0.17007436,0.33969378,0,review,keep,,Trust human emotion label over model's neutral guess
6449,vậy đi chục năm cho nhớ đời,gian_du,trung_tinh,0.101811774,0.33994228,0,review,keep,,Trust human emotion label over model's neutral guess
2605,"Thanh Thanh bạn thử tìm hiểu mấy cái chết kinh dị ở nhà máy í, ko ít công nhân chết vì rơi vào cái loại máy xay, máy trộn và vì nó là làm dây chuyền lớn nên máy lớn chứ ko phải máy nhỏ, dễ đi như chơi",lo_au,trung_tinh,0.19736728,0.34045815,0,review,keep,,Trust human emotion label over model's neutral guess
1029,ho mạnh có thể làm gãy xương sườn cơ à ??,lo_au,trung_tinh,0.14121069,0.34073263,0,review,keep,,Trust human emotion label over model's neutral guess
3891,biết chứ dã từng sài,trung_tinh,gian_du,0.1283446,0.3408442,0,review,keep,,"User decision: Keep trung_tinh (Icons are chat habits, Advice/Philosophy/Negation are neutral)"
5183,quen với quên rồi thì hết đau thôi mà,buon,trung_tinh,0.08323383,0.34086818,0,review,keep,,Trust human emotion label over model's neutral guess
5438,một cái tết nhiều tiền,hy_vong,trung_tinh,0.20483097,0.34088838,0,review,keep,,Trust human emotion label over model's neutral guess
10165,"cái khó ló cái khôn , yên tâm",hy_vong,trung_tinh,0.12019015,0.34102648,0,review,keep,,Trust human emotion label over model's neutral guess
7070,em này có cạo lông không ta sao nhìn lông ngăn quá,trung_tinh,lo_au,0.05743242,0.3419652,0,review,keep,,"User decision: Keep trung_tinh (Icons are chat habits, Advice/Philosophy/Negation are neutral)"
1710,a ơi..e có quần áo mới lắm.. chị mặc vừa hết đo a..a ở đâu.. có ở khu vực thủ Đức ko ạ,hy_vong,trung_tinh,0.1370489,0.34246588,0,review,keep,,Trust human emotion label over model's neutral guess
73,Tôn Hoa Sen nên tìm hiểu những trường hợp này cầu mong cho clip này đến tới đó,hy_vong,trung_tinh,0.2599307,0.34302908,0,review,keep,,Trust human emotion label over model's neutral guess
6416,mấy đứa chân ngắn qua sao,lo_au,trung_tinh,0.123608164,0.34322387,0,review,keep,,Trust human emotion label over model's neutral guess
501,sau này có nhắn tin thì không phải là chào em mà là chào mọi người,that_vong,trung_tinh,0.09446598,0.3432858,0,review,keep,,Trust human emotion label over model's neutral guess
8037,Npp Đèn Chung Huyền chán nhỉ như kiểu phong trào vậy,that_vong,trung_tinh,0.08511793,0.34342432,0,review,keep,,Trust human emotion label over model's neutral guess
7498,các bác cứ tích cực vào . em chả quan tâm,trung_tinh,gian_du,0.159674,0.34403443,0,review,keep,,"User decision: Keep trung_tinh (Icons are chat habits, Advice/Philosophy/Negation are neutral)"
1603,Còn người còn của,hy_vong,trung_tinh,0.120064914,0.34432176,0,review,keep,,Trust human emotion label over model's neutral guess
4462,1 lần thôi cũng đủ xao xuyến anh rồi,hy_vong,trung_tinh,0.21808043,0.34489942,0,review,keep,,Trust human emotion label over model's neutral guess
5027,"per đấy , có người đưa ra quyết định đúng lúc thì các em đỡ khổ còn gì",trung_tinh,gian_du,0.10382478,0.34518656,0,review,keep,,"User decision: Keep trung_tinh (Icons are chat habits, Advice/Philosophy/Negation are neutral)"
2985,là khi lạc giữa 1 biển người hôm khai giảng nhưng vẫn nhìn thấy người đó rõ nhất,vui,trung_tinh,0.06257296,0.34557545,0,review,keep,,Trust human emotion label over model's neutral guess
9726,Công Đạt a bay vào Bình Dương xly vụ này đi a .,hy_vong,trung_tinh,0.21245545,0.34561223,0,review,keep,,Trust human emotion label over model's neutral guess
7654,còn chặt cả cây ổi của hàng xóm để lấy cái chạc làm súng đấy cứ,trung_tinh,gian_du,0.14874415,0.34562528,0,review,keep,,"User decision: Keep trung_tinh (Icons are chat habits, Advice/Philosophy/Negation are neutral)"
8495,thực tế thì con gái sẽ gục ngã trước một người đàn ô hài hước hơn là điển trai,trung_tinh,hy_vong,0.120928235,0.34582525,0,review,keep,,"User decision: Keep trung_tinh (Icons are chat habits, Advice/Philosophy/Negation are neutral)"
8320,là chọn sai người ☺️,buon,trung_tinh,0.11488408,0.34583488,0,review,keep,,Trust human emotion label over model's neutral guess
3954,đồng nghiệp của tôi là ai 😑,trung_tinh,that_vong,0.08567637,0.34584153,0,review,keep,,"User decision: Keep trung_tinh (Icons are chat habits, Advice/Philosophy/Negation are neutral)"
5014,thôi nhà đang yên ổn,that_vong,trung_tinh,0.1502368,0.34609786,0,review,keep,,Trust human emotion label over model's neutral guess
85,tan tành rồi .,that_vong,trung_tinh,0.20203757,0.34680945,0,review,keep,,Trust human emotion label over model's neutral guess
137,mất tiền khôn cũng đáng mà .,that_vong,trung_tinh,0.15440843,0.3468275,0,review,keep,,Trust human emotion label over model's neutral guess
3433,Nhà Của Gấu thế nhưng k làm gì cũng bị phán xét đó nha,trung_tinh,gian_du,0.22137748,0.34696922,0,review,keep,,"User decision: Keep trung_tinh (Icons are chat habits, Advice/Philosophy/Negation are neutral)"
8336,Đánh mất giá trị của bản thân,buon,trung_tinh,0.08183217,0.3472945,0,review,keep,,Trust human emotion label over model's neutral guess
6482,Không đi chơi nhiều hơn ở cấp 3,buon,trung_tinh,0.16678384,0.3474489,0,review,keep,,Trust human emotion label over model's neutral guess
1789,Phong ba bão táp,lo_au,trung_tinh,0.090910606,0.34752384,0,review,keep,,Trust human emotion label over model's neutral guess
4643,"Thật Sai Lầm Khi bậc đầu tiên nó ko dài vậy đâu. Mà cứ bước mỗi bậc nó lại dài ra, thành ra nó ko thể lên đến đỉnh nóc được.",trung_tinh,that_vong,0.15724134,0.34759808,0,review,keep,,"User decision: Keep trung_tinh (Icons are chat habits, Advice/Philosophy/Negation are neutral)"
4106,Luong Nguyen để công khai đi ạ,hy_vong,trung_tinh,0.24814497,0.34799802,0,review,keep,,Trust human emotion label over model's neutral guess
1414,Thuỳ Dung tán thành. 2 thằng nhóc này nhìn có vẻ ngông lắm ba gai,gian_du,trung_tinh,0.07978564,0.34854987,0,review,keep,,Trust human emotion label over model's neutral guess
9242,đang tìm ra 1 điểm sai nào đó nhưng có lẽ không có :),trung_tinh,hy_vong,0.094278775,0.34856004,0,review,keep,,"User decision: Keep trung_tinh (Icons are chat habits, Advice/Philosophy/Negation are neutral)"
3876,Lên vụ ở Vĩnh Long đi ad,hy_vong,trung_tinh,0.20589738,0.34889364,0,review,keep,,Trust human emotion label over model's neutral guess
3136,ừ thế là kể từ đấy về sau đứa con trai nào cũng trở thành huynh đệ với nó hết,trung_tinh,that_vong,0.14302793,0.3489651,0,review,keep,,"User decision: Keep trung_tinh (Icons are chat habits, Advice/Philosophy/Negation are neutral)"
9624,Mộc Linh Tây mẹ không cho nuôi mèo bà ơi,that_vong,trung_tinh,0.16093358,0.3489887,0,review,keep,,Trust human emotion label over model's neutral guess
6611,Great,vui,trung_tinh,0.13356055,0.349361,0,review,keep,,Trust human emotion label over model's neutral guess
2395,Sao các em không nói gì đi,gian_du,trung_tinh,0.11969248,0.34970915,0,review,keep,,Trust human emotion label over model's neutral guess
9832,tao cũng sắp bị đuổi ra khỏi nhà roi,that_vong,trung_tinh,0.17721981,0.34985095,0,review,keep,,Trust human emotion label over model's neutral guess
9009,Nguyễn Ngọc Annh kphai mỗi tui đâu nka,that_vong,trung_tinh,0.19733445,0.34989008,0,review,keep,,Trust human emotion label over model's neutral guess
1011,cu ̃ người it xa ̀ mày lă ́ mày ..,trung_tinh,gian_du,0.123911485,0.35030535,0,review,keep,,"User decision: Keep trung_tinh (Icons are chat habits, Advice/Philosophy/Negation are neutral)"
6317,"ai cũng chỉ muốn cho con tất cả nhưng vì được không có mà thôi , có con thì mới biết lòng cha mẹ",trung_tinh,hy_vong,0.05879771,0.3509285,0,review,keep,,"User decision: Keep trung_tinh (Icons are chat habits, Advice/Philosophy/Negation are neutral)"
9040,Bui My Duyen ko có clip hả ta,hy_vong,trung_tinh,0.077146776,0.3509663,0,review,keep,,Trust human emotion label over model's neutral guess
5155,Cho tên nhà xe lên luôn đi,hy_vong,trung_tinh,0.10929733,0.3510831,0,review,keep,,Trust human emotion label over model's neutral guess
7371,xem ra giá cả và chất lượng mà không oke thì không ổn ...,gian_du,trung_tinh,0.050456855,0.35172558,0,review,keep,,Trust human emotion label over model's neutral guess
6777,LêThị VânAnh về a gt ny cái,hy_vong,trung_tinh,0.19265266,0.35214344,0,review,keep,,Trust human emotion label over model's neutral guess
1766,kéo cái áo chấn động tam giới,vui,trung_tinh,0.20015101,0.35226527,0,review,keep,,Trust human emotion label over model's neutral guess
404,"T chọn sai, nhưng bây giờ t làm cho nó đúng",hy_vong,trung_tinh,0.17503972,0.35250264,0,review,keep,,Trust human emotion label over model's neutral guess
385,thế chân ngắn như tao thì phải làm sao với cái cầu,that_vong,trung_tinh,0.19357423,0.352512,0,review,keep,,Trust human emotion label over model's neutral guess
6007,t nghĩ thợ chụp đéo có tâm bằng thợ make đăng và thợ photoshop đâu,that_vong,trung_tinh,0.13680087,0.35271594,0,review,keep,,Trust human emotion label over model's neutral guess
7393,Nên đừng thắc mắc tại sao giờ nhiều mẹ đơn thân,trung_tinh,that_vong,0.12349424,0.3529613,0,review,keep,,"User decision: Keep trung_tinh (Icons are chat habits, Advice/Philosophy/Negation are neutral)"
1185,"sản phẩm tốt đấy , có tính ứng dụng cao",vui,trung_tinh,0.06690595,0.35304886,0,review,keep,,Trust human emotion label over model's neutral guess
6796,93 thật sự gian nan,that_vong,trung_tinh,0.13490754,0.3530861,0,review,keep,,Trust human emotion label over model's neutral guess
6103,ta sao khúc cuối cậu bé xịt nói chuyện hoa làm gì vậy,trung_tinh,gian_du,0.21909122,0.35309735,0,review,keep,,"User decision: Keep trung_tinh (Icons are chat habits, Advice/Philosophy/Negation are neutral)"
2653,điên,gian_du,trung_tinh,0.08676645,0.35338748,0,review,keep,,Trust human emotion label over model's neutral guess
8011,Đưa bộ mặt của vc chủ lên luon,gian_du,trung_tinh,0.12777367,0.35369277,0,review,keep,,Trust human emotion label over model's neutral guess
1915,Địa chỉ chỗ làm đi ad đến lấy tiền công lại nhé,hy_vong,trung_tinh,0.26022342,0.3543961,0,review,keep,,Trust human emotion label over model's neutral guess
3560,Man TV t thấy bình thường mà giống người mẫu đi catwalk,trung_tinh,gian_du,0.07356932,0.35452676,0,review,keep,,"User decision: Keep trung_tinh (Icons are chat habits, Advice/Philosophy/Negation are neutral)"
6868,ng dân biết phải làm sao bệnh chồng bệnh,that_vong,trung_tinh,0.17547818,0.3545367,0,review,keep,,Trust human emotion label over model's neutral guess
2511,Đợi chết mới truy tố hả gì,gian_du,trung_tinh,0.13413666,0.35454914,0,review,keep,,Trust human emotion label over model's neutral guess
1959,có những người không có ý thức bỏ quần áo rách hoặc mặc rồi để vào tủ để đỡ phải đi vứt ...,gian_du,trung_tinh,0.1727346,0.35478455,0,review,keep,,Trust human emotion label over model's neutral guess
7263,An Tuấn Hoàng 10đ không có nhưng,that_vong,trung_tinh,0.1570514,0.35499057,0,review,keep,,Trust human emotion label over model's neutral guess
8486,"yep . chính tao . đi vệ sinh thôi cũng phải đảo qua , mà giờ thì người ta sắp đi lấy chồng rồi",that_vong,trung_tinh,0.10968354,0.3555082,0,review,keep,,Trust human emotion label over model's neutral guess
180,Võ Quỳnh Bé Loan đi xem k 2 em,hy_vong,trung_tinh,0.14018889,0.35555452,0,review,keep,,Trust human emotion label over model's neutral guess
272,nghe mát lòng mát gan thế ????,vui,trung_tinh,0.07622476,0.35559905,0,review,keep,,Trust human emotion label over model's neutral guess
9439,đằng nào mà chẳng thịt chẳng qua sớm hay muộn thôi,trung_tinh,that_vong,0.20078355,0.35672563,0,review,keep,,"User decision: Keep trung_tinh (Icons are chat habits, Advice/Philosophy/Negation are neutral)"
204,Long Nguyen xem ít j.a.v hoyyy,trung_tinh,hy_vong,0.18789023,0.35684276,0,review,keep,,"User decision: Keep trung_tinh (Icons are chat habits, Advice/Philosophy/Negation are neutral)"
5677,tạm biệt tổng thống trump !! việt nam hẹn gặp lại ngài !,trung_tinh,hy_vong,0.10492356,0.357721,0,review,keep,,"User decision: Keep trung_tinh (Icons are chat habits, Advice/Philosophy/Negation are neutral)"
2261,Thế giới còn bảo việc lớn lao đang chờ bạn.,hy_vong,trung_tinh,0.0867832,0.35853013,0,review,keep,,Trust human emotion label over model's neutral guess
1429,per đó đi chơi nhiều dô hỏi sao da đen -.-,trung_tinh,that_vong,0.075902455,0.35862273,0,review,keep,,"User decision: Keep trung_tinh (Icons are chat habits, Advice/Philosophy/Negation are neutral)"
2371,bình yên thật,vui,trung_tinh,0.2498341,0.35969177,0,review,keep,,Trust human emotion label over model's neutral guess
9317,Hong Anh đi xem,hy_vong,trung_tinh,0.28058207,0.36019704,0,review,keep,,Trust human emotion label over model's neutral guess
7759,Mai Mai nhiều lúc nghĩ thế mà làm ko được,that_vong,trung_tinh,0.16795975,0.3603328,0,review,keep,,Trust human emotion label over model's neutral guess
2943,"per hay đó bro , trừ điểm bro chưa bao ăn - 10",gian_du,trung_tinh,0.1711209,0.36046866,0,review,keep,,Trust human emotion label over model's neutral guess
5986,Huu Tinh Tran ké với,hy_vong,trung_tinh,0.15300737,0.36089355,0,review,keep,,Trust human emotion label over model's neutral guess
9298,chưa ai chịu được,gian_du,trung_tinh,0.0654534,0.3609997,0,review,keep,,Trust human emotion label over model's neutral guess
9724,"tính tao tao biết , chẳng có chuyện gì có thể làm tao phát điên cả",trung_tinh,that_vong,0.14252667,0.3610916,0,review,keep,,"User decision: Keep trung_tinh (Icons are chat habits, Advice/Philosophy/Negation are neutral)"
8112,Điện Thọai Hoàng Thông xem thêm clip đi rồi phán. Dễ bị dắt mũi quá,gian_du,trung_tinh,0.18356471,0.36126676,0,review,keep,,Trust human emotion label over model's neutral guess
9395,Vũ Kim Anh mất mẹ tâm lý (,buon,trung_tinh,0.05006317,0.36140615,0,review,keep,,Trust human emotion label over model's neutral guess
9452,"Vinh Xuân Hoàng xin ngài,please",hy_vong,trung_tinh,0.053206265,0.36171824,0,review,keep,,Trust human emotion label over model's neutral guess
2455,Có ng nói vs mk 1 câu:Có nhan sắc là 1 lợi thế nhưng ko có nghĩa là có tất cả,trung_tinh,hy_vong,0.12683207,0.36197865,0,review,keep,,"User decision: Keep trung_tinh (Icons are chat habits, Advice/Philosophy/Negation are neutral)"
3687,Đang 30t lun. 94 lận đận đủ thứ,that_vong,trung_tinh,0.17110161,0.36288914,0,review,keep,,Trust human emotion label over model's neutral guess
6532,một viên gạch tốt người ta sẽ biết ngôi nhà an toàn....,trung_tinh,hy_vong,0.25043717,0.3629632,0,review,keep,,"User decision: Keep trung_tinh (Icons are chat habits, Advice/Philosophy/Negation are neutral)"
4343,Cuộc sống là một con đường với nhiều nẻo đường người thì chọn theo bản đồ mà người trước đưa người thì dùng kinh của bản thân để tìm ra con đường riêng nhưng khi chọn con đường nào chỉ cần hạnh phúc,hy_vong,trung_tinh,0.17398961,0.36321276,0,review,keep,,Trust human emotion label over model's neutral guess
9611,ếch chết tại miệng,trung_tinh,that_vong,0.06277985,0.36326462,0,review,keep,,"User decision: Keep trung_tinh (Icons are chat habits, Advice/Philosophy/Negation are neutral)"
5112,Việc quản lý tài chính cá nhân trong thời kỳ lạm phát đang là một bài toán khó khiến tôi phải suy nghĩ nhiều.,lo_au,trung_tinh,0.061019536,0.36363134,0,review,keep,,Trust human emotion label over model's neutral guess
6654,thêm cái nữa là VN đứng thứ 2 thế giới trong việc phòng dịch,hy_vong,trung_tinh,0.1871119,0.36380473,0,review,keep,,Trust human emotion label over model's neutral guess
7168,Nguyễn Hoàng Giang đúng kiểu thiếu hiểu biết nhưng lại thích thể hiện,gian_du,trung_tinh,0.22826472,0.36386865,0,review,keep,,Trust human emotion label over model's neutral guess
9390,động lực để phụ nữ chiến đấu chính là gia đình và bản thân họ :),trung_tinh,hy_vong,0.18255307,0.36403736,0,review,keep,,"User decision: Keep trung_tinh (Icons are chat habits, Advice/Philosophy/Negation are neutral)"
10149,đỗ chỗ này hay bị mưa gạch lắm,lo_au,trung_tinh,0.1404856,0.36414027,0,review,keep,,Trust human emotion label over model's neutral guess
119,Chưa từng hối hận bất cứng đều gì chuyện gì củng đều có lý do cả,trung_tinh,that_vong,0.12699018,0.36435094,0,review,keep,,"User decision: Keep trung_tinh (Icons are chat habits, Advice/Philosophy/Negation are neutral)"
652,Ai bày cho Cháu câu nói giống người thế??,gian_du,trung_tinh,0.16922086,0.36471862,0,review,keep,,Trust human emotion label over model's neutral guess
6629,"thao trường đổ mồ hôi để chiến trường đỡ đổ máu , ý thức từ bé đi 🙂",trung_tinh,gian_du,0.17815574,0.36480784,0,review,keep,,"User decision: Keep trung_tinh (Icons are chat habits, Advice/Philosophy/Negation are neutral)"
7672,Lòng ng thật khốn nạn.,that_vong,trung_tinh,0.1333843,0.36494386,0,review,keep,,Trust human emotion label over model's neutral guess
2193,Inspirational,hy_vong,trung_tinh,0.1899974,0.36509693,0,review,keep,,Trust human emotion label over model's neutral guess
3822,14 / 2 năm ngoái tao mọc sừng . nên 14 / 2 năm nay tao quyết định cưa sừng,buon,trung_tinh,0.050973866,0.36526743,0,review,keep,,Trust human emotion label over model's neutral guess
3005,Trọng Nguyễn mỗi nơi mỗi kiểu người ah ơi,trung_tinh,buon,0.08149241,0.36528012,0,review,keep,,"User decision: Keep trung_tinh (Icons are chat habits, Advice/Philosophy/Negation are neutral)"
9587,ok mà cần gì cứ cắt chất lượng lại thôi vẫn bán giá vậy,trung_tinh,hy_vong,0.24372755,0.36563572,0,review,keep,,"User decision: Keep trung_tinh (Icons are chat habits, Advice/Philosophy/Negation are neutral)"
9716,súc vật là có thật .,gian_du,trung_tinh,0.14773338,0.36599314,0,review,keep,,Trust human emotion label over model's neutral guess
5734,có mà ngược lại ... thời thế thay đổi rồi,trung_tinh,that_vong,0.14991465,0.36647207,0,review,keep,,"User decision: Keep trung_tinh (Icons are chat habits, Advice/Philosophy/Negation are neutral)"
44,lâu quá rồi không nghe,trung_tinh,that_vong,0.06868269,0.3669551,0,review,keep,,"User decision: Keep trung_tinh (Icons are chat habits, Advice/Philosophy/Negation are neutral)"
2791,Gd suy đồi...!,gian_du,trung_tinh,0.2326323,0.36717224,0,review,keep,,Trust human emotion label over model's neutral guess
5187,Có nên truy cứu hình sự với phụ huynh của những đứa này ?,gian_du,trung_tinh,0.21335049,0.36744982,0,review,keep,,Trust human emotion label over model's neutral guess
6210,giống chó này tên là gì vậy các bác 🙄,trung_tinh,gian_du,0.24071804,0.36754185,0,review,keep,,"User decision: Keep trung_tinh (Icons are chat habits, Advice/Philosophy/Negation are neutral)"
6063,gửi đứa nào chưa có người yêu,hy_vong,trung_tinh,0.108366884,0.36756146,0,review,keep,,Trust human emotion label over model's neutral guess
5679,Nhà dột từ nóc. Đây là những dấu hiệu sụp đổ của một quốc gia,lo_au,trung_tinh,0.08449094,0.36782554,0,review,keep,,Trust human emotion label over model's neutral guess
296,"Xong tao rồi, có lần còn ngồi ghế sau cho con bú",lo_au,trung_tinh,0.069656484,0.36802167,0,review,keep,,Trust human emotion label over model's neutral guess
1601,chủ em này không phải người nữa rồi,gian_du,trung_tinh,0.21543333,0.3680356,0,review,keep,,Trust human emotion label over model's neutral guess
7269,Trời đánh,that_vong,trung_tinh,0.1147266,0.3684479,0,review,keep,,Trust human emotion label over model's neutral guess
6939,per đã thích phá game còn thích hổ báo,gian_du,trung_tinh,0.17571981,0.36934015,0,review,keep,,Trust human emotion label over model's neutral guess
4227,@云英☁️🛴ồn,gian_du,trung_tinh,0.09325846,0.3700148,0,review,keep,,Trust human emotion label over model's neutral guess
3851,Chẳng khi nào là đường 1 chiều cả. Muốn thay đổi thì ở tuổi nào cũng có thể rẽ được mà,hy_vong,trung_tinh,0.18094717,0.37023613,0,review,keep,,Trust human emotion label over model's neutral guess
3556,Ngọt ngào đến mấy cũng tan thành mây,that_vong,trung_tinh,0.18865101,0.37024936,0,review,keep,,Trust human emotion label over model's neutral guess
262,"Không có nhan sắc, nhưng bạn biết bạn không sai!",vui,trung_tinh,0.123680435,0.3704558,0,review,keep,,Trust human emotion label over model's neutral guess
7533,vậy 27 tuổi sai còn làm lại được không,lo_au,trung_tinh,0.051998112,0.3709557,0,review,keep,,Trust human emotion label over model's neutral guess
3736,@ivankaquynh Nướng lên nữa mới thấy cái cảnh,vui,trung_tinh,0.16784681,0.37128523,0,review,keep,,Trust human emotion label over model's neutral guess
5054,"đây là tao khi bảo "" tao biết đường mà , tin tao ."" 🙂",hy_vong,trung_tinh,0.05768575,0.3718119,0,review,keep,,Trust human emotion label over model's neutral guess
7519,Cho hỏi sau này ra tòa án thằng kia có bồi thường thiệt hại cho nhà nghỉ ko ạ.,that_vong,trung_tinh,0.16808006,0.37204003,0,review,keep,,Trust human emotion label over model's neutral guess
7800,Trần Nguyên coi nèeeee. Đi hoang sơ thích hơn,hy_vong,trung_tinh,0.1576072,0.37219507,0,review,keep,,Trust human emotion label over model's neutral guess
6700,bạn không có lỗi sinh ra trong nghèo khó nhưng nếu chết trong nghèo khó thì đó là lỗi của bạn,trung_tinh,that_vong,0.15655544,0.3725463,0,review,keep,,"User decision: Keep trung_tinh (Icons are chat habits, Advice/Philosophy/Negation are neutral)"
4915,"Hà nội mà, ko vội được đâu !",trung_tinh,that_vong,0.121240586,0.37261584,0,review,keep,,"User decision: Keep trung_tinh (Icons are chat habits, Advice/Philosophy/Negation are neutral)"
2548,Ngọc Liên vào tường mình mà xem mình vừa chia sẻ đó,trung_tinh,hy_vong,0.21972188,0.37292966,0,review,keep,,"User decision: Keep trung_tinh (Icons are chat habits, Advice/Philosophy/Negation are neutral)"
6342,ưới gì honey của mình sau này cũng thế,hy_vong,trung_tinh,0.14705561,0.37336552,0,review,keep,,Trust human emotion label over model's neutral guess
1880,Bài học cho tất cả chúng ta,trung_tinh,gian_du,0.18369168,0.37387323,0,review,keep,,"User decision: Keep trung_tinh (Icons are chat habits, Advice/Philosophy/Negation are neutral)"
9833,Khoan khoan c nghe e giải thích,lo_au,trung_tinh,0.1215787,0.37406993,0,review,keep,,Trust human emotion label over model's neutral guess
7843,Tương tác qua lại nhé XE HAY,hy_vong,trung_tinh,0.29584873,0.37425095,0,review,keep,,Trust human emotion label over model's neutral guess
969,có gì vui không nhỉ,trung_tinh,hy_vong,0.23711963,0.37433875,0,review,keep,,"User decision: Keep trung_tinh (Icons are chat habits, Advice/Philosophy/Negation are neutral)"
3257,"Khôn mấy chục năm, dại trong vài giây. Chúc mừng em là ứng viên sáng giá gia nhập CLB Juve (áo sọc xanh trắng).",gian_du,trung_tinh,0.05710819,0.37441808,0,review,keep,,Trust human emotion label over model's neutral guess
972,chính những người như thế họ rất cẩn trọng khi bật xi nhan đấy,lo_au,trung_tinh,0.10894474,0.3745404,0,review,keep,,Trust human emotion label over model's neutral guess
993,"đang lười quá nè , làm sao để bớt lười",trung_tinh,that_vong,0.08420434,0.37485147,0,review,keep,,"User decision: Keep trung_tinh (Icons are chat habits, Advice/Philosophy/Negation are neutral)"
2191,phim này thật ra hay nhưng không có tính thực tế . không hay bằng truyện .,that_vong,trung_tinh,0.17549686,0.3751852,0,review,keep,,Trust human emotion label over model's neutral guess
9839,Ai có clip không ạ,hy_vong,trung_tinh,0.23753363,0.3751921,0,review,keep,,Trust human emotion label over model's neutral guess
5452,Nguyễn Sin a yên tâm đi đi e ỡ nhà e kiếm thằg khác ném đá tiếp,gian_du,trung_tinh,0.096475266,0.37524143,0,review,keep,,Trust human emotion label over model's neutral guess
2679,thẳng thắn cho đỡ mất thời gian của nhau,trung_tinh,gian_du,0.091155544,0.37551075,0,review,keep,,"User decision: Keep trung_tinh (Icons are chat habits, Advice/Philosophy/Negation are neutral)"
1228,Kỉ niệm khó quên! Trân trọng nhé bạn,vui,trung_tinh,0.061259698,0.3756094,0,review,keep,,Trust human emotion label over model's neutral guess
9717,cần xem cái kết của bọn này,hy_vong,trung_tinh,0.21495257,0.37625307,0,review,keep,,Trust human emotion label over model's neutral guess
6485,thói ích kỷ,gian_du,trung_tinh,0.1474341,0.37668067,0,review,keep,,Trust human emotion label over model's neutral guess
7655,nhan sắc ko phải tất cả nhưng có nhan sắc chưa chắc có tất cả,trung_tinh,hy_vong,0.20018457,0.37672287,0,review,keep,,"User decision: Keep trung_tinh (Icons are chat habits, Advice/Philosophy/Negation are neutral)"
3849,Ai thích vẽ chân dung thì ib m nha,hy_vong,trung_tinh,0.18246461,0.37692457,0,review,keep,,Trust human emotion label over model's neutral guess
6399,sao không xúm lại rỉa lông tụi đầu bếp nhỉ .,trung_tinh,gian_du,0.1519956,0.3777161,0,review,keep,,"User decision: Keep trung_tinh (Icons are chat habits, Advice/Philosophy/Negation are neutral)"
9312,@Chấp nhận là lời tôi muốn nghe,hy_vong,trung_tinh,0.18751033,0.37778085,0,review,keep,,Trust human emotion label over model's neutral guess
3091,"t cu ̃ người cu ̀ người nghê ̀. theo kinh nghiê ̣ mày thi ̀ thâ ́ y top như ̃ người kha ́ ch ơ ̉ vô y ́ thư ́ c nhâ ́ tao la ̀ trung quô ́ c , â ́ n đô ̣ va ̀ đương nhiên co ́ ca ̉ viê ̣ tao nam - _ - biê ́ tao co ́ người na ̀ y người kia nhưng khi đi ̉ ti ̀ nh tra ̣ người diê ̃ n ra qua ́ nhiê ̀ u thi ̀ người ta se ̃ đa ́ nh gia ́ ca ̉ 1 nê ̀ n văn ho ́ anh .",trung_tinh,gian_du,0.1923744,0.37793916,0,review,keep,,"User decision: Keep trung_tinh (Icons are chat habits, Advice/Philosophy/Negation are neutral)"
6055,tao mà nhậu xong đi cái đường này xác định,lo_au,trung_tinh,0.051437207,0.37800705,0,review,keep,,Trust human emotion label over model's neutral guess
7471,"anh biết em có nhiều chuyện , nhưng việc trước mắt là em nộp phạt đã , nếu không xe em sẽ bị thu vào đồn",that_vong,trung_tinh,0.17202576,0.3780604,0,review,keep,,Trust human emotion label over model's neutral guess
5174,chả có gì vui,that_vong,trung_tinh,0.118059725,0.378576,0,review,keep,,Trust human emotion label over model's neutral guess
8600,tu hao quoc gia hinh chu S,vui,trung_tinh,0.084435016,0.37879306,0,review,keep,,Trust human emotion label over model's neutral guess
7661,Bây giờ có loại vàng k hít nhé. Xi đẳng cấp luôn.,trung_tinh,gian_du,0.12457034,0.37926358,0,review,keep,,"User decision: Keep trung_tinh (Icons are chat habits, Advice/Philosophy/Negation are neutral)"
4649,chưa chi đã để thua từ hình ảnh này . thua,that_vong,trung_tinh,0.15373741,0.3799536,0,review,keep,,Trust human emotion label over model's neutral guess
7069,căn bản là họ không đáng cho mình trân trọng thôi . per,gian_du,trung_tinh,0.160761,0.38007224,0,review,keep,,Trust human emotion label over model's neutral guess
1784,tôi làm trades . lương tôi không có .. chỉ có thu nhập thôi có tính là cao nhất việt nam không ??? tháng tôi kiếm từ 3000 - 5000,hy_vong,trung_tinh,0.08847881,0.3801908,0,review,keep,,Trust human emotion label over model's neutral guess
1313,biết giả vẫn phải tạo,that_vong,trung_tinh,0.18716626,0.38103622,0,review,keep,,Trust human emotion label over model's neutral guess
4565,"Xuân Nghĩa chắc ý bạn là lấy con dao rạch 1 phát r cắm ống hút và tạo đường thở ạ. Mẹ là bs nhưng chuyên khoa nào, trong phim khác thực tế, lý thuyết khác thực hành. Đứng trong cương vị ng mẹ lúc đó đã làm hết khả năng của một ng mẹ một người bác sĩ r bạn ơi",gian_du,trung_tinh,0.096608356,0.38119155,0,review,keep,,Trust human emotion label over model's neutral guess
6783,"rồi , chợt mình tỉnh giấc :) mơ đủ rồi đó",vui,trung_tinh,0.08382101,0.3814471,0,review,keep,,Trust human emotion label over model's neutral guess
3311,nghe ảo ghê nhưng cũng có lý,vui,trung_tinh,0.1054206,0.3820185,0,review,keep,,Trust human emotion label over model's neutral guess
9412,nếu thấy phụ nữ quá phức tạp để hiểu và chinh phục thì đây là cách giải quyết vấn đề,trung_tinh,gian_du,0.13924046,0.38202885,0,review,keep,,"User decision: Keep trung_tinh (Icons are chat habits, Advice/Philosophy/Negation are neutral)"
4507,Kẻ thù ngay chính trong ngôi nhà bạn,lo_au,trung_tinh,0.10735589,0.38204542,0,review,keep,,Trust human emotion label over model's neutral guess
452,thế không đạt được gì à,that_vong,trung_tinh,0.19914402,0.38208672,0,review,keep,,Trust human emotion label over model's neutral guess
1027,Việt Nam Tôi Đó Ngàn Năm Sáng Tươi ❤,hy_vong,trung_tinh,0.21148859,0.38232043,0,review,keep,,Trust human emotion label over model's neutral guess
6380,Nguyên Phạm đánh người chạy đi ko đánh người chạy lại,trung_tinh,gian_du,0.22324729,0.38281035,0,review,keep,,"User decision: Keep trung_tinh (Icons are chat habits, Advice/Philosophy/Negation are neutral)"
8129,Nhưng em trong đầu em nó là có nên làm không làm đi nhưng không dám,lo_au,trung_tinh,0.14179239,0.3836073,0,review,keep,,Trust human emotion label over model's neutral guess
6036,và Bác Hồ của chúng ta đc cả thế giới công nhận là vỹ nhân,vui,trung_tinh,0.15662256,0.3841101,0,review,keep,,Trust human emotion label over model's neutral guess
10197,mai tao cũng đi ship mới được . có bài này áp dụng luôn .,hy_vong,trung_tinh,0.11144377,0.38419113,0,review,keep,,Trust human emotion label over model's neutral guess
9938,đúng☺️,vui,trung_tinh,0.18447463,0.38442805,0,review,keep,,Trust human emotion label over model's neutral guess
7821,làm lại từ đầu,buon,trung_tinh,0.14578107,0.38451797,0,review,keep,,Trust human emotion label over model's neutral guess
9881,Porsche #1,vui,trung_tinh,0.1997656,0.3847862,0,review,keep,,Trust human emotion label over model's neutral guess
1147,tuổi trẻ tài cao là đây,vui,trung_tinh,0.1554634,0.38487363,0,review,keep,,Trust human emotion label over model's neutral guess
7237,"vui nhất là câu "" lấy ghế ra ngồi nhìn """,vui,trung_tinh,0.21535748,0.38500345,0,review,keep,,Trust human emotion label over model's neutral guess
5660,per trình mày vẫn còn thấp chán,that_vong,trung_tinh,0.22750786,0.38530716,0,review,keep,,Trust human emotion label over model's neutral guess
2628,"chuẩn đó , mà quên chưa có người yêu",that_vong,trung_tinh,0.10647477,0.38536596,0,review,keep,,Trust human emotion label over model's neutral guess
699,Low Tech tui cũng drop walking dead sau khi Glenn chết.,that_vong,trung_tinh,0.13489586,0.3854434,0,review,keep,,Trust human emotion label over model's neutral guess
10141,"vẫn là thụ động , làm sao phải chặn đứng hiện tượng rải đinh .",that_vong,trung_tinh,0.1932043,0.38560367,0,review,keep,,Trust human emotion label over model's neutral guess
6277,"nếu chiếc xe đỗ giữa cửa nhà tôi như trong hình của thớt tôi hoàn toàn không có cảm giác gì , kể cả ngày nào cũng vậy luôn .",trung_tinh,that_vong,0.11131058,0.38584945,0,review,keep,,"User decision: Keep trung_tinh (Icons are chat habits, Advice/Philosophy/Negation are neutral)"
2963,cái tính đã ngại rồi thì có đẹp đi nữa cx sẽ ngại thôi,trung_tinh,that_vong,0.09945825,0.38595048,0,review,keep,,"User decision: Keep trung_tinh (Icons are chat habits, Advice/Philosophy/Negation are neutral)"
7458,này hỏi nhà trường thời nay $$$$$ và $$$ chỉ trong mắt bọn họ thôi,gian_du,trung_tinh,0.23705572,0.3860079,0,review,keep,,Trust human emotion label over model's neutral guess
1440,Chúc mấy cô bảo mẫu có chuyến công tác tốt,hy_vong,trung_tinh,0.10934411,0.3871928,0,review,keep,,Trust human emotion label over model's neutral guess
7394,mới yêu thôi nhá yêu lâu rồi chán nhau rồi á thử xem đường đứa nào đứa đấy đi,trung_tinh,hy_vong,0.22633663,0.38744593,0,review,keep,,"User decision: Keep trung_tinh (Icons are chat habits, Advice/Philosophy/Negation are neutral)"
6223,cảm giác lúc ấy sẽ ra sao,trung_tinh,hy_vong,0.07838884,0.3875835,0,review,keep,,"User decision: Keep trung_tinh (Icons are chat habits, Advice/Philosophy/Negation are neutral)"
6818,fa đéo thích video này,gian_du,trung_tinh,0.14043696,0.3877518,0,review,keep,,Trust human emotion label over model's neutral guess
8956,không hiểu lắm,trung_tinh,that_vong,0.0900238,0.38777062,0,review,keep,,"User decision: Keep trung_tinh (Icons are chat habits, Advice/Philosophy/Negation are neutral)"
2750,"Hằng PT uh,thấy hồi đó đi học mà gặp trời mưa thì nội bùn đi học",gian_du,trung_tinh,0.17772235,0.38782567,0,review,keep,,Trust human emotion label over model's neutral guess
2920,Đặng Đình Đạt m ít văn lại đi,gian_du,trung_tinh,0.23316535,0.38787866,0,review,keep,,Trust human emotion label over model's neutral guess
3213,hoi giàu họ ko kheo vàng,trung_tinh,buon,0.13558449,0.38830924,0,review,keep,,"User decision: Keep trung_tinh (Icons are chat habits, Advice/Philosophy/Negation are neutral)"
9044,xịt nước là ướt rồi,trung_tinh,gian_du,0.07458905,0.38883442,0,review,keep,,"User decision: Keep trung_tinh (Icons are chat habits, Advice/Philosophy/Negation are neutral)"
3823,nấu thì nấu được mà không biết có ăn được hay không thôi,gian_du,trung_tinh,0.14194775,0.3888486,0,review,keep,,Trust human emotion label over model's neutral guess
3224,tôi đoán rằng ông này đã lấy vợ trước khi lên mặt trăng,vui,trung_tinh,0.09093825,0.38893443,0,review,keep,,Trust human emotion label over model's neutral guess
8511,Sân khấu hề Paris 2024 Và trò hề phương tây,gian_du,trung_tinh,0.13505588,0.38913706,0,review,keep,,Trust human emotion label over model's neutral guess
5607,tao thích con bé nuốt chuối,hy_vong,trung_tinh,0.15264836,0.38930148,0,review,keep,,Trust human emotion label over model's neutral guess
2623,Điệp Mlô ước đc như bạn,hy_vong,trung_tinh,0.1649634,0.38948482,0,review,keep,,Trust human emotion label over model's neutral guess
4796,@kazuzazi Thì qua 1 đêm nó dồn nén nên mới nhiều tâm sự,buon,trung_tinh,0.12255788,0.38954374,0,review,keep,,Trust human emotion label over model's neutral guess
5113,Phú Quý sẽ là Phú Quốc thứ 2 trong tương lai,hy_vong,trung_tinh,0.19593622,0.38955444,0,review,keep,,Trust human emotion label over model's neutral guess
7831,Ma Xó tk này nhiều vụ lắm rồi,gian_du,trung_tinh,0.25651035,0.3898101,0,review,keep,,Trust human emotion label over model's neutral guess
2993,comment thứ 5.000,vui,trung_tinh,0.23793979,0.38987327,0,review,keep,,Trust human emotion label over model's neutral guess
5978,tao vẫn nấu hôm trời mất điện,trung_tinh,buon,0.13728471,0.3911185,0,review,keep,,"User decision: Keep trung_tinh (Icons are chat habits, Advice/Philosophy/Negation are neutral)"
1249,"cảm thấy thay được thì thay , giáo viên bây giờ thừa nhiều mà",gian_du,trung_tinh,0.1503834,0.39112383,0,review,keep,,Trust human emotion label over model's neutral guess
6554,chung quy là hình thức quảng cáo !!!,trung_tinh,that_vong,0.050729062,0.39187858,0,review,keep,,"User decision: Keep trung_tinh (Icons are chat habits, Advice/Philosophy/Negation are neutral)"
3886,quan trọng vẫn là cái phải đẹp trai . rồi mới sau đó nữa ... lạ gì các bà,gian_du,trung_tinh,0.16164343,0.39189357,0,review,keep,,Trust human emotion label over model's neutral guess
5678,chỉ khi gặp người rất thân ms nói nhiều đc...,lo_au,trung_tinh,0.11657349,0.39197955,0,review,keep,,Trust human emotion label over model's neutral guess
136,vl gần nhà,trung_tinh,gian_du,0.18039237,0.39232194,0,review,keep,,"User decision: Keep trung_tinh (Icons are chat habits, Advice/Philosophy/Negation are neutral)"
1457,"Đẹp trai. học giỏi , con nhà giàu có quyền lực....!",hy_vong,trung_tinh,0.09939472,0.39320838,0,review,keep,,Trust human emotion label over model's neutral guess
9862,Nguyễn Thế Đức ông suy nghĩ giống ck tui vậy. Mỗi khi có gì đó xảy ra đều tại ngoại cảnh cả. Chưa khi nào là tại ổng,trung_tinh,that_vong,0.114695504,0.3937547,0,review,keep,,"User decision: Keep trung_tinh (Icons are chat habits, Advice/Philosophy/Negation are neutral)"
5969,ko biết có ai nghèo ko nhỉ chứ t ko có bn,buon,trung_tinh,0.107489906,0.39379936,0,review,keep,,Trust human emotion label over model's neutral guess
10139,"per tiền bạc là phù du , quan trọng là tình nghĩa",hy_vong,trung_tinh,0.25855222,0.39381167,0,review,keep,,Trust human emotion label over model's neutral guess
9022,Điều khiển ra khỏi KDC chỉ là truyền thuyết chứ sự cố kỹ thuật ko bay đc thì điều khiển bằng niềm tin à,that_vong,trung_tinh,0.1815023,0.39426693,0,review,keep,,Trust human emotion label over model's neutral guess
1277,Việt Đức lẩu gà Ba Tri,trung_tinh,gian_du,0.21830845,0.39439458,0,review,keep,,"User decision: Keep trung_tinh (Icons are chat habits, Advice/Philosophy/Negation are neutral)"
6923,vỡ tan là như thế ấy,that_vong,trung_tinh,0.17946047,0.39450547,0,review,keep,,Trust human emotion label over model's neutral guess
2734,tỉnh táo đi em !,trung_tinh,hy_vong,0.2182544,0.39452553,0,review,keep,,"User decision: Keep trung_tinh (Icons are chat habits, Advice/Philosophy/Negation are neutral)"
9454,Quốc Phong chuẩn.giàu thì thượng đẳng hơn ng khác à,gian_du,trung_tinh,0.23205791,0.39509082,0,review,keep,,Trust human emotion label over model's neutral guess
3561,"thời chúng ta , đồ hỏng thì mua mới còn thời ông bà , đồ hỏng thì đem đi sửa . đó là lý do vì sao tình yêu của họ luôn bền lâu ....",trung_tinh,that_vong,0.15004504,0.39509678,0,review,keep,,"User decision: Keep trung_tinh (Icons are chat habits, Advice/Philosophy/Negation are neutral)"
8484,này 2 đứa . đã chia tay chưa . chia tay rồi có xem lại video này không .,trung_tinh,that_vong,0.22378564,0.39526385,0,review,keep,,"User decision: Keep trung_tinh (Icons are chat habits, Advice/Philosophy/Negation are neutral)"
607,sao mình không thấy mình vậy ta ??,that_vong,trung_tinh,0.16679633,0.39527386,0,review,keep,,Trust human emotion label over model's neutral guess
7415,Muốn gời cho chi bằng cach nao e,hy_vong,trung_tinh,0.19182144,0.3960156,0,review,keep,,Trust human emotion label over model's neutral guess
4652,Mình pass lại nhé,hy_vong,trung_tinh,0.31270394,0.39604145,0,review,keep,,Trust human emotion label over model's neutral guess
528,"t xem cái này từ lâu lâu lâu rồi cơ , đéo bất ngờ gì cạ 😕",trung_tinh,that_vong,0.17306335,0.39604676,0,review,keep,,"User decision: Keep trung_tinh (Icons are chat habits, Advice/Philosophy/Negation are neutral)"
6568,thế đéo nào cái hộp bé tý lại đựng được ba cái mũ nhỉ,vui,trung_tinh,0.06349003,0.396452,0,review,keep,,Trust human emotion label over model's neutral guess
9968,Nguyen học nhiều để chết hay gì,that_vong,trung_tinh,0.19176355,0.39653426,0,review,keep,,Trust human emotion label over model's neutral guess
3054,No your gf is a redflag,gian_du,trung_tinh,0.052777413,0.3967524,0,review,keep,,Trust human emotion label over model's neutral guess
5768,"tại cái gậy thôi , còn đâu là vẫn đẹp",vui,trung_tinh,0.18716516,0.39701,0,review,keep,,Trust human emotion label over model's neutral guess
6528,Biết kiếm đâu một người yêu mình thật sự đây?,hy_vong,trung_tinh,0.15183146,0.39702025,0,review,keep,,Trust human emotion label over model's neutral guess
7205,loài vật đang dần dần có trí khôn và hành động như một con người còn một số người thì đang tiến hóa ngược,that_vong,trung_tinh,0.097094476,0.3971007,0,review,keep,,Trust human emotion label over model's neutral guess
2016,đó là cuộc sống của mỗi người .. mình phải tôn trọng nhau thôi,trung_tinh,buon,0.13081704,0.39715418,0,review,keep,,"User decision: Keep trung_tinh (Icons are chat habits, Advice/Philosophy/Negation are neutral)"
4464,mèo nhà em thì cho tiền cũng không ra khỏi cửa,trung_tinh,gian_du,0.13768297,0.3974977,0,review,keep,,"User decision: Keep trung_tinh (Icons are chat habits, Advice/Philosophy/Negation are neutral)"
2510,Vũ Đức đấy là lời khuyên của những ng trong cuộc mà thôi nên chúng ta ko nên đánh giá qua những gì mik thấy trc mắt đc.,trung_tinh,that_vong,0.17641902,0.39750773,0,review,keep,,"User decision: Keep trung_tinh (Icons are chat habits, Advice/Philosophy/Negation are neutral)"
6,Ai đi xem hk🤨,vui,trung_tinh,0.17433675,0.39797986,0,review,keep,,Trust human emotion label over model's neutral guess
1187,"Xuân Nghĩa b ơi, ở nhà thì làm sao có đủ dụng cụ mà mở khí quản trong chốc nhát được, chưa kể nữa là mẹ k làm trong hscc",trung_tinh,gian_du,0.14158511,0.39804286,0,review,keep,,"User decision: Keep trung_tinh (Icons are chat habits, Advice/Philosophy/Negation are neutral)"
2184,lấy giẻ lau xong vắt chắc cũng được nửa,trung_tinh,buon,0.07953203,0.39826602,0,review,keep,,"User decision: Keep trung_tinh (Icons are chat habits, Advice/Philosophy/Negation are neutral)"
5921,rất có thể nó đang pr trá hình để bán hàng,trung_tinh,gian_du,0.20112114,0.39831337,0,review,keep,,"User decision: Keep trung_tinh (Icons are chat habits, Advice/Philosophy/Negation are neutral)"
1337,gia đình thì không còn . tình yêu thì chưa có gì chắc chắn .,that_vong,trung_tinh,0.23179314,0.39831346,0,review,keep,,Trust human emotion label over model's neutral guess
6481,đéo hiểu,trung_tinh,gian_du,0.1756671,0.39840758,0,review,keep,,"User decision: Keep trung_tinh (Icons are chat habits, Advice/Philosophy/Negation are neutral)"
3930,haizzzz đó là 1 câu chuyện khá bùn,buon,trung_tinh,0.13740633,0.39853662,0,review,keep,,Trust human emotion label over model's neutral guess
6820,"@Lana39572482 Hi, lễ hội mà b",trung_tinh,hy_vong,0.20344733,0.3989275,0,review,keep,,"User decision: Keep trung_tinh (Icons are chat habits, Advice/Philosophy/Negation are neutral)"
8169,Giá như …,hy_vong,trung_tinh,0.11633226,0.39911532,0,review,keep,,Trust human emotion label over model's neutral guess
5989,quan trọng nhất vẫn là tấm lòng 🙂,trung_tinh,that_vong,0.10179067,0.39922792,0,review,keep,,"User decision: Keep trung_tinh (Icons are chat habits, Advice/Philosophy/Negation are neutral)"
8567,Nhung Nhung ghê thật chắc phải cả 100 nhát,gian_du,trung_tinh,0.15344486,0.399293,0,review,keep,,Trust human emotion label over model's neutral guess
9350,Đặng Huy tao mua ở quán chứ trộm cắp gì,gian_du,trung_tinh,0.28624317,0.39966357,0,review,keep,,Trust human emotion label over model's neutral guess
3419,Tấn Đạt cc,trung_tinh,gian_du,0.29696295,0.3998218,0,review,keep,,"User decision: Keep trung_tinh (Icons are chat habits, Advice/Philosophy/Negation are neutral)"
2813,Thích Lòng Vòng F35 cũng bị tai nạn mà tai nạn thì xịn hay đểu cũng đểu có khả năng bị,trung_tinh,gian_du,0.13268977,0.3998793,0,review,keep,,"User decision: Keep trung_tinh (Icons are chat habits, Advice/Philosophy/Negation are neutral)"
5424,Cảm động thật.,vui,trung_tinh,0.20459937,0.4001398,0,review,keep,,Trust human emotion label over model's neutral guess
359,cũng không có gì đặc sắc lắm . vì em còn mặc cả áo khoác chống cả tuyết lên cơ,trung_tinh,that_vong,0.20372853,0.40017128,0,review,keep,,"User decision: Keep trung_tinh (Icons are chat habits, Advice/Philosophy/Negation are neutral)"
4253,Hạnh Thông Trần may quá nối lại đc rồi nè ba,vui,trung_tinh,0.14544843,0.40030035,0,review,keep,,Trust human emotion label over model's neutral guess
2271,"chỉ hút sắt, thép. Còn đồng, chì, bạc, nhôm, ...mạ vàng đâu hút.",gian_du,trung_tinh,0.07772003,0.40044874,0,review,keep,,Trust human emotion label over model's neutral guess
2372,thế rồi cha lái xe có giả tiền không các bác,trung_tinh,gian_du,0.30514935,0.4007758,0,review,keep,,"User decision: Keep trung_tinh (Icons are chat habits, Advice/Philosophy/Negation are neutral)"
4452,Giang có thể cho ra bài nào nói về cách khéo leo về việc nhận quà từ người khác ko,hy_vong,trung_tinh,0.25531882,0.40096915,0,review,keep,,Trust human emotion label over model's neutral guess
1308,Phan Trí Luận phá tài sản và đã đền cho chủ rạp. Tài sản này của bên cho thuê phông bạt chứ k phải của nhà cô dâu,gian_du,trung_tinh,0.28351587,0.4010901,0,review,keep,,Trust human emotion label over model's neutral guess
4515,hè về chỉ thích ăn cái này .,hy_vong,trung_tinh,0.13664512,0.40237176,0,review,keep,,Trust human emotion label over model's neutral guess
9276,Đợt này thế giới sẽ chuyển trục. Bố cục thế giới lại thay đổi rồi. Chúc mừng Tân Tổng Thống.,hy_vong,trung_tinh,0.19581054,0.40253076,0,review,keep,,Trust human emotion label over model's neutral guess
4325,"Cách để vượt qua cảm xúc tiêu cực<br>1. Uống 1 ly nước và đi tắm (thay ra gối, đi ngủ)<br>2. Suy nghĩ về nó 1 chút: phân tích nguyên nhân, vv<br>3. Làm 1 cái gì đó (ko nhất thiết phải là việc to tát: rửa chén, lau nhà, vvv)<br>4. Bỏ đi những mối quan hệ độc hại. <br>5. Chịu trách nhiệm cho chính mình <br>Bây giờ mình phải làm gì để đạt được điều đó, v.v chứ ko đổ lỗi.",hy_vong,trung_tinh,0.26672402,0.402708,0,review,keep,,Trust human emotion label over model's neutral guess
3300,Thằng đó tự tử luôn hã mn,buon,trung_tinh,0.08494223,0.4027369,0,review,keep,,Trust human emotion label over model's neutral guess
6593,chắc phải đi một chuyến thôi :3,hy_vong,trung_tinh,0.18754569,0.40286082,0,review,keep,,Trust human emotion label over model's neutral guess
4038,chơi thế không hay nha page dume,gian_du,trung_tinh,0.18316577,0.40375873,0,review,keep,,Trust human emotion label over model's neutral guess
1439,Võ Thị Mỹ Hằng trách nhiều nhất là GV chủ nhiệm kìa. Tại sao ko gọi PH khi thấy bé vắng? Cô có điểm danh ko?,gian_du,trung_tinh,0.259362,0.40429556,0,review,keep,,Trust human emotion label over model's neutral guess
5869,"từ nay ho , thì phải kiếm chỗ nào nằm tạm",trung_tinh,that_vong,0.20159723,0.4044058,0,review,keep,,"User decision: Keep trung_tinh (Icons are chat habits, Advice/Philosophy/Negation are neutral)"
7501,chợt nhận ra mình chưa từng thích thầm ai trong lớp,trung_tinh,buon,0.16500694,0.4056121,0,review,keep,,"User decision: Keep trung_tinh (Icons are chat habits, Advice/Philosophy/Negation are neutral)"
6866,Thuỳ Linh để mình hỏi ý kiến vợ đã,trung_tinh,hy_vong,0.30519313,0.4056325,0,review,keep,,"User decision: Keep trung_tinh (Icons are chat habits, Advice/Philosophy/Negation are neutral)"
795,có quá nhiều lựa chọn trong một tháng,trung_tinh,buon,0.13596347,0.40613163,0,review,keep,,"User decision: Keep trung_tinh (Icons are chat habits, Advice/Philosophy/Negation are neutral)"
8208,thoáng chốc thành đống sắt vụn,that_vong,trung_tinh,0.12994958,0.4061796,0,review,keep,,Trust human emotion label over model's neutral guess
718,per c . bị tinh thần đi xem đi 👻,vui,trung_tinh,0.050203066,0.40639672,0,review,keep,,Trust human emotion label over model's neutral guess
3595,Cuộc sống mà. K có gì là dễ dàng .,trung_tinh,hy_vong,0.25174934,0.4064628,0,review,keep,,"User decision: Keep trung_tinh (Icons are chat habits, Advice/Philosophy/Negation are neutral)"
6041,thật ko thích bản thân mik,buon,trung_tinh,0.1550371,0.4074983,0,review,keep,,Trust human emotion label over model's neutral guess
6840,vật chất quyết định ý thức,trung_tinh,that_vong,0.16036326,0.40805843,0,review,keep,,"User decision: Keep trung_tinh (Icons are chat habits, Advice/Philosophy/Negation are neutral)"
8504,"em nói z thôi, chứ em cũng rén rồi",lo_au,trung_tinh,0.09922721,0.40819886,0,review,keep,,Trust human emotion label over model's neutral guess
2995,lâu lắm rồi chưa ăn được miếng cơm cháy .,that_vong,trung_tinh,0.27601707,0.408238,0,review,keep,,Trust human emotion label over model's neutral guess
6693,"Việt Nam lại có máy bay rơi, khoa học và kinh tế quyết định cho khoa học kỹ thuật, như thế này thì mạng sống của những người tham gia những chương trình bay sẽ đi về đâu.",that_vong,trung_tinh,0.10627698,0.4083842,0,review,keep,,Trust human emotion label over model's neutral guess
3764,xấu còn đóng vai mất dạy,gian_du,trung_tinh,0.12768221,0.40856713,0,review,keep,,Trust human emotion label over model's neutral guess
6756,Nguyễn Sin khầy giải quyết chuyện này xong chưa khầy,gian_du,trung_tinh,0.16016784,0.40921658,0,review,keep,,Trust human emotion label over model's neutral guess
1649,Vân Nguyễn có bằng chứng ngoại tình thì tài sản phân chia về ông này hết đấy ạ.,gian_du,trung_tinh,0.27470425,0.409566,0,review,keep,,Trust human emotion label over model's neutral guess
9423,&quot;Bỏ đi những mối quan hệ độc hại&quot; tình bạn 13 năm đó các bạn ạ? Nó làm mình suy nghĩ rất nhiều nhưng cuối cùng mình vẫn chấp nhận buông ... Một khi họ đã k thích k cần hoặc có cái nhìn quá tiêu cực về một vấn đề gì đó thì họ khó nhìn tích cực về sự việc lắm. Xưa mình chỉ nghĩ khi chơi với nhau ng ta có đối xử k tốt ích kỷ với ai cũng đc miễn sao với mình k như v là đc nhưng ...đời đôi khi k như ta tưởng,buon,trung_tinh,0.0851135,0.40991136,0,review,keep,,Trust human emotion label over model's neutral guess
7422,cái gì nó cũng có hạn sử dụng cả 🙂,that_vong,trung_tinh,0.17903915,0.40991703,0,review,keep,,Trust human emotion label over model's neutral guess
6507,"Thanh Liêm Nguyễn Đúng là a đó sai nhưng vkck a đó hay live ở Pđb á b, từ năm trước rồi. Mk ko nói là a đó đúng. Mà hay đi coi hát rồi chơi thân với mấy bé.",trung_tinh,that_vong,0.11028225,0.4100674,0,review,keep,,"User decision: Keep trung_tinh (Icons are chat habits, Advice/Philosophy/Negation are neutral)"
9513,cho hết vào trường giáo dưỡng,gian_du,trung_tinh,0.1884786,0.41044703,0,review,keep,,Trust human emotion label over model's neutral guess
5044,"Giám đốc sở giao dục còn tham ô cho đầy túi tham, thì thời gian đâu nghĩ đến các sự nghiệp trồng người nữa anh.",gian_du,trung_tinh,0.18784864,0.41092515,0,review,keep,,Trust human emotion label over model's neutral guess
7587,per tổ đội đánh rắm vào mà xem,gian_du,trung_tinh,0.2612771,0.41121823,0,review,keep,,Trust human emotion label over model's neutral guess
9814,gớm không tưởng,gian_du,trung_tinh,0.09502369,0.41125143,0,review,keep,,Trust human emotion label over model's neutral guess
6238,vẫn ế bền vững,that_vong,trung_tinh,0.19321379,0.4113897,0,review,keep,,Trust human emotion label over model's neutral guess
6206,Bên mĩ thì 1 rưỡi sáng rồi theo g Washington nhưng mong kết quả giữ dc đến khi đếm đến những tấm phiếu muộn cuối cùng dc kiểm,hy_vong,trung_tinh,0.26585108,0.4118337,0,review,keep,,Trust human emotion label over model's neutral guess
8890,thì cứ cho nó đỗ xong bác gọi phường xuống giải quyết cho nó cẩu đi là xong,gian_du,trung_tinh,0.22346711,0.41215754,0,review,keep,,Trust human emotion label over model's neutral guess
9712,sớm chút nữa có lẽ đã khác rồi đúng không ?,that_vong,trung_tinh,0.23644078,0.4123518,0,review,keep,,Trust human emotion label over model's neutral guess
1358,Haiz họ Lamd Náo loạn<br><br>Mệt q<br><br>Mún YÊn mà K dc<br><br>Hành Ng ốm KHổ sở Lun hxjhduud,gian_du,trung_tinh,0.19620812,0.41247988,0,review,keep,,Trust human emotion label over model's neutral guess
3567,Thât tư hao khi nghe 2 tiêng viêt nam,vui,trung_tinh,0.08936846,0.41325372,0,review,keep,,Trust human emotion label over model's neutral guess
9348,per ghét cái kiểu rõ ràng là chuyện của riêng 2 người vậy mà …,gian_du,trung_tinh,0.20826818,0.41362816,0,review,keep,,Trust human emotion label over model's neutral guess
8394,"Thôi, ít ra còn may mắn có 1 cuộc sống đẹp, ngoài kia còn nhiều người có 1 miếng bánh ăn còn vui mà",hy_vong,trung_tinh,0.2801015,0.41383323,0,review,keep,,Trust human emotion label over model's neutral guess
8582,xem xong rồi mà có cảm thấy gì đâu ??,trung_tinh,that_vong,0.20870784,0.41437572,0,review,keep,,"User decision: Keep trung_tinh (Icons are chat habits, Advice/Philosophy/Negation are neutral)"
6338,nóng tính quá hỏng viẹc - trẻ em rất thích ngọt mình nên nhẹ nhàng cương quyết mới được,trung_tinh,hy_vong,0.07500807,0.41513202,0,review,keep,,"User decision: Keep trung_tinh (Icons are chat habits, Advice/Philosophy/Negation are neutral)"
1155,Bạn Muốn Hẹn Hò? ng lớn họ đi xe khách chứ có điên nê làm v,gian_du,trung_tinh,0.33563572,0.41515428,0,review,keep,,Trust human emotion label over model's neutral guess
6741,Hàn Thị Thu Dịu hihi sao b hay z,vui,trung_tinh,0.31085667,0.41540045,0,review,keep,,Trust human emotion label over model's neutral guess
6520,Không ai hiểu mình 🥀,buon,trung_tinh,0.10038688,0.4154747,0,review,keep,,Trust human emotion label over model's neutral guess
9904,Nguyen John Ko bao giờ. Bố là Tổng thống phe cộng hoà thì con ko đồng tính đâu,gian_du,trung_tinh,0.2485329,0.4155487,0,review,keep,,Trust human emotion label over model's neutral guess
2266,hẳn là phạt 5 triệu luôn,gian_du,trung_tinh,0.24378821,0.41615885,0,review,keep,,Trust human emotion label over model's neutral guess
568,xem mấy lần rồi vẫn thấy hay,vui,trung_tinh,0.12151835,0.41642195,0,review,keep,,Trust human emotion label over model's neutral guess
2061,Top4 Châu Á cũng là lần đầu LOL ra mắt tại Á Vận Hội. Mong thể thao điện tử được công nhận và phát triển nhiều hơn.,hy_vong,trung_tinh,0.15240158,0.41684094,0,review,keep,,Trust human emotion label over model's neutral guess
5746,này ai chả muốn haiz,gian_du,trung_tinh,0.07877784,0.41699147,0,review,keep,,Trust human emotion label over model's neutral guess
3238,"yêu nhau lắm cắn nhau đau , tao thấy dòng chảy tiền kiếp của 2 đứa mày là vậy",buon,trung_tinh,0.08914673,0.41716224,0,review,keep,,Trust human emotion label over model's neutral guess
1964,Một khi đã làm thì không hối hận chỉ có sai lầm nhận ra bài học thôi,trung_tinh,that_vong,0.16646403,0.41754365,0,review,keep,,"User decision: Keep trung_tinh (Icons are chat habits, Advice/Philosophy/Negation are neutral)"
8343,sang năm quyêt định đi ngủ cho đỡ mỏi mắt,trung_tinh,lo_au,0.09692229,0.4179983,0,review,keep,,"User decision: Keep trung_tinh (Icons are chat habits, Advice/Philosophy/Negation are neutral)"
10244,Nhưng việc đã làm ko bao giờ hổi hận trước khi làm việc gì phải suy nghx thật kĩ,trung_tinh,that_vong,0.16040398,0.41933253,0,review,keep,,"User decision: Keep trung_tinh (Icons are chat habits, Advice/Philosophy/Negation are neutral)"
5882,per lên lịch hẹn hò nhanh,hy_vong,trung_tinh,0.205365,0.4194523,0,review,keep,,Trust human emotion label over model's neutral guess
7560,"thế các bn nghĩ người có nhan sắc lịu họ có tự tin kh , càng tự ti đấy ak",trung_tinh,hy_vong,0.09171408,0.41998142,0,review,keep,,"User decision: Keep trung_tinh (Icons are chat habits, Advice/Philosophy/Negation are neutral)"
1839,"từ không tật nguyền , trở thành tật nguyền để nuôi mấy cái không đáng",gian_du,trung_tinh,0.15019926,0.4210428,0,review,keep,,Trust human emotion label over model's neutral guess
853,Trương Hạnh Công Dân qua mua hòm ủng hộ cho thực tế chứ chúc không thảo mai quá bạn,gian_du,trung_tinh,0.26762688,0.42164427,0,review,keep,,Trust human emotion label over model's neutral guess
7825,chuẩn bị bước sang 31! phải thật vững bước nào các bạn tôi,hy_vong,trung_tinh,0.31553197,0.42346174,0,review,keep,,Trust human emotion label over model's neutral guess
7119,Huyền Ân binh thường mà nhỉ? Mà hình như cái thần thái bạn này là vậy chứ không có vibe dễ thương đâu,gian_du,trung_tinh,0.31442007,0.42373145,0,review,keep,,Trust human emotion label over model's neutral guess
7663,ngày xưa tao cũng viết nhưng bị chị gái đọc trộm từ đó dẹp mẹ nhật ký luôn,trung_tinh,that_vong,0.13187666,0.42580053,0,review,keep,,"User decision: Keep trung_tinh (Icons are chat habits, Advice/Philosophy/Negation are neutral)"
4384,mình có xài rồi nè hồi lúc đi làm xí nghiêp gọi là lò xô đổ dầu xài,trung_tinh,buon,0.13837218,0.4290163,0,review,keep,,"User decision: Keep trung_tinh (Icons are chat habits, Advice/Philosophy/Negation are neutral)"
8501,chỉ thấy phối nhạc hay thôi chứ lời tao cảm thấy nghe không có nghĩa lí gì luôn 😐,trung_tinh,that_vong,0.14663352,0.4314419,0,review,keep,,"User decision: Keep trung_tinh (Icons are chat habits, Advice/Philosophy/Negation are neutral)"
6268,đó là động lực chứ không phải để đem ra so sánh ..,trung_tinh,that_vong,0.22118331,0.433175,0,review,keep,,"User decision: Keep trung_tinh (Icons are chat habits, Advice/Philosophy/Negation are neutral)"
3254,mĩm cười cho qua,trung_tinh,that_vong,0.1491046,0.43390343,0,review,keep,,"User decision: Keep trung_tinh (Icons are chat habits, Advice/Philosophy/Negation are neutral)"
10106,chẳng bao giờ thấy sai,trung_tinh,that_vong,0.2957624,0.43563703,0,review,keep,,"User decision: Keep trung_tinh (Icons are chat habits, Advice/Philosophy/Negation are neutral)"
8836,khó hiểu lắm,trung_tinh,that_vong,0.13444132,0.44246104,0,review,keep,,"User decision: Keep trung_tinh (Icons are chat habits, Advice/Philosophy/Negation are neutral)"
1172,Cỏ Ba Lá người câm sẽ rất khổ vì k thể phản biện đòi quyền lợi. Nhưng với người tu hành thì để giữ miệng tịnh tâm lại vô cùng khó,trung_tinh,that_vong,0.20179544,0.4447768,0,review,keep,,"User decision: Keep trung_tinh (Icons are chat habits, Advice/Philosophy/Negation are neutral)"
1229,Ờ thì củng khóc théc,lo_au,trung_tinh,0.14856654,0.44621497,0,review,keep,,Trust human emotion label over model's neutral guess
