user_vi,assistant_vi,emotion_id,emotion
"Tôi đã cố gắng bắt đầu một cuộc nói chuyện với một đồng nghiệp trong bữa trưa, nhưng họ dường như không thích thú và cuộc trò chuyện nhanh chóng tắt đi. tôi cảm thấy rất lúng túng và cô đơn khi họ không muốn nói chuyện với tôi.","Cố gắng để kết nối với người khác và bị bỏ qua có thể rất đau đớn. bạn có thể nghĩ rằng những cảm xúc của mình là hợp lý, và quan trọng là bạn không bao giờ muốn nói chuyện với chính mình khi bạn gặp khó khăn. Đây là một số tiềm năng tiềm ẩn và những thách thức dựa trên tình huống mà bạn đã mô tả: vượt qua và bỏ qua: bạn có thể nghĩ rằng sự tương tác này có nghĩa là bạn sẽ luôn có những cuộc trò chuyện khó khăn hoặc những người bạn không muốn nói chuyện với bạn.",6,that_vong
Đồng nghiệp của tôi nhận công lao làm việc của tôi trong một cuộc họp nhóm. tôi cảm thấy rất tức giận và phản bội khi đồng nghiệp của tôi nhận công lao khó nhọc của tôi. thật đáng ngạc nhiên khi thấy họ được khen ngợi cho những gì tôi đã làm.,"Hãy cố gắng hết sức để tìm ra những điều mình có thể làm, và hãy nghĩ đến những điều mình có thể làm.",3,gian_du
Tôi phát hiện ra bạn gái cũ của mình đang hẹn hò với một người mới chỉ vài tuần sau khi chúng tôi chia tay. tôi rất tức giận khi nhìn thấy những bức ảnh của bạn gái cũ của mình với bạn tình mới của họ. tôi không thể tin rằng họ chuyển đi nhanh chóng sau mối quan hệ của chúng tôi. rất đau khi thấy họ hạnh phúc với người khác.,Điều đó có nghĩa là bạn phải cố gắng hết sức để vượt qua những khó khăn trong đời sống. và bạn sẽ không bao giờ tìm được hạnh phúc.,3,gian_du
Tôi bị kẹt xe và bỏ một cuộc họp quan trọng ở nơi làm việc. tôi cảm thấy rất tức giận và căng thẳng khi tôi nhận ra mình sẽ trễ buổi họp. tôi ghét bị kẹt xe và cảm thấy mình không thể kiểm soát tình hình.,"Nếu bạn cảm thấy bất an, bạn sẽ không thể kiểm soát được tình hình của mình.",3,gian_du
"Tôi phải trình bày với ban giám đốc về dự án mà tôi đang thực hiện, tôi lo rằng tôi sẽ quên những gì tôi cần phải nói hoặc họ sẽ không thích công việc của tôi tôi cảm thấy thực sự lo lắng và lo lắng về dự án này tôi đang lo lắng về khả năng của tôi và lo lắng rằng tôi sẽ làm rối tung lên","Nhiều người cảm nhận được những cảm giác này khi phải đối mặt với những bài thuyết trình quan trọng và sự cố gắng để nhớ rằng, trong khi đó, bạn sẽ không phải lo lắng về một điều gì đó, mà là một sự cố gắng vượt quá sức chịu đựng của bạn.",2,lo_au
Tôi đã thấy bạn trai cũ của tôi ở bữa tiệc của một người bạn thân. và họ trông rất hạnh phúc với nhau. và họ trông rất hạnh phúc với nhau. và làm tôi cảm thấy không thể tìm thấy ai đó. nhìn thấy bạn gái cũ của tôi với cảm giác mới của cô ấy cảm thấy lo lắng và bất an. tôi cảm thấy cô ấy cô đơn và như thể tôi không đủ tốt để tìm được một người bạn tình.,"Bạn có thể tìm ra một điều gì đó trong tương lai mà bạn đang tìm kiếm, không phải là một điều gì đó có thể xảy ra, mà là một điều bạn có thể tìm thấy trong tương lai, mà là một điều gì đó có nghĩa là bạn không bao giờ có thể tìm thấy trong một tình huống mới.",1,buon
"Tôi đã xin được thăng chức ở chỗ làm, nhưng chưa nhận được tin gì từ người quản lý của tôi. tôi lo rằng tôi không nhận được nó và rằng tôi đang không tiến bộ trong sự nghiệp của tôi nhanh chóng như tôi nên làm. tôi cảm thấy lo lắng và nóng lòng chờ đợi để được nghe lại về điều này tôi bắt đầu nghi ngờ của tôi và lo rằng tôi không đủ tốt",Hoàn toàn tự nhiên để cảm thấy lo lắng và khó khăn trong khi chờ đợi để biết được một số tiềm năng về sự nghiệp của bạn.,2,lo_au
"Tôi đã định đi chơi với một nhóm bạn, nhưng họ đến trễ vào phút cuối. bây giờ tôi đang ở nhà một mình vào tối thứ sáu. bạn bè tôi bỏ kế hoạch của chúng tôi cảm thấy lo lắng và sự cô đơn. tôi cảm thấy bị từ chối và như thể tôi đang bỏ lỡ cuộc sống xã hội.",Bạn có thể cảm nhận được sự thay đổi của bản thân. và không có gì đáng chú ý về sự cố này. bạn có thể nghĩ rằng điều đó có nghĩa là bạn không thể làm được.,6,that_vong
"Tôi đã nhận được một hóa đơn bất ngờ lớn trong thư, tôi lo lắng về việc tôi sẽ trả tiền cho nó như thế nào và nếu điều này sẽ giúp tôi quay trở lại dự luật này đã gây ra rất nhiều lo lắng và căng thẳng cho tôi tôi lo lắng về hoàn cảnh của tôi và cách tôi sẽ xử lý chi phí tài chính",Hãy cố gắng vượt qua những khó khăn mà bạn có thể vượt qua. hãy cố gắng vượt qua những vấn đề khó khăn về tài chính.,2,lo_au
"Tôi đã làm việc chăm chỉ trong một dự án trong nhiều tháng, nhưng đồng nghiệp của tôi, người đã không đóng góp, đã nhận được tất cả sự khen ngợi và công nhận từ ông chủ của chúng tôi. tôi cảm thấy rất cay đắng và ân hận. thật không công bằng khi công việc chăm chỉ của tôi không còn trong khi người khác được khen ngợi.","Khi chúng ta cố gắng làm một việc gì đó, bạn có thể tìm ra những điều mình muốn.",6,that_vong
"Bạn gái cũ của tôi, người mà tôi đã nghĩ là tình yêu của đời tôi, đã đính hôn với người khác chỉ 6 tháng sau khi chúng tôi chia tay tôi không thể không cảm thấy cay đắng về việc cô ấy đã tiến lên nhanh thế nào nó giống như mối quan hệ của chúng tôi không có ý nghĩa gì với cô ấy","Khi cảm thấy bị tổn thương, hãy nhớ rằng bạn sẽ có nhiều cơ hội hơn để vượt qua khó khăn và khó khăn để vượt qua khó khăn.",1,buon
"Tôi đã xin công việc mơ ước của mình và làm nó cho vòng cuối cùng của các cuộc phỏng vấn, nhưng cuối cùng họ đã chọn một người có ít kinh nghiệm hơn những người tình cờ làm bạn với người quản lý. thật là thất vọng và thất vọng khi biết rằng thiên tài đóng vai trò trong quyết định tuyển chọn. tôi cảm thấy sự bất công của tất cả những điều đó.",Hãy tìm hiểu xem bạn có thể gặp khó khăn như thế nào trong việc tìm kiếm một điều gì đó.,6,that_vong
"Bố mẹ tôi luôn ưu ái con trẻ của tôi và chú ý và ủng hộ chúng nhiều hơn, mặc dù tôi là người đã được dạy học và chuyên nghiệp. tôi không thể không cảm thấy cay đắng nhưng cảm thấy cay đắng và buồn bã đối với cha mẹ tôi đối với sự đối xử của họ.","Bạn có thể cảm thấy khó khăn và khó khăn để hiểu được những gì cha mẹ bạn đã làm, vì họ là những người bình thường và có nhiều tiềm năng hơn, đặc biệt là khi bạn cố gắng hết sức để tìm hiểu về họ.",6,that_vong
"Tôi đã độc thân hàng năm trời và chứng kiến tất cả bạn bè của tôi kết hôn và lập gia đình, trong khi tôi vẫn đang đấu tranh để tìm một mối quan hệ có ý nghĩa. thật khó để không cảm thấy cay đắng khi tất cả mọi người xung quanh dường như đang tiếp tục cuộc sống của họ trong khi tôi bị mắc kẹt ở cùng một nơi. tôi lo lắng rằng tôi sẽ không bao giờ tìm được ai để chia sẻ cuộc sống của mình.","Điều này hoàn toàn có thể khiến bạn cảm thấy thất vọng, thậm chí cảm thấy khó khăn khi mọi người xung quanh bạn đang tiếp tục tìm kiếm một mối quan hệ có ý nghĩa.",2,lo_au
"Đồng nghiệp của tôi nhận công lao của tôi trong một buổi họp nhóm, và quản lý của tôi ca tụng anh ấy vì điều đó. và tôi cảm thấy rất khinh miệt đối với đồng nghiệp của tôi.","Nó hoàn toàn hiểu được cảm giác của bạn. và xem xét những suy nghĩ của bạn có thể là một trải nghiệm đau đớn, và cảm giác của bạn.",6,that_vong
"Tôi thấy bạn trai cũ của tôi ở một bữa tiệc với cộng sự mới của họ, và họ đã ở khắp mọi nơi trên nhau nhìn thấy họ cùng nhau với tôi với sự khinh miệt, họ thật kinh tởm và đáng khinh.","Tuy nhiên, hãy xem xét các tình huống và xem xét những đặc điểm của mình, dù bạn có thể bị ảnh hưởng bởi một người mới, nhưng nếu họ đang thể hiện tình cảm của bạn với bạn, thì điều này hoàn toàn không quan trọng.",6,that_vong
"Tôi nghe bạn bè chế nhạo tôi sau lưng, chế giễu sở thích và tính cách của tôi, tôi cảm thấy quá khinh thường những người bạn của mình.","Khi bạn cảm thấy khó khăn, hãy cố gắng vượt qua những khó khăn mà không cần đến bạn bè.",6,that_vong
"Một khách hàng ở sở làm vô cùng thô lỗ và ngược đãi tôi, đối xử với tôi như thể tôi là người có khả năng, tôi không có gì ngoài sự khinh thường khách hàng.","Nếu bạn có thể tìm ra cách để giải quyết vấn đề này, bạn sẽ không bao giờ tìm ra cách để giải quyết vấn đề của mình.",3,gian_du
"Tôi thấy một chính trị gia trên TV làm cho những nhận xét ngu dốt và xúc phạm về một nhóm người bị cấm đoán tôi cảm thấy rất khinh miệt đối với điều đó họ là một người có thù hận, một người không có vị thế trong địa vị quyền lực",Những lời nhận xét đó hoàn toàn tự nhiên và đúng đắn để cảm thấy khó chịu. bạn có thể hiểu được những cảm xúc của mình khi nghe một con số không rõ ràng và những lời nhận xét khó hiểu về một nhóm có thể gây khó chịu cho bạn.,6,that_vong
"Tôi đã bị bỏ rơi vì được thăng chức ở nơi làm việc, mặc dù tôi đã làm việc chăm chỉ và phải làm thêm giờ, tôi cảm thấy công việc chăm chỉ của mình không quan trọng và tôi sẽ không bao giờ thành công trong nghề của mình.","Điều đó hoàn toàn dễ hiểu để cảm thấy thất vọng và thậm chí là nản lòng sau khi vượt qua khó khăn, đặc biệt là khi bạn làm việc chăm chỉ và nỗ lực vượt qua những khó khăn: tôi sẽ không bao giờ thành công trong sự nghiệp của mình.",6,that_vong
"Bạn gái 3 năm của tôi chia tay với tôi, nói rằng cô ấy không nhìn thấy tương lai với tôi tôi cảm thấy như tôi sẽ không bao giờ tìm thấy tình yêu một lần nữa và rằng tôi không thể yêu được nữa.",Bạn không bao giờ có thể chấp nhận những quyết định sai lầm của mình. bạn không bao giờ chấp nhận được mối quan hệ này.,1,buon
Tôi phát hiện ra rằng vài người bạn thân của tôi đã đi cùng nhau và không mời tôi tôi cảm thấy như bạn bè của tôi không thực sự quan tâm đến tôi và rằng tôi không quan trọng với bất cứ ai.,"Nếu bạn cảm thấy bị tổn thương, hãy tìm hiểu về những người bạn thân của mình.",6,that_vong
"Tôi đã nhận được một đánh giá kém về công việc, mặc dù cảm giác như tôi đang làm một công việc tốt. tôi cảm thấy như tôi là một thất bại trong công việc của mình và rằng tôi sẽ không bao giờ đủ tốt.",Hãy cố gắng hết sức để vượt qua khó khăn này.,6,that_vong
"Tôi đã nộp đơn vào chương trình học ở trường đại học và bị từ chối, cảm giác như những giấc mơ của mình đã tan vỡ và tôi sẽ không bao giờ đạt được mục tiêu của mình.","Hãy nhớ rằng, bạn không bao giờ có thể vượt qua khó khăn này.",6,that_vong
"Tôi đã làm việc chăm chỉ cho dự án trong nhiều tuần, nhưng người quản lý của tôi đã chỉ trích nó ngay trước mặt của cả đội trong suốt buổi thuyết trình. tôi cảm thấy thực sự thất vọng và xấu hổ. giống như tất cả nỗ lực của tôi là không có gì.","Nếu bạn cảm thấy thất vọng và thất vọng về hoàn cảnh này, thì bạn sẽ không thể làm được gì nếu bạn cứ cố gắng vượt qua những khó khăn này.",6,that_vong
"Tôi đã thực sự phấn khích về một cuộc hẹn đầu tiên với một người tôi gặp trên mạng, nhưng họ đã bỏ rơi tôi vào phút cuối mà không có một lý do tốt. tôi đã quá thất vọng và cảm thấy khá ngu ngốc cho hy vọng của tôi lên.","Nó là hoàn toàn tự nhiên và có thể cảm nhận được sự thất vọng và thậm chí là một số thắc mắc về một ngày đầu tiên, và người khác không thể làm gì cho tôi mà không có lý do tốt nhất.",6,that_vong
"Tôi nộp đơn xin công việc trong mơ và đến vòng phỏng vấn cuối cùng, nhưng không có được vị trí, tôi đã thất vọng, tôi thực sự nghĩ mình có một cơ hội tốt và không nhận được nó là một nỗi thất vọng lớn.",Điều này có nghĩa là bạn có thể tìm được một cơ hội tốt hơn để có được một công việc tốt hơn. bạn sẽ không bao giờ tìm được một cơ hội tốt hơn.,6,that_vong
"Bạn thân nhất của tôi và tôi đã có kế hoạch cho một chuyến du lịch cuối tuần, nhưng họ đã bỏ qua vào phút cuối để đi chơi với bạn đời mới của họ thay vì tôi cảm thấy thất vọng và phản bội. tôi thực sự mong đợi chuyến đi của chúng tôi.",Hãy cố gắng vượt qua những khó khăn về tình cảm của bạn.,6,that_vong
"Tôi đã làm việc rất chăm chỉ để có được hình dạng trong một cuộc chạy đua, nhưng trong ngày đua tôi đã thực hiện tồi tệ hơn nhiều so với những gì tôi đã hy vọng và đã không đạt được thời gian để đạt được mục tiêu tôi thực sự thất vọng về bản thân tất cả những huấn luyện đó và tôi vẫn không thể đạt được mục tiêu của mình",Hãy cố gắng hết sức để đạt được mục tiêu đó.,6,that_vong
Tôi phát hiện ra bạn cùng phòng của mình đang dùng bàn chải đánh răng mà không nói với tôi.,Nó hoàn toàn dễ hiểu và tự nhiên để cảm thấy khó khăn và khó khăn trong trường hợp này. nhận ra rằng ai đó đã sử dụng những thứ riêng tư mà không có sự hiểu biết của bạn hoặc sự đồng ý có thể rất khó khăn và để bạn cảm thấy khó chịu trong không gian sống của bạn. đây là một số khó khăn khó khăn và khó khăn dựa vào tình huống bạn đã nhận ra: vượt qua tình huống khó khăn của bạn.,1,buon
"Tôi đã vô tình lấy một ngụm từ chai nước của một đồng nghiệp nghĩ rằng nó là của tôi, chỉ để nhận ra rằng họ đã trở lại trong đó.",Điều đó hoàn toàn dễ hiểu và có thể khiến bạn cảm thấy khó chịu và khó chịu trong tình huống này.,6,that_vong
Tôi đã xem một video trên mạng về một ai đó ăn thịt côn trùng sống.,Hoàn toàn dễ hiểu và tự nhiên để cảm thấy khó chịu sau khi xem video của một người nào đó ăn thịt côn trùng. bạn sẽ có một phản ứng tiêu cực đối với những hình ảnh đó.,3,gian_du
"Tôi đang đi dạo trên đường và bước vào bãi phân chó, tôi cảm thấy thật khó chịu và khó chịu.","Hoàn toàn tự nhiên và khó hiểu để cảm thấy khó chịu và khó chịu sau khi bước chân vào tình huống này. bất cứ ai sẽ cảm thấy như vậy trong tình huống này. điều quan trọng là nhớ rằng những cảm xúc của bạn là hợp lý, và điều này luôn xảy ra với tôi.",3,gian_du
Tôi đã trình bày ý tưởng dự án của mình trong một cuộc họp nhóm và tâm trí tôi bỗng nhiên trống rỗng tôi không thể nhớ những gì tôi muốn nói tiếp và có một sự im lặng khó xử tôi cảm thấy thực sự xấu hổ và lo lắng nó giống như mọi người đang nhìn tôi và phán xét tôi vì không chuẩn bị trước,Bạn có thể cảm thấy xấu hổ và lo lắng về một tình huống như thế này.,3,gian_du
Tôi đang hẹn hò với một người mà tôi thực sự thích và tôi đã vô tình làm đổ rượu của tôi lên khắp bàn và bản thân tôi cảm thấy thật xấu hổ và xấu hổ tôi có thể cảm thấy khuôn mặt của tôi chuyển sang màu đỏ và tôi chỉ muốn ẩn dưới gầm bàn,Bạn có thể cảm thấy xấu hổ và khó hiểu trong một tình huống như thế này.,3,gian_du
"Tôi đang ở phòng tập thể dục và quần đùi của tôi bị tuột ra phía sau trong khi tôi đang ngồi ghế, ai cũng có thể nhìn thấy quần lót của tôi, tôi thật đáng hổ thẹn tôi có thể cảm nhận được đôi mắt của tất cả mọi người nhìn vào tôi và tôi chỉ muốn chạy ra khỏi phòng tập và không bao giờ quay lại",Điều này có thể khiến bạn cảm thấy khó chịu và khó chịu trong một tình huống như thế này.,3,gian_du
Tôi đang họp mặt với sếp và một vài quản lý cao cấp và tôi vô tình thả ra một tiếng la hét mọi người quay ra nhìn tôi tôi rất xấu hổ và xấu hổ tôi không thể tin tôi đã làm điều gì đó không chuyên nghiệp trước mặt sếp của tôi,"Bạn có thể cảm thấy khó chịu và xấu hổ sau khi hoàn toàn hiểu được rằng mọi người đều mắc sai lầm trong một cuộc gặp gỡ, và vấn đề này không định nghĩa được bạn là một người hay một người chuyên nghiệp.",3,gian_du
Tôi đi chơi với vài người bạn ở một quán bar và uống quá nhiều rượu. và bạn bè tôi phải đưa tôi về nhà. tôi rất xấu hổ và xấu hổ về bản thân mình. tôi không thể tin được tôi đã để bản thân say xỉn và bệnh hoạn ở nơi công cộng.,Bạn có thể cảm thấy khó khăn hơn khi nghĩ về một vấn đề như thế này.,3,gian_du
"Đồng nghiệp của tôi đã được thăng chức vào vai chính sau khi làm việc ở đây chỉ một năm, trong khi tôi ở đây 3 năm mà không hề có tiến bộ, tôi cảm thấy và đồng nghiệp của tôi đã được thăng tiến nhanh chóng trong khi tôi vẫn ở cùng vị trí, nó làm tôi nghi ngờ khả năng và giá trị của bản thân tôi.",Nhiều người sẽ cảm thấy như vậy nếu họ ở trong hoàn cảnh của bạn.,0,vui
Bạn thân của tôi vừa mới đính hôn và đang lên kế hoạch cho một đám cưới trong khi tôi vẫn còn độc thân không có tương lai tôi cảm thấy thật ghen tị với hạnh phúc và thành công của bạn tôi trong tình yêu nó làm tôi cảm thấy cô đơn hơn và như thể tôi sẽ không bao giờ tìm được ai,"Tình cảm của bạn hoàn toàn bình thường, và bạn sẽ không bao giờ tìm thấy một điều gì đó mà bạn có thể tìm thấy trong cuộc sống của mình.",1,buon
"Một cô gái trẻ vừa mua một chiếc xe mới sang trọng, trong khi tôi vẫn đang lái chiếc xe cũ kỹ của mình. tôi cảm thấy rất ganh tị và nhìn thấy chiếc xe mới của bạn trai tôi nó làm cho tôi bực bội với hoàn cảnh tài chính của tôi và cảm thấy như tôi không đủ thành công.","Nếu bạn cảm thấy mình không xứng đáng với những gì mình đã làm, bạn sẽ không thể làm được.",3,gian_du
"Bạn cùng phòng đại học của tôi vừa bán hết tiền của mình cho hàng triệu người, trong khi tôi vẫn đang làm một công việc bình thường, tôi cảm thấy rất ghen tị và cay đắng khi nghe về thành công của bạn cùng phòng cũ. điều đó làm tôi không liều lĩnh hơn trong sự nghiệp của chính mình.","Nếu bạn cảm thấy mình không thành công, bạn sẽ không thể tìm ra những điều mình có trong quá khứ.",3,gian_du
Em gái tôi vừa thông báo rằng nó đang mang thai đứa con thứ hai của nó trong khi tôi vẫn còn độc thân và độc thân tôi cảm thấy rất ghen tị và buồn khi nghe tin tức của em gái tôi nó làm tôi sợ rằng tôi đang mất đi niềm vui của cuộc sống gia đình và sẽ kết thúc một mình,Hãy nhớ rằng bạn sẽ không bao giờ tìm thấy một điều gì đó trong đời sống của mình.,1,buon
Tôi đang làm việc vào ban đêm trong một dự án quan trọng khi máy tính của tôi đột nhiên bị hỏng và tôi mất tất cả công việc không hoạt động. tôi cảm thấy sợ hãi và hoảng loạn khi tôi nhận ra rằng tôi có thể bỏ lỡ thời hạn và làm cho đội của tôi và khách hàng của tôi thất vọng.,"Nếu cảm thấy sợ hãi và hoảng loạn trong một tình huống như thế này, bạn có thể vượt qua khó khăn, đặc biệt là với một dự án khó khăn có thể giúp bạn vượt qua khó khăn và vượt qua khó khăn.",2,lo_au
Tôi rất lo lắng và lo lắng không biết mình đã làm gì sai hoặc có việc gì không.,"Nếu bạn cảm thấy mình không đủ khả năng, hãy cố gắng vượt qua những khó khăn đó.",2,lo_au
"Tôi đang hẹn hò lần đầu tiên với một người tôi gặp trực tuyến, và họ bắt đầu hỏi những câu hỏi riêng khiến tôi cảm thấy khó chịu. và tôi lo lắng về sự an toàn và hạnh phúc của mình.","Nếu bạn không biết chắc mình sẽ gặp khó khăn và khó khăn trong việc tìm kiếm sự an toàn, thì bạn sẽ không có cơ hội để tìm hiểu thêm về điều đó.",2,lo_au
"Tôi đã cô đơn trong căn hộ của tôi vào cuối buổi tối khi tôi nghe thấy âm thanh lạ phát ra từ bên ngoài cửa nhà của tôi. tôi đã bất ngờ nắm chặt bởi sợ hãi và lo lắng, trái tim của tôi đập khi tôi tưởng tượng một người cố gắng để đột nhập vào.","Nếu chúng ta cảm thấy lo lắng và lo lắng trong một tình huống như thế này, và đối mặt với những khó khăn không rõ ràng hoặc có thể đe dọa những suy nghĩ của chúng ta, bạn sẽ dễ dàng vượt qua được tình huống xấu nhất.",2,lo_au
Tôi đã mất hàng giờ để tìm ra đó chỉ là một sai lầm đơn giản. tôi cảm thấy thật ngu ngốc vì đã phí quá nhiều thời gian vào một sai lầm nhỏ như vậy.,Hãy cố gắng vượt qua những khó khăn mà bạn đã trải qua để tìm hiểu về những vấn đề này. và nhận ra rằng nó là một sai lầm đơn giản.,6,that_vong
"Người quản lý của tôi đang thiết lập thời hạn thực tế cho dự án của chúng tôi, khiến tôi phải làm việc thường xuyên. tôi rất thất vọng với sự thiếu hiểu biết của người quản lý của tôi và vô trách nhiệm. nó làm tôi căng thẳng.","Khi bạn bắt đầu cảm thấy bực bội và khó khăn hơn, bạn có thể đặt ra những vấn đề khó khăn và những khó khăn mà bạn gặp phải: Bạn có thể nghĩ rằng tình huống khó khăn hơn hoặc khó khăn hơn.",6,that_vong
"Tôi bị từ chối bởi một công ty mà tôi thực sự muốn làm việc sau khi tham gia một cuộc phỏng vấn, tôi thất vọng và thất vọng vì tôi không nhận được công việc, nó khiến tôi đặt câu hỏi về kỹ năng và khả năng của mình.","Nó là hoàn toàn tự nhiên và hiểu được để cảm thấy thất vọng, thất vọng, và đánh giá tiềm năng về những kỹ năng và khả năng của bạn sau khi bị từ chối bởi một công ty bạn thực sự muốn làm việc cho, đặc biệt là sau khi đi qua các khóa học phỏng vấn. những cảm giác này là đáng tin cậy, và nó là quan trọng để chấp nhận chúng. tuy nhiên, chúng ta hãy xem xét một số tiềm năng bình thường của bạn có thể vượt qua quan điểm của bạn: * Bạn có thể được tập trung vào các mục tiêu tiêu của bạn bị từ chối, trong khi bỏ những kinh nghiệm tích cực khác hoặc bạn có thể không có được trong sự nghiệp.",6,that_vong
dường như tôi không thể tìm được một cuộc hẹn hò mặc dù tự đưa bản thân mình ra ngoài đó trên các ứng dụng hẹn hò và các cuộc hẹn hò. tôi cảm thấy thất bại vì thiếu thành công trong việc hẹn hò. nó làm tôi cảm thấy cô đơn và tự hỏi liệu tôi có vấn đề gì không.,"Nếu bạn cố gắng hết sức để vượt qua khó khăn này, bạn sẽ không bao giờ tìm được một mối quan hệ nào đó.",6,that_vong
"Máy tính của tôi bị hỏng giữa một dự án quan trọng, khiến tôi mất hàng giờ làm việc, tôi quá bực bội và tức giận bản thân vì không tiết kiệm được công việc thường xuyên hơn. bây giờ tôi phải làm lại mọi thứ, và tôi đang bận họp.",Bạn có thể dễ dàng vượt qua khó khăn này.,3,gian_du
"Bà tôi, người đã nuôi nấng tôi, đã qua đời một cách bất ngờ, tôi cảm thấy đau khổ và mất đi khi không có bà ngoại.","Hoàn toàn tự nhiên và khó khăn để cảm thấy thất vọng trong quá trình vượt qua khó khăn của bà, đặc biệt khi xem xét vai trò quan trọng của bà trong cuộc sống của bạn. trong khi đó một người nào đó gần gũi với bạn có thể cảm thấy như mất đi một phần của bản thân, và nó là quan trọng để nhận ra rằng những cảm giác khó khăn của bạn là một phần của quá trình đau buồn, và có thể mất đi sự đau đớn của bạn.",1,buon
"Con chó thời thơ ấu của tôi, người bạn thân nhất của tôi lớn lên, phải bị bỏ rơi bởi những vấn đề về sức khỏe liên quan đến tuổi già. mất đi con chó của tôi cảm thấy như mất đi một phần tuổi thơ của tôi. tôi cảm thấy tội lỗi vì đã không dành nhiều thời gian với nó trong những năm cuối đời của nó.",Tình cảm của bạn là hoàn toàn tự nhiên và có thể cảm nhận được những cảm xúc sâu sắc.,0,vui
"Tôi phát hiện ra rằng bạn gái cũ của tôi, người mà tôi vẫn còn tình cảm với, đã kết hôn với người khác, tôi cảm thấy như tôi đã bỏ lỡ cơ hội hạnh phúc với cô ấy. khi cô ấy gắn bó với người khác là một sự nhắc nhở đau đớn về những gì đã có thể xảy ra.","Quá trình này hoàn toàn tự nhiên và giúp bạn cảm thấy mình bị tổn thương, thậm chí còn có thể vượt qua những khó khăn và khó khăn trong quá trình giải quyết.",6,that_vong
"Bạn thân nhất của tôi, người mà tôi biết từ khi còn nhỏ, đã chuyển đến một đất nước khác để làm việc, tôi cảm thấy như tôi đang mất đi sự ủng hộ của mình và tôi sợ phải đối mặt với những khó khăn trong cuộc sống mà không có người bạn thân bên cạnh.","Vì vậy, hãy nhớ rằng tình bạn của bạn là một phần quan trọng nhất của hệ thống này, bạn có thể vượt qua những khó khăn mà bạn phải đối mặt với những khó khăn của mình.",1,buon
"Tôi không được thăng chức ở chỗ làm mà tôi đã làm việc cả tháng trời, tôi cảm thấy tất cả công khó của tôi là vô ích, tôi bắt đầu nghi ngờ khả năng của mình và tự hỏi liệu tôi có bao giờ thăng tiến trong nghề nghiệp của mình.",Hãy nhớ rằng bạn không thể vượt qua được những khó khăn và khó khăn để vượt qua những khó khăn này.,6,that_vong
"Tôi quên sinh nhật bạn thân nhất của tôi và thậm chí không gọi cho anh ấy, tôi cảm thấy tệ cho một ngày quan trọng như vậy.",Có thể hiểu được rằng bạn cảm thấy khó khăn khi quên đi sinh nhật bạn thân nhất của mình. và không bao giờ làm cho bạn bè của bạn thất vọng về điều đó.,6,that_vong
Tôi hứa sẽ giúp đỡ đồng nghiệp của mình trong một dự án nhưng lại bị cuốn vào công việc của chính mình và không hoàn thành đúng giờ. tôi cảm thấy tội lỗi vì đã làm cho đồng nghiệp thất vọng và không giữ lời hứa. tôi nên dành thời gian của mình tốt hơn.,Những gì bạn có thể thực hiện để tìm hiểu về những gì xảy ra và khó khăn của bạn trong thời gian. những gì bạn có thể làm được trong hoàn cảnh khó khăn của bạn.,6,that_vong
Tôi đã vô tình xóa một tập tin quan trọng tại nơi làm việc và gây ra một sự chậm trễ trong dự án. tôi cảm thấy vô cùng có lỗi vì đã gây ra vấn đề này. tôi nên cẩn thận hơn.,Hoàn toàn tự nhiên và có thể cảm thấy mình có lỗi và khó khăn để có thể bỏ qua một tập tin quan trọng ở nơi làm việc nhiều người sẽ cảm thấy như vậy trong trường hợp này.,6,that_vong
"Tôi đã không gọi cho bố mẹ nhiều tuần rồi, và bây giờ tôi phát hiện ra bố tôi đang ở bệnh viện, tôi cảm thấy tội lỗi vì đã không liên lạc với họ.",Hoàn toàn có thể hiểu được cảm giác có lỗi và khó khăn trong tình huống này. và cảm thấy mình nên có nhiều cơ hội hơn để giúp mình vượt qua những khó khăn đó.,6,that_vong
Tôi đã say xỉn ở bữa tiệc và nói những điều đau buồn với một người bạn thân tôi cảm thấy rất tệ vì đã làm tổn thương cảm xúc của bạn tôi tôi không nên để bản thân bị say xỉn và mất kiểm soát,"Điều này hoàn toàn dễ hiểu và đáng tiếc khi bạn nói những điều gây tổn thương cho bạn bè của mình, những cảm xúc đó là sự phản ứng tự nhiên để nhận ra những điều bạn đang quan tâm.",6,that_vong
"Tôi phát hiện ra rằng đồng nghiệp của mình, người mà tôi coi là bạn bè, đã lan truyền những tin đồn về tôi và phá hoại công việc của tôi đằng sau lưng tôi tôi cảm thấy căm thù anh ấy rất nhiều lúc này tôi tin tưởng anh ấy và anh ấy đã đâm sau lưng tôi","Nó hoàn toàn dễ hiểu và tự nhiên để cảm thấy đau khổ, và sự tức giận của bạn trong trường hợp này.",3,gian_du
"Tôi đã được thông qua cho một sự thăng chức mà tôi xứng đáng nhận được, và nó được trao cho một ai đó ít khả năng nhưng tốt hơn trong chính trị văn phòng. tôi ghét sự thật rằng làm việc chăm chỉ và tài năng không có vấn đề trong công ty này. tất cả là về những người bạn biết và bạn có thể chơi trò chơi tốt như thế nào.","Hoàn toàn dễ dàng để cảm thấy thất vọng và thậm chí tức giận trong tình huống này. bạn có thể vượt qua những khó khăn trong suy nghĩ của mình, đặc biệt khi bạn cảm thấy mình đáng bị tổn thương.",6,that_vong
"Tôi phát hiện ra rằng bạn gái cũ của tôi, người đã chia tay với tôi vài tháng trước, đang hẹn hò với bạn thân của tôi. tôi ghét cả hai người họ rất nhiều bây giờ. làm thế nào họ có thể làm điều này với tôi? tôi nghĩ họ quan tâm đến tôi.","Nếu bạn cố gắng hết sức để vượt qua những khó khăn này, bạn có thể làm cho những người bạn của mình bị tổn thương.",3,gian_du
"Tôi đang đi dạo trên phố khi một nhóm người bắt đầu la hét với tôi và bảo tôi quay lại nơi tôi sinh ra. tôi ghét mọi người có thể quá ngu ngốc và căm ghét tôi không làm gì họ, nhưng họ vẫn cảm thấy cần phải tấn công tôi vì chủng tộc của tôi.","Không ai có thể giải quyết được vấn đề này, dù bạn có thể làm gì đi nữa, nhưng bạn vẫn phải chấp nhận những khó khăn mà bạn phải vượt qua.",3,gian_du
Tôi phát hiện ra rằng bố mẹ tôi đã nói dối tôi suốt cuộc đời tôi về việc sinh con của tôi và gia đình ruột của tôi tôi ghét việc họ đã giấu tôi lâu lắm rồi tôi cảm thấy toàn bộ cuộc đời của tôi là dối trá và tôi không biết tôi là ai nữa,Điều này hoàn toàn có thể xảy ra và khiến bạn cảm thấy khó hiểu về điều này.,6,that_vong
Tôi đã làm dự án này nhiều tuần nay và người quản lý của tôi nói với tôi rằng các yêu cầu đã thay đổi và tôi cần phải bắt đầu lại từ đầu tôi cảm thấy vô cùng bất lực và thất vọng tất cả những nỗ lực của tôi đã trở thành vô ích và tôi không biết liệu tôi có thể giải quyết việc bắt đầu lại hay không,"Nếu cảm thấy bất lực và khó khăn trong tình huống này, thì việc bắt đầu lại từ một dự án mà bạn đã đầu tư rất nhiều thời gian và nỗ lực vào có thể là vô cùng khó khăn. điều quan trọng là nhớ rằng những cảm xúc của bạn là hợp lý và không có lợi ích để cảm nhận được những điều bạn đã trải qua.",6,that_vong
Tôi đã xin việc nhiều tháng trời và thậm chí còn chưa có một cuộc phỏng vấn. tôi cảm thấy như mình sẽ không bao giờ tìm được một công việc tốt hơn. tôi cảm thấy vô vọng và vô vọng. tôi không thể đạt được sự nghiệp của mình.,"Bạn có thể tìm được sự giúp đỡ từ những gì bạn có để tìm kiếm, thậm chí là một sự cố gắng để đạt được, nhưng không thể tìm được một điều gì tốt hơn, vì bạn không bao giờ tìm được một việc làm tốt hơn.",6,that_vong
Tôi đã cố gắng học một ngôn ngữ ngôn ngữ viết bằng ngôn ngữ nhưng dường như tôi không thể nắm bắt được khái niệm tôi cảm thấy như tôi đang rơi đằng sau đồng nghiệp tôi cảm thấy rất bất lực và không ai khác có vẻ như đang chọn ngôn ngữ này như vậy và tôi đang cố gắng để duy trì,"Nếu bạn không tìm được cách nào khác, hãy cố gắng học hỏi và cố gắng hết sức mình.",6,that_vong
Tôi đã độc thân quá lâu và dường như không thể gặp được ai tôi cảm thấy như tôi sẽ cô đơn mãi mãi tôi cảm thấy cô đơn và cô đơn tôi không thể kết nối với bất cứ ai,Nó hoàn toàn tự nhiên và có thể cảm nhận được một số ý nghĩ mà bạn đã đề cập đến trong một thời gian dài và có thể gặp khó khăn trong việc giải quyết các vấn đề của bạn.,1,buon
Tôi đã phải đối mặt với một con bọ trong mã của tôi hàng giờ liền và tôi không thể tìm ra được cái gì sai tôi cảm thấy như mình không bị cắt đứt với công việc này tôi cảm thấy vô cùng bất lực và thất vọng tôi đã theo sát đoạn mã này hàng giờ liền và tôi không còn gần với một giải pháp,Điều này hoàn toàn tự nhiên và không có nghĩa là bạn không có khả năng để làm việc đó.,6,that_vong
"Tôi đăng ký cho công việc mơ ước của mình ở một công ty công nghệ hàng đầu, nhưng tôi bị từ chối sau vòng phỏng vấn cuối cùng. tôi cảm thấy thất bại và tôi sẽ không bao giờ có thể đạt được mục tiêu của mình.",Bạn sẽ không bao giờ tìm được nhiều cơ hội để vượt qua khó khăn này. bạn sẽ không bao giờ vượt qua được những khó khăn này. bạn sẽ không bao giờ vượt qua được những khó khăn này.,6,that_vong
"Tôi đã độc thân nhiều năm rồi, và tôi chỉ bị từ chối bởi một người mà tôi thực sự thích sau lần hẹn thứ ba.",Bạn sẽ không bao giờ tìm thấy một người nào đó để tìm hiểu về mình.,6,that_vong
"Tôi đã làm một dự án máy tính cá nhân hàng tháng trời, nhưng dường như tôi không thể làm cho nó hoạt động một cách đúng đắn cho dù tôi đã bỏ ra bao nhiêu thời gian và nỗ lực. tôi cảm thấy tôi không đủ tốt để trở thành một kỹ sư nếu tôi thậm chí không thể đưa dự án này vào công việc.",Hãy cố gắng hết sức để vượt qua khó khăn và vượt qua những khó khăn mà bạn đang gặp phải.,6,that_vong
"Tôi chỉ biết rằng bạn thân nhất của tôi đang chuyển đến đất nước khác để có cơ hội làm việc, và tôi không biết khi nào tôi sẽ gặp lại họ. tôi cảm thấy như tôi đang mất đi một trong những người quan trọng nhất trong cuộc sống của tôi, và tôi không biết làm thế nào tôi sẽ chịu đựng được nếu không có họ.","Khi bạn cố gắng hết sức để vượt qua khó khăn này, bạn sẽ không thể vượt qua những khó khăn này.",2,lo_au
"Tôi đã cố gắng tiết kiệm tiền trong nhiều năm, nhưng dường như tôi không thể làm được bất cứ sự tiến bộ nào cho dù tôi có giảm chi phí như thế nào. tôi cảm thấy như mình sẽ không bao giờ có thể có được vị trí riêng của mình hay có bất kỳ sự ổn định tài chính nào trong cuộc sống của tôi.",Điều này hoàn toàn dễ hiểu khi bạn cố gắng tiết kiệm thời gian mà không cần biết mình đang làm gì.,6,that_vong
"Tôi đã trình bày dự án của mình trong một cuộc họp nhóm, và tôi không thể trả lời một câu hỏi đơn giản của người quản lý của tôi. và tôi cảm thấy mình đã tự làm mình ngu ngốc. tôi cảm thấy xấu hổ và xấu hổ. tôi cảm thấy xấu hổ và xấu hổ như thể tôi đã để bản thân và đội của mình xuống bằng cách không thể trả lời một câu hỏi đơn giản.",Hãy nghĩ đến những điều bạn có thể làm trong quá trình học hỏi.,6,that_vong
"Tôi đang hẹn hò với một người mà tôi thực sự thích, và tôi vô tình làm đổ rượu lên người tôi. và tôi cảm thấy như mình đã phá hỏng cả buổi tối. tôi cảm thấy xấu hổ và cảm thấy xấu hổ. tôi không thể tin rằng mình đã phạm sai lầm như vậy trước khi hẹn hò.","Nếu bạn cảm thấy xấu hổ và khó hiểu hơn về một số vấn đề, bạn có thể cảm thấy dễ chịu hơn khi nghĩ về một vấn đề nào đó.",6,that_vong
"Tôi đã ở một buổi họp mặt gia đình, và dì tôi bắt đầu hỏi tôi những câu hỏi riêng tư về cuộc sống tình yêu của tôi trước mặt mọi người. tôi không biết làm thế nào để phản ứng và cảm thấy như mọi người là chính mình. tôi cảm thấy rất nhục nhã và xấu hổ. tôi không muốn nói về cuộc sống riêng tư của mình trước mặt gia đình tôi, nhưng tôi không biết làm thế nào để thay đổi đề tài.",Hoàn toàn tự nhiên và khó hiểu khi cảm thấy khó chịu trong một tình huống như thế này. bạn không nên nghĩ về những vấn đề khó khăn của mình.,3,gian_du
"Tôi đã ở phòng tập, và tôi vô tình bước vào nhầm phòng. nhưng không phải trước khi một nhóm người nhìn thấy tôi và bắt đầu cười. tôi cảm thấy xấu hổ và nhục nhã. tôi không thể tin rằng mình đã phạm sai lầm ngu ngốc như vậy, và tôi cảm thấy giống như mọi người trong phòng tập thể dục đang cười nhạo tôi.",Điều này có nghĩa là mọi người đều có thể mắc sai lầm và khó hiểu.,3,gian_du
"Tôi đã ở trong một cuộc họp với đồng nghiệp của tôi, và tôi đã làm một trò đùa rằng không ai cười. phòng đã im lặng, và tôi cảm thấy như tôi đã làm cho một ngu ngốc hoàn toàn của bản thân mình. tôi cảm thấy rất nhục nhã và xấu hổ. tôi nghĩ rằng câu chuyện của tôi buồn cười, nhưng rõ ràng, không ai khác làm. tôi cảm thấy như tôi đã làm một con người hoàn toàn của bản thân mình trước mặt các đồng nghiệp của tôi.","Hãy nhớ rằng bạn không nên nghĩ đến những điều kỳ lạ, nhưng hãy thử nghĩ đến những điều bạn có thể làm cho bạn cảm thấy khó chịu.",6,that_vong
"Tôi đã xin được thăng chức ở chỗ làm, nhưng đồng nghiệp của tôi nhận nó thay vì tôi, tôi cảm thấy mình không đủ giỏi và kỹ năng của tôi không tương xứng với các đồng nghiệp của tôi.",Hãy cố gắng vượt qua những khó khăn này.,6,that_vong
"Tôi đã hẹn hò với một người mà tôi thực sự thích, nhưng họ có vẻ không quan tâm đến tôi.",Nó hoàn toàn tự nhiên và có thể cảm thấy thất vọng. không có gì quan trọng để nhận ra rằng những cảm xúc của bạn là một người bạn đang hy vọng.,6,that_vong
"Tôi đã đăng một bức ảnh lên mạng xã hội, nhưng nó không có nhiều loại thích hay bình luận so với bạn bè của tôi, tôi cảm thấy như tôi không nổi tiếng hay thú vị như bạn bè của tôi, và rằng mọi người không quan tâm đến tôi.","Hãy nhớ rằng, bạn không nên để ý đến những điều mình đang trải qua.",6,that_vong
"Tôi đã nói chuyện với một số đồng nghiệp tại một sự kiện làm việc, nhưng tôi cảm thấy như mình không có ý nghĩa gì nhiều với cuộc đối thoại. tôi cảm thấy như mình không thông minh hay nghiêm túc như đồng nghiệp của mình, và rằng họ phải nghĩ rằng tôi là người nhàm chán hay thiếu kiên nhẫn.",Hãy nhớ rằng bạn có thể có nhiều cơ hội hơn để giúp đỡ người khác.,6,that_vong
Tôi đến phòng tập và nhìn thấy những người có vẻ đẹp hơn tôi tôi cảm thấy như tôi không phù hợp hay quyến rũ như những người khác và rằng tất cả mọi người phải phán xét tôi.,Điều này hoàn toàn là tự nhiên để cảm nhận được sự tiến bộ của bản thân. bạn có thể làm được điều đó.,6,that_vong
Đồng nghiệp của tôi nhận công lao làm việc của tôi trong một cuộc họp nhóm tôi cảm thấy bực bội và đồng nghiệp của tôi đã nhận công lao làm việc của tôi nó làm tôi tức giận vì họ không thừa nhận sự đóng góp của tôi,"Hãy cố gắng hiểu rõ vấn đề của mình, đồng thời cố gắng chấp nhận những vấn đề khó khăn của bản thân.",3,gian_du
"Tôi bị tắc đường và bị trễ cuộc họp quan trọng với khách hàng, tôi bị tắc đường quá nhiều, làm tôi căng thẳng và căng thẳng về việc trễ giờ họp và mất khách hàng.",Hãy cố gắng tìm hiểu xem bạn có thể gặp khó khăn nào trong tình huống khó khăn này không.,2,lo_au
Internet của tôi liên tục giảm trong khi tôi đang cố gắng làm việc từ nhà nó thật khó chịu khi internet rơi giữa một nhiệm vụ quan trọng nó gây ra căng thẳng và căng thẳng khi phải đối mặt với những vấn đề trong khi cố gắng để đáp ứng những khó khăn kỹ thuật,Hãy cố gắng hết sức để vượt qua những khó khăn mà bạn đang gặp phải. hãy cố gắng vượt qua những khó khăn đó.,3,gian_du
Một lỗi trong mã của tôi đã gây ra ứng dụng này trong khi chạy thử cho người quản lý của tôi. Tôi đã tự ý không bắt lỗi trước khi chụp. Nó đã xấu hổ và khiến tôi lo lắng về việc nó sẽ phản ánh hoạt động của tôi như thế nào.,Điều này có thể khiến bạn khó hiểu và khó hiểu hơn.,2,lo_au
"Bạn thân của tôi, người bạn thân nhất của tôi, người mà tôi đã kết bạn từ khi còn nhỏ, đã kết hôn với bạn gái của anh ấy 2 năm tuổi. tôi cảm thấy như bị bỏ lại phía sau.","Hoàn toàn tự nhiên và có thể cảm nhận được sự ghen tị, cô đơn và khó khăn khi người bạn thân nhất của bạn gắn bó với nhau. đặc biệt, những cảm xúc này là hợp lý, và điều quan trọng là nhận ra họ mà không có sự hiểu biết.",1,buon
Một đồng nghiệp đã bắt đầu tại công ty sau khi tôi mới được thăng chức vào một vị trí cấp cao. tôi cảm thấy như tôi xứng đáng được rằng tôi xứng đáng mà nhiều hơn anh ấy.,"Khi bạn cảm thấy mình có thể làm được điều đó, bạn sẽ không thể làm được điều đó.",0,vui
"Tôi đã xem truyền thông xã hội mà một bạn học cao đẳng cũ vừa mua một căn nhà với con rể của mình. trong khi đó, tôi vẫn thuê một căn hộ nhỏ một mình.",Những cảm xúc này là hoàn toàn tự nhiên và có thể hiểu được cảm giác ghen tị của bạn như thế nào.,1,buon
Em trai tôi vừa mới được nhận vào một khóa tốt nghiệp. tôi cảm thấy như cha mẹ tôi tự hào về nó hơn là họ tự hào về tôi.,"Hoàn toàn tự nhiên và có thể cảm thấy khó khăn và khó khăn khi em trai bạn đạt được một điều quan trọng như được chấp nhận trong một chương trình học hỏi. những cảm xúc này là hợp lý, và nó là quan trọng để nhận ra chúng mà không có sự hiểu biết. đây là một số tiềm năng dựa trên tình huống mà bạn đã mô tả: vượt qua sự ngưỡng mộ của cha mẹ bạn: bạn có thể hiểu rằng những điều mà cha mẹ của bạn có thể không phải là người anh em thành công, mà bạn cảm thấy không đáng để vượt qua được những điều đó.",0,vui
"Tôi phát hiện ra rằng bạn gái cũ của tôi, người đã chia tay với tôi năm ngoái, bây giờ đang trong một mối quan hệ nghiêm túc với một ai đó mới. nhưng giờ tôi cảm thấy ghen tị và hối hận.","Vì vậy, hãy nhớ rằng bạn đã vượt qua những khó khăn và khó khăn trong việc tìm kiếm thông tin.",3,gian_du
"Tôi đã dành cả cuối tuần một mình trong căn hộ của mình, làm một dự án cá nhân, tôi không giao du với ai, tôi cảm thấy cô đơn và xa lánh mọi người.",Nếu những cảm xúc đó là điều hoàn toàn tự nhiên và có thể xảy ra để cảm thấy cô đơn và mất nhiều thời gian nhất định.,1,buon
"Tôi thấy những bức ảnh trên mạng xã hội của bạn bè tôi chơi với nhau tại một bữa tiệc, tôi không được mời xem những bức ảnh đó làm tôi cảm thấy bị bỏ rơi và bỏ rơi.","Nếu bạn cảm thấy khó hiểu về điều này, bạn sẽ không thể tìm ra được điều gì tốt hơn.",6,that_vong
"Tôi đã cố gắng bắt đầu một cuộc nói chuyện với một đồng nghiệp trong bữa trưa, nhưng họ dường như không thích thú và cuộc trò chuyện nhanh chóng tắt đi. tôi cảm thấy rất lúng túng và cô đơn khi họ không muốn nói chuyện với tôi.","Hãy nhớ rằng, khi một cuộc đối thoại không có kết quả tốt như bạn đã hy vọng, khả năng kết nối với người khác có thể là một thách thức, và điều này hoàn toàn dễ hiểu khi người khác cảm thấy khó khăn không thể chấp nhận được, nhưng hãy nhớ rằng sự tương tác này không thể xác định được giá trị của bạn hoặc khả năng kết nối của bạn với người khác.",6,that_vong
"Tôi làm việc muộn ở văn phòng và khi tôi rời đi, tôi nhận ra rằng tôi là người duy nhất ở đó tòa nhà trống cảm thấy thật trống trải. là người cuối cùng ở chỗ làm khiến tôi cảm thấy cô đơn và cô đơn.","Nó hoàn toàn dễ hiểu và tự nhiên để cảm thấy bị cô lập trong một tình huống như thế này. khi bạn là người cuối cùng trong văn phòng và tòa nhà cảm thấy khó khăn và eerie, nó có thể làm cho bạn cảm thấy khó chịu với người khác.",1,buon
"Tôi đi đến một cửa hàng cà phê để làm một số công việc, nhưng tôi không thấy bất cứ ai tôi biết. tôi ngồi một mình và xem các nhóm bạn và cười với nhau. nhìn tất cả những người với bạn bè của họ làm cho tôi cảm thấy cô đơn hơn.","Nếu những người khác có thể cảm thấy cô đơn trong những tình huống khó khăn như thế này, bạn có thể hiểu được cảm giác cô đơn của mình về tình trạng cô đơn.",1,buon
"Tôi phát hiện ra người bạn gái cũ của mình, người mà tôi vẫn còn tình cảm, chỉ là đã đính hôn, tôi cảm thấy rất buồn và cô đơn, tôi không thể không nghĩ về những gì đã có thể xảy ra nếu mọi thứ đã thay đổi giữa chúng ta.","Trong tình huống khó khăn này, hãy cố gắng vượt qua những khó khăn và khó khăn trong đời sống.",1,buon
Tôi nhận được tin rằng con trai tôi đã qua đời bố mẹ tôi gọi để báo cho tôi biết con chó đó là một phần của quá nhiều ký ức hạnh phúc trong thời thơ ấu của tôi cảm giác như một chương của cuộc đời tôi đã kết thúc,"Hãy nhớ rằng tình yêu của bạn luôn luôn là một phần đáng nhớ của sự mất mát và sự mất mát của con vật, và điều quan trọng là phải chấp nhận và vượt qua những khó khăn trong cuộc sống của bạn.",1,buon
Tôi phát hiện ra rằng mình đã bị bỏ qua vì được thăng chức ở nơi làm việc mặc dù đã bỏ rất nhiều công sức tôi cảm thấy mình bị đánh giá thấp và không được đánh giá cao tôi đã làm việc rất chăm chỉ và có vẻ như tất cả chỉ là vô nghĩa,"Bạn có thể nhận được sự giúp đỡ từ những gì mình đã làm, nhưng không phải là những gì bạn cần làm.",6,that_vong
"Tôi đã phải hủy bỏ một chuyến du lịch dài do bất ngờ bất ngờ. tôi rất thất vọng. tôi đã mong đợi cho chuyến đi này trong nhiều tháng, và bây giờ nó sẽ không xảy ra.","Khi bạn cảm thấy thất vọng và khó khăn trong việc tìm kiếm những điều mình có, bạn sẽ không bao giờ có được cơ hội để vượt qua những khó khăn này.",6,that_vong
Tôi đã tham dự đám cưới của một người bạn thân và nhận ra rằng tôi là người duy nhất trong số những người bạn của tôi vẫn còn độc thân. nhìn thấy tất cả bạn bè của tôi hạnh phúc với những người bạn của họ đã làm cho tôi cảm thấy rất cô đơn.,"Nếu bạn cảm thấy mình đang ở trong một tình huống khó khăn, bạn sẽ không bao giờ nghĩ đến một điều gì đó có thể xảy ra.",0,vui
"Tôi được thăng chức ở công sở mà tôi thực sự mong muốn và cảm thấy mình xứng đáng, tôi cảm thấy thất vọng và vô ơn, tôi bắt đầu đặt câu hỏi về kỹ năng và giá trị của mình.","Điều này không có nghĩa là bạn không thể chấp nhận được, mà còn có thể đánh giá sai về những điều bạn đang làm.",6,that_vong
Cô ấy nói cô ấy không còn cảm thấy nó nữa tôi nghĩ cô ấy là duy nhất bây giờ tôi lại cô đơn một lần nữa và tôi không biết làm thế nào tôi có thể tiếp tục sống,"Bạn sẽ không bao giờ cảm thấy khó khăn và khó khăn để có được một cái gì đó trong tương lai. và bạn sẽ không bao giờ có được một cái gì đó để tin tưởng vào tương lai của bạn. ""Tôi nghĩ rằng cô ấy là một trong những người duy nhất có thể vượt qua những khó khăn.",1,buon
Một nhóm đồng nghiệp ra ngoài vào giờ vui vẻ sau giờ làm việc nhưng không mời tôi tôi nghe họ nói về chuyện đó một lần nữa tôi lại bị bỏ rơi và bị lãng quên tôi đoán tôi không thích hay vui vẻ đủ để có thể được bao gồm cảm giác vô hình,Hoàn toàn không hiểu được cảm giác đau buồn của mình. bạn không thể nghĩ rằng mình có thể làm được điều gì đó.,6,that_vong
Tôi đã vận chuyển một số mã số mà đã gây ra một vấn đề lớn cho một khách hàng quan trọng ông chủ của tôi đã phản bội lại tôi cảm thấy như một thất bại không thể tin rằng tôi đã phạm một sai lầm ngu ngốc tôi có thể bị sa thải ngay bây giờ,Điều đó hoàn toàn dễ hiểu khi bạn cảm thấy thất vọng và thất bại khi làm một việc gì đó mà bạn không thể giải quyết được.,6,that_vong
"Tôi đã gặp một vài người bạn đại học cũ vào cuối tuần, họ có vẻ thành công và tập hợp lại với nhau hơn tôi rất nhiều. khi thấy quần áo đẹp của họ, nghe nói về sự hứa hôn và nhà cửa của họ và... tôi cảm thấy quá xa vời trong cuộc sống.","Mọi người đều có thể hiểu được và tự nhiên cảm thấy một chút khó khăn khi so sánh bản thân mình với người khác, đặc biệt là những người bạn cũ dường như đã đạt được nhiều điều tốt. nhiều người trải nghiệm cảm thấy những cảm xúc này vào thời điểm bạn không đơn độc trong việc này. đây là một số vấn đề khó khăn trong suy nghĩ của bạn, cùng với một số vấn đề khó khăn để suy nghĩ: bạn có vẻ như đang tập trung vào những thành công trong cuộc sống của bạn, vì vậy, bạn cảm thấy rất khó khăn trong quá trình tìm hiểu về bản thân mình, và những điều đó không đáng giá trị của chính mình.",1,buon
"Bạn bè tôi dự định ra ngoài ăn tối và quên mời tôi, tôi cảm thấy bị bỏ rơi và bị bạn bè bỏ rơi.",Nó hoàn toàn dễ hiểu để cảm thấy bị bỏ rơi và quên đi mọi tình huống có thể ảnh hưởng đến quan điểm của bạn.,6,that_vong
"Tôi đã làm việc chăm chỉ trong một dự án tại nơi làm việc, nhưng người quản lý của tôi ca ngợi đồng nghiệp của tôi và không thừa nhận sự đóng góp của tôi. tôi cảm thấy công việc chăm chỉ của tôi được ghi nhận và không được đánh giá cao.",Điều này hoàn toàn tự nhiên và dễ hiểu để cảm thấy khó khăn trong công việc của bạn. Đây là một số vấn đề khó khăn mà bạn nhận ra.,4,trung_tinh
"Tôi đã cố tìm đến người bạn thân nhất của mình để hỗ trợ trong thời gian khó khăn, nhưng họ không đáp ứng hay kiểm tra tôi cảm thấy tôi không thể tin vào người bạn thân nhất của mình khi tôi cần họ nhất.","Nếu bạn có thể tìm hiểu về tình huống này, bạn sẽ không bao giờ nghĩ đến bạn bè của mình.",6,that_vong
"Tôi thấy đồng nghiệp cùng ăn trưa, nhưng không ai mời tôi tham gia với họ.","Bạn có thể cảm thấy khó khăn và khó hiểu hơn khi nhìn thấy những người cùng trang lứa với bạn mà không cần biết: bạn nghĩ rằng những người đồng nghiệp khó hiểu và họ không muốn bạn tham gia, nhưng có thể có những giải pháp khác.",6,that_vong
"Tôi đang thực hiện một dự án quan trọng với một hạn chót hạn chót, và đột nhiên máy tính của tôi bị hư, khiến tôi mất tất cả công việc chưa hoàn thành. tôi cảm thấy choáng ngợp và bối rối, tự hỏi làm thế nào tôi có thể đáp ứng thời gian mà tôi đã mất nhiều giờ làm việc.",Cố gắng hết sức để vượt qua khó khăn này. hãy cố gắng vượt qua những khó khăn mà bạn có thể vượt qua.,2,lo_au
"Tôi nhận được một cuộc gọi từ văn phòng bác sĩ của tôi, yêu cầu tôi đến để thảo luận về một số kết quả xét nghiệm liên quan. tâm trí của tôi ngay lập tức bắt đầu với trường hợp xấu nhất. tôi cảm thấy một cảm giác hoảng loạn và sợ hãi, không biết kết quả xét nghiệm có thể cho thấy gì.","Khi bạn nhận được tin tức hoàn toàn tự nhiên và có thể cảm nhận được sự lo lắng, và lo lắng khi bạn nhận được một cuộc gọi từ những suy nghĩ của bạn, cùng với một số khó khăn để giúp bạn suy nghĩ: vượt qua những khó khăn (để biết được) và bạn sẽ nhận ra rằng tình huống khó khăn nhất là khi bạn không có thông tin nào cả.",2,lo_au
Tôi đang ở trong một cuộc hẹn đầu tiên với một người tôi thực sự thích khi tôi vô tình làm đổ rượu của tôi trên khắp bàn và bản thân tôi cảm thấy một làn sóng hoảng loạn và lúng túng phủ lên tôi tôi lo rằng cuộc hẹn của tôi sẽ nghĩ rằng tôi là Tí Vụng Về và rằng tôi đã phá hủy buổi tối,Nếu bạn cảm thấy xấu hổ và lo lắng về một tình huống như thế này. bạn có thể không nhận ra rằng những cảm giác đó là hợp lý và thông thường trong những tình huống có thể xảy ra.,2,lo_au
Đồng nghiệp của tôi cứ nhìn vào màn hình của tôi khi anh ta đi ngang qua bàn làm việc của tôi tôi nghĩ anh ta đang cố gắng đánh cắp mã của tôi và nhận công lao của tôi tôi cảm thấy tôi không thể tin bất cứ ai ở chỗ làm tôi luôn luôn tin tưởng rằng ai đó đang tìm kiếm tôi,"Điều này có thể xảy ra khi bạn nghĩ rằng bạn có thể làm được điều gì đó, dù bạn có thể làm được điều đó hay không.",6,that_vong
Tôi nhận thấy rằng bạn bè của tôi đã đi chơi mà không có tôi họ đang nói chuyện sau lưng tôi và có kế hoạch để loại tôi ra khỏi nhóm tôi cảm thấy bạn bè của tôi đang chống lại tôi tôi không thể ngừng suy nghĩ về những gì họ có thể nói về tôi khi tôi không ở xung quanh,"Nếu bạn để ý đến những điều bạn cảm thấy bị tổn thương, hãy xem xét những điều bạn có thể làm được bằng cách cố gắng hiểu rõ hơn về những điều bạn đang tìm hiểu:",3,gian_du
Tôi thấy một chiếc xe hơi lạ đậu bên ngoài căn hộ của tôi tôi nghĩ có ai đó đang rình rập tôi và dự định đột nhập vào tôi sợ rằng có ai đó đang theo dõi từng hành động của tôi tôi tôi không thể thoải mái trong nhà của tôi bởi vì tôi luôn tìm kiếm những mối đe dọa tiềm năng,"Nếu bạn cảm thấy mình có thể bị tổn thương và lo lắng, điều đó có nghĩa là bạn có thể tìm ra được sự an toàn của mình.",2,lo_au
Tôi có một yêu cầu bạn bè ngẫu nhiên trên mạng xã hội từ một người mà tôi không biết họ phải là một người cố gắng để trộm thông tin cá nhân của tôi tôi nghi ngờ bất cứ ai cố gắng kết nối với tôi trực tuyến tôi lo rằng họ chỉ đang cố gắng truy cập vào tài khoản và dữ liệu của tôi,Bạn có thể hiểu được những gì bạn đang tìm kiếm trước khi nhận được thông tin trên mạng.,2,lo_au
"Tôi nghe sếp tôi nói về ""sự kinh doanh"" trong một cuộc họp ông ấy định sa thải tôi và thay thế tôi bằng người khác. tôi tin chắc rằng sếp tôi đang ở ngoài để bắt tôi. tôi không thể dừng việc mất việc và không thể tìm được người khác.","Nếu bạn cảm thấy lo lắng và lo lắng về những điều mình có thể làm, đặc biệt là khi bạn nghĩ về những điều mình có thể làm được, bạn sẽ không thể tìm được một điều gì khác nữa.",2,lo_au
Tôi đang làm một dự án quan trọng và đồng nghiệp của tôi đã giới thiệu một con bọ lớn trong mật mã ngay trước thời hạn. tôi cảm thấy tức giận tràn ngập và tức giận với đồng nghiệp của tôi.,Bạn có thể tìm ra những vấn đề khó khăn và khó khăn để giải quyết vấn đề.,3,gian_du
"Tôi phát hiện ra rằng bạn gái cũ của tôi, người đã lừa dối tôi, đã đính hôn với người mà cô ấy đã ngoại tình.","Nếu bạn cảm thấy mình có thể vượt qua những khó khăn và khó khăn như thế, bạn sẽ không bao giờ tìm được niềm vui và sự kiên trì trong tình huống này.",6,that_vong
Tôi bị kẹt xe hàng giờ liền và bỏ lỡ một cuộc phỏng vấn xin việc quan trọng. biết rằng mình đang lỡ buổi phỏng vấn.,"Hãy nhớ rằng bạn đang gặp khó khăn trong việc tìm kiếm một số vấn đề khó khăn trong quá trình kiểm soát của bạn có thể gây ra những khó khăn và khó khăn cho bạn, nhưng hãy cố gắng hết sức để vượt qua những khó khăn này.",6,that_vong
"Con chó hàng xóm của tôi đã thức cả đêm, ngăn tôi ngủ bất cứ lúc nào trước buổi thuyết trình quyết liệt ở nơi làm việc. tôi đã bị kích động bởi hành vi của hàng xóm và con chó của họ.",Có thể cảm thấy khó chịu và tức giận trong tình huống này. đặc biệt là khi bạn có một bài thuyết trình quan trọng.,3,gian_du
Tôi phát hiện ra rằng một người bạn thân đã lan truyền những tin đồn về tôi sau lưng tôi tôi đã vượt qua cơn giận dữ và cảm giác bị phản bội khi tôi phát hiện ra hành động của bạn tôi.,Bạn có thể cảm thấy tức giận và khó khăn hơn khi nghĩ đến những điều bạn có thể làm cho người khác khó hiểu.,3,gian_du
"Tôi đã từ chối một lời đề nghị làm ăn lương cao từ một công ty để tiếp tục công việc hiện tại của tôi, nhưng giờ tôi cảm thấy như mình đã bỏ lỡ một cơ hội tuyệt vời. tôi cảm thấy mình đã phạm một sai lầm lớn và tôi đang tự lừa dối bản thân vì không nhận công việc đó.",Bạn có thể nhận ra những điều bạn có thể làm khi đứng trước một quyết định quan trọng như thế.,6,that_vong
"Tôi chia tay với bạn gái 3 năm vì tôi nghĩ mình chưa sẵn sàng cho một cam kết nghiêm túc, nhưng giờ tôi nhận ra rằng tôi yêu cô ấy và nhớ cô ấy nhiều như thế nào. tôi cảm thấy như một kẻ ngốc khi để cô ấy đi. tôi chỉ sợ mất bình tĩnh, nhưng bây giờ tôi nhận ra cô ấy có ý nghĩa thế nào với tôi. tôi thực sự hối tiếc về quyết định của mình.",Tôi đã cố gắng hết sức để tìm hiểu về tương lai của mình. và tôi sẽ không bao giờ chấp nhận điều đó.,6,that_vong
Tôi đã không xem trọng sức khỏe của mình khi còn trẻ và bây giờ tôi đang đối mặt với những vấn đề sức khỏe mãn tính mà có thể đã được ngăn chặn. tôi rất tức giận bản thân vì đã không chăm sóc tốt hơn cho cơ thể của mình khi tôi có cơ hội. tôi cảm thấy như mình đã làm bản thân thất vọng và bây giờ tôi đang trả giá.,"Nếu bạn cố gắng hết sức để vượt qua những khó khăn này, bạn sẽ không thể tìm ra cách để vượt qua những khó khăn đó.",3,gian_du
Tôi không đi du lịch hay đón nhận đủ rủi ro khi tôi còn trẻ và giờ tôi cảm thấy như tôi đã bỏ lỡ rất nhiều kinh nghiệm tôi cảm thấy như tôi đã chơi nó quá an toàn khi còn trẻ và bây giờ tôi rất hối tiếc về những điều tôi không làm tôi ước gì tôi đã được nhiều hơn,"Bạn sẽ không bao giờ quên những điều mình đã trải qua trong quá khứ, và bạn sẽ không bao giờ nghĩ đến những điều mình đã trải qua.",6,that_vong
Tôi đã không giữ liên lạc với bạn học sau khi tốt nghiệp và bây giờ tôi cảm thấy như tôi đã mất đi những mối quan hệ đó mãi mãi. tôi thực sự buồn vì tôi đã để cho tình bạn đó qua đi. tôi cảm thấy như mình đã chấp nhận chúng và bây giờ thì đã quá muộn để kết hôn.,"Bạn có thể hoàn toàn hiểu được những gì bạn đã trải qua, thậm chí không thể hiểu được những gì bạn đã trải qua trong quá khứ.",6,that_vong
"Tôi bị từ chối bởi tình yêu khi hẹn hò với cô ấy, cảm thấy bị từ chối, xấu hổ và buồn bã.","Nếu bạn có thể tìm thấy một điều gì đó bất lợi, bạn sẽ không bao giờ tìm thấy một điều gì đó để vượt qua những khó khăn của bạn.",6,that_vong
Tôi cảm thấy bị từ chối và xấu hổ vì ý kiến của tôi không được chấp nhận.,"Bạn có thể cảm thấy khó chịu, khó khăn hơn, và khó hiểu hơn khi dùng kỹ năng của bạn.",3,gian_du
Tôi đăng ký vào một vị trí tại một công ty mà tôi rất ngưỡng mộ nhưng không nhận được một cuộc phỏng vấn tôi cảm thấy bị từ chối và thất vọng tôi bắt đầu nghi ngờ kỹ năng và năng lực của tôi,Điều này hoàn toàn tự nhiên và dễ hiểu để cảm thấy bị loại bỏ và thất vọng sau khi bạn không nhận được một số thông tin phức tạp về vị trí của bạn.,6,that_vong
"Bạn bè tôi đã hủy bỏ kế hoạch của chúng tôi vào phút cuối cùng, để tôi lại một mình vào cuối tuần, tôi cảm thấy bị thôi miên và cô đơn.","Trong khi đó, bạn có thể cảm thấy khó chịu và khó chịu khi bạn bỏ qua những gì bạn đã làm để có thể vượt qua những khó khăn của bạn.",1,buon
"Tôi đã vô tình xóa bỏ một đoạn mã quan trọng mà đội của tôi đang làm việc, sắp xếp lại dự án của chúng tôi từng ngày. tôi cảm thấy tồi tệ vì đã phạm sai lầm bất cẩn và làm cho đội của mình thất vọng. tôi cảm thấy chán nản và hối tiếc vì đã không cẩn thận hơn.",Điều này có thể giúp bạn hiểu được những sai sót của bản thân. và bạn sẽ không bao giờ mắc phải sai lầm này.,6,that_vong
Tôi quên sinh nhật bạn thân nhất của tôi và thậm chí không gọi để chúc mừng họ biết rằng sau đó tôi đã đi chơi với những người bạn khác ngày hôm đó tôi cảm thấy tệ vì đã trở thành một người bạn tồi tệ và quên đi một ngày đặc biệt của họ tôi xấu hổ của hành động của tôi và đầy ân hận vì cảm giác đau buồn của họ,"Bạn có thể hiểu được cảm giác của mình, và bạn sẽ không bao giờ quên được những gì mình đã gây ra.",6,that_vong
"Tôi đã say xỉn ở bữa tiệc và nói những điều đau buồn với một người bạn thân, làm cho một mối quan hệ của chúng tôi bị rạn nứt. tôi cảm thấy hối hận vì những hành động và những lời gây tổn thương tôi nói. tôi cảm thấy tội lỗi vì đã để cho rượu che mờ sự phán xét của tôi và gây đau đớn cho một người mà tôi quan tâm.",Điều này hoàn toàn có thể xảy ra để cảm thấy hối tiếc và khó hiểu hơn về những gì đã xảy ra ở bên trong.,6,that_vong
"Tôi đã bỏ lỡ một thời hạn quan trọng ở nơi làm việc bởi vì tôi chần chừ, khiến đội của tôi phải làm việc và làm việc để bù đắp. tôi cảm thấy thật tồi tệ vì đã làm cho đội của mình thất vọng và gây ra những căng thẳng không cần thiết. tôi cảm thấy tràn ngập sự hối hận và hối tiếc vì đã không dành thời gian tốt hơn và có tinh thần trách nhiệm hơn.","Điều này hoàn toàn có thể xảy ra, và điều quan trọng là bạn phải tập trung vào những gì bạn có thể làm trong thời gian này.",6,that_vong
"Tôi chia sẻ một bí mật cá nhân mà một người bạn đã tâm sự với tôi với người khác, phá vỡ lòng tin của họ và khiến họ xấu hổ. tôi cảm thấy xấu hổ vì lòng tin của bạn tôi và khiến họ đau khổ. tôi cảm thấy tràn ngập sự hối hận vì đã không giữ bí mật của họ và là một sự tin tưởng đáng tin cậy.",Bạn có thể tìm hiểu về những suy nghĩ của mình và tìm hiểu về những điều bạn có thể làm trong trường hợp này.,6,that_vong
"Đồng nghiệp của tôi nhận công lao của tôi trong một cuộc họp nhóm, và người quản lý của tôi khen ngợi họ vì điều đó. và tôi cảm thấy rất tức giận và phản bội khi đồng nghiệp của tôi nhận công lao của tôi.","Hãy nhớ rằng khi bạn tìm hiểu về những vấn đề này, bạn có thể thấy khó khăn và khó khăn hơn.",3,gian_du
"Tôi phát hiện ra rằng bạn tôi, người mà tôi đã giới thiệu với tình yêu của tôi, bắt đầu hẹn hò với họ sau lưng tôi. tôi cảm thấy rất đau đớn và phản bội khi tôi phát hiện ra bạn của tôi bắt đầu hẹn hò với tình yêu của tôi. tôi tin tưởng họ, và họ đã đi phía sau lưng tôi. tôi không thể không giúp đỡ nhưng cảm thấy ghen tị, mặc dù tôi biết nó không lành mạnh.","Nếu bạn có thể hoàn toàn hiểu được cảm xúc của người khác, bạn sẽ không bao giờ có những quyết định đúng đắn như thế.",3,gian_du
"Tôi đã bị bỏ qua vì được thăng chức ở chỗ làm, và vị trí được giao cho một người ít khả năng hơn. tôi đã rất tức giận và khi tôi phát hiện ra mình không được thăng chức. tôi đã làm việc chăm chỉ trong nhiều năm, và họ đã trao nó cho một người ít kinh nghiệm hơn.","Hãy cố gắng vượt qua những khó khăn mà bạn có thể nhận ra, dù bạn có thể gặp khó khăn, nhưng hãy cố gắng hết sức để vượt qua khó khăn.",6,that_vong
"Bố mẹ cứ so sánh tôi với thành công của mình, khiến tôi cảm thấy mình không đủ khả năng. tôi cảm thấy rất khó khăn và đau đớn. tôi cảm thấy như thể họ không thấy được khả năng của chính mình và giá trị của mình. điều đó làm tôi tức giận rằng họ không thể chỉ biết tôi là ai.",Bạn có thể cảm thấy khó khăn khi cảm thấy mình bị tổn thương.,3,gian_du
"Người bạn cũ của tôi lan truyền những lời đồn về tôi sau khi chia tay, biến bạn bè của chúng ta chống lại tôi tôi cảm thấy rất xấu hổ khi tôi phát hiện ra bạn gái cũ của tôi đang đồn thổi về tôi. đau đớn và làm tôi tức giận vì họ đã quá xấu xa. bây giờ tôi cảm thấy cô đơn bởi vì bạn bè xấu xa của chúng ta tin vào những lời đồn và quay lưng lại với tôi.",Điều đó hoàn toàn có thể xảy ra và khiến bạn cảm thấy bị tổn thương.,3,gian_du
"Tôi đã bị bỏ qua vì được thăng chức ở nơi làm việc mà tôi thực sự muốn và cảm thấy mình xứng đáng, tôi cảm thấy rất buồn và thất vọng.",Điều đó hoàn toàn tự nhiên và có thể làm bạn thất vọng và tiếp tục tìm hiểu về những điều bạn có thể đạt được trong tương lai.,6,that_vong
"Bạn gái cũ của tôi bất thình lình chia tay với tôi, cô ấy nói cô ấy cần không gian để tìm thấy bản thân mình.","Hoàn toàn tự nhiên và dễ hiểu để cảm thấy bị tổn thương, không có nghĩa là có bất cứ điều gì sai với bạn như một người bạn tình khó khăn. cảm xúc của bạn là hợp lý, và nó là quan trọng để nhận biết và xử lý chúng.",1,buon
Tôi phát hiện ra con chó yêu dấu của mình đã qua đời bố mẹ tôi phải đặt nó xuống vì ung thư tôi đã quá mệt mỏi và đau buồn nó giống như một phần của tuổi thơ của tôi đã mất mãi mãi,"Hoàn toàn tự nhiên và có thể cảm nhận được nỗi buồn khi mất đi một con vật yêu quý, đặc biệt là một phần trong cuộc sống của bạn.",7,met_moi
"Tôi đã cãi nhau với bạn thân, anh ta buộc tôi phải ích kỷ và là một người bạn xấu tôi thực sự đau khổ và buồn bã về cuộc chiến của chúng ta tôi cảm thấy tồi tệ và tôi là một người bạn tồi tệ",Hoàn toàn có thể hiểu được cảm giác đau buồn của bạn. hãy xem xét những điều có thể xảy ra trong suy nghĩ và thách thức bạn bè của bạn. bạn có thể cảm thấy mình là một người bạn hoàn toàn khó khăn.,6,that_vong
Tôi đã không được chấp nhận vào chương trình tốt nghiệp mà tôi đã đăng ký. lá thư từ chối đến hôm nay. tôi rất buồn và thất vọng về bản thân tôi cảm thấy thất bại hoàn toàn.,"Điều này hoàn toàn có thể xảy ra, nhưng cũng có thể khiến bạn cảm thấy buồn và thất vọng khi nhận được thông tin từ một chương trình đã được áp dụng.",6,that_vong
"Tôi quên không để dành nguyên tắc trước khi đi làm, làm cho đội của tôi mất đi sự tiến bộ đáng giá của một ngày. tôi cảm thấy thật ngu ngốc và không có khả năng làm một sai lầm như vậy.","Hãy cố gắng hết sức để tìm hiểu về những vấn đề trong quá khứ, và khi bạn làm sai, bạn sẽ không thể hiểu được những gì mình đã làm trong một ngày.",6,that_vong
"Các đồng nghiệp của tôi đang thảo luận về một công nghệ mới, và tôi giả vờ biết về nó để tránh nhìn ra sự ngu dốt, nhưng họ đã bắt gặp tôi trong lời nói dối.","Trong hoàn cảnh khó khăn này, nhiều người cảm thấy khó khăn hơn để có thể tìm hiểu về những gì xảy ra trong quá khứ.",6,that_vong
"Tôi bị từ chối bởi một người mà tôi hẹn hò, và bây giờ tôi phải gặp họ ở chỗ làm mỗi ngày.","Nếu bạn cảm thấy khó khăn và khó hiểu khi cảm thấy bị tổn thương, và thậm chí cảm thấy xấu hổ sau khi bị từ chối bởi một người nào đó mà bạn gặp khó khăn, đặc biệt là khi bạn phải thường xuyên nhìn thấy những mối quan hệ này.",6,that_vong
"Tôi đã vô tình gửi một thông điệp cá nhân dành cho một người bạn để trò chuyện với một nhóm công việc, tiết lộ chi tiết về cuộc sống của tôi. tôi muốn biến mất. tất cả mọi người tại nơi làm việc bây giờ biết những điều riêng tư về tôi.",Bạn có thể tự hỏi: bạn có thể dễ dàng chấp nhận bất cứ điều gì xảy ra trong trường hợp nào.,4,trung_tinh
Tôi say xỉn trong bữa tiệc của công ty và tự lừa dối bản thân trước mặt sếp và đồng nghiệp tôi rất xấu hổ về cách cư xử của mình tôi cư xử như một thằng ngốc trước mặt mọi người,Bạn có thể hiểu được cảm giác của mình: bạn có thể tìm hiểu về những vấn đề khó khăn của mình. và bạn sẽ không bao giờ nghĩ đến những điều bạn có thể làm trong tương lai.,3,gian_du
Tôi phát hiện ra bạn thân nhất của mình qua đời trong một tai nạn xe hơi.,Tôi hiểu cảm giác đau buồn và đau buồn của mình khi mất đi một người bạn tốt nhất của mình trong một khoảng thời gian khó khăn. dù bạn có thể không bao giờ cảm thấy hạnh phúc và khó khăn để vượt qua nỗi đau.,1,buon
Bạn gái 3 năm của tôi chia tay với tôi bất ngờ.,Bạn có thể vượt qua khó khăn và khó khăn trong việc tìm kiếm sự hiểu biết về bản thân.,1,buon
Tôi đã được thông qua cho một khuyến khích tại công việc mà tôi đã làm việc cho một năm.,"Hãy cố gắng vượt qua những khó khăn mà bạn có thể đạt được, dù bạn có thể mất đi nhiều cơ hội, nhưng hãy cố gắng vượt qua những khó khăn này.",0,vui
"Con chó của tôi, người mà tôi đã trải qua 12 năm, phải nằm xuống vì căn bệnh đau đớn. cô đơn, đau khổ, cô đơn, cô đơn.","Hoàn toàn cần thiết và có thể cảm nhận được nỗi đau của bạn, mất mát và cô đơn sau khi mất đi một người thân yêu trong 12 năm. mất đi một người thân yêu, đặc biệt là người đã ở bên bạn quá lâu, có thể là một trải nghiệm đáng buồn.",1,buon
Tôi phát hiện ra cha tôi bị chẩn đoán bị ung thư và chỉ còn vài tháng để sống.,"Hoàn toàn tự nhiên và có thể cảm nhận được sự sợ hãi, bất lực trong việc học hỏi về ung thư của cha bạn và thời gian hạn chế của cha bạn là một trong những điều khó khăn nhất và khó khăn nhất có thể xảy ra.",2,lo_au
"Đồng nghiệp của tôi nhận công lao của tôi trong một cuộc họp nhóm, và mọi người ca ngợi anh ấy vì điều đó.",Bạn có thể tìm thấy những suy nghĩ của mình trong hoàn cảnh khó khăn và khó khăn hơn: bạn có thể nghĩ rằng bạn sẽ luôn luôn đánh mất niềm tin của mình và không ai có thể hiểu được điều này.,0,vui
Tôi biết bạn gái cũ của tôi đang hẹn hò với một người mới chỉ vài tuần sau khi chúng tôi chia tay. giống như mối quan hệ của chúng tôi chẳng có ý nghĩa gì với anh ta.,Hãy cố gắng tìm hiểu về mối quan hệ hiện tại của bạn. hãy cố gắng vượt qua những khó khăn đó.,6,that_vong
Bạn tôi sắp xếp kế hoạch với tôi vào phút cuối cùng để đi chơi với người khác tôi cảm thấy rất xấu hổ rằng anh ấy đã bỏ rơi tôi cho người khác tôi nghĩ tình bạn của chúng tôi có ý nghĩa hơn thế,"Hãy nghĩ đến những gì bạn đã trải qua. dù bạn có thể có một số vấn đề khó khăn, nhưng hãy thử nghĩ xem bạn có thể làm được gì.",6,that_vong
"Tôi đã xin được thăng chức ở chỗ làm, nhưng họ đã đưa nó cho một đồng nghiệp ít hội đồng, người là bạn với ông chủ. tôi có đầy đủ mặc kệ quyết định bất công này. tôi xứng đáng được thăng tiến theo cách đó nhiều hơn ông ấy đã làm.",Điều này hoàn toàn có thể làm bạn thất vọng và thậm chí tức giận khi bạn tin rằng mình xứng đáng với một sự giúp đỡ nào đó. những điều này là phản ứng tự nhiên cho một tình huống mà bạn cảm thấy bất mãn.,6,that_vong
"Hàng xóm của tôi phàn nàn với chủ nhà về tôi là quá ồn ào, mặc dù tôi hiếm khi làm cho bất kỳ tiếng ồn ở tất cả.",Bạn có thể hiểu được sự khó khăn của người lân cận và khó khăn hơn khi bạn tin rằng họ có thể hiểu được những vấn đề mà bạn đang gặp phải.,3,gian_du
Tôi đã bỏ lỡ một hạn chót quan trọng tại nơi làm việc bởi vì tôi đánh giá thấp sự phức tạp của công việc. tôi cảm thấy căng thẳng và lo lắng về hậu quả của việc lỡ hạn chót. tôi cũng cảm thấy tội lỗi vì đã làm cho đội của mình thất vọng.,"Nếu bạn có thể tìm hiểu thêm về vấn đề này, bạn có thể nhận được nhiều thông tin hơn nữa, và nếu bạn không nhận ra mình đang ở trong tình huống khó khăn, bạn sẽ không bao giờ tìm ra cách để giải quyết vấn đề này.",6,that_vong
Tôi cảm thấy căng thẳng và xấu hổ bởi công chúng. tôi cũng tức giận với người quản lý của tôi vì không nói chuyện riêng.,"Trong trường hợp này, bạn có thể tìm hiểu một cách hoàn toàn tự nhiên và hiểu được sự khó khăn của người quản lý.",3,gian_du
Tôi đang cố gắng để theo kịp những công việc nặng nhọc và cảm thấy như mình luôn bị chậm trễ. tôi cảm thấy căng thẳng và bị choáng ngợp bởi áp lực liên tục để đưa ra kết quả. tôi đang ở với bản thân mình vì không thể kiểm soát thời gian của mình tốt hơn.,Hãy cố gắng hết sức để tìm ra sự thật và sự giúp đỡ của bạn.,7,met_moi
Tôi đang làm một dự án với một đồng nghiệp người mà rất khó để giao tiếp và liên tục phê phán ý tưởng của tôi tôi cảm thấy căng thẳng và nản lòng bởi sự thiếu năng suất tôi bắt đầu nghi ngờ khả năng của riêng tôi và ý tưởng của tôi bởi vì sự liên tục,Hãy cố gắng hết sức để vượt qua khó khăn này.,6,that_vong
"Tôi đang gặp rắc rối với trách nhiệm công việc của mình trong cuộc sống cá nhân, và tôi cảm thấy như tôi là bạn bè và gia đình. tôi cảm thấy căng thẳng về việc không thể tự xoay xở thời gian của mình đủ tốt để duy trì mối quan hệ của mình. tôi cảm thấy tội lỗi vì đã không ở đó vì những người thân yêu và vì tôi không có thời gian để sống.",Hãy cố gắng tìm hiểu xem bạn đang gặp khó khăn như thế nào.,6,that_vong
Tôi đã làm dự án này hàng tháng trời và sếp tôi nói với tôi rằng nó đã bị hủy bỏ tất cả những nỗ lực khó khăn đó tôi cảm thấy thất vọng và thất vọng nó giống như tất cả những nỗ lực của tôi là lãng phí thời gian,Hoàn toàn dễ hiểu và tự nhiên khi bạn cảm thấy thất vọng trong hoàn cảnh này.,6,that_vong
"Tôi phát hiện ra người bạn gái cũ của mình, người mà tôi vẫn còn tình cảm với, chỉ cần kết hôn với người khác tôi cảm thấy trái tim tôi đã bị moi ra khỏi lồng ngực tôi không thể ngừng suy nghĩ về việc cô ấy phải hạnh phúc với anh ấy như thế nào.","Hoàn toàn tự nhiên và có thể cảm thấy khó khăn trong tình huống này. để tìm ra những điều mà bạn có thể tìm thấy trong tương lai bạn, bạn sẽ không bao giờ tìm thấy niềm vui của một người nào đó.",1,buon
"Tôi đã xin việc nhiều tuần nay và không nghe tin tức gì từ một người nào cả, tôi bắt đầu cảm thấy mình không đủ tốt, tôi cảm thấy bị từ chối và không ai muốn thuê tôi cả.",Điều này không có nghĩa là bạn không thể thực hiện được điều đó.,6,that_vong
Bạn thân của tôi nói với tôi rằng anh ấy sẽ chuyển sang phía bên kia đất nước để làm một công việc mới. nhưng tôi không biết tôi sẽ làm gì nếu không có anh ấy. tôi cảm thấy rất buồn và cô đơn. giống như tất cả những người tôi quan tâm là rời xa tôi.,"Hãy cố gắng chấp nhận những khó khăn mà bạn có thể làm, thậm chí là bỏ qua những suy nghĩ của bạn, dù bạn có thể làm gì đi chăng nữa.",1,buon
Tôi rất sợ mất ông ấy tôi sợ mất bố tôi tôi cảm thấy rất buồn và bất lực,"Sự hỗ trợ thực tế và tự nhiên của gia đình để cảm thấy sợ hãi, bất lực, và buồn phiền khi biết được những điều khó khăn và khó khăn của cha bạn. tin tức như thế này là vô cùng khó khăn, và cảm thấy khó khăn khi nhớ rằng những cảm xúc của bạn là một phản ứng bình thường đối với một tình huống khó khăn.",2,lo_au
Tôi đã bị bỏ qua vì được thăng chức ở nơi làm việc mà tôi thực sự muốn và cảm thấy mình xứng đáng được nhận.,"Nếu bạn cảm thấy khó khăn và khó chấp nhận điều này, bạn sẽ không bao giờ chấp nhận được sự giúp đỡ của người khác.",6,that_vong
"Tôi đi dự đám cưới của bạn tôi một mình và cảm thấy thực sự ra khỏi nơi và thấy tất cả các cặp đôi ở cùng nhau. hạnh phúc, cô đơn, bỏ ra ngoài","Gia đình hoàn toàn tự nhiên và có thể cảm thấy cô đơn, cô đơn trong hoàn cảnh này. tìm kiếm một đám cưới đơn độc, đặc biệt là khi có những cặp vợ chồng khác, có thể gặp khó khăn về cảm xúc.",1,buon
"Tôi đã có một cuộc tranh luận với cha mẹ của tôi những người tiếp tục thúc giục tôi về cuộc sống của tôi lựa chọn và những quyết định của tôi. bất hạnh, bị phê phán",Bạn có thể cảm thấy khó khăn và khó hiểu hơn khi cha mẹ có những quyết định đúng đắn.,3,gian_du
"Tôi đã phát hiện ra bạn trai cũ của tôi người mà tôi vẫn chưa hoàn toàn hoàn toàn kết thúc trong một mối quan hệ mới bây giờ trong một mối quan hệ mới. không hạnh phúc, thay thế, bị mắc kẹt trong quá khứ",Hãy cố gắng hết sức để vượt qua những khó khăn trong cuộc sống của mình. dù bạn có cảm thấy khó khăn hay khó khăn trong quá trình tìm kiếm của mình.,6,that_vong
Tôi đã dành cả tuần làm việc chăm chỉ cho một dự án căng thẳng và cảm thấy kiệt sức và bất hạnh.,Bạn có thể nghĩ về những điều mình có thể làm sau khi làm việc chăm chỉ và tìm hiểu thêm về các vấn đề khó khăn của mình. bạn có thể cảm nhận được những điều đó.,7,met_moi
Một đồng nghiệp nhận công lao của một dự án mà tôi đã làm việc chăm chỉ và được thăng chức kết quả là tôi cảm thấy rất tức giận và bị phản bội tôi muốn trả đũa họ vì đã đánh cắp công việc của tôi và sự công nhận của tôi,"Bạn có thể hiểu được sự khó khăn của việc tìm kiếm sự thật, và bạn sẽ không bao giờ chấp nhận được điều đó.",3,gian_du
"Cộng sự cũ của tôi đã lan truyền những tin đồn sai lầm về tôi, làm tổn hại danh tiếng của tôi và khiến tôi mất bạn bè tôi đầy sự phẫn nộ và nhục nhã tôi muốn họ phải trả giá cho những gì họ đã làm với tôi",Cố gắng hết sức để vượt qua khó khăn và cố gắng vượt qua khó khăn.,3,gian_du
"Một người bạn phản bội lòng tin của tôi bằng cách chia sẻ một bí mật cá nhân sâu sắc mà tôi tâm sự với họ, tôi cảm thấy rất đau lòng và tức giận đến nỗi họ phản bội lòng tin của tôi tôi muốn họ cảm nhận nỗi đau mà họ đã gây ra cho tôi.","Một người có thể hiểu được cảm xúc của mình, và tức giận trong hoàn cảnh này. người bạn có thể phá vỡ sự tin tưởng của bạn bằng cách tìm hiểu sâu sắc về bạn và có thể làm cho bạn cảm thấy đau đớn và khó chịu.",3,gian_du
"Một công ty mà tôi phỏng vấn với tôi không công bằng, và sau đó tôi phát hiện ra đó là do tôi bị đối xử không công bằng. tôi muốn họ trả giá để chống lại tôi.","Nó hoàn toàn dễ hiểu và tự nhiên để cảm thấy lo lắng, và thực sự đau đớn khi bạn gặp khó khăn trong quá trình tìm kiếm bất cứ ai sẽ cảm thấy tức giận và sai lầm trong hoàn cảnh của bạn.",3,gian_du
"Hàng xóm luôn phàn nàn về tôi với chủ nhà, khiến tôi nhận được những lời cảnh báo vô căn cứ. tôi quá nản lòng và bực bội về hành động của người hàng xóm. tôi muốn quay lại với họ vì họ gây rắc rối cho tôi.","Bạn có thể cảm thấy khó chịu, thậm chí tức giận khi bạn tin rằng những điều bạn đang đối mặt với vấn đề này.",3,gian_du
Tôi có một dự án lớn sắp tới tại nơi làm việc và tôi lo rằng tôi sẽ không thể hoàn thành nó đúng giờ. tôi cảm thấy rất lo lắng và căng thẳng về thời hạn này. tôi lo lắng rằng tôi có thể làm cho đội của mình thất vọng.,"Nếu bạn cảm thấy khó khăn và lo lắng về một điều gì đó, bạn có thể mất nhiều thời gian và khó khăn hơn để thực hiện một dự án tốt nhất, đặc biệt là khi bạn không thể hoàn thành các vấn đề theo thời gian. những cảm giác đó là quan trọng, thay vì suy nghĩ về những gì bạn có thể thực hiện để đạt được.",2,lo_au
gần đây tôi có hẹn hò với ai đó nhưng họ không trả lời tin nhắn cuối cùng của tôi tôi lo rằng họ không còn quan tâm nữa tôi lo rằng tôi đã làm điều gì đó sai hoặc họ không thích tôi tôi cảm thấy thất vọng và thất vọng,Một người có thể cảm thấy khó khăn và khó khăn trong việc tìm hiểu.,2,lo_au
"Gần đây tôi có vài vấn đề về sức khỏe và tôi lo rằng nó có thể là một vấn đề nghiêm trọng, tôi thực sự lo cho sức khỏe của mình, tôi sợ nó có thể là một vấn đề nghiêm trọng và tôi lo lắng về những gì bác sĩ có thể nói.","Khi bạn gặp khó khăn về sức khỏe, hãy cố gắng vượt qua những khó khăn khó khăn về sức khỏe, đồng thời cố gắng vượt qua những khó khăn khó khăn về sức khỏe.",2,lo_au
Tôi lo lắng về sự an toàn công việc của mình với tất cả những thiếu hụt gần đây trong ngành công nghiệp. tôi cảm thấy căng thẳng và lo lắng về việc mất việc làm của mình.,"Hãy cố gắng hết sức để vượt qua những khó khăn trong công việc, đặc biệt là những vấn đề gần đây trong lĩnh vực công nghệ.",2,lo_au
Tôi lo lắng về tình trạng độc thân của mình khi bạn bè của tôi kết hôn và lập gia đình. tôi bắt đầu lo lắng rằng tôi sẽ không bao giờ tìm được ai. tôi cảm thấy cô đơn khi thấy cuộc sống của bạn mình tiến triển và sống độc thân.,Hãy nhớ rằng bạn sẽ không bao giờ cảm thấy cô đơn và khó khăn trong đời sống.,2,lo_au
Một sinh viên trong lớp thường xuyên làm bài học khó chịu và khinh thường tôi trước mặt các học sinh khác. tôi cảm thấy giận dữ và bất kính khi sinh viên này luôn làm hỏng bài giảng của tôi và làm suy yếu quyền lực của tôi trong lớp học.,Hãy nhớ rằng một học sinh cần phải có khả năng kiểm soát được tình huống của mình.,3,gian_du
"Chồng tôi đã quên ngày kỉ niệm và không lên kế hoạch gì đặc biệt, mặc dù tôi nhắc nhở anh ấy vài lần. tôi cảm thấy rất tức giận và đau đớn rằng chồng tôi đã quên mất lễ kỉ niệm của chúng tôi, đặc biệt là sau khi tôi nhắc anh ấy nhiều lần. điều đó làm tôi cảm thấy như anh ấy không coi trọng mối quan hệ của chúng tôi.","Hoàn toàn hiểu được cảm giác bị tổn thương, và khi chồng bạn quên mất kỷ niệm của bạn, đặc biệt là sau khi bạn nhắc nhở anh ấy bằng cách dùng những kỹ năng tự nhiên: Bạn có thể nghĩ rằng anh ấy sẽ quên đi những gì bạn đã làm.",3,gian_du
Một trong những đứa con của tôi luôn lờ đi việc tôi muốn dọn dẹp phòng và làm việc nhà. tôi cảm thấy bực bội và bực bội khi con tôi bỏ qua việc dọn dẹp phòng và làm việc nhà. nó có cảm giác như chúng không tôn trọng tôi hay luật lệ của gia đình chúng tôi.,Hoàn toàn dễ hiểu và dễ hiểu khi bạn cảm thấy bực bội và khó hiểu khi con bạn bỏ qua những điều bạn muốn làm để làm sạch phòng của chúng.,3,gian_du
"Một đồng nghiệp nhận công lao cho một dự án thành công mà tôi đã đầu tư và làm việc chăm chỉ, tôi cảm thấy tức giận và phản bội khi đồng nghiệp của tôi nhận công lao lao lao cực nhọc của tôi. nó là bất công và làm cho tôi cảm thấy nỗ lực của tôi là không đáng trân trọng.",Hãy cố gắng hết sức để hiểu rõ vấn đề và cố gắng của bạn.,3,gian_du
"Bạn thân nhất của tôi hủy bỏ kế hoạch dài hạn của chúng tôi vào phút cuối, xin lỗi, tôi cảm thấy tức giận và thất vọng bạn thân nhất của tôi đã hoàn thành kế hoạch cuối cùng của chúng tôi, đặc biệt là với một lý do yếu. nó giống như một sự phản bội của tình bạn của chúng tôi.","Điều đó hoàn toàn dễ hiểu và tự nhiên để cảm nhận được sự tức giận và thất vọng khi bạn thân của bạn bỏ qua những tình huống khó khăn: ""Bạn của tôi luôn bỏ qua những điều quý giá.""",3,gian_du
"Tôi phải đưa một bài thuyết trình cho hội đồng trường về những thay đổi trong quá trình học mới, và tôi lo rằng tôi sẽ quên mất phải nói gì hay vấp ngã trong lời nói của mình. tôi cảm thấy lo lắng và lo lắng về buổi thuyết trình sắp tới. tôi sợ rằng tôi sẽ làm rối tung và bản thân mình trước hội đồng trường.","Bạn có thể cảm thấy lo lắng và lo lắng về việc đưa ra một bài thuyết trình, đặc biệt là về một nhóm người có những cảm giác khi phải đối mặt với sự lo lắng và thách thức của họ.",2,lo_au
"Gần đây, chồng tôi và tôi cãi nhau nhiều hơn, và tôi lo lắng về ảnh hưởng của nó đối với con cái tôi cảm thấy như tôi không phải là một người mẹ tốt tôi lo lắng về tình trạng hôn nhân của tôi và cảm thấy tội lỗi vì đã làm tổn thương con cái của tôi với lý lẽ của chúng tôi nó làm tôi buồn khi nghĩ rằng tôi có thể thất bại như một người mẹ",Bạn có thể tìm ra những vấn đề khó khăn và khó khăn trong việc giải quyết vấn đề của mình bằng cách tìm hiểu những vấn đề khó khăn trong đời sống.,2,lo_au
"Một trong những học sinh của tôi đã học hành và hành vi, và tôi lo rằng tôi không làm đủ để giúp họ. tôi cảm thấy như tôi không còn là một giáo viên. tôi lo lắng về sự tiến bộ của học sinh và khả năng của tôi là một giáo viên. và tôi nghĩ rằng tôi không có sự hỗ trợ mà họ cần để thành công.","Hoàn toàn tự nhiên và có thể cảm thấy mình có giá trị, đồng thời suy nghĩ về điều đó.",2,lo_au
"Tôi đã trải qua cơn đau ngực và sự ngắn ngủi của hơi thở, và tôi sợ nó có thể là một thứ gì đó nghiêm trọng như cơn đau tim. tôi thực sự lo lắng về những triệu chứng của cơ thể và nỗi sợ rằng tôi có thể có một tình trạng cuộc sống-sự đau tim làm tôi hoảng loạn.",Bạn có thể thấy những triệu chứng khó khăn về sức khỏe và tình trạng sức khỏe của bạn.,2,lo_au
"Bạn thân nhất của tôi không trả lời điện thoại hay tin nhắn, và tôi lo rằng tôi có thể đã làm điều gì đó để làm cô ấy buồn. tôi cảm thấy tình bạn của chúng ta đang trôi qua. tôi lo về tình trạng của tình trạng của tình trạng của tình trạng của tình bạn và cảm thấy bất an về hành động của mình. tôi buồn khi nghĩ về việc mất đi người bạn thân nhất của mình.","Khi bạn cảm thấy tình bạn đang gặp khó khăn, bạn có thể dễ dàng vượt qua những khó khăn. tình huống khó khăn nhất có thể xảy ra khi bạn không thể vượt qua được tình huống khó khăn.",2,lo_au
"Tôi đã giảng dạy 15 năm và bị bỏ qua vì được thăng chức vì ủng hộ một người trẻ hơn, ít kinh nghiệm hơn.",Hãy cố gắng vượt qua những khó khăn này để có thể vượt qua những khó khăn này.,6,that_vong
Chồng tôi quên ngày kỉ niệm của chúng tôi và thậm chí không xin lỗi khi tôi nói về nó. tôi cảm thấy cay đắng và đau buồn đến nỗi anh ấy có thể quên đi một ngày quan trọng như vậy.,"Nó hoàn toàn dễ hiểu và có thể cảm thấy đau đớn khi chồng bạn quên mất điều đó, đặc biệt là khi đó là một ngày quan trọng của bạn.",1,buon
Con tôi không bao giờ gọi điện hay viếng thăm trừ khi chúng cần điều gì đó từ tôi. tôi cảm thấy buồn và buồn khi con cái tôi dường như không quan tâm đến tôi.,Khi chúng ta quan tâm đến con cái chúng ta và không bao giờ để ý đến những điều chúng cần.,1,buon
Tôi phát hiện ra người bạn thân nhất của mình đang nói chuyện sau lưng và chia sẻ bí mật của mình với người khác.,Hoàn toàn có thể hiểu được cảm giác đau buồn của bạn và bạn sẽ không bao giờ thay đổi quan điểm của bạn về tình bạn.,1,buon
"Tôi đã làm việc chăm chỉ trong nhiều năm, nhưng lương lương của tôi không tăng phù hợp với nỗ lực và sự cống hiến của tôi.","Điều này hoàn toàn dễ hiểu và tự nhiên để cảm thấy khó khăn và khó hiểu khi bạn làm việc chăm chỉ: bạn có thể không quan tâm đến tình trạng này, và điều đó cũng quan trọng khi bạn nghĩ rằng mình có thể không nhận được lợi ích từ công việc này.",6,that_vong
Đồng nghiệp của tôi đã nhận công lao của tôi về đoạn mã mà tôi đã viết trong cuộc họp nhóm tôi không thể tin họ sẽ làm thế thật bất công và thiếu tôn trọng tôi đã làm việc rất chăm chỉ với đoạn mã đó và họ đã bị buộc tội và cho rằng nó là của chính họ,Điều đó hoàn toàn dễ hiểu. và thậm chí tức giận khi một người nhận được công việc khó khăn của bạn.,6,that_vong
Tôi phát hiện ra bạn gái cũ của tôi đang hẹn hò với bạn thân của tôi. và tôi không biết liệu tôi có thể tha thứ cho họ.,"Nó hoàn toàn dễ dàng để cảm thấy bị tổn thương, và bạn có quyền xử lý những vấn đề này. bây giờ, hãy phân tích những vấn đề của bạn có thể là một trải nghiệm đau đớn, và khó khăn của bạn.",2,lo_au
"Thật không công bằng, tôi đã làm việc chăm chỉ và đạt được kết quả tốt tôi xứng đáng được thăng chức và họ đã trao nó cho một người không bỏ công sức của tôi",Điều này có thể làm bạn thất vọng và thậm chí tức giận khi bạn tin rằng mình sẽ được nâng cao khả năng để vượt qua những khó khăn đó.,6,that_vong
Tôi không thể tăng tiền thuê nhà mà không báo trước được. và giờ họ còn muốn tăng tiền của tôi nữa.,"Những điều đó hoàn toàn có thể xảy ra để cảm thấy khó khăn, khó khăn trong tình huống khó khăn như vậy. đặc biệt khi bạn đang vật lộn với vấn đề tài chính. và điều quan trọng là phải nhận ra rằng tình huống khó khăn nhất có thể xảy ra.",3,gian_du
Một người tình cờ trên đường phố gặp tôi và không xin lỗi những người ngày nay có vấn đề gì với những người này? không ai có bất kỳ cách cư xử hoặc tôn trọng đối với người khác họ nên có ít nhất phải thừa nhận rằng họ vào tôi và yêu cầu.,"Thật dễ hiểu khi cảm thấy khó chịu hay khó chịu khi một người nào đó gặp khó khăn mà không có sự hiểu biết, thì đó là một phản ứng tự nhiên để cảm thấy khó hiểu trong tình huống này.",0,vui
Đồng nghiệp của tôi đã nhận công trạng về mã tôi đã viết trong một cuộc họp nhóm tôi không thể tin họ sẽ làm thế với tôi tôi nghĩ chúng ta là bạn tôi tức giận để tôi không thể suy nghĩ thấu đáo,Bạn có thể tìm ra một điều gì đó để giải quyết vấn đề. bạn có thể tìm ra những vấn đề khó khăn trong trường hợp này.,3,gian_du
Tôi đã bị bỏ qua vì một sự thăng chức mà tôi đã được hứa hẹn. thật không công bằng tôi xứng đáng được thăng chức. tôi bắt đầu nghĩ rằng công ty này không coi trọng tôi chút nào.,"Điều dễ hiểu là bạn cảm thấy thất vọng, khó chấp nhận được những cảm giác này khi bạn được hứa hẹn sẽ giúp bạn vượt qua những khó khăn đó.",6,that_vong
Người yêu của tôi đã cho tôi leo cây và không trả lời tin nhắn của tôi. có gì sai với tôi? tại sao họ sẽ làm điều này? tôi cảm thấy như một ngu ngốc cho việc của tôi hy vọng lên.,"Hãy tìm hiểu xem bạn có thể làm được gì, nhưng hãy cố gắng hết sức để tìm hiểu về vấn đề này.",6,that_vong
Chủ nhà của tôi là tăng tiền thuê nhà của tôi bởi 20% với chỉ một tháng thông báo. làm thế nào tôi có thể đi lên với số tiền đó? điều này là không công bằng. tôi cảm thấy bị mắc kẹt và bất lực.,Điều này hoàn toàn có thể giúp bạn không bị mắc kẹt trong tình huống này. bạn có thể tìm ra một số lựa chọn có thể khiến bạn khó chấp nhận và khó khăn hơn.,6,that_vong
Bạn thân nhất của tôi đã hoàn thành kế hoạch của chúng ta vào phút cuối cùng để hẹn hò với cộng sự mới của họ tôi đoán tôi không quan trọng với họ như là họ không còn quan tâm đến tình bạn của chúng ta nữa,"Hoàn toàn hiểu được cảm giác đau buồn của bạn, dù bạn bè của bạn có khó khăn đến đâu, nhưng hãy để cho bạn bè của bạn xem xét những suy nghĩ của bạn và quan tâm đến bạn bè của bạn như thế nào.",6,that_vong
Tôi phải giới thiệu với toàn bộ công ty về phần mềm mới mà tôi đang làm việc. sẽ ra sao nếu tôi làm rối tung bài thuyết trình thì sao? nếu tôi đứng yên và không thể trả lời các câu hỏi? mọi người sẽ nghĩ rằng tôi đang làm.,"Hãy nhớ rằng bạn có thể làm được điều đó, dù bạn không thể làm được gì, nhưng bạn vẫn có thể làm được điều đó.",2,lo_au
"Tôi đang làm việc trong một thời hạn hạn hạn chót cho một dự án quan trọng, và tôi gặp một lỗi trong mã của tôi mà tôi không thể sửa chữa. và tôi sẽ bỏ lỡ thời hạn, và dự án sẽ thất bại. và tôi có thể sẽ mất việc.","Nếu bạn cảm thấy khó khăn và lo lắng, bạn có thể gặp khó khăn trong việc tìm kiếm sự thật.",6,that_vong
Nếu tôi nói điều gì đó ngu ngốc hay xấu hổ mọi người sẽ nghĩ rằng tôi là người xấu và sẽ không muốn nói chuyện với tôi tôi sẽ bỏ lỡ những mối quan hệ quan trọng,"Nếu bạn cảm thấy khó chịu, bạn sẽ không thể tìm được điều gì tốt hơn.",3,gian_du
Tôi nhận được một email từ người quản lý của tôi yêu cầu thảo luận về buổi diễn của tôi trong một cuộc họp. tôi phải làm điều gì đó sai. người quản lý của tôi có lẽ nghĩ rằng tôi đang thực hiện không đủ tốt. tôi có thể bị sa thải hoặc bị sa thải.,"Khi nhận được thư từ người quản lý của bạn, bạn có thể nhận được những thông tin tương tự như: bạn có thể nhận được một số thông tin sai về sự cố gắng của bạn.",2,lo_au
"Tôi đang nghiên cứu một vấn đề phức tạp, và tôi đã đấu tranh để tìm ra giải pháp trong nhiều giờ. nếu tôi không thể tìm ra điều này, tôi sẽ bị coi như một thất bại. có thể tôi sẽ không bị cắt giảm cho công việc này. những người khác có vẻ đang làm tốt hơn tôi.",Điều đó hoàn toàn dễ hiểu để cảm thấy khó khăn và nản lòng khi bạn làm một vấn đề phức tạp mà không cần tìm ra giải pháp.,6,that_vong
"Tôi phát hiện ra rằng đồng nghiệp của mình, người mà tôi đã huấn luyện, được thăng chức lên chức cao cấp trước tôi tôi không thể tin điều này tôi đã dành quá nhiều nỗ lực và thời gian vào công ty này và đây là cách họ trả ơn tôi có lẽ tôi chỉ không đủ tốt tôi bắt đầu nghi ngờ kỹ năng và giá trị của tôi",Hãy cố gắng tìm hiểu những điều bạn có thể làm để tìm hiểu về những điều bạn đã trải qua. hãy nhớ rằng bạn không thể làm được điều đó.,6,that_vong
"Bạn gái cũ của tôi, người mà tôi vẫn còn có tình cảm với, chỉ cần đính hôn với một người khác tôi sẽ không bao giờ tìm được một người như cô ấy nữa tôi sẽ kết thúc một mình bởi vì tôi không thể làm cho nó hoạt động với cô ấy tất cả là lỗi của tôi và bây giờ tôi phải nhìn cô ấy hạnh phúc với người khác","Điều đó hoàn toàn có thể xảy ra để bạn cảm thấy đau buồn và thậm chí có thể cảm nhận được sự mất mát này, đặc biệt là khi bạn vẫn còn tình cảm với người khác.",6,that_vong
Bạn thân nhất của tôi đã hoàn thành kế hoạch của chúng tôi cuối cùng để đi chơi với bạn gái mới của mình. và không có gì tôi có thể làm về nó.,"Trong khi tình bạn của bạn bị tổn thương, bạn hãy cố gắng tìm hiểu thêm về mối quan hệ của bạn với một người bạn tốt nhất có thể có và xem liệu bạn có thể có một số vấn đề khó khăn trong lĩnh vực này. trong khi đó, bạn không bao giờ nghĩ rằng tình bạn của bạn là nhất thiết phải vượt qua tình bạn của bạn và anh ta sẽ dừng lại với tất cả những gì bạn bè của bạn.",4,trung_tinh
"Tôi đã không được chấp nhận vào chương trình tốt nghiệp mà tôi đã nộp, nhưng bạn học của tôi với điểm thấp đã làm tôi không đủ thông minh hay đủ tốt ủy ban có lẽ nghĩ rằng tôi không xứng đáng tôi sẽ không bao giờ có được một chương trình tốt hơn bây giờ tương lai của tôi là phá hủy","Bạn có thể cảm thấy thất vọng, thất vọng và thậm chí một chút hy vọng sau khi nhận được vào chương trình tốt nghiệp bạn đã áp dụng, đặc biệt là khi bạn nhìn thấy rằng một số bằng cấp thấp đã được chấp nhận. những cảm giác này là có giá trị, và nó quan trọng để chấp nhận chúng.",6,that_vong
"Bố mẹ tôi quên sinh nhật tôi nhưng nhớ đến sinh nhật em gái tôi vào tuần trước, rõ ràng là tôi không quan trọng với bố mẹ tôi họ không yêu tôi nhiều như họ yêu em gái tôi tôi sẽ luôn là người tốt nhất trong cái này tôi có thể không mong đợi bất cứ điều gì từ gia đình họ",Mọi người đều có thể hiểu được cảm giác của mình khi cha mẹ bạn không thể chấp nhận được điều đó.,6,that_vong
"Tôi đã thấy bạn trai cũ của tôi ở bữa tiệc với bạn trai mới của cô ấy, và họ trông rất hạnh phúc bên nhau nhìn họ kìa, quá tự mãn và tự mãn cô ấy nghĩ rằng cô ấy vẫn ổn nhưng cô ấy chỉ muốn có một chàng trai tôi không thể tin tôi đã dành thời gian với cô ấy",Điều đó hoàn toàn có thể xảy ra. và thậm chí là một mối quan hệ tốt hơn với một người khác.,0,vui
"Đồng nghiệp của tôi đã nhận công lao cho một dự án mà tôi đã làm trong nhiều tuần, và tất cả mọi người ca ngợi anh ta vì nó. anh ta là một con rắn, nhận công lao chăm chỉ của tôi. anh ta không xứng đáng với những lời khen ngợi mà anh ta nhận được. tôi không thể chịu nổi những người như anh ta, những người can thiệp vào những người khác để có được.","Điều này hoàn toàn dễ hiểu để cảm thấy bị tổn thương, và tức giận khi một người nào đó có thể làm việc chăm chỉ hơn: ""Anh ấy là một con rắn, và điều quan trọng là nhận ra rằng cảm xúc của bạn là phản ứng bất lợi cho tình huống này.",6,that_vong
"Tôi nghe bạn bè chế giễu tôi sau lưng, nói rằng tôi quá tập trung vào sự nghiệp của mình và đó là lý do tại sao tôi vẫn còn độc thân, họ chỉ ghen tị với thành công và sự cống hiến của tôi họ có thể bị mắc kẹt trong những công việc chết chóc và những mối quan hệ không hoàn hảo, vì vậy họ chế nhạo tôi để cảm thấy tốt hơn về bản thân.","Bạn có thể hiểu được cảm giác đau buồn của người khác. dù bạn không thể hiểu được những gì họ nói, nhưng hãy cố gắng hết sức để tìm hiểu về họ.",3,gian_du
"Tôi nhìn thấy một nhóm người giàu có tại một nhà hàng sang trọng, cười đùa và tận hưởng bữa ăn của họ nhìn họ, ném tiền vào đồ ăn và đồ uống quá đắt tiền họ không biết làm việc chăm chỉ để kiếm sống như thế nào họ quá xa với thực tế",Điều đó có thể làm bạn cảm thấy khó chịu hoặc thậm chí là tìm ra những điều bạn có thể làm để tìm hiểu về những vấn đề khó khăn của bản thân.,6,that_vong
"Tôi đã xem một video về một chính trị gia hứa hẹn mà tôi biết họ sẽ không bao giờ giữ, và mọi người đã ủng hộ họ. làm thế nào mọi người có thể quá mù quáng để nhìn thấy thông qua những lời hứa rỗng tuếch của họ? họ chỉ nói với mọi người những gì họ muốn nghe để được bầu cử. tất cả là một trò chơi đối với họ, và công chúng quá ngu ngốc để nhận ra điều đó.","Hãy nghĩ đến những điều mà các nhà chính trị đã không thể làm được, nhưng hãy nhớ rằng những gì họ đã hứa sẽ giúp bạn vượt qua những gì họ có thể thực hiện.",6,that_vong
"Tôi đã bị bỏ qua vì được thăng chức ở chỗ làm mà tôi cảm thấy mình xứng đáng. tôi không đủ tốt, tôi sẽ không bao giờ thành công. mục đích của việc cố gắng là gì?",Điều này có nghĩa là bạn không bao giờ có thể vượt qua được những khó khăn đó.,6,that_vong
"Bạn gái tôi 2 năm chia tay với tôi, tôi không đáng yêu, tôi sẽ cô đơn mãi mãi, không ai muốn ở bên tôi cả.","Nếu bạn cảm thấy mình bị tổn thương và lo lắng về tương lai, bạn sẽ không bao giờ có được một điều gì đó để vượt qua nỗi đau của mình.",1,buon
Tôi phát hiện ra người bạn thân nhất của tôi đang nói xấu về tôi đằng sau lưng tôi là vô dụng thậm chí bạn bè tôi cũng không quan tâm đến tôi tôi không có ai,"Thậm chí những người khác có thể hiểu được cảm xúc của bạn, và bạn cũng có thể cảm thấy khó khăn trong việc tìm hiểu về bạn.",6,that_vong
Tôi đã phạm một sai lầm nghiêm trọng trong công việc khiến công ty tốn rất nhiều tiền.,"Hãy nghĩ về những điều bạn có thể làm, đặc biệt là những cảm xúc có thể gây ra những sai lầm lớn. dù bạn có thể làm bất cứ điều gì sai sót, nhưng điều này không thể làm được.",6,that_vong
"Tôi đã bị từ chối từ tất cả các trường học tôi đã học, tôi không đủ thông minh, tôi không có những gì cần thiết để thành công, tôi nên từ bỏ.","Nó hoàn toàn dễ hiểu và khó khăn để cảm thấy thất vọng, nản lòng sau khi bị từ chối bởi các trường học bạn đã áp dụng. sự vượt qua có thể gây ra những khó khăn và khó khăn cho bạn.",6,that_vong
"Tôi đã bị bỏ qua vì được thăng chức ở nơi làm việc mà tôi thực sự nghĩ mình xứng đáng, tự hỏi nếu tôi không giỏi trong công việc của mình như tôi đã nghĩ, có lẽ tôi sẽ không bị cắt đứt với nghề này.","Điều đó là hoàn toàn tự nhiên và dễ hiểu để cảm thấy thất vọng, thất vọng, và thậm chí nghi ngờ khả năng của bạn khi bạn vượt qua sự thăng tiến bạn nghĩ rằng bạn xứng đáng. những cảm xúc này là hợp lý, và nó không bao giờ quan trọng để chấp nhận chúng.",6,that_vong
Cô gái mà tôi đã nói chuyện trực tuyến và thực sự phá vỡ nó với tôi chỉ nói với tôi cô ấy sẽ quay lại với bạn trai cũ tôi đoán tôi không đủ tốt tôi sẽ sống độc thân mãi mãi với tốc độ này,"Bạn có thể tìm hiểu về những điều bạn có để tìm hiểu về tương lai của một người bạn, thậm chí là một người có khả năng làm được điều tốt và không có khả năng làm được điều đó.",6,that_vong
"Bạn thân nhất của tôi lại hẹn giờ phút cuối, nói rằng anh ấy quá bận công việc, có lẽ tôi không còn là ưu tiên trong cuộc sống của anh ấy nữa.","Điều này hoàn toàn dễ hiểu. và thậm chí là một vấn đề quan trọng khi bạn thân của bạn bỏ lỡ thời gian cuối cùng, đặc biệt nếu nó không phải là lần đầu tiên bạn có thể tìm hiểu về vấn đề này và xem xét nếu bạn có thể có một sự hiểu biết nào đó:",7,met_moi
"Tôi đã dành nhiều tuần để làm một dự án tiếng nói cá nhân, nhưng khi tôi đưa nó cho đồng nghiệp, họ không ấn tượng. tôi không phải là người tài năng như tôi nghĩ. có lẽ tôi nên từ bỏ những dự án cá nhân của mình.","Bạn có thể cảm thấy thất vọng và nản lòng khi thấy những điều bạn mong muốn, đặc biệt là khi bạn dành nhiều thời gian và nỗ lực để tìm hiểu: bạn không nên nghĩ rằng những điều đó có nghĩa là bạn không có khả năng.",6,that_vong
Bố mẹ tôi nói rằng họ sẽ không thể đến thăm tôi vào ngày sinh nhật như họ đã hứa. tôi cảm thấy như tôi không quan trọng với họ.,"Hoàn toàn hiểu được cảm giác đau buồn của cha mẹ, và không thể hiểu được những điều mà cha mẹ bạn đã nói về họ, họ sẽ không bao giờ thay đổi quan điểm của bạn.",6,that_vong
Tôi phát hiện ra rằng bạn cùng phòng của tôi đã dùng bàn chải của tôi mà không có kiến thức của tôi. làm thế nào ai đó có thể làm một cái gì đó thái quá và ghê tởm như vậy? tôi không thể tin rằng tôi đã đặt nó vào miệng của tôi.,Những cảm xúc này hoàn toàn có thể hiểu được sự khó khăn của bạn khi bạn vượt qua những khó khăn mà bạn không bao giờ có thể vượt qua được.,6,that_vong
Tôi phát hiện ra rằng một đồng nghiệp đã để lại mô và thức ăn trên bàn làm việc của họ.,"Bạn có thể cảm thấy khó khăn và khó hiểu khi gặp một người bạn đồng nghiệp, nhưng những cảm xúc này là những phản ứng tự nhiên để giúp bạn hiểu được quan điểm của mình.",1,buon
"Tôi đã thấy một người trên tàu điện ngầm móc mũi họ và đặt nó trên ghế, thật kinh khủng và thiếu vệ sinh, tôi không thể tin là có người lại làm thế ở nơi công cộng.",Chúng ta có thể cảm thấy khó chịu khi làm chứng cho mọi người.,3,gian_du
Tôi phát hiện ra nhà hàng mà tôi vừa mới ăn gần đây bị buộc tội vi phạm luật y tế tôi không thể tin là tôi ăn ở đó nếu tôi bị ngộ độc thực phẩm thì sao?,Điều này hoàn toàn có thể xảy ra để cảm thấy lo lắng và buồn phiền sau khi biết được các vấn đề về sức khỏe không nhất thiết phải xảy ra ở nhà hàng.,6,that_vong
"Tôi phát hiện ra rằng bạn đời của tôi có sinh lý cá nhân và có mùi trên cơ thể, thật là khó chịu khi ở bên cạnh một người không tự chăm sóc bản thân, tôi không nghĩ mình có thể tiếp tục nhìn thấy chúng.","Hãy nhớ rằng, nếu bạn có một mối quan hệ tốt với người khác, bạn sẽ có một mối quan hệ tốt hơn với họ.",3,gian_du
"Tôi đã vô tình gửi một tin nhắn riêng cho một người bạn của tôi, trong đó có vài trò đùa về công việc, tôi không thể tin được tôi đã phạm một sai lầm ngu ngốc. sếp tôi sẽ nghĩ tôi không chuyên nghiệp và có thể gây nguy hiểm cho sự nghiệp của tôi.","Hoàn toàn dễ hiểu để cảm thấy lo lắng, xấu hổ và lo lắng sau khi gửi một thông điệp riêng tư cho ông chủ. và nó là một sai lầm lớn nhất mà bạn có thể nhận ra trong suy nghĩ của bạn, cùng với một số vấn đề: ""Tôi không thể tin vào sai lầm đó.""",3,gian_du
"Trong buổi thuyết trình ở nơi làm việc, tôi vấp ngã vì những lời nói của mình và phải xin lỗi vì đã căng thẳng. mọi người phải nghĩ rằng tôi vô dụng và không thể bỏ công việc này. tôi sẽ không bao giờ có thể đối mặt với chúng một lần nữa mà không cảm thấy xấu hổ.",Một bài thuyết trình hoàn toàn tự nhiên để ghi nhớ rằng mọi người đều có khả năng vượt qua khó khăn của mình.,3,gian_du
Tôi tình cờ gặp bạn gái cũ trong khi đi chơi với bạn bè và cô ấy đã bình luận về việc tôi vẫn còn độc thân cô ấy có thể nghĩ tôi là một kẻ thua cuộc không thể tìm được ai. bạn bè tôi phải thương hại tôi vì tôi là người duy nhất trong nhóm.,"Hãy nhớ rằng, nếu bạn có một mối quan hệ mật thiết với người khác, bạn sẽ không bao giờ cảm thấy khó chịu, và bạn sẽ không thể chấp nhận những quyết định đơn giản của người đó.",6,that_vong
"Tôi tình cờ bước vào phòng tắm nhầm người ở nhà hàng và ai đó gọi tôi ra, tôi là một thằng ngốc. mọi người trong nhà hàng đều nghĩ tôi ngu ngốc hoặc ngu ngốc, tôi chỉ muốn biến mất.",Nó hoàn toàn dễ hiểu và tự nhiên để cảm thấy xấu hổ sau khi vô tình bước vào nhà vệ sinh.,3,gian_du
"Tôi đã cố nói đùa trong buổi họp ở chỗ làm, nhưng không ai cười và có sự im lặng khó chịu.","Hãy cố gắng vượt qua những tình huống khó khăn và khó khăn này, đặc biệt là với những khó khăn tương tự, và cảm nhận được những mối quan hệ của bạn.",3,gian_du
Tôi đã xem truyền thông xã hội mà bạn cùng phòng đại học của tôi vừa mới kết hôn với bạn gái của anh ta 3 năm rồi. khi nào đến lượt tôi tìm được ai đó đặc biệt? và có vẻ như mọi người khác đang tiếp tục cuộc sống cá nhân của họ ngoại trừ tôi.,Bạn sẽ không bao giờ tìm thấy một mối quan hệ đặc biệt nào cả.,2,lo_au
"Đồng nghiệp của tôi, người bắt đầu công ty sau tôi, vừa được thăng chức vào vị trí cao cấp, anh ta có gì mà tôi không có? tôi tự hỏi nếu có điều gì đó tôi thiếu sót hoặc nếu tôi không đủ tốt để được thăng chức.","Nếu bạn cảm thấy khó khăn, hãy nghĩ đến những điều bạn có thể làm được.",6,that_vong
"Tôi đã tham dự lễ tốt nghiệp của em trai tôi, nơi họ nhận được nhiều giải thưởng và sự công nhận. tôi ước gì tôi đã thành công và thành công khi tôi bằng tuổi họ. điều đó khiến tôi tự hỏi chính mình và tự hỏi liệu tôi có bao nhiêu tuổi trong cuộc sống.","Nó là hoàn toàn tự nhiên và hiểu được để cảm nhận được một sự phức tạp của cảm xúc, bao gồm cả sự hiểu biết về những thành tựu của bạn và làm sao bạn có thể nhận ra chúng bằng cách đánh giá những thành quả của bản thân bạn.",7,met_moi
"Bạn thân của tôi vừa mua một chiếc xe mới, và họ rất hào hứng khoe với mọi người. nhưng dường như tôi không có sự tự do về tài chính như bạn bè của tôi.","Hãy nhớ rằng, nếu bạn có thể tìm được một điều gì đó tốt hơn, bạn sẽ không thể làm được.",0,vui
Tôi đã đi qua những bức ảnh về kỳ nghỉ của một người quen trên mạng xã hội đầy những địa điểm kỳ lạ và thú vị tôi đang làm gì sai khi tôi không thể chấp nhận những kỳ nghỉ như thế? dường như những người khác đang sống cuộc sống tốt đẹp nhất của họ trong khi tôi chỉ đang trải qua những chuyển động.,Hãy nhớ rằng những người khác có thể tìm kiếm những thông tin mà bạn có thể làm cho họ khó khăn hơn trong việc tìm kiếm những thông tin mà bạn có thể làm cho họ thất vọng.,6,that_vong
Tôi bị gọi vào văn phòng quản lý của tôi bất ngờ cho một cuộc tranh luận nghiêm túc về màn trình diễn của tôi. tôi đã làm gì sai? tôi đã làm gì sai? tôi làm việc không đủ tốt? làm thế nào tôi sẽ thanh toán hóa đơn nếu tôi mất công việc này?,Hãy nhớ rằng bạn có thể vượt qua những khó khăn và khó khăn để có được những quyết định đúng đắn của mình.,3,gian_du
Tôi nhận được một cuộc gọi từ bác sĩ của tôi nói rằng họ cần phải thảo luận về kết quả kiểm tra gần đây của tôi. nếu nó là ung thư hoặc một số tình trạng cuộc sống khác? tôi còn quá trẻ để đối mặt với một cái gì đó như thế này.,Hãy nghĩ đến những điều bạn có thể tìm hiểu và tìm hiểu về những điều bạn có thể tìm thấy trong tương lai.,2,lo_au
"Bạn bè của tôi sẽ kết hôn hay đính hôn, và tôi vẫn sống độc thân không có triển vọng.","Bạn có thể tìm ra những điều mình có thể làm, thậm chí là tìm kiếm những điều mình có thể làm để tìm hiểu về những điều mình có thể làm, dù bạn có thể tìm thấy một điều gì đó trong tương lai, nhưng điều đó cũng không có nghĩa là bạn đang cố gắng để có được một tương lai tốt đẹp.",1,buon
"Tôi nghe thấy một tiếng động lạ trong căn hộ của tôi vào ban đêm khi tôi đang cố ngủ. tôi không an toàn, ngay cả trên giường của tôi. tôi không biết làm thế nào để tự bảo vệ bản thân mình.","Nếu bạn cảm thấy khó khăn và lo lắng, hãy cố gắng chấp nhận sự an toàn của người khác.",2,lo_au
"Nếu tôi không tìm được một công việc nào khác đủ nhanh, tôi phải trả tiền và không có tiền tiết kiệm.","Hoàn toàn tự nhiên và có thể cảm thấy lo lắng về việc mất mát của bạn, đặc biệt là khi bạn có vấn đề về tài chính và tiết kiệm thời gian, nhiều người sẽ cảm thấy như vậy trong hoàn cảnh của bạn.",4,trung_tinh
Tôi đã mất hàng giờ để tìm ra nó được gây ra bởi một chữ số đơn giản tôi không thể tin rằng tôi không thể bắt được nó sớm hơn tôi nên cẩn thận hơn trong bài kiểm tra của tôi sai lầm này làm tôi nghi ngờ kĩ năng của tôi là một người phát triển,"Hoàn toàn là điều tự nhiên khi bạn cảm thấy khó khăn và thất vọng khi bạn dành nhiều thời gian để cố gắng giải quyết vấn đề, chỉ để tìm ra nó là do một vấn đề đơn giản.",6,that_vong
Đội của tôi đã chỉ định cho tôi một dự án mới với hạn chót không thực tế mặc dù công việc nặng nề của tôi đã làm sao tôi có thể có được công việc chất lượng trong thời gian hạn hẹp như thế? thật không công bằng để gây áp lực cho tôi tôi tôi bắt đầu nghĩ tôi không phải là người có trách nhiệm trong công ty này,Hoàn toàn dễ hiểu khi cảm thấy khó khăn và khó khăn trong tình huống này.,6,that_vong
Tôi đã bị bỏ qua vì một sự thăng tiến mà tôi đã làm việc hàng tháng trời tôi tự hỏi mình đã làm gì sai hay những gì tôi có thể đã làm khác đi có lẽ tôi không giỏi trong công việc của mình như tôi nghĩ điều này khiến tôi tự hỏi về con đường sự nghiệp và tương lai của mình trong công ty này,"Để có được những điều tốt, hãy cố gắng vượt qua những khó khăn mà bạn phải vượt qua.",6,that_vong
Tôi đã phải đối phó với một khách hàng đặc biệt khó khăn và yêu cầu những người luôn luôn thay đổi yêu cầu và đổ lỗi cho tôi cho bất kỳ vấn đề nào. tại sao tôi luôn luôn bị mắc kẹt với các đối tượng thách thức nhất? nó không công bằng mà tôi phải chịu đựng sự thắc mắc của nhu cầu vô trách nhiệm của họ. dự án này làm cho tôi nghi ngờ khả năng của tôi là một nhà phát triển.,Hãy cố gắng hết sức để vượt qua những khó khăn đó.,6,that_vong
"Tôi đã mất hàng giờ làm việc với một bài tập, chỉ để có được mật mã của tôi thông qua một người phát triển mà không có lời giải thích. tại sao họ thậm chí còn làm phiền tôi nhiệm vụ này nếu họ chỉ cần để thay thế mã của tôi? tôi nghĩ rằng tôi đang làm một công việc tốt, nhưng bây giờ tôi không chắc chắn. có lẽ tôi không bị cắt đứt với vị trí này.",Điều này hoàn toàn dễ hiểu. bạn có thể tìm kiếm sự tiến bộ của mình trong tình huống này.,6,that_vong
"Bà của tôi, người mà tôi rất thân thiết, đã qua đời đột ngột tôi không thể tin là bà ấy đã thật sự ra đi tôi ước gì tôi có nhiều thời gian hơn với bà cuộc sống của tôi cảm thấy rất mong manh và mong manh",Điều đó hoàn toàn tự nhiên và có thể xảy ra để cảm nhận được sự mất mát của người thân.,1,buon
"Con chó nhỏ của tôi, đã ở bên tôi 15 năm, phải bị đè nén bởi những vấn đề sức khỏe tôi sẽ nhớ nó rất nhiều. nó luôn ở bên tôi trải qua những giai đoạn khó khăn nó rất khó để có thể sống mà không có nó","Hoàn toàn tự nhiên và có thể cảm nhận được những cảm xúc sâu sắc của bạn. trong khi đó, bạn sẽ không bao giờ cảm thấy đau khổ nữa.",1,buon
"Người bạn thân nhất của tôi, người mà tôi biết từ khi học đại học, đã chuyển đến một đất nước khác để làm việc chúng tôi đã trải qua rất nhiều chuyện cùng nhau sẽ không còn như trước nếu không có anh ấy bên cạnh tôi hy vọng chúng tôi có thể vượt qua khoảng cách","Hãy nhớ rằng khi bạn đã biết và vượt qua một thời gian dài, bạn có thể cùng nhau vượt qua những khó khăn và tìm kiếm những cơ hội thật sự để vượt qua những khó khăn.",1,buon
Tôi đã mất đi một đồng nghiệp gần với ung thư chúng tôi làm việc với nhau nhiều năm và anh ấy là một người thầy đối với tôi anh ấy đã dạy tôi rất nhiều và tin tưởng tôi tôi không nói với anh ấy sự ủng hộ của anh ấy có ý nghĩa thế nào với tôi cuộc sống quá ngắn,"Nó là hoàn toàn có thể hiểu và tự nhiên để cảm nhận được nỗi buồn sâu trong lòng đau buồn, và sự hối hận sau khi mất một đồng nghiệp gần và sự cố gắng, đặc biệt là ung thư. mất đi một người nào đó đã là một phần quan trọng của cuộc sống của bạn và đã tin tưởng vào bạn là thực sự thành công. xin vui lòng tốt với chính bạn khi bạn xử lý những cảm giác này.",0,vui
Mối quan hệ lâu dài của tôi kết thúc khi cộng sự của tôi quyết định chia tay tôi nghĩ chúng ta sẽ dành cả cuộc đời bên nhau tôi đang tự hỏi mọi thứ về bản thân và mối quan hệ của chúng ta tôi đã làm gì sai?,Điều này hoàn toàn có thể xảy ra và khiến bạn cảm thấy khó chịu. và bạn sẽ không bao giờ chấp nhận được mối quan hệ tốt đẹp này.,6,that_vong
Tôi quên sinh nhật bạn thân nhất của tôi và thậm chí không gọi hay nhắn tin cho anh ta tôi là một người bạn tồi sao tôi có thể quên sinh nhật của anh ta anh ta nghĩ tôi không quan tâm đến anh ta,Thật dễ dàng để cảm thấy có lỗi và buồn khi bạn quên đi một nhân vật quan trọng như bạn thân nhất của bạn.,6,that_vong
Tôi phải hủy bỏ kế hoạch với gia đình để làm một dự án vào cuối tuần. tôi có thể cân bằng công việc và gia đình tốt hơn.,"Hoàn toàn là điều tự nhiên để cảm thấy thất vọng và thất vọng khi bạn phải xóa bỏ những khó khăn trong kế hoạch của gia đình mình, trong khi làm việc, có thể bị ảnh hưởng bởi một số vấn đề khó khăn và cuộc sống cá nhân: ""Tôi có thể cân bằng gia đình và tốt hơn"".",2,lo_au
Tôi không nên làm như vậy nó không chuyên nghiệp và không công bằng với công việc của tôi tôi cần phải xin lỗi,Điều quan trọng là cảm thấy hối hận và khó chịu về việc bạn chọn giải quyết vấn đề này trong một ngày đầy căng thẳng.,3,gian_du
Tôi quên gọi cho bố mẹ vào ngày kỉ niệm ngày cưới của họ. và thậm chí tôi còn không nhớ gọi cho họ vào ngày kỉ niệm của họ.,"Điều đó hoàn toàn dễ hiểu để nhận ra sự thật về việc cha mẹ bạn có thể gặp phải những sai lầm nghiêm trọng trong tương lai. bạn không thể hiểu được mối quan hệ của bạn với cha mẹ bạn. dù bạn không quan tâm đến một người nào đó, nhưng đây là một vấn đề quan trọng, và cũng không phải là một vấn đề quan trọng.",1,buon
"Tôi phải bỏ lỡ đám cưới của bạn tôi để tham dự một cuộc hội thảo công việc, lẽ ra tôi phải tìm cách đến dự đám cưới bạn tôi phải thất vọng vì tôi không có ở đó để ủng hộ anh ta.","Những điều này hoàn toàn dễ hiểu để cảm thấy tội lỗi và mất đi mối quan hệ với bạn bè của bạn và làm mất đi mối quan hệ của bạn với những gì bạn đã có thể làm được. trong khi những tình huống này có thể là thách thức, ""Tôi đã tìm thấy một cách để tham gia vào đám cưới"" trong khi bạn bè của bạn đang cố gắng để có một thực tế bạn đã có một sự mâu thuẫn với sự kiện của bạn.",6,that_vong
"Tôi phát hiện ra rằng đồng nghiệp của tôi, người mà tôi coi là một người bạn, đã lan truyền tin đồn về tôi và cố gắng phá hoại dự án của tôi đằng sau lưng tôi. làm thế nào họ có thể làm điều này với tôi? tôi tin tưởng họ, và họ đâm sau lưng tôi. họ chỉ là một lời nói dối, tôi ghét họ với tất cả những gì tôi là con rắn.","Điều đó hoàn toàn có thể làm cho bạn cảm thấy bị tổn thương, bị phản bội và tức giận trong tình huống này. với một số vấn đề bạn tin tưởng có thể làm bạn đau khổ và mất niềm tin vào người khác.",3,gian_du
"Tôi khám phá ra rằng bạn gái cũ của tôi, người đã chia tay với tôi nhiều tháng trước, đã hẹn hò với người bạn thân nhất của tôi sau lưng tôi tôi không thể tin họ sẽ làm thế với tôi.",Điều này hoàn toàn có thể xảy ra và khiến bạn cảm thấy bị tổn thương.,6,that_vong
"Tôi đã bị bỏ qua vì được thăng chức ở nơi làm việc, và người có chức vụ là người mà tôi tin là ít đủ trình độ và có khả năng hơn tôi. thật không công bằng. tôi đã cố gắng hết sức vì công ty này, và họ trao sự thăng tiến cho một vài tên ngốc. tôi ghét nơi này và tất cả mọi người liên quan đến quyết định này.","Điều này hoàn toàn có thể làm bạn thất vọng, thất vọng, và thậm chí tức giận khi bạn tin rằng mình đã vượt qua được điều mình muốn. những cảm xúc này là phản ứng tự nhiên cho một tình huống có vẻ không thể chấp nhận được.",6,that_vong
"Tôi phát hiện ra rằng một nhóm bạn bè của tôi đã đi chơi và cố tình gạt tôi ra khỏi kế hoạch của họ tôi ghét mỗi người trong số họ vì làm cho tôi cảm thấy như một người bạn thực sự. họ không phải là bạn bè thực sự, chỉ là một đống những người giả tạo, ích kỷ.","Điều này hoàn toàn có thể xảy ra khi bạn cảm thấy bị tổn thương, và bạn không thể hiểu được những cảm xúc của mình.",6,that_vong
"Tôi đã bị tấn công và nhục nhã bởi một người lạ trên mạng xã hội vì bày tỏ ý kiến của mình về một vấn đề tranh cãi. tôi ghét người này vì sự tấn công độc ác, vô căn cứ của họ đối với tôi. họ thậm chí còn không biết tôi, nhưng họ cảm thấy có quyền được giới thiệu và thử làm nhục tôi trên mạng. tôi thích những người như thế này.","Bạn có thể hiểu được cảm xúc của một người khác khi bạn bị tổn thương, đặc biệt là khi bạn có thể cảm nhận được điều đó.",3,gian_du
"Tôi đã làm dự án này nhiều tuần nay, và người quản lý của tôi nói với tôi rằng khách hàng đã thay đổi yêu cầu của họ tất cả những nỗ lực của tôi là không có gì.","Nó hoàn toàn dễ dàng để cảm thấy bất lợi, nản lòng, và thậm chí một chút khó khăn trong tình huống này. dù bạn không bao giờ có thể chịu đựng được những nỗ lực của mình.",6,that_vong
"Tôi đã xin việc nhiều tháng rồi, nhưng chưa nhận được thiệp mời nào, tôi bắt đầu nghĩ mình sẽ không bao giờ tìm được việc nào tốt hơn.","Hãy cố gắng tìm hiểu về những điều mình có để tìm hiểu, dù bạn có cố gắng làm gì đi nữa, nhưng điều đó không có nghĩa là bạn không bao giờ có thể tìm được một công việc tốt hơn.",2,lo_au
"Tôi đã cố gắng học một ngôn ngữ lập trình mới, nhưng dường như tôi không thể nắm bắt được các khái niệm. tôi cảm thấy như tôi đang tụt lại phía sau các đồng nghiệp của tôi. nếu tôi không đủ thông minh để trở thành một phần mềm tốt? có lẽ tôi đã đạt đến giới hạn của khả năng của tôi và tôi sẽ không bao giờ giỏi như đồng nghiệp của tôi.",Điều quan trọng là bạn phải cố gắng hết sức để vượt qua những khó khăn và khó khăn trong quá trình học tập của mình.,6,that_vong
"Tôi đã độc thân lâu rồi, và tôi mới biết rằng vợ cũ của tôi sắp kết hôn, tôi cảm thấy như tôi sẽ không bao giờ tìm được ai đó để chia sẻ cuộc sống của mình.",Điều này hoàn toàn có thể xảy ra khi bạn cảm thấy mình đang có một mối quan hệ tốt đẹp với người khác.,1,buon
"Tôi đã cố gắng để tiết kiệm tiền cho một khoản thanh toán nhỏ cho một ngôi nhà, nhưng mỗi khi tôi tiến bộ, một cái gì đó xuất hiện làm giảm tiền tiết kiệm của tôi tôi cảm thấy như tôi sẽ không bao giờ có thể có được vị trí riêng của mình. mục đích của việc tiết kiệm là gì nếu một cái gì đó luôn luôn đến để lấy tiền của tôi đi? tôi cảm thấy như tôi không có kiểm soát được tương lai của tôi về tài chính.",Bạn có thể dành nhiều thời gian hơn để dành thời gian và thời gian cho việc học hỏi.,6,that_vong
Tôi đã bị bỏ qua để được thăng chức ở nơi làm việc mà tôi đã làm việc cả tháng trời. tôi sẽ không bao giờ đủ tốt để thành công. tôi có lẽ tốt hơn nên từ bỏ ước mơ của tôi.,"Nó hoàn toàn tự nhiên và dễ hiểu để cảm thấy thất vọng, nản lòng, và chán nản sau khi được thông qua cho một sự thăng tiến bạn đã làm việc chăm chỉ về phía trước. những cảm xúc này là đáng tin cậy, và nó là quan trọng để nhận biết họ. tuy nhiên, chúng ta hãy xem xét một số ý nghĩ bạn phát triển và xem liệu có thể có một số tiềm năng vượt qua tầm nhìn của bạn để có thể có sự hiểu biết của bạn: ""Điều gì là điểm khó khăn của thậm chí cố gắng hơn nữa?"" - Điều này suy nghĩ một chút của tất cả mọi thứ bất cứ điều gì trong suy nghĩ.",6,that_vong
Em bị một người mà em đã hẹn hò vài tuần và rất thích em sẽ ở một mình mãi mãi em sẽ không bao giờ yêu em em chỉ không đủ tốt với bất cứ ai,Điều này là hoàn toàn tự nhiên và có thể cảm nhận được những cảm xúc này và thậm chí không thể xác định được tương lai của bạn.,1,buon
"Tôi phát hiện ra rằng một vài người bạn của tôi đi chơi mà không mời tôi, và tôi thấy những bức ảnh của họ đang vui chơi trên mạng xã hội. tại sao ai đó lại muốn làm bạn với tôi? tôi chỉ không thú vị hay vui vẻ xung quanh tôi sẽ luôn là một người bạn.","Nếu bạn cảm thấy mình bị tổn thương, và cảm thấy khó chịu khi nhìn thấy bạn bè đi cùng với những khó khăn để có thể hiểu được: bạn không bao giờ nghĩ đến những điều mình đang gặp khó khăn hoặc khó khăn trong tình huống khó khăn.",4,trung_tinh
"Tôi đã nhận được một đánh giá kém về công việc, mặc dù cảm giác như tôi đã nỗ lực rất nhiều. tôi là một thất bại. tôi sẽ không bao giờ thành công trong sự nghiệp của tôi.",Bạn sẽ không bao giờ tìm ra được một cách nào khác để tìm ra sự thật.,6,that_vong
"Tôi đã cãi nhau với bố mẹ qua điện thoại, và họ biểu lộ sự thất vọng trong những lựa chọn của cuộc sống hiện tại. tôi là một đứa con tồi tệ. tôi sẽ không bao giờ đủ tốt cho cha mẹ tôi tôi cũng có thể thôi cố gắng duy trì mối quan hệ với họ.",Nó hoàn toàn tự nhiên và dễ hiểu để cảm thấy tổn thương. và thất vọng khi có một mối quan hệ với cha mẹ của bạn và nghe thấy sự không hài lòng của họ về những lựa chọn trong cuộc sống của bạn.,6,that_vong
Mọi người bắt đầu cười và chỉ ra sai lầm của tôi tôi không thể tin là tôi đã phạm sai lầm ngu ngốc như vậy ai cũng phải nghĩ rằng tôi có thể không bao giờ xuất hiện mặt ở văn phòng nữa,Hãy thử nghĩ về những khả năng mà bạn có thể nhận ra.,6,that_vong
"Tôi đã ở bữa tiệc công ty và vô tình làm đổ rượu lên áo tôi. tôi đã cố dọn dẹp nó, tôi bị vấp ngã và ngã trước mặt mọi người. tại sao tôi lại như vậy? tất cả mọi người phải cười vào mặt tôi. tôi đã phá hỏng danh tiếng của tôi trước mặt đồng nghiệp của tôi.",Bạn hoàn toàn có thể hiểu được cảm giác của mình.,3,gian_du
"Tôi đã hẹn hò lần đầu tiên với một người mà tôi thực sự thích, và tôi bắt đầu nói về bạn gái cũ của tôi. tôi đã quá muộn rằng tôi đã quá muộn rằng tôi đã quá chia tay và làm cho tình huống đó.",Cô ấy có thể cảm thấy xấu hổ và khó khăn khi nghĩ về những điều mình có thể làm.,6,that_vong
Lúc đó tôi đang tập thể dục và cố gắng nâng tạ nặng quá sức với tôi tôi không thể hoàn thành công việc và phải nhờ ai đó giúp đỡ tôi rất đáng thương mọi người ở đây phải nghĩ tôi yếu đuối tôi không nên ở phòng tập nếu tôi không chịu nổi trọng lượng,"Bạn có thể cảm thấy khó khăn trong một tình huống như thế này. thậm chí khi bạn cố gắng vượt qua những khó khăn của mình, bạn cũng không thể tìm được sức mạnh của bản thân.",7,met_moi
Tôi đang họp mặt với sếp và đồng nghiệp khi sếp gọi tôi ra vì một sai lầm mà tôi đã phạm phải trong báo cáo của tôi anh ta chỉ trích tôi trước mặt mọi người tôi không thể tin tôi đã phạm sai lầm tôi không thể tin rằng tôi đã phạm sai lầm sếp tôi phải nghĩ rằng tôi là người tôi sẽ bị sa thải vì chuyện này tất cả mọi người biết bây giờ tôi là một kẻ thất bại,"Hoàn toàn có thể hiểu được cảm giác đau buồn, và lo lắng về việc bị đánh giá cao bởi những người đồng nghiệp.",6,that_vong
"Tôi đã bị bỏ qua vì được thăng chức ở nơi làm việc, và một đồng nghiệp ít kinh nghiệm nhận được vị trí thay vào đó. có lẽ tôi không giỏi như tôi nghĩ. nếu tôi không bao giờ thăng tiến trong sự nghiệp của mình? tôi có thể không có những gì cần thiết để thành công trong lĩnh vực này.",Hãy cố gắng vượt qua những khó khăn trong việc học hỏi và tìm hiểu thêm về khả năng của mình.,6,that_vong
Tôi đã thấy bạn gái cũ của tôi ở bữa tiệc với bạn trai mới của cô ấy và họ trông rất hạnh phúc với nhau. tại sao tôi không thể tìm một ai đó muốn ở bên tôi? nếu tôi không hấp dẫn hoặc thú vị để tìm tình yêu? có lẽ tôi sẽ cô đơn mãi mãi.,"Hãy nhớ rằng cảm xúc của bạn là chính đáng, và quan trọng là bạn phải tự kiểm soát tình hình của mình trong thời gian khó khăn. và hãy để cho những điều khó khăn có thể ảnh hưởng đến suy nghĩ của bạn.",1,buon
"Tôi đã đăng một bức ảnh lên mạng xã hội và hầu như không ai thích hay được bình luận về nó, trong khi các bài viết của người khác có rất nhiều đính hôn. tại sao mọi người không quan tâm đến những gì tôi phải nói? tại sao mọi người không quan tâm đến những gì tôi phải nói?",Bạn có thể cảm thấy thất vọng và thắc mắc về việc bạn không nhận được sự gắn bó với phương tiện truyền thông.,6,that_vong
"Tôi đã nói chuyện với một số đồng nghiệp về một ngôn ngữ lập trình mới, và tôi nhận ra rằng tôi không biết nhiều về nó như họ. những người khác dường như biết nhiều hơn tôi. nếu họ phát hiện ra tôi không có khả năng như họ nghĩ? tôi có thể mất việc nếu họ nhận ra tôi là một kẻ lừa đảo.",Bạn có thể tìm hiểu về những điều mình có để tìm hiểu và tìm hiểu về những điều mình có.,6,that_vong
Nếu tôi không bao giờ tìm được ai đó để xây dựng một cuộc sống cùng? có lẽ tôi quá tập trung vào sự nghiệp của mình và tôi đã bỏ lỡ cơ hội có một gia đình. tôi có thể kết thúc một mình và hối tiếc.,Bạn sẽ không bao giờ có được một mối quan hệ tốt đẹp như thế này. và bạn sẽ không bao giờ có được một sự lựa chọn nào đó.,6,that_vong
"Đồng nghiệp của tôi đã nhận công lao cho công việc của tôi trong cuộc họp của nhóm tôi không thể tin họ sẽ làm điều đó. thật bất công và thiếu tôn trọng. tôi đã làm việc rất chăm chỉ cho dự án đó, và bây giờ họ đang nhận tất cả công lao.","Điều này hoàn toàn dễ hiểu, và điều này khiến bạn khó chấp nhận và khó chấp nhận.",6,that_vong
"Tôi bị kẹt xe trên đường đi làm, khiến tôi bị trễ một cuộc họp quan trọng. thật tuyệt. bây giờ mọi người sẽ nghĩ rằng tôi không thể tin được chuyện này đang xảy ra.","Đó là một tình huống căng thẳng, và cảm giác của bạn là hợp lý. tuy nhiên, hãy xem xét kỹ hơn những suy nghĩ của bạn và xem liệu có thể có một số sai sót trong trò chơi: * Quá muộn cho một cuộc gặp mặt quan trọng về giao thông. đó là một tình huống khó khăn, và cảm xúc của bạn là đúng. Tuy nhiên, chúng ta hãy nhìn kỹ hơn vào những suy nghĩ của bạn và xem liệu có thể có một số khó khăn xảy ra tại thời điểm thuận lợi ở trận đấu: *Có thể vượt qua quá trình vượt quá giới hạn: * Bây giờ tất cả mọi người sẽ nghĩ rằng tôi sẽ nghĩ rằng tôi đang gặp khó khăn không có nghĩa là tất cả mọi người sẽ xem bạn là người xem bạn như là tình huống có thể đạt được thời gian và có nhiều điều kiện đáng tin cậy hơn nữa. hãy cố gắng để vượt qua những gì bạn có thể thực hiện thực hiện thực hiện ra trong quá khứ của mình.",6,that_vong
"Bạn cùng phòng của tôi lại gặp rắc rối trong bồn rửa chén, mặc dù chúng tôi đã đồng ý dọn dẹp cho bản thân. tôi quá mệt mỏi phải dọn dẹp cho họ. và họ có thể tự giải quyết rắc rối của mình. tôi cảm thấy như tôi đang sống với một đứa trẻ.",Bạn có thể cảm thấy khó chịu và khó chấp nhận điều đó.,7,met_moi
"Tại sao điều này lại xảy ra bây giờ? tôi có rất nhiều việc phải làm, và tôi không thể tiếp tục nhận được. tôi sẽ bị gián đoạn bởi thời hạn của tôi.","Hoàn toàn dễ hiểu để cảm thấy khó khăn hơn và lo lắng về công việc của bạn khi kết nối internet không ổn định. Nhiều người sẽ cảm thấy như vậy trong tình huống của bạn. Hãy xem xét kỹ hơn về những vấn đề của bạn và xem liệu chúng ta có thể tìm thấy một quan điểm quan trọng hơn. vượt qua khó khăn này: ""Tại sao điều này xảy ra ngay bây giờ?"" ngụ ý rằng các vấn đề kết nối là không ổn định, trong khi thực tế, họ có thể là tạm thời hoặc khó khăn.",2,lo_au
Tôi đã nhận được một email thụ động từ một câu hỏi tương tự về công việc của mình trong một dự án. và bây giờ họ đang cố gắng làm cho tôi trở nên tồi tệ. tôi không xứng đáng với loại điều trị này.,"Những điều khác hoàn toàn dễ hiểu để cảm thấy bị tổn thương, và khi nhận được một vấn đề khó khăn, hãy xem xét kỹ hơn những vấn đề mà bạn có thể gặp phải trong suy nghĩ của bạn.",6,that_vong
"Tôi đã thấy bạn gái cũ của tôi, người mà tôi vẫn còn có tình cảm, nắm tay với bạn trai mới của mình tại trung tâm mua sắm. tại sao cô ấy chọn anh ta hơn tôi? tôi không đủ tốt? tôi sẽ bao giờ tìm được ai đó yêu mình như thế?",Hãy cố gắng hết sức để vượt qua những khó khăn đó.,1,buon
"Bạn thân nhất của tôi được thăng chức ở nơi làm việc, trong khi tôi bị mắc kẹt ở cùng một vị trí trong 2 năm. thật không công bằng khi anh ấy được thăng chức và tôi không có. có lẽ tôi không giỏi như tôi nghĩ. nếu tôi không bao giờ thăng tiến trong sự nghiệp của mình thì sao?","Tôi hiểu rằng sự thật khó khăn và khó đạt được như thế nào khi bạn nhìn thấy một người nào đó gần thành công, trong khi bạn cảm thấy bị mắc kẹt, điều quan trọng là nhận ra rằng những ý tưởng này có thể bị ảnh hưởng bởi những điều khiến bạn khó hiểu.",6,that_vong
Tôi đã đi qua mạng xã hội và thấy hình ảnh bạn bè của tôi tại một bữa tiệc tôi không được mời họ không thích tôi nữa họ không thích tôi nữa tôi không vui vẻ khi ở gần tôi có thể tôi không đủ tốt cho nhóm bạn của họ,"Tôi hiểu làm thế nào nhìn thấy bạn bè của bạn ở một bữa tiệc bạn không được mời để có thể cảm thấy khó chịu và làm cho bạn cảm thấy bị bỏ rơi (Bạn đang nghĩ rằng bạn sẽ không còn vui vẻ nữa, nhưng bạn không có bằng chứng cụ thể nào để có thể hiểu được rằng bạn có thể hiểu được những lý do mà bạn không thể hiểu được, và bạn không thể hiểu hết những điều đó.",6,that_vong
"Em trai tôi đã tuyên bố rằng nó sắp kết hôn, khi tôi còn độc thân. tại sao tôi không thể tìm ai đó để hòa giải? có gì đó không ổn với tôi? tôi sẽ kết thúc mãi mãi?",Tôi có thể hiểu được lý do tại sao tình trạng của anh chị lại khó khăn như vậy.,2,lo_au
"Tôi đã nói về kỹ năng của một thành viên trong đội, trong khi không ai nhắc đến sự đóng góp của tôi. tại sao họ không nhận ra nỗ lực của tôi? tôi không giỏi như tôi nghĩ? có lẽ tôi không thuộc về nơi này.","Nếu bạn cảm thấy khó khăn, bạn sẽ không thể hiểu được những gì mình đã làm.",6,that_vong
"Tôi dành một kỳ nghỉ cuối tuần khác một mình, xem phim và chơi trò chơi điện tử, không có bạn bè hay gia đình để dành thời gian bên cạnh. tôi có luôn ở một mình không? có điều gì không ổn với tôi mà làm cho mọi người không muốn ở bên cạnh tôi? tôi e rằng tôi sẽ không bao giờ tìm được ai đó để chia sẻ cuộc sống của mình với họ.",Tôi hiểu tình huống khó khăn của bạn là cố gắng hết sức để vượt qua những khó khăn mà bạn đang gặp phải.,1,buon
"Tôi đã thấy những bức ảnh trên mạng xã hội bạn bè của tôi đi chơi với nhau mà không có tôi, và tôi thậm chí còn không được mời. tại sao họ không mời tôi? họ không thích tôi nữa? tôi nghĩ chúng ta là bạn nhưng có lẽ tôi đã sai.",Tôi hiểu làm thế nào để thấy bạn bè của bạn dành thời gian cho nhau và làm cho bạn thắc mắc về tình bạn của bạn.,1,buon
Tôi phải tham dự một sự kiện làm việc một mình bởi vì tôi không có một cuộc hẹn hay bất cứ ai đi với tôi. nhưng tôi luôn luôn là một trong những người kì lạ. tôi lo rằng đồng nghiệp của tôi sẽ nghĩ rằng có điều gì đó sai trái với tôi một mình.,Hãy cố gắng tìm hiểu xem bạn đang gặp khó khăn nào trong hoàn cảnh khó khăn.,2,lo_au
"Tôi đã cố gắng sắp xếp với vài người bạn, nhưng tất cả mọi người đều bận rộn hoặc có những cam kết khác, để lại cho tôi không có gì để làm. tại sao tôi không thể tìm được ai đó muốn dành thời gian cho tôi? tôi e rằng tôi sẽ không bao giờ có được tình bạn thân thiết hay mối quan hệ mà người khác có.","Bạn có thể cảm thấy rất khó khăn để có được một tương lai tốt đẹp, nhưng bạn sẽ không bao giờ có được một sự cố nào đó trong tương lai.",2,lo_au
"Tôi trở về nhà sau một ngày dài làm việc tại một căn hộ trống vắng, không ai để nói chuyện hoặc chia sẻ ngày của tôi với. cuộc sống của tôi sẽ như thế nào cuộc sống của tôi sẽ luôn như thế này? trở về nhà đến một nơi trống vắng, không có ai để yêu thương hay được yêu thương? đó là một suy nghĩ",Bạn có thể cảm thấy cô đơn và buồn phiền khi về nhà sau một ngày làm việc lâu dài. và điều này rất quan trọng để hiểu được tình hình của bạn.,1,buon
"Tôi nhận ra rằng bạn gái cũ của tôi, người mà tôi vẫn còn tình cảm với, chỉ là đã kết hôn với một người khác. tôi cứ nghĩ về tất cả những kỷ niệm hạnh phúc mà chúng tôi đã chia sẻ và làm thế nào tôi có thể không bao giờ trải nghiệm những mối liên hệ đó một lần nữa. thật khó để chấp nhận rằng cô ấy tiếp tục trong khi tôi vẫn còn trong quá khứ.",Tôi có thể hiểu được tại sao tình huống này lại khó khăn và khó khăn cho bạn.,6,that_vong
Tôi nhận được tin rằng con thú cưng của tôi đã qua đời ở nhà bố mẹ tôi. tôi không thể không ngừng nhớ về tất cả những khoảnh khắc vui vẻ mà chúng tôi đã chia sẻ và bao nhiêu tình yêu mà họ mang lại vào cuộc sống của tôi. và tôi phải chấp nhận nó.,Bạn có thể tìm được niềm vui trong quá trình tìm kiếm của mình. dù bạn không bao giờ có thể tìm được niềm vui trong quá trình này.,1,buon
"Tôi đã bỏ qua để được thăng chức ở nơi làm việc, mặc dù đã bỏ rất nhiều công sức và dành nhiều thời gian dài cho công việc của mình. tôi tự hỏi những gì tôi có thể đã làm khác nhau để chứng minh bản thân và đạt được sự thăng tiến. thật khó khăn để không chấp nhận nó và cảm thấy rằng tôi không đủ tốt.",Tôi hiểu làm thế nào để tìm hiểu về những vấn đề khó khăn và khó khăn mà bạn có thể vượt qua.,6,that_vong
"Tôi đã tham dự đám cưới của một người bạn thân và nhận ra rằng tôi là người duy nhất trong số những người bạn của tôi vẫn còn độc thân tôi không thể không so sánh bản thân với bạn bè của tôi và cảm thấy như tôi đang bỏ lỡ một điều gì đó, thật khó để từ bỏ nỗi sợ rằng tôi có thể kết thúc một mình trong khi mọi người khác tiếp tục cuộc sống của họ.",Tôi hiểu rằng tình huống hiện tại là để giúp bạn hiểu rõ hơn về tình trạng của mình. bạn có thể không phải là người duy nhất có thể hiểu được điều đó.,1,buon
Tôi tình cờ nhìn thấy những bức ảnh cũ của một người bạn thân đã qua đời cách đây vài năm tôi thấy bản thân mình ước gì tôi có thể quay trở lại với thời gian và những khoảnh khắc chúng ta bên nhau hơn đó là một ký ức đau buồn rằng cuộc sống là mong manh và rằng chúng ta không bao giờ nên lấy đi những người mà chúng ta yêu thương,Tôi rất tiếc khi nghe tin bạn thân mất tích. dù bạn không bao giờ có thể làm điều đó.,1,buon
Tôi đã bị bỏ qua để được thăng chức trong công việc mà tôi đã làm việc hàng tháng trời tôi sẽ không bao giờ thành công trong sự nghiệp của mình tôi không đủ giỏi và tôi không có những gì cần thiết để đạt được,Bạn có thể tìm ra những cơ hội mà bạn có để vượt qua những khó khăn về khả năng của mình.,6,that_vong
Bạn gái tôi 2 năm chia tay tôi bất thình lình tôi sẽ cô đơn mãi mãi không ai yêu tôi nữa tôi không xứng đáng được ở trong một mối quan hệ,"Hãy cố gắng vượt qua những khó khăn mà bạn có thể tìm được, dù bạn có thể mất nhiều thời gian, nhưng điều đó cũng không có nghĩa là bạn không thể tìm được một mối quan hệ nào.",6,that_vong
Tôi phát hiện ra người bạn thân nhất của tôi đang nói xấu về tôi đằng sau lưng tôi phải là một người xấu nếu bạn thân nhất của tôi không thích tôi tôi sẽ không bao giờ có thể tin bất cứ ai nữa,"Hãy nghĩ về những điều bạn có thể làm, dù bạn có cảm thấy khó khăn đến đâu, nhưng hãy cố gắng hết sức để vượt qua những khó khăn mà bạn có thể hiểu được.",3,gian_du
Tôi đã phạm một sai lầm lớn trong công việc làm tốn rất nhiều tiền của công ty tôi không xứng đáng có được công việc này tôi đã làm mọi người thất vọng và tôi sẽ không bao giờ có thể chuộc lại lỗi lầm của mình,"Nếu bạn có thể vượt qua khó khăn này, bạn sẽ không bao giờ chấp nhận được điều đó.",6,that_vong
Tôi không đủ thông minh hay đủ tài năng để đạt được mục tiêu của mình tôi sẽ không bao giờ thành công và tôi sẽ có một cuộc sống hạnh phúc,Tôi hiểu rằng việc bác bỏ những suy nghĩ này hẳn là một điều đáng ngạc nhiên và đáng ngạc nhiên. hãy xem xét một số vấn đề có thể xảy ra trong suy nghĩ của bạn: Bạn đang xem xét những suy nghĩ này như một sự thất bại trong thực tế không có nghĩa là bạn không đủ khả năng để vượt qua những điều đó.,5,hy_vong
"Tôi đã liên lạc với bạn bè để lên kế hoạch cho cuối tuần, nhưng không có ai trả lời tin nhắn của tôi. tại sao tôi lại cố gắng lên kế hoạch? không ai từng muốn đi chơi với tôi tôi không đủ tốt cho họ.",Bạn có thể không cảm thấy khó chịu vì bạn không thể chấp nhận được những điều đó. dù bạn không bao giờ nghĩ đến những điều đó.,6,that_vong
"Tôi đã làm việc chăm chỉ trong một dự án tại nơi làm việc, nhưng người quản lý của tôi không nhận ra nỗ lực của tôi trong cuộc họp nhóm. và thậm chí không ai để ý. tôi đoán tôi không quan trọng với nhóm như tôi nghĩ.","Tôi hiểu cảm giác khó khăn và thất vọng của bạn phải được thực hiện bởi một số hành động mà bạn có thể nhận được trong suy nghĩ của bạn: * Thất bại, đặc biệt là trong một tập hợp của bạn, điều này không có nghĩa là sự đóng góp của bạn là quan trọng hoặc dễ dàng tập trung vào công việc của bạn, nhưng hãy cố gắng để có thể nhận ra những lợi ích của bạn trong công việc này.",6,that_vong
"Tôi đã cố gắng để bắt chuyện với đồng nghiệp, nhưng họ dường như không chú ý và nhanh chóng kết thúc cuộc trò chuyện. tại sao tôi thậm chí phải cố gắng để kết nối với mọi người? không ai dường như quan tâm về những gì tôi phải nói.","Tôi hiểu tình huống này cảm thấy khó khăn và khó khăn. bạn có thể cảm thấy khó khăn khi nghĩ rằng bạn sẽ không có kết quả tốt hơn, nhưng bạn sẽ không có bất cứ điều gì khác.",6,that_vong
"Tôi liên lạc với gia đình để được hỗ trợ trong lúc khó khăn, nhưng họ đã quá bận rộn để nói chuyện. nhưng họ không có ở đó khi tôi cần họ. tôi không phải là một ưu tiên đối với họ.","Tôi hiểu rằng những người trong gia đình có thể cảm thấy khó khăn và khó khăn hơn, nhưng bạn không bao giờ nghĩ rằng họ có thể giúp bạn vượt qua những khó khăn này.",1,buon
"Tôi đã đăng bài về một thành tựu trên mạng xã hội, nhưng hầu như không ai thích hay bình luận về nó.",Tôi hiểu tại sao bạn cảm thấy nản lòng sau khi chia sẻ những suy nghĩ tiêu cực của bạn.,6,that_vong
Tôi đang ở giữa dự án của tôi với cả đội khi tâm trí tôi bất chợt trống rỗng tôi không thể nhớ những gì tôi phải nói tiếp theo tôi sẽ mất việc họ sẽ nghĩ rằng tôi đang ở đây tôi đã làm mọi người thất vọng tôi sẽ không bao giờ có thể đối mặt với đồng nghiệp của tôi nữa tôi sẽ không bao giờ có thể đối mặt với đồng nghiệp của tôi nữa,Bạn có thể cảm thấy khó khăn và khó khăn khi phải đối mặt với tình huống khó khăn này. bạn sẽ không bao giờ hiểu được điều đó.,6,that_vong
Tôi đã hẹn hò lần đầu tiên với một người mà tôi rất thích khi tôi làm đổ hết ly rượu của tôi lên bàn họ nhìn và khó chịu tôi đã hoàn toàn đối xử với bản thân họ sẽ không bao giờ muốn gặp lại tôi tôi là một thằng ngốc tôi sẽ cô đơn mãi mãi,"Hãy nghĩ về điều này, bạn có thể cảm thấy khó khăn hơn, nhưng điều đó không có nghĩa là bạn phải chấp nhận sự thật.",3,gian_du
"Tôi chuẩn bị đi phỏng vấn công việc quan trọng khi nhận ra mình bị đau lốp, tôi không có thời gian để thay đổi nó tôi sẽ bỏ lỡ cuộc phỏng vấn họ sẽ không bao giờ cho tôi một cơ hội nữa tôi sẽ trở thành người vô gia cư cuộc sống của tôi đang tan vỡ",Tôi hiểu tình huống khó khăn và khó khăn này là thế nào. bạn có thể không bao giờ tìm thấy một tình huống khó khăn mà bạn đang gặp phải trong quá khứ. bạn có thể không phải là một tình huống khó khăn để thực hiện điều này.,6,that_vong
"Bạn bè tôi không mời tôi đi chơi với họ vào cuối tuần này, có lẽ họ đang nói chuyện sau lưng tôi và không muốn làm bạn với tôi nữa.",Tôi hiểu tình huống này sẽ khiến bạn cảm thấy bị tổn thương và khó hiểu. bạn không thể hoàn toàn hiểu được điều đó. bạn không muốn bạn bè của mình nói chuyện sau lưng. và không muốn là bạn bè của mình nữa.,3,gian_du
Tôi nhìn thấy người hàng xóm nhìn tôi qua cửa sổ khi tôi đi làm. cố gắng thu thập thông tin về cuộc sống của tôi.,"Nếu bạn cảm thấy khó hiểu về hành vi của người hàng xóm, hãy xem xét kỹ hơn những gì bạn đang tìm hiểu.",5,hy_vong
Tôi nhận được một email bí mật từ sếp tôi yêu cầu gặp riêng tôi. và họ sẽ sa thải tôi hoặc tôi.,Tôi hiểu đây là một tình huống khó khăn và bạn có thể cảm thấy lo lắng về việc gặp gỡ với người chủ như thế nào. bạn có thể hiểu rằng mình đã làm điều gì đó sai và có thể phải đối mặt với những kết quả xấu. dù bạn không có bất cứ bằng chứng cụ thể nào để có được sự hiểu biết này.,2,lo_au
Đồng nghiệp của tôi đã nhận công lao của dự án mà tôi dành nhiều tuần làm việc trong buổi họp nhóm sao họ dám ăn cắp công sức của tôi tôi đã nỗ lực rất nhiều và bây giờ họ đang nhận được tất cả những lời khen ngợi điều này thật không công bằng và tôn trọng,Bạn có thể cảm thấy khó chịu và khó khăn hơn khi nghĩ đến những điều mình có thể làm.,0,vui
"Tôi phát hiện ra bạn gái cũ của tôi, người mà tôi vẫn còn tình cảm với, bây giờ đang hẹn hò với bạn thân của tôi tôi không thể tin họ sẽ làm thế này với tôi bạn thân của tôi biết tôi quan tâm cô ấy thế nào họ đang phản bội và tôi ghét họ vì họ làm tổn thương tôi như thế này",Tôi có thể hiểu làm thế nào để giúp đỡ những người có nguy cơ bị tổn thương. bạn có thể nhận ra rằng bạn đang cố gắng hết sức để tìm hiểu về điều này.,3,gian_du
Một khách hàng đã mắng tôi và đổ lỗi cho tôi về một vấn đề không phải lỗi của tôi trong một cuộc gọi hội nghị. tôi đã làm tất cả mọi thứ đúng và bây giờ tôi bị đổ lỗi cho lỗi lầm của người khác. tôi không xứng đáng được đối xử như thế này.,"Nếu bạn cảm thấy khó chịu và bất công, bạn có thể hiểu được tình huống này.",3,gian_du
Tôi đã xem một kênh truyền thông xã hội từ một người bạn cũ nói về công việc trả lương cao và lối sống của họ. tại sao họ có thể có một cuộc sống hoàn hảo trong khi tôi đang đấu tranh? điều đó không công bằng họ thậm chí còn không làm việc chăm chỉ và mọi thứ chỉ được trao cho họ,Tôi hiểu tại sao bạn cảm thấy khó khăn và khó hiểu về những điều bạn có thể làm được.,6,that_vong
Tôi bị kẹt trong tình trạng tắc đường kinh khủng và bỏ lỡ một cuộc phỏng vấn quan trọng vì nó.,Tôi hiểu tình hình khó khăn và khó khăn như thế nào để vượt qua khó khăn này.,2,lo_au
Tôi đã bỏ lỡ đám cưới bạn thân nhất của mình bởi vì tôi đang làm việc trong một dự án mà hóa ra là không cần thiết. tôi nên nhận ra rằng dự án có thể chờ đợi. bây giờ tôi đã làm bạn thân nhất của tôi thất vọng và bỏ lỡ một khoảnh khắc một lần trong một cuộc đời tôi sẽ không bao giờ có thể bù đắp cho anh ấy.,Tôi hoàn toàn hiểu tại sao bạn cảm thấy thất vọng và thất vọng về những gì bạn đã làm trong quá trình tìm kiếm của bạn.,6,that_vong
"Tôi từ chối một đề nghị công việc từ một công ty công nghệ hàng đầu bởi vì tôi thấy thoải mái với vị trí hiện tại của mình, chỉ để bị sa thải một tháng sau đó. tại sao tôi chơi nó quá an toàn? tại sao tôi nên chấp nhận rủi ro và chấp nhận đề nghị. bây giờ tôi đã tự lừa dối bản thân vì không phải là một cơ hội khi tôi có nó.","Tôi hiểu đây là một tình huống rất khó khăn, và nó là một điều tự nhiên để cảm thấy hối tiếc và thất bại trong công việc của bạn.",6,that_vong
Tôi chưa bao giờ nói với ông tôi có ý nghĩa thế nào đối với tôi trước khi ông qua đời đột nhiên tôi sẽ không bao giờ có thể nói với ông rằng tôi rất ngưỡng mộ và trân trọng ông tôi nên cố gắng nhiều hơn để dành thời gian cho ông và cho ông biết tôi cảm thấy như thế nào,Tôi rất tiếc về những điều mà ông đã gây ra cho cuộc sống của bạn. thậm chí là những điều khó khăn cho bạn để có thể vượt qua nỗi đau của bạn. nhưng hãy xem xét những gì bạn có thể được thực hiện trong suy nghĩ của bạn: bạn có thể nghĩ rằng bạn sẽ không bao giờ có thể tôn trọng một người thân yêu của bạn hoặc không thể thực hiện được những cảm xúc của bạn.,0,vui
"Tôi chần chừ nghiên cứu cho một kỳ thi chứng khoán và cuối cùng thất bại, thiết lập lại sự nghiệp của mình. tôi không có ai để đổ lỗi cho bản thân mình. nếu tôi chỉ học tập một cách nhất quán thay vì chờ đến phút cuối cùng, tôi đã vượt qua. bây giờ tôi đã lãng phí thời gian, tiền bạc và sự tăng trưởng của tôi.","Tôi có thể hiểu được tại sao bạn cảm thấy khó khăn và thất vọng sau khi vượt qua khó khăn trong việc vượt qua khó khăn và khó khăn khi chúng ta không đạt được mục tiêu, đặc biệt là khi chúng ta cố gắng hết sức để đạt được mục tiêu đó.",6,that_vong
"Tôi đã chọn làm việc trong suốt những năm đại học của mình thay vì đi học ở nước ngoài khi tôi có cơ hội, và bây giờ tôi cảm thấy như tôi đã bỏ lỡ một trải nghiệm cuộc sống tôi để nỗi sợ hãi của tôi về những mối quan tâm không biết và về tài chính giữ tôi lại từ một cơ hội tuyệt vời bây giờ tôi sẽ luôn luôn tự hỏi ""nếu?"" và cảm thấy như tôi giới hạn tầm nhìn của tôi.","Tôi hiểu rằng việc tìm kiếm sự thật sẽ khó khăn như thế nào nếu bạn không có cơ hội để học hỏi Kinh Thánh, và cũng không có cơ hội để tìm hiểu thêm về điều này.",6,that_vong
"Tôi đã hẹn hò với một đồng nghiệp, nhưng cô ấy nói rằng cô ấy không thích hẹn hò với ai đó ở chỗ làm.",Tôi hiểu điều này là một tình huống khó khăn và khó hiểu cho bạn. bạn sẽ không bao giờ có được sự quan tâm trong quá trình của bạn.,6,that_vong
"Tôi đã xin được thăng chức ở chỗ làm, nhưng người quản lý của tôi cho tôi biết rằng họ quyết định đi với một ứng viên khác có nhiều kinh nghiệm hơn. tôi bắt đầu nghi ngờ khả năng của tôi và tự hỏi liệu tôi có bao giờ đủ giỏi để thăng tiến trong sự nghiệp của tôi.","Tôi rất tiếc khi biết rằng bạn không có nhiều cơ hội để vượt qua khó khăn, nhưng hãy cố gắng hết sức để vượt qua khó khăn.",2,lo_au
"Tôi đã liên lạc với một người bạn cũ để bắt kịp, nhưng họ không bao giờ trả lời tin nhắn của tôi.","Trong khi bạn bè cũ của bạn đang gặp khó khăn, bạn có thể không nghĩ đến những vấn đề khó khăn của mình.",6,that_vong
"Tôi đã cố gắng tham gia một cuộc trò chuyện với một nhóm đồng nghiệp trong bữa trưa, nhưng họ có vẻ không được chú ý trong đó có tôi.",Tôi hiểu rằng tình huống này có thể khiến bạn cảm thấy rất khó chịu và khó khăn để có được những suy nghĩ và cảm giác đó khi bạn cảm thấy mình không còn quan tâm đến một số vấn đề mà bạn không bao giờ có thể vượt qua được.,6,that_vong
"Tôi đã nộp đơn xin việc cho một công việc mà tôi đã rất hào hứng, nhưng tôi chưa từng nghe tin từ công ty, tôi bắt đầu mất tự tin về kỹ năng và khả năng của mình.","Tôi có thể hiểu được những điều khó khăn mà bạn có thể nhận ra, thậm chí bạn không thể hiểu được những điều bạn có thể làm trong lĩnh vực này.",6,that_vong
"Tôi đã vô tình xóa một đoạn mã quan trọng mà tôi đã làm việc trong nhiều tuần, và bây giờ tôi phải bắt đầu lại từ đầu. tôi không thể tin là mình quá ngu ngốc. đáng lẽ tôi nên tiếp tục công việc của mình thường xuyên hơn. bây giờ tôi đã làm cho đội của tôi thất vọng và chúng tôi có thể bỏ lỡ thời gian của chúng tôi vì sai lầm của tôi.",Tôi hiểu rằng bạn có thể cảm thấy khó khăn đến mức nào để có thể làm được điều này. bạn sẽ không bao giờ nghĩ rằng bạn có thể vượt qua được những khó khăn này.,6,that_vong
Tôi cãi nhau với người bạn thân nhất và nói những điều đau buồn mà tôi không cố ý bây giờ họ không nói chuyện với tôi tôi ước gì tôi có thể rút lại những gì tôi đã nói tôi rất trân trọng tình bạn của chúng ta và bây giờ tôi đã hủy hoại nó tôi không biết liệu họ có bao giờ tha thứ cho tôi,Tôi rất tiếc khi bạn phải trải qua tình huống khó khăn này với người bạn tốt nhất của bạn. bạn có thể cảm thấy khó khăn hơn khi nghĩ về tương lai của bạn.,6,that_vong
"Em quên gọi cho mẹ vào sinh nhật mẹ, và bây giờ mẹ thực sự rất buồn với em. em không thể tin là em quá tự tin và em đã quên sinh nhật mẹ mình. mẹ luôn ở bên em, và em thậm chí còn không nhớ có một cuộc gọi điện thoại đơn giản.","Tôi hiểu cảm giác đau buồn thế nào khi bạn quên đi những suy nghĩ của mẹ mình, đặc biệt là khi bà ấy luôn nghĩ rằng bạn có thể cảm thấy có lỗi và thất vọng vì đã quên đi một điều gì đó.",1,buon
"Tôi đã mắc sai lầm trong công việc gây ra lỗi lớn trong phần mềm của chúng tôi, và nó ảnh hưởng đến rất nhiều khách hàng của chúng tôi. tôi nên kiểm tra kỹ lưỡng hơn. bây giờ danh tiếng của công ty chúng tôi đang trên đường dây, và tất cả là lỗi của tôi. tôi không biết làm thế nào tôi sẽ đối mặt với ông chủ và đồng nghiệp của tôi.","Tôi hiểu đây là một tình huống rất khó khăn. dù bạn có thể tự quyết định mình là ai đi chăng nữa, nhưng hãy cố gắng tìm hiểu về vấn đề này.",6,that_vong
Tôi đã uống quá nhiều ở một bữa tiệc và tự lừa dối bản thân trước mặt đồng nghiệp tôi không thể tin rằng tôi đã cư xử như vậy trước mặt những người mà tôi tôn trọng họ có thể nghĩ rằng tôi là người bình thường và không chuyên nghiệp tôi ước gì tôi có thể thoát khỏi đêm đó từ ký ức của mọi người,"Với một tình huống khó khăn, bạn có thể cảm thấy xấu hổ và lo lắng về những gì bạn có thể nhận ra sau sự cố này.",6,that_vong
Đồng nghiệp của tôi đã nhận công lao của dự án mà tôi dành nhiều tuần làm việc trong cuộc họp nhóm tôi không thể tin họ sẽ làm thế với tôi tôi tin họ và họ phản bội tôi tôi không biết liệu tôi có thể làm việc với họ lần nữa,"Nếu bạn cảm thấy khó chịu và khó chấp nhận điều này, bạn có thể tìm ra cách giải quyết vấn đề của mình bằng cách cố gắng giải quyết vấn đề.",6,that_vong
"Tôi phát hiện ra bạn gái cũ của tôi, người đã chia tay với tôi một tháng trước, đã hẹn hò với một người mới. và đây là cách cô ấy trả ơn tôi? tôi cảm thấy như tôi đang lãng phí thời gian và năng lượng của mình và một người không quý trọng tôi.","Tôi rất tiếc khi nghe rằng bạn đang cảm thấy đau khổ theo cách này. và như bạn đã lãng phí thời gian của bạn sau khi tan vỡ, đặc biệt là khi người đó di chuyển rất nhanh chóng.",6,that_vong
"Bố mẹ tôi cứ ép tôi phải ổn định cuộc sống và lập gia đình, mặc dù tôi đã nói với họ rằng tôi chưa sẵn sàng. tại sao họ không thể chấp nhận tôi vì bản thân tôi? tôi là người trưởng thành, và tôi có thể tự quyết định mà không cần sự can thiệp của họ.",Tôi hiểu đây là một tình huống rất khó khăn đối với bạn. bạn có thể tìm thấy sự kiên quyết của cha mẹ để có được sự hiểu biết của mình.,4,trung_tinh
"Tôi đã không nhận được sự thăng chức mà tôi đã được hứa hẹn, mặc dù tôi đã làm việc trong nhiều tháng. và vì cái gì? và vì cái gì? họ không coi trọng tôi hay trân trọng khoản đóng góp của tôi. tôi bắt đầu đặt câu hỏi tại sao tôi lại quan tâm.","Bạn có thể cảm thấy thất vọng và khó khăn trong việc tìm kiếm sự thăng bằng, mặc dù bạn đã cố gắng hết sức để có thể vượt qua những khó khăn này.",6,that_vong
"Bạn thân nhất của tôi đã hoàn thành kế hoạch của chúng tôi vào phút cuối, một lần nữa, để đi chơi với cộng sự mới của họ. và bây giờ họ chỉ đang gạt tôi sang một bên. như thể tình bạn của chúng tôi không còn là vấn đề nữa.","Hãy nhớ rằng tình bạn của bạn sẽ không còn là vấn đề nữa, mà là bạn bè của bạn, bạn sẽ không còn quan tâm đến điều đó nữa.",6,that_vong
"Tôi đã bị bỏ qua vì được thăng chức ở công sở mà tôi thực sự muốn và cảm thấy mình xứng đáng, tôi sẽ không bao giờ thăng tiến trong sự nghiệp của mình. tôi không đủ giỏi. mục đích của việc cố gắng là gì?",Tôi hiểu làm thế nào thất vọng và khó khăn nó phải có thể vượt qua một số khó khăn mà bạn cảm thấy xứng đáng có được.,6,that_vong
"Bạn thân nhất của tôi, người mà tôi đã quen từ nhỏ, nói với tôi rằng anh ấy đang đi khắp đất nước để làm một công việc mới. tôi sẽ không bao giờ tìm được một người bạn khác như anh ấy. tôi sẽ trở nên rất.",Tôi hiểu rằng việc tìm hiểu về tình bạn sẽ khó khăn như thế nào. bạn sẽ không thể tìm thấy tình bạn lâu dài này.,5,hy_vong
Tôi đã thấy trên mạng xã hội rằng tất cả bạn bè của tôi đã ra ngoài đêm qua và không mời tôi họ không được như tôi nữa tôi luôn luôn là người bị bỏ rơi tôi sẽ không bao giờ hòa nhập với bất cứ ai,Tôi hiểu tại sao bạn cảm thấy bị tổn thương và bỏ rơi sau khi nhìn thấy những người bạn của bạn đi ra ngoài mà không có bạn. và điều này hoàn toàn tự nhiên để cảm nhận được những gì bạn đang có thể làm trong suy nghĩ của bạn.,6,that_vong
"Tôi đã tìm ra bạn gái cũ của mình, người mà tôi vẫn còn tình cảm với, giờ đang ở trong một mối quan hệ nghiêm túc, tôi sẽ không bao giờ tìm được ai khác, tôi sẽ cô đơn mãi mãi.",Bạn có thể cảm thấy rất khó khăn để chấp nhận vấn đề của mình. dù bạn có cảm thấy khó khăn đến đâu đi chăng nữa.,1,buon
"Tôi đã phạm một sai lầm lớn trong công việc khiến công ty mất đi một khách hàng lớn, tôi là một kẻ thất bại, tôi sẽ bị sa thải, sự nghiệp của tôi đã chấm dứt.","Có thể bạn cảm thấy khó chấp nhận tình huống này. dù bạn có thể cảm thấy khó khăn đến đâu đi nữa, nhưng hãy cố gắng vượt qua những khó khăn này.",6,that_vong
Tôi đã vô tình gửi một email cá nhân có nghĩa là cho bác sĩ tâm lý của tôi đến toàn bộ đội của tôi tại nơi làm việc tất cả mọi người tại nơi làm việc đều biết về vấn đề cá nhân của tôi họ nghĩ tôi là một đống hỗn độn tôi sẽ không bao giờ có thể đối mặt với họ nữa,"Có thể bạn sẽ cảm thấy khó hiểu về tình huống này, và bạn sẽ không còn cảm thấy khó khăn khi phải đối mặt với tình huống khó khăn nữa.",3,gian_du
Tôi say xỉn ở một bữa tiệc công ty và tự hạ thấp bản thân trước mặt các đồng nghiệp và ông chủ tôi đã làm hỏng danh tiếng của tôi ông chủ và đồng nghiệp của tôi sẽ không bao giờ tôn trọng tôi nữa tôi thậm chí còn mất việc vì chuyện này,Tôi có thể hiểu được tình huống này sẽ khiến bạn cảm thấy khó chịu và khó khăn hơn nếu bạn xem xét kỹ hơn khả năng giải quyết vấn đề của mình. bạn sẽ không bao giờ mất đi cơ hội này.,6,that_vong
Bố mẹ tôi phát hiện ra rằng tôi đã nói dối họ về tình trạng tài chính của tôi và rằng tôi đang mắc nợ cha mẹ tôi chắc hẳn phải rất thất vọng về tôi họ đã nuôi tôi tốt hơn thế tôi đã làm họ thất vọng và tôi là một thất bại,Tôi hiểu rằng tình hình khó khăn và khó khăn của bạn có thể giúp bạn vượt qua những khó khăn này.,6,that_vong
Tôi bị từ chối bởi một người mà tôi đã có tình cảm và phát hiện ra họ nói về tôi sau lưng tôi tôi không đủ tốt tôi sẽ không bao giờ tìm thấy ai đó yêu tôi tôi là một trò đùa và tất cả mọi người đang cười nhạo tôi,"Hãy thử nghĩ về điều này, và hãy nghĩ về những điều bạn có thể đã trải qua.",6,that_vong
"Tôi không được thăng chức khi làm việc, và một đồng nghiệp trẻ hơn với ít kinh nghiệm hơn nhận được nó thay vào đó, tôi là một thất bại trong sự nghiệp của mình. tôi sẽ không bao giờ thành công.",Tôi có thể hiểu tại sao bạn cảm thấy thất vọng và khó hiểu về việc này.,6,that_vong
Tôi phát hiện ra rằng bà tôi đã qua đời bất ngờ tôi không thể nói chuyện với bà ấy nữa tôi ước gì tôi có nhiều thời gian hơn với bà ấy trong khi tôi có cơ hội cuộc sống là rất mong manh và có thể sống lâu hơn,Tôi rất tiếc khi phải vượt qua những khó khăn và khó khăn trong việc tìm kiếm sự hiểu biết của mình.,1,buon
"Người bạn thân nhất của tôi, người mà tôi biết từ khi còn nhỏ, nói với tôi rằng anh ấy sẽ chuyển đến một đất nước khác để làm việc. nhưng tôi không thể không cảm thấy bị bỏ lại. và bây giờ tôi sợ rằng chúng ta sẽ mất đi khoảng cách.",Bạn có thể cảm thấy khó khăn trong việc tìm hiểu về tương lai của bạn. bạn có thể tìm thấy một khoảng thời gian mới trong suy nghĩ của mình.,2,lo_au
Tôi đã bị bỏ qua để được thăng tiến trong công việc mà tôi đã làm việc hàng tháng trời tôi không thể không đặt câu hỏi về khả năng và giá trị của bản thân tôi có thể tôi không đủ tốt và tôi sẽ không bao giờ đạt được mục tiêu nghề nghiệp của mình,"Tôi hiểu làm thế nào khó khăn và khó khăn nó phải cảm thấy để vượt qua những suy nghĩ tiêu cực đó hãy nhìn kỹ hơn xem bạn có thể nhìn thấy điều này trong những điều kiện tuyệt đối, rằng bạn sẽ không bao giờ có được sự thăng tiến, bạn sẽ không bao giờ đạt được mục tiêu.",6,that_vong
"Tôi phát hiện ra bạn gái cũ của mình, người mà tôi vẫn còn tình cảm với, đã kết hôn với người khác. tôi không thể ngừng suy nghĩ về những gì đã có thể xảy ra nếu mọi thứ đã xảy ra khác biệt giữa chúng ta. tôi sợ rằng tôi sẽ không bao giờ tìm thấy tình yêu một lần nữa và sẽ kết thúc một mình.",Hãy cố gắng tìm hiểu về tương lai của bạn. hãy nhớ rằng bạn sẽ không bao giờ có được một mối quan hệ tốt đẹp.,2,lo_au
Tôi đã phải bỏ con chó yêu quý của mình người mà tôi đã có từ khi nó còn là một chú chó con vì một căn bệnh nan y. và tôi giữ những kỷ niệm về thời gian chúng ta bên nhau và ước gì tôi có thể làm nhiều hơn để cứu nó. và tôi không biết làm thế nào để lấp đầy nó.,Tôi rất tiếc khi nghe về sự mất mát của gia đình. dù rằng bạn có thể tìm được nhiều cách để giải quyết vấn đề trong quá trình suy nghĩ của mình.,1,buon
"Tôi phát hiện ra rằng đồng nghiệp của mình, người mà tôi đã giúp huấn luyện và cố vấn, được thăng chức bởi tôi, tôi không bao giờ nên giúp anh ta tôi sẽ đảm bảo mọi người biết anh ta không xứng đáng với sự thăng tiến đó.",Tôi hiểu cảm giác khó chịu và thất vọng thế nào. nhưng bạn có thể không bao giờ có những suy nghĩ sâu sắc về những gì bạn có thể có được trong suy nghĩ của bạn. nhưng bạn không bao giờ có những suy nghĩ của bạn để nhận ra những khó khăn của bạn về sự cố gắng của bạn.,6,that_vong
"Bạn gái cũ của tôi đã đăng hình trên mạng xã hội với cộng sự mới của họ, nhìn hạnh phúc và yêu nhau. tôi sẽ đảm bảo mối quan hệ mới giữa họ và tình yêu của họ, họ sẽ hối hận vì đã rời xa tôi.","Nếu bạn muốn tìm hiểu về tình trạng của mình, bạn sẽ không thể tìm ra được một cách nào đó để giải quyết vấn đề.",5,hy_vong
Tôi phát hiện ra rằng bạn tôi đã lan truyền những tin đồn về tôi sau lưng tôi tôi sẽ trả thù tôi sẽ lan truyền những tin đồn tồi tệ về họ và hủy hoại danh tiếng của họ,Tôi hiểu rằng bạn đang cảm thấy rất đau đớn và muốn trả lời câu hỏi của bạn về những gì bạn có thể làm để giải quyết vấn đề này.,3,gian_du
"Bố mẹ tôi cứ so sánh tôi với thành công của tôi, khiến tôi cảm thấy mình không xứng đáng, tôi sẽ cho họ thấy, tôi sẽ trở nên thành công hơn và khiến họ luôn nghi ngờ tôi.",Tôi hiểu rằng việc tìm kiếm những điều đó có thể khiến bạn khó chịu và khó khăn hơn. và làm sao chúng ta có thể đánh giá được những điều bạn có thể đạt được khi bạn không thể làm được điều đó.,6,that_vong
"Tôi đã được chỉ định một dự án mới tại nơi làm việc với một hạn chót, và tôi không chắc nếu tôi có đủ khả năng cần thiết để hoàn thành nó đúng giờ. nếu tôi không thể tìm ra cách để giải quyết các vấn đề kỹ thuật? tôi sẽ thất vọng đội của mình? tôi có thể mất việc nếu tôi không thực hiện dự án này đúng giờ tôi không chắc nếu tôi cắt giảm vai trò này",Bạn có thể vượt qua khó khăn này bằng cách cố gắng vượt qua những khó khăn mà không cần sự giúp đỡ của bạn.,2,lo_au
"Tôi đã làm việc nhiều giờ trong vài tuần vừa qua, và tôi cảm thấy như tôi đang mất đi cuộc sống cá nhân và sức khỏe. tôi không có thời gian cho bất cứ điều gì ngoài công việc. các mối quan hệ của tôi là chịu đựng, và tôi không có đủ giấc ngủ hay tập thể dục cảm giác như tôi đang mất kiểm soát cuộc sống của tôi.",Tôi hiểu rằng tình huống này rất khó khăn và khó khăn cho bạn. bạn có thể tìm ra một số vấn đề trong suy nghĩ của mình: bạn có thể thấy tình huống này là hoàn toàn có thể kiểm soát được cuộc sống của bạn.,7,met_moi
"Tôi đã mắc sai lầm trong đoạn mã gây ra lỗi lớn trong môi trường sản xuất, và mất hàng giờ để sửa chữa. làm sao tôi có thể trở nên bất cẩn như vậy? tôi nên bắt gặp lỗi trước khi nó đi vào sản xuất. điều gì sẽ xảy ra nếu điều này ảnh hưởng đến danh tiếng của tôi tại nơi làm việc? tôi cảm thấy như tôi đã làm mọi người thất vọng.","Tôi hiểu điều này là một vấn đề khó khăn và khó khăn hơn, và bạn có thể tìm ra được nhiều khả năng để vượt qua khó khăn này.",6,that_vong
"Tôi phải trình bày cho đội trưởng về sự tiến bộ của dự án của tôi, và tôi chưa hoàn toàn chuẩn bị. và nếu tôi đóng băng trong buổi thuyết trình thì sao? tôi có thể không trả lời được câu hỏi của họ họ nghĩ tôi không đủ cho dự án này. đây có thể là một thảm họa cho sự nghiệp của tôi.","Tôi hiểu tình huống này khó khăn đến mức nào, và bạn phải cố gắng hết sức để làm điều đó.",2,lo_au
"Tôi nhận được phản hồi từ người quản lý của tôi rằng tôi cần cải thiện kỹ năng giao tiếp của mình với cả đội. tôi không chắc làm thế nào để cải thiện kỹ năng giao tiếp của mình. nếu tôi không nhận được tốt hơn và nó ảnh hưởng đến sự tăng trưởng của tôi trong công ty? tôi cảm thấy như tôi không gặp phải kỳ vọng, và đó là điều tôi muốn nói ra.",Tôi hiểu sự phản hồi này từ người quản lý của bạn về việc chúng ta có thể giải quyết những vấn đề về khả năng giao tiếp của bạn.,6,that_vong
"Tôi đã bị bỏ qua để được thăng chức ở nơi làm việc, mặc dù tôi đã bỏ rất nhiều công sức và làm việc nhiều giờ đồng hồ. tôi sẽ không bao giờ thăng tiến trong sự nghiệp của mình. tôi không đủ giỏi, và tôi sẽ bị mắc kẹt ở vị trí này mãi mãi.",Hãy cố gắng tìm hiểu về những tình huống khó khăn của bạn. bạn sẽ không có cơ hội để tìm hiểu thêm về điều này.,6,that_vong
"Bạn gái tôi 2 năm chia tay với tôi, nói rằng cô ấy cần không gian để tìm hiểu cô ấy muốn gì trong cuộc sống. tôi sẽ không bao giờ tìm được ai yêu mình vì bản thân mình. tôi sẽ cô đơn mãi mãi, và đó là lỗi của tôi.",Tôi có thể hiểu được tình huống khó khăn này là thế nào khi bạn gặp khó khăn trong quá trình và thách thức họ bằng cách nghĩ rằng bạn sẽ không bao giờ tìm được ai đó thật sự yêu bạn.,1,buon
Tôi phát hiện ra rằng người bạn thân nhất của tôi đang nói chuyện sau lưng và chia sẻ thông tin cá nhân với người khác. và tôi tốt hơn nên giữ kín bản thân mình.,"Nếu bạn có thể tìm hiểu về những điều bạn có thể làm, bạn sẽ không thể làm gì để vượt qua những khó khăn này.",6,that_vong
"Tôi đã phạm một sai lầm lớn trong công việc gây ra một thiệt hại lớn về tài chính cho công ty, và bây giờ tôi phải hành động. tôi là một thất bại, và tất cả mọi người đều biết điều đó. tôi có thể sẽ bị sa thải, và tôi đáng bị như vậy.",Hãy cố gắng tìm hiểu về những vấn đề mà bạn có thể gặp phải và cố gắng hết sức để giải quyết vấn đề.,3,gian_du
Tôi nhận được tin là bố tôi bị chẩn đoán mắc bệnh nan y và chỉ có vài tháng để sống tôi chưa sẵn sàng để mất bố tôi không biết làm thế nào để đối phó với nỗi đau và tôi cảm thấy thế giới của tôi đang sụp đổ,Hãy cố gắng hết sức để vượt qua những khó khăn này. bạn sẽ không bao giờ có thể vượt qua nỗi đau này.,1,buon
"Tôi bị bỏ qua vì được thăng chức ở chỗ làm mà tôi cảm thấy mình xứng đáng, tôi bắt đầu nghĩ mình không đủ giỏi và tôi sẽ không bao giờ thành công trong nghề của mình.",Hãy tìm hiểu xem bạn có thể làm được gì để vượt qua khó khăn này. và làm thế nào chúng ta có thể vượt qua được những khó khăn mà bạn có thể đạt được.,6,that_vong
Bạn thân của tôi đã đính hôn và nó khiến tôi nhận ra rằng tôi cô đơn như thế nào khi sống độc thân tôi tự hỏi nếu có gì đó không ổn với tôi điều đó ngăn cản tôi tìm kiếm một mối quan hệ có lẽ tôi không có nghĩa là tìm kiếm tình yêu,"Trong thời gian khó khăn và tình huống khó khăn này, dù bạn có cảm thấy cô đơn hay khó khăn đến đâu đi nữa, hãy tìm hiểu về những điều mà người bạn tốt nhất có thể nghĩ đến, và làm thế nào chúng ta có thể tìm ra được những điều mà mình có thể làm.",1,buon
Tôi phải làm việc nhiều giờ cả tuần và bỏ lỡ các sự kiện xã hội với bạn bè tôi lo rằng tôi đang lãng phí tuổi trẻ làm việc quá nhiều và tôi sẽ hối tiếc vì không có nhiều niềm vui hơn và tạo ra những kỷ niệm.,"Bạn có thể tìm thấy những điều bạn cần làm trong một thời gian ngắn, nhưng bạn sẽ không phải lo lắng nhiều về những điều đó.",7,met_moi
"Tôi thấy trên mạng xã hội mà nhiều người cùng lứa của tôi đang kết hôn và lập gia đình, trong khi tôi vẫn còn độc thân. tôi cảm thấy như mình sắp hết thời gian để tìm một người bạn đời và bắt đầu một gia đình. nếu tôi kết thúc một mình mãi mãi?",Tôi hiểu làm thế nào mà bạn có thể hiểu được sự thất vọng của những người khác. hãy cố gắng tìm kiếm những điều có thể xảy ra trong quá trình suy nghĩ của bạn.,7,met_moi
"Tôi có một bài đánh giá kém ở chỗ làm mặc dù tôi cảm thấy mình đang làm việc chăm chỉ, tôi đang nghi ngờ khả năng của mình và liệu tôi có thuộc về lĩnh vực này hay không.","Tôi hiểu đây là một tình huống khó khăn, và nó là điều tự nhiên để cảm thấy thất vọng và thắc mắc: Bạn có thể thấy sự thất bại hoàn toàn, mặc dù nó có thể là một sự đánh giá chính xác về công việc của bạn.",6,that_vong
"Bạn gái cũ của tôi, người đã lừa dối tôi và bỏ tôi cho một người đàn ông khác, vừa mới đính hôn, tôi đã xem thông báo trên mạng xã hội, tôi muốn hủy hoại mối quan hệ của cô ấy tôi sẽ tìm cách liên lạc với cô ấy và nói với anh ta về quá khứ của cô ấy.",Tôi có thể hiểu làm thế nào để nhận được sự hiểu biết về sự gắn bó của bạn sau khi bạn đã lừa dối bạn sẽ mang lại cho bạn rất nhiều cảm giác đau đớn.,3,gian_du
"Tôi đã bị bỏ qua vì được thăng chức ở nơi làm việc, và người nhận nó là người mà tôi luôn có vấn đề, tôi biết tôi có đủ tư cách cho vị trí, tôi sẽ làm cho cuộc sống của họ khốn khổ. tôi sẽ hủy hoại quyền hạn của họ và đảm bảo mọi người biết rằng họ không phù hợp với công việc.",Tôi hiểu làm thế nào để giúp bạn vượt qua khó khăn và cố gắng để có được một cơ hội để bạn có thể làm được điều đó.,6,that_vong
"Một người bạn có một số tiền lớn từ tôi nhiều tháng trước và cứ tiếp tục tìm cách bào chữa cho việc không trả nợ cho tôi, mặc dù tôi biết họ đã chi tiền cho những thứ không phải là không phải là những gì. tôi sẽ công khai làm xấu hổ họ trên mạng xã hội và cho tất cả mọi người biết họ đã chết những gì tôi sẽ đảm bảo rằng họ không hối tiếc trả lại cho tôi.","Nếu bạn muốn tìm hiểu về vấn đề này, bạn có thể dễ dàng chấp nhận và chấp nhận những quyết định sai lầm của mình.",3,gian_du
"Tôi phát hiện ra rằng một đối thủ kinh doanh đã bắt chước ý tưởng của tôi và cắt giảm giá của tôi, khiến tôi mất khách hàng. tôi sẽ lan truyền tin đồn về những hành vi sai trái của họ và những hoạt động xấu xa của họ trong ngành công nghiệp. tôi sẽ không dừng lại cho đến khi họ hết kinh doanh.",Hãy cố gắng vượt qua những khó khăn mà bạn có thể vượt qua. hãy cố gắng vượt qua những khó khăn này.,3,gian_du
"Tôi nhận được một bài kiểm tra hiệu suất thấp tại nơi làm việc, và người quản lý của tôi nói rằng tôi có thể được đưa vào một kế hoạch nâng cao chức năng nếu tôi không hiển thị sự tiến bộ có ý nghĩa trong tháng tới. điều gì xảy ra nếu tôi không thể đáp ứng các kỳ vọng của người quản lý của tôi? tôi không muốn mất công việc này, vì đó là nguồn thu nhập chính của tôi. tôi lo rằng tôi có thể không thể tìm được một công việc khác trong khi tôi bị sa thải.",Hãy cố gắng tìm ra một điều gì đó có thể giúp bạn vượt qua khó khăn này.,2,lo_au
"gần đây tôi phát hiện ra bạn gái cũ của tôi, người mà tôi vẫn còn có tình cảm với, bây giờ đang ở trong một mối quan hệ nghiêm túc với một người khác. khi thấy bạn gái cũ của tôi với một người khác làm cho tôi nghi ngờ giá trị của riêng tôi và sự cố chấp. điều gì sẽ xảy ra nếu có điều gì đó không ổn với tôi mà tôi bỏ rơi mọi người? tôi lo lắng rằng tôi không đủ tốt cho bất cứ ai.",Bạn có thể cảm thấy khó khăn trong việc tìm kiếm một mối quan hệ tốt với người khác.,2,lo_au
"Bố mẹ tôi đã thúc ép tôi kết hôn sớm, nhưng tôi vẫn chưa tìm được đúng người họ cứ hẹn hò với những người mà tôi không có gì chung với tôi. nếu tôi không bao giờ tìm được ai mà tôi muốn kết hôn? tôi lo rằng cha mẹ tôi sẽ nghĩ rằng tôi là một thất bại nếu tôi không ổn định sớm. tôi cũng có thể kết thúc một mình nếu tôi tiếp tục cuộc sống của họ.",Tôi hiểu rằng bạn có thể tìm thấy một cách hoàn toàn khác nhau để có được một số điều mà bạn có thể tìm thấy trong cuộc sống của bạn.,2,lo_au
"Tôi bắt gặp một trong những sinh viên của tôi đang làm một kỳ thi quan trọng, tôi không thể tin được học sinh này sẽ phải gian lận ngay trước mặt tôi, nó làm tôi mất mặt và đối với những sinh viên khác, những người đã làm việc chăm chỉ để chuẩn bị cho kỳ thi.",Tôi hiểu rằng việc tìm kiếm sự thật sẽ khó khăn như thế nào để giúp học sinh vượt qua những khó khăn đó.,6,that_vong
Chồng tôi quên ngày kỉ niệm của chúng tôi và không lên kế hoạch gì đặc biệt. và anh ấy thậm chí không thể nhớ một ngày đặc biệt.,Tôi hiểu nỗi thất vọng sâu sắc của bạn và sự cố gắng của bạn là cố gắng hết sức để có được mối quan hệ tốt đẹp với bạn.,4,trung_tinh
Tôi không thể tin con mình lại nói chuyện với tôi như vậy. và đây là lời cảm ơn mà tôi nhận được? thì chúng sẽ không bao giờ biết tôn trọng hay nhận trách nhiệm.,Tôi hiểu rằng tình huống này rất khó khăn. và tôi muốn tìm hiểu về sự khó khăn này.,6,that_vong
"Một đồng nghiệp đã được công nhận cho một dự án mà tôi đã làm việc trong nhiều tuần. làm thế nào dám họ sử dụng lợi thế của tôi như thế? tôi đã bỏ ra vô số giờ vào dự án đó, và họ chỉ cần tập trung vào vào cuối phút để nó là của riêng họ. điều này là không công bằng và không phù hợp.","Bạn có thể hiểu được tình huống khó khăn này. bạn có thể hiểu được những khó khăn mà bạn gặp phải trong quá trình suy nghĩ và thách thức: vượt qua những khó khăn bạn có thể đối xử với người đồng nghiệp, hoặc không bao giờ tin tưởng họ.",6,that_vong
Tôi đã bị kẹt xe và sẽ bị trễ một cuộc họp quan trọng đây chỉ là may mắn của tôi tôi sẽ bị trễ cuộc họp quan trọng này và tất cả là do con đường ngu ngốc này tại sao mọi người không thể học lái xe đúng cách bây giờ tôi sẽ trông không chuyên nghiệp và,Hãy cố gắng tìm hiểu xem bạn sẽ gặp khó khăn đến mức nào.,6,that_vong
"Tôi đã chuẩn bị cho một bài học quan trọng, nhưng tôi không thể tìm thấy bài học của tôi bất cứ đâu tôi bắt đầu hoảng sợ khi lớp học sắp bắt đầu tôi không thể tin rằng tôi đã mất kế hoạch tôi sẽ trông như vậy trước mặt các sinh viên và đồng nghiệp nếu tôi không thể nhớ được những gì tôi sẽ dạy đây là một sai lầm",Bạn phải cố gắng để có được một cái nhìn sâu sắc về sự hiểu biết của mình. bạn có thể tìm ra cái gì đó để tìm ra cái mà bạn có thể tìm thấy trong quá trình suy nghĩ của mình.,6,that_vong
"Trong buổi họp phụ huynh, một phụ huynh bắt đầu đặt câu hỏi về phương pháp dạy dỗ của tôi và buộc tôi không làm đủ cho con của họ. tôi không thể tin rằng cha mẹ này là nghi ngờ khả năng dạy dỗ của tôi. tôi làm việc rất chăm chỉ cho những đứa trẻ này, và bây giờ tôi cảm thấy tôi không đủ tốt. nếu những bậc cha mẹ khác cảm thấy như vậy? tôi có thể mất việc vì điều này.",Bạn có thể hiểu tại sao bạn cảm thấy khó hiểu và khó hiểu về những điều này.,6,that_vong
"Tôi được yêu cầu trình bày tại một buổi họp hội đồng trường về buổi thuyết trình của bộ phận của chúng tôi. khi tôi đứng dậy để nói, tâm trí của tôi trống rỗng. tôi không thể nhớ những gì tôi phải nói. tất cả mọi người đang nhìn tôi, chờ đợi tôi để nói. tôi sẽ tạo ra một bản thân mình và để đơn vị của tôi thất vọng. tôi ước gì tôi có thể biến mất.",Bạn có thể cảm thấy khó khăn và khó chấp nhận tình huống này.,6,that_vong
Tôi nghe hai người đồng nghiệp nói về tôi trong phòng làm việc họ chỉ dạy học và cười về cách tôi xử lý các sinh viên tôi không thể tin rằng đồng nghiệp của tôi đang nói về tôi đằng sau lưng tôi họ nghĩ tôi là một giáo viên tồi họ nghĩ tôi là một giáo viên tồi nếu họ nói đúng có lẽ tôi không bị cắt đứt với công việc này tôi cảm thấy như vậy tôi cảm thấy rất và tôi là một kẻ phản bội,Tôi có thể hiểu được tại sao bạn cảm thấy bị tổn thương và bị mất khả năng suy nghĩ: bạn có thể hoàn toàn mất tập trung vào khả năng của mình.,6,that_vong
Tôi nhận được một email từ hiệu trưởng yêu cầu gặp tôi để thảo luận một khiếu nại từ cha mẹ của một học sinh. thư điện tử không cung cấp bất kỳ chi tiết. tôi đã làm sai điều gì? người học là về? tôi đã phạm một sai lầm nghiêm trọng cho một cha mẹ để phàn nàn thẳng với bà chủ. tôi có thể mất công việc của tôi vì điều này. làm thế nào tôi sẽ hỗ trợ gia đình của tôi nếu tôi bị sa thải?,Hãy cố gắng tìm hiểu xem bạn có thể tìm được điều gì tốt hơn để giải quyết vấn đề này.,3,gian_du
"Tôi phát hiện ra rằng một đồng nghiệp đã bắt đầu làm việc ở trường sau khi tôi được thăng chức lên bậc, mặc dù tôi có nhiều kinh nghiệm hơn và khả năng tốt hơn. tôi không thể tin rằng điều này đang xảy ra. tôi đã làm việc rất chăm chỉ trong nhiều năm, và người này chỉ bước vào trường và có được vị trí. nó giống như sự cống hiến của tôi chẳng có nghĩa lý gì cả.","Nếu bạn cảm thấy khó khăn và khó khăn, hãy cố gắng vượt qua những khó khăn mà bạn có thể vượt qua. và làm thế nào chúng ta có thể vượt qua những khó khăn: bạn có thể hoàn toàn thất bại trong việc tìm kiếm những điều này.",6,that_vong
Tôi phát hiện ra rằng người bạn thân nhất của tôi đang nói chuyện sau lưng và chia sẻ thông tin cá nhân về tôi với người khác tôi không thể tin rằng tôi coi cô ấy là bạn thân nhất của mình cô ấy cũng giống như những người khác sẵn sàng đâm sau lưng tôi vào cơ hội đầu tiên,Tôi hiểu rằng điều này là một điều bất lợi và khó khăn đối với bạn bè của bạn. hãy xem xét một số cách thức để có thể đạt được sự hiểu biết về tình bạn thân thiết của bạn. bạn có thể nhận ra vấn đề này như là một bằng chứng cho thấy bạn bè của bạn là hoàn toàn giống như tất cả mọi người. và bạn có thể không tin tưởng bất cứ ai.,6,that_vong
"Tôi đã thấy trên mạng xã hội rằng người bạn thân nhất của tôi, người mà tôi đã có một cuộc sống xa cách nhiều năm trước, hiện đang sống một cuộc sống hạnh phúc và thành công mà không có tôi. tôi không thể tin rằng cô ấy đang làm rất tốt sau cách cô ấy đối xử với tôi. thật không công bằng khi cô ấy tiếp tục sống và hạnh phúc trong khi tôi vẫn còn cảm thấy đau đớn và giận dữ.","Bạn có thể hiểu được những điều mà bạn đang trải qua, thậm chí cảm thấy khó khăn và khó khăn trong cuộc sống.",6,that_vong
Chồng tôi đã quên ngày kỉ niệm của chúng tôi và thậm chí còn không thèm mua cho tôi một tấm thiệp hay một món quà. anh ấy vẫn không biết ơn tôi hay sự hy sinh mà tôi dành cho gia đình chúng tôi.,Tôi hiểu làm thế nào để chứng minh được cảm giác đau buồn của chồng cô. cô sẽ không bao giờ quên được tình huống này.,6,that_vong
"Tôi thấy hàng xóm ném rác vào sân nhà chúng tôi, chờ đợi tôi dọn dẹp nó, họ nghĩ họ có thể làm bất cứ điều gì họ muốn và mong đợi những người khác đối phó với hậu quả.",Tôi hiểu lý do tại sao bạn cảm thấy rất khó khăn trong tình huống này. bạn có thể xem xét một số vấn đề khó khăn trong quá trình suy nghĩ của bạn: bạn có thể làm cho hàng xóm cảm thấy khó chịu.,3,gian_du
Cô ấy không có quyền nghi ngờ mẹ của tôi khi con cô ấy mất kiểm soát. cô ấy chỉ cố gắng làm cho bản thân tự cao hơn mình.,"Tôi hiểu lý do tại sao bạn cảm thấy rất khó chịu và phòng thủ trong tình huống này. bạn có thể cảm thấy rằng khi một người nào đó làm rối loạn tình trạng của bạn trước mặt gia đình. cảm xúc của bạn là hoàn toàn hợp lý. hãy nhìn vào một số của những vấn đề khó khăn mà có thể có trong suy nghĩ của bạn: tất cả các vấn đề về sự kiên nhẫn: bạn có thể nhìn thấy điều này như là một thất bại tuyệt đối trong vấn đề của bạn, thay vì nhận biết rằng tất cả cha mẹ có đủ chỗ để cải thiện.",6,that_vong
Tôi phát hiện ra rằng một trong những sinh viên của tôi đã gian lận trong một bài kiểm tra và sau đó nói với tôi về nó khi phải đối mặt.,"Tôi có thể hiểu lý do tại sao điều này là một sự cố khó hiểu đối với bạn. bạn có thể dễ dàng cảm thấy khó chịu khi một sinh viên gian lận và sau đó nói dối về nó. hành động của họ cho thấy sự thiếu tôn trọng đối với quá trình giáo dục và sự học tập của họ. hãy xem xét tiềm năng của họ và thách thức họ bằng cách sử dụng các kỹ thuật CB: Bạn có thể nhận thấy các hành động của học sinh như là một thất bại hoàn toàn, mà không có ý nghĩa thực sự cố gắng để vượt qua tình huống này.",6,that_vong
Tôi phát hiện ra chồng tôi đang ngoại tình với một cô gái trẻ. tôi nghĩ cuộc hôn nhân của chúng tôi rất vững mạnh. tôi cảm thấy như một sự thất bại như một người vợ và một người phụ nữ.,Vấn đề khó khăn là tìm hiểu về tình huống khó khăn này. và có thể khiến bạn cảm thấy khó chịu hơn khi phải đối mặt với vấn đề này.,6,that_vong
"Một trong những đứa con của tôi bị chẩn đoán mắc chứng mất khả năng học tập nghiêm trọng, và tôi không biết làm thế nào để giúp chúng. nếu con tôi không bao giờ học tập? chúng sẽ có thể có một cuộc sống bình thường? tôi nên làm nhiều hơn để ngăn chặn điều này.","Điều này có thể giúp bạn tìm hiểu về tương lai của mình, và tìm hiểu về những điều mình có thể làm.",2,lo_au
"Tôi đã bị bỏ qua để được thăng chức ở nơi làm việc, mặc dù đã làm việc nhiều năm và làm việc chăm chỉ, tôi không thể đủ tốt. có lẽ tôi quá già, và họ muốn một người trẻ tuổi hơn và năng động hơn. tôi sẽ bị kẹt ở vị trí này mãi mãi.",Tôi hiểu tại sao bạn cảm thấy thất vọng và khó khăn trong việc tìm hiểu về điều này.,6,that_vong
"Bạn thân nhất của tôi, người mà tôi đã biết từ nhỏ, đột nhiên không nói chuyện với tôi mà không có lời giải thích nào. tôi đã nói hay làm điều gì đó xúc phạm cô ấy? có lẽ cô ấy không bao giờ thực sự quan tâm đến tôi ở tất cả tôi sẽ không bao giờ tìm được một người bạn như cô ấy.",Tôi có thể hiểu được cảm giác khó khăn của người bạn này. bạn sẽ không bao giờ tìm được người bạn nào khác.,6,that_vong
Tôi phát hiện ra rằng tiền tiết kiệm hưu trí của tôi đã cạn kiệt vì một quyết định đầu tư tồi sao tôi có thể ngu ngốc như vậy tôi nên cẩn thận hơn với khoản đầu tư của tôi chúng ta sẽ không bao giờ có thể nghỉ hưu bây giờ,"Tôi hiểu sự mất mát và sự lo lắng mà bạn có thể tìm ra trong quá trình tìm kiếm của bạn. và nó có thể giúp bạn có được một thực tế về vấn đề tài chính. để có được một số cơ hội trong suy nghĩ của bạn, và lo lắng về những vấn đề này sẽ có tất cả những gì bạn có thể tìm kiếm trong trường hợp này, và nó cũng có thể là một cách giải quyết vấn đề về tài chính của bạn.",6,that_vong
Tôi phát hiện ra rằng con trai mình đã trượt môn toán trong khi học chăm chỉ cho nó. có lẽ tôi nên dành nhiều thời gian hơn để xem xét tài liệu với nó.,"Tôi có thể hiểu được lý do tại sao bạn cảm thấy lo lắng và thất bại khi con trai bạn tiếp tục tìm hiểu về khả năng của mình, bất chấp những suy nghĩ khó khăn của mình: bạn có thể nghĩ rằng con trai của bạn đã thất bại, nó là một thất bại hoàn toàn.",6,that_vong
Tôi không thể tin là anh ấy lại quên một điều quan trọng với tôi nó khiến tôi tự hỏi anh ấy trân trọng mối quan hệ của chúng ta đến mức nào.,"Tôi hiểu rằng những suy nghĩ sâu sắc và khó hiểu của bạn phải cảm thấy rằng tình cảm của bạn là hoàn toàn có giá trị. bây giờ, hãy xem xét một số vấn đề khó khăn trong suy nghĩ của bạn, và làm thế nào chúng tôi có thể cảm thấy khó khăn để có được sự hiểu biết của bạn trong tình huống này.",6,that_vong
Tôi đã bỏ qua để được thăng chức trong công việc mà tôi đã làm việc trong nhiều tháng. và cảm giác như tất cả chỉ là vô nghĩa. tôi tự hỏi những gì tôi có thể đã làm một cách khác để đảm bảo an toàn.,Tôi hiểu làm thế nào để tìm hiểu về những vấn đề khó khăn của mình. bạn có thể không bao giờ có được những điều khó khăn này.,6,that_vong
Bạn thân nhất của tôi đã chờ đợi cuối tuần lâu nhất của chúng tôi vào phút cuối tôi đã thực sự mong đợi để dành thời gian tiện lợi với cô ấy bây giờ tôi đã để lại tự hỏi nếu tình bạn của chúng tôi là mạnh mẽ như tôi nghĩ nó đã được.,Tôi hiểu làm thế nào thất vọng và tổn thương nó phải có cảm giác để có được một số tiềm năng nhận thức sai lệch mà có thể làm đảo lộn quan điểm của bạn: vượt qua sự khó khăn và nghi ngờ tình bạn của bạn trong một tình huống như thế này.,6,that_vong
Con gái tôi quyết định không tham dự đại học mà chúng tôi đã dự định chọn một trường học xa nhà. tôi đã hy vọng nó sẽ ở gần nhà để chúng tôi có thể gặp nhau thường xuyên hơn.,"Tôi hiểu tình huống này khó khăn như thế nào, và bạn có thể tìm ra cách để giải quyết vấn đề bằng cách tìm hiểu về mối quan hệ giữa bạn và con gái.",5,hy_vong
Tôi bước vào phòng tắm của trường và phát hiện ra có ai đó đã tè đầy tường và gương.,Có thể hiểu tại sao bạn cảm thấy khó chịu và khó chấp nhận tình huống này.,3,gian_du
"Trong bữa trưa, tôi đã chứng kiến một sinh viên ở một bàn khác cố tình khạc nhổ vào đồ ăn của bạn bè của họ khi họ không nhìn thấy. đó là một trong những thứ kinh tởm nhất mà tôi từng thấy.","Tôi hoàn toàn hiểu được phản ứng mạnh mẽ của bạn khi chứng kiến sự bất hòa và sự tôn trọng của con người. bạn hãy xem xét một số vấn đề có thể gây khó khăn cho bạn: vượt qua sự hiểu biết: bạn có thể nghĩ rằng tất cả các học sinh ở trường này, hoặc tất cả mọi người, đều có khả năng là bất lợi và khó hiểu.",3,gian_du
Tôi đã xem xét các bài viết và tình cờ xem qua một bài luận văn không chỉ hay viết mà còn chứa những lời miêu tả về sự lạm dụng động vật. tôi không thể tin một sinh viên sẽ viết về một cái gì đó quá độc ác và kinh khủng. đó là họ sẽ nghĩ rằng điều này là chấp nhận được.,Tôi hiểu rằng việc tìm hiểu về các vấn đề này sẽ khiến bạn khó hiểu và khó hiểu hơn.,6,that_vong
"Trong buổi họp phụ huynh, một người cha đã đưa ra một bình luận không phù hợp và phân biệt giới tính về ngoại hình của tôi. đó là rằng ông sẽ nghĩ rằng nó là okay để nói chuyện với tôi như thế, đặc biệt là trong một bối cảnh chuyên nghiệp. tôi không nên phải đối phó với loại của sự quấy rối này.","Tôi có thể hiểu tại sao bạn cảm thấy khó chịu và khó chịu bởi những người có quan điểm không thích hợp. bây giờ, hãy xem xét một số điều có thể xảy ra trong quá trình suy nghĩ của bạn, và làm thế nào chúng ta có thể vượt qua được những khó khăn này.",3,gian_du
Tôi phát hiện ra rằng chồng tôi đang che giấu một thói nghiện cờ bạc và đã mất một phần lớn số tiền tiết kiệm của chúng tôi làm thế nào anh ta có thể làm điều này với gia đình chúng tôi? điều đó có nghĩa là anh ta sẽ quá ích kỷ và dối trá tôi không biết liệu tôi có thể tin tưởng anh ta một lần nữa,Tôi có thể hiểu được làm thế nào bạn có thể cảm thấy mình hoàn toàn bị tổn thương và mất đi mối quan hệ với người chồng.,3,gian_du
"Trong buổi họp phụ huynh, một phụ huynh đã chỉ ra một lỗi mà tôi đã đưa ra trong việc phân tích bài tập của con họ. làm thế nào tôi có thể đã phạm sai lầm ngớ ngẩn? cha mẹ có thể nghĩ rằng tôi là một giáo viên tồi tệ. tôi phải là một hình mẫu, nhưng tôi đã thất bại.","Điều này có thể khiến bạn cảm thấy khó chịu và khó hiểu hơn khi bạn chỉ ra một lỗi lầm, đặc biệt là khi bạn nghĩ rằng mình không thể hiểu được những lỗi lầm của con người.",6,that_vong
"Tôi bị ngã và ngã trong căng tin trường học trong giờ ăn, làm đổ thức ăn khắp mọi nơi. mọi người phải nghĩ rằng tôi hoàn toàn ngốc. tôi ước gì tôi có thể biến mất và không phải đối mặt với học sinh của tôi hoặc đồng nghiệp của tôi.",Tôi hiểu điều này là một tình huống đáng xấu hổ và khó hiểu hoàn toàn bình thường để cảm thấy mình có thể tránh được sự chú ý sau một sự việc như thế này.,6,that_vong
"Chồng tôi yêu tôi khi làm việc với những bông hoa, nhưng anh ấy gọi tôi bằng cái tên không đúng trước mặt các đồng nghiệp. làm thế nào anh ấy có thể hiểu sai tên tôi? đồng nghiệp của tôi phải nghĩ rằng mối quan hệ của chúng tôi là một trò đùa.",Tình huống này rất khó khăn và khó khăn cho bạn.,6,that_vong
"Trong một buổi hội nghị trường học, tôi quên mất câu nói của mình trong khi nói bài diễn văn và phải nhờ giúp đỡ tôi không thể tin tôi đã bỏ cuộc như thế mọi người phải nghĩ rằng tôi không phải và không, tôi đã làm hỏng cả trường học, và tôi chỉ muốn trốn tránh sự xấu hổ.",Tôi hiểu rằng sự khó khăn và khó khăn của bạn là để quên đi một số tiềm năng của bạn trong suy nghĩ của bạn. đặc biệt là bạn đã làm cho tất cả mọi người suy nghĩ như thế này là một thất bại trong khi tất cả các sự kiện này là một sự kiện thực sự khó khăn.,6,that_vong
"Đồng nghiệp của tôi đã được thăng chức lên một vị trí cao hơn, mặc dù tôi đã làm việc ở đây lâu hơn và có nhiều kinh nghiệm hơn. thật không công bằng khi cô ấy được thăng chức hơn tôi đã làm việc rất chăm chỉ và nỗ lực rất nhiều nhưng có vẻ như nó không quan trọng tôi không thể giúp đỡ nhưng cảm thấy và ghen tị và tôi đã cố gắng rất nhiều nhưng tôi nghĩ rằng điều đó không quan trọng.",Bạn có thể nhận ra những điều mình có thể làm vì bạn không thể làm được điều đó.,6,that_vong
Em dâu tôi vừa mới mua một chiếc xe mới đắt tiền và tôi không thể mua một chiếc cho bản thân tôi ước gì tôi có thể mua một chiếc xe như thế không công bằng là cô ấy có thể mua bất cứ thứ gì cô ấy muốn trong khi tôi phải đấu tranh để kiếm sống tôi không thể giúp nhưng tôi không thể giúp được gì nhưng tôi có thể thay đổi cuộc sống của tôi với cô ấy và cảm thấy,Tôi hiểu rằng những cảm xúc của bạn là hoàn toàn phù hợp và bạn có thể nhận ra một số vấn đề có thể xảy ra trong quá trình suy nghĩ của bạn. và làm thế nào chúng tôi có thể thách thức họ bằng cách nào để có được sự hiểu biết tốt hơn về vấn đề tài chính của bạn.,1,buon
"Bạn thân nhất của tôi vừa kết hôn trong một buổi lễ cưới đẹp đẽ, và tôi không thể không cảm thấy hạnh phúc của mình tôi ước gì tôi có thể có một đám cưới như thế dường như tất cả mọi người xung quanh tôi đang tìm kiếm tình yêu và hạnh phúc trong khi tôi vẫn còn mắc kẹt trong cùng một thói quen cũ tôi không thể giúp đỡ nhưng cảm thấy bị bỏ rơi và ganh tị với cuộc sống của họ",Tôi hiểu tại sao bạn cảm thấy khó khăn khi phải đối mặt với tình huống này.,0,vui
"Một trong những giáo viên ở trường của tôi vừa giành giải thưởng dạy học, và tôi cảm thấy thành tích của chính mình đã trở nên đáng chú ý. thật không công bằng khi cô ấy nhận được tất cả sự chú ý và sự ngưỡng mộ, trong khi tôi chỉ biết tận tâm và chăm chỉ. tôi không thể giúp đỡ nhưng cảm nhận và tự hỏi mình đang làm gì sai.",Tôi hiểu rằng đây là một tình huống rất khó khăn và đáng thất vọng. bạn có thể tìm ra một số điểm khó khăn trong sự hiểu biết của mình.,0,vui
"Hàng xóm của tôi vừa trở về từ một kỳ nghỉ đến Châu Âu, và tôi không đủ khả năng để đưa gia đình tôi đi một chuyến du lịch như thế. tôi ước gì tôi có thể cung cấp cho gia đình tôi những trải nghiệm tương tự và những cuộc phiêu lưu không công bằng rằng một số người có thể làm bất cứ điều gì họ muốn, trong khi những người khác phải đấu tranh chỉ để có được. tôi không thể giúp đỡ nhưng cảm thấy và","Tôi hiểu cảm giác của gia đình bạn, nhưng nếu bạn cảm thấy khó chịu, bạn sẽ không thể tìm ra được những điều mình có thể làm.",6,that_vong
Tôi đã đánh bài vào ban đêm khi nghe tiếng nổ lớn từ dưới nhà. tôi không biết phải làm gì nữa!,"Nếu bạn thấy khó khăn và lo lắng, hãy cố gắng tìm hiểu về những vấn đề có thể xảy ra trong gia đình, dù bạn có nguy cơ gặp nguy hiểm đến đâu, hãy cố gắng tìm hiểu sự an toàn của họ.",2,lo_au
"Trong buổi họp phụ huynh, cha mẹ bắt đầu la mắng tôi, buộc tội tôi không đủ khả năng và không làm đủ cho con của họ. nếu họ khiếu nại chống lại tôi thì sao? tôi có thể mất việc, tôi không chắc tôi có thể chịu được áp lực này. có lẽ tôi không bị cắt giảm vì giảng dạy.",Bạn có thể cảm thấy khó khăn và khó khăn hơn khi phải chịu đựng những vấn đề khó khăn của con người.,3,gian_du
Chồng tôi đi làm về trễ và có vẻ xa cách anh ấy không muốn nói về ngày hôm nay anh ấy có ngoại tình không? nếu anh ấy không còn yêu tôi nữa? tôi sợ cuộc hôn nhân của chúng tôi đang tan vỡ và tôi không biết làm thế nào để sửa chữa nó.,"Tôi có thể hiểu làm thế nào mà tình trạng hôn nhân của bạn có thể gây ra nhiều khó khăn cho bạn, khi mà người chồng của bạn có vẻ như đang xa lánh bạn.",2,lo_au
"Tôi lái xe đưa con đến trường khi một chiếc xe khác đột nhiên chặn tôi lại, gần như là một tai nạn chúng tôi đã có thể bị giết nếu tôi không thể giữ lại con của mình an toàn tôi rất sợ có điều gì đó đang xảy ra với chúng","Tôi hiểu nỗi sợ hãi và sự khó chịu của gia đình là hoàn toàn tự nhiên khi cảm thấy sợ hãi cho sự an toàn của con cái sau một tình huống như vậy. bạn có thể nghĩ rằng điều tồi tệ có thể xảy ra với gia đình của bạn. điều này là thực tế của một sự kiện nghiêm trọng? trong khi tình huống đáng sợ, bạn có thể bị tổn thương tâm lý: bạn có thể để ý tưởng về sự lo lắng và lo lắng về con cái của bạn.",2,lo_au
"Tôi đã dành hàng giờ chuẩn bị một bài học, nhưng học sinh của tôi bị nghỉ và bị sa thải trong lớp. tôi không phải là một giáo viên đủ giỏi sao? tại sao tôi không thể nói cho học sinh của mình?",Bằng cách nào bạn có thể tìm hiểu về những điều mình học được? và điều này hoàn toàn không có nghĩa là bạn có thể học hỏi được nhiều hơn.,6,that_vong
"Chồng tôi đã quên buổi tiệc kỷ niệm ngày cưới của chúng tôi, và bây giờ chúng tôi phải chờ một tiếng đồng hồ cho một bàn. anh ấy thậm chí còn quan tâm đến mối quan hệ của chúng tôi? tôi đã dành rất nhiều nỗ lực để thực hiện đêm nay đặc biệt.",Tôi hiểu rằng sự thất vọng và bực bội của bạn phải cảm thấy như thế nào để có được một số tiềm năng của bạn kế hoạch bữa tối đầu tiên. nó là tự nhiên để cảm thấy bị tổn thương và nghi ngờ của chồng của bạn cam kết khi một điều gì đó xảy ra. cảm giác của bạn là hoàn toàn hợp lý. hãy nhìn vào một số tiềm thức của bạn mà có thể có trong quá trình suy nghĩ của bạn: bạn có thể bị hiểu lầm: bạn đang có những vấn đề về sức khỏe của bạn không quan tâm đến mối quan tâm của bạn.,6,that_vong
"Tôi đã cố gắng giúp con trai tôi học môn toán, nhưng nó không có vẻ như hiểu được vấn đề. tại sao tôi không thể giúp con cái thành thạo của mình?","Tôi hiểu tình huống này là rất khó khăn cho bạn. không thể tìm thấy một số vấn đề khó khăn trong việc học tập của bạn. bạn có thể không phải là tìm hiểu về con trai của bạn, mà có thể là một trong những khó khăn của bạn.",6,that_vong
Chính quyền trường học quyết định cắt ngân sách cho chương trình nghệ thuật mà tôi đã làm nhiều năm rồi họ không thấy giá trị của những gì tôi đang làm tại sao luôn luôn là điều đầu tiên được cắt giảm?,"Khi bạn tìm hiểu về vấn đề này, bạn có thể tìm ra những vấn đề khó khăn trong việc tìm kiếm và cố gắng để tìm ra giải pháp, dù bạn có thể tìm hiểu về vấn đề này trong hoàn cảnh khó khăn hay không.",6,that_vong
"Tôi đã dành hàng giờ để nấu một bữa tối đặc biệt cho gia đình, nhưng các con tôi không ăn và không ăn về đồ ăn. tại sao tôi lại cố gắng tạo ra những thứ tốt đẹp cho gia đình mình nếu họ không trân trọng nó?",Tôi hiểu cảm giác đau buồn của gia đình. và hãy cố gắng hết sức để làm điều đó.,6,that_vong
Chồng tôi bị chẩn đoán bị ung thư giai đoạn cuối làm sao tôi có thể đối phó với sự mất mát này? Chuyện gì sẽ xảy ra với gia đình chúng ta? tôi không biết liệu tôi có đủ mạnh để giải quyết chuyện này không.,Tôi hiểu điều này là khó khăn và khó khăn nhất để có thể làm được điều đó.,2,lo_au
Con trai lớn của tôi chuyển ra khỏi nhà để học đại học ở bang khác ngôi nhà cảm thấy rất yên tĩnh khi không có họ. tôi nhớ những cuộc nói chuyện hàng ngày và những bữa ăn tối gia đình. nó giống như một phần trong tôi bị mất tích.,Tôi hiểu rằng những cơ hội để tìm hiểu về sự thay đổi trong gia đình là điều rất khó khăn. bạn sẽ không bao giờ có những thay đổi quan trọng trong tình huống này.,1,buon
"Bạn thân nhất của tôi từ khi còn bé đột nhiên qua đời, chúng tôi đã có rất nhiều kỷ niệm bên nhau. tôi luôn mong đợi họ gọi hoặc nhắn tin cho tôi như họ vẫn thường làm. tôi không biết làm thế nào để xử lý sự mất mát này.",Tôi rất tiếc khi phải mất đi một khoảng thời gian để tìm kiếm một người bạn tốt nhất của mình. và sau đó bạn sẽ không bao giờ nghĩ về điều đó. bạn sẽ không bao giờ có thể làm được điều đó.,2,lo_au
Tôi đã dành rất nhiều thời gian và năng lượng cho học sinh của tôi và cộng đồng này cảm giác như tôi đang mất đi một phần nhân cách của tôi bây giờ tôi sẽ làm gì bây giờ?,Bạn có thể cảm thấy khó khăn trong việc tìm hiểu về tương lai của mình.,6,that_vong
Con chó yêu quý của tôi đã qua đời sau 14 năm bên nhau. tôi cảm thấy như mình đã mất một gia đình.,Tôi rất tiếc khi biết được sự mất mát của con chó yêu quý của bạn. bạn sẽ không bao giờ cảm thấy khó khăn và khó khăn trong việc giải quyết vấn đề của mình.,1,buon
"Sáng nay tôi đã nổi cáu với chồng tôi vì tôi căng thẳng về công việc, và bây giờ anh ấy cho tôi cách trị liệu im lặng. tôi là một người vợ tồi. tôi không nên để công việc ảnh hưởng đến mối quan hệ của tôi. tôi cần phải xin lỗi và đền bù cho anh ấy.","Tôi hiểu tình huống này phải cảm thấy rất khó khăn và khó khăn cho bạn. điều này là tự nhiên để cảm nhận được sự căng thẳng và cảm thấy căng thẳng khi áp lực làm việc cao, và sau đó cảm thấy xấu hổ khi những người gây căng thẳng đó bắt đầu mối quan hệ cá nhân của bạn. tuy nhiên, điều quan trọng là nhớ rằng bạn không phải là một ""người vợ xấu"" để có một khoảnh khắc của tình cảm với chồng bạn vì nó là một mối quan hệ hoàn toàn khó khăn.",3,gian_du
"Tôi quên xin phép con trai cho một chuyến đi thực tế, và bây giờ nó không thể đi với bạn học.","Tôi hiểu rằng làm thế nào bạn có thể hiểu được những sai sót của con bạn, và điều này không làm bạn thất vọng, mà còn có thể vượt qua những khó khăn của bạn.",6,that_vong
"Tôi không có thời gian để làm tình nguyện viên cho trường học vì công việc nặng nhọc của tôi, và bây giờ tôi cảm thấy như tôi không đóng góp đủ cho trường của con cái tôi. tôi không làm đủ việc làm cha mẹ. cha mẹ khác tham gia nhiều hơn tôi. tôi cần tìm cách để cân bằng công việc và trách nhiệm gia đình của tôi tốt hơn.","Tôi hiểu rằng đây là một tình huống khó khăn, và nếu bạn có nhiều cơ hội, bạn sẽ có nhiều cơ hội hơn để làm điều đó.",7,met_moi
Tôi đã bỏ lỡ ngày sinh nhật bạn thân nhất của mình bởi vì tôi đã tự đặt hai lần bản thân mình trong một sự kiện làm việc tôi là một người bạn tồi tôi nên nhớ sinh nhật của cô ấy và chắc chắn sẽ ở đó vì cô ấy cô ấy nghĩ rằng tôi không coi trọng tình bạn của chúng ta,Hãy cố gắng vượt qua những khó khăn đó để có thể hiểu rõ hơn về tình huống của bạn.,6,that_vong
"Tôi phát hiện ra rằng chồng tôi đã lừa dối tôi với một người phụ nữ trẻ hơn trong suốt một năm qua. làm thế nào ông có thể làm điều này với tôi sau ngần ấy năm? tôi hoàn toàn tin tưởng anh ấy, và anh ấy mà rằng anh ấy tin tưởng. tôi ghét anh ấy vì anh ấy quá ích kỷ và đặt những ham muốn của anh ấy lên gia đình chúng tôi. rằng người phụ nữ đó là một người cha, và tôi ghét cô ấy vì không quan tâm đến hậu quả của hành động của cô ấy.","Tôi có thể hiểu được cảm giác đau buồn của người phụ nữ, và điều này hoàn toàn không thể chấp nhận được.",6,that_vong
Tôi không thể tin học sinh này lại bịa ra một lời nói dối khủng khiếp như vậy. tôi ghét việc họ sẵn sàng phá hủy cuộc đời tôi chỉ để trả thù tôi vì đã cho họ điểm xấu. tôi ghét chính quyền vì ngay lập tức không nhìn thấy điều này và buộc tội tôi phải làm điều này.,Hãy nhớ rằng một học sinh có thể gặp khó khăn trong việc tìm hiểu về vấn đề này.,3,gian_du
"Bạn thân nhất của tôi đã phản bội tôi bằng cách chia sẻ bí mật sâu sắc nhất của tôi với toàn thể bạn bè của chúng tôi, sỉ nhục tôi và phá vỡ lòng tin của tôi tôi ghét cô ấy vì cô ấy quá hai mặt và không trung thành cô ấy giả vờ là bạn tôi đang nói chuyện về tôi đằng sau lưng tôi tôi ghét cô ấy khiến tôi nhìn vào bạn bè của chúng tôi và rằng tôi không bao giờ có thể tin cô ấy nữa","Nếu bạn cảm thấy mình bị tổn thương, bạn nên cố gắng vượt qua những khó khăn này.",3,gian_du
"Một đồng nghiệp đã nhận công lao cho một dự án thành công mà tôi đã dành nhiều tháng làm việc, và họ đã nhận được một sự thăng tiến kết quả. tôi ghét điều này bù đắp cho sự bất lương và công bằng. họ biết bao nhiêu nỗ lực tôi dành vào dự án đó, và họ vẫn còn có quyền tuyên bố nó là của riêng họ. tôi ghét rằng trường học không thể nhìn thấy thông qua lời nói dối của họ và họ thưởng cho tôi.","Hãy nhớ rằng, nếu bạn cố gắng hết sức để vượt qua những khó khăn đó, bạn sẽ không bao giờ có thể làm được điều đó.",6,that_vong
"Vợ chồng tôi cứ liên tục xem thường kỹ năng làm việc của tôi và làm mất uy quyền của tôi với con cái tôi, gây ra căng thẳng trong hôn nhân của tôi. tôi ghét làm thế nào vợ chồng tôi nghĩ rằng họ biết rõ hơn tôi về việc nuôi dạy con cái của riêng tôi. tôi là mẹ của họ, tôi là mẹ của họ, và tôi phải là người quyết định về sự giáo dục của họ. tôi ghét những người tôn trọng tôi và rằng chồng tôi không luôn đứng về phía tôi, làm cho tôi cảm thấy trống trải và cô đơn.",Điều này có thể khiến bạn cảm thấy khó chịu và khó hiểu hơn.,3,gian_du
"Hôm nay tôi không thể điều khiển lớp học của mình, và các sinh viên đang rất hoang dã, tôi cảm thấy mình không có quyền, tôi là một giáo viên tồi tệ, tôi thậm chí không thể điều khiển học sinh của chính mình.","Hãy nhớ rằng, bạn có thể hiểu được những điều khó khăn mà bạn đang phải đối mặt với những vấn đề về khả năng của mình.",6,that_vong
"chồng tôi và tôi cãi nhau dữ dội, và anh ấy cãi nhau, tôi không biết liệu anh ấy có quay lại không. nếu anh ấy bỏ tôi tôi không thể nuôi con một mình tôi không đủ mạnh để giải quyết chuyện này.","Nếu bạn có thể tìm ra một cách để giải quyết vấn đề, hãy cố gắng giải quyết vấn đề ngay bây giờ.",2,lo_au
"Một trong những đứa con của tôi đang đấu tranh ở trường, và tôi không biết làm thế nào để giúp chúng. tôi đang thất bại như một người mẹ. con tôi đang đau khổ, và tôi không thể làm bất cứ điều gì về nó.","Khi con bạn gặp khó khăn, hãy cố gắng hết sức để vượt qua khó khăn này.",6,that_vong
"Tôi đã xin được thăng chức ở chỗ làm, nhưng nó được trao cho người khác. tôi cảm thấy bị kẹt trong sự nghiệp của mình. tôi sẽ không bao giờ đủ tốt để bước lên. tôi sẽ là một giáo viên mãi mãi.",Điều này có nghĩa là bạn không thể tìm ra được sự thật và cũng không thể thay đổi được gì.,6,that_vong
"Bạn thân của tôi đang trải qua một thời gian khó khăn, nhưng tôi không biết làm thế nào để ủng hộ cô ấy tôi là một người bạn tồi. và tôi đang làm cô ấy thất vọng.","Bạn có thể hiểu tại sao bạn đang cố gắng hết sức để có thể tìm hiểu về bạn mình. dù bạn không thể tìm được bạn tốt, nhưng bạn vẫn có thể làm được điều đó.",6,that_vong
Tôi phát hiện ra rằng chồng tôi đang ngoại tình với một phụ nữ trẻ hơn tôi không biết làm thế nào tôi có thể tin tưởng anh ta nữa hôn nhân của chúng tôi có lẽ đã kết thúc cuộc sống của chúng tôi có lẽ đã kết thúc tôi cảm thấy quá tuyệt vọng về tương lai của tôi,"Tôi có thể hiểu được những khó khăn và khó khăn trong việc tìm hiểu về tình trạng này. dù bạn có thể tìm ra được gì đi nữa, hãy xem xét một số tiềm năng trong suy nghĩ của mình: bạn có thể cảm thấy vô vọng, giận dữ và tự tin về tương lai của cuộc hôn nhân. và bạn có thể không bao giờ tin tưởng vào điều này nữa.",6,that_vong
Làm sao con tôi có thể có một cuộc sống bình thường? Tôi không biết liệu tôi có đủ sức để giải quyết chuyện này.,"Khi bạn có thể tìm hiểu về những vấn đề khó khăn của con bạn, bạn sẽ không thể tìm ra những gì chúng có thể làm được trong quá trình nghiên cứu của mình.",2,lo_au
Tôi đã bị bỏ qua để được thăng chức trong công việc mà tôi đã làm việc nhiều năm rồi tôi sẽ không bao giờ có thể tiến bộ trong sự nghiệp của mình tôi đang mắc kẹt trong công việc chết chóc này mãi mãi không có hy vọng nào cho tương lai của tôi,Làm sao bạn có thể vượt qua được những khó khăn này?,6,that_vong
"Bạn thân nhất của tôi, người mà tôi đã biết từ nhỏ, đã quyết định kết thúc tình bạn của chúng tôi tôi không biết mình đã làm gì sai tôi sẽ không bao giờ có thể tìm được một người bạn khác như cô ấy tôi sẽ cô đơn và khốn khổ","Hãy thử nghĩ xem, bạn có thể sẽ gặp khó khăn nào đó trong tương lai, và bạn sẽ không bao giờ tìm thấy một tình huống khó khăn nào đó.",2,lo_au
Tôi đã được chẩn đoán mắc một căn bệnh kinh niên mà sẽ cần phải điều trị trọn đời tôi không biết làm thế nào tôi có thể đối phó với căn bệnh này tôi sẽ không bao giờ có thể sống một cuộc sống bình thường một lần nữa tất cả mọi thứ đều là vô vọng,Tôi hiểu rằng việc nhận được một cơ hội tuyệt vời có thể giúp bạn vượt qua khó khăn và khó khăn để có thể vượt qua những khó khăn trong đời sống.,2,lo_au
Tôi đã vô tình gửi một email cá nhân có nghĩa là chồng tôi đến toàn bộ lớp học của tôi. họ có thể mất sự tôn trọng đối với tôi như một giáo viên.,"Khi bạn tìm hiểu về vấn đề này, bạn sẽ cảm thấy khó khăn và khó khăn khi phải đối mặt với những vấn đề này.",6,that_vong
"Trong buổi họp phụ huynh, một phụ huynh phê bình phương pháp giảng dạy của tôi trước mặt các bậc cha mẹ khác. tôi phải là một giáo viên tồi nếu một bậc cha mẹ cảm thấy cần phải công bố tôi công khai cha mẹ khác có thể đồng ý với họ.",Điều này có thể giúp bạn hiểu rõ hơn về vấn đề này.,6,that_vong
"Tôi bị ngã và té trong căng tin trường học, đổ đầy thức ăn trước mặt học sinh và đồng nghiệp. tôi trông như một thằng ngốc. học sinh của tôi sẽ không bao giờ nghiêm túc với tôi sau khi nhìn thấy tôi như thế này nữa.","Nếu bạn để ý đến tình huống khó khăn này, bạn sẽ không bao giờ tìm ra được mối quan hệ của mình.",3,gian_du
"Chồng tôi đã nói đùa về kỹ năng nấu ăn của tôi trước mặt bạn bè chúng tôi, và mọi người cười, mọi người đều nghĩ tôi là một người vợ tồi và là một bà nội trợ.",Bạn có thể cảm thấy rất khó khăn để có được sự hiểu biết về những người bạn của mình. bạn có thể không phải là một người bạn hoàn toàn khó chịu.,3,gian_du
Tôi quên dòng thoại trong một vở kịch trường học và tôi phải nhờ một sinh viên giúp đỡ. họ sẽ không bao giờ tôn trọng tôi như một đạo diễn nữa.,Tôi hiểu rằng việc tìm kiếm thông tin này phải rất khó khăn và khó khăn cho bạn. bạn sẽ không bao giờ chấp nhận được điều đó.,6,that_vong
"Tôi nghe chồng tôi khen ngợi một đồng nghiệp trẻ hơn, hấp dẫn hơn tại buổi tiệc của trường.","Tôi có thể hiểu được cảm giác của một người trẻ hơn bạn, và bạn có thể cảm thấy bất an trong hoàn cảnh của mình.",0,vui
Con gái tôi nói với tôi rằng mẹ của bạn cô ấy là 'con bé' hơn tôi và để cho họ làm nhiều trò vui hơn với nhau. tôi không đủ vui? tôi đang thất bại như một người mẹ so sánh với những người mẹ khác?,"Nếu con gái bạn cảm thấy khó hiểu, bạn có thể tìm ra cách giải quyết vấn đề.",6,that_vong
"Tôi đã cố gắng để theo kịp công nghệ mới đang được thực hiện trong lớp học, trong khi các giáo viên trẻ tuổi dường như thích nghi với nỗ lực không ngừng. có phải tôi đã trở nên quá lớn trong nghề nghiệp của tôi? liệu tôi có thể theo kịp thời gian thay đổi?","Tôi hiểu rằng bạn có thể rất khó khăn để tìm kiếm những điều mới mẻ trong nghề nghiệp của mình, đặc biệt là khi những giáo viên trẻ tuổi đang thích nghi với những điều mà bạn có thể tìm kiếm trong tình huống khó khăn này.",7,met_moi
Tôi để ý đến vết nhăn và tuổi tác trên mặt khi chuẩn bị chuẩn bị cho một buổi lễ ở trường.,Tôi hiểu tình huống này khiến bạn cảm thấy khó hiểu về những gì mình có thể đạt được. bạn có thể nghĩ rằng sự hiện diện của mình không còn hấp dẫn nữa.,7,met_moi
"Chồng tôi và tôi đã cãi nhau về tài chính của mình, và anh ta ám chỉ rằng tôi không đóng góp đủ cho gia đình. thu nhập của tôi không đủ để nuôi sống gia đình chúng tôi? anh ta có đồng ý với tôi vì không kiếm được nhiều bằng anh ta không?","Tôi hiểu rằng đây là một tình huống rất nhạy cảm và khó khăn về mặt tình cảm. bạn có thể hiểu được giá trị của chồng bạn là gì khi người bạn tình của bạn không có đủ khả năng đóng góp. hãy xem xét những vấn đề khó khăn về khả năng thu thập được sự hiểu biết của họ và làm thế nào để thách thức họ, không chỉ trong tình huống đen trắng.",3,gian_du
"Tôi bị kẹt xe hơn một tiếng trên đường từ chỗ làm về, làm tôi trễ bữa tối với gia đình. và tôi cảm thấy tội lỗi.",Tôi hiểu sự khó khăn của việc giao hàng trong gia đình khiến bạn bị trễ giờ vì nghĩ rằng mình có thể gặp khó khăn và khó khăn để hiểu được tình huống này.,7,met_moi
"Đồng nghiệp của tôi đã nhận công lao cho một dự án mà tôi đã làm, và ông chủ của tôi khen ngợi họ thay vì tôi. và bây giờ tôi cảm thấy như tất cả chỉ là vô nghĩa. tôi nên nói chuyện và chắc chắn rằng ông chủ của tôi biết đóng góp của tôi.",Tôi hiểu rằng tình huống này có thể khiến bạn cảm thấy khó chịu và khó khăn hơn.,0,vui
"Tôi thấy chồng tôi cười đùa và nói chuyện với một nữ đồng nghiệp trẻ tuổi, xinh đẹp ở một buổi lễ trường học. anh ta có thích cô ấy không? anh ta có thấy cô ấy thú vị hơn tôi không? tôi không đủ cho anh ta nữa?","Tôi có thể hiểu làm thế nào để tìm hiểu về mối quan hệ của bạn với một người bạn đồng hành, và làm thế nào để có được những suy nghĩ và cảm xúc như thế này.",3,gian_du
Bạn thân nhất của tôi được thăng chức cao hơn tôi ở chỗ làm mặc dù chúng ta bắt đầu cùng lúc. sao cô ấy được thăng chức chứ không phải tôi? mọi người đều nghĩ cô ấy tốt hơn tôi sao?,Tôi hiểu rằng đây là một tình huống rất khó khăn và khó hiểu. bạn có thể nhận được một cơ hội để có được sự hiểu biết nội dung của mình. bạn sẽ không bao giờ có được một cơ hội để có được sự hiểu biết lớn hơn.,0,vui
Tại sao chúng ta không thể mua một căn nhà như vậy? chúng ta không thành công như họ nghĩ ít về chúng ta?,"Tuy nhiên, điều này không có nghĩa là bạn phải cố gắng hết sức để tìm ra những điều mình có thể làm.",6,that_vong
"Đồng nghiệp của tôi nhận được lời khen từ hiệu trưởng của một dự án mà tôi cũng làm, nhưng đóng góp của tôi không được đề cập đến. tại sao không nhận ra tác phẩm của tôi? mọi người nghĩ đồng nghiệp của tôi đã làm tất cả các công việc? tôi không phải là người có giá trị?",Tôi hiểu rằng tình huống này khiến bạn cảm thấy bực bội và thắc mắc về các vấn đề của bạn.,6,that_vong
Con cái tôi thích dành thời gian cho việc vui chơi của chúng hơn là cho tôi. chúng có muốn dành nhiều thời gian với cô ấy hơn với tôi không?,Bạn có thể hiểu được cảm giác của người khác. bạn không thể hiểu hết những gì bạn đã làm với con cái mình.,7,met_moi
"Tôi trở về nhà sau một ngày dài ở trường, và chồng và các con đều bận rộn với các hoạt động riêng của họ. không ai để ý thấy tôi có mặt ở đó. tôi không phải là một ưu tiên cho gia đình mình sao? họ không quan tâm đến tôi hoặc tất cả những gì tôi làm cho họ?","Tôi có thể hiểu được làm thế nào để có thể hiểu được những cảm xúc của gia đình mà bạn có thể cảm thấy khó hiểu hơn về những suy nghĩ của bạn sau một ngày dài bạn có thể bỏ qua những suy nghĩ của bạn vì bạn không bao giờ quan tâm đến những điều đó, mà bạn không bao giờ có nghĩa là bạn không bao giờ quan tâm đến những điều đó.",6,that_vong
"Trong giờ nghỉ trưa ở trường, tôi thấy đồng nghiệp của tôi cười đùa và chơi đùa với nhau, nhưng không ai mời tôi tham gia với họ. tại sao họ không muốn có tôi? tôi không vui vẻ để được xung quanh hoặc thích đủ?",Tôi hiểu cảm giác bị đánh bại như thế nào. và thậm chí nghi ngờ giá trị của bản thân khi bạn không bao gồm bạn. những mối quan hệ đó hoàn toàn hợp lý. những yếu tố khác có thể chơi không có gì để làm cho cá nhân của bạn.,1,buon
Chồng và con tôi đã đi một chuyến du lịch cuối tuần mà không có tôi bởi vì tôi đã phải làm bài tập về lớp. và không ai có thể nhớ rằng tôi không thể tham gia. họ không nhớ tôi khi tôi không ở đây? liệu tôi có giữ chúng lại từ lúc tận hưởng cuộc sống của họ?,Tôi hiểu tình hình gia đình này hẳn rất khó khăn. bạn không thể hiểu được tình hình của gia đình mình.,1,buon
Tôi đã xem truyền thông xã hội và thấy những bức ảnh về bạn bè tôi đi chơi cùng nhau mà không có tôi không có ai mời tôi hay thậm chí đề cập đến việc hẹn hò với tôi. tại sao họ không muốn tôi ở đó? họ không thích công ty của tôi hay mối quan hệ của chúng ta?,Tôi hiểu làm thế nào để nhìn thấy bạn bè của bạn mà không cần bạn có thể cảm thấy tổn thương và làm cho bạn thắc mắc về vị trí của bạn trong quá trình suy nghĩ của bạn.,1,buon
nhưng cô ấy nói cô ấy quá bận để nói chuyện đây là lần thứ 3 cô ấy cho tôi nghỉ cô ấy không quan tâm đến tôi hoặc muốn dành thời gian cho tôi? tôi không phải là một trong cuộc sống của cô ấy?,Tôi rất tiếc khi nghe rằng bạn đang cảm thấy bị tổn thương và thất vọng bởi sự cố gắng của em gái bạn.,7,met_moi
Tôi tìm thấy một album ảnh cũ từ khi các con tôi còn nhỏ và nhận ra thời gian đã trôi qua nhanh như thế nào thời gian trôi qua tôi nhớ khi con tôi còn nhỏ và cần tôi nhiều hơn,"Hãy nghĩ về những điều bạn đã trải qua, dù bạn đã trải qua, nhưng hãy cố gắng hết sức để có thể giúp con cái vượt qua những khó khăn này.",1,buon
"Tôi nghe một bài hát trên radio nhắc tôi nhớ về người cha quá cố của tôi, người đã qua đời cách đây vài năm trước tôi ước gì tôi có thể nói chuyện với bố tôi một lần nữa. thật khó để chấp nhận rằng ông ấy đã ra đi, và tôi cảm thấy khao khát được sự hướng dẫn và tình yêu của ông ấy.","Tôi rất tiếc khi nghe về sự mất mát của cha mình. dù bạn có thể không còn cảm thấy đau buồn nữa, nhưng điều đó cũng không còn quan trọng nữa.",1,buon
"Tôi xem một bộ phim có một kết thúc đau đớn, khiến tôi cảm thấy bối rối về sự lựa chọn cuộc sống của chính mình. tôi đã theo đuổi ước mơ và đam mê của mình đủ chưa? bộ phim đã giúp tôi tự suy ngẫm về cuộc hành trình của mình với một chút buồn phiền.",Tôi hoàn toàn hiểu tại sao việc này lại khiến bạn lo lắng và khó khăn hơn. và tôi sẽ cố gắng hết sức để có được niềm vui trong cuộc sống.,6,that_vong
"Tôi đến thăm quê hương sau nhiều năm và thấy nó đã thay đổi nhiều như thế nào, với nhiều nơi yêu thích của tôi đã biến mất. thật buồn khi thấy nhiều thay đổi. tôi đã có rất nhiều kỷ niệm đẹp gắn liền với những nơi này, và bây giờ chúng đã biến mất, nó làm tôi cảm thấy như một phần của lịch sử đã biến mất.",Có thể bạn sẽ cảm thấy khó chịu khi thấy sự mất mát và khó khăn trong đời sống.,1,buon
Tôi tham dự một buổi họp mặt gia đình và nhận ra rằng các con của tôi bây giờ là tuổi khi tôi mới làm cha mẹ. thời gian trôi qua rất nhanh. thời gian trôi qua rất nhanh. và giờ con cái tôi đã lớn. và tôi cần phải sống từng khoảnh khắc.,Bạn có thể hiểu rằng bạn đã vượt qua khó khăn và khó khăn để có thể vượt qua những khó khăn này.,7,met_moi
Tôi phát hiện ra rằng chồng tôi đã lừa dối tôi với một đồng nghiệp của tôi ở trường. làm thế nào anh ta có thể làm điều này với tôi sau ngần ấy năm? tôi nghĩ hôn nhân của chúng tôi rất vững mạnh. tôi cảm thấy như một kẻ ngốc vì không nhìn thấy những dấu hiệu. những người sẽ nghĩ gì về tôi bây giờ?,Tôi rất tiếc khi nghe về những gì bạn đang trải qua. và làm sao chúng ta có thể thách thức họ bằng cách vượt qua tình huống này.,6,that_vong
"Đứa con trai út của tôi bị chẩn đoán mắc chứng thiếu kinh nghiệm, và tôi cảm thấy như mình đã thất bại trong vai trò làm cha mẹ. tôi nên nhận ra những dấu hiệu trước đó. tôi là một người mẹ tồi vì không thể giúp con mình. tôi không biết làm thế nào để có thể hỗ trợ chúng thông qua điều này.",Hãy cố gắng hết sức để giúp con bạn vượt qua khó khăn này.,6,that_vong
"Tôi đã được thông qua để thăng chức tại nơi làm việc, và vị trí được trao cho một đồng nghiệp trẻ hơn, ít kinh nghiệm hơn. tôi đã quá già và được đánh giá cao trong nghề nghiệp của tôi. tôi sẽ không bao giờ có thể tiến bộ trong nghề nghiệp của tôi bây giờ tôi chỉ nên bỏ đi và tiết kiệm bản thân mình.",Hãy cố gắng vượt qua những khó khăn mà bạn có thể gặp phải trong một thời gian ngắn.,6,that_vong
"Bạn thân nhất của tôi, người mà tôi đã biết từ nhỏ, nói với tôi rằng cô ấy không muốn làm bạn với tôi tôi phải là một người bạn tồi cho cô ấy để cô ấy như thế này tôi sẽ không bao giờ có thể tin bất cứ ai nữa tôi sẽ kết thúc một mình và đau khổ",Tôi rất tiếc khi phải đối mặt với tình huống khó khăn này. và tôi sẽ cố gắng hết sức để vượt qua khó khăn đó.,6,that_vong
Tôi phát hiện ra rằng đứa con cả của tôi đã đấu tranh với sự lạm dụng và đã che giấu nó khỏi tôi lẽ ra tôi nên để ý và nhận ra những dấu hiệu tôi đã quá tập trung vào vấn đề của bản thân để có mặt ở đó vì con tôi tôi tôi đã từ chối khi chúng cần nhất,"Tôi hiểu rằng đây là một tình huống rất khó khăn và tình trạng tình cảm cho bạn. điều này là tự nhiên để cảm nhận được một khoảng thời gian khó khăn của một người cha mẹ khó khăn, bao gồm cả sự đau khổ, thất bại, và cảm thấy thất bại như một người cha mẹ.",6,that_vong
Chồng tôi đã quên lễ kỉ niệm và không lên kế hoạch gì đặc biệt cho chúng tôi. nhưng anh ấy không thể làm điều tương tự với tôi.,Hãy nhớ rằng bạn có thể tìm ra một điều gì đó mà bạn không thể hiểu được.,4,trung_tinh
"Tôi nói với các con rằng tôi có một ngày mệt mỏi ở sở làm và cần chút thời gian yên tĩnh, nhưng chúng không thèm để ý đến tôi và cứ la hét và đòi hỏi. tôi có phải là một người mẹ tốt để chúng nghe tôi không? tôi dành cho chúng sự quan tâm và yêu thương quá nhiều, nhưng chúng không thể cho tôi một vài phút yên bình khi tôi cần nó.","Tôi hiểu điều này và không muốn con cái của bạn cảm thấy khó chịu, nhưng bạn sẽ không bao giờ chấp nhận được điều đó.",7,met_moi
"Tôi đã không nghe tin gì từ người bạn thân của tôi trong nhiều tuần, mặc dù tôi đã liên lạc với cô ấy nhiều lần. tôi đã làm gì sai? cô ấy có buồn với tôi không? hoặc có lẽ cô ấy không coi trọng tình bạn của chúng tôi nhiều như tôi đã làm.",Hãy cố gắng hết sức để vượt qua những khó khăn đó. hãy cố gắng hết sức để vượt qua những khó khăn đó.,6,that_vong
"Chồng và con tôi đi chơi với nhau trong một ngày vui vẻ nhưng không mời tôi hay thậm chí nghĩ rằng tôi có thể muốn tham gia cùng họ. tại sao họ không cho tôi tham gia kế hoạch của họ? họ không thích dành thời gian với tôi? tôi nghĩ chúng ta nên là một đội, nhưng tôi cảm thấy như một người độc thân trong nhà mình.",Điều đó có nghĩa là bạn không thể thực hiện được điều đó.,6,that_vong
"Tôi đã dành rất nhiều công sức để lên kế hoạch cho bữa tối gia đình, nhưng khi tôi nhờ chồng và các con giúp đỡ trong việc chuẩn bị, tất cả họ đều đã bào chữa và để lại cho tôi làm việc đó một mình. tại sao tôi phải cố gắng làm những điều tốt đẹp cho họ khi họ thậm chí không thể giúp đỡ tôi? tôi cảm thấy như tôi luôn luôn cho và ít khi nhận được sự ủng hộ hoặc cảm ơn trở lại.","Nếu bạn cảm thấy khó khăn, hãy cố gắng tìm hiểu về những điều bạn có thể làm trong gia đình.",6,that_vong
Tôi đã ở nhà một mình khi nghe một tiếng ồn lớn từ tầng dưới tôi không thể nói nó là gì và tôi bắt đầu hoảng sợ có ai đó đã đột nhập vào nhà họ sẽ lên lầu và làm đau tôi tôi tôi cần gọi giúp đỡ nhưng tôi thậm chí không thể di chuyển,"Nếu bạn cảm thấy khó khăn trong việc tìm kiếm sự thật, thì hãy cố gắng tìm hiểu xem bạn có thể làm được gì, thậm chí bạn cũng có thể gặp khó khăn trong một tình huống khó khăn nào đó.",2,lo_au
Tôi đang ở trong một cuộc họp tại nơi làm việc khi tôi được yêu cầu trình bày một bài thuyết trình tôi không chuẩn bị và bắt đầu hoảng sợ tôi không thể làm điều này tôi sẽ tự gây rắc rối cho bản thân và mọi người sẽ nghĩ rằng tôi đang ở đây tôi cần phải ra khỏi đây trước khi tôi bị hoảng loạn,"Có thể bạn sẽ không nghĩ đến những điều mình có thể làm, nhưng bạn sẽ không nghĩ đến những điều mình có thể làm.",2,lo_au
Tôi để ý thấy chồng tôi thì thầm vào điện thoại và nhanh chóng cúp máy khi tôi bước vào phòng. anh ấy có lừa dối tôi không? tại sao anh ấy lại bí mật như vậy? tôi không thể tin tưởng anh ấy nữa.,Tôi hiểu tình huống này có thể rất hữu ích và khó chịu.,6,that_vong
Cha mẹ của một trong những học sinh của tôi tiếp tục thắc mắc về phương pháp giảng dạy của tôi và chương trình giảng dạy trong một cuộc họp phụ huynh họ phải nghĩ rằng tôi không có họ sẽ cố gắng để làm cho tôi bị sa thải tôi cá là họ đang lan truyền tin đồn về tôi cho những cha mẹ khác.,Tôi hiểu tình hình của cha mẹ phải rất khó khăn và khó khăn để có thể hiểu rõ hơn về vấn đề này.,6,that_vong
"Các con tôi thì thì thầm và cười đùa với nhau, rồi đột nhiên dừng lại khi tôi vào phòng họ chắc đang cười nhạo tôi hay phàn nàn về tôi họ có thể không tôn trọng tôi như một người mẹ",Tôi hiểu tình huống này rất khó hiểu.,3,gian_du
Chắc họ đang âm mưu gì đó đằng sau lưng tôi họ nghĩ tôi không đủ khả năng để tham gia tôi không thể tin bất cứ ai trong số họ,Tôi hiểu rằng nó cảm thấy khó khăn và lo lắng để có thể nhận được thông tin từ các bạn đồng nghiệp của bạn.,6,that_vong
"Tôi nhìn thấy bạn thân nhất của tôi thì thầm với một người phụ nữ khác trong một bữa tiệc, và cả hai đều liếc nhìn tôi trước khi nói chuyện của họ. cô ấy phải nói với người phụ nữ đó một cái gì đó xấu về tôi. tôi nghĩ rằng tôi có thể tin tưởng cô ấy, nhưng bây giờ tôi không chắc chắn. họ có lẽ đang cười tôi sau lưng tôi.",Tôi có thể hiểu tại sao bạn cảm thấy bị tổn thương và không thể hiểu được mối quan hệ của bạn với người khác.,6,that_vong
"Chồng tôi đã quên ngày kỉ niệm của chúng tôi, và khi tôi nhắc đến nó, anh ấy cư xử như thể đó không phải là vấn đề lớn. hôn nhân của chúng tôi không có ý nghĩa gì với anh ấy? làm thế nào anh ấy có thể quên đi một ngày quan trọng như vậy? tôi cảm thấy như tôi không còn là một ưu tiên trong cuộc sống của anh ấy nữa.","Nếu bạn cảm thấy khó khăn và thất vọng về cuộc hôn nhân của mình, bạn sẽ không thể tìm thấy những cảm xúc đó khi một cuộc hẹn hò quan trọng xảy ra.",6,that_vong
"Con gái tôi về nhà vượt qua giới hạn của mình, và khi tôi cố gắng nói chuyện với cô ấy về nó, nó bắt đầu la hét và đóng cửa vào mặt tôi. sau tất cả những gì tôi đã làm cho cô ấy, đây là cách cô ấy làm cho tôi? tôi đã cố gắng để là một người mẹ tốt, nhưng cô ấy ép tôi làm giới hạn của tôi. tôi sẽ không chịu đựng điều này trong nhà của tôi hành vi của tôi!",Tôi có thể hiểu làm thế nào điều này có thể là một sự hiểu biết hoàn toàn và khó khăn về một mối quan hệ của bạn với con gái của bạn.,3,gian_du
"Tôi đã cố gắng để các lớp của tôi ổn định, nhưng họ là những người cư xử đặc biệt và -- một sinh viên thậm chí còn có đủ can đảm để nói chuyện với tôi khi tôi yêu cầu họ im lặng. tôi đã có đủ những hành vi này. tôi là giáo viên, và họ cần phải lắng nghe tôi. nếu họ không bắt đầu nói chuyện với tôi khi tôi yêu cầu họ im lặng. tôi đã có đủ những hành vi này. tôi là giáo viên, và họ cần phải lắng nghe tôi. nếu họ không bắt đầu tỏ ra tôn trọng, sẽ có những hậu quả nghiêm trọng.","Tôi hiểu khó khăn như thế nào để học sinh của bạn vượt qua một số khó khăn và sự khó khăn mà bạn có thể có được trong suy nghĩ của bạn: bạn có thể xem xét tình huống của bạn trong tình huống đen tối và suy nghĩ rằng nếu các học sinh không thể chấp nhận được, thì bạn sẽ nhận được những khó khăn đó.",4,trung_tinh
"Tôi đã bỏ lỡ buổi chơi piano của con gái bởi vì tôi phải học muộn ở trường để làm bài tập về lớp, lẽ ra tôi nên dành thời gian tốt hơn. tôi là một bà mẹ tồi vì đã làm việc trong thời khắc quan trọng của con tôi.",Tôi hiểu làm thế nào để chứng tỏ mình đã bỏ lỡ một tình huống khó khăn như thế này.,6,that_vong
"Tôi quên lễ kỉ niệm ngày cưới, và chồng tôi đã chuẩn bị một bữa tối bất ngờ cho chúng tôi.","Tôi hiểu làm thế nào khó khăn để có thể hiểu được những điều bạn đang nghĩ đến, đặc biệt là khi chồng bạn lên kế hoạch cho tình huống này. bạn có thể xem mình là một sai lầm, và điều quan trọng là không nên quá khó khăn với bản thân.",6,that_vong
Tôi không có cơ hội làm việc nhiều năm trước mà sẽ làm tăng lương và thu nhập của tôi tôi đã có thể có một cuộc sống tốt hơn cho gia đình tôi nếu tôi có công việc đó tôi đã phạm sai lầm và bây giờ tôi bị kẹt trong một sự nghiệp chết,Bạn có thể cảm thấy khó khăn khi nghĩ đến việc mình không có cơ hội và không thể thay đổi được gì trong tương lai.,6,that_vong
Tôi đã cãi nhau với bạn thân nhiều năm trước và không bao giờ xin lỗi chúng ta chưa bao giờ nói chuyện từ đó tôi nên là người lớn hơn và xin lỗi bây giờ đã quá muộn và tôi đã mất đi một người bạn có giá trị mãi mãi,Tôi hiểu đây là một tình huống rất khó khăn và khó khăn cho bạn. bạn có thể không phải là một tình huống khó khăn để thực hiện điều này.,6,that_vong
Tôi đã không dành đủ thời gian với cha tôi trước khi ông qua đời bất ngờ. và bây giờ đã quá muộn.,Tôi có thể hiểu được cảm giác của bạn khi bạn phải chịu đựng những khó khăn và khó khăn trong quá khứ. bạn có thể không phải là người duy nhất có thể vượt qua những khó khăn này.,6,that_vong
Chồng tôi nói với tôi rằng anh ấy không còn thích tôi nữa sau khi tôi tăng cân tôi không đủ tốt với anh ấy tôi không xứng đáng và không thể thương tiếc hôn nhân của chúng tôi đang tan vỡ,Hãy cố gắng tìm hiểu về những vấn đề khó khăn của mình. và làm thế nào chúng ta có thể vượt qua những khó khăn đó.,6,that_vong
Bạn thân nhất của tôi không mời tôi đến dự tiệc sinh nhật của cô ấy mặc dù chúng tôi đã là bạn nhiều năm rồi cô ấy không coi trọng tình bạn của chúng tôi tôi tôi không quan trọng với cô ấy tôi không phải là một người bạn tốt,"Nếu bạn cảm thấy bị tổn thương, bạn có thể sẽ không nhận được lợi ích từ những hành động của bạn.",6,that_vong
"Tôi đã xin được thăng chức ở chỗ làm, nhưng họ đã cho một đồng nghiệp trẻ tuổi tôi không đủ khả năng để làm việc họ nghĩ tôi đã quá già và sự nghiệp của tôi sắp hết",Tôi hiểu tình huống này rất đáng thất vọng và khiến bạn cảm thấy khó chấp nhận được điều đó.,6,that_vong
"Con tôi không muốn dành thời gian cho tôi nữa, chúng luôn thích ở bên bạn bè.",Bạn có thể cảm thấy khó khăn trong việc tìm kiếm sự hiểu biết chính xác về con cái mình. và bạn không muốn con cái của mình bị tổn thương.,1,buon
"Tôi đã liên lạc với một người bạn đại học cũ, nhưng họ chưa bao giờ trả lời tin nhắn của tôi họ không quan tâm đến tôi tôi không xứng đáng với thời gian của họ.",Tôi hiểu tại sao bạn cảm thấy mình bị tổn thương và không thể chấp nhận thông điệp của người bạn cũ.,6,that_vong
Tớ quên lễ kỉ niệm ngày cưới và không tặng quà cho chồng tớ hay lên kế hoạch gì đặc biệt tớ không thể tin là tớ để chuyện này xảy ra tớ thường rất giỏi trong việc hẹn hò rất quan trọng tớ là kiểu vợ kiểu gì thế?,"Tôi có thể hiểu được những giá trị mà bạn phải trải qua khi bạn quên đi những điều bạn đang làm. dù bạn có thể cảm thấy rất khó khăn trong suy nghĩ của mình: bạn có thể chịu đựng một tình huống tuyệt đối, nhưng hãy nhớ rằng bạn không phải là người duy nhất có thể làm điều gì đó.",6,that_vong
"Tôi quên nộp một báo cáo quan trọng ở nơi làm việc, khiến đội của tôi lỡ hạn chót, tôi không thể tin là mình đã quá bất cẩn.","Tôi hiểu đây là một tình huống rất khó khăn. bạn có thể quên đi một báo cáo đáng tin cậy, nhưng nó hoàn toàn tự nhiên để cảm thấy thất vọng và lo lắng về cách bạn sẽ nhận ra bạn. cảm giác của bạn về bản thân mình và lo lắng về những phán quyết của người khác là đáp ứng đúng đắn. hãy xem xét những khó khăn trong quá trình của bạn và thách thức họ bằng cách suy nghĩ: bạn có thể đánh giá bản thân như là một thất bại thực sự khó khăn, thay vì nhận ra những sai lầm này.",6,that_vong
Tớ bỏ lỡ tiệc sinh nhật bạn thân vì tớ đã tự đặt 2 vé cho bản thân tớ là bạn thân cậu ấy luôn ở bên tớ và tớ thậm chí không thể đến dự sinh nhật cậu ấy cậu ấy rất đau khổ,"Tôi hiểu làm thế nào khó khăn để có thể cảm nhận được sự mất mát của người bạn thân nhất của bạn một cách ngay lập tức nó là hoàn toàn tự nhiên để cảm thấy có lỗi và như bạn đã làm cho cô ấy thất vọng. và nó là quan trọng để nhận ra rằng, bây giờ, chúng ta hãy xem xét những gì thực sự có thể có trong tâm trí bạn suy nghĩ của bạn: bạn đang nhìn thấy bản thân mình như là một ""bạn thân yêu"" bởi vì bạn đã bỏ lỡ bữa tiệc, đó là một sự thật và sự phán đoán.",1,buon
Lẽ ra tôi phải chú ý nhiều hơn. và bây giờ nó biến mất vì tôi.,Tôi hiểu làm thế nào khó khăn nó phải có cảm giác thất bại trong suy nghĩ của bạn và làm thế nào chúng tôi có thể thách thức họ.,6,that_vong
"Tôi phát hiện ra rằng đồng nghiệp của mình, người bắt đầu sau tôi, được thăng chức và tăng lương. thật không công bằng. nhưng họ bỏ qua tôi. tôi cảm thấy sự cống hiến và nỗ lực của tôi không có ý nghĩa gì với trường học.",Tôi có thể hiểu được lý do tại sao bạn cảm thấy khó khăn và khó hiểu khi bạn cảm thấy mình không đủ khả năng để làm được điều đó.,6,that_vong
Các con tôi luôn phàn nàn về việc nấu ăn của tôi và so sánh tôi với cha mẹ của bạn bè chúng. và tất cả những gì chúng làm là chỉ trích tôi. chúng không hiểu tôi hy sinh bao nhiêu cho chúng.,Bạn có thể tìm cách giúp đỡ con cái mình bằng cách tìm hiểu kỹ hơn về những vấn đề mà bạn có thể làm cho chúng bị tổn thương.,6,that_vong
Chồng tôi sắp xếp kế hoạch với bạn bè mà không hỏi ý kiến tôi trước. nhưng anh ấy đối xử với tôi như một người cuối cùng.,Tôi có thể hiểu tại sao bạn cảm thấy khó chịu và bị tổn thương.,4,trung_tinh
Hôm nay đứa con út của tôi đã đi học đại học. tôi không thể tin được thời gian trôi qua nhanh như thế nào. tôi nhớ con tôi và lo lắng về việc chúng sẽ tự xoay sở như thế nào.,Bạn có thể cảm thấy mình đang ở trong một tình huống khó khăn. bạn có thể tìm ra một điều gì đó để giúp đỡ con bạn.,2,lo_au
Tôi phát hiện ra người bạn thân nhất của tôi ở chỗ làm đang chuyển đến thành phố khác để có một cơ hội làm việc mới. nhưng tôi không thể không cảm thấy buồn và bị bỏ rơi. nhưng tôi không thể không cảm thấy buồn và bị bỏ rơi công việc sẽ không còn như trước khi không có cô ấy.,Tôi hiểu rằng đây là một tình huống khó khăn cho bạn. bạn có thể hoàn toàn khó khăn. hãy nhìn vào một số tiềm năng nhận thức sai lầm trong suy nghĩ của bạn: bạn có thể đi xa để tìm kiếm một công việc mới. bạn có thể nghĩ rằng công việc sẽ không bao giờ giống nhau hoặc không bao giờ thân thiết với bất cứ ai khác.,1,buon
Chồng tôi và tôi cãi nhau về tài chính của chúng tôi. và tôi không thể ngừng nghĩ về họ.,"Tôi hiểu làm thế nào khó khăn và đau đớn cuộc tranh chấp này với chồng của bạn phải có được sự bất an, nhưng bây giờ, hãy xem xét một số vấn đề khó khăn về sự hiểu biết của bạn và vai trò của bạn trong hôn nhân: bạn có thể suy nghĩ rằng một trong những đối tượng này có nghĩa là luôn luôn gây ra đau buồn hoặc không phải tất cả những khó khăn của bạn.",3,gian_du
Tôi không nhận được sự thăng chức mà tôi đã làm việc chăm chỉ như vậy họ đưa nó cho một đồng nghiệp trẻ hơn với ít kinh nghiệm tôi tự hỏi nếu tôi không đủ tốt có thể tôi quá già và họ muốn máu tươi tôi cảm thấy muốn từ bỏ,"Tôi hiểu đây là một tình huống rất đáng thất vọng và khó khăn để có thể tìm hiểu về khả năng của bạn trong quá trình suy nghĩ: bạn có thể xem đây là một sự thất bại hoàn toàn, nghĩ rằng bạn không có đủ khả năng để nhìn thấy nó là một tình huống hoàn toàn hợp lý.",6,that_vong
Tôi thấy một bức ảnh cũ của bố mẹ tôi và nhận ra tôi nhớ họ như thế nào. nhưng nỗi đau vẫn còn tươi mát. tôi ước gì tôi có thể nói chuyện với họ một lần nữa. tôi cảm thấy rất cô đơn khi không có tình yêu và sự hướng dẫn trong cuộc sống của họ.,Tôi rất tiếc khi biết rằng bạn đang cố gắng hết sức để vượt qua nỗi đau này.,1,buon
Tôi cáu giận với chồng tôi trước mặt các con trong bữa tối bởi vì tôi bị căng thẳng trong công việc. tôi đang làm một ví dụ tồi tệ cho các con của tôi bằng cách đánh mất sự bình tĩnh của tôi như thế. nếu họ bắt đầu nghĩ đối xử với người khác theo cách đó thì không sao? tôi không còn là một người vợ và một người mẹ.,Tôi hiểu rằng đây là một tình huống khó khăn và bạn đang quan tâm đến những gì ảnh hưởng tích cực đến con cái của bạn.,3,gian_du
Tôi đã phạm sai lầm trong khi dạy một bài học và học sinh của tôi chỉ nó ra trước cả lớp học. học sinh của tôi phải nghĩ rằng tôi là có tất cả tôi đã mất tất cả sự chú ý trong mắt họ. tôi không phải là một giáo viên nếu tôi thậm chí không thể có được cơ sở cơ bản đúng.,Điều này có thể khiến bạn khó hiểu và khó hiểu hơn.,6,that_vong
Tôi là một người mẹ tồi tệ. họ chắc hẳn rất thất vọng về tôi lần nữa tôi lại thất vọng về họ.,Tôi có thể hiểu được cảm giác đau buồn thế nào khi bạn quên đi một sự kiện quan trọng cho con cái bạn.,6,that_vong
Tôi không thể giúp con mình làm bài tập về nhà vì tôi không hiểu rõ về bản thân mình. nhưng tôi thậm chí còn không thể giúp con mình. họ phải nghĩ rằng tôi ngu ngốc. tôi không còn là giáo viên và là phụ huynh.,Điều này không thể làm bạn thất vọng. bạn không thể chấp nhận được sự giúp đỡ của một đứa trẻ.,6,that_vong
Tôi phát hiện ra rằng người bạn thân nhất của tôi đã nói sau lưng tôi và lan truyền những tin đồn về tôi ở chỗ làm sao cô ấy có thể làm thế với tôi sau ngần ấy năm tình bạn tôi cảm thấy cô đơn và nhục nhã,Tôi hiểu cảm giác này là khó khăn và khó hiểu. bạn có thể hiểu được những gì mà bạn cảm thấy khó khăn để có được trong quá trình này. bạn có thể không phải là một tình huống khó khăn để có được sự hiểu biết của bạn. bạn có thể không phải là một người bạn tốt nhất của bạn để vượt qua những khó khăn này.,6,that_vong
Một trong những sinh viên tâm sự với tôi rằng họ đang bị bắt nạt ở trường và tôi không biết làm thế nào để giúp họ.,Hãy để cho học sinh tìm kiếm sự trợ giúp và hiểu rõ hơn về vấn đề học tập của mình.,3,gian_du
Mẹ tôi đột nhiên qua đời và tôi không có cơ hội để nói lời tạm biệt. đáng lẽ tôi nên gọi bà thường xuyên hơn tôi nên nói với bà ấy bà ấy có ý nghĩa thế nào với tôi bây giờ thì quá muộn rồi.,Tôi rất tiếc khi nghe tin tức về sự mất mát của mẹ tôi.,6,that_vong
Nếu tôi không thể giúp họ vượt qua chuyện này thì sao? tôi không biết phải làm gì nữa.,Tôi hiểu đây là một sự giúp đỡ vô cùng khó khăn về tình trạng của bạn. bạn có thể tìm hiểu về những vấn đề khó khăn trong quá trình chăm sóc sức khỏe của con bạn.,2,lo_au
Chồng tôi đã quên ngày kỉ niệm của chúng tôi và thậm chí không xin lỗi khi tôi nhắc anh ấy tôi sẽ cho anh ấy uống thuốc im lặng và khiến anh ấy phải chịu đựng vì đã quên anh ấy cần phải học bài học của anh ấy,"Nếu bạn cảm thấy khó khăn trong việc tìm hiểu về vấn đề này, bạn có thể tìm ra cách để giải quyết vấn đề và tìm ra cách giải quyết vấn đề.",6,that_vong
Em gái tôi luôn chỉ trích kỹ năng làm cha mẹ của tôi và làm tôi cảm thấy như một người mẹ tồi tệ. tôi sẽ chỉ ra tất cả cô ấy là một người cha và làm cho cô ấy cảm thấy như cô ấy làm cho tôi cảm thấy.,Bạn có thể nhận được một số câu trả lời rất đáng tin cậy.,6,that_vong
"Một trong những học sinh của tôi đã bất kính với tôi trước cả lớp, và những học sinh khác cười nhạo tôi sẽ cho anh ta điểm kém và đảm bảo rằng anh ta không bao giờ xem thường tôi nữa tôi sẽ không để anh ta thoát khỏi chuyện này.","Tôi hiểu rằng nếu bạn cố gắng tìm hiểu vấn đề này, bạn có thể tìm ra cách giải quyết bất cứ vấn đề nào.",3,gian_du
"Tôi phải học lớp 100 bài luận cuối tuần, và tôi đã trễ kế hoạch, tôi lo rằng tôi sẽ không thể hoàn thành bài luận này đúng giờ, và học sinh của tôi sẽ có kết quả. tôi cũng nghĩ rằng kế hoạch của tôi sẽ không hiệu quả nếu tôi vượt qua nó.",Hãy cố gắng hết sức để vượt qua những khó khăn này.,2,lo_au
"Chồng tôi và tôi đã cãi nhau về tài chính của chúng tôi, và chúng tôi không để ý đến việc làm thế nào để kiếm tiền. tôi lo rằng nếu chúng tôi không thể đồng ý vào một ngân sách, nó sẽ dẫn đến nhiều tranh cãi và mối quan hệ của chúng tôi. tôi cũng quan tâm đến việc nó ảnh hưởng thế nào đến con cái chúng tôi nếu chúng tôi không thể chu cấp cho chúng.","Tôi hiểu đây là một tình huống khó khăn, và có thể cảm thấy khó khăn và khó khăn trong việc đối phó với tình huống khó khăn này.",2,lo_au
"Một trong những đứa con của tôi đang đấu tranh ở trường, và tôi không biết cách giúp chúng. tôi sợ rằng nếu tôi không tìm ra cách để giúp con mình nâng cao điểm số, nó sẽ có tương lai lâu dài cho tương lai của chúng. tôi cũng lo lắng rằng tôi đang thất bại trong vai trò phụ huynh.","Tôi hoàn toàn hiểu được sự khó khăn của con bạn khi phải đối mặt với những khó khăn trong việc học tập, và nếu bạn cố gắng hết sức để có thể làm điều đó, bạn có thể làm được điều đó.",2,lo_au
"Chính quyền trường học đang thực hiện một chính sách mới mà tôi không đồng ý, và nó ảnh hưởng đến khả năng giảng dạy của tôi một cách hiệu quả. tôi lo rằng những chính sách mới này sẽ ảnh hưởng tiêu cực đến học sinh của tôi học tập và khả năng của tôi để làm tốt công việc của tôi tôi cũng lo lắng về việc này ảnh hưởng đến việc làm của tôi như thế nào nếu tôi lên tiếng chống lại họ.","Tôi hiểu đây là một phương pháp rất khó khăn, nhưng nếu bạn có thể tìm hiểu về vấn đề này, bạn có thể tìm ra những điều bạn có thể tìm ra và tìm ra những điều mình có thể làm.",2,lo_au
"Tôi đang cố gắng thực hiện trách nhiệm công việc của mình với trách nhiệm gia đình, và tôi cảm thấy như tôi thường xuyên bị thiếu hụt trong cả hai lĩnh vực. tôi lo rằng tôi không phải là một người tốt đủ hay là cha mẹ bởi vì tôi không thể đóng góp 100% vào vai trò của cả hai. tôi cũng lo lắng về những ảnh hưởng lâu dài của áp lực liên tục này đối với sức khỏe và sức khỏe của tôi.","Bạn có thể tìm ra một điều gì đó thật sự quan trọng, và bạn sẽ phải đối mặt với những vấn đề này.",2,lo_au
Tôi phát hiện ra rằng chồng tôi đã lừa dối tôi với một người phụ nữ trẻ hơn trong năm ngoái. làm sao anh ấy có thể làm thế với tôi và gia đình chúng tôi? nhưng giờ tôi cảm thấy tất cả chỉ là dối trá. tôi không chắc liệu tôi có thể tha thứ cho anh ấy.,Tôi rất tiếc khi phải tìm hiểu về những gì bạn đang trải qua. để tìm hiểu về tương lai của bạn.,6,that_vong
"Một trong những đứa con của tôi bị chẩn đoán mắc căn bệnh này, và điều đó là không chắc chắn. tại sao điều này lại xảy ra với gia đình tôi? tôi không biết làm thế nào tôi sẽ đối phó nếu điều tồi tệ nhất xảy ra. tôi ước gì tôi có thể dành chỗ cho chúng và chúng khỏi sự đau khổ này.",Tôi rất tiếc khi nghe tin tức về cuộc sống của con bạn. hãy tìm hiểu về những khó khăn mà bạn có thể có trong suy nghĩ của mình: tại sao điều này lại xảy ra với gia đình tôi?,2,lo_au
"Tôi đã bỏ qua cho một sự thăng tiến trong công việc mà tôi đã làm việc trong nhiều năm, và nó được trao cho một đồng nghiệp ít kinh nghiệm hơn. tôi xứng đáng được thăng chức, và thật không công bằng khi nó được trao cho người khác. tôi bắt đầu đặt câu hỏi về giá trị và giá trị của tôi tại trường này.",Tôi hiểu rằng những cơ hội trong tình huống này có thể giúp bạn vượt qua những khó khăn và khó khăn để có thể vượt qua những khó khăn này.,6,that_vong
"Bạn thân nhất của tôi, người mà tôi biết từ khi còn nhỏ, đột nhiên cắt tôi ra khỏi cuộc sống của họ mà không có lời giải thích nào. tôi nghĩ tình bạn của chúng ta sẽ kéo dài một cuộc đời, nhưng bây giờ tôi còn phải tự hỏi những gì đã xảy ra. tôi đang nghi ngờ tất cả những ký ức chia sẻ và trải nghiệm của chúng ta.",Bạn có thể cảm thấy khó khăn và khó khăn khi nghĩ đến điều này. bạn có thể tìm thấy một điều gì đó trong tương lai.,6,that_vong
"Tôi đã phải vật lộn với cơn đau mãn tính trong nhiều tháng, và nó ảnh hưởng nghiêm trọng đến khả năng của tôi để làm việc và chăm sóc gia đình tôi tôi không biết bao lâu tôi có thể tiếp tục như thế này tôi cảm thấy tôi đang làm mọi người thất vọng và rằng tôi không đủ mạnh để đối phó với thách thức này",Tôi rất xin lỗi vì đã cố gắng vượt qua những khó khăn này. thậm chí bạn còn không thể vượt qua được những khó khăn mà bạn đang phải chịu đựng.,7,met_moi
"Hôm nay tôi đã nhận được một bài đánh giá kém từ thầy hiệu trưởng của tôi, về phương pháp giảng dạy và kỹ năng dạy học của tôi. tôi đã làm việc rất chăm chỉ, và cảm giác như tất cả chỉ là vô nghĩa. có lẽ tôi không phải là người duy nhất cho công việc này. nếu tôi không thể cải thiện và kết thúc mất vị trí của tôi?","Bạn có thể hiểu tại sao bạn cảm thấy nản lòng và khó khăn trong việc tìm hiểu về những điều mình có thể làm, nhưng bạn sẽ không bao giờ tìm ra được những điều mình có thể làm.",6,that_vong
"Chồng tôi và tôi cãi nhau về tài chính của chúng tôi, và anh ta buộc tội tôi vô trách nhiệm với tiền bạc. và anh ta có coi trọng những gì tôi làm cho gia đình chúng tôi không? nó không giống như là tôi đang ở ngoài đó tiêu xài tiền bạc. và có vẻ như anh ta luôn luôn muốn tôi.",Bạn có thể tìm ra một cách để giải quyết vấn đề và tìm hiểu thêm về vấn đề này.,3,gian_du
"Một đứa con của tôi gặp rắc rối ở trường học hôm nay vì có một học sinh khác, và tôi được gọi đến để gặp hiệu trưởng và cha mẹ đứa khác. cha mẹ của đứa khác. tôi đã sai lầm ở đâu? tôi nghĩ rằng tôi đã nuôi dạy con cái của tôi phải tử tế và tôn trọng. nếu sự cố này làm mất danh tiếng và tương lai của con tôi thì sao?",Tôi hiểu điều này là một cách rất khó khăn và chăm sóc con cái của bạn. bạn có thể tìm thấy một điều gì đó trong quá trình học tập của bạn.,6,that_vong
Tôi phát hiện ra rằng người bạn thân nhất của tôi đang nói sau lưng tôi và chia sẻ thông tin cá nhân về tôi với người khác. làm thế nào cô ấy có thể làm điều này với tôi? tôi nghĩ tình bạn của chúng ta có ý nghĩa gì đó bây giờ tôi đang thắc mắc tất cả những gì chúng ta đang thắc mắc ai khác mà cô ấy có thể đã nói với những bí mật của tôi.,Bạn có thể hiểu tại sao bạn cảm thấy bị tổn thương và có thể bị tổn thương bởi hành động của bạn.,3,gian_du
"Tôi phát hiện ra rằng đồng nghiệp của tôi, người mà tôi coi là một người bạn, đã lan truyền những tin đồn về tôi tại nơi làm việc, cố gắng làm suy yếu danh tiếng và uy tín của tôi. làm thế nào họ có thể làm điều này với tôi sau bao nhiêu năm làm việc cùng nhau? tôi tin tưởng họ, và họ đâm sau lưng tôi. và họ sẽ đảm bảo mọi người biết sự thật về nhân vật của họ và xem họ thích thế nào khi danh tiếng của họ bị hủy hoại.","Tôi xin lỗi vì đã làm phiền anh, nhưng hãy cố gắng tìm hiểu về vấn đề này, và làm sao chúng ta có thể vượt qua những khó khăn mà anh có thể hiểu được.",6,that_vong
Tôi phát hiện ra rằng người hôn phối của tôi đã có quan hệ với một người bạn và họ đã nói dối tôi hàng tháng trời họ nghĩ họ có thể phá bỏ cuộc hôn nhân của chúng ta và thoát khỏi nó? tôi sẽ đảm bảo họ sẽ hối hận với tôi tôi tôi sẽ trao cuộc sống của họ cho tất cả mọi người mà chúng ta biết và biến cuộc sống của họ thành địa ngục,Tôi hiểu rằng việc cố gắng hết sức để vượt qua khó khăn này là điều không thể tránh được.,6,that_vong
"Bạn thân nhất của tôi, người mà tôi đã biết từ khi còn nhỏ, đột nhiên cắt tôi ra khỏi cuộc sống của họ mà không có lời giải thích nào, bỏ qua tất cả những nỗ lực của tôi để vươn tới và hòa giải. sau bao nhiêu năm ở bên nhau, đây là cách họ đối xử với tôi? tôi đảm bảo họ sẽ hối hận vì đã quay lưng lại với tôi. tôi sẽ tìm cách khiến họ cảm thấy đau đớn và họ đã chối bỏ tôi.","Tôi hiểu đây là một tình huống khó khăn và có thể làm bạn mất thời gian của mình, nhưng bạn có thể cảm thấy mình bị tổn thương nhiều nhất: bạn có thể cố gắng làm điều đó, thậm chí không thể thực hiện được.",3,gian_du
"Tôi đã không công bằng bỏ qua cho một sự thăng tiến tại công sở, mặc dù tôi làm việc chăm chỉ và đầy đủ điều kiện, và vị trí được trao cho một đồng nghiệp ít kinh nghiệm những người là bạn với ông chủ họ nghĩ rằng họ có thể bước qua tôi và thoát khỏi nó? tôi sẽ cho họ thấy những gì sẽ xảy ra khi bạn gây rối với tôi. tôi sẽ tìm ra cách để vạch trần và làm cho họ phải hối tiếc bất cứ lúc nào.","Nếu bạn cố gắng hết sức để vượt qua khó khăn này, hãy cố gắng vượt qua những khó khăn đó.",6,that_vong
Tôi nhận thấy chồng tôi đã xa cách và dành nhiều thời gian hơn cho điện thoại của anh ta. nếu anh ta nói chuyện với người khác thì sao? hôn nhân của chúng ta có rắc rối không?,"Tôi hiểu điều này là rất khó khăn và tình huống liên quan đến tình huống của bạn nó hoàn toàn bình thường để cảm thấy lo lắng, lo lắng, và bất an khi chồng bạn ở xa hơn và bị phân tâm. cảm giác của bạn là hợp lý và xứng đáng để có được một số bằng chứng rõ ràng. điều này có nghĩa là bạn không có bằng chứng về hành động của anh ta.",2,lo_au
Hôm nay con gái tôi đi học về nhà khóc bởi vì nó bị bạn học bắt nạt. nếu điều này ảnh hưởng đến thành tích của con bé thì sao? con bé sẽ gặp khủng hoảng hay buồn nản? làm sao tôi có thể bảo vệ con bé khỏi chuyện này một lần nữa?,Tôi rất tiếc khi nghe con gái bạn đã trải qua những khó khăn như thế này. bạn hoàn toàn hiểu rằng việc học tập của con gái bạn sẽ ảnh hưởng đến tình huống khó khăn của bạn.,2,lo_au
Tôi nhận được một cuộc gọi từ bác sĩ của tôi về một số kết quả kiểm tra bất thường và họ muốn tôi đến để kiểm tra tiếp theo.,"Tôi có thể hiểu tại sao bạn cảm thấy sợ hãi và lo lắng về những điều bạn có thể làm trong quá trình tìm kiếm, và làm sao bạn có thể hoàn toàn khó khăn để tìm ra những điều bạn có thể làm.",2,lo_au
Con trai tôi nói với tôi rằng nó đang vật lộn trong lớp đại học và đang bỏ học. làm sao tôi có thể thuyết phục nó ở lại trường?,"Hãy nhớ rằng việc tìm hiểu về nó là một điều rất quan trọng, và bạn sẽ không bao giờ có thể chấp nhận nó nếu nó có một quyết định thực sự quan trọng.",3,gian_du
"Tôi nghe đồn rằng khu trường học đang cân nhắc việc cắt giảm ngân sách. nếu tôi bị đình chỉ, làm thế nào chúng ta có thể thanh toán hóa đơn và khoản nợ? liệu tôi có thể tìm được một công việc giảng dạy khác trong nền kinh tế này?",Hãy nhớ rằng bạn có thể tìm ra một điều gì đó để giải quyết vấn đề và tìm hiểu về những vấn đề khó khăn của mình.,2,lo_au
Bạn gái tôi nói với tôi rằng cô ấy đã lừa dối tôi với người bạn thân nhất của tôi trong tháng vừa qua làm sao họ có thể làm thế với tôi? tôi tin tưởng cả hai và họ đã quay lại phía sau tôi tôi muốn đối mặt với họ và làm cho họ cảm nhận được nỗi đau mà tôi đang cảm thấy ngay bây giờ,Hãy cố gắng vượt qua mọi khó khăn và cố gắng để tìm ra sự thật. hãy cố gắng hết sức để vượt qua những khó khăn mà bạn có thể vượt qua.,6,that_vong
"Tôi học chăm chỉ cho bài kiểm tra này và nhận ra rằng tôi đã thất bại, trong khi bạn học của tôi, những người chưa học xong, tôi sẽ không bao giờ thành công trong lớp học này. mục đích của việc cố gắng nếu tôi không thể vượt qua là gì? tôi ghét nhìn thấy những người khác cũng làm tốt khi tôi đang đấu tranh.",Hãy tìm hiểu xem bạn có thể gặp khó khăn như thế nào.,6,that_vong
"Bố mẹ bắt tôi phải chọn một trường đại học mà tôi không có hứng thú, đe dọa cắt đứt tôi nếu tôi không tuân theo họ không bao giờ nghe theo những gì tôi muốn họ luôn nghĩ rằng họ biết điều gì là tốt nhất cho tôi nhưng họ không biết tôi cảm thấy bị mắc kẹt và trong tình huống này","Tôi hiểu đây là một tình huống cực kỳ khó khăn. dù bạn có thể tin tưởng vào những điều mình có thể làm, nhưng hãy nhớ rằng nếu bạn có những mối quan tâm lớn hơn, bạn sẽ không thể chấp nhận được những điều đó.",3,gian_du
"Tôi đã thấy bạn gái tôi tán tỉnh một người đàn ông khác ở bữa tiệc, mặc dù cô ấy biết tôi ở đó cô ấy không quan tâm đến cảm xúc của tôi cô ấy không cần quan tâm đến cảm xúc của tôi có lẽ cô ấy cũng đang lừa dối tôi với anh ta tôi không thể tin cô ấy nữa",Tôi hiểu làm thế nào để xem xét sự liên lạc của bạn với một người khác có thể cảm thấy khó chịu và khó chịu.,6,that_vong
"Giáo viên của tôi đã buộc tội tôi là mù chữ trong một bài luận mà tôi đã làm việc rất chăm chỉ, và đang bỏ rơi tôi cho bài tập, thật không công bằng cô ấy không có bằng chứng rằng tôi đã gian lận cô ấy chỉ không thích tôi và đang cố gắng học lớp của tôi tôi ghét lớp học này và giáo viên này tôi ghét lớp học này tôi ghét lớp học này và giáo viên này","Tôi xin lỗi vì đã làm phiền cô, nhưng hãy cố gắng tìm hiểu xem cô có thể hiểu được điều gì, dù cô có suy nghĩ sai hay không.",6,that_vong
Tôi sắp có một kỳ thi lớn vào tuần tới và tôi không cảm thấy được chuẩn bị gì cả nếu tôi trượt kỳ thi này nó có thể phá hỏng cơ hội của tôi vào một trường đại học tốt tôi không đủ thông minh để vượt qua bài kiểm tra này tôi nên học nhiều hơn tôi sẽ làm mọi người thất vọng,Tôi có thể hiểu tại sao bạn cảm thấy lo lắng và lo lắng về điều này.,2,lo_au
bạn gái tôi gần đây và tôi lo rằng cô ấy có thể chia tay với tôi cô ấy có lẽ đã tìm được ai đó tốt hơn tôi không đủ tốt cho cô ấy nếu cô ấy bỏ tôi sẽ cô đơn mãi mãi tôi không thể chịu được điều này không chắc chắn,Hãy cố gắng vượt qua những khó khăn trong việc tìm hiểu về tình huống khó khăn của bạn. hãy cố gắng vượt qua những khó khăn đó.,2,lo_au
"Tôi phải trình bày một bài diễn thuyết trước cả lớp và tôi rất sợ nói trước đám đông, tôi sẽ tự làm mình ngu ngốc. mọi người sẽ cười vào tôi mọi người sẽ cười vào mặt tôi tôi đang nói rất tệ tôi không thể làm điều này tất cả họ sẽ thấy tôi bị căng thẳng như thế nào","Hãy nghĩ về những gì bạn đã trải qua, và bạn sẽ không bao giờ nghĩ đến những điều đó.",2,lo_au
"Tôi nộp đơn xin việc bán thời gian và đang chờ nghe họ trả lời, có lẽ tôi không nhận được việc, tôi chưa đủ trình độ, họ chắc đã tìm được ai đó tốt hơn nếu tôi không có công việc này, tôi sẽ không thể tiết kiệm được tiền học đại học.","Nếu bạn không có cơ hội để làm việc này, bạn sẽ không có cơ hội để có được một công việc nào đó.",2,lo_au
Tôi đã có một cuộc tranh cãi với bố mẹ về kế hoạch tương lai của tôi và bây giờ có sự căng thẳng trong nhà tôi đã làm cha mẹ thất vọng họ không nghĩ tôi có thể tự làm điều đó họ nghĩ tôi có thể làm điều đó nếu họ đúng tôi không muốn là một thất bại trong mắt họ điều này là sự căng thẳng,"Hãy nghĩ đến những điều mà bạn có thể gặp phải, dù bạn có thể gặp khó khăn nào, nhưng hãy cố gắng hết sức để giải quyết những vấn đề đó.",3,gian_du
"Bạn gái tớ chia tay với tớ ngay trước buổi khiêu vũ, nói rằng cô ấy đã tìm được người tốt hơn tớ không thể tin cô ấy bỏ tớ vì người khác tớ nghĩ chúng ta có gì đó đặc biệt tớ cảm thấy như tớ không đủ tốt với cô ấy",Tôi có thể hiểu được sự khó khăn của bạn trong việc tìm hiểu về tình huống này. bạn có thể không phải là người duy nhất có một mối quan hệ tốt với bạn. bạn có thể không phải là người duy nhất có một mối quan hệ tốt với bạn.,6,that_vong
Tôi đã không được nhận vào trường đại học mơ ước của mình mặc dù tôi có điểm số tốt và điểm cao tôi đã làm việc rất chăm chỉ và nó vẫn chưa đủ những người khác tham gia với điểm thấp hơn hệ thống thiết lập,"Hãy cố gắng tìm hiểu thêm về những điều bạn không thể làm được. dù bạn có nhiều khả năng hơn, nhưng hãy cố gắng hết sức để tìm hiểu về vấn đề này.",6,that_vong
Người bạn thân nhất của tôi đã phản bội tôi bằng cách tung tin đồn sau lưng tôi sao họ có thể làm thế này với tôi sau ngần ấy năm tôi nghĩ chúng ta như anh em tôi không bao giờ có thể tin bất cứ ai nữa,Tôi hiểu rằng tình huống này với người bạn thân nhất của bạn phải cực kỳ khó khăn và khó khăn để có thể vượt qua những khó khăn trong suy nghĩ của bạn.,6,that_vong
"Tôi không có vai chính trong vở kịch trường học, mặc dù tôi có đóng vai diễn thử vai, đạo diễn đóng vai yêu thích và đóng vai diễn cho người khác, rõ ràng là tôi giỏi hơn, không công bằng.",Tôi hiểu tại sao bạn cảm thấy mình không thể tiếp tục làm được điều đó. và làm thế nào chúng ta có thể thách thức họ bằng cách nghĩ: bạn có thể là một người hoàn toàn thất bại.,6,that_vong
"Bố mẹ tôi bắt tôi kiếm việc làm để trả tiền xe cho tôi, trong khi bạn bè tôi không phải làm việc. thật không công bằng khi tôi phải làm việc trong khi bạn bè của tôi có thể tận hưởng thời gian rảnh rỗi của họ cha mẹ tôi quá nghiêm khắc và không hiểu tôi.",Tôi hiểu đây là một tình huống khó khăn cho bạn. bạn có thể cảm thấy khó khăn hơn khi phải đối mặt với tình huống khó khăn.,7,met_moi
Tôi phát hiện ra bạn gái tôi đang nhắn tin cho bạn trai cũ của cô ấy sau lưng tôi không thể tin cô ấy sẽ hạ thấp cô ấy rõ ràng không coi trọng mối quan hệ của chúng ta hay tôi xứng đáng hơn thế này,"Bạn có thể cảm thấy khó khăn khi tìm hiểu về những tình huống mà bạn đang gặp phải. và làm thế nào chúng ta có thể thách thức bạn gái của bạn: bạn có thể theo đuổi tình huống này, nơi mà bạn không có một mối quan hệ nào tốt hơn.",6,that_vong
Tôi nghe bạn học chế giễu tôi và gọi tên tôi khi họ nghĩ tôi không nghe. họ chỉ ghen tị với tôi và cố gắng đưa tôi đến trình độ của họ. tôi sẽ không để họ không tiếp cận tôi.,"Nếu bạn có thể tìm ra cách giải quyết vấn đề, bạn có thể tự giải quyết vấn đề bằng cách tìm ra cách giải quyết vấn đề và cố gắng giải quyết vấn đề.",3,gian_du
Bố mẹ tôi luôn luôn so sánh tôi với tuổi già và khiến tôi cảm thấy mình không đủ tốt tôi sẽ không bao giờ đánh giá vào mắt họ tôi chỉ là một sự thất vọng đối với họ,Tôi có thể hiểu tại sao bạn cảm thấy như vậy.,6,that_vong
"Tôi phát hiện ra rằng một thành viên của dự án nhóm đã nhận công lao của tôi và cho rằng nó là việc của họ. và họ chỉ lao đầu vào và ăn cắp công lao. họ là một kẻ lừa đảo, lười biếng, không xứng đáng được tham gia chương trình này.",Bạn có thể dễ dàng chấp nhận những điều mình đã làm.,6,that_vong
"Tôi đã thất bại trong kỳ thi cuối cùng của mình trong một môn chủ đề quan trọng, nghĩa là tôi có thể không tốt nghiệp đúng giờ tôi là một thất bại tôi đã làm mọi người thất vọng, kể cả bản thân mình tôi không biết làm thế nào tôi sẽ đối mặt với cha mẹ hay bạn gái của tôi",Tôi hiểu rằng việc tìm kiếm những điều bạn không thể làm được là để giúp bạn vượt qua những khó khăn và khó khăn trong việc tìm kiếm những điều bạn không thể làm được.,6,that_vong
Bạn gái tôi nói với tôi rằng cô ấy đã lừa dối tôi với bạn thân của tôi trong tháng qua tôi không đủ tốt tôi sẽ không bao giờ tìm thấy tình yêu một lần nữa tôi sẽ cô đơn và đau khổ mãi mãi,"Tôi hiểu đây là một tình huống cực kỳ khó khăn. để tìm hiểu về tình yêu của bạn, hãy xem xét một số khả năng mà bạn có thể có được trong suy nghĩ của bạn.",6,that_vong
"Tôi bị từ chối từ tất cả những trường đại học mà tôi đã tham gia, kể cả những trường học an toàn của tôi tôi không đủ thông minh cho đại học tôi sẽ không bao giờ có bất cứ điều gì trong cuộc sống tôi là nỗi thất vọng cho tất cả mọi người xung quanh tôi",Điều này khiến bạn cảm thấy rất khó khăn và khó chấp nhận được sự thật.,6,that_vong
Bố mẹ tôi nói với tôi rằng họ sắp li dị và đó là lỗi của tôi vì tôi không phải là đứa con tốt hơn tôi là người tồi tôi đã phá hủy gia đình tôi không xứng đáng được hạnh phúc hay được yêu thương,Tôi rất tiếc khi phải tin vào tình huống khó khăn của cha mẹ mình. dù bạn không phải là người có quyền quyết định.,6,that_vong
Tôi phát hiện ra rằng tôi có một tình trạng y tế nghiêm trọng cần được điều trị rộng rãi và có thể ảnh hưởng đến tương lai của tôi. tại sao điều này lại xảy ra với tôi? tôi không biết liệu tôi có đủ mạnh để giải quyết chuyện này. ước mơ của tôi và kế hoạch của tôi đã bị phá hủy.,Tôi hiểu rằng việc tìm kiếm sự an toàn của mình là điều rất khó khăn và có thể giúp bạn vượt qua khó khăn.,2,lo_au
"Tôi đã học rất chăm chỉ cho bài kiểm tra toán của mình, nhưng khi tôi học lại lớp học của tôi, nó thấp hơn tôi nghĩ tôi không đủ thông minh để làm tốt môn toán tôi sẽ không bao giờ có được một trường cao đẳng tốt với lớp như thế này.",Tôi hiểu làm thế nào thất vọng bạn phải cố gắng hết sức mình để đạt được những điều tốt đẹp và không nhận được những kết quả mà bạn có thể hy vọng: bạn sẽ không bao giờ vượt qua được khả năng đó.,6,that_vong
"Bạn gái tôi và tôi dự định đi ăn tối, nhưng cô ấy đến trễ vào phút cuối bởi vì cô ấy phải học bài kiểm tra. có lẽ cô ấy không quan tâm đến tôi nhiều như tôi nghĩ. tôi tự hỏi liệu những gì cô ấy học sẽ luôn đến trước khi chúng ta có mối quan hệ.",Tôi hiểu làm thế nào để bạn gái của bạn bỏ qua những tình huống khó khăn trong bữa tiệc cuối cùng có thể cảm thấy đau buồn và làm bạn thắc mắc về điều đó.,6,that_vong
"Tôi nộp đơn cho một kỳ nghỉ hè mà tôi thực sự muốn, nhưng tôi chỉ nhận ra rằng tôi không được chấp nhận. tôi không thể đủ tốt để có được thực tập mà tôi muốn. tôi sẽ không bao giờ thành công nếu tôi thậm chí không có được một thực đơn.",Tôi hoàn toàn hiểu tại sao bạn cảm thấy thất vọng và nản lòng khi nghĩ về điều này.,6,that_vong
"Tôi đã làm việc rất chăm chỉ trong một dự án nhóm cho lớp học lịch sử của tôi, nhưng đồng đội của tôi không làm phần của họ, và chúng tôi có một điểm thấp. không công bằng khi tôi phải chịu đựng vì mục đích của người khác.","Hãy nhớ rằng, nếu bạn không cố gắng hết sức để vượt qua khó khăn này, bạn sẽ không thể làm được điều đó.",6,that_vong
"Tôi đã dành dụm để mua một cái máy chơi game mới, nhưng khi tôi về nhà và cố gắng thiết lập nó, nó sẽ không hoạt động đúng. tôi phải gặp vận xui. mỗi lần tôi mong chờ điều gì đó, nó dường như đi sai hướng.","Hãy cố gắng tìm ra giải pháp mới, nhất là khi bạn dành thời gian để tìm hiểu về điều này.",6,that_vong
Bạn gái tôi và tôi ra ngoài đi dạo khi có một gã say đến gần chúng tôi và bắt đầu nói những lời thô lỗ về tình dục với cô ấy. tôi không thể chịu nổi những người đàn ông đối xử với phụ nữ như đồ vật.,"Hãy cố gắng chấp nhận sự thật về điều này. dù bạn có cảm thấy khó chịu đến đâu đi chăng nữa, nhưng hãy cố gắng nhận ra điều đó.",3,gian_du
Tôi đã ăn trong căng tin khi tôi thấy ai đó ở bàn kế bên hắt xì vào thức ăn của họ và tiếp tục ăn như thể chưa có gì xảy ra. thật là kinh tởm và thiếu vệ sinh. làm thế nào một người có thể được chấp nhận với ăn uống cơ thể của chính mình như thế? nó chỉ là sai và ghê tởm.,Tôi hiểu tại sao tình huống khó khăn này lại xảy ra.,3,gian_du
Tôi đang ở trong lớp và người ngồi cạnh tôi cứ tiếp tục móc mũi của họ và nhúng nó vào bàn làm việc. thật kinh tởm.,Hãy thử nghĩ về những điều mà người khác không nghĩ đến. hãy cố gắng tìm hiểu về điều đó. hãy cố gắng hết sức để tìm hiểu về người đó.,4,trung_tinh
"Tôi đã ở trên một chiếc xe buýt đông đúc và người bên cạnh tôi có cơ thể khủng khiếp mùi hôi thối mà có mùi như họ đã không tắm trong nhiều tuần. nó là như vậy để có thể đưa những người khác đến một nơi mạnh mẽ như vậy, dày đặc trong một không gian. làm thế nào một ai đó có thể bỏ qua thời gian của họ đến độ đó? nó thực sự tắt và thở.","Tôi hiểu rằng tình huống khó khăn và khó hiểu là bạn có thể vượt qua những khó khăn của cơ thể, nhưng nếu bạn có thể tìm hiểu về những vấn đề khó khăn của họ, bạn có thể nhận ra những vấn đề khó khăn của họ, nhưng nếu bạn cố gắng vượt qua những vấn đề khó khăn này, bạn sẽ không phải là những người đang phải đối mặt với vấn đề cá nhân.",3,gian_du
Tôi đã vô tình gọi giáo viên của tôi là 'em' trước cả lớp tôi không thể tin là tôi vừa làm điều đó mọi người phải nghĩ rằng tôi là một kẻ thất bại tôi sẽ không bao giờ sống như thế này tôi sẽ không bao giờ sống như vậy,"Bạn có thể cảm thấy khó khăn và khó hiểu nhất là khi bạn nghĩ về điều này, bạn sẽ không nghĩ rằng nó là một tình huống hoàn toàn khó khăn.",6,that_vong
"Tôi bị ngã và bị ngã trong căng tin, tự làm đổ thức ăn lên người tôi rất xin lỗi tất cả mọi người chắc đang cười tôi sẽ là người nói chuyện của trường trong nhiều tuần","Tôi hiểu rằng sự khó khăn và khó hiểu của bạn trong khi những người khác có thể cảm thấy khó khăn và khó hiểu hơn khi bạn nghĩ về bản thân mình như thế nào và lo lắng như thế nào trong thực tế, tất cả mọi người đều có những khó khăn mà bạn có thể tìm ra.",3,gian_du
"Bạn gái tôi và tôi đang cãi nhau ở nơi công cộng, và cô ấy giận dữ, để tôi đứng đó một mình. mọi người đều nghĩ tôi là một người bạn trai tồi tệ họ có thể nghe mọi thứ chúng tôi nói tôi không thể đối mặt với bất cứ ai ngay lúc này.",Tôi hiểu đây là một tình huống rất khó khăn và khó khăn cho bạn.,3,gian_du
Tôi đã trình bày một bài thuyết trình trong lớp và hoàn toàn chú tâm vào những gì tôi phải nói tôi là một thằng ngốc mọi người phải nghĩ rằng tôi ngu tôi sẽ không bao giờ có thể xuất hiện mặt trong lớp nữa,Hãy cố gắng vượt qua những khó khăn mà bạn không thể hiểu được. hãy nghĩ đến những điều bạn không thể hiểu được.,6,that_vong
tôi đã vô tình gửi một tin nhắn có nghĩa là cho bạn gái của tôi đến mẹ tôi thay vào đó. tôi đã làm gì? mẹ tôi sẽ rất tức giận mẹ tôi sẽ không bao giờ tin tôi nữa tôi là một con ngốc.,Tôi có thể hiểu tại sao bạn cảm thấy khó chịu và lo lắng khi gửi thông điệp cá nhân cho mẹ bạn thay vì bạn gái của bạn.,3,gian_du
Bạn gái tôi nói với tôi rằng cô ấy đang đi du lịch với người bạn tốt nhất giàu có và gia đình anh ta đến châu Âu trong hai tuần nghỉ hè. tôi ước gì tôi có tiền để cho cô ấy những trải nghiệm như thế. thật không công bằng khi anh ấy dành quá nhiều thời gian với cô ấy trong khi tôi kẹt ở đây.,"Bạn có thể cảm thấy khó khăn như thế nào khi nghĩ về tình huống của mình, và bạn sẽ không thể chấp nhận được tình huống khó khăn này.",0,vui
"Tôi thấy trên mạng xã hội rằng tất cả bạn bè của tôi đều tham dự một lễ hội âm nhạc cuối tuần này, nhưng tôi không đủ tiền mua vé.",Hãy cố gắng tìm ra những điều mình có thể làm. và làm thế nào chúng ta có thể đối phó với những vấn đề này.,2,lo_au
