Text,Label
"Thiệt tình mượn đồ lâu r khum trả mà còn tỏ ra bình thường, chán 😡",gian_du
"ae tư vấn giúp, nhìn lại năm qua thấy chẳng đạt đc gì thì nên làm sao",buon
Ủa đang bị phải gánh team vì mấy đứa lười nè 😤,gian_du
Mn ơi đang bị không về kịp gặp ng thân lần cuối nè haiz,buon
"vừa sợ bị sếp đánh giá thấp trong kỳ review xong, hy vọng ghê huhu",lo_au
Ủa lương về rùi 🥰,vui
"vừa bạn hẹn đi ăn rồi tự nhiên cancel không lý do xong, thất vọng ghê 💢",gian_du
"vừa khối lượng công việc ngập đầu không biết bắt đầu từ đâu xong, thất vọng ghê 😱",lo_au
"Ae tư vấn giúp, đang xem phim nhưng không có cảm xúc gì mạnh thì nên làm sao ...",trung_tinh
"Dạo này đang bị team vừa có thành viên mới giỏi, kỳ vọng cao nè",hy_vong
"vừa hôm nay kh có gì đặc biệt lắm xong, tức ghê",trung_tinh
Hôm nay vừa tìm ra phương pháp học mới hiệu quả hơn 🤞,hy_vong
Tớ đang bị gặp người mới và cảm giác có điểm chung nè 🤞,hy_vong
"vừa tìm được quán cà phê ưng ý mới xong, vui ghê 😎",vui
hôm nay không biết mk có đủ năng lực cho vị trí mới không 😱,lo_au
Mình đang bị áp lực KPI tháng này cao quá nè 😱,lo_au
"Hi vọng nhiều rùi nhận kết quả ngược lại, trời ơi không bt làm sao ugh",that_vong
"Thiệt tình xa nhà lâu qá nhớ mọi người, chán 😔",buon
"Ae tư vấn giúp, đang code xong thì cúp điện mất hết thì nên làm sao 😡",gian_du
Ae ơi gặp người mới và cảm giác có điểm chung ✨,hy_vong
"ae tư vấn giúp, tìm đc qán cà phê ưng ý mới thì nên làm sao 🤩",vui
Mn ơi đang bị yêu thật lòng mà không đc đáp lại nè haizzz,that_vong
"bốc thăm trúng phần thưởng to, ủa không biết làm sao =))",vui
"thiệt tình hôm nay họp nhiều, kh có gì nổi bật, chán ...",trung_tinh
"Ae tư vấn giúp, yêu thật lòng mà không đc đáp lại thì nên làm sao 💔",that_vong
"vừa xa nhà lâu quá nhớ mọi ng xong, tức ghê 😔",buon
Ngl đang bị chia tay xong cứ thấy trống rỗng nè 😞,buon
Trời ơi đang bị cố gắng hết sức mà kết quả vẫn không như kỳ vọng nè 😞,that_vong
hôm nay ship đồ ăn thiếu món mà kh chịu hoàn tiền 💢,gian_du
Tui đang bị chốt hợp đồng lớn sau bao ngày nỗ lực nè 🥰,vui
"Thiệt tình bị kể chuyện riêng tư cho người khác dù đã dặn giữ kín, chán 👊",gian_du
hôm nay vừa đọc xong một bài viết thú vị 😐,trung_tinh
"Mọi thứ dạo này cứ xui xẻo liên tục, mình khum bt làm sao 😔",buon
"bắt đầu một thói quen mới và duy trì dc 2 tuần rùi, mk không biết làm sao 🌱",hy_vong
"vừa có kế hoạch cụ thể rùi, cảm thấy tự tin hơn xong, thất vọng ghê 🤞",hy_vong
Ae ơi đang bị được crush rủ đi chơi cuối tuần nè 🎉,vui
"Gặp ng mới và cảm giác có điểm chung, tui khum bt làm sao",hy_vong
Tao đang bị dc giao nhiệm vụ mới thú vị hơn nè 😌,hy_vong
"sau giai đoạn khó khăn cảm thấy mọi thứ đang tốt lên, mk không bt làm sao 🌱",hy_vong
"Vừa khách hàng gửi email khen ngợi mình xong, lo ghê 😆",vui
"ae tư vấn giúp, đồng nghiệp thân nhất vừa nghỉ việc thì nên làm sao 😢",buon
Dạo này đang bị mọi thứ dạo này cứ xui xẻo liên tục nè haiz,buon
"cảm giác mối quan hệ đang ấm lên dần, ủa khum biết làm sao 🌱",hy_vong
Ae ơi sếp ép deadline vô lý không có lý do 😤,gian_du
"Vừa sếp ép deadline vô lý ko có lý do xong, tức ghê 🤬",gian_du
"nghe bản nhạc cũ bỗng nhớ kỷ niệm xưa, tớ kh biết làm sao 😔",buon
Tui đang bị vừa đọc xong một bài viết thú vị nè 😐,trung_tinh
"Cảm giác mối quan hệ đang ấm lên dần, chời ơi không bt làm sao 🤞",hy_vong
Mk đang bị bắt đầu một thói quen mới và duy trì được 2 tuần rùi nè 😌,hy_vong
Hôm nay không bt người ấy có thật sự thích mình không ...,lo_au
"Người yêu liên tục đến trễ mà khum xin lỗi, mn ơi không biết làm sao 🔥",gian_du
Ủa k bt người ấy có ts thích mình không ...,lo_au
Ủa nhận học bổng du học ✨,vui
hôm nay nhớ người yêu cũ khi trời mưa,buon
Mn ơi đang bị yêu thật lòng mà không được đáp lại nè 💔,that_vong
"hàng giao sai size mà đổ lỗi do mình đặt nhầm, mình ko bt làm sao",gian_du
"vừa làm lành với người thân sau trận cãi xong, tức ghê 🎉",vui
"vừa được thăng chức sau kỳ đánh giá xong, lo ghê 🥰",vui
hôm nay tin vào ng mà cuối cùng bị lừa dối ugh,that_vong
Hôm nay đang bị bạn bè lúc khó khăn thì không ai xuất hiện nè 😶,that_vong
"vừa tìm ra phương pháp học mới hiệu quả hơn, mn ơi k bt làm sao",hy_vong
"Vừa bốc thăm trúng phần thưởng to xong, thất vọng ghê 🤩",vui
Hôm nay nhớ ng yêu cũ khi trời mưa haiz,buon
Ngl đang bị yêu thật lòng mà khum được đáp lại nè 😶,that_vong
hôm nay sắp tới deadline mà chưa làm được gì 😰,lo_au
Mk tin tưởng đồng nghiệp mà bị phản bội 💔,that_vong
"Ae tư vấn giúp, sắp tới deadline mà chưa làm đc gì thì nên làm sao 😥",lo_au
"vừa sợ bị sếp đánh giá thấp trong kỳ review xong, thất vọng ghê 😰",lo_au
"hi vọng nhiều rồi nhận kết quả ngược lại, tui khum biết làm sao",that_vong
"mọi thứ dạo này cứ xui xẻo liên tục, trời ơi ko bt làm sao haiz",buon
Tui khối lượng công việc ngập đầu không biết bắt đầu từ đâu huhu,lo_au
Chời ơi đang bị tìm được hướng đi rõ ràng hơn cho tương lai nè,hy_vong
"Làm đúng quy trình mà vẫn bị chỉ trích, mk không bt làm sao 💔",that_vong
"Ae tư vấn giúp, chưa học chữ nào mà mai thi rùi thì nên làm sao 😱",lo_au
"Người yêu liên tục đến trễ mà k xin lỗi, mk không biết làm sao 🤬",gian_du
"Ae tư vấn giúp, khối lượng công việc ngập đầu ko bt bắt đầu từ đâu thì nên làm sao ...",lo_au
Mk sắp tới deadline mà chưa làm dc gì,lo_au
Trời ơi đang bị làm đúng quy trình mà vẫn bị chỉ trích nè 😶,that_vong
"thiệt tình cố gắng hết sức mà kết quả vẫn không như kỳ vọng, chán ugh",that_vong
"ae tư vấn giúp, lương về rồi thì nên làm sao ✨",vui
Ủa đang bị hàng giao sai size mà đổ lỗi do mk đặt nhầm nè 🤬,gian_du
"Ae tư vấn giúp, vừa tìm ra phương pháp học mới hiệu quả hơn thì nên làm sao 🙏",hy_vong
"Vừa k theo kịp bài vở dạo này xong, vui ghê 😰",lo_au
"Thiệt tình hôm nay họp nhiều, không có gì nổi bật, chán 😐",trung_tinh
Ngl đang bị hai đứa vừa nói chuyện thẳng và hiểu nhau hơn nè 🌱,hy_vong
"Vừa bắt đầu một thói quen mới và duy trì dc 2 tuần rùi xong, buồn ghê 🌱",hy_vong
Mk đang bị bị người thân không ủng hộ điều mình tin tưởng nè 😞,that_vong
Mk con mèo nuôi nhiều năm vừa ra đi 😢,buon
"Ae tư vấn giúp, sắp tới deadline mà chưa làm được gì thì nên làm sao huhu",lo_au
"dc chọn vào đội tuyển nghiên cứu, chời ơi k biết làm sao ✨",vui
Tao đang bị ba mẹ cứ cãi nhau và có vẻ sắp ly hôn nè haiz,buon
"thiệt tình không biết người ấy có thật sự thích mình không, chán 😥",lo_au
Nói thật là mượn đồ lâu r không trả mà còn tỏ ra bình thường 💢,gian_du
Ae ơi mọi thứ dạo này cứ xui xẻo liên tục 😢,buon
"Ship đồ ăn thiếu món mà không chịu hoàn tiền, chời ơi không biết làm sao 💢",gian_du
Nói thật là làm lành với ng thân sau trận cãi 🤩,vui
"bắt đầu một thói quen mới và duy trì được 2 tuần r, dạo này không bt làm sao 😌",hy_vong
Mình đặt mục tiêu cho năm này mà chẳng đạt được gì ugh,that_vong
"sắp tới deadline mà chưa làm được gì, ngl không bt làm sao 😱",lo_au
"ae tư vấn giúp, bị kể chuyện riêng tư cho ng khác dù đã dặn giữ kín thì nên làm sao 🔥",gian_du
"vừa bị kể chuyện riêng tư cho ng khác dù đã dặn giữ kín xong, buồn ghê 👊",gian_du
Tao chia tay xong cứ thấy trống rỗng,buon
Nói thật là bị overthinking cả đêm ngủ khum được ...,lo_au
"Vừa taxi chặt chém gấp đôi giá lúc đang vội xong, thất vọng ghê 🔥",gian_du
Tớ sếp ép deadline vô lý không có lý do 😡,gian_du
Ngl đang bị sếp ép deadline vô lý không có lý do nè 💢,gian_du
"vừa cố xây dựng điều gì đó mà bị phá vỡ một cách vô lý xong, hy vọng ghê",that_vong
"Được chọn vào đội tuyển nghiên cứu, chời ơi kh biết làm sao 🎉",vui
hôm nay đặt nhiều kỳ vọng vào người ấy mà họ kh quan tâm,that_vong
"cố gắng thay đổi bản thân mà cứ quay về điểm cũ, ngl không bt làm sao ugh",that_vong
"Bị cắt mặt suýt gây tai nạn mà k xin lỗi, mk không biết làm sao 💢",gian_du
"ông bà mất, để lại khoảng trống không bù dc, tớ không biết làm sao 😢",buon
Trời ơi đang bị gửi cv và đang chờ kết quả phỏng vấn nè 🙏,hy_vong
"vừa ông bà mất, để lại khoảng trống ko bù dc xong, lo ghê 😢",buon
"vừa ngồi uống cà phê một mình, tâm trạng bình thường xong, lo ghê 😐",trung_tinh
"vừa cố gắng hết sức mà kết quả vẫn k như kỳ vọng xong, bình thường ghê 😶",that_vong
"được chọn vào đội tuyển nghiên cứu, tui không biết làm sao 😎",vui
"nhớ ng yêu cũ khi trời mưa, chời ơi không bt làm sao 😞",buon
"Ko theo kịp bài vở dạo này, mk không biết làm sao",lo_au
"Thiệt tình chưa học chữ nào mà mai thi rồi, chán huhu",lo_au
"ae tư vấn giúp, tự nhiên ngồi nhìn ra cửa sổ và nghĩ linh tinh thì nên làm sao 🙂",trung_tinh
Mk đang bị hi vọng nhiều rồi nhận kết quả ngược lại nè 😶,that_vong
"Thiệt tình bị kể chuyện riêng tư cho ng khác dù đã dặn giữ kín, chán 💢",gian_du
Tui đang bị được giao nhiệm vụ mới thú vị hơn nè 🌱,hy_vong
Trời ơi đang bị hi vọng nhiều rồi nhận kết quả ngược lại nè haizzz,that_vong
Nói thật là đang bị taxi chặt chém gấp đôi giá lúc đang vội nè 💢,gian_du
"bạn hẹn đi ăn rồi tự nhiên cancel k lý do, hôm nay không biết làm sao 👊",gian_du
hôm nay cố gắng hết sức mà kết quả vẫn không như kỳ vọng 😞,that_vong
Mình gửi CV và đang chờ kết quả phỏng vấn 🤞,hy_vong
Hôm nay đang bị đang code xong thì cúp điện mất hết nè 🤬,gian_du
"yêu thật lòng mà không đc đáp lại, tớ không biết làm sao 💔",that_vong
Dạo này đang bị khối lượng công việc ngập đầu ko bt bắt đầu từ đâu nè 😱,lo_au
"Gửi cv và đang chờ kết quả phỏng vấn, dạo này không bt làm sao 🙏",hy_vong
Nói thật là vừa tìm ra phương pháp học mới hiệu quả hơn,hy_vong
"Vừa xa nhà lâu qá nhớ mọi ng xong, bình thường ghê haiz",buon
"mượn đồ lâu rồi không trả mà còn tỏ ra bình thường, trời ơi không biết làm sao 😡",gian_du
"Nhìn lại năm qua thấy chẳng đạt được gì, chời ơi ko biết làm sao haiz",buon
Dạo này crush vừa công khai người yêu mới 😢,buon
Nói thật là gửi CV và đang chờ kết quả phỏng vấn 🙏,hy_vong
"vừa ngày bình thường, làm việc rồi về xong, tức ghê",trung_tinh
Ngl đang bị bắt đầu một thói quen mới và duy trì được 2 tuần rồi nè 🙏,hy_vong
Hôm nay áp lực kpi tháng này cao quá 😱,lo_au
Tao đang bị crush vừa công khai người yêu mới nè haiz,buon
"Ae ơi ngày bình thường, làm việc rùi về ...",trung_tinh
Chời ơi mọi thứ dạo này cứ xui xẻo liên tục 🥀,buon
Nói thật là bị ng thân không ủng hộ điều mk tin tưởng 😶,that_vong
"Mk đang bị hôm nay họp nhiều, không có gì nổi bật nè",trung_tinh
Ae ơi đang bị đang cân nhắc chuyện đổi việc nhưng chưa quyết nè,trung_tinh
Ngl bị kể chuyện riêng tư cho người khác dù đã dặn giữ kín 🔥,gian_du
Ngl đang bị tài khoản cạn tiền mà tháng còn dài lắm nè 🥲,lo_au
Tớ làm đúng quy trình mà vẫn bị chỉ trích 😞,that_vong
Tao bị đồng nghiệp nhận công của mình trước mặt sếp 🤬,gian_du
"Ae tư vấn giúp, hôm nay đi đường không tắc, đến nơi sớm thì nên làm sao 😎",vui
"Đang code xong thì cúp điện mất hết, mk không biết làm sao 💢",gian_du
"vừa nộp hồ sơ học bổng và đang chờ kết quả xong, thất vọng ghê ✨",hy_vong
Ae ơi đang bị cố xây dựng điều gì đó mà bị phá vỡ một cách vô lý nè,that_vong
"pass môn khó nhất học kỳ, ủa không biết làm sao ✨",vui
Nói thật là đang bị đang cân nhắc chuyện đổi việc nhưng chưa quyết nè,trung_tinh
"ae tư vấn giúp, ng yêu tặng quà bất ngờ thì nên làm sao 😎",vui
Tao đang bị yêu thật lòng mà ko đc đáp lại nè haizzz,that_vong
Dạo này dự án tâm huyết bị hủy bỏ phút chót 😢,buon
Tao đang bị vừa đọc xong một bài viết thú vị nè ...,trung_tinh
"thiệt tình tự nhiên ngồi nhìn ra cửa sổ và nghĩ linh tinh, chán ...",trung_tinh
Hôm nay hai đứa vừa nói chuyện thẳng và hiểu nhau hơn ✨,hy_vong
"Thiệt tình cố gắng cả năm nhưng không đc thăng chức, chán haiz",buon
"vừa chốt hợp đồng lớn sau bao ngày nỗ lực xong, vui ghê 🥰",vui
hôm nay xa nhà lâu qá nhớ mọi ng 🥀,buon
Dạo này bị người thân không ủng hộ điều mình tin tưởng haizzz,that_vong
Ae ơi đang bị xa nhà lâu quá nhớ mọi người nè haiz,buon
Ngl đang bị chốt hợp đồng lớn sau bao ngày nỗ lực nè 😎,vui
"Ae tư vấn giúp, hi vọng nhiều r nhận kết quả ngược lại thì nên làm sao ugh",that_vong
"Ae tư vấn giúp, yêu thật lòng mà k được đáp lại thì nên làm sao",that_vong
"Vừa tin vào người mà cuối cùng bị lừa dối xong, bình thường ghê",that_vong
Tớ hi vọng nhiều rồi nhận kết quả ngược lại 😞,that_vong
"Ae tư vấn giúp, sợ tỏ tình xong bị từ chối thì mất cả tình bạn thì nên làm sao",lo_au
"vừa lo mối quan hệ đang dần nhạt đi xong, thất vọng ghê 😰",lo_au
Chời ơi cố gắng cả năm nhưng không dc thăng chức 🥀,buon
"Ko biết mình đang đi đúng hướng không, nói thật là không biết làm sao 🥲",lo_au
"Ae tư vấn giúp, mượn đồ lâu r ko trả mà còn tỏ ra bình thường thì nên làm sao",gian_du
"Ae tư vấn giúp, mượn đồ lâu rồi ko trả mà còn tỏ ra bình thường thì nên làm sao 👊",gian_du
"vừa hi vọng nhiều rồi nhận kết quả ngược lại xong, hy vọng ghê",that_vong
"chốt hợp đồng lớn sau bao ngày nỗ lực, trời ơi không biết làm sao =))",vui
Mk đang bị đồng nghiệp thân nhất vừa nghỉ việc nè haiz,buon
"vừa nhớ người yêu cũ khi trời mưa xong, buồn ghê 😞",buon
"bị đồng nghiệp nhận công của mình trước mặt sếp, ae ơi không biết làm sao 🔥",gian_du
"vừa ngồi uống cà phê một mình, tâm trạng bình thường xong, tức ghê",trung_tinh
Mình đang bị đặt mục tiêu cho năm này mà chẳng đạt đc gì nè ugh,that_vong
"ae tư vấn giúp, được crush rủ đi chơi cuối tuần thì nên làm sao =))",vui
"đang xem phim nhưng khum có cảm xúc gì mạnh, trời ơi không biết làm sao ...",trung_tinh
"Thiệt tình lo bảo vệ luận văn bị giáo viên phản biện nặng, chán 😰",lo_au
Dạo này bạn bè lúc khó khăn thì kh ai xuất hiện ugh,that_vong
"đặt mục tiêu cho năm này mà chẳng đạt được gì, nói thật là không bt làm sao ugh",that_vong
"Thiệt tình chốt hợp đồng lớn sau bao ngày nỗ lực, chán 🎉",vui
"ae tư vấn giúp, hi vọng nhiều rồi nhận kết quả ngược lại thì nên làm sao 😶",that_vong
"thiệt tình bị cắt mặt suýt gây tai nạn mà không xin lỗi, chán 👊",gian_du
Dạo này đang bị yêu thật lòng mà kh được đáp lại nè,that_vong
Hôm nay bị cắt mặt suýt gây tai nạn mà không xin lỗi 😤,gian_du
"bị hứa thưởng nhưng cuối năm lại không có, tớ không biết làm sao 😞",that_vong
Nói thật là đang bị ng yêu liên tục đến trễ mà không xin lỗi nè 👊,gian_du
Mk ng yêu liên tục đến trễ mà không xin lỗi,gian_du
"vừa yêu thật lòng mà khum đc đáp lại xong, lo ghê haizzz",that_vong
"vừa áp lực KPI tháng này cao quá xong, thất vọng ghê 😰",lo_au
"ae tư vấn giúp, team vừa có thành viên mới giỏi, kỳ vọng cao thì nên làm sao 🤞",hy_vong
"Thiệt tình không bt mình có đủ năng lực cho vị trí mới không, chán",lo_au
"Vừa đồng nghiệp thân nhất vừa nghỉ việc xong, buồn ghê 😢",buon
"Không biết mình đang đi đúng hướng không, chời ơi không biết làm sao ...",lo_au
Hôm nay cố gắng cả năm nhưng kh dc thăng chức,buon
Trời ơi đang bị nhận học bổng du học nè 🥰,vui
"vừa sau thời gian dài cuối cùng đã liên lạc lại dc xong, vui ghê ✨",hy_vong
"Vừa k theo kịp bài vở dạo này xong, buồn ghê",lo_au
"Vừa hôm nay họp nhiều, kh có gì nổi bật xong, tức ghê",trung_tinh
"Ae tư vấn giúp, cố gắng cả năm nhưng k dc thăng chức thì nên làm sao",buon
Hôm nay đang bị nhìn lại năm qua thấy chẳng đạt được gì nè 🥀,buon
"ae tư vấn giúp, bài thi được điểm cao ngoài mong đợi thì nên làm sao ✨",vui
"vừa vừa đọc xong một bài viết thú vị xong, bình thường ghê 😐",trung_tinh
"Vừa chia tay xong cứ thấy trống rỗng xong, lo ghê 🥀",buon
"Người yêu liên tục đến trễ mà không xin lỗi, ủa không biết làm sao 👊",gian_du
"Thiệt tình hôm nay đi đường khum tắc, đến nơi sớm, chán 🤩",vui
Chời ơi đang bị đặt nhiều kỳ vọng vào ng ấy mà họ không quan tâm nè 😶,that_vong
"ae tư vấn giúp, bạn thân sắp chuyển đi xa thì nên làm sao haiz",buon
"vừa đc crush rủ đi chơi cuối tuần xong, hy vọng ghê",vui
Tao đang bị sợ tỏ tình xong bị từ chối thì mất cả tình bạn nè 🥲,lo_au
"vừa đặt phòng khách sạn xong đến nơi bảo hết phòng xong, tức ghê 😤",gian_du
Ae ơi chốt hợp đồng lớn sau bao ngày nỗ lực 🎉,vui
"Thiệt tình tin vào người mà cuối cùng bị lừa dối, chán haizzz",that_vong
Mk bị hứa thưởng nhưng cuối năm lại không có 💔,that_vong
Chời ơi k theo kịp bài vở dạo này huhu,lo_au
Ủa sắp trả tiền trọ mà lương chưa về ...,lo_au
"vừa áp lực KPI tháng này cao wa xong, lo ghê huhu",lo_au
Ae ơi khách hàng gửi email khen ngợi mk,vui
"Vừa bị đồng nghiệp nhận công của mk trước mặt sếp xong, buồn ghê 🔥",gian_du
Mk đang bị áp lực kpi tháng này cao wa nè 😥,lo_au
Trời ơi đang bị bị hứa thưởng nhưng cuối năm lại ko có nè 💔,that_vong
"sếp ép deadline vô lý khum có lý do, mn ơi không biết làm sao 😡",gian_du
Hôm nay tin vào người mà cuối cùng bị lừa dối 😶,that_vong
hôm nay đang xem phim nhưng không có cảm xúc gì mạnh ...,trung_tinh
"sắp trả tiền trọ mà lương chưa về, nói thật là không biết làm sao 🥲",lo_au
"vừa phải gánh team vì mấy đứa lười xong, vui ghê 😡",gian_du
"vừa tìm được qán cà phê ưng ý mới xong, hy vọng ghê =))",vui
"Thiệt tình bài thi được điểm cao ngoài mong đợi, chán ✨",vui
"Ae tư vấn giúp, bị người thân không ủng hộ điều mình tin tưởng thì nên làm sao 😶",that_vong
Hôm nay mượn đồ lâu r không trả mà còn tỏ ra bình thường 👊,gian_du
"Vừa bị hứa thưởng nhưng cuối năm lại khum có xong, buồn ghê haizzz",that_vong
"Thiệt tình đang suy nghĩ về một quyết định chưa biết nên làm hay k, chán",trung_tinh
Ủa đợi mãi một cơ hội mà nó khum đến haizzz,that_vong
"thiệt tình khối lượng công việc ngập đầu ko biết bắt đầu từ đâu, chán ...",lo_au
"Hôm nay team vừa có thành viên mới giỏi, kỳ vọng cao",hy_vong
Mn ơi đang bị sếp khen project mới trước toàn công ty nè 😆,vui
"Vừa hi vọng nhiều rồi nhận kết quả ngược lại xong, tức ghê ugh",that_vong
"gửi CV và đang chờ kết quả phỏng vấn, tớ không bt làm sao",hy_vong
Nói thật là cảm giác mối quan hệ đang ấm lên dần 🤞,hy_vong
"vừa đang code xong thì cúp điện mất hết xong, bình thường ghê 😡",gian_du
Tao sau thời gian dài cuối cùng đã liên lạc lại đc,hy_vong
"vừa đang xem phim nhưng kh có cảm xúc gì mạnh xong, hy vọng ghê ...",trung_tinh
"ôn thi xong cảm thấy tự tin hơn nhiều, mn ơi ko biết làm sao",hy_vong
"tìm được hướng đi rõ ràng hơn cho tương lai, ae ơi ko biết làm sao 🙏",hy_vong
Ae ơi cố gắng thay đổi bản thân mà cứ quay về điểm cũ ugh,that_vong
Hôm nay đang bị gọi hotline chăm sóc khách hàng cúp máy giữa chừng nè 👊,gian_du
"ae tư vấn giúp, bị đồng nghiệp nhận công của mình trước mặt sếp thì nên làm sao 😡",gian_du
Mn ơi đang bị yêu thật lòng mà không được đáp lại nè ugh,that_vong
Trời ơi đang bị đồng nghiệp thân nhất vừa nghỉ việc nè 🥀,buon
"Ae tư vấn giúp, con mèo nuôi nhiều năm vừa ra đi thì nên làm sao haiz",buon
Ủa đang bị bài thi được điểm cao ngoài mong đợi nè =)),vui
Tao đang bị tin vào người mà cuối cùng bị lừa dối nè haizzz,that_vong
Hôm nay đang bị hôm nay không có gì đặc biệt lắm nè ...,trung_tinh
"ae tư vấn giúp, ko biết mk có đủ năng lực cho vị trí mới không thì nên làm sao huhu",lo_au
"vừa ông bà mất, để lại khoảng trống không bù dc xong, hy vọng ghê 😞",buon
"Vừa nhận học bổng du học xong, lo ghê 🎉",vui
"ae tư vấn giúp, áp lực KPI tháng này cao quá thì nên làm sao huhu",lo_au
Nói thật là đặt mục tiêu cho năm này mà chẳng đạt đc gì 😶,that_vong
"Vừa cố gắng thay đổi bản thân mà cứ quay về điểm cũ xong, hy vọng ghê ugh",that_vong
Ủa tin vào ng mà cuối cùng bị lừa dối 💔,that_vong
Mk đang bị crush vừa công khai người yêu mới nè 😔,buon
"vừa sợ rớt môn, ảnh hưởng học bổng xong, tức ghê 😰",lo_au
Tui đang bị bắt đầu một thói quen mới và duy trì được 2 tuần rồi nè 🌱,hy_vong
Nói thật là đang bị hàng giao sai size mà đổ lỗi do mình đặt nhầm nè 😡,gian_du
"vừa bạn bè lúc khó khăn thì ko ai xuất hiện xong, thất vọng ghê haizzz",that_vong
hôm nay taxi chặt chém gấp đôi giá lúc đang vội 💢,gian_du
"lo mối quan hệ đang dần nhạt đi, nói thật là khum biết làm sao 😰",lo_au
"Tài khoản cạn tiền mà tháng còn dài lắm, chời ơi không bt làm sao huhu",lo_au
"Tớ hôm nay họp nhiều, không có gì nổi bật 😐",trung_tinh
Mn ơi đang bị k về kịp gặp ng thân lần cuối nè haiz,buon
"Ae tư vấn giúp, ngày bình thường, làm việc rồi về thì nên làm sao ...",trung_tinh
Ủa bị cắt mặt suýt gây tai nạn mà không xin lỗi 💢,gian_du
Trời ơi đang bị thất bại lần này sau khi đã chuẩn bị rất kỹ nè 😶,that_vong
Hôm nay con mèo nuôi nhiều năm vừa ra đi 😞,buon
"Thiệt tình pass môn khó nhất học kỳ, chán ✨",vui
"Bị cắt mặt suýt gây tai nạn mà ko xin lỗi, mk không bt làm sao 💢",gian_du
"ngồi uống cà phê một mk, tâm trạng bình thường, ủa không bt làm sao",trung_tinh
"Thất bại lần này sau khi đã chuẩn bị rất kỹ, mk không bt làm sao ugh",that_vong
"Ae tư vấn giúp, gặp người mới và cảm giác có điểm chung thì nên làm sao 😌",hy_vong
Tao bị cắt mặt suýt gây tai nạn mà kh xin lỗi 👊,gian_du
Trời ơi tài khoản cạn tiền mà tháng còn dài lắm 😱,lo_au
Trời ơi đang bị k bt mình đang đi đúng hướng không nè 😥,lo_au
"Thiệt tình ship đồ ăn thiếu món mà không chịu hoàn tiền, chán 😡",gian_du
"Ae tư vấn giúp, sếp khen project mới trước toàn công ty thì nên làm sao 😆",vui
"yêu thật lòng mà không dc đáp lại, mn ơi không bt làm sao 😞",that_vong
"Thiệt tình sợ tỏ tình xong bị từ chối thì mất cả tình bạn, chán",lo_au
hôm nay khối lượng công việc ngập đầu không bt bắt đầu từ đâu ...,lo_au
"Ngl ngồi uống cà phê một mk, tâm trạng bình thường 😐",trung_tinh
Mk đang bị lo bảo vệ luận văn bị giáo viên phản biện nặng nè huhu,lo_au
"Ae tư vấn giúp, bị cắt mặt suýt gây tai nạn mà ko xin lỗi thì nên làm sao",gian_du
Hôm nay không bt mình đang đi đúng hướng không,lo_au
"Tao hôm nay họp nhiều, không có gì nổi bật",trung_tinh
"Vừa sau thời gian dài cuối cùng đã liên lạc lại được xong, lo ghê 🤞",hy_vong
Nói thật là bạn thân sắp chuyển đi xa 😞,buon
"Vừa sợ bị sếp đánh giá thấp trong kỳ review xong, tức ghê 😥",lo_au
"Ae tư vấn giúp, mượn đồ lâu rùi không trả mà còn tỏ ra bình thường thì nên làm sao 😡",gian_du
"ae tư vấn giúp, đợi mãi một cơ hội mà nó không đến thì nên làm sao",that_vong
Hôm nay vừa đọc xong một bài viết thú vị ...,trung_tinh
Tui đang bị gửi CV và đang chờ kết quả phỏng vấn nè ✨,hy_vong
"Ae tư vấn giúp, sắp trả tiền trọ mà lương chưa về thì nên làm sao huhu",lo_au
Dạo này ba mẹ cứ cãi nhau và có vẻ sắp ly hôn 😔,buon
Hôm nay tìm được wan cà phê ưng ý mới ✨,vui
Tớ đang bị con mèo nuôi nhiều năm vừa ra đi nè 😢,buon
"Nghe bản nhạc cũ bỗng nhớ kỷ niệm xưa, mk ko biết làm sao 😞",buon
"thiệt tình nghĩ về tương lai thấy mông lung qá, chán huhu",lo_au
Ae ơi vừa đọc xong một bài viết thú vị ...,trung_tinh
Chời ơi đang bị nộp hồ sơ học bổng và đang chờ kết quả nè 🤞,hy_vong
Ae ơi đang bị được giao nhiệm vụ mới thú vị hơn nè 😌,hy_vong
"vừa gặp người mới và cảm giác có điểm chung xong, thất vọng ghê 🤞",hy_vong
"Vừa nhớ ng yêu cũ khi trời mưa xong, bình thường ghê 😞",buon
Dạo này đang bị dự án mới bắt đầu và cảm giác rất tiềm năng nè,hy_vong
"Thiệt tình bị overthinking cả đêm ngủ không được, chán ...",lo_au
"ae tư vấn giúp, taxi chặt chém gấp đôi giá lúc đang vội thì nên làm sao 💢",gian_du
"vừa chưa học chữ nào mà mai thi rùi xong, vui ghê 🥲",lo_au
"Thiệt tình tìm được hướng đi rõ ràng hơn cho tương lai, chán ✨",hy_vong
Trời ơi cố gắng thay đổi bản thân mà cứ quay về điểm cũ ugh,that_vong
"đang code xong thì cúp điện mất hết, tui không biết làm sao 😡",gian_du
Hôm nay chưa học chữ nào mà mai thi rùi 😰,lo_au
"Thiệt tình bị người thân k ủng hộ điều mình tin tưởng, chán 😶",that_vong
"Vừa hi vọng nhiều rùi nhận kết quả ngược lại xong, tức ghê",that_vong
"Không bt mình có đủ năng lực cho vị trí mới không, mn ơi không biết làm sao 😱",lo_au
Hôm nay bị kể chuyện riêng tư cho người khác dù đã dặn giữ kín 🔥,gian_du
"ae tư vấn giúp, đang cân nhắc chuyện đổi việc nhưng chưa quyết thì nên làm sao ...",trung_tinh
"thiệt tình sếp khen project mới trước toàn công ty, chán",vui
Mn ơi đang bị ship đồ ăn thiếu món mà không chịu hoàn tiền nè 💢,gian_du
"vừa sếp khen project mới trước toàn công ty xong, hy vọng ghê",vui
"Thiệt tình được chọn vào đội tuyển nghiên cứu, chán 😎",vui
Ngl đang bị đang xem phim nhưng không có cảm xúc gì mạnh nè 🙂,trung_tinh
"chưa học chữ nào mà mai thi r, ae ơi không bt làm sao 🥲",lo_au
Trời ơi được giao nhiệm vụ mới thú vị hơn 🌱,hy_vong
"ae tư vấn giúp, có kế hoạch cụ thể rồi, cảm thấy tự tin hơn thì nên làm sao 🌱",hy_vong
"Không bt mk đang đi đúng hướng không, trời ơi không biết làm sao",lo_au
"Hôm nay đang bị hôm nay họp nhiều, không có gì nổi bật nè",trung_tinh
Tao đang bị bạn bè lúc khó khăn thì không ai xuất hiện nè,that_vong
"Đồng nghiệp thân nhất vừa nghỉ việc, nói thật là không biết làm sao 😔",buon
"Sắp trả tiền trọ mà lương chưa về, hôm nay không bt làm sao 😥",lo_au
Dạo này đang bị làm đúng quy trình mà vẫn bị chỉ trích nè ugh,that_vong
"hôm nay công việc ổn định, kh có gì nhiều để kể ...",trung_tinh
Dạo này làm đúng quy trình mà vẫn bị chỉ trích ugh,that_vong
"Thiệt tình bị ng thân không ủng hộ điều mình tin tưởng, chán 😶",that_vong
"vừa người yêu tặng quà bất ngờ xong, vui ghê 🥰",vui
Mn ơi đang bị người yêu tặng quà bất ngờ nè 🎉,vui
"không vui không buồn, cứ trôi qua thôi, nói thật là không bt làm sao 😐",trung_tinh
"Crush vừa công khai người yêu mới, nói thật là k bt làm sao 💔",buon
Ủa đang bị đang cân nhắc chuyện đổi việc nhưng chưa quyết nè ...,trung_tinh
"Ae tư vấn giúp, đặt nhiều kỳ vọng vào ng ấy mà họ không quan tâm thì nên làm sao 💔",that_vong
"vừa thất bại lần này sau khi đã chuẩn bị rất kỹ xong, tức ghê 💔",that_vong
Ủa sếp khen project mới trước toàn công ty 🎉,vui
"Vừa cảm giác mối quan hệ đang ấm lên dần xong, lo ghê 🌱",hy_vong
"ae tư vấn giúp, đợi mãi một cơ hội mà nó k đến thì nên làm sao haizzz",that_vong
hôm nay chia tay xong cứ thấy trống rỗng 😞,buon
Hôm nay sau thời gian dài cuối cùng đã liên lạc lại được 🌱,hy_vong
Mình vừa đọc xong một bài viết thú vị 🙂,trung_tinh
"Ae tư vấn giúp, kh về kịp gặp người thân lần cuối thì nên làm sao",buon
"Vừa thất bại lần này sau khi đã chuẩn bị rất kỹ xong, thất vọng ghê 💔",that_vong
"không bt mình có đủ năng lực cho vị trí mới không, tớ không biết làm sao ...",lo_au
"vừa bị xe tạt nước suốt người khi đang đi đường xong, bình thường ghê 😤",gian_du
"Đc giao nhiệm vụ mới thú vị hơn, tớ kh biết làm sao 🤞",hy_vong
Tao đang bị áp lực kpi tháng này cao wa nè 😰,lo_au
"ôn thi xong cảm thấy tự tin hơn nhiều, tui không biết làm sao",hy_vong
Tao đang bị hai đứa vừa nói chuyện thẳng và hiểu nhau hơn nè,hy_vong
"ae tư vấn giúp, vừa đọc xong một bài viết thú vị thì nên làm sao 🙂",trung_tinh
Chời ơi mượn đồ lâu rồi không trả mà còn tỏ ra bình thường 👊,gian_du
"bị đồng nghiệp nhận công của mình trước mặt sếp, mình không bt làm sao 😡",gian_du
hôm nay yêu thật lòng mà không đc đáp lại 😶,that_vong
"Vừa bị cắt mặt suýt gây tai nạn mà không xin lỗi xong, hy vọng ghê 💢",gian_du
"Vừa tìm ra phương pháp học mới hiệu quả hơn, mn ơi k biết làm sao 🤞",hy_vong
"thiệt tình đang xem phim nhưng k có cảm xúc gì mạnh, chán ...",trung_tinh
Tớ sắp tới deadline mà chưa làm dc gì 🥲,lo_au
Hôm nay mọi thứ dạo này cứ xui xẻo liên tục 😢,buon
Mình đang bị bài thi đc điểm cao ngoài mong đợi nè,vui
"thiệt tình nghĩ về tương lai thấy mông lung wa, chán",lo_au
"Mình sợ rớt môn, ảnh hưởng học bổng 😱",lo_au
"ae tư vấn giúp, lương về rồi thì nên làm sao =))",vui
Hôm nay ship đồ ăn thiếu món mà ko chịu hoàn tiền 👊,gian_du
"ae tư vấn giúp, người yêu liên tục đến trễ mà không xin lỗi thì nên làm sao 😤",gian_du
"thiệt tình bắt đầu một thói quen mới và duy trì được 2 tuần rồi, chán 🙏",hy_vong
"Thiệt tình đặt nhiều kỳ vọng vào ng ấy mà họ không quan tâm, chán 😶",that_vong
"Nhớ người yêu cũ khi trời mưa, dạo này khum bt làm sao 🥀",buon
hôm nay sếp ép deadline vô lý không có lý do 😤,gian_du
"Vừa bạn cũ từ xa về thăm bất ngờ xong, bình thường ghê 🥰",vui
"Thiệt tình đang suy nghĩ về một quyết định chưa bt nên làm hay không, chán ...",trung_tinh
Nói thật là sợ tỏ tình xong bị từ chối thì mất cả tình bạn 😱,lo_au
Mình đang bị bắt đầu một thói quen mới và duy trì được 2 tuần rùi nè 🤞,hy_vong
"ae tư vấn giúp, lo bảo vệ luận văn bị giáo viên phản biện nặng thì nên làm sao ...",lo_au
"Sợ tỏ tình xong bị từ chối thì mất cả tình bạn, ủa không biết làm sao 🥲",lo_au
Mk đang bị chia tay xong cứ thấy trống rỗng nè 😞,buon
Hôm nay bắt đầu một thói quen mới và duy trì dc 2 tuần rồi ✨,hy_vong
Tao vừa tìm ra phương pháp học mới hiệu quả hơn,hy_vong
"vừa dự án tâm huyết bị hủy bỏ phút chót xong, thất vọng ghê 😔",buon
"tìm đc wan cà phê ưng ý mới, ngl ko biết làm sao ✨",vui
"Lương về rùi, ủa k biết làm sao =))",vui
Mn ơi đang bị sắp trả tiền trọ mà lương chưa về nè 😥,lo_au
Ngl đang bị cảm thấy cô đơn dù xung quanh có nhiều người nè,buon
"Sếp khen project mới trước toàn công ty, tui không bt làm sao ✨",vui
"Vừa đặt nhiều kỳ vọng vào người ấy mà họ không quan tâm xong, vui ghê 😞",that_vong
"Thiệt tình tin tưởng đồng nghiệp mà bị phản bội, chán ugh",that_vong
Tui đang bị ba mẹ cứ cãi nhau và có vẻ sắp ly hôn nè,buon
"ba mẹ cứ cãi nhau và có vẻ sắp ly hôn, trời ơi k biết làm sao 😞",buon
"Vừa không bt người ấy có thật sự thích mình không xong, hy vọng ghê huhu",lo_au
"công việc ổn định, không có gì nhiều để kể, hôm nay không bt làm sao 🙂",trung_tinh
"ae tư vấn giúp, tìm dc hướng đi rõ ràng hơn cho tương lai thì nên làm sao 😌",hy_vong
Trời ơi mượn đồ lâu r không trả mà còn tỏ ra bình thường 💢,gian_du
Mk đặt nhiều kỳ vọng vào người ấy mà họ không quan tâm ugh,that_vong
"thiệt tình nhớ người yêu cũ khi trời mưa, chán 😞",buon
"Ae ơi đang bị công việc ổn định, k có gì nhiều để kể nè 🙂",trung_tinh
"vừa lo bảo vệ luận văn bị giáo viên phản biện nặng xong, bình thường ghê ...",lo_au
"Ae tư vấn giúp, ngày bình thường, làm việc rùi về thì nên làm sao 😐",trung_tinh
Trời ơi đang bị xa nhà lâu qá nhớ mọi ng nè 💔,buon
Mn ơi đang bị đang code xong thì cúp điện mất hết nè 💢,gian_du
"Vừa đang suy nghĩ về một quyết định chưa bt nên làm hay khum xong, hy vọng ghê ...",trung_tinh
"Vừa không biết mk có đủ năng lực cho vị trí mới không xong, buồn ghê huhu",lo_au
Hôm nay nghĩ về tương lai thấy mông lung quá huhu,lo_au
Hôm nay bị kể chuyện riêng tư cho ng khác dù đã dặn giữ kín 😤,gian_du
hôm nay yêu thật lòng mà không dc đáp lại,that_vong
hôm nay cố gắng thay đổi bản thân mà cứ quay về điểm cũ haizzz,that_vong
Tao đang bị phải gánh team vì mấy đứa lười nè 🤬,gian_du
"Thiệt tình bạn thân sắp chuyển đi xa, chán 😞",buon
Ngl sợ tỏ tình xong bị từ chối thì mất cả tình bạn 😥,lo_au
"Ae tư vấn giúp, bị ng thân k ủng hộ điều mình tin tưởng thì nên làm sao haizzz",that_vong
"sau thời gian dài cuối cùng đã liên lạc lại đc, hôm nay không bt làm sao ✨",hy_vong
Mk đang bị ng yêu tặng quà bất ngờ nè ✨,vui
Ae ơi bị ng thân không ủng hộ điều mình tin tưởng 😶,that_vong
"Vừa gặp ng mới và cảm giác có điểm chung xong, buồn ghê 🤞",hy_vong
"vừa hôm nay không có gì đặc biệt lắm xong, buồn ghê 🙂",trung_tinh
Nói thật là đang bị bạn cũ từ xa về thăm bất ngờ nè =)),vui
Mình sếp ép deadline vô lý khum có lý do 🔥,gian_du
Nói thật là đang bị cố gắng cả năm nhưng không được thăng chức nè 🥀,buon
"ae tư vấn giúp, công việc ổn định, ko có gì nhiều để kể thì nên làm sao ...",trung_tinh
Nói thật là dc giao nhiệm vụ mới thú vị hơn 🤞,hy_vong
"hôm nay ông bà mất, để lại khoảng trống khum bù dc haiz",buon
Tớ tìm được hướng đi rõ ràng hơn cho tương lai,hy_vong
"Thiệt tình có kế hoạch cụ thể rùi, cảm thấy tự tin hơn, chán 🙏",hy_vong
Ngl tin vào người mà cuối cùng bị lừa dối 😶,that_vong
"Mk đang bị có kế hoạch cụ thể rồi, cảm thấy tự tin hơn nè 😌",hy_vong
"ae tư vấn giúp, ngày bình thường, làm việc rồi về thì nên làm sao 😐",trung_tinh
"Ae tư vấn giúp, bạn hẹn đi ăn r tự nhiên cancel không lý do thì nên làm sao 💢",gian_du
Mn ơi đang xem phim nhưng không có cảm xúc gì mạnh 🙂,trung_tinh
"thiệt tình ship đồ ăn thiếu món mà k chịu hoàn tiền, chán 🔥",gian_du
"Thiệt tình cảm giác mối quan hệ đang ấm lên dần, chán",hy_vong
"Cố gắng hết sức mà kết quả vẫn không như kỳ vọng, dạo này không biết làm sao 😞",that_vong
Mình đang bị đang cân nhắc chuyện đổi việc nhưng chưa quyết nè 😐,trung_tinh
Mình chưa học chữ nào mà mai thi rồi 🥲,lo_au
Chời ơi sau giai đoạn khó khăn cảm thấy mọi thứ đang tốt lên,hy_vong
"thiệt tình taxi chặt chém gấp đôi giá lúc đang vội, chán 🤬",gian_du
"Vừa team vừa có thành viên mới giỏi, kỳ vọng cao xong, buồn ghê ✨",hy_vong
"thiệt tình cố gắng thay đổi bản thân mà cứ quay về điểm cũ, chán 😞",that_vong
"ae tư vấn giúp, dự án tâm huyết bị hủy bỏ phút chót thì nên làm sao 🥀",buon
"Đặt nhiều kỳ vọng vào ng ấy mà họ không quan tâm, ngl không bt làm sao 😞",that_vong
hôm nay bị overthinking cả đêm ngủ khum được ...,lo_au
Mình sợ bị sếp đánh giá thấp trong kỳ review 🥲,lo_au
"Vừa chốt hợp đồng lớn sau bao ngày nỗ lực xong, hy vọng ghê",vui
"ba mẹ cứ cãi nhau và có vẻ sắp ly hôn, trời ơi không biết làm sao 😞",buon
Mình đang bị cố gắng thay đổi bản thân mà cứ quay về điểm cũ nè 💔,that_vong
hôm nay được thăng chức sau kỳ đánh giá 😆,vui
"Ae tư vấn giúp, sau thời gian dài cuối cùng đã liên lạc lại đc thì nên làm sao 🌱",hy_vong
"vừa khách hàng dời lịch sát giờ khum báo trước xong, hy vọng ghê 🤬",gian_du
Nói thật là chia tay xong cứ thấy trống rỗng 🥀,buon
"Thiệt tình có kế hoạch cụ thể rồi, cảm thấy tự tin hơn, chán ✨",hy_vong
Ae ơi đợi mãi một cơ hội mà nó không đến 😞,that_vong
"Vừa đợi mãi một cơ hội mà nó kh đến xong, thất vọng ghê 😶",that_vong
hôm nay làm lành với người thân sau trận cãi =)),vui
Mình sắp trả tiền trọ mà lương chưa về 🥲,lo_au
"Ae tư vấn giúp, đc giao nhiệm vụ mới thú vị hơn thì nên làm sao",hy_vong
"ae tư vấn giúp, không theo kịp bài vở dạo này thì nên làm sao ...",lo_au
"Vừa bị xe tạt nước suốt người khi đang đi đường xong, thất vọng ghê",gian_du
"Ae tư vấn giúp, khối lượng công việc ngập đầu không biết bắt đầu từ đâu thì nên làm sao 😱",lo_au
Hôm nay khum bt mình đang đi đúng hướng không ...,lo_au
"ae tư vấn giúp, ông bà mất, để lại khoảng trống không bù được thì nên làm sao 😔",buon
"bạn thân sắp chuyển đi xa, tớ không biết làm sao haiz",buon
"crush vừa công khai người yêu mới, mk không biết làm sao 😢",buon
"Vừa cố gắng cả năm nhưng không đc thăng chức xong, vui ghê 😔",buon
"thiệt tình đặt phòng khách sạn xong đến nơi bảo hết phòng, chán 🔥",gian_du
Mình đang bị con mèo nuôi nhiều năm vừa ra đi nè 😔,buon
"vừa dc thăng chức sau kỳ đánh giá xong, vui ghê 😎",vui
"vừa ngày bình thường, làm việc rùi về xong, bình thường ghê 😐",trung_tinh
Trời ơi hi vọng nhiều rồi nhận kết quả ngược lại,that_vong
hôm nay làm lành vs người thân sau trận cãi 🤩,vui
"thiệt tình hai đứa vừa nói chuyện thẳng và hiểu nhau hơn, chán 🙏",hy_vong
"vừa sợ tỏ tình xong bị từ chối thì mất cả tình bạn xong, bình thường ghê 🥲",lo_au
"nhớ người yêu cũ khi trời mưa, tao không biết làm sao",buon
"Vừa bị kể chuyện riêng tư cho người khác dù đã dặn giữ kín xong, hy vọng ghê",gian_du
hôm nay người yêu liên tục đến trễ mà k xin lỗi 💢,gian_du
Nói thật là bị cắt mặt suýt gây tai nạn mà không xin lỗi 👊,gian_du
"Ba mẹ cứ cãi nhau và có vẻ sắp ly hôn, ngl không biết làm sao 🥀",buon
"Ae tư vấn giúp, đang cân nhắc chuyện đổi việc nhưng chưa quyết thì nên làm sao 😐",trung_tinh
"Ae tư vấn giúp, không vui không buồn, cứ trôi qua thôi thì nên làm sao ...",trung_tinh
Dạo này đang bị sếp ép deadline vô lý khum có lý do nè 👊,gian_du
"Thiệt tình ngày bình thường, làm việc rồi về, chán",trung_tinh
Trời ơi người yêu liên tục đến trễ mà không xin lỗi 😤,gian_du
"Ae tư vấn giúp, tìm được wan cà phê ưng ý mới thì nên làm sao ✨",vui
Mk đang bị tự nhiên ngồi nhìn ra cửa sổ và nghĩ linh tinh nè 🙂,trung_tinh
"bạn hẹn đi ăn r tự nhiên cancel không lý do, mình không biết làm sao 👊",gian_du
"Vừa sắp tới deadline mà chưa làm được gì xong, tức ghê 🥲",lo_au
"Pass môn khó nhất học kỳ, tao không biết làm sao 😆",vui
Ủa đang bị đang suy nghĩ về một quyết định chưa biết nên làm hay khum nè,trung_tinh
"Thiệt tình sợ rớt môn, ảnh hưởng học bổng, chán 😰",lo_au
"Vừa đang code xong thì cúp điện mất hết xong, hy vọng ghê",gian_du
Mn ơi đang bị bắt đầu một thói quen mới và duy trì đc 2 tuần rồi nè 🤞,hy_vong
"Vừa bị kể chuyện riêng tư cho người khác dù đã dặn giữ kín xong, thất vọng ghê 🔥",gian_du
"khum về kịp gặp người thân lần cuối, ngl không bt làm sao",buon
"thiệt tình đang xem phim nhưng khum có cảm xúc gì mạnh, chán 😐",trung_tinh
"Ae tư vấn giúp, hôm nay họp nhiều, kh có gì nổi bật thì nên làm sao ...",trung_tinh
"Thiệt tình bắt đầu một thói quen mới và duy trì được 2 tuần r, chán",hy_vong
Ngl người yêu liên tục đến trễ mà không xin lỗi 💢,gian_du
"Khách hàng gửi email khen ngợi mk, mk không bt làm sao 😆",vui
"Cố gắng thay đổi bản thân mà cứ quay về điểm cũ, hôm nay không biết làm sao",that_vong
Tớ đang bị không bt mình đang đi đúng hướng không nè huhu,lo_au
Trời ơi sợ bị sếp đánh giá thấp trong kỳ review 😱,lo_au
"Vừa chia tay xong cứ thấy trống rỗng xong, buồn ghê 💔",buon
"Ae tư vấn giúp, có kế hoạch cụ thể r, cảm thấy tự tin hơn thì nên làm sao 🙏",hy_vong
"vừa công việc ổn định, không có gì nhiều để kể xong, buồn ghê 😐",trung_tinh
"ae tư vấn giúp, lo mối quan hệ đang dần nhạt đi thì nên làm sao 😰",lo_au
"ae tư vấn giúp, nhớ ng yêu cũ khi trời mưa thì nên làm sao 😔",buon
"thiệt tình chưa học chữ nào mà mai thi rồi, chán 😰",lo_au
"chia tay xong cứ thấy trống rỗng, tui không biết làm sao 😔",buon
Mk đang bị bốc thăm trúng phần thưởng to nè 🎉,vui
Chời ơi cảm giác mối quan hệ đang ấm lên dần 😌,hy_vong
hôm nay mượn đồ lâu rồi không trả mà còn tỏ ra bình thường 👊,gian_du
"sợ rớt môn, ảnh hưởng học bổng, tao k biết làm sao huhu",lo_au
"vừa làm lành với người thân sau trận cãi xong, bình thường ghê 😆",vui
Mk yêu thật lòng mà không dc đáp lại 💔,that_vong
Hôm nay bạn hẹn đi ăn rồi tự nhiên cancel kh lý do 😡,gian_du
"Xa nhà lâu wa nhớ mọi người, mn ơi không bt làm sao 😢",buon
hôm nay bạn hẹn đi ăn rồi tự nhiên cancel khum lý do 😤,gian_du
"Chời ơi đang bị có kế hoạch cụ thể rùi, cảm thấy tự tin hơn nè 🌱",hy_vong
Mn ơi ko về kịp gặp người thân lần cuối 🥀,buon
"Vừa tin tưởng đồng nghiệp mà bị phản bội xong, thất vọng ghê haizzz",that_vong
Mn ơi đang bị đặt nhiều kỳ vọng vào ng ấy mà họ kh quan tâm nè 💔,that_vong
Tao đang bị khách hàng dời lịch sát giờ không báo trước nè 👊,gian_du
"Bị cắt mặt suýt gây tai nạn mà không xin lỗi, chời ơi không bt làm sao",gian_du
"Vừa tự nhiên ngồi nhìn ra cửa sổ và nghĩ linh tinh xong, vui ghê",trung_tinh
Ngl đang bị bạn thân sắp chuyển đi xa nè 😔,buon
"đặt phòng khách sạn xong đến nơi bảo hết phòng, dạo này không biết làm sao 💢",gian_du
"Hôm nay họp nhiều, không có gì nổi bật, dạo này không biết làm sao 😐",trung_tinh
Tui đang bị cảm thấy cô đơn dù xung quanh có nhiều người nè haiz,buon
"vừa ông bà mất, để lại khoảng trống ko bù được xong, thất vọng ghê 😢",buon
Mk nghe bản nhạc cũ bỗng nhớ kỷ niệm xưa 😔,buon
"vừa lo mối quan hệ đang dần nhạt đi xong, vui ghê 🥲",lo_au
Ngl đang bị bạn cũ từ xa về thăm bất ngờ nè 😎,vui
Hôm nay dc chọn vào đội tuyển nghiên cứu 🤩,vui
"Thiệt tình công việc ổn định, không có gì nhiều để kể, chán",trung_tinh
"Vừa đồng nghiệp thân nhất vừa nghỉ việc xong, vui ghê 💔",buon
"Thiệt tình khum biết ng ấy có thật sự thích mình không, chán 😥",lo_au
Chời ơi làm đúng quy trình mà vẫn bị chỉ trích 😞,that_vong
"bị đồng nghiệp nhận công của mk trước mặt sếp, tao không bt làm sao 😤",gian_du
"Vừa sợ bị sếp đánh giá thấp trong kỳ review xong, lo ghê ...",lo_au
"thiệt tình sợ bị sếp đánh giá thấp trong kỳ review, chán 😥",lo_au
Dạo này tìm dc hướng đi rõ ràng hơn cho tương lai,hy_vong
"ae tư vấn giúp, không bt mình có đủ năng lực cho vị trí mới không thì nên làm sao",lo_au
hôm nay đang cân nhắc chuyện đổi việc nhưng chưa quyết 🙂,trung_tinh
Tui đang bị bốc thăm trúng phần thưởng to nè 🤩,vui
"Thiệt tình hôm nay không có gì đặc biệt lắm, chán ...",trung_tinh
"ae tư vấn giúp, chia tay xong cứ thấy trống rỗng thì nên làm sao 💔",buon
"hôm nay hôm nay họp nhiều, ko có gì nổi bật 😐",trung_tinh
hôm nay khách hàng dời lịch sát giờ khum báo trước 😤,gian_du
"công việc ổn định, không có gì nhiều để kể, mk không biết làm sao",trung_tinh
hôm nay sắp trả tiền trọ mà lương chưa về,lo_au
"Gặp ng mới và cảm giác có điểm chung, ae ơi không biết làm sao 🙏",hy_vong
"Có kế hoạch cụ thể rồi, cảm thấy tự tin hơn, tui kh bt làm sao 🤞",hy_vong
"khối lượng công việc ngập đầu không biết bắt đầu từ đâu, tui không biết làm sao 🥲",lo_au
"Đặt phòng khách sạn xong đến nơi bảo hết phòng, mk ko bt làm sao 😡",gian_du
"ae tư vấn giúp, đang suy nghĩ về một quyết định chưa bt nên làm hay khum thì nên làm sao 😐",trung_tinh
"xa nhà lâu quá nhớ mọi người, nói thật là không biết làm sao",buon
"bạn thân sắp chuyển đi xa, ủa không bt làm sao 😞",buon
Hôm nay nghĩ về tương lai thấy mông lung quá 🥲,lo_au
Mk gửi CV và đang chờ kết quả phỏng vấn 🌱,hy_vong
Tui đang bị bị cắt mặt suýt gây tai nạn mà không xin lỗi nè 🔥,gian_du
"công việc ổn định, không có gì nhiều để kể, mn ơi không bt làm sao ...",trung_tinh
"vừa bốc thăm trúng phần thưởng to xong, buồn ghê 😎",vui
"Ae tư vấn giúp, dc giao nhiệm vụ mới thú vị hơn thì nên làm sao 😌",hy_vong
"ae tư vấn giúp, hôm nay họp nhiều, ko có gì nổi bật thì nên làm sao 😐",trung_tinh
Ủa bị xe tạt nước suốt ng khi đang đi đường,gian_du
"Vừa sếp ép deadline vô lý khum có lý do xong, vui ghê",gian_du
Chời ơi sau thời gian dài cuối cùng đã liên lạc lại được ✨,hy_vong
"Ae tư vấn giúp, xa nhà lâu qá nhớ mọi ng thì nên làm sao 🥀",buon
Chời ơi đang bị tìm dc hướng đi rõ ràng hơn cho tương lai nè 🤞,hy_vong
hôm nay bạn hẹn đi ăn r tự nhiên cancel không lý do 💢,gian_du
"Thiệt tình bị hứa thưởng nhưng cuối năm lại khum có, chán",that_vong
"thiệt tình được thăng chức sau kỳ đánh giá, chán 😆",vui
"Gửi cv và đang chờ kết quả phỏng vấn, chời ơi không bt làm sao 🌱",hy_vong
"Vừa thất bại lần này sau khi đã chuẩn bị rất kỹ xong, hy vọng ghê",that_vong
Tao ba mẹ cứ cãi nhau và có vẻ sắp ly hôn 😞,buon
"vừa người yêu tặng quà bất ngờ xong, thất vọng ghê =))",vui
"Vừa sau thời gian dài cuối cùng đã liên lạc lại đc xong, hy vọng ghê ✨",hy_vong
"Thiệt tình làm lành với người thân sau trận cãi, chán",vui
Ủa đang bị chốt đơn thành công món đồ ao ước nè ✨,vui
"Mình hôm nay đi đường k tắc, đến nơi sớm 🤩",vui
"Ae tư vấn giúp, gọi hotline chăm sóc khách hàng cúp máy giữa chừng thì nên làm sao",gian_du
hôm nay không biết mình đang đi đúng hướng không ...,lo_au
"ae tư vấn giúp, khối lượng công việc ngập đầu không biết bắt đầu từ đâu thì nên làm sao huhu",lo_au
"ae tư vấn giúp, nhận học bổng du học thì nên làm sao 😎",vui
Trời ơi tin vào người mà cuối cùng bị lừa dối 💔,that_vong
Nói thật là đặt mục tiêu cho năm này mà chẳng đạt được gì haizzz,that_vong
hôm nay nghĩ về tương lai thấy mông lung qá huhu,lo_au
"lo mối quan hệ đang dần nhạt đi, tao ko bt làm sao 😰",lo_au
"thiệt tình bị ng thân ko ủng hộ điều mk tin tưởng, chán",that_vong
"Dạo này đang bị ông bà mất, để lại khoảng trống không bù được nè 🥀",buon
"ae tư vấn giúp, làm lành vs người thân sau trận cãi thì nên làm sao =))",vui
Mk tin tưởng đồng nghiệp mà bị phản bội haizzz,that_vong
Dạo này đang bị bị xe tạt nước suốt người khi đang đi đường nè 🤬,gian_du
hôm nay mọi thứ dạo này cứ xui xẻo liên tục haiz,buon
"thiệt tình không theo kịp bài vở dạo này, chán 🥲",lo_au
"ae tư vấn giúp, tìm được quán cà phê ưng ý mới thì nên làm sao",vui
Tao bị người thân không ủng hộ điều mình tin tưởng 😞,that_vong
"Lương về r, mk k biết làm sao 😎",vui
"Ae tư vấn giúp, ngồi uống cà phê một mình, tâm trạng bình thường thì nên làm sao",trung_tinh
"ae tư vấn giúp, dự án mới bắt đầu và cảm giác rất tiềm năng thì nên làm sao ✨",hy_vong
Tớ đang bị nghĩ về tương lai thấy mông lung quá nè 😥,lo_au
"Thiệt tình crush vừa công khai người yêu mới, chán 😞",buon
hôm nay lương về rồi 😎,vui
"thiệt tình thất bại lần này sau khi đã chuẩn bị rất kỹ, chán",that_vong
"Ủa ngày bình thường, làm việc rồi về 🙂",trung_tinh
"Vừa khách hàng gửi email khen ngợi mình xong, thất vọng ghê ✨",vui
"bạn thân sắp chuyển đi xa, mk không biết làm sao 😢",buon
"ae tư vấn giúp, bắt đầu một thói quen mới và duy trì được 2 tuần rồi thì nên làm sao 🌱",hy_vong
"Bốc thăm trúng phần thưởng to, tui không biết làm sao 🤩",vui
"vừa đặt phòng khách sạn xong đến nơi bảo hết phòng xong, bình thường ghê 🤬",gian_du
"Vừa k theo kịp bài vở dạo này xong, tức ghê 😥",lo_au
"ae tư vấn giúp, công việc ổn định, ko có gì nhiều để kể thì nên làm sao 😐",trung_tinh
"Vừa đang code xong thì cúp điện mất hết xong, buồn ghê 💢",gian_du
Mình nhìn lại năm qua thấy chẳng đạt được gì 😞,buon
Nói thật là đang bị sau giai đoạn khó khăn cảm thấy mọi thứ đang tốt lên nè 🙏,hy_vong
"Mình hôm nay họp nhiều, khum có gì nổi bật 😐",trung_tinh
"khách hàng gửi email khen ngợi mình, chời ơi không bt làm sao =))",vui
Dạo này đang bị hôm nay không có gì đặc biệt lắm nè 😐,trung_tinh
Hôm nay bài thi đc điểm cao ngoài mong đợi =)),vui
"Nộp hồ sơ học bổng và đang chờ kết quả, hôm nay không bt làm sao ✨",hy_vong
Dạo này đang bị bốc thăm trúng phần thưởng to nè 🤩,vui
"vừa vừa đọc xong một bài viết thú vị xong, hy vọng ghê 😐",trung_tinh
"vừa bị kể chuyện riêng tư cho ng khác dù đã dặn giữ kín xong, vui ghê 😡",gian_du
Hôm nay đc giao nhiệm vụ mới thú vị hơn 🙏,hy_vong
Nói thật là đang bị bài thi đc điểm cao ngoài mong đợi nè 🤩,vui
Mình lo bảo vệ luận văn bị giáo viên phản biện nặng 😰,lo_au
Dạo này đặt nhiều kỳ vọng vào người ấy mà họ không quan tâm 😞,that_vong
"thiệt tình dc crush rủ đi chơi cuối tuần, chán",vui
Mk cảm giác mối quan hệ đang ấm lên dần,hy_vong
"ae tư vấn giúp, nhìn lại năm qua thấy chẳng đạt dc gì thì nên làm sao 😞",buon
"bị đồng nghiệp nhận công của mình trước mặt sếp, nói thật là không bt làm sao",gian_du
Tớ đang bị nhận học bổng du học nè,vui
Ngl đang bị được crush rủ đi chơi cuối tuần nè 🤩,vui
"ng yêu tặng quà bất ngờ, mk không bt làm sao 😎",vui
hôm nay không bt ng ấy có thật sự thích mình không huhu,lo_au
hôm nay áp lực KPI tháng này cao qá huhu,lo_au
"K theo kịp bài vở dạo này, mình không biết làm sao huhu",lo_au
"Chời ơi đang bị sợ rớt môn, ảnh hưởng học bổng nè 😱",lo_au
"vừa không theo kịp bài vở dạo này xong, lo ghê 😥",lo_au
"được thăng chức sau kỳ đánh giá, tớ không biết làm sao 😆",vui
"Thiệt tình bị overthinking cả đêm ngủ khum đc, chán huhu",lo_au
"ae tư vấn giúp, dc thăng chức sau kỳ đánh giá thì nên làm sao 🤩",vui
Dạo này đang bị tìm đc qán cà phê ưng ý mới nè 🎉,vui
"thiệt tình không vui không buồn, cứ trôi qua thôi, chán 😐",trung_tinh
"Ae tư vấn giúp, lo bảo vệ luận văn bị giáo viên phản biện nặng thì nên làm sao 😱",lo_au
"Vừa khum vui không buồn, cứ trôi qua thôi xong, hy vọng ghê",trung_tinh
"Ae tư vấn giúp, bạn thân sắp chuyển đi xa thì nên làm sao",buon
"Vừa bốc thăm trúng phần thưởng to xong, vui ghê 😆",vui
"Thiệt tình bị overthinking cả đêm ngủ không đc, chán 😰",lo_au
Tớ đang cân nhắc chuyện đổi việc nhưng chưa quyết 😐,trung_tinh
Tớ nộp hồ sơ học bổng và đang chờ kết quả 😌,hy_vong
"Bị ng thân không ủng hộ điều mình tin tưởng, tao không bt làm sao 💔",that_vong
"Hôm nay hôm nay đi đường không tắc, đến nơi sớm 🤩",vui
hôm nay được giao nhiệm vụ mới thú vị hơn,hy_vong
"sếp ép deadline vô lý không có lý do, tui không bt làm sao 🤬",gian_du
Tao đang bị vừa tìm ra phương pháp học mới hiệu quả hơn nè 😌,hy_vong
"Ủa hôm nay họp nhiều, không có gì nổi bật ...",trung_tinh
"vừa tìm dc qán cà phê ưng ý mới xong, lo ghê",vui
"Gửi cv và đang chờ kết quả phỏng vấn, hôm nay k bt làm sao ✨",hy_vong
"nhớ ng yêu cũ khi trời mưa, tui không biết làm sao 😔",buon
hôm nay bắt đầu một thói quen mới và duy trì được 2 tuần rồi 🙏,hy_vong
"hôm nay hôm nay họp nhiều, khum có gì nổi bật ...",trung_tinh
"vừa phải gánh team vì mấy đứa lười xong, hy vọng ghê 😤",gian_du
"sếp khen project mới trước toàn công ty, nói thật là không bt làm sao",vui
Mk đang bị bị cắt mặt suýt gây tai nạn mà không xin lỗi nè 👊,gian_du
Mn ơi vừa tìm ra phương pháp học mới hiệu quả hơn,hy_vong
Nói thật là đồng nghiệp thân nhất vừa nghỉ việc 🥀,buon
"Vừa tìm ra phương pháp học mới hiệu quả hơn, mn ơi không bt làm sao ✨",hy_vong
Trời ơi đang bị bị overthinking cả đêm ngủ không đc nè,lo_au
Ngl đang bị hi vọng nhiều rồi nhận kết quả ngược lại nè ugh,that_vong
"Vừa nhìn lại năm qua thấy chẳng đạt dc gì xong, thất vọng ghê haiz",buon
Chời ơi bắt đầu một thói quen mới và duy trì được 2 tuần r 🤞,hy_vong
"ae tư vấn giúp, bị người thân kh ủng hộ điều mk tin tưởng thì nên làm sao haizzz",that_vong
"Thiệt tình hôm nay không có gì đặc biệt lắm, chán",trung_tinh
Mn ơi đang bị ng yêu liên tục đến trễ mà không xin lỗi nè 🤬,gian_du
"sau giai đoạn khó khăn cảm thấy mọi thứ đang tốt lên, ủa ko biết làm sao 😌",hy_vong
"vừa đang xem phim nhưng ko có cảm xúc gì mạnh xong, bình thường ghê 😐",trung_tinh
Nói thật là đang bị tài khoản cạn tiền mà tháng còn dài lắm nè 😰,lo_au
hôm nay lo bảo vệ luận văn bị giáo viên phản biện nặng,lo_au
Mk bạn cũ từ xa về thăm bất ngờ 😆,vui
"thiệt tình ông bà mất, để lại khoảng trống không bù đc, chán 😞",buon
"khum về kịp gặp người thân lần cuối, tui không biết làm sao 💔",buon
"vừa được giao nhiệm vụ mới thú vị hơn xong, tức ghê ✨",hy_vong
"Thiệt tình đang xem phim nhưng không có cảm xúc gì mạnh, chán 😐",trung_tinh
"Thiệt tình cố xây dựng điều gì đó mà bị phá vỡ một cách vô lý, chán 😶",that_vong
Tớ bạn thân sắp chuyển đi xa 😢,buon
"vừa chưa học chữ nào mà mai thi rồi xong, thất vọng ghê",lo_au
"Thiệt tình khách hàng dời lịch sát giờ ko báo trước, chán 😤",gian_du
"ae tư vấn giúp, cố gắng hết sức mà kết quả vẫn không như kỳ vọng thì nên làm sao ugh",that_vong
"Hôm nay họp nhiều, không có gì nổi bật, ae ơi không bt làm sao 🙂",trung_tinh
"vừa vừa đọc xong một bài viết thú vị xong, vui ghê ...",trung_tinh
Ủa đang bị cố xây dựng điều gì đó mà bị phá vỡ một cách vô lý nè haizzz,that_vong
Hôm nay ng yêu tặng quà bất ngờ 😎,vui
"vừa vừa tìm ra phương pháp học mới hiệu quả hơn xong, hy vọng ghê ✨",hy_vong
"Vừa khum bt mình có đủ năng lực cho vị trí mới không xong, bình thường ghê 😰",lo_au
"gọi hotline chăm sóc khách hàng cúp máy giữa chừng, ngl khum bt làm sao 💢",gian_du
Chời ơi đang bị áp lực KPI tháng này cao quá nè 😱,lo_au
"Thiệt tình mọi thứ dạo này cứ xui xẻo liên tục, chán 😞",buon
"cảm thấy cô đơn dù xung quanh có nhiều người, nói thật là không biết làm sao 😞",buon
"thiệt tình ba mẹ cứ cãi nhau và có vẻ sắp ly hôn, chán 💔",buon
"Đồng nghiệp thân nhất vừa nghỉ việc, hôm nay kh biết làm sao 😔",buon
Hôm nay đặt nhiều kỳ vọng vào người ấy mà họ không quan tâm ugh,that_vong
hôm nay đang suy nghĩ về một quyết định chưa biết nên làm hay không,trung_tinh
"vừa khum bt mình có đủ năng lực cho vị trí mới không xong, tức ghê 🥲",lo_au
Trời ơi chưa học chữ nào mà mai thi rồi 😥,lo_au
"mọi thứ dạo này cứ xui xẻo liên tục, ủa khum biết làm sao 😞",buon
Hôm nay được chọn vào đội tuyển nghiên cứu ✨,vui
Chời ơi tìm đc wan cà phê ưng ý mới ✨,vui
"vừa đang cân nhắc chuyện đổi việc nhưng chưa quyết xong, thất vọng ghê",trung_tinh
"sợ tỏ tình xong bị từ chối thì mất cả tình bạn, dạo này khum bt làm sao",lo_au
Ngl bị overthinking cả đêm ngủ k dc 😱,lo_au
"Vừa nhìn lại năm qua thấy chẳng đạt đc gì xong, bình thường ghê 😞",buon
"Đang xem phim nhưng không có cảm xúc gì mạnh, mk không biết làm sao ...",trung_tinh
"Ae tư vấn giúp, bị hứa thưởng nhưng cuối năm lại ko có thì nên làm sao haizzz",that_vong
"Cố gắng cả năm nhưng ko đc thăng chức, nói thật là không biết làm sao",buon
"Vừa bị overthinking cả đêm ngủ không đc xong, thất vọng ghê 🥲",lo_au
"vừa lo mối quan hệ đang dần nhạt đi xong, hy vọng ghê",lo_au
"thiệt tình mượn đồ lâu rồi không trả mà còn tỏ ra bình thường, chán",gian_du
"Được giao nhiệm vụ mới thú vị hơn, ae ơi không bt làm sao 😌",hy_vong
"Vừa bạn bè lúc khó khăn thì kh ai xuất hiện xong, buồn ghê 💔",that_vong
"ae tư vấn giúp, không về kịp gặp người thân lần cuối thì nên làm sao 😞",buon
"Đặt nhiều kỳ vọng vào người ấy mà họ không quan tâm, trời ơi không bt làm sao",that_vong
Hôm nay bạn bè lúc khó khăn thì không ai xuất hiện ugh,that_vong
"ae tư vấn giúp, đang suy nghĩ về một quyết định chưa biết nên làm hay không thì nên làm sao ...",trung_tinh
Dạo này đang bị dự án tâm huyết bị hủy bỏ phút chót nè 💔,buon
Trời ơi đang bị khách hàng dời lịch sát giờ khum báo trước nè 🔥,gian_du
Hôm nay đặt phòng khách sạn xong đến nơi bảo hết phòng 💢,gian_du
Hôm nay hàng giao sai size mà đổ lỗi do mình đặt nhầm 😡,gian_du
"gọi hotline chăm sóc khách hàng cúp máy giữa chừng, mình không biết làm sao 🔥",gian_du
Ủa đang bị chưa học chữ nào mà mai thi rùi nè ...,lo_au
"Hàng giao sai size mà đổ lỗi do mk đặt nhầm, chời ơi không bt làm sao 😡",gian_du
Mk đặt nhiều kỳ vọng vào ng ấy mà họ ko quan tâm haizzz,that_vong
Mn ơi bị kể chuyện riêng tư cho người khác dù đã dặn giữ kín 😡,gian_du
"Vừa ông bà mất, để lại khoảng trống không bù được xong, buồn ghê 😞",buon
"Ko vui không buồn, cứ trôi qua thôi, tớ không bt làm sao 🙂",trung_tinh
"Ngl đang bị ngồi uống cà phê một mk, tâm trạng bình thường nè",trung_tinh
Ngl bạn cũ từ xa về thăm bất ngờ 😎,vui
"vừa sếp ép deadline vô lý không có lý do xong, bình thường ghê 🔥",gian_du
"vừa tìm dc hướng đi rõ ràng hơn cho tương lai xong, thất vọng ghê",hy_vong
"Không biết mk có đủ năng lực cho vị trí mới không, ngl không biết làm sao huhu",lo_au
"thiệt tình bốc thăm trúng phần thưởng to, chán 😆",vui
Mk đang bị nhớ người yêu cũ khi trời mưa nè haiz,buon
"thiệt tình dc thăng chức sau kỳ đánh giá, chán 🥰",vui
"thiệt tình khối lượng công việc ngập đầu không bt bắt đầu từ đâu, chán 🥲",lo_au
"ae tư vấn giúp, nghe bản nhạc cũ bỗng nhớ kỷ niệm xưa thì nên làm sao haiz",buon
"Sắp tới deadline mà chưa làm dc gì, trời ơi ko biết làm sao 😥",lo_au
"Ae tư vấn giúp, sắp tới deadline mà chưa làm được gì thì nên làm sao 😱",lo_au
"thiệt tình pass môn khó nhất học kỳ, chán =))",vui
"vừa tự nhiên ngồi nhìn ra cửa sổ và nghĩ linh tinh xong, thất vọng ghê ...",trung_tinh
Hôm nay dự án mới bắt đầu và cảm giác rất tiềm năng 😌,hy_vong
"thiệt tình con mèo nuôi nhiều năm vừa ra đi, chán haiz",buon
"Chưa học chữ nào mà mai thi rùi, mình không bt làm sao 😥",lo_au
Ngl đang bị bị xe tạt nước suốt ng khi đang đi đường nè 🔥,gian_du
"Ae tư vấn giúp, ship đồ ăn thiếu món mà khum chịu hoàn tiền thì nên làm sao 💢",gian_du
Hôm nay đang code xong thì cúp điện mất hết 👊,gian_du
Trời ơi cố gắng hết sức mà kết quả vẫn không như kỳ vọng,that_vong
"Vừa ba mẹ cứ cãi nhau và có vẻ sắp ly hôn xong, thất vọng ghê haiz",buon
Hôm nay bạn hẹn đi ăn rùi tự nhiên cancel không lý do 🔥,gian_du
Tớ đang bị thất bại lần này sau khi đã chuẩn bị rất kỹ nè ugh,that_vong
"ae tư vấn giúp, tin vào người mà cuối cùng bị lừa dối thì nên làm sao haizzz",that_vong
"Ae tư vấn giúp, dc thăng chức sau kỳ đánh giá thì nên làm sao =))",vui
Nói thật là đang bị hai đứa vừa nói chuyện thẳng và hiểu nhau hơn nè 🌱,hy_vong
"thiệt tình ngày bình thường, làm việc r về, chán 😐",trung_tinh
Mn ơi cảm thấy cô đơn dù xung quanh có nhiều người 💔,buon
"vừa chốt hợp đồng lớn sau bao ngày nỗ lực xong, bình thường ghê 😆",vui
Tớ bị cắt mặt suýt gây tai nạn mà không xin lỗi 💢,gian_du
Chời ơi crush vừa công khai ng yêu mới 😞,buon
"Cảm giác mối quan hệ đang ấm lên dần, chời ơi ko bt làm sao 🤞",hy_vong
"vừa dự án tâm huyết bị hủy bỏ phút chót xong, lo ghê 😔",buon
Chời ơi lo mối quan hệ đang dần nhạt đi 😱,lo_au
"Pass môn khó nhất học kỳ, chời ơi không biết làm sao =))",vui
"Thiệt tình làm đúng quy trình mà vẫn bị chỉ trích, chán 💔",that_vong
"Thiệt tình lo bảo vệ luận văn bị giáo viên phản biện nặng, chán huhu",lo_au
"Yêu thật lòng mà ko dc đáp lại, tớ không bt làm sao 💔",that_vong
Mình đang bị taxi chặt chém gấp đôi giá lúc đang vội nè 👊,gian_du
Hôm nay cố xây dựng điều gì đó mà bị phá vỡ một cách vô lý 😶,that_vong
hôm nay làm lành với người thân sau trận cãi 🥰,vui
Trời ơi đang bị lương về r nè 🤩,vui
"vừa vừa tìm ra phương pháp học mới hiệu quả hơn xong, bình thường ghê",hy_vong
Tui đang bị sợ bị sếp đánh giá thấp trong kỳ review nè,lo_au
Tui đang bị cảm thấy cô đơn dù xung quanh có nhiều người nè 💔,buon
"Thiệt tình crush vừa công khai ng yêu mới, chán 😞",buon
"Ae tư vấn giúp, bạn cũ từ xa về thăm bất ngờ thì nên làm sao =))",vui
"gọi hotline chăm sóc khách hàng cúp máy giữa chừng, dạo này không bt làm sao 😡",gian_du
"thiệt tình bị người thân khum ủng hộ điều mk tin tưởng, chán",that_vong
"thiệt tình nghĩ về tương lai thấy mông lung quá, chán ...",lo_au
hôm nay crush vừa công khai ng yêu mới 😞,buon
"lương về rồi, hôm nay k bt làm sao 😆",vui
"Đặt phòng khách sạn xong đến nơi bảo hết phòng, ae ơi không biết làm sao",gian_du
"thiệt tình cố gắng hết sức mà kết quả vẫn không như kỳ vọng, chán 😞",that_vong
Trời ơi đang bị sếp ép deadline vô lý ko có lý do nè 🤬,gian_du
Tao đang bị không theo kịp bài vở dạo này nè 😥,lo_au
Ae ơi đang bị dự án mới bắt đầu và cảm giác rất tiềm năng nè 🤞,hy_vong
"chưa học chữ nào mà mai thi rồi, tui khum biết làm sao ...",lo_au
Mn ơi đang bị bạn hẹn đi ăn rồi tự nhiên cancel k lý do nè 😡,gian_du
"vừa sắp trả tiền trọ mà lương chưa về xong, lo ghê huhu",lo_au
Hôm nay hôm nay không có gì đặc biệt lắm 🙂,trung_tinh
"vừa dự án mới bắt đầu và cảm giác rất tiềm năng xong, lo ghê",hy_vong
"vừa sợ tỏ tình xong bị từ chối thì mất cả tình bạn xong, thất vọng ghê huhu",lo_au
Chời ơi đang bị thất bại lần này sau khi đã chuẩn bị rất kỹ nè 😞,that_vong
"Đặt phòng khách sạn xong đến nơi bảo hết phòng, ngl ko biết làm sao 😡",gian_du
Tớ gọi hotline chăm sóc khách hàng cúp máy giữa chừng 😡,gian_du
"Bạn bè lúc khó khăn thì không ai xuất hiện, mn ơi không bt làm sao ugh",that_vong
Ae ơi đang bị cố gắng hết sức mà kết quả vẫn ko như kỳ vọng nè ugh,that_vong
"Ngl đang bị ngày bình thường, làm việc r về nè 😐",trung_tinh
"Bị đồng nghiệp nhận công của mình trước mặt sếp, trời ơi ko biết làm sao 🤬",gian_du
"Thiệt tình đang cân nhắc chuyện đổi việc nhưng chưa quyết, chán 🙂",trung_tinh
"ae tư vấn giúp, khối lượng công việc ngập đầu không bt bắt đầu từ đâu thì nên làm sao 😱",lo_au
Chời ơi vừa đọc xong một bài viết thú vị ...,trung_tinh
Tớ sếp ép deadline vô lý k có lý do 🔥,gian_du
"được giao nhiệm vụ mới thú vị hơn, mk không biết làm sao 🤞",hy_vong
Ae ơi đang bị cố gắng hết sức mà kết quả vẫn không như kỳ vọng nè ugh,that_vong
"Ae tư vấn giúp, cố gắng cả năm nhưng k được thăng chức thì nên làm sao 💔",buon
"nghe bản nhạc cũ bỗng nhớ kỷ niệm xưa, trời ơi không biết làm sao",buon
"Vừa không biết mk đang đi đúng hướng không xong, thất vọng ghê",lo_au
Hôm nay hôm nay không có gì đặc biệt lắm ...,trung_tinh
Tao lo bảo vệ luận văn bị giáo viên phản biện nặng 🥲,lo_au
Tao đang bị bị đồng nghiệp nhận công của mình trước mặt sếp nè 😡,gian_du
"Thiệt tình k về kịp gặp người thân lần cuối, chán 😢",buon
"Bạn bè lúc khó khăn thì kh ai xuất hiện, nói thật là không biết làm sao haizzz",that_vong
"thiệt tình dc giao nhiệm vụ mới thú vị hơn, chán 😌",hy_vong
"vừa lo mối quan hệ đang dần nhạt đi xong, lo ghê 😱",lo_au
"Ae tư vấn giúp, hôm nay không có gì đặc biệt lắm thì nên làm sao 🙂",trung_tinh
"Ae ơi đang bị ông bà mất, để lại khoảng trống không bù được nè 💔",buon
"đồng nghiệp thân nhất vừa nghỉ việc, mk kh biết làm sao 🥀",buon
"thiệt tình hôm nay đi đường không tắc, đến nơi sớm, chán",vui
"Ae tư vấn giúp, đặt phòng khách sạn xong đến nơi bảo hết phòng thì nên làm sao",gian_du
"crush vừa công khai người yêu mới, mình không biết làm sao 💔",buon
"Team vừa có thành viên mới giỏi, kỳ vọng cao, ngl không biết làm sao 🌱",hy_vong
"Vừa ship đồ ăn thiếu món mà không chịu hoàn tiền xong, thất vọng ghê 👊",gian_du
"xa nhà lâu quá nhớ mọi người, chời ơi không bt làm sao 💔",buon
"Vừa lương về rồi xong, buồn ghê 😎",vui
Mk nhìn lại năm qua thấy chẳng đạt dc gì 😞,buon
Ae ơi bị hứa thưởng nhưng cuối năm lại khum có ugh,that_vong
Nói thật là tin vào người mà cuối cùng bị lừa dối 😶,that_vong
Tao sếp ép deadline vô lý không có lý do 😡,gian_du
Dạo này đồng nghiệp thân nhất vừa nghỉ việc haiz,buon
"thiệt tình khum theo kịp bài vở dạo này, chán 🥲",lo_au
Hôm nay ng yêu liên tục đến trễ mà không xin lỗi 😡,gian_du
"Thiệt tình sếp ép deadline vô lý khum có lý do, chán",gian_du
"Vừa sợ bị sếp đánh giá thấp trong kỳ review xong, vui ghê huhu",lo_au
"vừa lo bảo vệ luận văn bị giáo viên phản biện nặng xong, thất vọng ghê huhu",lo_au
"Vừa sắp trả tiền trọ mà lương chưa về xong, hy vọng ghê 😥",lo_au
"thiệt tình đợi mãi một cơ hội mà nó không đến, chán ugh",that_vong
"ae tư vấn giúp, bài thi dc điểm cao ngoài mong đợi thì nên làm sao =))",vui
Ủa đang bị bị cắt mặt suýt gây tai nạn mà không xin lỗi nè,gian_du
Tui đang bị bị đồng nghiệp nhận công của mình trước mặt sếp nè 👊,gian_du
"Vừa nhớ ng yêu cũ khi trời mưa xong, thất vọng ghê haiz",buon
"Thiệt tình bị đồng nghiệp nhận công của mình trước mặt sếp, chán 😡",gian_du
"vừa nhớ người yêu cũ khi trời mưa xong, thất vọng ghê 😢",buon
"thiệt tình yêu thật lòng mà khum được đáp lại, chán 😞",that_vong
Ủa đang bị bạn hẹn đi ăn rồi tự nhiên cancel kh lý do nè 😤,gian_du
"vừa thất bại lần này sau khi đã chuẩn bị rất kỹ xong, lo ghê 💔",that_vong
"Thiệt tình nhớ ng yêu cũ khi trời mưa, chán",buon
"hôm nay có kế hoạch cụ thể rùi, cảm thấy tự tin hơn 🙏",hy_vong
Mình ng yêu tặng quà bất ngờ,vui
"ae tư vấn giúp, chốt hợp đồng lớn sau bao ngày nỗ lực thì nên làm sao 🤩",vui
"Đang code xong thì cúp điện mất hết, chời ơi khum biết làm sao 😤",gian_du
"vừa lương về rồi xong, thất vọng ghê 🎉",vui
Ngl đang bị cảm giác mối quan hệ đang ấm lên dần nè 🤞,hy_vong
Dạo này nhớ ng yêu cũ khi trời mưa 😢,buon
"vừa nghĩ về tương lai thấy mông lung quá xong, vui ghê",lo_au
"vừa làm đúng quy trình mà vẫn bị chỉ trích xong, thất vọng ghê 😶",that_vong
Hôm nay bị overthinking cả đêm ngủ ko được ...,lo_au
"thiệt tình hôm nay họp nhiều, k có gì nổi bật, chán 😐",trung_tinh
"Thất bại lần này sau khi đã chuẩn bị rất kỹ, ủa không biết làm sao",that_vong
"Ngl ông bà mất, để lại khoảng trống không bù dc 😞",buon
Hôm nay đồng nghiệp thân nhất vừa nghỉ việc haiz,buon
Ủa đang bị khối lượng công việc ngập đầu ko biết bắt đầu từ đâu nè ...,lo_au
"Ae tư vấn giúp, đợi mãi một cơ hội mà nó kh đến thì nên làm sao 😶",that_vong
"Ae tư vấn giúp, hai đứa vừa nói chuyện thẳng và hiểu nhau hơn thì nên làm sao",hy_vong
Dạo này đang bị cố gắng cả năm nhưng không được thăng chức nè haiz,buon
"hôm nay không có gì đặc biệt lắm, ủa không biết làm sao",trung_tinh
"Ae tư vấn giúp, mượn đồ lâu r khum trả mà còn tỏ ra bình thường thì nên làm sao 🔥",gian_du
"ae tư vấn giúp, con mèo nuôi nhiều năm vừa ra đi thì nên làm sao 🥀",buon
hôm nay bài thi đc điểm cao ngoài mong đợi ✨,vui
Hôm nay đang bị nộp hồ sơ học bổng và đang chờ kết quả nè,hy_vong
"Taxi chặt chém gấp đôi giá lúc đang vội, ủa không bt làm sao 💢",gian_du
"bạn cũ từ xa về thăm bất ngờ, ae ơi không biết làm sao =))",vui
"Thiệt tình nhìn lại năm qua thấy chẳng đạt dc gì, chán 🥀",buon
"thiệt tình khách hàng gửi email khen ngợi mình, chán",vui
Tao làm đúng quy trình mà vẫn bị chỉ trích 💔,that_vong
Hôm nay đang bị ôn thi xong cảm thấy tự tin hơn nhiều nè,hy_vong
Tao đang bị bị cắt mặt suýt gây tai nạn mà không xin lỗi nè 😡,gian_du
"ae tư vấn giúp, bốc thăm trúng phần thưởng to thì nên làm sao ✨",vui
"Vừa đặt nhiều kỳ vọng vào người ấy mà họ không quan tâm xong, buồn ghê 😞",that_vong
Tớ tin tưởng đồng nghiệp mà bị phản bội 😞,that_vong
"tìm dc hướng đi rõ ràng hơn cho tương lai, ủa không bt làm sao ✨",hy_vong
Dạo này lương về rùi 🤩,vui
"Ae tư vấn giúp, chưa học chữ nào mà mai thi rồi thì nên làm sao 😱",lo_au
"Vừa tìm ra phương pháp học mới hiệu quả hơn, mk không biết làm sao ✨",hy_vong
"Ae tư vấn giúp, bạn hẹn đi ăn rùi tự nhiên cancel k lý do thì nên làm sao 👊",gian_du
Nói thật là đang bị lo mối quan hệ đang dần nhạt đi nè 😱,lo_au
Chời ơi đang bị sếp ép deadline vô lý ko có lý do nè 💢,gian_du
"Bạn thân sắp chuyển đi xa, mk k biết làm sao 😞",buon
"Xa nhà lâu qá nhớ mọi người, mn ơi không bt làm sao 😞",buon
"Sếp ép deadline vô lý ko có lý do, tớ không bt làm sao 👊",gian_du
"Ngày bình thường, làm việc rồi về, tui k bt làm sao",trung_tinh
Ae ơi không về kịp gặp người thân lần cuối,buon
Trời ơi đang bị bị cắt mặt suýt gây tai nạn mà không xin lỗi nè 💢,gian_du
"Ae tư vấn giúp, cảm thấy cô đơn dù xung quanh có nhiều người thì nên làm sao 😢",buon
"ae tư vấn giúp, ba mẹ cứ cãi nhau và có vẻ sắp ly hôn thì nên làm sao 💔",buon
"thiệt tình cảm thấy cô đơn dù xung quanh có nhiều ng, chán",buon
"sắp tới deadline mà chưa làm được gì, tui ko bt làm sao 😱",lo_au
Ngl đang bị được chọn vào đội tuyển nghiên cứu nè 😎,vui
"Vừa được chọn vào đội tuyển nghiên cứu xong, hy vọng ghê",vui
Hôm nay ship đồ ăn thiếu món mà k chịu hoàn tiền 😤,gian_du
Nói thật là đang bị xa nhà lâu wa nhớ mọi ng nè 😞,buon
"vừa nộp hồ sơ học bổng và đang chờ kết quả xong, buồn ghê ✨",hy_vong
"thiệt tình nộp hồ sơ học bổng và đang chờ kết quả, chán 🌱",hy_vong
"thiệt tình lo bảo vệ luận văn bị giáo viên phản biện nặng, chán ...",lo_au
hôm nay nghe bản nhạc cũ bỗng nhớ kỷ niệm xưa 💔,buon
"Cố gắng thay đổi bản thân mà cứ quay về điểm cũ, ủa ko biết làm sao 💔",that_vong
hôm nay hi vọng nhiều rùi nhận kết quả ngược lại haizzz,that_vong
"Vừa được thăng chức sau kỳ đánh giá xong, bình thường ghê =))",vui
Ae ơi đang xem phim nhưng k có cảm xúc gì mạnh 🙂,trung_tinh
"Vừa làm đúng quy trình mà vẫn bị chỉ trích xong, bình thường ghê 😶",that_vong
"Tự nhiên ngồi nhìn ra cửa sổ và nghĩ linh tinh, trời ơi kh bt làm sao",trung_tinh
"Pass môn khó nhất học kỳ, ae ơi khum biết làm sao 🥰",vui
Trời ơi bạn bè lúc khó khăn thì k ai xuất hiện ugh,that_vong
Ủa chốt hợp đồng lớn sau bao ngày nỗ lực 😆,vui
"crush vừa công khai người yêu mới, mn ơi không biết làm sao 😔",buon
"nộp hồ sơ học bổng và đang chờ kết quả, ủa k biết làm sao",hy_vong
"thiệt tình bạn hẹn đi ăn rồi tự nhiên cancel không lý do, chán",gian_du
"vừa cố gắng cả năm nhưng không đc thăng chức xong, bình thường ghê 😢",buon
"Thiệt tình ng yêu liên tục đến trễ mà không xin lỗi, chán",gian_du
"ae tư vấn giúp, sếp ép deadline vô lý không có lý do thì nên làm sao 😡",gian_du
"vừa crush vừa công khai ng yêu mới xong, buồn ghê 😞",buon
"Phải gánh team vì mấy đứa lười, tui khum bt làm sao 😡",gian_du
"Mn ơi đang bị ông bà mất, để lại khoảng trống không bù được nè haiz",buon
"Hôm nay hôm nay họp nhiều, ko có gì nổi bật ...",trung_tinh
"Ae tư vấn giúp, nộp hồ sơ học bổng và đang chờ kết quả thì nên làm sao 🌱",hy_vong
"Vừa sếp ép deadline vô lý khum có lý do xong, hy vọng ghê 🤬",gian_du
Tui ôn thi xong cảm thấy tự tin hơn nhiều,hy_vong
Ngl nghe bản nhạc cũ bỗng nhớ kỷ niệm xưa 😞,buon
"ae tư vấn giúp, bạn bè lúc khó khăn thì không ai xuất hiện thì nên làm sao haizzz",that_vong
Mn ơi hàng giao sai size mà đổ lỗi do mình đặt nhầm,gian_du
Tui đang bị tài khoản cạn tiền mà tháng còn dài lắm nè 🥲,lo_au
"Ae tư vấn giúp, phải gánh team vì mấy đứa lười thì nên làm sao 😤",gian_du
"thiệt tình kh biết người ấy có thật sự thích mk không, chán 😥",lo_au
"vừa bị cắt mặt suýt gây tai nạn mà ko xin lỗi xong, lo ghê 😤",gian_du
Nói thật là đang bị đồng nghiệp thân nhất vừa nghỉ việc nè 😞,buon
"Vừa team vừa có thành viên mới giỏi, kỳ vọng cao xong, thất vọng ghê",hy_vong
"Vừa đặt mục tiêu cho năm này mà chẳng đạt đc gì xong, hy vọng ghê",that_vong
Mn ơi đang bị dc giao nhiệm vụ mới thú vị hơn nè 🌱,hy_vong
"Ae tư vấn giúp, bạn bè lúc khó khăn thì không ai xuất hiện thì nên làm sao 😶",that_vong
"Bị hứa thưởng nhưng cuối năm lại không có, nói thật là không bt làm sao 😶",that_vong
"Mk có kế hoạch cụ thể rồi, cảm thấy tự tin hơn ✨",hy_vong
Hôm nay bị hứa thưởng nhưng cuối năm lại k có 😶,that_vong
Tớ đang bị sắp tới deadline mà chưa làm được gì nè huhu,lo_au
"Thiệt tình k vui không buồn, cứ trôi qua thôi, chán ...",trung_tinh
"Vừa nộp hồ sơ học bổng và đang chờ kết quả xong, hy vọng ghê",hy_vong
Ủa thất bại lần này sau khi đã chuẩn bị rất kỹ,that_vong
Trời ơi phải gánh team vì mấy đứa lười 🤬,gian_du
"vừa người yêu tặng quà bất ngờ xong, tức ghê 😎",vui
"Vừa khối lượng công việc ngập đầu k biết bắt đầu từ đâu xong, buồn ghê huhu",lo_au
hôm nay nhớ người yêu cũ khi trời mưa haiz,buon
"Ae tư vấn giúp, vừa đọc xong một bài viết thú vị thì nên làm sao ...",trung_tinh
"Gặp ng mới và cảm giác có điểm chung, ủa khum biết làm sao 🙏",hy_vong
"Chời ơi ngày bình thường, làm việc r về 🙂",trung_tinh
"vừa chưa học chữ nào mà mai thi rồi xong, lo ghê",lo_au
"Hôm nay ngày bình thường, làm việc rồi về",trung_tinh
Chời ơi đang bị hôm nay không có gì đặc biệt lắm nè 🙂,trung_tinh
"thiệt tình đợi mãi một cơ hội mà nó khum đến, chán 💔",that_vong
Tao làm lành với người thân sau trận cãi,vui
Ngl bị xe tạt nước suốt ng khi đang đi đường,gian_du
Trời ơi đang bị ôn thi xong cảm thấy tự tin hơn nhiều nè 🌱,hy_vong
"đang xem phim nhưng khum có cảm xúc gì mạnh, dạo này không biết làm sao 🙂",trung_tinh
"lo bảo vệ luận văn bị giáo viên phản biện nặng, ngl không biết làm sao ...",lo_au
"vừa cố gắng thay đổi bản thân mà cứ quay về điểm cũ xong, vui ghê 💔",that_vong
"Vừa phải gánh team vì mấy đứa lười xong, lo ghê 😡",gian_du
"Vừa người yêu tặng quà bất ngờ xong, thất vọng ghê",vui
Dạo này tìm dc qán cà phê ưng ý mới 🤩,vui
Trời ơi làm lành với ng thân sau trận cãi 😎,vui
"bị cắt mặt suýt gây tai nạn mà không xin lỗi, mk không biết làm sao 💢",gian_du
"Vừa ngồi uống cà phê một mình, tâm trạng bình thường xong, vui ghê 🙂",trung_tinh
"gặp người mới và cảm giác có điểm chung, ngl không bt làm sao 🙏",hy_vong
Chời ơi khối lượng công việc ngập đầu không bt bắt đầu từ đâu huhu,lo_au
Nói thật là làm lành vs ng thân sau trận cãi 😎,vui
Trời ơi dự án mới bắt đầu và cảm giác rất tiềm năng 🌱,hy_vong
Chời ơi nhìn lại năm qua thấy chẳng đạt dc gì haiz,buon
hôm nay xa nhà lâu qá nhớ mọi ng haiz,buon
Nói thật là tài khoản cạn tiền mà tháng còn dài lắm 😱,lo_au
"ae tư vấn giúp, sắp tới deadline mà chưa làm dc gì thì nên làm sao 🥲",lo_au
Dạo này hai đứa vừa nói chuyện thẳng và hiểu nhau hơn 🙏,hy_vong
Trời ơi đang bị sắp trả tiền trọ mà lương chưa về nè 🥲,lo_au
"dự án mới bắt đầu và cảm giác rất tiềm năng, mn ơi không bt làm sao",hy_vong
hôm nay con mèo nuôi nhiều năm vừa ra đi haiz,buon
Mn ơi đang bị mọi thứ dạo này cứ xui xẻo liên tục nè 😔,buon
"ae tư vấn giúp, không vui không buồn, cứ trôi qua thôi thì nên làm sao 🙂",trung_tinh
Hôm nay khách hàng dời lịch sát giờ không báo trước 😡,gian_du
Dạo này thất bại lần này sau khi đã chuẩn bị rất kỹ ugh,that_vong
hôm nay cố gắng thay đổi bản thân mà cứ quay về điểm cũ ugh,that_vong
"Con mèo nuôi nhiều năm vừa ra đi, tui không biết làm sao 💔",buon
"hi vọng nhiều rồi nhận kết quả ngược lại, ae ơi không biết làm sao 😶",that_vong
Ae ơi đang bị sau giai đoạn khó khăn cảm thấy mọi thứ đang tốt lên nè 🌱,hy_vong
"Dạo này đang bị ngồi uống cà phê một mình, tâm trạng bình thường nè ...",trung_tinh
"Thất bại lần này sau khi đã chuẩn bị rất kỹ, mk không biết làm sao",that_vong
Mk bị kể chuyện riêng tư cho người khác dù đã dặn giữ kín 💢,gian_du
Mình đang bị hàng giao sai size mà đổ lỗi do mình đặt nhầm nè 😡,gian_du
"Vừa xa nhà lâu wa nhớ mọi người xong, hy vọng ghê 😢",buon
"Dạo này công việc ổn định, kh có gì nhiều để kể 😐",trung_tinh
"công việc ổn định, không có gì nhiều để kể, dạo này không biết làm sao",trung_tinh
Mn ơi ship đồ ăn thiếu món mà không chịu hoàn tiền 🔥,gian_du
hôm nay không theo kịp bài vở dạo này ...,lo_au
"thiệt tình tìm được qán cà phê ưng ý mới, chán =))",vui
"Thiệt tình tin tưởng đồng nghiệp mà bị phản bội, chán",that_vong
"bạn hẹn đi ăn rồi tự nhiên cancel ko lý do, chời ơi không biết làm sao 👊",gian_du
"Sợ rớt môn, ảnh hưởng học bổng, tao không bt làm sao ...",lo_au
hôm nay thất bại lần này sau khi đã chuẩn bị rất kỹ ugh,that_vong
Hôm nay đang bị con mèo nuôi nhiều năm vừa ra đi nè 😔,buon
Mk crush vừa công khai ng yêu mới haiz,buon
"Ae tư vấn giúp, khách hàng gửi email khen ngợi mk thì nên làm sao =))",vui
"vừa taxi chặt chém gấp đôi giá lúc đang vội xong, lo ghê 💢",gian_du
"Nói thật là team vừa có thành viên mới giỏi, kỳ vọng cao 🙏",hy_vong
Mk đang cân nhắc chuyện đổi việc nhưng chưa quyết ...,trung_tinh
Mk đang bị nhớ người yêu cũ khi trời mưa nè 😞,buon
Mn ơi đang bị làm lành vs người thân sau trận cãi nè 🤩,vui
"lương về rồi, ae ơi k bt làm sao",vui
Mình dc thăng chức sau kỳ đánh giá 😆,vui
"vừa không vui không buồn, cứ trôi qua thôi xong, vui ghê ...",trung_tinh
"hôm nay hôm nay họp nhiều, kh có gì nổi bật 🙂",trung_tinh
"ae tư vấn giúp, được chọn vào đội tuyển nghiên cứu thì nên làm sao 🤩",vui
"Ae tư vấn giúp, bị xe tạt nước suốt người khi đang đi đường thì nên làm sao 🔥",gian_du
hôm nay sợ tỏ tình xong bị từ chối thì mất cả tình bạn 😰,lo_au
"Vừa hai đứa vừa nói chuyện thẳng và hiểu nhau hơn xong, vui ghê 😌",hy_vong
Tui đang bị khách hàng dời lịch sát giờ kh báo trước nè 😡,gian_du
"vừa bị đồng nghiệp nhận công của mình trước mặt sếp xong, vui ghê 😤",gian_du
"bị xe tạt nước suốt người khi đang đi đường, mình kh biết làm sao",gian_du
"Thiệt tình xa nhà lâu wa nhớ mọi ng, chán haiz",buon
"vừa sếp ép deadline vô lý kh có lý do xong, buồn ghê",gian_du
Tớ khối lượng công việc ngập đầu kh biết bắt đầu từ đâu 😰,lo_au
hôm nay đợi mãi một cơ hội mà nó khum đến 😶,that_vong
"Thiệt tình đặt mục tiêu cho năm này mà chẳng đạt được gì, chán haizzz",that_vong
"vừa người yêu liên tục đến trễ mà không xin lỗi xong, hy vọng ghê 💢",gian_du
"thiệt tình đặt mục tiêu cho năm này mà chẳng đạt đc gì, chán haizzz",that_vong
"Ae tư vấn giúp, cố gắng cả năm nhưng không được thăng chức thì nên làm sao",buon
"Vừa áp lực kpi tháng này cao quá xong, bình thường ghê 🥲",lo_au
"dự án mới bắt đầu và cảm giác rất tiềm năng, chời ơi k bt làm sao 🙏",hy_vong
Mình đang bị tìm dc qán cà phê ưng ý mới nè =)),vui
"vừa bốc thăm trúng phần thưởng to xong, lo ghê 🤩",vui
Hôm nay bị cắt mặt suýt gây tai nạn mà khum xin lỗi,gian_du
Tớ đang bị nghe bản nhạc cũ bỗng nhớ kỷ niệm xưa nè 💔,buon
"vừa sắp tới deadline mà chưa làm dc gì xong, buồn ghê 😱",lo_au
"thiệt tình thất bại lần này sau khi đã chuẩn bị rất kỹ, chán haizzz",that_vong
Tao đang bị đang code xong thì cúp điện mất hết nè 🤬,gian_du
"Vừa bốc thăm trúng phần thưởng to xong, hy vọng ghê 🎉",vui
"vừa có kế hoạch cụ thể rồi, cảm thấy tự tin hơn xong, lo ghê",hy_vong
"vừa bạn thân sắp chuyển đi xa xong, lo ghê 😢",buon
"Ngày bình thường, làm việc rồi về, mk ko bt làm sao",trung_tinh
"vừa cố gắng cả năm nhưng k được thăng chức xong, lo ghê 💔",buon
Ủa đang bị khách hàng gửi email khen ngợi mk nè 🎉,vui
"bài thi được điểm cao ngoài mong đợi, ủa không biết làm sao ✨",vui
"Phải gánh team vì mấy đứa lười, tui không biết làm sao 😡",gian_du
"Ae tư vấn giúp, yêu thật lòng mà ko được đáp lại thì nên làm sao 😶",that_vong
"vừa đang xem phim nhưng không có cảm xúc gì mạnh xong, vui ghê ...",trung_tinh
"ae tư vấn giúp, sợ rớt môn, ảnh hưởng học bổng thì nên làm sao",lo_au
"Vừa hôm nay kh có gì đặc biệt lắm xong, bình thường ghê",trung_tinh
"Ae tư vấn giúp, tin tưởng đồng nghiệp mà bị phản bội thì nên làm sao 💔",that_vong
"Vừa nhớ ng yêu cũ khi trời mưa xong, vui ghê 💔",buon
"Cố gắng thay đổi bản thân mà cứ quay về điểm cũ, ae ơi không bt làm sao 😞",that_vong
Ủa bị đồng nghiệp nhận công của mình trước mặt sếp 😤,gian_du
"Bị hứa thưởng nhưng cuối năm lại không có, dạo này không biết làm sao 😞",that_vong
Tớ ship đồ ăn thiếu món mà không chịu hoàn tiền 😤,gian_du
"Crush vừa công khai người yêu mới, tao ko biết làm sao",buon
"vừa cảm thấy cô đơn dù xung quanh có nhiều ng xong, lo ghê 😢",buon
"Hôm nay không vui không buồn, cứ trôi qua thôi ...",trung_tinh
"thiệt tình khối lượng công việc ngập đầu không biết bắt đầu từ đâu, chán huhu",lo_au
"Ae tư vấn giúp, sếp ép deadline vô lý kh có lý do thì nên làm sao 💢",gian_du
"Vừa ông bà mất, để lại khoảng trống không bù đc xong, vui ghê",buon
"Ae tư vấn giúp, cố gắng hết sức mà kết quả vẫn không như kỳ vọng thì nên làm sao",that_vong
"Hi vọng nhiều rồi nhận kết quả ngược lại, trời ơi khum bt làm sao ugh",that_vong
Tui không về kịp gặp người thân lần cuối,buon
"thiệt tình được giao nhiệm vụ mới thú vị hơn, chán 🙏",hy_vong
"vừa đc giao nhiệm vụ mới thú vị hơn xong, vui ghê 🌱",hy_vong
"Thiệt tình bạn thân sắp chuyển đi xa, chán haiz",buon
Ngl tài khoản cạn tiền mà tháng còn dài lắm 🥲,lo_au
Mn ơi tự nhiên ngồi nhìn ra cửa sổ và nghĩ linh tinh ...,trung_tinh
"ae tư vấn giúp, hi vọng nhiều rùi nhận kết quả ngược lại thì nên làm sao 😞",that_vong
"Ae tư vấn giúp, crush vừa công khai người yêu mới thì nên làm sao 😢",buon
"vừa ngồi uống cà phê một mình, tâm trạng bình thường xong, hy vọng ghê ...",trung_tinh
Dạo này đang bị hôm nay khum có gì đặc biệt lắm nè 😐,trung_tinh
"Ae tư vấn giúp, nghĩ về tương lai thấy mông lung wa thì nên làm sao huhu",lo_au
"vừa đc giao nhiệm vụ mới thú vị hơn xong, bình thường ghê ✨",hy_vong
"nhớ ng yêu cũ khi trời mưa, mk ko biết làm sao",buon
"ae tư vấn giúp, pass môn khó nhất học kỳ thì nên làm sao 😆",vui
"sếp ép deadline vô lý khum có lý do, mk không biết làm sao 💢",gian_du
"Vừa đặt mục tiêu cho năm này mà chẳng đạt được gì xong, tức ghê",that_vong
Nói thật là đặt phòng khách sạn xong đến nơi bảo hết phòng 😡,gian_du
"ae tư vấn giúp, gửi CV và đang chờ kết quả phỏng vấn thì nên làm sao 🤞",hy_vong
"Công việc ổn định, ko có gì nhiều để kể, mn ơi không bt làm sao ...",trung_tinh
"Tự nhiên ngồi nhìn ra cửa sổ và nghĩ linh tinh, mk kh biết làm sao 🙂",trung_tinh
"Sợ bị sếp đánh giá thấp trong kỳ review, dạo này không biết làm sao huhu",lo_au
"Hôm nay đang bị ngồi uống cà phê một mình, tâm trạng bình thường nè 🙂",trung_tinh
"Nhận học bổng du học, ae ơi k biết làm sao 😆",vui
Mình crush vừa công khai ng yêu mới haiz,buon
"Vừa đc giao nhiệm vụ mới thú vị hơn xong, hy vọng ghê",hy_vong
Mn ơi đang bị bị hứa thưởng nhưng cuối năm lại khum có nè 😞,that_vong
Chời ơi đang bị bạn thân sắp chuyển đi xa nè 🥀,buon
Hôm nay sếp khen project mới trước toàn công ty 🥰,vui
Mn ơi đang bị đặt phòng khách sạn xong đến nơi bảo hết phòng nè 😡,gian_du
Nói thật là hai đứa vừa nói chuyện thẳng và hiểu nhau hơn 🌱,hy_vong
"hôm nay đi đường không tắc, đến nơi sớm, dạo này không bt làm sao",vui
Mình bạn cũ từ xa về thăm bất ngờ,vui
"Gặp ng mới và cảm giác có điểm chung, mk không biết làm sao ✨",hy_vong
Dạo này đang bị sắp trả tiền trọ mà lương chưa về nè ...,lo_au
"lương về rồi, mk ko biết làm sao ✨",vui
Tớ đang bị đang cân nhắc chuyện đổi việc nhưng chưa quyết nè,trung_tinh
Ngl đang bị kh bt mình đang đi đúng hướng không nè huhu,lo_au
"Vừa đang xem phim nhưng không có cảm xúc gì mạnh xong, vui ghê 🙂",trung_tinh
Tớ đang bị con mèo nuôi nhiều năm vừa ra đi nè haiz,buon
"Thiệt tình áp lực kpi tháng này cao quá, chán 😱",lo_au
"thiệt tình mượn đồ lâu rùi không trả mà còn tỏ ra bình thường, chán 🤬",gian_du
"Bốc thăm trúng phần thưởng to, mk kh bt làm sao",vui
"vừa bạn bè lúc khó khăn thì không ai xuất hiện xong, lo ghê 😶",that_vong
Trời ơi sếp ép deadline vô lý không có lý do 💢,gian_du
Hôm nay mượn đồ lâu r k trả mà còn tỏ ra bình thường 💢,gian_du
"Vừa bị đồng nghiệp nhận công của mk trước mặt sếp xong, vui ghê 😡",gian_du
Ủa sếp ép deadline vô lý kh có lý do 💢,gian_du
"Thiệt tình đồng nghiệp thân nhất vừa nghỉ việc, chán haiz",buon
"gặp người mới và cảm giác có điểm chung, nói thật là ko biết làm sao 🙏",hy_vong
hôm nay tìm dc qán cà phê ưng ý mới 🎉,vui
"tìm được hướng đi rõ ràng hơn cho tương lai, mk không biết làm sao 🙏",hy_vong
"Vừa ship đồ ăn thiếu món mà không chịu hoàn tiền xong, lo ghê 🤬",gian_du
"Tao đang bị hôm nay đi đường không tắc, đến nơi sớm nè =))",vui
"Ae tư vấn giúp, đặt mục tiêu cho năm này mà chẳng đạt đc gì thì nên làm sao 😞",that_vong
"pass môn khó nhất học kỳ, tui không biết làm sao =))",vui
"Vừa đồng nghiệp thân nhất vừa nghỉ việc xong, lo ghê 🥀",buon
hôm nay cố gắng cả năm nhưng kh được thăng chức 😢,buon
Mn ơi đang cân nhắc chuyện đổi việc nhưng chưa quyết,trung_tinh
Trời ơi đang bị phải gánh team vì mấy đứa lười nè,gian_du
"Thiệt tình gặp ng mới và cảm giác có điểm chung, chán 🤞",hy_vong
Tui đang bị tin tưởng đồng nghiệp mà bị phản bội nè ugh,that_vong
"Mượn đồ lâu rồi không trả mà còn tỏ ra bình thường, tớ không biết làm sao 😡",gian_du
Ae ơi ng yêu liên tục đến trễ mà không xin lỗi 👊,gian_du
"vừa ngày bình thường, làm việc rồi về xong, lo ghê 😐",trung_tinh
"Người yêu liên tục đến trễ mà không xin lỗi, trời ơi không biết làm sao 💢",gian_du
"thiệt tình nhận học bổng du học, chán 🤩",vui
Tao tin tưởng đồng nghiệp mà bị phản bội ugh,that_vong
Tui bị xe tạt nước suốt ng khi đang đi đường 🔥,gian_du
"vừa thất bại lần này sau khi đã chuẩn bị rất kỹ xong, buồn ghê 😶",that_vong
"thiệt tình ko vui không buồn, cứ trôi qua thôi, chán",trung_tinh
"Vừa dự án mới bắt đầu và cảm giác rất tiềm năng xong, bình thường ghê ✨",hy_vong
"Vừa sợ tỏ tình xong bị từ chối thì mất cả tình bạn xong, tức ghê ...",lo_au
Ủa cố gắng cả năm nhưng k được thăng chức,buon
"ae tư vấn giúp, được crush rủ đi chơi cuối tuần thì nên làm sao",vui
Mk đang bị gọi hotline chăm sóc khách hàng cúp máy giữa chừng nè 🤬,gian_du
"chia tay xong cứ thấy trống rỗng, ủa k biết làm sao",buon
"Thiệt tình yêu thật lòng mà không được đáp lại, chán 😶",that_vong
"đặt phòng khách sạn xong đến nơi bảo hết phòng, nói thật là kh biết làm sao 💢",gian_du
"Nghe bản nhạc cũ bỗng nhớ kỷ niệm xưa, ủa khum bt làm sao 🥀",buon
Mk yêu thật lòng mà ko đc đáp lại 💔,that_vong
hôm nay bạn thân sắp chuyển đi xa 😢,buon
"vừa lo mối quan hệ đang dần nhạt đi xong, buồn ghê 🥲",lo_au
"thiệt tình bị xe tạt nước suốt người khi đang đi đường, chán",gian_du
"ae tư vấn giúp, bị overthinking cả đêm ngủ k được thì nên làm sao ...",lo_au
"tự nhiên ngồi nhìn ra cửa sổ và nghĩ linh tinh, dạo này không biết làm sao 😐",trung_tinh
"Ae tư vấn giúp, chốt đơn thành công món đồ ao ước thì nên làm sao =))",vui
"Vừa đặt nhiều kỳ vọng vào người ấy mà họ ko quan tâm xong, vui ghê 😞",that_vong
"Vừa nhận học bổng du học xong, buồn ghê =))",vui
"vừa đồng nghiệp thân nhất vừa nghỉ việc xong, tức ghê 💔",buon
"Thiệt tình phải gánh team vì mấy đứa lười, chán",gian_du
Chời ơi đang bị chốt hợp đồng lớn sau bao ngày nỗ lực nè =)),vui
Tao dự án tâm huyết bị hủy bỏ phút chót 🥀,buon
"Thiệt tình nhìn lại năm qua thấy chẳng đạt được gì, chán 😞",buon
hôm nay pass môn khó nhất học kỳ 🎉,vui
"Dạo này đang bị ngồi uống cà phê một mình, tâm trạng bình thường nè 🙂",trung_tinh
Dạo này đang xem phim nhưng khum có cảm xúc gì mạnh ...,trung_tinh
"Vừa yêu thật lòng mà không được đáp lại xong, buồn ghê ugh",that_vong
"Thiệt tình ko vui không buồn, cứ trôi qua thôi, chán ...",trung_tinh
"Tui có kế hoạch cụ thể rồi, cảm thấy tự tin hơn",hy_vong
"Hi vọng nhiều rùi nhận kết quả ngược lại, tớ kh bt làm sao 😶",that_vong
Chời ơi đang bị cảm giác mối quan hệ đang ấm lên dần nè 🤞,hy_vong
"Vừa cố gắng cả năm nhưng không đc thăng chức xong, hy vọng ghê 🥀",buon
Nói thật là người yêu tặng quà bất ngờ 🤩,vui
"Hôm nay sợ rớt môn, ảnh hưởng học bổng ...",lo_au
"gửi CV và đang chờ kết quả phỏng vấn, tớ không biết làm sao 🤞",hy_vong
"Thiệt tình công việc ổn định, khum có gì nhiều để kể, chán 🙂",trung_tinh
"vừa cảm thấy cô đơn dù xung quanh có nhiều người xong, vui ghê 😞",buon
Dạo này gọi hotline chăm sóc khách hàng cúp máy giữa chừng,gian_du
"Hôm nay khum có gì đặc biệt lắm, dạo này không bt làm sao 😐",trung_tinh
"Crush vừa công khai ng yêu mới, nói thật là không bt làm sao 😔",buon
"vừa ng yêu tặng quà bất ngờ xong, vui ghê 😎",vui
Tui đang bị khách hàng dời lịch sát giờ khum báo trước nè 🔥,gian_du
"vừa đợi mãi một cơ hội mà nó không đến xong, vui ghê",that_vong
Tao ko về kịp gặp ng thân lần cuối 😞,buon
"Vừa bị hứa thưởng nhưng cuối năm lại không có xong, vui ghê",that_vong
"Vừa bài thi được điểm cao ngoài mong đợi xong, bình thường ghê =))",vui
"Ông bà mất, để lại khoảng trống không bù đc, ae ơi không bt làm sao 💔",buon
"thiệt tình sau thời gian dài cuối cùng đã liên lạc lại được, chán 😌",hy_vong
"ôn thi xong cảm thấy tự tin hơn nhiều, hôm nay ko biết làm sao 🌱",hy_vong
Tui sợ bị sếp đánh giá thấp trong kỳ review 😰,lo_au
"con mèo nuôi nhiều năm vừa ra đi, nói thật là khum biết làm sao 😢",buon
"ae tư vấn giúp, khách hàng gửi email khen ngợi mình thì nên làm sao 🤩",vui
"vừa ngày bình thường, làm việc rùi về xong, thất vọng ghê",trung_tinh
"Mn ơi kh vui không buồn, cứ trôi qua thôi",trung_tinh
"Tao đang bị sợ rớt môn, ảnh hưởng học bổng nè 🥲",lo_au
"Ae tư vấn giúp, ship đồ ăn thiếu món mà không chịu hoàn tiền thì nên làm sao 😡",gian_du
"Vừa đang cân nhắc chuyện đổi việc nhưng chưa quyết xong, hy vọng ghê",trung_tinh
Mn ơi bị ng thân khum ủng hộ điều mk tin tưởng,that_vong
"bắt đầu một thói quen mới và duy trì được 2 tuần rồi, dạo này không biết làm sao 🙏",hy_vong
"sau thời gian dài cuối cùng đã liên lạc lại đc, dạo này kh bt làm sao 🌱",hy_vong
Tớ đang bị đặt phòng khách sạn xong đến nơi bảo hết phòng nè 😤,gian_du
"ae tư vấn giúp, cố xây dựng điều gì đó mà bị phá vỡ một cách vô lý thì nên làm sao",that_vong
"ae tư vấn giúp, áp lực KPI tháng này cao wa thì nên làm sao 🥲",lo_au
"thiệt tình lo mối quan hệ đang dần nhạt đi, chán huhu",lo_au
"vừa sợ tỏ tình xong bị từ chối thì mất cả tình bạn xong, bình thường ghê huhu",lo_au
"ae tư vấn giúp, tìm được qán cà phê ưng ý mới thì nên làm sao ✨",vui
"Chời ơi đang bị ngồi uống cà phê một mình, tâm trạng bình thường nè 🙂",trung_tinh
Hôm nay khối lượng công việc ngập đầu khum biết bắt đầu từ đâu 🥲,lo_au
"thiệt tình ship đồ ăn thiếu món mà kh chịu hoàn tiền, chán",gian_du
"vừa đặt phòng khách sạn xong đến nơi bảo hết phòng xong, thất vọng ghê 💢",gian_du
"Nhớ người yêu cũ khi trời mưa, ae ơi không bt làm sao",buon
"Vừa bốc thăm trúng phần thưởng to xong, lo ghê =))",vui
"vừa cố gắng thay đổi bản thân mà cứ quay về điểm cũ xong, tức ghê ugh",that_vong
"Thiệt tình đang suy nghĩ về một quyết định chưa biết nên làm hay không, chán",trung_tinh
Mk xa nhà lâu quá nhớ mọi ng 🥀,buon
Ngl đang bị cảm thấy cô đơn dù xung quanh có nhiều ng nè 😞,buon
"Hôm nay có kế hoạch cụ thể rồi, cảm thấy tự tin hơn",hy_vong
Ae ơi đang bị bạn cũ từ xa về thăm bất ngờ nè,vui
"Tìm đc hướng đi rõ ràng hơn cho tương lai, tao không bt làm sao ✨",hy_vong
Tao đang bị bạn hẹn đi ăn rùi tự nhiên cancel khum lý do nè 🤬,gian_du
"vừa dự án tâm huyết bị hủy bỏ phút chót xong, buồn ghê 😢",buon
"Vừa nghĩ về tương lai thấy mông lung qá xong, lo ghê huhu",lo_au
"ae tư vấn giúp, khách hàng gửi email khen ngợi mk thì nên làm sao 🤩",vui
hôm nay bị người thân k ủng hộ điều mình tin tưởng haizzz,that_vong
Mn ơi mượn đồ lâu rùi khum trả mà còn tỏ ra bình thường 😡,gian_du
"thiệt tình lương về r, chán 🥰",vui
"Được thăng chức sau kỳ đánh giá, hôm nay khum biết làm sao 🎉",vui
"Thiệt tình bị hứa thưởng nhưng cuối năm lại kh có, chán ugh",that_vong
Ngl đang bị chốt đơn thành công món đồ ao ước nè 🤩,vui
"Vừa gặp người mới và cảm giác có điểm chung xong, vui ghê 🤞",hy_vong
"Ngl team vừa có thành viên mới giỏi, kỳ vọng cao",hy_vong
"Vừa con mèo nuôi nhiều năm vừa ra đi xong, thất vọng ghê 😔",buon
Mk đang bị chia tay xong cứ thấy trống rỗng nè haiz,buon
Hôm nay nhận học bổng du học 🎉,vui
"thiệt tình chốt đơn thành công món đồ ao ước, chán",vui
Ủa đang bị không về kịp gặp người thân lần cuối nè 🥀,buon
Tớ đang bị dc giao nhiệm vụ mới thú vị hơn nè 🌱,hy_vong
hôm nay khách hàng gửi email khen ngợi mình 😆,vui
"tài khoản cạn tiền mà tháng còn dài lắm, ae ơi không bt làm sao 😰",lo_au
"công việc ổn định, không có gì nhiều để kể, chời ơi không bt làm sao",trung_tinh
"Vừa khách hàng gửi email khen ngợi mk xong, lo ghê 🎉",vui
Mk đang bị ôn thi xong cảm thấy tự tin hơn nhiều nè 🙏,hy_vong
"Thiệt tình làm lành vs người thân sau trận cãi, chán =))",vui
"Bị kể chuyện riêng tư cho ng khác dù đã dặn giữ kín, dạo này không biết làm sao 🤬",gian_du
"Ngày bình thường, làm việc rồi về, nói thật là không biết làm sao 😐",trung_tinh
Tao đang bị đặt nhiều kỳ vọng vào người ấy mà họ ko quan tâm nè haizzz,that_vong
"bài thi được điểm cao ngoài mong đợi, dạo này không biết làm sao 🥰",vui
"thiệt tình bị người thân không ủng hộ điều mình tin tưởng, chán haizzz",that_vong
Chời ơi pass môn khó nhất học kỳ =)),vui
Hôm nay dự án tâm huyết bị hủy bỏ phút chót,buon
hôm nay bài thi được điểm cao ngoài mong đợi 🎉,vui
"vừa lo mối quan hệ đang dần nhạt đi xong, bình thường ghê 😥",lo_au
Tui đang bị vừa tìm ra phương pháp học mới hiệu quả hơn nè 🤞,hy_vong
"Vừa người yêu liên tục đến trễ mà kh xin lỗi xong, vui ghê 💢",gian_du
"cảm giác mối quan hệ đang ấm lên dần, dạo này k biết làm sao 🙏",hy_vong
"Gửi cv và đang chờ kết quả phỏng vấn, tớ ko biết làm sao ✨",hy_vong
"hôm nay sợ rớt môn, ảnh hưởng học bổng",lo_au
"đang xem phim nhưng ko có cảm xúc gì mạnh, hôm nay không bt làm sao ...",trung_tinh
"vừa taxi chặt chém gấp đôi giá lúc đang vội xong, bình thường ghê 😡",gian_du
"Hôm nay ngày bình thường, làm việc r về 🙂",trung_tinh
"Vừa đặt nhiều kỳ vọng vào người ấy mà họ k quan tâm xong, lo ghê ugh",that_vong
"vừa phải gánh team vì mấy đứa lười xong, tức ghê 🤬",gian_du
"bị đồng nghiệp nhận công của mình trước mặt sếp, nói thật là không biết làm sao 🤬",gian_du
"Vừa dự án mới bắt đầu và cảm giác rất tiềm năng xong, hy vọng ghê 🤞",hy_vong
"vừa cảm giác mối quan hệ đang ấm lên dần xong, vui ghê ✨",hy_vong
"Thiệt tình công việc ổn định, ko có gì nhiều để kể, chán",trung_tinh
"thiệt tình bị cắt mặt suýt gây tai nạn mà khum xin lỗi, chán 👊",gian_du
hôm nay khum bt người ấy có thật sự thích mình không ...,lo_au
Tao không biết mình đang đi đúng hướng không 😥,lo_au
"vừa sau giai đoạn khó khăn cảm thấy mọi thứ đang tốt lên xong, buồn ghê ✨",hy_vong
"Bốc thăm trúng phần thưởng to, trời ơi không biết làm sao 🥰",vui
"thiệt tình cố gắng cả năm nhưng kh được thăng chức, chán haiz",buon
"Vừa k biết ng ấy có thật sự thích mình không xong, lo ghê 🥲",lo_au
Tớ không bt ng ấy có thật sự thích mk không huhu,lo_au
"Làm lành vs người thân sau trận cãi, tớ không bt làm sao 🥰",vui
"Vừa đợi mãi một cơ hội mà nó ko đến xong, tức ghê ugh",that_vong
hôm nay bị hứa thưởng nhưng cuối năm lại không có 😞,that_vong
"vừa đang xem phim nhưng kh có cảm xúc gì mạnh xong, vui ghê",trung_tinh
"Ae tư vấn giúp, người yêu tặng quà bất ngờ thì nên làm sao 😆",vui
Hôm nay đang cân nhắc chuyện đổi việc nhưng chưa quyết ...,trung_tinh
"Vừa đang suy nghĩ về một quyết định chưa biết nên làm hay không xong, vui ghê 🙂",trung_tinh
Mình gọi hotline chăm sóc khách hàng cúp máy giữa chừng,gian_du
"vừa ba mẹ cứ cãi nhau và có vẻ sắp ly hôn xong, vui ghê 😔",buon
"Vừa bị cắt mặt suýt gây tai nạn mà k xin lỗi xong, bình thường ghê 🤬",gian_du
"Thiệt tình hi vọng nhiều rồi nhận kết quả ngược lại, chán 😞",that_vong
"Mk ngày bình thường, làm việc rồi về ...",trung_tinh
Ủa đang bị sợ bị sếp đánh giá thấp trong kỳ review nè 😥,lo_au
"Ủa đang bị team vừa có thành viên mới giỏi, kỳ vọng cao nè 🌱",hy_vong
"vừa đang code xong thì cúp điện mất hết xong, thất vọng ghê 😡",gian_du
"Bị kể chuyện riêng tư cho ng khác dù đã dặn giữ kín, tao không biết làm sao 😤",gian_du
"Làm đúng quy trình mà vẫn bị chỉ trích, tớ ko biết làm sao",that_vong
Mình đang code xong thì cúp điện mất hết 😡,gian_du
Tao đang bị gặp ng mới và cảm giác có điểm chung nè ✨,hy_vong
"Thiệt tình người yêu liên tục đến trễ mà kh xin lỗi, chán 👊",gian_du
Nói thật là đang bị dc thăng chức sau kỳ đánh giá nè 😎,vui
hôm nay bắt đầu một thói quen mới và duy trì dc 2 tuần r 🙏,hy_vong
"Ông bà mất, để lại khoảng trống không bù dc, ủa không biết làm sao",buon
"vừa lương về rùi xong, vui ghê 😎",vui
"ae tư vấn giúp, đang suy nghĩ về một quyết định chưa bt nên làm hay không thì nên làm sao ...",trung_tinh
Hôm nay bị overthinking cả đêm ngủ không được 🥲,lo_au
Trời ơi đang bị khối lượng công việc ngập đầu ko bt bắt đầu từ đâu nè 😰,lo_au
"thiệt tình dự án tâm huyết bị hủy bỏ phút chót, chán 😢",buon
hôm nay sắp tới deadline mà chưa làm dc gì 😥,lo_au
Tao người yêu liên tục đến trễ mà k xin lỗi 😡,gian_du
Mn ơi đang bị đợi mãi một cơ hội mà nó không đến nè,that_vong
"thiệt tình đang cân nhắc chuyện đổi việc nhưng chưa quyết, chán ...",trung_tinh
"Bạn bè lúc khó khăn thì không ai xuất hiện, chời ơi không biết làm sao 😶",that_vong
"sợ rớt môn, ảnh hưởng học bổng, tao khum biết làm sao huhu",lo_au
"vừa bị ng thân khum ủng hộ điều mk tin tưởng xong, bình thường ghê 😞",that_vong
Hôm nay đc crush rủ đi chơi cuối tuần,vui
Mn ơi đang bị cố gắng hết sức mà kết quả vẫn k như kỳ vọng nè haizzz,that_vong
Ngl bốc thăm trúng phần thưởng to ✨,vui
"Thiệt tình đặt nhiều kỳ vọng vào người ấy mà họ k quan tâm, chán",that_vong
"Vừa có kế hoạch cụ thể rùi, cảm thấy tự tin hơn xong, lo ghê 🙏",hy_vong
"Vừa bắt đầu một thói quen mới và duy trì được 2 tuần rồi xong, thất vọng ghê 🌱",hy_vong
"ae tư vấn giúp, bài thi dc điểm cao ngoài mong đợi thì nên làm sao 😆",vui
"Thiệt tình sắp trả tiền trọ mà lương chưa về, chán huhu",lo_au
"công việc ổn định, không có gì nhiều để kể, trời ơi không bt làm sao 😐",trung_tinh
"ae tư vấn giúp, sắp trả tiền trọ mà lương chưa về thì nên làm sao 😰",lo_au
Trời ơi đang bị dc thăng chức sau kỳ đánh giá nè,vui
"bị kể chuyện riêng tư cho ng khác dù đã dặn giữ kín, dạo này không bt làm sao 🔥",gian_du
Ngl đặt nhiều kỳ vọng vào người ấy mà họ không quan tâm,that_vong
"hôm nay không có gì đặc biệt lắm, ae ơi không biết làm sao 🙂",trung_tinh
Dạo này ship đồ ăn thiếu món mà ko chịu hoàn tiền,gian_du
"Khum theo kịp bài vở dạo này, mn ơi không bt làm sao huhu",lo_au
Hôm nay cảm giác mối quan hệ đang ấm lên dần 🙏,hy_vong
Tớ chia tay xong cứ thấy trống rỗng,buon
"Không về kịp gặp người thân lần cuối, tớ không bt làm sao 😢",buon
"vừa kh bt mk đang đi đúng hướng không xong, thất vọng ghê 😰",lo_au
"vừa ba mẹ cứ cãi nhau và có vẻ sắp ly hôn xong, lo ghê haiz",buon
"hai đứa vừa nói chuyện thẳng và hiểu nhau hơn, tui ko bt làm sao 🙏",hy_vong
"Cố gắng cả năm nhưng không đc thăng chức, ngl không biết làm sao 😢",buon
"Vừa đang xem phim nhưng kh có cảm xúc gì mạnh xong, lo ghê ...",trung_tinh
"Ae tư vấn giúp, hàng giao sai size mà đổ lỗi do mình đặt nhầm thì nên làm sao 🔥",gian_du
"Ae tư vấn giúp, hôm nay k có gì đặc biệt lắm thì nên làm sao ...",trung_tinh
"ae tư vấn giúp, tìm đc quán cà phê ưng ý mới thì nên làm sao 🤩",vui
Tớ đang bị dự án tâm huyết bị hủy bỏ phút chót nè 😢,buon
"thiệt tình tìm đc wan cà phê ưng ý mới, chán =))",vui
"Tìm được hướng đi rõ ràng hơn cho tương lai, tui k bt làm sao ✨",hy_vong
Hôm nay mượn đồ lâu rùi ko trả mà còn tỏ ra bình thường 👊,gian_du
"Thiệt tình cảm thấy cô đơn dù xung quanh có nhiều người, chán haiz",buon
"Ae tư vấn giúp, đang xem phim nhưng ko có cảm xúc gì mạnh thì nên làm sao 😐",trung_tinh
"Trời ơi công việc ổn định, không có gì nhiều để kể",trung_tinh
"Ae tư vấn giúp, làm đúng quy trình mà vẫn bị chỉ trích thì nên làm sao 😶",that_vong
"Đợi mãi một cơ hội mà nó k đến, dạo này không bt làm sao ugh",that_vong
"Vừa lo mối quan hệ đang dần nhạt đi xong, bình thường ghê huhu",lo_au
"Vừa bị đồng nghiệp nhận công của mình trước mặt sếp xong, hy vọng ghê 🤬",gian_du
Ae ơi pass môn khó nhất học kỳ 😆,vui
Tui đang bị hi vọng nhiều rồi nhận kết quả ngược lại nè 😞,that_vong
"vừa xa nhà lâu quá nhớ mọi người xong, hy vọng ghê",buon
Mình đang bị sau thời gian dài cuối cùng đã liên lạc lại được nè ✨,hy_vong
"vừa hôm nay đi đường không tắc, đến nơi sớm xong, buồn ghê 🥰",vui
"Thiệt tình ông bà mất, để lại khoảng trống khum bù được, chán 😔",buon
"bị cắt mặt suýt gây tai nạn mà không xin lỗi, ủa không bt làm sao 😤",gian_du
"Vừa được giao nhiệm vụ mới thú vị hơn xong, buồn ghê",hy_vong
"Vừa hàng giao sai size mà đổ lỗi do mình đặt nhầm xong, thất vọng ghê 👊",gian_du
"vừa sếp khen project mới trước toàn công ty xong, vui ghê =))",vui
"Lo bảo vệ luận văn bị giáo viên phản biện nặng, chời ơi khum bt làm sao 😥",lo_au
"vừa hàng giao sai size mà đổ lỗi do mình đặt nhầm xong, tức ghê 💢",gian_du
Chời ơi nộp hồ sơ học bổng và đang chờ kết quả 🤞,hy_vong
"Thất bại lần này sau khi đã chuẩn bị rất kỹ, chời ơi kh biết làm sao 😶",that_vong
"Đang cân nhắc chuyện đổi việc nhưng chưa quyết, mn ơi không biết làm sao 🙂",trung_tinh
hôm nay hi vọng nhiều rồi nhận kết quả ngược lại 💔,that_vong
"Cố gắng hết sức mà kết quả vẫn không như kỳ vọng, mn ơi không bt làm sao 💔",that_vong
"vừa cố xây dựng điều gì đó mà bị phá vỡ một cách vô lý xong, lo ghê 💔",that_vong
"Nhận học bổng du học, ủa khum biết làm sao =))",vui
"Ae tư vấn giúp, chốt hợp đồng lớn sau bao ngày nỗ lực thì nên làm sao =))",vui
"Hàng giao sai size mà đổ lỗi do mình đặt nhầm, ủa k biết làm sao",gian_du
"vừa được chọn vào đội tuyển nghiên cứu xong, lo ghê =))",vui
Hôm nay đang bị sắp trả tiền trọ mà lương chưa về nè 😰,lo_au
"Thiệt tình sau thời gian dài cuối cùng đã liên lạc lại đc, chán 🙏",hy_vong
Tao dc chọn vào đội tuyển nghiên cứu 😆,vui
Chời ơi đang bị ôn thi xong cảm thấy tự tin hơn nhiều nè 😌,hy_vong
Trời ơi k theo kịp bài vở dạo này 😥,lo_au
"vừa làm đúng quy trình mà vẫn bị chỉ trích xong, buồn ghê 😞",that_vong
"thiệt tình bắt đầu một thói quen mới và duy trì được 2 tuần rùi, chán ✨",hy_vong
"khối lượng công việc ngập đầu không biết bắt đầu từ đâu, mn ơi không biết làm sao ...",lo_au
"Làm lành với ng thân sau trận cãi, tui ko bt làm sao",vui
Tui đang bị lương về rồi nè 😆,vui
"ae tư vấn giúp, sau thời gian dài cuối cùng đã liên lạc lại được thì nên làm sao 😌",hy_vong
"vừa cố xây dựng điều gì đó mà bị phá vỡ một cách vô lý xong, thất vọng ghê haizzz",that_vong
"Bạn bè lúc khó khăn thì khum ai xuất hiện, ae ơi không bt làm sao 😶",that_vong
Hôm nay đang bị được thăng chức sau kỳ đánh giá nè,vui
"ae tư vấn giúp, làm lành vs người thân sau trận cãi thì nên làm sao 🤩",vui
"sau giai đoạn khó khăn cảm thấy mọi thứ đang tốt lên, dạo này kh biết làm sao 😌",hy_vong
"hôm nay ngồi uống cà phê một mk, tâm trạng bình thường ...",trung_tinh
Chời ơi đang bị tự nhiên ngồi nhìn ra cửa sổ và nghĩ linh tinh nè 🙂,trung_tinh
Hôm nay gọi hotline chăm sóc khách hàng cúp máy giữa chừng 😡,gian_du
Ủa đang bị vừa tìm ra phương pháp học mới hiệu quả hơn nè 🌱,hy_vong
hôm nay gửi CV và đang chờ kết quả phỏng vấn,hy_vong
"vừa cố gắng thay đổi bản thân mà cứ quay về điểm cũ xong, thất vọng ghê 😞",that_vong
"thiệt tình khum theo kịp bài vở dạo này, chán ...",lo_au
"Ae tư vấn giúp, tin vào người mà cuối cùng bị lừa dối thì nên làm sao",that_vong
Hôm nay chưa học chữ nào mà mai thi rồi,lo_au
Tao đang bị ôn thi xong cảm thấy tự tin hơn nhiều nè ✨,hy_vong
Dạo này đang bị đặt nhiều kỳ vọng vào người ấy mà họ ko quan tâm nè 😞,that_vong
Nói thật là đang bị nộp hồ sơ học bổng và đang chờ kết quả nè 😌,hy_vong
"vừa nộp hồ sơ học bổng và đang chờ kết quả xong, bình thường ghê 🌱",hy_vong
"không biết ng ấy có thật sự thích mình không, hôm nay không biết làm sao 😰",lo_au
"vừa nhớ người yêu cũ khi trời mưa xong, hy vọng ghê 😢",buon
"Vừa ship đồ ăn thiếu món mà ko chịu hoàn tiền xong, buồn ghê 😤",gian_du
"ae tư vấn giúp, đang suy nghĩ về một quyết định chưa bt nên làm hay ko thì nên làm sao 🙂",trung_tinh
"Cảm thấy cô đơn dù xung quanh có nhiều ng, tui không biết làm sao 💔",buon
"Ae tư vấn giúp, bị hứa thưởng nhưng cuối năm lại ko có thì nên làm sao 💔",that_vong
Chời ơi dự án mới bắt đầu và cảm giác rất tiềm năng ✨,hy_vong
"thiệt tình sếp ép deadline vô lý k có lý do, chán 👊",gian_du
hôm nay tìm được hướng đi rõ ràng hơn cho tương lai 🙏,hy_vong
Nói thật là ôn thi xong cảm thấy tự tin hơn nhiều 🙏,hy_vong
"Ae tư vấn giúp, sợ tỏ tình xong bị từ chối thì mất cả tình bạn thì nên làm sao huhu",lo_au
"vừa chốt hợp đồng lớn sau bao ngày nỗ lực xong, vui ghê =))",vui
"ae tư vấn giúp, không biết mk đang đi đúng hướng không thì nên làm sao",lo_au
Hôm nay khách hàng gửi email khen ngợi mình =)),vui
"Thiệt tình gọi hotline chăm sóc khách hàng cúp máy giữa chừng, chán 👊",gian_du
"Đang cân nhắc chuyện đổi việc nhưng chưa quyết, mk không biết làm sao",trung_tinh
"vừa tự nhiên ngồi nhìn ra cửa sổ và nghĩ linh tinh xong, hy vọng ghê ...",trung_tinh
Chời ơi đang bị đặt mục tiêu cho năm này mà chẳng đạt đc gì nè 😞,that_vong
"vừa team vừa có thành viên mới giỏi, kỳ vọng cao xong, hy vọng ghê",hy_vong
"Bạn bè lúc khó khăn thì khum ai xuất hiện, mk không biết làm sao ugh",that_vong
"Sếp ép deadline vô lý khum có lý do, nói thật là không biết làm sao 🔥",gian_du
Ủa k bt mình có đủ năng lực cho vị trí mới không,lo_au
"Tự nhiên ngồi nhìn ra cửa sổ và nghĩ linh tinh, hôm nay kh bt làm sao ...",trung_tinh
Mn ơi được thăng chức sau kỳ đánh giá,vui
"Hai đứa vừa nói chuyện thẳng và hiểu nhau hơn, mình kh biết làm sao ✨",hy_vong
Ae ơi taxi chặt chém gấp đôi giá lúc đang vội 💢,gian_du
Hôm nay đang xem phim nhưng khum có cảm xúc gì mạnh ...,trung_tinh
"Hôm nay hôm nay đi đường không tắc, đến nơi sớm =))",vui
Ủa người yêu tặng quà bất ngờ 😎,vui
Hôm nay bị xe tạt nước suốt người khi đang đi đường 😡,gian_du
"vừa mượn đồ lâu r khum trả mà còn tỏ ra bình thường xong, tức ghê 👊",gian_du
hôm nay sau giai đoạn khó khăn cảm thấy mọi thứ đang tốt lên 🙏,hy_vong
"không biết ng ấy có thật sự thích mình không, trời ơi không biết làm sao ...",lo_au
hôm nay đặt nhiều kỳ vọng vào ng ấy mà họ khum quan tâm 😞,that_vong
"Ae tư vấn giúp, đang xem phim nhưng k có cảm xúc gì mạnh thì nên làm sao ...",trung_tinh
"Mn ơi ngồi uống cà phê một mình, tâm trạng bình thường",trung_tinh
Nói thật là nộp hồ sơ học bổng và đang chờ kết quả 🌱,hy_vong
Mn ơi chưa học chữ nào mà mai thi rùi 😱,lo_au
"Áp lực kpi tháng này cao quá, ủa khum biết làm sao 😥",lo_au
"ae tư vấn giúp, sau giai đoạn khó khăn cảm thấy mọi thứ đang tốt lên thì nên làm sao 🙏",hy_vong
"Vừa gọi hotline chăm sóc khách hàng cúp máy giữa chừng xong, thất vọng ghê",gian_du
Nói thật là đang bị áp lực kpi tháng này cao quá nè 😱,lo_au
"Thiệt tình yêu thật lòng mà không đc đáp lại, chán",that_vong
"Vừa nhìn lại năm qua thấy chẳng đạt được gì xong, vui ghê",buon
Mk đang bị nghĩ về tương lai thấy mông lung quá nè,lo_au
"vừa ngồi uống cà phê một mình, tâm trạng bình thường xong, vui ghê ...",trung_tinh
Nói thật là bạn hẹn đi ăn rồi tự nhiên cancel không lý do 👊,gian_du
"Trời ơi đang bị không vui không buồn, cứ trôi qua thôi nè 🙂",trung_tinh
"ae tư vấn giúp, làm lành với người thân sau trận cãi thì nên làm sao 😎",vui
Chời ơi tài khoản cạn tiền mà tháng còn dài lắm ...,lo_au
Tao lương về rùi,vui
Chời ơi sợ tỏ tình xong bị từ chối thì mất cả tình bạn 🥲,lo_au
Dạo này chốt hợp đồng lớn sau bao ngày nỗ lực 🤩,vui
Tui đang bị ng yêu liên tục đến trễ mà khum xin lỗi nè 🤬,gian_du
"bị overthinking cả đêm ngủ ko đc, ngl không bt làm sao 😱",lo_au
"Nghĩ về tương lai thấy mông lung qá, hôm nay ko bt làm sao 😥",lo_au
"khách hàng dời lịch sát giờ ko báo trước, ae ơi không biết làm sao 😤",gian_du
Hôm nay k biết ng ấy có thật sự thích mình không huhu,lo_au
"Thiệt tình bị overthinking cả đêm ngủ ko được, chán 😥",lo_au
Ủa đang bị không về kịp gặp ng thân lần cuối nè 💔,buon
hôm nay hàng giao sai size mà đổ lỗi do mk đặt nhầm 😡,gian_du
"vừa tự nhiên ngồi nhìn ra cửa sổ và nghĩ linh tinh xong, vui ghê ...",trung_tinh
"Dự án tâm huyết bị hủy bỏ phút chót, mn ơi không bt làm sao 💔",buon
Mk khum về kịp gặp người thân lần cuối 😞,buon
"Ae tư vấn giúp, hôm nay đi đường k tắc, đến nơi sớm thì nên làm sao ✨",vui
Mình ko biết mình đang đi đúng hướng không 🥲,lo_au
Hôm nay chưa học chữ nào mà mai thi rồi huhu,lo_au
"Nói thật là ngồi uống cà phê một mk, tâm trạng bình thường 🙂",trung_tinh
"vừa cố gắng cả năm nhưng không được thăng chức xong, tức ghê",buon
"Sợ tỏ tình xong bị từ chối thì mất cả tình bạn, ủa khum biết làm sao huhu",lo_au
"Vừa tìm đc hướng đi rõ ràng hơn cho tương lai xong, tức ghê 🤞",hy_vong
Chời ơi đang bị cố xây dựng điều gì đó mà bị phá vỡ một cách vô lý nè haizzz,that_vong
Mình bị hứa thưởng nhưng cuối năm lại khum có 💔,that_vong
"Thiệt tình nghĩ về tương lai thấy mông lung quá, chán 😥",lo_au
Hôm nay đang bị sắp tới deadline mà chưa làm dc gì nè 😥,lo_au
Hôm nay bị xe tạt nước suốt ng khi đang đi đường 😡,gian_du
Hôm nay cố gắng cả năm nhưng không được thăng chức haiz,buon
"thiệt tình bị hứa thưởng nhưng cuối năm lại không có, chán 💔",that_vong
"Vừa gửi cv và đang chờ kết quả phỏng vấn xong, bình thường ghê 😌",hy_vong
Trời ơi đang bị người yêu tặng quà bất ngờ nè ✨,vui
"Ae tư vấn giúp, đc chọn vào đội tuyển nghiên cứu thì nên làm sao 🎉",vui
"thiệt tình đc thăng chức sau kỳ đánh giá, chán",vui
Tao bạn cũ từ xa về thăm bất ngờ 🤩,vui
hôm nay cố gắng hết sức mà kết quả vẫn khum như kỳ vọng,that_vong
"ae tư vấn giúp, ngồi uống cà phê một mk, tâm trạng bình thường thì nên làm sao",trung_tinh
Tớ đang bị xa nhà lâu wa nhớ mọi người nè 🥀,buon
"thiệt tình đặt mục tiêu cho năm này mà chẳng đạt dc gì, chán",that_vong
"thiệt tình đặt nhiều kỳ vọng vào người ấy mà họ không quan tâm, chán",that_vong
Mình đang bị đang xem phim nhưng không có cảm xúc gì mạnh nè,trung_tinh
Hôm nay đặt nhiều kỳ vọng vào người ấy mà họ không quan tâm haizzz,that_vong
"Thiệt tình sau giai đoạn khó khăn cảm thấy mọi thứ đang tốt lên, chán 🙏",hy_vong
"Ae tư vấn giúp, ôn thi xong cảm thấy tự tin hơn nhiều thì nên làm sao 🤞",hy_vong
Ngl đang bị đặt phòng khách sạn xong đến nơi bảo hết phòng nè 💢,gian_du
Mk đang bị nhận học bổng du học nè ✨,vui
Dạo này tìm đc hướng đi rõ ràng hơn cho tương lai 🤞,hy_vong
"ae tư vấn giúp, nghĩ về tương lai thấy mông lung quá thì nên làm sao",lo_au
"Vừa hi vọng nhiều r nhận kết quả ngược lại xong, thất vọng ghê 💔",that_vong
Mn ơi lo bảo vệ luận văn bị giáo viên phản biện nặng 😰,lo_au
"Tìm dc wan cà phê ưng ý mới, chời ơi không biết làm sao 🥰",vui
"Sau giai đoạn khó khăn cảm thấy mọi thứ đang tốt lên, mk không biết làm sao 🤞",hy_vong
"vừa không biết mình đang đi đúng hướng không xong, bình thường ghê 🥲",lo_au
"Bốc thăm trúng phần thưởng to, trời ơi không bt làm sao 🤩",vui
Ae ơi đang bị bạn thân sắp chuyển đi xa nè 💔,buon
"ae tư vấn giúp, k theo kịp bài vở dạo này thì nên làm sao 🥲",lo_au
"thiệt tình tin vào ng mà cuối cùng bị lừa dối, chán ugh",that_vong
"ae tư vấn giúp, chưa học chữ nào mà mai thi rồi thì nên làm sao huhu",lo_au
hôm nay gặp ng mới và cảm giác có điểm chung 🤞,hy_vong
"Vừa ôn thi xong cảm thấy tự tin hơn nhiều xong, buồn ghê",hy_vong
Ủa bị overthinking cả đêm ngủ không được 😥,lo_au
"làm lành với ng thân sau trận cãi, ae ơi ko biết làm sao",vui
"cố xây dựng điều gì đó mà bị phá vỡ một cách vô lý, mình kh bt làm sao",that_vong
"Thiệt tình hôm nay khum có gì đặc biệt lắm, chán",trung_tinh
"ae tư vấn giúp, lương về rùi thì nên làm sao =))",vui
"Vừa yêu thật lòng mà kh dc đáp lại xong, thất vọng ghê",that_vong
"thiệt tình bị người thân không ủng hộ điều mình tin tưởng, chán ugh",that_vong
"ae tư vấn giúp, nghe bản nhạc cũ bỗng nhớ kỷ niệm xưa thì nên làm sao 😢",buon
"Vừa sợ rớt môn, ảnh hưởng học bổng xong, hy vọng ghê",lo_au
"Tao đang bị công việc ổn định, không có gì nhiều để kể nè 😐",trung_tinh
Mn ơi bị đồng nghiệp nhận công của mk trước mặt sếp,gian_du
"Được chọn vào đội tuyển nghiên cứu, nói thật là ko biết làm sao =))",vui
"vừa bị hứa thưởng nhưng cuối năm lại không có xong, lo ghê 💔",that_vong
"Vừa hi vọng nhiều rồi nhận kết quả ngược lại xong, bình thường ghê haizzz",that_vong
"hi vọng nhiều rồi nhận kết quả ngược lại, chời ơi kh biết làm sao 😶",that_vong
"Ae tư vấn giúp, bạn bè lúc khó khăn thì khum ai xuất hiện thì nên làm sao",that_vong
"Ae tư vấn giúp, gặp ng mới và cảm giác có điểm chung thì nên làm sao 🙏",hy_vong
"Chốt hợp đồng lớn sau bao ngày nỗ lực, chời ơi không bt làm sao 😆",vui
"vừa ship đồ ăn thiếu món mà không chịu hoàn tiền xong, tức ghê 💢",gian_du
Tao đặt nhiều kỳ vọng vào người ấy mà họ không quan tâm haizzz,that_vong
Ae ơi không bt người ấy có thật sự thích mk không 😰,lo_au
Chời ơi đợi mãi một cơ hội mà nó ko đến haizzz,that_vong
Ae ơi đang bị khách hàng gửi email khen ngợi mk nè 😎,vui
hôm nay tìm dc hướng đi rõ ràng hơn cho tương lai ✨,hy_vong
hôm nay đợi mãi một cơ hội mà nó ko đến ugh,that_vong
Dạo này đang bị mượn đồ lâu rùi không trả mà còn tỏ ra bình thường nè 🔥,gian_du
"ae tư vấn giúp, ông bà mất, để lại khoảng trống khum bù được thì nên làm sao haiz",buon
"thiệt tình làm lành vs người thân sau trận cãi, chán 😎",vui
"ae tư vấn giúp, hôm nay họp nhiều, k có gì nổi bật thì nên làm sao 😐",trung_tinh
"ae tư vấn giúp, sợ bị sếp đánh giá thấp trong kỳ review thì nên làm sao",lo_au
hôm nay khối lượng công việc ngập đầu không biết bắt đầu từ đâu ...,lo_au
Tớ đang bị bạn hẹn đi ăn r tự nhiên cancel kh lý do nè 🔥,gian_du
"vừa chốt đơn thành công món đồ ao ước xong, buồn ghê 🥰",vui
"sắp tới deadline mà chưa làm dc gì, mn ơi k biết làm sao 😱",lo_au
Hôm nay nghĩ về tương lai thấy mông lung qá ...,lo_au
Nói thật là khối lượng công việc ngập đầu không bt bắt đầu từ đâu,lo_au
"vừa vừa tìm ra phương pháp học mới hiệu quả hơn xong, tức ghê",hy_vong
"Vừa con mèo nuôi nhiều năm vừa ra đi xong, lo ghê 😢",buon
"bị kể chuyện riêng tư cho người khác dù đã dặn giữ kín, nói thật là kh biết làm sao 💢",gian_du
"Thiệt tình công việc ổn định, kh có gì nhiều để kể, chán",trung_tinh
Ae ơi đang bị hi vọng nhiều rồi nhận kết quả ngược lại nè,that_vong
"thiệt tình bị xe tạt nước suốt ng khi đang đi đường, chán 🤬",gian_du
hôm nay kh bt mk đang đi đúng hướng không 😰,lo_au
"Thiệt tình k vui không buồn, cứ trôi qua thôi, chán 😐",trung_tinh
"Lo bảo vệ luận văn bị giáo viên phản biện nặng, mn ơi không bt làm sao huhu",lo_au
"Ae tư vấn giúp, mượn đồ lâu rồi không trả mà còn tỏ ra bình thường thì nên làm sao 😡",gian_du
Ae ơi đang bị bắt đầu một thói quen mới và duy trì dc 2 tuần rồi nè 🙏,hy_vong
"Vừa không về kịp gặp người thân lần cuối xong, buồn ghê haiz",buon
"ae tư vấn giúp, bị cắt mặt suýt gây tai nạn mà không xin lỗi thì nên làm sao 💢",gian_du
Mk đang bị sếp khen project mới trước toàn công ty nè 🥰,vui
Tui đang bị làm đúng quy trình mà vẫn bị chỉ trích nè 💔,that_vong
Trời ơi sợ bị sếp đánh giá thấp trong kỳ review ...,lo_au
"Vừa ko biết mk đang đi đúng hướng không xong, bình thường ghê 😥",lo_au
Chời ơi vừa tìm ra phương pháp học mới hiệu quả hơn 🤞,hy_vong
Dạo này đang bị nghĩ về tương lai thấy mông lung quá nè 😥,lo_au
"lương về rùi, mk không biết làm sao",vui
"thiệt tình khum biết người ấy có thật sự thích mk không, chán 😱",lo_au
"Thiệt tình khách hàng gửi email khen ngợi mk, chán ✨",vui
"Ôn thi xong cảm thấy tự tin hơn nhiều, tao không bt làm sao 🙏",hy_vong
"Mình hôm nay đi đường kh tắc, đến nơi sớm 🤩",vui
Ae ơi tìm đc wan cà phê ưng ý mới =)),vui
"ko bt mình có đủ năng lực cho vị trí mới không, ủa không biết làm sao 😰",lo_au
"Vừa kh vui không buồn, cứ trôi qua thôi xong, vui ghê",trung_tinh
"Ae tư vấn giúp, ngồi uống cà phê một mk, tâm trạng bình thường thì nên làm sao ...",trung_tinh
"vừa nghe bản nhạc cũ bỗng nhớ kỷ niệm xưa xong, tức ghê 💔",buon
hôm nay k theo kịp bài vở dạo này huhu,lo_au
Ae ơi đang bị vừa đọc xong một bài viết thú vị nè 😐,trung_tinh
"Khum theo kịp bài vở dạo này, tui không bt làm sao 😰",lo_au
Tao đang bị người yêu liên tục đến trễ mà không xin lỗi nè 🔥,gian_du
"vừa xa nhà lâu wa nhớ mọi người xong, buồn ghê",buon
Mk đang bị xa nhà lâu wa nhớ mọi người nè 😔,buon
"thiệt tình sợ bị sếp đánh giá thấp trong kỳ review, chán huhu",lo_au
"chia tay xong cứ thấy trống rỗng, nói thật là không biết làm sao 💔",buon
"thiệt tình xa nhà lâu wa nhớ mọi người, chán 💔",buon
"ae tư vấn giúp, bạn cũ từ xa về thăm bất ngờ thì nên làm sao 😆",vui
"nhìn lại năm qua thấy chẳng đạt được gì, trời ơi không bt làm sao 😞",buon
"Vừa cố gắng cả năm nhưng không dc thăng chức xong, bình thường ghê 😞",buon
Ae ơi đang bị chưa học chữ nào mà mai thi rồi nè 😥,lo_au
"taxi chặt chém gấp đôi giá lúc đang vội, mn ơi không biết làm sao 🤬",gian_du
Ngl vừa đọc xong một bài viết thú vị,trung_tinh
Hôm nay ship đồ ăn thiếu món mà không chịu hoàn tiền 😤,gian_du
"Vừa ba mẹ cứ cãi nhau và có vẻ sắp ly hôn xong, tức ghê 😞",buon
"Có kế hoạch cụ thể r, cảm thấy tự tin hơn, ae ơi không bt làm sao 🌱",hy_vong
Ủa đang bị sợ tỏ tình xong bị từ chối thì mất cả tình bạn nè ...,lo_au
hôm nay ba mẹ cứ cãi nhau và có vẻ sắp ly hôn 😢,buon
Trời ơi đang bị sếp ép deadline vô lý khum có lý do nè 💢,gian_du
"thiệt tình bạn bè lúc khó khăn thì không ai xuất hiện, chán 💔",that_vong
Tớ đang bị ôn thi xong cảm thấy tự tin hơn nhiều nè 😌,hy_vong
"vừa dự án tâm huyết bị hủy bỏ phút chót xong, bình thường ghê 😢",buon
Mk khách hàng dời lịch sát giờ không báo trước 👊,gian_du
Dạo này sau giai đoạn khó khăn cảm thấy mọi thứ đang tốt lên 🌱,hy_vong
"Ng yêu tặng quà bất ngờ, mk ko bt làm sao",vui
Mn ơi đang bị tài khoản cạn tiền mà tháng còn dài lắm nè,lo_au
"vừa mượn đồ lâu rồi không trả mà còn tỏ ra bình thường xong, thất vọng ghê",gian_du
"Vừa team vừa có thành viên mới giỏi, kỳ vọng cao xong, bình thường ghê 🙏",hy_vong
Tui đang bị bạn thân sắp chuyển đi xa nè 💔,buon
"sắp trả tiền trọ mà lương chưa về, dạo này không bt làm sao 😱",lo_au
"Thiệt tình tin vào người mà cuối cùng bị lừa dối, chán 😞",that_vong
"chia tay xong cứ thấy trống rỗng, tao k bt làm sao haiz",buon
"Bạn bè lúc khó khăn thì khum ai xuất hiện, mn ơi không bt làm sao 😞",that_vong
"thiệt tình không biết mình có đủ năng lực cho vị trí mới không, chán",lo_au
Chời ơi đang bị gọi hotline chăm sóc khách hàng cúp máy giữa chừng nè,gian_du
Nói thật là đang bị yêu thật lòng mà không dc đáp lại nè ugh,that_vong
"Ngày bình thường, làm việc r về, mn ơi khum biết làm sao",trung_tinh
"Vừa bạn bè lúc khó khăn thì k ai xuất hiện xong, hy vọng ghê ugh",that_vong
"thiệt tình team vừa có thành viên mới giỏi, kỳ vọng cao, chán",hy_vong
Dạo này gặp người mới và cảm giác có điểm chung ✨,hy_vong
hôm nay tự nhiên ngồi nhìn ra cửa sổ và nghĩ linh tinh 🙂,trung_tinh
"Vừa k biết mk có đủ năng lực cho vị trí mới không xong, bình thường ghê 😥",lo_au
Ae ơi cố gắng cả năm nhưng không được thăng chức 🥀,buon
Ngl sợ tỏ tình xong bị từ chối thì mất cả tình bạn huhu,lo_au
"vừa chốt đơn thành công món đồ ao ước xong, buồn ghê =))",vui
"Hôm nay ngày bình thường, làm việc rùi về 🙂",trung_tinh
Ủa ba mẹ cứ cãi nhau và có vẻ sắp ly hôn haiz,buon
hôm nay sắp tới deadline mà chưa làm đc gì 🥲,lo_au
Mk đang bị được crush rủ đi chơi cuối tuần nè ✨,vui
"vừa người yêu liên tục đến trễ mà không xin lỗi xong, buồn ghê 🤬",gian_du
"Vừa được crush rủ đi chơi cuối tuần xong, thất vọng ghê ✨",vui
Ae ơi crush vừa công khai ng yêu mới 🥀,buon
"Vừa đc thăng chức sau kỳ đánh giá xong, lo ghê ✨",vui
"Sếp ép deadline vô lý không có lý do, dạo này không biết làm sao 😤",gian_du
"ba mẹ cứ cãi nhau và có vẻ sắp ly hôn, trời ơi ko bt làm sao 💔",buon
"Sắp tới deadline mà chưa làm đc gì, mk không biết làm sao 🥲",lo_au
"Thiệt tình đang code xong thì cúp điện mất hết, chán 🤬",gian_du
"sếp khen project mới trước toàn công ty, nói thật là khum bt làm sao 🥰",vui
"ae tư vấn giúp, đang suy nghĩ về một quyết định chưa biết nên làm hay không thì nên làm sao",trung_tinh
Nói thật là khối lượng công việc ngập đầu không biết bắt đầu từ đâu 😰,lo_au
"vừa khách hàng gửi email khen ngợi mk xong, vui ghê",vui
"thiệt tình dự án mới bắt đầu và cảm giác rất tiềm năng, chán ✨",hy_vong
"Vừa con mèo nuôi nhiều năm vừa ra đi xong, bình thường ghê 💔",buon
"Ngl hôm nay họp nhiều, không có gì nổi bật 🙂",trung_tinh
"Ae tư vấn giúp, cố gắng hết sức mà kết quả vẫn khum như kỳ vọng thì nên làm sao 💔",that_vong
Ngl gặp người mới và cảm giác có điểm chung 😌,hy_vong
Mn ơi sếp ép deadline vô lý không có lý do 🔥,gian_du
"Mình ngồi uống cà phê một mình, tâm trạng bình thường",trung_tinh
"vừa áp lực KPI tháng này cao quá xong, buồn ghê 😰",lo_au
hôm nay bốc thăm trúng phần thưởng to 🎉,vui
"Chốt hợp đồng lớn sau bao ngày nỗ lực, nói thật là không bt làm sao",vui
Hôm nay xa nhà lâu quá nhớ mọi người 😔,buon
"vừa sợ rớt môn, ảnh hưởng học bổng xong, buồn ghê 🥲",lo_au
Hôm nay nộp hồ sơ học bổng và đang chờ kết quả 🤞,hy_vong
hôm nay lương về rùi,vui
"gọi hotline chăm sóc khách hàng cúp máy giữa chừng, tao không biết làm sao 💢",gian_du
"Thiệt tình bị người thân không ủng hộ điều mk tin tưởng, chán 😞",that_vong
"ae tư vấn giúp, cố gắng cả năm nhưng không đc thăng chức thì nên làm sao 💔",buon
"Gặp người mới và cảm giác có điểm chung, chời ơi không biết làm sao 🤞",hy_vong
"Ae tư vấn giúp, chưa học chữ nào mà mai thi rồi thì nên làm sao ...",lo_au
Mn ơi đang bị mượn đồ lâu rồi không trả mà còn tỏ ra bình thường nè 💢,gian_du
"hôm nay công việc ổn định, không có gì nhiều để kể 😐",trung_tinh
"Chia tay xong cứ thấy trống rỗng, mk k biết làm sao 😢",buon
"ae tư vấn giúp, tin tưởng đồng nghiệp mà bị phản bội thì nên làm sao ugh",that_vong
Dạo này sếp khen project mới trước toàn công ty 🤩,vui
"Khách hàng dời lịch sát giờ ko báo trước, ngl không biết làm sao 😡",gian_du
Mn ơi bạn bè lúc khó khăn thì khum ai xuất hiện,that_vong
"Ae ơi đang bị sợ rớt môn, ảnh hưởng học bổng nè 😥",lo_au
Ngl đang bị xa nhà lâu quá nhớ mọi ng nè 😔,buon
"Thiệt tình tìm dc hướng đi rõ ràng hơn cho tương lai, chán ✨",hy_vong
"Ae tư vấn giúp, bị ng thân kh ủng hộ điều mình tin tưởng thì nên làm sao 😶",that_vong
"Mọi thứ dạo này cứ xui xẻo liên tục, nói thật là không biết làm sao 😞",buon
Trời ơi đang bị sau giai đoạn khó khăn cảm thấy mọi thứ đang tốt lên nè,hy_vong
Tớ đang bị cố gắng hết sức mà kết quả vẫn không như kỳ vọng nè 💔,that_vong
hôm nay bắt đầu một thói quen mới và duy trì dc 2 tuần rùi 🤞,hy_vong
Nói thật là đang bị bị hứa thưởng nhưng cuối năm lại không có nè 😞,that_vong
"vừa nhớ ng yêu cũ khi trời mưa xong, thất vọng ghê 😔",buon
"chốt đơn thành công món đồ ao ước, tao không biết làm sao 🥰",vui
"ae tư vấn giúp, nhận học bổng du học thì nên làm sao =))",vui
Dạo này đang bị bị xe tạt nước suốt ng khi đang đi đường nè 🔥,gian_du
"Tao có kế hoạch cụ thể rồi, cảm thấy tự tin hơn",hy_vong
"Ae tư vấn giúp, sắp tới deadline mà chưa làm đc gì thì nên làm sao huhu",lo_au
"ae tư vấn giúp, không về kịp gặp ng thân lần cuối thì nên làm sao haiz",buon
Ae ơi đang bị gặp người mới và cảm giác có điểm chung nè 🤞,hy_vong
"Đang cân nhắc chuyện đổi việc nhưng chưa quyết, tui kh biết làm sao 😐",trung_tinh
hôm nay hi vọng nhiều r nhận kết quả ngược lại 😞,that_vong
Tao gặp ng mới và cảm giác có điểm chung 🙏,hy_vong
Tui bài thi đc điểm cao ngoài mong đợi =)),vui
"Thiệt tình cảm thấy cô đơn dù xung quanh có nhiều người, chán 😢",buon
Mn ơi khách hàng dời lịch sát giờ không báo trước 😡,gian_du
Hôm nay không biết người ấy có thật sự thích mk không,lo_au
"vừa cố gắng cả năm nhưng k được thăng chức xong, buồn ghê 😞",buon
"Mình đang bị công việc ổn định, không có gì nhiều để kể nè 😐",trung_tinh
"vừa tài khoản cạn tiền mà tháng còn dài lắm xong, hy vọng ghê 😰",lo_au
Hôm nay mượn đồ lâu rồi k trả mà còn tỏ ra bình thường,gian_du
"vừa đang cân nhắc chuyện đổi việc nhưng chưa quyết xong, lo ghê",trung_tinh
"Thiệt tình gặp người mới và cảm giác có điểm chung, chán 🙏",hy_vong
"thiệt tình lương về rồi, chán 🥰",vui
"Mk đang bị team vừa có thành viên mới giỏi, kỳ vọng cao nè",hy_vong
Tớ ship đồ ăn thiếu món mà kh chịu hoàn tiền 💢,gian_du
"Ae tư vấn giúp, bị xe tạt nước suốt ng khi đang đi đường thì nên làm sao 👊",gian_du
"ba mẹ cứ cãi nhau và có vẻ sắp ly hôn, nói thật là không biết làm sao 😞",buon
"thiệt tình chia tay xong cứ thấy trống rỗng, chán 😢",buon
"Vừa xa nhà lâu quá nhớ mọi người xong, vui ghê 😞",buon
"sau thời gian dài cuối cùng đã liên lạc lại được, tao k bt làm sao ✨",hy_vong
Tao phải gánh team vì mấy đứa lười 🤬,gian_du
"Cố gắng thay đổi bản thân mà cứ quay về điểm cũ, ae ơi k biết làm sao",that_vong
"Sếp ép deadline vô lý không có lý do, mn ơi không biết làm sao 💢",gian_du
"vừa bài thi dc điểm cao ngoài mong đợi xong, hy vọng ghê 🤩",vui
"Vừa sếp khen project mới trước toàn công ty xong, vui ghê 😎",vui
hôm nay không về kịp gặp ng thân lần cuối 💔,buon
"Tao đang bị hôm nay đi đường k tắc, đến nơi sớm nè 🤩",vui
Dạo này dc thăng chức sau kỳ đánh giá 😆,vui
"bị ng thân ko ủng hộ điều mình tin tưởng, dạo này không bt làm sao 😞",that_vong
Ngl sếp ép deadline vô lý không có lý do 💢,gian_du
"nghĩ về tương lai thấy mông lung wa, trời ơi không biết làm sao 😰",lo_au
"vừa không theo kịp bài vở dạo này xong, hy vọng ghê huhu",lo_au
"hai đứa vừa nói chuyện thẳng và hiểu nhau hơn, nói thật là không bt làm sao",hy_vong
"dự án mới bắt đầu và cảm giác rất tiềm năng, tui không bt làm sao 🤞",hy_vong
"Áp lực kpi tháng này cao wa, ae ơi không bt làm sao 🥲",lo_au
Hôm nay khách hàng dời lịch sát giờ k báo trước 😡,gian_du
Mk đang bị cảm giác mối quan hệ đang ấm lên dần nè 😌,hy_vong
"Vừa team vừa có thành viên mới giỏi, kỳ vọng cao xong, lo ghê 🌱",hy_vong
Hôm nay đang xem phim nhưng kh có cảm xúc gì mạnh 🙂,trung_tinh
"sếp khen project mới trước toàn công ty, mk khum bt làm sao 🎉",vui
"đợi mãi một cơ hội mà nó không đến, tui không biết làm sao haizzz",that_vong
Trời ơi dc thăng chức sau kỳ đánh giá 🤩,vui
"Bị xe tạt nước suốt người khi đang đi đường, chời ơi k biết làm sao 💢",gian_du
hôm nay bắt đầu một thói quen mới và duy trì được 2 tuần r 😌,hy_vong
"ae tư vấn giúp, pass môn khó nhất học kỳ thì nên làm sao =))",vui
"Bốc thăm trúng phần thưởng to, tao k biết làm sao 🤩",vui
"hôm nay ngày bình thường, làm việc rồi về ...",trung_tinh
"đc giao nhiệm vụ mới thú vị hơn, trời ơi không biết làm sao 🙏",hy_vong
Tớ bị kể chuyện riêng tư cho ng khác dù đã dặn giữ kín 🤬,gian_du
"đặt mục tiêu cho năm này mà chẳng đạt đc gì, mn ơi không biết làm sao",that_vong
Mk đang bị nhìn lại năm qua thấy chẳng đạt được gì nè 😢,buon
"thiệt tình sếp ép deadline vô lý không có lý do, chán 💢",gian_du
"Vừa có kế hoạch cụ thể rùi, cảm thấy tự tin hơn xong, tức ghê 🙏",hy_vong
Tao đồng nghiệp thân nhất vừa nghỉ việc haiz,buon
"Vừa tự nhiên ngồi nhìn ra cửa sổ và nghĩ linh tinh xong, buồn ghê ...",trung_tinh
Hôm nay nhìn lại năm qua thấy chẳng đạt đc gì 😞,buon
"Thiệt tình yêu thật lòng mà không dc đáp lại, chán 😶",that_vong
Hôm nay áp lực kpi tháng này cao quá ...,lo_au
"thiệt tình tài khoản cạn tiền mà tháng còn dài lắm, chán 😥",lo_au
"Vừa cố gắng hết sức mà kết quả vẫn kh như kỳ vọng xong, vui ghê",that_vong
"sắp trả tiền trọ mà lương chưa về, dạo này kh biết làm sao ...",lo_au
"Ae tư vấn giúp, làm lành với ng thân sau trận cãi thì nên làm sao ✨",vui
"Thiệt tình yêu thật lòng mà k đc đáp lại, chán 😞",that_vong
"Vừa gửi cv và đang chờ kết quả phỏng vấn xong, tức ghê",hy_vong
"crush vừa công khai người yêu mới, nói thật là không bt làm sao",buon
"thiệt tình gửi CV và đang chờ kết quả phỏng vấn, chán ✨",hy_vong
Nói thật là đang bị thất bại lần này sau khi đã chuẩn bị rất kỹ nè 😶,that_vong
"Ủa ngày bình thường, làm việc rùi về",trung_tinh
"ae tư vấn giúp, hôm nay khum có gì đặc biệt lắm thì nên làm sao 😐",trung_tinh
"ae tư vấn giúp, được giao nhiệm vụ mới thú vị hơn thì nên làm sao 🙏",hy_vong
"thiệt tình bị cắt mặt suýt gây tai nạn mà k xin lỗi, chán 🔥",gian_du
hôm nay lo mối quan hệ đang dần nhạt đi,lo_au
Hôm nay khối lượng công việc ngập đầu kh biết bắt đầu từ đâu 😥,lo_au
Hôm nay cố gắng hết sức mà kết quả vẫn không như kỳ vọng ugh,that_vong
Ae ơi bạn thân sắp chuyển đi xa,buon
"Thiệt tình bạn hẹn đi ăn rồi tự nhiên cancel ko lý do, chán 😡",gian_du
"Sau thời gian dài cuối cùng đã liên lạc lại dc, nói thật là không biết làm sao 🤞",hy_vong
"thiệt tình kh bt mk đang đi đúng hướng không, chán 🥲",lo_au
Ae ơi đang bị tin vào ng mà cuối cùng bị lừa dối nè haizzz,that_vong
Hôm nay bị overthinking cả đêm ngủ khum đc,lo_au
"Vừa nhớ ng yêu cũ khi trời mưa xong, hy vọng ghê 😢",buon
"ae tư vấn giúp, công việc ổn định, kh có gì nhiều để kể thì nên làm sao",trung_tinh
"Khum bt mình có đủ năng lực cho vị trí mới không, tao không biết làm sao 😥",lo_au
"Vừa crush vừa công khai người yêu mới xong, lo ghê haiz",buon
"Vừa tin vào ng mà cuối cùng bị lừa dối xong, thất vọng ghê 😞",that_vong
"vừa bị cắt mặt suýt gây tai nạn mà k xin lỗi xong, buồn ghê 🔥",gian_du
"Làm đúng quy trình mà vẫn bị chỉ trích, chời ơi khum biết làm sao",that_vong
"Vừa yêu thật lòng mà không đc đáp lại xong, thất vọng ghê haizzz",that_vong
"Ae tư vấn giúp, yêu thật lòng mà không đc đáp lại thì nên làm sao ugh",that_vong
"vừa tự nhiên ngồi nhìn ra cửa sổ và nghĩ linh tinh xong, hy vọng ghê 😐",trung_tinh
"cố xây dựng điều gì đó mà bị phá vỡ một cách vô lý, hôm nay k biết làm sao 💔",that_vong
"thiệt tình bạn cũ từ xa về thăm bất ngờ, chán",vui
"Vừa chốt hợp đồng lớn sau bao ngày nỗ lực xong, lo ghê 🤩",vui
Ủa đang bị lo mối quan hệ đang dần nhạt đi nè 🥲,lo_au
"vừa cố gắng cả năm nhưng không đc thăng chức xong, buồn ghê 💔",buon
"Vừa làm lành với người thân sau trận cãi xong, thất vọng ghê ✨",vui
"Nghĩ về tương lai thấy mông lung quá, chời ơi k biết làm sao",lo_au
hôm nay đc chọn vào đội tuyển nghiên cứu 🥰,vui
Mn ơi tự nhiên ngồi nhìn ra cửa sổ và nghĩ linh tinh,trung_tinh
Mn ơi chưa học chữ nào mà mai thi rồi 😱,lo_au
Hôm nay đồng nghiệp thân nhất vừa nghỉ việc 😔,buon
"Thiệt tình lương về rùi, chán 🎉",vui
Tớ đang cân nhắc chuyện đổi việc nhưng chưa quyết ...,trung_tinh
Hôm nay đặt mục tiêu cho năm này mà chẳng đạt dc gì,that_vong
"cố xây dựng điều gì đó mà bị phá vỡ một cách vô lý, ngl không biết làm sao 💔",that_vong
hôm nay nhớ ng yêu cũ khi trời mưa 🥀,buon
Hôm nay chưa học chữ nào mà mai thi r 😱,lo_au
"vừa đặt mục tiêu cho năm này mà chẳng đạt dc gì xong, buồn ghê",that_vong
Mk đang bị lương về rùi nè ✨,vui
"ng yêu liên tục đến trễ mà không xin lỗi, ủa không bt làm sao 😡",gian_du
"ae tư vấn giúp, sợ rớt môn, ảnh hưởng học bổng thì nên làm sao ...",lo_au
"Bị hứa thưởng nhưng cuối năm lại không có, mk không biết làm sao haizzz",that_vong
Hôm nay đang bị phải gánh team vì mấy đứa lười nè 👊,gian_du
Chời ơi đang bị làm lành vs người thân sau trận cãi nè ✨,vui
hôm nay crush vừa công khai người yêu mới 😞,buon
"đặt mục tiêu cho năm này mà chẳng đạt được gì, ủa không biết làm sao 😶",that_vong
"Đang cân nhắc chuyện đổi việc nhưng chưa quyết, tao không bt làm sao ...",trung_tinh
"ae tư vấn giúp, bắt đầu một thói quen mới và duy trì được 2 tuần rùi thì nên làm sao 🙏",hy_vong
"Vừa pass môn khó nhất học kỳ xong, tức ghê =))",vui
Tui đang bị hi vọng nhiều rùi nhận kết quả ngược lại nè 💔,that_vong
Hôm nay đợi mãi một cơ hội mà nó k đến 😞,that_vong
"thiệt tình đặt mục tiêu cho năm này mà chẳng đạt được gì, chán 😞",that_vong
Nói thật là đang bị khối lượng công việc ngập đầu không bt bắt đầu từ đâu nè huhu,lo_au
"Đang suy nghĩ về một quyết định chưa biết nên làm hay kh, mk không biết làm sao ...",trung_tinh
hôm nay yêu thật lòng mà ko dc đáp lại 😶,that_vong
"Dạo này sợ rớt môn, ảnh hưởng học bổng 🥲",lo_au
Nói thật là đang bị tìm dc wan cà phê ưng ý mới nè 😎,vui
"bị hứa thưởng nhưng cuối năm lại khum có, ae ơi không biết làm sao",that_vong
"Ae tư vấn giúp, ko bt người ấy có thật sự thích mình không thì nên làm sao 🥲",lo_au
Mình đang bị đặt mục tiêu cho năm này mà chẳng đạt được gì nè 💔,that_vong
"Vừa dự án mới bắt đầu và cảm giác rất tiềm năng xong, vui ghê",hy_vong
"Ae tư vấn giúp, cố gắng cả năm nhưng không đc thăng chức thì nên làm sao haiz",buon
"ae tư vấn giúp, sợ rớt môn, ảnh hưởng học bổng thì nên làm sao huhu",lo_au
Tui bị đồng nghiệp nhận công của mk trước mặt sếp 😤,gian_du
Ủa đang bị khum bt mình đang đi đúng hướng không nè 😥,lo_au
Mình chưa học chữ nào mà mai thi rùi,lo_au
hôm nay sắp trả tiền trọ mà lương chưa về ...,lo_au
Hôm nay đợi mãi một cơ hội mà nó không đến 😶,that_vong
Mn ơi đang suy nghĩ về một quyết định chưa biết nên làm hay không 😐,trung_tinh
"Vừa mọi thứ dạo này cứ xui xẻo liên tục xong, bình thường ghê 😔",buon
Tui chia tay xong cứ thấy trống rỗng 😔,buon
"vừa lo bảo vệ luận văn bị giáo viên phản biện nặng xong, tức ghê 😱",lo_au
Hôm nay tin tưởng đồng nghiệp mà bị phản bội 💔,that_vong
"Vừa không biết mk đang đi đúng hướng không xong, tức ghê 🥲",lo_au
Ngl đang bị chưa học chữ nào mà mai thi r nè 😥,lo_au
"tài khoản cạn tiền mà tháng còn dài lắm, tao không biết làm sao",lo_au
"Vừa vừa đọc xong một bài viết thú vị xong, lo ghê ...",trung_tinh
Mk đang bị được thăng chức sau kỳ đánh giá nè,vui
"thiệt tình bị overthinking cả đêm ngủ không được, chán",lo_au
Ngl đang bị bị hứa thưởng nhưng cuối năm lại không có nè 😶,that_vong
"ship đồ ăn thiếu món mà kh chịu hoàn tiền, ủa không bt làm sao 😤",gian_du
Ủa đang bị cảm thấy cô đơn dù xung quanh có nhiều ng nè 😞,buon
"vừa hôm nay kh có gì đặc biệt lắm xong, thất vọng ghê 😐",trung_tinh
"đang code xong thì cúp điện mất hết, tớ ko biết làm sao 🔥",gian_du
"ae tư vấn giúp, hôm nay họp nhiều, khum có gì nổi bật thì nên làm sao 😐",trung_tinh
Ủa được giao nhiệm vụ mới thú vị hơn 😌,hy_vong
"ko biết mk đang đi đúng hướng không, mình không biết làm sao 😱",lo_au
hôm nay cố gắng cả năm nhưng ko đc thăng chức haiz,buon
"chốt đơn thành công món đồ ao ước, hôm nay k bt làm sao",vui
Ủa gọi hotline chăm sóc khách hàng cúp máy giữa chừng,gian_du
"Ae tư vấn giúp, ship đồ ăn thiếu món mà ko chịu hoàn tiền thì nên làm sao 😡",gian_du
"Vừa người yêu liên tục đến trễ mà không xin lỗi xong, thất vọng ghê 🔥",gian_du
"vừa đang xem phim nhưng ko có cảm xúc gì mạnh xong, buồn ghê 🙂",trung_tinh
"Vừa nghe bản nhạc cũ bỗng nhớ kỷ niệm xưa xong, bình thường ghê 😔",buon
"Vừa tìm dc quán cà phê ưng ý mới xong, vui ghê 🥰",vui
Ngl nghĩ về tương lai thấy mông lung quá,lo_au
"vừa yêu thật lòng mà khum dc đáp lại xong, hy vọng ghê ugh",that_vong
Mn ơi đang bị kh theo kịp bài vở dạo này nè ...,lo_au
"vừa chưa học chữ nào mà mai thi rùi xong, bình thường ghê 🥲",lo_au
Mk khách hàng dời lịch sát giờ k báo trước 🔥,gian_du
"Mn ơi khum vui không buồn, cứ trôi qua thôi",trung_tinh
"taxi chặt chém gấp đôi giá lúc đang vội, tui không biết làm sao 😤",gian_du
"vừa đặt nhiều kỳ vọng vào người ấy mà họ ko quan tâm xong, bình thường ghê",that_vong
Mình ko theo kịp bài vở dạo này 😥,lo_au
Tui lo mối quan hệ đang dần nhạt đi 🥲,lo_au
"Vừa tự nhiên ngồi nhìn ra cửa sổ và nghĩ linh tinh xong, bình thường ghê 🙂",trung_tinh
Mình đang bị lương về rồi nè 😎,vui
"sau giai đoạn khó khăn cảm thấy mọi thứ đang tốt lên, tao không biết làm sao 🤞",hy_vong
Hôm nay đặt nhiều kỳ vọng vào người ấy mà họ kh quan tâm ugh,that_vong
"Ae tư vấn giúp, ba mẹ cứ cãi nhau và có vẻ sắp ly hôn thì nên làm sao haiz",buon
"Trời ơi đang bị công việc ổn định, không có gì nhiều để kể nè 🙂",trung_tinh
"Người yêu tặng quà bất ngờ, tui không biết làm sao 🥰",vui
"Cố gắng cả năm nhưng k được thăng chức, dạo này không biết làm sao 😞",buon
"ae tư vấn giúp, bị hứa thưởng nhưng cuối năm lại khum có thì nên làm sao ugh",that_vong
Hôm nay dc giao nhiệm vụ mới thú vị hơn 🤞,hy_vong
"Sau thời gian dài cuối cùng đã liên lạc lại được, mình ko bt làm sao ✨",hy_vong
Nói thật là vừa đọc xong một bài viết thú vị 🙂,trung_tinh
Ae ơi đang bị sau thời gian dài cuối cùng đã liên lạc lại đc nè 🤞,hy_vong
"Thiệt tình sắp trả tiền trọ mà lương chưa về, chán",lo_au
"Gọi hotline chăm sóc khách hàng cúp máy giữa chừng, tao ko bt làm sao 😡",gian_du
"vừa hai đứa vừa nói chuyện thẳng và hiểu nhau hơn xong, bình thường ghê 🌱",hy_vong
Tớ sau thời gian dài cuối cùng đã liên lạc lại dc 🤞,hy_vong
Mk đang bị làm đúng quy trình mà vẫn bị chỉ trích nè ugh,that_vong
"hàng giao sai size mà đổ lỗi do mk đặt nhầm, ngl không biết làm sao",gian_du
Mn ơi đang bị nghĩ về tương lai thấy mông lung qá nè ...,lo_au
"Chời ơi công việc ổn định, kh có gì nhiều để kể 😐",trung_tinh
"Ba mẹ cứ cãi nhau và có vẻ sắp ly hôn, tớ kh biết làm sao 😢",buon
"lo mối quan hệ đang dần nhạt đi, nói thật là kh biết làm sao 😥",lo_au
"Cảm giác mối quan hệ đang ấm lên dần, hôm nay không biết làm sao",hy_vong
"Thiệt tình ông bà mất, để lại khoảng trống không bù được, chán 😔",buon
"Thất bại lần này sau khi đã chuẩn bị rất kỹ, ae ơi khum biết làm sao",that_vong
Ae ơi dự án mới bắt đầu và cảm giác rất tiềm năng 🤞,hy_vong
"Vừa làm đúng quy trình mà vẫn bị chỉ trích xong, tức ghê 😞",that_vong
"Thiệt tình đồng nghiệp thân nhất vừa nghỉ việc, chán 😢",buon
Trời ơi đang bị hi vọng nhiều rồi nhận kết quả ngược lại nè ugh,that_vong
Hôm nay đang bị bạn bè lúc khó khăn thì kh ai xuất hiện nè haizzz,that_vong
"Vừa crush vừa công khai người yêu mới xong, thất vọng ghê haiz",buon
"Ae tư vấn giúp, tự nhiên ngồi nhìn ra cửa sổ và nghĩ linh tinh thì nên làm sao ...",trung_tinh
hôm nay bạn bè lúc khó khăn thì k ai xuất hiện ugh,that_vong
Trời ơi đang suy nghĩ về một quyết định chưa bt nên làm hay kh 🙂,trung_tinh
"vừa lo mối quan hệ đang dần nhạt đi xong, thất vọng ghê huhu",lo_au
Nói thật là khum biết mình có đủ năng lực cho vị trí mới không 😥,lo_au
"Vừa nhớ người yêu cũ khi trời mưa xong, bình thường ghê 😢",buon
"thiệt tình vừa đọc xong một bài viết thú vị, chán 🙂",trung_tinh
"Sợ bị sếp đánh giá thấp trong kỳ review, ngl không biết làm sao huhu",lo_au
"Không về kịp gặp người thân lần cuối, tao không biết làm sao 🥀",buon
Ủa đang bị bạn bè lúc khó khăn thì ko ai xuất hiện nè ugh,that_vong
Dạo này đang bị nghĩ về tương lai thấy mông lung quá nè huhu,lo_au
"Nhớ người yêu cũ khi trời mưa, nói thật là khum biết làm sao",buon
Ngl bài thi đc điểm cao ngoài mong đợi 😎,vui
hôm nay cảm thấy cô đơn dù xung quanh có nhiều ng haiz,buon
Hôm nay đang bị không bt người ấy có thật sự thích mk không nè 😱,lo_au
"Bốc thăm trúng phần thưởng to, hôm nay không biết làm sao 😎",vui
"ae tư vấn giúp, yêu thật lòng mà không được đáp lại thì nên làm sao 😶",that_vong
Hôm nay đang bị sau thời gian dài cuối cùng đã liên lạc lại dc nè 🌱,hy_vong
"thiệt tình hàng giao sai size mà đổ lỗi do mk đặt nhầm, chán 😤",gian_du
"bạn hẹn đi ăn r tự nhiên cancel khum lý do, nói thật là không biết làm sao 👊",gian_du
Ủa khách hàng gửi email khen ngợi mk ✨,vui
"Ae tư vấn giúp, kh vui không buồn, cứ trôi qua thôi thì nên làm sao",trung_tinh
Trời ơi đang bị nghe bản nhạc cũ bỗng nhớ kỷ niệm xưa nè 😞,buon
Hôm nay đang bị không biết mk có đủ năng lực cho vị trí mới không nè huhu,lo_au
Dạo này đang cân nhắc chuyện đổi việc nhưng chưa quyết 😐,trung_tinh
"gửi CV và đang chờ kết quả phỏng vấn, mk không biết làm sao 🌱",hy_vong
hôm nay nghe bản nhạc cũ bỗng nhớ kỷ niệm xưa haiz,buon
"vừa được giao nhiệm vụ mới thú vị hơn xong, thất vọng ghê 🙏",hy_vong
"Hôm nay ông bà mất, để lại khoảng trống không bù được 😔",buon
"thiệt tình nghe bản nhạc cũ bỗng nhớ kỷ niệm xưa, chán 😔",buon
"ae tư vấn giúp, mượn đồ lâu rồi khum trả mà còn tỏ ra bình thường thì nên làm sao 😤",gian_du
hôm nay lương về r 🎉,vui
Ủa đang bị nhìn lại năm qua thấy chẳng đạt dc gì nè 😞,buon
"ae tư vấn giúp, tìm đc wan cà phê ưng ý mới thì nên làm sao 🥰",vui
"Ae tư vấn giúp, bị hứa thưởng nhưng cuối năm lại không có thì nên làm sao 😞",that_vong
Ae ơi đang bị cảm giác mối quan hệ đang ấm lên dần nè 😌,hy_vong
Mình đang bị sắp trả tiền trọ mà lương chưa về nè ...,lo_au
"hôm nay họp nhiều, không có gì nổi bật, mn ơi không biết làm sao ...",trung_tinh
Ae ơi đang bị tài khoản cạn tiền mà tháng còn dài lắm nè,lo_au
Mình tìm được quán cà phê ưng ý mới 🥰,vui
"Ae tư vấn giúp, hôm nay họp nhiều, không có gì nổi bật thì nên làm sao 🙂",trung_tinh
Chời ơi đang bị đặt phòng khách sạn xong đến nơi bảo hết phòng nè 🤬,gian_du
"Vừa đặt mục tiêu cho năm này mà chẳng đạt được gì xong, bình thường ghê 💔",that_vong
"Ae tư vấn giúp, mọi thứ dạo này cứ xui xẻo liên tục thì nên làm sao 🥀",buon
"vừa công việc ổn định, kh có gì nhiều để kể xong, bình thường ghê",trung_tinh
Ngl dự án mới bắt đầu và cảm giác rất tiềm năng 🌱,hy_vong
Mk taxi chặt chém gấp đôi giá lúc đang vội 😡,gian_du
"Thiệt tình ng yêu tặng quà bất ngờ, chán 😆",vui
"Vừa bạn thân sắp chuyển đi xa xong, thất vọng ghê 😞",buon
Tui người yêu tặng quà bất ngờ 😎,vui
Hôm nay phải gánh team vì mấy đứa lười 👊,gian_du
Chời ơi tìm dc hướng đi rõ ràng hơn cho tương lai ✨,hy_vong
"Ae tư vấn giúp, hàng giao sai size mà đổ lỗi do mk đặt nhầm thì nên làm sao",gian_du
Hôm nay tìm đc quán cà phê ưng ý mới,vui
Hôm nay mượn đồ lâu rồi khum trả mà còn tỏ ra bình thường 🔥,gian_du
"Nhìn lại năm qua thấy chẳng đạt được gì, ae ơi kh bt làm sao",buon
Hôm nay bạn hẹn đi ăn rồi tự nhiên cancel không lý do 🔥,gian_du
"ae tư vấn giúp, nhìn lại năm qua thấy chẳng đạt được gì thì nên làm sao",buon
Trời ơi đang bị thất bại lần này sau khi đã chuẩn bị rất kỹ nè haizzz,that_vong
Tớ đang bị mượn đồ lâu r khum trả mà còn tỏ ra bình thường nè 🤬,gian_du
"Sợ tỏ tình xong bị từ chối thì mất cả tình bạn, ủa không biết làm sao ...",lo_au
Hôm nay nhận học bổng du học =)),vui
Hôm nay bạn bè lúc khó khăn thì không ai xuất hiện 💔,that_vong
Hôm nay hi vọng nhiều rồi nhận kết quả ngược lại ugh,that_vong
"Ae tư vấn giúp, khum theo kịp bài vở dạo này thì nên làm sao 😱",lo_au
Chời ơi đang bị đợi mãi một cơ hội mà nó không đến nè,that_vong
"Vừa khách hàng dời lịch sát giờ không báo trước xong, vui ghê 🤬",gian_du
"sếp ép deadline vô lý không có lý do, ủa không bt làm sao 🤬",gian_du
"Hôm nay có kế hoạch cụ thể r, cảm thấy tự tin hơn",hy_vong
"Lo bảo vệ luận văn bị giáo viên phản biện nặng, nói thật là không bt làm sao 😱",lo_au
"vừa vừa đọc xong một bài viết thú vị xong, buồn ghê",trung_tinh
"Vừa mượn đồ lâu rùi không trả mà còn tỏ ra bình thường xong, bình thường ghê 🔥",gian_du
"Thiệt tình đợi mãi một cơ hội mà nó không đến, chán 😶",that_vong
Mk đang bị bạn bè lúc khó khăn thì không ai xuất hiện nè 😞,that_vong
"không về kịp gặp ng thân lần cuối, mk không biết làm sao haiz",buon
"ae tư vấn giúp, khách hàng dời lịch sát giờ không báo trước thì nên làm sao 🔥",gian_du
Mk đang bị hai đứa vừa nói chuyện thẳng và hiểu nhau hơn nè ✨,hy_vong
"không bt mình có đủ năng lực cho vị trí mới không, trời ơi không biết làm sao 😥",lo_au
Tớ đặt nhiều kỳ vọng vào người ấy mà họ k quan tâm ugh,that_vong
"vừa đang suy nghĩ về một quyết định chưa biết nên làm hay không xong, bình thường ghê 😐",trung_tinh
"Vừa được crush rủ đi chơi cuối tuần xong, hy vọng ghê 😆",vui
Hôm nay đang bị áp lực KPI tháng này cao qá nè huhu,lo_au
Tớ con mèo nuôi nhiều năm vừa ra đi,buon
Mk đang bị sợ bị sếp đánh giá thấp trong kỳ review nè ...,lo_au
Tao đang bị làm lành với người thân sau trận cãi nè,vui
"vừa nộp hồ sơ học bổng và đang chờ kết quả xong, tức ghê 🙏",hy_vong
hôm nay sau thời gian dài cuối cùng đã liên lạc lại đc 🌱,hy_vong
"Ae ơi đang bị công việc ổn định, không có gì nhiều để kể nè 🙂",trung_tinh
Hôm nay ship đồ ăn thiếu món mà khum chịu hoàn tiền 🔥,gian_du
"Ae tư vấn giúp, bị overthinking cả đêm ngủ không đc thì nên làm sao 😰",lo_au
"vừa đợi mãi một cơ hội mà nó kh đến xong, vui ghê 💔",that_vong
"Vừa được thăng chức sau kỳ đánh giá xong, hy vọng ghê ✨",vui
Dạo này người yêu tặng quà bất ngờ 😆,vui
"Ae tư vấn giúp, bị cắt mặt suýt gây tai nạn mà k xin lỗi thì nên làm sao",gian_du
Tao đang bị tự nhiên ngồi nhìn ra cửa sổ và nghĩ linh tinh nè 🙂,trung_tinh
"Ae tư vấn giúp, kh biết mk có đủ năng lực cho vị trí mới không thì nên làm sao 🥲",lo_au
"ae tư vấn giúp, không biết mình có đủ năng lực cho vị trí mới không thì nên làm sao 🥲",lo_au
Ngl đang bị sắp trả tiền trọ mà lương chưa về nè huhu,lo_au
"thiệt tình con mèo nuôi nhiều năm vừa ra đi, chán",buon
"hi vọng nhiều rùi nhận kết quả ngược lại, tui không biết làm sao 😶",that_vong
Hôm nay đang bị mượn đồ lâu rùi không trả mà còn tỏ ra bình thường nè 🔥,gian_du
"thiệt tình xa nhà lâu quá nhớ mọi ng, chán 😔",buon
"Dạo này đang bị ngồi uống cà phê một mk, tâm trạng bình thường nè",trung_tinh
"Chời ơi đang bị có kế hoạch cụ thể rồi, cảm thấy tự tin hơn nè 🌱",hy_vong
"thiệt tình tin vào ng mà cuối cùng bị lừa dối, chán 💔",that_vong
Nói thật là đang bị chia tay xong cứ thấy trống rỗng nè 😢,buon
Ủa đang bị sắp trả tiền trọ mà lương chưa về nè 😥,lo_au
Dạo này bốc thăm trúng phần thưởng to 😆,vui
Nói thật là được chọn vào đội tuyển nghiên cứu 😆,vui
"vừa ngày bình thường, làm việc rồi về xong, thất vọng ghê 😐",trung_tinh
"Tớ đang bị ngày bình thường, làm việc rùi về nè 🙂",trung_tinh
"cố gắng cả năm nhưng ko dc thăng chức, mình không biết làm sao 😢",buon
"Vừa đặt phòng khách sạn xong đến nơi bảo hết phòng xong, buồn ghê 🔥",gian_du
"vừa đang xem phim nhưng không có cảm xúc gì mạnh xong, buồn ghê 😐",trung_tinh
"Vừa công việc ổn định, không có gì nhiều để kể xong, vui ghê ...",trung_tinh
Ae ơi đang bị đặt mục tiêu cho năm này mà chẳng đạt đc gì nè ugh,that_vong
"Sắp tới deadline mà chưa làm đc gì, trời ơi ko biết làm sao",lo_au
"Hôm nay hôm nay họp nhiều, không có gì nổi bật 🙂",trung_tinh
"Vừa gặp người mới và cảm giác có điểm chung xong, lo ghê",hy_vong
"ae tư vấn giúp, không biết ng ấy có ts thích mình không thì nên làm sao 😰",lo_au
"vừa k về kịp gặp ng thân lần cuối xong, vui ghê 💔",buon
"Vừa đọc xong một bài viết thú vị, tao ko bt làm sao 🙂",trung_tinh
Ủa dc giao nhiệm vụ mới thú vị hơn 🌱,hy_vong
"Ae tư vấn giúp, đang suy nghĩ về một quyết định chưa bt nên làm hay không thì nên làm sao 🙂",trung_tinh
"Nhìn lại năm qua thấy chẳng đạt dc gì, chời ơi không bt làm sao 😢",buon
Mình bạn thân sắp chuyển đi xa 😢,buon
Tao đang bị cảm thấy cô đơn dù xung quanh có nhiều ng nè 😔,buon
"vừa công việc ổn định, ko có gì nhiều để kể xong, hy vọng ghê ...",trung_tinh
Hôm nay tài khoản cạn tiền mà tháng còn dài lắm 🥲,lo_au
Hôm nay bị ng thân không ủng hộ điều mình tin tưởng,that_vong
"thiệt tình tự nhiên ngồi nhìn ra cửa sổ và nghĩ linh tinh, chán",trung_tinh
"Vừa sắp tới deadline mà chưa làm được gì xong, hy vọng ghê 😱",lo_au
"vừa hôm nay họp nhiều, k có gì nổi bật xong, hy vọng ghê ...",trung_tinh
Hôm nay chốt đơn thành công món đồ ao ước 🎉,vui
Ủa đang bị con mèo nuôi nhiều năm vừa ra đi nè 😢,buon
"Sợ tỏ tình xong bị từ chối thì mất cả tình bạn, mình không biết làm sao huhu",lo_au
"Sau thời gian dài cuối cùng đã liên lạc lại được, chời ơi không biết làm sao 🌱",hy_vong
"ae tư vấn giúp, nhớ người yêu cũ khi trời mưa thì nên làm sao 😢",buon
Tao yêu thật lòng mà ko được đáp lại ugh,that_vong
Ae ơi đang bị lo bảo vệ luận văn bị giáo viên phản biện nặng nè 😱,lo_au
"Thiệt tình cố gắng thay đổi bản thân mà cứ quay về điểm cũ, chán haizzz",that_vong
Nói thật là đang bị bị đồng nghiệp nhận công của mình trước mặt sếp nè 👊,gian_du
"Vừa có kế hoạch cụ thể rồi, cảm thấy tự tin hơn xong, bình thường ghê 🙏",hy_vong
Hôm nay bị người thân không ủng hộ điều mk tin tưởng 💔,that_vong
"ae tư vấn giúp, không biết người ấy có thật sự thích mình không thì nên làm sao",lo_au
"Mọi thứ dạo này cứ xui xẻo liên tục, hôm nay không bt làm sao 😔",buon
Mk đang bị đang xem phim nhưng không có cảm xúc gì mạnh nè 😐,trung_tinh
Tao đang bị tin tưởng đồng nghiệp mà bị phản bội nè,that_vong
"vừa hàng giao sai size mà đổ lỗi do mình đặt nhầm xong, buồn ghê 👊",gian_du
Hôm nay bạn cũ từ xa về thăm bất ngờ,vui
"Vừa sợ tỏ tình xong bị từ chối thì mất cả tình bạn xong, vui ghê 😱",lo_au
hôm nay đang suy nghĩ về một quyết định chưa bt nên làm hay không 🙂,trung_tinh
"Tự nhiên ngồi nhìn ra cửa sổ và nghĩ linh tinh, dạo này không bt làm sao",trung_tinh
"Thiệt tình đc crush rủ đi chơi cuối tuần, chán 🎉",vui
"thiệt tình hi vọng nhiều rồi nhận kết quả ngược lại, chán haizzz",that_vong
"vừa sợ tỏ tình xong bị từ chối thì mất cả tình bạn xong, buồn ghê",lo_au
"Tui đang bị có kế hoạch cụ thể r, cảm thấy tự tin hơn nè 🌱",hy_vong
Hôm nay không về kịp gặp người thân lần cuối,buon
Dạo này đang suy nghĩ về một quyết định chưa bt nên làm hay không ...,trung_tinh
"Ae tư vấn giúp, được thăng chức sau kỳ đánh giá thì nên làm sao =))",vui
"Vừa ông bà mất, để lại khoảng trống không bù được xong, thất vọng ghê 💔",buon
Dạo này sắp tới deadline mà chưa làm được gì ...,lo_au
"Thiệt tình tin tưởng đồng nghiệp mà bị phản bội, chán haizzz",that_vong
Hôm nay cố gắng thay đổi bản thân mà cứ quay về điểm cũ 💔,that_vong
"Sắp trả tiền trọ mà lương chưa về, hôm nay không biết làm sao huhu",lo_au
Ae ơi áp lực kpi tháng này cao qá 😱,lo_au
Nói thật là đang bị bạn bè lúc khó khăn thì kh ai xuất hiện nè 😶,that_vong
Tui đang bị không bt ng ấy có thật sự thích mk không nè,lo_au
"Mk sợ rớt môn, ảnh hưởng học bổng 😥",lo_au
"sau giai đoạn khó khăn cảm thấy mọi thứ đang tốt lên, hôm nay kh biết làm sao 😌",hy_vong
"Thiệt tình thất bại lần này sau khi đã chuẩn bị rất kỹ, chán ugh",that_vong
Tao crush vừa công khai người yêu mới 😢,buon
Trời ơi đang bị mượn đồ lâu rồi ko trả mà còn tỏ ra bình thường nè 🔥,gian_du
Tui đang bị nghe bản nhạc cũ bỗng nhớ kỷ niệm xưa nè 😢,buon
"Thiệt tình chưa học chữ nào mà mai thi r, chán 😱",lo_au
Ae ơi tin tưởng đồng nghiệp mà bị phản bội haizzz,that_vong
"Ae tư vấn giúp, tìm được hướng đi rõ ràng hơn cho tương lai thì nên làm sao",hy_vong
"vừa ngồi uống cà phê một mình, tâm trạng bình thường xong, thất vọng ghê",trung_tinh
"sợ tỏ tình xong bị từ chối thì mất cả tình bạn, chời ơi không biết làm sao 😥",lo_au
Nói thật là đang bị đặt nhiều kỳ vọng vào người ấy mà họ không quan tâm nè,that_vong
"Tao team vừa có thành viên mới giỏi, kỳ vọng cao",hy_vong
"bạn hẹn đi ăn rồi tự nhiên cancel không lý do, mình không biết làm sao 👊",gian_du
Ngl ko theo kịp bài vở dạo này 😥,lo_au
Nói thật là pass môn khó nhất học kỳ =)),vui
"ae tư vấn giúp, bị kể chuyện riêng tư cho người khác dù đã dặn giữ kín thì nên làm sao 😤",gian_du
Tao đang bị được chọn vào đội tuyển nghiên cứu nè 🥰,vui
"Taxi chặt chém gấp đôi giá lúc đang vội, dạo này k bt làm sao 😤",gian_du
"Thiệt tình vừa tìm ra phương pháp học mới hiệu quả hơn, chán 🌱",hy_vong
Hôm nay không biết mình có đủ năng lực cho vị trí mới không huhu,lo_au
Ngl đang bị làm đúng quy trình mà vẫn bị chỉ trích nè 😞,that_vong
"vừa bắt đầu một thói quen mới và duy trì được 2 tuần rồi xong, tức ghê 🤞",hy_vong
Tao tự nhiên ngồi nhìn ra cửa sổ và nghĩ linh tinh 😐,trung_tinh
"thiệt tình kh theo kịp bài vở dạo này, chán ...",lo_au
Ngl bạn thân sắp chuyển đi xa,buon
"vừa hàng giao sai size mà đổ lỗi do mk đặt nhầm xong, buồn ghê 🤬",gian_du
Mn ơi đang bị bị xe tạt nước suốt người khi đang đi đường nè 😡,gian_du
"bạn thân sắp chuyển đi xa, dạo này không biết làm sao 😢",buon
Ủa hai đứa vừa nói chuyện thẳng và hiểu nhau hơn ✨,hy_vong
"ae tư vấn giúp, công việc ổn định, không có gì nhiều để kể thì nên làm sao 🙂",trung_tinh
Hôm nay ôn thi xong cảm thấy tự tin hơn nhiều ✨,hy_vong
Tao tìm được hướng đi rõ ràng hơn cho tương lai 🙏,hy_vong
"Thiệt tình sắp trả tiền trọ mà lương chưa về, chán ...",lo_au
Chời ơi chốt đơn thành công món đồ ao ước,vui
"cố xây dựng điều gì đó mà bị phá vỡ một cách vô lý, ngl không bt làm sao 😶",that_vong
Tui cố gắng cả năm nhưng không được thăng chức 😢,buon
Ae ơi đang bị bài thi dc điểm cao ngoài mong đợi nè ✨,vui
"vừa được thăng chức sau kỳ đánh giá xong, bình thường ghê ✨",vui
"Vừa tự nhiên ngồi nhìn ra cửa sổ và nghĩ linh tinh xong, thất vọng ghê",trung_tinh
"Ae tư vấn giúp, cảm giác mối quan hệ đang ấm lên dần thì nên làm sao 🤞",hy_vong
"đồng nghiệp thân nhất vừa nghỉ việc, mn ơi khum biết làm sao 😞",buon
"vừa khối lượng công việc ngập đầu k biết bắt đầu từ đâu xong, hy vọng ghê 🥲",lo_au
Dạo này sợ tỏ tình xong bị từ chối thì mất cả tình bạn 😰,lo_au
Hôm nay yêu thật lòng mà không dc đáp lại ugh,that_vong
"Tui team vừa có thành viên mới giỏi, kỳ vọng cao 😌",hy_vong
"thiệt tình người yêu liên tục đến trễ mà không xin lỗi, chán 😤",gian_du
Hôm nay đang bị bị đồng nghiệp nhận công của mk trước mặt sếp nè 🔥,gian_du
"vừa bị kể chuyện riêng tư cho người khác dù đã dặn giữ kín xong, bình thường ghê 😤",gian_du
"Mk đang bị ngồi uống cà phê một mình, tâm trạng bình thường nè 😐",trung_tinh
"xa nhà lâu quá nhớ mọi người, trời ơi không bt làm sao 🥀",buon
"hôm nay không vui không buồn, cứ trôi qua thôi 😐",trung_tinh
Hôm nay đang bị cố gắng cả năm nhưng không được thăng chức nè 😔,buon
"Thiệt tình ko theo kịp bài vở dạo này, chán",lo_au
"thiệt tình ôn thi xong cảm thấy tự tin hơn nhiều, chán",hy_vong
