Input,Emotion,Topic,Tier,Output
"công việc ổn định, không có gì nhiều để kể, hôm nay không bt làm sao 🙂",trung_tinh,Công việc,casual,aha hiểu rồi! đôi khi yên ổn cũng là một loại hạnh phúc đó! tận hưởng sự bình lặng đó đi bạn ơi. 🙂
Ngl gặp người mới và cảm giác có điểm chung 😌,hy_vong,Tình cảm,deep,Hy vọng là thứ rất quý — và bạn đang có nó. Hướng đi rõ ràng như vậy là kết quả của rất nhiều suy nghĩ và nỗ lực. Hãy giữ vững kế hoạch đó và bước từng bước thật chắc. Mình tin nỗ lực của bạn sẽ mang lại kết quả xứng đáng.
"Vừa bị xe tạt nước suốt người khi đang đi đường xong, thất vọng ghê",gian_du,Giao thông,casual,"ugh tức thật! ai gặp cũng điên tiết thôi bạn ơi. bơ đi mà sống, năng lượng của mình quý hơn chứ. giận xong thì thôi, đừng giữ mãi."
Hôm nay đang bị mượn đồ lâu rùi không trả mà còn tỏ ra bình thường nè 🔥,gian_du,Bạn bè / Người thân,casual,"ugh tức thật! đúng là vô lý không chịu được. thả lỏng ra đi, đừng để nó chiếm hết ngày của mình. giận xong thì thôi, đừng giữ mãi."
Mk đang bị được thăng chức sau kỳ đánh giá nè,vui,Công việc,casual,yayyy 🎉🎉 xứng đáng lắm luôn! nhớ chia sẻ niềm vui với người thân nha! mình vui cho bạn lắm!
"Không về kịp gặp người thân lần cuối, tớ không bt làm sao 😢",buon,Gia đình,deep,"Cảm ơn bạn đã chia sẻ với mình. Buồn như vậy là hoàn toàn bình thường — đừng cố kìm lại. Hãy cho phép bản thân cảm nhận nó, đừng vội ổn ngay. Không cần phải ổn ngay đâu."
Trời ơi tài khoản cạn tiền mà tháng còn dài lắm 😱,lo_au,Cuộc sống,casual,ôi thôi thấy lo như vậy là bình thường mà. uống ly nước rồi chia nhỏ vấn đề ra xử lý từng cái nhé! ổn thôi bạn ơi!
Ngl đang bị được crush rủ đi chơi cuối tuần nè 🤩,vui,Tình cảm,casual,yayyy 🎉🎉 nghe mà vui lây =)) cứ đà này thì ngon lành luôn! giữ phong độ nhé bạn ơi!
"thiệt tình khum theo kịp bài vở dạo này, chán ...",lo_au,Học tập,deep,Mình hiểu bạn đang cảm thấy rất áp lực. Lo âu đôi khi là tín hiệu bạn đang quan tâm đến điều quan trọng. Hãy thử chia nhỏ vấn đề ra và xử lý từng phần một. Bạn không cần giải quyết tất cả cùng lúc đâu.
"thiệt tình tài khoản cạn tiền mà tháng còn dài lắm, chán 😥",lo_au,Cuộc sống,casual,"từ từ nào! thấy lo như vậy là bình thường mà. cứ làm hết sức thôi, kết quả đến sau nha~ mọi chuyện rồi sẽ qua thôi 💪"
"ae tư vấn giúp, tìm đc wan cà phê ưng ý mới thì nên làm sao 🥰",vui,Cuộc sống,casual,"trời ơi hay quá vậy?! mình tự hào về bạn ghê nơi ✨ lưu khoảnh khắc này lại, sau nhìn lại vẫn còn vui mà. giữ phong độ nhé bạn ơi!"
"Vừa team vừa có thành viên mới giỏi, kỳ vọng cao xong, lo ghê 🌱",hy_vong,Công việc,casual,"ôi nghe mà có động lực lây luôn á 🌱 cứ giữ năng lượng đó nhé, mọi thứ đang đi đúng hướng rồi! chúc mọi thứ diễn ra suôn sẻ nhé ✨ cổ vũ bạn 100% nè! 🤞"
"vừa sếp ép deadline vô lý không có lý do xong, bình thường ghê 🔥",gian_du,Công việc,casual,"trời ơi nghe mà tức dùm á 😡 đúng là vô lý không chịu được. thả lỏng ra đi, đừng để nó chiếm hết ngày của mình. mình tin bạn sẽ xử lý được thôi."
"Vừa nhận học bổng du học xong, buồn ghê =))",vui,Học tập,casual,yayyy 🎉🎉 mình tự hào về bạn ghê nơi ✨ tự thưởng cho mình đi nào~ tiếp tục phát huy nhé!
Hôm nay cố gắng hết sức mà kết quả vẫn không như kỳ vọng ugh,that_vong,Công việc,deep,Mình hiểu bạn đang cảm thấy rất hụt hẫng lúc này. Không phải lúc nào cố gắng cũng cho kết quả như mong muốn — và điều đó không có nghĩa bạn không đủ tốt. Nhìn lại xem mình học được gì từ lần này — bài học thường nằm ở đây. Thất vọng không phải điểm kết thúc — hãy tiếp tục.
Tớ bạn thân sắp chuyển đi xa 😢,buon,Tình cảm,casual,"haizzz nghe mà thương ghê, buồn như vậy thì ai cũng cần được chia sẻ mà. bật phim hoặc nhạc chill đi nào! mình ở đây nghe bạn kể nhé~"
Mình đang bị con mèo nuôi nhiều năm vừa ra đi nè 😔,buon,Cuộc sống,deep,"Cảm ơn bạn đã chia sẻ với mình. Bạn không yếu đuối khi buồn — bạn rất can đảm khi chia sẻ điều này. Hãy cho phép bản thân cảm nhận nó, đừng vội ổn ngay. Mình luôn ở đây nếu bạn cần."
Mk tin tưởng đồng nghiệp mà bị phản bội 💔,that_vong,Công việc,deep,Thất vọng sau khi đặt cả tâm sức — cảm giác đó rất nặng. Cảm giác hẫng hụt là rất thật và đáng được thừa nhận. Đừng vội kết luận về bản thân chỉ vì một kết quả chưa như ý. Mình tin bạn sẽ tìm ra hướng đi phù hợp hơn.
"Bốc thăm trúng phần thưởng to, mk kh bt làm sao",vui,Cuộc sống,casual,hết sẩy! mình tự hào về bạn ghê nơi ✨ ăn gì ngon ngon ăn mừng đi! chúc mừng bạn nha 🥳
hôm nay lương về rùi,vui,Cuộc sống,casual,"đỉnh của chóp luôn á!! nghe mà vui lây =)) lưu khoảnh khắc này lại, sau nhìn lại vẫn còn vui mà. tiếp tục phát huy nhé!"
"ae tư vấn giúp, đồng nghiệp thân nhất vừa nghỉ việc thì nên làm sao 😢",buon,Công việc,deep,"Mình rất tiếc khi nghe điều này. Cảm giác trống rỗng đó rất khó nói thành lời, mình hiểu. Hãy cho phép bản thân cảm nhận nó, đừng vội ổn ngay. Không cần phải ổn ngay đâu."
Hôm nay nộp hồ sơ học bổng và đang chờ kết quả 🤞,hy_vong,Học tập,casual,"wow nhìn thấy vậy vui ghê! mình cũng tin vào bạn nha~ chia sẻ kế hoạch này với người thân, được ủng hộ thêm sẽ vững hơn. mình chờ nghe tin vui từ bạn nhé~"
"ae tư vấn giúp, ng yêu tặng quà bất ngờ thì nên làm sao 😎",vui,Tình cảm,casual,"đỉnh của chóp luôn á!! nghe mà vui lây =)) lưu khoảnh khắc này lại, sau nhìn lại vẫn còn vui mà. tiếp tục phát huy nhé!"
Mn ơi ko về kịp gặp người thân lần cuối 🥀,buon,Gia đình,casual,"ôi buồn quá, cảm giác đó nặng lắm, mình hiểu. ăn gì ngon ngon đi, tự thưởng cho bản thân xíu. mình ở đây nghe bạn kể nhé~"
Tao tin tưởng đồng nghiệp mà bị phản bội ugh,that_vong,Công việc,casual,"nặng lòng ghê, thất vọng kiểu này thật sự khó chịu lắm. đừng để thất vọng lần này định nghĩa mình, ok không? mình tin bạn sẽ vượt qua được."
Nói thật là vừa đọc xong một bài viết thú vị 🙂,trung_tinh,Cuộc sống,casual,"à ra vậy, ngày bình thường mà, cũng có cái vui của nó. nếu cần tâm sự thì mình ở đây~ 🙂"
"thiệt tình làm lành vs người thân sau trận cãi, chán 😎",vui,Tình cảm,casual,đỉnh của chóp luôn á!! nghe mà vui lây =)) cứ đà này thì ngon lành luôn! mình vui cho bạn lắm!
Hôm nay bị overthinking cả đêm ngủ không được 🥲,lo_au,Cuộc sống,casual,"bình tĩnh đi bạn ơi, ai gặp chuyện đó cũng rén thôi. uống ly nước rồi chia nhỏ vấn đề ra xử lý từng cái nhé! ổn thôi bạn ơi!"
"ae tư vấn giúp, làm lành vs người thân sau trận cãi thì nên làm sao =))",vui,Tình cảm,casual,"trời ơi hay quá vậy?! nghe mà vui lây =)) lưu khoảnh khắc này lại, sau nhìn lại vẫn còn vui mà. tiếp tục phát huy nhé!"
Chời ơi đang bị đặt mục tiêu cho năm này mà chẳng đạt đc gì nè 😞,that_vong,Bản thân,casual,"ugh biết cảm giác đó rồi, không phải lỗi của mình đâu nha. coi như bài học đắt giá nghen! bạn vẫn ổn mà, cứ tiến lên thôi! 💪"
"Vừa được giao nhiệm vụ mới thú vị hơn xong, buồn ghê",hy_vong,Công việc,deep,Thật đáng quý khi bạn vẫn giữ được cái nhìn tích cực này. Hướng đi rõ ràng như vậy là kết quả của rất nhiều suy nghĩ và nỗ lực. Đừng so sánh tiến độ của mình với người khác — hành trình của bạn là của riêng bạn. Hành trình đang đi đúng hướng rồi.
Ae ơi không bt người ấy có thật sự thích mk không 😰,lo_au,Tình cảm,casual,"bình tĩnh đi bạn ơi, overthinking kiểu này mệt lắm đúng không? thử tắt điện thoại một lúc, tập trung vào 1 việc thôi. cố lên nhé!"
"vừa bị đồng nghiệp nhận công của mình trước mặt sếp xong, vui ghê 😤",gian_du,Công việc,casual,"đúng là củ chuối không chịu được 🤬 ai gặp cũng điên tiết thôi bạn ơi. thả lỏng ra đi, đừng để nó chiếm hết ngày của mình. mình tin bạn sẽ xử lý được thôi."
"ae tư vấn giúp, khách hàng gửi email khen ngợi mình thì nên làm sao 🤩",vui,Công việc,casual,yayyy 🎉🎉 mình tự hào về bạn ghê nơi ✨ tự thưởng cho mình đi nào~ mình vui cho bạn lắm!
"ae tư vấn giúp, tin vào người mà cuối cùng bị lừa dối thì nên làm sao haizzz",that_vong,Bản thân,casual,"ugh biết cảm giác đó rồi, thất vọng kiểu này thật sự khó chịu lắm. reset lại đi bạn, rồi thứ tốt hơn sẽ đến thôi~ mình tin bạn sẽ vượt qua được."
"thiệt tình được giao nhiệm vụ mới thú vị hơn, chán 🙏",hy_vong,Công việc,casual,"tuyệt vời đó bạn! cứ giữ năng lượng đó nhé, mọi thứ đang đi đúng hướng rồi! cứ từng bước nhỏ là đủ rồi! cổ vũ bạn 100% nè! 🤞"
hôm nay ship đồ ăn thiếu món mà kh chịu hoàn tiền 💢,gian_du,Dịch vụ,deep,"Mình hiểu tại sao bạn cảm thấy như vậy. Đôi khi ranh giới cần được giữ vững và điều đó đúng. Sau khi bình tĩnh, nghĩ xem cách xử lý nào có lợi nhất cho bạn. Bạn không cần nuốt bực bội vào trong mãi."
"hôm nay đi đường không tắc, đến nơi sớm, dạo này không bt làm sao",vui,Cuộc sống,deep,Thành quả đáng được trân trọng. Niềm vui này bạn hoàn toàn xứng đáng có được. Dùng động lực từ thành công này để tiếp tục những mục tiêu tiếp theo. Chúc bạn tiếp tục gặt hái thêm nhiều thành quả.
"thiệt tình không theo kịp bài vở dạo này, chán 🥲",lo_au,Học tập,casual,"bình tĩnh đi bạn ơi, thấy lo như vậy là bình thường mà. ghi ra giấy hết những gì đang lo rồi ưu tiên từng cái. mọi chuyện rồi sẽ qua thôi 💪"
"thiệt tình ngày bình thường, làm việc r về, chán 😐",trung_tinh,Cuộc sống,casual,"à ra vậy, không phải lúc nào cũng cần có gì to tát đâu, ngày bình thường cũng có cái hay của nó. tận hưởng sự bình lặng đó đi bạn ơi. 🙂 cứ thư giãn đi nhé~"
Mn ơi đang bị làm lành vs người thân sau trận cãi nè 🤩,vui,Tình cảm,casual,đỉnh của chóp luôn á!! nghe mà vui lây =)) nhớ chia sẻ niềm vui với người thân nha! chúc mừng bạn nha 🥳
Nói thật là khối lượng công việc ngập đầu không bt bắt đầu từ đâu,lo_au,Công việc,casual,"ôi thôi lo nhiều cũng không giải quyết được gì thêm đâu nha. cứ làm hết sức thôi, kết quả đến sau nha~ mọi chuyện rồi sẽ qua thôi 💪"
"vừa đc giao nhiệm vụ mới thú vị hơn xong, bình thường ghê ✨",hy_vong,Công việc,casual,"wow nhìn thấy vậy vui ghê! cứ giữ năng lượng đó nhé, mọi thứ đang đi đúng hướng rồi! đừng để ai lấy đi cái tinh thần đó của mình nghen! cổ vũ bạn 100% nè! 🤞"
"Nộp hồ sơ học bổng và đang chờ kết quả, hôm nay không bt làm sao ✨",hy_vong,Học tập,deep,"Thật đáng quý khi bạn vẫn giữ được cái nhìn tích cực này. Cảm giác bắt đầu thấy ánh sáng ở cuối đường hầm rất đáng trân trọng. Đừng so sánh tiến độ của mình với người khác — hành trình của bạn là của riêng bạn. Cứ tiến lên, mình cổ vũ bạn."
"Thiệt tình đặt nhiều kỳ vọng vào ng ấy mà họ không quan tâm, chán 😶",that_vong,Tình cảm,casual,"nghe mà buồn cho bạn quá 💔 kỳ vọng lớn mà bị hẫng thì đau thiệt. đừng để thất vọng lần này định nghĩa mình, ok không? rồi sẽ tốt hơn thôi bạn ơi."
"sắp trả tiền trọ mà lương chưa về, dạo này kh biết làm sao ...",lo_au,Cuộc sống,casual,"bình tĩnh đi bạn ơi, mình hiểu cảm giác đó lắm! uống ly nước rồi chia nhỏ vấn đề ra xử lý từng cái nhé! ổn thôi bạn ơi!"
Hôm nay bạn hẹn đi ăn rồi tự nhiên cancel không lý do 🔥,gian_du,Bạn bè / Người thân,casual,"đúng là củ chuối không chịu được 🤬 ai gặp cũng điên tiết thôi bạn ơi. thả lỏng ra đi, đừng để nó chiếm hết ngày của mình. giận xong thì thôi, đừng giữ mãi."
"Ae tư vấn giúp, cố gắng hết sức mà kết quả vẫn khum như kỳ vọng thì nên làm sao 💔",that_vong,Công việc,casual,"haizzz đặt kỳ vọng cao rồi bị hẫng đau lắm, mình hiểu cảm giác đó, không dễ gì nuốt được đâu. reset lại đi bạn, rồi thứ tốt hơn sẽ đến thôi~ rồi sẽ tốt hơn thôi bạn ơi."
"Thiệt tình crush vừa công khai ng yêu mới, chán 😞",buon,Tình cảm,casual,"ôm bạn nè 🥺 buồn như vậy thì ai cũng cần được chia sẻ mà. ăn gì ngon ngon đi, tự thưởng cho bản thân xíu. mình ở đây nghe bạn kể nhé~"
"ba mẹ cứ cãi nhau và có vẻ sắp ly hôn, trời ơi k biết làm sao 😞",buon,Gia đình,casual,"haizzz nghe mà thương ghê, đừng cố tỏ ra ổn, có mình ở đây nè. ra ngoài đi dạo một chút cho thoáng đầu nhé. có mình nè, đừng lo."
"Vừa đặt mục tiêu cho năm này mà chẳng đạt đc gì xong, hy vọng ghê",that_vong,Bản thân,casual,"nặng lòng ghê, không phải lỗi của mình đâu nha. coi như bài học đắt giá nghen! bạn vẫn ổn mà, cứ tiến lên thôi! 💪"
"Ng yêu tặng quà bất ngờ, mk ko bt làm sao",vui,Tình cảm,casual,đỉnh của chóp luôn á!! mình tự hào về bạn ghê nơi ✨ tự thưởng cho mình đi nào~ mình vui cho bạn lắm!
"tự nhiên ngồi nhìn ra cửa sổ và nghĩ linh tinh, dạo này không biết làm sao 😐",trung_tinh,Suy nghĩ,casual,"aha hiểu rồi! yên ổn như vậy là ổn rồi mà, đôi khi bình thường cũng là hạnh phúc đó. ngày bình thường cũng nạp năng lượng được mà 😌 bình yên nhé bạn ơi~"
"Thiệt tình có kế hoạch cụ thể rùi, cảm thấy tự tin hơn, chán 🙏",hy_vong,Cuộc sống,casual,wow nhìn thấy vậy vui ghê! hy vọng như vậy là động lực để tiến lên đó! cứ từng bước nhỏ là đủ rồi! tiến lên thôi!
"bạn hẹn đi ăn rồi tự nhiên cancel k lý do, hôm nay không biết làm sao 👊",gian_du,Bạn bè / Người thân,casual,"bực ghê nơi! ai gặp cũng điên tiết thôi bạn ơi. thả lỏng ra đi, đừng để nó chiếm hết ngày của mình. mình tin bạn sẽ xử lý được thôi."
"Ae tư vấn giúp, gọi hotline chăm sóc khách hàng cúp máy giữa chừng thì nên làm sao",gian_du,Dịch vụ,deep,Mình hiểu tại sao bạn cảm thấy như vậy. Phản ứng như vậy là hoàn toàn bình thường trước tình huống đó. Hãy để cơn tức nguôi trước khi phản ứng — quyết định lúc đang nóng thường không tốt. Mình ở đây ủng hộ bạn.
"ae tư vấn giúp, ông bà mất, để lại khoảng trống không bù được thì nên làm sao 😔",buon,Gia đình,casual,"ôi buồn quá, cảm giác đó nặng lắm, mình hiểu. bật phim hoặc nhạc chill đi nào! rồi sẽ qua thôi bạn ơi."
hôm nay yêu thật lòng mà không dc đáp lại,that_vong,Tình cảm,casual,"nghe mà buồn cho bạn quá 💔 kỳ vọng lớn mà bị hẫng thì đau thiệt. reset lại đi bạn, rồi thứ tốt hơn sẽ đến thôi~ bạn vẫn ổn mà, cứ tiến lên thôi! 💪"
Mình đặt mục tiêu cho năm này mà chẳng đạt được gì ugh,that_vong,Bản thân,casual,"nặng lòng ghê, mình hiểu cảm giác đó, không dễ gì nuốt được đâu. đừng để thất vọng lần này định nghĩa mình, ok không? rồi sẽ tốt hơn thôi bạn ơi."
"Hôm nay họp nhiều, không có gì nổi bật, ae ơi không bt làm sao 🙂",trung_tinh,Công việc,casual,"hmmm thế thì cũng oke nha, không phải lúc nào cũng cần có gì to tát đâu. tận hưởng sự bình lặng đó đi bạn ơi. 🙂"
Dạo này tìm dc qán cà phê ưng ý mới 🤩,vui,Cuộc sống,casual,wow xịn xò vậy! kết quả xứng đáng với cố gắng của bạn rồi đó! nhớ chia sẻ niềm vui với người thân nha! chúc mừng bạn nha 🥳
"bị đồng nghiệp nhận công của mình trước mặt sếp, mình không bt làm sao 😡",gian_du,Công việc,casual,"bực ghê nơi! đúng là vô lý không chịu được. bơ đi mà sống, năng lượng của mình quý hơn chứ. không đáng mất sức đâu bạn ơi 😤"
"Sợ tỏ tình xong bị từ chối thì mất cả tình bạn, ủa không biết làm sao ...",lo_au,Tình cảm,deep,Lo âu như vậy thực sự rất nặng nề. Đây là phản ứng bình thường khi bạn đang đối mặt với điều quan trọng. Nói chuyện với người bạn tin tưởng — đôi khi chỉ cần được lắng nghe là nhẹ hơn nhiều rồi. Từng bước nhỏ vẫn là tiến về phía trước.
"hi vọng nhiều rồi nhận kết quả ngược lại, chời ơi kh biết làm sao 😶",that_vong,Cuộc sống,casual,"ugh biết cảm giác đó rồi, mình hiểu cảm giác đó, không dễ gì nuốt được đâu. đừng để thất vọng lần này định nghĩa mình, ok không? mình tin bạn sẽ vượt qua được."
"ae tư vấn giúp, tìm dc hướng đi rõ ràng hơn cho tương lai thì nên làm sao 😌",hy_vong,Cuộc sống,casual,ôi nghe mà có động lực lây luôn á 🌱 mình cũng tin vào bạn nha~ đừng để ai lấy đi cái tinh thần đó của mình nghen! mình chờ nghe tin vui từ bạn nhé~
"Sắp trả tiền trọ mà lương chưa về, hôm nay không biết làm sao huhu",lo_au,Cuộc sống,casual,"bình tĩnh đi bạn ơi, lo nhiều cũng không giải quyết được gì thêm đâu nha. uống ly nước rồi chia nhỏ vấn đề ra xử lý từng cái nhé! ổn thôi bạn ơi!"
Mình đang bị taxi chặt chém gấp đôi giá lúc đang vội nè 👊,gian_du,Giao thông,casual,"bực ghê nơi! tức như vậy là phải rồi. thả lỏng ra đi, đừng để nó chiếm hết ngày của mình. không đáng mất sức đâu bạn ơi 😤"
Hôm nay áp lực kpi tháng này cao quá 😱,lo_au,Công việc,casual,"oke oke, thấy lo như vậy là bình thường mà. đừng nhìn cả đống cùng lúc, từng bước nhỏ thôi! cố lên nhé!"
Tao đang bị phải gánh team vì mấy đứa lười nè 🤬,gian_du,Công việc,casual,bực ghê nơi! tức như vậy là phải rồi. xả ra bằng cách đi dạo hoặc nghe nhạc to đi! mình tin bạn sẽ xử lý được thôi.
"ae tư vấn giúp, đang suy nghĩ về một quyết định chưa bt nên làm hay ko thì nên làm sao 🙂",trung_tinh,Cuộc sống,casual,"aha hiểu rồi! ngày bình thường mà, cũng có cái vui của nó. có gì muốn kể thêm thì cứ kể nhé! ngày mai sẽ có nhiều chuyện hay hơn nha!"
Ae ơi taxi chặt chém gấp đôi giá lúc đang vội 💢,gian_du,Giao thông,casual,"ugh tức thật! ai gặp cũng điên tiết thôi bạn ơi. thả lỏng ra đi, đừng để nó chiếm hết ngày của mình. mình tin bạn sẽ xử lý được thôi."
"khách hàng gửi email khen ngợi mình, chời ơi không bt làm sao =))",vui,Công việc,casual,hết sẩy! kết quả xứng đáng với cố gắng của bạn rồi đó! tự thưởng cho mình đi nào~ tiếp tục phát huy nhé!
"vừa được giao nhiệm vụ mới thú vị hơn xong, thất vọng ghê 🙏",hy_vong,Công việc,casual,"xịn lắm nè! cứ giữ năng lượng đó nhé, mọi thứ đang đi đúng hướng rồi! cứ từng bước nhỏ là đủ rồi! tiến lên thôi!"
Hôm nay đang bị sau thời gian dài cuối cùng đã liên lạc lại dc nè 🌱,hy_vong,Tình cảm,casual,ôi nghe mà có động lực lây luôn á 🌱 hy vọng như vậy là động lực để tiến lên đó! đừng để ai lấy đi cái tinh thần đó của mình nghen! mình chờ nghe tin vui từ bạn nhé~
"Ae tư vấn giúp, hôm nay họp nhiều, không có gì nổi bật thì nên làm sao 🙂",trung_tinh,Công việc,deep,"Đôi khi những ngày không có gì đặc biệt lại có giá trị riêng của nó. Bình yên cũng là một trạng thái đáng trân trọng. Nếu bạn đang cân nhắc điều gì đó, hãy cho mình thêm thời gian suy nghĩ. Mình ở đây nếu bạn cần nói chuyện."
"sợ rớt môn, ảnh hưởng học bổng, tao k biết làm sao huhu",lo_au,Học tập,casual,hít thở sâu nào 😅 ai gặp chuyện đó cũng rén thôi. uống ly nước rồi chia nhỏ vấn đề ra xử lý từng cái nhé! cố lên nhé!
"Thiệt tình bài thi được điểm cao ngoài mong đợi, chán ✨",vui,Học tập,casual,"wow xịn xò vậy! kết quả xứng đáng với cố gắng của bạn rồi đó! lưu khoảnh khắc này lại, sau nhìn lại vẫn còn vui mà. chúc mừng bạn nha 🥳"
Mk đang cân nhắc chuyện đổi việc nhưng chưa quyết ...,trung_tinh,Công việc,casual,"hmmm thế thì cũng oke nha, đôi khi yên ổn cũng là một loại hạnh phúc đó! nếu cần tâm sự thì mình ở đây~ ngày mai sẽ có nhiều chuyện hay hơn nha!"
"Chời ơi ngày bình thường, làm việc r về 🙂",trung_tinh,Cuộc sống,deep,Đôi khi những ngày bình thường lại có giá trị riêng. Không cần lúc nào cũng phải vui hoặc buồn — chỉ cần là chính mình thôi. Hãy để tâm trí được nghỉ ngơi — nó cũng cần được nạp lại. Mình ở đây nếu bạn cần nói chuyện.
"Thiệt tình pass môn khó nhất học kỳ, chán ✨",vui,Học tập,deep,Mình rất vui khi nghe tin này. Niềm vui này bạn hoàn toàn xứng đáng có được. Hãy trân trọng khoảnh khắc này và chia sẻ với những người đã đồng hành. Mình tin đây chỉ là bước đầu trong hành trình dài.
Hôm nay đợi mãi một cơ hội mà nó không đến 😶,that_vong,Cuộc sống,casual,"nặng lòng ghê, không phải lỗi của mình đâu nha. reset lại đi bạn, rồi thứ tốt hơn sẽ đến thôi~ mình tin bạn sẽ vượt qua được."
Ae ơi tin tưởng đồng nghiệp mà bị phản bội haizzz,that_vong,Công việc,casual,"nghe mà buồn cho bạn quá 💔 kỳ vọng lớn mà bị hẫng thì đau thiệt. đừng để thất vọng lần này định nghĩa mình, ok không? mình tin bạn sẽ vượt qua được."
"pass môn khó nhất học kỳ, tui không biết làm sao =))",vui,Học tập,casual,"hết sẩy! nghe mà vui lây =)) lưu khoảnh khắc này lại, sau nhìn lại vẫn còn vui mà. mình vui cho bạn lắm!"
Ae ơi đang bị đặt mục tiêu cho năm này mà chẳng đạt đc gì nè ugh,that_vong,Bản thân,casual,"nghe mà buồn cho bạn quá 💔 kỳ vọng lớn mà bị hẫng thì đau thiệt. đừng để thất vọng lần này định nghĩa mình, ok không? rồi sẽ tốt hơn thôi bạn ơi."
"Ae tư vấn giúp, tìm được hướng đi rõ ràng hơn cho tương lai thì nên làm sao",hy_vong,Cuộc sống,deep,"Thật đáng quý khi bạn vẫn giữ được cái nhìn tích cực này. Cảm giác bắt đầu thấy ánh sáng ở cuối đường hầm rất đáng trân trọng. Đừng so sánh tiến độ của mình với người khác — hành trình của bạn là của riêng bạn. Cứ tiến lên, mình cổ vũ bạn."
"Ae tư vấn giúp, sắp trả tiền trọ mà lương chưa về thì nên làm sao huhu",lo_au,Cuộc sống,casual,"ôi thôi ai gặp chuyện đó cũng rén thôi. cứ làm hết sức thôi, kết quả đến sau nha~ ổn thôi bạn ơi!"
Trời ơi đang bị thất bại lần này sau khi đã chuẩn bị rất kỹ nè 😶,that_vong,Bản thân,casual,"haizzz đặt kỳ vọng cao rồi bị hẫng đau lắm, kỳ vọng lớn mà bị hẫng thì đau thiệt. coi như bài học đắt giá nghen! rồi sẽ tốt hơn thôi bạn ơi."
"vừa hàng giao sai size mà đổ lỗi do mình đặt nhầm xong, buồn ghê 👊",gian_du,Dịch vụ,casual,đúng là củ chuối không chịu được 🤬 nghe mà mình cũng bực lây nè. xả ra bằng cách đi dạo hoặc nghe nhạc to đi! thôi bỏ qua cho nhẹ đầu nhé!
"Gọi hotline chăm sóc khách hàng cúp máy giữa chừng, tao ko bt làm sao 😡",gian_du,Dịch vụ,casual,"đúng là củ chuối không chịu được 🤬 tức như vậy là phải rồi. hít thở nào, giận quá dễ nói sai rồi hối hận =)) không đáng mất sức đâu bạn ơi 😤"
Ngl sợ tỏ tình xong bị từ chối thì mất cả tình bạn 😥,lo_au,Tình cảm,casual,"oke oke, thấy lo như vậy là bình thường mà. thử tắt điện thoại một lúc, focus vào 1 việc thôi. cố lên nhé!"
Mk đang bị làm đúng quy trình mà vẫn bị chỉ trích nè ugh,that_vong,Công việc,casual,"ugh biết cảm giác đó rồi, không phải lỗi của mình đâu nha. coi như bài học đắt giá nghen! mình tin bạn sẽ vượt qua được."
Tớ đang bị sắp tới deadline mà chưa làm được gì nè huhu,lo_au,Công việc,casual,"oke oke, ai gặp chuyện đó cũng rén thôi. cứ làm hết sức thôi, kết quả đến sau nha~ cố lên nhé!"
"Thiệt tình áp lực kpi tháng này cao quá, chán 😱",lo_au,Công việc,casual,"ôi thôi lo nhiều cũng không giải quyết được gì thêm đâu. cứ làm hết sức thôi, kết quả đến sau nha~ mọi chuyện rồi sẽ qua thôi 💪"
Hôm nay bạn cũ từ xa về thăm bất ngờ,vui,Tình cảm,casual,hết sẩy! kết quả xứng đáng với cố gắng của bạn rồi đó! ăn gì ngon ngon ăn mừng đi! mình vui cho bạn lắm!
Ae ơi đang bị bắt đầu một thói quen mới và duy trì dc 2 tuần rồi nè 🙏,hy_vong,Cuộc sống,casual,ôi nghe mà có động lực lây luôn á 🌱 hy vọng như vậy là động lực để tiến lên đó! chúc mọi thứ diễn ra suôn sẻ nhé ✨ mình chờ nghe tin vui từ bạn nhé~
Tao lo bảo vệ luận văn bị giáo viên phản biện nặng 🥲,lo_au,Học tập,casual,"bình tĩnh đi bạn ơi, ai gặp chuyện đó cũng rén thôi. đừng nhìn cả đống cùng lúc, từng bước nhỏ thôi! ổn thôi bạn ơi!"
Chời ơi đang bị đặt nhiều kỳ vọng vào ng ấy mà họ không quan tâm nè 😶,that_vong,Tình cảm,casual,"haizzz đặt kỳ vọng cao rồi bị hẫng đau lắm, mình hiểu cảm giác đó, không dễ gì nuốt được đâu. coi như bài học đắt giá nghen! bạn vẫn ổn mà, cứ tiến lên thôi! 💪"
"vừa phải gánh team vì mấy đứa lười xong, vui ghê 😡",gian_du,Công việc,casual,"bực ghê nơi! đúng là vô lý không chịu được. thả lỏng ra đi, đừng để nó chiếm hết ngày của mình. giận xong thì thôi, đừng giữ mãi."
Nói thật là tin vào người mà cuối cùng bị lừa dối 😶,that_vong,Bản thân,casual,"ugh biết cảm giác đó rồi, kỳ vọng lớn mà bị hẫng thì đau thiệt. đừng để thất vọng lần này định nghĩa mình, ok không? bạn vẫn ổn mà, cứ tiến lên thôi! 💪"
"Ae tư vấn giúp, khối lượng công việc ngập đầu không biết bắt đầu từ đâu thì nên làm sao 😱",lo_au,Công việc,casual,"ôi thôi thấy lo như vậy là bình thường mà. đừng nhìn cả đống cùng lúc, từng bước nhỏ thôi! cố lên nhé!"
Ae ơi đợi mãi một cơ hội mà nó không đến 😞,that_vong,Cuộc sống,casual,"nặng lòng ghê, không phải lỗi của mình đâu nha. đừng để thất vọng lần này định nghĩa mình, ok không? rồi sẽ tốt hơn thôi bạn ơi."
"hôm nay sợ rớt môn, ảnh hưởng học bổng",lo_au,Học tập,casual,"oke oke, thấy lo như vậy là bình thường mà. thử tắt điện thoại một lúc, focus vào 1 việc thôi. ổn thôi bạn ơi!"
Ngl đang bị chia tay xong cứ thấy trống rỗng nè 😞,buon,Tình cảm,casual,"trời ơi nghe mà tủi thân giùm 😢 nghe mà thương bạn lắm luôn. buồn thì cứ khóc ra cho nhẹ lòng, đừng giữ trong bụng. có mình nè, đừng lo."
Dạo này sau giai đoạn khó khăn cảm thấy mọi thứ đang tốt lên 🌱,hy_vong,Cuộc sống,casual,xịn lắm nè! kế hoạch rõ ràng rồi thì cứ thế mà tiến thôi! cứ từng bước nhỏ là đủ rồi! tiến lên thôi!
Mk đang bị nhớ người yêu cũ khi trời mưa nè 😞,buon,Tình cảm,deep,"Cảm ơn bạn đã chia sẻ với mình. Bạn không yếu đuối khi buồn — bạn rất can đảm khi chia sẻ điều này. Hãy cho phép bản thân cảm nhận nó, đừng vội ổn ngay. Thời gian sẽ chữa lành mọi thứ."
"ae tư vấn giúp, chưa học chữ nào mà mai thi rồi thì nên làm sao huhu",lo_au,Học tập,casual,"oke oke, overthinking kiểu này mệt lắm đúng không? đừng nhìn cả đống cùng lúc, từng bước nhỏ thôi! mọi chuyện rồi sẽ qua thôi 💪"
"lương về rồi, ae ơi k bt làm sao",vui,Cuộc sống,casual,trời ơi hay quá vậy?! xứng đáng lắm luôn! nhớ chia sẻ niềm vui với người thân nha! mình vui cho bạn lắm!
Ủa đang bị lo mối quan hệ đang dần nhạt đi nè 🥲,lo_au,Tình cảm,deep,Mình hiểu bạn đang cảm thấy rất áp lực. Lo âu đôi khi là tín hiệu bạn đang quan tâm đến điều quan trọng. Hãy thử chia nhỏ vấn đề ra và xử lý từng phần một. Bạn không cần giải quyết tất cả cùng lúc đâu.
Tớ không bt ng ấy có thật sự thích mk không huhu,lo_au,Tình cảm,casual,"ôi thôi lo nhiều cũng không giải quyết được gì thêm đâu nha. cứ làm hết sức thôi, kết quả đến sau nha~ mọi chuyện rồi sẽ qua thôi 💪"
"đang xem phim nhưng khum có cảm xúc gì mạnh, trời ơi không biết làm sao ...",trung_tinh,Suy nghĩ,deep,"Cảm ơn bạn đã chia sẻ. Bình yên cũng là một trạng thái đáng trân trọng. Nếu bạn đang cân nhắc điều gì đó, hãy cho mình thêm thời gian suy nghĩ. Mình ở đây nếu bạn cần nói chuyện."
"xa nhà lâu quá nhớ mọi người, nói thật là không biết làm sao",buon,Gia đình,casual,"ôi buồn quá, nghe mà thương bạn lắm luôn. ra ngoài đi dạo một chút cho thoáng đầu nhé. mai lại oke thôi! 💙"
Chời ơi đang bị tìm dc hướng đi rõ ràng hơn cho tương lai nè 🤞,hy_vong,Cuộc sống,casual,xịn lắm nè! mình cũng tin vào bạn nha~ cứ từng bước nhỏ là đủ rồi! cổ vũ bạn 100% nè! 🤞
Chời ơi đang bị hôm nay không có gì đặc biệt lắm nè 🙂,trung_tinh,Cuộc sống,casual,"bình bình vậy cũng ổn mà, đôi khi yên ổn cũng là một loại hạnh phúc đó! nếu cần tâm sự thì mình ở đây~ cứ thư giãn đi nhé~"
Mn ơi đang bị đặt phòng khách sạn xong đến nơi bảo hết phòng nè 😡,gian_du,Dịch vụ,casual,bực ghê nơi! đúng là vô lý không chịu được. xả ra bằng cách đi dạo hoặc nghe nhạc to đi! không đáng mất sức đâu bạn ơi 😤
Hôm nay đang bị bị đồng nghiệp nhận công của mk trước mặt sếp nè 🔥,gian_du,Công việc,casual,đúng là củ chuối không chịu được 🤬 đúng là vô lý không chịu được. xả ra bằng cách đi dạo hoặc nghe nhạc to đi! thôi bỏ qua cho nhẹ đầu nhé!
"vừa bài thi dc điểm cao ngoài mong đợi xong, hy vọng ghê 🤩",vui,Học tập,deep,Thành quả đáng được trân trọng. Những nỗ lực của bạn đã được đền đáp xứng đáng. Hãy trân trọng khoảnh khắc này và chia sẻ với những người đã đồng hành. Chúc bạn tiếp tục gặt hái thêm nhiều thành quả.
Trời ơi đang bị người yêu tặng quà bất ngờ nè ✨,vui,Tình cảm,casual,hết sẩy! kết quả xứng đáng với cố gắng của bạn rồi đó! cứ đà này thì ngon lành luôn! chúc mừng bạn nha 🥳
"bạn cũ từ xa về thăm bất ngờ, ae ơi không biết làm sao =))",vui,Tình cảm,casual,yayyy 🎉🎉 nghe mà vui lây =)) ăn gì ngon ngon ăn mừng đi! giữ phong độ nhé bạn ơi!
"Vừa bị kể chuyện riêng tư cho người khác dù đã dặn giữ kín xong, thất vọng ghê 🔥",gian_du,Bạn bè / Người thân,casual,đúng là củ chuối không chịu được 🤬 ai gặp cũng điên tiết thôi bạn ơi. xả ra bằng cách đi dạo hoặc nghe nhạc to đi! thôi bỏ qua cho nhẹ đầu nhé!
"thiệt tình lương về r, chán 🥰",vui,Cuộc sống,casual,trời ơi hay quá vậy?! nghe mà vui lây =)) cứ đà này thì ngon lành luôn! mình vui cho bạn lắm!
"Vừa đang code xong thì cúp điện mất hết xong, hy vọng ghê",gian_du,Công việc,deep,"Mình hiểu tại sao bạn cảm thấy như vậy. Phản ứng như vậy là hoàn toàn bình thường trước tình huống này. Sau khi bình tĩnh, nghĩ xem cách xử lý nào có lợi nhất cho bạn. Mình ở đây ủng hộ bạn."
Chời ơi đang bị tự nhiên ngồi nhìn ra cửa sổ và nghĩ linh tinh nè 🙂,trung_tinh,Suy nghĩ,casual,"hmmm thế thì cũng oke nha, đôi khi yên ổn cũng là một loại hạnh phúc đó! có gì muốn kể thêm thì cứ kể nhé! ngày mai sẽ có nhiều chuyện hay hơn nha!"
"bắt đầu một thói quen mới và duy trì được 2 tuần r, dạo này không bt làm sao 😌",hy_vong,Cuộc sống,casual,"xịn lắm nè! kế hoạch rõ ràng rồi thì cứ thế mà tiến thôi! chia sẻ kế hoạch này với người thân, được ủng hộ thêm sẽ vững hơn. tiến lên thôi!"
Tao đang bị ôn thi xong cảm thấy tự tin hơn nhiều nè ✨,hy_vong,Học tập,casual,"xịn lắm nè! cứ giữ năng lượng tích cực đó nhé, mọi thứ đang đi đúng hướng rồi! chúc mọi thứ diễn ra suôn sẻ nhé ✨ mình chờ nghe tin vui từ bạn nhé~"
"Vừa dự án mới bắt đầu và cảm giác rất tiềm năng xong, vui ghê",hy_vong,Công việc,casual,xịn lắm nè! mình cũng tin vào bạn nha~ đừng để ai lấy đi cái tinh thần đó của mình nghen! mình chờ nghe tin vui từ bạn nhé~
Hôm nay ng yêu tặng quà bất ngờ 😎,vui,Tình cảm,deep,Thành quả đáng được trân trọng. Niềm vui này bạn hoàn toàn xứng đáng có được. Hãy trân trọng khoảnh khắc này và chia sẻ với những người đã đồng hành. Hãy giữ mãi năng lượng tích cực này nhé.
"Được thăng chức sau kỳ đánh giá, hôm nay khum biết làm sao 🎉",vui,Công việc,casual,wow xịn xò vậy! nghe mà vui lây =)) tự thưởng cho mình đi nào~ tiếp tục phát huy nhé!
"ae tư vấn giúp, không biết mk đang đi đúng hướng không thì nên làm sao",lo_au,Cuộc sống,deep,Lo âu như vậy thực sự rất nặng nề. Đây là phản ứng bình thường khi đối mặt với áp lực lớn. Nói chuyện với người tin tưởng — đôi khi chỉ cần được lắng nghe là nhẹ hơn nhiều. Bạn không cần giải quyết tất cả cùng lúc đâu.
hôm nay đợi mãi một cơ hội mà nó ko đến ugh,that_vong,Cuộc sống,deep,Mình nghe bạn và thấy điều này không dễ dàng chút nào. Kỳ vọng bị phá vỡ luôn để lại dấu ấn sâu. Hãy cho bản thân thời gian để xử lý cảm xúc này trước khi tiếp tục. Bạn vẫn đang tiến về phía trước dù chưa thấy rõ.
"Vừa nhìn lại năm qua thấy chẳng đạt dc gì xong, thất vọng ghê haiz",buon,Cuộc sống,casual,"trời ơi nghe mà tủi thân giùm 😢 nghe mà thương bạn lắm luôn. bật phim hoặc nhạc chill đi nào! có mình nè, đừng lo."
Hôm nay yêu thật lòng mà không dc đáp lại ugh,that_vong,Tình cảm,casual,"ugh biết cảm giác đó rồi, mình hiểu cảm giác đó, không dễ gì nuốt được đâu. coi như bài học đắt giá nghen! mình tin bạn sẽ vượt qua được."
"Chời ơi đang bị sợ rớt môn, ảnh hưởng học bổng nè 😱",lo_au,Học tập,casual,ôi thôi mình hiểu cảm giác đó lắm! ghi ra giấy hết những gì đang lo rồi ưu tiên từng cái. mình tin bạn làm được mà~
Ngl tài khoản cạn tiền mà tháng còn dài lắm 🥲,lo_au,Cuộc sống,casual,hít thở sâu nào 😅 thấy lo như vậy là bình thường mà. ghi ra giấy hết những gì đang lo rồi ưu tiên từng cái. mình tin bạn làm được mà~
"ae tư vấn giúp, nhận học bổng du học thì nên làm sao =))",vui,Học tập,casual,hết sẩy! nghe mà vui lây =)) nhớ chia sẻ niềm vui với người thân nha! chúc mừng bạn nha 🥳
"Tìm được hướng đi rõ ràng hơn cho tương lai, tui k bt làm sao ✨",hy_vong,Cuộc sống,casual,wow nhìn thấy vậy vui ghê! mình cũng tin vào bạn nha~ đừng để ai lấy đi cái tinh thần đó của mình nghen! cổ vũ bạn 100% nè! 🤞
Hôm nay nhận học bổng du học 🎉,vui,Học tập,casual,"wow xịn xò vậy! xứng đáng lắm luôn! lưu khoảnh khắc này lại, sau nhìn lại vẫn còn vui mà. mình vui cho bạn lắm!"
Trời ơi đang bị nhận học bổng du học nè 🥰,vui,Học tập,casual,đỉnh của chóp luôn á!! nghe mà vui lây =)) tự thưởng cho mình đi nào~ giữ phong độ nhé bạn ơi!
Hôm nay mượn đồ lâu r k trả mà còn tỏ ra bình thường 💢,gian_du,Bạn bè / Người thân,casual,"đúng là củ chuối không chịu được 🤬 đúng là vô lý không chịu được. thả lỏng ra đi, đừng để nó chiếm hết ngày của mình. mình tin bạn sẽ xử lý được thôi."
Trời ơi sếp ép deadline vô lý không có lý do 💢,gian_du,Công việc,casual,trời ơi nghe mà tức dùm á 😡 ai gặp cũng điên tiết thôi bạn ơi. uống ngụm nước lạnh đi rồi bơ nó ra! mình tin bạn sẽ xử lý được thôi.
"nhớ người yêu cũ khi trời mưa, tao không biết làm sao",buon,Tình cảm,deep,Cảm ơn bạn đã chia sẻ với mình. Buồn như vậy là hoàn toàn bình thường — đừng cố kìm lại. Đôi khi viết ra cảm xúc cũng giúp nhẹ lòng hơn nhiều. Thời gian sẽ chữa lành mọi thứ.
"Bạn bè lúc khó khăn thì không ai xuất hiện, chời ơi không biết làm sao 😶",that_vong,Tình cảm,casual,nghe mà buồn cho bạn quá 💔 thất vọng kiểu này thật sự khó chịu lắm. coi như bài học đắt giá nghen! rồi sẽ tốt hơn thôi bạn ơi.
"Vừa bạn cũ từ xa về thăm bất ngờ xong, bình thường ghê 🥰",vui,Tình cảm,casual,đỉnh của chóp luôn á!! xứng đáng lắm luôn! ăn gì ngon ngon ăn mừng đi! mình vui cho bạn lắm!
"vừa bị kể chuyện riêng tư cho người khác dù đã dặn giữ kín xong, bình thường ghê 😤",gian_du,Bạn bè / Người thân,casual,"ugh tức thật! tức như vậy là phải rồi. thả lỏng ra đi, đừng để nó chiếm hết ngày của mình. không đáng mất sức đâu bạn ơi 😤"
Tui đang bị khách hàng dời lịch sát giờ kh báo trước nè 😡,gian_du,Công việc,deep,"Cảm giác bất công đó rất thật. Phản ứng như vậy là hoàn toàn bình thường trước tình huống này. Nếu cần, hãy nói thẳng ra một cách bình tĩnh — giữ im lặng mãi cũng không tốt. Mình ở đây ủng hộ bạn."
"Vừa ba mẹ cứ cãi nhau và có vẻ sắp ly hôn xong, thất vọng ghê haiz",buon,Gia đình,casual,"trời ơi nghe mà tủi thân giùm 😢 đừng cố tỏ ra ổn, có mình ở đây nè. ra ngoài đi dạo một chút cho thoáng đầu nhé. mình ở đây nghe bạn kể nhé~"
"Làm đúng quy trình mà vẫn bị chỉ trích, mk không bt làm sao 💔",that_vong,Công việc,casual,"nặng lòng ghê, thất vọng kiểu này thật sự khó chịu lắm. đừng để thất vọng lần này định nghĩa mình, ok không? mình tin bạn sẽ vượt qua được."
"bị xe tạt nước suốt người khi đang đi đường, mình kh biết làm sao",gian_du,Giao thông,deep,"Sự bực bội của bạn hoàn toàn chính đáng. Đôi khi ranh giới cần được giữ vững và điều đó đúng. Sau khi bình tĩnh, nghĩ xem cách xử lý nào có lợi nhất cho bạn. Bạn không cần nuốt bực bội vào trong mãi."
Tớ đang bị ôn thi xong cảm thấy tự tin hơn nhiều nè 😌,hy_vong,Học tập,casual,"ôi nghe mà có động lực lây luôn á 🌱 cứ giữ năng lượng đó nhé, mọi thứ đang đi đúng hướng rồi! chia sẻ kế hoạch này với người thân, được ủng hộ thêm sẽ vững hơn. tiến lên thôi!"
"ae tư vấn giúp, không về kịp gặp ng thân lần cuối thì nên làm sao haiz",buon,Gia đình,casual,"ôi buồn quá, buồn như vậy thì ai cũng cần được chia sẻ mà. buồn thì cứ khóc ra cho nhẹ lòng, đừng giữ trong bụng. rồi sẽ qua thôi bạn ơi."
"Phải gánh team vì mấy đứa lười, tui không biết làm sao 😡",gian_du,Công việc,casual,"đúng là củ chuối không chịu được 🤬 đúng là vô lý không chịu được. thả lỏng ra đi, đừng để nó chiếm hết ngày của mình. không đáng mất sức đâu bạn ơi 😤"
Tớ hi vọng nhiều rồi nhận kết quả ngược lại 😞,that_vong,Cuộc sống,casual,"haizzz đặt kỳ vọng cao rồi bị hẫng đau lắm, không phải lỗi của mình đâu nha. thử nhìn lại mình học được gì từ lần này nhé. mình tin bạn sẽ vượt qua được."
Ngl đang bị chốt hợp đồng lớn sau bao ngày nỗ lực nè 😎,vui,Công việc,casual,wow xịn xò vậy! xứng đáng lắm luôn! cứ đà này thì ngon lành luôn! mình vui cho bạn lắm!
hôm nay không về kịp gặp ng thân lần cuối 💔,buon,Gia đình,casual,"ôm bạn nè 🥺 buồn như vậy thì ai cũng cần được chia sẻ mà. gọi cho bạn thân tâm sự đi, đừng ôm một mình. mai lại oke thôi! 💙"
Trời ơi đang bị ôn thi xong cảm thấy tự tin hơn nhiều nè 🌱,hy_vong,Học tập,casual,xịn lắm nè! kế hoạch rõ ràng rồi thì cứ thế mà tiến thôi! cứ từng bước nhỏ là đủ rồi! tiến lên thôi!
Tao làm lành với người thân sau trận cãi,vui,Tình cảm,casual,"yayyy 🎉🎉 kết quả xứng đáng với cố gắng của bạn rồi đó! lưu khoảnh khắc này lại, sau nhìn lại vẫn còn vui mà. mình vui cho bạn lắm!"
"Gặp ng mới và cảm giác có điểm chung, ae ơi không biết làm sao 🙏",hy_vong,Tình cảm,casual,wow nhìn thấy vậy vui ghê! mình cũng tin vào bạn nha~ cứ từng bước nhỏ là đủ rồi! mình chờ nghe tin vui từ bạn nhé~
"Gặp ng mới và cảm giác có điểm chung, mk không biết làm sao ✨",hy_vong,Tình cảm,casual,xịn lắm nè! kế hoạch rõ ràng rồi thì cứ thế mà tiến thôi! chúc mọi thứ diễn ra suôn sẻ nhé ✨ mình chờ nghe tin vui từ bạn nhé~
Hôm nay cố gắng cả năm nhưng không được thăng chức haiz,buon,Công việc,casual,"haizzz nghe mà thương ghê, nghe mà thương bạn lắm luôn. bật phim hoặc nhạc chill đi nào! rồi sẽ qua thôi bạn ơi."
"Hôm nay khum có gì đặc biệt lắm, dạo này không bt làm sao 😐",trung_tinh,Cuộc sống,casual,"bình bình vậy cũng ổn mà, ngày bình thường mà, cũng có cái vui của nó. có gì muốn kể thêm thì cứ kể nhé! cứ thư giãn đi nhé~"
"Pass môn khó nhất học kỳ, chời ơi không biết làm sao =))",vui,Học tập,casual,wow xịn xò vậy! kết quả xứng đáng với cố gắng của bạn rồi đó! tự thưởng cho mình đi nào~ mình vui cho bạn lắm!
"thiệt tình đặt phòng khách sạn xong đến nơi bảo hết phòng, chán 🔥",gian_du,Dịch vụ,casual,"ugh tức thật! ai gặp cũng điên tiết thôi bạn ơi. uống ngụm nước lạnh đi rồi bơ nó ra! giận xong thì thôi, đừng giữ mãi."
"Thiệt tình hôm nay khum có gì đặc biệt lắm, chán",trung_tinh,Cuộc sống,deep,Trạng thái trung dung cũng là một phần bình thường của cuộc sống. Bình yên cũng là một trạng thái đáng trân trọng không kém gì niềm vui. Đôi khi không làm gì cũng là một lựa chọn đúng đắn. Bình yên nhé.
"hôm nay hôm nay họp nhiều, kh có gì nổi bật 🙂",trung_tinh,Công việc,casual,"aha hiểu rồi! không phải lúc nào cũng cần có gì to tát đâu, ngày bình thường cũng có cái hay của nó. ngày bình thường cũng nạp năng lượng được mà 😌 ngày mai sẽ có nhiều chuyện hay hơn nha!"
"Ae tư vấn giúp, tìm được wan cà phê ưng ý mới thì nên làm sao ✨",vui,Cuộc sống,deep,Mình rất vui khi nghe tin này. Những nỗ lực của bạn đã được đền đáp xứng đáng. Đừng quên ghi nhận lại hành trình đã qua — nó sẽ là nguồn cảm hứng sau này. Mình tin đây chỉ là bước đầu trong hành trình dài.
Mk khách hàng dời lịch sát giờ không báo trước 👊,gian_du,Công việc,casual,đúng là củ chuối không chịu được 🤬 nghe mà mình cũng bực lây nè. xả ra bằng cách đi dạo hoặc nghe nhạc to đi! thôi bỏ qua cho nhẹ đầu nhé!
"Vừa đang cân nhắc chuyện đổi việc nhưng chưa quyết xong, hy vọng ghê",trung_tinh,Công việc,casual,"à ra vậy, cứ để ngày trôi qua tự nhiên thôi, không cần rush. có gì muốn kể thêm thì cứ kể nhé! 🙂 cứ thư giãn đi nhé~"
hôm nay bị overthinking cả đêm ngủ khum được ...,lo_au,Cuộc sống,deep,Mình hiểu bạn đang cảm thấy rất áp lực. Cảm giác bất an đó rất thật và rất khó chịu. Nói chuyện với người tin tưởng — đôi khi chỉ cần được lắng nghe là nhẹ hơn nhiều. Bạn không cần giải quyết tất cả cùng lúc đâu.
Nói thật là đang bị đồng nghiệp thân nhất vừa nghỉ việc nè 😞,buon,Công việc,casual,"ôi buồn quá, đừng cố tỏ ra ổn, có mình ở đây nè. bật phim hoặc nhạc chill đi nào! mình ở đây nghe bạn kể nhé~"
Ngl bị overthinking cả đêm ngủ k dc 😱,lo_au,Cuộc sống,casual,hít thở sâu nào 😅 lo nhiều cũng không giải quyết được gì thêm đâu nha. uống ly nước rồi chia nhỏ vấn đề ra xử lý từng cái nhé! ổn thôi bạn ơi!
"thiệt tình bạn hẹn đi ăn rồi tự nhiên cancel không lý do, chán",gian_du,Bạn bè / Người thân,deep,"Sự bực bội của bạn hoàn toàn chính đáng. Phản ứng như vậy là hoàn toàn bình thường trước tình huống này. Sau khi bình tĩnh, nghĩ xem cách xử lý nào có lợi nhất cho bạn. Mình ở đây ủng hộ bạn."
Ngl đang bị cảm giác mối quan hệ đang ấm lên dần nè 🤞,hy_vong,Tình cảm,casual,ôi nghe mà có động lực lây luôn á 🌱 mình cũng tin vào bạn nha~ chúc mọi thứ diễn ra suôn sẻ nhé ✨ tiến lên thôi!
"Cố gắng thay đổi bản thân mà cứ quay về điểm cũ, hôm nay không biết làm sao",that_vong,Bản thân,deep,Mình nghe bạn và thấy điều này không dễ dàng chút nào. Cảm giác bị phản bội hay hẫng hụt là rất thực và đáng được thừa nhận. Đừng vội kết luận về bản thân chỉ vì một kết quả chưa như ý. Bạn vẫn đang tiến về phía trước dù chưa thấy rõ.
"Thiệt tình tin tưởng đồng nghiệp mà bị phản bội, chán ugh",that_vong,Công việc,casual,"nặng lòng ghê, thất vọng kiểu này thật sự khó chịu lắm. coi như bài học đắt giá nghen! mình tin bạn sẽ vượt qua được."
"thiệt tình taxi chặt chém gấp đôi giá lúc đang vội, chán 🤬",gian_du,Giao thông,casual,"ugh tức thật! tức như vậy là phải rồi. hít thở nào, giận quá dễ nói sai rồi hối hận =)) mình tin bạn sẽ xử lý được thôi."
Tớ đang bị đang cân nhắc chuyện đổi việc nhưng chưa quyết nè,trung_tinh,Công việc,casual,"à ra vậy, không phải lúc nào cũng cần có gì to tát đâu. tận hưởng sự bình lặng đó đi bạn ơi. 🙂"
Hôm nay được chọn vào đội tuyển nghiên cứu ✨,vui,Học tập,deep,Thật tuyệt vời khi nghe điều này. Niềm vui này bạn hoàn toàn xứng đáng có được. Hãy trân trọng khoảnh khắc này và chia sẻ với những người đã đồng hành. Mình tin đây chỉ là bước đầu trong hành trình dài.
Mk khum về kịp gặp người thân lần cuối 😞,buon,Gia đình,casual,"ôi buồn quá, cảm giác đó nặng lắm, mình hiểu. bật phim hoặc nhạc chill đi nào! rồi sẽ qua thôi bạn ơi."
Chời ơi đang bị bạn thân sắp chuyển đi xa nè 🥀,buon,Tình cảm,casual,"ôi buồn quá, cảm giác đó nặng lắm, mình hiểu. buồn thì cứ khóc ra cho nhẹ lòng, đừng giữ trong bụng. mình ở đây nghe bạn kể nhé~"
"Ae tư vấn giúp, đặt mục tiêu cho năm này mà chẳng đạt đc gì thì nên làm sao 😞",that_vong,Bản thân,casual,"haizzz đặt kỳ vọng cao rồi bị hẫng đau lắm, không phải lỗi của mình đâu nha. reset lại đi bạn, rồi thứ tốt hơn sẽ đến thôi~ bạn vẫn ổn mà, cứ tiến lên thôi! 💪"
Ngl sợ tỏ tình xong bị từ chối thì mất cả tình bạn huhu,lo_au,Tình cảm,casual,"oke oke, thấy lo như vậy là bình thường mà. uống ly nước rồi chia nhỏ vấn đề ra xử lý từng cái nhé! ổn thôi bạn ơi!"
Tao tìm được hướng đi rõ ràng hơn cho tương lai 🙏,hy_vong,Cuộc sống,casual,tuyệt vời đó bạn! mình cũng tin vào bạn nha~ chúc mọi thứ diễn ra suôn sẻ nhé ✨ tiến lên thôi!
Nói thật là đang bị cố gắng cả năm nhưng không được thăng chức nè 🥀,buon,Công việc,casual,trời ơi nghe mà tủi thân giùm 😢 nghe mà thương bạn lắm luôn. ra ngoài đi dạo một chút cho thoáng đầu nhé. rồi sẽ qua thôi bạn ơi.
hôm nay sau giai đoạn khó khăn cảm thấy mọi thứ đang tốt lên 🙏,hy_vong,Cuộc sống,casual,tuyệt vời đó bạn! kế hoạch rõ ràng rồi thì cứ thế mà tiến thôi! chúc mọi thứ diễn ra suôn sẻ nhé ✨ mình chờ nghe tin vui từ bạn nhé~
"Không biết mk có đủ năng lực cho vị trí mới không, ngl không biết làm sao huhu",lo_au,Công việc,casual,từ từ nào! overthinking kiểu này mệt lắm đúng không? uống ly nước rồi chia nhỏ vấn đề ra xử lý từng cái nhé! cố lên nhé!
"Thiệt tình tin tưởng đồng nghiệp mà bị phản bội, chán",that_vong,Công việc,casual,"nặng lòng ghê, thất vọng kiểu này thật sự khó chịu lắm. coi như bài học đắt giá nghen! rồi sẽ tốt hơn thôi bạn ơi."
"ae tư vấn giúp, khách hàng dời lịch sát giờ không báo trước thì nên làm sao 🔥",gian_du,Công việc,casual,"đúng là củ chuối không chịu được 🤬 ai gặp cũng điên tiết thôi bạn ơi. xả ra bằng cách đi dạo hoặc nghe nhạc to đi! giận xong thì thôi, đừng giữ mãi."
Mn ơi lo bảo vệ luận văn bị giáo viên phản biện nặng 😰,lo_au,Học tập,casual,"từ từ nào! mình hiểu cảm giác đó lắm! cứ làm hết sức thôi, kết quả đến sau nha~ mọi chuyện rồi sẽ qua thôi 💪"
hôm nay cố gắng cả năm nhưng kh được thăng chức 😢,buon,Công việc,casual,"haizzz nghe mà thương ghê, nghe mà thương bạn lắm luôn. buồn thì cứ khóc ra cho nhẹ lòng, đừng giữ trong bụng. mình ở đây nghe bạn kể nhé~"
Hôm nay bị xe tạt nước suốt ng khi đang đi đường 😡,gian_du,Giao thông,deep,Mình hiểu tại sao bạn cảm thấy như vậy. Phản ứng như vậy là hoàn toàn bình thường trước tình huống này. Hãy để cơn tức nguôi trước khi phản ứng — quyết định lúc nóng thường không tốt. Mình ở đây ủng hộ bạn.
Mn ơi bị ng thân khum ủng hộ điều mk tin tưởng,that_vong,Tình cảm,casual,"haizzz đặt kỳ vọng cao rồi bị hẫng đau lắm, kỳ vọng lớn mà bị hẫng thì đau thiệt. thử nhìn lại mình học được gì từ lần này nhé. mình tin bạn sẽ vượt qua được."
"thiệt tình khách hàng gửi email khen ngợi mình, chán",vui,Công việc,casual,trời ơi hay quá vậy?! nghe mà vui lây =)) tự thưởng cho mình đi nào~ mình vui cho bạn lắm!
Chời ơi đang bị ôn thi xong cảm thấy tự tin hơn nhiều nè 😌,hy_vong,Học tập,casual,wow nhìn thấy vậy vui ghê! mình cũng tin vào bạn nha~ chúc mọi thứ diễn ra suôn sẻ nhé ✨ mình chờ nghe tin vui từ bạn nhé~
Mk đang bị cảm giác mối quan hệ đang ấm lên dần nè 😌,hy_vong,Tình cảm,casual,wow nhìn thấy vậy vui ghê! mình cũng tin vào bạn nha~ cứ từng bước nhỏ là đủ rồi! tiến lên thôi!
Mk đang bị bốc thăm trúng phần thưởng to nè 🎉,vui,Cuộc sống,casual,trời ơi hay quá vậy?! xứng đáng lắm luôn! cứ đà này thì ngon lành luôn! chúc mừng bạn nha 🥳
"Vừa tự nhiên ngồi nhìn ra cửa sổ và nghĩ linh tinh xong, thất vọng ghê",trung_tinh,Suy nghĩ,casual,"bình bình vậy cũng ổn mà, đôi khi yên ổn cũng là một loại hạnh phúc đó! tận hưởng sự bình lặng đó đi bạn ơi. cứ thư giãn đi nhé~"
"Ae tư vấn giúp, nộp hồ sơ học bổng và đang chờ kết quả thì nên làm sao 🌱",hy_vong,Học tập,casual,ôi nghe mà có động lực lây luôn á 🌱 mình cũng tin vào bạn và kế hoạch này nha~ đừng để ai lấy đi cái tinh thần đó của mình nghen! tiến lên thôi!
"Vừa được crush rủ đi chơi cuối tuần xong, hy vọng ghê 😆",vui,Tình cảm,casual,"yayyy 🎉🎉 nghe mà vui lây =)) lưu khoảnh khắc này lại, sau nhìn lại vẫn còn vui mà. giữ phong độ nhé bạn ơi!"
"Đặt nhiều kỳ vọng vào ng ấy mà họ không quan tâm, ngl không bt làm sao 😞",that_vong,Tình cảm,casual,"haizzz đặt kỳ vọng cao rồi bị hẫng đau lắm, không phải lỗi của mình đâu nha. thử nhìn lại mình học được gì từ lần này nhé. mình tin bạn sẽ vượt qua được."
Mn ơi mượn đồ lâu rùi khum trả mà còn tỏ ra bình thường 😡,gian_du,Bạn bè / Người thân,casual,"ugh tức thật! ai gặp cũng điên tiết thôi bạn ơi. bơ đi mà sống, năng lượng của mình quý hơn chứ. giận xong thì thôi, đừng giữ mãi."
"gửi CV và đang chờ kết quả phỏng vấn, mk không biết làm sao 🌱",hy_vong,Công việc,casual,"ôi nghe mà có động lực lây luôn á 🌱 cứ giữ năng lượng tích cực đó nhé, mọi thứ đang đi đúng hướng rồi! đừng để ai lấy đi cái tinh thần đó của mình nghen! cổ vũ bạn 100% nè! 🤞"
Trời ơi đang bị khối lượng công việc ngập đầu ko bt bắt đầu từ đâu nè 😰,lo_au,Công việc,casual,hít thở sâu nào 😅 lo nhiều cũng không giải quyết được gì thêm đâu. uống ly nước rồi chia nhỏ vấn đề ra xử lý từng cái nhé! ổn thôi bạn ơi!
"chốt đơn thành công món đồ ao ước, hôm nay k bt làm sao",vui,Cuộc sống,casual,yayyy 🎉🎉 xứng đáng lắm luôn! nhớ chia sẻ niềm vui với người thân nha! mình vui cho bạn lắm!
Mình dc thăng chức sau kỳ đánh giá 😆,vui,Công việc,casual,yayyy 🎉🎉 xứng đáng lắm luôn! tự thưởng cho mình đi nào~ giữ phong độ nhé bạn ơi!
Ủa k bt người ấy có ts thích mình không ...,lo_au,Tình cảm,casual,"oke oke, thấy lo như vậy là bình thường mà. thử tắt điện thoại một lúc, focus vào 1 việc thôi. ổn thôi bạn ơi!"
Chời ơi vừa tìm ra phương pháp học mới hiệu quả hơn 🤞,hy_vong,Học tập,casual,"xịn lắm nè! cứ giữ năng lượng đó nhé, mọi thứ đang đi đúng hướng rồi! chúc mọi thứ diễn ra suôn sẻ nhé ✨ tiến lên thôi!"
Tao đang bị hai đứa vừa nói chuyện thẳng và hiểu nhau hơn nè,hy_vong,Tình cảm,casual,tuyệt vời đó bạn! mình cũng tin vào bạn nha~ chúc mọi thứ diễn ra suôn sẻ nhé ✨ mình chờ nghe tin vui từ bạn nhé~
"ae tư vấn giúp, ngồi uống cà phê một mk, tâm trạng bình thường thì nên làm sao",trung_tinh,Suy nghĩ,casual,"à ra vậy, đôi khi yên ổn cũng là một loại hạnh phúc đó! có gì muốn kể thêm thì cứ kể nhé! ngày mai sẽ có nhiều chuyện hay hơn nha!"
Hôm nay đang bị không bt người ấy có thật sự thích mk không nè 😱,lo_au,Tình cảm,casual,"bình tĩnh đi bạn ơi, thấy lo như vậy là bình thường mà. thử tắt điện thoại một lúc, focus vào 1 việc thôi. cố lên nhé!"
"vừa ba mẹ cứ cãi nhau và có vẻ sắp ly hôn xong, vui ghê 😔",buon,Gia đình,deep,Cảm ơn bạn đã chia sẻ với mình. Buồn như vậy là hoàn toàn bình thường — đừng cố kìm lại. Đôi khi viết ra cảm xúc cũng giúp nhẹ lòng hơn nhiều. Thời gian sẽ chữa lành mọi thứ.
Mình bị hứa thưởng nhưng cuối năm lại khum có 💔,that_vong,Công việc,casual,"nặng lòng ghê, thất vọng kiểu này thật sự khó chịu lắm. coi như bài học đắt giá nghen! bạn vẫn ổn mà, cứ tiến lên thôi! 💪"
"vừa chưa học chữ nào mà mai thi rồi xong, thất vọng ghê",lo_au,Học tập,casual,ôi thôi ai gặp chuyện đó cũng rén thôi. ghi ra giấy hết những gì đang lo rồi ưu tiên từng cái. mình tin bạn làm được mà~
hôm nay crush vừa công khai người yêu mới 😞,buon,Tình cảm,casual,"ôi buồn quá, đừng cố tỏ ra ổn, có mình ở đây nè. gọi cho bạn thân tâm sự đi, đừng ôm một mình. rồi sẽ qua thôi bạn ơi."
"ae tư vấn giúp, đang suy nghĩ về một quyết định chưa bt nên làm hay không thì nên làm sao ...",trung_tinh,Cuộc sống,deep,Cảm ơn bạn đã chia sẻ. Những lúc yên ổn như vậy thường là cơ hội tốt để dừng lại và lắng nghe bản thân. Đôi khi không làm gì cũng là một lựa chọn đúng đắn. Mình ở đây nếu bạn cần nói chuyện.
Ủa ba mẹ cứ cãi nhau và có vẻ sắp ly hôn haiz,buon,Gia đình,casual,"ôi buồn quá, đừng cố tỏ ra ổn, có mình ở đây nè. gọi cho bạn thân tâm sự đi, đừng ôm một mình. mai lại oke thôi! 💙"
"thiệt tình vừa đọc xong một bài viết thú vị, chán 🙂",trung_tinh,Cuộc sống,casual,"hmmm thế thì cũng oke nha, không phải lúc nào cũng cần có gì to tát đâu. nếu cần tâm sự thì mình ở đây~ 🙂"
"Vừa nhớ ng yêu cũ khi trời mưa xong, bình thường ghê 😞",buon,Tình cảm,casual,"trời ơi nghe mà tủi thân giùm 😢 cảm giác đó nặng lắm, mình hiểu. ăn gì ngon ngon đi, tự thưởng cho bản thân xíu. có mình nè, đừng lo."
Tao đang bị tin vào người mà cuối cùng bị lừa dối nè haizzz,that_vong,Bản thân,casual,"ugh biết cảm giác đó rồi, thất vọng kiểu này thật sự khó chịu lắm. reset lại đi bạn, rồi thứ tốt hơn sẽ đến thôi~ bạn vẫn ổn mà, cứ tiến lên thôi! 💪"
Hôm nay đang cân nhắc chuyện đổi việc nhưng chưa quyết ...,trung_tinh,Công việc,deep,Đôi khi những ngày bình thường lại có giá trị riêng. Bình yên cũng là một trạng thái đáng trân trọng không kém gì niềm vui. Đôi khi không làm gì cũng là một lựa chọn đúng đắn. Bình yên nhé.
"Ae tư vấn giúp, bị cắt mặt suýt gây tai nạn mà k xin lỗi thì nên làm sao",gian_du,Giao thông,casual,bực ghê nơi! đúng là vô lý không chịu được. uống ngụm nước lạnh đi rồi bơ nó ra! không đáng mất sức đâu bạn ơi 😤
"bốc thăm trúng phần thưởng to, ủa không biết làm sao =))",vui,Cuộc sống,casual,trời ơi hay quá vậy?! kết quả xứng đáng với cố gắng của bạn rồi đó! tự thưởng cho mình đi nào~ tiếp tục phát huy nhé!
Tớ đang bị nhận học bổng du học nè,vui,Học tập,casual,"wow xịn xò vậy! kết quả xứng đáng với cố gắng của bạn rồi đó! lưu khoảnh khắc này lại, sau nhìn lại vẫn còn vui mà. mình vui cho bạn lắm!"
"Ae ơi đang bị công việc ổn định, k có gì nhiều để kể nè 🙂",trung_tinh,Công việc,casual,"hmmm thế thì cũng oke nha, ngày bình thường mà, cũng có cái vui của nó. tận hưởng sự bình lặng đó đi bạn ơi. 🙂"
"vừa thất bại lần này sau khi đã chuẩn bị rất kỹ xong, tức ghê 💔",that_vong,Bản thân,casual,"nặng lòng ghê, kỳ vọng lớn mà bị hẫng thì đau thiệt. coi như bài học đắt giá nghen! bạn vẫn ổn mà, cứ tiến lên thôi! 💪"
hôm nay mọi thứ dạo này cứ xui xẻo liên tục haiz,buon,Cuộc sống,casual,"ôi buồn quá, đừng cố tỏ ra ổn, có mình ở đây nè. bật phim hoặc nhạc chill đi nào! mình ở đây nghe bạn kể nhé~"
"ae tư vấn giúp, chốt hợp đồng lớn sau bao ngày nỗ lực thì nên làm sao 🤩",vui,Công việc,casual,"đỉnh của chóp luôn á!! mình tự hào về bạn ghê nơi ✨ lưu khoảnh khắc này lại, sau nhìn lại vẫn còn vui mà. chúc mừng bạn nha 🥳"
Hôm nay bạn bè lúc khó khăn thì không ai xuất hiện ugh,that_vong,Tình cảm,deep,Mình hiểu bạn đang cảm thấy rất hụt hẫng lúc này. Không phải lúc nào cố gắng cũng cho kết quả như mong muốn — và điều đó không có nghĩa bạn không đủ tốt. Đừng vội kết luận về bản thân chỉ vì một kết quả chưa như ý. Thất vọng không phải điểm kết thúc — hãy tiếp tục.
Chời ơi cảm giác mối quan hệ đang ấm lên dần 😌,hy_vong,Tình cảm,casual,ôi nghe mà có động lực lây luôn á 🌱 kế hoạch rõ ràng rồi thì cứ thế mà tiến thôi! chúc mọi thứ diễn ra suôn sẻ nhé ✨ tiến lên thôi!
"khách hàng dời lịch sát giờ ko báo trước, ae ơi không biết làm sao 😤",gian_du,Công việc,casual,"trời ơi nghe mà tức dùm á 😡 tức như vậy là phải rồi. bơ đi mà sống, năng lượng của mình quý hơn chứ. giận xong thì thôi, đừng giữ mãi."
"vừa cố xây dựng điều gì đó mà bị phá vỡ một cách vô lý xong, thất vọng ghê haizzz",that_vong,Cuộc sống,casual,nghe mà buồn cho bạn quá 💔 kỳ vọng lớn mà bị hẫng thì đau thiệt. coi như bài học đắt giá nghen! mình tin bạn sẽ vượt qua được.
Mk sắp tới deadline mà chưa làm dc gì,lo_au,Công việc,casual,"từ từ nào! thấy lo như vậy là bình thường mà. đừng nhìn cả đống cùng lúc, từng bước nhỏ thôi! mình tin bạn làm được mà~"
"Thiệt tình không bt mình có đủ năng lực cho vị trí mới không, chán",lo_au,Công việc,deep,Lo âu như vậy thực sự rất nặng nề. Đây là phản ứng bình thường khi đối mặt với áp lực lớn. Hãy thử chia nhỏ vấn đề ra và xử lý từng phần một. Mình tin bạn sẽ vượt qua được.
"Vừa đồng nghiệp thân nhất vừa nghỉ việc xong, buồn ghê 😢",buon,Công việc,deep,Mình ở đây lắng nghe bạn. Bạn không yếu đuối khi buồn — bạn rất can đảm khi chia sẻ điều này. Đôi khi viết ra cảm xúc cũng giúp nhẹ lòng hơn nhiều. Thời gian sẽ chữa lành mọi thứ.
"vừa đc giao nhiệm vụ mới thú vị hơn xong, vui ghê 🌱",hy_vong,Công việc,casual,ôi nghe mà có động lực lây luôn á 🌱 mình cũng tin vào bạn nha~ cứ từng bước nhỏ là đủ rồi! mình chờ nghe tin vui từ bạn nhé~
"ae tư vấn giúp, cố gắng hết sức mà kết quả vẫn không như kỳ vọng thì nên làm sao ugh",that_vong,Công việc,deep,Mình hiểu bạn đang cảm thấy rất hụt hẫng lúc này. Cảm giác hẫng hụt là rất thật và đáng được thừa nhận. Nhìn lại xem mình học được gì từ lần này — bài học thường nằm ở đây. Bạn vẫn đang tiến về phía trước dù chưa thấy rõ.
Mình đang bị áp lực KPI tháng này cao quá nè 😱,lo_au,Công việc,casual,"từ từ nào! overthinking kiểu này mệt lắm đúng không? cứ làm hết sức thôi, kết quả đến sau nha~ cố lên nhé!"
"Mk có kế hoạch cụ thể rồi, cảm thấy tự tin hơn ✨",hy_vong,Cuộc sống,casual,ôi nghe mà có động lực lây luôn á 🌱 mình cũng tin vào bạn nha~ đừng để ai lấy đi cái tinh thần đó của mình nghen! mình chờ nghe tin vui từ bạn nhé~
Ae ơi sếp ép deadline vô lý không có lý do 😤,gian_du,Công việc,deep,Mình hiểu tại sao bạn cảm thấy như vậy. Bạn hoàn toàn có quyền cảm thấy bực bội như vậy. Hãy để cơn tức nguôi trước khi phản ứng — quyết định lúc nóng thường không tốt. Mình ở đây ủng hộ bạn.
Tao dc chọn vào đội tuyển nghiên cứu 😆,vui,Học tập,casual,hết sẩy! xứng đáng lắm luôn! ăn gì ngon ngon ăn mừng đi! mình vui cho bạn lắm!
"sợ rớt môn, ảnh hưởng học bổng, tao khum biết làm sao huhu",lo_au,Học tập,casual,"hít thở sâu nào 😅 mình hiểu cảm giác đó lắm! đừng nhìn cả đống cùng lúc, từng bước nhỏ thôi! ổn thôi bạn ơi!"
hôm nay hi vọng nhiều r nhận kết quả ngược lại 😞,that_vong,Cuộc sống,casual,"haizzz đặt kỳ vọng cao rồi bị hẫng đau lắm, thất vọng kiểu này thật sự khó chịu lắm. coi như bài học đắt giá nghen! mình tin bạn sẽ vượt qua được."
Dạo này chốt hợp đồng lớn sau bao ngày nỗ lực 🤩,vui,Công việc,casual,trời ơi hay quá vậy?! kết quả xứng đáng với cố gắng của bạn rồi đó! cứ đà này thì ngon lành luôn! chúc mừng bạn nha 🥳
"Vừa sắp tới deadline mà chưa làm được gì xong, tức ghê 🥲",lo_au,Công việc,casual,ôi thôi thấy lo như vậy là bình thường mà. ghi ra giấy hết những gì đang lo rồi ưu tiên từng cái. cố lên nhé!
Hôm nay nghĩ về tương lai thấy mông lung qá ...,lo_au,Cuộc sống,deep,Mình hiểu bạn đang cảm thấy rất áp lực. Đây là phản ứng bình thường khi đối mặt với áp lực lớn. Hãy thử chia nhỏ vấn đề ra và xử lý từng phần một. Bạn không cần giải quyết tất cả cùng lúc đâu.
"vừa ngày bình thường, làm việc rồi về xong, tức ghê",trung_tinh,Cuộc sống,casual,"aha hiểu rồi! ngày bình thường mà, cũng có cái vui của nó. tận hưởng sự bình lặng đó đi bạn ơi. cứ thư giãn đi nhé~"
Mình lo bảo vệ luận văn bị giáo viên phản biện nặng 😰,lo_au,Học tập,casual,"oke oke, thấy lo như vậy là bình thường mà. ghi ra giấy hết những gì đang lo rồi ưu tiên từng cái. mọi chuyện rồi sẽ qua thôi 💪"
"ae tư vấn giúp, vừa đọc xong một bài viết thú vị thì nên làm sao 🙂",trung_tinh,Cuộc sống,casual,"hmmm thế thì cũng oke nha, ngày bình thường mà, cũng có cái vui của nó. tận hưởng sự bình lặng đó đi bạn ơi. cứ thư giãn đi nhé~"
"ae tư vấn giúp, taxi chặt chém gấp đôi giá lúc đang vội thì nên làm sao 💢",gian_du,Giao thông,casual,đúng là củ chuối không chịu được 🤬 ai gặp cũng điên tiết thôi bạn ơi. xả ra bằng cách đi dạo hoặc nghe nhạc to đi! thôi bỏ qua cho nhẹ đầu nhé!
Tao crush vừa công khai người yêu mới 😢,buon,Tình cảm,casual,"ôi buồn quá, cảm giác đó nặng lắm, mình hiểu. ra ngoài đi dạo một chút cho thoáng đầu nhé. mai lại oke thôi! 💙"
"Dạo này đang bị team vừa có thành viên mới giỏi, kỳ vọng cao nè",hy_vong,Công việc,casual,"wow nhìn thấy vậy vui ghê! cứ giữ năng lượng đó nhé, mọi thứ đang đi đúng hướng rồi! cứ từng bước nhỏ là đủ rồi! cổ vũ bạn 100% nè! 🤞"
"Cố gắng cả năm nhưng k được thăng chức, dạo này không biết làm sao 😞",buon,Công việc,casual,"trời ơi nghe mà tủi thân giùm 😢 đừng cố tỏ ra ổn, có mình ở đây nè. gọi cho bạn thân tâm sự đi, đừng ôm một mình. rồi sẽ qua thôi bạn ơi."
"ae tư vấn giúp, ngày bình thường, làm việc rồi về thì nên làm sao 😐",trung_tinh,Cuộc sống,casual,aha hiểu rồi! không phải lúc nào cũng cần có gì to tát đâu. tận hưởng sự bình lặng đó đi bạn ơi. 🙂
"sợ tỏ tình xong bị từ chối thì mất cả tình bạn, chời ơi không biết làm sao 😥",lo_au,Tình cảm,casual,"từ từ nào! lo nhiều cũng không giải quyết được gì thêm đâu nha. thử tắt điện thoại một lúc, focus vào 1 việc thôi. mình tin bạn làm được mà~"
"Vừa bị đồng nghiệp nhận công của mk trước mặt sếp xong, buồn ghê 🔥",gian_du,Công việc,casual,"ugh tức thật! tức như vậy là phải rồi. xả ra bằng cách đi dạo hoặc nghe nhạc to đi! giận xong thì thôi, đừng giữ mãi."
Dạo này đang bị nghĩ về tương lai thấy mông lung quá nè huhu,lo_au,Cuộc sống,casual,"oke oke, overthinking kiểu này mệt lắm đúng không? ghi ra giấy hết những gì đang lo rồi ưu tiên từng cái. cố lên nhé!"
Nói thật là hai đứa vừa nói chuyện thẳng và hiểu nhau hơn 🌱,hy_vong,Tình cảm,casual,wow nhìn thấy vậy vui ghê! mình cũng tin vào bạn nha~ cứ từng bước nhỏ là đủ rồi! tiến lên thôi!
"Hôm nay ngày bình thường, làm việc rồi về",trung_tinh,Cuộc sống,deep,Đôi khi những ngày bình thường lại có giá trị riêng. Bình yên cũng là một trạng thái đáng trân trọng không kém gì niềm vui. Hãy để tâm trí được nghỉ ngơi — nó cũng cần được nạp lại. Bình yên nhé.
"Lo bảo vệ luận văn bị giáo viên phản biện nặng, chời ơi khum bt làm sao 😥",lo_au,Học tập,casual,"oke oke, lo nhiều cũng không giải quyết được gì thêm đâu nha. đừng nhìn cả đống cùng lúc, từng bước nhỏ thôi! mình tin bạn làm được mà~"
Trời ơi đang bị cố gắng hết sức mà kết quả vẫn không như kỳ vọng nè 😞,that_vong,Công việc,casual,"nặng lòng ghê, thất vọng kiểu này thật sự khó chịu lắm. reset lại đi bạn, rồi thứ tốt hơn sẽ đến thôi~ mình tin bạn sẽ vượt qua được."
Hôm nay đang bị nộp hồ sơ học bổng và đang chờ kết quả nè,hy_vong,Học tập,casual,"wow nhìn thấy vậy vui ghê! kế hoạch rõ ràng rồi thì cứ thế mà tiến thôi! chia sẻ kế hoạch này với người thân, được ủng hộ thêm sẽ vững hơn. cổ vũ bạn 100% nè! 🤞"
"Ae tư vấn giúp, yêu thật lòng mà k được đáp lại thì nên làm sao",that_vong,Tình cảm,casual,"nghe mà buồn cho bạn quá 💔 mình hiểu cảm giác đó, không dễ gì nuốt được đâu. reset lại đi bạn, rồi thứ tốt hơn sẽ đến thôi~ mình tin bạn sẽ vượt qua được."
"thiệt tình sếp ép deadline vô lý không có lý do, chán 💢",gian_du,Công việc,casual,"bực ghê nơi! nghe mà mình cũng bực lây nè. bơ đi mà sống, năng lượng của mình quý hơn chứ. không đáng mất sức đâu bạn ơi 😤"
"Trời ơi công việc ổn định, không có gì nhiều để kể",trung_tinh,Công việc,casual,"hmmm thế thì cũng oke nha, cứ để ngày trôi qua tự nhiên thôi, không cần rush. tận hưởng sự bình lặng đó đi bạn ơi. bình yên nhé bạn ơi~"
Mn ơi tự nhiên ngồi nhìn ra cửa sổ và nghĩ linh tinh,trung_tinh,Suy nghĩ,casual,"bình bình vậy cũng ổn mà, ngày bình thường mà, cũng có cái vui của nó. có gì muốn kể thêm thì cứ kể nhé! 🙂"
"ae tư vấn giúp, ông bà mất, để lại khoảng trống khum bù được thì nên làm sao haiz",buon,Gia đình,casual,"haizzz nghe mà thương ghê, đừng cố tỏ ra ổn, có mình ở đây nè. bật phim hoặc nhạc chill đi nào! rồi sẽ qua thôi bạn ơi."
"Nhìn lại năm qua thấy chẳng đạt được gì, ae ơi kh bt làm sao",buon,Cuộc sống,casual,"ôm bạn nè 🥺 cảm giác đó nặng lắm, mình hiểu. ăn gì ngon ngon đi, tự thưởng cho bản thân xíu. rồi sẽ qua thôi bạn ơi."
"vừa cố gắng cả năm nhưng k được thăng chức xong, lo ghê 💔",buon,Công việc,casual,"haizzz nghe mà thương ghê, buồn như vậy thì ai cũng cần được chia sẻ mà. bật phim hoặc nhạc chill đi nào! mình ở đây nghe bạn kể nhé~"
Chời ơi mọi thứ dạo này cứ xui xẻo liên tục 🥀,buon,Cuộc sống,casual,"ôi buồn quá, đừng cố tỏ ra ổn, có mình ở đây nè. ra ngoài đi dạo một chút cho thoáng đầu nhé. rồi sẽ qua thôi bạn ơi."
"Vừa phải gánh team vì mấy đứa lười xong, lo ghê 😡",gian_du,Công việc,casual,bực ghê nơi! ai gặp cũng điên tiết thôi bạn ơi. uống ngụm nước lạnh đi rồi bơ nó ra! thôi bỏ qua cho nhẹ đầu nhé!
"Dự án tâm huyết bị hủy bỏ phút chót, mn ơi không bt làm sao 💔",buon,Công việc,casual,"trời ơi nghe mà tủi thân giùm 😢 nghe mà thương bạn lắm luôn. gọi cho bạn thân tâm sự đi, đừng ôm một mình. mai lại oke thôi! 💙"
"Ae tư vấn giúp, hôm nay đi đường k tắc, đến nơi sớm thì nên làm sao ✨",vui,Cuộc sống,deep,Thật tuyệt vời khi nghe điều này. Những nỗ lực của bạn đã được đền đáp xứng đáng. Dùng động lực từ thành công này để tiếp tục những mục tiêu tiếp theo. Hãy giữ mãi năng lượng tích cực này nhé.
"Ae tư vấn giúp, bị ng thân kh ủng hộ điều mình tin tưởng thì nên làm sao 😶",that_vong,Tình cảm,casual,"haizzz đặt kỳ vọng cao rồi bị hẫng đau lắm, mình hiểu cảm giác đó, không dễ gì nuốt được đâu. coi như bài học đắt giá nghen! mình tin bạn sẽ vượt qua được."
Hôm nay đặt mục tiêu cho năm này mà chẳng đạt dc gì,that_vong,Bản thân,casual,"nặng lòng ghê, kỳ vọng lớn mà bị hẫng thì đau thiệt. coi như bài học đắt giá nghen! rồi sẽ tốt hơn thôi bạn ơi."
Tui lo mối quan hệ đang dần nhạt đi 🥲,lo_au,Tình cảm,casual,"oke oke, overthinking kiểu này mệt lắm đúng không? ghi ra giấy hết những gì đang lo rồi ưu tiên từng cái. ổn thôi bạn ơi!"
Mn ơi đang bị ship đồ ăn thiếu món mà không chịu hoàn tiền nè 💢,gian_du,Dịch vụ,casual,"ugh tức thật! ai gặp cũng điên tiết thôi bạn ơi. bơ đi mà sống, năng lượng của mình quý hơn chứ. thôi bỏ qua cho nhẹ đầu nhé!"
"vừa đợi mãi một cơ hội mà nó kh đến xong, vui ghê 💔",that_vong,Cuộc sống,casual,"haizzz đặt kỳ vọng cao rồi bị hẫng đau lắm, mình hiểu cảm giác đó, không dễ gì nuốt được đâu. reset lại đi bạn, rồi thứ tốt hơn sẽ đến thôi~ rồi sẽ tốt hơn thôi bạn ơi."
"gặp người mới và cảm giác có điểm chung, nói thật là ko biết làm sao 🙏",hy_vong,Tình cảm,deep,Hy vọng là thứ rất quý — và bạn đang có nó. Cảm giác bắt đầu thấy ánh sáng ở cuối đường hầm rất đáng trân trọng. Đừng so sánh tiến độ của mình với người khác — hành trình của bạn là của riêng bạn. Hành trình đang đi đúng hướng rồi.
Dạo này bạn bè lúc khó khăn thì kh ai xuất hiện ugh,that_vong,Tình cảm,deep,Mình nghe bạn và thấy điều này không dễ dàng chút nào. Không phải lúc nào cố gắng cũng cho kết quả như mong muốn — và điều đó không có nghĩa bạn không đủ tốt. Nhìn lại xem mình học được gì từ lần này — bài học thường nằm ở đây. Bạn vẫn đang tiến về phía trước dù chưa thấy rõ.
Mn ơi đang bị đợi mãi một cơ hội mà nó không đến nè,that_vong,Cuộc sống,casual,"nghe mà buồn cho bạn quá 💔 mình hiểu cảm giác đó, không dễ gì nuốt được đâu. đừng để thất vọng lần này định nghĩa mình, ok không? rồi sẽ tốt hơn thôi bạn ơi."
"ae tư vấn giúp, hôm nay họp nhiều, khum có gì nổi bật thì nên làm sao 😐",trung_tinh,Công việc,casual,"à ra vậy, yên ổn như vậy là ổn rồi mà, đôi khi bình thường cũng là hạnh phúc đó. nếu cần tâm sự thì mình ở đây~ ngày mai sẽ có nhiều chuyện hay hơn nha!"
"Thiệt tình có kế hoạch cụ thể rồi, cảm thấy tự tin hơn, chán ✨",hy_vong,Cuộc sống,deep,"Hy vọng là thứ rất quý — và bạn đang có nó. Cảm giác bắt đầu thấy ánh sáng ở cuối đường hầm rất đáng trân trọng. Hãy giữ vững kế hoạch đó và bước từng bước thật chắc. Cứ tiến lên, mình cổ vũ bạn."
"Vừa đồng nghiệp thân nhất vừa nghỉ việc xong, lo ghê 🥀",buon,Công việc,casual,"trời ơi nghe mà tủi thân giùm 😢 đừng cố tỏ ra ổn, có mình ở đây nè. buồn thì cứ khóc ra cho nhẹ lòng, đừng giữ trong bụng. có mình nè, đừng lo."
"ngồi uống cà phê một mk, tâm trạng bình thường, ủa không bt làm sao",trung_tinh,Suy nghĩ,casual,"bình bình vậy cũng ổn mà, ngày bình thường mà, cũng có cái vui của nó. nếu cần tâm sự thì mình ở đây~ 🙂"
Mn ơi bị kể chuyện riêng tư cho người khác dù đã dặn giữ kín 😡,gian_du,Bạn bè / Người thân,casual,đúng là củ chuối không chịu được 🤬 tức như vậy là phải rồi. xả ra bằng cách đi dạo hoặc nghe nhạc to đi! mình tin bạn sẽ xử lý được thôi.
Hôm nay đồng nghiệp thân nhất vừa nghỉ việc haiz,buon,Công việc,casual,"ôi buồn quá, đừng cố tỏ ra ổn, có mình ở đây nè. ăn gì ngon ngon đi, tự thưởng cho bản thân xíu. có mình nè, đừng lo."
"được chọn vào đội tuyển nghiên cứu, tui không biết làm sao 😎",vui,Học tập,casual,đỉnh của chóp luôn á!! kết quả xứng đáng với cố gắng của bạn rồi đó! tự thưởng cho mình đi nào~ tiếp tục phát huy nhé!
"Ae tư vấn giúp, chưa học chữ nào mà mai thi rồi thì nên làm sao ...",lo_au,Học tập,deep,Mình nghe thấy sự lo lắng của bạn. Đây là phản ứng bình thường khi đối mặt với áp lực lớn. Nói chuyện với người tin tưởng — đôi khi chỉ cần được lắng nghe là nhẹ hơn nhiều. Bạn không cần giải quyết tất cả cùng lúc đâu.
Nói thật là đang bị áp lực kpi tháng này cao quá nè 😱,lo_au,Công việc,casual,"bình tĩnh đi bạn ơi, ai gặp chuyện đó cũng rén thôi. uống ly nước rồi chia nhỏ vấn đề ra xử lý từng cái nhé! cố lên nhé!"
Chời ơi nộp hồ sơ học bổng và đang chờ kết quả 🤞,hy_vong,Học tập,casual,"tuyệt vời đó bạn! mình cũng tin vào bạn nha~ chia sẻ kế hoạch này với người thân, được ủng hộ thêm sẽ vững hơn. mình chờ nghe tin vui từ bạn nhé~"
Mk bạn cũ từ xa về thăm bất ngờ 😆,vui,Tình cảm,casual,"yayyy 🎉🎉 kết quả xứng đáng với cố gắng của bạn rồi đó! lưu khoảnh khắc này lại, sau nhìn lại vẫn còn vui mà. giữ phong độ nhé bạn ơi!"
Hôm nay mượn đồ lâu rồi k trả mà còn tỏ ra bình thường,gian_du,Bạn bè / Người thân,deep,"Mình hiểu tại sao bạn cảm thấy như vậy. Phản ứng như vậy là hoàn toàn bình thường trước tình huống này. Sau khi bình tĩnh, nghĩ xem cách xử lý nào có lợi nhất cho bạn. Bạn không cần nuốt bực bội vào trong mãi."
"Chia tay xong cứ thấy trống rỗng, mk k biết làm sao 😢",buon,Tình cảm,deep,"Cảm ơn bạn đã chia sẻ với mình. Cảm giác trống rỗng đó rất khó nói thành lời, mình hiểu. Tìm người thân thiết để nói chuyện — đừng mang một mình. Mình luôn ở đây nếu bạn cần."
Hôm nay ng yêu liên tục đến trễ mà không xin lỗi 😡,gian_du,Bạn bè / Người thân,casual,"đúng là củ chuối không chịu được 🤬 ai gặp cũng điên tiết thôi bạn ơi. thả lỏng ra đi, đừng để nó chiếm hết ngày của mình. thôi bỏ qua cho nhẹ đầu nhé!"
"Vừa k biết ng ấy có thật sự thích mình không xong, lo ghê 🥲",lo_au,Tình cảm,casual,"hít thở sâu nào 😅 mình hiểu cảm giác đó lắm! thử tắt điện thoại một lúc, focus vào 1 việc thôi. cố lên nhé!"
"Mn ơi khum vui không buồn, cứ trôi qua thôi",trung_tinh,Cuộc sống,deep,"Cảm ơn bạn đã chia sẻ. Những lúc yên ổn như vậy thường là cơ hội tốt để dừng lại và lắng nghe bản thân. Nếu bạn đang cân nhắc điều gì đó, hãy cho mình thêm thời gian suy nghĩ. Bình yên nhé."
"Vừa bốc thăm trúng phần thưởng to xong, lo ghê =))",vui,Cuộc sống,casual,"trời ơi hay quá vậy?! nghe mà vui lây =)) lưu khoảnh khắc này lại, sau nhìn lại vẫn còn vui mà. giữ phong độ nhé bạn ơi!"
"Ae tư vấn giúp, ship đồ ăn thiếu món mà không chịu hoàn tiền thì nên làm sao 😡",gian_du,Dịch vụ,casual,"trời ơi nghe mà tức dùm á 😡 nghe mà mình cũng bực lây nè. bơ đi mà sống, năng lượng của mình quý hơn chứ. giận xong thì thôi, đừng giữ mãi."
"dự án mới bắt đầu và cảm giác rất tiềm năng, tui không bt làm sao 🤞",hy_vong,Công việc,casual,tuyệt vời đó bạn! kế hoạch rõ ràng rồi thì cứ thế mà tiến thôi! cứ từng bước nhỏ là đủ rồi! mình chờ nghe tin vui từ bạn nhé~
"vừa sợ tỏ tình xong bị từ chối thì mất cả tình bạn xong, buồn ghê",lo_au,Tình cảm,casual,hít thở sâu nào 😅 thấy lo như vậy là bình thường mà. uống ly nước rồi chia nhỏ vấn đề ra xử lý từng cái nhé! ổn thôi bạn ơi!
"Ae tư vấn giúp, ko bt người ấy có thật sự thích mình không thì nên làm sao 🥲",lo_au,Tình cảm,casual,"oke oke, thấy lo như vậy là bình thường mà. cứ làm hết sức thôi, kết quả đến sau nha~ mình tin bạn làm được mà~"
"Ae tư vấn giúp, yêu thật lòng mà không đc đáp lại thì nên làm sao ugh",that_vong,Tình cảm,casual,"ugh biết cảm giác đó rồi, kỳ vọng lớn mà bị hẫng thì đau thiệt. đừng để thất vọng lần này định nghĩa mình, ok không? rồi sẽ tốt hơn thôi bạn ơi."
Hôm nay hôm nay không có gì đặc biệt lắm ...,trung_tinh,Cuộc sống,casual,"bình bình vậy cũng ổn mà, đôi khi yên ổn cũng là một loại hạnh phúc đó! nếu cần tâm sự thì mình ở đây~ ngày mai sẽ có nhiều chuyện hay hơn nha!"
Ngl sếp ép deadline vô lý không có lý do 💢,gian_du,Công việc,casual,"ugh tức thật! tức như vậy là phải rồi. hít thở nào, giận quá dễ nói sai rồi hối hận =)) mình tin bạn sẽ xử lý được thôi."
"sau thời gian dài cuối cùng đã liên lạc lại đc, hôm nay không bt làm sao ✨",hy_vong,Tình cảm,casual,xịn lắm nè! mình cũng tin vào bạn nha~ cứ từng bước nhỏ là đủ rồi! tiến lên thôi!
Ngl đang bị được chọn vào đội tuyển nghiên cứu nè 😎,vui,Học tập,deep,Thật tuyệt vời khi nghe điều này. Những nỗ lực của bạn đã được đền đáp xứng đáng. Hãy trân trọng khoảnh khắc này và chia sẻ với những người đã đồng hành. Mình tin đây chỉ là bước đầu trong hành trình dài.
hôm nay sợ tỏ tình xong bị từ chối thì mất cả tình bạn 😰,lo_au,Tình cảm,casual,"oke oke, ai gặp chuyện đó cũng rén thôi. ghi ra giấy những gì đang lo rồi ưu tiên từng cái. mình tin bạn làm được mà~"
"Ae tư vấn giúp, hôm nay đi đường không tắc, đến nơi sớm thì nên làm sao 😎",vui,Cuộc sống,casual,đỉnh của chóp luôn á!! xứng đáng lắm luôn! nhớ chia sẻ niềm vui với người thân nha! mình vui cho bạn lắm!
"ae tư vấn giúp, dự án mới bắt đầu và cảm giác rất tiềm năng thì nên làm sao ✨",hy_vong,Công việc,deep,"Mình cảm nhận được sự tích cực và nỗ lực của bạn. Bạn đang ở đúng nơi cần phải có để tiếp tục tiến lên. Hãy giữ vững kế hoạch đó và bước từng bước thật chắc. Cứ tiến lên, mình cổ vũ bạn."
"ae tư vấn giúp, sợ bị sếp đánh giá thấp trong kỳ review thì nên làm sao",lo_au,Công việc,deep,Mình hiểu bạn đang cảm thấy rất áp lực. Cảm giác không chắc chắn đó rất thật và rất khó chịu. Nói chuyện với người bạn tin tưởng — đôi khi chỉ cần được lắng nghe là nhẹ hơn nhiều rồi. Mình tin bạn sẽ vượt qua được.
"vừa nhớ người yêu cũ khi trời mưa xong, thất vọng ghê 😢",buon,Tình cảm,casual,"haizzz nghe mà thương ghê, cảm giác đó nặng lắm, mình hiểu. ăn gì ngon ngon đi, tự thưởng cho bản thân xíu. có mình nè, đừng lo."
"ae tư vấn giúp, tìm được qán cà phê ưng ý mới thì nên làm sao ✨",vui,Cuộc sống,casual,hết sẩy! nghe mà vui lây =)) cứ đà này thì ngon lành luôn! tiếp tục phát huy nhé!
"ae tư vấn giúp, bài thi dc điểm cao ngoài mong đợi thì nên làm sao =))",vui,Học tập,casual,hết sẩy! xứng đáng lắm luôn! nhớ chia sẻ niềm vui với người thân nha! tiếp tục phát huy nhé!
Mk đang bị nhận học bổng du học nè ✨,vui,Học tập,casual,đỉnh của chóp luôn á!! xứng đáng lắm luôn! cứ đà này thì ngon lành luôn! tiếp tục phát huy nhé!
Mn ơi ship đồ ăn thiếu món mà không chịu hoàn tiền 🔥,gian_du,Dịch vụ,casual,"đúng là củ chuối không chịu được 🤬 đúng là vô lý không chịu được. bơ đi mà sống, năng lượng của mình quý hơn chứ. mình tin bạn sẽ xử lý được thôi."
"ba mẹ cứ cãi nhau và có vẻ sắp ly hôn, trời ơi ko bt làm sao 💔",buon,Gia đình,casual,"haizzz nghe mà thương ghê, cảm giác đó nặng lắm, mình hiểu. ra ngoài đi dạo một chút cho thoáng đầu nhé. rồi sẽ qua thôi bạn ơi."
"Taxi chặt chém gấp đôi giá lúc đang vội, dạo này k bt làm sao 😤",gian_du,Giao thông,casual,"đúng là củ chuối không chịu được 🤬 đúng là vô lý không chịu được. thả lỏng ra đi, đừng để nó chiếm hết ngày của mình. mình tin bạn sẽ xử lý được thôi."
Hôm nay nghĩ về tương lai thấy mông lung quá huhu,lo_au,Cuộc sống,casual,hít thở sâu nào 😅 lo nhiều cũng không giải quyết được gì thêm đâu nha. uống ly nước rồi chia nhỏ vấn đề ra xử lý từng cái nhé! mọi chuyện rồi sẽ qua thôi 💪
Chời ơi vừa đọc xong một bài viết thú vị ...,trung_tinh,Cuộc sống,deep,Trạng thái trung dung cũng là một phần bình thường của cuộc sống. Không cần lúc nào cũng phải vui hoặc buồn — chỉ cần là chính mình thôi. Đôi khi không làm gì cũng là một lựa chọn đúng đắn. Bình yên nhé.
"vừa yêu thật lòng mà khum dc đáp lại xong, hy vọng ghê ugh",that_vong,Tình cảm,casual,"nặng lòng ghê, thất vọng kiểu này thật sự khó chịu lắm. coi như bài học đắt giá nghen! bạn vẫn ổn mà, cứ tiến lên thôi! 💪"
"Thiệt tình bị overthinking cả đêm ngủ không được, chán ...",lo_au,Cuộc sống,deep,Mình hiểu bạn đang cảm thấy rất áp lực. Đây là phản ứng bình thường khi đối mặt với áp lực lớn. Hít thở sâu và bắt đầu từ điều nhỏ nhất có thể làm ngay hôm nay. Bạn không cần giải quyết tất cả cùng lúc đâu.
"vừa sợ tỏ tình xong bị từ chối thì mất cả tình bạn xong, bình thường ghê 🥲",lo_au,Tình cảm,casual,"oke oke, overthinking kiểu này mệt lắm đúng không? thử tắt điện thoại một lúc, focus vào 1 việc thôi. cố lên nhé!"
Ủa nhận học bổng du học ✨,vui,Học tập,casual,đỉnh của chóp luôn á!! kết quả xứng đáng với cố gắng của bạn rồi đó! nhớ chia sẻ niềm vui với người thân nha! giữ phong độ nhé bạn ơi!
hôm nay sau thời gian dài cuối cùng đã liên lạc lại đc 🌱,hy_vong,Tình cảm,casual,"ôi nghe mà có động lực lây luôn á 🌱 cứ giữ năng lượng đó nhé, mọi thứ đang đi đúng hướng rồi! đừng để ai lấy đi cái tinh thần đó của mình nghen! cổ vũ bạn 100% nè! 🤞"
"Được giao nhiệm vụ mới thú vị hơn, ae ơi không bt làm sao 😌",hy_vong,Công việc,casual,"tuyệt vời đó bạn! cứ giữ năng lượng đó nhé, mọi thứ đang đi đúng hướng rồi! chúc mọi thứ diễn ra suôn sẻ nhé ✨ cổ vũ bạn 100% nè! 🤞"
Ae ơi đang bị bạn cũ từ xa về thăm bất ngờ nè,vui,Tình cảm,casual,đỉnh của chóp luôn á!! kết quả xứng đáng với cố gắng của bạn rồi đó! cứ đà này thì ngon lành luôn! chúc mừng bạn nha 🥳
Hôm nay đồng nghiệp thân nhất vừa nghỉ việc 😔,buon,Công việc,casual,"ôm bạn nè 🥺 nghe mà thương bạn lắm luôn. gọi cho bạn thân tâm sự đi, đừng ôm một mình. mình ở đây nghe bạn kể nhé~"
"Ae tư vấn giúp, bị hứa thưởng nhưng cuối năm lại không có thì nên làm sao 😞",that_vong,Công việc,casual,"nặng lòng ghê, mình hiểu cảm giác đó, không dễ gì nuốt được đâu. coi như bài học đắt giá nghen! rồi sẽ tốt hơn thôi bạn ơi."
"vừa vừa đọc xong một bài viết thú vị xong, bình thường ghê 😐",trung_tinh,Cuộc sống,casual,"à ra vậy, ngày bình thường mà, cũng có cái vui của nó. nếu cần tâm sự thì mình ở đây~ 🙂"
"Thiệt tình khách hàng dời lịch sát giờ ko báo trước, chán 😤",gian_du,Công việc,casual,"ugh tức thật! nghe mà mình cũng bực lây nè. bơ đi mà sống, năng lượng của mình quý hơn chứ. thôi bỏ qua cho nhẹ đầu nhé!"
Mk đang bị bị cắt mặt suýt gây tai nạn mà không xin lỗi nè 👊,gian_du,Giao thông,casual,"trời ơi nghe mà tức dùm á 😡 đúng là vô lý không chịu được. thả lỏng ra đi, đừng để nó chiếm hết ngày của mình. thôi bỏ qua cho nhẹ đầu nhé!"
"vừa xa nhà lâu quá nhớ mọi ng xong, tức ghê 😔",buon,Gia đình,casual,"haizzz nghe mà thương ghê, cảm giác đó nặng lắm, mình hiểu. ra ngoài đi dạo một chút cho thoáng đầu nhé. mai lại oke thôi! 💙"
Dạo này làm đúng quy trình mà vẫn bị chỉ trích ugh,that_vong,Công việc,casual,"nghe mà buồn cho bạn quá 💔 mình hiểu cảm giác đó, không dễ gì nuốt được đâu. đừng để thất vọng lần này định nghĩa mình, ok không? rồi sẽ tốt hơn thôi bạn ơi."
"Ae tư vấn giúp, khách hàng gửi email khen ngợi mk thì nên làm sao =))",vui,Công việc,casual,"wow xịn xò vậy! nghe mà vui lây =)) lưu khoảnh khắc này lại, sau nhìn lại vẫn còn vui mà. giữ phong độ nhé bạn ơi!"
"Thiệt tình bị ng thân không ủng hộ điều mình tin tưởng, chán 😶",that_vong,Tình cảm,casual,"nặng lòng ghê, kỳ vọng lớn mà bị hẫng thì đau thiệt. reset lại đi bạn, rồi thứ tốt hơn sẽ đến thôi~ rồi sẽ tốt hơn thôi bạn ơi."
Chời ơi đợi mãi một cơ hội mà nó ko đến haizzz,that_vong,Cuộc sống,casual,nghe mà buồn cho bạn quá 💔 kỳ vọng lớn mà bị hẫng thì đau thiệt. coi như bài học đắt giá nghen! mình tin bạn sẽ vượt qua được.
Tui đang bị bị đồng nghiệp nhận công của mình trước mặt sếp nè 👊,gian_du,Công việc,casual,"ugh tức thật! đúng là vô lý không chịu được. bơ đi mà sống, năng lượng của mình quý hơn chứ. thôi bỏ qua cho nhẹ đầu nhé!"
Mn ơi đang bị yêu thật lòng mà không đc đáp lại nè haizzz,that_vong,Tình cảm,casual,"haizzz đặt kỳ vọng cao rồi bị hẫng đau lắm, thất vọng kiểu này thật sự khó chịu lắm. đừng để thất vọng lần này định nghĩa mình, ok không? bạn vẫn ổn mà, cứ tiến lên thôi! 💪"
"Vừa đang code xong thì cúp điện mất hết xong, buồn ghê 💢",gian_du,Công việc,casual,ugh tức thật! tức như vậy là phải rồi. xả ra bằng cách đi dạo hoặc nghe nhạc to đi! không đáng mất sức đâu bạn ơi 😤
"ae tư vấn giúp, có kế hoạch cụ thể rồi, cảm thấy tự tin hơn thì nên làm sao 🌱",hy_vong,Cuộc sống,casual,"ôi nghe mà có động lực lây luôn á 🌱 mình cũng tin vào bạn và kế hoạch này nha~ chia sẻ kế hoạch với người thân, được ủng hộ thêm sẽ vững hơn. cổ vũ bạn 100% nè! 🤞"
Mn ơi đang suy nghĩ về một quyết định chưa biết nên làm hay không 😐,trung_tinh,Cuộc sống,casual,"à ra vậy, yên ổn như vậy là ổn rồi mà, đôi khi bình thường cũng là hạnh phúc đó. có gì muốn kể thêm thì cứ kể nhé! ngày mai sẽ có nhiều chuyện hay hơn nha!"
hôm nay sắp trả tiền trọ mà lương chưa về,lo_au,Cuộc sống,casual,hít thở sâu nào 😅 thấy lo như vậy là bình thường mà. uống ly nước rồi chia nhỏ vấn đề ra xử lý từng cái nhé! cố lên nhé!
"Vừa bị kể chuyện riêng tư cho người khác dù đã dặn giữ kín xong, hy vọng ghê",gian_du,Bạn bè / Người thân,casual,"đúng là củ chuối không chịu được 🤬 tức như vậy là phải rồi. bơ đi mà sống, năng lượng của mình quý hơn chứ. không đáng mất sức đâu bạn ơi 😤"
"Crush vừa công khai người yêu mới, nói thật là k bt làm sao 💔",buon,Tình cảm,casual,"ôm bạn nè 🥺 nghe mà thương bạn lắm luôn. ra ngoài đi dạo một chút cho thoáng đầu nhé. có mình nè, đừng lo."
Mk đang bị hi vọng nhiều rồi nhận kết quả ngược lại nè 😶,that_vong,Cuộc sống,casual,"haizzz đặt kỳ vọng cao rồi bị hẫng đau lắm, không phải lỗi của mình đâu nha. reset lại đi bạn, rồi thứ tốt hơn sẽ đến thôi~ rồi sẽ tốt hơn thôi bạn ơi."
"vừa có kế hoạch cụ thể rồi, cảm thấy tự tin hơn xong, lo ghê",hy_vong,Cuộc sống,casual,wow nhìn thấy vậy vui ghê! kế hoạch rõ ràng rồi thì cứ thế mà tiến thôi! đừng để ai lấy đi cái tinh thần đó của mình nghen! cổ vũ bạn 100% nè! 🤞
Nói thật là đang bị hàng giao sai size mà đổ lỗi do mình đặt nhầm nè 😡,gian_du,Dịch vụ,casual,"bực ghê nơi! nghe mà mình cũng bực lây nè. hít thở nào, giận quá dễ nói sai rồi hối hận =)) giận xong thì thôi, đừng giữ mãi."
"ae tư vấn giúp, không về kịp gặp người thân lần cuối thì nên làm sao 😞",buon,Gia đình,casual,"trời ơi nghe mà tủi thân giùm 😢 đừng cố tỏ ra ổn, có mình ở đây nè. ra ngoài đi dạo một chút cho thoáng đầu nhé. rồi sẽ qua thôi bạn ơi."
"vừa lo mối quan hệ đang dần nhạt đi xong, buồn ghê 🥲",lo_au,Tình cảm,casual,"hít thở sâu nào 😅 lo nhiều cũng không giải quyết được gì thêm đâu nha. đừng nhìn cả đống cùng lúc, từng bước nhỏ thôi! mọi chuyện rồi sẽ qua thôi 💪"
"Ngl team vừa có thành viên mới giỏi, kỳ vọng cao",hy_vong,Công việc,deep,Mình cảm nhận được sự tích cực và nỗ lực của bạn. Hướng đi rõ ràng như vậy là kết quả của rất nhiều suy nghĩ và nỗ lực. Hãy giữ vững kế hoạch đó và bước từng bước thật chắc. Hành trình đang đi đúng hướng rồi.
Hôm nay tin tưởng đồng nghiệp mà bị phản bội 💔,that_vong,Công việc,casual,"haizzz đặt kỳ vọng cao rồi bị hẫng đau lắm, thất vọng kiểu này thật sự khó chịu lắm. đừng để thất vọng lần này định nghĩa mình, ok không? mình tin bạn sẽ vượt qua được."
Mình vừa đọc xong một bài viết thú vị 🙂,trung_tinh,Cuộc sống,casual,"hmmm thế thì cũng oke nha, không phải lúc nào cũng cần có gì to tát đâu. có gì muốn kể thêm thì cứ kể nhé! 🙂"
Mn ơi vừa tìm ra phương pháp học mới hiệu quả hơn,hy_vong,Học tập,deep,"Hy vọng là thứ rất quý — và bạn đang có nó. Bạn đang ở đúng nơi cần phải có để tiếp tục tiến lên. Đừng so sánh tiến độ của mình với người khác — hành trình của bạn là của riêng bạn. Cứ tiến lên, mình cổ vũ bạn."
Hôm nay bắt đầu một thói quen mới và duy trì dc 2 tuần rồi ✨,hy_vong,Cuộc sống,casual,xịn lắm nè! mình cũng tin vào bạn nha~ đừng để ai lấy đi cái tinh thần đó của mình nghen! tiến lên thôi!
"ae tư vấn giúp, hi vọng nhiều rùi nhận kết quả ngược lại thì nên làm sao 😞",that_vong,Cuộc sống,deep,Thất vọng sau khi đặt cả tâm sức — cảm giác đó rất nặng. Kỳ vọng bị phá vỡ luôn để lại dấu ấn sâu. Nhìn lại xem mình học được gì từ lần này — bài học thường nằm ở đây. Thất vọng không phải điểm kết thúc — hãy tiếp tục.
"ae tư vấn giúp, đang suy nghĩ về một quyết định chưa biết nên làm hay không thì nên làm sao",trung_tinh,Cuộc sống,deep,Trạng thái trung dung cũng là một phần bình thường của cuộc sống. Bình yên cũng là một trạng thái đáng trân trọng. Hãy để tâm trí được nghỉ ngơi một chút. Chỉ cần là chính mình là đủ rồi.
Hôm nay con mèo nuôi nhiều năm vừa ra đi 😞,buon,Cuộc sống,casual,ôm bạn nè 🥺 buồn như vậy thì ai cũng cần được chia sẻ mà. ra ngoài đi dạo một chút cho thoáng đầu nhé. mình ở đây nghe bạn kể nhé~
Mn ơi đang bị bị xe tạt nước suốt người khi đang đi đường nè 😡,gian_du,Giao thông,casual,"bực ghê nơi! tức như vậy là phải rồi. hít thở nào, giận quá dễ nói sai rồi hối hận =)) không đáng mất sức đâu bạn ơi 😤"
Tui đang bị nghe bản nhạc cũ bỗng nhớ kỷ niệm xưa nè 😢,buon,Cuộc sống,casual,"haizzz nghe mà thương ghê, cảm giác đó nặng lắm, mình hiểu. ra ngoài đi dạo một chút cho thoáng đầu nhé. rồi sẽ qua thôi bạn ơi."
"Vừa sợ bị sếp đánh giá thấp trong kỳ review xong, tức ghê 😥",lo_au,Công việc,casual,"bình tĩnh đi bạn ơi, ai gặp chuyện đó cũng rén thôi. thử tắt điện thoại một lúc, focus vào 1 việc thôi. mọi chuyện rồi sẽ qua thôi 💪"
Tui cố gắng cả năm nhưng không được thăng chức 😢,buon,Công việc,casual,"ôi buồn quá, nghe mà thương bạn lắm luôn. gọi cho bạn thân tâm sự đi, đừng ôm một mình. mình ở đây nghe bạn kể nhé~"
"Ae tư vấn giúp, cố gắng cả năm nhưng không đc thăng chức thì nên làm sao haiz",buon,Công việc,casual,"ôm bạn nè 🥺 buồn như vậy thì ai cũng cần được chia sẻ mà. gọi cho bạn thân tâm sự đi, đừng ôm một mình. mai lại oke thôi! 💙"
hôm nay lo bảo vệ luận văn bị giáo viên phản biện nặng,lo_au,Học tập,casual,"hít thở sâu nào 😅 lo nhiều cũng không giải quyết được gì thêm đâu nha. đừng nhìn cả đống cùng lúc, từng bước nhỏ thôi! cố lên nhé!"
"Đặt phòng khách sạn xong đến nơi bảo hết phòng, mk ko bt làm sao 😡",gian_du,Dịch vụ,casual,"đúng là củ chuối không chịu được 🤬 đúng là vô lý không chịu được. hít thở nào, giận quá dễ nói sai rồi hối hận =)) giận xong thì thôi, đừng giữ mãi."
"Hôm nay sợ rớt môn, ảnh hưởng học bổng ...",lo_au,Học tập,casual,hít thở sâu nào 😅 ai gặp chuyện đó cũng rén thôi. uống ly nước rồi chia nhỏ vấn đề ra xử lý từng cái nhé! ổn thôi bạn ơi!
"Vừa xa nhà lâu quá nhớ mọi người xong, vui ghê 😞",buon,Gia đình,casual,"ôi buồn quá, cảm giác đó nặng lắm, mình hiểu. ra ngoài đi dạo một chút cho thoáng đầu nhé. có mình nè, đừng lo."
hôm nay bắt đầu một thói quen mới và duy trì dc 2 tuần rùi 🤞,hy_vong,Cuộc sống,casual,xịn lắm nè! kế hoạch rõ ràng rồi thì cứ thế mà tiến thôi! chúc mọi thứ diễn ra suôn sẻ nhé ✨ mình chờ nghe tin vui từ bạn nhé~
"Tao đang bị hôm nay đi đường k tắc, đến nơi sớm nè 🤩",vui,Cuộc sống,casual,hết sẩy! xứng đáng lắm luôn! cứ đà này thì ngon lành luôn! tiếp tục phát huy nhé!
"Ae tư vấn giúp, sắp tới deadline mà chưa làm được gì thì nên làm sao huhu",lo_au,Công việc,casual,"bình tĩnh đi bạn ơi, lo nhiều cũng không giải quyết được gì thêm đâu nha. ghi ra giấy hết những gì đang lo rồi ưu tiên từng cái. mình tin bạn làm được mà~"
Mn ơi đang bị bị hứa thưởng nhưng cuối năm lại khum có nè 😞,that_vong,Công việc,casual,"ugh biết cảm giác đó rồi, thất vọng kiểu này thật sự khó chịu lắm. thử nhìn lại mình học được gì từ lần này nhé. bạn vẫn ổn mà, cứ tiến lên thôi! 💪"
"vừa ngồi uống cà phê một mình, tâm trạng bình thường xong, lo ghê 😐",trung_tinh,Suy nghĩ,casual,"bình bình vậy cũng ổn mà, ngày bình thường mà, cũng có cái vui của nó. có gì muốn kể thêm thì cứ kể nhé! 🙂"
"lương về rùi, mk không biết làm sao",vui,Cuộc sống,casual,wow xịn xò vậy! xứng đáng lắm luôn! tự thưởng cho mình đi nào~ chúc mừng bạn nha 🥳
"Tao hôm nay họp nhiều, không có gì nổi bật",trung_tinh,Công việc,casual,"aha hiểu rồi! ngày bình thường mà, cũng có cái vui của nó. có gì muốn kể thêm thì cứ kể nhé! 🙂"
Mk đang bị bạn bè lúc khó khăn thì không ai xuất hiện nè 😞,that_vong,Tình cảm,casual,"nghe mà buồn cho bạn quá 💔 kỳ vọng lớn mà bị hẫng thì đau thiệt. reset lại đi bạn, rồi thứ tốt hơn sẽ đến thôi~ mình tin bạn sẽ vượt qua được."
"ôn thi xong cảm thấy tự tin hơn nhiều, hôm nay ko biết làm sao 🌱",hy_vong,Học tập,casual,"tuyệt vời đó bạn! cứ giữ năng lượng đó nhé, mọi thứ đang đi đúng hướng rồi! chia sẻ kế hoạch này với người thân, được ủng hộ thêm sẽ vững hơn. mình chờ nghe tin vui từ bạn nhé~"
"vừa sếp khen project mới trước toàn công ty xong, vui ghê =))",vui,Công việc,casual,trời ơi hay quá vậy?! nghe mà vui lây =)) ăn gì ngon ngon ăn mừng đi! chúc mừng bạn nha 🥳
"vừa cố xây dựng điều gì đó mà bị phá vỡ một cách vô lý xong, hy vọng ghê",that_vong,Cuộc sống,casual,"ugh biết cảm giác đó rồi, thất vọng kiểu này thật sự khó chịu lắm. thử nhìn lại mình học được gì từ lần này nhé. mình tin bạn sẽ vượt qua được."
"Tài khoản cạn tiền mà tháng còn dài lắm, chời ơi không bt làm sao huhu",lo_au,Cuộc sống,casual,"ôi thôi thấy lo như vậy là bình thường mà. thử tắt điện thoại một lúc, focus vào 1 việc thôi. ổn thôi bạn ơi!"
"vừa bị kể chuyện riêng tư cho ng khác dù đã dặn giữ kín xong, buồn ghê 👊",gian_du,Bạn bè / Người thân,casual,"đúng là củ chuối không chịu được 🤬 nghe mà mình cũng bực lây nè. hít thở nào, giận quá dễ nói sai rồi hối hận =)) mình tin bạn sẽ xử lý được thôi."
Ủa đang bị khách hàng gửi email khen ngợi mk nè 🎉,vui,Công việc,casual,trời ơi hay quá vậy?! xứng đáng lắm luôn! nhớ chia sẻ niềm vui với người thân nha! mình vui cho bạn lắm!
"Vừa cố gắng cả năm nhưng không đc thăng chức xong, vui ghê 😔",buon,Công việc,casual,"ôm bạn nè 🥺 đừng cố tỏ ra ổn, có mình ở đây nè. ăn gì ngon ngon đi, tự thưởng cho bản thân xíu. mai lại oke thôi! 💙"
Nói thật là cảm giác mối quan hệ đang ấm lên dần 🤞,hy_vong,Tình cảm,deep,Mình cảm nhận được sự tích cực và nỗ lực của bạn. Bạn đang ở đúng nơi cần phải có để tiếp tục tiến lên. Nuôi dưỡng hy vọng bằng những hành động nhỏ mỗi ngày. Hành trình đang đi đúng hướng rồi.
"Lương về r, mk k biết làm sao 😎",vui,Cuộc sống,casual,hết sẩy! kết quả xứng đáng với cố gắng của bạn rồi đó! tự thưởng cho mình đi nào~ giữ phong độ nhé bạn ơi!
Nói thật là đang bị bị hứa thưởng nhưng cuối năm lại không có nè 😞,that_vong,Công việc,casual,"nghe mà buồn cho bạn quá 💔 thất vọng kiểu này thật sự khó chịu lắm. đừng để thất vọng lần này định nghĩa mình, ok không? rồi sẽ tốt hơn thôi bạn ơi."
"vừa ngày bình thường, làm việc rồi về xong, thất vọng ghê 😐",trung_tinh,Cuộc sống,casual,"hmmm thế thì cũng oke nha, ngày bình thường mà, cũng có cái vui của nó. nếu cần tâm sự thì mình ở đây~ 🙂"
"nộp hồ sơ học bổng và đang chờ kết quả, ủa k biết làm sao",hy_vong,Học tập,casual,"xịn lắm nè! kế hoạch rõ ràng rồi thì cứ thế mà tiến thôi! chia sẻ kế hoạch này với người thân, được ủng hộ thêm sẽ vững hơn. cổ vũ bạn 100% nè! 🤞"
"hôm nay hôm nay họp nhiều, ko có gì nổi bật 😐",trung_tinh,Công việc,deep,Đôi khi những ngày bình thường lại có giá trị riêng. Những lúc yên ổn như vậy thường là cơ hội tốt để dừng lại và lắng nghe bản thân. Đôi khi không làm gì cũng là một lựa chọn đúng đắn. Chỉ cần là chính mình là đủ rồi.
hôm nay sắp tới deadline mà chưa làm dc gì 😥,lo_au,Công việc,casual,"hít thở sâu nào 😅 overthinking kiểu này mệt lắm đúng không? thử tắt điện thoại một lúc, focus vào 1 việc thôi. mình tin bạn làm được mà~"
"thiệt tình đặt mục tiêu cho năm này mà chẳng đạt đc gì, chán haizzz",that_vong,Bản thân,casual,"ugh biết cảm giác đó rồi, mình hiểu cảm giác đó, không dễ gì nuốt được đâu. đừng để thất vọng lần này định nghĩa mình, ok không? bạn vẫn ổn mà, cứ tiến lên thôi! 💪"
hôm nay được thăng chức sau kỳ đánh giá 😆,vui,Công việc,casual,đỉnh của chóp luôn á!! xứng đáng lắm luôn! tự thưởng cho mình đi nào~ giữ phong độ nhé bạn ơi!
"Ae tư vấn giúp, sếp ép deadline vô lý kh có lý do thì nên làm sao 💢",gian_du,Công việc,casual,"trời ơi nghe mà tức dùm á 😡 ai gặp cũng điên tiết thôi bạn ơi. bơ đi mà sống, năng lượng của mình quý hơn chứ. không đáng mất sức đâu bạn ơi 😤"
Hôm nay hôm nay không có gì đặc biệt lắm 🙂,trung_tinh,Cuộc sống,casual,aha hiểu rồi! đôi khi yên ổn cũng là một loại hạnh phúc đó! tận hưởng sự bình lặng đó đi bạn ơi. ngày mai sẽ có nhiều chuyện hay hơn nha!
"Tìm dc wan cà phê ưng ý mới, chời ơi không biết làm sao 🥰",vui,Cuộc sống,deep,Mình rất vui khi nghe tin này. Những nỗ lực của bạn đã được đền đáp xứng đáng. Đừng quên ghi nhận lại hành trình đã qua — nó sẽ là nguồn cảm hứng sau này. Hãy giữ mãi năng lượng tích cực này nhé.
Ủa đang bị sợ tỏ tình xong bị từ chối thì mất cả tình bạn nè ...,lo_au,Tình cảm,casual,"ôi thôi lo nhiều cũng không giải quyết được gì thêm đâu nha. đừng nhìn cả đống cùng lúc, từng bước nhỏ thôi! mọi chuyện rồi sẽ qua thôi 💪"
"Gặp người mới và cảm giác có điểm chung, chời ơi không biết làm sao 🤞",hy_vong,Tình cảm,casual,"wow nhìn thấy vậy vui ghê! cứ giữ năng lượng tích cực đó nhé, mọi thứ đang đi đúng hướng rồi! chúc mọi thứ diễn ra suôn sẻ nhé ✨ cổ vũ bạn 100% nè! 🤞"
Nói thật là đang bị lo mối quan hệ đang dần nhạt đi nè 😱,lo_au,Tình cảm,casual,"hít thở sâu nào 😅 ai gặp chuyện đó cũng rén thôi. thử tắt điện thoại một lúc, focus vào 1 việc thôi. mình tin bạn làm được mà~"
hôm nay đang xem phim nhưng không có cảm xúc gì mạnh ...,trung_tinh,Suy nghĩ,casual,"bình bình vậy cũng ổn mà, ngày bình thường mà, cũng có cái vui của nó. có gì muốn kể thêm thì cứ kể nhé! 🙂"
Trời ơi đang bị phải gánh team vì mấy đứa lười nè,gian_du,Công việc,casual,"đúng là củ chuối không chịu được 🤬 đúng là vô lý không chịu được. hít thở nào, giận quá dễ nói sai rồi hối hận =)) thôi bỏ qua cho nhẹ đầu nhé!"
"cố xây dựng điều gì đó mà bị phá vỡ một cách vô lý, mình kh bt làm sao",that_vong,Cuộc sống,casual,"nghe mà buồn cho bạn quá 💔 không phải lỗi của mình đâu nha. đừng để thất vọng lần này định nghĩa mình, ok không? rồi sẽ tốt hơn thôi bạn ơi."
"thiệt tình chốt đơn thành công món đồ ao ước, chán",vui,Cuộc sống,casual,hết sẩy! nghe mà vui lây =)) cứ đà này thì ngon lành luôn! chúc mừng bạn nha 🥳
"ae tư vấn giúp, nhận học bổng du học thì nên làm sao 😎",vui,Học tập,casual,yayyy 🎉🎉 nghe mà vui lây =)) cứ đà này thì ngon lành luôn! mình vui cho bạn lắm!
"Trời ơi đang bị công việc ổn định, không có gì nhiều để kể nè 🙂",trung_tinh,Công việc,casual,aha hiểu rồi! không phải lúc nào cũng cần có gì to tát đâu. tận hưởng sự bình lặng đó đi bạn ơi. ngày mai sẽ có nhiều chuyện hay hơn nha!
"vừa đang cân nhắc chuyện đổi việc nhưng chưa quyết xong, lo ghê",trung_tinh,Công việc,casual,"aha hiểu rồi! ngày bình thường mà, cũng có cái vui của nó. nếu cần tâm sự thì mình ở đây~ 🙂"
"vừa nộp hồ sơ học bổng và đang chờ kết quả xong, thất vọng ghê ✨",hy_vong,Học tập,casual,tuyệt vời đó bạn! kế hoạch rõ ràng rồi thì cứ thế mà tiến thôi! cứ từng bước nhỏ là đủ rồi! cổ vũ bạn 100% nè! 🤞
"Thiệt tình bạn thân sắp chuyển đi xa, chán 😞",buon,Tình cảm,casual,"trời ơi nghe mà tủi thân giùm 😢 nghe mà thương bạn lắm luôn. gọi cho bạn thân tâm sự đi, đừng ôm một mình. có mình nè, đừng lo."
Dạo này đang bị hôm nay khum có gì đặc biệt lắm nè 😐,trung_tinh,Cuộc sống,casual,"à ra vậy, ngày bình thường mà, cũng có cái vui của nó. nếu cần tâm sự thì mình ở đây~ ngày mai sẽ có nhiều chuyện hay hơn nha!"
hôm nay cảm thấy cô đơn dù xung quanh có nhiều ng haiz,buon,Cuộc sống,deep,"Mình ở đây lắng nghe bạn. Buồn như vậy là hoàn toàn bình thường — đừng cố kìm lại. Hãy cho phép bản thân cảm nhận nó, đừng vội ổn ngay. Thời gian sẽ chữa lành mọi thứ."
Mình tìm được quán cà phê ưng ý mới 🥰,vui,Cuộc sống,casual,trời ơi hay quá vậy?! nghe mà vui lây =)) nhớ chia sẻ niềm vui với người thân nha! tiếp tục phát huy nhé!
"Vừa sợ tỏ tình xong bị từ chối thì mất cả tình bạn xong, vui ghê 😱",lo_au,Tình cảm,casual,"oke oke, ai gặp chuyện đó cũng rén thôi. uống ly nước rồi chia nhỏ vấn đề ra xử lý từng cái nhé! cố lên nhé!"
"vừa bạn bè lúc khó khăn thì ko ai xuất hiện xong, thất vọng ghê haizzz",that_vong,Tình cảm,casual,"nặng lòng ghê, mình hiểu cảm giác đó, không dễ gì nuốt được đâu. reset lại đi bạn, rồi thứ tốt hơn sẽ đến thôi~ bạn vẫn ổn mà, cứ tiến lên thôi! 💪"
hôm nay bạn bè lúc khó khăn thì k ai xuất hiện ugh,that_vong,Tình cảm,casual,"nặng lòng ghê, kỳ vọng lớn mà bị hẫng thì đau thiệt. coi như bài học đắt giá nghen! mình tin bạn sẽ vượt qua được."
"ae tư vấn giúp, cố xây dựng điều gì đó mà bị phá vỡ một cách vô lý thì nên làm sao",that_vong,Cuộc sống,deep,Mình nghe bạn và thấy điều này không dễ dàng chút nào. Cảm giác bị phản bội hay hẫng hụt là rất thực và đáng được thừa nhận. Nhìn lại xem mình học được gì từ lần này — bài học thường nằm ở đây. Hãy cứ tiếp tục — thất vọng không phải là điểm kết thúc.
"ae tư vấn giúp, sau thời gian dài cuối cùng đã liên lạc lại được thì nên làm sao 😌",hy_vong,Tình cảm,deep,Hy vọng là thứ rất quý — và bạn đang có nó. Cảm giác bắt đầu thấy ánh sáng ở cuối đường hầm rất đáng trân trọng. Nuôi dưỡng hy vọng bằng những hành động nhỏ mỗi ngày. Mình tin nỗ lực của bạn sẽ mang lại kết quả xứng đáng.
"Ngl ngồi uống cà phê một mk, tâm trạng bình thường 😐",trung_tinh,Suy nghĩ,deep,Đôi khi những ngày bình thường lại có giá trị riêng. Bình yên cũng là một trạng thái đáng trân trọng không kém gì niềm vui. Hãy để tâm trí được nghỉ ngơi — nó cũng cần được nạp lại. Chỉ cần là chính mình là đủ rồi.
"Thiệt tình đang suy nghĩ về một quyết định chưa biết nên làm hay không, chán",trung_tinh,Cuộc sống,deep,"Đôi khi những ngày không có gì đặc biệt lại có giá trị riêng của nó. Không cần lúc nào cũng phải vui hoặc buồn — chỉ cần là chính mình thôi. Nếu bạn đang cân nhắc điều gì đó, hãy cho mình thêm thời gian suy nghĩ. Bình yên nhé."
"Vừa k theo kịp bài vở dạo này xong, vui ghê 😰",lo_au,Học tập,casual,"ôi thôi lo nhiều cũng không giải quyết được gì thêm đâu nha. đừng nhìn cả đống cùng lúc, từng bước nhỏ thôi! mình tin bạn làm được mà~"
Hôm nay vừa tìm ra phương pháp học mới hiệu quả hơn 🤞,hy_vong,Học tập,casual,ôi nghe mà có động lực lây luôn á 🌱 kế hoạch rõ ràng rồi thì cứ thế mà tiến thôi! chúc mọi thứ diễn ra suôn sẻ nhé ✨ cổ vũ bạn 100% nè! 🤞
Hôm nay mượn đồ lâu rùi ko trả mà còn tỏ ra bình thường 👊,gian_du,Bạn bè / Người thân,casual,bực ghê nơi! tức như vậy là phải rồi. uống ngụm nước lạnh đi rồi bơ nó ra! mình tin bạn sẽ xử lý được thôi.
Nói thật là ôn thi xong cảm thấy tự tin hơn nhiều 🙏,hy_vong,Học tập,casual,"ôi nghe mà có động lực lây luôn á 🌱 cứ giữ năng lượng đó nhé, mọi thứ đang đi đúng hướng rồi! cứ từng bước nhỏ là đủ rồi! tiến lên thôi!"
Mn ơi đang bị cố gắng hết sức mà kết quả vẫn k như kỳ vọng nè haizzz,that_vong,Công việc,casual,"haizzz đặt kỳ vọng cao rồi bị hẫng đau lắm, mình hiểu cảm giác đó, không dễ gì nuốt được đâu. reset lại đi bạn, rồi thứ tốt hơn sẽ đến thôi~ rồi sẽ tốt hơn thôi bạn ơi."
"sắp tới deadline mà chưa làm được gì, ngl không bt làm sao 😱",lo_au,Công việc,casual,"bình tĩnh đi bạn ơi, thấy lo như vậy là bình thường mà. cứ làm hết sức thôi, kết quả đến sau nha~ ổn thôi bạn ơi!"
"Vừa k theo kịp bài vở dạo này xong, tức ghê 😥",lo_au,Học tập,casual,"oke oke, ai gặp chuyện đó cũng rén thôi. ghi ra giấy những gì đang lo rồi ưu tiên từng cái. mọi chuyện rồi sẽ qua thôi 💪"
"Vừa cố gắng cả năm nhưng không dc thăng chức xong, bình thường ghê 😞",buon,Công việc,casual,"haizzz nghe mà thương ghê, đừng cố tỏ ra ổn, có mình ở đây nè. ra ngoài đi dạo một chút cho thoáng đầu nhé. mai lại oke thôi! 💙"
Mn ơi đang bị người yêu tặng quà bất ngờ nè 🎉,vui,Tình cảm,casual,đỉnh của chóp luôn á!! mình tự hào về bạn ghê nơi ✨ nhớ chia sẻ niềm vui với người thân nha! giữ phong độ nhé bạn ơi!
"Thiệt tình cố xây dựng điều gì đó mà bị phá vỡ một cách vô lý, chán 😶",that_vong,Cuộc sống,casual,"nghe mà buồn cho bạn quá 💔 kỳ vọng lớn mà bị hẫng thì đau thiệt. coi như bài học đắt giá nghen! bạn vẫn ổn mà, cứ tiến lên thôi! 💪"
"nhớ ng yêu cũ khi trời mưa, mk ko biết làm sao",buon,Tình cảm,casual,"ôm bạn nè 🥺 buồn như vậy thì ai cũng cần được chia sẻ mà. ra ngoài đi dạo một chút cho thoáng đầu nhé. có mình nè, đừng lo."
Chời ơi tìm dc hướng đi rõ ràng hơn cho tương lai ✨,hy_vong,Cuộc sống,deep,Mình cảm nhận được sự tích cực và nỗ lực của bạn. Cảm giác bắt đầu thấy ánh sáng ở cuối đường hầm rất đáng trân trọng. Đừng so sánh tiến độ của mình với người khác — hành trình của bạn là của riêng bạn. Hành trình đang đi đúng hướng rồi.
"thiệt tình tin vào ng mà cuối cùng bị lừa dối, chán 💔",that_vong,Bản thân,casual,"haizzz đặt kỳ vọng cao rồi bị hẫng đau lắm, thất vọng kiểu này thật sự khó chịu lắm. reset lại đi bạn, rồi thứ tốt hơn sẽ đến thôi~ bạn vẫn ổn mà, cứ tiến lên thôi! 💪"
"vừa nộp hồ sơ học bổng và đang chờ kết quả xong, tức ghê 🙏",hy_vong,Học tập,casual,wow nhìn thấy vậy vui ghê! mình cũng tin vào bạn nha~ cứ từng bước nhỏ là đủ rồi! mình chờ nghe tin vui từ bạn nhé~
Tớ tin tưởng đồng nghiệp mà bị phản bội 😞,that_vong,Công việc,casual,"haizzz đặt kỳ vọng cao rồi bị hẫng đau lắm, không phải lỗi của mình đâu nha. reset lại đi bạn, rồi thứ tốt hơn sẽ đến thôi~ bạn vẫn ổn mà, cứ tiến lên thôi! 💪"
hôm nay bạn hẹn đi ăn rồi tự nhiên cancel khum lý do 😤,gian_du,Bạn bè / Người thân,casual,"trời ơi nghe mà tức dùm á 😡 ai gặp cũng điên tiết thôi bạn ơi. bơ đi mà sống, năng lượng của mình quý hơn chứ. giận xong thì thôi, đừng giữ mãi."
"vừa phải gánh team vì mấy đứa lười xong, tức ghê 🤬",gian_du,Công việc,casual,"đúng là củ chuối không chịu được 🤬 nghe mà mình cũng bực lây nè. xả ra bằng cách đi dạo hoặc nghe nhạc to đi! giận xong thì thôi, đừng giữ mãi."
"Hôm nay ngày bình thường, làm việc rùi về 🙂",trung_tinh,Cuộc sống,casual,"bình bình vậy cũng ổn mà, cứ để ngày trôi qua tự nhiên thôi, không cần rush. ngày bình thường cũng nạp năng lượng được mà 😌 ngày mai sẽ có nhiều chuyện hay hơn nha!"
Hôm nay nhìn lại năm qua thấy chẳng đạt đc gì 😞,buon,Cuộc sống,deep,"Mình rất tiếc khi nghe điều này. Cảm giác trống rỗng đó rất khó nói thành lời, mình hiểu. Đôi khi viết ra cảm xúc cũng giúp nhẹ lòng hơn nhiều. Mình luôn ở đây nếu bạn cần."
"ae tư vấn giúp, nghe bản nhạc cũ bỗng nhớ kỷ niệm xưa thì nên làm sao haiz",buon,Cuộc sống,casual,"ôm bạn nè 🥺 cảm giác đó nặng lắm, mình hiểu. gọi cho bạn thân tâm sự đi, đừng ôm một mình. có mình nè, đừng lo."
"Vừa gặp người mới và cảm giác có điểm chung xong, lo ghê",hy_vong,Tình cảm,deep,Mình cảm nhận được sự tích cực và nỗ lực của bạn. Bạn đang ở đúng nơi cần phải có để tiếp tục tiến lên. Đừng so sánh tiến độ của mình với người khác — hành trình của bạn là của riêng bạn. Hành trình đang đi đúng hướng rồi.
Ủa bị đồng nghiệp nhận công của mình trước mặt sếp 😤,gian_du,Công việc,casual,"trời ơi nghe mà tức dùm á 😡 ai gặp cũng điên tiết thôi bạn ơi. thả lỏng ra đi, đừng để nó chiếm hết ngày của mình. mình tin bạn sẽ xử lý được thôi."
"vừa hôm nay họp nhiều, k có gì nổi bật xong, hy vọng ghê ...",trung_tinh,Công việc,casual,aha hiểu rồi! đôi khi yên ổn cũng là một loại hạnh phúc đó! tận hưởng sự bình lặng đó đi bạn ơi. ngày mai sẽ có nhiều chuyện hay hơn nha!
"vừa đồng nghiệp thân nhất vừa nghỉ việc xong, tức ghê 💔",buon,Công việc,casual,"ôi buồn quá, buồn như vậy thì ai cũng cần được chia sẻ mà. gọi cho bạn thân tâm sự đi, đừng ôm một mình. rồi sẽ qua thôi bạn ơi."
Nói thật là đang bị tài khoản cạn tiền mà tháng còn dài lắm nè 😰,lo_au,Cuộc sống,casual,"ôi thôi overthinking kiểu này mệt lắm đúng không? cứ làm hết sức thôi, kết quả đến sau nha~ ổn thôi bạn ơi!"
Dạo này sếp khen project mới trước toàn công ty 🤩,vui,Công việc,deep,Thật tuyệt vời khi nghe điều này. Kết quả này là minh chứng cho sự kiên trì của bạn. Đừng quên ghi nhận lại hành trình đã qua — nó sẽ là nguồn cảm hứng sau này. Hãy giữ mãi năng lượng tích cực này nhé.
"Sau thời gian dài cuối cùng đã liên lạc lại dc, nói thật là không biết làm sao 🤞",hy_vong,Tình cảm,casual,"tuyệt vời đó bạn! cứ giữ năng lượng đó nhé, mọi thứ đang đi đúng hướng rồi! chia sẻ kế hoạch này với người thân, được ủng hộ thêm sẽ vững hơn. mình chờ nghe tin vui từ bạn nhé~"
"Thất bại lần này sau khi đã chuẩn bị rất kỹ, mk không biết làm sao",that_vong,Bản thân,casual,"nặng lòng ghê, mình hiểu cảm giác đó, không dễ gì nuốt được đâu. reset lại đi bạn, rồi thứ tốt hơn sẽ đến thôi~ rồi sẽ tốt hơn thôi bạn ơi."
"Ae tư vấn giúp, đang xem phim nhưng ko có cảm xúc gì mạnh thì nên làm sao 😐",trung_tinh,Suy nghĩ,casual,aha hiểu rồi! đôi khi yên ổn cũng là một loại hạnh phúc đó! có gì muốn kể thêm thì cứ kể nhé! 🙂
Tui đang bị ng yêu liên tục đến trễ mà khum xin lỗi nè 🤬,gian_du,Bạn bè / Người thân,casual,"ugh tức thật! tức như vậy là phải rồi. thả lỏng ra đi, đừng để nó chiếm hết ngày của mình. thôi bỏ qua cho nhẹ đầu nhé!"
"vừa tự nhiên ngồi nhìn ra cửa sổ và nghĩ linh tinh xong, hy vọng ghê 😐",trung_tinh,Suy nghĩ,casual,"bình bình vậy cũng ổn mà, ngày bình thường mà, cũng có cái vui của nó. nếu cần tâm sự thì mình ở đây~ ngày mai sẽ có nhiều chuyện hay hơn nha!"
"crush vừa công khai người yêu mới, mn ơi không biết làm sao 😔",buon,Tình cảm,casual,"haizzz nghe mà thương ghê, buồn như vậy thì ai cũng cần được chia sẻ mà. bật phim hoặc nhạc chill đi nào! rồi sẽ qua thôi bạn ơi."
Hôm nay chưa học chữ nào mà mai thi r 😱,lo_au,Học tập,casual,"oke oke, mình hiểu cảm giác đó lắm! cứ làm hết sức thôi, kết quả đến sau nha~ ổn thôi bạn ơi!"
"không về kịp gặp ng thân lần cuối, mk không biết làm sao haiz",buon,Gia đình,casual,"haizzz nghe mà thương ghê, nghe mà thương bạn lắm luôn. bật phim hoặc nhạc chill đi nào! mai lại oke thôi! 💙"
"thiệt tình đc thăng chức sau kỳ đánh giá, chán",vui,Công việc,casual,trời ơi hay quá vậy?! xứng đáng lắm luôn! tự thưởng cho mình đi nào~ chúc mừng bạn nha 🥳
Hôm nay khối lượng công việc ngập đầu kh biết bắt đầu từ đâu 😥,lo_au,Công việc,casual,"oke oke, thấy lo như vậy là bình thường mà. thử tắt điện thoại một lúc, focus vào 1 việc thôi. ổn thôi bạn ơi!"
Tớ đang bị thất bại lần này sau khi đã chuẩn bị rất kỹ nè ugh,that_vong,Bản thân,casual,"nghe mà buồn cho bạn quá 💔 mình hiểu cảm giác đó, không dễ gì nuốt được đâu. reset lại đi bạn, rồi thứ tốt hơn sẽ đến thôi~ mình tin bạn sẽ vượt qua được."
"Vừa bạn bè lúc khó khăn thì kh ai xuất hiện xong, buồn ghê 💔",that_vong,Tình cảm,casual,"nặng lòng ghê, kỳ vọng lớn mà bị hẫng thì đau thiệt. đừng để thất vọng lần này định nghĩa mình, ok không? mình tin bạn sẽ vượt qua được."
Ae ơi đang bị bài thi dc điểm cao ngoài mong đợi nè ✨,vui,Học tập,deep,Thật tuyệt vời khi nghe điều này. Kết quả này là minh chứng cho sự kiên trì của bạn. Dùng động lực từ thành công này để tiếp tục những mục tiêu tiếp theo. Mình tin đây chỉ là bước đầu trong hành trình dài.
"sau giai đoạn khó khăn cảm thấy mọi thứ đang tốt lên, ủa ko biết làm sao 😌",hy_vong,Cuộc sống,casual,"xịn lắm nè! kế hoạch rõ ràng rồi thì cứ thế mà tiến thôi! chia sẻ kế hoạch này với người thân, được ủng hộ thêm sẽ vững hơn. cổ vũ bạn 100% nè! 🤞"
"thiệt tình chưa học chữ nào mà mai thi rồi, chán 😰",lo_au,Học tập,casual,"ôi thôi lo nhiều cũng không giải quyết được gì thêm đâu nha. thử tắt điện thoại một lúc, focus vào 1 việc thôi. ổn thôi bạn ơi!"
"Thiệt tình sắp trả tiền trọ mà lương chưa về, chán huhu",lo_au,Cuộc sống,casual,"oke oke, lo nhiều cũng không giải quyết được gì thêm đâu nha. cứ làm hết sức thôi, kết quả đến sau nha~ ổn thôi bạn ơi!"
"vừa người yêu tặng quà bất ngờ xong, thất vọng ghê =))",vui,Tình cảm,casual,"wow xịn xò vậy! nghe mà vui lây =)) lưu khoảnh khắc này lại, sau nhìn lại vẫn còn vui mà. giữ phong độ nhé bạn ơi!"
"Tìm đc hướng đi rõ ràng hơn cho tương lai, tao không bt làm sao ✨",hy_vong,Cuộc sống,deep,Thật đáng quý khi bạn vẫn giữ được cái nhìn tích cực này. Cảm giác bắt đầu thấy ánh sáng ở cuối đường hầm rất đáng trân trọng. Nuôi dưỡng hy vọng bằng những hành động nhỏ mỗi ngày. Mình tin nỗ lực của bạn sẽ mang lại kết quả xứng đáng.
"sau giai đoạn khó khăn cảm thấy mọi thứ đang tốt lên, mk không bt làm sao 🌱",hy_vong,Cuộc sống,casual,xịn lắm nè! kế hoạch rõ ràng rồi thì cứ thế mà tiến thôi! chúc mọi thứ diễn ra suôn sẻ nhé ✨ cổ vũ bạn 100% nè! 🤞
"Vừa sếp ép deadline vô lý ko có lý do xong, tức ghê 🤬",gian_du,Công việc,casual,"bực ghê nơi! ai gặp cũng điên tiết thôi bạn ơi. uống ngụm nước lạnh đi rồi bơ nó ra! giận xong thì thôi, đừng giữ mãi."
hôm nay lương về rồi 😎,vui,Cuộc sống,casual,hết sẩy! kết quả xứng đáng với cố gắng của bạn rồi đó! ăn gì ngon ngon ăn mừng đi! chúc mừng bạn nha 🥳
Tớ sếp ép deadline vô lý k có lý do 🔥,gian_du,Công việc,casual,"bực ghê nơi! tức như vậy là phải rồi. bơ đi mà sống, năng lượng của mình quý hơn chứ. không đáng mất sức đâu bạn ơi 😤"
Ủa đang bị hàng giao sai size mà đổ lỗi do mk đặt nhầm nè 🤬,gian_du,Dịch vụ,casual,trời ơi nghe mà tức dùm á 😡 ai gặp cũng điên tiết thôi bạn ơi. xả ra bằng cách đi dạo hoặc nghe nhạc to đi! không đáng mất sức đâu bạn ơi 😤
"Vừa đang suy nghĩ về một quyết định chưa biết nên làm hay không xong, vui ghê 🙂",trung_tinh,Cuộc sống,casual,"hmmm thế thì cũng oke nha, yên ổn như vậy là ổn rồi mà, đôi khi bình thường cũng là hạnh phúc đó. ngày bình thường cũng nạp năng lượng được mà 😌 bình yên nhé bạn ơi~"
"Bạn bè lúc khó khăn thì khum ai xuất hiện, ae ơi không bt làm sao 😶",that_vong,Tình cảm,casual,"nặng lòng ghê, mình hiểu cảm giác đó, không dễ gì nuốt được đâu. đừng để thất vọng lần này định nghĩa mình, ok không? rồi sẽ tốt hơn thôi bạn ơi."
"ae tư vấn giúp, lương về rồi thì nên làm sao =))",vui,Cuộc sống,deep,Thành quả đáng được trân trọng. Niềm vui này bạn hoàn toàn xứng đáng có được. Hãy trân trọng khoảnh khắc này và chia sẻ với những người đã đồng hành. Hãy giữ mãi năng lượng tích cực này nhé.
"Đang cân nhắc chuyện đổi việc nhưng chưa quyết, mn ơi không biết làm sao 🙂",trung_tinh,Công việc,casual,"aha hiểu rồi! cứ để ngày trôi qua tự nhiên thôi, không cần rush. ngày bình thường cũng nạp năng lượng được mà 😌 🙂 cứ thư giãn đi nhé~"
Hôm nay cố gắng thay đổi bản thân mà cứ quay về điểm cũ 💔,that_vong,Bản thân,casual,"haizzz đặt kỳ vọng cao rồi bị hẫng đau lắm, kỳ vọng lớn mà bị hẫng thì đau thiệt. đừng để thất vọng lần này định nghĩa mình, ok không? rồi sẽ tốt hơn thôi bạn ơi."
"Pass môn khó nhất học kỳ, tao không biết làm sao 😆",vui,Học tập,casual,hết sẩy! kết quả xứng đáng với cố gắng của bạn rồi đó! tự thưởng cho mình đi nào~ tiếp tục phát huy nhé!
"Thiệt tình ng yêu tặng quà bất ngờ, chán 😆",vui,Tình cảm,casual,hết sẩy! nghe mà vui lây =)) cứ đà này thì ngon lành luôn! tiếp tục phát huy nhé!
"K theo kịp bài vở dạo này, mình không biết làm sao huhu",lo_au,Học tập,casual,ôi thôi lo nhiều cũng không giải quyết được gì thêm đâu nha. ghi ra giấy hết những gì đang lo rồi ưu tiên từng cái. ổn thôi bạn ơi!
"vừa nghe bản nhạc cũ bỗng nhớ kỷ niệm xưa xong, tức ghê 💔",buon,Cuộc sống,casual,"trời ơi nghe mà tủi thân giùm 😢 cảm giác đó nặng lắm, mình hiểu. gọi cho bạn thân tâm sự đi, đừng ôm một mình. mai lại oke thôi! 💙"
"Cảm thấy cô đơn dù xung quanh có nhiều ng, tui không biết làm sao 💔",buon,Cuộc sống,casual,"haizzz nghe mà thương ghê, cảm giác đó nặng lắm, mình hiểu. bật phim hoặc nhạc chill đi nào! mai lại oke thôi! 💙"
"ae tư vấn giúp, người yêu liên tục đến trễ mà không xin lỗi thì nên làm sao 😤",gian_du,Bạn bè / Người thân,casual,bực ghê nơi! đúng là vô lý không chịu được. uống ngụm nước lạnh đi rồi bơ nó ra! không đáng mất sức đâu bạn ơi 😤
"sắp tới deadline mà chưa làm dc gì, mn ơi k biết làm sao 😱",lo_au,Công việc,casual,"bình tĩnh đi bạn ơi, lo nhiều cũng không giải quyết được gì thêm đâu nha. cứ làm hết sức thôi, kết quả đến sau nha~ cố lên nhé!"
"Vừa chia tay xong cứ thấy trống rỗng xong, buồn ghê 💔",buon,Tình cảm,casual,"trời ơi nghe mà tủi thân giùm 😢 cảm giác đó nặng lắm, mình hiểu. gọi cho bạn thân tâm sự đi, đừng ôm một mình. có mình nè, đừng lo."
"Đặt phòng khách sạn xong đến nơi bảo hết phòng, ae ơi không biết làm sao",gian_du,Dịch vụ,deep,Mình hiểu tại sao bạn cảm thấy như vậy. Đôi khi ranh giới cần được giữ vững và điều đó đúng. Hãy để cơn tức nguôi trước khi phản ứng — quyết định lúc đang nóng thường không tốt. Bạn không cần nuốt bực bội vào trong mãi.
"vừa bạn bè lúc khó khăn thì không ai xuất hiện xong, lo ghê 😶",that_vong,Tình cảm,casual,"nặng lòng ghê, mình hiểu cảm giác đó, không dễ gì nuốt được đâu. reset lại đi bạn, rồi thứ tốt hơn sẽ đến thôi~ rồi sẽ tốt hơn thôi bạn ơi."
"Cố gắng thay đổi bản thân mà cứ quay về điểm cũ, ae ơi k biết làm sao",that_vong,Bản thân,casual,"ugh biết cảm giác đó rồi, kỳ vọng lớn mà bị hẫng thì đau thiệt. đừng để thất vọng lần này định nghĩa mình, ok không? rồi sẽ tốt hơn thôi bạn ơi."
"vừa lo bảo vệ luận văn bị giáo viên phản biện nặng xong, bình thường ghê ...",lo_au,Học tập,casual,"hít thở sâu nào 😅 mình hiểu cảm giác đó lắm! thử tắt điện thoại một lúc, focus vào 1 việc thôi. mọi chuyện rồi sẽ qua thôi 💪"
Ngl đang bị đặt phòng khách sạn xong đến nơi bảo hết phòng nè 💢,gian_du,Dịch vụ,casual,"trời ơi nghe mà tức dùm á 😡 ai gặp cũng điên tiết thôi bạn ơi. hít thở nào, giận quá dễ nói sai rồi hối hận =)) giận xong thì thôi, đừng giữ mãi."
"Ae tư vấn giúp, có kế hoạch cụ thể r, cảm thấy tự tin hơn thì nên làm sao 🙏",hy_vong,Cuộc sống,casual,"tuyệt vời đó bạn! cứ giữ năng lượng đó nhé, mọi thứ đang đi đúng hướng rồi! chúc mọi thứ diễn ra suôn sẻ nhé ✨ tiến lên thôi!"
"Vừa nhìn lại năm qua thấy chẳng đạt đc gì xong, bình thường ghê 😞",buon,Cuộc sống,casual,"haizzz nghe mà thương ghê, nghe mà thương bạn lắm luôn. ăn gì ngon ngon đi, tự thưởng cho bản thân xíu. rồi sẽ qua thôi bạn ơi."
"Sếp khen project mới trước toàn công ty, tui không bt làm sao ✨",vui,Công việc,casual,wow xịn xò vậy! kết quả xứng đáng với cố gắng của bạn rồi đó! cứ đà này thì ngon lành luôn! chúc mừng bạn nha 🥳
Tao dự án tâm huyết bị hủy bỏ phút chót 🥀,buon,Công việc,casual,trời ơi nghe mà tủi thân giùm 😢 nghe mà thương bạn lắm luôn. bật phim hoặc nhạc chill đi nào! mình ở đây nghe bạn kể nhé~
"Vừa sợ bị sếp đánh giá thấp trong kỳ review xong, vui ghê huhu",lo_au,Công việc,casual,từ từ nào! mình hiểu cảm giác đó lắm! uống ly nước rồi chia nhỏ vấn đề ra xử lý từng cái nhé! cố lên nhé!
"lo mối quan hệ đang dần nhạt đi, nói thật là kh biết làm sao 😥",lo_au,Tình cảm,casual,hít thở sâu nào 😅 thấy lo như vậy là bình thường mà. uống ly nước rồi chia nhỏ vấn đề ra xử lý từng cái nhé! ổn thôi bạn ơi!
"Hôm nay đang bị hôm nay họp nhiều, không có gì nổi bật nè",trung_tinh,Công việc,casual,"à ra vậy, ngày bình thường mà, cũng có cái vui của nó. có gì muốn kể thêm thì cứ kể nhé! cứ thư giãn đi nhé~"
"Ae tư vấn giúp, tin vào người mà cuối cùng bị lừa dối thì nên làm sao",that_vong,Bản thân,deep,Mình nghe bạn và thấy điều này không dễ dàng chút nào. Không phải lúc nào cố gắng cũng cho kết quả như mong muốn — và điều đó không có nghĩa bạn không đủ tốt. Đừng vội kết luận về bản thân chỉ vì một kết quả chưa như ý. Thất vọng không phải điểm kết thúc — hãy tiếp tục.
"ko bt mình có đủ năng lực cho vị trí mới không, ủa không biết làm sao 😰",lo_au,Công việc,casual,"bình tĩnh đi bạn ơi, ai gặp chuyện đó cũng rén thôi. thử tắt điện thoại một lúc, focus vào 1 việc thôi. mọi chuyện rồi sẽ qua thôi 💪"
"hôm nay không có gì đặc biệt lắm, ủa không biết làm sao",trung_tinh,Cuộc sống,casual,"à ra vậy, ngày bình thường mà, cũng có cái vui của nó. có gì muốn kể thêm thì cứ kể nhé! ngày mai sẽ có nhiều chuyện hay hơn nha!"
Mk đang bị lương về rùi nè ✨,vui,Cuộc sống,casual,"wow xịn xò vậy! xứng đáng lắm luôn! lưu khoảnh khắc này lại, sau nhìn lại vẫn còn vui mà. giữ phong độ nhé bạn ơi!"
"Sắp tới deadline mà chưa làm dc gì, trời ơi ko biết làm sao 😥",lo_au,Công việc,casual,"bình tĩnh đi bạn ơi, lo nhiều cũng không giải quyết được gì thêm đâu nha. cứ làm hết sức thôi, kết quả đến sau nha~ mọi chuyện rồi sẽ qua thôi 💪"
"vừa hai đứa vừa nói chuyện thẳng và hiểu nhau hơn xong, bình thường ghê 🌱",hy_vong,Tình cảm,casual,tuyệt vời đó bạn! kế hoạch rõ ràng rồi thì cứ thế mà tiến thôi! đừng để ai lấy đi cái tinh thần đó của mình nghen! cổ vũ bạn 100% nè! 🤞
"thiệt tình xa nhà lâu quá nhớ mọi ng, chán 😔",buon,Gia đình,casual,"ôi buồn quá, buồn như vậy thì ai cũng cần được chia sẻ mà. ra ngoài đi dạo một chút cho thoáng đầu nhé. mình ở đây nghe bạn kể nhé~"
"taxi chặt chém gấp đôi giá lúc đang vội, tui không biết làm sao 😤",gian_du,Giao thông,casual,"trời ơi nghe mà tức dùm á 😡 tức như vậy là phải rồi. thả lỏng ra đi, đừng để nó chiếm hết ngày của mình. không đáng mất sức đâu bạn ơi 😤"
"Bị hứa thưởng nhưng cuối năm lại không có, dạo này không biết làm sao 😞",that_vong,Công việc,casual,"nặng lòng ghê, không phải lỗi của mình đâu nha. coi như bài học đắt giá nghen! mình tin bạn sẽ vượt qua được."
Mk đang bị được crush rủ đi chơi cuối tuần nè ✨,vui,Tình cảm,casual,trời ơi hay quá vậy?! xứng đáng lắm luôn! nhớ chia sẻ niềm vui với người thân nha! tiếp tục phát huy nhé!
"Vừa tự nhiên ngồi nhìn ra cửa sổ và nghĩ linh tinh xong, buồn ghê ...",trung_tinh,Suy nghĩ,casual,"à ra vậy, không phải lúc nào cũng cần có gì to tát đâu. tận hưởng sự bình lặng đó đi bạn ơi. cứ thư giãn đi nhé~"
Hôm nay chưa học chữ nào mà mai thi rồi,lo_au,Học tập,casual,hít thở sâu nào 😅 thấy lo như vậy là bình thường mà. uống ly nước rồi chia nhỏ vấn đề ra xử lý từng cái nhé! cố lên nhé!
"hi vọng nhiều rùi nhận kết quả ngược lại, tui không biết làm sao 😶",that_vong,Cuộc sống,casual,"nghe mà buồn cho bạn quá 💔 kỳ vọng lớn mà bị hẫng thì đau thiệt. reset lại đi bạn, rồi thứ tốt hơn sẽ đến thôi~ mình tin bạn sẽ vượt qua được."
"Vừa gặp ng mới và cảm giác có điểm chung xong, buồn ghê 🤞",hy_vong,Tình cảm,casual,ôi nghe mà có động lực lây luôn á 🌱 kế hoạch rõ ràng rồi thì cứ thế mà tiến thôi! chúc mọi thứ diễn ra suôn sẻ nhé ✨ tiến lên thôi!
Ae ơi gặp người mới và cảm giác có điểm chung ✨,hy_vong,Tình cảm,casual,"ôi nghe mà có động lực lây luôn á 🌱 kế hoạch rõ ràng rồi thì cứ thế mà tiến thôi! chia sẻ kế hoạch này với người thân, được ủng hộ thêm sẽ vững hơn. mình chờ nghe tin vui từ bạn nhé~"
Dạo này bị người thân không ủng hộ điều mình tin tưởng haizzz,that_vong,Tình cảm,deep,Thất vọng sau khi đặt cả tâm sức — cảm giác đó rất nặng. Cảm giác hẫng hụt là rất thật và đáng được thừa nhận. Đừng vội kết luận về bản thân chỉ vì một kết quả chưa như ý. Bạn vẫn đang tiến về phía trước dù chưa thấy rõ.
"Bị hứa thưởng nhưng cuối năm lại không có, nói thật là không bt làm sao 😶",that_vong,Công việc,casual,"nghe mà buồn cho bạn quá 💔 thất vọng kiểu này thật sự khó chịu lắm. thử nhìn lại mình học được gì từ lần này nhé. bạn vẫn ổn mà, cứ tiến lên thôi! 💪"
"Xa nhà lâu wa nhớ mọi người, mn ơi không bt làm sao 😢",buon,Gia đình,deep,Mình ở đây lắng nghe bạn. Bạn không yếu đuối khi buồn — bạn rất can đảm khi chia sẻ điều này. Tìm người thân thiết để nói chuyện — đừng mang một mình. Không cần phải ổn ngay đâu.
Nói thật là đang bị bị đồng nghiệp nhận công của mình trước mặt sếp nè 👊,gian_du,Công việc,casual,"bực ghê nơi! nghe mà mình cũng bực lây nè. hít thở nào, giận quá dễ nói sai rồi hối hận =)) mình tin bạn sẽ xử lý được thôi."
Mk đang bị ôn thi xong cảm thấy tự tin hơn nhiều nè 🙏,hy_vong,Học tập,casual,"ôi nghe mà có động lực lây luôn á 🌱 mình cũng tin vào bạn nha~ chia sẻ kế hoạch này với người thân, được ủng hộ thêm sẽ vững hơn. mình chờ nghe tin vui từ bạn nhé~"
"vừa cố gắng thay đổi bản thân mà cứ quay về điểm cũ xong, vui ghê 💔",that_vong,Bản thân,casual,"nặng lòng ghê, thất vọng kiểu này thật sự khó chịu lắm. reset lại đi bạn, rồi thứ tốt hơn sẽ đến thôi~ rồi sẽ tốt hơn thôi bạn ơi."
Mk đang bị bị người thân không ủng hộ điều mình tin tưởng nè 😞,that_vong,Tình cảm,casual,nghe mà buồn cho bạn quá 💔 không phải lỗi của mình đâu nha. coi như bài học đắt giá nghen! rồi sẽ tốt hơn thôi bạn ơi.
"thiệt tình kh bt mk đang đi đúng hướng không, chán 🥲",lo_au,Cuộc sống,casual,"từ từ nào! thấy lo như vậy là bình thường mà. đừng nhìn cả đống cùng lúc, từng bước nhỏ thôi! mình tin bạn làm được mà~"
Trời ơi đang bị sếp ép deadline vô lý khum có lý do nè 💢,gian_du,Công việc,casual,"đúng là củ chuối không chịu được 🤬 nghe mà mình cũng bực lây nè. thả lỏng ra đi, đừng để nó chiếm hết ngày của mình. không đáng mất sức đâu bạn ơi 😤"
"Thiệt tình sếp ép deadline vô lý khum có lý do, chán",gian_du,Công việc,casual,"bực ghê nơi! tức như vậy là phải rồi. thả lỏng ra đi, đừng để nó chiếm hết ngày của mình. giận xong thì thôi, đừng giữ mãi."
"Đồng nghiệp thân nhất vừa nghỉ việc, nói thật là không biết làm sao 😔",buon,Công việc,casual,trời ơi nghe mà tủi thân giùm 😢 buồn như vậy thì ai cũng cần được chia sẻ mà. ra ngoài đi dạo một chút cho thoáng đầu nhé. mình ở đây nghe bạn kể nhé~
"ae tư vấn giúp, ba mẹ cứ cãi nhau và có vẻ sắp ly hôn thì nên làm sao 💔",buon,Gia đình,casual,"ôi buồn quá, cảm giác đó nặng lắm, mình hiểu. gọi cho bạn thân tâm sự đi, đừng ôm một mình. rồi sẽ qua thôi bạn ơi."
"thiệt tình dc crush rủ đi chơi cuối tuần, chán",vui,Tình cảm,casual,hết sẩy! kết quả xứng đáng với cố gắng của bạn rồi đó! tự thưởng cho mình đi nào~ mình vui cho bạn lắm!
Mn ơi đang bị mọi thứ dạo này cứ xui xẻo liên tục nè 😔,buon,Cuộc sống,casual,"ôi buồn quá, đừng cố tỏ ra ổn, có mình ở đây nè. ra ngoài đi dạo một chút cho thoáng đầu nhé. rồi sẽ qua thôi bạn ơi."
"Thiệt tình cảm thấy cô đơn dù xung quanh có nhiều người, chán 😢",buon,Cuộc sống,casual,"haizzz nghe mà thương ghê, nghe mà thương bạn lắm luôn. bật phim hoặc nhạc chill đi nào! mai lại oke thôi! 💙"
"Vừa ngồi uống cà phê một mình, tâm trạng bình thường xong, vui ghê 🙂",trung_tinh,Suy nghĩ,casual,"bình bình vậy cũng ổn mà, cứ để ngày trôi qua tự nhiên thôi, không cần rush. ngày bình thường cũng nạp năng lượng được mà 😌 bình yên nhé bạn ơi~"
"thiệt tình nộp hồ sơ học bổng và đang chờ kết quả, chán 🌱",hy_vong,Học tập,deep,Mình cảm nhận được sự tích cực và nỗ lực của bạn. Hướng đi rõ ràng như vậy là kết quả của rất nhiều suy nghĩ và nỗ lực. Đừng so sánh tiến độ của mình với người khác — hành trình của bạn là của riêng bạn. Hành trình đang đi đúng hướng rồi.
"vừa dc thăng chức sau kỳ đánh giá xong, vui ghê 😎",vui,Công việc,casual,"trời ơi hay quá vậy?! mình tự hào về bạn ghê nơi ✨ lưu khoảnh khắc này lại, sau nhìn lại vẫn còn vui mà. mình vui cho bạn lắm!"
"sếp ép deadline vô lý không có lý do, tui không bt làm sao 🤬",gian_du,Công việc,casual,"bực ghê nơi! tức như vậy là phải rồi. hít thở nào, giận quá dễ nói sai rồi hối hận =)) giận xong thì thôi, đừng giữ mãi."
Nói thật là làm lành với ng thân sau trận cãi 🤩,vui,Tình cảm,casual,trời ơi hay quá vậy?! xứng đáng lắm luôn! tự thưởng cho mình đi nào~ giữ phong độ nhé bạn ơi!
"Thiệt tình lo bảo vệ luận văn bị giáo viên phản biện nặng, chán huhu",lo_au,Học tập,casual,"từ từ nào! overthinking kiểu này mệt lắm đúng không? thử tắt điện thoại một lúc, focus vào 1 việc thôi. cố lên nhé!"
Tớ ship đồ ăn thiếu món mà không chịu hoàn tiền 😤,gian_du,Dịch vụ,casual,bực ghê nơi! nghe mà mình cũng bực lây nè. xả ra bằng cách đi dạo hoặc nghe nhạc to đi! mình tin bạn sẽ xử lý được thôi.
Ae ơi đang bị bạn thân sắp chuyển đi xa nè 💔,buon,Tình cảm,deep,Cảm ơn bạn đã chia sẻ với mình. Buồn như vậy là hoàn toàn bình thường — đừng cố kìm lại. Tìm người thân thiết để nói chuyện — đừng mang một mình. Mình luôn ở đây nếu bạn cần.
hôm nay nghe bản nhạc cũ bỗng nhớ kỷ niệm xưa 💔,buon,Cuộc sống,casual,"ôi buồn quá, đừng cố tỏ ra ổn, có mình ở đây nè. ăn gì ngon ngon đi, tự thưởng cho bản thân xíu. mai lại oke thôi! 💙"
"vừa ông bà mất, để lại khoảng trống không bù dc xong, hy vọng ghê 😞",buon,Gia đình,casual,"haizzz nghe mà thương ghê, cảm giác đó nặng lắm, mình hiểu. bật phim hoặc nhạc chill đi nào! mai lại oke thôi! 💙"
"Vừa vừa đọc xong một bài viết thú vị xong, lo ghê ...",trung_tinh,Cuộc sống,casual,"à ra vậy, ngày bình thường mà, cũng có cái vui của nó. nếu cần tâm sự thì mình ở đây~ cứ thư giãn đi nhé~"
"vừa cố gắng thay đổi bản thân mà cứ quay về điểm cũ xong, thất vọng ghê 😞",that_vong,Bản thân,casual,"ugh biết cảm giác đó rồi, mình hiểu cảm giác đó, không dễ gì nuốt được đâu. đừng để thất vọng lần này định nghĩa mình, ok không? mình tin bạn sẽ vượt qua được."
"Vừa hôm nay họp nhiều, kh có gì nổi bật xong, tức ghê",trung_tinh,Công việc,casual,"bình bình vậy cũng ổn mà, ngày bình thường mà, cũng có cái vui của nó. tận hưởng sự bình lặng đó đi bạn ơi. 🙂"
"Mk ngày bình thường, làm việc rồi về ...",trung_tinh,Cuộc sống,casual,"hmmm thế thì cũng oke nha, đôi khi yên ổn cũng là một loại hạnh phúc đó! tận hưởng sự bình lặng đó đi bạn ơi. 🙂"
"Thiệt tình yêu thật lòng mà không được đáp lại, chán 😶",that_vong,Tình cảm,deep,Thất vọng sau khi đặt cả tâm sức — cảm giác đó rất nặng. Cảm giác hẫng hụt là rất thật và đáng được thừa nhận. Đừng vội kết luận về bản thân chỉ vì một kết quả chưa như ý. Bạn vẫn đang tiến về phía trước dù chưa thấy rõ.
"Ae tư vấn giúp, mượn đồ lâu rồi ko trả mà còn tỏ ra bình thường thì nên làm sao 👊",gian_du,Bạn bè / Người thân,casual,"bực ghê nơi! ai gặp cũng điên tiết thôi bạn ơi. hít thở nào, giận quá dễ nói sai rồi hối hận =)) mình tin bạn sẽ xử lý được thôi."
"dc chọn vào đội tuyển nghiên cứu, chời ơi k biết làm sao ✨",vui,Học tập,casual,yayyy 🎉🎉 mình tự hào về bạn ghê nơi ✨ tự thưởng cho mình đi nào~ giữ phong độ nhé bạn ơi!
"Ae tư vấn giúp, tin tưởng đồng nghiệp mà bị phản bội thì nên làm sao 💔",that_vong,Công việc,casual,"haizzz đặt kỳ vọng cao rồi bị hẫng đau lắm, mình hiểu cảm giác đó, không dễ gì nuốt được đâu. đừng để thất vọng lần này định nghĩa mình, ok không? rồi sẽ tốt hơn thôi bạn ơi."
Hôm nay đang bị sắp tới deadline mà chưa làm dc gì nè 😥,lo_au,Công việc,casual,từ từ nào! thấy lo như vậy là bình thường mà. uống ly nước rồi chia nhỏ vấn đề ra xử lý từng cái nhé! cố lên nhé!
"Vừa sợ tỏ tình xong bị từ chối thì mất cả tình bạn xong, tức ghê ...",lo_au,Tình cảm,casual,"oke oke, lo nhiều cũng không giải quyết được gì thêm đâu nha. cứ làm hết sức thôi, kết quả đến sau nha~ mọi chuyện rồi sẽ qua thôi 💪"
"ae tư vấn giúp, nhìn lại năm qua thấy chẳng đạt dc gì thì nên làm sao 😞",buon,Cuộc sống,casual,"ôm bạn nè 🥺 đừng cố tỏ ra ổn, có mình ở đây nè. ăn gì ngon ngon đi, tự thưởng cho bản thân xíu. có mình nè, đừng lo."
"Ae tư vấn giúp, người yêu tặng quà bất ngờ thì nên làm sao 😆",vui,Tình cảm,casual,yayyy 🎉🎉 mình tự hào về bạn ghê nơi ✨ tự thưởng cho mình đi nào~ giữ phong độ nhé bạn ơi!
Trời ơi đang bị khách hàng dời lịch sát giờ khum báo trước nè 🔥,gian_du,Công việc,casual,đúng là củ chuối không chịu được 🤬 đúng là vô lý không chịu được. xả ra bằng cách đi dạo hoặc nghe nhạc to đi! không đáng mất sức đâu bạn ơi 😤
Ae ơi đang bị khách hàng gửi email khen ngợi mk nè 😎,vui,Công việc,casual,yayyy 🎉🎉 nghe mà vui lây =)) tự thưởng cho mình đi nào~ mình vui cho bạn lắm!
"vừa nhớ người yêu cũ khi trời mưa xong, buồn ghê 😞",buon,Tình cảm,casual,"trời ơi nghe mà tủi thân giùm 😢 đừng cố tỏ ra ổn, có mình ở đây nè. gọi cho bạn thân tâm sự đi, đừng ôm một mình. có mình nè, đừng lo."
Ngl dự án mới bắt đầu và cảm giác rất tiềm năng 🌱,hy_vong,Công việc,deep,Hy vọng là thứ rất quý — và bạn đang có nó. Bạn đang ở đúng nơi cần phải có để tiếp tục tiến lên. Nuôi dưỡng hy vọng bằng những hành động nhỏ mỗi ngày. Hành trình đang đi đúng hướng rồi.
Mn ơi chưa học chữ nào mà mai thi rùi 😱,lo_au,Học tập,casual,"hít thở sâu nào 😅 overthinking kiểu này mệt lắm đúng không? thử tắt điện thoại một lúc, tập trung vào 1 việc thôi. cố lên nhé!"
Mn ơi đang bị yêu thật lòng mà không được đáp lại nè 💔,that_vong,Tình cảm,casual,"ugh biết cảm giác đó rồi, mình hiểu cảm giác đó, không dễ gì nuốt được đâu. đừng để thất vọng lần này định nghĩa mình, ok không? mình tin bạn sẽ vượt qua được."
Chời ơi lo mối quan hệ đang dần nhạt đi 😱,lo_au,Tình cảm,casual,hít thở sâu nào 😅 thấy lo như vậy là bình thường mà. ghi ra giấy hết những gì đang lo rồi ưu tiên từng cái. mình tin bạn làm được mà~
Tớ đang bị con mèo nuôi nhiều năm vừa ra đi nè 😢,buon,Cuộc sống,casual,"ôi buồn quá, nghe mà thương bạn lắm luôn. ăn gì ngon ngon đi, tự thưởng cho bản thân xíu. rồi sẽ qua thôi bạn ơi."
"Vừa được thăng chức sau kỳ đánh giá xong, hy vọng ghê ✨",vui,Công việc,casual,hết sẩy! mình tự hào về bạn ghê nơi ✨ tự thưởng cho mình đi nào~ chúc mừng bạn nha 🥳
hôm nay không biết mk có đủ năng lực cho vị trí mới không 😱,lo_au,Công việc,casual,"hít thở sâu nào 😅 ai gặp chuyện đó cũng rén thôi. thử tắt điện thoại một lúc, focus vào 1 việc thôi. mọi chuyện rồi sẽ qua thôi 💪"
"Thiệt tình yêu thật lòng mà không đc đáp lại, chán",that_vong,Tình cảm,casual,"nghe mà buồn cho bạn quá 💔 thất vọng kiểu này thật sự khó chịu lắm. đừng để thất vọng lần này định nghĩa mình, ok không? rồi sẽ tốt hơn thôi bạn ơi."
"đặt phòng khách sạn xong đến nơi bảo hết phòng, dạo này không biết làm sao 💢",gian_du,Dịch vụ,deep,Cảm giác bất công đó rất thật. Bạn hoàn toàn có quyền cảm thấy bực bội như vậy. Hãy để cơn tức nguôi trước khi phản ứng — quyết định lúc nóng thường không tốt. Hãy xử lý theo cách phù hợp nhất.
Tớ đang bị mượn đồ lâu r khum trả mà còn tỏ ra bình thường nè 🤬,gian_du,Bạn bè / Người thân,casual,đúng là củ chuối không chịu được 🤬 tức như vậy là phải rồi. xả ra bằng cách đi dạo hoặc nghe nhạc to đi! thôi bỏ qua cho nhẹ đầu nhé!
"Vừa khách hàng dời lịch sát giờ không báo trước xong, vui ghê 🤬",gian_du,Công việc,casual,đúng là củ chuối không chịu được 🤬 nghe mà mình cũng bực lây nè. xả ra bằng cách đi dạo hoặc nghe nhạc to đi! mình tin bạn sẽ xử lý được thôi.
Nói thật là khum biết mình có đủ năng lực cho vị trí mới không 😥,lo_au,Công việc,casual,"oke oke, mình hiểu cảm giác đó lắm! đừng nhìn cả đống cùng lúc, từng bước nhỏ thôi! cố lên nhé!"
hôm nay bạn hẹn đi ăn r tự nhiên cancel không lý do 💢,gian_du,Bạn bè / Người thân,casual,trời ơi nghe mà tức dùm á 😡 ai gặp cũng điên tiết thôi bạn ơi. xả ra bằng cách đi dạo hoặc nghe nhạc to đi! không đáng mất sức đâu bạn ơi 😤
Ae ơi crush vừa công khai ng yêu mới 🥀,buon,Tình cảm,casual,"trời ơi nghe mà tủi thân giùm 😢 cảm giác đó nặng lắm, mình hiểu. bật phim hoặc nhạc chill đi nào! mình ở đây nghe bạn kể nhé~"
Dạo này đặt nhiều kỳ vọng vào người ấy mà họ không quan tâm 😞,that_vong,Tình cảm,casual,"ugh biết cảm giác đó rồi, kỳ vọng lớn mà bị hẫng thì đau thiệt. đừng để thất vọng lần này định nghĩa mình, ok không? bạn vẫn ổn mà, cứ tiến lên thôi! 💪"
Ngl ko theo kịp bài vở dạo này 😥,lo_au,Học tập,casual,"bình tĩnh đi bạn ơi, lo nhiều cũng không giải quyết được gì thêm đâu nha. thử tắt điện thoại một lúc, focus vào 1 việc thôi. mình tin bạn làm được mà~"
"sau giai đoạn khó khăn cảm thấy mọi thứ đang tốt lên, hôm nay kh biết làm sao 😌",hy_vong,Cuộc sống,casual,"wow nhìn thấy vậy vui ghê! mình cũng tin vào bạn nha~ chia sẻ kế hoạch này với người thân, được ủng hộ thêm sẽ vững hơn. cổ vũ bạn 100% nè! 🤞"
"vừa có kế hoạch cụ thể rùi, cảm thấy tự tin hơn xong, thất vọng ghê 🤞",hy_vong,Cuộc sống,casual,xịn lắm nè! mình cũng tin vào bạn nha~ đừng để ai lấy đi cái tinh thần đó của mình nghen! tiến lên thôi!
"cảm giác mối quan hệ đang ấm lên dần, dạo này k biết làm sao 🙏",hy_vong,Tình cảm,casual,"xịn lắm nè! cứ giữ năng lượng đó nhé, mọi thứ đang đi đúng hướng rồi! chúc mọi thứ diễn ra suôn sẻ nhé ✨ tiến lên thôi!"
"thiệt tình ôn thi xong cảm thấy tự tin hơn nhiều, chán",hy_vong,Học tập,casual,xịn lắm nè! kế hoạch rõ ràng rồi thì cứ thế mà tiến thôi! cứ từng bước nhỏ là đủ rồi! cổ vũ bạn 100% nè! 🤞
"Ae tư vấn giúp, đang cân nhắc chuyện đổi việc nhưng chưa quyết thì nên làm sao 😐",trung_tinh,Công việc,casual,"hmmm thế thì cũng oke nha, cứ để ngày trôi qua tự nhiên thôi, không cần rush. có gì muốn kể thêm thì cứ kể nhé! bình yên nhé bạn ơi~"
"vừa không biết mình đang đi đúng hướng không xong, bình thường ghê 🥲",lo_au,Cuộc sống,casual,"hít thở sâu nào 😅 thấy lo như vậy là bình thường mà. đừng nhìn cả đống cùng lúc, từng bước nhỏ thôi! cố lên nhé!"
Hôm nay đang bị gọi hotline chăm sóc khách hàng cúp máy giữa chừng nè 👊,gian_du,Dịch vụ,casual,ugh tức thật! tức như vậy là phải rồi. uống ngụm nước lạnh đi rồi bơ nó ra! mình tin bạn sẽ xử lý được thôi.
Tớ tìm được hướng đi rõ ràng hơn cho tương lai,hy_vong,Cuộc sống,casual,tuyệt vời đó bạn! kế hoạch rõ ràng rồi thì cứ thế mà tiến thôi! đừng để ai lấy đi cái tinh thần đó của mình nghen! mình chờ nghe tin vui từ bạn nhé~
"Nhìn lại năm qua thấy chẳng đạt dc gì, chời ơi không bt làm sao 😢",buon,Cuộc sống,casual,"haizzz nghe mà thương ghê, đừng cố tỏ ra ổn, có mình ở đây nè. ăn gì ngon ngon đi, tự thưởng cho bản thân xíu. có mình nè, đừng lo."
Mình gọi hotline chăm sóc khách hàng cúp máy giữa chừng,gian_du,Dịch vụ,casual,"ugh tức thật! tức như vậy là phải rồi. thả lỏng ra đi, đừng để nó chiếm hết ngày của mình. thôi bỏ qua cho nhẹ đầu nhé!"
"Thất bại lần này sau khi đã chuẩn bị rất kỹ, chời ơi kh biết làm sao 😶",that_vong,Bản thân,deep,Thất vọng sau khi đặt cả tâm sức — cảm giác đó rất nặng. Không phải lúc nào cố gắng cũng cho kết quả như mong muốn — và điều đó không có nghĩa bạn không đủ tốt. Đừng vội kết luận về bản thân chỉ vì một kết quả chưa như ý. Mình tin bạn sẽ tìm ra hướng đi phù hợp hơn.
Hôm nay dc chọn vào đội tuyển nghiên cứu 🤩,vui,Học tập,casual,đỉnh của chóp luôn á!! mình tự hào về bạn ghê nơi ✨ cứ đà này thì ngon lành luôn! mình vui cho bạn lắm!
"Thiệt tình mọi thứ dạo này cứ xui xẻo liên tục, chán 😞",buon,Cuộc sống,casual,ôm bạn nè 🥺 buồn như vậy thì ai cũng cần được chia sẻ mà. ra ngoài đi dạo một chút cho thoáng đầu nhé. mình ở đây nghe bạn kể nhé~
hôm nay được giao nhiệm vụ mới thú vị hơn,hy_vong,Công việc,deep,"Hy vọng là thứ rất quý — và bạn đang có nó. Cảm giác bắt đầu thấy ánh sáng ở cuối đường hầm rất đáng trân trọng. Đừng so sánh tiến độ của mình với người khác — hành trình của bạn là của riêng bạn. Cứ tiến lên, mình cổ vũ bạn."
hôm nay gửi CV và đang chờ kết quả phỏng vấn,hy_vong,Công việc,casual,xịn lắm nè! kế hoạch rõ ràng rồi thì cứ thế mà tiến thôi! chúc mọi thứ diễn ra suôn sẻ nhé ✨ cổ vũ bạn 100% nè! 🤞
"vừa đặt phòng khách sạn xong đến nơi bảo hết phòng xong, thất vọng ghê 💢",gian_du,Dịch vụ,casual,"đúng là củ chuối không chịu được 🤬 nghe mà mình cũng bực lây nè. uống ngụm nước lạnh đi rồi bơ nó ra! giận xong thì thôi, đừng giữ mãi."
Hôm nay đang bị bạn bè lúc khó khăn thì kh ai xuất hiện nè haizzz,that_vong,Tình cảm,deep,Mình hiểu bạn đang cảm thấy rất hụt hẫng lúc này. Cảm giác hẫng hụt là rất thật và đáng được thừa nhận. Đừng vội kết luận về bản thân chỉ vì một kết quả chưa như ý. Thất vọng không phải điểm kết thúc — hãy tiếp tục.
"Vừa sếp ép deadline vô lý khum có lý do xong, hy vọng ghê 🤬",gian_du,Công việc,casual,"ugh tức thật! đúng là vô lý không chịu được. hít thở nào, giận quá dễ nói sai rồi hối hận =)) giận xong thì thôi, đừng giữ mãi."
Hôm nay chốt đơn thành công món đồ ao ước 🎉,vui,Cuộc sống,casual,wow xịn xò vậy! mình tự hào về bạn ghê nơi ✨ tự thưởng cho mình đi nào~ giữ phong độ nhé bạn ơi!
"vừa đang xem phim nhưng kh có cảm xúc gì mạnh xong, vui ghê",trung_tinh,Suy nghĩ,deep,Trạng thái trung dung cũng là một phần bình thường của cuộc sống. Không cần lúc nào cũng phải vui hoặc buồn — chỉ cần là chính mình thôi. Đôi khi không làm gì cũng là một lựa chọn đúng đắn. Chỉ cần là chính mình là đủ rồi.
Ủa bị cắt mặt suýt gây tai nạn mà không xin lỗi 💢,gian_du,Giao thông,casual,đúng là củ chuối không chịu được 🤬 đúng là vô lý không chịu được. xả ra bằng cách đi dạo hoặc nghe nhạc to đi! thôi bỏ qua cho nhẹ đầu nhé!
"tìm được hướng đi rõ ràng hơn cho tương lai, ae ơi ko biết làm sao 🙏",hy_vong,Cuộc sống,casual,tuyệt vời đó bạn! mình cũng tin vào bạn nha~ đừng để ai lấy đi cái tinh thần đó của mình nghen! cổ vũ bạn 100% nè! 🤞
hôm nay sắp tới deadline mà chưa làm được gì 😰,lo_au,Công việc,casual,"hít thở sâu nào 😅 mình hiểu cảm giác đó lắm! đừng nhìn cả đống cùng lúc, từng bước nhỏ thôi! ổn thôi bạn ơi!"
"Vừa đặt nhiều kỳ vọng vào người ấy mà họ không quan tâm xong, vui ghê 😞",that_vong,Tình cảm,casual,"nghe mà buồn cho bạn quá 💔 mình hiểu cảm giác đó, không dễ gì nuốt được đâu. reset lại đi bạn, rồi thứ tốt hơn sẽ đến thôi~ bạn vẫn ổn mà, cứ tiến lên thôi! 💪"
"Ae tư vấn giúp, bị xe tạt nước suốt ng khi đang đi đường thì nên làm sao 👊",gian_du,Giao thông,casual,"trời ơi nghe mà tức dùm á 😡 đúng là vô lý không chịu được. bơ đi mà sống, năng lượng của mình quý hơn chứ. không đáng mất sức đâu bạn ơi 😤"
"ae tư vấn giúp, k theo kịp bài vở dạo này thì nên làm sao 🥲",lo_au,Học tập,casual,"bình tĩnh đi bạn ơi, overthinking kiểu này mệt lắm đúng không? ghi ra giấy hết những gì đang lo rồi ưu tiên từng cái. cố lên nhé!"
"thiệt tình tìm được qán cà phê ưng ý mới, chán =))",vui,Cuộc sống,casual,hết sẩy! nghe mà vui lây =)) tự thưởng cho mình đi nào~ giữ phong độ nhé bạn ơi!
Ae ơi bạn thân sắp chuyển đi xa,buon,Tình cảm,casual,"ôi buồn quá, nghe mà thương bạn lắm luôn. gọi cho bạn thân tâm sự đi, đừng ôm một mình. mai lại oke thôi! 💙"
Tao đang bị dc giao nhiệm vụ mới thú vị hơn nè 😌,hy_vong,Công việc,casual,tuyệt vời đó bạn! kế hoạch rõ ràng rồi thì cứ thế mà tiến thôi! chúc mọi thứ diễn ra suôn sẻ nhé ✨ tiến lên thôi!
hôm nay khách hàng gửi email khen ngợi mình 😆,vui,Công việc,casual,trời ơi hay quá vậy?! kết quả xứng đáng với cố gắng của bạn rồi đó! nhớ chia sẻ niềm vui với người thân nha! giữ phong độ nhé bạn ơi!
"Ae tư vấn giúp, hàng giao sai size mà đổ lỗi do mình đặt nhầm thì nên làm sao 🔥",gian_du,Dịch vụ,casual,"ugh tức thật! nghe mà mình cũng bực lây nè. thả lỏng ra đi, đừng để nó chiếm hết ngày của mình. thôi bỏ qua cho nhẹ đầu nhé!"
"Bạn bè lúc khó khăn thì khum ai xuất hiện, mk không biết làm sao ugh",that_vong,Tình cảm,casual,"ugh biết cảm giác đó rồi, mình hiểu cảm giác đó, không dễ gì nuốt được đâu. đừng để thất vọng lần này định nghĩa mình, ok không? rồi sẽ tốt hơn thôi bạn ơi."
Hôm nay đặt nhiều kỳ vọng vào người ấy mà họ kh quan tâm ugh,that_vong,Tình cảm,casual,"haizzz đặt kỳ vọng cao rồi bị hẫng đau lắm, mình hiểu cảm giác đó, không dễ gì nuốt được đâu. reset lại đi bạn, rồi thứ tốt hơn sẽ đến thôi~ rồi sẽ tốt hơn thôi bạn ơi."
"thiệt tình hôm nay họp nhiều, k có gì nổi bật, chán 😐",trung_tinh,Công việc,casual,"hmmm thế thì cũng oke nha, ngày bình thường mà, cũng có cái vui của nó. nếu cần tâm sự thì mình ở đây~ ngày mai sẽ có nhiều chuyện hay hơn nha!"
"Hai đứa vừa nói chuyện thẳng và hiểu nhau hơn, mình kh biết làm sao ✨",hy_vong,Tình cảm,deep,"Thật đáng quý khi bạn vẫn giữ được cái nhìn tích cực này. Hướng đi rõ ràng như vậy là kết quả của rất nhiều suy nghĩ và nỗ lực. Nuôi dưỡng hy vọng bằng những hành động nhỏ mỗi ngày. Cứ tiến lên, mình cổ vũ bạn."
Tui đang bị tài khoản cạn tiền mà tháng còn dài lắm nè 🥲,lo_au,Cuộc sống,casual,"bình tĩnh đi bạn ơi, lo nhiều cũng không giải quyết được gì thêm đâu nha. đừng nhìn cả đống cùng lúc, từng bước nhỏ thôi! cố lên nhé!"
Ủa bị xe tạt nước suốt ng khi đang đi đường,gian_du,Giao thông,casual,"ugh tức thật! đúng là vô lý không chịu được. thả lỏng ra đi, đừng để nó chiếm hết ngày của mình. không đáng mất sức đâu bạn ơi 😤"
Tui đang bị được giao nhiệm vụ mới thú vị hơn nè 🌱,hy_vong,Công việc,casual,"wow nhìn thấy vậy vui ghê! kế hoạch rõ ràng rồi thì cứ thế mà tiến thôi! chia sẻ kế hoạch này với người thân, được ủng hộ thêm sẽ vững hơn. mình chờ nghe tin vui từ bạn nhé~"
"Đợi mãi một cơ hội mà nó k đến, dạo này không bt làm sao ugh",that_vong,Cuộc sống,casual,"haizzz đặt kỳ vọng cao rồi bị hẫng đau lắm, không phải lỗi của mình đâu nha. đừng để thất vọng lần này định nghĩa mình, ok không? mình tin bạn sẽ vượt qua được."
"bị kể chuyện riêng tư cho ng khác dù đã dặn giữ kín, dạo này không bt làm sao 🔥",gian_du,Bạn bè / Người thân,casual,"bực ghê nơi! nghe mà mình cũng bực lây nè. thả lỏng ra đi, đừng để nó chiếm hết ngày của mình. mình tin bạn sẽ xử lý được thôi."
"Thiệt tình bị hứa thưởng nhưng cuối năm lại khum có, chán",that_vong,Công việc,casual,"nghe mà buồn cho bạn quá 💔 thất vọng kiểu này thật sự khó chịu lắm. reset lại đi bạn, rồi thứ tốt hơn sẽ đến thôi~ bạn vẫn ổn mà, cứ tiến lên thôi! 💪"
Ae ơi đang bị hi vọng nhiều rồi nhận kết quả ngược lại nè,that_vong,Cuộc sống,casual,"nghe mà buồn cho bạn quá 💔 mình hiểu cảm giác đó, không dễ gì nuốt được đâu. đừng để thất vọng lần này định nghĩa mình, ok không? rồi sẽ tốt hơn thôi bạn ơi."
"không biết ng ấy có thật sự thích mình không, trời ơi không biết làm sao ...",lo_au,Tình cảm,deep,Mình nghe thấy sự lo lắng của bạn. Cảm giác không chắc chắn đó rất thật và rất khó chịu. Hít thở sâu và bắt đầu từ điều nhỏ nhất có thể làm ngay hôm nay. Mình tin bạn sẽ vượt qua được.
hôm nay xa nhà lâu qá nhớ mọi ng 🥀,buon,Gia đình,casual,"ôm bạn nè 🥺 cảm giác đó nặng lắm, mình hiểu. bật phim hoặc nhạc chill đi nào! mai lại oke thôi! 💙"
Chời ơi đang bị áp lực KPI tháng này cao quá nè 😱,lo_au,Công việc,casual,"bình tĩnh đi bạn ơi, lo nhiều cũng không giải quyết được gì thêm đâu nha. cứ làm hết sức thôi, kết quả đến sau nha~ mọi chuyện rồi sẽ qua thôi 💪"
"Mk đang bị hôm nay họp nhiều, không có gì nổi bật nè",trung_tinh,Công việc,casual,"bình bình vậy cũng ổn mà, không phải lúc nào cũng cần có gì to tát đâu, ngày bình thường cũng có cái hay của nó. tận hưởng sự bình lặng đó đi bạn ơi. 🙂 cứ thư giãn đi nhé~"
"Cố gắng thay đổi bản thân mà cứ quay về điểm cũ, ae ơi không bt làm sao 😞",that_vong,Bản thân,casual,"nghe mà buồn cho bạn quá 💔 thất vọng kiểu này thật sự khó chịu lắm. thử nhìn lại mình học được gì từ lần này nhé. bạn vẫn ổn mà, cứ tiến lên thôi! 💪"
"Thiệt tình đang suy nghĩ về một quyết định chưa bt nên làm hay không, chán ...",trung_tinh,Cuộc sống,deep,"Cảm ơn bạn đã chia sẻ. Những lúc yên ổn như vậy thường là cơ hội tốt để dừng lại và lắng nghe bản thân. Nếu bạn đang cân nhắc điều gì đó, hãy cho mình thêm thời gian suy nghĩ. Bình yên nhé."
"vừa đặt nhiều kỳ vọng vào người ấy mà họ ko quan tâm xong, bình thường ghê",that_vong,Tình cảm,casual,"nặng lòng ghê, mình hiểu cảm giác đó, không dễ gì nuốt được đâu. đừng để thất vọng lần này định nghĩa mình, ok không? mình tin bạn sẽ vượt qua được."
"Thiệt tình đang code xong thì cúp điện mất hết, chán 🤬",gian_du,Công việc,casual,"ugh tức thật! đúng là vô lý không chịu được. bơ đi mà sống, năng lượng của mình quý hơn chứ. không đáng mất sức đâu bạn ơi 😤"
"Có kế hoạch cụ thể rồi, cảm thấy tự tin hơn, tui kh bt làm sao 🤞",hy_vong,Cuộc sống,casual,ôi nghe mà có động lực lây luôn á 🌱 mình cũng tin vào bạn và kế hoạch này nha~ đừng để ai lấy đi cái tinh thần đó của mình nghen! cổ vũ bạn 100% nè! 🤞
Ủa sếp khen project mới trước toàn công ty 🎉,vui,Công việc,casual,"wow xịn xò vậy! kết quả xứng đáng với cố gắng của bạn rồi đó! lưu khoảnh khắc này lại, sau nhìn lại vẫn còn vui mà. tiếp tục phát huy nhé!"
"Vừa đặt nhiều kỳ vọng vào người ấy mà họ ko quan tâm xong, vui ghê 😞",that_vong,Tình cảm,casual,"haizzz đặt kỳ vọng cao rồi bị hẫng đau lắm, thất vọng kiểu này thật sự khó chịu lắm. đừng để thất vọng lần này định nghĩa mình, ok không? mình tin bạn sẽ vượt qua được."
hôm nay kh bt mk đang đi đúng hướng không 😰,lo_au,Cuộc sống,casual,"từ từ nào! thấy lo như vậy là bình thường mà. cứ làm hết sức thôi, kết quả đến sau nha~ mình tin bạn làm được mà~"
Dạo này nhớ ng yêu cũ khi trời mưa 😢,buon,Tình cảm,deep,Mình rất tiếc khi nghe điều này. Bạn không yếu đuối khi buồn — bạn rất can đảm khi chia sẻ điều này. Đôi khi viết ra cảm xúc cũng giúp nhẹ lòng hơn nhiều. Thời gian sẽ chữa lành mọi thứ.
Ủa bị overthinking cả đêm ngủ không được 😥,lo_au,Cuộc sống,casual,"bình tĩnh đi bạn ơi, thấy lo như vậy là bình thường mà. cứ làm hết sức thôi, kết quả đến sau nha~ cố lên nhé!"
hôm nay đang suy nghĩ về một quyết định chưa bt nên làm hay không 🙂,trung_tinh,Cuộc sống,deep,"Đôi khi những ngày bình thường lại có giá trị riêng. Không cần lúc nào cũng phải vui hoặc buồn — chỉ cần là chính mình thôi. Nếu bạn đang cân nhắc điều gì đó, hãy cho mình thêm thời gian suy nghĩ. Bình yên nhé."
"Vừa ko biết mk đang đi đúng hướng không xong, bình thường ghê 😥",lo_au,Cuộc sống,casual,"bình tĩnh đi bạn ơi, overthinking kiểu này mệt lắm đúng không? thử tắt điện thoại một lúc, focus vào 1 việc thôi. mọi chuyện rồi sẽ qua thôi 💪"
"đc giao nhiệm vụ mới thú vị hơn, trời ơi không biết làm sao 🙏",hy_vong,Công việc,casual,"ôi nghe mà có động lực lây luôn á 🌱 mình cũng tin vào bạn nha~ chia sẻ kế hoạch này với người thân, được ủng hộ thêm sẽ vững hơn. mình chờ nghe tin vui từ bạn nhé~"
"Ngl ông bà mất, để lại khoảng trống không bù dc 😞",buon,Gia đình,casual,"ôi buồn quá, đừng cố tỏ ra ổn, có mình ở đây nè. buồn thì cứ khóc ra cho nhẹ lòng, đừng giữ trong bụng. mai lại oke thôi! 💙"
Nói thật là đang bị yêu thật lòng mà không dc đáp lại nè ugh,that_vong,Tình cảm,casual,"haizzz đặt kỳ vọng cao rồi bị hẫng đau lắm, kỳ vọng lớn mà bị hẫng thì đau thiệt. đừng để thất vọng lần này định nghĩa mình, ok không? rồi sẽ tốt hơn thôi bạn ơi."
"bạn hẹn đi ăn r tự nhiên cancel không lý do, mình không biết làm sao 👊",gian_du,Bạn bè / Người thân,casual,bực ghê nơi! nghe mà mình cũng bực lây nè. xả ra bằng cách đi dạo hoặc nghe nhạc to đi! không đáng mất sức đâu bạn ơi 😤
"vừa đc crush rủ đi chơi cuối tuần xong, hy vọng ghê",vui,Tình cảm,casual,"trời ơi hay quá vậy?! kết quả xứng đáng với cố gắng của bạn rồi đó! lưu khoảnh khắc này lại, sau nhìn lại vẫn còn vui mà. tiếp tục phát huy nhé!"
"vừa xa nhà lâu quá nhớ mọi người xong, hy vọng ghê",buon,Gia đình,casual,"trời ơi nghe mà tủi thân giùm 😢 buồn như vậy thì ai cũng cần được chia sẻ mà. ăn gì ngon ngon đi, tự thưởng cho bản thân xíu. có mình nè, đừng lo."
Nói thật là đang bị sau giai đoạn khó khăn cảm thấy mọi thứ đang tốt lên nè 🙏,hy_vong,Cuộc sống,casual,"ôi nghe mà có động lực lây luôn á 🌱 cứ giữ năng lượng đó nhé, mọi thứ đang đi đúng hướng rồi! chia sẻ kế hoạch này với người thân, được ủng hộ thêm sẽ vững hơn. tiến lên thôi!"
"gọi hotline chăm sóc khách hàng cúp máy giữa chừng, ngl khum bt làm sao 💢",gian_du,Dịch vụ,casual,"đúng là củ chuối không chịu được 🤬 tức như vậy là phải rồi. hít thở nào, giận quá dễ nói sai rồi hối hận =)) thôi bỏ qua cho nhẹ đầu nhé!"
"Vừa không bt người ấy có thật sự thích mình không xong, hy vọng ghê huhu",lo_au,Tình cảm,casual,"từ từ nào! ai gặp chuyện đó cũng rén thôi. đừng nhìn cả đống cùng lúc, từng bước nhỏ thôi! mình tin bạn làm được mà~"
"Vừa sợ rớt môn, ảnh hưởng học bổng xong, hy vọng ghê",lo_au,Học tập,casual,"oke oke, thấy lo như vậy là bình thường mà. thử tắt điện thoại một lúc, focus vào 1 việc thôi. mình tin bạn làm được mà~"
"hôm nay ông bà mất, để lại khoảng trống khum bù dc haiz",buon,Gia đình,casual,"ôi buồn quá, buồn như vậy thì ai cũng cần được chia sẻ mà. ăn gì ngon ngon đi, tự thưởng cho bản thân xíu. rồi sẽ qua thôi bạn ơi."
Ủa đang bị đang suy nghĩ về một quyết định chưa biết nên làm hay khum nè,trung_tinh,Cuộc sống,casual,"à ra vậy, ngày bình thường mà, cũng có cái vui của nó. tận hưởng sự bình lặng đó đi bạn ơi. cứ thư giãn đi nhé~"
Hôm nay không biết mình có đủ năng lực cho vị trí mới không huhu,lo_au,Công việc,casual,"hít thở sâu nào 😅 mình hiểu cảm giác đó lắm! đừng nhìn cả đống cùng lúc, từng bước nhỏ thôi! cố lên nhé!"
"crush vừa công khai người yêu mới, mk không biết làm sao 😢",buon,Tình cảm,casual,"ôi buồn quá, buồn như vậy thì ai cũng cần được chia sẻ mà. gọi cho bạn thân tâm sự đi, đừng ôm một mình. mình ở đây nghe bạn kể nhé~"
"Thiệt tình gặp người mới và cảm giác có điểm chung, chán 🙏",hy_vong,Tình cảm,casual,xịn lắm nè! mình cũng tin vào bạn nha~ cứ từng bước nhỏ là đủ rồi! mình chờ nghe tin vui từ bạn nhé~
Tao đang bị tự nhiên ngồi nhìn ra cửa sổ và nghĩ linh tinh nè 🙂,trung_tinh,Suy nghĩ,casual,"aha hiểu rồi! không phải lúc nào cũng cần có gì to tát đâu, ngày bình thường cũng có cái hay của nó. tận hưởng sự bình lặng đó đi bạn ơi. 🙂 cứ thư giãn đi nhé~"
"Vừa gửi cv và đang chờ kết quả phỏng vấn xong, tức ghê",hy_vong,Công việc,casual,"tuyệt vời đó bạn! cứ giữ năng lượng đó nhé, mọi thứ đang đi đúng hướng rồi! chia sẻ kế hoạch này với người thân, được ủng hộ thêm sẽ vững hơn. cổ vũ bạn 100% nè! 🤞"
"vừa tìm dc hướng đi rõ ràng hơn cho tương lai xong, thất vọng ghê",hy_vong,Cuộc sống,casual,"xịn lắm nè! cứ giữ năng lượng đó nhé, mọi thứ đang đi đúng hướng rồi! cứ từng bước nhỏ là đủ rồi! tiến lên thôi!"
Mình đang bị đặt mục tiêu cho năm này mà chẳng đạt được gì nè 💔,that_vong,Bản thân,casual,"nặng lòng ghê, kỳ vọng lớn mà bị hẫng thì đau thiệt. coi như bài học đắt giá nghen! rồi sẽ tốt hơn thôi bạn ơi."
hôm nay bài thi đc điểm cao ngoài mong đợi ✨,vui,Học tập,deep,Mình rất vui khi nghe tin này. Kết quả này là minh chứng cho sự kiên trì của bạn. Đừng quên ghi nhận lại hành trình đã qua — nó sẽ là nguồn cảm hứng sau này. Hãy giữ mãi năng lượng tích cực này nhé.
Ngl đang bị làm đúng quy trình mà vẫn bị chỉ trích nè 😞,that_vong,Công việc,casual,"nghe mà buồn cho bạn quá 💔 kỳ vọng lớn mà bị hẫng thì đau thiệt. reset lại đi bạn, rồi thứ tốt hơn sẽ đến thôi~ mình tin bạn sẽ vượt qua được."
"Ae tư vấn giúp, gặp người mới và cảm giác có điểm chung thì nên làm sao 😌",hy_vong,Tình cảm,casual,ôi nghe mà có động lực lây luôn á 🌱 hy vọng như vậy là động lực để tiến lên đó! đừng để ai lấy đi cái tinh thần đó của mình nghen! mình chờ nghe tin vui từ bạn nhé~
"Thiệt tình phải gánh team vì mấy đứa lười, chán",gian_du,Công việc,casual,"bực ghê nơi! ai gặp cũng điên tiết thôi bạn ơi. hít thở nào, giận quá dễ nói sai rồi hối hận =)) giận xong thì thôi, đừng giữ mãi."
Mn ơi bị đồng nghiệp nhận công của mk trước mặt sếp,gian_du,Công việc,deep,"Mình hiểu tại sao bạn cảm thấy như vậy. Đôi khi ranh giới cần được giữ vững và điều đó đúng. Sau khi bình tĩnh, nghĩ xem cách xử lý nào có lợi nhất cho bạn. Hãy xử lý theo cách phù hợp nhất."
"Thiệt tình ship đồ ăn thiếu món mà không chịu hoàn tiền, chán 😡",gian_du,Dịch vụ,casual,"đúng là củ chuối không chịu được 🤬 đúng là vô lý không chịu được. bơ đi mà sống, năng lượng của mình quý hơn chứ. thôi bỏ qua cho nhẹ đầu nhé!"
"ae tư vấn giúp, đang suy nghĩ về một quyết định chưa biết nên làm hay không thì nên làm sao ...",trung_tinh,Cuộc sống,deep,"Đôi khi những ngày không có gì đặc biệt lại có giá trị riêng của nó. Không cần lúc nào cũng phải vui hoặc buồn — chỉ cần là chính mình thôi. Nếu bạn đang cân nhắc điều gì đó, hãy cho mình thêm thời gian suy nghĩ. Mình ở đây nếu bạn cần nói chuyện."
"thiệt tình hôm nay đi đường không tắc, đến nơi sớm, chán",vui,Cuộc sống,casual,"wow xịn xò vậy! kết quả xứng đáng với cố gắng của bạn rồi đó! lưu khoảnh khắc này lại, sau nhìn lại vẫn còn vui mà. tiếp tục phát huy nhé!"
"ae tư vấn giúp, nhớ người yêu cũ khi trời mưa thì nên làm sao 😢",buon,Tình cảm,casual,"trời ơi nghe mà tủi thân giùm 😢 cảm giác đó nặng lắm, mình hiểu. ăn gì ngon ngon đi, tự thưởng cho bản thân xíu. có mình nè, đừng lo."
hôm nay đặt nhiều kỳ vọng vào ng ấy mà họ khum quan tâm 😞,that_vong,Tình cảm,casual,"haizzz đặt kỳ vọng cao rồi bị hẫng đau lắm, không phải lỗi của mình đâu nha. reset lại đi bạn, rồi thứ tốt hơn sẽ đến thôi~ rồi sẽ tốt hơn thôi bạn ơi."
"Vừa bốc thăm trúng phần thưởng to xong, thất vọng ghê 🤩",vui,Cuộc sống,casual,wow xịn xò vậy! xứng đáng lắm luôn! ăn gì ngon ngon ăn mừng đi! mình vui cho bạn lắm!
"Thiệt tình người yêu liên tục đến trễ mà kh xin lỗi, chán 👊",gian_du,Bạn bè / Người thân,casual,ugh tức thật! nghe mà mình cũng bực lây nè. uống ngụm nước lạnh đi rồi bơ nó ra! thôi bỏ qua cho nhẹ đầu nhé!
"tài khoản cạn tiền mà tháng còn dài lắm, ae ơi không bt làm sao 😰",lo_au,Cuộc sống,casual,"bình tĩnh đi bạn ơi, thấy lo như vậy là bình thường mà. đừng nhìn cả đống cùng lúc, từng bước nhỏ thôi! ổn thôi bạn ơi!"
Mình đang bị lương về rồi nè 😎,vui,Cuộc sống,casual,hết sẩy! xứng đáng lắm luôn! tự thưởng cho mình đi nào~ giữ phong độ nhé bạn ơi!
"Vừa xa nhà lâu wa nhớ mọi người xong, hy vọng ghê 😢",buon,Gia đình,casual,"ôm bạn nè 🥺 buồn như vậy thì ai cũng cần được chia sẻ mà. gọi cho bạn thân tâm sự đi, đừng ôm một mình. mai lại oke thôi! 💙"
"Thiệt tình yêu thật lòng mà không dc đáp lại, chán 😶",that_vong,Tình cảm,casual,"haizzz đặt kỳ vọng cao rồi bị hẫng đau lắm, thất vọng kiểu này thật sự khó chịu lắm. reset lại đi bạn, rồi thứ tốt hơn sẽ đến thôi~ rồi sẽ tốt hơn thôi bạn ơi."
"bị đồng nghiệp nhận công của mình trước mặt sếp, nói thật là không biết làm sao 🤬",gian_du,Công việc,casual,"đúng là củ chuối không chịu được 🤬 tức như vậy là phải rồi. xả ra bằng cách đi dạo hoặc nghe nhạc to đi! giận xong thì thôi, đừng giữ mãi."
Nói thật là đang bị đặt nhiều kỳ vọng vào người ấy mà họ không quan tâm nè,that_vong,Tình cảm,casual,nghe mà buồn cho bạn quá 💔 kỳ vọng lớn mà bị hẫng thì đau thiệt. thử nhìn lại mình học được gì từ lần này nhé. rồi sẽ tốt hơn thôi bạn ơi.
"Ông bà mất, để lại khoảng trống không bù dc, ủa không biết làm sao",buon,Gia đình,casual,"ôi buồn quá, cảm giác đó nặng lắm, mình hiểu. buồn thì cứ khóc ra cho nhẹ lòng, đừng giữ trong bụng. có mình nè, đừng lo."
"Ae tư vấn giúp, phải gánh team vì mấy đứa lười thì nên làm sao 😤",gian_du,Công việc,casual,"bực ghê nơi! đúng là vô lý không chịu được. hít thở nào, giận quá dễ nói sai rồi hối hận =)) mình tin bạn sẽ xử lý được thôi."
Trời ơi đang bị sếp ép deadline vô lý ko có lý do nè 🤬,gian_du,Công việc,casual,"đúng là củ chuối không chịu được 🤬 ai gặp cũng điên tiết thôi bạn ơi. thả lỏng ra đi, đừng để nó chiếm hết ngày của mình. không đáng mất sức đâu bạn ơi 😤"
"vừa đặt phòng khách sạn xong đến nơi bảo hết phòng xong, bình thường ghê 🤬",gian_du,Dịch vụ,casual,ugh tức thật! đúng là vô lý không chịu được. xả ra bằng cách đi dạo hoặc nghe nhạc to đi! mình tin bạn sẽ xử lý được thôi.
"đặt mục tiêu cho năm này mà chẳng đạt đc gì, mn ơi không biết làm sao",that_vong,Bản thân,casual,"nặng lòng ghê, mình hiểu cảm giác đó, không dễ gì nuốt được đâu. đừng để thất vọng lần này định nghĩa mình, ok không? bạn vẫn ổn mà, cứ tiến lên thôi! 💪"
"Công việc ổn định, ko có gì nhiều để kể, mn ơi không bt làm sao ...",trung_tinh,Công việc,casual,"à ra vậy, ngày bình thường mà, cũng có cái vui của nó. có gì muốn kể thêm thì cứ kể nhé! cứ thư giãn đi nhé~"
"Thiệt tình hôm nay không có gì đặc biệt lắm, chán",trung_tinh,Cuộc sống,casual,"à ra vậy, ngày bình thường mà, cũng có cái vui của nó. có gì muốn kể thêm thì cứ kể nhé! ngày mai sẽ có nhiều chuyện hay hơn nha!"
"vừa taxi chặt chém gấp đôi giá lúc đang vội xong, bình thường ghê 😡",gian_du,Giao thông,casual,"bực ghê nơi! nghe mà mình cũng bực lây nè. thả lỏng ra đi, đừng để nó chiếm hết ngày của mình. giận xong thì thôi, đừng giữ mãi."
Hôm nay bị cắt mặt suýt gây tai nạn mà không xin lỗi 😤,gian_du,Giao thông,casual,"trời ơi nghe mà tức dùm á 😡 ai gặp cũng điên tiết thôi bạn ơi. xả ra bằng cách đi dạo hoặc nghe nhạc to đi! giận xong thì thôi, đừng giữ mãi."
"vừa cố gắng cả năm nhưng không được thăng chức xong, tức ghê",buon,Công việc,casual,"ôm bạn nè 🥺 đừng cố tỏ ra ổn, có mình ở đây nè. buồn thì cứ khóc ra cho nhẹ lòng, đừng giữ trong bụng. mai lại oke thôi! 💙"
Mình bạn cũ từ xa về thăm bất ngờ,vui,Tình cảm,casual,"trời ơi hay quá vậy?! mình tự hào về bạn ghê nơi ✨ lưu khoảnh khắc này lại, sau nhìn lại vẫn còn vui mà. giữ phong độ nhé bạn ơi!"
"Vừa gọi hotline chăm sóc khách hàng cúp máy giữa chừng xong, thất vọng ghê",gian_du,Dịch vụ,casual,"đúng là củ chuối không chịu được 🤬 đúng là vô lý không chịu được. uống ngụm nước lạnh đi rồi bơ nó ra! giận xong thì thôi, đừng giữ mãi."
Ae ơi cố gắng thay đổi bản thân mà cứ quay về điểm cũ ugh,that_vong,Bản thân,deep,Thất vọng sau khi đặt cả tâm sức — cảm giác đó rất nặng. Không phải lúc nào cố gắng cũng cho kết quả như mong muốn — và điều đó không có nghĩa bạn không đủ tốt. Đừng vội kết luận về bản thân chỉ vì một kết quả chưa như ý. Mình tin bạn sẽ tìm ra hướng đi phù hợp hơn.
"Ae tư vấn giúp, bị người thân không ủng hộ điều mình tin tưởng thì nên làm sao 😶",that_vong,Tình cảm,casual,"haizzz đặt kỳ vọng cao rồi bị hẫng đau lắm, mình hiểu cảm giác đó, không dễ gì nuốt được đâu. coi như bài học đắt giá nghen! bạn vẫn ổn mà, cứ tiến lên thôi! 💪"
"Vừa bạn bè lúc khó khăn thì k ai xuất hiện xong, hy vọng ghê ugh",that_vong,Tình cảm,casual,"nghe mà buồn cho bạn quá 💔 kỳ vọng lớn mà bị hẫng thì đau thiệt. reset lại đi bạn, rồi thứ tốt hơn sẽ đến thôi~ rồi sẽ tốt hơn thôi bạn ơi."
"Ae tư vấn giúp, mượn đồ lâu rồi không trả mà còn tỏ ra bình thường thì nên làm sao 😡",gian_du,Bạn bè / Người thân,deep,"Sự bực bội của bạn hoàn toàn chính đáng. Bạn hoàn toàn có quyền cảm thấy bực bội như vậy. Nếu cần, hãy nói thẳng ra một cách bình tĩnh — giữ im lặng mãi cũng không tốt. Mình ở đây ủng hộ bạn."
"vừa được thăng chức sau kỳ đánh giá xong, bình thường ghê ✨",vui,Công việc,casual,đỉnh của chóp luôn á!! xứng đáng lắm luôn! nhớ chia sẻ niềm vui với người thân nha! tiếp tục phát huy nhé!
"đồng nghiệp thân nhất vừa nghỉ việc, mk kh biết làm sao 🥀",buon,Công việc,casual,"haizzz nghe mà thương ghê, buồn như vậy thì ai cũng cần được chia sẻ mà. gọi cho bạn thân tâm sự đi, đừng ôm một mình. rồi sẽ qua thôi bạn ơi."
"ae tư vấn giúp, chia tay xong cứ thấy trống rỗng thì nên làm sao 💔",buon,Tình cảm,casual,"ôm bạn nè 🥺 đừng cố tỏ ra ổn, có mình ở đây nè. bật phim hoặc nhạc chill đi nào! có mình nè, đừng lo."
"Khum theo kịp bài vở dạo này, tui không bt làm sao 😰",lo_au,Học tập,casual,"hít thở sâu nào 😅 overthinking kiểu này mệt lắm đúng không? thử tắt điện thoại một lúc, focus vào 1 việc thôi. cố lên nhé!"
"Vừa tự nhiên ngồi nhìn ra cửa sổ và nghĩ linh tinh xong, vui ghê",trung_tinh,Suy nghĩ,casual,"hmmm thế thì cũng oke nha, không phải lúc nào cũng cần có gì to tát đâu. có gì muốn kể thêm thì cứ kể nhé! ngày mai sẽ có nhiều chuyện hay hơn nha!"
"Hôm nay team vừa có thành viên mới giỏi, kỳ vọng cao",hy_vong,Công việc,deep,Hy vọng là thứ rất quý — và bạn đang có nó. Bạn đang ở đúng nơi cần phải có để tiếp tục tiến lên. Nuôi dưỡng hy vọng bằng những hành động nhỏ mỗi ngày. Hành trình đang đi đúng hướng rồi.
Trời ơi đang bị bị cắt mặt suýt gây tai nạn mà không xin lỗi nè 💢,gian_du,Giao thông,deep,"Mình hiểu tại sao bạn cảm thấy như vậy. Bạn hoàn toàn có quyền cảm thấy bực bội như vậy. Sau khi bình tĩnh, nghĩ xem cách xử lý nào có lợi nhất cho bạn. Mình ở đây ủng hộ bạn."
"thiệt tình cố gắng hết sức mà kết quả vẫn không như kỳ vọng, chán ugh",that_vong,Công việc,deep,Mình hiểu bạn đang cảm thấy rất hụt hẫng lúc này. Cảm giác hẫng hụt là rất thật và đáng được thừa nhận. Đừng vội kết luận về bản thân chỉ vì một kết quả chưa như ý. Bạn vẫn đang tiến về phía trước dù chưa thấy rõ.
Chời ơi đang bị đợi mãi một cơ hội mà nó không đến nè,that_vong,Cuộc sống,casual,"nặng lòng ghê, không phải lỗi của mình đâu nha. coi như bài học đắt giá nghen! rồi sẽ tốt hơn thôi bạn ơi."
"thiệt tình hai đứa vừa nói chuyện thẳng và hiểu nhau hơn, chán 🙏",hy_vong,Tình cảm,casual,"tuyệt vời đó bạn! cứ giữ năng lượng đó nhé, mọi thứ đang đi đúng hướng rồi! cứ từng bước nhỏ là đủ rồi! tiến lên thôi!"
"Vừa bị cắt mặt suýt gây tai nạn mà k xin lỗi xong, bình thường ghê 🤬",gian_du,Giao thông,casual,"ugh tức thật! đúng là vô lý không chịu được. thả lỏng ra đi, đừng để nó chiếm hết ngày của mình. không đáng mất sức đâu bạn ơi 😤"
hôm nay sếp ép deadline vô lý không có lý do 😤,gian_du,Công việc,casual,bực ghê nơi! đúng là vô lý không chịu được. uống ngụm nước lạnh đi rồi bơ nó ra! thôi bỏ qua cho nhẹ đầu nhé!
Hôm nay bị ng thân không ủng hộ điều mình tin tưởng,that_vong,Tình cảm,casual,"nặng lòng ghê, thất vọng kiểu này thật sự khó chịu lắm. thử nhìn lại mình học được gì từ lần này nhé. bạn vẫn ổn mà, cứ tiến lên thôi! 💪"
"thiệt tình đặt nhiều kỳ vọng vào người ấy mà họ không quan tâm, chán",that_vong,Tình cảm,deep,Mình hiểu bạn đang cảm thấy rất hụt hẫng lúc này. Không phải lúc nào cố gắng cũng cho kết quả như mong muốn — và điều đó không có nghĩa bạn không đủ tốt. Đừng vội kết luận về bản thân chỉ vì một kết quả chưa như ý. Mình tin bạn sẽ tìm ra hướng đi phù hợp hơn.
"Ae tư vấn giúp, vừa tìm ra phương pháp học mới hiệu quả hơn thì nên làm sao 🙏",hy_vong,Học tập,casual,"wow nhìn thấy vậy vui ghê! cứ giữ năng lượng tích cực đó nhé, mọi thứ đang đi đúng hướng rồi! chúc mọi thứ diễn ra suôn sẻ nhé ✨ cổ vũ bạn 100% nè! 🤞"
Nói thật là đang bị khối lượng công việc ngập đầu không bt bắt đầu từ đâu nè huhu,lo_au,Công việc,casual,"hít thở sâu nào 😅 thấy lo như vậy là bình thường mà. thử tắt điện thoại một lúc, focus vào 1 việc thôi. cố lên nhé!"
hôm nay bài thi được điểm cao ngoài mong đợi 🎉,vui,Học tập,casual,hết sẩy! kết quả xứng đáng với cố gắng của bạn rồi đó! tự thưởng cho mình đi nào~ giữ phong độ nhé bạn ơi!
Ủa gọi hotline chăm sóc khách hàng cúp máy giữa chừng,gian_du,Dịch vụ,deep,Cảm giác bất công đó rất thật. Phản ứng như vậy là hoàn toàn bình thường trước tình huống này. Hãy để cơn tức nguôi trước khi phản ứng — quyết định lúc nóng thường không tốt. Hãy xử lý theo cách phù hợp nhất.
Dạo này đang bị yêu thật lòng mà kh được đáp lại nè,that_vong,Tình cảm,casual,"nặng lòng ghê, mình hiểu cảm giác đó, không dễ gì nuốt được đâu. coi như bài học đắt giá nghen! rồi sẽ tốt hơn thôi bạn ơi."
"Ba mẹ cứ cãi nhau và có vẻ sắp ly hôn, tớ kh biết làm sao 😢",buon,Gia đình,casual,"haizzz nghe mà thương ghê, nghe mà thương bạn lắm luôn. bật phim hoặc nhạc chill đi nào! rồi sẽ qua thôi bạn ơi."
"sau thời gian dài cuối cùng đã liên lạc lại được, tao k bt làm sao ✨",hy_vong,Tình cảm,casual,ôi nghe mà có động lực lây luôn á 🌱 mình cũng tin vào bạn nha~ cứ từng bước nhỏ là đủ rồi! tiến lên thôi!
"Vừa bắt đầu một thói quen mới và duy trì được 2 tuần rồi xong, thất vọng ghê 🌱",hy_vong,Cuộc sống,casual,"tuyệt vời đó bạn! cứ giữ năng lượng đó nhé, mọi thứ đang đi đúng hướng rồi! chia sẻ kế hoạch này với người thân, được ủng hộ thêm sẽ vững hơn. mình chờ nghe tin vui từ bạn nhé~"
Tui đang bị không bt ng ấy có thật sự thích mk không nè,lo_au,Tình cảm,casual,"ôi thôi lo nhiều cũng không giải quyết được gì thêm đâu nha. thử tắt điện thoại một lúc, focus vào 1 việc thôi. ổn thôi bạn ơi!"
"sếp khen project mới trước toàn công ty, nói thật là khum bt làm sao 🥰",vui,Công việc,casual,hết sẩy! nghe mà vui lây =)) nhớ chia sẻ niềm vui với người thân nha! chúc mừng bạn nha 🥳
"sau giai đoạn khó khăn cảm thấy mọi thứ đang tốt lên, dạo này kh biết làm sao 😌",hy_vong,Cuộc sống,casual,"xịn lắm nè! cứ giữ năng lượng đó nhé, mọi thứ đang đi đúng hướng rồi! chúc mọi thứ diễn ra suôn sẻ nhé ✨ tiến lên thôi!"
Nói thật là người yêu tặng quà bất ngờ 🤩,vui,Tình cảm,casual,wow xịn xò vậy! kết quả xứng đáng với cố gắng của bạn rồi đó! tự thưởng cho mình đi nào~ giữ phong độ nhé bạn ơi!
Tui đang bị khách hàng dời lịch sát giờ khum báo trước nè 🔥,gian_du,Công việc,casual,"bực ghê nơi! ai gặp cũng điên tiết thôi bạn ơi. bơ đi mà sống, năng lượng của mình quý hơn chứ. thôi bỏ qua cho nhẹ đầu nhé!"
Hôm nay dc giao nhiệm vụ mới thú vị hơn 🤞,hy_vong,Công việc,casual,tuyệt vời đó bạn! kế hoạch rõ ràng rồi thì cứ thế mà tiến thôi! đừng để ai lấy đi cái tinh thần đó của mình nghen! cổ vũ bạn 100% nè! 🤞
Ngl đang bị bạn thân sắp chuyển đi xa nè 😔,buon,Tình cảm,casual,"trời ơi nghe mà tủi thân giùm 😢 buồn như vậy thì ai cũng cần được chia sẻ mà. buồn thì cứ khóc ra cho nhẹ lòng, đừng giữ trong bụng. có mình nè, đừng lo."
Trời ơi phải gánh team vì mấy đứa lười 🤬,gian_du,Công việc,deep,"Sự bực bội của bạn hoàn toàn chính đáng. Đôi khi ranh giới cần được giữ vững và điều đó đúng. Sau khi bình tĩnh, nghĩ xem cách xử lý nào có lợi nhất cho bạn. Hãy xử lý theo cách phù hợp nhất."
hôm nay khối lượng công việc ngập đầu không bt bắt đầu từ đâu ...,lo_au,Công việc,casual,"oke oke, overthinking kiểu này mệt lắm đúng không? ghi ra giấy những gì đang lo rồi ưu tiên từng cái. mình tin bạn làm được mà~"
"Vừa gặp người mới và cảm giác có điểm chung xong, vui ghê 🤞",hy_vong,Tình cảm,casual,ôi nghe mà có động lực lây luôn á 🌱 mình cũng tin vào bạn nha~ chúc mọi thứ diễn ra suôn sẻ nhé ✨ mình chờ nghe tin vui từ bạn nhé~
"Hôm nay ông bà mất, để lại khoảng trống không bù được 😔",buon,Gia đình,casual,"ôm bạn nè 🥺 đừng cố tỏ ra ổn, có mình ở đây nè. ăn gì ngon ngon đi, tự thưởng cho bản thân xíu. rồi sẽ qua thôi bạn ơi."
Mình sếp ép deadline vô lý khum có lý do 🔥,gian_du,Công việc,casual,"bực ghê nơi! nghe mà mình cũng bực lây nè. bơ đi mà sống, năng lượng của mình quý hơn chứ. thôi bỏ qua cho nhẹ đầu nhé!"
"Sếp ép deadline vô lý không có lý do, mn ơi không biết làm sao 💢",gian_du,Công việc,casual,ugh tức thật! ai gặp cũng điên tiết thôi bạn ơi. uống ngụm nước lạnh đi rồi bơ nó ra! không đáng mất sức đâu bạn ơi 😤
hôm nay k theo kịp bài vở dạo này huhu,lo_au,Học tập,casual,từ từ nào! lo nhiều cũng không giải quyết được gì thêm đâu nha. ghi ra giấy hết những gì đang lo rồi ưu tiên từng cái. cố lên nhé!
Chời ơi mượn đồ lâu rồi không trả mà còn tỏ ra bình thường 👊,gian_du,Bạn bè / Người thân,casual,"bực ghê nơi! đúng là vô lý không chịu được. hít thở nào, giận quá dễ nói sai rồi hối hận =)) giận xong thì thôi, đừng giữ mãi."
"Đang suy nghĩ về một quyết định chưa biết nên làm hay kh, mk không biết làm sao ...",trung_tinh,Cuộc sống,casual,"bình bình vậy cũng ổn mà, không phải lúc nào cũng cần có gì to tát đâu, ngày bình thường cũng có cái hay của nó. nếu cần tâm sự thì mình ở đây~ ngày mai sẽ có nhiều chuyện hay hơn nha!"
"thiệt tình lo mối quan hệ đang dần nhạt đi, chán huhu",lo_au,Tình cảm,casual,"ôi thôi lo nhiều cũng không giải quyết được gì thêm đâu. cứ làm hết sức thôi, kết quả đến sau nha~ mình tin bạn làm được mà~"
"thiệt tình kh biết người ấy có thật sự thích mk không, chán 😥",lo_au,Tình cảm,casual,ôi thôi mình hiểu cảm giác đó lắm! ghi ra giấy hết những gì đang lo rồi ưu tiên từng cái. mình tin bạn làm được mà~
"vừa sợ tỏ tình xong bị từ chối thì mất cả tình bạn xong, bình thường ghê huhu",lo_au,Tình cảm,casual,"hít thở sâu nào 😅 mình hiểu cảm giác đó lắm! thử tắt điện thoại một lúc, tập trung vào 1 việc thôi. mọi chuyện rồi sẽ qua thôi 💪"
"Thiệt tình đang cân nhắc chuyện đổi việc nhưng chưa quyết, chán 🙂",trung_tinh,Công việc,deep,"Trạng thái trung dung cũng là một phần bình thường của cuộc sống. Những lúc yên ổn như vậy thường là cơ hội tốt để dừng lại và lắng nghe bản thân. Nếu bạn đang cân nhắc điều gì đó, hãy cho mình thêm thời gian suy nghĩ. Mình ở đây nếu bạn cần nói chuyện."
"Thiệt tình hi vọng nhiều rồi nhận kết quả ngược lại, chán 😞",that_vong,Cuộc sống,casual,"nặng lòng ghê, mình hiểu cảm giác đó, không dễ gì nuốt được đâu. coi như bài học đắt giá nghen! bạn vẫn ổn mà, cứ tiến lên thôi! 💪"
Ae ơi đang bị được giao nhiệm vụ mới thú vị hơn nè 😌,hy_vong,Công việc,casual,tuyệt vời đó bạn! mình cũng tin vào bạn nha~ cứ từng bước nhỏ là đủ rồi! mình chờ nghe tin vui từ bạn nhé~
"Vừa đồng nghiệp thân nhất vừa nghỉ việc xong, vui ghê 💔",buon,Công việc,casual,"haizzz nghe mà thương ghê, cảm giác đó nặng lắm, mình hiểu. bật phim hoặc nhạc chill đi nào! rồi sẽ qua thôi bạn ơi."
"Vừa pass môn khó nhất học kỳ xong, tức ghê =))",vui,Học tập,casual,"yayyy 🎉🎉 kết quả xứng đáng với cố gắng của bạn rồi đó! lưu khoảnh khắc này lại, sau nhìn lại vẫn còn vui mà. tiếp tục phát huy nhé!"
"Vừa chốt hợp đồng lớn sau bao ngày nỗ lực xong, hy vọng ghê",vui,Công việc,casual,yayyy 🎉🎉 kết quả xứng đáng với cố gắng của bạn rồi đó! ăn gì ngon ngon ăn mừng đi! mình vui cho bạn lắm!
Mình crush vừa công khai ng yêu mới haiz,buon,Tình cảm,deep,Mình ở đây lắng nghe bạn. Buồn như vậy là hoàn toàn bình thường — đừng cố kìm lại. Tìm người thân thiết để nói chuyện — đừng mang một mình. Không cần phải ổn ngay đâu.
"Ông bà mất, để lại khoảng trống không bù đc, ae ơi không bt làm sao 💔",buon,Gia đình,casual,"ôi buồn quá, nghe mà thương bạn lắm luôn. ăn gì ngon ngon đi, tự thưởng cho bản thân xíu. có mình nè, đừng lo."
"Mượn đồ lâu rồi không trả mà còn tỏ ra bình thường, tớ không biết làm sao 😡",gian_du,Bạn bè / Người thân,deep,"Mình hiểu tại sao bạn cảm thấy như vậy. Bạn hoàn toàn có quyền cảm thấy bực bội như vậy. Sau khi bình tĩnh, nghĩ xem cách xử lý nào có lợi nhất cho bạn. Hãy xử lý theo cách phù hợp nhất."
Tao làm đúng quy trình mà vẫn bị chỉ trích 💔,that_vong,Công việc,casual,"haizzz đặt kỳ vọng cao rồi bị hẫng đau lắm, kỳ vọng lớn mà bị hẫng thì đau thiệt. reset lại đi bạn, rồi thứ tốt hơn sẽ đến thôi~ bạn vẫn ổn mà, cứ tiến lên thôi! 💪"
hôm nay tìm dc hướng đi rõ ràng hơn cho tương lai ✨,hy_vong,Cuộc sống,casual,tuyệt vời đó bạn! mình cũng tin vào bạn nha~ cứ từng bước nhỏ là đủ rồi! tiến lên thôi!
Ủa đang bị bị cắt mặt suýt gây tai nạn mà không xin lỗi nè,gian_du,Giao thông,casual,"đúng là củ chuối không chịu được 🤬 ai gặp cũng điên tiết thôi bạn ơi. hít thở nào, giận quá dễ nói sai rồi hối hận =)) mình tin bạn sẽ xử lý được thôi."
"được giao nhiệm vụ mới thú vị hơn, mk không biết làm sao 🤞",hy_vong,Công việc,casual,wow nhìn thấy vậy vui ghê! mình cũng tin vào bạn nha~ chúc mọi thứ diễn ra suôn sẻ nhé ✨ cổ vũ bạn 100% nè! 🤞
"thiệt tình không biết mình có đủ năng lực cho vị trí mới không, chán",lo_au,Công việc,deep,Lo âu như vậy thực sự rất nặng nề. Cảm giác bất an đó rất thật và rất khó chịu. Nói chuyện với người tin tưởng — đôi khi chỉ cần được lắng nghe là nhẹ hơn nhiều. Từng bước nhỏ vẫn là tiến về phía trước.
"Vừa áp lực kpi tháng này cao quá xong, bình thường ghê 🥲",lo_au,Công việc,casual,"oke oke, overthinking kiểu này mệt lắm đúng không? uống ly nước rồi chia nhỏ vấn đề ra xử lý từng cái nhé! ổn thôi bạn ơi!"
Mình chưa học chữ nào mà mai thi rồi 🥲,lo_au,Học tập,casual,"oke oke, ai gặp chuyện đó cũng rén thôi. thử tắt điện thoại một lúc, focus vào 1 việc thôi. ổn thôi bạn ơi!"
Tao đang bị đặt nhiều kỳ vọng vào người ấy mà họ ko quan tâm nè haizzz,that_vong,Tình cảm,deep,Mình hiểu bạn đang cảm thấy rất hụt hẫng lúc này. Kỳ vọng bị phá vỡ luôn để lại dấu ấn sâu. Nhìn lại xem mình học được gì từ lần này — bài học thường nằm ở đây. Thất vọng không phải điểm kết thúc — hãy tiếp tục.
"sếp ép deadline vô lý không có lý do, ủa không bt làm sao 🤬",gian_du,Công việc,casual,"trời ơi nghe mà tức dùm á 😡 nghe mà mình cũng bực lây nè. hít thở nào, giận quá dễ nói sai rồi hối hận =)) thôi bỏ qua cho nhẹ đầu nhé!"
Ae ơi đang bị tài khoản cạn tiền mà tháng còn dài lắm nè,lo_au,Cuộc sống,deep,Lo âu như vậy thực sự rất nặng nề. Đây là phản ứng bình thường khi đối mặt với áp lực lớn. Hít thở sâu và bắt đầu từ điều nhỏ nhất có thể làm ngay hôm nay. Bạn không cần giải quyết tất cả cùng lúc đâu.
"lo bảo vệ luận văn bị giáo viên phản biện nặng, ngl không biết làm sao ...",lo_au,Học tập,deep,Lo âu như vậy thực sự rất nặng nề. Đây là phản ứng bình thường khi bạn đang đối mặt với điều quan trọng. Hãy thử chia nhỏ vấn đề ra và xử lý từng phần — bạn sẽ cảm thấy kiểm soát được hơn. Bạn không cần giải quyết tất cả cùng một lúc đâu.
"hôm nay không có gì đặc biệt lắm, ae ơi không biết làm sao 🙂",trung_tinh,Cuộc sống,casual,"hmmm thế thì cũng oke nha, đôi khi yên ổn cũng là một loại hạnh phúc đó! có gì muốn kể thêm thì cứ kể nhé! ngày mai sẽ có nhiều chuyện hay hơn nha!"
"vừa nộp hồ sơ học bổng và đang chờ kết quả xong, buồn ghê ✨",hy_vong,Học tập,casual,wow nhìn thấy vậy vui ghê! kế hoạch rõ ràng rồi thì cứ thế mà tiến thôi! cứ từng bước nhỏ là đủ rồi! mình chờ nghe tin vui từ bạn nhé~
"Bị cắt mặt suýt gây tai nạn mà k xin lỗi, mk không biết làm sao 💢",gian_du,Giao thông,casual,"bực ghê nơi! nghe mà mình cũng bực lây nè. hít thở nào, giận quá dễ nói sai rồi hối hận =)) mình tin bạn sẽ xử lý được thôi."
"chia tay xong cứ thấy trống rỗng, tui không biết làm sao 😔",buon,Tình cảm,casual,"haizzz nghe mà thương ghê, buồn như vậy thì ai cũng cần được chia sẻ mà. ra ngoài đi dạo một chút cho thoáng đầu nhé. mai lại oke thôi! 💙"
Hôm nay bài thi đc điểm cao ngoài mong đợi =)),vui,Học tập,casual,hết sẩy! nghe mà vui lây =)) ăn gì ngon ngon ăn mừng đi! giữ phong độ nhé bạn ơi!
Dạo này đang bị sắp trả tiền trọ mà lương chưa về nè ...,lo_au,Cuộc sống,casual,"hít thở sâu nào 😅 mình hiểu cảm giác đó lắm! cứ làm hết sức thôi, kết quả đến sau nha~ cố lên nhé!"
"công việc ổn định, không có gì nhiều để kể, mk không biết làm sao",trung_tinh,Công việc,casual,"bình bình vậy cũng ổn mà, ngày bình thường mà, cũng có cái vui của nó. nếu cần tâm sự thì mình ở đây~ cứ thư giãn đi nhé~"
"cảm giác mối quan hệ đang ấm lên dần, ủa khum biết làm sao 🌱",hy_vong,Tình cảm,casual,"ôi nghe mà có động lực lây luôn á 🌱 cứ giữ năng lượng đó nhé, mọi thứ đang đi đúng hướng rồi! cứ từng bước nhỏ là đủ rồi! cổ vũ bạn 100% nè! 🤞"
"vừa bị cắt mặt suýt gây tai nạn mà k xin lỗi xong, buồn ghê 🔥",gian_du,Giao thông,casual,"ugh tức thật! nghe mà mình cũng bực lây nè. thả lỏng ra đi, đừng để nó chiếm hết ngày của mình. giận xong thì thôi, đừng giữ mãi."
Mk taxi chặt chém gấp đôi giá lúc đang vội 😡,gian_du,Giao thông,casual,"ugh tức thật! ai gặp cũng điên tiết thôi bạn ơi. bơ đi mà sống, năng lượng của mình quý hơn chứ. giận xong thì thôi, đừng giữ mãi."
"ae tư vấn giúp, không biết mình có đủ năng lực cho vị trí mới không thì nên làm sao 🥲",lo_au,Công việc,casual,ôi thôi ai gặp chuyện đó cũng rén thôi. ghi ra giấy những gì đang lo rồi ưu tiên từng cái. ổn thôi bạn ơi!
Trời ơi đang suy nghĩ về một quyết định chưa bt nên làm hay kh 🙂,trung_tinh,Cuộc sống,casual,"hmmm thế thì cũng oke nha, đôi khi yên ổn cũng là một loại hạnh phúc đó! có gì muốn kể thêm thì cứ kể nhé! 🙂"
"vừa người yêu tặng quà bất ngờ xong, tức ghê 😎",vui,Tình cảm,casual,trời ơi hay quá vậy?! kết quả xứng đáng với cố gắng của bạn rồi đó! ăn gì ngon ngon ăn mừng đi! chúc mừng bạn nha 🥳
"Đặt nhiều kỳ vọng vào người ấy mà họ không quan tâm, trời ơi không bt làm sao",that_vong,Tình cảm,deep,Thất vọng sau khi đặt cả tâm sức — cảm giác đó rất nặng. Cảm giác hẫng hụt là rất thật và đáng được thừa nhận. Đừng vội kết luận về bản thân chỉ vì một kết quả chưa như ý. Thất vọng không phải điểm kết thúc — hãy tiếp tục.
"Không biết mình đang đi đúng hướng không, chời ơi không biết làm sao ...",lo_au,Cuộc sống,deep,Mình nghe thấy sự lo lắng của bạn. Lo âu đôi khi là tín hiệu rằng bạn đang quan tâm sâu sắc đến điều này. Nói chuyện với người bạn tin tưởng — đôi khi chỉ cần được lắng nghe là nhẹ hơn nhiều rồi. Mình tin bạn sẽ vượt qua được.
"thiệt tình nhớ người yêu cũ khi trời mưa, chán 😞",buon,Tình cảm,casual,"haizzz nghe mà thương ghê, nghe mà thương bạn lắm luôn. buồn thì cứ khóc ra cho nhẹ lòng, đừng giữ trong bụng. mai lại oke thôi! 💙"
"Hôm nay có kế hoạch cụ thể r, cảm thấy tự tin hơn",hy_vong,Cuộc sống,casual,ôi nghe mà có động lực lây luôn á 🌱 mình cũng tin vào bạn nha~ đừng để ai lấy đi cái tinh thần đó của mình nghen! cổ vũ bạn 100% nè! 🤞
"Cảm giác mối quan hệ đang ấm lên dần, chời ơi ko bt làm sao 🤞",hy_vong,Tình cảm,casual,"ôi nghe mà có động lực lây luôn á 🌱 cứ giữ năng lượng đó nhé, mọi thứ đang đi đúng hướng rồi! chúc mọi thứ diễn ra suôn sẻ nhé ✨ tiến lên thôi!"
Ae ơi đang bị chưa học chữ nào mà mai thi rồi nè 😥,lo_au,Học tập,casual,từ từ nào! overthinking kiểu này mệt lắm đúng không? uống ly nước rồi chia nhỏ vấn đề ra xử lý từng cái nhé! ổn thôi bạn ơi!
"thiệt tình dự án tâm huyết bị hủy bỏ phút chót, chán 😢",buon,Công việc,casual,"ôm bạn nè 🥺 cảm giác đó nặng lắm, mình hiểu. gọi cho bạn thân tâm sự đi, đừng ôm một mình. mai lại oke thôi! 💙"
"Ae tư vấn giúp, yêu thật lòng mà ko được đáp lại thì nên làm sao 😶",that_vong,Tình cảm,casual,nghe mà buồn cho bạn quá 💔 thất vọng kiểu này thật sự khó chịu lắm. thử nhìn lại mình học được gì từ lần này nhé. mình tin bạn sẽ vượt qua được.
"Ko vui không buồn, cứ trôi qua thôi, tớ không bt làm sao 🙂",trung_tinh,Cuộc sống,deep,"Đôi khi những ngày bình thường lại có giá trị riêng. Những lúc yên ổn như vậy thường là cơ hội tốt để dừng lại và lắng nghe bản thân. Nếu bạn đang cân nhắc điều gì đó, hãy cho mình thêm thời gian suy nghĩ. Mình ở đây nếu bạn cần nói chuyện."
"Hôm nay họp nhiều, không có gì nổi bật, dạo này không biết làm sao 😐",trung_tinh,Công việc,casual,"hmmm thế thì cũng oke nha, không phải lúc nào cũng cần có gì to tát đâu. tận hưởng sự bình lặng đó đi bạn ơi. cứ thư giãn đi nhé~"
Mk yêu thật lòng mà ko đc đáp lại 💔,that_vong,Tình cảm,casual,"ugh biết cảm giác đó rồi, không phải lỗi của mình đâu nha. đừng để thất vọng lần này định nghĩa mình, ok không? rồi sẽ tốt hơn thôi bạn ơi."
"Vừa ship đồ ăn thiếu món mà không chịu hoàn tiền xong, thất vọng ghê 👊",gian_du,Dịch vụ,casual,"đúng là củ chuối không chịu được 🤬 tức như vậy là phải rồi. bơ đi mà sống, năng lượng của mình quý hơn chứ. mình tin bạn sẽ xử lý được thôi."
"ae tư vấn giúp, được chọn vào đội tuyển nghiên cứu thì nên làm sao 🤩",vui,Học tập,casual,"yayyy 🎉🎉 kết quả xứng đáng với cố gắng của bạn rồi đó! lưu khoảnh khắc này lại, sau nhìn lại vẫn còn vui mà. chúc mừng bạn nha 🥳"
"Thiệt tình lo bảo vệ luận văn bị giáo viên phản biện nặng, chán 😰",lo_au,Học tập,casual,"ôi thôi thấy lo như vậy là bình thường mà. đừng nhìn cả đống cùng lúc, từng bước nhỏ thôi! mọi chuyện rồi sẽ qua thôi 💪"
"Ae tư vấn giúp, không vui không buồn, cứ trôi qua thôi thì nên làm sao ...",trung_tinh,Cuộc sống,deep,Cảm ơn bạn đã chia sẻ. Những lúc như vậy thường là cơ hội tốt để dừng lại và lắng nghe bản thân. Đôi khi không làm gì cũng là một lựa chọn đúng đắn. Bình yên nhé.
"Ngl đang bị ngày bình thường, làm việc r về nè 😐",trung_tinh,Cuộc sống,casual,"hmmm thế thì cũng oke nha, không phải lúc nào cũng cần có gì to tát đâu. tận hưởng sự bình lặng đó đi bạn ơi. cứ thư giãn đi nhé~"
"Tao có kế hoạch cụ thể rồi, cảm thấy tự tin hơn",hy_vong,Cuộc sống,casual,tuyệt vời đó bạn! mình cũng tin vào bạn nha~ cứ từng bước nhỏ là đủ rồi! tiến lên thôi!
Trời ơi hi vọng nhiều rồi nhận kết quả ngược lại,that_vong,Cuộc sống,deep,Thất vọng sau khi đặt cả tâm sức — cảm giác đó rất nặng. Cảm giác hẫng hụt là rất thật và đáng được thừa nhận. Hãy cho bản thân thời gian để xử lý cảm xúc này trước khi tiếp tục. Bạn vẫn đang tiến về phía trước dù chưa thấy rõ.
"Mk đang bị có kế hoạch cụ thể rồi, cảm thấy tự tin hơn nè 😌",hy_vong,Cuộc sống,casual,wow nhìn thấy vậy vui ghê! kế hoạch rõ ràng rồi thì cứ thế mà tiến thôi! cứ từng bước nhỏ là đủ rồi! mình chờ nghe tin vui từ bạn nhé~
"ae tư vấn giúp, bị người thân kh ủng hộ điều mk tin tưởng thì nên làm sao haizzz",that_vong,Tình cảm,casual,"nghe mà buồn cho bạn quá 💔 thất vọng kiểu này thật sự khó chịu lắm. reset lại đi bạn, rồi thứ tốt hơn sẽ đến thôi~ mình tin bạn sẽ vượt qua được."
"Ae tư vấn giúp, cảm giác mối quan hệ đang ấm lên dần thì nên làm sao 🤞",hy_vong,Tình cảm,casual,"wow nhìn thấy vậy vui ghê! mình cũng tin vào bạn nha~ chia sẻ kế hoạch này với người thân, được ủng hộ thêm sẽ vững hơn. cổ vũ bạn 100% nè! 🤞"
"Gửi cv và đang chờ kết quả phỏng vấn, dạo này không bt làm sao 🙏",hy_vong,Công việc,casual,"tuyệt vời đó bạn! mình cũng tin vào bạn nha~ chia sẻ kế hoạch này với người thân, được ủng hộ thêm sẽ vững hơn. mình chờ nghe tin vui từ bạn nhé~"
"Thiệt tình yêu thật lòng mà k đc đáp lại, chán 😞",that_vong,Tình cảm,deep,Mình nghe bạn và thấy điều này không dễ dàng chút nào. Kỳ vọng bị phá vỡ luôn để lại dấu ấn sâu. Hãy cho bản thân thời gian để xử lý cảm xúc này trước khi tiếp tục. Bạn vẫn đang tiến về phía trước dù chưa thấy rõ.
"Tự nhiên ngồi nhìn ra cửa sổ và nghĩ linh tinh, mk kh biết làm sao 🙂",trung_tinh,Suy nghĩ,casual,"à ra vậy, ngày bình thường mà, cũng có cái vui của nó. nếu cần tâm sự thì mình ở đây~ ngày mai sẽ có nhiều chuyện hay hơn nha!"
Ủa đang bị cảm thấy cô đơn dù xung quanh có nhiều ng nè 😞,buon,Cuộc sống,casual,"trời ơi nghe mà tủi thân giùm 😢 buồn như vậy thì ai cũng cần được chia sẻ mà. gọi cho bạn thân tâm sự đi, đừng ôm một mình. mai lại oke thôi! 💙"
"Thiệt tình khum biết ng ấy có thật sự thích mình không, chán 😥",lo_au,Tình cảm,casual,"bình tĩnh đi bạn ơi, thấy lo như vậy là bình thường mà. uống ly nước rồi chia nhỏ vấn đề ra xử lý từng cái nhé! ổn thôi bạn ơi!"
Hôm nay cố gắng cả năm nhưng kh dc thăng chức,buon,Công việc,casual,"ôi buồn quá, cảm giác đó nặng lắm, mình hiểu. bật phim hoặc nhạc chill đi nào! mai lại oke thôi! 💙"
"vừa nộp hồ sơ học bổng và đang chờ kết quả xong, bình thường ghê 🌱",hy_vong,Học tập,casual,ôi nghe mà có động lực lây luôn á 🌱 kế hoạch rõ ràng rồi thì cứ thế mà tiến thôi! cứ từng bước nhỏ là đủ rồi! tiến lên thôi!
Hôm nay sếp khen project mới trước toàn công ty 🥰,vui,Công việc,casual,hết sẩy! nghe mà vui lây =)) ăn gì ngon ngon ăn mừng đi! mình vui cho bạn lắm!
"Vừa khách hàng gửi email khen ngợi mình xong, lo ghê 😆",vui,Công việc,casual,đỉnh của chóp luôn á!! xứng đáng lắm luôn! tự thưởng cho mình đi nào~ tiếp tục phát huy nhé!
Ủa đang bị sắp trả tiền trọ mà lương chưa về nè 😥,lo_au,Cuộc sống,casual,"ôi thôi lo nhiều cũng không giải quyết được gì thêm đâu nha. đừng nhìn cả đống cùng lúc, từng bước nhỏ thôi! cố lên nhé!"
Tui khối lượng công việc ngập đầu không biết bắt đầu từ đâu huhu,lo_au,Công việc,casual,"bình tĩnh đi bạn ơi, mình hiểu cảm giác đó lắm! ghi ra giấy hết những gì đang lo rồi ưu tiên từng cái. mọi chuyện rồi sẽ qua thôi 💪"
"ae tư vấn giúp, áp lực KPI tháng này cao quá thì nên làm sao huhu",lo_au,Công việc,deep,Mình hiểu bạn đang cảm thấy rất áp lực. Đây là phản ứng bình thường khi đối mặt với áp lực lớn. Hít thở sâu và bắt đầu từ điều nhỏ nhất có thể làm ngay hôm nay. Bạn không cần giải quyết tất cả cùng lúc đâu.
"xa nhà lâu quá nhớ mọi người, chời ơi không bt làm sao 💔",buon,Gia đình,casual,"trời ơi nghe mà tủi thân giùm 😢 đừng cố tỏ ra ổn, có mình ở đây nè. gọi cho bạn thân tâm sự đi, đừng ôm một mình. mình ở đây nghe bạn kể nhé~"
"chốt đơn thành công món đồ ao ước, tao không biết làm sao 🥰",vui,Cuộc sống,casual,trời ơi hay quá vậy?! mình tự hào về bạn ghê nơi ✨ ăn gì ngon ngon ăn mừng đi! tiếp tục phát huy nhé!
"Vừa tin vào người mà cuối cùng bị lừa dối xong, bình thường ghê",that_vong,Bản thân,casual,"nghe mà buồn cho bạn quá 💔 mình hiểu cảm giác đó, không dễ gì nuốt được đâu. reset lại đi bạn, rồi thứ tốt hơn sẽ đến thôi~ bạn vẫn ổn mà, cứ tiến lên thôi! 💪"
"Ae tư vấn giúp, con mèo nuôi nhiều năm vừa ra đi thì nên làm sao haiz",buon,Cuộc sống,casual,"ôi buồn quá, nghe mà thương bạn lắm luôn. buồn thì cứ khóc ra cho nhẹ lòng, đừng giữ trong bụng. rồi sẽ qua thôi bạn ơi."
hôm nay đợi mãi một cơ hội mà nó khum đến 😶,that_vong,Cuộc sống,casual,"nặng lòng ghê, không phải lỗi của mình đâu nha. đừng để thất vọng lần này định nghĩa mình, ok không? rồi sẽ tốt hơn thôi bạn ơi."
"Nói thật là team vừa có thành viên mới giỏi, kỳ vọng cao 🙏",hy_vong,Công việc,casual,"xịn lắm nè! mình cũng tin vào bạn nha~ chia sẻ kế hoạch này với người thân, được ủng hộ thêm sẽ vững hơn. cổ vũ bạn 100% nè! 🤞"
Trời ơi cố gắng thay đổi bản thân mà cứ quay về điểm cũ ugh,that_vong,Bản thân,casual,"ugh biết cảm giác đó rồi, kỳ vọng lớn mà bị hẫng thì đau thiệt. đừng để thất vọng lần này định nghĩa mình, ok không? rồi sẽ tốt hơn thôi bạn ơi."
"ae tư vấn giúp, nhớ ng yêu cũ khi trời mưa thì nên làm sao 😔",buon,Tình cảm,casual,"trời ơi nghe mà tủi thân giùm 😢 nghe mà thương bạn lắm luôn. gọi cho bạn thân tâm sự đi, đừng ôm một mình. mình ở đây nghe bạn kể nhé~"
"Cảm giác mối quan hệ đang ấm lên dần, chời ơi không bt làm sao 🤞",hy_vong,Tình cảm,casual,"ôi nghe mà có động lực lây luôn á 🌱 mình cũng tin vào bạn và kế hoạch này nha~ chia sẻ kế hoạch với người thân, được ủng hộ thêm sẽ vững hơn. tiến lên thôi!"
"Vừa k theo kịp bài vở dạo này xong, buồn ghê",lo_au,Học tập,casual,"oke oke, mình hiểu cảm giác đó lắm! ghi ra giấy hết những gì đang lo rồi ưu tiên từng cái. cố lên nhé!"
Ngl bốc thăm trúng phần thưởng to ✨,vui,Cuộc sống,casual,wow xịn xò vậy! nghe mà vui lây =)) nhớ chia sẻ niềm vui với người thân nha! chúc mừng bạn nha 🥳
"Ko theo kịp bài vở dạo này, mk không biết làm sao",lo_au,Học tập,casual,"oke oke, lo nhiều cũng không giải quyết được gì thêm đâu. ghi ra giấy những gì đang lo rồi ưu tiên từng cái. mình tin bạn làm được mà~"
Hôm nay bị overthinking cả đêm ngủ khum đc,lo_au,Cuộc sống,deep,Lo âu như vậy thực sự rất nặng nề. Cảm giác bất an đó rất thật và rất khó chịu. Hãy thử chia nhỏ vấn đề ra và xử lý từng phần một. Từng bước nhỏ vẫn là tiến về phía trước.
"Sợ tỏ tình xong bị từ chối thì mất cả tình bạn, ủa khum biết làm sao huhu",lo_au,Tình cảm,casual,"hít thở sâu nào 😅 lo nhiều cũng không giải quyết được gì thêm đâu nha. thử tắt điện thoại một lúc, focus vào 1 việc thôi. mình tin bạn làm được mà~"
Tao đang bị crush vừa công khai người yêu mới nè haiz,buon,Tình cảm,casual,"haizzz nghe mà thương ghê, nghe mà thương bạn lắm luôn. bật phim hoặc nhạc chill đi nào! có mình nè, đừng lo."
Dạo này đang bị bị xe tạt nước suốt ng khi đang đi đường nè 🔥,gian_du,Giao thông,casual,"trời ơi nghe mà tức dùm á 😡 ai gặp cũng điên tiết thôi bạn ơi. bơ đi mà sống, năng lượng của mình quý hơn chứ. giận xong thì thôi, đừng giữ mãi."
"Ae tư vấn giúp, khối lượng công việc ngập đầu ko bt bắt đầu từ đâu thì nên làm sao ...",lo_au,Công việc,casual,"bình tĩnh đi bạn ơi, mình hiểu cảm giác đó lắm! ghi ra giấy hết những gì đang lo rồi ưu tiên từng cái. mình tin bạn làm được mà~"
"Hi vọng nhiều rồi nhận kết quả ngược lại, trời ơi khum bt làm sao ugh",that_vong,Cuộc sống,deep,Mình hiểu bạn đang cảm thấy rất hụt hẫng lúc này. Không phải lúc nào cố gắng cũng cho kết quả như mong muốn — và điều đó không có nghĩa bạn không đủ tốt. Hãy cho bản thân thời gian để xử lý cảm xúc này trước khi tiếp tục. Thất vọng không phải điểm kết thúc — hãy tiếp tục.
Tui đang bị chốt hợp đồng lớn sau bao ngày nỗ lực nè 🥰,vui,Công việc,casual,đỉnh của chóp luôn á!! kết quả xứng đáng với cố gắng của bạn rồi đó! cứ đà này thì ngon lành luôn! chúc mừng bạn nha 🥳
"Ae tư vấn giúp, ba mẹ cứ cãi nhau và có vẻ sắp ly hôn thì nên làm sao haiz",buon,Gia đình,casual,"ôi buồn quá, đừng cố tỏ ra ổn, có mình ở đây nè. bật phim hoặc nhạc chill đi nào! rồi sẽ qua thôi bạn ơi."
Chời ơi đang bị thất bại lần này sau khi đã chuẩn bị rất kỹ nè 😞,that_vong,Bản thân,casual,"haizzz đặt kỳ vọng cao rồi bị hẫng đau lắm, thất vọng kiểu này thật sự khó chịu lắm. đừng để thất vọng lần này định nghĩa mình, ok không? mình tin bạn sẽ vượt qua được."
hôm nay đặt nhiều kỳ vọng vào người ấy mà họ kh quan tâm,that_vong,Tình cảm,deep,Thất vọng sau khi đặt cả tâm sức — cảm giác đó rất nặng. Cảm giác hẫng hụt là rất thật và đáng được thừa nhận. Hãy cho bản thân thời gian để xử lý cảm xúc này trước khi tiếp tục. Thất vọng không phải điểm kết thúc — hãy tiếp tục.
"Vừa có kế hoạch cụ thể rồi, cảm thấy tự tin hơn xong, bình thường ghê 🙏",hy_vong,Cuộc sống,casual,ôi nghe mà có động lực lây luôn á 🌱 kế hoạch rõ ràng rồi thì cứ thế mà tiến thôi! cứ từng bước nhỏ là đủ rồi! tiến lên thôi!
"Thiệt tình được chọn vào đội tuyển nghiên cứu, chán 😎",vui,Học tập,casual,"đỉnh của chóp luôn á!! kết quả xứng đáng với cố gắng của bạn rồi đó! lưu khoảnh khắc này lại, sau nhìn lại vẫn còn vui mà. chúc mừng bạn nha 🥳"
Tao đang bị vừa tìm ra phương pháp học mới hiệu quả hơn nè 😌,hy_vong,Học tập,casual,"ôi nghe mà có động lực lây luôn á 🌱 kế hoạch rõ ràng rồi thì cứ thế mà tiến thôi! chia sẻ kế hoạch này với người thân, được ủng hộ thêm sẽ vững hơn. tiến lên thôi!"
"vừa được giao nhiệm vụ mới thú vị hơn xong, tức ghê ✨",hy_vong,Công việc,casual,"ôi nghe mà có động lực lây luôn á 🌱 cứ giữ năng lượng đó nhé, mọi thứ đang đi đúng hướng rồi! chia sẻ kế hoạch này với người thân, được ủng hộ thêm sẽ vững hơn. tiến lên thôi!"
"Nghĩ về tương lai thấy mông lung quá, chời ơi k biết làm sao",lo_au,Cuộc sống,casual,"ôi thôi overthinking kiểu này mệt lắm đúng không? đừng nhìn cả đống cùng lúc, từng bước nhỏ thôi! ổn thôi bạn ơi!"
"ae tư vấn giúp, bạn cũ từ xa về thăm bất ngờ thì nên làm sao 😆",vui,Tình cảm,casual,trời ơi hay quá vậy?! xứng đáng lắm luôn! ăn gì ngon ngon ăn mừng đi! mình vui cho bạn lắm!
Ủa k bt mình có đủ năng lực cho vị trí mới không,lo_au,Công việc,casual,từ từ nào! mình hiểu cảm giác đó lắm! ghi ra giấy hết những gì đang lo rồi ưu tiên từng cái. cố lên nhé!
Trời ơi đang bị hi vọng nhiều rồi nhận kết quả ngược lại nè ugh,that_vong,Cuộc sống,casual,nghe mà buồn cho bạn quá 💔 kỳ vọng lớn mà bị hẫng thì đau thiệt. thử nhìn lại mình học được gì từ lần này nhé. rồi sẽ tốt hơn thôi bạn ơi.
"vừa hàng giao sai size mà đổ lỗi do mk đặt nhầm xong, buồn ghê 🤬",gian_du,Dịch vụ,casual,bực ghê nơi! ai gặp cũng điên tiết thôi bạn ơi. uống ngụm nước lạnh đi rồi bơ nó ra! không đáng mất sức đâu bạn ơi 😤
"Nhớ người yêu cũ khi trời mưa, ae ơi không bt làm sao",buon,Tình cảm,deep,Cảm ơn bạn đã chia sẻ với mình. Bạn không yếu đuối khi buồn — bạn rất can đảm khi chia sẻ điều này. Tìm người thân thiết để nói chuyện — đừng mang một mình. Thời gian sẽ chữa lành mọi thứ.
"Ae tư vấn giúp, khum theo kịp bài vở dạo này thì nên làm sao 😱",lo_au,Học tập,casual,"bình tĩnh đi bạn ơi, mình hiểu cảm giác đó lắm! ghi ra giấy hết những gì đang lo rồi ưu tiên từng cái. ổn thôi bạn ơi!"
"bị đồng nghiệp nhận công của mình trước mặt sếp, nói thật là không bt làm sao",gian_du,Công việc,deep,Sự bực bội của bạn hoàn toàn chính đáng. Bạn hoàn toàn có quyền cảm thấy bực bội như vậy. Hãy để cơn tức nguôi trước khi phản ứng — quyết định lúc nóng thường không tốt. Mình ở đây ủng hộ bạn.
Dạo này sợ tỏ tình xong bị từ chối thì mất cả tình bạn 😰,lo_au,Tình cảm,casual,"từ từ nào! thấy lo như vậy là bình thường mà. thử tắt điện thoại một lúc, focus vào 1 việc thôi. mọi chuyện rồi sẽ qua thôi 💪"
"Cố gắng thay đổi bản thân mà cứ quay về điểm cũ, ủa ko biết làm sao 💔",that_vong,Bản thân,casual,"ugh biết cảm giác đó rồi, mình hiểu cảm giác đó, không dễ gì nuốt được đâu. đừng để thất vọng lần này định nghĩa mình, ok không? rồi sẽ tốt hơn thôi bạn ơi."
Nói thật là đang bị ng yêu liên tục đến trễ mà không xin lỗi nè 👊,gian_du,Bạn bè / Người thân,casual,"trời ơi nghe mà tức dùm á 😡 nghe mà mình cũng bực lây nè. hít thở nào, giận quá dễ nói sai rồi hối hận =)) giận xong thì thôi, đừng giữ mãi."
Tớ đặt nhiều kỳ vọng vào người ấy mà họ k quan tâm ugh,that_vong,Tình cảm,casual,"haizzz đặt kỳ vọng cao rồi bị hẫng đau lắm, không phải lỗi của mình đâu nha. đừng để thất vọng lần này định nghĩa mình, ok không? bạn vẫn ổn mà, cứ tiến lên thôi! 💪"
"thiệt tình không vui không buồn, cứ trôi qua thôi, chán 😐",trung_tinh,Cuộc sống,casual,"hmmm thế thì cũng oke nha, không phải lúc nào cũng cần có gì to tát đâu. nếu cần tâm sự thì mình ở đây~ cứ thư giãn đi nhé~"
"Ae tư vấn giúp, yêu thật lòng mà không đc đáp lại thì nên làm sao 💔",that_vong,Tình cảm,casual,nghe mà buồn cho bạn quá 💔 không phải lỗi của mình đâu nha. coi như bài học đắt giá nghen! rồi sẽ tốt hơn thôi bạn ơi.
Hôm nay đang xem phim nhưng kh có cảm xúc gì mạnh 🙂,trung_tinh,Suy nghĩ,casual,aha hiểu rồi! đôi khi yên ổn cũng là một loại hạnh phúc đó! có gì muốn kể thêm thì cứ kể nhé! ngày mai sẽ có nhiều chuyện hay hơn nha!
"chia tay xong cứ thấy trống rỗng, ủa k biết làm sao",buon,Tình cảm,casual,"ôi buồn quá, nghe mà thương bạn lắm luôn. bật phim hoặc nhạc chill đi nào! có mình nè, đừng lo."
"Vừa hi vọng nhiều rồi nhận kết quả ngược lại xong, bình thường ghê haizzz",that_vong,Cuộc sống,casual,"haizzz đặt kỳ vọng cao rồi bị hẫng đau lắm, không phải lỗi của mình đâu nha. đừng để thất vọng lần này định nghĩa mình, ok không? mình tin bạn sẽ vượt qua được."
"Ae tư vấn giúp, cố gắng cả năm nhưng k dc thăng chức thì nên làm sao",buon,Công việc,casual,"ôm bạn nè 🥺 cảm giác đó nặng lắm, mình hiểu. bật phim hoặc nhạc chill đi nào! có mình nè, đừng lo."
"Vừa bị hứa thưởng nhưng cuối năm lại không có xong, vui ghê",that_vong,Công việc,casual,"haizzz đặt kỳ vọng cao rồi bị hẫng đau lắm, kỳ vọng lớn mà bị hẫng thì đau thiệt. đừng để thất vọng lần này định nghĩa mình, ok không? rồi sẽ tốt hơn thôi bạn ơi."
"ae tư vấn giúp, khối lượng công việc ngập đầu không biết bắt đầu từ đâu thì nên làm sao huhu",lo_au,Công việc,casual,"bình tĩnh đi bạn ơi, ai gặp chuyện đó cũng rén thôi. cứ làm hết sức thôi, kết quả đến sau nha~ mọi chuyện rồi sẽ qua thôi 💪"
"đang xem phim nhưng ko có cảm xúc gì mạnh, hôm nay không bt làm sao ...",trung_tinh,Suy nghĩ,casual,"bình bình vậy cũng ổn mà, đôi khi yên ổn cũng là một loại hạnh phúc đó! nếu cần tâm sự thì mình ở đây~ 🙂"
Mn ơi cảm thấy cô đơn dù xung quanh có nhiều người 💔,buon,Cuộc sống,casual,ôm bạn nè 🥺 buồn như vậy thì ai cũng cần được chia sẻ mà. bật phim hoặc nhạc chill đi nào! mai lại oke thôi! 💙
Mn ơi đang bị bắt đầu một thói quen mới và duy trì đc 2 tuần rồi nè 🤞,hy_vong,Cuộc sống,casual,"ôi nghe mà có động lực lây luôn á 🌱 kế hoạch rõ ràng rồi thì cứ thế mà tiến thôi! chia sẻ kế hoạch này với người thân, được ủng hộ thêm sẽ vững hơn. mình chờ nghe tin vui từ bạn nhé~"
"ae tư vấn giúp, tự nhiên ngồi nhìn ra cửa sổ và nghĩ linh tinh thì nên làm sao 🙂",trung_tinh,Suy nghĩ,deep,Đôi khi những ngày không có gì đặc biệt lại có giá trị riêng của nó. Bình yên cũng là một trạng thái đáng trân trọng. Hãy để tâm trí được nghỉ ngơi một chút. Bình yên nhé.
"Thiệt tình hôm nay họp nhiều, không có gì nổi bật, chán 😐",trung_tinh,Công việc,casual,"hmmm thế thì cũng oke nha, đôi khi yên ổn cũng là một loại hạnh phúc đó! có gì muốn kể thêm thì cứ kể nhé! cứ thư giãn đi nhé~"
"Đang cân nhắc chuyện đổi việc nhưng chưa quyết, tui kh biết làm sao 😐",trung_tinh,Công việc,casual,"bình bình vậy cũng ổn mà, không phải lúc nào cũng cần có gì to tát đâu. tận hưởng sự bình lặng đó đi bạn ơi. 🙂"
hôm nay khách hàng dời lịch sát giờ khum báo trước 😤,gian_du,Công việc,casual,ugh tức thật! nghe mà mình cũng bực lây nè. uống ngụm nước lạnh đi rồi bơ nó ra! thôi bỏ qua cho nhẹ đầu nhé!
hôm nay khối lượng công việc ngập đầu không biết bắt đầu từ đâu ...,lo_au,Công việc,deep,Mình hiểu bạn đang cảm thấy rất áp lực. Đây là phản ứng bình thường khi đối mặt với áp lực lớn. Hãy thử chia nhỏ vấn đề ra và xử lý từng phần một. Từng bước nhỏ vẫn là tiến về phía trước.
"Thiệt tình bị overthinking cả đêm ngủ không đc, chán 😰",lo_au,Cuộc sống,deep,Mình nghe thấy sự lo lắng của bạn. Lo âu đôi khi là tín hiệu bạn đang quan tâm đến điều quan trọng. Hít thở sâu và bắt đầu từ điều nhỏ nhất có thể làm ngay hôm nay. Mình tin bạn sẽ vượt qua được.
"Gửi cv và đang chờ kết quả phỏng vấn, hôm nay k bt làm sao ✨",hy_vong,Công việc,casual,"tuyệt vời đó bạn! cứ giữ năng lượng đó nhé, mọi thứ đang đi đúng hướng rồi! chia sẻ kế hoạch này với người thân, được ủng hộ thêm sẽ vững hơn. mình chờ nghe tin vui từ bạn nhé~"
Chời ơi đang bị tìm được hướng đi rõ ràng hơn cho tương lai nè,hy_vong,Cuộc sống,casual,"xịn lắm nè! mình cũng tin vào bạn nha~ chia sẻ kế hoạch này với người thân, được ủng hộ thêm sẽ vững hơn. cổ vũ bạn 100% nè! 🤞"
"Thiệt tình hôm nay không có gì đặc biệt lắm, chán ...",trung_tinh,Cuộc sống,casual,"hmmm thế thì cũng oke nha, yên ổn như vậy là ổn rồi mà, đôi khi bình thường cũng là hạnh phúc đó. tận hưởng sự bình lặng đó đi bạn ơi. 🙂 cứ thư giãn đi nhé~"
"crush vừa công khai người yêu mới, nói thật là không bt làm sao",buon,Tình cảm,casual,"haizzz nghe mà thương ghê, buồn như vậy thì ai cũng cần được chia sẻ mà. ra ngoài đi dạo một chút cho thoáng đầu nhé. mình ở đây nghe bạn kể nhé~"
"chia tay xong cứ thấy trống rỗng, tao k bt làm sao haiz",buon,Tình cảm,casual,"trời ơi nghe mà tủi thân giùm 😢 đừng cố tỏ ra ổn, có mình ở đây nè. gọi cho bạn thân tâm sự đi, đừng ôm một mình. rồi sẽ qua thôi bạn ơi."
"Mình hôm nay họp nhiều, khum có gì nổi bật 😐",trung_tinh,Công việc,casual,"bình bình vậy cũng ổn mà, ngày bình thường mà, cũng có cái vui của nó. nếu cần tâm sự thì mình ở đây~ 🙂"
Ae ơi ng yêu liên tục đến trễ mà không xin lỗi 👊,gian_du,Bạn bè / Người thân,casual,"đúng là củ chuối không chịu được 🤬 tức như vậy là phải rồi. hít thở nào, giận quá dễ nói sai rồi hối hận =)) không đáng mất sức đâu bạn ơi 😤"
"Con mèo nuôi nhiều năm vừa ra đi, tui không biết làm sao 💔",buon,Cuộc sống,deep,Mình rất tiếc khi nghe điều này. Buồn như vậy là hoàn toàn bình thường — đừng cố kìm lại. Tìm người thân thiết để nói chuyện — đừng mang một mình. Không cần phải ổn ngay đâu.
"ôn thi xong cảm thấy tự tin hơn nhiều, mn ơi ko biết làm sao",hy_vong,Học tập,casual,wow nhìn thấy vậy vui ghê! kế hoạch rõ ràng rồi thì cứ thế mà tiến thôi! đừng để ai lấy đi cái tinh thần đó của mình nghen! mình chờ nghe tin vui từ bạn nhé~
"Chưa học chữ nào mà mai thi rùi, mình không bt làm sao 😥",lo_au,Học tập,casual,"từ từ nào! lo nhiều cũng không giải quyết được gì thêm đâu nha. cứ làm hết sức thôi, kết quả đến sau nha~ cố lên nhé!"
"vừa khối lượng công việc ngập đầu không biết bắt đầu từ đâu xong, thất vọng ghê 😱",lo_au,Công việc,casual,ôi thôi ai gặp chuyện đó cũng rén thôi. ghi ra giấy hết những gì đang lo rồi ưu tiên từng cái. ổn thôi bạn ơi!
Mình đang bị đang xem phim nhưng không có cảm xúc gì mạnh nè,trung_tinh,Suy nghĩ,casual,"bình bình vậy cũng ổn mà, đôi khi yên ổn cũng là một loại hạnh phúc đó! nếu cần tâm sự thì mình ở đây~ cứ thư giãn đi nhé~"
"Ae tư vấn giúp, bạn thân sắp chuyển đi xa thì nên làm sao",buon,Tình cảm,deep,"Cảm ơn bạn đã chia sẻ với mình. Bạn không yếu đuối khi buồn — bạn rất can đảm khi chia sẻ điều này. Hãy cho phép bản thân cảm nhận nó, đừng vội ổn ngay. Thời gian sẽ chữa lành mọi thứ."
Mình đang bị cố gắng thay đổi bản thân mà cứ quay về điểm cũ nè 💔,that_vong,Bản thân,casual,"nặng lòng ghê, kỳ vọng lớn mà bị hẫng thì đau thiệt. reset lại đi bạn, rồi thứ tốt hơn sẽ đến thôi~ mình tin bạn sẽ vượt qua được."
"ae tư vấn giúp, công việc ổn định, ko có gì nhiều để kể thì nên làm sao 😐",trung_tinh,Công việc,casual,aha hiểu rồi! đôi khi yên ổn cũng là một loại hạnh phúc đó! tận hưởng sự bình lặng đó đi bạn ơi. 🙂
Hôm nay đang bị áp lực KPI tháng này cao qá nè huhu,lo_au,Công việc,casual,"bình tĩnh đi bạn ơi, overthinking kiểu này mệt lắm đúng không? ghi ra giấy hết những gì đang lo rồi ưu tiên từng cái. mọi chuyện rồi sẽ qua thôi 💪"
"Ae ơi đang bị ông bà mất, để lại khoảng trống không bù được nè 💔",buon,Gia đình,deep,Mình rất tiếc khi nghe điều này. Buồn như vậy là hoàn toàn bình thường — đừng cố kìm lại. Đôi khi viết ra cảm xúc cũng giúp nhẹ lòng hơn nhiều. Thời gian sẽ chữa lành mọi thứ.
Tui đang bị ba mẹ cứ cãi nhau và có vẻ sắp ly hôn nè,buon,Gia đình,casual,"ôm bạn nè 🥺 nghe mà thương bạn lắm luôn. gọi cho bạn thân tâm sự đi, đừng ôm một mình. mình ở đây nghe bạn kể nhé~"
"ae tư vấn giúp, dc thăng chức sau kỳ đánh giá thì nên làm sao 🤩",vui,Công việc,casual,đỉnh của chóp luôn á!! nghe mà vui lây =)) nhớ chia sẻ niềm vui với người thân nha! chúc mừng bạn nha 🥳
"Ae tư vấn giúp, đang code xong thì cúp điện mất hết thì nên làm sao 😡",gian_du,Công việc,casual,"ugh tức thật! đúng là vô lý không chịu được. xả ra bằng cách đi dạo hoặc nghe nhạc to đi! giận xong thì thôi, đừng giữ mãi."
"vừa tự nhiên ngồi nhìn ra cửa sổ và nghĩ linh tinh xong, hy vọng ghê ...",trung_tinh,Suy nghĩ,casual,aha hiểu rồi! đôi khi yên ổn cũng là một loại hạnh phúc đó! tận hưởng sự bình lặng đó đi bạn ơi. ngày mai sẽ có nhiều chuyện hay hơn nha!
"Thiệt tình bị người thân không ủng hộ điều mk tin tưởng, chán 😞",that_vong,Tình cảm,casual,"haizzz đặt kỳ vọng cao rồi bị hẫng đau lắm, không phải lỗi của mình đâu nha. reset lại đi bạn, rồi thứ tốt hơn sẽ đến thôi~ rồi sẽ tốt hơn thôi bạn ơi."
"Ae tư vấn giúp, bạn bè lúc khó khăn thì khum ai xuất hiện thì nên làm sao",that_vong,Tình cảm,deep,Thất vọng sau khi đặt cả tâm sức vào điều gì đó — cảm giác đó rất nặng. Cảm giác bị phản bội hay hẫng hụt là rất thực và đáng được thừa nhận. Hãy cho bản thân thời gian để xử lý cảm xúc này trước khi tiếp tục. Mình tin bạn sẽ tìm ra hướng đi phù hợp hơn.
"Phải gánh team vì mấy đứa lười, tui khum bt làm sao 😡",gian_du,Công việc,casual,"bực ghê nơi! ai gặp cũng điên tiết thôi bạn ơi. thả lỏng ra đi, đừng để nó chiếm hết ngày của mình. giận xong thì thôi, đừng giữ mãi."
Mình đang bị đặt mục tiêu cho năm này mà chẳng đạt đc gì nè ugh,that_vong,Bản thân,casual,"nặng lòng ghê, thất vọng kiểu này thật sự khó chịu lắm. coi như bài học đắt giá nghen! rồi sẽ tốt hơn thôi bạn ơi."
Ngl bị kể chuyện riêng tư cho người khác dù đã dặn giữ kín 🔥,gian_du,Bạn bè / Người thân,casual,"trời ơi nghe mà tức dùm á 😡 đúng là vô lý không chịu được. hít thở nào, giận quá dễ nói sai rồi hối hận =)) giận xong thì thôi, đừng giữ mãi."
hôm nay mượn đồ lâu rồi không trả mà còn tỏ ra bình thường 👊,gian_du,Bạn bè / Người thân,deep,Cảm giác bất công đó rất thật. Bạn hoàn toàn có quyền cảm thấy bực bội như vậy. Hãy để cơn tức nguôi trước khi phản ứng — quyết định lúc nóng thường không tốt. Hãy xử lý theo cách phù hợp nhất.
"cố gắng thay đổi bản thân mà cứ quay về điểm cũ, ngl không bt làm sao ugh",that_vong,Bản thân,deep,Mình hiểu bạn đang cảm thấy rất hụt hẫng lúc này. Không phải lúc nào cố gắng cũng cho kết quả như mong muốn — và điều đó không có nghĩa bạn không đủ tốt. Nhìn lại xem mình học được gì từ lần này — bài học thường nằm ở đây. Bạn vẫn đang tiến về phía trước dù chưa thấy rõ.
Trời ơi bạn bè lúc khó khăn thì k ai xuất hiện ugh,that_vong,Tình cảm,casual,"ugh biết cảm giác đó rồi, không phải lỗi của mình đâu nha. đừng để thất vọng lần này định nghĩa mình, ok không? bạn vẫn ổn mà, cứ tiến lên thôi! 💪"
"bị ng thân ko ủng hộ điều mình tin tưởng, dạo này không bt làm sao 😞",that_vong,Tình cảm,casual,"haizzz đặt kỳ vọng cao rồi bị hẫng đau lắm, không phải lỗi của mình đâu nha. coi như bài học đắt giá nghen! rồi sẽ tốt hơn thôi bạn ơi."
Hôm nay hàng giao sai size mà đổ lỗi do mình đặt nhầm 😡,gian_du,Dịch vụ,casual,trời ơi nghe mà tức dùm á 😡 tức như vậy là phải rồi. xả ra bằng cách đi dạo hoặc nghe nhạc to đi! thôi bỏ qua cho nhẹ đầu nhé!
"vừa người yêu liên tục đến trễ mà không xin lỗi xong, hy vọng ghê 💢",gian_du,Bạn bè / Người thân,casual,"đúng là củ chuối không chịu được 🤬 tức như vậy là phải rồi. thả lỏng ra đi, đừng để nó chiếm hết ngày của mình. giận xong thì thôi, đừng giữ mãi."
Ae ơi tìm đc wan cà phê ưng ý mới =)),vui,Cuộc sống,deep,Mình rất vui khi nghe tin này. Những nỗ lực của bạn đã được đền đáp xứng đáng. Đừng quên ghi nhận lại hành trình đã qua — nó sẽ là nguồn cảm hứng sau này. Hãy giữ mãi năng lượng tích cực này nhé.
Ae ơi đang bị lo bảo vệ luận văn bị giáo viên phản biện nặng nè 😱,lo_au,Học tập,casual,"oke oke, thấy lo như vậy là bình thường mà. uống ly nước rồi chia nhỏ vấn đề ra xử lý từng cái nhé! ổn thôi bạn ơi!"
"Thiệt tình bạn hẹn đi ăn rồi tự nhiên cancel ko lý do, chán 😡",gian_du,Bạn bè / Người thân,casual,"ugh tức thật! đúng là vô lý không chịu được. hít thở nào, giận quá dễ nói sai rồi hối hận =)) không đáng mất sức đâu bạn ơi 😤"
Chời ơi đang bị sếp ép deadline vô lý ko có lý do nè 💢,gian_du,Công việc,deep,"Mình hiểu tại sao bạn cảm thấy như vậy. Đôi khi ranh giới cần được giữ vững và điều đó đúng. Sau khi bình tĩnh, nghĩ xem cách xử lý nào có lợi nhất cho bạn. Hãy xử lý theo cách phù hợp nhất."
"Vừa nhớ ng yêu cũ khi trời mưa xong, hy vọng ghê 😢",buon,Tình cảm,deep,"Mình rất tiếc khi nghe điều này. Cảm giác trống rỗng đó rất khó nói thành lời, mình hiểu. Hãy cho phép bản thân cảm nhận nó, đừng vội ổn ngay. Thời gian sẽ chữa lành mọi thứ."
Hôm nay đang bị được thăng chức sau kỳ đánh giá nè,vui,Công việc,casual,wow xịn xò vậy! mình tự hào về bạn ghê nơi ✨ tự thưởng cho mình đi nào~ mình vui cho bạn lắm!
hôm nay làm lành vs người thân sau trận cãi 🤩,vui,Tình cảm,casual,wow xịn xò vậy! mình tự hào về bạn ghê nơi ✨ nhớ chia sẻ niềm vui với người thân nha! chúc mừng bạn nha 🥳
"Ae tư vấn giúp, dc giao nhiệm vụ mới thú vị hơn thì nên làm sao 😌",hy_vong,Công việc,casual,"wow nhìn thấy vậy vui ghê! kế hoạch rõ ràng rồi thì cứ thế mà tiến thôi! chia sẻ kế hoạch này với người thân, được ủng hộ thêm sẽ vững hơn. tiến lên thôi!"
"Ae tư vấn giúp, làm đúng quy trình mà vẫn bị chỉ trích thì nên làm sao 😶",that_vong,Công việc,casual,"haizzz đặt kỳ vọng cao rồi bị hẫng đau lắm, mình hiểu cảm giác đó, không dễ gì nuốt được đâu. đừng để thất vọng lần này định nghĩa mình, ok không? mình tin bạn sẽ vượt qua được."
Mn ơi đang bị k về kịp gặp ng thân lần cuối nè haiz,buon,Gia đình,casual,"ôi buồn quá, cảm giác đó nặng lắm, mình hiểu. ăn gì ngon ngon đi, tự thưởng cho bản thân xíu. mai lại oke thôi! 💙"
Tớ đang bị dự án tâm huyết bị hủy bỏ phút chót nè 😢,buon,Công việc,casual,ôm bạn nè 🥺 nghe mà thương bạn lắm luôn. bật phim hoặc nhạc chill đi nào! mình ở đây nghe bạn kể nhé~
"lo mối quan hệ đang dần nhạt đi, tao ko bt làm sao 😰",lo_au,Tình cảm,casual,"hít thở sâu nào 😅 lo nhiều cũng không giải quyết được gì thêm đâu nha. cứ làm hết sức thôi, kết quả đến sau nha~ cố lên nhé!"
"ae tư vấn giúp, bị đồng nghiệp nhận công của mình trước mặt sếp thì nên làm sao 😡",gian_du,Công việc,casual,"bực ghê nơi! nghe mà mình cũng bực lây nè. thả lỏng ra đi, đừng để nó chiếm hết ngày của mình. thôi bỏ qua cho nhẹ đầu nhé!"
Mk đang bị nhìn lại năm qua thấy chẳng đạt được gì nè 😢,buon,Cuộc sống,deep,"Mình rất tiếc khi nghe điều này. Buồn như vậy là hoàn toàn bình thường — đừng cố kìm lại. Hãy cho phép bản thân cảm nhận nó, đừng vội ổn ngay. Không cần phải ổn ngay đâu."
Ủa đang bị không về kịp gặp người thân lần cuối nè 🥀,buon,Gia đình,casual,"haizzz nghe mà thương ghê, buồn như vậy thì ai cũng cần được chia sẻ mà. buồn thì cứ khóc ra cho nhẹ lòng, đừng giữ trong bụng. mai lại oke thôi! 💙"
Tớ bị kể chuyện riêng tư cho ng khác dù đã dặn giữ kín 🤬,gian_du,Bạn bè / Người thân,casual,"đúng là củ chuối không chịu được 🤬 đúng là vô lý không chịu được. hít thở nào, giận quá dễ nói sai rồi hối hận =)) giận xong thì thôi, đừng giữ mãi."
Dạo này bốc thăm trúng phần thưởng to 😆,vui,Cuộc sống,casual,trời ơi hay quá vậy?! nghe mà vui lây =)) tự thưởng cho mình đi nào~ giữ phong độ nhé bạn ơi!
"hàng giao sai size mà đổ lỗi do mk đặt nhầm, ngl không biết làm sao",gian_du,Dịch vụ,casual,"trời ơi nghe mà tức dùm á 😡 nghe mà mình cũng bực lây nè. bơ đi mà sống, năng lượng của mình quý hơn chứ. giận xong thì thôi, đừng giữ mãi."
"không bt mình có đủ năng lực cho vị trí mới không, tớ không biết làm sao ...",lo_au,Công việc,deep,Lo âu như vậy thực sự rất nặng nề. Lo âu đôi khi là tín hiệu bạn đang quan tâm đến điều quan trọng. Hãy thử chia nhỏ vấn đề ra và xử lý từng phần một. Mình tin bạn sẽ vượt qua được.
"vừa vừa đọc xong một bài viết thú vị xong, buồn ghê",trung_tinh,Cuộc sống,casual,aha hiểu rồi! đôi khi yên ổn cũng là một loại hạnh phúc đó! nếu cần tâm sự thì mình ở đây~ 🙂
"ae tư vấn giúp, tìm đc qán cà phê ưng ý mới thì nên làm sao 🤩",vui,Cuộc sống,casual,yayyy 🎉🎉 nghe mà vui lây =)) nhớ chia sẻ niềm vui với người thân nha! mình vui cho bạn lắm!
Hôm nay ship đồ ăn thiếu món mà không chịu hoàn tiền 😤,gian_du,Dịch vụ,casual,"trời ơi nghe mà tức dùm á 😡 tức như vậy là phải rồi. uống ngụm nước lạnh đi rồi bơ nó ra! giận xong thì thôi, đừng giữ mãi."
"Bạn bè lúc khó khăn thì kh ai xuất hiện, nói thật là không biết làm sao haizzz",that_vong,Tình cảm,casual,"ugh biết cảm giác đó rồi, kỳ vọng lớn mà bị hẫng thì đau thiệt. thử nhìn lại mình học được gì từ lần này nhé. bạn vẫn ổn mà, cứ tiến lên thôi! 💪"
"Hi vọng nhiều rùi nhận kết quả ngược lại, trời ơi không bt làm sao ugh",that_vong,Cuộc sống,deep,Thất vọng sau khi đặt cả tâm sức — cảm giác đó rất nặng. Không phải lúc nào cố gắng cũng cho kết quả như mong muốn — và điều đó không có nghĩa bạn không đủ tốt. Hãy cho bản thân thời gian để xử lý cảm xúc này trước khi tiếp tục. Mình tin bạn sẽ tìm ra hướng đi phù hợp hơn.
Mình sợ bị sếp đánh giá thấp trong kỳ review 🥲,lo_au,Công việc,casual,"từ từ nào! lo nhiều cũng không giải quyết được gì thêm đâu nha. cứ làm hết sức thôi, kết quả đến sau nha~ ổn thôi bạn ơi!"
"bắt đầu một thói quen mới và duy trì dc 2 tuần rùi, mk không biết làm sao 🌱",hy_vong,Cuộc sống,casual,ôi nghe mà có động lực lây luôn á 🌱 kế hoạch rõ ràng rồi thì cứ thế mà tiến thôi! cứ từng bước nhỏ là đủ rồi! tiến lên thôi!
Dạo này thất bại lần này sau khi đã chuẩn bị rất kỹ ugh,that_vong,Bản thân,casual,"haizzz đặt kỳ vọng cao rồi bị hẫng đau lắm, mình hiểu cảm giác đó, không dễ gì nuốt được đâu. thử nhìn lại mình học được gì từ lần này nhé. bạn vẫn ổn mà, cứ tiến lên thôi! 💪"
Chời ơi sau giai đoạn khó khăn cảm thấy mọi thứ đang tốt lên,hy_vong,Cuộc sống,casual,"wow nhìn thấy vậy vui ghê! cứ giữ năng lượng tích cực đó nhé, mọi thứ đang đi đúng hướng rồi! chia sẻ kế hoạch với người thân, được ủng hộ thêm sẽ vững hơn. tiến lên thôi!"
"Vừa thất bại lần này sau khi đã chuẩn bị rất kỹ xong, thất vọng ghê 💔",that_vong,Bản thân,casual,"ugh biết cảm giác đó rồi, mình hiểu cảm giác đó, không dễ gì nuốt được đâu. đừng để thất vọng lần này định nghĩa mình, ok không? mình tin bạn sẽ vượt qua được."
"Ae tư vấn giúp, ngày bình thường, làm việc rùi về thì nên làm sao 😐",trung_tinh,Cuộc sống,casual,"hmmm thế thì cũng oke nha, không phải lúc nào cũng cần có gì to tát đâu. nếu cần tâm sự thì mình ở đây~ 🙂"
"vừa vừa tìm ra phương pháp học mới hiệu quả hơn xong, hy vọng ghê ✨",hy_vong,Học tập,casual,tuyệt vời đó bạn! kế hoạch rõ ràng rồi thì cứ thế mà tiến thôi! cứ từng bước nhỏ là đủ rồi! cổ vũ bạn 100% nè! 🤞
Ngl nghe bản nhạc cũ bỗng nhớ kỷ niệm xưa 😞,buon,Cuộc sống,casual,"haizzz nghe mà thương ghê, nghe mà thương bạn lắm luôn. ăn gì ngon ngon đi, tự thưởng cho bản thân xíu. rồi sẽ qua thôi bạn ơi."
"ae tư vấn giúp, được giao nhiệm vụ mới thú vị hơn thì nên làm sao 🙏",hy_vong,Công việc,casual,"wow nhìn thấy vậy vui ghê! cứ giữ năng lượng đó nhé, mọi thứ đang đi đúng hướng rồi! đừng để ai lấy đi cái tinh thần đó của mình nghen! cổ vũ bạn 100% nè! 🤞"
Hôm nay đang bị ôn thi xong cảm thấy tự tin hơn nhiều nè,hy_vong,Học tập,deep,"Thật đáng quý khi bạn vẫn giữ được cái nhìn tích cực này. Hướng đi rõ ràng như vậy là kết quả của rất nhiều suy nghĩ và nỗ lực. Đừng so sánh tiến độ của mình với người khác — hành trình của bạn là của riêng bạn. Cứ tiến lên, mình cổ vũ bạn."
"ae tư vấn giúp, hôm nay khum có gì đặc biệt lắm thì nên làm sao 😐",trung_tinh,Cuộc sống,casual,"hmmm thế thì cũng oke nha, ngày bình thường mà, cũng có cái vui của nó. có gì muốn kể thêm thì cứ kể nhé! ngày mai sẽ có nhiều chuyện hay hơn nha!"
Mình đang bị sau thời gian dài cuối cùng đã liên lạc lại được nè ✨,hy_vong,Tình cảm,deep,"Thật đáng quý khi bạn vẫn giữ được cái nhìn tích cực này. Cảm giác bắt đầu thấy ánh sáng ở cuối đường hầm rất đáng trân trọng. Nuôi dưỡng hy vọng bằng những hành động nhỏ mỗi ngày. Cứ tiến lên, mình cổ vũ bạn."
"sắp tới deadline mà chưa làm được gì, tui ko bt làm sao 😱",lo_au,Công việc,casual,"oke oke, thấy lo như vậy là bình thường mà. đừng nhìn cả đống cùng lúc, từng bước nhỏ thôi! cố lên nhé!"
Mn ơi đang bị sếp khen project mới trước toàn công ty nè 😆,vui,Công việc,casual,"hết sẩy! nghe mà vui lây =)) lưu khoảnh khắc này lại, sau nhìn lại vẫn còn vui mà. tiếp tục phát huy nhé!"
"bạn thân sắp chuyển đi xa, mk không biết làm sao 😢",buon,Tình cảm,casual,"ôm bạn nè 🥺 đừng cố tỏ ra ổn, có mình ở đây nè. gọi cho bạn thân tâm sự đi, đừng ôm một mình. rồi sẽ qua thôi bạn ơi."
Chời ơi đang bị chốt hợp đồng lớn sau bao ngày nỗ lực nè =)),vui,Công việc,casual,yayyy 🎉🎉 mình tự hào về bạn ghê nơi ✨ cứ đà này thì ngon lành luôn! giữ phong độ nhé bạn ơi!
hôm nay cố gắng thay đổi bản thân mà cứ quay về điểm cũ ugh,that_vong,Bản thân,deep,Mình hiểu bạn đang cảm thấy rất hụt hẫng lúc này. Kỳ vọng bị phá vỡ luôn để lại dấu ấn sâu. Đừng vội kết luận về bản thân chỉ vì một kết quả chưa như ý. Thất vọng không phải điểm kết thúc — hãy tiếp tục.
"vừa tìm ra phương pháp học mới hiệu quả hơn, mn ơi k bt làm sao",hy_vong,Học tập,casual,ôi nghe mà có động lực lây luôn á 🌱 mình cũng tin vào bạn nha~ đừng để ai lấy đi cái tinh thần đó của mình nghen! cổ vũ bạn 100% nè! 🤞
Nói thật là bạn thân sắp chuyển đi xa 😞,buon,Tình cảm,casual,"ôi buồn quá, cảm giác đó nặng lắm, mình hiểu. bật phim hoặc nhạc chill đi nào! rồi sẽ qua thôi bạn ơi."
Ngl đang bị tài khoản cạn tiền mà tháng còn dài lắm nè 🥲,lo_au,Cuộc sống,casual,"ôi thôi ai gặp chuyện đó cũng rén thôi. thử tắt điện thoại một lúc, focus vào 1 việc thôi. ổn thôi bạn ơi!"
"Bốc thăm trúng phần thưởng to, trời ơi không bt làm sao 🤩",vui,Cuộc sống,casual,"trời ơi hay quá vậy?! nghe mà vui lây =)) lưu khoảnh khắc này lại, sau nhìn lại vẫn còn vui mà. chúc mừng bạn nha 🥳"
Hôm nay tìm được wan cà phê ưng ý mới ✨,vui,Cuộc sống,deep,Thành quả đáng được trân trọng. Niềm vui này bạn hoàn toàn xứng đáng có được. Dùng động lực từ thành công này để tiếp tục những mục tiêu tiếp theo. Chúc bạn tiếp tục gặt hái thêm nhiều thành quả.
"Vừa nhận học bổng du học xong, lo ghê 🎉",vui,Học tập,casual,đỉnh của chóp luôn á!! xứng đáng lắm luôn! nhớ chia sẻ niềm vui với người thân nha! tiếp tục phát huy nhé!
"vừa làm lành với người thân sau trận cãi xong, bình thường ghê 😆",vui,Tình cảm,casual,hết sẩy! xứng đáng lắm luôn! cứ đà này thì ngon lành luôn! mình vui cho bạn lắm!
"ae tư vấn giúp, bài thi dc điểm cao ngoài mong đợi thì nên làm sao 😆",vui,Học tập,casual,trời ơi hay quá vậy?! nghe mà vui lây =)) tự thưởng cho mình đi nào~ chúc mừng bạn nha 🥳
hôm nay tìm được hướng đi rõ ràng hơn cho tương lai 🙏,hy_vong,Cuộc sống,casual,wow nhìn thấy vậy vui ghê! mình cũng tin vào bạn nha~ đừng để ai lấy đi cái tinh thần đó của mình nghen! cổ vũ bạn 100% nè! 🤞
"không biết ng ấy có thật sự thích mình không, hôm nay không biết làm sao 😰",lo_au,Tình cảm,casual,"ôi thôi lo nhiều cũng không giải quyết được gì thêm đâu nha. đừng nhìn cả đống cùng lúc, từng bước nhỏ thôi! cố lên nhé!"
"Hôm nay hôm nay họp nhiều, không có gì nổi bật 🙂",trung_tinh,Công việc,deep,Cảm ơn bạn đã chia sẻ. Bình yên cũng là một trạng thái đáng trân trọng không kém gì niềm vui. Đôi khi không làm gì cũng là một lựa chọn đúng đắn. Chỉ cần là chính mình là đủ rồi.
"ae tư vấn giúp, sợ rớt môn, ảnh hưởng học bổng thì nên làm sao",lo_au,Học tập,deep,Mình nghe thấy sự lo lắng của bạn. Đây là phản ứng bình thường khi đối mặt với áp lực lớn. Hãy thử chia nhỏ vấn đề ra và xử lý từng phần một. Mình tin bạn sẽ vượt qua được.
Mk đặt nhiều kỳ vọng vào người ấy mà họ không quan tâm ugh,that_vong,Tình cảm,casual,nghe mà buồn cho bạn quá 💔 thất vọng kiểu này thật sự khó chịu lắm. coi như bài học đắt giá nghen! rồi sẽ tốt hơn thôi bạn ơi.
Mk con mèo nuôi nhiều năm vừa ra đi 😢,buon,Cuộc sống,casual,"trời ơi nghe mà tủi thân giùm 😢 cảm giác đó nặng lắm, mình hiểu. ăn gì ngon ngon đi, tự thưởng cho bản thân xíu. có mình nè, đừng lo."
"Mọi thứ dạo này cứ xui xẻo liên tục, nói thật là không biết làm sao 😞",buon,Cuộc sống,casual,"ôm bạn nè 🥺 buồn như vậy thì ai cũng cần được chia sẻ mà. gọi cho bạn thân tâm sự đi, đừng ôm một mình. có mình nè, đừng lo."
"Bị kể chuyện riêng tư cho ng khác dù đã dặn giữ kín, dạo này không biết làm sao 🤬",gian_du,Bạn bè / Người thân,casual,ugh tức thật! tức như vậy là phải rồi. uống ngụm nước lạnh đi rồi bơ nó ra! không đáng mất sức đâu bạn ơi 😤
"ae tư vấn giúp, đợi mãi một cơ hội mà nó k đến thì nên làm sao haizzz",that_vong,Cuộc sống,deep,Mình hiểu bạn đang cảm thấy rất hụt hẫng lúc này. Không phải lúc nào cố gắng cũng cho kết quả như mong muốn — và điều đó không có nghĩa bạn không đủ tốt. Đừng vội kết luận về bản thân chỉ vì một kết quả chưa như ý. Mình tin bạn sẽ tìm ra hướng đi phù hợp hơn.
Tao bị cắt mặt suýt gây tai nạn mà kh xin lỗi 👊,gian_du,Giao thông,casual,trời ơi nghe mà tức dùm á 😡 tức như vậy là phải rồi. xả ra bằng cách đi dạo hoặc nghe nhạc to đi! mình tin bạn sẽ xử lý được thôi.
"vừa hi vọng nhiều rồi nhận kết quả ngược lại xong, hy vọng ghê",that_vong,Cuộc sống,casual,"nặng lòng ghê, mình hiểu cảm giác đó, không dễ gì nuốt được đâu. đừng để thất vọng lần này định nghĩa mình, ok không? rồi sẽ tốt hơn thôi bạn ơi."
Dạo này đang bị mọi thứ dạo này cứ xui xẻo liên tục nè haiz,buon,Cuộc sống,casual,"ôi buồn quá, nghe mà thương bạn lắm luôn. bật phim hoặc nhạc chill đi nào! mình ở đây nghe bạn kể nhé~"
"ae tư vấn giúp, không vui không buồn, cứ trôi qua thôi thì nên làm sao 🙂",trung_tinh,Cuộc sống,casual,"hmmm thế thì cũng oke nha, cứ để ngày trôi qua tự nhiên thôi, không cần rush. tận hưởng sự bình lặng đó đi bạn ơi. bình yên nhé bạn ơi~"
"Thiệt tình vừa tìm ra phương pháp học mới hiệu quả hơn, chán 🌱",hy_vong,Học tập,casual,"ôi nghe mà có động lực lây luôn á 🌱 mình cũng tin vào bạn nha~ chia sẻ kế hoạch này với người thân, được ủng hộ thêm sẽ vững hơn. cổ vũ bạn 100% nè! 🤞"
"Bạn thân sắp chuyển đi xa, mk k biết làm sao 😞",buon,Tình cảm,casual,"ôi buồn quá, cảm giác đó nặng lắm, mình hiểu. ra ngoài đi dạo một chút cho thoáng đầu nhé. có mình nè, đừng lo."
Tao đang bị vừa đọc xong một bài viết thú vị nè ...,trung_tinh,Cuộc sống,casual,"aha hiểu rồi! yên ổn như vậy là ổn rồi mà, đôi khi bình thường cũng là hạnh phúc đó. nếu cần tâm sự thì mình ở đây~ bình yên nhé bạn ơi~"
Mk đang bị nhớ người yêu cũ khi trời mưa nè haiz,buon,Tình cảm,casual,"haizzz nghe mà thương ghê, đừng cố tỏ ra ổn, có mình ở đây nè. ăn gì ngon ngon đi, tự thưởng cho bản thân xíu. có mình nè, đừng lo."
Dạo này hai đứa vừa nói chuyện thẳng và hiểu nhau hơn 🙏,hy_vong,Tình cảm,deep,"Thật đáng quý khi bạn vẫn giữ được cái nhìn tích cực này. Cảm giác bắt đầu thấy ánh sáng ở cuối đường hầm rất đáng trân trọng. Đừng so sánh tiến độ của mình với người khác — hành trình của bạn là của riêng bạn. Cứ tiến lên, mình cổ vũ bạn."
Hôm nay đang bị sắp trả tiền trọ mà lương chưa về nè 😰,lo_au,Cuộc sống,casual,từ từ nào! lo nhiều cũng không giải quyết được gì thêm đâu nha. ghi ra giấy hết những gì đang lo rồi ưu tiên từng cái. cố lên nhé!
Trời ơi k theo kịp bài vở dạo này 😥,lo_au,Học tập,casual,"hít thở sâu nào 😅 thấy lo như vậy là bình thường mà. đừng nhìn cả đống cùng lúc, từng bước nhỏ thôi! ổn thôi bạn ơi!"
"Crush vừa công khai người yêu mới, tao ko biết làm sao",buon,Tình cảm,casual,"ôi buồn quá, đừng cố tỏ ra ổn, có mình ở đây nè. gọi cho bạn thân tâm sự đi, đừng ôm một mình. mai lại oke thôi! 💙"
hôm nay làm lành với người thân sau trận cãi 🥰,vui,Tình cảm,casual,đỉnh của chóp luôn á!! mình tự hào về bạn ghê nơi ✨ tự thưởng cho mình đi nào~ giữ phong độ nhé bạn ơi!
"Ae tư vấn giúp, đặt nhiều kỳ vọng vào ng ấy mà họ không quan tâm thì nên làm sao 💔",that_vong,Tình cảm,casual,"nặng lòng ghê, thất vọng kiểu này thật sự khó chịu lắm. đừng để thất vọng lần này định nghĩa mình, ok không? mình tin bạn sẽ vượt qua được."
"Mk đang bị ngồi uống cà phê một mình, tâm trạng bình thường nè 😐",trung_tinh,Suy nghĩ,casual,"bình bình vậy cũng ổn mà, ngày bình thường mà, cũng có cái vui của nó. có gì muốn kể thêm thì cứ kể nhé! cứ thư giãn đi nhé~"
"vừa ngày bình thường, làm việc rùi về xong, thất vọng ghê",trung_tinh,Cuộc sống,casual,"hmmm thế thì cũng oke nha, yên ổn như vậy là ổn rồi mà, đôi khi bình thường cũng là hạnh phúc đó. nếu cần tâm sự thì mình ở đây~ 🙂 cứ thư giãn đi nhé~"
"Vừa chốt hợp đồng lớn sau bao ngày nỗ lực xong, lo ghê 🤩",vui,Công việc,casual,yayyy 🎉🎉 xứng đáng lắm luôn! tự thưởng cho mình đi nào~ giữ phong độ nhé bạn ơi!
Chời ơi đang bị cố xây dựng điều gì đó mà bị phá vỡ một cách vô lý nè haizzz,that_vong,Cuộc sống,casual,"haizzz đặt kỳ vọng cao rồi bị hẫng đau lắm, thất vọng kiểu này thật sự khó chịu lắm. đừng để thất vọng lần này định nghĩa mình, ok không? bạn vẫn ổn mà, cứ tiến lên thôi! 💪"
"vừa ông bà mất, để lại khoảng trống ko bù dc xong, lo ghê 😢",buon,Gia đình,casual,"ôi buồn quá, buồn như vậy thì ai cũng cần được chia sẻ mà. gọi cho bạn thân tâm sự đi, đừng ôm một mình. có mình nè, đừng lo."
"Nhớ người yêu cũ khi trời mưa, nói thật là khum biết làm sao",buon,Tình cảm,casual,"haizzz nghe mà thương ghê, cảm giác đó nặng lắm, mình hiểu. ăn gì ngon ngon đi, tự thưởng cho bản thân xíu. rồi sẽ qua thôi bạn ơi."
Mn ơi đang bị đặt nhiều kỳ vọng vào ng ấy mà họ kh quan tâm nè 💔,that_vong,Tình cảm,casual,"ugh biết cảm giác đó rồi, kỳ vọng lớn mà bị hẫng thì đau thiệt. reset lại đi bạn, rồi thứ tốt hơn sẽ đến thôi~ bạn vẫn ổn mà, cứ tiến lên thôi! 💪"
"Thiệt tình thất bại lần này sau khi đã chuẩn bị rất kỹ, chán ugh",that_vong,Bản thân,casual,"haizzz đặt kỳ vọng cao rồi bị hẫng đau lắm, không phải lỗi của mình đâu nha. thử nhìn lại mình học được gì từ lần này nhé. rồi sẽ tốt hơn thôi bạn ơi."
Tao đang bị không theo kịp bài vở dạo này nè 😥,lo_au,Học tập,casual,ôi thôi overthinking kiểu này mệt lắm đúng không? ghi ra giấy hết những gì đang lo rồi ưu tiên từng cái. cố lên nhé!
"vừa chốt hợp đồng lớn sau bao ngày nỗ lực xong, bình thường ghê 😆",vui,Công việc,casual,"hết sẩy! kết quả xứng đáng với cố gắng của bạn rồi đó! lưu khoảnh khắc này lại, sau nhìn lại vẫn còn vui mà. mình vui cho bạn lắm!"
"hôm nay ngồi uống cà phê một mk, tâm trạng bình thường ...",trung_tinh,Suy nghĩ,casual,"bình bình vậy cũng ổn mà, ngày bình thường mà, cũng có cái vui của nó. có gì muốn kể thêm thì cứ kể nhé! ngày mai sẽ có nhiều chuyện hay hơn nha!"
"hôm nay công việc ổn định, kh có gì nhiều để kể ...",trung_tinh,Công việc,casual,aha hiểu rồi! đôi khi yên ổn cũng là một loại hạnh phúc đó! có gì muốn kể thêm thì cứ kể nhé! ngày mai sẽ có nhiều chuyện hay hơn nha!
"vừa sợ rớt môn, ảnh hưởng học bổng xong, tức ghê 😰",lo_au,Học tập,deep,Lo âu như vậy thực sự rất nặng nề. Đây là phản ứng bình thường khi đối mặt với áp lực lớn. Nói chuyện với người tin tưởng — đôi khi chỉ cần được lắng nghe là nhẹ hơn nhiều. Từng bước nhỏ vẫn là tiến về phía trước.
"Thiệt tình lương về rùi, chán 🎉",vui,Cuộc sống,casual,trời ơi hay quá vậy?! kết quả xứng đáng với cố gắng của bạn rồi đó! tự thưởng cho mình đi nào~ tiếp tục phát huy nhé!
"Thiệt tình k vui không buồn, cứ trôi qua thôi, chán 😐",trung_tinh,Cuộc sống,casual,"bình bình vậy cũng ổn mà, ngày bình thường mà, cũng có cái vui của nó. tận hưởng sự bình lặng đó đi bạn ơi. ngày mai sẽ có nhiều chuyện hay hơn nha!"
"vừa team vừa có thành viên mới giỏi, kỳ vọng cao xong, hy vọng ghê",hy_vong,Công việc,casual,ôi nghe mà có động lực lây luôn á 🌱 kế hoạch rõ ràng rồi thì cứ thế mà tiến thôi! cứ từng bước nhỏ là đủ rồi! cổ vũ bạn 100% nè! 🤞
"Ae tư vấn giúp, bạn hẹn đi ăn r tự nhiên cancel không lý do thì nên làm sao 💢",gian_du,Bạn bè / Người thân,deep,Mình hiểu tại sao bạn cảm thấy như vậy. Bạn hoàn toàn có quyền cảm thấy bực bội như vậy. Hãy để cơn tức nguôi trước khi phản ứng — quyết định lúc nóng thường không tốt. Mình ở đây ủng hộ bạn.
"Pass môn khó nhất học kỳ, ae ơi khum biết làm sao 🥰",vui,Học tập,casual,đỉnh của chóp luôn á!! mình tự hào về bạn ghê nơi ✨ cứ đà này thì ngon lành luôn! chúc mừng bạn nha 🥳
"Thất bại lần này sau khi đã chuẩn bị rất kỹ, mk không bt làm sao ugh",that_vong,Bản thân,casual,"nghe mà buồn cho bạn quá 💔 mình hiểu cảm giác đó, không dễ gì nuốt được đâu. reset lại đi bạn, rồi thứ tốt hơn sẽ đến thôi~ bạn vẫn ổn mà, cứ tiến lên thôi! 💪"
"Không về kịp gặp người thân lần cuối, tao không biết làm sao 🥀",buon,Gia đình,casual,"ôm bạn nè 🥺 cảm giác đó nặng lắm, mình hiểu. buồn thì cứ khóc ra cho nhẹ lòng, đừng giữ trong bụng. mai lại oke thôi! 💙"
hôm nay tin vào ng mà cuối cùng bị lừa dối ugh,that_vong,Bản thân,casual,"nghe mà buồn cho bạn quá 💔 mình hiểu cảm giác đó, không dễ gì nuốt được đâu. reset lại đi bạn, rồi thứ tốt hơn sẽ đến thôi~ rồi sẽ tốt hơn thôi bạn ơi."
"thiệt tình khối lượng công việc ngập đầu không biết bắt đầu từ đâu, chán huhu",lo_au,Công việc,casual,"bình tĩnh đi bạn ơi, thấy lo như vậy là bình thường mà. ghi ra giấy hết những gì đang lo rồi ưu tiên từng cái. cố lên nhé!"
Dạo này ba mẹ cứ cãi nhau và có vẻ sắp ly hôn 😔,buon,Gia đình,casual,"ôi buồn quá, nghe mà thương bạn lắm luôn. gọi cho bạn thân tâm sự đi, đừng ôm một mình. mình ở đây nghe bạn kể nhé~"
"thiệt tình đang xem phim nhưng k có cảm xúc gì mạnh, chán ...",trung_tinh,Suy nghĩ,casual,"à ra vậy, ngày bình thường mà, cũng có cái vui của nó. nếu cần tâm sự thì mình ở đây~ ngày mai sẽ có nhiều chuyện hay hơn nha!"
"Thiệt tình ông bà mất, để lại khoảng trống không bù được, chán 😔",buon,Gia đình,casual,"trời ơi nghe mà tủi thân giùm 😢 buồn như vậy thì ai cũng cần được chia sẻ mà. gọi cho bạn thân tâm sự đi, đừng ôm một mình. mai lại oke thôi! 💙"
"Mk đang bị team vừa có thành viên mới giỏi, kỳ vọng cao nè",hy_vong,Công việc,casual,xịn lắm nè! kế hoạch rõ ràng rồi thì cứ thế mà tiến thôi! chúc mọi thứ diễn ra suôn sẻ nhé ✨ mình chờ nghe tin vui từ bạn nhé~
"mượn đồ lâu rồi không trả mà còn tỏ ra bình thường, trời ơi không biết làm sao 😡",gian_du,Bạn bè / Người thân,casual,"đúng là củ chuối không chịu được 🤬 đúng là vô lý không chịu được. thả lỏng ra đi, đừng để nó chiếm hết ngày của mình. mình tin bạn sẽ xử lý được thôi."
"Ae tư vấn giúp, bị hứa thưởng nhưng cuối năm lại ko có thì nên làm sao haizzz",that_vong,Công việc,casual,"haizzz đặt kỳ vọng cao rồi bị hẫng đau lắm, kỳ vọng lớn mà bị hẫng thì đau thiệt. reset lại đi bạn, rồi thứ tốt hơn sẽ đến thôi~ bạn vẫn ổn mà, cứ tiến lên thôi! 💪"
Trời ơi đang bị bị hứa thưởng nhưng cuối năm lại ko có nè 💔,that_vong,Công việc,casual,"nghe mà buồn cho bạn quá 💔 mình hiểu cảm giác đó, không dễ gì nuốt được đâu. đừng để thất vọng lần này định nghĩa mình, ok không? bạn vẫn ổn mà, cứ tiến lên thôi! 💪"
"Mình hôm nay đi đường k tắc, đến nơi sớm 🤩",vui,Cuộc sống,casual,hết sẩy! mình tự hào về bạn ghê nơi ✨ tự thưởng cho mình đi nào~ mình vui cho bạn lắm!
"Vừa k biết mk có đủ năng lực cho vị trí mới không xong, bình thường ghê 😥",lo_au,Công việc,casual,"oke oke, lo nhiều cũng không giải quyết được gì thêm đâu nha. đừng nhìn cả đống cùng lúc, từng bước nhỏ thôi! ổn thôi bạn ơi!"
"đặt mục tiêu cho năm này mà chẳng đạt được gì, nói thật là không bt làm sao ugh",that_vong,Bản thân,deep,Mình nghe bạn và thấy điều này không dễ dàng chút nào. Không phải lúc nào cố gắng cũng cho kết quả như mong muốn — và điều đó không có nghĩa bạn không đủ tốt. Hãy cho bản thân thời gian để xử lý cảm xúc này trước khi tiếp tục. Thất vọng không phải điểm kết thúc — hãy tiếp tục.
"con mèo nuôi nhiều năm vừa ra đi, nói thật là khum biết làm sao 😢",buon,Cuộc sống,casual,"ôm bạn nè 🥺 nghe mà thương bạn lắm luôn. buồn thì cứ khóc ra cho nhẹ lòng, đừng giữ trong bụng. rồi sẽ qua thôi bạn ơi."
Nói thật là nộp hồ sơ học bổng và đang chờ kết quả 🌱,hy_vong,Học tập,casual,"tuyệt vời đó bạn! cứ giữ năng lượng đó nhé, mọi thứ đang đi đúng hướng rồi! chia sẻ kế hoạch này với người thân, được ủng hộ thêm sẽ vững hơn. tiến lên thôi!"
"Vừa tin vào ng mà cuối cùng bị lừa dối xong, thất vọng ghê 😞",that_vong,Bản thân,casual,"nghe mà buồn cho bạn quá 💔 không phải lỗi của mình đâu nha. reset lại đi bạn, rồi thứ tốt hơn sẽ đến thôi~ mình tin bạn sẽ vượt qua được."
Tui đang bị bạn thân sắp chuyển đi xa nè 💔,buon,Tình cảm,casual,"haizzz nghe mà thương ghê, buồn như vậy thì ai cũng cần được chia sẻ mà. bật phim hoặc nhạc chill đi nào! mai lại oke thôi! 💙"
"Thiệt tình nhìn lại năm qua thấy chẳng đạt được gì, chán 😞",buon,Cuộc sống,casual,"haizzz nghe mà thương ghê, buồn như vậy thì ai cũng cần được chia sẻ mà. buồn thì cứ khóc ra cho nhẹ lòng, đừng giữ trong bụng. có mình nè, đừng lo."
"Thiệt tình cảm thấy cô đơn dù xung quanh có nhiều người, chán haiz",buon,Cuộc sống,casual,"ôi buồn quá, buồn như vậy thì ai cũng cần được chia sẻ mà. ra ngoài đi dạo một chút cho thoáng đầu nhé. có mình nè, đừng lo."
"ôn thi xong cảm thấy tự tin hơn nhiều, tui không biết làm sao",hy_vong,Học tập,casual,wow nhìn thấy vậy vui ghê! kế hoạch rõ ràng rồi thì cứ thế mà tiến thôi! chúc mọi thứ diễn ra suôn sẻ nhé ✨ cổ vũ bạn 100% nè! 🤞
Dạo này gọi hotline chăm sóc khách hàng cúp máy giữa chừng,gian_du,Dịch vụ,casual,"trời ơi nghe mà tức dùm á 😡 nghe mà mình cũng bực lây nè. bơ đi mà sống, năng lượng của mình quý hơn chứ. giận xong thì thôi, đừng giữ mãi."
"ae tư vấn giúp, đợi mãi một cơ hội mà nó không đến thì nên làm sao",that_vong,Cuộc sống,deep,Mình hiểu bạn đang cảm thấy rất hụt hẫng lúc này. Kỳ vọng bị phá vỡ luôn để lại dấu ấn sâu. Hãy cho bản thân thời gian để xử lý cảm xúc này trước khi tiếp tục. Thất vọng không phải điểm kết thúc — hãy tiếp tục.
"Tui đang bị có kế hoạch cụ thể r, cảm thấy tự tin hơn nè 🌱",hy_vong,Cuộc sống,casual,"wow nhìn thấy vậy vui ghê! cứ giữ năng lượng đó nhé, mọi thứ đang đi đúng hướng rồi! chúc mọi thứ diễn ra suôn sẻ nhé ✨ tiến lên thôi!"
"Vừa mọi thứ dạo này cứ xui xẻo liên tục xong, bình thường ghê 😔",buon,Cuộc sống,casual,"ôi buồn quá, nghe mà thương bạn lắm luôn. bật phim hoặc nhạc chill đi nào! có mình nè, đừng lo."
"Vừa taxi chặt chém gấp đôi giá lúc đang vội xong, thất vọng ghê 🔥",gian_du,Giao thông,casual,"ugh tức thật! ai gặp cũng điên tiết thôi bạn ơi. hít thở nào, giận quá dễ nói sai rồi hối hận =)) thôi bỏ qua cho nhẹ đầu nhé!"
Tao đang bị bạn hẹn đi ăn rùi tự nhiên cancel khum lý do nè 🤬,gian_du,Bạn bè / Người thân,casual,"ugh tức thật! ai gặp cũng điên tiết thôi bạn ơi. hít thở nào, giận quá dễ nói sai rồi hối hận =)) không đáng mất sức đâu bạn ơi 😤"
"Vừa yêu thật lòng mà kh dc đáp lại xong, thất vọng ghê",that_vong,Tình cảm,casual,"nặng lòng ghê, thất vọng kiểu này thật sự khó chịu lắm. reset lại đi bạn, rồi thứ tốt hơn sẽ đến thôi~ mình tin bạn sẽ vượt qua được."
"vừa nhớ ng yêu cũ khi trời mưa xong, thất vọng ghê 😔",buon,Tình cảm,deep,Mình ở đây lắng nghe bạn. Bạn không yếu đuối khi buồn — bạn rất can đảm khi chia sẻ điều này. Tìm người thân thiết để nói chuyện — đừng mang một mình. Thời gian sẽ chữa lành mọi thứ.
"Dạo này sợ rớt môn, ảnh hưởng học bổng 🥲",lo_au,Học tập,casual,từ từ nào! mình hiểu cảm giác đó lắm! uống ly nước rồi chia nhỏ vấn đề ra xử lý từng cái nhé! ổn thôi bạn ơi!
"Sợ bị sếp đánh giá thấp trong kỳ review, dạo này không biết làm sao huhu",lo_au,Công việc,casual,"oke oke, thấy lo như vậy là bình thường mà. ghi ra giấy hết những gì đang lo rồi ưu tiên từng cái. ổn thôi bạn ơi!"
"ae tư vấn giúp, làm lành với người thân sau trận cãi thì nên làm sao 😎",vui,Tình cảm,casual,đỉnh của chóp luôn á!! kết quả xứng đáng với cố gắng của bạn rồi đó! cứ đà này thì ngon lành luôn! mình vui cho bạn lắm!
"Vừa người yêu liên tục đến trễ mà kh xin lỗi xong, vui ghê 💢",gian_du,Bạn bè / Người thân,casual,"ugh tức thật! tức như vậy là phải rồi. hít thở nào, giận quá dễ nói sai rồi hối hận =)) mình tin bạn sẽ xử lý được thôi."
"thiệt tình ko vui không buồn, cứ trôi qua thôi, chán",trung_tinh,Cuộc sống,casual,"hmmm thế thì cũng oke nha, ngày bình thường mà, cũng có cái vui của nó. nếu cần tâm sự thì mình ở đây~ 🙂"
Mn ơi đang bị bạn hẹn đi ăn rồi tự nhiên cancel k lý do nè 😡,gian_du,Bạn bè / Người thân,deep,"Sự bực bội của bạn hoàn toàn chính đáng. Phản ứng như vậy là hoàn toàn bình thường trước tình huống này. Sau khi bình tĩnh, nghĩ xem cách xử lý nào có lợi nhất cho bạn. Mình ở đây ủng hộ bạn."
"Thiệt tình xa nhà lâu wa nhớ mọi ng, chán haiz",buon,Gia đình,casual,"ôm bạn nè 🥺 cảm giác đó nặng lắm, mình hiểu. buồn thì cứ khóc ra cho nhẹ lòng, đừng giữ trong bụng. mai lại oke thôi! 💙"
"Chốt hợp đồng lớn sau bao ngày nỗ lực, chời ơi không bt làm sao 😆",vui,Công việc,casual,"trời ơi hay quá vậy?! nghe mà vui lây =)) lưu khoảnh khắc này lại, sau nhìn lại vẫn còn vui mà. giữ phong độ nhé bạn ơi!"
"vừa bạn hẹn đi ăn rồi tự nhiên cancel không lý do xong, thất vọng ghê 💢",gian_du,Bạn bè / Người thân,casual,"ugh tức thật! tức như vậy là phải rồi. hít thở nào, giận quá dễ nói sai rồi hối hận =)) thôi bỏ qua cho nhẹ đầu nhé!"
Mình ko theo kịp bài vở dạo này 😥,lo_au,Học tập,casual,"oke oke, lo nhiều cũng không giải quyết được gì thêm đâu nha. đừng nhìn cả đống cùng lúc, từng bước nhỏ thôi! mọi chuyện rồi sẽ qua thôi 💪"
"Mọi thứ dạo này cứ xui xẻo liên tục, hôm nay không bt làm sao 😔",buon,Cuộc sống,casual,"trời ơi nghe mà tủi thân giùm 😢 cảm giác đó nặng lắm, mình hiểu. ra ngoài đi dạo một chút cho thoáng đầu nhé. mình ở đây nghe bạn kể nhé~"
Trời ơi đang bị mượn đồ lâu rồi ko trả mà còn tỏ ra bình thường nè 🔥,gian_du,Bạn bè / Người thân,casual,"đúng là củ chuối không chịu được 🤬 đúng là vô lý không chịu được. thả lỏng ra đi, đừng để nó chiếm hết ngày của mình. giận xong thì thôi, đừng giữ mãi."
"nghĩ về tương lai thấy mông lung wa, trời ơi không biết làm sao 😰",lo_au,Cuộc sống,casual,"hít thở sâu nào 😅 ai gặp chuyện đó cũng rén thôi. đừng nhìn cả đống cùng lúc, từng bước nhỏ thôi! mọi chuyện rồi sẽ qua thôi 💪"
Mn ơi đang bị nghĩ về tương lai thấy mông lung qá nè ...,lo_au,Cuộc sống,casual,từ từ nào! ai gặp chuyện đó cũng rén thôi. ghi ra giấy hết những gì đang lo rồi ưu tiên từng cái. mọi chuyện rồi sẽ qua thôi 💪
"bạn hẹn đi ăn rồi tự nhiên cancel ko lý do, chời ơi không biết làm sao 👊",gian_du,Bạn bè / Người thân,casual,"đúng là củ chuối không chịu được 🤬 đúng là vô lý không chịu được. hít thở nào, giận quá dễ nói sai rồi hối hận =)) mình tin bạn sẽ xử lý được thôi."
Ủa đang bị không về kịp gặp ng thân lần cuối nè 💔,buon,Gia đình,casual,"trời ơi nghe mà tủi thân giùm 😢 buồn như vậy thì ai cũng cần được chia sẻ mà. gọi cho bạn thân tâm sự đi, đừng ôm một mình. có mình nè, đừng lo."
hôm nay hi vọng nhiều rùi nhận kết quả ngược lại haizzz,that_vong,Cuộc sống,casual,"nặng lòng ghê, không phải lỗi của mình đâu nha. reset lại đi bạn, rồi thứ tốt hơn sẽ đến thôi~ rồi sẽ tốt hơn thôi bạn ơi."
"công việc ổn định, không có gì nhiều để kể, chời ơi không bt làm sao",trung_tinh,Công việc,deep,Đôi khi những ngày bình thường lại có giá trị riêng. Không cần lúc nào cũng phải vui hoặc buồn — chỉ cần là chính mình thôi. Đôi khi không làm gì cũng là một lựa chọn đúng đắn. Mình ở đây nếu bạn cần nói chuyện.
"chưa học chữ nào mà mai thi r, ae ơi không bt làm sao 🥲",lo_au,Học tập,casual,"bình tĩnh đi bạn ơi, lo nhiều cũng không giải quyết được gì thêm đâu nha. đừng nhìn cả đống cùng lúc, từng bước nhỏ thôi! mọi chuyện rồi sẽ qua thôi 💪"
Ủa được giao nhiệm vụ mới thú vị hơn 😌,hy_vong,Công việc,casual,wow nhìn thấy vậy vui ghê! mình cũng tin vào bạn nha~ chúc mọi thứ diễn ra suôn sẻ nhé ✨ cổ vũ bạn 100% nè! 🤞
"khối lượng công việc ngập đầu không biết bắt đầu từ đâu, mn ơi không biết làm sao ...",lo_au,Công việc,deep,Lo âu như vậy thực sự rất nặng nề. Cảm giác không chắc chắn đó rất thật và rất khó chịu. Hãy thử chia nhỏ vấn đề ra và xử lý từng phần — bạn sẽ cảm thấy kiểm soát được hơn. Mình tin bạn sẽ vượt qua được.
"công việc ổn định, không có gì nhiều để kể, trời ơi không bt làm sao 😐",trung_tinh,Công việc,deep,Đôi khi những ngày bình thường lại có giá trị riêng. Những lúc yên ổn như vậy thường là cơ hội tốt để dừng lại và lắng nghe bản thân. Hãy để tâm trí được nghỉ ngơi — nó cũng cần được nạp lại. Chỉ cần là chính mình là đủ rồi.
"Làm lành vs người thân sau trận cãi, tớ không bt làm sao 🥰",vui,Tình cảm,casual,"hết sẩy! nghe mà vui lây =)) lưu khoảnh khắc này lại, sau nhìn lại vẫn còn vui mà. tiếp tục phát huy nhé!"
"vừa xa nhà lâu wa nhớ mọi người xong, buồn ghê",buon,Gia đình,casual,ôm bạn nè 🥺 buồn như vậy thì ai cũng cần được chia sẻ mà. ra ngoài đi dạo một chút cho thoáng đầu nhé. rồi sẽ qua thôi bạn ơi.
Mình nhìn lại năm qua thấy chẳng đạt được gì 😞,buon,Cuộc sống,casual,"ôi buồn quá, buồn như vậy thì ai cũng cần được chia sẻ mà. ăn gì ngon ngon đi, tự thưởng cho bản thân xíu. rồi sẽ qua thôi bạn ơi."
"vừa yêu thật lòng mà khum đc đáp lại xong, lo ghê haizzz",that_vong,Tình cảm,casual,"nặng lòng ghê, mình hiểu cảm giác đó, không dễ gì nuốt được đâu. đừng để thất vọng lần này định nghĩa mình, ok không? bạn vẫn ổn mà, cứ tiến lên thôi! 💪"
"Tui có kế hoạch cụ thể rồi, cảm thấy tự tin hơn",hy_vong,Cuộc sống,casual,"tuyệt vời đó bạn! cứ giữ năng lượng đó nhé, mọi thứ đang đi đúng hướng rồi! chúc mọi thứ diễn ra suôn sẻ nhé ✨ tiến lên thôi!"
Hôm nay bị overthinking cả đêm ngủ ko được ...,lo_au,Cuộc sống,casual,"từ từ nào! mình hiểu cảm giác đó lắm! cứ làm hết sức thôi, kết quả đến sau nha~ ổn thôi bạn ơi!"
"thiệt tình sếp khen project mới trước toàn công ty, chán",vui,Công việc,casual,trời ơi hay quá vậy?! nghe mà vui lây =)) tự thưởng cho mình đi nào~ mình vui cho bạn lắm!
"thiệt tình bị người thân không ủng hộ điều mình tin tưởng, chán haizzz",that_vong,Tình cảm,casual,"ugh biết cảm giác đó rồi, thất vọng kiểu này thật sự khó chịu lắm. coi như bài học đắt giá nghen! bạn vẫn ổn mà, cứ tiến lên thôi! 💪"
Ae ơi đang bị cố gắng hết sức mà kết quả vẫn ko như kỳ vọng nè ugh,that_vong,Công việc,casual,"nặng lòng ghê, không phải lỗi của mình đâu nha. đừng để thất vọng lần này định nghĩa mình, ok không? rồi sẽ tốt hơn thôi bạn ơi."
Tớ nộp hồ sơ học bổng và đang chờ kết quả 😌,hy_vong,Học tập,casual,tuyệt vời đó bạn! kế hoạch rõ ràng rồi thì cứ thế mà tiến thôi! chúc mọi thứ diễn ra suôn sẻ nhé ✨ cổ vũ bạn 100% nè! 🤞
"Ae tư vấn giúp, đc chọn vào đội tuyển nghiên cứu thì nên làm sao 🎉",vui,Học tập,casual,"hết sẩy! mình tự hào về bạn ghê nơi ✨ lưu khoảnh khắc này lại, sau nhìn lại vẫn còn vui mà. giữ phong độ nhé bạn ơi!"
"vừa lo mối quan hệ đang dần nhạt đi xong, hy vọng ghê",lo_au,Tình cảm,deep,Lo âu như vậy thực sự rất nặng nề. Đây là phản ứng bình thường khi đối mặt với áp lực lớn. Hít thở sâu và bắt đầu từ điều nhỏ nhất có thể làm ngay hôm nay. Bạn không cần giải quyết tất cả cùng lúc đâu.
"vừa làm lành với người thân sau trận cãi xong, tức ghê 🎉",vui,Tình cảm,casual,wow xịn xò vậy! mình tự hào về bạn ghê nơi ✨ cứ đà này thì ngon lành luôn! chúc mừng bạn nha 🥳
Trời ơi người yêu liên tục đến trễ mà không xin lỗi 😤,gian_du,Bạn bè / Người thân,casual,ugh tức thật! đúng là vô lý không chịu được. xả ra bằng cách đi dạo hoặc nghe nhạc to đi! không đáng mất sức đâu bạn ơi 😤
"Vừa đặt nhiều kỳ vọng vào người ấy mà họ k quan tâm xong, lo ghê ugh",that_vong,Tình cảm,deep,Thất vọng sau khi đặt cả tâm sức — cảm giác đó rất nặng. Cảm giác hẫng hụt là rất thật và đáng được thừa nhận. Đừng vội kết luận về bản thân chỉ vì một kết quả chưa như ý. Thất vọng không phải điểm kết thúc — hãy tiếp tục.
"Thiệt tình đặt nhiều kỳ vọng vào người ấy mà họ k quan tâm, chán",that_vong,Tình cảm,casual,"nặng lòng ghê, không phải lỗi của mình đâu nha. coi như bài học đắt giá nghen! mình tin bạn sẽ vượt qua được."
"chia tay xong cứ thấy trống rỗng, nói thật là không biết làm sao 💔",buon,Tình cảm,casual,"ôm bạn nè 🥺 cảm giác đó nặng lắm, mình hiểu. bật phim hoặc nhạc chill đi nào! mình ở đây nghe bạn kể nhé~"
"Làm đúng quy trình mà vẫn bị chỉ trích, chời ơi khum biết làm sao",that_vong,Công việc,casual,"ugh biết cảm giác đó rồi, thất vọng kiểu này thật sự khó chịu lắm. thử nhìn lại mình học được gì từ lần này nhé. mình tin bạn sẽ vượt qua được."
"ko biết mk đang đi đúng hướng không, mình không biết làm sao 😱",lo_au,Cuộc sống,casual,"hít thở sâu nào 😅 thấy lo như vậy là bình thường mà. cứ làm hết sức thôi, kết quả đến sau nha~ ổn thôi bạn ơi!"
hôm nay thất bại lần này sau khi đã chuẩn bị rất kỹ ugh,that_vong,Bản thân,casual,"nghe mà buồn cho bạn quá 💔 kỳ vọng lớn mà bị hẫng thì đau thiệt. đừng để thất vọng lần này định nghĩa mình, ok không? rồi sẽ tốt hơn thôi bạn ơi."
"Được chọn vào đội tuyển nghiên cứu, nói thật là ko biết làm sao =))",vui,Học tập,casual,yayyy 🎉🎉 kết quả xứng đáng với cố gắng của bạn rồi đó! tự thưởng cho mình đi nào~ giữ phong độ nhé bạn ơi!
Ủa đang bị bài thi được điểm cao ngoài mong đợi nè =)),vui,Học tập,casual,trời ơi hay quá vậy?! nghe mà vui lây =)) nhớ chia sẻ niềm vui với người thân nha! mình vui cho bạn lắm!
"sếp khen project mới trước toàn công ty, mk khum bt làm sao 🎉",vui,Công việc,casual,wow xịn xò vậy! kết quả xứng đáng với cố gắng của bạn rồi đó! cứ đà này thì ngon lành luôn! mình vui cho bạn lắm!
Mn ơi đang bị yêu thật lòng mà không được đáp lại nè ugh,that_vong,Tình cảm,casual,"haizzz đặt kỳ vọng cao rồi bị hẫng đau lắm, mình hiểu cảm giác đó, không dễ gì nuốt được đâu. thử nhìn lại mình học được gì từ lần này nhé. mình tin bạn sẽ vượt qua được."
"Thiệt tình ông bà mất, để lại khoảng trống khum bù được, chán 😔",buon,Gia đình,casual,"haizzz nghe mà thương ghê, cảm giác đó nặng lắm, mình hiểu. gọi cho bạn thân tâm sự đi, đừng ôm một mình. có mình nè, đừng lo."
Mk yêu thật lòng mà không dc đáp lại 💔,that_vong,Tình cảm,casual,"nặng lòng ghê, kỳ vọng lớn mà bị hẫng thì đau thiệt. thử nhìn lại mình học được gì từ lần này nhé. rồi sẽ tốt hơn thôi bạn ơi."
Trời ơi đang bị sắp trả tiền trọ mà lương chưa về nè 🥲,lo_au,Cuộc sống,casual,"ôi thôi ai gặp chuyện đó cũng rén thôi. thử tắt điện thoại một lúc, focus vào 1 việc thôi. ổn thôi bạn ơi!"
Mình đang bị bắt đầu một thói quen mới và duy trì được 2 tuần rùi nè 🤞,hy_vong,Cuộc sống,deep,"Thật đáng quý khi bạn vẫn giữ được cái nhìn tích cực này. Cảm giác bắt đầu thấy ánh sáng ở cuối đường hầm rất đáng trân trọng. Đừng so sánh tiến độ của mình với người khác — hành trình của bạn là của riêng bạn. Cứ tiến lên, mình cổ vũ bạn."
Hôm nay hi vọng nhiều rồi nhận kết quả ngược lại ugh,that_vong,Cuộc sống,casual,"haizzz đặt kỳ vọng cao rồi bị hẫng đau lắm, thất vọng kiểu này thật sự khó chịu lắm. đừng để thất vọng lần này định nghĩa mình, ok không? bạn vẫn ổn mà, cứ tiến lên thôi! 💪"
hôm nay taxi chặt chém gấp đôi giá lúc đang vội 💢,gian_du,Giao thông,casual,"trời ơi nghe mà tức dùm á 😡 đúng là vô lý không chịu được. bơ đi mà sống, năng lượng của mình quý hơn chứ. mình tin bạn sẽ xử lý được thôi."
Hôm nay áp lực kpi tháng này cao quá ...,lo_au,Công việc,casual,"hít thở sâu nào 😅 ai gặp chuyện đó cũng rén thôi. đừng nhìn cả đống cùng lúc, từng bước nhỏ thôi! mình tin bạn làm được mà~"
Hôm nay ship đồ ăn thiếu món mà khum chịu hoàn tiền 🔥,gian_du,Dịch vụ,casual,đúng là củ chuối không chịu được 🤬 nghe mà mình cũng bực lây nè. xả ra bằng cách đi dạo hoặc nghe nhạc to đi! không đáng mất sức đâu bạn ơi 😤
Ae ơi đang bị xa nhà lâu quá nhớ mọi người nè haiz,buon,Gia đình,deep,Mình rất tiếc khi nghe điều này. Buồn như vậy là hoàn toàn bình thường — đừng cố kìm lại. Đôi khi viết ra cảm xúc cũng giúp nhẹ lòng hơn nhiều. Thời gian sẽ chữa lành mọi thứ.
Tớ ship đồ ăn thiếu món mà kh chịu hoàn tiền 💢,gian_du,Dịch vụ,casual,"đúng là củ chuối không chịu được 🤬 tức như vậy là phải rồi. thả lỏng ra đi, đừng để nó chiếm hết ngày của mình. mình tin bạn sẽ xử lý được thôi."
"ae tư vấn giúp, khối lượng công việc ngập đầu không bt bắt đầu từ đâu thì nên làm sao 😱",lo_au,Công việc,deep,Mình nghe thấy sự lo lắng của bạn. Cảm giác bất an đó rất thật và rất khó chịu. Nói chuyện với người tin tưởng — đôi khi chỉ cần được lắng nghe là nhẹ hơn nhiều. Từng bước nhỏ vẫn là tiến về phía trước.
"Cố gắng hết sức mà kết quả vẫn không như kỳ vọng, dạo này không biết làm sao 😞",that_vong,Công việc,casual,"nghe mà buồn cho bạn quá 💔 mình hiểu cảm giác đó, không dễ gì nuốt được đâu. reset lại đi bạn, rồi thứ tốt hơn sẽ đến thôi~ bạn vẫn ổn mà, cứ tiến lên thôi! 💪"
Trời ơi được giao nhiệm vụ mới thú vị hơn 🌱,hy_vong,Công việc,casual,ôi nghe mà có động lực lây luôn á 🌱 kế hoạch rõ ràng rồi thì cứ thế mà tiến thôi! cứ từng bước nhỏ là đủ rồi! tiến lên thôi!
"ae tư vấn giúp, tìm đc quán cà phê ưng ý mới thì nên làm sao 🤩",vui,Cuộc sống,casual,"hết sẩy! mình tự hào về bạn ghê nơi ✨ lưu khoảnh khắc này lại, sau nhìn lại vẫn còn vui mà. chúc mừng bạn nha 🥳"
"Không bt mình có đủ năng lực cho vị trí mới không, mn ơi không biết làm sao 😱",lo_au,Công việc,casual,"bình tĩnh đi bạn ơi, mình hiểu cảm giác đó lắm! đừng nhìn cả đống cùng lúc, từng bước nhỏ thôi! mình tin bạn làm được mà~"
"thiệt tình hôm nay họp nhiều, kh có gì nổi bật, chán ...",trung_tinh,Công việc,casual,"bình bình vậy cũng ổn mà, không phải lúc nào cũng cần có gì to tát đâu, ngày bình thường cũng có cái hay của nó. ngày bình thường cũng nạp năng lượng được mà 😌 bình yên nhé bạn ơi~"
"Ae tư vấn giúp, ship đồ ăn thiếu món mà ko chịu hoàn tiền thì nên làm sao 😡",gian_du,Dịch vụ,casual,trời ơi nghe mà tức dùm á 😡 ai gặp cũng điên tiết thôi bạn ơi. xả ra bằng cách đi dạo hoặc nghe nhạc to đi! không đáng mất sức đâu bạn ơi 😤
"Hi vọng nhiều rùi nhận kết quả ngược lại, tớ kh bt làm sao 😶",that_vong,Cuộc sống,casual,"nghe mà buồn cho bạn quá 💔 mình hiểu cảm giác đó, không dễ gì nuốt được đâu. reset lại đi bạn, rồi thứ tốt hơn sẽ đến thôi~ bạn vẫn ổn mà, cứ tiến lên thôi! 💪"
Tui đang bị vừa tìm ra phương pháp học mới hiệu quả hơn nè 🤞,hy_vong,Học tập,casual,ôi nghe mà có động lực lây luôn á 🌱 kế hoạch rõ ràng rồi thì cứ thế mà tiến thôi! chúc mọi thứ diễn ra suôn sẻ nhé ✨ mình chờ nghe tin vui từ bạn nhé~
"Bạn bè lúc khó khăn thì không ai xuất hiện, mn ơi không bt làm sao ugh",that_vong,Tình cảm,deep,Mình nghe bạn và thấy điều này không dễ dàng chút nào. Cảm giác hẫng hụt là rất thật và đáng được thừa nhận. Nhìn lại xem mình học được gì từ lần này — bài học thường nằm ở đây. Thất vọng không phải điểm kết thúc — hãy tiếp tục.
"Cố gắng cả năm nhưng ko đc thăng chức, nói thật là không biết làm sao",buon,Công việc,casual,"haizzz nghe mà thương ghê, buồn như vậy thì ai cũng cần được chia sẻ mà. buồn thì cứ khóc ra cho nhẹ lòng, đừng giữ trong bụng. mình ở đây nghe bạn kể nhé~"
"Vừa ba mẹ cứ cãi nhau và có vẻ sắp ly hôn xong, tức ghê 😞",buon,Gia đình,casual,"ôi buồn quá, buồn như vậy thì ai cũng cần được chia sẻ mà. gọi cho bạn thân tâm sự đi, đừng ôm một mình. mình ở đây nghe bạn kể nhé~"
"Cảm giác mối quan hệ đang ấm lên dần, hôm nay không biết làm sao",hy_vong,Tình cảm,deep,"Hy vọng là thứ rất quý — và bạn đang có nó. Bạn đang ở đúng nơi cần phải có để tiếp tục tiến lên. Hãy giữ vững kế hoạch đó và bước từng bước thật chắc. Cứ tiến lên, mình cổ vũ bạn."
hôm nay cố gắng thay đổi bản thân mà cứ quay về điểm cũ haizzz,that_vong,Bản thân,casual,nghe mà buồn cho bạn quá 💔 kỳ vọng lớn mà bị hẫng thì đau thiệt. coi như bài học đắt giá nghen! mình tin bạn sẽ vượt qua được.
"ae tư vấn giúp, lương về rồi thì nên làm sao ✨",vui,Cuộc sống,casual,hết sẩy! mình tự hào về bạn ghê nơi ✨ nhớ chia sẻ niềm vui với người thân nha! mình vui cho bạn lắm!
"vừa dự án tâm huyết bị hủy bỏ phút chót xong, thất vọng ghê 😔",buon,Công việc,casual,"haizzz nghe mà thương ghê, đừng cố tỏ ra ổn, có mình ở đây nè. bật phim hoặc nhạc chill đi nào! mai lại oke thôi! 💙"
"thiệt tình khum biết người ấy có thật sự thích mk không, chán 😱",lo_au,Tình cảm,casual,ôi thôi thấy lo như vậy là bình thường mà. ghi ra giấy hết những gì đang lo rồi ưu tiên từng cái. mọi chuyện rồi sẽ qua thôi 💪
"khum về kịp gặp người thân lần cuối, ngl không bt làm sao",buon,Gia đình,deep,Mình ở đây lắng nghe bạn. Buồn như vậy là hoàn toàn bình thường — đừng cố kìm lại. Đôi khi viết ra cảm xúc cũng giúp nhẹ lòng hơn nhiều. Không cần phải ổn ngay đâu.
"Áp lực kpi tháng này cao quá, ủa khum biết làm sao 😥",lo_au,Công việc,casual,"ôi thôi lo nhiều cũng không giải quyết được gì thêm đâu nha. đừng nhìn cả đống cùng lúc, từng bước nhỏ thôi! mọi chuyện rồi sẽ qua thôi 💪"
hôm nay bị hứa thưởng nhưng cuối năm lại không có 😞,that_vong,Công việc,casual,"haizzz đặt kỳ vọng cao rồi bị hẫng đau lắm, mình hiểu cảm giác đó, không dễ gì nuốt được đâu. coi như bài học đắt giá nghen! bạn vẫn ổn mà, cứ tiến lên thôi! 💪"
"Thiệt tình khách hàng gửi email khen ngợi mk, chán ✨",vui,Công việc,casual,trời ơi hay quá vậy?! mình tự hào về bạn ghê nơi ✨ nhớ chia sẻ niềm vui với người thân nha! giữ phong độ nhé bạn ơi!
Tớ đang bị nghe bản nhạc cũ bỗng nhớ kỷ niệm xưa nè 💔,buon,Cuộc sống,casual,"trời ơi nghe mà tủi thân giùm 😢 buồn như vậy thì ai cũng cần được chia sẻ mà. gọi cho bạn thân tâm sự đi, đừng ôm một mình. mai lại oke thôi! 💙"
"thiệt tình xa nhà lâu wa nhớ mọi người, chán 💔",buon,Gia đình,casual,"trời ơi nghe mà tủi thân giùm 😢 cảm giác đó nặng lắm, mình hiểu. gọi cho bạn thân tâm sự đi, đừng ôm một mình. mai lại oke thôi! 💙"
Hôm nay khối lượng công việc ngập đầu khum biết bắt đầu từ đâu 🥲,lo_au,Công việc,casual,"hít thở sâu nào 😅 ai gặp chuyện đó cũng rén thôi. thử tắt điện thoại một lúc, focus vào 1 việc thôi. mọi chuyện rồi sẽ qua thôi 💪"
"Ae tư vấn giúp, bạn bè lúc khó khăn thì không ai xuất hiện thì nên làm sao 😶",that_vong,Tình cảm,casual,"ugh biết cảm giác đó rồi, thất vọng kiểu này thật sự khó chịu lắm. reset lại đi bạn, rồi thứ tốt hơn sẽ đến thôi~ bạn vẫn ổn mà, cứ tiến lên thôi! 💪"
"Ae tư vấn giúp, tự nhiên ngồi nhìn ra cửa sổ và nghĩ linh tinh thì nên làm sao ...",trung_tinh,Suy nghĩ,deep,Trạng thái trung dung cũng là một phần bình thường của cuộc sống. Bình yên cũng là một trạng thái đáng trân trọng. Hãy để tâm trí được nghỉ ngơi một chút. Chỉ cần là chính mình là đủ rồi.
Dạo này đang bị đặt nhiều kỳ vọng vào người ấy mà họ ko quan tâm nè 😞,that_vong,Tình cảm,casual,"ugh biết cảm giác đó rồi, kỳ vọng lớn mà bị hẫng thì đau thiệt. đừng để thất vọng lần này định nghĩa mình, ok không? rồi sẽ tốt hơn thôi bạn ơi."
Mk nhìn lại năm qua thấy chẳng đạt dc gì 😞,buon,Cuộc sống,casual,"haizzz nghe mà thương ghê, đừng cố tỏ ra ổn, có mình ở đây nè. buồn thì cứ khóc ra cho nhẹ lòng, đừng giữ trong bụng. có mình nè, đừng lo."
Nói thật là mượn đồ lâu r không trả mà còn tỏ ra bình thường 💢,gian_du,Bạn bè / Người thân,casual,"bực ghê nơi! nghe mà mình cũng bực lây nè. bơ đi mà sống, năng lượng của mình quý hơn chứ. thôi bỏ qua cho nhẹ đầu nhé!"
"Ae tư vấn giúp, ôn thi xong cảm thấy tự tin hơn nhiều thì nên làm sao 🤞",hy_vong,Học tập,casual,xịn lắm nè! hy vọng như vậy là động lực để tiến lên đó! cứ từng bước nhỏ là đủ rồi! tiến lên thôi!
"nhìn lại năm qua thấy chẳng đạt được gì, trời ơi không bt làm sao 😞",buon,Cuộc sống,casual,"trời ơi nghe mà tủi thân giùm 😢 cảm giác đó nặng lắm, mình hiểu. ra ngoài đi dạo một chút cho thoáng đầu nhé. mai lại oke thôi! 💙"
hôm nay gặp ng mới và cảm giác có điểm chung 🤞,hy_vong,Tình cảm,casual,"xịn lắm nè! cứ giữ năng lượng đó nhé, mọi thứ đang đi đúng hướng rồi! chúc mọi thứ diễn ra suôn sẻ nhé ✨ tiến lên thôi!"
"Vừa khum vui không buồn, cứ trôi qua thôi xong, hy vọng ghê",trung_tinh,Cuộc sống,casual,"à ra vậy, cứ để ngày trôi qua tự nhiên thôi, không cần rush. ngày bình thường cũng nạp năng lượng được mà 😌 ngày mai sẽ có nhiều chuyện hay hơn nha!"
"vừa tự nhiên ngồi nhìn ra cửa sổ và nghĩ linh tinh xong, thất vọng ghê ...",trung_tinh,Suy nghĩ,casual,"hmmm thế thì cũng oke nha, đôi khi yên ổn cũng là một loại hạnh phúc đó! tận hưởng sự bình lặng đó đi bạn ơi. ngày mai sẽ có nhiều chuyện hay hơn nha!"
"Vừa khối lượng công việc ngập đầu k biết bắt đầu từ đâu xong, buồn ghê huhu",lo_au,Công việc,casual,"oke oke, mình hiểu cảm giác đó lắm! uống ly nước rồi chia nhỏ vấn đề ra xử lý từng cái nhé! cố lên nhé!"
Dạo này dc thăng chức sau kỳ đánh giá 😆,vui,Công việc,casual,đỉnh của chóp luôn á!! kết quả xứng đáng với cố gắng của bạn rồi đó! tự thưởng cho mình đi nào~ tiếp tục phát huy nhé!
"Vừa khách hàng gửi email khen ngợi mk xong, lo ghê 🎉",vui,Công việc,casual,wow xịn xò vậy! mình tự hào về bạn ghê nơi ✨ tự thưởng cho mình đi nào~ chúc mừng bạn nha 🥳
Hôm nay cảm giác mối quan hệ đang ấm lên dần 🙏,hy_vong,Tình cảm,casual,"ôi nghe mà có động lực lây luôn á 🌱 mình cũng tin vào bạn nha~ chia sẻ kế hoạch này với người thân, được ủng hộ thêm sẽ vững hơn. mình chờ nghe tin vui từ bạn nhé~"
Tao tự nhiên ngồi nhìn ra cửa sổ và nghĩ linh tinh 😐,trung_tinh,Suy nghĩ,casual,aha hiểu rồi! đôi khi yên ổn cũng là một loại hạnh phúc đó! tận hưởng sự bình lặng đó đi bạn ơi. 🙂
Ủa lương về rùi 🥰,vui,Cuộc sống,casual,yayyy 🎉🎉 nghe mà vui lây =)) ăn gì ngon ngon ăn mừng đi! giữ phong độ nhé bạn ơi!
Chời ơi nhìn lại năm qua thấy chẳng đạt dc gì haiz,buon,Cuộc sống,casual,"trời ơi nghe mà tủi thân giùm 😢 cảm giác đó nặng lắm, mình hiểu. ra ngoài đi dạo một chút cho thoáng đầu nhé. mình ở đây nghe bạn kể nhé~"
"Mn ơi đang bị ông bà mất, để lại khoảng trống không bù được nè haiz",buon,Gia đình,casual,"trời ơi nghe mà tủi thân giùm 😢 đừng cố tỏ ra ổn, có mình ở đây nè. buồn thì cứ khóc ra cho nhẹ lòng, đừng giữ trong bụng. mình ở đây nghe bạn kể nhé~"
Hôm nay tìm đc quán cà phê ưng ý mới,vui,Cuộc sống,casual,yayyy 🎉🎉 mình tự hào về bạn ghê nơi ✨ tự thưởng cho mình đi nào~ giữ phong độ nhé bạn ơi!
"vừa đang xem phim nhưng ko có cảm xúc gì mạnh xong, bình thường ghê 😐",trung_tinh,Suy nghĩ,casual,"hmmm thế thì cũng oke nha, không phải lúc nào cũng cần có gì to tát đâu. nếu cần tâm sự thì mình ở đây~ ngày mai sẽ có nhiều chuyện hay hơn nha!"
"Vừa con mèo nuôi nhiều năm vừa ra đi xong, thất vọng ghê 😔",buon,Cuộc sống,casual,"ôi buồn quá, đừng cố tỏ ra ổn, có mình ở đây nè. gọi cho bạn thân tâm sự đi, đừng ôm một mình. rồi sẽ qua thôi bạn ơi."
Tớ sếp ép deadline vô lý không có lý do 😡,gian_du,Công việc,casual,"bực ghê nơi! nghe mà mình cũng bực lây nè. thả lỏng ra đi, đừng để nó chiếm hết ngày của mình. thôi bỏ qua cho nhẹ đầu nhé!"
"Tự nhiên ngồi nhìn ra cửa sổ và nghĩ linh tinh, dạo này không bt làm sao",trung_tinh,Suy nghĩ,deep,Đôi khi những ngày bình thường lại có giá trị riêng. Những lúc yên ổn như vậy thường là cơ hội tốt để dừng lại và lắng nghe bản thân. Hãy để tâm trí được nghỉ ngơi — nó cũng cần được nạp lại. Mình ở đây nếu bạn cần nói chuyện.
"Chời ơi đang bị có kế hoạch cụ thể rùi, cảm thấy tự tin hơn nè 🌱",hy_vong,Cuộc sống,casual,"xịn lắm nè! mình cũng tin vào bạn và kế hoạch này nha~ chia sẻ kế hoạch với người thân, được ủng hộ thêm sẽ vững hơn. mình chờ nghe tin vui từ bạn nhé~"
"Vừa cảm giác mối quan hệ đang ấm lên dần xong, lo ghê 🌱",hy_vong,Tình cảm,casual,wow nhìn thấy vậy vui ghê! mình cũng tin vào bạn và kế hoạch này nha~ cứ từng bước nhỏ là đủ rồi! tiến lên thôi!
"thiệt tình con mèo nuôi nhiều năm vừa ra đi, chán",buon,Cuộc sống,casual,"trời ơi nghe mà tủi thân giùm 😢 cảm giác đó nặng lắm, mình hiểu. bật phim hoặc nhạc chill đi nào! rồi sẽ qua thôi bạn ơi."
"Ae tư vấn giúp, chưa học chữ nào mà mai thi rùi thì nên làm sao 😱",lo_au,Học tập,casual,"oke oke, ai gặp chuyện đó cũng rén thôi. uống ly nước rồi chia nhỏ vấn đề ra xử lý từng cái nhé! cố lên nhé!"
Mk đang bị lo bảo vệ luận văn bị giáo viên phản biện nặng nè huhu,lo_au,Học tập,casual,hít thở sâu nào 😅 mình hiểu cảm giác đó lắm! uống ly nước rồi chia nhỏ vấn đề ra xử lý từng cái nhé! cố lên nhé!
"thiệt tình bị cắt mặt suýt gây tai nạn mà k xin lỗi, chán 🔥",gian_du,Giao thông,casual,bực ghê nơi! đúng là vô lý không chịu được. uống ngụm nước lạnh đi rồi bơ nó ra! không đáng mất sức đâu bạn ơi 😤
"Vừa được thăng chức sau kỳ đánh giá xong, bình thường ghê =))",vui,Công việc,casual,yayyy 🎉🎉 mình tự hào về bạn ghê nơi ✨ nhớ chia sẻ niềm vui với người thân nha! chúc mừng bạn nha 🥳
"vừa sợ bị sếp đánh giá thấp trong kỳ review xong, thất vọng ghê 😰",lo_au,Công việc,casual,ôi thôi ai gặp chuyện đó cũng rén thôi. ghi ra giấy hết những gì đang lo rồi ưu tiên từng cái. ổn thôi bạn ơi!
"thiệt tình pass môn khó nhất học kỳ, chán =))",vui,Học tập,casual,trời ơi hay quá vậy?! xứng đáng lắm luôn! nhớ chia sẻ niềm vui với người thân nha! tiếp tục phát huy nhé!
"thiệt tình đợi mãi một cơ hội mà nó không đến, chán ugh",that_vong,Cuộc sống,deep,Mình nghe bạn và thấy điều này không dễ dàng chút nào. Kỳ vọng bị phá vỡ luôn để lại dấu ấn sâu. Nhìn lại xem mình học được gì từ lần này — bài học thường nằm ở đây. Mình tin bạn sẽ tìm ra hướng đi phù hợp hơn.
"vừa làm đúng quy trình mà vẫn bị chỉ trích xong, buồn ghê 😞",that_vong,Công việc,casual,"ugh biết cảm giác đó rồi, không phải lỗi của mình đâu nha. đừng để thất vọng lần này định nghĩa mình, ok không? mình tin bạn sẽ vượt qua được."
Trời ơi đang bị đồng nghiệp thân nhất vừa nghỉ việc nè 🥀,buon,Công việc,casual,"haizzz nghe mà thương ghê, buồn như vậy thì ai cũng cần được chia sẻ mà. bật phim hoặc nhạc chill đi nào! rồi sẽ qua thôi bạn ơi."
"Sắp tới deadline mà chưa làm đc gì, trời ơi ko biết làm sao",lo_au,Công việc,casual,"oke oke, overthinking kiểu này mệt lắm đúng không? cứ làm hết sức thôi, kết quả đến sau nha~ ổn thôi bạn ơi!"
Hôm nay nhớ ng yêu cũ khi trời mưa haiz,buon,Tình cảm,casual,"trời ơi nghe mà tủi thân giùm 😢 buồn như vậy thì ai cũng cần được chia sẻ mà. gọi cho bạn thân tâm sự đi, đừng ôm một mình. mình ở đây nghe bạn kể nhé~"
"Ae tư vấn giúp, chốt hợp đồng lớn sau bao ngày nỗ lực thì nên làm sao =))",vui,Công việc,casual,yayyy 🎉🎉 nghe mà vui lây =)) tự thưởng cho mình đi nào~ giữ phong độ nhé bạn ơi!
Dạo này đang bị dự án mới bắt đầu và cảm giác rất tiềm năng nè,hy_vong,Công việc,casual,ôi nghe mà có động lực lây luôn á 🌱 kế hoạch rõ ràng rồi thì cứ thế mà tiến thôi! cứ từng bước nhỏ là đủ rồi! tiến lên thôi!
Ae ơi đang bị đang cân nhắc chuyện đổi việc nhưng chưa quyết nè,trung_tinh,Công việc,casual,aha hiểu rồi! đôi khi yên ổn cũng là một loại hạnh phúc đó! tận hưởng sự bình lặng đó đi bạn ơi. 🙂
"bạn thân sắp chuyển đi xa, tớ không biết làm sao haiz",buon,Tình cảm,casual,"ôi buồn quá, buồn như vậy thì ai cũng cần được chia sẻ mà. gọi cho bạn thân tâm sự đi, đừng ôm một mình. có mình nè, đừng lo."
"Vừa ship đồ ăn thiếu món mà ko chịu hoàn tiền xong, buồn ghê 😤",gian_du,Dịch vụ,casual,bực ghê nơi! nghe mà mình cũng bực lây nè. uống ngụm nước lạnh đi rồi bơ nó ra! thôi bỏ qua cho nhẹ đầu nhé!
hôm nay crush vừa công khai ng yêu mới 😞,buon,Tình cảm,casual,"ôm bạn nè 🥺 đừng cố tỏ ra ổn, có mình ở đây nè. ăn gì ngon ngon đi, tự thưởng cho bản thân xíu. mình ở đây nghe bạn kể nhé~"
Dạo này người yêu tặng quà bất ngờ 😆,vui,Tình cảm,deep,Thật tuyệt vời khi nghe điều này. Những nỗ lực của bạn đã được đền đáp xứng đáng. Dùng động lực từ thành công này để tiếp tục những mục tiêu tiếp theo. Mình tin đây chỉ là bước đầu trong hành trình dài.
Ủa đang bị bạn bè lúc khó khăn thì ko ai xuất hiện nè ugh,that_vong,Tình cảm,casual,"ugh biết cảm giác đó rồi, kỳ vọng lớn mà bị hẫng thì đau thiệt. đừng để thất vọng lần này định nghĩa mình, ok không? rồi sẽ tốt hơn thôi bạn ơi."
"thiệt tình lương về rồi, chán 🥰",vui,Cuộc sống,casual,đỉnh của chóp luôn á!! xứng đáng lắm luôn! cứ đà này thì ngon lành luôn! tiếp tục phát huy nhé!
hôm nay đang cân nhắc chuyện đổi việc nhưng chưa quyết 🙂,trung_tinh,Công việc,casual,"hmmm thế thì cũng oke nha, không phải lúc nào cũng cần có gì to tát đâu. nếu cần tâm sự thì mình ở đây~ 🙂"
"vừa hôm nay không có gì đặc biệt lắm xong, buồn ghê 🙂",trung_tinh,Cuộc sống,casual,"aha hiểu rồi! ngày bình thường mà, cũng có cái vui của nó. tận hưởng sự bình lặng đó đi bạn ơi. cứ thư giãn đi nhé~"
"Vừa đang xem phim nhưng kh có cảm xúc gì mạnh xong, lo ghê ...",trung_tinh,Suy nghĩ,casual,"à ra vậy, cứ để ngày trôi qua tự nhiên thôi, không cần rush. nếu cần tâm sự thì mình ở đây~ ngày mai sẽ có nhiều chuyện hay hơn nha!"
"Vừa không về kịp gặp người thân lần cuối xong, buồn ghê haiz",buon,Gia đình,casual,"trời ơi nghe mà tủi thân giùm 😢 cảm giác đó nặng lắm, mình hiểu. ra ngoài đi dạo một chút cho thoáng đầu nhé. mình ở đây nghe bạn kể nhé~"
"Ae tư vấn giúp, sắp tới deadline mà chưa làm đc gì thì nên làm sao huhu",lo_au,Công việc,casual,từ từ nào! thấy lo như vậy là bình thường mà. ghi ra giấy hết những gì đang lo rồi ưu tiên từng cái. cố lên nhé!
Nói thật là đặt mục tiêu cho năm này mà chẳng đạt được gì haizzz,that_vong,Bản thân,casual,"nặng lòng ghê, thất vọng kiểu này thật sự khó chịu lắm. đừng để thất vọng lần này định nghĩa mình, ok không? bạn vẫn ổn mà, cứ tiến lên thôi! 💪"
Tao bị người thân không ủng hộ điều mình tin tưởng 😞,that_vong,Tình cảm,deep,Mình nghe bạn và thấy điều này không dễ dàng chút nào. Kỳ vọng bị phá vỡ luôn để lại dấu ấn sâu. Đừng vội kết luận về bản thân chỉ vì một kết quả chưa như ý. Thất vọng không phải điểm kết thúc — hãy tiếp tục.
Tớ đang bị nghĩ về tương lai thấy mông lung quá nè 😥,lo_au,Cuộc sống,casual,ôi thôi ai gặp chuyện đó cũng rén thôi. ghi ra giấy những gì đang lo rồi ưu tiên từng cái. cố lên nhé!
"vừa lo bảo vệ luận văn bị giáo viên phản biện nặng xong, tức ghê 😱",lo_au,Học tập,casual,"ôi thôi lo nhiều cũng không giải quyết được gì thêm đâu nha. đừng nhìn cả đống cùng lúc, từng bước nhỏ thôi! mình tin bạn làm được mà~"
"thiệt tình dự án mới bắt đầu và cảm giác rất tiềm năng, chán ✨",hy_vong,Công việc,deep,Hy vọng là thứ rất quý — và bạn đang có nó. Cảm giác bắt đầu thấy ánh sáng ở cuối đường hầm rất đáng trân trọng. Hãy giữ vững kế hoạch đó và bước từng bước thật chắc. Hành trình đang đi đúng hướng rồi.
"thiệt tình ông bà mất, để lại khoảng trống không bù đc, chán 😞",buon,Gia đình,casual,"ôi buồn quá, nghe mà thương bạn lắm luôn. ăn gì ngon ngon đi, tự thưởng cho bản thân xíu. mình ở đây nghe bạn kể nhé~"
"vừa cố gắng hết sức mà kết quả vẫn k như kỳ vọng xong, bình thường ghê 😶",that_vong,Công việc,casual,"nặng lòng ghê, kỳ vọng lớn mà bị hẫng thì đau thiệt. thử nhìn lại mình học được gì từ lần này nhé. mình tin bạn sẽ vượt qua được."
"Thiệt tình đang suy nghĩ về một quyết định chưa biết nên làm hay k, chán",trung_tinh,Cuộc sống,casual,"aha hiểu rồi! ngày bình thường mà, cũng có cái vui của nó. nếu cần tâm sự thì mình ở đây~ 🙂"
"nhớ ng yêu cũ khi trời mưa, chời ơi không bt làm sao 😞",buon,Tình cảm,deep,"Mình ở đây lắng nghe bạn. Bạn không yếu đuối khi buồn — bạn rất can đảm khi chia sẻ điều này. Hãy cho phép bản thân cảm nhận nó, đừng vội ổn ngay. Mình luôn ở đây nếu bạn cần."
Ủa thất bại lần này sau khi đã chuẩn bị rất kỹ,that_vong,Bản thân,deep,Mình nghe bạn và thấy điều này không dễ dàng chút nào. Cảm giác hẫng hụt là rất thật và đáng được thừa nhận. Đừng vội kết luận về bản thân chỉ vì một kết quả chưa như ý. Mình tin bạn sẽ tìm ra hướng đi phù hợp hơn.
Mn ơi đang xem phim nhưng không có cảm xúc gì mạnh 🙂,trung_tinh,Suy nghĩ,casual,aha hiểu rồi! đôi khi yên ổn cũng là một loại hạnh phúc đó! nếu cần tâm sự thì mình ở đây~ 🙂
"Thiệt tình ng yêu liên tục đến trễ mà không xin lỗi, chán",gian_du,Bạn bè / Người thân,deep,"Cảm giác bất công đó rất thật. Đôi khi ranh giới cần được giữ vững và điều đó đúng. Sau khi bình tĩnh, nghĩ xem cách xử lý nào có lợi nhất cho bạn. Bạn không cần nuốt bực bội vào trong mãi."
Mình đang code xong thì cúp điện mất hết 😡,gian_du,Công việc,casual,"bực ghê nơi! ai gặp cũng điên tiết thôi bạn ơi. bơ đi mà sống, năng lượng của mình quý hơn chứ. không đáng mất sức đâu bạn ơi 😤"
"ship đồ ăn thiếu món mà kh chịu hoàn tiền, ủa không bt làm sao 😤",gian_du,Dịch vụ,casual,"trời ơi nghe mà tức dùm á 😡 nghe mà mình cũng bực lây nè. bơ đi mà sống, năng lượng của mình quý hơn chứ. không đáng mất sức đâu bạn ơi 😤"
hôm nay hàng giao sai size mà đổ lỗi do mk đặt nhầm 😡,gian_du,Dịch vụ,casual,"đúng là củ chuối không chịu được 🤬 ai gặp cũng điên tiết thôi bạn ơi. hít thở nào, giận quá dễ nói sai rồi hối hận =)) mình tin bạn sẽ xử lý được thôi."
"Thiệt tình bị overthinking cả đêm ngủ ko được, chán 😥",lo_au,Cuộc sống,casual,"từ từ nào! lo nhiều cũng không giải quyết được gì thêm đâu. thử tắt điện thoại một lúc, tập trung vào 1 việc thôi. mình tin bạn làm được mà~"
"Vừa tin tưởng đồng nghiệp mà bị phản bội xong, thất vọng ghê haizzz",that_vong,Công việc,casual,"haizzz đặt kỳ vọng cao rồi bị hẫng đau lắm, không phải lỗi của mình đâu nha. đừng để thất vọng lần này định nghĩa mình, ok không? rồi sẽ tốt hơn thôi bạn ơi."
"Người yêu liên tục đến trễ mà không xin lỗi, trời ơi không biết làm sao 💢",gian_du,Bạn bè / Người thân,casual,"trời ơi nghe mà tức dùm á 😡 đúng là vô lý không chịu được. bơ đi mà sống, năng lượng của mình quý hơn chứ. mình tin bạn sẽ xử lý được thôi."
"Ae tư vấn giúp, đang suy nghĩ về một quyết định chưa bt nên làm hay không thì nên làm sao 🙂",trung_tinh,Cuộc sống,deep,"Trạng thái trung dung cũng là một phần bình thường của cuộc sống. Không cần lúc nào cũng phải vui hoặc buồn — chỉ cần là chính mình thôi. Nếu bạn đang cân nhắc điều gì đó, hãy cho mình thêm thời gian suy nghĩ. Mình ở đây nếu bạn cần nói chuyện."
"Vừa đặt mục tiêu cho năm này mà chẳng đạt được gì xong, tức ghê",that_vong,Bản thân,casual,"nghe mà buồn cho bạn quá 💔 kỳ vọng lớn mà bị hẫng thì đau thiệt. đừng để thất vọng lần này định nghĩa mình, ok không? mình tin bạn sẽ vượt qua được."
"thiệt tình cố gắng thay đổi bản thân mà cứ quay về điểm cũ, chán 😞",that_vong,Bản thân,casual,"ugh biết cảm giác đó rồi, kỳ vọng lớn mà bị hẫng thì đau thiệt. đừng để thất vọng lần này định nghĩa mình, ok không? bạn vẫn ổn mà, cứ tiến lên thôi! 💪"
"Sắp trả tiền trọ mà lương chưa về, hôm nay không bt làm sao 😥",lo_au,Cuộc sống,casual,"hít thở sâu nào 😅 mình hiểu cảm giác đó lắm! thử tắt điện thoại một lúc, tập trung vào 1 việc thôi. mọi chuyện rồi sẽ qua thôi 💪"
"ae tư vấn giúp, sếp ép deadline vô lý không có lý do thì nên làm sao 😡",gian_du,Công việc,casual,"bực ghê nơi! tức như vậy là phải rồi. uống ngụm nước lạnh đi rồi bơ nó ra! giận xong thì thôi, đừng giữ mãi."
Chời ơi tài khoản cạn tiền mà tháng còn dài lắm ...,lo_au,Cuộc sống,deep,Mình nghe thấy sự lo lắng của bạn. Cảm giác bất an đó rất thật và rất khó chịu. Nói chuyện với người tin tưởng — đôi khi chỉ cần được lắng nghe là nhẹ hơn nhiều. Bạn không cần giải quyết tất cả cùng lúc đâu.
hôm nay bị người thân k ủng hộ điều mình tin tưởng haizzz,that_vong,Tình cảm,casual,"ugh biết cảm giác đó rồi, kỳ vọng lớn mà bị hẫng thì đau thiệt. coi như bài học đắt giá nghen! rồi sẽ tốt hơn thôi bạn ơi."
"Vừa nhớ ng yêu cũ khi trời mưa xong, thất vọng ghê haiz",buon,Tình cảm,casual,"trời ơi nghe mà tủi thân giùm 😢 đừng cố tỏ ra ổn, có mình ở đây nè. bật phim hoặc nhạc chill đi nào! rồi sẽ qua thôi bạn ơi."
"vừa cảm thấy cô đơn dù xung quanh có nhiều ng xong, lo ghê 😢",buon,Cuộc sống,casual,"ôm bạn nè 🥺 buồn như vậy thì ai cũng cần được chia sẻ mà. gọi cho bạn thân tâm sự đi, đừng ôm một mình. mình ở đây nghe bạn kể nhé~"
Hôm nay đc giao nhiệm vụ mới thú vị hơn 🙏,hy_vong,Công việc,casual,wow nhìn thấy vậy vui ghê! kế hoạch rõ ràng rồi thì cứ thế mà tiến thôi! cứ từng bước nhỏ là đủ rồi! cổ vũ bạn 100% nè! 🤞
"Bị kể chuyện riêng tư cho ng khác dù đã dặn giữ kín, tao không biết làm sao 😤",gian_du,Bạn bè / Người thân,casual,trời ơi nghe mà tức dùm á 😡 tức như vậy là phải rồi. xả ra bằng cách đi dạo hoặc nghe nhạc to đi! không đáng mất sức đâu bạn ơi 😤
"Thiệt tình bị đồng nghiệp nhận công của mình trước mặt sếp, chán 😡",gian_du,Công việc,casual,trời ơi nghe mà tức dùm á 😡 đúng là vô lý không chịu được. uống ngụm nước lạnh đi rồi bơ nó ra! thôi bỏ qua cho nhẹ đầu nhé!
"thiệt tình cảm thấy cô đơn dù xung quanh có nhiều ng, chán",buon,Cuộc sống,casual,"ôm bạn nè 🥺 cảm giác đó nặng lắm, mình hiểu. gọi cho bạn thân tâm sự đi, đừng ôm một mình. có mình nè, đừng lo."
"Ae tư vấn giúp, ship đồ ăn thiếu món mà khum chịu hoàn tiền thì nên làm sao 💢",gian_du,Dịch vụ,casual,"trời ơi nghe mà tức dùm á 😡 nghe mà mình cũng bực lây nè. bơ đi mà sống, năng lượng của mình quý hơn chứ. mình tin bạn sẽ xử lý được thôi."
"Khum theo kịp bài vở dạo này, mn ơi không bt làm sao huhu",lo_au,Học tập,casual,"hít thở sâu nào 😅 overthinking kiểu này mệt lắm đúng không? cứ làm hết sức thôi, kết quả đến sau nha~ mình tin bạn làm được mà~"
"Ae tư vấn giúp, cố gắng cả năm nhưng không được thăng chức thì nên làm sao",buon,Công việc,deep,Mình rất tiếc khi nghe bạn đang trải qua điều này. Bạn không yếu đuối khi buồn — bạn đang rất can đảm khi chia sẻ điều này. Đôi khi viết ra cảm xúc cũng giúp nhẹ lòng hơn rất nhiều. Không cần phải ổn ngay đâu.
Hôm nay đang code xong thì cúp điện mất hết 👊,gian_du,Công việc,casual,trời ơi nghe mà tức dùm á 😡 ai gặp cũng điên tiết thôi bạn ơi. uống ngụm nước lạnh đi rồi bơ nó ra! thôi bỏ qua cho nhẹ đầu nhé!
"Vừa con mèo nuôi nhiều năm vừa ra đi xong, lo ghê 😢",buon,Cuộc sống,casual,"ôi buồn quá, buồn như vậy thì ai cũng cần được chia sẻ mà. ăn gì ngon ngon đi, tự thưởng cho bản thân xíu. mai lại oke thôi! 💙"
"Tớ đang bị ngày bình thường, làm việc rùi về nè 🙂",trung_tinh,Cuộc sống,casual,"à ra vậy, ngày bình thường mà, cũng có cái vui của nó. nếu cần tâm sự thì mình ở đây~ 🙂"
Chời ơi k theo kịp bài vở dạo này huhu,lo_au,Học tập,casual,từ từ nào! ai gặp chuyện đó cũng rén thôi. ghi ra giấy hết những gì đang lo rồi ưu tiên từng cái. cố lên nhé!
Ngl đang bị sắp trả tiền trọ mà lương chưa về nè huhu,lo_au,Cuộc sống,casual,"từ từ nào! thấy lo như vậy là bình thường mà. thử tắt điện thoại một lúc, focus vào 1 việc thôi. cố lên nhé!"
Ủa tin vào ng mà cuối cùng bị lừa dối 💔,that_vong,Bản thân,casual,"ugh biết cảm giác đó rồi, không phải lỗi của mình đâu nha. coi như bài học đắt giá nghen! mình tin bạn sẽ vượt qua được."
"ae tư vấn giúp, bốc thăm trúng phần thưởng to thì nên làm sao ✨",vui,Cuộc sống,deep,Thành quả đáng được trân trọng. Niềm vui này bạn hoàn toàn xứng đáng có được. Dùng động lực từ thành công này để tiếp tục những mục tiêu tiếp theo. Hãy giữ mãi năng lượng tích cực này nhé.
"Ae tư vấn giúp, đặt phòng khách sạn xong đến nơi bảo hết phòng thì nên làm sao",gian_du,Dịch vụ,deep,"Sự bực bội của bạn hoàn toàn chính đáng. Phản ứng như vậy là hoàn toàn bình thường trước tình huống đó. Sau khi bình tĩnh, hãy nghĩ xem cách xử lý nào có lợi nhất cho bạn. Bạn không cần nuốt bực bội vào trong mãi."
Nói thật là bạn hẹn đi ăn rồi tự nhiên cancel không lý do 👊,gian_du,Bạn bè / Người thân,casual,"đúng là củ chuối không chịu được 🤬 ai gặp cũng điên tiết thôi bạn ơi. hít thở nào, giận quá dễ nói sai rồi hối hận =)) không đáng mất sức đâu bạn ơi 😤"
"Ngày bình thường, làm việc rồi về, mk ko bt làm sao",trung_tinh,Cuộc sống,casual,"hmmm thế thì cũng oke nha, cứ để ngày trôi qua tự nhiên thôi, không cần rush. có gì muốn kể thêm thì cứ kể nhé! bình yên nhé bạn ơi~"
Hôm nay vừa đọc xong một bài viết thú vị ...,trung_tinh,Cuộc sống,casual,"hmmm thế thì cũng oke nha, ngày bình thường mà, cũng có cái vui của nó. nếu cần tâm sự thì mình ở đây~ ngày mai sẽ có nhiều chuyện hay hơn nha!"
Mình bạn thân sắp chuyển đi xa 😢,buon,Tình cảm,casual,"haizzz nghe mà thương ghê, cảm giác đó nặng lắm, mình hiểu. ra ngoài đi dạo một chút cho thoáng đầu nhé. mai lại oke thôi! 💙"
Nói thật là vừa tìm ra phương pháp học mới hiệu quả hơn,hy_vong,Học tập,deep,Thật đáng quý khi bạn vẫn giữ được cái nhìn tích cực này. Hướng đi rõ ràng như vậy là kết quả của rất nhiều suy nghĩ và nỗ lực. Hãy giữ vững kế hoạch đó và bước từng bước thật chắc. Hành trình đang đi đúng hướng rồi.
"Thiệt tình xa nhà lâu qá nhớ mọi người, chán 😔",buon,Gia đình,casual,"trời ơi nghe mà tủi thân giùm 😢 cảm giác đó nặng lắm, mình hiểu. bật phim hoặc nhạc chill đi nào! mai lại oke thôi! 💙"
Mình chưa học chữ nào mà mai thi rùi,lo_au,Học tập,deep,Mình hiểu bạn đang cảm thấy rất áp lực. Cảm giác bất an đó rất thật và rất khó chịu. Hãy thử chia nhỏ vấn đề ra và xử lý từng phần một. Từng bước nhỏ vẫn là tiến về phía trước.
Tao đang bị đang code xong thì cúp điện mất hết nè 🤬,gian_du,Công việc,casual,đúng là củ chuối không chịu được 🤬 nghe mà mình cũng bực lây nè. xả ra bằng cách đi dạo hoặc nghe nhạc to đi! mình tin bạn sẽ xử lý được thôi.
"thiệt tình cố gắng cả năm nhưng kh được thăng chức, chán haiz",buon,Công việc,casual,"trời ơi nghe mà tủi thân giùm 😢 buồn như vậy thì ai cũng cần được chia sẻ mà. ra ngoài đi dạo một chút cho thoáng đầu nhé. có mình nè, đừng lo."
"vừa đặt mục tiêu cho năm này mà chẳng đạt dc gì xong, buồn ghê",that_vong,Bản thân,casual,"haizzz đặt kỳ vọng cao rồi bị hẫng đau lắm, mình hiểu cảm giác đó, không dễ gì nuốt được đâu. đừng để thất vọng lần này định nghĩa mình, ok không? bạn vẫn ổn mà, cứ tiến lên thôi! 💪"
"Lương về rùi, ủa k biết làm sao =))",vui,Cuộc sống,casual,trời ơi hay quá vậy?! xứng đáng lắm luôn! cứ đà này thì ngon lành luôn! giữ phong độ nhé bạn ơi!
Ngl đang bị cảm thấy cô đơn dù xung quanh có nhiều người nè,buon,Cuộc sống,casual,"trời ơi nghe mà tủi thân giùm 😢 nghe mà thương bạn lắm luôn. ăn gì ngon ngon đi, tự thưởng cho bản thân xíu. mình ở đây nghe bạn kể nhé~"
"thiệt tình mượn đồ lâu rùi không trả mà còn tỏ ra bình thường, chán 🤬",gian_du,Bạn bè / Người thân,casual,trời ơi nghe mà tức dùm á 😡 ai gặp cũng điên tiết thôi bạn ơi. xả ra bằng cách đi dạo hoặc nghe nhạc to đi! không đáng mất sức đâu bạn ơi 😤
Mk đang bị xa nhà lâu wa nhớ mọi người nè 😔,buon,Gia đình,casual,"ôi buồn quá, nghe mà thương bạn lắm luôn. bật phim hoặc nhạc chill đi nào! rồi sẽ qua thôi bạn ơi."
"Ae tư vấn giúp, ngày bình thường, làm việc rồi về thì nên làm sao ...",trung_tinh,Cuộc sống,deep,"Đôi khi những ngày bình thường lại có giá trị riêng. Bình yên cũng là một trạng thái đáng trân trọng không kém gì niềm vui. Nếu bạn đang cân nhắc điều gì đó, hãy cho mình thêm thời gian suy nghĩ. Bình yên nhé."
"thiệt tình đang xem phim nhưng khum có cảm xúc gì mạnh, chán 😐",trung_tinh,Suy nghĩ,casual,"bình bình vậy cũng ổn mà, không phải lúc nào cũng cần có gì to tát đâu. tận hưởng sự bình lặng đó đi bạn ơi. cứ thư giãn đi nhé~"
"Hôm nay có kế hoạch cụ thể rồi, cảm thấy tự tin hơn",hy_vong,Cuộc sống,casual,"tuyệt vời đó bạn! kế hoạch rõ ràng rồi thì cứ thế mà tiến thôi! chia sẻ kế hoạch này với người thân, được ủng hộ thêm sẽ vững hơn. tiến lên thôi!"
"Bốc thăm trúng phần thưởng to, trời ơi không biết làm sao 🥰",vui,Cuộc sống,casual,trời ơi hay quá vậy?! nghe mà vui lây =)) tự thưởng cho mình đi nào~ giữ phong độ nhé bạn ơi!
"Ae tư vấn giúp, gặp ng mới và cảm giác có điểm chung thì nên làm sao 🙏",hy_vong,Tình cảm,casual,ôi nghe mà có động lực lây luôn á 🌱 hy vọng như vậy là động lực để tiến lên đó! chúc mọi thứ diễn ra suôn sẻ nhé ✨ tiến lên thôi!
Tớ đang bị không bt mình đang đi đúng hướng không nè huhu,lo_au,Cuộc sống,deep,Lo âu như vậy thực sự rất nặng nề. Lo âu đôi khi là tín hiệu bạn đang quan tâm đến điều quan trọng. Nói chuyện với người tin tưởng — đôi khi chỉ cần được lắng nghe là nhẹ hơn nhiều. Bạn không cần giải quyết tất cả cùng lúc đâu.
"Thiệt tình nghĩ về tương lai thấy mông lung quá, chán 😥",lo_au,Cuộc sống,casual,từ từ nào! thấy lo như vậy là bình thường mà. ghi ra giấy hết những gì đang lo rồi ưu tiên từng cái. ổn thôi bạn ơi!
Trời ơi đang bị hi vọng nhiều rồi nhận kết quả ngược lại nè haizzz,that_vong,Cuộc sống,deep,Mình hiểu bạn đang cảm thấy rất hụt hẫng lúc này. Không phải lúc nào cố gắng cũng cho kết quả như mong muốn — và điều đó không có nghĩa bạn không đủ tốt. Hãy cho bản thân thời gian để xử lý cảm xúc này trước khi tiếp tục. Mình tin bạn sẽ tìm ra hướng đi phù hợp hơn.
"Mình đang bị công việc ổn định, không có gì nhiều để kể nè 😐",trung_tinh,Công việc,casual,"à ra vậy, đôi khi yên ổn cũng là một loại hạnh phúc đó! nếu cần tâm sự thì mình ở đây~ cứ thư giãn đi nhé~"
Ngl đang bị chốt đơn thành công món đồ ao ước nè 🤩,vui,Cuộc sống,casual,"trời ơi hay quá vậy?! mình tự hào về bạn ghê nơi ✨ lưu khoảnh khắc này lại, sau nhìn lại vẫn còn vui mà. giữ phong độ nhé bạn ơi!"
Hôm nay bị người thân không ủng hộ điều mk tin tưởng 💔,that_vong,Tình cảm,casual,"haizzz đặt kỳ vọng cao rồi bị hẫng đau lắm, mình hiểu cảm giác đó, không dễ gì nuốt được đâu. reset lại đi bạn, rồi thứ tốt hơn sẽ đến thôi~ rồi sẽ tốt hơn thôi bạn ơi."
"Ae tư vấn giúp, vừa đọc xong một bài viết thú vị thì nên làm sao ...",trung_tinh,Cuộc sống,deep,"Đôi khi những ngày bình thường lại có giá trị riêng. Những lúc yên ổn như vậy thường là cơ hội tốt để dừng lại và lắng nghe bản thân. Nếu bạn đang cân nhắc điều gì đó, hãy cho mình thêm thời gian suy nghĩ. Bình yên nhé."
"Tự nhiên ngồi nhìn ra cửa sổ và nghĩ linh tinh, trời ơi kh bt làm sao",trung_tinh,Suy nghĩ,casual,"bình bình vậy cũng ổn mà, đôi khi yên ổn cũng là một loại hạnh phúc đó! có gì muốn kể thêm thì cứ kể nhé! cứ thư giãn đi nhé~"
"Vừa sếp ép deadline vô lý khum có lý do xong, vui ghê",gian_du,Công việc,casual,"ugh tức thật! nghe mà mình cũng bực lây nè. thả lỏng ra đi, đừng để nó chiếm hết ngày của mình. giận xong thì thôi, đừng giữ mãi."
Ngl đang bị hai đứa vừa nói chuyện thẳng và hiểu nhau hơn nè 🌱,hy_vong,Tình cảm,casual,xịn lắm nè! kế hoạch rõ ràng rồi thì cứ thế mà tiến thôi! đừng để ai lấy đi cái tinh thần đó của mình nghen! cổ vũ bạn 100% nè! 🤞
Tớ đang cân nhắc chuyện đổi việc nhưng chưa quyết 😐,trung_tinh,Công việc,casual,"aha hiểu rồi! không phải lúc nào cũng cần có gì to tát đâu, ngày bình thường cũng có cái hay của nó. ngày bình thường cũng nạp năng lượng được mà 😌 bình yên nhé bạn ơi~"
Chời ơi khối lượng công việc ngập đầu không bt bắt đầu từ đâu huhu,lo_au,Công việc,casual,"bình tĩnh đi bạn ơi, ai gặp chuyện đó cũng rén thôi. uống ly nước rồi chia nhỏ vấn đề ra xử lý từng cái nhé! cố lên nhé!"
Ae ơi khách hàng gửi email khen ngợi mk,vui,Công việc,casual,"đỉnh của chóp luôn á!! mình tự hào về bạn ghê nơi ✨ lưu khoảnh khắc này lại, sau nhìn lại vẫn còn vui mà. chúc mừng bạn nha 🥳"
"ae tư vấn giúp, bị overthinking cả đêm ngủ k được thì nên làm sao ...",lo_au,Cuộc sống,casual,"từ từ nào! overthinking kiểu này mệt lắm đúng không? đừng nhìn cả đống cùng lúc, từng bước nhỏ thôi! ổn thôi bạn ơi!"
Tao ko về kịp gặp ng thân lần cuối 😞,buon,Gia đình,casual,"haizzz nghe mà thương ghê, cảm giác đó nặng lắm, mình hiểu. gọi cho bạn thân tâm sự đi, đừng ôm một mình. có mình nè, đừng lo."
"vừa làm đúng quy trình mà vẫn bị chỉ trích xong, thất vọng ghê 😶",that_vong,Công việc,casual,"nặng lòng ghê, mình hiểu cảm giác đó, không dễ gì nuốt được đâu. đừng để thất vọng lần này định nghĩa mình, ok không? bạn vẫn ổn mà, cứ tiến lên thôi! 💪"
"thiệt tình bị người thân không ủng hộ điều mình tin tưởng, chán ugh",that_vong,Tình cảm,deep,Thất vọng sau khi đặt cả tâm sức — cảm giác đó rất nặng. Cảm giác hẫng hụt là rất thật và đáng được thừa nhận. Đừng vội kết luận về bản thân chỉ vì một kết quả chưa như ý. Thất vọng không phải điểm kết thúc — hãy tiếp tục.
Hôm nay khách hàng dời lịch sát giờ k báo trước 😡,gian_du,Công việc,casual,"bực ghê nơi! nghe mà mình cũng bực lây nè. thả lỏng ra đi, đừng để nó chiếm hết ngày của mình. thôi bỏ qua cho nhẹ đầu nhé!"
Mn ơi đang cân nhắc chuyện đổi việc nhưng chưa quyết,trung_tinh,Công việc,deep,Cảm ơn bạn đã chia sẻ. Không cần lúc nào cũng phải vui hoặc buồn — chỉ cần là chính mình thôi. Đôi khi không làm gì cũng là một lựa chọn đúng đắn. Chỉ cần là chính mình là đủ rồi.
"bị kể chuyện riêng tư cho người khác dù đã dặn giữ kín, nói thật là kh biết làm sao 💢",gian_du,Bạn bè / Người thân,casual,trời ơi nghe mà tức dùm á 😡 ai gặp cũng điên tiết thôi bạn ơi. uống ngụm nước lạnh đi rồi bơ nó ra! không đáng mất sức đâu bạn ơi 😤
Mn ơi chưa học chữ nào mà mai thi rồi 😱,lo_au,Học tập,casual,ôi thôi lo nhiều cũng không giải quyết được gì thêm đâu. ghi ra giấy những gì đang lo rồi ưu tiên từng cái. mọi chuyện rồi sẽ qua thôi 💪
Tao đặt nhiều kỳ vọng vào người ấy mà họ không quan tâm haizzz,that_vong,Tình cảm,casual,"nặng lòng ghê, kỳ vọng lớn mà bị hẫng thì đau thiệt. đừng để thất vọng lần này định nghĩa mình, ok không? bạn vẫn ổn mà, cứ tiến lên thôi! 💪"
Chời ơi đang bị gọi hotline chăm sóc khách hàng cúp máy giữa chừng nè,gian_du,Dịch vụ,deep,"Cảm giác bất công đó rất thật. Phản ứng như vậy là hoàn toàn bình thường trước tình huống này. Sau khi bình tĩnh, nghĩ xem cách xử lý nào có lợi nhất cho bạn. Hãy xử lý theo cách phù hợp nhất."
"Chời ơi đang bị có kế hoạch cụ thể rồi, cảm thấy tự tin hơn nè 🌱",hy_vong,Cuộc sống,casual,tuyệt vời đó bạn! mình cũng tin vào bạn nha~ chúc mọi thứ diễn ra suôn sẻ nhé ✨ cổ vũ bạn 100% nè! 🤞
"thiệt tình tự nhiên ngồi nhìn ra cửa sổ và nghĩ linh tinh, chán ...",trung_tinh,Suy nghĩ,deep,Cảm ơn bạn đã chia sẻ. Không cần lúc nào cũng phải vui hoặc buồn — chỉ cần là chính mình thôi. Hãy để tâm trí được nghỉ ngơi — nó cũng cần được nạp lại. Mình ở đây nếu bạn cần nói chuyện.
"hai đứa vừa nói chuyện thẳng và hiểu nhau hơn, tui ko bt làm sao 🙏",hy_vong,Tình cảm,casual,tuyệt vời đó bạn! kế hoạch rõ ràng rồi thì cứ thế mà tiến thôi! cứ từng bước nhỏ là đủ rồi! cổ vũ bạn 100% nè! 🤞
"vừa đang xem phim nhưng không có cảm xúc gì mạnh xong, vui ghê ...",trung_tinh,Suy nghĩ,casual,"hmmm thế thì cũng oke nha, không phải lúc nào cũng cần có gì to tát đâu, ngày bình thường cũng có cái hay của nó. nếu cần tâm sự thì mình ở đây~ bình yên nhé bạn ơi~"
"vừa đang cân nhắc chuyện đổi việc nhưng chưa quyết xong, thất vọng ghê",trung_tinh,Công việc,casual,"bình bình vậy cũng ổn mà, ngày bình thường mà, cũng có cái vui của nó. nếu cần tâm sự thì mình ở đây~ ngày mai sẽ có nhiều chuyện hay hơn nha!"
"thiệt tình đặt mục tiêu cho năm này mà chẳng đạt dc gì, chán",that_vong,Bản thân,casual,"nặng lòng ghê, mình hiểu cảm giác đó, không dễ gì nuốt được đâu. đừng để thất vọng lần này định nghĩa mình, ok không? mình tin bạn sẽ vượt qua được."
"hôm nay không vui không buồn, cứ trôi qua thôi 😐",trung_tinh,Cuộc sống,casual,"à ra vậy, đôi khi yên ổn cũng là một loại hạnh phúc đó! có gì muốn kể thêm thì cứ kể nhé! ngày mai sẽ có nhiều chuyện hay hơn nha!"
"thiệt tình đang cân nhắc chuyện đổi việc nhưng chưa quyết, chán ...",trung_tinh,Công việc,deep,Trạng thái trung dung cũng là một phần bình thường của cuộc sống. Những lúc yên ổn như vậy thường là cơ hội tốt để dừng lại và lắng nghe bản thân. Hãy để tâm trí được nghỉ ngơi — nó cũng cần được nạp lại. Bình yên nhé.
"Ae tư vấn giúp, dc thăng chức sau kỳ đánh giá thì nên làm sao =))",vui,Công việc,casual,hết sẩy! nghe mà vui lây =)) ăn gì ngon ngon ăn mừng đi! tiếp tục phát huy nhé!
Ủa đang bị nhìn lại năm qua thấy chẳng đạt dc gì nè 😞,buon,Cuộc sống,casual,"trời ơi nghe mà tủi thân giùm 😢 đừng cố tỏ ra ổn, có mình ở đây nè. ra ngoài đi dạo một chút cho thoáng đầu nhé. có mình nè, đừng lo."
Trời ơi đang bị nghe bản nhạc cũ bỗng nhớ kỷ niệm xưa nè 😞,buon,Cuộc sống,casual,"ôm bạn nè 🥺 cảm giác đó nặng lắm, mình hiểu. ăn gì ngon ngon đi, tự thưởng cho bản thân xíu. mình ở đây nghe bạn kể nhé~"
"đang code xong thì cúp điện mất hết, tui không biết làm sao 😡",gian_du,Công việc,casual,đúng là củ chuối không chịu được 🤬 tức như vậy là phải rồi. uống ngụm nước lạnh đi rồi bơ nó ra! thôi bỏ qua cho nhẹ đầu nhé!
Dạo này sắp tới deadline mà chưa làm được gì ...,lo_au,Công việc,deep,Mình hiểu bạn đang cảm thấy rất áp lực. Đây là phản ứng bình thường khi đối mặt với áp lực lớn. Nói chuyện với người tin tưởng — đôi khi chỉ cần được lắng nghe là nhẹ hơn nhiều. Bạn không cần giải quyết tất cả cùng lúc đâu.
"Ae tư vấn giúp, lo bảo vệ luận văn bị giáo viên phản biện nặng thì nên làm sao 😱",lo_au,Học tập,casual,"hít thở sâu nào 😅 ai gặp chuyện đó cũng rén thôi. cứ làm hết sức thôi, kết quả đến sau nha~ mọi chuyện rồi sẽ qua thôi 💪"
"ae tư vấn giúp, được crush rủ đi chơi cuối tuần thì nên làm sao =))",vui,Tình cảm,casual,hết sẩy! mình tự hào về bạn ghê nơi ✨ tự thưởng cho mình đi nào~ mình vui cho bạn lắm!
Mk đang bị chia tay xong cứ thấy trống rỗng nè haiz,buon,Tình cảm,casual,"ôi buồn quá, cảm giác đó nặng lắm, mình hiểu. ra ngoài đi dạo một chút cho thoáng đầu nhé. mai lại oke thôi! 💙"
"Vừa đặt nhiều kỳ vọng vào người ấy mà họ không quan tâm xong, buồn ghê 😞",that_vong,Tình cảm,casual,"haizzz đặt kỳ vọng cao rồi bị hẫng đau lắm, kỳ vọng lớn mà bị hẫng thì đau thiệt. đừng để thất vọng lần này định nghĩa mình, ok không? mình tin bạn sẽ vượt qua được."
Mk cảm giác mối quan hệ đang ấm lên dần,hy_vong,Tình cảm,casual,xịn lắm nè! hy vọng như vậy là động lực để tiến lên đó! đừng để ai lấy đi cái tinh thần đó của mình nghen! tiến lên thôi!
"Dạo này đang bị ngồi uống cà phê một mk, tâm trạng bình thường nè",trung_tinh,Suy nghĩ,casual,"hmmm thế thì cũng oke nha, yên ổn như vậy là ổn rồi mà, đôi khi bình thường cũng là hạnh phúc đó. ngày bình thường cũng nạp năng lượng được mà 😌 🙂 cứ thư giãn đi nhé~"
"ae tư vấn giúp, hi vọng nhiều rồi nhận kết quả ngược lại thì nên làm sao 😶",that_vong,Cuộc sống,casual,"nặng lòng ghê, không phải lỗi của mình đâu nha. reset lại đi bạn, rồi thứ tốt hơn sẽ đến thôi~ rồi sẽ tốt hơn thôi bạn ơi."
"Vừa yêu thật lòng mà không đc đáp lại xong, thất vọng ghê haizzz",that_vong,Tình cảm,casual,"nặng lòng ghê, không phải lỗi của mình đâu nha. coi như bài học đắt giá nghen! rồi sẽ tốt hơn thôi bạn ơi."
"Vừa nhìn lại năm qua thấy chẳng đạt được gì xong, vui ghê",buon,Cuộc sống,casual,"haizzz nghe mà thương ghê, cảm giác đó nặng lắm, mình hiểu. buồn thì cứ khóc ra cho nhẹ lòng, đừng giữ trong bụng. mai lại oke thôi! 💙"
"Ngl hôm nay họp nhiều, không có gì nổi bật 🙂",trung_tinh,Công việc,casual,"à ra vậy, ngày bình thường mà, cũng có cái vui của nó. có gì muốn kể thêm thì cứ kể nhé! ngày mai sẽ có nhiều chuyện hay hơn nha!"
"Thiệt tình sau giai đoạn khó khăn cảm thấy mọi thứ đang tốt lên, chán 🙏",hy_vong,Cuộc sống,deep,"Thật đáng quý khi bạn vẫn giữ được cái nhìn tích cực này. Cảm giác bắt đầu thấy ánh sáng ở cuối đường hầm rất đáng trân trọng. Hãy giữ vững kế hoạch đó và bước từng bước thật chắc. Cứ tiến lên, mình cổ vũ bạn."
Ngl bài thi đc điểm cao ngoài mong đợi 😎,vui,Học tập,casual,trời ơi hay quá vậy?! mình tự hào về bạn ghê nơi ✨ nhớ chia sẻ niềm vui với người thân nha! mình vui cho bạn lắm!
"Làm đúng quy trình mà vẫn bị chỉ trích, tớ ko biết làm sao",that_vong,Công việc,casual,"nghe mà buồn cho bạn quá 💔 thất vọng kiểu này thật sự khó chịu lắm. thử nhìn lại mình học được gì từ lần này nhé. bạn vẫn ổn mà, cứ tiến lên thôi! 💪"
Trời ơi đang bị sau giai đoạn khó khăn cảm thấy mọi thứ đang tốt lên nè,hy_vong,Cuộc sống,casual,"tuyệt vời đó bạn! mình cũng tin vào bạn nha~ chia sẻ kế hoạch này với người thân, được ủng hộ thêm sẽ vững hơn. cổ vũ bạn 100% nè! 🤞"
"Thiệt tình ngày bình thường, làm việc rồi về, chán",trung_tinh,Cuộc sống,deep,Đôi khi những ngày bình thường lại có giá trị riêng. Không cần lúc nào cũng phải vui hoặc buồn — chỉ cần là chính mình thôi. Đôi khi không làm gì cũng là một lựa chọn đúng đắn. Bình yên nhé.
Ae ơi bị ng thân không ủng hộ điều mình tin tưởng 😶,that_vong,Tình cảm,deep,Thất vọng sau khi đặt cả tâm sức — cảm giác đó rất nặng. Không phải lúc nào cố gắng cũng cho kết quả như mong muốn — và điều đó không có nghĩa bạn không đủ tốt. Hãy cho bản thân thời gian để xử lý cảm xúc này trước khi tiếp tục. Thất vọng không phải điểm kết thúc — hãy tiếp tục.
"Có kế hoạch cụ thể r, cảm thấy tự tin hơn, ae ơi không bt làm sao 🌱",hy_vong,Cuộc sống,casual,tuyệt vời đó bạn! kế hoạch rõ ràng rồi thì cứ thế mà tiến thôi! đừng để ai lấy đi cái tinh thần đó của mình nghen! mình chờ nghe tin vui từ bạn nhé~
"bạn thân sắp chuyển đi xa, ủa không bt làm sao 😞",buon,Tình cảm,casual,"haizzz nghe mà thương ghê, buồn như vậy thì ai cũng cần được chia sẻ mà. ra ngoài đi dạo một chút cho thoáng đầu nhé. rồi sẽ qua thôi bạn ơi."
Ủa đang bị sợ bị sếp đánh giá thấp trong kỳ review nè 😥,lo_au,Công việc,casual,"bình tĩnh đi bạn ơi, ai gặp chuyện đó cũng rén thôi. thử tắt điện thoại một lúc, focus vào 1 việc thôi. ổn thôi bạn ơi!"
"Vừa crush vừa công khai người yêu mới xong, thất vọng ghê haiz",buon,Tình cảm,casual,"ôm bạn nè 🥺 cảm giác đó nặng lắm, mình hiểu. ăn gì ngon ngon đi, tự thưởng cho bản thân xíu. mình ở đây nghe bạn kể nhé~"
"Vừa nghe bản nhạc cũ bỗng nhớ kỷ niệm xưa xong, bình thường ghê 😔",buon,Cuộc sống,casual,"ôm bạn nè 🥺 cảm giác đó nặng lắm, mình hiểu. buồn thì cứ khóc ra cho nhẹ lòng, đừng giữ trong bụng. rồi sẽ qua thôi bạn ơi."
Ngl đang bị bắt đầu một thói quen mới và duy trì được 2 tuần rồi nè 🙏,hy_vong,Cuộc sống,casual,ôi nghe mà có động lực lây luôn á 🌱 kế hoạch rõ ràng rồi thì cứ thế mà tiến thôi! chúc mọi thứ diễn ra suôn sẻ nhé ✨ tiến lên thôi!
Tao đang bị bị đồng nghiệp nhận công của mình trước mặt sếp nè 😡,gian_du,Công việc,casual,"đúng là củ chuối không chịu được 🤬 ai gặp cũng điên tiết thôi bạn ơi. thả lỏng ra đi, đừng để nó chiếm hết ngày của mình. thôi bỏ qua cho nhẹ đầu nhé!"
"ae tư vấn giúp, sợ rớt môn, ảnh hưởng học bổng thì nên làm sao huhu",lo_au,Học tập,casual,"ôi thôi ai gặp chuyện đó cũng rén thôi. thử tắt điện thoại một lúc, focus vào 1 việc thôi. cố lên nhé!"
Tớ đang bị cố gắng hết sức mà kết quả vẫn không như kỳ vọng nè 💔,that_vong,Công việc,casual,"nặng lòng ghê, kỳ vọng lớn mà bị hẫng thì đau thiệt. coi như bài học đắt giá nghen! bạn vẫn ổn mà, cứ tiến lên thôi! 💪"
"thiệt tình bạn cũ từ xa về thăm bất ngờ, chán",vui,Tình cảm,casual,hết sẩy! kết quả xứng đáng với cố gắng của bạn rồi đó! tự thưởng cho mình đi nào~ mình vui cho bạn lắm!
"Ae tư vấn giúp, hôm nay họp nhiều, kh có gì nổi bật thì nên làm sao ...",trung_tinh,Công việc,casual,"hmmm thế thì cũng oke nha, không phải lúc nào cũng cần có gì to tát đâu. có gì muốn kể thêm thì cứ kể nhé! cứ thư giãn đi nhé~"
Ae ơi áp lực kpi tháng này cao qá 😱,lo_au,Công việc,casual,"bình tĩnh đi bạn ơi, overthinking kiểu này mệt lắm đúng không? thử tắt điện thoại một lúc, focus vào 1 việc thôi. cố lên nhé!"
Mn ơi đang bị không về kịp gặp ng thân lần cuối nè haiz,buon,Gia đình,casual,"haizzz nghe mà thương ghê, buồn như vậy thì ai cũng cần được chia sẻ mà. gọi cho bạn thân tâm sự đi, đừng ôm một mình. có mình nè, đừng lo."
"sếp khen project mới trước toàn công ty, nói thật là không bt làm sao",vui,Công việc,deep,Thật tuyệt vời khi nghe điều này. Những nỗ lực của bạn đã được đền đáp xứng đáng. Hãy trân trọng khoảnh khắc này và chia sẻ với những người đã đồng hành. Hãy giữ mãi năng lượng tích cực này nhé.
Hôm nay gọi hotline chăm sóc khách hàng cúp máy giữa chừng 😡,gian_du,Dịch vụ,casual,"trời ơi nghe mà tức dùm á 😡 ai gặp cũng điên tiết thôi bạn ơi. uống ngụm nước lạnh đi rồi bơ nó ra! giận xong thì thôi, đừng giữ mãi."
"Tao đang bị công việc ổn định, không có gì nhiều để kể nè 😐",trung_tinh,Công việc,casual,"à ra vậy, không phải lúc nào cũng cần có gì to tát đâu, ngày bình thường cũng có cái hay của nó. nếu cần tâm sự thì mình ở đây~ ngày mai sẽ có nhiều chuyện hay hơn nha!"
"vừa k về kịp gặp ng thân lần cuối xong, vui ghê 💔",buon,Gia đình,casual,"trời ơi nghe mà tủi thân giùm 😢 đừng cố tỏ ra ổn, có mình ở đây nè. buồn thì cứ khóc ra cho nhẹ lòng, đừng giữ trong bụng. rồi sẽ qua thôi bạn ơi."
"Vừa được crush rủ đi chơi cuối tuần xong, thất vọng ghê ✨",vui,Tình cảm,casual,"đỉnh của chóp luôn á!! kết quả xứng đáng với cố gắng của bạn rồi đó! lưu khoảnh khắc này lại, sau nhìn lại vẫn còn vui mà. mình vui cho bạn lắm!"
"vừa người yêu tặng quà bất ngờ xong, vui ghê 🥰",vui,Tình cảm,casual,wow xịn xò vậy! nghe mà vui lây =)) tự thưởng cho mình đi nào~ chúc mừng bạn nha 🥳
"vừa chốt đơn thành công món đồ ao ước xong, buồn ghê 🥰",vui,Cuộc sống,casual,wow xịn xò vậy! mình tự hào về bạn ghê nơi ✨ ăn gì ngon ngon ăn mừng đi! mình vui cho bạn lắm!
Ae ơi không về kịp gặp người thân lần cuối,buon,Gia đình,deep,"Cảm ơn bạn đã chia sẻ với mình. Cảm giác trống rỗng đó rất khó nói thành lời, mình hiểu. Hãy cho phép bản thân cảm nhận nó, đừng vội ổn ngay. Mình luôn ở đây nếu bạn cần."
"Vừa tự nhiên ngồi nhìn ra cửa sổ và nghĩ linh tinh xong, bình thường ghê 🙂",trung_tinh,Suy nghĩ,casual,"hmmm thế thì cũng oke nha, không phải lúc nào cũng cần có gì to tát đâu. nếu cần tâm sự thì mình ở đây~ 🙂"
"vừa sắp trả tiền trọ mà lương chưa về xong, lo ghê huhu",lo_au,Cuộc sống,deep,Mình nghe thấy sự lo lắng của bạn. Đây là phản ứng bình thường khi đối mặt với áp lực lớn. Hãy thử chia nhỏ vấn đề ra và xử lý từng phần một. Bạn không cần giải quyết tất cả cùng lúc đâu.
Hôm nay đặt phòng khách sạn xong đến nơi bảo hết phòng 💢,gian_du,Dịch vụ,casual,"bực ghê nơi! đúng là vô lý không chịu được. hít thở nào, giận quá dễ nói sai rồi hối hận =)) không đáng mất sức đâu bạn ơi 😤"
"cố gắng cả năm nhưng ko dc thăng chức, mình không biết làm sao 😢",buon,Công việc,casual,"ôi buồn quá, buồn như vậy thì ai cũng cần được chia sẻ mà. buồn thì cứ khóc ra cho nhẹ lòng, đừng giữ trong bụng. mai lại oke thôi! 💙"
"bị overthinking cả đêm ngủ ko đc, ngl không bt làm sao 😱",lo_au,Cuộc sống,casual,"bình tĩnh đi bạn ơi, mình hiểu cảm giác đó lắm! cứ làm hết sức thôi, kết quả đến sau nha~ mình tin bạn làm được mà~"
"Chốt hợp đồng lớn sau bao ngày nỗ lực, nói thật là không bt làm sao",vui,Công việc,deep,Mình rất vui khi nghe tin này. Kết quả này là minh chứng cho sự kiên trì của bạn. Hãy trân trọng khoảnh khắc này và chia sẻ với những người đã đồng hành. Chúc bạn tiếp tục gặt hái thêm nhiều thành quả.
"Dạo này công việc ổn định, kh có gì nhiều để kể 😐",trung_tinh,Công việc,casual,"à ra vậy, đôi khi yên ổn cũng là một loại hạnh phúc đó! tận hưởng sự bình lặng đó đi bạn ơi. 🙂"
hôm nay đc chọn vào đội tuyển nghiên cứu 🥰,vui,Học tập,casual,"yayyy 🎉🎉 mình tự hào về bạn ghê nơi ✨ lưu khoảnh khắc này lại, sau nhìn lại vẫn còn vui mà. giữ phong độ nhé bạn ơi!"
Dạo này đang bị bị xe tạt nước suốt người khi đang đi đường nè 🤬,gian_du,Giao thông,casual,"ugh tức thật! đúng là vô lý không chịu được. xả ra bằng cách đi dạo hoặc nghe nhạc to đi! giận xong thì thôi, đừng giữ mãi."
"ông bà mất, để lại khoảng trống không bù dc, tớ không biết làm sao 😢",buon,Gia đình,casual,"ôi buồn quá, nghe mà thương bạn lắm luôn. ra ngoài đi dạo một chút cho thoáng đầu nhé. có mình nè, đừng lo."
Ủa sắp trả tiền trọ mà lương chưa về ...,lo_au,Cuộc sống,casual,từ từ nào! lo nhiều cũng không giải quyết được gì thêm đâu nha. ghi ra giấy hết những gì đang lo rồi ưu tiên từng cái. ổn thôi bạn ơi!
"sắp trả tiền trọ mà lương chưa về, nói thật là không biết làm sao 🥲",lo_au,Cuộc sống,casual,từ từ nào! overthinking kiểu này mệt lắm đúng không? ghi ra giấy hết những gì đang lo rồi ưu tiên từng cái. mọi chuyện rồi sẽ qua thôi 💪
"Thiệt tình tin vào người mà cuối cùng bị lừa dối, chán 😞",that_vong,Bản thân,casual,"nặng lòng ghê, mình hiểu cảm giác đó, không dễ gì nuốt được đâu. đừng để thất vọng lần này định nghĩa mình, ok không? bạn vẫn ổn mà, cứ tiến lên thôi! 💪"
Tao lương về rùi,vui,Cuộc sống,casual,trời ơi hay quá vậy?! mình tự hào về bạn ghê nơi ✨ nhớ chia sẻ niềm vui với người thân nha! tiếp tục phát huy nhé!
Mk crush vừa công khai ng yêu mới haiz,buon,Tình cảm,casual,"haizzz nghe mà thương ghê, đừng cố tỏ ra ổn, có mình ở đây nè. bật phim hoặc nhạc chill đi nào! mai lại oke thôi! 💙"
"thiệt tình được thăng chức sau kỳ đánh giá, chán 😆",vui,Công việc,casual,wow xịn xò vậy! kết quả xứng đáng với cố gắng của bạn rồi đó! nhớ chia sẻ niềm vui với người thân nha! chúc mừng bạn nha 🥳
"bạn hẹn đi ăn r tự nhiên cancel khum lý do, nói thật là không biết làm sao 👊",gian_du,Bạn bè / Người thân,casual,bực ghê nơi! ai gặp cũng điên tiết thôi bạn ơi. xả ra bằng cách đi dạo hoặc nghe nhạc to đi! thôi bỏ qua cho nhẹ đầu nhé!
"Cố gắng hết sức mà kết quả vẫn không như kỳ vọng, mn ơi không bt làm sao 💔",that_vong,Công việc,casual,"haizzz đặt kỳ vọng cao rồi bị hẫng đau lắm, không phải lỗi của mình đâu nha. coi như bài học đắt giá nghen! rồi sẽ tốt hơn thôi bạn ơi."
Nói thật là đang bị thất bại lần này sau khi đã chuẩn bị rất kỹ nè 😶,that_vong,Bản thân,deep,Mình nghe bạn và thấy điều này không dễ dàng chút nào. Kỳ vọng bị phá vỡ luôn để lại dấu ấn sâu. Hãy cho bản thân thời gian để xử lý cảm xúc này trước khi tiếp tục. Mình tin bạn sẽ tìm ra hướng đi phù hợp hơn.
"vừa áp lực KPI tháng này cao quá xong, thất vọng ghê 😰",lo_au,Công việc,casual,"bình tĩnh đi bạn ơi, lo nhiều cũng không giải quyết được gì thêm đâu nha. cứ làm hết sức thôi, kết quả đến sau nha~ mình tin bạn làm được mà~"
"Đc giao nhiệm vụ mới thú vị hơn, tớ kh biết làm sao 🤞",hy_vong,Công việc,casual,"xịn lắm nè! kế hoạch rõ ràng rồi thì cứ thế mà tiến thôi! chia sẻ kế hoạch này với người thân, được ủng hộ thêm sẽ vững hơn. tiến lên thôi!"
"thiệt tình sợ bị sếp đánh giá thấp trong kỳ review, chán 😥",lo_au,Công việc,deep,Mình nghe thấy sự lo lắng của bạn. Cảm giác bất an đó rất thật và rất khó chịu. Hãy thử chia nhỏ vấn đề ra và xử lý từng phần một. Mình tin bạn sẽ vượt qua được.
"Thiệt tình sợ rớt môn, ảnh hưởng học bổng, chán 😰",lo_au,Học tập,casual,"ôi thôi ai gặp chuyện đó cũng rén thôi. thử tắt điện thoại một lúc, focus vào 1 việc thôi. ổn thôi bạn ơi!"
Dạo này lương về rùi 🤩,vui,Cuộc sống,deep,Thành quả đáng được trân trọng. Niềm vui này bạn hoàn toàn xứng đáng có được. Đừng quên ghi nhận lại hành trình đã qua — nó sẽ là nguồn cảm hứng sau này. Mình tin đây chỉ là bước đầu trong hành trình dài.
Mk đang bị đồng nghiệp thân nhất vừa nghỉ việc nè haiz,buon,Công việc,casual,"ôi buồn quá, đừng cố tỏ ra ổn, có mình ở đây nè. gọi cho bạn thân tâm sự đi, đừng ôm một mình. mai lại oke thôi! 💙"
Ae ơi đang bị gặp người mới và cảm giác có điểm chung nè 🤞,hy_vong,Tình cảm,deep,Thật đáng quý khi bạn vẫn giữ được cái nhìn tích cực này. Bạn đang ở đúng nơi cần phải có để tiếp tục tiến lên. Nuôi dưỡng hy vọng bằng những hành động nhỏ mỗi ngày. Mình tin nỗ lực của bạn sẽ mang lại kết quả xứng đáng.
Mình đang bị hàng giao sai size mà đổ lỗi do mình đặt nhầm nè 😡,gian_du,Dịch vụ,deep,"Cảm giác bất công đó rất thật. Đôi khi ranh giới cần được giữ vững và điều đó đúng. Nếu cần, hãy nói thẳng ra một cách bình tĩnh — giữ im lặng mãi cũng không tốt. Mình ở đây ủng hộ bạn."
"Ủa đang bị team vừa có thành viên mới giỏi, kỳ vọng cao nè 🌱",hy_vong,Công việc,deep,Thật đáng quý khi bạn vẫn giữ được cái nhìn tích cực này. Bạn đang ở đúng nơi cần phải có để tiếp tục tiến lên. Nuôi dưỡng hy vọng bằng những hành động nhỏ mỗi ngày. Mình tin nỗ lực của bạn sẽ mang lại kết quả xứng đáng.
hôm nay cố gắng hết sức mà kết quả vẫn không như kỳ vọng 😞,that_vong,Công việc,casual,"haizzz đặt kỳ vọng cao rồi bị hẫng đau lắm, không phải lỗi của mình đâu nha. đừng để thất vọng lần này định nghĩa mình, ok không? rồi sẽ tốt hơn thôi bạn ơi."
"Vừa gửi cv và đang chờ kết quả phỏng vấn xong, bình thường ghê 😌",hy_vong,Công việc,deep,Mình cảm nhận được sự tích cực và nỗ lực của bạn. Hướng đi rõ ràng như vậy là kết quả của rất nhiều suy nghĩ và nỗ lực. Hãy giữ vững kế hoạch đó và bước từng bước thật chắc. Hành trình đang đi đúng hướng rồi.
"vừa hôm nay kh có gì đặc biệt lắm xong, thất vọng ghê 😐",trung_tinh,Cuộc sống,casual,aha hiểu rồi! đôi khi yên ổn cũng là một loại hạnh phúc đó! nếu cần tâm sự thì mình ở đây~ 🙂
Ae ơi cố gắng cả năm nhưng không được thăng chức 🥀,buon,Công việc,casual,"haizzz nghe mà thương ghê, cảm giác đó nặng lắm, mình hiểu. bật phim hoặc nhạc chill đi nào! mai lại oke thôi! 💙"
Nói thật là đang bị bài thi đc điểm cao ngoài mong đợi nè 🤩,vui,Học tập,casual,trời ơi hay quá vậy?! xứng đáng lắm luôn! ăn gì ngon ngon ăn mừng đi! giữ phong độ nhé bạn ơi!
"vừa nghĩ về tương lai thấy mông lung quá xong, vui ghê",lo_au,Cuộc sống,casual,"oke oke, thấy lo như vậy là bình thường mà. thử tắt điện thoại một lúc, focus vào 1 việc thôi. ổn thôi bạn ơi!"
Ae ơi đang bị tin vào ng mà cuối cùng bị lừa dối nè haizzz,that_vong,Bản thân,casual,"nghe mà buồn cho bạn quá 💔 kỳ vọng lớn mà bị hẫng thì đau thiệt. đừng để thất vọng lần này định nghĩa mình, ok không? mình tin bạn sẽ vượt qua được."
"Chời ơi công việc ổn định, kh có gì nhiều để kể 😐",trung_tinh,Công việc,casual,"hmmm thế thì cũng oke nha, đôi khi yên ổn cũng là một loại hạnh phúc đó! nếu cần tâm sự thì mình ở đây~ cứ thư giãn đi nhé~"
Mk khách hàng dời lịch sát giờ k báo trước 🔥,gian_du,Công việc,casual,"bực ghê nơi! tức như vậy là phải rồi. uống ngụm nước lạnh đi rồi bơ nó ra! giận xong thì thôi, đừng giữ mãi."
"Thiệt tình chưa học chữ nào mà mai thi r, chán 😱",lo_au,Học tập,casual,"ôi thôi lo nhiều cũng không giải quyết được gì thêm đâu nha. đừng nhìn cả đống cùng lúc, từng bước nhỏ thôi! cố lên nhé!"
Chời ơi sợ tỏ tình xong bị từ chối thì mất cả tình bạn 🥲,lo_au,Tình cảm,deep,Mình hiểu bạn đang cảm thấy rất áp lực. Cảm giác bất an đó rất thật và rất khó chịu. Hãy thử chia nhỏ vấn đề ra và xử lý từng phần một. Từng bước nhỏ vẫn là tiến về phía trước.
"thiệt tình kh theo kịp bài vở dạo này, chán ...",lo_au,Học tập,casual,"từ từ nào! mình hiểu cảm giác đó lắm! đừng nhìn cả đống cùng lúc, từng bước nhỏ thôi! ổn thôi bạn ơi!"
"Mọi thứ dạo này cứ xui xẻo liên tục, mình khum bt làm sao 😔",buon,Cuộc sống,casual,"haizzz nghe mà thương ghê, cảm giác đó nặng lắm, mình hiểu. gọi cho bạn thân tâm sự đi, đừng ôm một mình. mai lại oke thôi! 💙"
"Vừa đc thăng chức sau kỳ đánh giá xong, lo ghê ✨",vui,Công việc,deep,Thật tuyệt vời khi nghe điều này. Niềm vui này bạn hoàn toàn xứng đáng có được. Hãy trân trọng khoảnh khắc này và chia sẻ với những người đã đồng hành. Chúc bạn tiếp tục gặt hái thêm nhiều thành quả.
"Vừa hi vọng nhiều rồi nhận kết quả ngược lại xong, tức ghê ugh",that_vong,Cuộc sống,casual,"nặng lòng ghê, kỳ vọng lớn mà bị hẫng thì đau thiệt. reset lại đi bạn, rồi thứ tốt hơn sẽ đến thôi~ bạn vẫn ổn mà, cứ tiến lên thôi! 💪"
Hôm nay dự án tâm huyết bị hủy bỏ phút chót,buon,Công việc,casual,"ôi buồn quá, nghe mà thương bạn lắm luôn. buồn thì cứ khóc ra cho nhẹ lòng, đừng giữ trong bụng. rồi sẽ qua thôi bạn ơi."
Ủa khách hàng gửi email khen ngợi mk ✨,vui,Công việc,casual,yayyy 🎉🎉 nghe mà vui lây =)) cứ đà này thì ngon lành luôn! mình vui cho bạn lắm!
"vừa crush vừa công khai ng yêu mới xong, buồn ghê 😞",buon,Tình cảm,casual,"ôm bạn nè 🥺 đừng cố tỏ ra ổn, có mình ở đây nè. gọi cho bạn thân tâm sự đi, đừng ôm một mình. mình ở đây nghe bạn kể nhé~"
Mình ng yêu tặng quà bất ngờ,vui,Tình cảm,casual,yayyy 🎉🎉 mình tự hào về bạn ghê nơi ✨ nhớ chia sẻ niềm vui với người thân nha! chúc mừng bạn nha 🥳
Ae ơi bị hứa thưởng nhưng cuối năm lại khum có ugh,that_vong,Công việc,deep,Mình nghe bạn và thấy điều này không dễ dàng chút nào. Kỳ vọng bị phá vỡ luôn để lại dấu ấn sâu. Hãy cho bản thân thời gian để xử lý cảm xúc này trước khi tiếp tục. Bạn vẫn đang tiến về phía trước dù chưa thấy rõ.
Dạo này đang xem phim nhưng khum có cảm xúc gì mạnh ...,trung_tinh,Suy nghĩ,casual,"aha hiểu rồi! ngày bình thường mà, cũng có cái vui của nó. tận hưởng sự bình lặng đó đi bạn ơi. 🙂"
"Vừa ông bà mất, để lại khoảng trống không bù được xong, thất vọng ghê 💔",buon,Gia đình,casual,"trời ơi nghe mà tủi thân giùm 😢 đừng cố tỏ ra ổn, có mình ở đây nè. ăn gì ngon ngon đi, tự thưởng cho bản thân xíu. rồi sẽ qua thôi bạn ơi."
Ủa đang bị chốt đơn thành công món đồ ao ước nè ✨,vui,Cuộc sống,casual,wow xịn xò vậy! kết quả xứng đáng với cố gắng của bạn rồi đó! nhớ chia sẻ niềm vui với người thân nha! chúc mừng bạn nha 🥳
Tao đang bị sợ tỏ tình xong bị từ chối thì mất cả tình bạn nè 🥲,lo_au,Tình cảm,casual,"bình tĩnh đi bạn ơi, lo nhiều cũng không giải quyết được gì thêm đâu nha. cứ làm hết sức thôi, kết quả đến sau nha~ mọi chuyện rồi sẽ qua thôi 💪"
Tui đang bị cảm thấy cô đơn dù xung quanh có nhiều người nè haiz,buon,Cuộc sống,casual,"haizzz nghe mà thương ghê, buồn như vậy thì ai cũng cần được chia sẻ mà. ra ngoài đi dạo một chút cho thoáng đầu nhé. có mình nè, đừng lo."
"vừa bị cắt mặt suýt gây tai nạn mà ko xin lỗi xong, lo ghê 😤",gian_du,Giao thông,casual,"bực ghê nơi! ai gặp cũng điên tiết thôi bạn ơi. uống ngụm nước lạnh đi rồi bơ nó ra! giận xong thì thôi, đừng giữ mãi."
"vừa lo bảo vệ luận văn bị giáo viên phản biện nặng xong, thất vọng ghê huhu",lo_au,Học tập,casual,"hít thở sâu nào 😅 mình hiểu cảm giác đó lắm! cứ làm hết sức thôi, kết quả đến sau nha~ mình tin bạn làm được mà~"
"Thiệt tình đc crush rủ đi chơi cuối tuần, chán 🎉",vui,Tình cảm,casual,"hết sẩy! xứng đáng lắm luôn! lưu khoảnh khắc này lại, sau nhìn lại vẫn còn vui mà. mình vui cho bạn lắm!"
hôm nay sắp tới deadline mà chưa làm đc gì 🥲,lo_au,Công việc,casual,"ôi thôi lo nhiều cũng không giải quyết được gì thêm đâu nha. cứ làm hết sức thôi, kết quả đến sau nha~ ổn thôi bạn ơi!"
Nói thật là đang bị dc thăng chức sau kỳ đánh giá nè 😎,vui,Công việc,casual,wow xịn xò vậy! kết quả xứng đáng với cố gắng của bạn rồi đó! cứ đà này thì ngon lành luôn! mình vui cho bạn lắm!
"Thiệt tình làm lành với người thân sau trận cãi, chán",vui,Tình cảm,casual,trời ơi hay quá vậy?! kết quả xứng đáng với cố gắng của bạn rồi đó! ăn gì ngon ngon ăn mừng đi! chúc mừng bạn nha 🥳
Ủa chốt hợp đồng lớn sau bao ngày nỗ lực 😆,vui,Công việc,deep,Thật tuyệt vời khi nghe điều này. Niềm vui này bạn hoàn toàn xứng đáng có được. Hãy trân trọng khoảnh khắc này và chia sẻ với những người đã đồng hành. Hãy giữ mãi năng lượng tích cực này nhé.
Tui bị xe tạt nước suốt ng khi đang đi đường 🔥,gian_du,Giao thông,casual,"bực ghê nơi! tức như vậy là phải rồi. hít thở nào, giận quá dễ nói sai rồi hối hận =)) mình tin bạn sẽ xử lý được thôi."
"vừa vừa đọc xong một bài viết thú vị xong, hy vọng ghê 😐",trung_tinh,Cuộc sống,casual,"à ra vậy, ngày bình thường mà, cũng có cái vui của nó. nếu cần tâm sự thì mình ở đây~ 🙂"
"ae tư vấn giúp, ko biết mk có đủ năng lực cho vị trí mới không thì nên làm sao huhu",lo_au,Công việc,casual,từ từ nào! thấy lo như vậy là bình thường mà. ghi ra giấy hết những gì đang lo rồi ưu tiên từng cái. mọi chuyện rồi sẽ qua thôi 💪
"Bị cắt mặt suýt gây tai nạn mà ko xin lỗi, mk không bt làm sao 💢",gian_du,Giao thông,casual,"đúng là củ chuối không chịu được 🤬 tức như vậy là phải rồi. hít thở nào, giận quá dễ nói sai rồi hối hận =)) không đáng mất sức đâu bạn ơi 😤"
"lo mối quan hệ đang dần nhạt đi, nói thật là khum biết làm sao 😰",lo_au,Tình cảm,casual,"bình tĩnh đi bạn ơi, thấy lo như vậy là bình thường mà. thử tắt điện thoại một lúc, tập trung vào 1 việc thôi. ổn thôi bạn ơi!"
Trời ơi đang bị k bt mình đang đi đúng hướng không nè 😥,lo_au,Cuộc sống,casual,hít thở sâu nào 😅 mình hiểu cảm giác đó lắm! ghi ra giấy hết những gì đang lo rồi ưu tiên từng cái. mình tin bạn làm được mà~
"ae tư vấn giúp, không theo kịp bài vở dạo này thì nên làm sao ...",lo_au,Học tập,deep,Mình hiểu bạn đang cảm thấy rất áp lực. Đây là phản ứng bình thường khi đối mặt với áp lực lớn. Hãy thử chia nhỏ vấn đề ra và xử lý từng phần một. Mình tin bạn sẽ vượt qua được.
"chưa học chữ nào mà mai thi rồi, tui khum biết làm sao ...",lo_au,Học tập,casual,"hít thở sâu nào 😅 mình hiểu cảm giác đó lắm! thử tắt điện thoại một lúc, focus vào 1 việc thôi. ổn thôi bạn ơi!"
"Vừa ông bà mất, để lại khoảng trống không bù đc xong, vui ghê",buon,Gia đình,casual,"ôi buồn quá, cảm giác đó nặng lắm, mình hiểu. ra ngoài đi dạo một chút cho thoáng đầu nhé. mai lại oke thôi! 💙"
"vừa dự án tâm huyết bị hủy bỏ phút chót xong, lo ghê 😔",buon,Công việc,deep,Mình rất tiếc khi nghe điều này. Buồn như vậy là hoàn toàn bình thường — đừng cố kìm lại. Tìm người thân thiết để nói chuyện — đừng mang một mình. Thời gian sẽ chữa lành mọi thứ.
Hôm nay đang xem phim nhưng khum có cảm xúc gì mạnh ...,trung_tinh,Suy nghĩ,casual,"hmmm thế thì cũng oke nha, không phải lúc nào cũng cần có gì to tát đâu. tận hưởng sự bình lặng đó đi bạn ơi. cứ thư giãn đi nhé~"
"Vừa tìm ra phương pháp học mới hiệu quả hơn, mk không biết làm sao ✨",hy_vong,Học tập,casual,"xịn lắm nè! cứ giữ năng lượng đó nhé, mọi thứ đang đi đúng hướng rồi! cứ từng bước nhỏ là đủ rồi! tiến lên thôi!"
"Ae ơi ngày bình thường, làm việc rùi về ...",trung_tinh,Cuộc sống,deep,Đôi khi những ngày bình thường lại có giá trị riêng. Không cần lúc nào cũng phải vui hoặc buồn — chỉ cần là chính mình thôi. Hãy để tâm trí được nghỉ ngơi — nó cũng cần được nạp lại. Chỉ cần là chính mình là đủ rồi.
"bị đồng nghiệp nhận công của mình trước mặt sếp, ae ơi không biết làm sao 🔥",gian_du,Công việc,casual,"ugh tức thật! đúng là vô lý không chịu được. hít thở nào, giận quá dễ nói sai rồi hối hận =)) không đáng mất sức đâu bạn ơi 😤"
"lương về rồi, hôm nay k bt làm sao 😆",vui,Cuộc sống,casual,wow xịn xò vậy! xứng đáng lắm luôn! tự thưởng cho mình đi nào~ mình vui cho bạn lắm!
"Vừa đợi mãi một cơ hội mà nó kh đến xong, thất vọng ghê 😶",that_vong,Cuộc sống,casual,"nặng lòng ghê, mình hiểu cảm giác đó, không dễ gì nuốt được đâu. reset lại đi bạn, rồi thứ tốt hơn sẽ đến thôi~ mình tin bạn sẽ vượt qua được."
"Ship đồ ăn thiếu món mà không chịu hoàn tiền, chời ơi không biết làm sao 💢",gian_du,Dịch vụ,casual,"đúng là củ chuối không chịu được 🤬 nghe mà mình cũng bực lây nè. hít thở nào, giận quá dễ nói sai rồi hối hận =)) mình tin bạn sẽ xử lý được thôi."
"Nghe bản nhạc cũ bỗng nhớ kỷ niệm xưa, ủa khum bt làm sao 🥀",buon,Cuộc sống,casual,"ôm bạn nè 🥺 buồn như vậy thì ai cũng cần được chia sẻ mà. gọi cho bạn thân tâm sự đi, đừng ôm một mình. mai lại oke thôi! 💙"
"không bt mình có đủ năng lực cho vị trí mới không, trời ơi không biết làm sao 😥",lo_au,Công việc,casual,"ôi thôi ai gặp chuyện đó cũng rén thôi. thử tắt điện thoại một lúc, focus vào 1 việc thôi. cố lên nhé!"
Tao đang bị áp lực kpi tháng này cao wa nè 😰,lo_au,Công việc,casual,"hít thở sâu nào 😅 ai gặp chuyện đó cũng rén thôi. cứ làm hết sức thôi, kết quả đến sau nha~ mọi chuyện rồi sẽ qua thôi 💪"
Mn ơi khách hàng dời lịch sát giờ không báo trước 😡,gian_du,Công việc,casual,"bực ghê nơi! tức như vậy là phải rồi. xả ra bằng cách đi dạo hoặc nghe nhạc to đi! giận xong thì thôi, đừng giữ mãi."
Tao đồng nghiệp thân nhất vừa nghỉ việc haiz,buon,Công việc,deep,Cảm ơn bạn đã chia sẻ với mình. Buồn như vậy là hoàn toàn bình thường — đừng cố kìm lại. Tìm người thân thiết để nói chuyện — đừng mang một mình. Thời gian sẽ chữa lành mọi thứ.
Hôm nay đang bị cố gắng cả năm nhưng không được thăng chức nè 😔,buon,Công việc,casual,"haizzz nghe mà thương ghê, cảm giác đó nặng lắm, mình hiểu. buồn thì cứ khóc ra cho nhẹ lòng, đừng giữ trong bụng. rồi sẽ qua thôi bạn ơi."
"Ko biết mình đang đi đúng hướng không, nói thật là không biết làm sao 🥲",lo_au,Cuộc sống,casual,hít thở sâu nào 😅 ai gặp chuyện đó cũng rén thôi. ghi ra giấy hết những gì đang lo rồi ưu tiên từng cái. mọi chuyện rồi sẽ qua thôi 💪
"thiệt tình tin vào ng mà cuối cùng bị lừa dối, chán ugh",that_vong,Bản thân,deep,Thất vọng sau khi đặt cả tâm sức — cảm giác đó rất nặng. Kỳ vọng bị phá vỡ luôn để lại dấu ấn sâu. Hãy cho bản thân thời gian để xử lý cảm xúc này trước khi tiếp tục. Bạn vẫn đang tiến về phía trước dù chưa thấy rõ.
"ae tư vấn giúp, nghĩ về tương lai thấy mông lung quá thì nên làm sao",lo_au,Cuộc sống,deep,Lo âu như vậy thực sự rất nặng nề. Lo âu đôi khi là tín hiệu bạn đang quan tâm đến điều quan trọng. Hít thở sâu và bắt đầu từ điều nhỏ nhất có thể làm ngay hôm nay. Từng bước nhỏ vẫn là tiến về phía trước.
Hôm nay tài khoản cạn tiền mà tháng còn dài lắm 🥲,lo_au,Cuộc sống,casual,"bình tĩnh đi bạn ơi, ai gặp chuyện đó cũng rén thôi. thử tắt điện thoại một lúc, focus vào 1 việc thôi. mọi chuyện rồi sẽ qua thôi 💪"
"Vừa không biết mk đang đi đúng hướng không xong, tức ghê 🥲",lo_au,Cuộc sống,deep,Lo âu như vậy thực sự rất nặng nề. Lo âu đôi khi là tín hiệu bạn đang quan tâm đến điều quan trọng. Nói chuyện với người tin tưởng — đôi khi chỉ cần được lắng nghe là nhẹ hơn nhiều. Mình tin bạn sẽ vượt qua được.
"Trời ơi đang bị không vui không buồn, cứ trôi qua thôi nè 🙂",trung_tinh,Cuộc sống,casual,"à ra vậy, ngày bình thường mà, cũng có cái vui của nó. có gì muốn kể thêm thì cứ kể nhé! ngày mai sẽ có nhiều chuyện hay hơn nha!"
Ae ơi vừa đọc xong một bài viết thú vị ...,trung_tinh,Cuộc sống,deep,Cảm ơn bạn đã chia sẻ. Những lúc yên ổn như vậy thường là cơ hội tốt để dừng lại và lắng nghe bản thân. Hãy để tâm trí được nghỉ ngơi — nó cũng cần được nạp lại. Mình ở đây nếu bạn cần nói chuyện.
"ae tư vấn giúp, bị kể chuyện riêng tư cho người khác dù đã dặn giữ kín thì nên làm sao 😤",gian_du,Bạn bè / Người thân,casual,đúng là củ chuối không chịu được 🤬 ai gặp cũng điên tiết thôi bạn ơi. xả ra bằng cách đi dạo hoặc nghe nhạc to đi! mình tin bạn sẽ xử lý được thôi.
"Vừa khách hàng gửi email khen ngợi mình xong, thất vọng ghê ✨",vui,Công việc,casual,yayyy 🎉🎉 mình tự hào về bạn ghê nơi ✨ nhớ chia sẻ niềm vui với người thân nha! chúc mừng bạn nha 🥳
"Vừa sợ bị sếp đánh giá thấp trong kỳ review xong, lo ghê ...",lo_au,Công việc,casual,"bình tĩnh đi bạn ơi, overthinking kiểu này mệt lắm đúng không? cứ làm hết sức thôi, kết quả đến sau nha~ cố lên nhé!"
"Thiệt tình ko vui không buồn, cứ trôi qua thôi, chán ...",trung_tinh,Cuộc sống,deep,"Đôi khi những ngày bình thường lại có giá trị riêng. Những lúc yên ổn như vậy thường là cơ hội tốt để dừng lại và lắng nghe bản thân. Nếu bạn đang cân nhắc điều gì đó, hãy cho mình thêm thời gian suy nghĩ. Bình yên nhé."
"vừa áp lực KPI tháng này cao wa xong, lo ghê huhu",lo_au,Công việc,casual,"ôi thôi ai gặp chuyện đó cũng rén thôi. thử tắt điện thoại một lúc, focus vào 1 việc thôi. cố lên nhé!"
"Vừa hi vọng nhiều rùi nhận kết quả ngược lại xong, tức ghê",that_vong,Cuộc sống,casual,"ugh biết cảm giác đó rồi, thất vọng kiểu này thật sự khó chịu lắm. đừng để thất vọng lần này định nghĩa mình, ok không? bạn vẫn ổn mà, cứ tiến lên thôi! 💪"
"Thiệt tình cố gắng cả năm nhưng không đc thăng chức, chán haiz",buon,Công việc,casual,"ôi buồn quá, cảm giác đó nặng lắm, mình hiểu. gọi cho bạn thân tâm sự đi, đừng ôm một mình. có mình nè, đừng lo."
"Sếp ép deadline vô lý khum có lý do, nói thật là không biết làm sao 🔥",gian_du,Công việc,casual,"bực ghê nơi! đúng là vô lý không chịu được. thả lỏng ra đi, đừng để nó chiếm hết ngày của mình. thôi bỏ qua cho nhẹ đầu nhé!"
"Ae tư vấn giúp, bị cắt mặt suýt gây tai nạn mà ko xin lỗi thì nên làm sao",gian_du,Giao thông,casual,bực ghê nơi! đúng là vô lý không chịu được. xả ra bằng cách đi dạo hoặc nghe nhạc to đi! thôi bỏ qua cho nhẹ đầu nhé!
"Vừa hàng giao sai size mà đổ lỗi do mình đặt nhầm xong, thất vọng ghê 👊",gian_du,Dịch vụ,casual,"trời ơi nghe mà tức dùm á 😡 nghe mà mình cũng bực lây nè. thả lỏng ra đi, đừng để nó chiếm hết ngày của mình. thôi bỏ qua cho nhẹ đầu nhé!"
"thiệt tình hi vọng nhiều rồi nhận kết quả ngược lại, chán haizzz",that_vong,Cuộc sống,casual,"ugh biết cảm giác đó rồi, thất vọng kiểu này thật sự khó chịu lắm. reset lại đi bạn, rồi thứ tốt hơn sẽ đến thôi~ bạn vẫn ổn mà, cứ tiến lên thôi! 💪"
"Đang code xong thì cúp điện mất hết, chời ơi khum biết làm sao 😤",gian_du,Công việc,casual,"trời ơi nghe mà tức dùm á 😡 ai gặp cũng điên tiết thôi bạn ơi. hít thở nào, giận quá dễ nói sai rồi hối hận =)) giận xong thì thôi, đừng giữ mãi."
Nói thật là đang bị taxi chặt chém gấp đôi giá lúc đang vội nè 💢,gian_du,Giao thông,casual,"đúng là củ chuối không chịu được 🤬 đúng là vô lý không chịu được. hít thở nào, giận quá dễ nói sai rồi hối hận =)) giận xong thì thôi, đừng giữ mãi."
"Khum bt mình có đủ năng lực cho vị trí mới không, tao không biết làm sao 😥",lo_au,Công việc,deep,Lo âu như vậy thực sự rất nặng nề. Lo âu đôi khi là tín hiệu bạn đang quan tâm đến điều quan trọng. Hít thở sâu và bắt đầu từ điều nhỏ nhất có thể làm ngay hôm nay. Từng bước nhỏ vẫn là tiến về phía trước.
"Thiệt tình công việc ổn định, ko có gì nhiều để kể, chán",trung_tinh,Công việc,casual,"à ra vậy, ngày bình thường mà, cũng có cái vui của nó. nếu cần tâm sự thì mình ở đây~ ngày mai sẽ có nhiều chuyện hay hơn nha!"
"sắp trả tiền trọ mà lương chưa về, dạo này không bt làm sao 😱",lo_au,Cuộc sống,deep,Lo âu như vậy thực sự rất nặng nề. Cảm giác bất an đó rất thật và rất khó chịu. Nói chuyện với người tin tưởng — đôi khi chỉ cần được lắng nghe là nhẹ hơn nhiều. Mình tin bạn sẽ vượt qua được.
Hôm nay bị hứa thưởng nhưng cuối năm lại k có 😶,that_vong,Công việc,casual,"ugh biết cảm giác đó rồi, kỳ vọng lớn mà bị hẫng thì đau thiệt. reset lại đi bạn, rồi thứ tốt hơn sẽ đến thôi~ bạn vẫn ổn mà, cứ tiến lên thôi! 💪"
"Mình ngồi uống cà phê một mình, tâm trạng bình thường",trung_tinh,Suy nghĩ,casual,"à ra vậy, không phải lúc nào cũng cần có gì to tát đâu, ngày bình thường cũng có cái hay của nó. nếu cần tâm sự thì mình ở đây~ ngày mai sẽ có nhiều chuyện hay hơn nha!"
"Vừa sắp tới deadline mà chưa làm được gì xong, hy vọng ghê 😱",lo_au,Công việc,deep,Lo âu như vậy thực sự rất nặng nề. Lo âu đôi khi là tín hiệu bạn đang quan tâm đến điều quan trọng. Nói chuyện với người tin tưởng — đôi khi chỉ cần được lắng nghe là nhẹ hơn nhiều. Từng bước nhỏ vẫn là tiến về phía trước.
Ủa dc giao nhiệm vụ mới thú vị hơn 🌱,hy_vong,Công việc,casual,wow nhìn thấy vậy vui ghê! mình cũng tin vào bạn nha~ đừng để ai lấy đi cái tinh thần đó của mình nghen! mình chờ nghe tin vui từ bạn nhé~
"thiệt tình lo bảo vệ luận văn bị giáo viên phản biện nặng, chán ...",lo_au,Học tập,deep,Lo âu như vậy thực sự rất nặng nề. Lo âu đôi khi là tín hiệu bạn đang quan tâm đến điều quan trọng. Hít thở sâu và bắt đầu từ điều nhỏ nhất có thể làm ngay hôm nay. Từng bước nhỏ vẫn là tiến về phía trước.
Ủa đang bị cố xây dựng điều gì đó mà bị phá vỡ một cách vô lý nè haizzz,that_vong,Cuộc sống,casual,"ugh biết cảm giác đó rồi, mình hiểu cảm giác đó, không dễ gì nuốt được đâu. đừng để thất vọng lần này định nghĩa mình, ok không? bạn vẫn ổn mà, cứ tiến lên thôi! 💪"
Dạo này đang bị làm đúng quy trình mà vẫn bị chỉ trích nè ugh,that_vong,Công việc,casual,"ugh biết cảm giác đó rồi, kỳ vọng lớn mà bị hẫng thì đau thiệt. thử nhìn lại mình học được gì từ lần này nhé. bạn vẫn ổn mà, cứ tiến lên thôi! 💪"
"đang code xong thì cúp điện mất hết, tớ ko biết làm sao 🔥",gian_du,Công việc,casual,"trời ơi nghe mà tức dùm á 😡 nghe mà mình cũng bực lây nè. thả lỏng ra đi, đừng để nó chiếm hết ngày của mình. giận xong thì thôi, đừng giữ mãi."
"vừa được chọn vào đội tuyển nghiên cứu xong, lo ghê =))",vui,Học tập,casual,wow xịn xò vậy! nghe mà vui lây =)) tự thưởng cho mình đi nào~ tiếp tục phát huy nhé!
"vừa đang xem phim nhưng không có cảm xúc gì mạnh xong, buồn ghê 😐",trung_tinh,Suy nghĩ,casual,"bình bình vậy cũng ổn mà, đôi khi yên ổn cũng là một loại hạnh phúc đó! có gì muốn kể thêm thì cứ kể nhé! 🙂"
"vừa bốc thăm trúng phần thưởng to xong, lo ghê 🤩",vui,Cuộc sống,casual,đỉnh của chóp luôn á!! kết quả xứng đáng với cố gắng của bạn rồi đó! ăn gì ngon ngon ăn mừng đi! tiếp tục phát huy nhé!
hôm nay không theo kịp bài vở dạo này ...,lo_au,Học tập,casual,"oke oke, lo nhiều cũng không giải quyết được gì thêm đâu nha. cứ làm hết sức thôi, kết quả đến sau nha~ mọi chuyện rồi sẽ qua thôi 💪"
hôm nay xa nhà lâu qá nhớ mọi ng haiz,buon,Gia đình,casual,"haizzz nghe mà thương ghê, buồn như vậy thì ai cũng cần được chia sẻ mà. ăn gì ngon ngon đi, tự thưởng cho bản thân xíu. mai lại oke thôi! 💙"
"Thiệt tình chưa học chữ nào mà mai thi rồi, chán huhu",lo_au,Học tập,casual,từ từ nào! overthinking kiểu này mệt lắm đúng không? uống ly nước rồi chia nhỏ vấn đề ra xử lý từng cái nhé! ổn thôi bạn ơi!
Trời ơi đang bị thất bại lần này sau khi đã chuẩn bị rất kỹ nè haizzz,that_vong,Bản thân,casual,"nặng lòng ghê, mình hiểu cảm giác đó, không dễ gì nuốt được đâu. reset lại đi bạn, rồi thứ tốt hơn sẽ đến thôi~ bạn vẫn ổn mà, cứ tiến lên thôi! 💪"
"ae tư vấn giúp, làm lành vs người thân sau trận cãi thì nên làm sao 🤩",vui,Tình cảm,casual,wow xịn xò vậy! nghe mà vui lây =)) ăn gì ngon ngon ăn mừng đi! giữ phong độ nhé bạn ơi!
"vừa cảm thấy cô đơn dù xung quanh có nhiều người xong, vui ghê 😞",buon,Cuộc sống,casual,"ôi buồn quá, nghe mà thương bạn lắm luôn. bật phim hoặc nhạc chill đi nào! mai lại oke thôi! 💙"
Ae ơi đang bị được crush rủ đi chơi cuối tuần nè 🎉,vui,Tình cảm,casual,hết sẩy! xứng đáng lắm luôn! nhớ chia sẻ niềm vui với người thân nha! tiếp tục phát huy nhé!
"Mn ơi ngồi uống cà phê một mình, tâm trạng bình thường",trung_tinh,Suy nghĩ,deep,Trạng thái trung dung cũng là một phần bình thường của cuộc sống. Không cần lúc nào cũng phải vui hoặc buồn — chỉ cần là chính mình thôi. Hãy để tâm trí được nghỉ ngơi — nó cũng cần được nạp lại. Bình yên nhé.
"Thiệt tình tin tưởng đồng nghiệp mà bị phản bội, chán haizzz",that_vong,Công việc,casual,"ugh biết cảm giác đó rồi, thất vọng kiểu này thật sự khó chịu lắm. thử nhìn lại mình học được gì từ lần này nhé. rồi sẽ tốt hơn thôi bạn ơi."
Mk đang bị crush vừa công khai người yêu mới nè 😔,buon,Tình cảm,casual,"haizzz nghe mà thương ghê, nghe mà thương bạn lắm luôn. ra ngoài đi dạo một chút cho thoáng đầu nhé. mai lại oke thôi! 💙"
Mn ơi sếp ép deadline vô lý không có lý do 🔥,gian_du,Công việc,deep,"Cảm giác bất công đó rất thật. Đôi khi ranh giới cần được giữ vững và điều đó đúng. Nếu cần, hãy nói thẳng ra một cách bình tĩnh — giữ im lặng mãi cũng không tốt. Bạn không cần nuốt bực bội vào trong mãi."
Nói thật là đang bị xa nhà lâu wa nhớ mọi ng nè 😞,buon,Gia đình,casual,trời ơi nghe mà tủi thân giùm 😢 buồn như vậy thì ai cũng cần được chia sẻ mà. bật phim hoặc nhạc chill đi nào! mình ở đây nghe bạn kể nhé~
Tui người yêu tặng quà bất ngờ 😎,vui,Tình cảm,casual,trời ơi hay quá vậy?! xứng đáng lắm luôn! nhớ chia sẻ niềm vui với người thân nha! chúc mừng bạn nha 🥳
Tớ bị cắt mặt suýt gây tai nạn mà không xin lỗi 💢,gian_du,Giao thông,casual,"trời ơi nghe mà tức dùm á 😡 tức như vậy là phải rồi. bơ đi mà sống, năng lượng của mình quý hơn chứ. mình tin bạn sẽ xử lý được thôi."
Mk nghe bản nhạc cũ bỗng nhớ kỷ niệm xưa 😔,buon,Cuộc sống,casual,"haizzz nghe mà thương ghê, đừng cố tỏ ra ổn, có mình ở đây nè. ra ngoài đi dạo một chút cho thoáng đầu nhé. rồi sẽ qua thôi bạn ơi."
"ae tư vấn giúp, công việc ổn định, không có gì nhiều để kể thì nên làm sao 🙂",trung_tinh,Công việc,casual,"à ra vậy, cứ để ngày trôi qua tự nhiên thôi, không cần rush. ngày bình thường cũng nạp năng lượng được mà 😌 🙂 cứ thư giãn đi nhé~"
Ae ơi đang bị cố xây dựng điều gì đó mà bị phá vỡ một cách vô lý nè,that_vong,Cuộc sống,casual,"nghe mà buồn cho bạn quá 💔 thất vọng kiểu này thật sự khó chịu lắm. reset lại đi bạn, rồi thứ tốt hơn sẽ đến thôi~ rồi sẽ tốt hơn thôi bạn ơi."
"Nghe bản nhạc cũ bỗng nhớ kỷ niệm xưa, mk ko biết làm sao 😞",buon,Cuộc sống,casual,"ôm bạn nè 🥺 nghe mà thương bạn lắm luôn. gọi cho bạn thân tâm sự đi, đừng ôm một mình. mình ở đây nghe bạn kể nhé~"
"ae tư vấn giúp, tìm được quán cà phê ưng ý mới thì nên làm sao",vui,Cuộc sống,casual,yayyy 🎉🎉 xứng đáng lắm luôn! cứ đà này thì ngon lành luôn! chúc mừng bạn nha 🥳
"Thiệt tình nhìn lại năm qua thấy chẳng đạt dc gì, chán 🥀",buon,Cuộc sống,casual,trời ơi nghe mà tủi thân giùm 😢 nghe mà thương bạn lắm luôn. bật phim hoặc nhạc chill đi nào! mình ở đây nghe bạn kể nhé~
"cố xây dựng điều gì đó mà bị phá vỡ một cách vô lý, ngl không biết làm sao 💔",that_vong,Cuộc sống,casual,"ugh biết cảm giác đó rồi, thất vọng kiểu này thật sự khó chịu lắm. đừng để thất vọng lần này định nghĩa mình, ok không? mình tin bạn sẽ vượt qua được."
"Tui team vừa có thành viên mới giỏi, kỳ vọng cao 😌",hy_vong,Công việc,deep,"Thật đáng quý khi bạn vẫn giữ được cái nhìn tích cực này. Cảm giác bắt đầu thấy ánh sáng ở cuối đường hầm rất đáng trân trọng. Đừng so sánh tiến độ của mình với người khác — hành trình của bạn là của riêng bạn. Cứ tiến lên, mình cổ vũ bạn."
"vừa taxi chặt chém gấp đôi giá lúc đang vội xong, lo ghê 💢",gian_du,Giao thông,casual,"ugh tức thật! ai gặp cũng điên tiết thôi bạn ơi. thả lỏng ra đi, đừng để nó chiếm hết ngày của mình. thôi bỏ qua cho nhẹ đầu nhé!"
Ngl bạn cũ từ xa về thăm bất ngờ 😎,vui,Tình cảm,casual,đỉnh của chóp luôn á!! nghe mà vui lây =)) nhớ chia sẻ niềm vui với người thân nha! chúc mừng bạn nha 🥳
"Vừa chia tay xong cứ thấy trống rỗng xong, lo ghê 🥀",buon,Tình cảm,casual,"ôi buồn quá, nghe mà thương bạn lắm luôn. gọi cho bạn thân tâm sự đi, đừng ôm một mình. rồi sẽ qua thôi bạn ơi."
Hôm nay bạn hẹn đi ăn rùi tự nhiên cancel không lý do 🔥,gian_du,Bạn bè / Người thân,casual,"đúng là củ chuối không chịu được 🤬 đúng là vô lý không chịu được. bơ đi mà sống, năng lượng của mình quý hơn chứ. thôi bỏ qua cho nhẹ đầu nhé!"
"Vừa bắt đầu một thói quen mới và duy trì dc 2 tuần rùi xong, buồn ghê 🌱",hy_vong,Cuộc sống,deep,Hy vọng là thứ rất quý — và bạn đang có nó. Bạn đang ở đúng nơi cần phải có để tiếp tục tiến lên. Đừng so sánh tiến độ của mình với người khác — hành trình của bạn là của riêng bạn. Hành trình đang đi đúng hướng rồi.
"sợ tỏ tình xong bị từ chối thì mất cả tình bạn, dạo này khum bt làm sao",lo_au,Tình cảm,deep,Mình hiểu bạn đang cảm thấy rất áp lực. Cảm giác bất an đó rất thật và rất khó chịu. Hãy thử chia nhỏ vấn đề ra và xử lý từng phần một. Bạn không cần giải quyết tất cả cùng lúc đâu.
Dạo này đang cân nhắc chuyện đổi việc nhưng chưa quyết 😐,trung_tinh,Công việc,casual,"bình bình vậy cũng ổn mà, ngày bình thường mà, cũng có cái vui của nó. có gì muốn kể thêm thì cứ kể nhé! cứ thư giãn đi nhé~"
"Cố gắng cả năm nhưng không đc thăng chức, ngl không biết làm sao 😢",buon,Công việc,casual,"haizzz nghe mà thương ghê, cảm giác đó nặng lắm, mình hiểu. bật phim hoặc nhạc chill đi nào! rồi sẽ qua thôi bạn ơi."
"ae tư vấn giúp, bài thi được điểm cao ngoài mong đợi thì nên làm sao ✨",vui,Học tập,deep,Thành quả đáng được trân trọng. Niềm vui này bạn hoàn toàn xứng đáng có được. Hãy trân trọng khoảnh khắc này và chia sẻ với những người đã đồng hành. Hãy giữ mãi năng lượng tích cực này nhé.
"thiệt tình bị hứa thưởng nhưng cuối năm lại không có, chán 💔",that_vong,Công việc,casual,"haizzz đặt kỳ vọng cao rồi bị hẫng đau lắm, kỳ vọng lớn mà bị hẫng thì đau thiệt. thử nhìn lại mình học được gì từ lần này nhé. mình tin bạn sẽ vượt qua được."
"Yêu thật lòng mà ko dc đáp lại, tớ không bt làm sao 💔",that_vong,Tình cảm,casual,nghe mà buồn cho bạn quá 💔 kỳ vọng lớn mà bị hẫng thì đau thiệt. coi như bài học đắt giá nghen! mình tin bạn sẽ vượt qua được.
"Ae tư vấn giúp, chưa học chữ nào mà mai thi rồi thì nên làm sao 😱",lo_au,Học tập,casual,hít thở sâu nào 😅 overthinking kiểu này mệt lắm đúng không? uống ly nước rồi chia nhỏ vấn đề ra xử lý từng cái nhé! mọi chuyện rồi sẽ qua thôi 💪
"Thiệt tình đợi mãi một cơ hội mà nó không đến, chán 😶",that_vong,Cuộc sống,deep,Mình hiểu bạn đang cảm thấy rất hụt hẫng lúc này. Cảm giác hẫng hụt là rất thật và đáng được thừa nhận. Đừng vội kết luận về bản thân chỉ vì một kết quả chưa như ý. Thất vọng không phải điểm kết thúc — hãy tiếp tục.
"vừa thất bại lần này sau khi đã chuẩn bị rất kỹ xong, lo ghê 💔",that_vong,Bản thân,casual,"ugh biết cảm giác đó rồi, thất vọng kiểu này thật sự khó chịu lắm. đừng để thất vọng lần này định nghĩa mình, ok không? bạn vẫn ổn mà, cứ tiến lên thôi! 💪"
Dạo này dự án tâm huyết bị hủy bỏ phút chót 😢,buon,Công việc,casual,"ôi buồn quá, cảm giác đó nặng lắm, mình hiểu. bật phim hoặc nhạc chill đi nào! mai lại oke thôi! 💙"
"vừa đặt phòng khách sạn xong đến nơi bảo hết phòng xong, tức ghê 😤",gian_du,Dịch vụ,casual,ugh tức thật! ai gặp cũng điên tiết thôi bạn ơi. xả ra bằng cách đi dạo hoặc nghe nhạc to đi! thôi bỏ qua cho nhẹ đầu nhé!
Dạo này tìm dc hướng đi rõ ràng hơn cho tương lai,hy_vong,Cuộc sống,casual,tuyệt vời đó bạn! kế hoạch rõ ràng rồi thì cứ thế mà tiến thôi! cứ từng bước nhỏ là đủ rồi! mình chờ nghe tin vui từ bạn nhé~
"vừa đang xem phim nhưng ko có cảm xúc gì mạnh xong, buồn ghê 🙂",trung_tinh,Suy nghĩ,casual,"à ra vậy, không phải lúc nào cũng cần có gì to tát đâu. tận hưởng sự bình lặng đó đi bạn ơi. cứ thư giãn đi nhé~"
"vừa đang suy nghĩ về một quyết định chưa biết nên làm hay không xong, bình thường ghê 😐",trung_tinh,Cuộc sống,casual,"à ra vậy, đôi khi yên ổn cũng là một loại hạnh phúc đó! nếu cần tâm sự thì mình ở đây~ 🙂"
"Hôm nay không vui không buồn, cứ trôi qua thôi ...",trung_tinh,Cuộc sống,casual,"hmmm thế thì cũng oke nha, không phải lúc nào cũng cần có gì to tát đâu. có gì muốn kể thêm thì cứ kể nhé! ngày mai sẽ có nhiều chuyện hay hơn nha!"
Ngl đang bị xa nhà lâu quá nhớ mọi ng nè 😔,buon,Gia đình,casual,"ôi buồn quá, buồn như vậy thì ai cũng cần được chia sẻ mà. buồn thì cứ khóc ra cho nhẹ lòng, đừng giữ trong bụng. mình ở đây nghe bạn kể nhé~"
"Khách hàng dời lịch sát giờ ko báo trước, ngl không biết làm sao 😡",gian_du,Công việc,casual,trời ơi nghe mà tức dùm á 😡 ai gặp cũng điên tiết thôi bạn ơi. uống ngụm nước lạnh đi rồi bơ nó ra! thôi bỏ qua cho nhẹ đầu nhé!
"thiệt tình không biết người ấy có thật sự thích mình không, chán 😥",lo_au,Tình cảm,casual,"oke oke, mình hiểu cảm giác đó lắm! ghi ra giấy hết những gì đang lo rồi ưu tiên từng cái. mình tin bạn làm được mà~"
"mọi thứ dạo này cứ xui xẻo liên tục, ủa khum biết làm sao 😞",buon,Cuộc sống,casual,"haizzz nghe mà thương ghê, cảm giác đó nặng lắm, mình hiểu. bật phim hoặc nhạc chill đi nào! mình ở đây nghe bạn kể nhé~"
"công việc ổn định, không có gì nhiều để kể, dạo này không biết làm sao",trung_tinh,Công việc,deep,Cảm ơn bạn đã chia sẻ. Không cần lúc nào cũng phải vui hoặc buồn — chỉ cần là chính mình thôi. Hãy để tâm trí được nghỉ ngơi — nó cũng cần được nạp lại. Mình ở đây nếu bạn cần nói chuyện.
"Hôm nay hôm nay đi đường không tắc, đến nơi sớm 🤩",vui,Cuộc sống,casual,đỉnh của chóp luôn á!! nghe mà vui lây =)) nhớ chia sẻ niềm vui với người thân nha! chúc mừng bạn nha 🥳
"Ae tư vấn giúp, bị xe tạt nước suốt người khi đang đi đường thì nên làm sao 🔥",gian_du,Giao thông,casual,ugh tức thật! ai gặp cũng điên tiết thôi bạn ơi. uống ngụm nước lạnh đi rồi bơ nó ra! mình tin bạn sẽ xử lý được thôi.
"Vừa bị đồng nghiệp nhận công của mình trước mặt sếp xong, hy vọng ghê 🤬",gian_du,Công việc,casual,"trời ơi nghe mà tức dùm á 😡 đúng là vô lý không chịu được. thả lỏng ra đi, đừng để nó chiếm hết ngày của mình. mình tin bạn sẽ xử lý được thôi."
Mình đang bị đang cân nhắc chuyện đổi việc nhưng chưa quyết nè 😐,trung_tinh,Công việc,casual,"aha hiểu rồi! ngày bình thường mà, cũng có cái vui của nó. tận hưởng sự bình lặng đó đi bạn ơi. 🙂"
"Thiệt tình bị kể chuyện riêng tư cho người khác dù đã dặn giữ kín, chán 👊",gian_du,Bạn bè / Người thân,casual,"trời ơi nghe mà tức dùm á 😡 nghe mà mình cũng bực lây nè. bơ đi mà sống, năng lượng của mình quý hơn chứ. giận xong thì thôi, đừng giữ mãi."
"vừa tìm dc qán cà phê ưng ý mới xong, lo ghê",vui,Cuộc sống,deep,Thật tuyệt vời khi nghe điều này. Niềm vui này bạn hoàn toàn xứng đáng có được. Hãy trân trọng khoảnh khắc này và chia sẻ với những người đã đồng hành. Chúc bạn tiếp tục gặt hái thêm nhiều thành quả.
Mn ơi bạn bè lúc khó khăn thì khum ai xuất hiện,that_vong,Tình cảm,casual,"haizzz đặt kỳ vọng cao rồi bị hẫng đau lắm, mình hiểu cảm giác đó, không dễ gì nuốt được đâu. reset lại đi bạn, rồi thứ tốt hơn sẽ đến thôi~ bạn vẫn ổn mà, cứ tiến lên thôi! 💪"
Mình ko biết mình đang đi đúng hướng không 🥲,lo_au,Cuộc sống,casual,"từ từ nào! ai gặp chuyện đó cũng rén thôi. đừng nhìn cả đống cùng lúc, từng bước nhỏ thôi! cố lên nhé!"
Mk đang bị bắt đầu một thói quen mới và duy trì được 2 tuần rùi nè 😌,hy_vong,Cuộc sống,casual,xịn lắm nè! kế hoạch rõ ràng rồi thì cứ thế mà tiến thôi! chúc mọi thứ diễn ra suôn sẻ nhé ✨ mình chờ nghe tin vui từ bạn nhé~
"Vừa thất bại lần này sau khi đã chuẩn bị rất kỹ xong, hy vọng ghê",that_vong,Bản thân,casual,"nặng lòng ghê, kỳ vọng lớn mà bị hẫng thì đau thiệt. đừng để thất vọng lần này định nghĩa mình, ok không? rồi sẽ tốt hơn thôi bạn ơi."
Ủa đang bị khối lượng công việc ngập đầu ko biết bắt đầu từ đâu nè ...,lo_au,Công việc,casual,"hít thở sâu nào 😅 lo nhiều cũng không giải quyết được gì thêm đâu nha. cứ làm hết sức thôi, kết quả đến sau nha~ mình tin bạn làm được mà~"
"Đồng nghiệp thân nhất vừa nghỉ việc, hôm nay kh biết làm sao 😔",buon,Công việc,casual,"trời ơi nghe mà tủi thân giùm 😢 cảm giác đó nặng lắm, mình hiểu. ăn gì ngon ngon đi, tự thưởng cho bản thân xíu. có mình nè, đừng lo."
"ae tư vấn giúp, sợ rớt môn, ảnh hưởng học bổng thì nên làm sao ...",lo_au,Học tập,deep,Lo âu như vậy thực sự rất nặng nề. Đây là phản ứng bình thường khi đối mặt với áp lực lớn. Hãy thử chia nhỏ vấn đề ra và xử lý từng phần một. Bạn không cần giải quyết tất cả cùng lúc đâu.
"nghe bản nhạc cũ bỗng nhớ kỷ niệm xưa, trời ơi không biết làm sao",buon,Cuộc sống,casual,"ôi buồn quá, đừng cố tỏ ra ổn, có mình ở đây nè. buồn thì cứ khóc ra cho nhẹ lòng, đừng giữ trong bụng. có mình nè, đừng lo."
"Ae tư vấn giúp, crush vừa công khai người yêu mới thì nên làm sao 😢",buon,Tình cảm,casual,"ôi buồn quá, đừng cố tỏ ra ổn, có mình ở đây nè. gọi cho bạn thân tâm sự đi, đừng ôm một mình. rồi sẽ qua thôi bạn ơi."
Tui sợ bị sếp đánh giá thấp trong kỳ review 😰,lo_au,Công việc,deep,Mình hiểu bạn đang cảm thấy rất áp lực. Cảm giác bất an đó rất thật và rất khó chịu. Hít thở sâu và bắt đầu từ điều nhỏ nhất có thể làm ngay hôm nay. Mình tin bạn sẽ vượt qua được.
"thiệt tình tự nhiên ngồi nhìn ra cửa sổ và nghĩ linh tinh, chán",trung_tinh,Suy nghĩ,casual,"aha hiểu rồi! cứ để ngày trôi qua tự nhiên thôi, không cần rush. nếu cần tâm sự thì mình ở đây~ 🙂 cứ thư giãn đi nhé~"
"vừa bốc thăm trúng phần thưởng to xong, buồn ghê 😎",vui,Cuộc sống,casual,trời ơi hay quá vậy?! xứng đáng lắm luôn! nhớ chia sẻ niềm vui với người thân nha! chúc mừng bạn nha 🥳
"Thiệt tình crush vừa công khai người yêu mới, chán 😞",buon,Tình cảm,casual,"trời ơi nghe mà tủi thân giùm 😢 cảm giác đó nặng lắm, mình hiểu. bật phim hoặc nhạc chill đi nào! rồi sẽ qua thôi bạn ơi."
"nhớ ng yêu cũ khi trời mưa, tui không biết làm sao 😔",buon,Tình cảm,casual,"haizzz nghe mà thương ghê, đừng cố tỏ ra ổn, có mình ở đây nè. bật phim hoặc nhạc chill đi nào! rồi sẽ qua thôi bạn ơi."
Tui đang bị tin tưởng đồng nghiệp mà bị phản bội nè ugh,that_vong,Công việc,casual,"haizzz đặt kỳ vọng cao rồi bị hẫng đau lắm, không phải lỗi của mình đâu nha. thử nhìn lại mình học được gì từ lần này nhé. bạn vẫn ổn mà, cứ tiến lên thôi! 💪"
"vừa kh bt mk đang đi đúng hướng không xong, thất vọng ghê 😰",lo_au,Cuộc sống,casual,"bình tĩnh đi bạn ơi, lo nhiều cũng không giải quyết được gì thêm đâu nha. đừng nhìn cả đống cùng lúc, từng bước nhỏ thôi! cố lên nhé!"
"ae tư vấn giúp, sắp tới deadline mà chưa làm dc gì thì nên làm sao 🥲",lo_au,Công việc,casual,"ôi thôi mình hiểu cảm giác đó lắm! đừng nhìn cả đống cùng lúc, từng bước nhỏ thôi! mọi chuyện rồi sẽ qua thôi 💪"
"Mk sợ rớt môn, ảnh hưởng học bổng 😥",lo_au,Học tập,casual,"từ từ nào! lo nhiều cũng không giải quyết được gì thêm đâu nha. thử tắt điện thoại một lúc, focus vào 1 việc thôi. cố lên nhé!"
hôm nay khum bt người ấy có thật sự thích mình không ...,lo_au,Tình cảm,deep,Mình nghe thấy sự lo lắng của bạn. Lo âu đôi khi là tín hiệu bạn đang quan tâm đến điều quan trọng. Nói chuyện với người tin tưởng — đôi khi chỉ cần được lắng nghe là nhẹ hơn nhiều. Từng bước nhỏ vẫn là tiến về phía trước.
Nói thật là gửi CV và đang chờ kết quả phỏng vấn 🙏,hy_vong,Công việc,casual,xịn lắm nè! kế hoạch rõ ràng rồi thì cứ thế mà tiến thôi! đừng để ai lấy đi cái tinh thần đó của mình nghen! tiến lên thôi!
Mk đặt nhiều kỳ vọng vào ng ấy mà họ ko quan tâm haizzz,that_vong,Tình cảm,casual,"haizzz đặt kỳ vọng cao rồi bị hẫng đau lắm, thất vọng kiểu này thật sự khó chịu lắm. reset lại đi bạn, rồi thứ tốt hơn sẽ đến thôi~ mình tin bạn sẽ vượt qua được."
"vừa hôm nay đi đường không tắc, đến nơi sớm xong, buồn ghê 🥰",vui,Cuộc sống,casual,"hết sẩy! mình tự hào về bạn ghê nơi ✨ lưu khoảnh khắc này lại, sau nhìn lại vẫn còn vui mà. mình vui cho bạn lắm!"
Ae ơi đang bị dự án mới bắt đầu và cảm giác rất tiềm năng nè 🤞,hy_vong,Công việc,casual,"wow nhìn thấy vậy vui ghê! kế hoạch rõ ràng rồi thì cứ thế mà tiến thôi! chia sẻ kế hoạch này với người thân, được ủng hộ thêm sẽ vững hơn. tiến lên thôi!"
hôm nay bắt đầu một thói quen mới và duy trì dc 2 tuần r 🙏,hy_vong,Cuộc sống,casual,tuyệt vời đó bạn! kế hoạch rõ ràng rồi thì cứ thế mà tiến thôi! chúc mọi thứ diễn ra suôn sẻ nhé ✨ mình chờ nghe tin vui từ bạn nhé~
"vừa ngày bình thường, làm việc rùi về xong, bình thường ghê 😐",trung_tinh,Cuộc sống,casual,"aha hiểu rồi! ngày bình thường mà, cũng có cái vui của nó. có gì muốn kể thêm thì cứ kể nhé! 🙂"
"vừa tự nhiên ngồi nhìn ra cửa sổ và nghĩ linh tinh xong, vui ghê ...",trung_tinh,Suy nghĩ,casual,"bình bình vậy cũng ổn mà, ngày bình thường mà, cũng có cái vui của nó. tận hưởng sự bình lặng đó đi bạn ơi. 🙂"
hôm nay người yêu liên tục đến trễ mà k xin lỗi 💢,gian_du,Bạn bè / Người thân,casual,đúng là củ chuối không chịu được 🤬 tức như vậy là phải rồi. xả ra bằng cách đi dạo hoặc nghe nhạc to đi! không đáng mất sức đâu bạn ơi 😤
Hôm nay ôn thi xong cảm thấy tự tin hơn nhiều ✨,hy_vong,Học tập,casual,"ôi nghe mà có động lực lây luôn á 🌱 cứ giữ năng lượng đó nhé, mọi thứ đang đi đúng hướng rồi! chia sẻ kế hoạch này với người thân, được ủng hộ thêm sẽ vững hơn. cổ vũ bạn 100% nè! 🤞"
"Người yêu liên tục đến trễ mà khum xin lỗi, mn ơi không biết làm sao 🔥",gian_du,Bạn bè / Người thân,casual,đúng là củ chuối không chịu được 🤬 tức như vậy là phải rồi. xả ra bằng cách đi dạo hoặc nghe nhạc to đi! không đáng mất sức đâu bạn ơi 😤
"Vừa hi vọng nhiều r nhận kết quả ngược lại xong, thất vọng ghê 💔",that_vong,Cuộc sống,casual,"nghe mà buồn cho bạn quá 💔 mình hiểu cảm giác đó, không dễ gì nuốt được đâu. coi như bài học đắt giá nghen! rồi sẽ tốt hơn thôi bạn ơi."
Chời ơi đang bị cảm giác mối quan hệ đang ấm lên dần nè 🤞,hy_vong,Tình cảm,casual,"ôi nghe mà có động lực lây luôn á 🌱 kế hoạch rõ ràng rồi thì cứ thế mà tiến thôi! chia sẻ kế hoạch này với người thân, được ủng hộ thêm sẽ vững hơn. tiến lên thôi!"
"ae tư vấn giúp, pass môn khó nhất học kỳ thì nên làm sao 😆",vui,Học tập,deep,Thật tuyệt vời khi nghe điều này. Kết quả này là minh chứng cho sự kiên trì của bạn. Hãy trân trọng khoảnh khắc này và chia sẻ với những người đã đồng hành. Chúc bạn tiếp tục gặt hái thêm nhiều thành quả.
Ngl đang bị đang xem phim nhưng không có cảm xúc gì mạnh nè 🙂,trung_tinh,Suy nghĩ,casual,"bình bình vậy cũng ổn mà, đôi khi yên ổn cũng là một loại hạnh phúc đó! tận hưởng sự bình lặng đó đi bạn ơi. 🙂"
Dạo này đồng nghiệp thân nhất vừa nghỉ việc haiz,buon,Công việc,casual,"haizzz nghe mà thương ghê, buồn như vậy thì ai cũng cần được chia sẻ mà. bật phim hoặc nhạc chill đi nào! rồi sẽ qua thôi bạn ơi."
Tui đang bị lương về rồi nè 😆,vui,Cuộc sống,casual,"đỉnh của chóp luôn á!! xứng đáng lắm luôn! lưu khoảnh khắc này lại, sau nhìn lại vẫn còn vui mà. giữ phong độ nhé bạn ơi!"
"Ae tư vấn giúp, bị hứa thưởng nhưng cuối năm lại ko có thì nên làm sao 💔",that_vong,Công việc,casual,"ugh biết cảm giác đó rồi, thất vọng kiểu này thật sự khó chịu lắm. reset lại đi bạn, rồi thứ tốt hơn sẽ đến thôi~ rồi sẽ tốt hơn thôi bạn ơi."
hôm nay bắt đầu một thói quen mới và duy trì được 2 tuần rồi 🙏,hy_vong,Cuộc sống,casual,"tuyệt vời đó bạn! kế hoạch rõ ràng rồi thì cứ thế mà tiến thôi! chia sẻ kế hoạch này với người thân, được ủng hộ thêm sẽ vững hơn. tiến lên thôi!"
"Thiệt tình tìm dc hướng đi rõ ràng hơn cho tương lai, chán ✨",hy_vong,Cuộc sống,casual,"tuyệt vời đó bạn! cứ giữ năng lượng đó nhé, mọi thứ đang đi đúng hướng rồi! cứ từng bước nhỏ là đủ rồi! cổ vũ bạn 100% nè! 🤞"
"Vừa ông bà mất, để lại khoảng trống không bù được xong, buồn ghê 😞",buon,Gia đình,casual,"trời ơi nghe mà tủi thân giùm 😢 cảm giác đó nặng lắm, mình hiểu. bật phim hoặc nhạc chill đi nào! mai lại oke thôi! 💙"
"Vừa hôm nay kh có gì đặc biệt lắm xong, bình thường ghê",trung_tinh,Cuộc sống,casual,"bình bình vậy cũng ổn mà, đôi khi yên ổn cũng là một loại hạnh phúc đó! nếu cần tâm sự thì mình ở đây~ ngày mai sẽ có nhiều chuyện hay hơn nha!"
"vừa chưa học chữ nào mà mai thi rồi xong, lo ghê",lo_au,Học tập,casual,ôi thôi ai gặp chuyện đó cũng rén thôi. uống ly nước rồi chia nhỏ vấn đề ra xử lý từng cái nhé! cố lên nhé!
Mình đang bị tìm dc qán cà phê ưng ý mới nè =)),vui,Cuộc sống,casual,"đỉnh của chóp luôn á!! xứng đáng lắm luôn! lưu khoảnh khắc này lại, sau nhìn lại vẫn còn vui mà. giữ phong độ nhé bạn ơi!"
"Ae tư vấn giúp, sắp tới deadline mà chưa làm được gì thì nên làm sao 😱",lo_au,Công việc,casual,"hít thở sâu nào 😅 overthinking kiểu này mệt lắm đúng không? đừng nhìn cả đống cùng lúc, từng bước nhỏ thôi! cố lên nhé!"
Hôm nay đang bị con mèo nuôi nhiều năm vừa ra đi nè 😔,buon,Cuộc sống,casual,"ôm bạn nè 🥺 đừng cố tỏ ra ổn, có mình ở đây nè. buồn thì cứ khóc ra cho nhẹ lòng, đừng giữ trong bụng. mình ở đây nghe bạn kể nhé~"
Tui đang bị hi vọng nhiều rồi nhận kết quả ngược lại nè 😞,that_vong,Cuộc sống,casual,"nặng lòng ghê, thất vọng kiểu này thật sự khó chịu lắm. reset lại đi bạn, rồi thứ tốt hơn sẽ đến thôi~ bạn vẫn ổn mà, cứ tiến lên thôi! 💪"
"ae tư vấn giúp, con mèo nuôi nhiều năm vừa ra đi thì nên làm sao 🥀",buon,Cuộc sống,casual,"haizzz nghe mà thương ghê, nghe mà thương bạn lắm luôn. ăn gì ngon ngon đi, tự thưởng cho bản thân xíu. mai lại oke thôi! 💙"
"Vừa có kế hoạch cụ thể rùi, cảm thấy tự tin hơn xong, lo ghê 🙏",hy_vong,Cuộc sống,casual,xịn lắm nè! mình cũng tin vào bạn nha~ đừng để ai lấy đi cái tinh thần đó của mình nghen! mình chờ nghe tin vui từ bạn nhé~
hôm nay không biết mình đang đi đúng hướng không ...,lo_au,Cuộc sống,deep,Lo âu như vậy thực sự rất nặng nề. Đây là phản ứng bình thường khi đối mặt với áp lực lớn. Hãy thử chia nhỏ vấn đề ra và xử lý từng phần một. Từng bước nhỏ vẫn là tiến về phía trước.
hôm nay lương về r 🎉,vui,Cuộc sống,casual,đỉnh của chóp luôn á!! kết quả xứng đáng với cố gắng của bạn rồi đó! nhớ chia sẻ niềm vui với người thân nha! chúc mừng bạn nha 🥳
"Vừa cố gắng thay đổi bản thân mà cứ quay về điểm cũ xong, hy vọng ghê ugh",that_vong,Bản thân,casual,"haizzz đặt kỳ vọng cao rồi bị hẫng đau lắm, không phải lỗi của mình đâu nha. đừng để thất vọng lần này định nghĩa mình, ok không? bạn vẫn ổn mà, cứ tiến lên thôi! 💪"
Hôm nay bạn hẹn đi ăn rồi tự nhiên cancel kh lý do 😡,gian_du,Bạn bè / Người thân,casual,bực ghê nơi! ai gặp cũng điên tiết thôi bạn ơi. xả ra bằng cách đi dạo hoặc nghe nhạc to đi! thôi bỏ qua cho nhẹ đầu nhé!
"vừa vừa tìm ra phương pháp học mới hiệu quả hơn xong, bình thường ghê",hy_vong,Học tập,casual,"ôi nghe mà có động lực lây luôn á 🌱 cứ giữ năng lượng đó nhé, mọi thứ đang đi đúng hướng rồi! cứ từng bước nhỏ là đủ rồi! cổ vũ bạn 100% nè! 🤞"
"tìm dc hướng đi rõ ràng hơn cho tương lai, ủa không bt làm sao ✨",hy_vong,Cuộc sống,casual,wow nhìn thấy vậy vui ghê! kế hoạch rõ ràng rồi thì cứ thế mà tiến thôi! đừng để ai lấy đi cái tinh thần đó của mình nghen! cổ vũ bạn 100% nè! 🤞
"Dạo này đang bị ông bà mất, để lại khoảng trống không bù được nè 🥀",buon,Gia đình,casual,"haizzz nghe mà thương ghê, buồn như vậy thì ai cũng cần được chia sẻ mà. ra ngoài đi dạo một chút cho thoáng đầu nhé. rồi sẽ qua thôi bạn ơi."
"Ae tư vấn giúp, đc giao nhiệm vụ mới thú vị hơn thì nên làm sao",hy_vong,Công việc,casual,ôi nghe mà có động lực lây luôn á 🌱 kế hoạch rõ ràng rồi thì cứ thế mà tiến thôi! đừng để ai lấy đi cái tinh thần đó của mình nghen! mình chờ nghe tin vui từ bạn nhé~
"Crush vừa công khai ng yêu mới, nói thật là không bt làm sao 😔",buon,Tình cảm,casual,"ôm bạn nè 🥺 buồn như vậy thì ai cũng cần được chia sẻ mà. ăn gì ngon ngon đi, tự thưởng cho bản thân xíu. rồi sẽ qua thôi bạn ơi."
Hôm nay đặt nhiều kỳ vọng vào người ấy mà họ không quan tâm haizzz,that_vong,Tình cảm,casual,"nặng lòng ghê, mình hiểu cảm giác đó, không dễ gì nuốt được đâu. reset lại đi bạn, rồi thứ tốt hơn sẽ đến thôi~ bạn vẫn ổn mà, cứ tiến lên thôi! 💪"
"Vừa tìm dc quán cà phê ưng ý mới xong, vui ghê 🥰",vui,Cuộc sống,casual,hết sẩy! kết quả xứng đáng với cố gắng của bạn rồi đó! tự thưởng cho mình đi nào~ mình vui cho bạn lắm!
Hôm nay k biết ng ấy có thật sự thích mình không huhu,lo_au,Tình cảm,casual,"hít thở sâu nào 😅 lo nhiều cũng không giải quyết được gì thêm đâu nha. cứ làm hết sức thôi, kết quả đến sau nha~ mọi chuyện rồi sẽ qua thôi 💪"
Ủa sếp ép deadline vô lý kh có lý do 💢,gian_du,Công việc,casual,"bực ghê nơi! nghe mà mình cũng bực lây nè. hít thở nào, giận quá dễ nói sai rồi hối hận =)) không đáng mất sức đâu bạn ơi 😤"
"Taxi chặt chém gấp đôi giá lúc đang vội, ủa không bt làm sao 💢",gian_du,Giao thông,deep,"Sự bực bội của bạn hoàn toàn chính đáng. Bạn hoàn toàn có quyền cảm thấy bực bội như vậy. Sau khi bình tĩnh, nghĩ xem cách xử lý nào có lợi nhất cho bạn. Bạn không cần nuốt bực bội vào trong mãi."
"Vừa nhớ ng yêu cũ khi trời mưa xong, vui ghê 💔",buon,Tình cảm,casual,"ôi buồn quá, buồn như vậy thì ai cũng cần được chia sẻ mà. ra ngoài đi dạo một chút cho thoáng đầu nhé. mai lại oke thôi! 💙"
"Lo bảo vệ luận văn bị giáo viên phản biện nặng, nói thật là không bt làm sao 😱",lo_au,Học tập,casual,ôi thôi thấy lo như vậy là bình thường mà. ghi ra giấy hết những gì đang lo rồi ưu tiên từng cái. mình tin bạn làm được mà~
Tao đang bị ba mẹ cứ cãi nhau và có vẻ sắp ly hôn nè haiz,buon,Gia đình,casual,"ôm bạn nè 🥺 nghe mà thương bạn lắm luôn. ra ngoài đi dạo một chút cho thoáng đầu nhé. có mình nè, đừng lo."
"Ae tư vấn giúp, bị overthinking cả đêm ngủ không đc thì nên làm sao 😰",lo_au,Cuộc sống,casual,"bình tĩnh đi bạn ơi, thấy lo như vậy là bình thường mà. ghi ra giấy hết những gì đang lo rồi ưu tiên từng cái. cố lên nhé!"
"vừa khối lượng công việc ngập đầu k biết bắt đầu từ đâu xong, hy vọng ghê 🥲",lo_au,Công việc,casual,"hít thở sâu nào 😅 overthinking kiểu này mệt lắm đúng không? thử tắt điện thoại một lúc, focus vào 1 việc thôi. ổn thôi bạn ơi!"
"vừa bạn thân sắp chuyển đi xa xong, lo ghê 😢",buon,Tình cảm,casual,"haizzz nghe mà thương ghê, đừng cố tỏ ra ổn, có mình ở đây nè. bật phim hoặc nhạc chill đi nào! mai lại oke thôi! 💙"
"vừa cố gắng cả năm nhưng k được thăng chức xong, buồn ghê 😞",buon,Công việc,casual,"trời ơi nghe mà tủi thân giùm 😢 nghe mà thương bạn lắm luôn. ăn gì ngon ngon đi, tự thưởng cho bản thân xíu. có mình nè, đừng lo."
"ae tư vấn giúp, hôm nay họp nhiều, k có gì nổi bật thì nên làm sao 😐",trung_tinh,Công việc,casual,"bình bình vậy cũng ổn mà, cứ để ngày trôi qua tự nhiên thôi, không cần rush. có gì muốn kể thêm thì cứ kể nhé! bình yên nhé bạn ơi~"
"thiệt tình bị người thân khum ủng hộ điều mk tin tưởng, chán",that_vong,Tình cảm,casual,"haizzz đặt kỳ vọng cao rồi bị hẫng đau lắm, mình hiểu cảm giác đó, không dễ gì nuốt được đâu. thử nhìn lại mình học được gì từ lần này nhé. mình tin bạn sẽ vượt qua được."
"ae tư vấn giúp, yêu thật lòng mà không được đáp lại thì nên làm sao 😶",that_vong,Tình cảm,casual,"nặng lòng ghê, thất vọng kiểu này thật sự khó chịu lắm. reset lại đi bạn, rồi thứ tốt hơn sẽ đến thôi~ rồi sẽ tốt hơn thôi bạn ơi."
"Thiệt tình mượn đồ lâu r khum trả mà còn tỏ ra bình thường, chán 😡",gian_du,Bạn bè / Người thân,casual,ugh tức thật! tức như vậy là phải rồi. xả ra bằng cách đi dạo hoặc nghe nhạc to đi! thôi bỏ qua cho nhẹ đầu nhé!
"Vừa lo mối quan hệ đang dần nhạt đi xong, bình thường ghê huhu",lo_au,Tình cảm,deep,Lo âu như vậy thực sự rất nặng nề. Lo âu đôi khi là tín hiệu bạn đang quan tâm đến điều quan trọng. Hãy thử chia nhỏ vấn đề ra và xử lý từng phần một. Từng bước nhỏ vẫn là tiến về phía trước.
"thiệt tình nghĩ về tương lai thấy mông lung qá, chán huhu",lo_au,Cuộc sống,casual,"hít thở sâu nào 😅 lo nhiều cũng không giải quyết được gì thêm đâu nha. đừng nhìn cả đống cùng lúc, từng bước nhỏ thôi! mình tin bạn làm được mà~"
"Thiệt tình sắp trả tiền trọ mà lương chưa về, chán ...",lo_au,Cuộc sống,deep,Mình nghe thấy sự lo lắng của bạn. Cảm giác bất an đó rất thật và rất khó chịu. Nói chuyện với người tin tưởng — đôi khi chỉ cần được lắng nghe là nhẹ hơn nhiều. Mình tin bạn sẽ vượt qua được.
"Ae tư vấn giúp, sợ tỏ tình xong bị từ chối thì mất cả tình bạn thì nên làm sao",lo_au,Tình cảm,deep,Mình hiểu bạn đang cảm thấy rất áp lực. Lo âu đôi khi là tín hiệu rằng bạn đang quan tâm sâu sắc đến điều này. Hít thở sâu và bắt đầu từ điều nhỏ nhất có thể làm ngay hôm nay. Bạn không cần giải quyết tất cả cùng một lúc đâu.
"Đặt phòng khách sạn xong đến nơi bảo hết phòng, ngl ko biết làm sao 😡",gian_du,Dịch vụ,casual,"ugh tức thật! đúng là vô lý không chịu được. bơ đi mà sống, năng lượng của mình quý hơn chứ. mình tin bạn sẽ xử lý được thôi."
"Vừa người yêu liên tục đến trễ mà không xin lỗi xong, thất vọng ghê 🔥",gian_du,Bạn bè / Người thân,casual,"đúng là củ chuối không chịu được 🤬 tức như vậy là phải rồi. bơ đi mà sống, năng lượng của mình quý hơn chứ. mình tin bạn sẽ xử lý được thôi."
"Thiệt tình gọi hotline chăm sóc khách hàng cúp máy giữa chừng, chán 👊",gian_du,Dịch vụ,casual,"ugh tức thật! ai gặp cũng điên tiết thôi bạn ơi. xả ra bằng cách đi dạo hoặc nghe nhạc to đi! giận xong thì thôi, đừng giữ mãi."
"Vừa crush vừa công khai người yêu mới xong, lo ghê haiz",buon,Tình cảm,casual,"haizzz nghe mà thương ghê, nghe mà thương bạn lắm luôn. bật phim hoặc nhạc chill đi nào! mình ở đây nghe bạn kể nhé~"
Hôm nay khách hàng dời lịch sát giờ không báo trước 😡,gian_du,Công việc,casual,"trời ơi nghe mà tức dùm á 😡 tức như vậy là phải rồi. xả ra bằng cách đi dạo hoặc nghe nhạc to đi! giận xong thì thôi, đừng giữ mãi."
"thiệt tình bốc thăm trúng phần thưởng to, chán 😆",vui,Cuộc sống,casual,wow xịn xò vậy! xứng đáng lắm luôn! cứ đà này thì ngon lành luôn! mình vui cho bạn lắm!
"Ngl đang bị ngồi uống cà phê một mk, tâm trạng bình thường nè",trung_tinh,Suy nghĩ,casual,"aha hiểu rồi! ngày bình thường mà, cũng có cái vui của nó. có gì muốn kể thêm thì cứ kể nhé! 🙂"
Mk đang bị tự nhiên ngồi nhìn ra cửa sổ và nghĩ linh tinh nè 🙂,trung_tinh,Suy nghĩ,casual,"bình bình vậy cũng ổn mà, cứ để ngày trôi qua tự nhiên thôi, không cần rush. tận hưởng sự bình lặng đó đi bạn ơi. bình yên nhé bạn ơi~"
"ae tư vấn giúp, lương về rùi thì nên làm sao =))",vui,Cuộc sống,casual,đỉnh của chóp luôn á!! mình tự hào về bạn ghê nơi ✨ cứ đà này thì ngon lành luôn! chúc mừng bạn nha 🥳
Ae ơi đang bị cố gắng hết sức mà kết quả vẫn không như kỳ vọng nè ugh,that_vong,Công việc,casual,"ugh biết cảm giác đó rồi, mình hiểu cảm giác đó, không dễ gì nuốt được đâu. reset lại đi bạn, rồi thứ tốt hơn sẽ đến thôi~ bạn vẫn ổn mà, cứ tiến lên thôi! 💪"
Tao đang bị làm lành với người thân sau trận cãi nè,vui,Tình cảm,casual,wow xịn xò vậy! kết quả xứng đáng với cố gắng của bạn rồi đó! ăn gì ngon ngon ăn mừng đi! mình vui cho bạn lắm!
"ae tư vấn giúp, được crush rủ đi chơi cuối tuần thì nên làm sao",vui,Tình cảm,deep,Mình rất vui khi nghe tin này. Niềm vui này bạn hoàn toàn xứng đáng có được. Đừng quên ghi nhận lại hành trình đã qua — nó sẽ là nguồn cảm hứng sau này. Chúc bạn tiếp tục gặt hái thêm nhiều thành quả.
Hôm nay bạn bè lúc khó khăn thì không ai xuất hiện 💔,that_vong,Tình cảm,casual,"nghe mà buồn cho bạn quá 💔 không phải lỗi của mình đâu nha. reset lại đi bạn, rồi thứ tốt hơn sẽ đến thôi~ rồi sẽ tốt hơn thôi bạn ơi."
Ngl đang bị yêu thật lòng mà khum được đáp lại nè 😶,that_vong,Tình cảm,casual,"nặng lòng ghê, thất vọng kiểu này thật sự khó chịu lắm. thử nhìn lại mình học được gì từ lần này nhé. mình tin bạn sẽ vượt qua được."
Hôm nay khách hàng gửi email khen ngợi mình =)),vui,Công việc,casual,trời ơi hay quá vậy?! mình tự hào về bạn ghê nơi ✨ tự thưởng cho mình đi nào~ giữ phong độ nhé bạn ơi!
Ae ơi đang bị sau thời gian dài cuối cùng đã liên lạc lại đc nè 🤞,hy_vong,Tình cảm,casual,"xịn lắm nè! cứ giữ năng lượng đó nhé, mọi thứ đang đi đúng hướng rồi! chúc mọi thứ diễn ra suôn sẻ nhé ✨ tiến lên thôi!"
"vừa đang xem phim nhưng kh có cảm xúc gì mạnh xong, hy vọng ghê ...",trung_tinh,Suy nghĩ,casual,"hmmm thế thì cũng oke nha, ngày bình thường mà, cũng có cái vui của nó. tận hưởng sự bình lặng đó đi bạn ơi. 🙂"
Ae ơi dự án mới bắt đầu và cảm giác rất tiềm năng 🤞,hy_vong,Công việc,casual,tuyệt vời đó bạn! mình cũng tin vào bạn nha~ cứ từng bước nhỏ là đủ rồi! cổ vũ bạn 100% nè! 🤞
hôm nay không bt ng ấy có thật sự thích mình không huhu,lo_au,Tình cảm,casual,"từ từ nào! lo nhiều cũng không giải quyết được gì thêm đâu nha. đừng nhìn cả đống cùng lúc, từng bước nhỏ thôi! cố lên nhé!"
Mk tin tưởng đồng nghiệp mà bị phản bội haizzz,that_vong,Công việc,casual,"nghe mà buồn cho bạn quá 💔 kỳ vọng lớn mà bị hẫng thì đau thiệt. reset lại đi bạn, rồi thứ tốt hơn sẽ đến thôi~ rồi sẽ tốt hơn thôi bạn ơi."
Tao đang bị gặp ng mới và cảm giác có điểm chung nè ✨,hy_vong,Tình cảm,casual,xịn lắm nè! mình cũng tin vào bạn nha~ đừng để ai lấy đi cái tinh thần đó của mình nghen! mình chờ nghe tin vui từ bạn nhé~
Hôm nay đang bị đang code xong thì cúp điện mất hết nè 🤬,gian_du,Công việc,casual,đúng là củ chuối không chịu được 🤬 nghe mà mình cũng bực lây nè. uống ngụm nước lạnh đi rồi bơ nó ra! mình tin bạn sẽ xử lý được thôi.
"Thiệt tình làm đúng quy trình mà vẫn bị chỉ trích, chán 💔",that_vong,Công việc,casual,"haizzz đặt kỳ vọng cao rồi bị hẫng đau lắm, thất vọng kiểu này thật sự khó chịu lắm. reset lại đi bạn, rồi thứ tốt hơn sẽ đến thôi~ rồi sẽ tốt hơn thôi bạn ơi."
"Vừa bốc thăm trúng phần thưởng to xong, vui ghê 😆",vui,Cuộc sống,casual,yayyy 🎉🎉 xứng đáng lắm luôn! tự thưởng cho mình đi nào~ tiếp tục phát huy nhé!
"dự án mới bắt đầu và cảm giác rất tiềm năng, chời ơi k bt làm sao 🙏",hy_vong,Công việc,casual,tuyệt vời đó bạn! mình cũng tin vào bạn nha~ chúc mọi thứ diễn ra suôn sẻ nhé ✨ cổ vũ bạn 100% nè! 🤞
"Bị ng thân không ủng hộ điều mình tin tưởng, tao không bt làm sao 💔",that_vong,Tình cảm,casual,"nặng lòng ghê, mình hiểu cảm giác đó, không dễ gì nuốt được đâu. reset lại đi bạn, rồi thứ tốt hơn sẽ đến thôi~ mình tin bạn sẽ vượt qua được."
"ae tư vấn giúp, áp lực KPI tháng này cao wa thì nên làm sao 🥲",lo_au,Công việc,casual,từ từ nào! lo nhiều cũng không giải quyết được gì thêm đâu nha. uống ly nước rồi chia nhỏ vấn đề ra xử lý từng cái nhé! cố lên nhé!
"bạn hẹn đi ăn rồi tự nhiên cancel không lý do, mình không biết làm sao 👊",gian_du,Bạn bè / Người thân,casual,"trời ơi nghe mà tức dùm á 😡 nghe mà mình cũng bực lây nè. xả bằng cách đi dạo hoặc nghe nhạc to đi! giận xong thì thôi, đừng giữ mãi."
"Vừa làm lành với người thân sau trận cãi xong, thất vọng ghê ✨",vui,Tình cảm,casual,"wow xịn xò vậy! kết quả xứng đáng với cố gắng của bạn rồi đó! lưu khoảnh khắc này lại, sau nhìn lại vẫn còn vui mà. tiếp tục phát huy nhé!"
Mk đang bị gọi hotline chăm sóc khách hàng cúp máy giữa chừng nè 🤬,gian_du,Dịch vụ,casual,"ugh tức thật! nghe mà mình cũng bực lây nè. hít thở nào, giận quá dễ nói sai rồi hối hận =)) không đáng mất sức đâu bạn ơi 😤"
Nói thật là chia tay xong cứ thấy trống rỗng 🥀,buon,Tình cảm,casual,"ôm bạn nè 🥺 đừng cố tỏ ra ổn, có mình ở đây nè. ăn gì ngon ngon đi, tự thưởng cho bản thân xíu. có mình nè, đừng lo."
Hôm nay không về kịp gặp người thân lần cuối,buon,Gia đình,casual,trời ơi nghe mà tủi thân giùm 😢 nghe mà thương bạn lắm luôn. ra ngoài đi dạo một chút cho thoáng đầu nhé. rồi sẽ qua thôi bạn ơi.
"Vừa team vừa có thành viên mới giỏi, kỳ vọng cao xong, bình thường ghê 🙏",hy_vong,Công việc,casual,"ôi nghe mà có động lực lây luôn á 🌱 cứ giữ năng lượng đó nhé, mọi thứ đang đi đúng hướng rồi! cứ từng bước nhỏ là đủ rồi! cổ vũ bạn 100% nè! 🤞"
"ae tư vấn giúp, dự án tâm huyết bị hủy bỏ phút chót thì nên làm sao 🥀",buon,Công việc,casual,"ôm bạn nè 🥺 cảm giác đó nặng lắm, mình hiểu. gọi cho bạn thân tâm sự đi, đừng ôm một mình. có mình nè, đừng lo."
"vừa công việc ổn định, ko có gì nhiều để kể xong, hy vọng ghê ...",trung_tinh,Công việc,casual,"hmmm thế thì cũng oke nha, không phải lúc nào cũng cần có gì to tát đâu. tận hưởng sự bình lặng đó đi bạn ơi. 🙂"
"ba mẹ cứ cãi nhau và có vẻ sắp ly hôn, trời ơi không biết làm sao 😞",buon,Gia đình,deep,Cảm ơn bạn đã chia sẻ với mình. Bạn không yếu đuối khi buồn — bạn rất can đảm khi chia sẻ điều này. Đôi khi viết ra cảm xúc cũng giúp nhẹ lòng hơn nhiều. Thời gian sẽ chữa lành mọi thứ.
hôm nay cố gắng cả năm nhưng ko đc thăng chức haiz,buon,Công việc,casual,"ôi buồn quá, cảm giác đó nặng lắm, mình hiểu. ăn gì ngon ngon đi, tự thưởng cho bản thân xíu. có mình nè, đừng lo."
"Vừa có kế hoạch cụ thể rùi, cảm thấy tự tin hơn xong, tức ghê 🙏",hy_vong,Cuộc sống,deep,"Thật đáng quý khi bạn vẫn giữ được cái nhìn tích cực này. Cảm giác bắt đầu thấy ánh sáng ở cuối đường hầm rất đáng trân trọng. Hãy giữ vững kế hoạch đó và bước từng bước thật chắc. Cứ tiến lên, mình cổ vũ bạn."
Chời ơi chốt đơn thành công món đồ ao ước,vui,Cuộc sống,casual,wow xịn xò vậy! kết quả xứng đáng với cố gắng của bạn rồi đó! nhớ chia sẻ niềm vui với người thân nha! tiếp tục phát huy nhé!
"vừa công việc ổn định, không có gì nhiều để kể xong, buồn ghê 😐",trung_tinh,Công việc,casual,"hmmm thế thì cũng oke nha, ngày bình thường mà, cũng có cái vui của nó. tận hưởng sự bình lặng đó đi bạn ơi. 🙂"
"khum về kịp gặp người thân lần cuối, tui không biết làm sao 💔",buon,Gia đình,casual,"ôi buồn quá, nghe mà thương bạn lắm luôn. bật phim hoặc nhạc chill đi nào! mai lại oke thôi! 💙"
"Vừa hai đứa vừa nói chuyện thẳng và hiểu nhau hơn xong, vui ghê 😌",hy_vong,Tình cảm,casual,xịn lắm nè! mình cũng tin vào bạn nha~ đừng để ai lấy đi cái tinh thần đó của mình nghen! cổ vũ bạn 100% nè! 🤞
"Sợ rớt môn, ảnh hưởng học bổng, tao không bt làm sao ...",lo_au,Học tập,casual,"bình tĩnh đi bạn ơi, lo nhiều cũng không giải quyết được gì thêm đâu nha. cứ làm hết sức thôi, kết quả đến sau nha~ cố lên nhé!"
Ủa người yêu tặng quà bất ngờ 😎,vui,Tình cảm,casual,"hết sẩy! mình tự hào về bạn ghê nơi ✨ lưu khoảnh khắc này lại, sau nhìn lại vẫn còn vui mà. mình vui cho bạn lắm!"
"vừa sau thời gian dài cuối cùng đã liên lạc lại dc xong, vui ghê ✨",hy_vong,Tình cảm,casual,"ôi nghe mà có động lực lây luôn á 🌱 cứ giữ năng lượng đó nhé, mọi thứ đang đi đúng hướng rồi! chúc mọi thứ diễn ra suôn sẻ nhé ✨ cổ vũ bạn 100% nè! 🤞"
"vừa đang code xong thì cúp điện mất hết xong, thất vọng ghê 😡",gian_du,Công việc,casual,"đúng là củ chuối không chịu được 🤬 ai gặp cũng điên tiết thôi bạn ơi. uống ngụm nước lạnh đi rồi bơ nó ra! giận xong thì thôi, đừng giữ mãi."
"vừa tìm được quán cà phê ưng ý mới xong, vui ghê 😎",vui,Cuộc sống,casual,yayyy 🎉🎉 xứng đáng lắm luôn! cứ đà này thì ngon lành luôn! mình vui cho bạn lắm!
hôm nay tự nhiên ngồi nhìn ra cửa sổ và nghĩ linh tinh 🙂,trung_tinh,Suy nghĩ,casual,"hmmm thế thì cũng oke nha, ngày bình thường mà, cũng có cái vui của nó. tận hưởng sự bình lặng đó đi bạn ơi. ngày mai sẽ có nhiều chuyện hay hơn nha!"
Hôm nay ship đồ ăn thiếu món mà ko chịu hoàn tiền 👊,gian_du,Dịch vụ,deep,Cảm giác bất công đó rất thật. Đôi khi ranh giới cần được giữ vững và điều đó đúng. Hãy để cơn tức nguôi trước khi phản ứng — quyết định lúc nóng thường không tốt. Bạn không cần nuốt bực bội vào trong mãi.
"Lo bảo vệ luận văn bị giáo viên phản biện nặng, mn ơi không bt làm sao huhu",lo_au,Học tập,casual,ôi thôi mình hiểu cảm giác đó lắm! ghi ra giấy hết những gì đang lo rồi ưu tiên từng cái. ổn thôi bạn ơi!
"Tao đang bị sợ rớt môn, ảnh hưởng học bổng nè 🥲",lo_au,Học tập,casual,"bình tĩnh đi bạn ơi, overthinking kiểu này mệt lắm đúng không? cứ làm hết sức thôi, kết quả đến sau nha~ mọi chuyện rồi sẽ qua thôi 💪"
"ae tư vấn giúp, lo mối quan hệ đang dần nhạt đi thì nên làm sao 😰",lo_au,Tình cảm,casual,"ôi thôi lo nhiều cũng không giải quyết được gì thêm đâu nha. cứ làm hết sức thôi, kết quả đến sau nha~ mọi chuyện rồi sẽ qua thôi 💪"
Mn ơi tự nhiên ngồi nhìn ra cửa sổ và nghĩ linh tinh ...,trung_tinh,Suy nghĩ,casual,"à ra vậy, không phải lúc nào cũng cần có gì to tát đâu, ngày bình thường cũng có cái hay của nó. nếu cần tâm sự thì mình ở đây~ bình yên nhé bạn ơi~"
hôm nay lo mối quan hệ đang dần nhạt đi,lo_au,Tình cảm,deep,Lo âu như vậy thực sự rất nặng nề. Cảm giác bất an đó rất thật và rất khó chịu. Nói chuyện với người tin tưởng — đôi khi chỉ cần được lắng nghe là nhẹ hơn nhiều. Từng bước nhỏ vẫn là tiến về phía trước.
"Thiệt tình sắp trả tiền trọ mà lương chưa về, chán",lo_au,Cuộc sống,deep,Lo âu như vậy thực sự rất nặng nề. Đây là phản ứng bình thường khi đối mặt với áp lực lớn. Nói chuyện với người tin tưởng — đôi khi chỉ cần được lắng nghe là nhẹ hơn nhiều. Bạn không cần giải quyết tất cả cùng lúc đâu.
Hôm nay mượn đồ lâu rồi khum trả mà còn tỏ ra bình thường 🔥,gian_du,Bạn bè / Người thân,deep,"Cảm giác bất công đó rất thật. Đôi khi ranh giới cần được giữ vững và điều đó đúng. Nếu cần, hãy nói thẳng ra một cách bình tĩnh — giữ im lặng mãi cũng không tốt. Hãy xử lý theo cách phù hợp nhất."
"Ae tư vấn giúp, cảm thấy cô đơn dù xung quanh có nhiều người thì nên làm sao 😢",buon,Cuộc sống,casual,"haizzz nghe mà thương ghê, buồn như vậy thì ai cũng cần được chia sẻ mà. ra ngoài đi dạo một chút cho thoáng đầu nhé. mai lại oke thôi! 💙"
"Hôm nay ngày bình thường, làm việc r về 🙂",trung_tinh,Cuộc sống,casual,"à ra vậy, ngày bình thường mà, cũng có cái vui của nó. có gì muốn kể thêm thì cứ kể nhé! cứ thư giãn đi nhé~"
"vừa mượn đồ lâu rồi không trả mà còn tỏ ra bình thường xong, thất vọng ghê",gian_du,Bạn bè / Người thân,deep,Sự bực bội của bạn hoàn toàn chính đáng. Phản ứng như vậy là hoàn toàn bình thường trước tình huống này. Hãy để cơn tức nguôi trước khi phản ứng — quyết định lúc nóng thường không tốt. Mình ở đây ủng hộ bạn.
"ae tư vấn giúp, mượn đồ lâu rồi khum trả mà còn tỏ ra bình thường thì nên làm sao 😤",gian_du,Bạn bè / Người thân,deep,"Cảm giác bất công đó rất thật. Phản ứng như vậy là hoàn toàn bình thường trước tình huống này. Nếu cần, hãy nói thẳng ra một cách bình tĩnh — giữ im lặng mãi cũng không tốt. Hãy xử lý theo cách phù hợp nhất."
Hôm nay đang bị không biết mk có đủ năng lực cho vị trí mới không nè huhu,lo_au,Công việc,casual,"từ từ nào! overthinking kiểu này mệt lắm đúng không? đừng nhìn cả đống cùng lúc, từng bước nhỏ thôi! mình tin bạn làm được mà~"
"taxi chặt chém gấp đôi giá lúc đang vội, mn ơi không biết làm sao 🤬",gian_du,Giao thông,deep,"Mình hiểu tại sao bạn cảm thấy như vậy. Phản ứng như vậy là hoàn toàn bình thường trước tình huống này. Sau khi bình tĩnh, nghĩ xem cách xử lý nào có lợi nhất cho bạn. Hãy xử lý theo cách phù hợp nhất."
Hôm nay tin vào người mà cuối cùng bị lừa dối 😶,that_vong,Bản thân,casual,"nghe mà buồn cho bạn quá 💔 thất vọng kiểu này thật sự khó chịu lắm. reset lại đi bạn, rồi thứ tốt hơn sẽ đến thôi~ rồi sẽ tốt hơn thôi bạn ơi."
"gọi hotline chăm sóc khách hàng cúp máy giữa chừng, dạo này không bt làm sao 😡",gian_du,Dịch vụ,deep,"Mình hiểu tại sao bạn cảm thấy như vậy. Phản ứng như vậy là hoàn toàn bình thường trước tình huống này. Nếu cần, hãy nói thẳng ra một cách bình tĩnh — giữ im lặng mãi cũng không tốt. Bạn không cần nuốt bực bội vào trong mãi."
Nói thật là tài khoản cạn tiền mà tháng còn dài lắm 😱,lo_au,Cuộc sống,casual,"hít thở sâu nào 😅 overthinking kiểu này mệt lắm đúng không? đừng nhìn cả đống cùng lúc, từng bước nhỏ thôi! mọi chuyện rồi sẽ qua thôi 💪"
Nói thật là được chọn vào đội tuyển nghiên cứu 😆,vui,Học tập,casual,"hết sẩy! nghe mà vui lây =)) lưu khoảnh khắc này lại, sau nhìn lại vẫn còn vui mà. tiếp tục phát huy nhé!"
Tao đang bị yêu thật lòng mà ko đc đáp lại nè haizzz,that_vong,Tình cảm,casual,"haizzz đặt kỳ vọng cao rồi bị hẫng đau lắm, thất vọng kiểu này thật sự khó chịu lắm. coi như bài học đắt giá nghen! mình tin bạn sẽ vượt qua được."
Ae ơi mọi thứ dạo này cứ xui xẻo liên tục 😢,buon,Cuộc sống,casual,"trời ơi nghe mà tủi thân giùm 😢 buồn như vậy thì ai cũng cần được chia sẻ mà. buồn thì cứ khóc ra cho nhẹ lòng, đừng giữ trong bụng. mai lại oke thôi! 💙"
"hôm nay họp nhiều, không có gì nổi bật, mn ơi không biết làm sao ...",trung_tinh,Công việc,deep,Đôi khi những ngày bình thường lại có giá trị riêng. Những lúc yên ổn như vậy thường là cơ hội tốt để dừng lại và lắng nghe bản thân. Hãy để tâm trí được nghỉ ngơi — nó cũng cần được nạp lại. Mình ở đây nếu bạn cần nói chuyện.
hôm nay áp lực KPI tháng này cao qá huhu,lo_au,Công việc,casual,"bình tĩnh đi bạn ơi, overthinking kiểu này mệt lắm đúng không? thử tắt điện thoại một lúc, focus vào 1 việc thôi. mình tin bạn làm được mà~"
"Ae tư vấn giúp, cố gắng cả năm nhưng k được thăng chức thì nên làm sao 💔",buon,Công việc,casual,"haizzz nghe mà thương ghê, buồn như vậy thì ai cũng cần được chia sẻ mà. ăn gì ngon ngon đi, tự thưởng cho bản thân xíu. mình ở đây nghe bạn kể nhé~"
"Thiệt tình công việc ổn định, kh có gì nhiều để kể, chán",trung_tinh,Công việc,casual,"hmmm thế thì cũng oke nha, đôi khi yên ổn cũng là một loại hạnh phúc đó! tận hưởng sự bình lặng đó đi bạn ơi. ngày mai sẽ có nhiều chuyện hay hơn nha!"
"Đang xem phim nhưng không có cảm xúc gì mạnh, mk không biết làm sao ...",trung_tinh,Suy nghĩ,casual,"à ra vậy, ngày bình thường mà, cũng có cái vui của nó. có gì muốn kể thêm thì cứ kể nhé! cứ thư giãn đi nhé~"
"thiệt tình tìm đc wan cà phê ưng ý mới, chán =))",vui,Cuộc sống,casual,hết sẩy! mình tự hào về bạn ghê nơi ✨ ăn gì ngon ngon ăn mừng đi! chúc mừng bạn nha 🥳
"Làm lành với ng thân sau trận cãi, tui ko bt làm sao",vui,Tình cảm,deep,Thật tuyệt vời khi nghe điều này. Những nỗ lực của bạn đã được đền đáp xứng đáng. Hãy trân trọng khoảnh khắc này và chia sẻ với những người đã đồng hành. Hãy giữ mãi năng lượng tích cực này nhé.
"vừa cảm giác mối quan hệ đang ấm lên dần xong, vui ghê ✨",hy_vong,Tình cảm,casual,"wow nhìn thấy vậy vui ghê! cứ giữ năng lượng đó nhé, mọi thứ đang đi đúng hướng rồi! chúc mọi thứ diễn ra suôn sẻ nhé ✨ tiến lên thôi!"
Dạo này đang bị sếp ép deadline vô lý khum có lý do nè 👊,gian_du,Công việc,casual,"bực ghê nơi! tức như vậy là phải rồi. bơ đi mà sống, năng lượng của mình quý hơn chứ. thôi bỏ qua cho nhẹ đầu nhé!"
Dạo này tìm đc hướng đi rõ ràng hơn cho tương lai 🤞,hy_vong,Cuộc sống,casual,tuyệt vời đó bạn! kế hoạch rõ ràng rồi thì cứ thế mà tiến thôi! chúc mọi thứ diễn ra suôn sẻ nhé ✨ mình chờ nghe tin vui từ bạn nhé~
"Thiệt tình bị kể chuyện riêng tư cho ng khác dù đã dặn giữ kín, chán 💢",gian_du,Bạn bè / Người thân,casual,đúng là củ chuối không chịu được 🤬 tức như vậy là phải rồi. xả ra bằng cách đi dạo hoặc nghe nhạc to đi! không đáng mất sức đâu bạn ơi 😤
Mk bị hứa thưởng nhưng cuối năm lại không có 💔,that_vong,Công việc,casual,"ugh biết cảm giác đó rồi, không phải lỗi của mình đâu nha. thử nhìn lại mình học được gì từ lần này nhé. mình tin bạn sẽ vượt qua được."
"Sợ bị sếp đánh giá thấp trong kỳ review, ngl không biết làm sao huhu",lo_au,Công việc,deep,Mình hiểu bạn đang cảm thấy rất áp lực. Lo âu đôi khi là tín hiệu bạn đang quan tâm đến điều quan trọng. Hãy thử chia nhỏ vấn đề ra và xử lý từng phần một. Mình tin bạn sẽ vượt qua được.
"ae tư vấn giúp, nghe bản nhạc cũ bỗng nhớ kỷ niệm xưa thì nên làm sao 😢",buon,Cuộc sống,casual,"ôi buồn quá, buồn như vậy thì ai cũng cần được chia sẻ mà. ra ngoài đi dạo một chút cho thoáng đầu nhé. rồi sẽ qua thôi bạn ơi."
Mình gửi CV và đang chờ kết quả phỏng vấn 🤞,hy_vong,Công việc,casual,"ôi nghe mà có động lực lây luôn á 🌱 mình cũng tin vào bạn nha~ chia sẻ kế hoạch này với người thân, được ủng hộ thêm sẽ vững hơn. tiến lên thôi!"
Tớ đang bị đặt phòng khách sạn xong đến nơi bảo hết phòng nè 😤,gian_du,Dịch vụ,casual,"trời ơi nghe mà tức dùm á 😡 ai gặp cũng điên tiết thôi bạn ơi. bơ đi mà sống, năng lượng của mình quý hơn chứ. không đáng mất sức đâu bạn ơi 😤"
"ae tư vấn giúp, công việc ổn định, kh có gì nhiều để kể thì nên làm sao",trung_tinh,Công việc,casual,"hmmm thế thì cũng oke nha, đôi khi yên ổn cũng là một loại hạnh phúc đó! tận hưởng sự bình lặng đó đi bạn ơi. cứ thư giãn đi nhé~"
Mn ơi đang bị tài khoản cạn tiền mà tháng còn dài lắm nè,lo_au,Cuộc sống,casual,"bình tĩnh đi bạn ơi, thấy lo như vậy là bình thường mà. uống ly nước rồi chia nhỏ vấn đề ra xử lý từng cái nhé! ổn thôi bạn ơi!"
"bạn thân sắp chuyển đi xa, dạo này không biết làm sao 😢",buon,Tình cảm,casual,"haizzz nghe mà thương ghê, cảm giác đó nặng lắm, mình hiểu. ăn gì ngon ngon đi, tự thưởng cho bản thân xíu. rồi sẽ qua thôi bạn ơi."
"Thất bại lần này sau khi đã chuẩn bị rất kỹ, ủa không biết làm sao",that_vong,Bản thân,deep,Mình hiểu bạn đang cảm thấy rất hụt hẫng lúc này. Không phải lúc nào cố gắng cũng cho kết quả như mong muốn — và điều đó không có nghĩa bạn không đủ tốt. Nhìn lại xem mình học được gì từ lần này — bài học thường nằm ở đây. Bạn vẫn đang tiến về phía trước dù chưa thấy rõ.
Tao bạn cũ từ xa về thăm bất ngờ 🤩,vui,Tình cảm,casual,yayyy 🎉🎉 kết quả xứng đáng với cố gắng của bạn rồi đó! nhớ chia sẻ niềm vui với người thân nha! tiếp tục phát huy nhé!
Tui đang bị hi vọng nhiều rùi nhận kết quả ngược lại nè 💔,that_vong,Cuộc sống,casual,"ugh biết cảm giác đó rồi, thất vọng kiểu này thật sự khó chịu lắm. đừng để thất vọng lần này định nghĩa mình, ok không? rồi sẽ tốt hơn thôi bạn ơi."
"vừa dự án tâm huyết bị hủy bỏ phút chót xong, buồn ghê 😢",buon,Công việc,deep,"Mình rất tiếc khi nghe điều này. Cảm giác trống rỗng đó rất khó nói thành lời, mình hiểu. Tìm người thân thiết để nói chuyện — đừng mang một mình. Không cần phải ổn ngay đâu."
"Ôn thi xong cảm thấy tự tin hơn nhiều, tao không bt làm sao 🙏",hy_vong,Học tập,casual,ôi nghe mà có động lực lây luôn á 🌱 kế hoạch rõ ràng rồi thì cứ thế mà tiến thôi! chúc mọi thứ diễn ra suôn sẻ nhé ✨ tiến lên thôi!
"Sau thời gian dài cuối cùng đã liên lạc lại được, chời ơi không biết làm sao 🌱",hy_vong,Tình cảm,casual,xịn lắm nè! mình cũng tin vào bạn và kế hoạch này nha~ chúc mọi thứ diễn ra suôn sẻ nhé ✨ mình chờ nghe tin vui từ bạn nhé~
"Ae tư vấn giúp, đợi mãi một cơ hội mà nó kh đến thì nên làm sao 😶",that_vong,Cuộc sống,casual,"ugh biết cảm giác đó rồi, không phải lỗi của mình đâu nha. reset lại đi bạn, rồi thứ tốt hơn sẽ đến thôi~ rồi sẽ tốt hơn thôi bạn ơi."
"Ba mẹ cứ cãi nhau và có vẻ sắp ly hôn, ngl không biết làm sao 🥀",buon,Gia đình,casual,"trời ơi nghe mà tủi thân giùm 😢 đừng cố tỏ ra ổn, có mình ở đây nè. ra ngoài đi dạo một chút cho thoáng đầu nhé. mình ở đây nghe bạn kể nhé~"
"Thất bại lần này sau khi đã chuẩn bị rất kỹ, ae ơi khum biết làm sao",that_vong,Bản thân,deep,Mình hiểu bạn đang cảm thấy rất hụt hẫng lúc này. Cảm giác hẫng hụt là rất thật và đáng được thừa nhận. Hãy cho bản thân thời gian để xử lý cảm xúc này trước khi tiếp tục. Bạn vẫn đang tiến về phía trước dù chưa thấy rõ.
"Áp lực kpi tháng này cao wa, ae ơi không bt làm sao 🥲",lo_au,Công việc,casual,"oke oke, mình hiểu cảm giác đó lắm! đừng nhìn cả đống cùng lúc, từng bước nhỏ thôi! ổn thôi bạn ơi!"
Ủa đợi mãi một cơ hội mà nó khum đến haizzz,that_vong,Cuộc sống,deep,Mình hiểu bạn đang cảm thấy rất hụt hẫng lúc này. Không phải lúc nào cố gắng cũng cho kết quả như mong muốn — và điều đó không có nghĩa bạn không đủ tốt. Đừng vội kết luận về bản thân chỉ vì một kết quả chưa như ý. Mình tin bạn sẽ tìm ra hướng đi phù hợp hơn.
"Tự nhiên ngồi nhìn ra cửa sổ và nghĩ linh tinh, hôm nay kh bt làm sao ...",trung_tinh,Suy nghĩ,casual,"bình bình vậy cũng ổn mà, đôi khi yên ổn cũng là một loại hạnh phúc đó! nếu cần tâm sự thì mình ở đây~ 🙂"
Nói thật là đang bị bạn bè lúc khó khăn thì kh ai xuất hiện nè 😶,that_vong,Tình cảm,casual,"nặng lòng ghê, kỳ vọng lớn mà bị hẫng thì đau thiệt. reset lại đi bạn, rồi thứ tốt hơn sẽ đến thôi~ rồi sẽ tốt hơn thôi bạn ơi."
"bài thi được điểm cao ngoài mong đợi, dạo này không biết làm sao 🥰",vui,Học tập,casual,wow xịn xò vậy! xứng đáng lắm luôn! tự thưởng cho mình đi nào~ chúc mừng bạn nha 🥳
"Ngày bình thường, làm việc rồi về, nói thật là không biết làm sao 😐",trung_tinh,Cuộc sống,casual,aha hiểu rồi! đôi khi yên ổn cũng là một loại hạnh phúc đó! nếu cần tâm sự thì mình ở đây~ cứ thư giãn đi nhé~
hôm nay bốc thăm trúng phần thưởng to 🎉,vui,Cuộc sống,deep,Thành quả đáng được trân trọng. Niềm vui này bạn hoàn toàn xứng đáng có được. Đừng quên ghi nhận lại hành trình đã qua — nó sẽ là nguồn cảm hứng sau này. Chúc bạn tiếp tục gặt hái thêm nhiều thành quả.
Chời ơi dự án mới bắt đầu và cảm giác rất tiềm năng ✨,hy_vong,Công việc,deep,Hy vọng là thứ rất quý — và bạn đang có nó. Hướng đi rõ ràng như vậy là kết quả của rất nhiều suy nghĩ và nỗ lực. Đừng so sánh tiến độ của mình với người khác — hành trình của bạn là của riêng bạn. Mình tin nỗ lực của bạn sẽ mang lại kết quả xứng đáng.
Dạo này đang bị mượn đồ lâu rùi không trả mà còn tỏ ra bình thường nè 🔥,gian_du,Bạn bè / Người thân,casual,"bực ghê nơi! ai gặp cũng điên tiết thôi bạn ơi. hít thở nào, giận quá dễ nói sai rồi hối hận =)) thôi bỏ qua cho nhẹ đầu nhé!"
Mn ơi đang bị kh theo kịp bài vở dạo này nè ...,lo_au,Học tập,casual,"hít thở sâu nào 😅 thấy lo như vậy là bình thường mà. cứ làm hết sức thôi, kết quả đến sau nha~ mọi chuyện rồi sẽ qua thôi 💪"
"Ae tư vấn giúp, chốt đơn thành công món đồ ao ước thì nên làm sao =))",vui,Cuộc sống,casual,yayyy 🎉🎉 mình tự hào về bạn ghê nơi ✨ ăn gì ngon ngon ăn mừng đi! chúc mừng bạn nha 🥳
Hôm nay bị cắt mặt suýt gây tai nạn mà khum xin lỗi,gian_du,Giao thông,casual,"trời ơi nghe mà tức dùm á 😡 đúng là vô lý không chịu được. thả lỏng ra đi, đừng để nó chiếm hết ngày của mình. giận xong thì thôi, đừng giữ mãi."
"thiệt tình ba mẹ cứ cãi nhau và có vẻ sắp ly hôn, chán 💔",buon,Gia đình,casual,ôm bạn nè 🥺 buồn như vậy thì ai cũng cần được chia sẻ mà. bật phim hoặc nhạc chill đi nào! mai lại oke thôi! 💙
"sếp ép deadline vô lý khum có lý do, mk không biết làm sao 💢",gian_du,Công việc,casual,"ugh tức thật! nghe mà mình cũng bực lây nè. thả lỏng ra đi, đừng để nó chiếm hết ngày của mình. giận xong thì thôi, đừng giữ mãi."
"bị hứa thưởng nhưng cuối năm lại không có, tớ không biết làm sao 😞",that_vong,Công việc,casual,"ugh biết cảm giác đó rồi, mình hiểu cảm giác đó, không dễ gì nuốt được đâu. coi như bài học đắt giá nghen! bạn vẫn ổn mà, cứ tiến lên thôi! 💪"
"tìm đc wan cà phê ưng ý mới, ngl ko biết làm sao ✨",vui,Cuộc sống,casual,đỉnh của chóp luôn á!! kết quả xứng đáng với cố gắng của bạn rồi đó! nhớ chia sẻ niềm vui với người thân nha! giữ phong độ nhé bạn ơi!
"ae tư vấn giúp, đang suy nghĩ về một quyết định chưa bt nên làm hay khum thì nên làm sao 😐",trung_tinh,Cuộc sống,casual,"à ra vậy, đôi khi yên ổn cũng là một loại hạnh phúc đó! có gì muốn kể thêm thì cứ kể nhé! cứ thư giãn đi nhé~"
"ae tư vấn giúp, bị hứa thưởng nhưng cuối năm lại khum có thì nên làm sao ugh",that_vong,Công việc,deep,Mình hiểu bạn đang cảm thấy rất hụt hẫng lúc này. Kỳ vọng bị phá vỡ luôn để lại dấu ấn sâu. Hãy cho bản thân thời gian để xử lý cảm xúc này trước khi tiếp tục. Bạn vẫn đang tiến về phía trước dù chưa thấy rõ.
Dạo này crush vừa công khai người yêu mới 😢,buon,Tình cảm,casual,"ôi buồn quá, đừng cố tỏ ra ổn, có mình ở đây nè. bật phim hoặc nhạc chill đi nào! có mình nè, đừng lo."
hôm nay nhớ người yêu cũ khi trời mưa haiz,buon,Tình cảm,casual,"ôm bạn nè 🥺 buồn như vậy thì ai cũng cần được chia sẻ mà. gọi cho bạn thân tâm sự đi, đừng ôm một mình. rồi sẽ qua thôi bạn ơi."
"thiệt tình mượn đồ lâu rồi không trả mà còn tỏ ra bình thường, chán",gian_du,Bạn bè / Người thân,deep,Cảm giác bất công đó rất thật. Bạn hoàn toàn có quyền cảm thấy bực bội như vậy. Hãy để cơn tức nguôi trước khi phản ứng — quyết định lúc nóng thường không tốt. Mình ở đây ủng hộ bạn.
"vừa không vui không buồn, cứ trôi qua thôi xong, vui ghê ...",trung_tinh,Cuộc sống,casual,aha hiểu rồi! không phải lúc nào cũng cần có gì to tát đâu. tận hưởng sự bình lặng đó đi bạn ơi. cứ thư giãn đi nhé~
"vừa chốt đơn thành công món đồ ao ước xong, buồn ghê =))",vui,Cuộc sống,casual,"hết sẩy! nghe mà vui lây =)) lưu khoảnh khắc này lại, sau nhìn lại vẫn còn vui mà. mình vui cho bạn lắm!"
"ae tư vấn giúp, tin tưởng đồng nghiệp mà bị phản bội thì nên làm sao ugh",that_vong,Công việc,deep,Mình hiểu bạn đang cảm thấy rất hụt hẫng lúc này. Kỳ vọng bị phá vỡ luôn để lại dấu ấn sâu. Hãy cho bản thân thời gian để xử lý cảm xúc này trước khi tiếp tục. Thất vọng không phải điểm kết thúc — hãy tiếp tục.
"Gặp ng mới và cảm giác có điểm chung, ủa khum biết làm sao 🙏",hy_vong,Tình cảm,casual,"ôi nghe mà có động lực lây luôn á 🌱 cứ giữ năng lượng tích cực đó nhé, mọi thứ đang đi đúng hướng rồi! chia sẻ kế hoạch với người thân, được ủng hộ thêm sẽ vững hơn. mình chờ nghe tin vui từ bạn nhé~"
Tao yêu thật lòng mà ko được đáp lại ugh,that_vong,Tình cảm,casual,"ugh biết cảm giác đó rồi, không phải lỗi của mình đâu nha. coi như bài học đắt giá nghen! bạn vẫn ổn mà, cứ tiến lên thôi! 💪"
"Tao đang bị hôm nay đi đường không tắc, đến nơi sớm nè =))",vui,Cuộc sống,casual,đỉnh của chóp luôn á!! kết quả xứng đáng với cố gắng của bạn rồi đó! tự thưởng cho mình đi nào~ chúc mừng bạn nha 🥳
"vừa ngồi uống cà phê một mình, tâm trạng bình thường xong, hy vọng ghê ...",trung_tinh,Suy nghĩ,casual,"hmmm thế thì cũng oke nha, ngày bình thường mà, cũng có cái vui của nó. có gì muốn kể thêm thì cứ kể nhé! ngày mai sẽ có nhiều chuyện hay hơn nha!"
"hàng giao sai size mà đổ lỗi do mình đặt nhầm, mình ko bt làm sao",gian_du,Dịch vụ,casual,ugh tức thật! tức như vậy là phải rồi. xả ra bằng cách đi dạo hoặc nghe nhạc to đi! thôi bỏ qua cho nhẹ đầu nhé!
"Sắp tới deadline mà chưa làm đc gì, mk không biết làm sao 🥲",lo_au,Công việc,casual,hít thở sâu nào 😅 ai gặp chuyện đó cũng rén thôi. uống ly nước rồi chia nhỏ vấn đề ra xử lý từng cái nhé! cố lên nhé!
"tìm được hướng đi rõ ràng hơn cho tương lai, mk không biết làm sao 🙏",hy_vong,Cuộc sống,casual,ôi nghe mà có động lực lây luôn á 🌱 kế hoạch rõ ràng rồi thì cứ thế mà tiến thôi! cứ từng bước nhỏ là đủ rồi! tiến lên thôi!
"chốt hợp đồng lớn sau bao ngày nỗ lực, trời ơi không biết làm sao =))",vui,Công việc,casual,"đỉnh của chóp luôn á!! mình tự hào về bạn ghê nơi ✨ lưu khoảnh khắc này lại, sau nhìn lại vẫn còn vui mà. mình vui cho bạn lắm!"
"vừa ngồi uống cà phê một mình, tâm trạng bình thường xong, tức ghê",trung_tinh,Suy nghĩ,casual,aha hiểu rồi! đôi khi yên ổn cũng là một loại hạnh phúc đó! có gì muốn kể thêm thì cứ kể nhé! ngày mai sẽ có nhiều chuyện hay hơn nha!
"đặt phòng khách sạn xong đến nơi bảo hết phòng, nói thật là kh biết làm sao 💢",gian_du,Dịch vụ,casual,"ugh tức thật! tức như vậy là phải rồi. bơ đi mà sống, năng lượng của mình quý hơn chứ. mình tin bạn sẽ xử lý được thôi."
Tớ khối lượng công việc ngập đầu kh biết bắt đầu từ đâu 😰,lo_au,Công việc,deep,Lo âu như vậy thực sự rất nặng nề. Lo âu đôi khi là tín hiệu bạn đang quan tâm đến điều quan trọng. Nói chuyện với người tin tưởng — đôi khi chỉ cần được lắng nghe là nhẹ hơn nhiều. Bạn không cần giải quyết tất cả cùng lúc đâu.
Ngl đang bị sếp ép deadline vô lý không có lý do nè 💢,gian_du,Công việc,casual,"đúng là củ chuối không chịu được 🤬 ai gặp cũng điên tiết thôi bạn ơi. bơ đi mà sống, năng lượng của mình quý hơn chứ. mình tin bạn sẽ xử lý được thôi."
"Ae ơi đang bị công việc ổn định, không có gì nhiều để kể nè 🙂",trung_tinh,Công việc,casual,"à ra vậy, ngày bình thường mà, cũng có cái vui của nó. nếu cần tâm sự thì mình ở đây~ cứ thư giãn đi nhé~"
"Vừa đc giao nhiệm vụ mới thú vị hơn xong, hy vọng ghê",hy_vong,Công việc,casual,xịn lắm nè! kế hoạch rõ ràng rồi thì cứ thế mà tiến thôi! cứ từng bước nhỏ là đủ rồi! tiến lên thôi!
Ngl đang bị bạn cũ từ xa về thăm bất ngờ nè 😎,vui,Tình cảm,casual,hết sẩy! mình tự hào về bạn ghê nơi ✨ tự thưởng cho mình đi nào~ mình vui cho bạn lắm!
Tui đang bị cảm thấy cô đơn dù xung quanh có nhiều người nè 💔,buon,Cuộc sống,casual,"trời ơi nghe mà tủi thân giùm 😢 buồn như vậy thì ai cũng cần được chia sẻ mà. ăn gì ngon ngon đi, tự thưởng cho bản thân xíu. mai lại oke thôi! 💙"
Tao đang bị bạn bè lúc khó khăn thì không ai xuất hiện nè,that_vong,Tình cảm,deep,Mình nghe bạn và thấy điều này không dễ dàng chút nào. Kỳ vọng bị phá vỡ luôn để lại dấu ấn sâu. Nhìn lại xem mình học được gì từ lần này — bài học thường nằm ở đây. Bạn vẫn đang tiến về phía trước dù chưa thấy rõ.
Ae ơi pass môn khó nhất học kỳ 😆,vui,Học tập,casual,yayyy 🎉🎉 xứng đáng lắm luôn! nhớ chia sẻ niềm vui với người thân nha! chúc mừng bạn nha 🥳
Dạo này đang bị tìm đc qán cà phê ưng ý mới nè 🎉,vui,Cuộc sống,deep,Thật tuyệt vời khi nghe điều này. Những nỗ lực của bạn đã được đền đáp xứng đáng. Hãy trân trọng khoảnh khắc này và chia sẻ với những người đã đồng hành. Mình tin đây chỉ là bước đầu trong hành trình dài.
"Thiệt tình hôm nay đi đường khum tắc, đến nơi sớm, chán 🤩",vui,Cuộc sống,casual,đỉnh của chóp luôn á!! nghe mà vui lây =)) tự thưởng cho mình đi nào~ giữ phong độ nhé bạn ơi!
Mk đang bị chia tay xong cứ thấy trống rỗng nè 😞,buon,Tình cảm,casual,"ôm bạn nè 🥺 cảm giác đó nặng lắm, mình hiểu. bật phim hoặc nhạc chill đi nào! có mình nè, đừng lo."
"Ae tư vấn giúp, kh biết mk có đủ năng lực cho vị trí mới không thì nên làm sao 🥲",lo_au,Công việc,casual,hít thở sâu nào 😅 mình hiểu cảm giác đó lắm! uống ly nước rồi chia nhỏ vấn đề ra xử lý từng cái nhé! mình tin bạn làm được mà~
hôm nay ba mẹ cứ cãi nhau và có vẻ sắp ly hôn 😢,buon,Gia đình,casual,"ôm bạn nè 🥺 đừng cố tỏ ra ổn, có mình ở đây nè. gọi cho bạn thân tâm sự đi, đừng ôm một mình. rồi sẽ qua thôi bạn ơi."
"vừa sắp tới deadline mà chưa làm dc gì xong, buồn ghê 😱",lo_au,Công việc,casual,"bình tĩnh đi bạn ơi, lo nhiều cũng không giải quyết được gì thêm đâu nha. uống ly nước rồi chia nhỏ vấn đề ra xử lý từng cái nhé! ổn thôi bạn ơi!"
"Gửi cv và đang chờ kết quả phỏng vấn, tớ ko biết làm sao ✨",hy_vong,Công việc,deep,"Mình cảm nhận được sự tích cực và nỗ lực của bạn. Bạn đang ở đúng nơi cần phải có để tiếp tục tiến lên. Hãy giữ vững kế hoạch đó và bước từng bước thật chắc. Cứ tiến lên, mình cổ vũ bạn."
"Vừa sếp khen project mới trước toàn công ty xong, vui ghê 😎",vui,Công việc,deep,Mình rất vui khi nghe tin này. Kết quả này là minh chứng cho sự kiên trì của bạn. Dùng động lực từ thành công này để tiếp tục những mục tiêu tiếp theo. Mình tin đây chỉ là bước đầu trong hành trình dài.
Chời ơi cố gắng cả năm nhưng không dc thăng chức 🥀,buon,Công việc,deep,Cảm ơn bạn đã chia sẻ với mình. Buồn như vậy là hoàn toàn bình thường — đừng cố kìm lại. Tìm người thân thiết để nói chuyện — đừng mang một mình. Không cần phải ổn ngay đâu.
Tớ làm đúng quy trình mà vẫn bị chỉ trích 😞,that_vong,Công việc,casual,"haizzz đặt kỳ vọng cao rồi bị hẫng đau lắm, mình hiểu cảm giác đó, không dễ gì nuốt được đâu. coi như bài học đắt giá nghen! rồi sẽ tốt hơn thôi bạn ơi."
"thiệt tình dc giao nhiệm vụ mới thú vị hơn, chán 😌",hy_vong,Công việc,casual,xịn lắm nè! kế hoạch rõ ràng rồi thì cứ thế mà tiến thôi! cứ từng bước nhỏ là đủ rồi! mình chờ nghe tin vui từ bạn nhé~
"thiệt tình gửi CV và đang chờ kết quả phỏng vấn, chán ✨",hy_vong,Công việc,casual,"tuyệt vời đó bạn! mình cũng tin vào bạn nha~ chia sẻ kế hoạch này với người thân, được ủng hộ thêm sẽ vững hơn. tiến lên thôi!"
"tài khoản cạn tiền mà tháng còn dài lắm, tao không biết làm sao",lo_au,Cuộc sống,deep,Lo âu như vậy thực sự rất nặng nề. Đây là phản ứng bình thường khi đối mặt với áp lực lớn. Hít thở sâu và bắt đầu từ điều nhỏ nhất có thể làm ngay hôm nay. Bạn không cần giải quyết tất cả cùng lúc đâu.
Hôm nay mượn đồ lâu r không trả mà còn tỏ ra bình thường 👊,gian_du,Bạn bè / Người thân,casual,ugh tức thật! tức như vậy là phải rồi. uống ngụm nước lạnh đi rồi bơ nó ra! thôi bỏ qua cho nhẹ đầu nhé!
"Ae tư vấn giúp, sau thời gian dài cuối cùng đã liên lạc lại đc thì nên làm sao 🌱",hy_vong,Tình cảm,casual,ôi nghe mà có động lực lây luôn á 🌱 mình cũng tin vào bạn nha~ chúc mọi thứ diễn ra suôn sẻ nhé ✨ mình chờ nghe tin vui từ bạn nhé~
"thiệt tình sợ bị sếp đánh giá thấp trong kỳ review, chán huhu",lo_au,Công việc,casual,"bình tĩnh đi bạn ơi, lo nhiều cũng không giải quyết được gì thêm đâu nha. thử tắt điện thoại một lúc, focus vào 1 việc thôi. ổn thôi bạn ơi!"
Ae ơi đang bị sau giai đoạn khó khăn cảm thấy mọi thứ đang tốt lên nè 🌱,hy_vong,Cuộc sống,casual,wow nhìn thấy vậy vui ghê! mình cũng tin vào bạn nha~ chúc mọi thứ diễn ra suôn sẻ nhé ✨ tiến lên thôi!
Tui đang bị bị cắt mặt suýt gây tai nạn mà không xin lỗi nè 🔥,gian_du,Giao thông,casual,"đúng là củ chuối không chịu được 🤬 ai gặp cũng điên tiết thôi bạn ơi. hít thở nào, giận quá dễ nói sai rồi hối hận =)) thôi bỏ qua cho nhẹ đầu nhé!"
Trời ơi dự án mới bắt đầu và cảm giác rất tiềm năng 🌱,hy_vong,Công việc,deep,Thật đáng quý khi bạn vẫn giữ được cái nhìn tích cực này. Cảm giác bắt đầu thấy ánh sáng ở cuối đường hầm rất đáng trân trọng. Đừng so sánh tiến độ của mình với người khác — hành trình của bạn là của riêng bạn. Hành trình đang đi đúng hướng rồi.
"Đang code xong thì cúp điện mất hết, mk không biết làm sao 💢",gian_du,Công việc,casual,"trời ơi nghe mà tức dùm á 😡 ai gặp cũng điên tiết thôi bạn ơi. hít thở nào, giận quá dễ nói sai rồi hối hận =)) không đáng mất sức đâu bạn ơi 😤"
Ngl nghĩ về tương lai thấy mông lung quá,lo_au,Cuộc sống,casual,hít thở sâu nào 😅 overthinking kiểu này mệt lắm đúng không? uống ly nước rồi chia nhỏ vấn đề ra xử lý từng cái nhé! mình tin bạn làm được mà~
"Ae tư vấn giúp, mượn đồ lâu rùi không trả mà còn tỏ ra bình thường thì nên làm sao 😡",gian_du,Bạn bè / Người thân,deep,"Cảm giác bất công đó rất thật. Đôi khi ranh giới cần được giữ vững và điều đó đúng. Nếu cần, hãy nói thẳng ra một cách bình tĩnh — giữ im lặng mãi cũng không tốt. Hãy xử lý theo cách phù hợp nhất."
Chời ơi bắt đầu một thói quen mới và duy trì được 2 tuần r 🤞,hy_vong,Cuộc sống,casual,tuyệt vời đó bạn! hy vọng như vậy là động lực để tiến lên đó! chúc mọi thứ diễn ra suôn sẻ nhé ✨ mình chờ nghe tin vui từ bạn nhé~
Hôm nay đặt nhiều kỳ vọng vào người ấy mà họ không quan tâm ugh,that_vong,Tình cảm,casual,"ugh biết cảm giác đó rồi, thất vọng kiểu này thật sự khó chịu lắm. đừng để thất vọng lần này định nghĩa mình, ok không? rồi sẽ tốt hơn thôi bạn ơi."
Chời ơi crush vừa công khai ng yêu mới 😞,buon,Tình cảm,deep,Mình rất tiếc khi nghe điều này. Bạn không yếu đuối khi buồn — bạn rất can đảm khi chia sẻ điều này. Tìm người thân thiết để nói chuyện — đừng mang một mình. Không cần phải ổn ngay đâu.
"yêu thật lòng mà không dc đáp lại, mn ơi không bt làm sao 😞",that_vong,Tình cảm,deep,Mình hiểu bạn đang cảm thấy rất hụt hẫng lúc này. Cảm giác hẫng hụt là rất thật và đáng được thừa nhận. Nhìn lại xem mình học được gì từ lần này — bài học thường nằm ở đây. Thất vọng không phải điểm kết thúc — hãy tiếp tục.
"thiệt tình nghĩ về tương lai thấy mông lung wa, chán",lo_au,Cuộc sống,casual,từ từ nào! thấy lo như vậy là bình thường mà. uống ly nước rồi chia nhỏ vấn đề ra xử lý từng cái nhé! ổn thôi bạn ơi!
"thiệt tình sếp ép deadline vô lý k có lý do, chán 👊",gian_du,Công việc,casual,ugh tức thật! đúng là vô lý không chịu được. uống ngụm nước lạnh đi rồi bơ nó ra! thôi bỏ qua cho nhẹ đầu nhé!
Nói thật là đang bị tìm dc wan cà phê ưng ý mới nè 😎,vui,Cuộc sống,casual,hết sẩy! mình tự hào về bạn ghê nơi ✨ tự thưởng cho mình đi nào~ chúc mừng bạn nha 🥳
"Bốc thăm trúng phần thưởng to, tui không biết làm sao 🤩",vui,Cuộc sống,casual,"wow xịn xò vậy! nghe mà vui lây =)) lưu khoảnh khắc này lại, sau nhìn lại vẫn còn vui mà. chúc mừng bạn nha 🥳"
Chời ơi tìm đc wan cà phê ưng ý mới ✨,vui,Cuộc sống,casual,yayyy 🎉🎉 kết quả xứng đáng với cố gắng của bạn rồi đó! nhớ chia sẻ niềm vui với người thân nha! tiếp tục phát huy nhé!
"Vừa sau thời gian dài cuối cùng đã liên lạc lại đc xong, hy vọng ghê ✨",hy_vong,Tình cảm,casual,ôi nghe mà có động lực lây luôn á 🌱 mình cũng tin vào bạn nha~ đừng để ai lấy đi cái tinh thần đó của mình nghen! mình chờ nghe tin vui từ bạn nhé~
Mn ơi đang bị dc giao nhiệm vụ mới thú vị hơn nè 🌱,hy_vong,Công việc,casual,"wow nhìn thấy vậy vui ghê! cứ giữ năng lượng đó nhé, mọi thứ đang đi đúng hướng rồi! chúc mọi thứ diễn ra suôn sẻ nhé ✨ tiến lên thôi!"
"Vừa sắp trả tiền trọ mà lương chưa về xong, hy vọng ghê 😥",lo_au,Cuộc sống,casual,ôi thôi ai gặp chuyện đó cũng rén thôi. ghi ra giấy hết những gì đang lo rồi ưu tiên từng cái. mình tin bạn làm được mà~
"Vừa mượn đồ lâu rùi không trả mà còn tỏ ra bình thường xong, bình thường ghê 🔥",gian_du,Bạn bè / Người thân,casual,"ugh tức thật! ai gặp cũng điên tiết thôi bạn ơi. thả lỏng ra đi, đừng để nó chiếm hết ngày của mình. không đáng mất sức đâu bạn ơi 😤"
"vừa bị ng thân khum ủng hộ điều mk tin tưởng xong, bình thường ghê 😞",that_vong,Tình cảm,casual,"haizzz đặt kỳ vọng cao rồi bị hẫng đau lắm, kỳ vọng lớn mà bị hẫng thì đau thiệt. đừng để thất vọng lần này định nghĩa mình, ok không? bạn vẫn ổn mà, cứ tiến lên thôi! 💪"
"ae tư vấn giúp, nhìn lại năm qua thấy chẳng đạt được gì thì nên làm sao",buon,Cuộc sống,deep,"Cảm ơn bạn đã chia sẻ với mình. Cảm giác trống rỗng đó rất khó nói thành lời, mình hiểu. Tìm người thân thiết để nói chuyện — đừng mang một mình. Mình luôn ở đây nếu bạn cần."
Tao phải gánh team vì mấy đứa lười 🤬,gian_du,Công việc,casual,"trời ơi nghe mà tức dùm á 😡 đúng là vô lý không chịu được. hít thở nào, giận quá dễ nói sai rồi hối hận =)) không đáng mất sức đâu bạn ơi 😤"
Hôm nay chưa học chữ nào mà mai thi rồi huhu,lo_au,Học tập,casual,"bình tĩnh đi bạn ơi, ai gặp chuyện đó cũng rén thôi. thử tắt điện thoại một lúc, focus vào 1 việc thôi. mọi chuyện rồi sẽ qua thôi 💪"
Hôm nay bị xe tạt nước suốt người khi đang đi đường 😡,gian_du,Giao thông,casual,"trời ơi nghe mà tức dùm á 😡 nghe mà mình cũng bực lây nè. thả lỏng ra đi, đừng để nó chiếm hết ngày của mình. mình tin bạn sẽ xử lý được thôi."
"Tao team vừa có thành viên mới giỏi, kỳ vọng cao",hy_vong,Công việc,casual,"ôi nghe mà có động lực lây luôn á 🌱 cứ giữ năng lượng tích cực đó nhé, mọi thứ đang đi đúng hướng rồi! cứ từng bước nhỏ là đủ rồi! cổ vũ bạn 100% nè! 🤞"
Ủa đang bị chưa học chữ nào mà mai thi rùi nè ...,lo_au,Học tập,casual,"bình tĩnh đi bạn ơi, ai gặp chuyện đó cũng rén thôi. cứ làm hết sức thôi, kết quả đến sau nha~ cố lên nhé!"
"Team vừa có thành viên mới giỏi, kỳ vọng cao, ngl không biết làm sao 🌱",hy_vong,Công việc,casual,ôi nghe mà có động lực lây luôn á 🌱 hy vọng như vậy là động lực để tiến lên đó! đừng để ai lấy đi cái tinh thần đó của mình nghen! cổ vũ bạn 100% nè! 🤞
"Thiệt tình đồng nghiệp thân nhất vừa nghỉ việc, chán haiz",buon,Công việc,casual,"ôi buồn quá, cảm giác đó nặng lắm, mình hiểu. buồn thì cứ khóc ra cho nhẹ lòng, đừng giữ trong bụng. mình ở đây nghe bạn kể nhé~"
Mk đang bị nghĩ về tương lai thấy mông lung quá nè,lo_au,Cuộc sống,casual,"hít thở sâu nào 😅 overthinking kiểu này mệt lắm đúng không? thử tắt điện thoại một lúc, focus vào 1 việc thôi. ổn thôi bạn ơi!"
"Thiệt tình sau thời gian dài cuối cùng đã liên lạc lại đc, chán 🙏",hy_vong,Tình cảm,casual,"wow nhìn thấy vậy vui ghê! cứ giữ năng lượng đó nhé, mọi thứ đang đi đúng hướng rồi! đừng để ai lấy đi cái tinh thần đó của mình nghen! tiến lên thôi!"
Ngl người yêu liên tục đến trễ mà không xin lỗi 💢,gian_du,Bạn bè / Người thân,deep,"Cảm giác bất công đó rất thật. Đôi khi ranh giới cần được giữ vững và điều đó đúng. Nếu cần, hãy nói thẳng ra một cách bình tĩnh — giữ im lặng mãi cũng không tốt. Hãy xử lý theo cách phù hợp nhất."
"thiệt tình cố gắng hết sức mà kết quả vẫn không như kỳ vọng, chán 😞",that_vong,Công việc,casual,"nặng lòng ghê, thất vọng kiểu này thật sự khó chịu lắm. coi như bài học đắt giá nghen! bạn vẫn ổn mà, cứ tiến lên thôi! 💪"
"vừa nhớ người yêu cũ khi trời mưa xong, hy vọng ghê 😢",buon,Tình cảm,casual,"trời ơi nghe mà tủi thân giùm 😢 nghe mà thương bạn lắm luôn. ăn gì ngon ngon đi, tự thưởng cho bản thân xíu. có mình nè, đừng lo."
Hôm nay ship đồ ăn thiếu món mà k chịu hoàn tiền 😤,gian_du,Dịch vụ,casual,bực ghê nơi! ai gặp cũng điên tiết thôi bạn ơi. uống ngụm nước lạnh đi rồi bơ nó ra! thôi bỏ qua cho nhẹ đầu nhé!
"Vừa làm đúng quy trình mà vẫn bị chỉ trích xong, tức ghê 😞",that_vong,Công việc,casual,"nặng lòng ghê, mình hiểu cảm giác đó, không dễ gì nuốt được đâu. reset lại đi bạn, rồi thứ tốt hơn sẽ đến thôi~ rồi sẽ tốt hơn thôi bạn ơi."
"ae tư vấn giúp, lo bảo vệ luận văn bị giáo viên phản biện nặng thì nên làm sao ...",lo_au,Học tập,deep,Lo âu như vậy thực sự rất nặng nề. Lo âu đôi khi là tín hiệu rằng bạn đang quan tâm sâu sắc đến điều này. Hít thở sâu và bắt đầu từ điều nhỏ nhất có thể làm ngay hôm nay. Bạn không cần giải quyết tất cả cùng một lúc đâu.
"Thiệt tình bị overthinking cả đêm ngủ khum đc, chán huhu",lo_au,Cuộc sống,casual,ôi thôi lo nhiều cũng không giải quyết được gì thêm đâu nha. ghi ra giấy hết những gì đang lo rồi ưu tiên từng cái. mọi chuyện rồi sẽ qua thôi 💪
"vừa đợi mãi một cơ hội mà nó không đến xong, vui ghê",that_vong,Cuộc sống,casual,"nặng lòng ghê, thất vọng kiểu này thật sự khó chịu lắm. thử nhìn lại mình học được gì từ lần này nhé. rồi sẽ tốt hơn thôi bạn ơi."
Chời ơi đang bị đặt phòng khách sạn xong đến nơi bảo hết phòng nè 🤬,gian_du,Dịch vụ,casual,"đúng là củ chuối không chịu được 🤬 nghe mà mình cũng bực lây nè. bơ đi mà sống, năng lượng của mình quý hơn chứ. mình tin bạn sẽ xử lý được thôi."
"Vừa ship đồ ăn thiếu món mà không chịu hoàn tiền xong, lo ghê 🤬",gian_du,Dịch vụ,casual,"trời ơi nghe mà tức dùm á 😡 tức như vậy là phải rồi. thả lỏng ra đi, đừng để nó chiếm hết ngày của mình. thôi bỏ qua cho nhẹ đầu nhé!"
Mk đang bị đang xem phim nhưng không có cảm xúc gì mạnh nè 😐,trung_tinh,Suy nghĩ,casual,"bình bình vậy cũng ổn mà, ngày bình thường mà, cũng có cái vui của nó. tận hưởng sự bình lặng đó đi bạn ơi. ngày mai sẽ có nhiều chuyện hay hơn nha!"
"Ae tư vấn giúp, được thăng chức sau kỳ đánh giá thì nên làm sao =))",vui,Công việc,casual,yayyy 🎉🎉 xứng đáng lắm luôn! ăn gì ngon ngon ăn mừng đi! chúc mừng bạn nha 🥳
"cố xây dựng điều gì đó mà bị phá vỡ một cách vô lý, hôm nay k biết làm sao 💔",that_vong,Cuộc sống,casual,"nặng lòng ghê, thất vọng kiểu này thật sự khó chịu lắm. thử nhìn lại mình học được gì từ lần này nhé. mình tin bạn sẽ vượt qua được."
"được thăng chức sau kỳ đánh giá, tớ không biết làm sao 😆",vui,Công việc,casual,wow xịn xò vậy! kết quả xứng đáng với cố gắng của bạn rồi đó! ăn gì ngon ngon ăn mừng đi! chúc mừng bạn nha 🥳
Nói thật là bị cắt mặt suýt gây tai nạn mà không xin lỗi 👊,gian_du,Giao thông,deep,Sự bực bội của bạn hoàn toàn chính đáng. Phản ứng như vậy là hoàn toàn bình thường trước tình huống này. Hãy để cơn tức nguôi trước khi phản ứng — quyết định lúc nóng thường không tốt. Bạn không cần nuốt bực bội vào trong mãi.
Hôm nay đang bị bạn bè lúc khó khăn thì không ai xuất hiện nè 😶,that_vong,Tình cảm,deep,Mình hiểu bạn đang cảm thấy rất hụt hẫng lúc này. Kỳ vọng bị phá vỡ luôn để lại dấu ấn sâu. Hãy cho bản thân thời gian để xử lý cảm xúc này trước khi tiếp tục. Mình tin bạn sẽ tìm ra hướng đi phù hợp hơn.
Ae ơi đang bị cảm giác mối quan hệ đang ấm lên dần nè 😌,hy_vong,Tình cảm,casual,"tuyệt vời đó bạn! mình cũng tin vào bạn nha~ chia sẻ kế hoạch này với người thân, được ủng hộ thêm sẽ vững hơn. mình chờ nghe tin vui từ bạn nhé~"
Ngl đang bị cảm thấy cô đơn dù xung quanh có nhiều ng nè 😞,buon,Cuộc sống,casual,"ôi buồn quá, cảm giác đó nặng lắm, mình hiểu. ra ngoài đi dạo một chút cho thoáng đầu nhé. mình ở đây nghe bạn kể nhé~"
Tui không về kịp gặp người thân lần cuối,buon,Gia đình,casual,"trời ơi nghe mà tủi thân giùm 😢 đừng cố tỏ ra ổn, có mình ở đây nè. bật phim hoặc nhạc chill đi nào! rồi sẽ qua thôi bạn ơi."
"Vừa bị hứa thưởng nhưng cuối năm lại khum có xong, buồn ghê haizzz",that_vong,Công việc,casual,"ugh biết cảm giác đó rồi, thất vọng kiểu này thật sự khó chịu lắm. reset lại đi bạn, rồi thứ tốt hơn sẽ đến thôi~ mình tin bạn sẽ vượt qua được."
Mình sắp trả tiền trọ mà lương chưa về 🥲,lo_au,Cuộc sống,casual,hít thở sâu nào 😅 thấy lo như vậy là bình thường mà. uống ly nước rồi chia nhỏ vấn đề ra xử lý từng cái nhé! mình tin bạn làm được mà~
"xa nhà lâu quá nhớ mọi người, trời ơi không bt làm sao 🥀",buon,Gia đình,casual,"ôi buồn quá, cảm giác đó nặng lắm, mình hiểu. ăn gì ngon ngon đi, tự thưởng cho bản thân xíu. mai lại oke thôi! 💙"
"Bốc thăm trúng phần thưởng to, hôm nay không biết làm sao 😎",vui,Cuộc sống,deep,Thật tuyệt vời khi nghe điều này. Những nỗ lực của bạn đã được đền đáp xứng đáng. Đừng quên ghi nhận lại hành trình đã qua — nó sẽ là nguồn cảm hứng sau này. Mình tin đây chỉ là bước đầu trong hành trình dài.
"cảm thấy cô đơn dù xung quanh có nhiều người, nói thật là không biết làm sao 😞",buon,Cuộc sống,casual,"ôi buồn quá, nghe mà thương bạn lắm luôn. bật phim hoặc nhạc chill đi nào! mình ở đây nghe bạn kể nhé~"
"Người yêu tặng quà bất ngờ, tui không biết làm sao 🥰",vui,Tình cảm,deep,Mình rất vui khi nghe tin này. Những nỗ lực của bạn đã được đền đáp xứng đáng. Hãy trân trọng khoảnh khắc này và chia sẻ với những người đã đồng hành. Mình tin đây chỉ là bước đầu trong hành trình dài.
"vừa lương về rồi xong, thất vọng ghê 🎉",vui,Cuộc sống,deep,Mình rất vui khi nghe tin này. Những nỗ lực của bạn đã được đền đáp xứng đáng. Dùng động lực từ thành công này để tiếp tục những mục tiêu tiếp theo. Hãy giữ mãi năng lượng tích cực này nhé.
"vừa hôm nay kh có gì đặc biệt lắm xong, tức ghê",trung_tinh,Cuộc sống,casual,aha hiểu rồi! đôi khi yên ổn cũng là một loại hạnh phúc đó! tận hưởng sự bình lặng đó đi bạn ơi. cứ thư giãn đi nhé~
"ae tư vấn giúp, bạn bè lúc khó khăn thì không ai xuất hiện thì nên làm sao haizzz",that_vong,Tình cảm,casual,"ugh biết cảm giác đó rồi, mình hiểu cảm giác đó, không dễ gì nuốt được đâu. coi như bài học đắt giá nghen! mình tin bạn sẽ vượt qua được."
"vừa hàng giao sai size mà đổ lỗi do mình đặt nhầm xong, tức ghê 💢",gian_du,Dịch vụ,casual,"bực ghê nơi! tức như vậy là phải rồi. bơ đi mà sống, năng lượng của mình quý hơn chứ. mình tin bạn sẽ xử lý được thôi."
Tao sau thời gian dài cuối cùng đã liên lạc lại đc,hy_vong,Tình cảm,casual,wow nhìn thấy vậy vui ghê! kế hoạch rõ ràng rồi thì cứ thế mà tiến thôi! chúc mọi thứ diễn ra suôn sẻ nhé ✨ tiến lên thôi!
Dạo này ship đồ ăn thiếu món mà ko chịu hoàn tiền,gian_du,Dịch vụ,casual,"đúng là củ chuối không chịu được 🤬 ai gặp cũng điên tiết thôi bạn ơi. hít thở nào, giận quá dễ nói sai rồi hối hận =)) giận xong thì thôi, đừng giữ mãi."
"ae tư vấn giúp, sắp trả tiền trọ mà lương chưa về thì nên làm sao 😰",lo_au,Cuộc sống,casual,"oke oke, thấy lo như vậy là bình thường mà. đừng nhìn cả đống cùng lúc, từng bước nhỏ thôi! cố lên nhé!"
"Không bt mk đang đi đúng hướng không, trời ơi không biết làm sao",lo_au,Cuộc sống,casual,hít thở sâu nào 😅 overthinking kiểu này mệt lắm đúng không? ghi ra giấy hết những gì đang lo rồi ưu tiên từng cái. cố lên nhé!
"vừa ông bà mất, để lại khoảng trống ko bù được xong, thất vọng ghê 😢",buon,Gia đình,casual,"haizzz nghe mà thương ghê, cảm giác đó nặng lắm, mình hiểu. gọi cho bạn thân tâm sự đi, đừng ôm một mình. mình ở đây nghe bạn kể nhé~"
"vừa dự án mới bắt đầu và cảm giác rất tiềm năng xong, lo ghê",hy_vong,Công việc,casual,"wow nhìn thấy vậy vui ghê! mình cũng tin vào bạn nha~ chia sẻ kế hoạch này với người thân, được ủng hộ thêm sẽ vững hơn. tiến lên thôi!"
"Sau thời gian dài cuối cùng đã liên lạc lại được, mình ko bt làm sao ✨",hy_vong,Tình cảm,casual,"ôi nghe mà có động lực lây luôn á 🌱 cứ giữ năng lượng đó nhé, mọi thứ đang đi đúng hướng rồi! cứ từng bước nhỏ là đủ rồi! tiến lên thôi!"
hôm nay bạn thân sắp chuyển đi xa 😢,buon,Tình cảm,deep,Cảm ơn bạn đã chia sẻ với mình. Buồn như vậy là hoàn toàn bình thường — đừng cố kìm lại. Tìm người thân thiết để nói chuyện — đừng mang một mình. Không cần phải ổn ngay đâu.
"thiệt tình con mèo nuôi nhiều năm vừa ra đi, chán haiz",buon,Cuộc sống,casual,trời ơi nghe mà tủi thân giùm 😢 buồn như vậy thì ai cũng cần được chia sẻ mà. ra ngoài đi dạo một chút cho thoáng đầu nhé. mình ở đây nghe bạn kể nhé~
Tớ đang cân nhắc chuyện đổi việc nhưng chưa quyết ...,trung_tinh,Công việc,casual,"hmmm thế thì cũng oke nha, ngày bình thường mà, cũng có cái vui của nó. có gì muốn kể thêm thì cứ kể nhé! cứ thư giãn đi nhé~"
Hôm nay bị kể chuyện riêng tư cho ng khác dù đã dặn giữ kín 😤,gian_du,Bạn bè / Người thân,casual,ugh tức thật! nghe mà mình cũng bực lây nè. uống ngụm nước lạnh đi rồi bơ nó ra! không đáng mất sức đâu bạn ơi 😤
"Vừa bị đồng nghiệp nhận công của mk trước mặt sếp xong, vui ghê 😡",gian_du,Công việc,casual,"bực ghê nơi! đúng là vô lý không chịu được. thả lỏng ra đi, đừng để nó chiếm hết ngày của mình. giận xong thì thôi, đừng giữ mãi."
"Vừa công việc ổn định, không có gì nhiều để kể xong, vui ghê ...",trung_tinh,Công việc,casual,"hmmm thế thì cũng oke nha, ngày bình thường mà, cũng có cái vui của nó. nếu cần tâm sự thì mình ở đây~ ngày mai sẽ có nhiều chuyện hay hơn nha!"
"thiệt tình dc thăng chức sau kỳ đánh giá, chán 🥰",vui,Công việc,deep,Mình rất vui khi nghe tin này. Niềm vui này bạn hoàn toàn xứng đáng có được. Dùng động lực từ thành công này để tiếp tục những mục tiêu tiếp theo. Mình tin đây chỉ là bước đầu trong hành trình dài.
Ủa hai đứa vừa nói chuyện thẳng và hiểu nhau hơn ✨,hy_vong,Tình cảm,casual,"wow nhìn thấy vậy vui ghê! mình cũng tin vào bạn nha~ chia sẻ kế hoạch này với người thân, được ủng hộ thêm sẽ vững hơn. cổ vũ bạn 100% nè! 🤞"
"vừa được thăng chức sau kỳ đánh giá xong, lo ghê 🥰",vui,Công việc,casual,wow xịn xò vậy! nghe mà vui lây =)) tự thưởng cho mình đi nào~ chúc mừng bạn nha 🥳
Trời ơi làm lành với ng thân sau trận cãi 😎,vui,Tình cảm,casual,"trời ơi hay quá vậy?! mình tự hào về bạn ghê nơi ✨ lưu khoảnh khắc này lại, sau nhìn lại vẫn còn vui mà. chúc mừng bạn nha 🥳"
"Vừa dự án mới bắt đầu và cảm giác rất tiềm năng xong, bình thường ghê ✨",hy_vong,Công việc,casual,tuyệt vời đó bạn! kế hoạch rõ ràng rồi thì cứ thế mà tiến thôi! đừng để ai lấy đi cái tinh thần đó của mình nghen! tiến lên thôi!
"sếp ép deadline vô lý khum có lý do, mn ơi không biết làm sao 😡",gian_du,Công việc,casual,"bực ghê nơi! đúng là vô lý không chịu được. uống ngụm nước lạnh đi rồi bơ nó ra! giận xong thì thôi, đừng giữ mãi."
"làm lành với ng thân sau trận cãi, ae ơi ko biết làm sao",vui,Tình cảm,casual,wow xịn xò vậy! xứng đáng lắm luôn! nhớ chia sẻ niềm vui với người thân nha! tiếp tục phát huy nhé!
Tao người yêu liên tục đến trễ mà k xin lỗi 😡,gian_du,Bạn bè / Người thân,casual,"ugh tức thật! đúng là vô lý không chịu được. thả lỏng ra đi, đừng để nó chiếm hết ngày của mình. mình tin bạn sẽ xử lý được thôi."
"Vừa đọc xong một bài viết thú vị, tao ko bt làm sao 🙂",trung_tinh,Cuộc sống,casual,"hmmm thế thì cũng oke nha, ngày bình thường mà, cũng có cái vui của nó. tận hưởng sự bình lặng đó đi bạn ơi. cứ thư giãn đi nhé~"
"Ae tư vấn giúp, mượn đồ lâu r khum trả mà còn tỏ ra bình thường thì nên làm sao 🔥",gian_du,Bạn bè / Người thân,casual,"đúng là củ chuối không chịu được 🤬 tức như vậy là phải rồi. bơ đi mà sống, năng lượng của mình quý hơn chứ. mình tin bạn sẽ xử lý được thôi."
"Vừa team vừa có thành viên mới giỏi, kỳ vọng cao xong, thất vọng ghê",hy_vong,Công việc,casual,xịn lắm nè! kế hoạch rõ ràng rồi thì cứ thế mà tiến thôi! chúc mọi thứ diễn ra suôn sẻ nhé ✨ mình chờ nghe tin vui từ bạn nhé~
"thiệt tình đợi mãi một cơ hội mà nó khum đến, chán 💔",that_vong,Cuộc sống,deep,Thất vọng sau khi đặt cả tâm sức — cảm giác đó rất nặng. Cảm giác hẫng hụt là rất thật và đáng được thừa nhận. Nhìn lại xem mình học được gì từ lần này — bài học thường nằm ở đây. Thất vọng không phải điểm kết thúc — hãy tiếp tục.
Ngl đang bị hi vọng nhiều rồi nhận kết quả ngược lại nè ugh,that_vong,Cuộc sống,casual,"nặng lòng ghê, mình hiểu cảm giác đó, không dễ gì nuốt được đâu. coi như bài học đắt giá nghen! bạn vẫn ổn mà, cứ tiến lên thôi! 💪"
"Thiệt tình sợ tỏ tình xong bị từ chối thì mất cả tình bạn, chán",lo_au,Tình cảm,casual,"từ từ nào! ai gặp chuyện đó cũng rén thôi. cứ làm hết sức thôi, kết quả đến sau nha~ cố lên nhé!"
Mn ơi đang bị mượn đồ lâu rồi không trả mà còn tỏ ra bình thường nè 💢,gian_du,Bạn bè / Người thân,casual,trời ơi nghe mà tức dùm á 😡 ai gặp cũng điên tiết thôi bạn ơi. xả ra bằng cách đi dạo hoặc nghe nhạc to đi! thôi bỏ qua cho nhẹ đầu nhé!
"Vừa đặt mục tiêu cho năm này mà chẳng đạt được gì xong, bình thường ghê 💔",that_vong,Bản thân,casual,"haizzz đặt kỳ vọng cao rồi bị hẫng đau lắm, kỳ vọng lớn mà bị hẫng thì đau thiệt. thử nhìn lại mình học được gì từ lần này nhé. bạn vẫn ổn mà, cứ tiến lên thôi! 💪"
Ủa đang bị khum bt mình đang đi đúng hướng không nè 😥,lo_au,Cuộc sống,casual,"oke oke, thấy lo như vậy là bình thường mà. ghi ra giấy hết những gì đang lo rồi ưu tiên từng cái. cố lên nhé!"
Mn ơi được thăng chức sau kỳ đánh giá,vui,Công việc,casual,wow xịn xò vậy! kết quả xứng đáng với cố gắng của bạn rồi đó! nhớ chia sẻ niềm vui với người thân nha! giữ phong độ nhé bạn ơi!
"Vừa cố gắng hết sức mà kết quả vẫn kh như kỳ vọng xong, vui ghê",that_vong,Công việc,casual,"nặng lòng ghê, thất vọng kiểu này thật sự khó chịu lắm. đừng để thất vọng lần này định nghĩa mình, ok không? rồi sẽ tốt hơn thôi bạn ơi."
hôm nay làm lành với người thân sau trận cãi =)),vui,Tình cảm,deep,Thật tuyệt vời khi nghe điều này. Niềm vui này bạn hoàn toàn xứng đáng có được. Dùng động lực từ thành công này để tiếp tục những mục tiêu tiếp theo. Mình tin đây chỉ là bước đầu trong hành trình dài.
"Hôm nay đang bị ngồi uống cà phê một mình, tâm trạng bình thường nè 🙂",trung_tinh,Suy nghĩ,casual,"bình bình vậy cũng ổn mà, ngày bình thường mà, cũng có cái vui của nó. tận hưởng sự bình lặng đó đi bạn ơi. 🙂"
"thiệt tình bị xe tạt nước suốt người khi đang đi đường, chán",gian_du,Giao thông,casual,"đúng là củ chuối không chịu được 🤬 nghe mà mình cũng bực lây nè. bơ đi mà sống, năng lượng của mình quý hơn chứ. giận xong thì thôi, đừng giữ mãi."
Hôm nay không bt mình đang đi đúng hướng không,lo_au,Cuộc sống,deep,Mình nghe thấy sự lo lắng của bạn. Đây là phản ứng bình thường khi đối mặt với áp lực lớn. Hít thở sâu và bắt đầu từ điều nhỏ nhất có thể làm ngay hôm nay. Mình tin bạn sẽ vượt qua được.
"vừa cố gắng cả năm nhưng không đc thăng chức xong, buồn ghê 💔",buon,Công việc,casual,"ôm bạn nè 🥺 cảm giác đó nặng lắm, mình hiểu. gọi cho bạn thân tâm sự đi, đừng ôm một mình. mai lại oke thôi! 💙"
"hôm nay công việc ổn định, không có gì nhiều để kể 😐",trung_tinh,Công việc,casual,"aha hiểu rồi! ngày bình thường mà, cũng có cái vui của nó. nếu cần tâm sự thì mình ở đây~ 🙂"
Hôm nay phải gánh team vì mấy đứa lười 👊,gian_du,Công việc,deep,"Cảm giác bất công đó rất thật. Đôi khi ranh giới cần được giữ vững và điều đó đúng. Nếu cần, hãy nói thẳng ra một cách bình tĩnh — giữ im lặng mãi cũng không tốt. Hãy xử lý theo cách phù hợp nhất."
"Thiệt tình công việc ổn định, khum có gì nhiều để kể, chán 🙂",trung_tinh,Công việc,casual,"hmmm thế thì cũng oke nha, không phải lúc nào cũng cần có gì to tát đâu. có gì muốn kể thêm thì cứ kể nhé! 🙂"
"thiệt tình khum theo kịp bài vở dạo này, chán 🥲",lo_au,Học tập,casual,"bình tĩnh đi bạn ơi, ai gặp chuyện đó cũng rén thôi. uống ly nước rồi chia nhỏ vấn đề ra xử lý từng cái nhé! mình tin bạn làm được mà~"
Dạo này gặp người mới và cảm giác có điểm chung ✨,hy_vong,Tình cảm,casual,xịn lắm nè! hy vọng như vậy là động lực để tiến lên đó! đừng để ai lấy đi cái tinh thần đó của mình nghen! cổ vũ bạn 100% nè! 🤞
hôm nay con mèo nuôi nhiều năm vừa ra đi haiz,buon,Cuộc sống,casual,"ôm bạn nè 🥺 nghe mà thương bạn lắm luôn. ra ngoài đi dạo một chút cho thoáng đầu nhé. có mình nè, đừng lo."
"Vừa bị cắt mặt suýt gây tai nạn mà không xin lỗi xong, hy vọng ghê 💢",gian_du,Giao thông,deep,Sự bực bội của bạn hoàn toàn chính đáng. Bạn hoàn toàn có quyền cảm thấy bực bội như vậy. Hãy để cơn tức nguôi trước khi phản ứng — quyết định lúc nóng thường không tốt. Bạn không cần nuốt bực bội vào trong mãi.
"Vừa team vừa có thành viên mới giỏi, kỳ vọng cao xong, buồn ghê ✨",hy_vong,Công việc,casual,ôi nghe mà có động lực lây luôn á 🌱 kế hoạch rõ ràng rồi thì cứ thế mà tiến thôi! chúc mọi thứ diễn ra suôn sẻ nhé ✨ cổ vũ bạn 100% nè! 🤞
"nghe bản nhạc cũ bỗng nhớ kỷ niệm xưa, tớ kh biết làm sao 😔",buon,Cuộc sống,deep,"Mình ở đây lắng nghe bạn. Buồn như vậy là hoàn toàn bình thường — đừng cố kìm lại. Hãy cho phép bản thân cảm nhận nó, đừng vội ổn ngay. Mình luôn ở đây nếu bạn cần."
Chời ơi đang bị nộp hồ sơ học bổng và đang chờ kết quả nè 🤞,hy_vong,Học tập,casual,"xịn lắm nè! cứ giữ năng lượng đó nhé, mọi thứ đang đi đúng hướng rồi! chia sẻ kế hoạch này với người thân, được ủng hộ thêm sẽ vững hơn. mình chờ nghe tin vui từ bạn nhé~"
"Vừa bị overthinking cả đêm ngủ không đc xong, thất vọng ghê 🥲",lo_au,Cuộc sống,casual,"ôi thôi thấy lo như vậy là bình thường mà. thử tắt điện thoại một lúc, focus vào 1 việc thôi. mình tin bạn làm được mà~"
"sau giai đoạn khó khăn cảm thấy mọi thứ đang tốt lên, tao không biết làm sao 🤞",hy_vong,Cuộc sống,casual,"wow nhìn thấy vậy vui ghê! cứ giữ năng lượng tích cực đó nhé, mọi thứ đang đi đúng hướng rồi! cứ từng bước nhỏ là đủ rồi! cổ vũ bạn 100% nè! 🤞"
Mk bị kể chuyện riêng tư cho người khác dù đã dặn giữ kín 💢,gian_du,Bạn bè / Người thân,casual,"ugh tức thật! ai gặp cũng điên tiết thôi bạn ơi. bơ đi mà sống, năng lượng của mình quý hơn chứ. giận xong thì thôi, đừng giữ mãi."
"Ae ơi đang bị sợ rớt môn, ảnh hưởng học bổng nè 😥",lo_au,Học tập,casual,"oke oke, ai gặp chuyện đó cũng rén thôi. cứ làm hết sức thôi, kết quả đến sau nha~ ổn thôi bạn ơi!"
"vừa chưa học chữ nào mà mai thi rùi xong, vui ghê 🥲",lo_au,Học tập,casual,"oke oke, thấy lo như vậy là bình thường mà. thử tắt điện thoại một lúc, focus vào 1 việc thôi. ổn thôi bạn ơi!"
"Nói thật là ngồi uống cà phê một mk, tâm trạng bình thường 🙂",trung_tinh,Suy nghĩ,casual,"aha hiểu rồi! ngày bình thường mà, cũng có cái vui của nó. có gì muốn kể thêm thì cứ kể nhé! ngày mai sẽ có nhiều chuyện hay hơn nha!"
"hôm nay có kế hoạch cụ thể rùi, cảm thấy tự tin hơn 🙏",hy_vong,Cuộc sống,casual,xịn lắm nè! mình cũng tin vào bạn nha~ đừng để ai lấy đi cái tinh thần đó của mình nghen! mình chờ nghe tin vui từ bạn nhé~
Tao đang bị cảm thấy cô đơn dù xung quanh có nhiều ng nè 😔,buon,Cuộc sống,casual,"ôm bạn nè 🥺 đừng cố tỏ ra ổn, có mình ở đây nè. ra ngoài đi dạo một chút cho thoáng đầu nhé. mình ở đây nghe bạn kể nhé~"
"ae tư vấn giúp, bạn thân sắp chuyển đi xa thì nên làm sao haiz",buon,Tình cảm,casual,"ôm bạn nè 🥺 cảm giác đó nặng lắm, mình hiểu. gọi cho bạn thân tâm sự đi, đừng ôm một mình. mình ở đây nghe bạn kể nhé~"
"ae tư vấn giúp, không biết ng ấy có ts thích mình không thì nên làm sao 😰",lo_au,Tình cảm,casual,"bình tĩnh đi bạn ơi, ai gặp chuyện đó cũng rén thôi. ghi ra giấy hết những gì đang lo rồi ưu tiên từng cái. ổn thôi bạn ơi!"
"Nhận học bổng du học, ae ơi k biết làm sao 😆",vui,Học tập,casual,đỉnh của chóp luôn á!! mình tự hào về bạn ghê nơi ✨ tự thưởng cho mình đi nào~ giữ phong độ nhé bạn ơi!
"hi vọng nhiều rồi nhận kết quả ngược lại, ae ơi không biết làm sao 😶",that_vong,Cuộc sống,casual,"haizzz đặt kỳ vọng cao rồi bị hẫng đau lắm, không phải lỗi của mình đâu nha. reset lại đi bạn, rồi thứ tốt hơn sẽ đến thôi~ mình tin bạn sẽ vượt qua được."
Ngl đang bị bị xe tạt nước suốt ng khi đang đi đường nè 🔥,gian_du,Giao thông,casual,trời ơi nghe mà tức dùm á 😡 tức như vậy là phải rồi. xả ra bằng cách đi dạo hoặc nghe nhạc to đi! thôi bỏ qua cho nhẹ đầu nhé!
"thiệt tình bị cắt mặt suýt gây tai nạn mà khum xin lỗi, chán 👊",gian_du,Giao thông,casual,ugh tức thật! nghe mà mình cũng bực lây nè. xả ra bằng cách đi dạo hoặc nghe nhạc to đi! mình tin bạn sẽ xử lý được thôi.
"Vừa người yêu tặng quà bất ngờ xong, thất vọng ghê",vui,Tình cảm,casual,hết sẩy! mình tự hào về bạn ghê nơi ✨ cứ đà này thì ngon lành luôn! chúc mừng bạn nha 🥳
Mk đang bị áp lực kpi tháng này cao wa nè 😥,lo_au,Công việc,casual,"hít thở sâu nào 😅 thấy lo như vậy là bình thường mà. cứ làm hết sức thôi, kết quả đến sau nha~ mình tin bạn làm được mà~"
"dự án mới bắt đầu và cảm giác rất tiềm năng, mn ơi không bt làm sao",hy_vong,Công việc,deep,"Thật đáng quý khi bạn vẫn giữ được cái nhìn tích cực này. Cảm giác bắt đầu thấy ánh sáng ở cuối đường hầm rất đáng trân trọng. Đừng so sánh tiến độ của mình với người khác — hành trình của bạn là của riêng bạn. Cứ tiến lên, mình cổ vũ bạn."
"Vừa khum bt mình có đủ năng lực cho vị trí mới không xong, bình thường ghê 😰",lo_au,Công việc,casual,"hít thở sâu nào 😅 ai gặp chuyện đó cũng rén thôi. thử tắt điện thoại một lúc, focus vào 1 việc thôi. ổn thôi bạn ơi!"
Tớ đang bị dc giao nhiệm vụ mới thú vị hơn nè 🌱,hy_vong,Công việc,casual,xịn lắm nè! mình cũng tin vào bạn nha~ đừng để ai lấy đi cái tinh thần đó của mình nghen! tiến lên thôi!
"vừa vừa tìm ra phương pháp học mới hiệu quả hơn xong, tức ghê",hy_vong,Học tập,casual,xịn lắm nè! mình cũng tin vào bạn nha~ đừng để ai lấy đi cái tinh thần đó của mình nghen! mình chờ nghe tin vui từ bạn nhé~
Tui bài thi đc điểm cao ngoài mong đợi =)),vui,Học tập,casual,wow xịn xò vậy! nghe mà vui lây =)) ăn gì ngon ngon ăn mừng đi! mình vui cho bạn lắm!
Tao đang bị người yêu liên tục đến trễ mà không xin lỗi nè 🔥,gian_du,Bạn bè / Người thân,casual,"đúng là củ chuối không chịu được 🤬 tức như vậy là phải rồi. thả lỏng ra đi, đừng để nó chiếm hết ngày của mình. giận xong thì thôi, đừng giữ mãi."
"vừa thất bại lần này sau khi đã chuẩn bị rất kỹ xong, buồn ghê 😶",that_vong,Bản thân,casual,"nghe mà buồn cho bạn quá 💔 không phải lỗi của mình đâu nha. coi như bài học đắt giá nghen! bạn vẫn ổn mà, cứ tiến lên thôi! 💪"
"mọi thứ dạo này cứ xui xẻo liên tục, trời ơi ko bt làm sao haiz",buon,Cuộc sống,casual,"ôm bạn nè 🥺 buồn như vậy thì ai cũng cần được chia sẻ mà. gọi cho bạn thân tâm sự đi, đừng ôm một mình. rồi sẽ qua thôi bạn ơi."
Dạo này đang bị hôm nay không có gì đặc biệt lắm nè 😐,trung_tinh,Cuộc sống,casual,"aha hiểu rồi! ngày bình thường mà, cũng có cái vui của nó. nếu cần tâm sự thì mình ở đây~ cứ thư giãn đi nhé~"
"Ae tư vấn giúp, hàng giao sai size mà đổ lỗi do mk đặt nhầm thì nên làm sao",gian_du,Dịch vụ,casual,"bực ghê nơi! tức như vậy là phải rồi. bơ đi mà sống, năng lượng của mình quý hơn chứ. mình tin bạn sẽ xử lý được thôi."
Hôm nay đang bị nhìn lại năm qua thấy chẳng đạt được gì nè 🥀,buon,Cuộc sống,casual,"trời ơi nghe mà tủi thân giùm 😢 cảm giác đó nặng lắm, mình hiểu. buồn thì cứ khóc ra cho nhẹ lòng, đừng giữ trong bụng. có mình nè, đừng lo."
Ngl đang bị kh bt mình đang đi đúng hướng không nè huhu,lo_au,Cuộc sống,casual,"oke oke, overthinking kiểu này mệt lắm đúng không? ghi ra giấy hết những gì đang lo rồi ưu tiên từng cái. mình tin bạn làm được mà~"
"Thiệt tình làm lành vs người thân sau trận cãi, chán =))",vui,Tình cảm,casual,đỉnh của chóp luôn á!! kết quả xứng đáng với cố gắng của bạn rồi đó! tự thưởng cho mình đi nào~ tiếp tục phát huy nhé!
Chời ơi đang bị làm lành vs người thân sau trận cãi nè ✨,vui,Tình cảm,casual,wow xịn xò vậy! kết quả xứng đáng với cố gắng của bạn rồi đó! cứ đà này thì ngon lành luôn! chúc mừng bạn nha 🥳
"Ngày bình thường, làm việc r về, mn ơi khum biết làm sao",trung_tinh,Cuộc sống,casual,"hmmm thế thì cũng oke nha, không phải lúc nào cũng cần có gì to tát đâu. có gì muốn kể thêm thì cứ kể nhé! 🙂"
"vừa bị hứa thưởng nhưng cuối năm lại không có xong, lo ghê 💔",that_vong,Công việc,casual,"nghe mà buồn cho bạn quá 💔 mình hiểu cảm giác đó, không dễ gì nuốt được đâu. coi như bài học đắt giá nghen! bạn vẫn ổn mà, cứ tiến lên thôi! 💪"
"vừa bắt đầu một thói quen mới và duy trì được 2 tuần rồi xong, tức ghê 🤞",hy_vong,Cuộc sống,casual,"wow nhìn thấy vậy vui ghê! cứ giữ năng lượng đó nhé, mọi thứ đang đi đúng hướng rồi! chúc mọi thứ diễn ra suôn sẻ nhé ✨ cổ vũ bạn 100% nè! 🤞"
"thiệt tình hàng giao sai size mà đổ lỗi do mk đặt nhầm, chán 😤",gian_du,Dịch vụ,casual,đúng là củ chuối không chịu được 🤬 ai gặp cũng điên tiết thôi bạn ơi. xả ra bằng cách đi dạo hoặc nghe nhạc to đi! mình tin bạn sẽ xử lý được thôi.
Hôm nay nghĩ về tương lai thấy mông lung quá 🥲,lo_au,Cuộc sống,casual,"oke oke, mình hiểu cảm giác đó lắm! thử tắt điện thoại một lúc, focus vào 1 việc thôi. ổn thôi bạn ơi!"
Hôm nay không biết người ấy có thật sự thích mk không,lo_au,Tình cảm,casual,"oke oke, ai gặp chuyện đó cũng rén thôi. thử tắt điện thoại một lúc, focus vào 1 việc thôi. ổn thôi bạn ơi!"
Tớ sắp tới deadline mà chưa làm dc gì 🥲,lo_au,Công việc,casual,hít thở sâu nào 😅 thấy lo như vậy là bình thường mà. uống ly nước rồi chia nhỏ vấn đề ra xử lý từng cái nhé! mọi chuyện rồi sẽ qua thôi 💪
"Hàng giao sai size mà đổ lỗi do mk đặt nhầm, chời ơi không bt làm sao 😡",gian_du,Dịch vụ,casual,đúng là củ chuối không chịu được 🤬 nghe mà mình cũng bực lây nè. uống ngụm nước lạnh đi rồi bơ nó ra! mình tin bạn sẽ xử lý được thôi.
Ngl tin vào người mà cuối cùng bị lừa dối 😶,that_vong,Bản thân,deep,Thất vọng sau khi đặt cả tâm sức — cảm giác đó rất nặng. Không phải lúc nào cố gắng cũng cho kết quả như mong muốn — và điều đó không có nghĩa bạn không đủ tốt. Hãy cho bản thân thời gian để xử lý cảm xúc này trước khi tiếp tục. Thất vọng không phải điểm kết thúc — hãy tiếp tục.
Ngl đang bị chưa học chữ nào mà mai thi r nè 😥,lo_au,Học tập,casual,hít thở sâu nào 😅 overthinking kiểu này mệt lắm đúng không? uống ly nước rồi chia nhỏ vấn đề ra xử lý từng cái nhé! cố lên nhé!
Tui đang bị bốc thăm trúng phần thưởng to nè 🤩,vui,Cuộc sống,deep,Thành quả đáng được trân trọng. Niềm vui này bạn hoàn toàn xứng đáng có được. Đừng quên ghi nhận lại hành trình đã qua — nó sẽ là nguồn cảm hứng sau này. Hãy giữ mãi năng lượng tích cực này nhé.
"Thiệt tình bị người thân k ủng hộ điều mình tin tưởng, chán 😶",that_vong,Tình cảm,casual,"haizzz đặt kỳ vọng cao rồi bị hẫng đau lắm, kỳ vọng lớn mà bị hẫng thì đau thiệt. thử nhìn lại mình học được gì từ lần này nhé. mình tin bạn sẽ vượt qua được."
"Vừa đặt phòng khách sạn xong đến nơi bảo hết phòng xong, buồn ghê 🔥",gian_du,Dịch vụ,casual,đúng là củ chuối không chịu được 🤬 tức như vậy là phải rồi. uống ngụm nước lạnh đi rồi bơ nó ra! thôi bỏ qua cho nhẹ đầu nhé!
"Ngày bình thường, làm việc rồi về, tui k bt làm sao",trung_tinh,Cuộc sống,casual,"hmmm thế thì cũng oke nha, ngày bình thường mà, cũng có cái vui của nó. tận hưởng sự bình lặng đó đi bạn ơi. ngày mai sẽ có nhiều chuyện hay hơn nha!"
Ủa đang bị bạn hẹn đi ăn rồi tự nhiên cancel kh lý do nè 😤,gian_du,Bạn bè / Người thân,casual,bực ghê nơi! tức như vậy là phải rồi. uống ngụm nước lạnh đi rồi bơ nó ra! thôi bỏ qua cho nhẹ đầu nhé!
"thiệt tình bắt đầu một thói quen mới và duy trì được 2 tuần rùi, chán ✨",hy_vong,Cuộc sống,deep,Mình cảm nhận được sự tích cực và nỗ lực của bạn. Cảm giác bắt đầu thấy ánh sáng ở cuối đường hầm rất đáng trân trọng. Nuôi dưỡng hy vọng bằng những hành động nhỏ mỗi ngày. Mình tin nỗ lực của bạn sẽ mang lại kết quả xứng đáng.
"vừa lo mối quan hệ đang dần nhạt đi xong, thất vọng ghê huhu",lo_au,Tình cảm,casual,ôi thôi overthinking kiểu này mệt lắm đúng không? ghi ra giấy những gì đang lo rồi ưu tiên từng cái. ổn thôi bạn ơi!
Tao đang bị được chọn vào đội tuyển nghiên cứu nè 🥰,vui,Học tập,casual,hết sẩy! xứng đáng lắm luôn! nhớ chia sẻ niềm vui với người thân nha! chúc mừng bạn nha 🥳
"vừa chốt hợp đồng lớn sau bao ngày nỗ lực xong, vui ghê =))",vui,Công việc,casual,"trời ơi hay quá vậy?! xứng đáng lắm luôn! lưu khoảnh khắc này lại, sau nhìn lại vẫn còn vui mà. tiếp tục phát huy nhé!"
"thiệt tình bị overthinking cả đêm ngủ không được, chán",lo_au,Cuộc sống,casual,"bình tĩnh đi bạn ơi, mình hiểu cảm giác đó lắm! đừng nhìn cả đống cùng lúc, từng bước nhỏ thôi! ổn thôi bạn ơi!"
Nói thật là sợ tỏ tình xong bị từ chối thì mất cả tình bạn 😱,lo_au,Tình cảm,casual,"oke oke, overthinking kiểu này mệt lắm đúng không? uống ly nước rồi chia nhỏ vấn đề ra xử lý từng cái nhé! cố lên nhé!"
"thiệt tình ship đồ ăn thiếu món mà k chịu hoàn tiền, chán 🔥",gian_du,Dịch vụ,casual,"trời ơi nghe mà tức dùm á 😡 ai gặp cũng điên tiết thôi bạn ơi. thả lỏng ra đi, đừng để nó chiếm hết ngày của mình. thôi bỏ qua cho nhẹ đầu nhé!"
hôm nay hi vọng nhiều rồi nhận kết quả ngược lại 💔,that_vong,Cuộc sống,casual,"nặng lòng ghê, mình hiểu cảm giác đó, không dễ gì nuốt được đâu. reset lại đi bạn, rồi thứ tốt hơn sẽ đến thôi~ bạn vẫn ổn mà, cứ tiến lên thôi! 💪"
"ae tư vấn giúp, nhìn lại năm qua thấy chẳng đạt đc gì thì nên làm sao",buon,Cuộc sống,casual,"ôm bạn nè 🥺 nghe mà thương bạn lắm luôn. ăn gì ngon ngon đi, tự thưởng cho bản thân xíu. mình ở đây nghe bạn kể nhé~"
Chời ơi sau thời gian dài cuối cùng đã liên lạc lại được ✨,hy_vong,Tình cảm,casual,tuyệt vời đó bạn! mình cũng tin vào bạn và kế hoạch này nha~ cứ từng bước nhỏ là đủ rồi! cổ vũ bạn 100% nè! 🤞
Hôm nay đợi mãi một cơ hội mà nó k đến 😞,that_vong,Cuộc sống,casual,"haizzz đặt kỳ vọng cao rồi bị hẫng đau lắm, kỳ vọng lớn mà bị hẫng thì đau thiệt. thử nhìn lại mình học được gì từ lần này nhé. mình tin bạn sẽ vượt qua được."
"Thiệt tình công việc ổn định, không có gì nhiều để kể, chán",trung_tinh,Công việc,deep,Cảm ơn bạn đã chia sẻ. Không cần lúc nào cũng phải vui hoặc buồn — chỉ cần là chính mình thôi. Đôi khi không làm gì cũng là một lựa chọn đúng đắn. Mình ở đây nếu bạn cần nói chuyện.
"Sếp ép deadline vô lý ko có lý do, tớ không bt làm sao 👊",gian_du,Công việc,casual,"bực ghê nơi! ai gặp cũng điên tiết thôi bạn ơi. hít thở nào, giận quá dễ nói sai rồi hối hận =)) giận xong thì thôi, đừng giữ mãi."
Tao không biết mình đang đi đúng hướng không 😥,lo_au,Cuộc sống,casual,từ từ nào! lo nhiều cũng không giải quyết được gì thêm đâu nha. ghi ra giấy hết những gì đang lo rồi ưu tiên từng cái. mọi chuyện rồi sẽ qua thôi 💪
Nói thật là đặt mục tiêu cho năm này mà chẳng đạt đc gì 😶,that_vong,Bản thân,deep,Mình hiểu bạn đang cảm thấy rất hụt hẫng lúc này. Không phải lúc nào cố gắng cũng cho kết quả như mong muốn — và điều đó không có nghĩa bạn không đủ tốt. Đừng vội kết luận về bản thân chỉ vì một kết quả chưa như ý. Thất vọng không phải điểm kết thúc — hãy tiếp tục.
Chời ơi pass môn khó nhất học kỳ =)),vui,Học tập,casual,hết sẩy! mình tự hào về bạn ghê nơi ✨ tự thưởng cho mình đi nào~ chúc mừng bạn nha 🥳
"ae tư vấn giúp, gửi CV và đang chờ kết quả phỏng vấn thì nên làm sao 🤞",hy_vong,Công việc,casual,xịn lắm nè! hy vọng như vậy là động lực để tiến lên đó! chúc mọi thứ diễn ra suôn sẻ nhé ✨ tiến lên thôi!
Dạo này đang bị nghĩ về tương lai thấy mông lung quá nè 😥,lo_au,Cuộc sống,casual,hít thở sâu nào 😅 overthinking kiểu này mệt lắm đúng không? uống ly nước rồi chia nhỏ vấn đề ra xử lý từng cái nhé! cố lên nhé!
"Khách hàng gửi email khen ngợi mk, mk không bt làm sao 😆",vui,Công việc,casual,hết sẩy! mình tự hào về bạn ghê nơi ✨ nhớ chia sẻ niềm vui với người thân nha! chúc mừng bạn nha 🥳
"vừa gặp người mới và cảm giác có điểm chung xong, thất vọng ghê 🤞",hy_vong,Tình cảm,casual,ôi nghe mà có động lực lây luôn á 🌱 mình cũng tin vào bạn nha~ cứ từng bước nhỏ là đủ rồi! mình chờ nghe tin vui từ bạn nhé~
"vừa khách hàng dời lịch sát giờ khum báo trước xong, hy vọng ghê 🤬",gian_du,Công việc,casual,trời ơi nghe mà tức dùm á 😡 nghe mà mình cũng bực lây nè. xả ra bằng cách đi dạo hoặc nghe nhạc to đi! thôi bỏ qua cho nhẹ đầu nhé!
Tui đang bị vừa đọc xong một bài viết thú vị nè 😐,trung_tinh,Cuộc sống,casual,"hmmm thế thì cũng oke nha, không phải lúc nào cũng cần có gì to tát đâu. nếu cần tâm sự thì mình ở đây~ ngày mai sẽ có nhiều chuyện hay hơn nha!"
"vừa vừa đọc xong một bài viết thú vị xong, vui ghê ...",trung_tinh,Cuộc sống,casual,"hmmm thế thì cũng oke nha, không phải lúc nào cũng cần có gì to tát đâu. tận hưởng sự bình lặng đó đi bạn ơi. cứ thư giãn đi nhé~"
Nói thật là đồng nghiệp thân nhất vừa nghỉ việc 🥀,buon,Công việc,casual,"haizzz nghe mà thương ghê, nghe mà thương bạn lắm luôn. ăn gì ngon ngon đi, tự thưởng cho bản thân xíu. có mình nè, đừng lo."
"thiệt tình khối lượng công việc ngập đầu không bt bắt đầu từ đâu, chán 🥲",lo_au,Công việc,casual,hít thở sâu nào 😅 lo nhiều cũng không giải quyết được gì thêm đâu nha. uống ly nước rồi chia nhỏ vấn đề ra xử lý từng cái nhé! ổn thôi bạn ơi!
"Ae tư vấn giúp, bị ng thân k ủng hộ điều mình tin tưởng thì nên làm sao haizzz",that_vong,Tình cảm,casual,nghe mà buồn cho bạn quá 💔 thất vọng kiểu này thật sự khó chịu lắm. thử nhìn lại mình học được gì từ lần này nhé. rồi sẽ tốt hơn thôi bạn ơi.
"bị cắt mặt suýt gây tai nạn mà không xin lỗi, mk không biết làm sao 💢",gian_du,Giao thông,casual,ugh tức thật! ai gặp cũng điên tiết thôi bạn ơi. uống ngụm nước lạnh đi rồi bơ nó ra! thôi bỏ qua cho nhẹ đầu nhé!
"vừa khum bt mình có đủ năng lực cho vị trí mới không xong, tức ghê 🥲",lo_au,Công việc,casual,"oke oke, thấy lo như vậy là bình thường mà. đừng nhìn cả đống cùng lúc, từng bước nhỏ thôi! cố lên nhé!"
"Mn ơi kh vui không buồn, cứ trôi qua thôi",trung_tinh,Cuộc sống,deep,Trạng thái trung dung cũng là một phần bình thường của cuộc sống. Bình yên cũng là một trạng thái đáng trân trọng không kém gì niềm vui. Đôi khi không làm gì cũng là một lựa chọn đúng đắn. Mình ở đây nếu bạn cần nói chuyện.
Hôm nay bị kể chuyện riêng tư cho người khác dù đã dặn giữ kín 🔥,gian_du,Bạn bè / Người thân,deep,Sự bực bội của bạn hoàn toàn chính đáng. Đôi khi ranh giới cần được giữ vững và điều đó đúng. Hãy để cơn tức nguôi trước khi phản ứng — quyết định lúc nóng thường không tốt. Mình ở đây ủng hộ bạn.
"vừa bị xe tạt nước suốt người khi đang đi đường xong, bình thường ghê 😤",gian_du,Giao thông,casual,"bực ghê nơi! tức như vậy là phải rồi. hít thở nào, giận quá dễ nói sai rồi hối hận =)) giận xong thì thôi, đừng giữ mãi."
Tui ôn thi xong cảm thấy tự tin hơn nhiều,hy_vong,Học tập,casual,ôi nghe mà có động lực lây luôn á 🌱 kế hoạch rõ ràng rồi thì cứ thế mà tiến thôi! cứ từng bước nhỏ là đủ rồi! mình chờ nghe tin vui từ bạn nhé~
"Vừa dự án mới bắt đầu và cảm giác rất tiềm năng xong, hy vọng ghê 🤞",hy_vong,Công việc,casual,"wow nhìn thấy vậy vui ghê! cứ giữ năng lượng đó nhé, mọi thứ đang đi đúng hướng rồi! chia sẻ kế hoạch này với người thân, được ủng hộ thêm sẽ vững hơn. cổ vũ bạn 100% nè! 🤞"
"thiệt tình team vừa có thành viên mới giỏi, kỳ vọng cao, chán",hy_vong,Công việc,deep,"Mình cảm nhận được sự tích cực và nỗ lực của bạn. Hướng đi rõ ràng như vậy là kết quả của rất nhiều suy nghĩ và nỗ lực. Đừng so sánh tiến độ của mình với người khác — hành trình của bạn là của riêng bạn. Cứ tiến lên, mình cổ vũ bạn."
Tớ con mèo nuôi nhiều năm vừa ra đi,buon,Cuộc sống,casual,"trời ơi nghe mà tủi thân giùm 😢 buồn như vậy thì ai cũng cần được chia sẻ mà. buồn thì cứ khóc ra cho nhẹ lòng, đừng giữ trong bụng. rồi sẽ qua thôi bạn ơi."
Hôm nay dự án mới bắt đầu và cảm giác rất tiềm năng 😌,hy_vong,Công việc,casual,"xịn lắm nè! cứ giữ năng lượng đó nhé, mọi thứ đang đi đúng hướng rồi! cứ từng bước nhỏ là đủ rồi! tiến lên thôi!"
"Vừa được chọn vào đội tuyển nghiên cứu xong, hy vọng ghê",vui,Học tập,casual,đỉnh của chóp luôn á!! kết quả xứng đáng với cố gắng của bạn rồi đó! tự thưởng cho mình đi nào~ chúc mừng bạn nha 🥳
"vừa khách hàng gửi email khen ngợi mk xong, vui ghê",vui,Công việc,casual,trời ơi hay quá vậy?! kết quả xứng đáng với cố gắng của bạn rồi đó! ăn gì ngon ngon ăn mừng đi! chúc mừng bạn nha 🥳
"Vừa con mèo nuôi nhiều năm vừa ra đi xong, bình thường ghê 💔",buon,Cuộc sống,casual,"ôm bạn nè 🥺 cảm giác đó nặng lắm, mình hiểu. gọi cho bạn thân tâm sự đi, đừng ôm một mình. mai lại oke thôi! 💙"
"vừa cố gắng cả năm nhưng không đc thăng chức xong, bình thường ghê 😢",buon,Công việc,casual,"ôi buồn quá, cảm giác đó nặng lắm, mình hiểu. buồn thì cứ khóc ra cho nhẹ lòng, đừng giữ trong bụng. mình ở đây nghe bạn kể nhé~"
Tao ba mẹ cứ cãi nhau và có vẻ sắp ly hôn 😞,buon,Gia đình,casual,"trời ơi nghe mà tủi thân giùm 😢 đừng cố tỏ ra ổn, có mình ở đây nè. ra ngoài đi dạo một chút cho thoáng đầu nhé. có mình nè, đừng lo."
Tao bị đồng nghiệp nhận công của mình trước mặt sếp 🤬,gian_du,Công việc,casual,"đúng là củ chuối không chịu được 🤬 đúng là vô lý không chịu được. bơ đi mà sống, năng lượng của mình quý hơn chứ. không đáng mất sức đâu bạn ơi 😤"
"Thiệt tình tin vào người mà cuối cùng bị lừa dối, chán haizzz",that_vong,Bản thân,casual,"nghe mà buồn cho bạn quá 💔 thất vọng kiểu này thật sự khó chịu lắm. đừng để thất vọng lần này định nghĩa mình, ok không? mình tin bạn sẽ vượt qua được."
"Bị hứa thưởng nhưng cuối năm lại không có, mk không biết làm sao haizzz",that_vong,Công việc,deep,Thất vọng sau khi đặt cả tâm sức — cảm giác đó rất nặng. Không phải lúc nào cố gắng cũng cho kết quả như mong muốn — và điều đó không có nghĩa bạn không đủ tốt. Nhìn lại xem mình học được gì từ lần này — bài học thường nằm ở đây. Bạn vẫn đang tiến về phía trước dù chưa thấy rõ.
Hôm nay đc crush rủ đi chơi cuối tuần,vui,Tình cảm,casual,"wow xịn xò vậy! mình tự hào về bạn ghê nơi ✨ lưu khoảnh khắc này lại, sau nhìn lại vẫn còn vui mà. giữ phong độ nhé bạn ơi!"
Ủa đang bị vừa tìm ra phương pháp học mới hiệu quả hơn nè 🌱,hy_vong,Học tập,casual,"ôi nghe mà có động lực lây luôn á 🌱 mình cũng tin vào bạn nha~ chia sẻ kế hoạch này với người thân, được ủng hộ thêm sẽ vững hơn. cổ vũ bạn 100% nè! 🤞"
Tớ gọi hotline chăm sóc khách hàng cúp máy giữa chừng 😡,gian_du,Dịch vụ,casual,"bực ghê nơi! đúng là vô lý không chịu được. thả lỏng ra đi, đừng để nó chiếm hết ngày của mình. mình tin bạn sẽ xử lý được thôi."
"Bị cắt mặt suýt gây tai nạn mà không xin lỗi, chời ơi không bt làm sao",gian_du,Giao thông,deep,Cảm giác bất công đó rất thật. Bạn hoàn toàn có quyền cảm thấy bực bội như vậy. Hãy để cơn tức nguôi trước khi phản ứng — quyết định lúc nóng thường không tốt. Bạn không cần nuốt bực bội vào trong mãi.
"Bạn bè lúc khó khăn thì khum ai xuất hiện, mn ơi không bt làm sao 😞",that_vong,Tình cảm,casual,"nghe mà buồn cho bạn quá 💔 kỳ vọng lớn mà bị hẫng thì đau thiệt. reset lại đi bạn, rồi thứ tốt hơn sẽ đến thôi~ rồi sẽ tốt hơn thôi bạn ơi."
"Nhìn lại năm qua thấy chẳng đạt được gì, chời ơi ko biết làm sao haiz",buon,Cuộc sống,casual,"ôm bạn nè 🥺 cảm giác đó nặng lắm, mình hiểu. ăn gì ngon ngon đi, tự thưởng cho bản thân xíu. mai lại oke thôi! 💙"
"ae tư vấn giúp, khách hàng gửi email khen ngợi mk thì nên làm sao 🤩",vui,Công việc,casual,đỉnh của chóp luôn á!! kết quả xứng đáng với cố gắng của bạn rồi đó! cứ đà này thì ngon lành luôn! mình vui cho bạn lắm!
Trời ơi đang bị gửi cv và đang chờ kết quả phỏng vấn nè 🙏,hy_vong,Công việc,casual,"wow nhìn thấy vậy vui ghê! kế hoạch rõ ràng rồi thì cứ thế mà tiến thôi! chia sẻ kế hoạch này với người thân, được ủng hộ thêm sẽ vững hơn. cổ vũ bạn 100% nè! 🤞"
Ae ơi đang bị vừa đọc xong một bài viết thú vị nè 😐,trung_tinh,Cuộc sống,casual,aha hiểu rồi! đôi khi yên ổn cũng là một loại hạnh phúc đó! có gì muốn kể thêm thì cứ kể nhé! cứ thư giãn đi nhé~
Trời ơi đang bị bị overthinking cả đêm ngủ không đc nè,lo_au,Cuộc sống,deep,Lo âu như vậy thực sự rất nặng nề. Đây là phản ứng bình thường khi đối mặt với áp lực lớn. Hít thở sâu và bắt đầu từ điều nhỏ nhất có thể làm ngay hôm nay. Mình tin bạn sẽ vượt qua được.
"Chời ơi đang bị ngồi uống cà phê một mình, tâm trạng bình thường nè 🙂",trung_tinh,Suy nghĩ,casual,aha hiểu rồi! đôi khi yên ổn cũng là một loại hạnh phúc đó! có gì muốn kể thêm thì cứ kể nhé! 🙂
"Đang cân nhắc chuyện đổi việc nhưng chưa quyết, mk không biết làm sao",trung_tinh,Công việc,casual,"à ra vậy, không phải lúc nào cũng cần có gì to tát đâu. tận hưởng sự bình lặng đó đi bạn ơi. ngày mai sẽ có nhiều chuyện hay hơn nha!"
"gửi CV và đang chờ kết quả phỏng vấn, tớ không bt làm sao",hy_vong,Công việc,casual,"tuyệt vời đó bạn! cứ giữ năng lượng đó nhé, mọi thứ đang đi đúng hướng rồi! đừng để ai lấy đi cái tinh thần đó của mình nghen! tiến lên thôi!"
"Vừa đang suy nghĩ về một quyết định chưa bt nên làm hay khum xong, hy vọng ghê ...",trung_tinh,Cuộc sống,casual,aha hiểu rồi! đôi khi yên ổn cũng là một loại hạnh phúc đó! nếu cần tâm sự thì mình ở đây~ 🙂
Hôm nay xa nhà lâu quá nhớ mọi người 😔,buon,Gia đình,casual,"trời ơi nghe mà tủi thân giùm 😢 nghe mà thương bạn lắm luôn. buồn thì cứ khóc ra cho nhẹ lòng, đừng giữ trong bụng. mình ở đây nghe bạn kể nhé~"
Tao chia tay xong cứ thấy trống rỗng,buon,Tình cảm,deep,Mình ở đây lắng nghe bạn. Buồn như vậy là hoàn toàn bình thường — đừng cố kìm lại. Đôi khi viết ra cảm xúc cũng giúp nhẹ lòng hơn nhiều. Thời gian sẽ chữa lành mọi thứ.
Trời ơi sợ bị sếp đánh giá thấp trong kỳ review 😱,lo_au,Công việc,casual,ôi thôi mình hiểu cảm giác đó lắm! ghi ra giấy hết những gì đang lo rồi ưu tiên từng cái. ổn thôi bạn ơi!
"Vừa nhớ người yêu cũ khi trời mưa xong, bình thường ghê 😢",buon,Tình cảm,casual,"ôi buồn quá, cảm giác đó nặng lắm, mình hiểu. bật phim hoặc nhạc chill đi nào! có mình nè, đừng lo."
"Vừa sau thời gian dài cuối cùng đã liên lạc lại được xong, lo ghê 🤞",hy_vong,Tình cảm,casual,"tuyệt vời đó bạn! mình cũng tin vào bạn nha~ chia sẻ kế hoạch này với người thân, được ủng hộ thêm sẽ vững hơn. cổ vũ bạn 100% nè! 🤞"
Mn ơi hàng giao sai size mà đổ lỗi do mình đặt nhầm,gian_du,Dịch vụ,casual,trời ơi nghe mà tức dùm á 😡 ai gặp cũng điên tiết thôi bạn ơi. xả ra bằng cách đi dạo hoặc nghe nhạc to đi! không đáng mất sức đâu bạn ơi 😤
Nói thật là pass môn khó nhất học kỳ =)),vui,Học tập,casual,"đỉnh của chóp luôn á!! xứng đáng lắm luôn! lưu khoảnh khắc này lại, sau nhìn lại vẫn còn vui mà. mình vui cho bạn lắm!"
"vừa chốt hợp đồng lớn sau bao ngày nỗ lực xong, vui ghê 🥰",vui,Công việc,casual,wow xịn xò vậy! xứng đáng lắm luôn! cứ đà này thì ngon lành luôn! chúc mừng bạn nha 🥳
Dạo này đang bị khối lượng công việc ngập đầu ko bt bắt đầu từ đâu nè 😱,lo_au,Công việc,casual,"bình tĩnh đi bạn ơi, mình hiểu cảm giác đó lắm! thử tắt điện thoại một lúc, focus vào 1 việc thôi. cố lên nhé!"
Ngl bị xe tạt nước suốt ng khi đang đi đường,gian_du,Giao thông,casual,bực ghê nơi! đúng là vô lý không chịu được. xả ra bằng cách đi dạo hoặc nghe nhạc to đi! không đáng mất sức đâu bạn ơi 😤
Tớ sau thời gian dài cuối cùng đã liên lạc lại dc 🤞,hy_vong,Tình cảm,casual,"ôi nghe mà có động lực lây luôn á 🌱 cứ giữ năng lượng đó nhé, mọi thứ đang đi đúng hướng rồi! chúc mọi thứ diễn ra suôn sẻ nhé ✨ cổ vũ bạn 100% nè! 🤞"
"Vừa đang xem phim nhưng không có cảm xúc gì mạnh xong, vui ghê 🙂",trung_tinh,Suy nghĩ,casual,"hmmm thế thì cũng oke nha, đôi khi yên ổn cũng là một loại hạnh phúc đó! có gì muốn kể thêm thì cứ kể nhé! ngày mai sẽ có nhiều chuyện hay hơn nha!"
Nói thật là đang bị bạn cũ từ xa về thăm bất ngờ nè =)),vui,Tình cảm,casual,trời ơi hay quá vậy?! mình tự hào về bạn ghê nơi ✨ tự thưởng cho mình đi nào~ tiếp tục phát huy nhé!
"đang xem phim nhưng khum có cảm xúc gì mạnh, dạo này không biết làm sao 🙂",trung_tinh,Suy nghĩ,casual,"à ra vậy, không phải lúc nào cũng cần có gì to tát đâu, ngày bình thường cũng có cái hay của nó. nếu cần tâm sự thì mình ở đây~ bình yên nhé bạn ơi~"
"vừa lương về rùi xong, vui ghê 😎",vui,Cuộc sống,casual,hết sẩy! mình tự hào về bạn ghê nơi ✨ ăn gì ngon ngon ăn mừng đi! chúc mừng bạn nha 🥳
hôm nay vừa đọc xong một bài viết thú vị 😐,trung_tinh,Cuộc sống,casual,"à ra vậy, ngày bình thường mà, cũng có cái vui của nó. có gì muốn kể thêm thì cứ kể nhé! 🙂"
Hôm nay sau thời gian dài cuối cùng đã liên lạc lại được 🌱,hy_vong,Tình cảm,casual,"wow nhìn thấy vậy vui ghê! cứ giữ năng lượng đó nhé, mọi thứ đang đi đúng hướng rồi! cứ từng bước nhỏ là đủ rồi! cổ vũ bạn 100% nè! 🤞"
Nói thật là bị ng thân không ủng hộ điều mk tin tưởng 😶,that_vong,Tình cảm,deep,Thất vọng sau khi đặt cả tâm sức — cảm giác đó rất nặng. Cảm giác hẫng hụt là rất thật và đáng được thừa nhận. Nhìn lại xem mình học được gì từ lần này — bài học thường nằm ở đây. Thất vọng không phải điểm kết thúc — hãy tiếp tục.
Nói thật là bị overthinking cả đêm ngủ khum được ...,lo_au,Cuộc sống,deep,Lo âu như vậy thực sự rất nặng nề. Đây là phản ứng bình thường khi đối mặt với áp lực lớn. Hít thở sâu và bắt đầu từ điều nhỏ nhất có thể làm ngay hôm nay. Bạn không cần giải quyết tất cả cùng lúc đâu.
"ae tư vấn giúp, pass môn khó nhất học kỳ thì nên làm sao =))",vui,Học tập,casual,"hết sẩy! kết quả xứng đáng với cố gắng của bạn rồi đó! lưu khoảnh khắc này lại, sau nhìn lại vẫn còn vui mà. giữ phong độ nhé bạn ơi!"
Mk đang bị sợ bị sếp đánh giá thấp trong kỳ review nè ...,lo_au,Công việc,casual,"bình tĩnh đi bạn ơi, overthinking kiểu này mệt lắm đúng không? đừng nhìn cả đống cùng lúc, từng bước nhỏ thôi! mọi chuyện rồi sẽ qua thôi 💪"
"hai đứa vừa nói chuyện thẳng và hiểu nhau hơn, nói thật là không bt làm sao",hy_vong,Tình cảm,deep,"Thật đáng quý khi bạn vẫn giữ được cái nhìn tích cực này. Cảm giác bắt đầu thấy ánh sáng ở cuối đường hầm rất đáng trân trọng. Hãy giữ vững kế hoạch đó và bước từng bước thật chắc. Cứ tiến lên, mình cổ vũ bạn."
"ae tư vấn giúp, bị cắt mặt suýt gây tai nạn mà không xin lỗi thì nên làm sao 💢",gian_du,Giao thông,casual,"ugh tức thật! ai gặp cũng điên tiết thôi bạn ơi. thả lỏng ra đi, đừng để nó chiếm hết ngày của mình. thôi bỏ qua cho nhẹ đầu nhé!"
"công việc ổn định, không có gì nhiều để kể, mn ơi không bt làm sao ...",trung_tinh,Công việc,deep,Trạng thái trung dung cũng là một phần bình thường của cuộc sống. Bình yên cũng là một trạng thái đáng trân trọng không kém gì niềm vui. Hãy để tâm trí được nghỉ ngơi — nó cũng cần được nạp lại. Mình ở đây nếu bạn cần nói chuyện.
"thiệt tình bị ng thân ko ủng hộ điều mk tin tưởng, chán",that_vong,Tình cảm,casual,"nặng lòng ghê, thất vọng kiểu này thật sự khó chịu lắm. coi như bài học đắt giá nghen! mình tin bạn sẽ vượt qua được."
"Gửi cv và đang chờ kết quả phỏng vấn, chời ơi không bt làm sao 🌱",hy_vong,Công việc,casual,wow nhìn thấy vậy vui ghê! mình cũng tin vào bạn nha~ đừng để ai lấy đi cái tinh thần đó của mình nghen! mình chờ nghe tin vui từ bạn nhé~
"Thiệt tình cảm giác mối quan hệ đang ấm lên dần, chán",hy_vong,Tình cảm,deep,"Hy vọng là thứ rất quý — và bạn đang có nó. Bạn đang ở đúng nơi cần phải có để tiếp tục tiến lên. Nuôi dưỡng hy vọng bằng những hành động nhỏ mỗi ngày. Cứ tiến lên, mình cổ vũ bạn."
"Sếp ép deadline vô lý không có lý do, dạo này không biết làm sao 😤",gian_du,Công việc,casual,ugh tức thật! tức như vậy là phải rồi. uống ngụm nước lạnh đi rồi bơ nó ra! thôi bỏ qua cho nhẹ đầu nhé!
"vừa áp lực KPI tháng này cao quá xong, buồn ghê 😰",lo_au,Công việc,casual,"ôi thôi lo nhiều cũng không giải quyết được gì thêm đâu nha. đừng nhìn cả đống cùng lúc, từng bước nhỏ thôi! cố lên nhé!"
hôm nay nghe bản nhạc cũ bỗng nhớ kỷ niệm xưa haiz,buon,Cuộc sống,casual,"ôm bạn nè 🥺 cảm giác đó nặng lắm, mình hiểu. bật phim hoặc nhạc chill đi nào! mai lại oke thôi! 💙"
"Vừa nghĩ về tương lai thấy mông lung qá xong, lo ghê huhu",lo_au,Cuộc sống,casual,từ từ nào! thấy lo như vậy là bình thường mà. ghi ra giấy hết những gì đang lo rồi ưu tiên từng cái. mình tin bạn làm được mà~
Ae ơi chốt hợp đồng lớn sau bao ngày nỗ lực 🎉,vui,Công việc,casual,yayyy 🎉🎉 nghe mà vui lây =)) ăn gì ngon ngon ăn mừng đi! mình vui cho bạn lắm!
"Ae tư vấn giúp, bạn hẹn đi ăn rùi tự nhiên cancel k lý do thì nên làm sao 👊",gian_du,Bạn bè / Người thân,casual,"ugh tức thật! đúng là vô lý không chịu được. thả lỏng ra đi, đừng để nó chiếm hết ngày của mình. không đáng mất sức đâu bạn ơi 😤"
"Thiệt tình đang xem phim nhưng không có cảm xúc gì mạnh, chán 😐",trung_tinh,Suy nghĩ,casual,"à ra vậy, ngày bình thường mà, cũng có cái vui của nó. có gì muốn kể thêm thì cứ kể nhé! 🙂"
"thiệt tình nhận học bổng du học, chán 🤩",vui,Học tập,casual,yayyy 🎉🎉 mình tự hào về bạn ghê nơi ✨ nhớ chia sẻ niềm vui với người thân nha! giữ phong độ nhé bạn ơi!
"Mình hôm nay đi đường kh tắc, đến nơi sớm 🤩",vui,Cuộc sống,casual,"wow xịn xò vậy! kết quả xứng đáng với cố gắng của bạn rồi đó! lưu khoảnh khắc này lại, sau nhìn lại vẫn còn vui mà. mình vui cho bạn lắm!"
Hôm nay khum bt mình đang đi đúng hướng không ...,lo_au,Cuộc sống,deep,Lo âu như vậy thực sự rất nặng nề. Đây là phản ứng bình thường khi đối mặt với áp lực lớn. Hãy thử chia nhỏ vấn đề ra và xử lý từng phần một. Bạn không cần giải quyết tất cả cùng lúc đâu.
Hôm nay đang bị phải gánh team vì mấy đứa lười nè 👊,gian_du,Công việc,casual,"đúng là củ chuối không chịu được 🤬 ai gặp cũng điên tiết thôi bạn ơi. hít thở nào, giận quá dễ nói sai rồi hối hận =)) thôi bỏ qua cho nhẹ đầu nhé!"
Chời ơi làm đúng quy trình mà vẫn bị chỉ trích 😞,that_vong,Công việc,casual,"nghe mà buồn cho bạn quá 💔 mình hiểu cảm giác đó, không dễ gì nuốt được đâu. đừng để thất vọng lần này định nghĩa mình, ok không? bạn vẫn ổn mà, cứ tiến lên thôi! 💪"
Dạo này đang bị dự án tâm huyết bị hủy bỏ phút chót nè 💔,buon,Công việc,casual,"ôi buồn quá, cảm giác đó nặng lắm, mình hiểu. bật phim hoặc nhạc chill đi nào! rồi sẽ qua thôi bạn ơi."
"Được chọn vào đội tuyển nghiên cứu, chời ơi kh biết làm sao 🎉",vui,Học tập,deep,Mình rất vui khi nghe tin này. Kết quả này là minh chứng cho sự kiên trì của bạn. Dùng động lực từ thành công này để tiếp tục những mục tiêu tiếp theo. Mình tin đây chỉ là bước đầu trong hành trình dài.
"bị đồng nghiệp nhận công của mk trước mặt sếp, tao không bt làm sao 😤",gian_du,Công việc,casual,"bực ghê nơi! đúng là vô lý không chịu được. bơ đi mà sống, năng lượng của mình quý hơn chứ. giận xong thì thôi, đừng giữ mãi."
"ae tư vấn giúp, team vừa có thành viên mới giỏi, kỳ vọng cao thì nên làm sao 🤞",hy_vong,Công việc,casual,"tuyệt vời đó bạn! cứ giữ năng lượng tích cực đó nhé, mọi thứ đang đi đúng hướng rồi! đừng để ai lấy đi cái tinh thần đó của mình nghen! tiến lên thôi!"
"Bốc thăm trúng phần thưởng to, tao k biết làm sao 🤩",vui,Cuộc sống,casual,"đỉnh của chóp luôn á!! kết quả xứng đáng với cố gắng của bạn rồi đó! lưu khoảnh khắc này lại, sau nhìn lại vẫn còn vui mà. chúc mừng bạn nha 🥳"
"vừa mượn đồ lâu r khum trả mà còn tỏ ra bình thường xong, tức ghê 👊",gian_du,Bạn bè / Người thân,casual,đúng là củ chuối không chịu được 🤬 tức như vậy là phải rồi. uống ngụm nước lạnh đi rồi bơ nó ra! không đáng mất sức đâu bạn ơi 😤
hôm nay yêu thật lòng mà ko dc đáp lại 😶,that_vong,Tình cảm,casual,"nặng lòng ghê, kỳ vọng lớn mà bị hẫng thì đau thiệt. thử nhìn lại mình học được gì từ lần này nhé. mình tin bạn sẽ vượt qua được."
"vừa đang code xong thì cúp điện mất hết xong, bình thường ghê 😡",gian_du,Công việc,casual,"trời ơi nghe mà tức dùm á 😡 nghe mà mình cũng bực lây nè. uống ngụm nước lạnh đi rồi bơ nó ra! giận xong thì thôi, đừng giữ mãi."
"Vừa không biết mk có đủ năng lực cho vị trí mới không xong, buồn ghê huhu",lo_au,Công việc,casual,"ôi thôi thấy lo như vậy là bình thường mà. đừng nhìn cả đống cùng lúc, từng bước nhỏ thôi! mình tin bạn làm được mà~"
Trời ơi mượn đồ lâu r không trả mà còn tỏ ra bình thường 💢,gian_du,Bạn bè / Người thân,casual,"ugh tức thật! nghe mà mình cũng bực lây nè. bơ đi mà sống, năng lượng của mình quý hơn chứ. mình tin bạn sẽ xử lý được thôi."
"vừa dự án tâm huyết bị hủy bỏ phút chót xong, bình thường ghê 😢",buon,Công việc,casual,"ôi buồn quá, đừng cố tỏ ra ổn, có mình ở đây nè. gọi cho bạn thân tâm sự đi, đừng ôm một mình. có mình nè, đừng lo."
"Ae tư vấn giúp, đang xem phim nhưng k có cảm xúc gì mạnh thì nên làm sao ...",trung_tinh,Suy nghĩ,casual,"hmmm thế thì cũng oke nha, không phải lúc nào cũng cần có gì to tát đâu. tận hưởng sự bình lặng đó đi bạn ơi. 🙂"
"thiệt tình sau thời gian dài cuối cùng đã liên lạc lại được, chán 😌",hy_vong,Tình cảm,casual,"wow nhìn thấy vậy vui ghê! cứ giữ năng lượng đó nhé, mọi thứ đang đi đúng hướng rồi! cứ từng bước nhỏ là đủ rồi! tiến lên thôi!"
Ngl bạn thân sắp chuyển đi xa,buon,Tình cảm,casual,"haizzz nghe mà thương ghê, cảm giác đó nặng lắm, mình hiểu. gọi cho bạn thân tâm sự đi, đừng ôm một mình. có mình nè, đừng lo."
"Tớ hôm nay họp nhiều, không có gì nổi bật 😐",trung_tinh,Công việc,casual,"aha hiểu rồi! cứ để ngày trôi qua tự nhiên thôi, không cần rush. nếu cần tâm sự thì mình ở đây~ 🙂 cứ thư giãn đi nhé~"
"ae tư vấn giúp, bắt đầu một thói quen mới và duy trì được 2 tuần rùi thì nên làm sao 🙏",hy_vong,Cuộc sống,casual,"xịn lắm nè! cứ giữ năng lượng tích cực đó nhé, mọi thứ đang đi đúng hướng rồi! cứ từng bước nhỏ là đủ rồi! cổ vũ bạn 100% nè! 🤞"
"vừa lo mối quan hệ đang dần nhạt đi xong, lo ghê 😱",lo_au,Tình cảm,casual,"từ từ nào! ai gặp chuyện đó cũng rén thôi. đừng nhìn cả đống cùng lúc, từng bước nhỏ thôi! mình tin bạn làm được mà~"
"vừa lo mối quan hệ đang dần nhạt đi xong, thất vọng ghê 😰",lo_au,Tình cảm,casual,từ từ nào! ai gặp chuyện đó cũng rén thôi. ghi ra giấy hết những gì đang lo rồi ưu tiên từng cái. mình tin bạn làm được mà~
"Vừa lương về rồi xong, buồn ghê 😎",vui,Cuộc sống,casual,"đỉnh của chóp luôn á!! xứng đáng lắm luôn! lưu khoảnh khắc này lại, sau nhìn lại vẫn còn vui mà. chúc mừng bạn nha 🥳"
Hôm nay không bt người ấy có thật sự thích mình không ...,lo_au,Tình cảm,casual,"bình tĩnh đi bạn ơi, lo nhiều cũng không giải quyết được gì thêm đâu nha. thử tắt điện thoại một lúc, focus vào 1 việc thôi. mình tin bạn làm được mà~"
hôm nay chia tay xong cứ thấy trống rỗng 😞,buon,Tình cảm,casual,"ôm bạn nè 🥺 buồn như vậy thì ai cũng cần được chia sẻ mà. ăn gì ngon ngon đi, tự thưởng cho bản thân xíu. có mình nè, đừng lo."
"Vừa không biết mk đang đi đúng hướng không xong, thất vọng ghê",lo_au,Cuộc sống,casual,từ từ nào! mình hiểu cảm giác đó lắm! ghi ra giấy hết những gì đang lo rồi ưu tiên từng cái. mình tin bạn làm được mà~
Tao đang bị tin tưởng đồng nghiệp mà bị phản bội nè,that_vong,Công việc,casual,"nặng lòng ghê, thất vọng kiểu này thật sự khó chịu lắm. thử nhìn lại mình học được gì từ lần này nhé. mình tin bạn sẽ vượt qua được."
"thiệt tình nghe bản nhạc cũ bỗng nhớ kỷ niệm xưa, chán 😔",buon,Cuộc sống,casual,"ôm bạn nè 🥺 buồn như vậy thì ai cũng cần được chia sẻ mà. ra ngoài đi dạo một chút cho thoáng đầu nhé. có mình nè, đừng lo."
Trời ơi tin vào người mà cuối cùng bị lừa dối 💔,that_vong,Bản thân,casual,"ugh biết cảm giác đó rồi, kỳ vọng lớn mà bị hẫng thì đau thiệt. đừng để thất vọng lần này định nghĩa mình, ok không? rồi sẽ tốt hơn thôi bạn ơi."
"vừa cố xây dựng điều gì đó mà bị phá vỡ một cách vô lý xong, lo ghê 💔",that_vong,Cuộc sống,casual,"ugh biết cảm giác đó rồi, không phải lỗi của mình đâu nha. thử nhìn lại mình học được gì từ lần này nhé. rồi sẽ tốt hơn thôi bạn ơi."
Tao đang bị bị cắt mặt suýt gây tai nạn mà không xin lỗi nè 😡,gian_du,Giao thông,casual,"bực ghê nơi! tức như vậy là phải rồi. hít thở nào, giận quá dễ nói sai rồi hối hận =)) không đáng mất sức đâu bạn ơi 😤"
"vừa ship đồ ăn thiếu món mà không chịu hoàn tiền xong, tức ghê 💢",gian_du,Dịch vụ,casual,đúng là củ chuối không chịu được 🤬 nghe mà mình cũng bực lây nè. xả ra bằng cách đi dạo hoặc nghe nhạc to đi! không đáng mất sức đâu bạn ơi 😤
"gửi CV và đang chờ kết quả phỏng vấn, tớ không biết làm sao 🤞",hy_vong,Công việc,casual,xịn lắm nè! kế hoạch rõ ràng rồi thì cứ thế mà tiến thôi! cứ từng bước nhỏ là đủ rồi! cổ vũ bạn 100% nè! 🤞
Mình đang bị bài thi đc điểm cao ngoài mong đợi nè,vui,Học tập,casual,wow xịn xò vậy! xứng đáng lắm luôn! tự thưởng cho mình đi nào~ giữ phong độ nhé bạn ơi!
"đợi mãi một cơ hội mà nó không đến, tui không biết làm sao haizzz",that_vong,Cuộc sống,casual,"ugh biết cảm giác đó rồi, kỳ vọng lớn mà bị hẫng thì đau thiệt. thử nhìn lại mình học được gì từ lần này nhé. rồi sẽ tốt hơn thôi bạn ơi."
"Ae tư vấn giúp, sợ tỏ tình xong bị từ chối thì mất cả tình bạn thì nên làm sao huhu",lo_au,Tình cảm,casual,"oke oke, mình hiểu cảm giác đó lắm! uống ly nước rồi chia nhỏ vấn đề ra xử lý từng cái nhé! cố lên nhé!"
hôm nay tìm dc qán cà phê ưng ý mới 🎉,vui,Cuộc sống,casual,"hết sẩy! xứng đáng lắm luôn! lưu khoảnh khắc này lại, sau nhìn lại vẫn còn vui mà. tiếp tục phát huy nhé!"
"Bị xe tạt nước suốt người khi đang đi đường, chời ơi k biết làm sao 💢",gian_du,Giao thông,casual,"bực ghê nơi! ai gặp cũng điên tiết thôi bạn ơi. uống ngụm nước lạnh đi rồi bơ nó ra! giận xong thì thôi, đừng giữ mãi."
"Vừa tìm ra phương pháp học mới hiệu quả hơn, mn ơi k biết làm sao 🤞",hy_vong,Học tập,casual,wow nhìn thấy vậy vui ghê! mình cũng tin vào bạn nha~ chúc mọi thứ diễn ra suôn sẻ nhé ✨ cổ vũ bạn 100% nè! 🤞
Tớ đang bị bạn hẹn đi ăn r tự nhiên cancel kh lý do nè 🔥,gian_du,Bạn bè / Người thân,casual,ugh tức thật! nghe mà mình cũng bực lây nè. uống ngụm nước lạnh đi rồi bơ nó ra! mình tin bạn sẽ xử lý được thôi.
hôm nay đang suy nghĩ về một quyết định chưa biết nên làm hay không,trung_tinh,Cuộc sống,deep,"Đôi khi những ngày bình thường lại có giá trị riêng. Không cần lúc nào cũng phải vui hoặc buồn — chỉ cần là chính mình thôi. Nếu bạn đang cân nhắc điều gì đó, hãy cho mình thêm thời gian suy nghĩ. Bình yên nhé."
"đặt mục tiêu cho năm này mà chẳng đạt được gì, ủa không biết làm sao 😶",that_vong,Bản thân,casual,"nặng lòng ghê, không phải lỗi của mình đâu nha. đừng để thất vọng lần này định nghĩa mình, ok không? bạn vẫn ổn mà, cứ tiến lên thôi! 💪"
"Vừa bạn thân sắp chuyển đi xa xong, thất vọng ghê 😞",buon,Tình cảm,casual,"haizzz nghe mà thương ghê, nghe mà thương bạn lắm luôn. ăn gì ngon ngon đi, tự thưởng cho bản thân xíu. có mình nè, đừng lo."
Mình đang bị sắp trả tiền trọ mà lương chưa về nè ...,lo_au,Cuộc sống,casual,"hít thở sâu nào 😅 lo nhiều cũng không giải quyết được gì thêm đâu nha. thử tắt điện thoại một lúc, focus vào 1 việc thôi. cố lên nhé!"
Dạo này đang suy nghĩ về một quyết định chưa bt nên làm hay không ...,trung_tinh,Cuộc sống,deep,"Cảm ơn bạn đã chia sẻ. Bình yên cũng là một trạng thái đáng trân trọng không kém gì niềm vui. Nếu bạn đang cân nhắc điều gì đó, hãy cho mình thêm thời gian suy nghĩ. Chỉ cần là chính mình là đủ rồi."
Hôm nay cố xây dựng điều gì đó mà bị phá vỡ một cách vô lý 😶,that_vong,Cuộc sống,casual,"ugh biết cảm giác đó rồi, không phải lỗi của mình đâu nha. đừng để thất vọng lần này định nghĩa mình, ok không? bạn vẫn ổn mà, cứ tiến lên thôi! 💪"
Nói thật là đặt phòng khách sạn xong đến nơi bảo hết phòng 😡,gian_du,Dịch vụ,casual,đúng là củ chuối không chịu được 🤬 tức như vậy là phải rồi. xả ra bằng cách đi dạo hoặc nghe nhạc to đi! thôi bỏ qua cho nhẹ đầu nhé!
"ae tư vấn giúp, sau giai đoạn khó khăn cảm thấy mọi thứ đang tốt lên thì nên làm sao 🙏",hy_vong,Cuộc sống,casual,ôi nghe mà có động lực lây luôn á 🌱 mình cũng tin vào bạn và kế hoạch này nha~ chúc mọi thứ diễn ra suôn sẻ nhé ✨ tiến lên thôi!
Nói thật là đang bị đang cân nhắc chuyện đổi việc nhưng chưa quyết nè,trung_tinh,Công việc,casual,"à ra vậy, ngày bình thường mà, cũng có cái vui của nó. nếu cần tâm sự thì mình ở đây~ ngày mai sẽ có nhiều chuyện hay hơn nha!"
"thiệt tình bắt đầu một thói quen mới và duy trì được 2 tuần rồi, chán 🙏",hy_vong,Cuộc sống,casual,tuyệt vời đó bạn! mình cũng tin vào bạn và kế hoạch này nha~ đừng để ai lấy đi cái tinh thần đó của mình nghen! tiến lên thôi!
"gặp người mới và cảm giác có điểm chung, ngl không bt làm sao 🙏",hy_vong,Tình cảm,casual,"ôi nghe mà có động lực lây luôn á 🌱 cứ giữ năng lượng đó nhé, mọi thứ đang đi đúng hướng rồi! đừng để ai lấy đi cái tinh thần đó của mình nghen! cổ vũ bạn 100% nè! 🤞"
"Dạo này đang bị ngồi uống cà phê một mình, tâm trạng bình thường nè ...",trung_tinh,Suy nghĩ,casual,"aha hiểu rồi! ngày bình thường mà, cũng có cái vui của nó. nếu cần tâm sự thì mình ở đây~ 🙂"
Tao đang bị khách hàng dời lịch sát giờ không báo trước nè 👊,gian_du,Công việc,casual,"đúng là củ chuối không chịu được 🤬 tức như vậy là phải rồi. bơ đi mà sống, năng lượng của mình quý hơn chứ. không đáng mất sức đâu bạn ơi 😤"
"Người yêu liên tục đến trễ mà không xin lỗi, ủa không biết làm sao 👊",gian_du,Bạn bè / Người thân,casual,"bực ghê nơi! đúng là vô lý không chịu được. bơ đi mà sống, năng lượng của mình quý hơn chứ. không đáng mất sức đâu bạn ơi 😤"
hôm nay nhớ ng yêu cũ khi trời mưa 🥀,buon,Tình cảm,casual,"trời ơi nghe mà tủi thân giùm 😢 cảm giác đó nặng lắm, mình hiểu. bật phim hoặc nhạc chill đi nào! mai lại oke thôi! 💙"
"Vừa cố gắng cả năm nhưng không đc thăng chức xong, hy vọng ghê 🥀",buon,Công việc,casual,"ôi buồn quá, nghe mà thương bạn lắm luôn. buồn thì cứ khóc ra cho nhẹ lòng, đừng giữ trong bụng. mình ở đây nghe bạn kể nhé~"
Hôm nay đang bị hôm nay không có gì đặc biệt lắm nè ...,trung_tinh,Cuộc sống,casual,"aha hiểu rồi! ngày bình thường mà, cũng có cái vui của nó. nếu cần tâm sự thì mình ở đây~ 🙂"
"thiệt tình người yêu liên tục đến trễ mà không xin lỗi, chán 😤",gian_du,Bạn bè / Người thân,casual,"đúng là củ chuối không chịu được 🤬 nghe mà mình cũng bực lây nè. thả lỏng ra đi, đừng để nó chiếm hết ngày của mình. không đáng mất sức đâu bạn ơi 😤"
Trời ơi đang bị lương về r nè 🤩,vui,Cuộc sống,casual,yayyy 🎉🎉 kết quả xứng đáng với cố gắng của bạn rồi đó! nhớ chia sẻ niềm vui với người thân nha! tiếp tục phát huy nhé!
"Xa nhà lâu qá nhớ mọi người, mn ơi không bt làm sao 😞",buon,Gia đình,casual,trời ơi nghe mà tủi thân giùm 😢 nghe mà thương bạn lắm luôn. ra ngoài đi dạo một chút cho thoáng đầu nhé. mai lại oke thôi! 💙
"vừa bị kể chuyện riêng tư cho ng khác dù đã dặn giữ kín xong, vui ghê 😡",gian_du,Bạn bè / Người thân,casual,"đúng là củ chuối không chịu được 🤬 nghe mà mình cũng bực lây nè. uống ngụm nước lạnh đi rồi bơ nó ra! giận xong thì thôi, đừng giữ mãi."
"Sợ tỏ tình xong bị từ chối thì mất cả tình bạn, mình không biết làm sao huhu",lo_au,Tình cảm,casual,"hít thở sâu nào 😅 thấy lo như vậy là bình thường mà. đừng nhìn cả đống cùng lúc, từng bước nhỏ thôi! mình tin bạn làm được mà~"
"thiệt tình chia tay xong cứ thấy trống rỗng, chán 😢",buon,Tình cảm,casual,"haizzz nghe mà thương ghê, cảm giác đó nặng lắm, mình hiểu. gọi cho bạn thân tâm sự đi, đừng ôm một mình. mình ở đây nghe bạn kể nhé~"
"lương về rồi, mk ko biết làm sao ✨",vui,Cuộc sống,casual,"yayyy 🎉🎉 nghe mà vui lây =)) lưu khoảnh khắc này lại, sau nhìn lại vẫn còn vui mà. mình vui cho bạn lắm!"
"Thiệt tình đồng nghiệp thân nhất vừa nghỉ việc, chán 😢",buon,Công việc,deep,Cảm ơn bạn đã chia sẻ với mình. Bạn không yếu đuối khi buồn — bạn rất can đảm khi chia sẻ điều này. Tìm người thân thiết để nói chuyện — đừng mang một mình. Mình luôn ở đây nếu bạn cần.
"vừa không theo kịp bài vở dạo này xong, hy vọng ghê huhu",lo_au,Học tập,casual,"oke oke, ai gặp chuyện đó cũng rén thôi. ghi ra giấy hết những gì đang lo rồi ưu tiên từng cái. cố lên nhé!"
Dạo này đang bị bốc thăm trúng phần thưởng to nè 🤩,vui,Cuộc sống,casual,hết sẩy! nghe mà vui lây =)) nhớ chia sẻ niềm vui với người thân nha! tiếp tục phát huy nhé!
"Sợ tỏ tình xong bị từ chối thì mất cả tình bạn, ủa không biết làm sao 🥲",lo_au,Tình cảm,casual,"oke oke, overthinking kiểu này mệt lắm đúng không? thử tắt điện thoại một lúc, tập trung vào 1 việc thôi. cố lên nhé!"
"Thiệt tình bị hứa thưởng nhưng cuối năm lại kh có, chán ugh",that_vong,Công việc,casual,"haizzz đặt kỳ vọng cao rồi bị hẫng đau lắm, thất vọng kiểu này thật sự khó chịu lắm. reset lại đi bạn, rồi thứ tốt hơn sẽ đến thôi~ bạn vẫn ổn mà, cứ tiến lên thôi! 💪"
"Vừa tìm ra phương pháp học mới hiệu quả hơn, mn ơi không bt làm sao ✨",hy_vong,Học tập,deep,"Thật đáng quý khi bạn vẫn giữ được cái nhìn tích cực này. Cảm giác bắt đầu thấy ánh sáng ở cuối đường hầm rất đáng trân trọng. Nuôi dưỡng hy vọng bằng những hành động nhỏ mỗi ngày. Cứ tiến lên, mình cổ vũ bạn."
hôm nay nhớ người yêu cũ khi trời mưa,buon,Tình cảm,casual,"trời ơi nghe mà tủi thân giùm 😢 buồn như vậy thì ai cũng cần được chia sẻ mà. buồn thì cứ khóc ra cho nhẹ lòng, đừng giữ trong bụng. mai lại oke thôi! 💙"
"ng yêu tặng quà bất ngờ, mk không bt làm sao 😎",vui,Tình cảm,casual,wow xịn xò vậy! mình tự hào về bạn ghê nơi ✨ tự thưởng cho mình đi nào~ tiếp tục phát huy nhé!
"thiệt tình ship đồ ăn thiếu món mà kh chịu hoàn tiền, chán",gian_du,Dịch vụ,casual,"ugh tức thật! nghe mà mình cũng bực lây nè. uống ngụm nước lạnh đi rồi bơ nó ra! giận xong thì thôi, đừng giữ mãi."
"khối lượng công việc ngập đầu không biết bắt đầu từ đâu, tui không biết làm sao 🥲",lo_au,Công việc,casual,ôi thôi overthinking kiểu này mệt lắm đúng không? ghi ra giấy hết những gì đang lo rồi ưu tiên từng cái. ổn thôi bạn ơi!
"thiệt tình nghĩ về tương lai thấy mông lung quá, chán ...",lo_au,Cuộc sống,casual,"oke oke, mình hiểu cảm giác đó lắm! ghi ra giấy hết những gì đang lo rồi ưu tiên từng cái. cố lên nhé!"
"pass môn khó nhất học kỳ, ủa không biết làm sao ✨",vui,Học tập,casual,hết sẩy! nghe mà vui lây =)) cứ đà này thì ngon lành luôn! giữ phong độ nhé bạn ơi!
"Ae tư vấn giúp, hai đứa vừa nói chuyện thẳng và hiểu nhau hơn thì nên làm sao",hy_vong,Tình cảm,deep,"Thật đáng quý khi bạn vẫn giữ được cái nhìn tích cực này. Cảm giác bắt đầu thấy ánh sáng ở cuối đường hầm rất đáng trân trọng. Đừng so sánh tiến độ của mình với người khác — hành trình của bạn là của riêng bạn. Cứ tiến lên, mình cổ vũ bạn."
Trời ơi dc thăng chức sau kỳ đánh giá 🤩,vui,Công việc,casual,đỉnh của chóp luôn á!! mình tự hào về bạn ghê nơi ✨ cứ đà này thì ngon lành luôn! chúc mừng bạn nha 🥳
"vừa ngồi uống cà phê một mình, tâm trạng bình thường xong, thất vọng ghê",trung_tinh,Suy nghĩ,casual,"hmmm thế thì cũng oke nha, ngày bình thường mà, cũng có cái vui của nó. có gì muốn kể thêm thì cứ kể nhé! ngày mai sẽ có nhiều chuyện hay hơn nha!"
"ae tư vấn giúp, bị kể chuyện riêng tư cho ng khác dù đã dặn giữ kín thì nên làm sao 🔥",gian_du,Bạn bè / Người thân,casual,đúng là củ chuối không chịu được 🤬 ai gặp cũng điên tiết thôi bạn ơi. xả ra bằng cách đi dạo hoặc nghe nhạc to đi! không đáng mất sức đâu bạn ơi 😤
"gọi hotline chăm sóc khách hàng cúp máy giữa chừng, tao không biết làm sao 💢",gian_du,Dịch vụ,casual,đúng là củ chuối không chịu được 🤬 đúng là vô lý không chịu được. uống ngụm nước lạnh đi rồi bơ nó ra! không đáng mất sức đâu bạn ơi 😤
"Ae tư vấn giúp, xa nhà lâu qá nhớ mọi ng thì nên làm sao 🥀",buon,Gia đình,deep,Mình rất tiếc khi nghe điều này. Bạn không yếu đuối khi buồn — bạn rất can đảm khi chia sẻ điều này. Tìm người thân thiết để nói chuyện — đừng mang một mình. Thời gian sẽ chữa lành mọi thứ.
Tớ đang bị con mèo nuôi nhiều năm vừa ra đi nè haiz,buon,Cuộc sống,casual,"trời ơi nghe mà tủi thân giùm 😢 đừng cố tỏ ra ổn, có mình ở đây nè. bật phim hoặc nhạc chill đi nào! mình ở đây nghe bạn kể nhé~"
Tui đang bị sợ bị sếp đánh giá thấp trong kỳ review nè,lo_au,Công việc,casual,"bình tĩnh đi bạn ơi, mình hiểu cảm giác đó lắm! ghi ra giấy hết những gì đang lo rồi ưu tiên từng cái. cố lên nhé!"
Mk xa nhà lâu quá nhớ mọi ng 🥀,buon,Gia đình,casual,"ôi buồn quá, đừng cố tỏ ra ổn, có mình ở đây nè. ăn gì ngon ngon đi, tự thưởng cho bản thân xíu. có mình nè, đừng lo."
"vừa người yêu liên tục đến trễ mà không xin lỗi xong, buồn ghê 🤬",gian_du,Bạn bè / Người thân,casual,"ugh tức thật! nghe mà mình cũng bực lây nè. bơ đi mà sống, năng lượng của mình quý hơn chứ. mình tin bạn sẽ xử lý được thôi."
"ae tư vấn giúp, không bt mình có đủ năng lực cho vị trí mới không thì nên làm sao",lo_au,Công việc,deep,Lo âu như vậy thực sự rất nặng nề. Đây là phản ứng bình thường khi đối mặt với áp lực lớn. Hãy thử chia nhỏ vấn đề ra và xử lý từng phần một. Bạn không cần giải quyết tất cả cùng lúc đâu.
"ae tư vấn giúp, hôm nay họp nhiều, ko có gì nổi bật thì nên làm sao 😐",trung_tinh,Công việc,casual,"bình bình vậy cũng ổn mà, đôi khi yên ổn cũng là một loại hạnh phúc đó! nếu cần tâm sự thì mình ở đây~ 🙂"
Mk đang bị ng yêu tặng quà bất ngờ nè ✨,vui,Tình cảm,casual,yayyy 🎉🎉 xứng đáng lắm luôn! tự thưởng cho mình đi nào~ mình vui cho bạn lắm!
"Thiệt tình bắt đầu một thói quen mới và duy trì được 2 tuần r, chán",hy_vong,Cuộc sống,casual,xịn lắm nè! kế hoạch rõ ràng rồi thì cứ thế mà tiến thôi! chúc mọi thứ diễn ra suôn sẻ nhé ✨ cổ vũ bạn 100% nè! 🤞
Nói thật là đang bị chia tay xong cứ thấy trống rỗng nè 😢,buon,Tình cảm,casual,"haizzz nghe mà thương ghê, cảm giác đó nặng lắm, mình hiểu. gọi cho bạn thân tâm sự đi, đừng ôm một mình. rồi sẽ qua thôi bạn ơi."
"Ae tư vấn giúp, kh về kịp gặp người thân lần cuối thì nên làm sao",buon,Gia đình,casual,"haizzz nghe mà thương ghê, buồn như vậy thì ai cũng cần được chia sẻ mà. buồn thì cứ khóc ra cho nhẹ lòng, đừng giữ trong bụng. có mình nè, đừng lo."
"Vừa xa nhà lâu qá nhớ mọi ng xong, bình thường ghê haiz",buon,Gia đình,casual,"haizzz nghe mà thương ghê, buồn như vậy thì ai cũng cần được chia sẻ mà. buồn thì cứ khóc ra cho nhẹ lòng, đừng giữ trong bụng. rồi sẽ qua thôi bạn ơi."
"ae tư vấn giúp, cố gắng cả năm nhưng không đc thăng chức thì nên làm sao 💔",buon,Công việc,casual,"ôi buồn quá, đừng cố tỏ ra ổn, có mình ở đây nè. buồn thì cứ khóc ra cho nhẹ lòng, đừng giữ trong bụng. rồi sẽ qua thôi bạn ơi."
hôm nay sắp trả tiền trọ mà lương chưa về ...,lo_au,Cuộc sống,casual,"từ từ nào! thấy lo như vậy là bình thường mà. thử tắt điện thoại một lúc, focus vào 1 việc thôi. cố lên nhé!"
"ba mẹ cứ cãi nhau và có vẻ sắp ly hôn, nói thật là không biết làm sao 😞",buon,Gia đình,casual,"ôm bạn nè 🥺 nghe mà thương bạn lắm luôn. gọi cho bạn thân tâm sự đi, đừng ôm một mình. mình ở đây nghe bạn kể nhé~"
"vừa sau giai đoạn khó khăn cảm thấy mọi thứ đang tốt lên xong, buồn ghê ✨",hy_vong,Cuộc sống,casual,xịn lắm nè! mình cũng tin vào bạn nha~ đừng để ai lấy đi cái tinh thần đó của mình nghen! mình chờ nghe tin vui từ bạn nhé~
"Ae tư vấn giúp, bạn cũ từ xa về thăm bất ngờ thì nên làm sao =))",vui,Tình cảm,casual,hết sẩy! mình tự hào về bạn ghê nơi ✨ nhớ chia sẻ niềm vui với người thân nha! mình vui cho bạn lắm!
Mk đang bị sếp khen project mới trước toàn công ty nè 🥰,vui,Công việc,casual,yayyy 🎉🎉 mình tự hào về bạn ghê nơi ✨ cứ đà này thì ngon lành luôn! mình vui cho bạn lắm!
Tao vừa tìm ra phương pháp học mới hiệu quả hơn,hy_vong,Học tập,deep,Mình cảm nhận được sự tích cực và nỗ lực của bạn. Bạn đang ở đúng nơi cần phải có để tiếp tục tiến lên. Hãy giữ vững kế hoạch đó và bước từng bước thật chắc. Hành trình đang đi đúng hướng rồi.
hôm nay cố gắng hết sức mà kết quả vẫn khum như kỳ vọng,that_vong,Công việc,deep,Thất vọng sau khi đặt cả tâm sức — cảm giác đó rất nặng. Không phải lúc nào cố gắng cũng cho kết quả như mong muốn — và điều đó không có nghĩa bạn không đủ tốt. Hãy cho bản thân thời gian để xử lý cảm xúc này trước khi tiếp tục. Bạn vẫn đang tiến về phía trước dù chưa thấy rõ.
"vừa tìm được qán cà phê ưng ý mới xong, hy vọng ghê =))",vui,Cuộc sống,casual,"đỉnh của chóp luôn á!! mình tự hào về bạn ghê nơi ✨ lưu khoảnh khắc này lại, sau nhìn lại vẫn còn vui mà. giữ phong độ nhé bạn ơi!"
"Người yêu liên tục đến trễ mà k xin lỗi, mk không biết làm sao 🤬",gian_du,Bạn bè / Người thân,casual,"bực ghê nơi! đúng là vô lý không chịu được. bơ đi mà sống, năng lượng của mình quý hơn chứ. không đáng mất sức đâu bạn ơi 😤"
Ủa đang bị đang cân nhắc chuyện đổi việc nhưng chưa quyết nè ...,trung_tinh,Công việc,casual,aha hiểu rồi! đôi khi yên ổn cũng là một loại hạnh phúc đó! có gì muốn kể thêm thì cứ kể nhé! 🙂
Trời ơi đang bị làm đúng quy trình mà vẫn bị chỉ trích nè 😶,that_vong,Công việc,casual,"haizzz đặt kỳ vọng cao rồi bị hẫng đau lắm, thất vọng kiểu này thật sự khó chịu lắm. thử nhìn lại mình học được gì từ lần này nhé. rồi sẽ tốt hơn thôi bạn ơi."
Tao sếp ép deadline vô lý không có lý do 😡,gian_du,Công việc,deep,Mình hiểu tại sao bạn cảm thấy như vậy. Bạn hoàn toàn có quyền cảm thấy bực bội như vậy. Hãy để cơn tức nguôi trước khi phản ứng — quyết định lúc nóng thường không tốt. Mình ở đây ủng hộ bạn.
Tao gặp ng mới và cảm giác có điểm chung 🙏,hy_vong,Tình cảm,casual,"wow nhìn thấy vậy vui ghê! cứ giữ năng lượng đó nhé, mọi thứ đang đi đúng hướng rồi! chúc mọi thứ diễn ra suôn sẻ nhé ✨ tiến lên thôi!"
Tui chia tay xong cứ thấy trống rỗng 😔,buon,Tình cảm,deep,"Cảm ơn bạn đã chia sẻ với mình. Buồn như vậy là hoàn toàn bình thường — đừng cố kìm lại. Hãy cho phép bản thân cảm nhận nó, đừng vội ổn ngay. Thời gian sẽ chữa lành mọi thứ."
"Hôm nay hôm nay họp nhiều, ko có gì nổi bật ...",trung_tinh,Công việc,casual,"hmmm thế thì cũng oke nha, ngày bình thường mà, cũng có cái vui của nó. nếu cần tâm sự thì mình ở đây~ ngày mai sẽ có nhiều chuyện hay hơn nha!"
"thiệt tình yêu thật lòng mà khum được đáp lại, chán 😞",that_vong,Tình cảm,casual,"haizzz đặt kỳ vọng cao rồi bị hẫng đau lắm, kỳ vọng lớn mà bị hẫng thì đau thiệt. thử nhìn lại mình học được gì từ lần này nhé. rồi sẽ tốt hơn thôi bạn ơi."
Ngl đặt nhiều kỳ vọng vào người ấy mà họ không quan tâm,that_vong,Tình cảm,casual,"nặng lòng ghê, mình hiểu cảm giác đó, không dễ gì nuốt được đâu. reset lại đi bạn, rồi thứ tốt hơn sẽ đến thôi~ mình tin bạn sẽ vượt qua được."
Nói thật là dc giao nhiệm vụ mới thú vị hơn 🤞,hy_vong,Công việc,deep,"Thật đáng quý khi bạn vẫn giữ được cái nhìn tích cực này. Cảm giác bắt đầu thấy ánh sáng ở cuối đường hầm rất đáng trân trọng. Đừng so sánh tiến độ của mình với người khác — hành trình của bạn là của riêng bạn. Cứ tiến lên, mình cổ vũ bạn."
"Bị đồng nghiệp nhận công của mình trước mặt sếp, trời ơi ko biết làm sao 🤬",gian_du,Công việc,casual,"bực ghê nơi! ai gặp cũng điên tiết thôi bạn ơi. bơ đi mà sống, năng lượng của mình quý hơn chứ. không đáng mất sức đâu bạn ơi 😤"
"hôm nay ngày bình thường, làm việc rồi về ...",trung_tinh,Cuộc sống,casual,aha hiểu rồi! đôi khi yên ổn cũng là một loại hạnh phúc đó! có gì muốn kể thêm thì cứ kể nhé! cứ thư giãn đi nhé~
Nói thật là đang bị hai đứa vừa nói chuyện thẳng và hiểu nhau hơn nè 🌱,hy_vong,Tình cảm,casual,"tuyệt vời đó bạn! cứ giữ năng lượng đó nhé, mọi thứ đang đi đúng hướng rồi! cứ từng bước nhỏ là đủ rồi! tiến lên thôi!"
"vừa lo mối quan hệ đang dần nhạt đi xong, vui ghê 🥲",lo_au,Tình cảm,deep,Mình nghe thấy sự lo lắng của bạn. Đây là phản ứng bình thường khi đối mặt với áp lực lớn. Hít thở sâu và bắt đầu từ điều nhỏ nhất có thể làm ngay hôm nay. Bạn không cần giải quyết tất cả cùng lúc đâu.
hôm nay bắt đầu một thói quen mới và duy trì được 2 tuần r 😌,hy_vong,Cuộc sống,casual,"tuyệt vời đó bạn! cứ giữ năng lượng tích cực đó nhé, mọi thứ đang đi đúng hướng rồi! cứ từng bước nhỏ là đủ rồi! tiến lên thôi!"
"thiệt tình bạn bè lúc khó khăn thì không ai xuất hiện, chán 💔",that_vong,Tình cảm,casual,"ugh biết cảm giác đó rồi, kỳ vọng lớn mà bị hẫng thì đau thiệt. đừng để thất vọng lần này định nghĩa mình, ok không? mình tin bạn sẽ vượt qua được."
"đồng nghiệp thân nhất vừa nghỉ việc, mn ơi khum biết làm sao 😞",buon,Công việc,casual,"ôi buồn quá, nghe mà thương bạn lắm luôn. bật phim hoặc nhạc chill đi nào! rồi sẽ qua thôi bạn ơi."
"gọi hotline chăm sóc khách hàng cúp máy giữa chừng, mình không biết làm sao 🔥",gian_du,Dịch vụ,casual,"bực ghê nơi! nghe mà mình cũng bực lây nè. thả lỏng ra đi, đừng để nó chiếm hết ngày của mình. mình tin bạn sẽ xử lý được thôi."
"vừa sếp ép deadline vô lý kh có lý do xong, buồn ghê",gian_du,Công việc,casual,"ugh tức thật! nghe mà mình cũng bực lây nè. hít thở nào, giận quá dễ nói sai rồi hối hận =)) giận xong thì thôi, đừng giữ mãi."
"thiệt tình bị xe tạt nước suốt ng khi đang đi đường, chán 🤬",gian_du,Giao thông,casual,bực ghê nơi! nghe mà mình cũng bực lây nè. xả ra bằng cách đi dạo hoặc nghe nhạc to đi! thôi bỏ qua cho nhẹ đầu nhé!
"thiệt tình bị cắt mặt suýt gây tai nạn mà không xin lỗi, chán 👊",gian_du,Giao thông,casual,"trời ơi nghe mà tức dùm á 😡 tức như vậy là phải rồi. hít thở nào, giận quá dễ nói sai rồi hối hận =)) thôi bỏ qua cho nhẹ đầu nhé!"
"Hôm nay hôm nay đi đường không tắc, đến nơi sớm =))",vui,Cuộc sống,casual,yayyy 🎉🎉 xứng đáng lắm luôn! ăn gì ngon ngon ăn mừng đi! mình vui cho bạn lắm!
"Ủa hôm nay họp nhiều, không có gì nổi bật ...",trung_tinh,Công việc,casual,"aha hiểu rồi! ngày bình thường mà, cũng có cái vui của nó. tận hưởng sự bình lặng đó đi bạn ơi. ngày mai sẽ có nhiều chuyện hay hơn nha!"
Ủa đang bị con mèo nuôi nhiều năm vừa ra đi nè 😢,buon,Cuộc sống,casual,"haizzz nghe mà thương ghê, nghe mà thương bạn lắm luôn. bật phim hoặc nhạc chill đi nào! mai lại oke thôi! 💙"
"Nhớ người yêu cũ khi trời mưa, dạo này khum bt làm sao 🥀",buon,Tình cảm,casual,"haizzz nghe mà thương ghê, đừng cố tỏ ra ổn, có mình ở đây nè. buồn thì cứ khóc ra cho nhẹ lòng, đừng giữ trong bụng. có mình nè, đừng lo."
Ủa cố gắng cả năm nhưng k được thăng chức,buon,Công việc,casual,"ôm bạn nè 🥺 đừng cố tỏ ra ổn, có mình ở đây nè. ra ngoài đi dạo một chút cho thoáng đầu nhé. mình ở đây nghe bạn kể nhé~"
"Thiệt tình nhớ ng yêu cũ khi trời mưa, chán",buon,Tình cảm,casual,"trời ơi nghe mà tủi thân giùm 😢 nghe mà thương bạn lắm luôn. ăn gì ngon ngon đi, tự thưởng cho bản thân xíu. rồi sẽ qua thôi bạn ơi."
"hi vọng nhiều rồi nhận kết quả ngược lại, tui khum biết làm sao",that_vong,Cuộc sống,deep,Thất vọng sau khi đặt cả tâm sức — cảm giác đó rất nặng. Không phải lúc nào cố gắng cũng cho kết quả như mong muốn — và điều đó không có nghĩa bạn không đủ tốt. Hãy cho bản thân thời gian để xử lý cảm xúc này trước khi tiếp tục. Bạn vẫn đang tiến về phía trước dù chưa thấy rõ.
"Ae tư vấn giúp, hi vọng nhiều r nhận kết quả ngược lại thì nên làm sao ugh",that_vong,Cuộc sống,casual,"ugh biết cảm giác đó rồi, kỳ vọng lớn mà bị hẫng thì đau thiệt. đừng để thất vọng lần này định nghĩa mình, ok không? rồi sẽ tốt hơn thôi bạn ơi."
"crush vừa công khai người yêu mới, mình không biết làm sao 💔",buon,Tình cảm,casual,trời ơi nghe mà tủi thân giùm 😢 nghe mà thương bạn lắm luôn. bật phim hoặc nhạc chill đi nào! rồi sẽ qua thôi bạn ơi.
Tui đang bị bắt đầu một thói quen mới và duy trì được 2 tuần rồi nè 🌱,hy_vong,Cuộc sống,casual,"tuyệt vời đó bạn! mình cũng tin vào bạn nha~ chia sẻ kế hoạch này với người thân, được ủng hộ thêm sẽ vững hơn. mình chờ nghe tin vui từ bạn nhé~"
"Ae tư vấn giúp, cố gắng hết sức mà kết quả vẫn không như kỳ vọng thì nên làm sao",that_vong,Công việc,deep,Mình nghe bạn và thấy điều này không dễ dàng chút nào. Cảm giác bị phản bội hay hẫng hụt là rất thực và đáng được thừa nhận. Nhìn lại xem mình học được gì từ lần này — bài học thường nằm ở đây. Bạn vẫn đang tiến về phía trước dù chưa thấy rõ.
"ae tư vấn giúp, đang cân nhắc chuyện đổi việc nhưng chưa quyết thì nên làm sao ...",trung_tinh,Công việc,deep,"Đôi khi những ngày không có gì đặc biệt lại có giá trị riêng của nó. Bình yên cũng là một trạng thái đáng trân trọng. Nếu bạn đang cân nhắc điều gì đó, hãy cho mình thêm thời gian suy nghĩ. Bình yên nhé."
"Vừa bài thi được điểm cao ngoài mong đợi xong, bình thường ghê =))",vui,Học tập,casual,"hết sẩy! xứng đáng lắm luôn! lưu khoảnh khắc này lại, sau nhìn lại vẫn còn vui mà. giữ phong độ nhé bạn ơi!"
"vừa cố gắng thay đổi bản thân mà cứ quay về điểm cũ xong, tức ghê ugh",that_vong,Bản thân,casual,"haizzz đặt kỳ vọng cao rồi bị hẫng đau lắm, không phải lỗi của mình đâu nha. coi như bài học đắt giá nghen! mình tin bạn sẽ vượt qua được."
"Thiệt tình chốt hợp đồng lớn sau bao ngày nỗ lực, chán 🎉",vui,Công việc,casual,yayyy 🎉🎉 xứng đáng lắm luôn! cứ đà này thì ngon lành luôn! chúc mừng bạn nha 🥳
Hôm nay nhận học bổng du học =)),vui,Học tập,casual,yayyy 🎉🎉 mình tự hào về bạn ghê nơi ✨ nhớ chia sẻ niềm vui với người thân nha! chúc mừng bạn nha 🥳
"Ae tư vấn giúp, kh vui không buồn, cứ trôi qua thôi thì nên làm sao",trung_tinh,Cuộc sống,casual,"aha hiểu rồi! yên ổn như vậy là ổn rồi mà, đôi khi bình thường cũng là hạnh phúc đó. tận hưởng sự bình lặng đó đi bạn ơi. bình yên nhé bạn ơi~"
"Ủa ngày bình thường, làm việc rùi về",trung_tinh,Cuộc sống,casual,"hmmm thế thì cũng oke nha, không phải lúc nào cũng cần có gì to tát đâu. nếu cần tâm sự thì mình ở đây~ 🙂"
"sau thời gian dài cuối cùng đã liên lạc lại đc, dạo này kh bt làm sao 🌱",hy_vong,Tình cảm,casual,"tuyệt vời đó bạn! kế hoạch rõ ràng rồi thì cứ thế mà tiến thôi! chia sẻ kế hoạch này với người thân, được ủng hộ thêm sẽ vững hơn. mình chờ nghe tin vui từ bạn nhé~"
"Ae tư vấn giúp, ngồi uống cà phê một mình, tâm trạng bình thường thì nên làm sao",trung_tinh,Suy nghĩ,deep,Trạng thái trung dung cũng là một phần bình thường của cuộc sống. Bình yên cũng là một trạng thái đáng trân trọng. Hãy để tâm trí được nghỉ ngơi một chút. Chỉ cần là chính mình là đủ rồi.
"vừa sợ tỏ tình xong bị từ chối thì mất cả tình bạn xong, thất vọng ghê huhu",lo_au,Tình cảm,deep,Mình nghe thấy sự lo lắng của bạn. Đây là phản ứng bình thường khi đối mặt với áp lực lớn. Hãy thử chia nhỏ vấn đề ra và xử lý từng phần một. Bạn không cần giải quyết tất cả cùng lúc đâu.
"Ae tư vấn giúp, mượn đồ lâu r ko trả mà còn tỏ ra bình thường thì nên làm sao",gian_du,Bạn bè / Người thân,casual,"trời ơi nghe mà tức dùm á 😡 ai gặp cũng điên tiết thôi bạn ơi. hít thở nào, giận quá dễ nói sai rồi hối hận =)) thôi bỏ qua cho nhẹ đầu nhé!"
Trời ơi cố gắng hết sức mà kết quả vẫn không như kỳ vọng,that_vong,Công việc,casual,"nặng lòng ghê, thất vọng kiểu này thật sự khó chịu lắm. thử nhìn lại mình học được gì từ lần này nhé. rồi sẽ tốt hơn thôi bạn ơi."
"Ae tư vấn giúp, sếp khen project mới trước toàn công ty thì nên làm sao 😆",vui,Công việc,casual,đỉnh của chóp luôn á!! xứng đáng lắm luôn! ăn gì ngon ngon ăn mừng đi! giữ phong độ nhé bạn ơi!
"Thiệt tình đặt mục tiêu cho năm này mà chẳng đạt được gì, chán haizzz",that_vong,Bản thân,casual,"nặng lòng ghê, mình hiểu cảm giác đó, không dễ gì nuốt được đâu. reset lại đi bạn, rồi thứ tốt hơn sẽ đến thôi~ rồi sẽ tốt hơn thôi bạn ơi."
"hôm nay hôm nay họp nhiều, khum có gì nổi bật ...",trung_tinh,Công việc,casual,"à ra vậy, ngày bình thường mà, cũng có cái vui của nó. nếu cần tâm sự thì mình ở đây~ 🙂"
"Thiệt tình tìm được hướng đi rõ ràng hơn cho tương lai, chán ✨",hy_vong,Cuộc sống,deep,"Thật đáng quý khi bạn vẫn giữ được cái nhìn tích cực này. Bạn đang ở đúng nơi cần phải có để tiếp tục tiến lên. Hãy giữ vững kế hoạch đó và bước từng bước thật chắc. Cứ tiến lên, mình cổ vũ bạn."
"Ae tư vấn giúp, đang xem phim nhưng không có cảm xúc gì mạnh thì nên làm sao ...",trung_tinh,Suy nghĩ,deep,"Cảm ơn bạn đã chia sẻ. Những lúc như vậy thường là cơ hội tốt để dừng lại và lắng nghe bản thân. Nếu bạn đang cân nhắc điều gì đó, hãy cho mình thêm thời gian suy nghĩ. Bình yên nhé."
"vừa sợ bị sếp đánh giá thấp trong kỳ review xong, hy vọng ghê huhu",lo_au,Công việc,casual,"oke oke, overthinking kiểu này mệt lắm đúng không? thử tắt điện thoại một lúc, focus vào 1 việc thôi. cố lên nhé!"
Hôm nay hai đứa vừa nói chuyện thẳng và hiểu nhau hơn ✨,hy_vong,Tình cảm,deep,"Thật đáng quý khi bạn vẫn giữ được cái nhìn tích cực này. Bạn đang ở đúng nơi cần phải có để tiếp tục tiến lên. Hãy giữ vững kế hoạch đó và bước từng bước thật chắc. Cứ tiến lên, mình cổ vũ bạn."
"vừa ngày bình thường, làm việc rồi về xong, lo ghê 😐",trung_tinh,Cuộc sống,casual,aha hiểu rồi! đôi khi yên ổn cũng là một loại hạnh phúc đó! nếu cần tâm sự thì mình ở đây~ ngày mai sẽ có nhiều chuyện hay hơn nha!
"Vừa ôn thi xong cảm thấy tự tin hơn nhiều xong, buồn ghê",hy_vong,Học tập,casual,xịn lắm nè! kế hoạch rõ ràng rồi thì cứ thế mà tiến thôi! cứ từng bước nhỏ là đủ rồi! cổ vũ bạn 100% nè! 🤞
"Sau giai đoạn khó khăn cảm thấy mọi thứ đang tốt lên, mk không biết làm sao 🤞",hy_vong,Cuộc sống,casual,"wow nhìn thấy vậy vui ghê! cứ giữ năng lượng đó nhé, mọi thứ đang đi đúng hướng rồi! cứ từng bước nhỏ là đủ rồi! cổ vũ bạn 100% nè! 🤞"
"Vừa kh vui không buồn, cứ trôi qua thôi xong, vui ghê",trung_tinh,Cuộc sống,casual,"bình bình vậy cũng ổn mà, cứ để ngày trôi qua tự nhiên thôi, không cần rush. nếu cần tâm sự thì mình ở đây~ ngày mai sẽ có nhiều chuyện hay hơn nha!"
Tui bị đồng nghiệp nhận công của mk trước mặt sếp 😤,gian_du,Công việc,casual,"trời ơi nghe mà tức dùm á 😡 nghe mà mình cũng bực lây nè. bơ đi mà sống, năng lượng của mình quý hơn chứ. thôi bỏ qua cho nhẹ đầu nhé!"
Trời ơi đang bị dc thăng chức sau kỳ đánh giá nè,vui,Công việc,casual,đỉnh của chóp luôn á!! nghe mà vui lây =)) tự thưởng cho mình đi nào~ mình vui cho bạn lắm!
Hôm nay chưa học chữ nào mà mai thi rùi 😰,lo_au,Học tập,deep,Lo âu như vậy thực sự rất nặng nề. Cảm giác bất an đó rất thật và rất khó chịu. Nói chuyện với người tin tưởng — đôi khi chỉ cần được lắng nghe là nhẹ hơn nhiều. Từng bước nhỏ vẫn là tiến về phía trước.
"vừa phải gánh team vì mấy đứa lười xong, hy vọng ghê 😤",gian_du,Công việc,casual,"trời ơi nghe mà tức dùm á 😡 tức như vậy là phải rồi. thả lỏng ra đi, đừng để nó chiếm hết ngày của mình. thôi bỏ qua cho nhẹ đầu nhé!"
"ae tư vấn giúp, không biết người ấy có thật sự thích mình không thì nên làm sao",lo_au,Tình cảm,deep,Mình hiểu bạn đang cảm thấy rất áp lực. Cảm giác không chắc chắn đó rất thật và rất khó chịu. Nói chuyện với người bạn tin tưởng — đôi khi chỉ cần được lắng nghe là nhẹ hơn nhiều rồi. Từng bước nhỏ vẫn là tiến về phía trước.
Nói thật là đang bị nộp hồ sơ học bổng và đang chờ kết quả nè 😌,hy_vong,Học tập,deep,Thật đáng quý khi bạn vẫn giữ được cái nhìn tích cực này. Hướng đi rõ ràng như vậy là kết quả của rất nhiều suy nghĩ và nỗ lực. Hãy giữ vững kế hoạch đó và bước từng bước thật chắc. Hành trình đang đi đúng hướng rồi.
Nói thật là làm lành vs ng thân sau trận cãi 😎,vui,Tình cảm,casual,đỉnh của chóp luôn á!! nghe mà vui lây =)) nhớ chia sẻ niềm vui với người thân nha! chúc mừng bạn nha 🥳
"yêu thật lòng mà không đc đáp lại, tớ không biết làm sao 💔",that_vong,Tình cảm,casual,nghe mà buồn cho bạn quá 💔 không phải lỗi của mình đâu nha. coi như bài học đắt giá nghen! mình tin bạn sẽ vượt qua được.
"Vừa đợi mãi một cơ hội mà nó ko đến xong, tức ghê ugh",that_vong,Cuộc sống,deep,Mình nghe bạn và thấy điều này không dễ dàng chút nào. Kỳ vọng bị phá vỡ luôn để lại dấu ấn sâu. Đừng vội kết luận về bản thân chỉ vì một kết quả chưa như ý. Thất vọng không phải điểm kết thúc — hãy tiếp tục.
"vừa lo mối quan hệ đang dần nhạt đi xong, bình thường ghê 😥",lo_au,Tình cảm,casual,"hít thở sâu nào 😅 mình hiểu cảm giác đó lắm! đừng nhìn cả đống cùng lúc, từng bước nhỏ thôi! ổn thôi bạn ơi!"
"Thiệt tình ko theo kịp bài vở dạo này, chán",lo_au,Học tập,casual,"ôi thôi ai gặp chuyện đó cũng rén thôi. cứ làm hết sức thôi, kết quả đến sau nha~ cố lên nhé!"
"Thiệt tình gặp ng mới và cảm giác có điểm chung, chán 🤞",hy_vong,Tình cảm,casual,wow nhìn thấy vậy vui ghê! kế hoạch rõ ràng rồi thì cứ thế mà tiến thôi! chúc mọi thứ diễn ra suôn sẻ nhé ✨ mình chờ nghe tin vui từ bạn nhé~
Tớ đang bị xa nhà lâu wa nhớ mọi người nè 🥀,buon,Gia đình,casual,"trời ơi nghe mà tủi thân giùm 😢 nghe mà thương bạn lắm luôn. ra ngoài đi dạo một chút cho thoáng đầu nhé. có mình nè, đừng lo."
"không vui không buồn, cứ trôi qua thôi, nói thật là không bt làm sao 😐",trung_tinh,Cuộc sống,casual,"bình bình vậy cũng ổn mà, ngày bình thường mà, cũng có cái vui của nó. nếu cần tâm sự thì mình ở đây~ cứ thư giãn đi nhé~"
"Đang cân nhắc chuyện đổi việc nhưng chưa quyết, tao không bt làm sao ...",trung_tinh,Công việc,deep,"Đôi khi những ngày bình thường lại có giá trị riêng. Không cần lúc nào cũng phải vui hoặc buồn — chỉ cần là chính mình thôi. Nếu bạn đang cân nhắc điều gì đó, hãy cho mình thêm thời gian suy nghĩ. Mình ở đây nếu bạn cần nói chuyện."
"Mình sợ rớt môn, ảnh hưởng học bổng 😱",lo_au,Học tập,casual,"bình tĩnh đi bạn ơi, overthinking kiểu này mệt lắm đúng không? uống ly nước rồi chia nhỏ vấn đề ra xử lý từng cái nhé! ổn thôi bạn ơi!"
"Ae tư vấn giúp, hôm nay không có gì đặc biệt lắm thì nên làm sao 🙂",trung_tinh,Cuộc sống,casual,"bình bình vậy cũng ổn mà, cứ để ngày trôi qua tự nhiên thôi, không cần rush. tận hưởng sự bình lặng đó đi bạn ơi. ngày mai sẽ có nhiều chuyện hay hơn nha!"
"ng yêu liên tục đến trễ mà không xin lỗi, ủa không bt làm sao 😡",gian_du,Bạn bè / Người thân,casual,"ugh tức thật! tức như vậy là phải rồi. bơ đi mà sống, năng lượng của mình quý hơn chứ. thôi bỏ qua cho nhẹ đầu nhé!"
"Ủa ngày bình thường, làm việc rồi về 🙂",trung_tinh,Cuộc sống,deep,"Cảm ơn bạn đã chia sẻ. Không cần lúc nào cũng phải vui hoặc buồn — chỉ cần là chính mình thôi. Nếu bạn đang cân nhắc điều gì đó, hãy cho mình thêm thời gian suy nghĩ. Bình yên nhé."
"Ae tư vấn giúp, mọi thứ dạo này cứ xui xẻo liên tục thì nên làm sao 🥀",buon,Cuộc sống,casual,"ôi buồn quá, đừng cố tỏ ra ổn, có mình ở đây nè. bật phim hoặc nhạc chill đi nào! mình ở đây nghe bạn kể nhé~"
Trời ơi đang bị xa nhà lâu qá nhớ mọi ng nè 💔,buon,Gia đình,casual,"haizzz nghe mà thương ghê, cảm giác đó nặng lắm, mình hiểu. buồn thì cứ khóc ra cho nhẹ lòng, đừng giữ trong bụng. có mình nè, đừng lo."
Trời ơi chưa học chữ nào mà mai thi rồi 😥,lo_au,Học tập,casual,"bình tĩnh đi bạn ơi, mình hiểu cảm giác đó lắm! đừng nhìn cả đống cùng lúc, từng bước nhỏ thôi! mình tin bạn làm được mà~"
"vừa sếp khen project mới trước toàn công ty xong, hy vọng ghê",vui,Công việc,casual,hết sẩy! xứng đáng lắm luôn! ăn gì ngon ngon ăn mừng đi! mình vui cho bạn lắm!
"vừa sợ rớt môn, ảnh hưởng học bổng xong, buồn ghê 🥲",lo_au,Học tập,casual,"oke oke, ai gặp chuyện đó cũng rén thôi. uống ly nước rồi chia nhỏ vấn đề ra xử lý từng cái nhé! cố lên nhé!"
"thiệt tình thất bại lần này sau khi đã chuẩn bị rất kỹ, chán",that_vong,Bản thân,casual,"nặng lòng ghê, thất vọng kiểu này thật sự khó chịu lắm. coi như bài học đắt giá nghen! mình tin bạn sẽ vượt qua được."
"bị cắt mặt suýt gây tai nạn mà không xin lỗi, ủa không bt làm sao 😤",gian_du,Giao thông,casual,"ugh tức thật! ai gặp cũng điên tiết thôi bạn ơi. hít thở nào, giận quá dễ nói sai rồi hối hận =)) không đáng mất sức đâu bạn ơi 😤"
"Thiệt tình k về kịp gặp người thân lần cuối, chán 😢",buon,Gia đình,casual,ôm bạn nè 🥺 nghe mà thương bạn lắm luôn. ra ngoài đi dạo một chút cho thoáng đầu nhé. mai lại oke thôi! 💙
"ae tư vấn giúp, bắt đầu một thói quen mới và duy trì được 2 tuần rồi thì nên làm sao 🌱",hy_vong,Cuộc sống,casual,xịn lắm nè! mình cũng tin vào bạn và kế hoạch này nha~ chúc mọi thứ diễn ra suôn sẻ nhé ✨ cổ vũ bạn 100% nè! 🤞
Hôm nay mọi thứ dạo này cứ xui xẻo liên tục 😢,buon,Cuộc sống,casual,"haizzz nghe mà thương ghê, đừng cố tỏ ra ổn, có mình ở đây nè. gọi cho bạn thân tâm sự đi, đừng ôm một mình. mai lại oke thôi! 💙"
"Ae tư vấn giúp, sắp tới deadline mà chưa làm đc gì thì nên làm sao 😥",lo_au,Công việc,casual,"oke oke, mình hiểu cảm giác đó lắm! ghi ra giấy hết những gì đang lo rồi ưu tiên từng cái. cố lên nhé!"
Ngl vừa đọc xong một bài viết thú vị,trung_tinh,Cuộc sống,casual,"à ra vậy, đôi khi yên ổn cũng là một loại hạnh phúc đó! có gì muốn kể thêm thì cứ kể nhé! cứ thư giãn đi nhé~"
"Ae tư vấn giúp, ngồi uống cà phê một mk, tâm trạng bình thường thì nên làm sao ...",trung_tinh,Suy nghĩ,casual,"bình bình vậy cũng ổn mà, đôi khi yên ổn cũng là một loại hạnh phúc đó! có gì muốn kể thêm thì cứ kể nhé! 🙂"
"thiệt tình đặt mục tiêu cho năm này mà chẳng đạt được gì, chán 😞",that_vong,Bản thân,casual,"ugh biết cảm giác đó rồi, thất vọng kiểu này thật sự khó chịu lắm. đừng để thất vọng lần này định nghĩa mình, ok không? bạn vẫn ổn mà, cứ tiến lên thôi! 💪"
"Ae tư vấn giúp, nghĩ về tương lai thấy mông lung wa thì nên làm sao huhu",lo_au,Cuộc sống,casual,"oke oke, thấy lo như vậy là bình thường mà. cứ làm hết sức thôi, kết quả đến sau nha~ mọi chuyện rồi sẽ qua thôi 💪"
Nói thật là khối lượng công việc ngập đầu không biết bắt đầu từ đâu 😰,lo_au,Công việc,casual,"hít thở sâu nào 😅 mình hiểu cảm giác đó lắm! đừng nhìn cả đống cùng lúc, từng bước nhỏ thôi! ổn thôi bạn ơi!"
Mk gửi CV và đang chờ kết quả phỏng vấn 🌱,hy_vong,Công việc,casual,ôi nghe mà có động lực lây luôn á 🌱 kế hoạch rõ ràng rồi thì cứ thế mà tiến thôi! đừng để ai lấy đi cái tinh thần đó của mình nghen! cổ vũ bạn 100% nè! 🤞
"vừa không theo kịp bài vở dạo này xong, lo ghê 😥",lo_au,Học tập,casual,ôi thôi mình hiểu cảm giác đó lắm! uống ly nước rồi chia nhỏ vấn đề ra xử lý từng cái nhé! ổn thôi bạn ơi!
"Hàng giao sai size mà đổ lỗi do mình đặt nhầm, ủa k biết làm sao",gian_du,Dịch vụ,casual,"trời ơi nghe mà tức dùm á 😡 ai gặp cũng điên tiết thôi bạn ơi. hít thở nào, giận quá dễ nói sai rồi hối hận =)) không đáng mất sức đâu bạn ơi 😤"
"Vừa nộp hồ sơ học bổng và đang chờ kết quả xong, hy vọng ghê",hy_vong,Học tập,casual,tuyệt vời đó bạn! kế hoạch rõ ràng rồi thì cứ thế mà tiến thôi! chúc mọi thứ diễn ra suôn sẻ nhé ✨ tiến lên thôi!
hôm nay pass môn khó nhất học kỳ 🎉,vui,Học tập,casual,hết sẩy! nghe mà vui lây =)) nhớ chia sẻ niềm vui với người thân nha! mình vui cho bạn lắm!
"thiệt tình khối lượng công việc ngập đầu ko biết bắt đầu từ đâu, chán ...",lo_au,Công việc,casual,ôi thôi lo nhiều cũng không giải quyết được gì thêm đâu nha. ghi ra giấy hết những gì đang lo rồi ưu tiên từng cái. mình tin bạn làm được mà~
Tui đang bị làm đúng quy trình mà vẫn bị chỉ trích nè 💔,that_vong,Công việc,casual,"nghe mà buồn cho bạn quá 💔 mình hiểu cảm giác đó, không dễ gì nuốt được đâu. coi như bài học đắt giá nghen! rồi sẽ tốt hơn thôi bạn ơi."
"Thiệt tình cố gắng thay đổi bản thân mà cứ quay về điểm cũ, chán haizzz",that_vong,Bản thân,casual,"nghe mà buồn cho bạn quá 💔 mình hiểu cảm giác đó, không dễ gì nuốt được đâu. reset lại đi bạn, rồi thứ tốt hơn sẽ đến thôi~ bạn vẫn ổn mà, cứ tiến lên thôi! 💪"
"Thiệt tình bạn thân sắp chuyển đi xa, chán haiz",buon,Tình cảm,casual,"ôm bạn nè 🥺 nghe mà thương bạn lắm luôn. buồn thì cứ khóc ra cho nhẹ lòng, đừng giữ trong bụng. mình ở đây nghe bạn kể nhé~"
"Thiệt tình k vui không buồn, cứ trôi qua thôi, chán ...",trung_tinh,Cuộc sống,casual,"hmmm thế thì cũng oke nha, đôi khi yên ổn cũng là một loại hạnh phúc đó! nếu cần tâm sự thì mình ở đây~ ngày mai sẽ có nhiều chuyện hay hơn nha!"
"Vừa làm đúng quy trình mà vẫn bị chỉ trích xong, bình thường ghê 😶",that_vong,Công việc,casual,nghe mà buồn cho bạn quá 💔 kỳ vọng lớn mà bị hẫng thì đau thiệt. coi như bài học đắt giá nghen! rồi sẽ tốt hơn thôi bạn ơi.
"vừa ngồi uống cà phê một mình, tâm trạng bình thường xong, vui ghê ...",trung_tinh,Suy nghĩ,casual,"bình bình vậy cũng ổn mà, đôi khi yên ổn cũng là một loại hạnh phúc đó! có gì muốn kể thêm thì cứ kể nhé! ngày mai sẽ có nhiều chuyện hay hơn nha!"
Dạo này đang bị cố gắng cả năm nhưng không được thăng chức nè haiz,buon,Công việc,casual,"haizzz nghe mà thương ghê, nghe mà thương bạn lắm luôn. buồn thì cứ khóc ra cho nhẹ lòng, đừng giữ trong bụng. mai lại oke thôi! 💙"
"vừa ba mẹ cứ cãi nhau và có vẻ sắp ly hôn xong, lo ghê haiz",buon,Gia đình,deep,Mình ở đây lắng nghe bạn. Bạn không yếu đuối khi buồn — bạn rất can đảm khi chia sẻ điều này. Đôi khi viết ra cảm xúc cũng giúp nhẹ lòng hơn nhiều. Thời gian sẽ chữa lành mọi thứ.
Tui đang bị gửi CV và đang chờ kết quả phỏng vấn nè ✨,hy_vong,Công việc,casual,tuyệt vời đó bạn! hy vọng như vậy là động lực để tiến lên đó! đừng để ai lấy đi cái tinh thần đó của mình nghen! tiến lên thôi!
"vừa ng yêu tặng quà bất ngờ xong, vui ghê 😎",vui,Tình cảm,casual,"wow xịn xò vậy! kết quả xứng đáng với cố gắng của bạn rồi đó! lưu khoảnh khắc này lại, sau nhìn lại vẫn còn vui mà. giữ phong độ nhé bạn ơi!"
"vừa tài khoản cạn tiền mà tháng còn dài lắm xong, hy vọng ghê 😰",lo_au,Cuộc sống,casual,"ôi thôi overthinking kiểu này mệt lắm đúng không? cứ làm hết sức thôi, kết quả đến sau nha~ ổn thôi bạn ơi!"
"bị hứa thưởng nhưng cuối năm lại khum có, ae ơi không biết làm sao",that_vong,Công việc,deep,Thất vọng sau khi đặt cả tâm sức — cảm giác đó rất nặng. Cảm giác hẫng hụt là rất thật và đáng được thừa nhận. Đừng vội kết luận về bản thân chỉ vì một kết quả chưa như ý. Thất vọng không phải điểm kết thúc — hãy tiếp tục.
"cố xây dựng điều gì đó mà bị phá vỡ một cách vô lý, ngl không bt làm sao 😶",that_vong,Cuộc sống,casual,"ugh biết cảm giác đó rồi, thất vọng kiểu này thật sự khó chịu lắm. coi như bài học đắt giá nghen! bạn vẫn ổn mà, cứ tiến lên thôi! 💪"
Mk đang bị hai đứa vừa nói chuyện thẳng và hiểu nhau hơn nè ✨,hy_vong,Tình cảm,casual,tuyệt vời đó bạn! mình cũng tin vào bạn nha~ đừng để ai lấy đi cái tinh thần đó của mình nghen! tiến lên thôi!
"bài thi được điểm cao ngoài mong đợi, ủa không biết làm sao ✨",vui,Học tập,casual,trời ơi hay quá vậy?! nghe mà vui lây =)) ăn gì ngon ngon ăn mừng đi! mình vui cho bạn lắm!
"Vừa bốc thăm trúng phần thưởng to xong, hy vọng ghê 🎉",vui,Cuộc sống,casual,yayyy 🎉🎉 xứng đáng lắm luôn! nhớ chia sẻ niềm vui với người thân nha! giữ phong độ nhé bạn ơi!
Mn ơi đang bị sắp trả tiền trọ mà lương chưa về nè 😥,lo_au,Cuộc sống,casual,từ từ nào! lo nhiều cũng không giải quyết được gì thêm đâu. ghi ra giấy những gì đang lo rồi ưu tiên từng cái. mình tin bạn làm được mà~
"thiệt tình thất bại lần này sau khi đã chuẩn bị rất kỹ, chán haizzz",that_vong,Bản thân,casual,"ugh biết cảm giác đó rồi, thất vọng kiểu này thật sự khó chịu lắm. reset lại đi bạn, rồi thứ tốt hơn sẽ đến thôi~ mình tin bạn sẽ vượt qua được."
Tớ đang bị gặp người mới và cảm giác có điểm chung nè 🤞,hy_vong,Tình cảm,casual,ôi nghe mà có động lực lây luôn á 🌱 kế hoạch rõ ràng rồi thì cứ thế mà tiến thôi! chúc mọi thứ diễn ra suôn sẻ nhé ✨ cổ vũ bạn 100% nè! 🤞
Mk ng yêu liên tục đến trễ mà không xin lỗi,gian_du,Bạn bè / Người thân,deep,"Sự bực bội của bạn hoàn toàn chính đáng. Bạn hoàn toàn có quyền cảm thấy bực bội như vậy. Nếu cần, hãy nói thẳng ra một cách bình tĩnh — giữ im lặng mãi cũng không tốt. Mình ở đây ủng hộ bạn."
Tớ chia tay xong cứ thấy trống rỗng,buon,Tình cảm,casual,"ôm bạn nè 🥺 buồn như vậy thì ai cũng cần được chia sẻ mà. buồn thì cứ khóc ra cho nhẹ lòng, đừng giữ trong bụng. mai lại oke thôi! 💙"
Ủa đang bị phải gánh team vì mấy đứa lười nè 😤,gian_du,Công việc,casual,"bực ghê nơi! nghe mà mình cũng bực lây nè. bơ đi mà sống, năng lượng của mình quý hơn chứ. mình tin bạn sẽ xử lý được thôi."
"bắt đầu một thói quen mới và duy trì được 2 tuần rồi, dạo này không biết làm sao 🙏",hy_vong,Cuộc sống,casual,"xịn lắm nè! cứ giữ năng lượng tích cực đó nhé, mọi thứ đang đi đúng hướng rồi! chia sẻ kế hoạch với người thân, được ủng hộ thêm sẽ vững hơn. mình chờ nghe tin vui từ bạn nhé~"
Ngl đang bị bị hứa thưởng nhưng cuối năm lại không có nè 😶,that_vong,Công việc,casual,"ugh biết cảm giác đó rồi, không phải lỗi của mình đâu nha. đừng để thất vọng lần này định nghĩa mình, ok không? rồi sẽ tốt hơn thôi bạn ơi."
"vừa công việc ổn định, kh có gì nhiều để kể xong, bình thường ghê",trung_tinh,Công việc,casual,"bình bình vậy cũng ổn mà, đôi khi yên ổn cũng là một loại hạnh phúc đó! tận hưởng sự bình lặng đó đi bạn ơi. cứ thư giãn đi nhé~"
"Gặp ng mới và cảm giác có điểm chung, tui khum bt làm sao",hy_vong,Tình cảm,casual,"wow nhìn thấy vậy vui ghê! cứ giữ năng lượng đó nhé, mọi thứ đang đi đúng hướng rồi! chia sẻ kế hoạch này với người thân, được ủng hộ thêm sẽ vững hơn. cổ vũ bạn 100% nè! 🤞"
hôm nay yêu thật lòng mà không đc đáp lại 😶,that_vong,Tình cảm,deep,Thất vọng sau khi đặt cả tâm sức — cảm giác đó rất nặng. Không phải lúc nào cố gắng cũng cho kết quả như mong muốn — và điều đó không có nghĩa bạn không đủ tốt. Hãy cho bản thân thời gian để xử lý cảm xúc này trước khi tiếp tục. Thất vọng không phải điểm kết thúc — hãy tiếp tục.
Mn ơi đang bị ng yêu liên tục đến trễ mà không xin lỗi nè 🤬,gian_du,Bạn bè / Người thân,casual,ugh tức thật! đúng là vô lý không chịu được. uống ngụm nước lạnh đi rồi bơ nó ra! thôi bỏ qua cho nhẹ đầu nhé!
Mn ơi đang bị đang code xong thì cúp điện mất hết nè 💢,gian_du,Công việc,casual,bực ghê nơi! nghe mà mình cũng bực lây nè. uống ngụm nước lạnh đi rồi bơ nó ra! mình tin bạn sẽ xử lý được thôi.
"Dạo này đang bị ngồi uống cà phê một mình, tâm trạng bình thường nè 🙂",trung_tinh,Suy nghĩ,casual,"à ra vậy, ngày bình thường mà, cũng có cái vui của nó. nếu cần tâm sự thì mình ở đây~ 🙂"
"Vừa tìm đc hướng đi rõ ràng hơn cho tương lai xong, tức ghê 🤞",hy_vong,Cuộc sống,casual,"ôi nghe mà có động lực lây luôn á 🌱 mình cũng tin vào bạn nha~ chia sẻ kế hoạch này với người thân, được ủng hộ thêm sẽ vững hơn. mình chờ nghe tin vui từ bạn nhé~"
Trời ơi sợ bị sếp đánh giá thấp trong kỳ review ...,lo_au,Công việc,casual,ôi thôi ai gặp chuyện đó cũng rén thôi. uống ly nước rồi chia nhỏ vấn đề ra xử lý từng cái nhé! cố lên nhé!
"ae tư vấn giúp, công việc ổn định, ko có gì nhiều để kể thì nên làm sao ...",trung_tinh,Công việc,casual,aha hiểu rồi! không phải lúc nào cũng cần có gì to tát đâu. tận hưởng sự bình lặng đó đi bạn ơi. ngày mai sẽ có nhiều chuyện hay hơn nha!
"Nghĩ về tương lai thấy mông lung qá, hôm nay ko bt làm sao 😥",lo_au,Cuộc sống,casual,từ từ nào! lo nhiều cũng không giải quyết được gì thêm đâu nha. uống ly nước rồi chia nhỏ vấn đề ra xử lý từng cái nhé! ổn thôi bạn ơi!
hôm nay nghĩ về tương lai thấy mông lung qá huhu,lo_au,Cuộc sống,casual,"bình tĩnh đi bạn ơi, mình hiểu cảm giác đó lắm! thử tắt điện thoại một lúc, tập trung vào 1 việc thôi. mọi chuyện rồi sẽ qua thôi 💪"
Ae ơi đang xem phim nhưng k có cảm xúc gì mạnh 🙂,trung_tinh,Suy nghĩ,casual,"hmmm thế thì cũng oke nha, đôi khi yên ổn cũng là một loại hạnh phúc đó! tận hưởng sự bình lặng đó đi bạn ơi. cứ thư giãn đi nhé~"
"Vừa yêu thật lòng mà không được đáp lại xong, buồn ghê ugh",that_vong,Tình cảm,casual,"haizzz đặt kỳ vọng cao rồi bị hẫng đau lắm, không phải lỗi của mình đâu nha. thử nhìn lại mình học được gì từ lần này nhé. bạn vẫn ổn mà, cứ tiến lên thôi! 💪"
"Nhận học bổng du học, ủa khum biết làm sao =))",vui,Học tập,casual,wow xịn xò vậy! mình tự hào về bạn ghê nơi ✨ ăn gì ngon ngon ăn mừng đi! chúc mừng bạn nha 🥳
"Ae tư vấn giúp, làm lành với ng thân sau trận cãi thì nên làm sao ✨",vui,Tình cảm,deep,Thành quả đáng được trân trọng. Niềm vui này bạn hoàn toàn xứng đáng có được. Dùng động lực từ thành công này để tiếp tục những mục tiêu tiếp theo. Hãy giữ mãi năng lượng tích cực này nhé.
"vừa chưa học chữ nào mà mai thi rùi xong, bình thường ghê 🥲",lo_au,Học tập,casual,"oke oke, lo nhiều cũng không giải quyết được gì thêm đâu nha. ghi ra giấy hết những gì đang lo rồi ưu tiên từng cái. cố lên nhé!"
"Ae tư vấn giúp, hôm nay k có gì đặc biệt lắm thì nên làm sao ...",trung_tinh,Cuộc sống,casual,"hmmm thế thì cũng oke nha, đôi khi yên ổn cũng là một loại hạnh phúc đó! nếu cần tâm sự thì mình ở đây~ ngày mai sẽ có nhiều chuyện hay hơn nha!"
