Input,Emotion,Topic,Output
"Tao mới nghỉ việc xong chưa bt làm gì tiếp, đổ mồ hôi hột 😰",Lo âu,Công việc,"Ổn thôi bạn ơi, Áp lực như vậy ai gặp cũng rén thôi, bạn không có gì sai cả. Nói chuyện với ai đó bạn tin tưởng — đôi khi chỉ cần kể ra là nhẹ hơn nhiều. Bước qua được rồi sẽ thấy mình lớn hơn đó."
Cảm giác bị tụt hậu so với bạn bè đồng trang lứa huhu,Lo âu,Cuộc sống,"Hít thở sâu vào nào. Cảm giác bất an như vậy thật sự rất nặng nề. Ghi ra giấy những gì đang lo, ưu tiên từng cái. Mọi chuyện rồi sẽ ổn thôi!"
Chuẩn bị thuyết trình trước công ty mà cảm thấy chưa sẵn sàng 😱,Lo âu,Công việc,"Bình tĩnh nào! Cảm giác không kiểm soát được mọi thứ thật sự khó chịu. Tắt thông báo điện thoại một lúc, tập trung vào đúng 1 việc thôi. Đừng quá nghiêm khắc với bản thân nhé."
"Ae tư vấn giúp, nuôi con mèo bao năm mà nó đi mất thì nên làm sao? tủi thân 😔",Buồn bã,Cuộc sống,Lại đây tâm sự với mình nào. Chuyện đó thật sự khiến người ta hụt hẫng nhiều. Gọi cho bạn thân trút bầu tâm sự nha. Thời gian sẽ chữa lành mọi thứ.
"Chán nản thật sự quá, cảm thấy cô đơn lạc lõng giữa đám đông",Buồn bã,Cuộc sống,"Chia buồn cùng bạn. Cảm giác đó nặng nề lắm, bạn không sao cả. Bước ra ngoài đi dạo một chút, không khí tươi cũng giúp được phần nào. Thời gian sẽ chữa lành mọi thứ."
"Tự nhiên học bổng về tài khoản r, sướng rơn",Vui vẻ,Học tập,Wow xịn xò vậy! Cái cảm giác sau bao ngày chờ đợi giờ thành sự thật đỉnh lắm! Đây là động lực để bạn tiếp tục cố gắng những thứ khác nữa đó. Quá xá đã!
Tôi bị chồng đánh đập thường xuyên nhưng không dám rời đi vì sợ mất con.,Bạo hành,Khủng hoảng,"Mình nghe thấy bạn và rất lo lắng cho sự an toàn của bạn. Bạo hành dưới mọi hình thức đều sai. Hãy gọi 111 ngay bây giờ — hoàn toàn miễn phí và bảo mật, có người sẽ giúp bạn."
Mới nghỉ việc xong chưa biết làm gì tiếp làm mình rén ngang 😱,Lo âu,Công việc,"Nghe mình này nhé, Cảm giác không kiểm soát được mọi thứ thật sự khó chịu. Uống ly nước ấm, nghỉ một chút rồi tiếp tục. Đừng quá nghiêm khắc với bản thân nhé."
"Mình lo lắng k biết mối quan hệ này có tương lai không, hoang mang tột độ",Lo âu,Tình cảm,Hít thở sâu vào nào. Cảm giác không kiểm soát được mọi thứ thật sự khó chịu. Nói chuyện với ai đó bạn tin tưởng — đôi khi chỉ cần kể ra là nhẹ hơn nhiều. Cố lên nha!
"rén ngang quá, chuẩn bị thuyết trình trước công ty mà cảm thấy chưa sẵn sàng ...",Lo âu,Công việc,"Hít thở sâu vào nào. Áp lực như vậy ai gặp cũng rén thôi, bạn không có gì sai cả. Chia nhỏ vấn đề ra, xử lý từng bước một nhé. Cố lên nha!"
"Ae tư vấn giúp, khách hàng gửi email khen ngợi sản phẩm của mình thì nên làm sao? yêu đời hẳn 🤩",Vui vẻ,Công việc,Đỉnh thật sự! Bao nhiêu cố gắng cuối cùng đã được đền đáp. Cứ giữ phong độ và tiếp tục phát huy! Chúc bạn luôn giữ năng lượng tích cực!
"Ae tư vấn giúp, bị overthinking trước khi ngủ k tắt dc thì nên làm sao? lo lắng thật sự 🥲",Lo âu,Cuộc sống,"Ổn thôi bạn ơi, Cảm giác không kiểm soát được mọi thứ thật sự khó chịu. Thử đặt deadline nhỏ cho từng việc, đừng nhìn cả đống cùng lúc. Cố lên nha!"
"Phấn khích quá, crush nhắn tin trước 🥰",Vui vẻ,Tình cảm,Wow xịn xò vậy! Đúng là ngày may mắn của bạn rồi. Đây là động lực để bạn tiếp tục cố gắng những thứ khác nữa đó. Mình tự hào về bạn lắm!
"Ae tư vấn giúp, sếp khen project mới làm tốt trước toàn công ty thì nên làm sao? phấn khích ✨",Vui vẻ,Công việc,Tuyệt vời quá! Bao nhiêu cố gắng cuối cùng đã được đền đáp. Chia sẻ tin này với người thân đi nào. Chúc bạn luôn giữ năng lượng tích cực!
cảm thấy mình học kém hơn bạn bè rất nhiều làm mình chán nản thật sự,Buồn bã,Học tập,"Mình ở đây rồi, cứ nói ra đi. Ai gặp phải cũng đau lòng thôi, bạn không có gì sai. Buồn thì cứ khóc ra cho nhẹ lòng, đừng cố nuốt vào. Thời gian sẽ chữa lành mọi thứ."
"Chời ơi nay đi đường không bị tắc, đến nơi sớm hơn, phấn khích",Vui vẻ,Cuộc sống,Wow xịn xò vậy! Kết quả này là thành quả xứng đáng từ nỗ lực của bạn. Đây là động lực để bạn tiếp tục cố gắng những thứ khác nữa đó. Tiến lên thôi!
"vui xỉu quá, nay đi đường ko bị tắc, đến nơi sớm hơn",Vui vẻ,Cuộc sống,Tuyệt vời quá! Thấy bạn vui mình cũng phấn chấn theo. Đây là động lực để bạn tiếp tục cố gắng những thứ khác nữa đó. Tiến lên thôi!
Thiệt tình chuẩn bị tỏ tình mà sợ bị từ chối. rén ngang,Lo âu,Tình cảm,"Nghe mình này nhé, Cảm giác không kiểm soát được mọi thứ thật sự khó chịu. Uống ly nước ấm, nghỉ một chút rồi tiếp tục. Đừng quá nghiêm khắc với bản thân nhé."
"Ủa mà khách hàng dời lịch họp sát giờ mà ko báo trước, muốn bùng cháy 🤬",Tức giận,Công việc,"Nghe mà tức dùm á 😡 Thiệt là củ chuối không chịu được. Xả stress đi, đi dạo hay đấm gối cũng được. Nghĩ chuyện vui cho đỡ tức nhé."
Nhìn cảnh nhà ng ta hạnh phúc mà tủi thân làm tớ tê tái,Buồn bã,Cuộc sống,"Thương bạn quá. Những lúc như này mới thấy cuộc sống không phải lúc nào cũng dễ. Đừng thu mình lại, có mình ở đây mà. Ngày mai trời sẽ sáng hơn hôm nay."
"Ae tư vấn giúp, nhắn tin cả ngày mà ko thèm đọc nhưng vẫn online thì nên làm sao? tức á 🙄",Tức giận,Tình cảm,"Hiểu sự bức xúc của bạn luôn! Nghe mà mình cũng thấy khó chịu theo, bạn có lý mà. Hít thở sâu 10 cái rồi tính tiếp. Thả lỏng ra nào!"
"Hôm nay bị dọa rớt môn nếu điểm thi không đạt, run kh chịu được 😭",Lo âu,Học tập,"Bình tĩnh nào! Áp lực như vậy ai gặp cũng rén thôi, bạn không có gì sai cả. Nói chuyện với ai đó bạn tin tưởng — đôi khi chỉ cần kể ra là nhẹ hơn nhiều. Mọi chuyện rồi sẽ ổn thôi!"
Thiệt tình người yêu liên tục đến trễ mà không xin lỗi. cay thật sự 🤬,Tức giận,Tình cảm,Uống ngụm nước lạnh đi đã. Thiệt là củ chuối không chịu được. Viết ra hết cảm xúc bực bội vào giấy rồi xé đi — nhẹ lòng lắm đó. Thả lỏng ra nào!
"Ae tư vấn giúp, xe hỏng giữa đường đúng lúc đang vội nhất thì nên làm sao? muốn bùng cháy 💢",Tức giận,Cuộc sống,Hiểu sự bức xúc của bạn luôn! Gặp chuyện đó ai mà không điên tiết. Hít thở sâu 10 cái rồi tính tiếp. Thả lỏng ra nào!
"Ae tư vấn giúp, cảm giác mối quan hệ đang ngày càng nhạt dần thì nên làm sao? hồi hộp quá ...",Lo âu,Tình cảm,"Ổn thôi bạn ơi, Cảm giác bất an như vậy thật sự rất nặng nề. Ghi ra giấy những gì đang lo, ưu tiên từng cái. Mình tin bạn sẽ vượt qua được."
"Thiệt tình nay đi đường không bị tắc, đến nơi sớm hơn. yêu đời hẳn 😎",Vui vẻ,Cuộc sống,Chúc mừng bạn nhé 🎉 Cái cảm giác sau bao ngày chờ đợi giờ thành sự thật đỉnh lắm! Tận hưởng khoảnh khắc này đến cùng nhé. Tiến lên thôi!
người yêu tặng quà bất ngờ làm tớ không thể tin được 🎉,Vui vẻ,Tình cảm,Đỉnh thật sự! Niềm vui này xứng đáng được lan tỏa! Chia sẻ tin này với người thân đi nào. Tiến lên thôi!
Thiệt tình đã dặn không ăn hành mà vẫn bỏ nguyên đống vào. tức á 🔥,Tức giận,Cuộc sống,"Hiểu sự bức xúc của bạn luôn! Gặp chuyện đó ai mà không điên tiết. Đợi nguôi rồi hẵng nói chuyện lại, lúc đó mới xử lý được bình tĩnh hơn. Thả lỏng ra nào!"
"Ae tư vấn giúp, mới chia tay xong, cứ thấy trống rỗng thì nên làm sao? thất vọng toàn tập",Buồn bã,Tình cảm,"Chia buồn cùng bạn. Buồn như vậy là hoàn toàn bình thường, đừng cố kìm lại. Bước ra ngoài đi dạo một chút, không khí tươi cũng giúp được phần nào. Mọi chuyện rồi sẽ qua thôi."
phát hiện ng yêu nói dối làm tự nhiên muốn bùng cháy 😤,Tức giận,Tình cảm,"Hạ hỏa trước nào! Thiệt là củ chuối không chịu được. Đừng vội phản ứng lúc này, giận quá dễ nói sai. Nghĩ chuyện vui cho đỡ tức nhé."
"Ủa mà bị overthinking trước khi ngủ ko tắt dc, tim đập thình thịch 😰",Lo âu,Cuộc sống,"Bình tĩnh nào! Lo âu kiểu này ai cũng hiểu, đừng tự trách bản thân nhé. Cứ làm hết sức mình, kết quả ra sao cũng không hối hận. Đừng quá nghiêm khắc với bản thân nhé."
"Ae tư vấn giúp, lương về rồi, phát điên thì nên làm sao? hạnh phúc quá ✨",Vui vẻ,Cuộc sống,Nghe mà vui lây luôn! Kết quả này là thành quả xứng đáng từ nỗ lực của bạn. Lưu lại khoảnh khắc này để sau nhìn lại vẫn còn thấy vui. Chúc bạn luôn giữ năng lượng tích cực!
bạn mượn tiền lâu r mà cứ quên trả 😡,Tức giận,Cuộc sống,Uống ngụm nước lạnh đi đã. Đúng là có những chuyện không thể bỏ qua được. Hít thở sâu 10 cái rồi tính tiếp. Bỏ qua cho nhẹ đầu nhé.
"Ae tư vấn giúp, bị hủy hẹn đi chơi phút chót không có lý do thì nên làm sao? tức á 🤬",Tức giận,Tình cảm,Uống ngụm nước lạnh đi đã. Sự bực bội của bạn hoàn toàn chính đáng. Viết ra hết cảm xúc bực bội vào giấy rồi xé đi — nhẹ lòng lắm đó. Nghĩ chuyện vui cho đỡ tức nhé.
Thiệt tình đang đi đường thì bị xe tạt nước vào ng. tức á,Tức giận,Cuộc sống,"Nghe mà tức dùm á 😡 Sự bực bội của bạn hoàn toàn chính đáng. Xả stress đi, đi dạo hay đấm gối cũng được. Đừng để chuyện bực mình làm hỏng cả ngày."
"hạnh phúc quá quá, bốc trúng phần thưởng to trong sự kiện",Vui vẻ,Cuộc sống,Nghe mà vui lây luôn! Đúng là ngày may mắn của bạn rồi. Chia sẻ tin này với người thân đi nào. Mình tự hào về bạn lắm!
Không hòa nhập được vs văn hóa công ty mới làm chời ơi buồn thiu 💔,Buồn bã,Công việc,"Mình ở đây rồi, cứ nói ra đi. Chuyện đó thật sự khiến người ta hụt hẫng nhiều. Bật nhạc nhẹ hoặc xem phim cho khuây khỏa. Mạnh lên nghen!"
"không muốn gặp ai, không muốn nói chuyện, chỉ muốn ngủ mãi không thức dậy",Trầm cảm/Tuyệt vọng,Khủng hoảng,"Điều bạn chia sẻ khiến mình rất lo lắng cho bạn. Xin đừng làm hại bản thân nhé. Có người luôn sẵn sàng giúp bạn — hãy gọi 1800 599 920 ngay bây giờ, miễn phí và bảo mật hoàn toàn."
"Bị kẻ buôn người dụ dỗ, giờ đang mắc kẹt, cần giúp đỡ ngay.",Bạo hành,Khủng hoảng,"Bạn không cần phải chịu đựng điều này một mình. Xin hãy gọi Tổng đài 111 (bảo vệ trẻ em & gia đình, miễn phí 24/7) hoặc 113 nếu đang gặp nguy hiểm ngay lúc này. Bạn an toàn là điều quan trọng nhất."
được thăng chức rùi làm mình phê ✨,Vui vẻ,Công việc,Nghe mà vui lây luôn! Kết quả này là thành quả xứng đáng từ nỗ lực của bạn. Tận hưởng khoảnh khắc này đến cùng nhé. Quá xá đã!
"Tao crush vừa công khai người yêu mới, thất vọng toàn tập haiz",Buồn bã,Tình cảm,"Chia buồn cùng bạn. Mình rất tiếc khi nghe điều này. Buồn thì cứ khóc ra cho nhẹ lòng, đừng cố nuốt vào. Mạnh lên nghen!"
"Muốn khóc quá, cảm thấy mình k xứng với ng ta haiz",Buồn bã,Tình cảm,"Ôm bạn một cái nha. Cảm giác đó nặng nề lắm, bạn không sao cả. Đừng thu mình lại, có mình ở đây mà. Mình luôn ở đây lắng nghe."
"Ae tư vấn giúp, tài khoản cạn tiền mà tháng còn dài thì nên làm sao? rén ngang huhu",Lo âu,Cuộc sống,"Ổn thôi bạn ơi, Áp lực như vậy ai gặp cũng rén thôi, bạn không có gì sai cả. Cứ làm hết sức mình, kết quả ra sao cũng không hối hận. Cố lên nha!"
"Tao mới nghỉ việc xong chưa biết làm gì tiếp, đổ mồ hôi hột 🥲",Lo âu,Công việc,"Bình tĩnh nào! Mình hiểu bạn đang lo lắng lắm. Ghi ra giấy những gì đang lo, ưu tiên từng cái. Bước qua được rồi sẽ thấy mình lớn hơn đó."
"Ae tư vấn giúp, đồ án bị bắt làm lại từ đầu vì lý do mơ hồ thì nên làm sao? điên máu 💢",Tức giận,Học tập,"Thở ra đi, thở ra. Bực như vậy mà không nói gì mới lạ, bạn phản ứng bình thường thôi. Đừng vội phản ứng lúc này, giận quá dễ nói sai. Đừng để chuyện bực mình làm hỏng cả ngày."
"Buồn thiu quá, crush vừa công khai ng yêu mới 💔",Buồn bã,Tình cảm,"Mình ở đây rồi, cứ nói ra đi. Cảm giác đó nặng nề lắm, bạn không sao cả. Bật nhạc nhẹ hoặc xem phim cho khuây khỏa. Mạnh lên nghen!"
"Tao cảm thấy mình học kém hơn bạn bè rất nhiều, tê tái 😢",Buồn bã,Học tập,"Lại đây tâm sự với mình nào. Chuyện đó thật sự khiến người ta hụt hẫng nhiều. Bước ra ngoài đi dạo một chút, không khí tươi cũng giúp được phần nào. Ngày mai trời sẽ sáng hơn hôm nay."
"Tớ bị dọa rớt môn nếu điểm thi kh đạt, hồi hộp quá 😰",Lo âu,Học tập,"Bình tĩnh nào! Lo âu kiểu này ai cũng hiểu, đừng tự trách bản thân nhé. Cứ làm hết sức mình, kết quả ra sao cũng không hối hận. Đừng quá nghiêm khắc với bản thân nhé."
bị đình chỉ thi vì vi phạm nội quy làm mn ơi muốn khóc 😢,Buồn bã,Học tập,"Mình ở đây rồi, cứ nói ra đi. Mình rất tiếc khi nghe điều này. Bước ra ngoài đi dạo một chút, không khí tươi cũng giúp được phần nào. Ngày mai trời sẽ sáng hơn hôm nay."
"Thiệt tình chi tiêu tháng này lố quá, kh biết xoay sở sao. tim đập thình thịch 😰",Lo âu,Cuộc sống,"Ổn thôi bạn ơi, Lo âu kiểu này ai cũng hiểu, đừng tự trách bản thân nhé. Thử đặt deadline nhỏ cho từng việc, đừng nhìn cả đống cùng lúc. Mọi chuyện rồi sẽ ổn thôi!"
Chuẩn bị bảo vệ luận văn mà chưa ôn kỹ 😰,Lo âu,Học tập,"Nghe mình này nhé, Lo âu kiểu này ai cũng hiểu, đừng tự trách bản thân nhé. Chia nhỏ vấn đề ra, xử lý từng bước một nhé. Bước qua được rồi sẽ thấy mình lớn hơn đó."
"Thiệt tình chi tiêu tháng này lố quá, ko bt xoay sở sao. rén ngang 🥲",Lo âu,Cuộc sống,"Nghe mình này nhé, Lo âu kiểu này ai cũng hiểu, đừng tự trách bản thân nhé. Ghi ra giấy những gì đang lo, ưu tiên từng cái. Cố lên nha!"
"chi tiêu tháng này lố quá, k bt xoay sở sao",Lo âu,Cuộc sống,"Ổn thôi bạn ơi, Lo âu kiểu này ai cũng hiểu, đừng tự trách bản thân nhé. Tắt thông báo điện thoại một lúc, tập trung vào đúng 1 việc thôi. Bước qua được rồi sẽ thấy mình lớn hơn đó."
"Muốn bùng cháy quá, bị hủy hẹn đi chơi phút chót ko có lý do 🔥",Tức giận,Tình cảm,"Hiểu sự bức xúc của bạn luôn! Bực như vậy mà không nói gì mới lạ, bạn phản ứng bình thường thôi. Hít thở sâu 10 cái rồi tính tiếp. Bỏ qua cho nhẹ đầu nhé."
Thiệt tình điểm bị chấm sai mà không dc phúc khảo. cay thật sự 🔥,Tức giận,Học tập,Nghe mà tức dùm á 😡 Đúng là có những chuyện không thể bỏ qua được. Hít thở sâu 10 cái rồi tính tiếp. Mình tin bạn sẽ xử lý được thôi.
"Mn ơi trời mưa tự nhiên nhớ người yêu cũ, chán nản thật sự haiz",Buồn bã,Tình cảm,"Ôm bạn một cái nha. Những lúc như này mới thấy cuộc sống không phải lúc nào cũng dễ. Buồn thì cứ khóc ra cho nhẹ lòng, đừng cố nuốt vào. Mình luôn ở đây lắng nghe."
k biết cách tiết kiệm tiền hiệu quả làm tao bất an ghê 😱,Lo âu,Cuộc sống,"Bình tĩnh nào! Lo âu kiểu này ai cũng hiểu, đừng tự trách bản thân nhé. Ghi ra giấy những gì đang lo, ưu tiên từng cái. Mọi chuyện rồi sẽ ổn thôi!"
Thiệt tình không hòa nhập dc với văn hóa công ty mới. tủi thân 😞,Buồn bã,Công việc,"Lại đây tâm sự với mình nào. Buồn như vậy là hoàn toàn bình thường, đừng cố kìm lại. Đừng thu mình lại, có mình ở đây mà. Mọi chuyện rồi sẽ qua thôi."
"yêu đời hẳn quá, sếp khen project mới làm tốt trước toàn công ty 😎",Vui vẻ,Công việc,Wow xịn xò vậy! Đúng là ngày may mắn của bạn rồi. Cứ giữ phong độ và tiếp tục phát huy! Yomost lun nha!
Thiệt tình bạn mượn tiền lâu rồi mà cứ quên trả. điên máu 🙄,Tức giận,Cuộc sống,"Nghe mà tức dùm á 😡 Thiệt là củ chuối không chịu được. Bơ đi mà sống, để bụng chỉ tổ mệt mình. Đừng để chuyện bực mình làm hỏng cả ngày."
Thiệt tình bị sếp la trước mặt cả phòng. buồn thiu 😞,Buồn bã,Công việc,"Ôm bạn một cái nha. Buồn như vậy là hoàn toàn bình thường, đừng cố kìm lại. Bật nhạc nhẹ hoặc xem phim cho khuây khỏa. Thời gian sẽ chữa lành mọi thứ."
phát hiện người yêu nói dối làm mn ơi giận tím ng 😡,Tức giận,Tình cảm,"Uống ngụm nước lạnh đi đã. Bực như vậy mà không nói gì mới lạ, bạn phản ứng bình thường thôi. Xả stress đi, đi dạo hay đấm gối cũng được. Nghĩ chuyện vui cho đỡ tức nhé."
sắp đến kỳ đánh giá cuối năm mà thành tích chưa đủ làm hôm nay tim đập thình thịch ...,Lo âu,Công việc,Từ từ đã bạn ơi. Mình biết bạn đang cố gắng hết sức rồi. Nói chuyện với ai đó bạn tin tưởng — đôi khi chỉ cần kể ra là nhẹ hơn nhiều. Đừng quá nghiêm khắc với bản thân nhé.
không biết cách tiết kiệm tiền hiệu quả huhu,Lo âu,Cuộc sống,"Ổn thôi bạn ơi, Lo âu kiểu này ai cũng hiểu, đừng tự trách bản thân nhé. Thử đặt deadline nhỏ cho từng việc, đừng nhìn cả đống cùng lúc. Đừng quá nghiêm khắc với bản thân nhé."
Kh hiểu bài nhưng ko dám hỏi thầy làm chời ơi run kh chịu được,Lo âu,Học tập,"Ổn thôi bạn ơi, Áp lực như vậy ai gặp cũng rén thôi, bạn không có gì sai cả. Thử đặt deadline nhỏ cho từng việc, đừng nhìn cả đống cùng lúc. Bước qua được rồi sẽ thấy mình lớn hơn đó."
"run không chịu dc quá, bị dọa rớt môn nếu điểm thi kh đạt 😥",Lo âu,Học tập,Từ từ đã bạn ơi. Mình biết bạn đang cố gắng hết sức rồi. Nói chuyện với ai đó bạn tin tưởng — đôi khi chỉ cần kể ra là nhẹ hơn nhiều. Đừng quá nghiêm khắc với bản thân nhé.
Làm việc cật lực mà không được ghi nhận làm tui buồn thiu 😢,Buồn bã,Công việc,"Mình ở đây rồi, cứ nói ra đi. Ai gặp phải cũng đau lòng thôi, bạn không có gì sai. Đừng thu mình lại, có mình ở đây mà. Thời gian sẽ chữa lành mọi thứ."
"Ae tư vấn giúp, nuôi con mèo bao năm mà nó đi mất thì nên làm sao? tê tái 😢",Buồn bã,Cuộc sống,"Chia buồn cùng bạn. Ai gặp phải cũng đau lòng thôi, bạn không có gì sai. Buồn thì cứ khóc ra cho nhẹ lòng, đừng cố nuốt vào. Thời gian sẽ chữa lành mọi thứ."
"Tủi thân quá, bị sếp la trước mặt cả phòng 😢",Buồn bã,Công việc,"Chia buồn cùng bạn. Mình rất tiếc khi nghe điều này. Buồn thì cứ khóc ra cho nhẹ lòng, đừng cố nuốt vào. Thời gian sẽ chữa lành mọi thứ."
"Ae tư vấn giúp, bị bom hàng sau khi chờ cả tuần thì nên làm sao? điên máu 🤬",Tức giận,Cuộc sống,"Nghe mà tức dùm á 😡 Nghe mà mình cũng thấy khó chịu theo, bạn có lý mà. Đợi nguôi rồi hẵng nói chuyện lại, lúc đó mới xử lý được bình tĩnh hơn. Thả lỏng ra nào!"
"Mn ơi nghĩ về tương lai thấy mông lung quá, tim đập thình thịch 😥",Lo âu,Cuộc sống,"Nghe mình này nhé, Áp lực như vậy ai gặp cũng rén thôi, bạn không có gì sai cả. Ghi ra giấy những gì đang lo, ưu tiên từng cái. Bước qua được rồi sẽ thấy mình lớn hơn đó."
"Ae tư vấn giúp, sắp đến kỳ đóng tiền trọ mà lương chưa về thì nên làm sao? hoang mang tột độ 😱",Lo âu,Cuộc sống,"Từ từ đã bạn ơi. Lo âu kiểu này ai cũng hiểu, đừng tự trách bản thân nhé. Cứ làm hết sức mình, kết quả ra sao cũng không hối hận. Cố lên nha!"
Không biết ng ấy có thật sự thích mình không làm má ơi rén ngang huhu,Lo âu,Tình cảm,"Bình tĩnh nào! Mình biết bạn đang cố gắng hết sức rồi. Ghi ra giấy những gì đang lo, ưu tiên từng cái. Mình tin bạn sẽ vượt qua được."
crush vừa công khai người yêu mới làm tao chán nản thật sự 😞,Buồn bã,Tình cảm,Ôm bạn một cái nha. Chuyện đó thật sự khiến người ta hụt hẫng nhiều. Gọi cho bạn thân trút bầu tâm sự nha. Mạnh lên nghen!
"Ủa mà giải quyết xong đống task tồn đọng cả tuần, phấn khích ✨",Vui vẻ,Công việc,Đỉnh thật sự! Kết quả này là thành quả xứng đáng từ nỗ lực của bạn. Nhớ tự thưởng một chầu ăn ngon nhé. Chúc bạn luôn giữ năng lượng tích cực!
chuẩn bị thuyết trình trước công ty mà cảm thấy chưa sẵn sàng làm ủa mà lo lắng thật sự,Lo âu,Công việc,"Nghe mình này nhé, Mình hiểu bạn đang lo lắng lắm. Tắt thông báo điện thoại một lúc, tập trung vào đúng 1 việc thôi. Mọi chuyện rồi sẽ ổn thôi!"
"Dạo này ko bt người ấy có thật sự thích mình ko, hoang mang tột độ",Lo âu,Tình cảm,"Nghe mình này nhé, Mình hiểu bạn đang lo lắng lắm. Tắt thông báo điện thoại một lúc, tập trung vào đúng 1 việc thôi. Bước qua được rồi sẽ thấy mình lớn hơn đó."
"Chời ơi nhắn tin cả ngày mà không thèm đọc nhưng vẫn online, tức á 🙄",Tức giận,Tình cảm,"Thở ra đi, thở ra. Bực như vậy mà không nói gì mới lạ, bạn phản ứng bình thường thôi. Xả stress đi, đi dạo hay đấm gối cũng được. Mình tin bạn sẽ xử lý được thôi."
"Sôi máu quá, người yêu liên tục đến trễ mà không xin lỗi 😡",Tức giận,Tình cảm,"Hạ hỏa trước nào! Nghe mà mình cũng thấy khó chịu theo, bạn có lý mà. Đợi nguôi rồi hẵng nói chuyện lại, lúc đó mới xử lý được bình tĩnh hơn. Nghĩ chuyện vui cho đỡ tức nhé."
"Chời ơi được crush rủ đi chơi cuối tuần, vui xỉu",Vui vẻ,Tình cảm,Chúc mừng bạn nhé 🎉 Niềm vui này xứng đáng được lan tỏa! Chia sẻ tin này với người thân đi nào. Yomost lun nha!
"Chời ơi cãi nhau với người yêu, k bt có ổn không, buồn thiu haiz",Buồn bã,Tình cảm,"Ôm bạn một cái nha. Chuyện đó thật sự khiến người ta hụt hẫng nhiều. Đừng thu mình lại, có mình ở đây mà. Mạnh lên nghen!"
"sướng rơn quá, hôm nay xử lý đc bug khó mà cả team đều bó tay 🤩",Vui vẻ,Công việc,Chúc mừng bạn nhé 🎉 Cái cảm giác sau bao ngày chờ đợi giờ thành sự thật đỉnh lắm! Đây là động lực để bạn tiếp tục cố gắng những thứ khác nữa đó. Tiến lên thôi!
"Ae ơi crush nhắn tin trước, sướng rơn 🤩",Vui vẻ,Tình cảm,Nghe mà vui lây luôn! Niềm vui này xứng đáng được lan tỏa! Nhớ tự thưởng một chầu ăn ngon nhé. Quá xá đã!
"Ae tư vấn giúp, bốc trúng phần thưởng to trong sự kiện thì nên làm sao? phấn khích =))",Vui vẻ,Cuộc sống,Tuyệt vời quá! Thấy bạn vui mình cũng phấn chấn theo. Nhớ tự thưởng một chầu ăn ngon nhé. Chúc bạn luôn giữ năng lượng tích cực!
"Ae tư vấn giúp, bị overthinking trước khi ngủ ko tắt được thì nên làm sao? run kh chịu được 😱",Lo âu,Cuộc sống,"Ổn thôi bạn ơi, Áp lực như vậy ai gặp cũng rén thôi, bạn không có gì sai cả. Chia nhỏ vấn đề ra, xử lý từng bước một nhé. Mình tin bạn sẽ vượt qua được."
"Chời ơi khối lượng công việc nhiều quá, không biết bắt đầu từ đâu, tim đập thình thịch 😥",Lo âu,Công việc,"Bình tĩnh nào! Cảm giác bất an như vậy thật sự rất nặng nề. Ghi ra giấy những gì đang lo, ưu tiên từng cái. Cố lên nha!"
"Thiệt tình cãi nhau vs người yêu, không bt có ổn không. tủi thân 💔",Buồn bã,Tình cảm,"Chia buồn cùng bạn. Cảm giác đó nặng nề lắm, bạn không sao cả. Đừng thu mình lại, có mình ở đây mà. Thời gian sẽ chữa lành mọi thứ."
"đổ mồ hôi hột quá, sắp đến kỳ đánh giá cuối năm mà thành tích chưa đủ",Lo âu,Công việc,"Ổn thôi bạn ơi, Cảm giác bất an như vậy thật sự rất nặng nề. Thử đặt deadline nhỏ cho từng việc, đừng nhìn cả đống cùng lúc. Mọi chuyện rồi sẽ ổn thôi!"
Thiệt tình cảm thấy cô đơn lạc lõng giữa đám đông. tủi thân,Buồn bã,Cuộc sống,"Chia buồn cùng bạn. Ai gặp phải cũng đau lòng thôi, bạn không có gì sai. Buồn thì cứ khóc ra cho nhẹ lòng, đừng cố nuốt vào. Mình luôn ở đây lắng nghe."
"Ae tư vấn giúp, bị sếp la trước mặt cả phòng thì nên làm sao? chán nản thật sự haiz",Buồn bã,Công việc,"Ôm bạn một cái nha. Cảm giác đó nặng nề lắm, bạn không sao cả. Gọi cho bạn thân trút bầu tâm sự nha. Mạnh lên nghen!"
"Ae tư vấn giúp, kh bt mình có đang đi đúng hướng trong sự nghiệp kh thì nên làm sao? đổ mồ hôi hột 😭",Lo âu,Công việc,"Hít thở sâu vào nào. Áp lực như vậy ai gặp cũng rén thôi, bạn không có gì sai cả. Uống ly nước ấm, nghỉ một chút rồi tiếp tục. Đừng quá nghiêm khắc với bản thân nhé."
"lo lắng thật sự quá, không biết mình có đang đi đúng hướng trong sự nghiệp k 😱",Lo âu,Công việc,"Ổn thôi bạn ơi, Cảm giác không kiểm soát được mọi thứ thật sự khó chịu. Ghi ra giấy những gì đang lo, ưu tiên từng cái. Cố lên nha!"
dự án tâm huyết bị hủy bỏ phút chót haiz,Buồn bã,Công việc,"Ôm bạn một cái nha. Mình rất tiếc khi nghe điều này. Buồn thì cứ khóc ra cho nhẹ lòng, đừng cố nuốt vào. Ngày mai trời sẽ sáng hơn hôm nay."
"Tôi bị người thân đánh đập mỗi ngày, không biết làm sao để thoát.",Bạo hành,Khủng hoảng,"Bạn đang ở trong tình huống nguy hiểm và không ai có quyền bạo hành bạn. Gọi ngay Tổng đài 111 (miễn phí, 24/7) hoặc 1900 969 680 để được hỗ trợ. Nếu nguy hiểm tính mạng, gọi 113 ngay."
"Tự nhiên bị rớt môn dù đã cố gắng học, chán nản thật sự haiz",Buồn bã,Học tập,"Mình ở đây rồi, cứ nói ra đi. Mình rất tiếc khi nghe điều này. Cứ cho phép bản thân nghỉ ngơi vài ngày. Mọi chuyện rồi sẽ qua thôi."
Thiệt tình áp lực đồng trang lứa học giỏi hơn mình quá nhiều. rén ngang,Lo âu,Học tập,"Nghe mình này nhé, Mình hiểu bạn đang lo lắng lắm. Thử đặt deadline nhỏ cho từng việc, đừng nhìn cả đống cùng lúc. Đừng quá nghiêm khắc với bản thân nhé."
bị rớt môn dù đã cố gắng học làm tao thất vọng toàn tập 😢,Buồn bã,Học tập,"Thương bạn quá. Mình rất tiếc khi nghe điều này. Buồn thì cứ khóc ra cho nhẹ lòng, đừng cố nuốt vào. Mình luôn ở đây lắng nghe."
"Thiệt tình áp lực KPI tháng này cao quá, sợ không đạt. hồi hộp quá huhu",Lo âu,Công việc,"Hít thở sâu vào nào. Cảm giác không kiểm soát được mọi thứ thật sự khó chịu. Cứ làm hết sức mình, kết quả ra sao cũng không hối hận. Mình tin bạn sẽ vượt qua được."
sắp tới deadline mà chưa làm dc chữ nào 🥲,Lo âu,Công việc,"Ổn thôi bạn ơi, Áp lực như vậy ai gặp cũng rén thôi, bạn không có gì sai cả. Chia nhỏ vấn đề ra, xử lý từng bước một nhé. Bước qua được rồi sẽ thấy mình lớn hơn đó."
Thiệt tình bạn mượn tiền lâu r mà cứ quên trả. muốn bùng cháy 😡,Tức giận,Cuộc sống,"Hiểu sự bức xúc của bạn luôn! Đúng là có những chuyện không thể bỏ qua được. Xả stress đi, đi dạo hay đấm gối cũng được. Nghĩ chuyện vui cho đỡ tức nhé."
"Tớ bài thi đc điểm cao ngoài mong đợi, phê 🤩",Vui vẻ,Học tập,Tuyệt vời quá! Niềm vui này xứng đáng được lan tỏa! Nhớ tự thưởng một chầu ăn ngon nhé. Yomost lun nha!
Thiệt tình chuẩn bị thuyết trình trước công ty mà cảm thấy chưa sẵn sàng. lo lắng thật sự huhu,Lo âu,Công việc,"Từ từ đã bạn ơi. Cảm giác bất an như vậy thật sự rất nặng nề. Ghi ra giấy những gì đang lo, ưu tiên từng cái. Mọi chuyện rồi sẽ ổn thôi!"
đang đi đường thì bị xe tạt nước vào ng làm ae ơi cay thật sự 🤬,Tức giận,Cuộc sống,Uống ngụm nước lạnh đi đã. Sự bực bội của bạn hoàn toàn chính đáng. Viết ra hết cảm xúc bực bội vào giấy rồi xé đi — nhẹ lòng lắm đó. Nghĩ chuyện vui cho đỡ tức nhé.
Ăn đc món ngon đúng ý sau bao ngày thèm 🥰,Vui vẻ,Cuộc sống,Đỉnh thật sự! Bao nhiêu cố gắng cuối cùng đã được đền đáp. Đây là động lực để bạn tiếp tục cố gắng những thứ khác nữa đó. Mình tự hào về bạn lắm!
"Dạo này bị đồng nghiệp đổ lỗi cho mình trước mặt sếp, tức á",Tức giận,Công việc,"Hạ hỏa trước nào! Nghe mà mình cũng thấy khó chịu theo, bạn có lý mà. Xả stress đi, đi dạo hay đấm gối cũng được. Mình tin bạn sẽ xử lý được thôi."
"tê tái quá, mới chia tay xong, cứ thấy trống rỗng haiz",Buồn bã,Tình cảm,"Chia buồn cùng bạn. Ai gặp phải cũng đau lòng thôi, bạn không có gì sai. Bật nhạc nhẹ hoặc xem phim cho khuây khỏa. Mọi chuyện rồi sẽ qua thôi."
"Tao điểm thi thử thấp quá, sợ thi thật sẽ tệ hơn, rén ngang huhu",Lo âu,Học tập,"Nghe mình này nhé, Cảm giác không kiểm soát được mọi thứ thật sự khó chịu. Chia nhỏ vấn đề ra, xử lý từng bước một nhé. Đừng quá nghiêm khắc với bản thân nhé."
"Ae tư vấn giúp, dự án tâm huyết bị hủy bỏ phút chót thì nên làm sao? tê tái 😔",Buồn bã,Công việc,"Chia buồn cùng bạn. Ai gặp phải cũng đau lòng thôi, bạn không có gì sai. Đừng thu mình lại, có mình ở đây mà. Ngày mai trời sẽ sáng hơn hôm nay."
Thiệt tình sắp thi mà chưa học chữ nào. run không chịu đc ...,Lo âu,Học tập,"Từ từ đã bạn ơi. Mình hiểu bạn đang lo lắng lắm. Thử đặt deadline nhỏ cho từng việc, đừng nhìn cả đống cùng lúc. Mọi chuyện rồi sẽ ổn thôi!"
"Ae tư vấn giúp, không hiểu bài nhưng không dám hỏi thầy thì nên làm sao? bất an ghê",Lo âu,Học tập,"Nghe mình này nhé, Cảm giác không kiểm soát được mọi thứ thật sự khó chịu. Uống ly nước ấm, nghỉ một chút rồi tiếp tục. Mình tin bạn sẽ vượt qua được."
Cảm giác mối quan hệ đang ngày càng nhạt dần làm tui run không chịu đc 🥲,Lo âu,Tình cảm,"Bình tĩnh nào! Lo âu kiểu này ai cũng hiểu, đừng tự trách bản thân nhé. Thử đặt deadline nhỏ cho từng việc, đừng nhìn cả đống cùng lúc. Mình tin bạn sẽ vượt qua được."
"Ae tư vấn giúp, dự án tâm huyết bị hủy bỏ phút chót thì nên làm sao? chán nản thật sự 😞",Buồn bã,Công việc,"Lại đây tâm sự với mình nào. Buồn như vậy là hoàn toàn bình thường, đừng cố kìm lại. Buồn thì cứ khóc ra cho nhẹ lòng, đừng cố nuốt vào. Mạnh lên nghen!"
Bị đình chỉ thi vì vi phạm nội quy làm tự nhiên muốn khóc,Buồn bã,Học tập,Lại đây tâm sự với mình nào. Những lúc như này mới thấy cuộc sống không phải lúc nào cũng dễ. Cứ cho phép bản thân nghỉ ngơi vài ngày. Ngày mai trời sẽ sáng hơn hôm nay.
Thiệt tình học ngày học đêm mà điểm vẫn lẹt đẹt. chán nản thật sự 😢,Buồn bã,Học tập,"Thương bạn quá. Cảm giác đó nặng nề lắm, bạn không sao cả. Cứ cho phép bản thân nghỉ ngơi vài ngày. Ngày mai trời sẽ sáng hơn hôm nay."
nhìn cảnh nhà người ta hạnh phúc mà tủi thân làm mn ơi chán nản thật sự,Buồn bã,Cuộc sống,Chia buồn cùng bạn. Chuyện đó thật sự khiến người ta hụt hẫng nhiều. Cứ cho phép bản thân nghỉ ngơi vài ngày. Ngày mai trời sẽ sáng hơn hôm nay.
Bị đình chỉ thi vì vi phạm nội quy làm ủa mà chán nản thật sự 😔,Buồn bã,Học tập,"Chia buồn cùng bạn. Cảm giác đó nặng nề lắm, bạn không sao cả. Cứ cho phép bản thân nghỉ ngơi vài ngày. Mọi chuyện rồi sẽ qua thôi."
Sắp thi mà chưa học chữ nào 😱,Lo âu,Học tập,"Nghe mình này nhé, Mình hiểu bạn đang lo lắng lắm. Tắt thông báo điện thoại một lúc, tập trung vào đúng 1 việc thôi. Đừng quá nghiêm khắc với bản thân nhé."
Thiệt tình cảm giác mối quan hệ đang ngày càng nhạt dần. lo lắng thật sự huhu,Lo âu,Tình cảm,"Nghe mình này nhé, Mình biết bạn đang cố gắng hết sức rồi. Uống ly nước ấm, nghỉ một chút rồi tiếp tục. Bước qua được rồi sẽ thấy mình lớn hơn đó."
"đổ mồ hôi hột quá, lo lắng k bt mối quan hệ này có tương lai không 😱",Lo âu,Tình cảm,"Ổn thôi bạn ơi, Cảm giác không kiểm soát được mọi thứ thật sự khó chịu. Cứ làm hết sức mình, kết quả ra sao cũng không hối hận. Bước qua được rồi sẽ thấy mình lớn hơn đó."
bạn mượn tiền lâu rồi mà cứ quên trả làm hôm nay tức á 🤬,Tức giận,Cuộc sống,"Thở ra đi, thở ra. Sự bực bội của bạn hoàn toàn chính đáng. Đợi nguôi rồi hẵng nói chuyện lại, lúc đó mới xử lý được bình tĩnh hơn. Nghĩ chuyện vui cho đỡ tức nhé."
gia đình hối thúc chuyện cưới xin làm tui hồi hộp quá 😱,Lo âu,Tình cảm,"Từ từ đã bạn ơi. Mình hiểu bạn đang lo lắng lắm. Thử đặt deadline nhỏ cho từng việc, đừng nhìn cả đống cùng lúc. Mình tin bạn sẽ vượt qua được."
Thiệt tình thấy crush đi chơi với ng khác. run không chịu dc 😭,Lo âu,Tình cảm,Hít thở sâu vào nào. Cảm giác không kiểm soát được mọi thứ thật sự khó chịu. Nói chuyện với ai đó bạn tin tưởng — đôi khi chỉ cần kể ra là nhẹ hơn nhiều. Mình tin bạn sẽ vượt qua được.
"Tớ không hòa nhập dc với văn hóa công ty mới, tủi thân 😢",Buồn bã,Công việc,"Mình ở đây rồi, cứ nói ra đi. Mình rất tiếc khi nghe điều này. Đừng thu mình lại, có mình ở đây mà. Ngày mai trời sẽ sáng hơn hôm nay."
chờ mãi kh thấy người ấy rep tin nhắn làm mình tim đập thình thịch 😰,Lo âu,Tình cảm,"Bình tĩnh nào! Mình biết bạn đang cố gắng hết sức rồi. Chia nhỏ vấn đề ra, xử lý từng bước một nhé. Đừng quá nghiêm khắc với bản thân nhé."
"Má ơi đang thi online thì rớt mạng mất cả bài, điên máu 😡",Tức giận,Học tập,"Uống ngụm nước lạnh đi đã. Gặp chuyện đó ai mà không điên tiết. Đừng vội phản ứng lúc này, giận quá dễ nói sai. Nghĩ chuyện vui cho đỡ tức nhé."
"Chời ơi thấy crush đi chơi vs người khác, run ko chịu được huhu",Lo âu,Tình cảm,"Bình tĩnh nào! Cảm giác không kiểm soát được mọi thứ thật sự khó chịu. Uống ly nước ấm, nghỉ một chút rồi tiếp tục. Mình tin bạn sẽ vượt qua được."
Nghĩ về tương lai thấy mông lung quá làm tớ bất an ghê huhu,Lo âu,Cuộc sống,"Ổn thôi bạn ơi, Mình biết bạn đang cố gắng hết sức rồi. Ghi ra giấy những gì đang lo, ưu tiên từng cái. Đừng quá nghiêm khắc với bản thân nhé."
Sắp đến kỳ đóng tiền trọ mà lương chưa về 😥,Lo âu,Cuộc sống,"Từ từ đã bạn ơi. Cảm giác không kiểm soát được mọi thứ thật sự khó chịu. Ghi ra giấy những gì đang lo, ưu tiên từng cái. Đừng quá nghiêm khắc với bản thân nhé."
Thiệt tình không hòa nhập đc vs văn hóa công ty mới. tủi thân,Buồn bã,Công việc,Thương bạn quá. Chuyện đó thật sự khiến người ta hụt hẫng nhiều. Gọi cho bạn thân trút bầu tâm sự nha. Thời gian sẽ chữa lành mọi thứ.
bạn mượn tiền lâu rùi mà cứ quên trả làm tao cay thật sự 🔥,Tức giận,Cuộc sống,"Nghe mà tức dùm á 😡 Thiệt là củ chuối không chịu được. Xả stress đi, đi dạo hay đấm gối cũng được. Mình tin bạn sẽ xử lý được thôi."
k ai trong nhóm bạn hiểu mình 😔,Buồn bã,Cuộc sống,"Thương bạn quá. Cảm giác đó nặng nề lắm, bạn không sao cả. Buồn thì cứ khóc ra cho nhẹ lòng, đừng cố nuốt vào. Mọi chuyện rồi sẽ qua thôi."
"Ae tư vấn giúp, crush vừa công khai người yêu mới thì nên làm sao? tê tái 😞",Buồn bã,Tình cảm,"Mình ở đây rồi, cứ nói ra đi. Cảm giác đó nặng nề lắm, bạn không sao cả. Bước ra ngoài đi dạo một chút, không khí tươi cũng giúp được phần nào. Mạnh lên nghen!"
Thiệt tình bị bom hàng sau khi chờ cả tuần. muốn bùng cháy 😤,Tức giận,Cuộc sống,"Uống ngụm nước lạnh đi đã. Nghe mà mình cũng thấy khó chịu theo, bạn có lý mà. Xả stress đi, đi dạo hay đấm gối cũng được. Thả lỏng ra nào!"
"thất vọng toàn tập quá, trời mưa tự nhiên nhớ ng yêu cũ 🥀",Buồn bã,Tình cảm,"Lại đây tâm sự với mình nào. Ai gặp phải cũng đau lòng thôi, bạn không có gì sai. Buồn thì cứ khóc ra cho nhẹ lòng, đừng cố nuốt vào. Thời gian sẽ chữa lành mọi thứ."
"Chời ơi áp lực kpi tháng này cao quá, sợ kh đạt, đổ mồ hôi hột",Lo âu,Công việc,"Hít thở sâu vào nào. Mình biết bạn đang cố gắng hết sức rồi. Tắt thông báo điện thoại một lúc, tập trung vào đúng 1 việc thôi. Mình tin bạn sẽ vượt qua được."
"chán nản thật sự quá, crush vừa công khai ng yêu mới haiz",Buồn bã,Tình cảm,"Ôm bạn một cái nha. Buồn như vậy là hoàn toàn bình thường, đừng cố kìm lại. Cứ cho phép bản thân nghỉ ngơi vài ngày. Mọi chuyện rồi sẽ qua thôi."
"Má ơi xe hỏng giữa đường đúng lúc đang vội nhất, muốn bùng cháy 😡",Tức giận,Cuộc sống,"Nghe mà tức dùm á 😡 Sự bực bội của bạn hoàn toàn chính đáng. Xả stress đi, đi dạo hay đấm gối cũng được. Bỏ qua cho nhẹ đầu nhé."
bị rớt môn dù đã cố gắng học làm ủa mà chán nản thật sự 😔,Buồn bã,Học tập,"Thương bạn quá. Ai gặp phải cũng đau lòng thôi, bạn không có gì sai. Buồn thì cứ khóc ra cho nhẹ lòng, đừng cố nuốt vào. Ngày mai trời sẽ sáng hơn hôm nay."
"Hồi hộp quá quá, áp lực đồng trang lứa học giỏi hơn mình quá nhiều 😱",Lo âu,Học tập,"Hít thở sâu vào nào. Cảm giác không kiểm soát được mọi thứ thật sự khó chịu. Chia nhỏ vấn đề ra, xử lý từng bước một nhé. Cố lên nha!"
"Ae tư vấn giúp, team bị giảm nhân sự, mình phải gánh thêm việc thì nên làm sao? rén ngang 😱",Lo âu,Công việc,"Ổn thôi bạn ơi, Cảm giác bất an như vậy thật sự rất nặng nề. Thử đặt deadline nhỏ cho từng việc, đừng nhìn cả đống cùng lúc. Bước qua được rồi sẽ thấy mình lớn hơn đó."
Đc crush rủ đi chơi cuối tuần ✨,Vui vẻ,Tình cảm,Tuyệt vời quá! Kết quả này là thành quả xứng đáng từ nỗ lực của bạn. Chia sẻ tin này với người thân đi nào. Chúc bạn luôn giữ năng lượng tích cực!
Thiệt tình xe hỏng giữa đường đúng lúc đang vội nhất. sôi máu 🤬,Tức giận,Cuộc sống,"Nghe mà tức dùm á 😡 Sự bực bội của bạn hoàn toàn chính đáng. Đừng vội phản ứng lúc này, giận quá dễ nói sai. Mình tin bạn sẽ xử lý được thôi."
"bị chồng đánh mỗi khi anh say rượu, sợ quá không dám nói với ai",Bạo hành,Khủng hoảng,"Mình rất lo khi nghe điều này. Sự an toàn của bạn là quan trọng nhất. Hãy gọi 111 để được hỗ trợ ngay lập tức — miễn phí, bảo mật, 24/7. Đừng chịu đựng một mình."
"Chời ơi không biết mình có đang đi đúng hướng trong sự nghiệp không, bất an ghê 😰",Lo âu,Công việc,"Từ từ đã bạn ơi. Áp lực như vậy ai gặp cũng rén thôi, bạn không có gì sai cả. Thử đặt deadline nhỏ cho từng việc, đừng nhìn cả đống cùng lúc. Mọi chuyện rồi sẽ ổn thôi!"
"đổ mồ hôi hột quá, bị overthinking trước khi ngủ kh tắt được",Lo âu,Cuộc sống,"Bình tĩnh nào! Lo âu kiểu này ai cũng hiểu, đừng tự trách bản thân nhé. Nói chuyện với ai đó bạn tin tưởng — đôi khi chỉ cần kể ra là nhẹ hơn nhiều. Cố lên nha!"
"yêu đời hẳn quá, được thăng chức rồi ✨",Vui vẻ,Công việc,Chúc mừng bạn nhé 🎉 Cái cảm giác sau bao ngày chờ đợi giờ thành sự thật đỉnh lắm! Tận hưởng khoảnh khắc này đến cùng nhé. Mình tự hào về bạn lắm!
"Ae tư vấn giúp, bị sếp ép deadline vô lý k có lý do thì nên làm sao? sôi máu 🙄",Tức giận,Công việc,Hạ hỏa trước nào! Sự bực bội của bạn hoàn toàn chính đáng. Hít thở sâu 10 cái rồi tính tiếp. Đừng để chuyện bực mình làm hỏng cả ngày.
Thiệt tình nhắn tin cả ngày mà không thèm đọc nhưng vẫn online. tức á 💢,Tức giận,Tình cảm,"Thở ra đi, thở ra. Đúng là có những chuyện không thể bỏ qua được. Xả stress đi, đi dạo hay đấm gối cũng được. Mình tin bạn sẽ xử lý được thôi."
"Ae tư vấn giúp, đang thi online thì rớt mạng mất cả bài thì nên làm sao? giận tím người",Tức giận,Học tập,"Uống ngụm nước lạnh đi đã. Bực như vậy mà không nói gì mới lạ, bạn phản ứng bình thường thôi. Đừng vội phản ứng lúc này, giận quá dễ nói sai. Nghĩ chuyện vui cho đỡ tức nhé."
Thiệt tình trời mưa tự nhiên nhớ ng yêu cũ. chán nản thật sự 😞,Buồn bã,Tình cảm,Lại đây tâm sự với mình nào. Những lúc như này mới thấy cuộc sống không phải lúc nào cũng dễ. Bật nhạc nhẹ hoặc xem phim cho khuây khỏa. Thời gian sẽ chữa lành mọi thứ.
dc thầy khen bài luận trước lớp làm dạo này sướng rơn 🎉,Vui vẻ,Học tập,Wow xịn xò vậy! Kết quả này là thành quả xứng đáng từ nỗ lực của bạn. Đây là động lực để bạn tiếp tục cố gắng những thứ khác nữa đó. Tiến lên thôi!
cảm thấy mình không xứng với người ta 😔,Buồn bã,Tình cảm,"Ôm bạn một cái nha. Chuyện đó thật sự khiến người ta hụt hẫng nhiều. Bước ra ngoài đi dạo một chút, không khí tươi cũng giúp được phần nào. Mọi chuyện rồi sẽ qua thôi."
"Phấn khích quá, hôm nay xử lý được bug khó mà cả team đều bó tay 🤩",Vui vẻ,Công việc,Tuyệt vời quá! Cái cảm giác sau bao ngày chờ đợi giờ thành sự thật đỉnh lắm! Lưu lại khoảnh khắc này để sau nhìn lại vẫn còn thấy vui. Tiến lên thôi!
"Ae tư vấn giúp, mới nghỉ việc xong chưa bt làm gì tiếp thì nên làm sao? hồi hộp quá 😰",Lo âu,Công việc,"Ổn thôi bạn ơi, Mình hiểu bạn đang lo lắng lắm. Cứ làm hết sức mình, kết quả ra sao cũng không hối hận. Mọi chuyện rồi sẽ ổn thôi!"
"Ae ơi bài thi được điểm cao ngoài mong đợi, vui xỉu =))",Vui vẻ,Học tập,Tuyệt vời quá! Kết quả này là thành quả xứng đáng từ nỗ lực của bạn. Chia sẻ tin này với người thân đi nào. Yomost lun nha!
"Dạo này ko hiểu bài nhưng kh dám hỏi thầy, bất an ghê 😭",Lo âu,Học tập,"Nghe mình này nhé, Mình biết bạn đang cố gắng hết sức rồi. Thử đặt deadline nhỏ cho từng việc, đừng nhìn cả đống cùng lúc. Mình tin bạn sẽ vượt qua được."
"Ae tư vấn giúp, làm việc cật lực mà không được ghi nhận thì nên làm sao? muốn khóc",Buồn bã,Công việc,"Ôm bạn một cái nha. Cảm giác đó nặng nề lắm, bạn không sao cả. Cứ cho phép bản thân nghỉ ngơi vài ngày. Mình luôn ở đây lắng nghe."
"Hôm nay chờ mãi ko thấy ng ấy rep tin nhắn, hoang mang tột độ",Lo âu,Tình cảm,Hít thở sâu vào nào. Cảm giác không kiểm soát được mọi thứ thật sự khó chịu. Nói chuyện với ai đó bạn tin tưởng — đôi khi chỉ cần kể ra là nhẹ hơn nhiều. Bước qua được rồi sẽ thấy mình lớn hơn đó.
Không hòa nhập dc vs văn hóa công ty mới làm mn ơi thất vọng toàn tập 🥀,Buồn bã,Công việc,"Ôm bạn một cái nha. Những lúc như này mới thấy cuộc sống không phải lúc nào cũng dễ. Bước ra ngoài đi dạo một chút, không khí tươi cũng giúp được phần nào. Thời gian sẽ chữa lành mọi thứ."
Chuẩn bị bảo vệ luận văn mà chưa ôn kỹ làm mình tim đập thình thịch 😰,Lo âu,Học tập,"Ổn thôi bạn ơi, Mình hiểu bạn đang lo lắng lắm. Uống ly nước ấm, nghỉ một chút rồi tiếp tục. Mình tin bạn sẽ vượt qua được."
"Muốn khóc quá, ko ai trong nhóm bạn hiểu mình 😔",Buồn bã,Cuộc sống,"Mình ở đây rồi, cứ nói ra đi. Cảm giác đó nặng nề lắm, bạn không sao cả. Bước ra ngoài đi dạo một chút, không khí tươi cũng giúp được phần nào. Mình luôn ở đây lắng nghe."
ng yêu tặng quà bất ngờ làm mn ơi vui xỉu 😎,Vui vẻ,Tình cảm,Nghe mà vui lây luôn! Thấy bạn vui mình cũng phấn chấn theo. Cứ giữ phong độ và tiếp tục phát huy! Quá xá đã!
"Thiệt tình điểm thi thử thấp quá, sợ thi thật sẽ tệ hơn. đổ mồ hôi hột 😭",Lo âu,Học tập,Từ từ đã bạn ơi. Cảm giác bất an như vậy thật sự rất nặng nề. Nói chuyện với ai đó bạn tin tưởng — đôi khi chỉ cần kể ra là nhẹ hơn nhiều. Mình tin bạn sẽ vượt qua được.
"Tôi bị đe dọa và lạm dụng, không dám kể với ai.",Bạo hành,Khủng hoảng,"Không ai được phép đối xử với bạn như vậy. Đây là thời điểm bạn cần tìm kiếm sự giúp đỡ ngay. Gọi Tổng đài 111 hoặc nếu đang nguy hiểm, gọi Cảnh sát 113 để được bảo vệ."
Thiệt tình gõ xong đoạn code dài mà cúp điện mất hết. muốn bùng cháy 😤,Tức giận,Công việc,"Nghe mà tức dùm á 😡 Bực như vậy mà không nói gì mới lạ, bạn phản ứng bình thường thôi. Xả stress đi, đi dạo hay đấm gối cũng được. Bỏ qua cho nhẹ đầu nhé."
"không thể tin được quá, hai đứa vừa giải quyết dc hiểu lầm hồi lâu =))",Vui vẻ,Tình cảm,Nghe mà vui lây luôn! Bao nhiêu cố gắng cuối cùng đã được đền đáp. Lưu lại khoảnh khắc này để sau nhìn lại vẫn còn thấy vui. Quá xá đã!
"Ae tư vấn giúp, nhắn tin cả ngày mà không thèm đọc nhưng vẫn online thì nên làm sao? tức á 😡",Tức giận,Tình cảm,Hạ hỏa trước nào! Sự bực bội của bạn hoàn toàn chính đáng. Viết ra hết cảm xúc bực bội vào giấy rồi xé đi — nhẹ lòng lắm đó. Thả lỏng ra nào!
"Chời ơi đang thi online thì rớt mạng mất cả bài, tức á 😤",Tức giận,Học tập,Hạ hỏa trước nào! Gặp chuyện đó ai mà không điên tiết. Hít thở sâu 10 cái rồi tính tiếp. Mình tin bạn sẽ xử lý được thôi.
"Ae tư vấn giúp, pass môn khó nhất học kỳ rồi thì nên làm sao? không thể tin được 😎",Vui vẻ,Học tập,Chúc mừng bạn nhé 🎉 Niềm vui này xứng đáng được lan tỏa! Chia sẻ tin này với người thân đi nào. Yomost lun nha!
"Ae tư vấn giúp, thấy crush đi chơi với ng khác thì nên làm sao? hồi hộp quá 😰",Lo âu,Tình cảm,"Bình tĩnh nào! Lo âu kiểu này ai cũng hiểu, đừng tự trách bản thân nhé. Thử đặt deadline nhỏ cho từng việc, đừng nhìn cả đống cùng lúc. Bước qua được rồi sẽ thấy mình lớn hơn đó."
sắp đến kỳ đóng tiền trọ mà lương chưa về ...,Lo âu,Cuộc sống,"Ổn thôi bạn ơi, Mình hiểu bạn đang lo lắng lắm. Ghi ra giấy những gì đang lo, ưu tiên từng cái. Mọi chuyện rồi sẽ ổn thôi!"
"Hoang mang tột độ quá, lo lắng không bt mối quan hệ này có tương lai ko ...",Lo âu,Tình cảm,Hít thở sâu vào nào. Cảm giác không kiểm soát được mọi thứ thật sự khó chịu. Nói chuyện với ai đó bạn tin tưởng — đôi khi chỉ cần kể ra là nhẹ hơn nhiều. Cố lên nha!
cảm thấy mình học kém hơn bạn bè rất nhiều làm hôm nay tê tái 💔,Buồn bã,Học tập,"Chia buồn cùng bạn. Buồn như vậy là hoàn toàn bình thường, đừng cố kìm lại. Bước ra ngoài đi dạo một chút, không khí tươi cũng giúp được phần nào. Mình luôn ở đây lắng nghe."
bị dọa rớt môn nếu điểm thi ko đạt làm ủa mà lo lắng thật sự 😥,Lo âu,Học tập,"Hít thở sâu vào nào. Cảm giác không kiểm soát được mọi thứ thật sự khó chịu. Uống ly nước ấm, nghỉ một chút rồi tiếp tục. Mình tin bạn sẽ vượt qua được."
Bị đình chỉ thi vì vi phạm nội quy làm má ơi tủi thân haiz,Buồn bã,Học tập,"Mình ở đây rồi, cứ nói ra đi. Những lúc như này mới thấy cuộc sống không phải lúc nào cũng dễ. Bước ra ngoài đi dạo một chút, không khí tươi cũng giúp được phần nào. Mạnh lên nghen!"
K bt mình có đang đi đúng hướng trong sự nghiệp không 😰,Lo âu,Công việc,"Nghe mình này nhé, Cảm giác bất an như vậy thật sự rất nặng nề. Cứ làm hết sức mình, kết quả ra sao cũng không hối hận. Đừng quá nghiêm khắc với bản thân nhé."
"Lương về r, phát điên 😎",Vui vẻ,Cuộc sống,Chúc mừng bạn nhé 🎉 Bao nhiêu cố gắng cuối cùng đã được đền đáp. Lưu lại khoảnh khắc này để sau nhìn lại vẫn còn thấy vui. Tiến lên thôi!
"Ae tư vấn giúp, dự án tâm huyết bị hủy bỏ phút chót thì nên làm sao? muốn khóc haiz",Buồn bã,Công việc,Thương bạn quá. Những lúc như này mới thấy cuộc sống không phải lúc nào cũng dễ. Bật nhạc nhẹ hoặc xem phim cho khuây khỏa. Thời gian sẽ chữa lành mọi thứ.
"Run ko chịu được quá, khối lượng công việc nhiều quá, ko biết bắt đầu từ đâu huhu",Lo âu,Công việc,"Bình tĩnh nào! Cảm giác bất an như vậy thật sự rất nặng nề. Tắt thông báo điện thoại một lúc, tập trung vào đúng 1 việc thôi. Cố lên nha!"
Cảm giác mối quan hệ đang ngày càng nhạt dần làm má ơi tim đập thình thịch 🥲,Lo âu,Tình cảm,"Nghe mình này nhé, Mình biết bạn đang cố gắng hết sức rồi. Uống ly nước ấm, nghỉ một chút rồi tiếp tục. Bước qua được rồi sẽ thấy mình lớn hơn đó."
Thiệt tình chuẩn bị thuyết trình trước công ty mà cảm thấy chưa sẵn sàng. đổ mồ hôi hột 😰,Lo âu,Công việc,"Nghe mình này nhé, Mình hiểu bạn đang lo lắng lắm. Chia nhỏ vấn đề ra, xử lý từng bước một nhé. Đừng quá nghiêm khắc với bản thân nhé."
Thiệt tình kh ai trong nhóm bạn hiểu mình. tê tái haiz,Buồn bã,Cuộc sống,"Chia buồn cùng bạn. Buồn như vậy là hoàn toàn bình thường, đừng cố kìm lại. Đừng thu mình lại, có mình ở đây mà. Mọi chuyện rồi sẽ qua thôi."
"Ae tư vấn giúp, bị đình chỉ thi vì vi phạm nội quy thì nên làm sao? tủi thân haiz",Buồn bã,Học tập,"Chia buồn cùng bạn. Buồn như vậy là hoàn toàn bình thường, đừng cố kìm lại. Bật nhạc nhẹ hoặc xem phim cho khuây khỏa. Mọi chuyện rồi sẽ qua thôi."
Tôi cảm thấy bản thân vô dụng và không xứng đáng được sống.,Trầm cảm/Tuyệt vọng,Khủng hoảng,"Nghe bạn nói điều này, mình rất muốn bạn được an toàn. Hãy nhờ người thân đưa bạn đến cơ sở y tế hoặc gọi 1800 599 920 ngay nhé. Cuộc sống của bạn có ý nghĩa hơn bạn nghĩ."
Thiệt tình khách hàng dời lịch họp sát giờ mà không báo trước. tức á 🔥,Tức giận,Công việc,"Thở ra đi, thở ra. Thiệt là củ chuối không chịu được. Xả stress đi, đi dạo hay đấm gối cũng được. Bỏ qua cho nhẹ đầu nhé."
Thiệt tình crush vừa công khai người yêu mới. buồn thiu,Buồn bã,Tình cảm,"Thương bạn quá. Buồn như vậy là hoàn toàn bình thường, đừng cố kìm lại. Cứ cho phép bản thân nghỉ ngơi vài ngày. Mạnh lên nghen!"
dc crush rủ đi chơi cuối tuần 😎,Vui vẻ,Tình cảm,Wow xịn xò vậy! Đúng là ngày may mắn của bạn rồi. Nhớ tự thưởng một chầu ăn ngon nhé. Mình tự hào về bạn lắm!
"Tự nhiên hôm nay xử lý dc bug khó mà cả team đều bó tay, vui xỉu 😎",Vui vẻ,Công việc,Đỉnh thật sự! Kết quả này là thành quả xứng đáng từ nỗ lực của bạn. Đây là động lực để bạn tiếp tục cố gắng những thứ khác nữa đó. Quá xá đã!
"Ae tư vấn giúp, ăn được món ngon đúng ý sau bao ngày thèm thì nên làm sao? yêu đời hẳn 😎",Vui vẻ,Cuộc sống,Wow xịn xò vậy! Kết quả này là thành quả xứng đáng từ nỗ lực của bạn. Cứ giữ phong độ và tiếp tục phát huy! Tiến lên thôi!
Thiệt tình áp lực đồng trang lứa học giỏi hơn mình quá nhiều. hồi hộp quá 😥,Lo âu,Học tập,"Nghe mình này nhé, Áp lực như vậy ai gặp cũng rén thôi, bạn không có gì sai cả. Uống ly nước ấm, nghỉ một chút rồi tiếp tục. Đừng quá nghiêm khắc với bản thân nhé."
"Không thể tin đc quá, vừa chốt được hợp đồng lớn sau bao ngày nỗ lực 🤩",Vui vẻ,Công việc,Chúc mừng bạn nhé 🎉 Đúng là ngày may mắn của bạn rồi. Tận hưởng khoảnh khắc này đến cùng nhé. Mình tự hào về bạn lắm!
"Mn ơi crush vừa công khai người yêu mới, muốn khóc 🥀",Buồn bã,Tình cảm,"Thương bạn quá. Cảm giác đó nặng nề lắm, bạn không sao cả. Cứ cho phép bản thân nghỉ ngơi vài ngày. Ngày mai trời sẽ sáng hơn hôm nay."
"Dạo này bốc trúng phần thưởng to trong sự kiện, yêu đời hẳn 😆",Vui vẻ,Cuộc sống,Đỉnh thật sự! Cái cảm giác sau bao ngày chờ đợi giờ thành sự thật đỉnh lắm! Đây là động lực để bạn tiếp tục cố gắng những thứ khác nữa đó. Quá xá đã!
"Thiệt tình áp lực KPI tháng này cao quá, sợ kh đạt. tim đập thình thịch 😰",Lo âu,Công việc,"Bình tĩnh nào! Mình hiểu bạn đang lo lắng lắm. Uống ly nước ấm, nghỉ một chút rồi tiếp tục. Cố lên nha!"
"Tớ hôm nay kỷ niệm một năm yêu nhau, hạnh phúc quá =))",Vui vẻ,Tình cảm,Đỉnh thật sự! Cái cảm giác sau bao ngày chờ đợi giờ thành sự thật đỉnh lắm! Đây là động lực để bạn tiếp tục cố gắng những thứ khác nữa đó. Yomost lun nha!
"Người yêu kiểm soát điện thoại, không cho gặp bạn bè, đánh mỗi khi cãi nhau.",Bạo hành,Khủng hoảng,"Không ai có quyền làm hại bạn. Gọi ngay 111 hoặc 1900 969 680 để được hỗ trợ khẩn cấp. Nếu cần, cảnh sát 113 luôn sẵn sàng bảo vệ bạn. Bạn xứng đáng được sống trong an toàn."
Cảm giác mối quan hệ đang ngày càng nhạt dần làm mình lo lắng thật sự 😰,Lo âu,Tình cảm,"Từ từ đã bạn ơi. Lo âu kiểu này ai cũng hiểu, đừng tự trách bản thân nhé. Chia nhỏ vấn đề ra, xử lý từng bước một nhé. Mình tin bạn sẽ vượt qua được."
học ngày học đêm mà điểm vẫn lẹt đẹt làm hôm nay muốn khóc 😢,Buồn bã,Học tập,"Thương bạn quá. Buồn như vậy là hoàn toàn bình thường, đừng cố kìm lại. Bước ra ngoài đi dạo một chút, không khí tươi cũng giúp được phần nào. Mọi chuyện rồi sẽ qua thôi."
"Phấn khích quá, được thăng chức rùi 🎉",Vui vẻ,Công việc,Wow xịn xò vậy! Đúng là ngày may mắn của bạn rồi. Lưu lại khoảnh khắc này để sau nhìn lại vẫn còn thấy vui. Yomost lun nha!
crush vừa công khai người yêu mới làm ủa mà chán nản thật sự 😞,Buồn bã,Tình cảm,Thương bạn quá. Những lúc như này mới thấy cuộc sống không phải lúc nào cũng dễ. Cứ cho phép bản thân nghỉ ngơi vài ngày. Ngày mai trời sẽ sáng hơn hôm nay.
"Ae tư vấn giúp, trời mưa tự nhiên nhớ người yêu cũ thì nên làm sao? chán nản thật sự 😔",Buồn bã,Tình cảm,"Chia buồn cùng bạn. Ai gặp phải cũng đau lòng thôi, bạn không có gì sai. Bật nhạc nhẹ hoặc xem phim cho khuây khỏa. Thời gian sẽ chữa lành mọi thứ."
Hôm nay xử lý được bug khó mà cả team đều bó tay làm mình phấn khích ✨,Vui vẻ,Công việc,Nghe mà vui lây luôn! Kết quả này là thành quả xứng đáng từ nỗ lực của bạn. Cứ giữ phong độ và tiếp tục phát huy! Quá xá đã!
cảm giác mối quan hệ đang ngày càng nhạt dần làm ủa mà rén ngang,Lo âu,Tình cảm,"Bình tĩnh nào! Áp lực như vậy ai gặp cũng rén thôi, bạn không có gì sai cả. Ghi ra giấy những gì đang lo, ưu tiên từng cái. Cố lên nha!"
"Má ơi nhắn tin cả ngày mà kh thèm đọc nhưng vẫn online, giận tím ng 😡",Tức giận,Tình cảm,"Thở ra đi, thở ra. Gặp chuyện đó ai mà không điên tiết. Đợi nguôi rồi hẵng nói chuyện lại, lúc đó mới xử lý được bình tĩnh hơn. Đừng để chuyện bực mình làm hỏng cả ngày."
"khóc không ra nước mắt nữa rồi, cảm giác trống rỗng chỉ muốn kết thúc",Trầm cảm/Tuyệt vọng,Khủng hoảng,"Mình nghe bạn. Cảm giác kiệt sức và tuyệt vọng như vậy thật nặng nề. Nhưng đây là lúc bạn cần được hỗ trợ bởi chuyên gia. Gọi 1800 599 920 — họ sẽ lắng nghe bạn 24/7, hoàn toàn miễn phí."
"Ae tư vấn giúp, chốt đơn thành công món đồ ao ước bấy lâu thì nên làm sao? kh thể tin được 🤩",Vui vẻ,Cuộc sống,Tuyệt vời quá! Bao nhiêu cố gắng cuối cùng đã được đền đáp. Nhớ tự thưởng một chầu ăn ngon nhé. Tiến lên thôi!
Ăn đc món ngon đúng ý sau bao ngày thèm làm má ơi phê 🤩,Vui vẻ,Cuộc sống,Chúc mừng bạn nhé 🎉 Thấy bạn vui mình cũng phấn chấn theo. Tận hưởng khoảnh khắc này đến cùng nhé. Yomost lun nha!
Tôi liên tục có suy nghĩ muốn biến mất khỏi cuộc đời này.,Trầm cảm/Tuyệt vọng,Khủng hoảng,Bạn đang trải qua điều rất khó khăn và mình thực sự lo cho bạn. Xin hãy gọi ngay đường dây 1800 599 920 để được tư vấn tâm lý khẩn cấp. Bạn không đơn độc trong chuyện này.
Sắp đến kỳ đánh giá cuối năm mà thành tích chưa đủ huhu,Lo âu,Công việc,"Nghe mình này nhé, Cảm giác bất an như vậy thật sự rất nặng nề. Uống ly nước ấm, nghỉ một chút rồi tiếp tục. Đừng quá nghiêm khắc với bản thân nhé."
Thiệt tình sắp tới deadline mà chưa làm được chữ nào. rén ngang ...,Lo âu,Công việc,"Từ từ đã bạn ơi. Mình biết bạn đang cố gắng hết sức rồi. Ghi ra giấy những gì đang lo, ưu tiên từng cái. Cố lên nha!"
áp lực đồng trang lứa học giỏi hơn mình quá nhiều huhu,Lo âu,Học tập,"Nghe mình này nhé, Mình biết bạn đang cố gắng hết sức rồi. Tắt thông báo điện thoại một lúc, tập trung vào đúng 1 việc thôi. Bước qua được rồi sẽ thấy mình lớn hơn đó."
"Tớ phải làm bù việc của mấy đứa lười trong team, muốn bùng cháy 💢",Tức giận,Công việc,"Thở ra đi, thở ra. Gặp chuyện đó ai mà không điên tiết. Hít thở sâu 10 cái rồi tính tiếp. Bỏ qua cho nhẹ đầu nhé."
Học bổng về tài khoản r làm dạo này phấn khích 🤩,Vui vẻ,Học tập,Đỉnh thật sự! Đúng là ngày may mắn của bạn rồi. Cứ giữ phong độ và tiếp tục phát huy! Chúc bạn luôn giữ năng lượng tích cực!
"Tao làm việc cật lực mà không được ghi nhận, muốn khóc haiz",Buồn bã,Công việc,"Ôm bạn một cái nha. Ai gặp phải cũng đau lòng thôi, bạn không có gì sai. Bật nhạc nhẹ hoặc xem phim cho khuây khỏa. Ngày mai trời sẽ sáng hơn hôm nay."
mọi thứ dạo này cứ xui xẻo liên tục haiz,Buồn bã,Cuộc sống,"Thương bạn quá. Buồn như vậy là hoàn toàn bình thường, đừng cố kìm lại. Bật nhạc nhẹ hoặc xem phim cho khuây khỏa. Thời gian sẽ chữa lành mọi thứ."
"đổ mồ hôi hột quá, áp lực đồng trang lứa học giỏi hơn mình quá nhiều huhu",Lo âu,Học tập,"Nghe mình này nhé, Mình biết bạn đang cố gắng hết sức rồi. Uống ly nước ấm, nghỉ một chút rồi tiếp tục. Cố lên nha!"
"Sôi máu quá, bạn mượn tiền lâu rồi mà cứ quên trả 🔥",Tức giận,Cuộc sống,"Nghe mà tức dùm á 😡 Sự bực bội của bạn hoàn toàn chính đáng. Bơ đi mà sống, để bụng chỉ tổ mệt mình. Đừng để chuyện bực mình làm hỏng cả ngày."
"Hôm nay bị sếp ép deadline vô lý k có lý do, điên máu 🔥",Tức giận,Công việc,Nghe mà tức dùm á 😡 Thiệt là củ chuối không chịu được. Hít thở sâu 10 cái rồi tính tiếp. Thả lỏng ra nào!
Bị hủy hẹn đi chơi phút chót không có lý do làm hôm nay điên máu,Tức giận,Tình cảm,Uống ngụm nước lạnh đi đã. Thiệt là củ chuối không chịu được. Viết ra hết cảm xúc bực bội vào giấy rồi xé đi — nhẹ lòng lắm đó. Mình tin bạn sẽ xử lý được thôi.
Tôi cảm thấy bế tắc hoàn toàn và không tìm thấy lối thoát nào.,Trầm cảm/Tuyệt vọng,Khủng hoảng,"Điều bạn chia sẻ khiến mình rất lo lắng cho bạn. Xin đừng làm hại bản thân nhé. Có người luôn sẵn sàng giúp bạn — hãy gọi 1800 599 920 ngay bây giờ, miễn phí và bảo mật hoàn toàn."
"Ae tư vấn giúp, pass môn khó nhất học kỳ rồi thì nên làm sao? ko thể tin đc 😆",Vui vẻ,Học tập,Wow xịn xò vậy! Niềm vui này xứng đáng được lan tỏa! Chia sẻ tin này với người thân đi nào. Mình tự hào về bạn lắm!
Thiệt tình học bổng về tài khoản rồi. phấn khích 🤩,Vui vẻ,Học tập,Đỉnh thật sự! Bao nhiêu cố gắng cuối cùng đã được đền đáp. Lưu lại khoảnh khắc này để sau nhìn lại vẫn còn thấy vui. Yomost lun nha!
"chán nản thật sự quá, k ai trong nhóm bạn hiểu mình 😢",Buồn bã,Cuộc sống,"Ôm bạn một cái nha. Những lúc như này mới thấy cuộc sống không phải lúc nào cũng dễ. Bước ra ngoài đi dạo một chút, không khí tươi cũng giúp được phần nào. Mọi chuyện rồi sẽ qua thôi."
Khách hàng gửi email khen ngợi sản phẩm của mình =)),Vui vẻ,Công việc,Wow xịn xò vậy! Cái cảm giác sau bao ngày chờ đợi giờ thành sự thật đỉnh lắm! Đây là động lực để bạn tiếp tục cố gắng những thứ khác nữa đó. Mình tự hào về bạn lắm!
vừa chốt được hợp đồng lớn sau bao ngày nỗ lực 🤩,Vui vẻ,Công việc,Chúc mừng bạn nhé 🎉 Kết quả này là thành quả xứng đáng từ nỗ lực của bạn. Cứ giữ phong độ và tiếp tục phát huy! Mình tự hào về bạn lắm!
"Tớ hôm nay kỷ niệm một năm yêu nhau, phê 🥰",Vui vẻ,Tình cảm,Chúc mừng bạn nhé 🎉 Cái cảm giác sau bao ngày chờ đợi giờ thành sự thật đỉnh lắm! Chia sẻ tin này với người thân đi nào. Mình tự hào về bạn lắm!
điểm bị chấm sai mà không được phúc khảo làm ae ơi tức á,Tức giận,Học tập,"Hiểu sự bức xúc của bạn luôn! Đúng là có những chuyện không thể bỏ qua được. Xả stress đi, đi dạo hay đấm gối cũng được. Bỏ qua cho nhẹ đầu nhé."
"Chời ơi sắp đến kỳ đánh giá cuối năm mà thành tích chưa đủ, run ko chịu được 😰",Lo âu,Công việc,"Nghe mình này nhé, Cảm giác không kiểm soát được mọi thứ thật sự khó chịu. Uống ly nước ấm, nghỉ một chút rồi tiếp tục. Mọi chuyện rồi sẽ ổn thôi!"
"Ae tư vấn giúp, bài thi dc điểm cao ngoài mong đợi thì nên làm sao? hạnh phúc quá 😆",Vui vẻ,Học tập,Đỉnh thật sự! Bao nhiêu cố gắng cuối cùng đã được đền đáp. Lưu lại khoảnh khắc này để sau nhìn lại vẫn còn thấy vui. Yomost lun nha!
"bất an ghê quá, gia đình hối thúc chuyện cưới xin",Lo âu,Tình cảm,"Bình tĩnh nào! Cảm giác bất an như vậy thật sự rất nặng nề. Chia nhỏ vấn đề ra, xử lý từng bước một nhé. Bước qua được rồi sẽ thấy mình lớn hơn đó."
bị hủy hẹn đi chơi phút chót k có lý do 😡,Tức giận,Tình cảm,"Hạ hỏa trước nào! Đúng là có những chuyện không thể bỏ qua được. Xả stress đi, đi dạo hay đấm gối cũng được. Thả lỏng ra nào!"
"Bạn cùng phòng trọ đe dọa và tấn công tôi, tôi không có chỗ nào để đi.",Bạo hành,Khủng hoảng,"Không ai được phép đối xử với bạn như vậy. Đây là thời điểm bạn cần tìm kiếm sự giúp đỡ ngay. Gọi Tổng đài 111 hoặc nếu đang nguy hiểm, gọi Cảnh sát 113 để được bảo vệ."
Thiệt tình tài khoản cạn tiền mà tháng còn dài. lo lắng thật sự 😥,Lo âu,Cuộc sống,Bình tĩnh nào! Cảm giác không kiểm soát được mọi thứ thật sự khó chịu. Nói chuyện với ai đó bạn tin tưởng — đôi khi chỉ cần kể ra là nhẹ hơn nhiều. Cố lên nha!
Thiệt tình chuẩn bị tỏ tình mà sợ bị từ chối. đổ mồ hôi hột 😱,Lo âu,Tình cảm,Bình tĩnh nào! Cảm giác không kiểm soát được mọi thứ thật sự khó chịu. Nói chuyện với ai đó bạn tin tưởng — đôi khi chỉ cần kể ra là nhẹ hơn nhiều. Đừng quá nghiêm khắc với bản thân nhé.
Thiệt tình ph làm bù việc của mấy đứa lười trong team. cay thật sự 🤬,Tức giận,Công việc,"Uống ngụm nước lạnh đi đã. Bực như vậy mà không nói gì mới lạ, bạn phản ứng bình thường thôi. Đợi nguôi rồi hẵng nói chuyện lại, lúc đó mới xử lý được bình tĩnh hơn. Thả lỏng ra nào!"
"Ae tư vấn giúp, chuẩn bị bảo vệ luận văn mà chưa ôn kỹ thì nên làm sao? lo lắng thật sự 😱",Lo âu,Học tập,Từ từ đã bạn ơi. Mình biết bạn đang cố gắng hết sức rồi. Nói chuyện với ai đó bạn tin tưởng — đôi khi chỉ cần kể ra là nhẹ hơn nhiều. Mọi chuyện rồi sẽ ổn thôi!
Thiệt tình sắp đến kỳ đóng tiền trọ mà lương chưa về. rén ngang huhu,Lo âu,Cuộc sống,"Bình tĩnh nào! Cảm giác bất an như vậy thật sự rất nặng nề. Uống ly nước ấm, nghỉ một chút rồi tiếp tục. Cố lên nha!"
"Muốn khóc quá, crush vừa công khai ng yêu mới 😢",Buồn bã,Tình cảm,"Lại đây tâm sự với mình nào. Cảm giác đó nặng nề lắm, bạn không sao cả. Bước ra ngoài đi dạo một chút, không khí tươi cũng giúp được phần nào. Mọi chuyện rồi sẽ qua thôi."
Tôi đang trải qua giai đoạn cực kỳ khó khăn và có suy nghĩ muốn tự làm hại bản thân.,Trầm cảm/Tuyệt vọng,Khủng hoảng,"Mình nghe bạn. Cảm giác kiệt sức và tuyệt vọng như vậy thật nặng nề. Nhưng đây là lúc bạn cần được hỗ trợ bởi chuyên gia. Gọi 1800 599 920 — họ sẽ lắng nghe bạn 24/7, hoàn toàn miễn phí."
"Sôi máu quá, xe hỏng giữa đường đúng lúc đang vội nhất 😡",Tức giận,Cuộc sống,"Thở ra đi, thở ra. Thiệt là củ chuối không chịu được. Hít thở sâu 10 cái rồi tính tiếp. Nghĩ chuyện vui cho đỡ tức nhé."
Thiệt tình đc thăng chức rùi. hạnh phúc quá 😎,Vui vẻ,Công việc,Wow xịn xò vậy! Kết quả này là thành quả xứng đáng từ nỗ lực của bạn. Tận hưởng khoảnh khắc này đến cùng nhé. Chúc bạn luôn giữ năng lượng tích cực!
"Ae tư vấn giúp, vừa chốt được hợp đồng lớn sau bao ngày nỗ lực thì nên làm sao? không thể tin dc 🥰",Vui vẻ,Công việc,Tuyệt vời quá! Bao nhiêu cố gắng cuối cùng đã được đền đáp. Cứ giữ phong độ và tiếp tục phát huy! Yomost lun nha!
được crush rủ đi chơi cuối tuần làm tự nhiên sướng rơn =)),Vui vẻ,Tình cảm,Chúc mừng bạn nhé 🎉 Cái cảm giác sau bao ngày chờ đợi giờ thành sự thật đỉnh lắm! Cứ giữ phong độ và tiếp tục phát huy! Tiến lên thôi!
"Tao bị bom hàng sau khi chờ cả tuần, muốn bùng cháy 😡",Tức giận,Cuộc sống,Hạ hỏa trước nào! Đúng là có những chuyện không thể bỏ qua được. Hít thở sâu 10 cái rồi tính tiếp. Nghĩ chuyện vui cho đỡ tức nhé.
Tôi đang bị bạo hành trong hôn nhân nhưng không có chỗ nào để đi.,Bạo hành,Khủng hoảng,"Bạn đang ở trong tình huống nguy hiểm và không ai có quyền bạo hành bạn. Gọi ngay Tổng đài 111 (miễn phí, 24/7) hoặc 1900 969 680 để được hỗ trợ. Nếu nguy hiểm tính mạng, gọi 113 ngay."
Thiệt tình phát hiện người yêu nói dối. cay thật sự 😡,Tức giận,Tình cảm,"Thở ra đi, thở ra. Thiệt là củ chuối không chịu được. Đừng vội phản ứng lúc này, giận quá dễ nói sai. Bỏ qua cho nhẹ đầu nhé."
Bị overthinking trước khi ngủ không tắt được làm tớ lo lắng thật sự 😭,Lo âu,Cuộc sống,"Ổn thôi bạn ơi, Mình biết bạn đang cố gắng hết sức rồi. Ghi ra giấy những gì đang lo, ưu tiên từng cái. Bước qua được rồi sẽ thấy mình lớn hơn đó."
"Tê tái quá, k ai trong nhóm bạn hiểu mình",Buồn bã,Cuộc sống,"Mình ở đây rồi, cứ nói ra đi. Những lúc như này mới thấy cuộc sống không phải lúc nào cũng dễ. Bật nhạc nhẹ hoặc xem phim cho khuây khỏa. Thời gian sẽ chữa lành mọi thứ."
"Chời ơi mới chia tay xong, cứ thấy trống rỗng, thất vọng toàn tập",Buồn bã,Tình cảm,Lại đây tâm sự với mình nào. Chuyện đó thật sự khiến người ta hụt hẫng nhiều. Bật nhạc nhẹ hoặc xem phim cho khuây khỏa. Thời gian sẽ chữa lành mọi thứ.
đang thi online thì rớt mạng mất cả bài làm má ơi điên máu 🤬,Tức giận,Học tập,Hạ hỏa trước nào! Sự bực bội của bạn hoàn toàn chính đáng. Viết ra hết cảm xúc bực bội vào giấy rồi xé đi — nhẹ lòng lắm đó. Bỏ qua cho nhẹ đầu nhé.
"Ae tư vấn giúp, hôm nay xử lý dc bug khó mà cả team đều bó tay thì nên làm sao? phê ✨",Vui vẻ,Công việc,Đỉnh thật sự! Bao nhiêu cố gắng cuối cùng đã được đền đáp. Chia sẻ tin này với người thân đi nào. Tiến lên thôi!
Thấy crush đi chơi vs người khác làm ủa mà bất an ghê 😰,Lo âu,Tình cảm,"Từ từ đã bạn ơi. Mình hiểu bạn đang lo lắng lắm. Chia nhỏ vấn đề ra, xử lý từng bước một nhé. Mọi chuyện rồi sẽ ổn thôi!"
gõ xong đoạn code dài mà cúp điện mất hết làm mình tức á 😤,Tức giận,Công việc,"Thở ra đi, thở ra. Nghe mà mình cũng thấy khó chịu theo, bạn có lý mà. Đợi nguôi rồi hẵng nói chuyện lại, lúc đó mới xử lý được bình tĩnh hơn. Nghĩ chuyện vui cho đỡ tức nhé."
"nay đi đường k bị tắc, đến nơi sớm hơn làm hôm nay ko thể tin được 🤩",Vui vẻ,Cuộc sống,Đỉnh thật sự! Niềm vui này xứng đáng được lan tỏa! Cứ giữ phong độ và tiếp tục phát huy! Yomost lun nha!
"Má ơi bạn cùng nhóm ko chịu đóng góp bài tập, cay thật sự 😤",Tức giận,Học tập,"Thở ra đi, thở ra. Sự bực bội của bạn hoàn toàn chính đáng. Viết ra hết cảm xúc bực bội vào giấy rồi xé đi — nhẹ lòng lắm đó. Bỏ qua cho nhẹ đầu nhé."
"Thiệt tình áp lực KPI tháng này cao quá, sợ ko đạt. hoang mang tột độ ...",Lo âu,Công việc,"Từ từ đã bạn ơi. Mình hiểu bạn đang lo lắng lắm. Uống ly nước ấm, nghỉ một chút rồi tiếp tục. Mình tin bạn sẽ vượt qua được."
chuẩn bị bảo vệ luận văn mà chưa ôn kỹ làm tự nhiên tim đập thình thịch 😱,Lo âu,Học tập,"Hít thở sâu vào nào. Mình hiểu bạn đang lo lắng lắm. Cứ làm hết sức mình, kết quả ra sao cũng không hối hận. Bước qua được rồi sẽ thấy mình lớn hơn đó."
bốc trúng phần thưởng to trong sự kiện làm dạo này sướng rơn 🤩,Vui vẻ,Cuộc sống,Đỉnh thật sự! Đúng là ngày may mắn của bạn rồi. Đây là động lực để bạn tiếp tục cố gắng những thứ khác nữa đó. Tiến lên thôi!
"Ae tư vấn giúp, ko ai trong nhóm bạn hiểu mình thì nên làm sao? buồn thiu 🥀",Buồn bã,Cuộc sống,"Thương bạn quá. Buồn như vậy là hoàn toàn bình thường, đừng cố kìm lại. Bật nhạc nhẹ hoặc xem phim cho khuây khỏa. Mình luôn ở đây lắng nghe."
Thiệt tình điểm bị chấm sai mà không được phúc khảo. sôi máu 😤,Tức giận,Học tập,"Hiểu sự bức xúc của bạn luôn! Gặp chuyện đó ai mà không điên tiết. Đợi nguôi rồi hẵng nói chuyện lại, lúc đó mới xử lý được bình tĩnh hơn. Mình tin bạn sẽ xử lý được thôi."
"Ae tư vấn giúp, nghĩ về tương lai thấy mông lung quá thì nên làm sao? lo lắng thật sự 😰",Lo âu,Cuộc sống,"Bình tĩnh nào! Lo âu kiểu này ai cũng hiểu, đừng tự trách bản thân nhé. Chia nhỏ vấn đề ra, xử lý từng bước một nhé. Mọi chuyện rồi sẽ ổn thôi!"
"Tôi là nam giới bị vợ bạo hành, xã hội không ai tin nên tôi không dám nói.",Bạo hành,Khủng hoảng,Điều bạn mô tả là bạo hành và bạn hoàn toàn có quyền được bảo vệ. Hãy liên hệ 1900 969 680 (hỗ trợ phụ nữ & trẻ em) hoặc Tổng đài 111 ngay. Họ sẽ giúp bạn thoát khỏi tình huống này.
"Thiệt tình team bị giảm nhân sự, mình phải gánh thêm việc. run không chịu được 😰",Lo âu,Công việc,"Ổn thôi bạn ơi, Cảm giác không kiểm soát được mọi thứ thật sự khó chịu. Tắt thông báo điện thoại một lúc, tập trung vào đúng 1 việc thôi. Mọi chuyện rồi sẽ ổn thôi!"
"Sướng rơn quá, lương về rồi, phát điên ✨",Vui vẻ,Cuộc sống,Đỉnh thật sự! Bao nhiêu cố gắng cuối cùng đã được đền đáp. Nhớ tự thưởng một chầu ăn ngon nhé. Quá xá đã!
"vui xỉu quá, bốc trúng phần thưởng to trong sự kiện 😎",Vui vẻ,Cuộc sống,Tuyệt vời quá! Thấy bạn vui mình cũng phấn chấn theo. Chia sẻ tin này với người thân đi nào. Tiến lên thôi!
"Hoang mang tột độ quá, áp lực đồng trang lứa học giỏi hơn mình quá nhiều ...",Lo âu,Học tập,"Hít thở sâu vào nào. Lo âu kiểu này ai cũng hiểu, đừng tự trách bản thân nhé. Ghi ra giấy những gì đang lo, ưu tiên từng cái. Mọi chuyện rồi sẽ ổn thôi!"
"Ủa mà khối lượng công việc nhiều quá, không bt bắt đầu từ đâu, bất an ghê ...",Lo âu,Công việc,"Ổn thôi bạn ơi, Áp lực như vậy ai gặp cũng rén thôi, bạn không có gì sai cả. Ghi ra giấy những gì đang lo, ưu tiên từng cái. Mình tin bạn sẽ vượt qua được."
Thiệt tình chuẩn bị thuyết trình trước công ty mà cảm thấy chưa sẵn sàng. hoang mang tột độ 😰,Lo âu,Công việc,"Bình tĩnh nào! Mình biết bạn đang cố gắng hết sức rồi. Cứ làm hết sức mình, kết quả ra sao cũng không hối hận. Cố lên nha!"
"Mình ăn dc món ngon đúng ý sau bao ngày thèm, yêu đời hẳn",Vui vẻ,Cuộc sống,Wow xịn xò vậy! Đúng là ngày may mắn của bạn rồi. Cứ giữ phong độ và tiếp tục phát huy! Tiến lên thôi!
"Tớ lo lắng không biết mối quan hệ này có tương lai không, tim đập thình thịch 😭",Lo âu,Tình cảm,"Ổn thôi bạn ơi, Áp lực như vậy ai gặp cũng rén thôi, bạn không có gì sai cả. Tắt thông báo điện thoại một lúc, tập trung vào đúng 1 việc thôi. Mình tin bạn sẽ vượt qua được."
"Ae tư vấn giúp, nhắn tin cả ngày mà kh thèm đọc nhưng vẫn online thì nên làm sao? giận tím người",Tức giận,Tình cảm,"Thở ra đi, thở ra. Sự bực bội của bạn hoàn toàn chính đáng. Đừng vội phản ứng lúc này, giận quá dễ nói sai. Đừng để chuyện bực mình làm hỏng cả ngày."
Thiệt tình cảm giác bị tụt hậu so vs bạn bè đồng trang lứa. run ko chịu dc 😰,Lo âu,Cuộc sống,"Hít thở sâu vào nào. Lo âu kiểu này ai cũng hiểu, đừng tự trách bản thân nhé. Thử đặt deadline nhỏ cho từng việc, đừng nhìn cả đống cùng lúc. Đừng quá nghiêm khắc với bản thân nhé."
Thiệt tình sắp tới deadline mà chưa làm dc chữ nào. rén ngang,Lo âu,Công việc,Hít thở sâu vào nào. Mình hiểu bạn đang lo lắng lắm. Nói chuyện với ai đó bạn tin tưởng — đôi khi chỉ cần kể ra là nhẹ hơn nhiều. Đừng quá nghiêm khắc với bản thân nhé.
"Ae tư vấn giúp, đang thi online thì rớt mạng mất cả bài thì nên làm sao? tức á",Tức giận,Học tập,"Uống ngụm nước lạnh đi đã. Nghe mà mình cũng thấy khó chịu theo, bạn có lý mà. Đừng vội phản ứng lúc này, giận quá dễ nói sai. Thả lỏng ra nào!"
"Ae ơi chi tiêu tháng này lố quá, k bt xoay sở sao, lo lắng thật sự 😥",Lo âu,Cuộc sống,"Ổn thôi bạn ơi, Cảm giác bất an như vậy thật sự rất nặng nề. Cứ làm hết sức mình, kết quả ra sao cũng không hối hận. Bước qua được rồi sẽ thấy mình lớn hơn đó."
Xe hỏng giữa đường đúng lúc đang vội nhất 😡,Tức giận,Cuộc sống,"Hạ hỏa trước nào! Bực như vậy mà không nói gì mới lạ, bạn phản ứng bình thường thôi. Đợi nguôi rồi hẵng nói chuyện lại, lúc đó mới xử lý được bình tĩnh hơn. Thả lỏng ra nào!"
Bị overthinking trước khi ngủ không tắt được ...,Lo âu,Cuộc sống,Bình tĩnh nào! Mình hiểu bạn đang lo lắng lắm. Nói chuyện với ai đó bạn tin tưởng — đôi khi chỉ cần kể ra là nhẹ hơn nhiều. Mọi chuyện rồi sẽ ổn thôi!
"Hôm nay mới nghỉ việc xong chưa bt làm gì tiếp, lo lắng thật sự huhu",Lo âu,Công việc,Bình tĩnh nào! Mình hiểu bạn đang lo lắng lắm. Nói chuyện với ai đó bạn tin tưởng — đôi khi chỉ cần kể ra là nhẹ hơn nhiều. Cố lên nha!
"bất an ghê quá, không biết cách tiết kiệm tiền hiệu quả",Lo âu,Cuộc sống,"Hít thở sâu vào nào. Mình hiểu bạn đang lo lắng lắm. Thử đặt deadline nhỏ cho từng việc, đừng nhìn cả đống cùng lúc. Bước qua được rồi sẽ thấy mình lớn hơn đó."
"Tức á quá, đang đi đường thì bị xe tạt nước vào ng 💢",Tức giận,Cuộc sống,"Nghe mà tức dùm á 😡 Nghe mà mình cũng thấy khó chịu theo, bạn có lý mà. Hít thở sâu 10 cái rồi tính tiếp. Mình tin bạn sẽ xử lý được thôi."
ng yêu liên tục đến trễ mà không xin lỗi làm tự nhiên sôi máu 💢,Tức giận,Tình cảm,"Nghe mà tức dùm á 😡 Thiệt là củ chuối không chịu được. Đừng vội phản ứng lúc này, giận quá dễ nói sai. Mình tin bạn sẽ xử lý được thôi."
"Ae tư vấn giúp, cảm thấy mình kh xứng với người ta thì nên làm sao? tê tái haiz",Buồn bã,Tình cảm,"Thương bạn quá. Cảm giác đó nặng nề lắm, bạn không sao cả. Bật nhạc nhẹ hoặc xem phim cho khuây khỏa. Mình luôn ở đây lắng nghe."
pass môn khó nhất học kỳ r làm hôm nay vui xỉu 🎉,Vui vẻ,Học tập,Tuyệt vời quá! Bao nhiêu cố gắng cuối cùng đã được đền đáp. Cứ giữ phong độ và tiếp tục phát huy! Quá xá đã!
"không thể tin dc quá, pass môn khó nhất học kỳ r ✨",Vui vẻ,Học tập,Nghe mà vui lây luôn! Bao nhiêu cố gắng cuối cùng đã được đền đáp. Cứ giữ phong độ và tiếp tục phát huy! Quá xá đã!
"Ae tư vấn giúp, khách hàng dời lịch họp sát giờ mà kh báo trước thì nên làm sao? điên máu 😤",Tức giận,Công việc,Uống ngụm nước lạnh đi đã. Thiệt là củ chuối không chịu được. Hít thở sâu 10 cái rồi tính tiếp. Đừng để chuyện bực mình làm hỏng cả ngày.
bị rớt môn dù đã cố gắng học 💔,Buồn bã,Học tập,"Ôm bạn một cái nha. Ai gặp phải cũng đau lòng thôi, bạn không có gì sai. Buồn thì cứ khóc ra cho nhẹ lòng, đừng cố nuốt vào. Thời gian sẽ chữa lành mọi thứ."
bị overthinking trước khi ngủ không tắt được làm ủa mà hoang mang tột độ 😰,Lo âu,Cuộc sống,"Bình tĩnh nào! Mình biết bạn đang cố gắng hết sức rồi. Ghi ra giấy những gì đang lo, ưu tiên từng cái. Cố lên nha!"
"không thể tin đc quá, khách hàng gửi email khen ngợi sản phẩm của mình 🤩",Vui vẻ,Công việc,Đỉnh thật sự! Niềm vui này xứng đáng được lan tỏa! Nhớ tự thưởng một chầu ăn ngon nhé. Yomost lun nha!
"hồi hộp quá quá, không biết cách tiết kiệm tiền hiệu quả 😰",Lo âu,Cuộc sống,"Hít thở sâu vào nào. Mình biết bạn đang cố gắng hết sức rồi. Thử đặt deadline nhỏ cho từng việc, đừng nhìn cả đống cùng lúc. Bước qua được rồi sẽ thấy mình lớn hơn đó."
"tim đập thình thịch quá, lo lắng không bt mối quan hệ này có tương lai k",Lo âu,Tình cảm,"Hít thở sâu vào nào. Mình hiểu bạn đang lo lắng lắm. Uống ly nước ấm, nghỉ một chút rồi tiếp tục. Mọi chuyện rồi sẽ ổn thôi!"
Thiệt tình crush vừa công khai người yêu mới. buồn thiu haiz,Buồn bã,Tình cảm,"Thương bạn quá. Ai gặp phải cũng đau lòng thôi, bạn không có gì sai. Buồn thì cứ khóc ra cho nhẹ lòng, đừng cố nuốt vào. Mình luôn ở đây lắng nghe."
"Ae tư vấn giúp, điểm bị chấm sai mà không đc phúc khảo thì nên làm sao? muốn bùng cháy",Tức giận,Học tập,"Uống ngụm nước lạnh đi đã. Đúng là có những chuyện không thể bỏ qua được. Đợi nguôi rồi hẵng nói chuyện lại, lúc đó mới xử lý được bình tĩnh hơn. Mình tin bạn sẽ xử lý được thôi."
"Ae tư vấn giúp, nhắn tin cả ngày mà không thèm đọc nhưng vẫn online thì nên làm sao? giận tím ng 🙄",Tức giận,Tình cảm,"Hạ hỏa trước nào! Nghe mà mình cũng thấy khó chịu theo, bạn có lý mà. Hít thở sâu 10 cái rồi tính tiếp. Bỏ qua cho nhẹ đầu nhé."
Đc thăng chức r =)),Vui vẻ,Công việc,Nghe mà vui lây luôn! Thấy bạn vui mình cũng phấn chấn theo. Đây là động lực để bạn tiếp tục cố gắng những thứ khác nữa đó. Yomost lun nha!
"Ae tư vấn giúp, chờ mãi k thấy người ấy rep tin nhắn thì nên làm sao? hồi hộp quá 😭",Lo âu,Tình cảm,"Từ từ đã bạn ơi. Mình biết bạn đang cố gắng hết sức rồi. Chia nhỏ vấn đề ra, xử lý từng bước một nhé. Cố lên nha!"
"Cay thật sự quá, bị bom hàng sau khi chờ cả tuần 🤬",Tức giận,Cuộc sống,"Thở ra đi, thở ra. Sự bực bội của bạn hoàn toàn chính đáng. Đợi nguôi rồi hẵng nói chuyện lại, lúc đó mới xử lý được bình tĩnh hơn. Mình tin bạn sẽ xử lý được thôi."
bị rớt môn dù đã cố gắng học làm hôm nay buồn thiu 😔,Buồn bã,Học tập,"Lại đây tâm sự với mình nào. Cảm giác đó nặng nề lắm, bạn không sao cả. Cứ cho phép bản thân nghỉ ngơi vài ngày. Ngày mai trời sẽ sáng hơn hôm nay."
Thiệt tình lo lắng không biết mối quan hệ này có tương lai không. hồi hộp quá,Lo âu,Tình cảm,Bình tĩnh nào! Mình hiểu bạn đang lo lắng lắm. Nói chuyện với ai đó bạn tin tưởng — đôi khi chỉ cần kể ra là nhẹ hơn nhiều. Mình tin bạn sẽ vượt qua được.
Thiệt tình kh biết người ấy có thật sự thích mình không. hồi hộp quá 😥,Lo âu,Tình cảm,"Ổn thôi bạn ơi, Lo âu kiểu này ai cũng hiểu, đừng tự trách bản thân nhé. Ghi ra giấy những gì đang lo, ưu tiên từng cái. Mọi chuyện rồi sẽ ổn thôi!"
Sắp thi mà chưa học chữ nào làm tớ đổ mồ hôi hột 😰,Lo âu,Học tập,"Ổn thôi bạn ơi, Lo âu kiểu này ai cũng hiểu, đừng tự trách bản thân nhé. Uống ly nước ấm, nghỉ một chút rồi tiếp tục. Đừng quá nghiêm khắc với bản thân nhé."
Thiệt tình vừa chốt được hợp đồng lớn sau bao ngày nỗ lực. không thể tin được 🤩,Vui vẻ,Công việc,Chúc mừng bạn nhé 🎉 Đúng là ngày may mắn của bạn rồi. Tận hưởng khoảnh khắc này đến cùng nhé. Yomost lun nha!
Điểm bị chấm sai mà không được phúc khảo 🤬,Tức giận,Học tập,"Hiểu sự bức xúc của bạn luôn! Đúng là có những chuyện không thể bỏ qua được. Xả stress đi, đi dạo hay đấm gối cũng được. Nghĩ chuyện vui cho đỡ tức nhé."
"hồi hộp quá quá, sắp đến kỳ đánh giá cuối năm mà thành tích chưa đủ 🥲",Lo âu,Công việc,"Bình tĩnh nào! Lo âu kiểu này ai cũng hiểu, đừng tự trách bản thân nhé. Tắt thông báo điện thoại một lúc, tập trung vào đúng 1 việc thôi. Mọi chuyện rồi sẽ ổn thôi!"
"Chời ơi cảm thấy cô đơn lạc lõng giữa đám đông, buồn thiu 🥀",Buồn bã,Cuộc sống,"Ôm bạn một cái nha. Cảm giác đó nặng nề lắm, bạn không sao cả. Gọi cho bạn thân trút bầu tâm sự nha. Mình luôn ở đây lắng nghe."
"cay thật sự quá, bạn cùng nhóm ko chịu đóng góp bài tập 😡",Tức giận,Học tập,"Hạ hỏa trước nào! Bực như vậy mà không nói gì mới lạ, bạn phản ứng bình thường thôi. Đợi nguôi rồi hẵng nói chuyện lại, lúc đó mới xử lý được bình tĩnh hơn. Mình tin bạn sẽ xử lý được thôi."
"Ae tư vấn giúp, k hòa nhập đc với văn hóa công ty mới thì nên làm sao? tê tái 💔",Buồn bã,Công việc,"Lại đây tâm sự với mình nào. Buồn như vậy là hoàn toàn bình thường, đừng cố kìm lại. Bật nhạc nhẹ hoặc xem phim cho khuây khỏa. Thời gian sẽ chữa lành mọi thứ."
mình đang tự làm đau bản thân vì không biết cách nào để xả ra,Trầm cảm/Tuyệt vọng,Khủng hoảng,"Mình hiểu bạn đang rất mệt mỏi và không còn thấy lối thoát. Nhưng cảm giác này có thể thay đổi khi có sự hỗ trợ đúng cách. Gọi 1800 599 920 — chuyên gia sẽ giúp bạn ngay, miễn phí 24/7."
"Ủa mà điểm bị chấm sai mà không đc phúc khảo, sôi máu 😤",Tức giận,Học tập,Nghe mà tức dùm á 😡 Đúng là có những chuyện không thể bỏ qua được. Hít thở sâu 10 cái rồi tính tiếp. Nghĩ chuyện vui cho đỡ tức nhé.
"Ae tư vấn giúp, cãi nhau với ng yêu, không biết có ổn k thì nên làm sao? thất vọng toàn tập",Buồn bã,Tình cảm,"Mình ở đây rồi, cứ nói ra đi. Buồn như vậy là hoàn toàn bình thường, đừng cố kìm lại. Bước ra ngoài đi dạo một chút, không khí tươi cũng giúp được phần nào. Mình luôn ở đây lắng nghe."
"Ae tư vấn giúp, cảm giác bị tụt hậu so vs bạn bè đồng trang lứa thì nên làm sao? lo lắng thật sự 😥",Lo âu,Cuộc sống,"Hít thở sâu vào nào. Mình hiểu bạn đang lo lắng lắm. Thử đặt deadline nhỏ cho từng việc, đừng nhìn cả đống cùng lúc. Mình tin bạn sẽ vượt qua được."
Không hòa nhập được với văn hóa công ty mới làm chời ơi tê tái haiz,Buồn bã,Công việc,"Thương bạn quá. Buồn như vậy là hoàn toàn bình thường, đừng cố kìm lại. Bật nhạc nhẹ hoặc xem phim cho khuây khỏa. Mọi chuyện rồi sẽ qua thôi."
Thiệt tình điểm bị chấm sai mà k đc phúc khảo. giận tím ng 😤,Tức giận,Học tập,"Thở ra đi, thở ra. Đúng là có những chuyện không thể bỏ qua được. Bơ đi mà sống, để bụng chỉ tổ mệt mình. Đừng để chuyện bực mình làm hỏng cả ngày."
"Ae tư vấn giúp, ph làm bù việc của mấy đứa lười trong team thì nên làm sao? cay thật sự 💢",Tức giận,Công việc,"Nghe mà tức dùm á 😡 Bực như vậy mà không nói gì mới lạ, bạn phản ứng bình thường thôi. Hít thở sâu 10 cái rồi tính tiếp. Mình tin bạn sẽ xử lý được thôi."
"Thiệt tình team bị giảm nhân sự, mình ph gánh thêm việc. hồi hộp quá 😰",Lo âu,Công việc,"Ổn thôi bạn ơi, Cảm giác không kiểm soát được mọi thứ thật sự khó chịu. Thử đặt deadline nhỏ cho từng việc, đừng nhìn cả đống cùng lúc. Mình tin bạn sẽ vượt qua được."
"Rén ngang quá, bị giao dự án mới mà chưa có kinh nghiệm gì",Lo âu,Công việc,"Bình tĩnh nào! Cảm giác không kiểm soát được mọi thứ thật sự khó chịu. Thử đặt deadline nhỏ cho từng việc, đừng nhìn cả đống cùng lúc. Mình tin bạn sẽ vượt qua được."
tài khoản cạn tiền mà tháng còn dài làm hôm nay đổ mồ hôi hột 😭,Lo âu,Cuộc sống,"Ổn thôi bạn ơi, Mình biết bạn đang cố gắng hết sức rồi. Ghi ra giấy những gì đang lo, ưu tiên từng cái. Cố lên nha!"
xe hỏng giữa đường đúng lúc đang vội nhất làm tui cay thật sự 🔥,Tức giận,Cuộc sống,"Nghe mà tức dùm á 😡 Nghe mà mình cũng thấy khó chịu theo, bạn có lý mà. Hít thở sâu 10 cái rồi tính tiếp. Đừng để chuyện bực mình làm hỏng cả ngày."
bài thi được điểm cao ngoài mong đợi ✨,Vui vẻ,Học tập,Wow xịn xò vậy! Đúng là ngày may mắn của bạn rồi. Tận hưởng khoảnh khắc này đến cùng nhé. Tiến lên thôi!
"Má ơi mới chia tay xong, cứ thấy trống rỗng, muốn khóc",Buồn bã,Tình cảm,"Thương bạn quá. Buồn như vậy là hoàn toàn bình thường, đừng cố kìm lại. Đừng thu mình lại, có mình ở đây mà. Mạnh lên nghen!"
Thiệt tình trời mưa tự nhiên nhớ ng yêu cũ. buồn thiu,Buồn bã,Tình cảm,"Thương bạn quá. Buồn như vậy là hoàn toàn bình thường, đừng cố kìm lại. Buồn thì cứ khóc ra cho nhẹ lòng, đừng cố nuốt vào. Ngày mai trời sẽ sáng hơn hôm nay."
dc thăng chức rùi làm chời ơi phê 🎉,Vui vẻ,Công việc,Wow xịn xò vậy! Cái cảm giác sau bao ngày chờ đợi giờ thành sự thật đỉnh lắm! Chia sẻ tin này với người thân đi nào. Mình tự hào về bạn lắm!
"Thất nghiệp 1 năm, tiết kiệm hết, không dám về nhà. Nghĩ đến kết thúc.",Trầm cảm/Tuyệt vọng,Khủng hoảng,"Nghe bạn nói điều này, mình rất muốn bạn được an toàn. Hãy nhờ người thân đưa bạn đến cơ sở y tế hoặc gọi 1800 599 920 ngay nhé. Cuộc sống của bạn có ý nghĩa hơn bạn nghĩ."
"Ae tư vấn giúp, gia đình hối thúc chuyện cưới xin thì nên làm sao? bất an ghê 😰",Lo âu,Tình cảm,"Từ từ đã bạn ơi. Cảm giác không kiểm soát được mọi thứ thật sự khó chịu. Chia nhỏ vấn đề ra, xử lý từng bước một nhé. Mình tin bạn sẽ vượt qua được."
"Mình bị overthinking trước khi ngủ không tắt được, bất an ghê 😰",Lo âu,Cuộc sống,"Từ từ đã bạn ơi. Lo âu kiểu này ai cũng hiểu, đừng tự trách bản thân nhé. Ghi ra giấy những gì đang lo, ưu tiên từng cái. Cố lên nha!"
"Chời ơi lương về rùi, phát điên, vui xỉu",Vui vẻ,Cuộc sống,Đỉnh thật sự! Cái cảm giác sau bao ngày chờ đợi giờ thành sự thật đỉnh lắm! Chia sẻ tin này với người thân đi nào. Mình tự hào về bạn lắm!
"Ae tư vấn giúp, kh bt người ấy có thật sự thích mình không thì nên làm sao? hồi hộp quá 🥲",Lo âu,Tình cảm,"Nghe mình này nhé, Mình biết bạn đang cố gắng hết sức rồi. Nói chuyện với ai đó bạn tin tưởng — đôi khi chỉ cần kể ra là nhẹ hơn nhiều. Cố lên nha!"
"phấn khích quá, bài thi dc điểm cao ngoài mong đợi",Vui vẻ,Học tập,Đỉnh thật sự! Cái cảm giác sau bao ngày chờ đợi giờ thành sự thật đỉnh lắm! Tận hưởng khoảnh khắc này đến cùng nhé. Tiến lên thôi!
Thiệt tình kh ai trong nhóm bạn hiểu mình. muốn khóc 😢,Buồn bã,Cuộc sống,"Thương bạn quá. Cảm giác đó nặng nề lắm, bạn không sao cả. Gọi cho bạn thân trút bầu tâm sự nha. Mạnh lên nghen!"
Thiệt tình lo lắng không biết mối quan hệ này có tương lai không. hồi hộp quá huhu,Lo âu,Tình cảm,"Hít thở sâu vào nào. Cảm giác bất an như vậy thật sự rất nặng nề. Chia nhỏ vấn đề ra, xử lý từng bước một nhé. Bước qua được rồi sẽ thấy mình lớn hơn đó."
"rén ngang quá, sắp thi mà chưa học chữ nào 😥",Lo âu,Học tập,"Từ từ đã bạn ơi. Cảm giác bất an như vậy thật sự rất nặng nề. Cứ làm hết sức mình, kết quả ra sao cũng không hối hận. Đừng quá nghiêm khắc với bản thân nhé."
"Tui không ai trong nhóm bạn hiểu mình, tủi thân 😔",Buồn bã,Cuộc sống,"Thương bạn quá. Ai gặp phải cũng đau lòng thôi, bạn không có gì sai. Đừng thu mình lại, có mình ở đây mà. Mạnh lên nghen!"
"Ae tư vấn giúp, bị overthinking trước khi ngủ kh tắt dc thì nên làm sao? hồi hộp quá 😰",Lo âu,Cuộc sống,"Ổn thôi bạn ơi, Mình hiểu bạn đang lo lắng lắm. Cứ làm hết sức mình, kết quả ra sao cũng không hối hận. Mình tin bạn sẽ vượt qua được."
Trời mưa tự nhiên nhớ người yêu cũ,Buồn bã,Tình cảm,Lại đây tâm sự với mình nào. Chuyện đó thật sự khiến người ta hụt hẫng nhiều. Bật nhạc nhẹ hoặc xem phim cho khuây khỏa. Mọi chuyện rồi sẽ qua thôi.
bị sếp la trước mặt cả phòng làm dạo này buồn thiu 🥀,Buồn bã,Công việc,"Lại đây tâm sự với mình nào. Ai gặp phải cũng đau lòng thôi, bạn không có gì sai. Bước ra ngoài đi dạo một chút, không khí tươi cũng giúp được phần nào. Mọi chuyện rồi sẽ qua thôi."
khách hàng dời lịch họp sát giờ mà k báo trước làm ae ơi tức á 🤬,Tức giận,Công việc,"Hiểu sự bức xúc của bạn luôn! Nghe mà mình cũng thấy khó chịu theo, bạn có lý mà. Viết ra hết cảm xúc bực bội vào giấy rồi xé đi — nhẹ lòng lắm đó. Thả lỏng ra nào!"
Thiệt tình chờ mãi k thấy người ấy rep tin nhắn. bất an ghê ...,Lo âu,Tình cảm,"Ổn thôi bạn ơi, Cảm giác bất an như vậy thật sự rất nặng nề. Chia nhỏ vấn đề ra, xử lý từng bước một nhé. Mình tin bạn sẽ vượt qua được."
Vừa chốt được hợp đồng lớn sau bao ngày nỗ lực làm mn ơi hạnh phúc quá 😎,Vui vẻ,Công việc,Chúc mừng bạn nhé 🎉 Cái cảm giác sau bao ngày chờ đợi giờ thành sự thật đỉnh lắm! Đây là động lực để bạn tiếp tục cố gắng những thứ khác nữa đó. Yomost lun nha!
"Ae tư vấn giúp, điểm thi thử thấp quá, sợ thi thật sẽ tệ hơn thì nên làm sao? hoang mang tột độ huhu",Lo âu,Học tập,"Ổn thôi bạn ơi, Cảm giác bất an như vậy thật sự rất nặng nề. Nói chuyện với ai đó bạn tin tưởng — đôi khi chỉ cần kể ra là nhẹ hơn nhiều. Cố lên nha!"
"rén ngang quá, ko biết người ấy có thật sự thích mình không 😥",Lo âu,Tình cảm,"Hít thở sâu vào nào. Mình biết bạn đang cố gắng hết sức rồi. Cứ làm hết sức mình, kết quả ra sao cũng không hối hận. Bước qua được rồi sẽ thấy mình lớn hơn đó."
"Tui đồ án bị bắt làm lại từ đầu vì lý do mơ hồ, điên máu 😤",Tức giận,Học tập,"Hạ hỏa trước nào! Bực như vậy mà không nói gì mới lạ, bạn phản ứng bình thường thôi. Hít thở sâu 10 cái rồi tính tiếp. Bỏ qua cho nhẹ đầu nhé."
Bị hủy hẹn đi chơi phút chót không có lý do làm chời ơi cay thật sự 🙄,Tức giận,Tình cảm,Nghe mà tức dùm á 😡 Thiệt là củ chuối không chịu được. Hít thở sâu 10 cái rồi tính tiếp. Mình tin bạn sẽ xử lý được thôi.
Người yêu liên tục đến trễ mà k xin lỗi làm chời ơi giận tím ng 🤬,Tức giận,Tình cảm,"Uống ngụm nước lạnh đi đã. Thiệt là củ chuối không chịu được. Đừng vội phản ứng lúc này, giận quá dễ nói sai. Nghĩ chuyện vui cho đỡ tức nhé."
"Thiệt tình khối lượng công việc nhiều quá, kh bt bắt đầu từ đâu. lo lắng thật sự huhu",Lo âu,Công việc,"Nghe mình này nhé, Lo âu kiểu này ai cũng hiểu, đừng tự trách bản thân nhé. Thử đặt deadline nhỏ cho từng việc, đừng nhìn cả đống cùng lúc. Mọi chuyện rồi sẽ ổn thôi!"
Thiệt tình khách hàng dời lịch họp sát giờ mà ko báo trước. muốn bùng cháy,Tức giận,Công việc,"Nghe mà tức dùm á 😡 Bực như vậy mà không nói gì mới lạ, bạn phản ứng bình thường thôi. Đừng vội phản ứng lúc này, giận quá dễ nói sai. Mình tin bạn sẽ xử lý được thôi."
"bất an ghê quá, tài khoản cạn tiền mà tháng còn dài 😭",Lo âu,Cuộc sống,"Từ từ đã bạn ơi. Mình biết bạn đang cố gắng hết sức rồi. Chia nhỏ vấn đề ra, xử lý từng bước một nhé. Mình tin bạn sẽ vượt qua được."
Điểm bị chấm sai mà không đc phúc khảo 💢,Tức giận,Học tập,"Hiểu sự bức xúc của bạn luôn! Sự bực bội của bạn hoàn toàn chính đáng. Bơ đi mà sống, để bụng chỉ tổ mệt mình. Bỏ qua cho nhẹ đầu nhé."
"Tui vừa chốt được hợp đồng lớn sau bao ngày nỗ lực, sướng rơn 🤩",Vui vẻ,Công việc,Đỉnh thật sự! Cái cảm giác sau bao ngày chờ đợi giờ thành sự thật đỉnh lắm! Cứ giữ phong độ và tiếp tục phát huy! Mình tự hào về bạn lắm!
"Thiệt tình điểm thi thử thấp quá, sợ thi thật sẽ tệ hơn. run không chịu đc ...",Lo âu,Học tập,"Hít thở sâu vào nào. Mình hiểu bạn đang lo lắng lắm. Uống ly nước ấm, nghỉ một chút rồi tiếp tục. Cố lên nha!"
"Tôi muốn biến mất khỏi thế giới này, tôi đang rất kiệt sức.",Trầm cảm/Tuyệt vọng,Khủng hoảng,"Điều bạn chia sẻ khiến mình rất lo lắng cho bạn. Xin đừng làm hại bản thân nhé. Có người luôn sẵn sàng giúp bạn — hãy gọi 1800 599 920 ngay bây giờ, miễn phí và bảo mật hoàn toàn."
"Tự nhiên cảm thấy cô đơn lạc lõng giữa đám đông, tê tái 😔",Buồn bã,Cuộc sống,"Chia buồn cùng bạn. Mình rất tiếc khi nghe điều này. Bước ra ngoài đi dạo một chút, không khí tươi cũng giúp được phần nào. Mình luôn ở đây lắng nghe."
Thiệt tình đã dặn không ăn hành mà vẫn bỏ nguyên đống vào. cay thật sự 🙄,Tức giận,Cuộc sống,"Uống ngụm nước lạnh đi đã. Nghe mà mình cũng thấy khó chịu theo, bạn có lý mà. Đừng vội phản ứng lúc này, giận quá dễ nói sai. Mình tin bạn sẽ xử lý được thôi."
"vui xỉu quá, khách hàng gửi email khen ngợi sản phẩm của mình",Vui vẻ,Công việc,Chúc mừng bạn nhé 🎉 Đúng là ngày may mắn của bạn rồi. Đây là động lực để bạn tiếp tục cố gắng những thứ khác nữa đó. Mình tự hào về bạn lắm!
"Ae tư vấn giúp, khách hàng dời lịch họp sát giờ mà không báo trước thì nên làm sao? điên máu 💢",Tức giận,Công việc,"Uống ngụm nước lạnh đi đã. Sự bực bội của bạn hoàn toàn chính đáng. Đợi nguôi rồi hẵng nói chuyện lại, lúc đó mới xử lý được bình tĩnh hơn. Bỏ qua cho nhẹ đầu nhé."
"Mn ơi đã dặn ko ăn hành mà vẫn bỏ nguyên đống vào, tức á 🙄",Tức giận,Cuộc sống,"Uống ngụm nước lạnh đi đã. Bực như vậy mà không nói gì mới lạ, bạn phản ứng bình thường thôi. Hít thở sâu 10 cái rồi tính tiếp. Mình tin bạn sẽ xử lý được thôi."
đồ án bị bắt làm lại từ đầu vì lý do mơ hồ làm má ơi muốn bùng cháy 😤,Tức giận,Học tập,Hạ hỏa trước nào! Đúng là có những chuyện không thể bỏ qua được. Hít thở sâu 10 cái rồi tính tiếp. Bỏ qua cho nhẹ đầu nhé.
"Tức á quá, bị đồng nghiệp đổ lỗi cho mình trước mặt sếp 😤",Tức giận,Công việc,Hạ hỏa trước nào! Đúng là có những chuyện không thể bỏ qua được. Hít thở sâu 10 cái rồi tính tiếp. Đừng để chuyện bực mình làm hỏng cả ngày.
Thiệt tình áp lực đồng trang lứa học giỏi hơn mình quá nhiều. hoang mang tột độ,Lo âu,Học tập,"Ổn thôi bạn ơi, Lo âu kiểu này ai cũng hiểu, đừng tự trách bản thân nhé. Cứ làm hết sức mình, kết quả ra sao cũng không hối hận. Đừng quá nghiêm khắc với bản thân nhé."
Điểm bị chấm sai mà ko được phúc khảo 😤,Tức giận,Học tập,"Nghe mà tức dùm á 😡 Thiệt là củ chuối không chịu được. Đợi nguôi rồi hẵng nói chuyện lại, lúc đó mới xử lý được bình tĩnh hơn. Nghĩ chuyện vui cho đỡ tức nhé."
nhìn cảnh nhà người ta hạnh phúc mà tủi thân làm dạo này chán nản thật sự,Buồn bã,Cuộc sống,"Chia buồn cùng bạn. Mình rất tiếc khi nghe điều này. Buồn thì cứ khóc ra cho nhẹ lòng, đừng cố nuốt vào. Ngày mai trời sẽ sáng hơn hôm nay."
Bạn mượn tiền lâu rùi mà cứ quên trả,Tức giận,Cuộc sống,"Nghe mà tức dùm á 😡 Bực như vậy mà không nói gì mới lạ, bạn phản ứng bình thường thôi. Bơ đi mà sống, để bụng chỉ tổ mệt mình. Bỏ qua cho nhẹ đầu nhé."
"Chời ơi bị rớt môn dù đã cố gắng học, buồn thiu 😞",Buồn bã,Học tập,"Thương bạn quá. Ai gặp phải cũng đau lòng thôi, bạn không có gì sai. Bật nhạc nhẹ hoặc xem phim cho khuây khỏa. Mạnh lên nghen!"
"Không ai hiểu tôi đang trải qua điều gì, tôi cảm thấy hoàn toàn cô đơn.",Trầm cảm/Tuyệt vọng,Khủng hoảng,"Điều bạn chia sẻ khiến mình rất lo lắng cho bạn. Xin đừng làm hại bản thân nhé. Có người luôn sẵn sàng giúp bạn — hãy gọi 1800 599 920 ngay bây giờ, miễn phí và bảo mật hoàn toàn."
"Ae tư vấn giúp, hai đứa vừa giải quyết được hiểu lầm hồi lâu thì nên làm sao? vui xỉu 🥰",Vui vẻ,Tình cảm,Wow xịn xò vậy! Bao nhiêu cố gắng cuối cùng đã được đền đáp. Đây là động lực để bạn tiếp tục cố gắng những thứ khác nữa đó. Quá xá đã!
"Tui nay đi đường không bị tắc, đến nơi sớm hơn, hạnh phúc quá 🥰",Vui vẻ,Cuộc sống,Tuyệt vời quá! Thấy bạn vui mình cũng phấn chấn theo. Đây là động lực để bạn tiếp tục cố gắng những thứ khác nữa đó. Tiến lên thôi!
Dự án tâm huyết bị hủy bỏ phút chót làm hôm nay thất vọng toàn tập 😔,Buồn bã,Công việc,Lại đây tâm sự với mình nào. Những lúc như này mới thấy cuộc sống không phải lúc nào cũng dễ. Bật nhạc nhẹ hoặc xem phim cho khuây khỏa. Mọi chuyện rồi sẽ qua thôi.
Thiệt tình phát hiện người yêu nói dối. sôi máu 🤬,Tức giận,Tình cảm,"Uống ngụm nước lạnh đi đã. Đúng là có những chuyện không thể bỏ qua được. Đợi nguôi rồi hẵng nói chuyện lại, lúc đó mới xử lý được bình tĩnh hơn. Thả lỏng ra nào!"
"Mn ơi chốt đơn thành công món đồ ao ước bấy lâu, hạnh phúc quá 😎",Vui vẻ,Cuộc sống,Wow xịn xò vậy! Đúng là ngày may mắn của bạn rồi. Cứ giữ phong độ và tiếp tục phát huy! Chúc bạn luôn giữ năng lượng tích cực!
Thiệt tình đồ án bị bắt làm lại từ đầu vì lý do mơ hồ. tức á,Tức giận,Học tập,"Nghe mà tức dùm á 😡 Sự bực bội của bạn hoàn toàn chính đáng. Đợi nguôi rồi hẵng nói chuyện lại, lúc đó mới xử lý được bình tĩnh hơn. Mình tin bạn sẽ xử lý được thôi."
"Tức á quá, đã dặn không ăn hành mà vẫn bỏ nguyên đống vào 🤬",Tức giận,Cuộc sống,"Thở ra đi, thở ra. Bực như vậy mà không nói gì mới lạ, bạn phản ứng bình thường thôi. Xả stress đi, đi dạo hay đấm gối cũng được. Bỏ qua cho nhẹ đầu nhé."
Lo lắng kh bt mối quan hệ này có tương lai kh 😭,Lo âu,Tình cảm,"Nghe mình này nhé, Cảm giác bất an như vậy thật sự rất nặng nề. Thử đặt deadline nhỏ cho từng việc, đừng nhìn cả đống cùng lúc. Cố lên nha!"
chuẩn bị thuyết trình trước công ty mà cảm thấy chưa sẵn sàng làm dạo này tim đập thình thịch 😱,Lo âu,Công việc,"Hít thở sâu vào nào. Mình hiểu bạn đang lo lắng lắm. Tắt thông báo điện thoại một lúc, tập trung vào đúng 1 việc thôi. Mình tin bạn sẽ vượt qua được."
"Ae tư vấn giúp, khối lượng công việc nhiều quá, không biết bắt đầu từ đâu thì nên làm sao? run kh chịu được ...",Lo âu,Công việc,"Bình tĩnh nào! Mình biết bạn đang cố gắng hết sức rồi. Ghi ra giấy những gì đang lo, ưu tiên từng cái. Đừng quá nghiêm khắc với bản thân nhé."
Thiệt tình học bổng về tài khoản rồi. vui xỉu 🥰,Vui vẻ,Học tập,Chúc mừng bạn nhé 🎉 Cái cảm giác sau bao ngày chờ đợi giờ thành sự thật đỉnh lắm! Đây là động lực để bạn tiếp tục cố gắng những thứ khác nữa đó. Yomost lun nha!
"Tớ sếp khen project mới làm tốt trước toàn công ty, yêu đời hẳn 😆",Vui vẻ,Công việc,Chúc mừng bạn nhé 🎉 Thấy bạn vui mình cũng phấn chấn theo. Chia sẻ tin này với người thân đi nào. Mình tự hào về bạn lắm!
"muốn bùng cháy quá, người yêu liên tục đến trễ mà không xin lỗi 😤",Tức giận,Tình cảm,"Nghe mà tức dùm á 😡 Thiệt là củ chuối không chịu được. Đợi nguôi rồi hẵng nói chuyện lại, lúc đó mới xử lý được bình tĩnh hơn. Thả lỏng ra nào!"
"Dạo này lương về rùi, phát điên, kh thể tin đc ✨",Vui vẻ,Cuộc sống,Wow xịn xò vậy! Thấy bạn vui mình cũng phấn chấn theo. Cứ giữ phong độ và tiếp tục phát huy! Tiến lên thôi!
"Hôm nay bài thi dc điểm cao ngoài mong đợi, vui xỉu 🎉",Vui vẻ,Học tập,Tuyệt vời quá! Cái cảm giác sau bao ngày chờ đợi giờ thành sự thật đỉnh lắm! Nhớ tự thưởng một chầu ăn ngon nhé. Mình tự hào về bạn lắm!
"Tự nhiên cãi nhau vs ng yêu, không biết có ổn kh, tủi thân 🥀",Buồn bã,Tình cảm,"Thương bạn quá. Ai gặp phải cũng đau lòng thôi, bạn không có gì sai. Gọi cho bạn thân trút bầu tâm sự nha. Mạnh lên nghen!"
Thiệt tình sắp đến kỳ đóng tiền trọ mà lương chưa về. hồi hộp quá 😰,Lo âu,Cuộc sống,"Hít thở sâu vào nào. Cảm giác bất an như vậy thật sự rất nặng nề. Chia nhỏ vấn đề ra, xử lý từng bước một nhé. Đừng quá nghiêm khắc với bản thân nhé."
"Ae tư vấn giúp, lo lắng kh biết mối quan hệ này có tương lai k thì nên làm sao? run ko chịu được",Lo âu,Tình cảm,"Từ từ đã bạn ơi. Cảm giác bất an như vậy thật sự rất nặng nề. Thử đặt deadline nhỏ cho từng việc, đừng nhìn cả đống cùng lúc. Bước qua được rồi sẽ thấy mình lớn hơn đó."
"Tui được crush rủ đi chơi cuối tuần, sướng rơn 🎉",Vui vẻ,Tình cảm,Đỉnh thật sự! Kết quả này là thành quả xứng đáng từ nỗ lực của bạn. Chia sẻ tin này với người thân đi nào. Mình tự hào về bạn lắm!
Hai đứa vừa giải quyết được hiểu lầm hồi lâu,Vui vẻ,Tình cảm,Tuyệt vời quá! Thấy bạn vui mình cũng phấn chấn theo. Tận hưởng khoảnh khắc này đến cùng nhé. Quá xá đã!
"Ae ơi mới nghỉ việc xong chưa biết làm gì tiếp, bất an ghê 😰",Lo âu,Công việc,"Hít thở sâu vào nào. Lo âu kiểu này ai cũng hiểu, đừng tự trách bản thân nhé. Chia nhỏ vấn đề ra, xử lý từng bước một nhé. Bước qua được rồi sẽ thấy mình lớn hơn đó."
bị đồng nghiệp đổ lỗi cho mình trước mặt sếp làm ae ơi muốn bùng cháy 😡,Tức giận,Công việc,"Nghe mà tức dùm á 😡 Bực như vậy mà không nói gì mới lạ, bạn phản ứng bình thường thôi. Xả stress đi, đi dạo hay đấm gối cũng được. Nghĩ chuyện vui cho đỡ tức nhé."
Thiệt tình sếp khen project mới làm tốt trước toàn công ty. phấn khích 🤩,Vui vẻ,Công việc,Chúc mừng bạn nhé 🎉 Thấy bạn vui mình cũng phấn chấn theo. Tận hưởng khoảnh khắc này đến cùng nhé. Chúc bạn luôn giữ năng lượng tích cực!
được crush rủ đi chơi cuối tuần làm dạo này hạnh phúc quá 🎉,Vui vẻ,Tình cảm,Nghe mà vui lây luôn! Thấy bạn vui mình cũng phấn chấn theo. Đây là động lực để bạn tiếp tục cố gắng những thứ khác nữa đó. Yomost lun nha!
"Yêu đời hẳn quá, lương về rồi, phát điên 🥰",Vui vẻ,Cuộc sống,Wow xịn xò vậy! Niềm vui này xứng đáng được lan tỏa! Nhớ tự thưởng một chầu ăn ngon nhé. Quá xá đã!
bị đồng nghiệp đổ lỗi cho mình trước mặt sếp làm má ơi điên máu 😡,Tức giận,Công việc,"Nghe mà tức dùm á 😡 Bực như vậy mà không nói gì mới lạ, bạn phản ứng bình thường thôi. Bơ đi mà sống, để bụng chỉ tổ mệt mình. Nghĩ chuyện vui cho đỡ tức nhé."
"Ae tư vấn giúp, sắp đến kỳ đánh giá cuối năm mà thành tích chưa đủ thì nên làm sao? hoang mang tột độ ...",Lo âu,Công việc,"Nghe mình này nhé, Mình hiểu bạn đang lo lắng lắm. Thử đặt deadline nhỏ cho từng việc, đừng nhìn cả đống cùng lúc. Bước qua được rồi sẽ thấy mình lớn hơn đó."
"yêu đời hẳn quá, hai đứa vừa giải quyết được hiểu lầm hồi lâu 😆",Vui vẻ,Tình cảm,Đỉnh thật sự! Cái cảm giác sau bao ngày chờ đợi giờ thành sự thật đỉnh lắm! Nhớ tự thưởng một chầu ăn ngon nhé. Chúc bạn luôn giữ năng lượng tích cực!
"Hôm nay hai đứa vừa giải quyết được hiểu lầm hồi lâu, sướng rơn 😆",Vui vẻ,Tình cảm,Nghe mà vui lây luôn! Thấy bạn vui mình cũng phấn chấn theo. Cứ giữ phong độ và tiếp tục phát huy! Tiến lên thôi!
"Tôi cảm thấy bế tắc hoàn toàn, không còn lối thoát nào nữa.",Trầm cảm/Tuyệt vọng,Khủng hoảng,Bạn đang trải qua điều rất khó khăn và mình thực sự lo cho bạn. Xin hãy gọi ngay đường dây 1800 599 920 để được tư vấn tâm lý khẩn cấp. Bạn không đơn độc trong chuyện này.
"Ae tư vấn giúp, bạn cùng nhóm không chịu đóng góp bài tập thì nên làm sao? tức á 😤",Tức giận,Học tập,Hạ hỏa trước nào! Sự bực bội của bạn hoàn toàn chính đáng. Viết ra hết cảm xúc bực bội vào giấy rồi xé đi — nhẹ lòng lắm đó. Đừng để chuyện bực mình làm hỏng cả ngày.
Thiệt tình chờ mãi ko thấy ng ấy rep tin nhắn. tim đập thình thịch 🥲,Lo âu,Tình cảm,"Hít thở sâu vào nào. Cảm giác bất an như vậy thật sự rất nặng nề. Cứ làm hết sức mình, kết quả ra sao cũng không hối hận. Mọi chuyện rồi sẽ ổn thôi!"
pass môn khó nhất học kỳ rồi ✨,Vui vẻ,Học tập,Nghe mà vui lây luôn! Kết quả này là thành quả xứng đáng từ nỗ lực của bạn. Lưu lại khoảnh khắc này để sau nhìn lại vẫn còn thấy vui. Mình tự hào về bạn lắm!
"Lương về rồi, phát điên ✨",Vui vẻ,Cuộc sống,Đỉnh thật sự! Kết quả này là thành quả xứng đáng từ nỗ lực của bạn. Cứ giữ phong độ và tiếp tục phát huy! Mình tự hào về bạn lắm!
"Tim đập thình thịch quá, cảm giác bị tụt hậu so với bạn bè đồng trang lứa ...",Lo âu,Cuộc sống,"Nghe mình này nhé, Lo âu kiểu này ai cũng hiểu, đừng tự trách bản thân nhé. Uống ly nước ấm, nghỉ một chút rồi tiếp tục. Đừng quá nghiêm khắc với bản thân nhé."
"Ae tư vấn giúp, hôm nay xử lý được bug khó mà cả team đều bó tay thì nên làm sao? phấn khích =))",Vui vẻ,Công việc,Đỉnh thật sự! Cái cảm giác sau bao ngày chờ đợi giờ thành sự thật đỉnh lắm! Cứ giữ phong độ và tiếp tục phát huy! Quá xá đã!
"Phấn khích quá, vừa chốt đc hợp đồng lớn sau bao ngày nỗ lực 🎉",Vui vẻ,Công việc,Nghe mà vui lây luôn! Niềm vui này xứng đáng được lan tỏa! Nhớ tự thưởng một chầu ăn ngon nhé. Chúc bạn luôn giữ năng lượng tích cực!
"bị người yêu cũ stalk và đe dọa mỗi ngày, đi đâu cũng sợ",Bạo hành,Khủng hoảng,"Không ai có quyền làm hại bạn. Gọi ngay 111 hoặc 1900 969 680 để được hỗ trợ khẩn cấp. Nếu cần, cảnh sát 113 luôn sẵn sàng bảo vệ bạn. Bạn xứng đáng được sống trong an toàn."
"Chời ơi không bt cách tiết kiệm tiền hiệu quả, tim đập thình thịch",Lo âu,Cuộc sống,"Bình tĩnh nào! Mình hiểu bạn đang lo lắng lắm. Ghi ra giấy những gì đang lo, ưu tiên từng cái. Mọi chuyện rồi sẽ ổn thôi!"
"Chời ơi ng yêu tặng quà bất ngờ, không thể tin dc ✨",Vui vẻ,Tình cảm,Đỉnh thật sự! Niềm vui này xứng đáng được lan tỏa! Đây là động lực để bạn tiếp tục cố gắng những thứ khác nữa đó. Quá xá đã!
"Cảm giác cô đơn giữa đám đông ngày càng mạnh, tôi muốn biến mất.",Trầm cảm/Tuyệt vọng,Khủng hoảng,"Mình nghe bạn. Cảm giác kiệt sức và tuyệt vọng như vậy thật nặng nề. Nhưng đây là lúc bạn cần được hỗ trợ bởi chuyên gia. Gọi 1800 599 920 — họ sẽ lắng nghe bạn 24/7, hoàn toàn miễn phí."
mới nghỉ việc xong chưa bt làm gì tiếp 😥,Lo âu,Công việc,"Ổn thôi bạn ơi, Cảm giác không kiểm soát được mọi thứ thật sự khó chịu. Chia nhỏ vấn đề ra, xử lý từng bước một nhé. Đừng quá nghiêm khắc với bản thân nhé."
"không thể tin được quá, học bổng về tài khoản r ✨",Vui vẻ,Học tập,Tuyệt vời quá! Đúng là ngày may mắn của bạn rồi. Nhớ tự thưởng một chầu ăn ngon nhé. Yomost lun nha!
"Ủa mà gõ xong đoạn code dài mà cúp điện mất hết, sôi máu 💢",Tức giận,Công việc,"Hạ hỏa trước nào! Sự bực bội của bạn hoàn toàn chính đáng. Bơ đi mà sống, để bụng chỉ tổ mệt mình. Đừng để chuyện bực mình làm hỏng cả ngày."
"Tui chốt đơn thành công món đồ ao ước bấy lâu, vui xỉu",Vui vẻ,Cuộc sống,Đỉnh thật sự! Bao nhiêu cố gắng cuối cùng đã được đền đáp. Nhớ tự thưởng một chầu ăn ngon nhé. Quá xá đã!
Thiệt tình bị sếp ép deadline vô lý ko có lý do. cay thật sự 🔥,Tức giận,Công việc,"Uống ngụm nước lạnh đi đã. Thiệt là củ chuối không chịu được. Đừng vội phản ứng lúc này, giận quá dễ nói sai. Đừng để chuyện bực mình làm hỏng cả ngày."
"Ae tư vấn giúp, lo lắng kh bt mối quan hệ này có tương lai ko thì nên làm sao? đổ mồ hôi hột",Lo âu,Tình cảm,"Hít thở sâu vào nào. Mình hiểu bạn đang lo lắng lắm. Chia nhỏ vấn đề ra, xử lý từng bước một nhé. Mọi chuyện rồi sẽ ổn thôi!"
"Điểm thi thử thấp quá, sợ thi thật sẽ tệ hơn làm chời ơi rén ngang",Lo âu,Học tập,"Bình tĩnh nào! Mình hiểu bạn đang lo lắng lắm. Ghi ra giấy những gì đang lo, ưu tiên từng cái. Mọi chuyện rồi sẽ ổn thôi!"
"Chời ơi đang thi online thì rớt mạng mất cả bài, sôi máu 😤",Tức giận,Học tập,"Thở ra đi, thở ra. Bực như vậy mà không nói gì mới lạ, bạn phản ứng bình thường thôi. Xả stress đi, đi dạo hay đấm gối cũng được. Nghĩ chuyện vui cho đỡ tức nhé."
"Ae tư vấn giúp, kh ai trong nhóm bạn hiểu mình thì nên làm sao? buồn thiu 😞",Buồn bã,Cuộc sống,"Lại đây tâm sự với mình nào. Cảm giác đó nặng nề lắm, bạn không sao cả. Bước ra ngoài đi dạo một chút, không khí tươi cũng giúp được phần nào. Thời gian sẽ chữa lành mọi thứ."
pass môn khó nhất học kỳ rồi làm tao phấn khích 🥰,Vui vẻ,Học tập,Đỉnh thật sự! Cái cảm giác sau bao ngày chờ đợi giờ thành sự thật đỉnh lắm! Lưu lại khoảnh khắc này để sau nhìn lại vẫn còn thấy vui. Chúc bạn luôn giữ năng lượng tích cực!
Thiệt tình học ngày học đêm mà điểm vẫn lẹt đẹt. tê tái 🥀,Buồn bã,Học tập,"Mình ở đây rồi, cứ nói ra đi. Chuyện đó thật sự khiến người ta hụt hẫng nhiều. Đừng thu mình lại, có mình ở đây mà. Mình luôn ở đây lắng nghe."
Sắp đến kỳ đóng tiền trọ mà lương chưa về làm tao hồi hộp quá 😥,Lo âu,Cuộc sống,"Nghe mình này nhé, Lo âu kiểu này ai cũng hiểu, đừng tự trách bản thân nhé. Ghi ra giấy những gì đang lo, ưu tiên từng cái. Bước qua được rồi sẽ thấy mình lớn hơn đó."
"Ae ơi nuôi con mèo bao năm mà nó đi mất, chán nản thật sự haiz",Buồn bã,Cuộc sống,"Mình ở đây rồi, cứ nói ra đi. Mình rất tiếc khi nghe điều này. Buồn thì cứ khóc ra cho nhẹ lòng, đừng cố nuốt vào. Mạnh lên nghen!"
"Ae tư vấn giúp, gia đình hối thúc chuyện cưới xin thì nên làm sao? run ko chịu dc 😰",Lo âu,Tình cảm,"Hít thở sâu vào nào. Lo âu kiểu này ai cũng hiểu, đừng tự trách bản thân nhé. Thử đặt deadline nhỏ cho từng việc, đừng nhìn cả đống cùng lúc. Mình tin bạn sẽ vượt qua được."
"Lo lắng thật sự quá, chi tiêu tháng này lố quá, không biết xoay sở sao 😥",Lo âu,Cuộc sống,"Ổn thôi bạn ơi, Mình biết bạn đang cố gắng hết sức rồi. Chia nhỏ vấn đề ra, xử lý từng bước một nhé. Mọi chuyện rồi sẽ ổn thôi!"
"Tui đã dặn k ăn hành mà vẫn bỏ nguyên đống vào, sôi máu 😡",Tức giận,Cuộc sống,"Hiểu sự bức xúc của bạn luôn! Nghe mà mình cũng thấy khó chịu theo, bạn có lý mà. Xả stress đi, đi dạo hay đấm gối cũng được. Bỏ qua cho nhẹ đầu nhé."
Hôm nay kỷ niệm một năm yêu nhau =)),Vui vẻ,Tình cảm,Tuyệt vời quá! Bao nhiêu cố gắng cuối cùng đã được đền đáp. Cứ giữ phong độ và tiếp tục phát huy! Chúc bạn luôn giữ năng lượng tích cực!
Thiệt tình đc thăng chức rùi. ko thể tin đc 😆,Vui vẻ,Công việc,Đỉnh thật sự! Niềm vui này xứng đáng được lan tỏa! Đây là động lực để bạn tiếp tục cố gắng những thứ khác nữa đó. Chúc bạn luôn giữ năng lượng tích cực!
"điên máu quá, khách hàng dời lịch họp sát giờ mà không báo trước 🙄",Tức giận,Công việc,"Hạ hỏa trước nào! Thiệt là củ chuối không chịu được. Đợi nguôi rồi hẵng nói chuyện lại, lúc đó mới xử lý được bình tĩnh hơn. Nghĩ chuyện vui cho đỡ tức nhé."
Thiệt tình chờ mãi k thấy ng ấy rep tin nhắn. rén ngang 😰,Lo âu,Tình cảm,"Nghe mình này nhé, Lo âu kiểu này ai cũng hiểu, đừng tự trách bản thân nhé. Ghi ra giấy những gì đang lo, ưu tiên từng cái. Đừng quá nghiêm khắc với bản thân nhé."
"Tớ bị sếp ép deadline vô lý ko có lý do, muốn bùng cháy 😡",Tức giận,Công việc,"Thở ra đi, thở ra. Bực như vậy mà không nói gì mới lạ, bạn phản ứng bình thường thôi. Đừng vội phản ứng lúc này, giận quá dễ nói sai. Thả lỏng ra nào!"
Gõ xong đoạn code dài mà cúp điện mất hết làm tui điên máu 🤬,Tức giận,Công việc,"Thở ra đi, thở ra. Gặp chuyện đó ai mà không điên tiết. Đừng vội phản ứng lúc này, giận quá dễ nói sai. Nghĩ chuyện vui cho đỡ tức nhé."
"Ae tư vấn giúp, không hiểu bài nhưng ko dám hỏi thầy thì nên làm sao? hồi hộp quá 🥲",Lo âu,Học tập,"Nghe mình này nhé, Mình hiểu bạn đang lo lắng lắm. Ghi ra giấy những gì đang lo, ưu tiên từng cái. Mọi chuyện rồi sẽ ổn thôi!"
Gõ xong đoạn code dài mà cúp điện mất hết 🔥,Tức giận,Công việc,Nghe mà tức dùm á 😡 Thiệt là củ chuối không chịu được. Hít thở sâu 10 cái rồi tính tiếp. Nghĩ chuyện vui cho đỡ tức nhé.
"điểm thi thử thấp quá, sợ thi thật sẽ tệ hơn làm tui lo lắng thật sự huhu",Lo âu,Học tập,"Bình tĩnh nào! Áp lực như vậy ai gặp cũng rén thôi, bạn không có gì sai cả. Nói chuyện với ai đó bạn tin tưởng — đôi khi chỉ cần kể ra là nhẹ hơn nhiều. Đừng quá nghiêm khắc với bản thân nhé."
Học bổng về tài khoản r làm ae ơi phấn khích 😎,Vui vẻ,Học tập,Tuyệt vời quá! Đúng là ngày may mắn của bạn rồi. Lưu lại khoảnh khắc này để sau nhìn lại vẫn còn thấy vui. Chúc bạn luôn giữ năng lượng tích cực!
"phấn khích quá, bài thi được điểm cao ngoài mong đợi 🤩",Vui vẻ,Học tập,Wow xịn xò vậy! Thấy bạn vui mình cũng phấn chấn theo. Lưu lại khoảnh khắc này để sau nhìn lại vẫn còn thấy vui. Quá xá đã!
chuẩn bị tỏ tình mà sợ bị từ chối làm dạo này hồi hộp quá 😰,Lo âu,Tình cảm,"Nghe mình này nhé, Cảm giác không kiểm soát được mọi thứ thật sự khó chịu. Thử đặt deadline nhỏ cho từng việc, đừng nhìn cả đống cùng lúc. Bước qua được rồi sẽ thấy mình lớn hơn đó."
"Ae tư vấn giúp, ko hòa nhập đc vs văn hóa công ty mới thì nên làm sao? tê tái 💔",Buồn bã,Công việc,"Thương bạn quá. Buồn như vậy là hoàn toàn bình thường, đừng cố kìm lại. Gọi cho bạn thân trút bầu tâm sự nha. Mạnh lên nghen!"
"Ae tư vấn giúp, cảm thấy mình k xứng với ng ta thì nên làm sao? muốn khóc",Buồn bã,Tình cảm,"Ôm bạn một cái nha. Cảm giác đó nặng nề lắm, bạn không sao cả. Buồn thì cứ khóc ra cho nhẹ lòng, đừng cố nuốt vào. Mạnh lên nghen!"
"Ủa mà chuẩn bị thuyết trình trước công ty mà cảm thấy chưa sẵn sàng, bất an ghê",Lo âu,Công việc,"Từ từ đã bạn ơi. Lo âu kiểu này ai cũng hiểu, đừng tự trách bản thân nhé. Uống ly nước ấm, nghỉ một chút rồi tiếp tục. Đừng quá nghiêm khắc với bản thân nhé."
Bị overthinking trước khi ngủ không tắt đc,Lo âu,Cuộc sống,"Ổn thôi bạn ơi, Mình biết bạn đang cố gắng hết sức rồi. Tắt thông báo điện thoại một lúc, tập trung vào đúng 1 việc thôi. Bước qua được rồi sẽ thấy mình lớn hơn đó."
Thiệt tình bị hủy hẹn đi chơi phút chót không có lý do. muốn bùng cháy 🙄,Tức giận,Tình cảm,"Hiểu sự bức xúc của bạn luôn! Sự bực bội của bạn hoàn toàn chính đáng. Xả stress đi, đi dạo hay đấm gối cũng được. Bỏ qua cho nhẹ đầu nhé."
"Hôm nay nay đi đường không bị tắc, đến nơi sớm hơn, sướng rơn ✨",Vui vẻ,Cuộc sống,Nghe mà vui lây luôn! Niềm vui này xứng đáng được lan tỏa! Cứ giữ phong độ và tiếp tục phát huy! Mình tự hào về bạn lắm!
"Ae tư vấn giúp, ko hòa nhập được với văn hóa công ty mới thì nên làm sao? chán nản thật sự 😔",Buồn bã,Công việc,"Ôm bạn một cái nha. Chuyện đó thật sự khiến người ta hụt hẫng nhiều. Buồn thì cứ khóc ra cho nhẹ lòng, đừng cố nuốt vào. Ngày mai trời sẽ sáng hơn hôm nay."
Việc quản lý tài chính cá nhân trong thời kỳ lạm phát đang là một bài toán khó khiến tôi lo lắng nhiều.,Lo âu,Cuộc sống,"Từ từ đã bạn ơi. Cảm giác không kiểm soát được mọi thứ thật sự khó chịu. Tắt thông báo điện thoại một lúc, tập trung vào đúng 1 việc thôi. Đừng quá nghiêm khắc với bản thân nhé."
"Giận tím người quá, đang thi online thì rớt mạng mất cả bài 😡",Tức giận,Học tập,"Uống ngụm nước lạnh đi đã. Bực như vậy mà không nói gì mới lạ, bạn phản ứng bình thường thôi. Bơ đi mà sống, để bụng chỉ tổ mệt mình. Nghĩ chuyện vui cho đỡ tức nhé."
cảm thấy mình học kém hơn bạn bè rất nhiều làm tao tủi thân haiz,Buồn bã,Học tập,"Chia buồn cùng bạn. Cảm giác đó nặng nề lắm, bạn không sao cả. Đừng thu mình lại, có mình ở đây mà. Mọi chuyện rồi sẽ qua thôi."
"Hồi hộp quá quá, chuẩn bị bảo vệ luận văn mà chưa ôn kỹ 😥",Lo âu,Học tập,"Từ từ đã bạn ơi. Áp lực như vậy ai gặp cũng rén thôi, bạn không có gì sai cả. Thử đặt deadline nhỏ cho từng việc, đừng nhìn cả đống cùng lúc. Mọi chuyện rồi sẽ ổn thôi!"
Thiệt tình trời mưa tự nhiên nhớ người yêu cũ. chán nản thật sự,Buồn bã,Tình cảm,"Thương bạn quá. Cảm giác đó nặng nề lắm, bạn không sao cả. Gọi cho bạn thân trút bầu tâm sự nha. Mình luôn ở đây lắng nghe."
"Ae tư vấn giúp, giải quyết xong đống task tồn đọng cả tuần thì nên làm sao? phấn khích 😎",Vui vẻ,Công việc,Tuyệt vời quá! Thấy bạn vui mình cũng phấn chấn theo. Nhớ tự thưởng một chầu ăn ngon nhé. Mình tự hào về bạn lắm!
Thiệt tình giải quyết xong đống task tồn đọng cả tuần. vui xỉu =)),Vui vẻ,Công việc,Tuyệt vời quá! Bao nhiêu cố gắng cuối cùng đã được đền đáp. Tận hưởng khoảnh khắc này đến cùng nhé. Chúc bạn luôn giữ năng lượng tích cực!
"Tớ chọn sai ngành, ko biết có nên đổi k, rén ngang 😥",Lo âu,Học tập,"Từ từ đã bạn ơi. Mình biết bạn đang cố gắng hết sức rồi. Tắt thông báo điện thoại một lúc, tập trung vào đúng 1 việc thôi. Bước qua được rồi sẽ thấy mình lớn hơn đó."
"Ae tư vấn giúp, ko biết cách tiết kiệm tiền hiệu quả thì nên làm sao? đổ mồ hôi hột ...",Lo âu,Cuộc sống,Hít thở sâu vào nào. Cảm giác không kiểm soát được mọi thứ thật sự khó chịu. Nói chuyện với ai đó bạn tin tưởng — đôi khi chỉ cần kể ra là nhẹ hơn nhiều. Đừng quá nghiêm khắc với bản thân nhé.
"Ae tư vấn giúp, chi tiêu tháng này lố quá, không biết xoay sở sao thì nên làm sao? hồi hộp quá 😰",Lo âu,Cuộc sống,"Từ từ đã bạn ơi. Lo âu kiểu này ai cũng hiểu, đừng tự trách bản thân nhé. Thử đặt deadline nhỏ cho từng việc, đừng nhìn cả đống cùng lúc. Cố lên nha!"
không ai trong nhóm bạn hiểu mình làm tao buồn thiu 😔,Buồn bã,Cuộc sống,"Ôm bạn một cái nha. Chuyện đó thật sự khiến người ta hụt hẫng nhiều. Buồn thì cứ khóc ra cho nhẹ lòng, đừng cố nuốt vào. Mình luôn ở đây lắng nghe."
bị đình chỉ thi vì vi phạm nội quy làm mình tê tái 🥀,Buồn bã,Học tập,"Lại đây tâm sự với mình nào. Ai gặp phải cũng đau lòng thôi, bạn không có gì sai. Đừng thu mình lại, có mình ở đây mà. Thời gian sẽ chữa lành mọi thứ."
chuẩn bị thuyết trình trước công ty mà cảm thấy chưa sẵn sàng làm tui rén ngang 😰,Lo âu,Công việc,"Hít thở sâu vào nào. Áp lực như vậy ai gặp cũng rén thôi, bạn không có gì sai cả. Thử đặt deadline nhỏ cho từng việc, đừng nhìn cả đống cùng lúc. Mọi chuyện rồi sẽ ổn thôi!"
"phấn khích quá, học bổng về tài khoản rồi ✨",Vui vẻ,Học tập,Wow xịn xò vậy! Thấy bạn vui mình cũng phấn chấn theo. Chia sẻ tin này với người thân đi nào. Yomost lun nha!
"Chời ơi cãi nhau với người yêu, không biết có ổn k, thất vọng toàn tập 💔",Buồn bã,Tình cảm,"Thương bạn quá. Mình rất tiếc khi nghe điều này. Buồn thì cứ khóc ra cho nhẹ lòng, đừng cố nuốt vào. Ngày mai trời sẽ sáng hơn hôm nay."
"Mn ơi crush vừa công khai ng yêu mới, tê tái",Buồn bã,Tình cảm,"Thương bạn quá. Những lúc như này mới thấy cuộc sống không phải lúc nào cũng dễ. Buồn thì cứ khóc ra cho nhẹ lòng, đừng cố nuốt vào. Ngày mai trời sẽ sáng hơn hôm nay."
"Mình đc thầy khen bài luận trước lớp, vui xỉu 😆",Vui vẻ,Học tập,Tuyệt vời quá! Bao nhiêu cố gắng cuối cùng đã được đền đáp. Đây là động lực để bạn tiếp tục cố gắng những thứ khác nữa đó. Tiến lên thôi!
không biết mình có đang đi đúng hướng trong sự nghiệp ko làm mình hồi hộp quá 😰,Lo âu,Công việc,"Hít thở sâu vào nào. Mình hiểu bạn đang lo lắng lắm. Chia nhỏ vấn đề ra, xử lý từng bước một nhé. Mình tin bạn sẽ vượt qua được."
Thiệt tình được thầy khen bài luận trước lớp. k thể tin dc 😎,Vui vẻ,Học tập,Tuyệt vời quá! Niềm vui này xứng đáng được lan tỏa! Đây là động lực để bạn tiếp tục cố gắng những thứ khác nữa đó. Tiến lên thôi!
"Ae tư vấn giúp, khách hàng dời lịch họp sát giờ mà ko báo trước thì nên làm sao? giận tím ng 🤬",Tức giận,Công việc,"Hiểu sự bức xúc của bạn luôn! Sự bực bội của bạn hoàn toàn chính đáng. Xả stress đi, đi dạo hay đấm gối cũng được. Mình tin bạn sẽ xử lý được thôi."
"Thiệt tình team bị giảm nhân sự, mình phải gánh thêm việc. rén ngang 😱",Lo âu,Công việc,"Từ từ đã bạn ơi. Mình biết bạn đang cố gắng hết sức rồi. Chia nhỏ vấn đề ra, xử lý từng bước một nhé. Đừng quá nghiêm khắc với bản thân nhé."
"Thất vọng toàn tập quá, nuôi con mèo bao năm mà nó đi mất 😞",Buồn bã,Cuộc sống,"Chia buồn cùng bạn. Chuyện đó thật sự khiến người ta hụt hẫng nhiều. Buồn thì cứ khóc ra cho nhẹ lòng, đừng cố nuốt vào. Ngày mai trời sẽ sáng hơn hôm nay."
"Ae ơi thấy crush đi chơi vs người khác, bất an ghê 😭",Lo âu,Tình cảm,"Từ từ đã bạn ơi. Lo âu kiểu này ai cũng hiểu, đừng tự trách bản thân nhé. Ghi ra giấy những gì đang lo, ưu tiên từng cái. Đừng quá nghiêm khắc với bản thân nhé."
sắp đến kỳ đóng tiền trọ mà lương chưa về huhu,Lo âu,Cuộc sống,"Ổn thôi bạn ơi, Áp lực như vậy ai gặp cũng rén thôi, bạn không có gì sai cả. Cứ làm hết sức mình, kết quả ra sao cũng không hối hận. Mọi chuyện rồi sẽ ổn thôi!"
"Bố mẹ ly hôn, tôi bị đổ lỗi, tôi không muốn sống ở gia đình này nữa.",Trầm cảm/Tuyệt vọng,Khủng hoảng,Bạn đang trải qua điều rất khó khăn và mình thực sự lo cho bạn. Xin hãy gọi ngay đường dây 1800 599 920 để được tư vấn tâm lý khẩn cấp. Bạn không đơn độc trong chuyện này.
"lương về rùi, phát điên làm chời ơi phấn khích ✨",Vui vẻ,Cuộc sống,Đỉnh thật sự! Cái cảm giác sau bao ngày chờ đợi giờ thành sự thật đỉnh lắm! Cứ giữ phong độ và tiếp tục phát huy! Yomost lun nha!
"Cay thật sự quá, phải làm bù việc của mấy đứa lười trong team",Tức giận,Công việc,Hạ hỏa trước nào! Đúng là có những chuyện không thể bỏ qua được. Hít thở sâu 10 cái rồi tính tiếp. Nghĩ chuyện vui cho đỡ tức nhé.
Học bổng về tài khoản rồi,Vui vẻ,Học tập,Tuyệt vời quá! Thấy bạn vui mình cũng phấn chấn theo. Lưu lại khoảnh khắc này để sau nhìn lại vẫn còn thấy vui. Chúc bạn luôn giữ năng lượng tích cực!
"Tui đồ án bị bắt làm lại từ đầu vì lý do mơ hồ, tức á 😡",Tức giận,Học tập,"Hạ hỏa trước nào! Gặp chuyện đó ai mà không điên tiết. Đợi nguôi rồi hẵng nói chuyện lại, lúc đó mới xử lý được bình tĩnh hơn. Nghĩ chuyện vui cho đỡ tức nhé."
Được crush rủ đi chơi cuối tuần làm dạo này phê 🥰,Vui vẻ,Tình cảm,Tuyệt vời quá! Bao nhiêu cố gắng cuối cùng đã được đền đáp. Tận hưởng khoảnh khắc này đến cùng nhé. Mình tự hào về bạn lắm!
"đêm nay t nghĩ đến kết thúc, sợ mình thật sự làm",Trầm cảm/Tuyệt vọng,Khủng hoảng,Điều bạn đang cảm thấy rất nghiêm trọng và bạn xứng đáng được giúp đỡ. Hãy gọi 1800 599 920 ngay bây giờ hoặc đến cơ sở y tế gần nhất. Bạn không cần phải một mình vượt qua điều này.
Thiệt tình ăn được món ngon đúng ý sau bao ngày thèm. yêu đời hẳn 🥰,Vui vẻ,Cuộc sống,Chúc mừng bạn nhé 🎉 Cái cảm giác sau bao ngày chờ đợi giờ thành sự thật đỉnh lắm! Đây là động lực để bạn tiếp tục cố gắng những thứ khác nữa đó. Yomost lun nha!
"Ae tư vấn giúp, phải làm bù việc của mấy đứa lười trong team thì nên làm sao? tức á 🔥",Tức giận,Công việc,"Thở ra đi, thở ra. Bực như vậy mà không nói gì mới lạ, bạn phản ứng bình thường thôi. Bơ đi mà sống, để bụng chỉ tổ mệt mình. Đừng để chuyện bực mình làm hỏng cả ngày."
vừa chốt đc hợp đồng lớn sau bao ngày nỗ lực 🎉,Vui vẻ,Công việc,Nghe mà vui lây luôn! Niềm vui này xứng đáng được lan tỏa! Đây là động lực để bạn tiếp tục cố gắng những thứ khác nữa đó. Yomost lun nha!
"Ae tư vấn giúp, mới chia tay xong, cứ thấy trống rỗng thì nên làm sao? tủi thân haiz",Buồn bã,Tình cảm,Lại đây tâm sự với mình nào. Những lúc như này mới thấy cuộc sống không phải lúc nào cũng dễ. Bật nhạc nhẹ hoặc xem phim cho khuây khỏa. Mạnh lên nghen!
"Tự nhiên đồ án bị bắt làm lại từ đầu vì lý do mơ hồ, giận tím người",Tức giận,Học tập,"Nghe mà tức dùm á 😡 Bực như vậy mà không nói gì mới lạ, bạn phản ứng bình thường thôi. Bơ đi mà sống, để bụng chỉ tổ mệt mình. Đừng để chuyện bực mình làm hỏng cả ngày."
bị đình chỉ thi vì vi phạm nội quy 😔,Buồn bã,Học tập,"Ôm bạn một cái nha. Những lúc như này mới thấy cuộc sống không phải lúc nào cũng dễ. Bước ra ngoài đi dạo một chút, không khí tươi cũng giúp được phần nào. Mọi chuyện rồi sẽ qua thôi."
đã dặn không ăn hành mà vẫn bỏ nguyên đống vào làm mình cay thật sự 🤬,Tức giận,Cuộc sống,"Thở ra đi, thở ra. Nghe mà mình cũng thấy khó chịu theo, bạn có lý mà. Bơ đi mà sống, để bụng chỉ tổ mệt mình. Bỏ qua cho nhẹ đầu nhé."
"mệt quá muốn biến mất khỏi thế giới này luôn, không muốn tồn tại nữa",Trầm cảm/Tuyệt vọng,Khủng hoảng,"Mình hiểu bạn đang rất mệt mỏi và không còn thấy lối thoát. Nhưng cảm giác này có thể thay đổi khi có sự hỗ trợ đúng cách. Gọi 1800 599 920 — chuyên gia sẽ giúp bạn ngay, miễn phí 24/7."
"Ae tư vấn giúp, nghĩ về tương lai thấy mông lung quá thì nên làm sao? rén ngang 😭",Lo âu,Cuộc sống,"Hít thở sâu vào nào. Lo âu kiểu này ai cũng hiểu, đừng tự trách bản thân nhé. Thử đặt deadline nhỏ cho từng việc, đừng nhìn cả đống cùng lúc. Cố lên nha!"
"Thiệt tình cãi nhau với ng yêu, không biết có ổn không. buồn thiu",Buồn bã,Tình cảm,"Mình ở đây rồi, cứ nói ra đi. Ai gặp phải cũng đau lòng thôi, bạn không có gì sai. Gọi cho bạn thân trút bầu tâm sự nha. Mạnh lên nghen!"
Thiệt tình sắp đến kỳ đánh giá cuối năm mà thành tích chưa đủ. hồi hộp quá 😰,Lo âu,Công việc,"Từ từ đã bạn ơi. Cảm giác không kiểm soát được mọi thứ thật sự khó chịu. Cứ làm hết sức mình, kết quả ra sao cũng không hối hận. Bước qua được rồi sẽ thấy mình lớn hơn đó."
"Tớ bị đồng nghiệp đổ lỗi cho mình trước mặt sếp, tức á 😡",Tức giận,Công việc,"Thở ra đi, thở ra. Gặp chuyện đó ai mà không điên tiết. Bơ đi mà sống, để bụng chỉ tổ mệt mình. Nghĩ chuyện vui cho đỡ tức nhé."
"Chời ơi sếp khen project mới làm tốt trước toàn công ty, phê ✨",Vui vẻ,Công việc,Tuyệt vời quá! Bao nhiêu cố gắng cuối cùng đã được đền đáp. Đây là động lực để bạn tiếp tục cố gắng những thứ khác nữa đó. Yomost lun nha!
"Chời ơi bị bom hàng sau khi chờ cả tuần, giận tím ng 🙄",Tức giận,Cuộc sống,"Hạ hỏa trước nào! Đúng là có những chuyện không thể bỏ qua được. Đợi nguôi rồi hẵng nói chuyện lại, lúc đó mới xử lý được bình tĩnh hơn. Bỏ qua cho nhẹ đầu nhé."
"Ae tư vấn giúp, điểm thi thử thấp quá, sợ thi thật sẽ tệ hơn thì nên làm sao? rén ngang huhu",Lo âu,Học tập,"Ổn thôi bạn ơi, Mình hiểu bạn đang lo lắng lắm. Tắt thông báo điện thoại một lúc, tập trung vào đúng 1 việc thôi. Bước qua được rồi sẽ thấy mình lớn hơn đó."
"Tủi thân quá, cảm thấy cô đơn lạc lõng giữa đám đông 💔",Buồn bã,Cuộc sống,"Chia buồn cùng bạn. Chuyện đó thật sự khiến người ta hụt hẫng nhiều. Bước ra ngoài đi dạo một chút, không khí tươi cũng giúp được phần nào. Mạnh lên nghen!"
Hai đứa vừa giải quyết được hiểu lầm hồi lâu làm ủa mà phấn khích 😎,Vui vẻ,Tình cảm,Nghe mà vui lây luôn! Thấy bạn vui mình cũng phấn chấn theo. Lưu lại khoảnh khắc này để sau nhìn lại vẫn còn thấy vui. Tiến lên thôi!
"Chọn sai ngành, ko biết có nên đổi k ...",Lo âu,Học tập,"Nghe mình này nhé, Áp lực như vậy ai gặp cũng rén thôi, bạn không có gì sai cả. Ghi ra giấy những gì đang lo, ưu tiên từng cái. Mình tin bạn sẽ vượt qua được."
"Ae tư vấn giúp, học ngày học đêm mà điểm vẫn lẹt đẹt thì nên làm sao? chán nản thật sự 🥀",Buồn bã,Học tập,"Lại đây tâm sự với mình nào. Những lúc như này mới thấy cuộc sống không phải lúc nào cũng dễ. Buồn thì cứ khóc ra cho nhẹ lòng, đừng cố nuốt vào. Ngày mai trời sẽ sáng hơn hôm nay."
Thiệt tình bị sếp ép deadline vô lý không có lý do. sôi máu 💢,Tức giận,Công việc,"Thở ra đi, thở ra. Nghe mà mình cũng thấy khó chịu theo, bạn có lý mà. Viết ra hết cảm xúc bực bội vào giấy rồi xé đi — nhẹ lòng lắm đó. Thả lỏng ra nào!"
"Ae tư vấn giúp, thấy crush đi chơi với người khác thì nên làm sao? đổ mồ hôi hột 😭",Lo âu,Tình cảm,"Nghe mình này nhé, Mình hiểu bạn đang lo lắng lắm. Nói chuyện với ai đó bạn tin tưởng — đôi khi chỉ cần kể ra là nhẹ hơn nhiều. Cố lên nha!"
Thiệt tình sắp đến kỳ đánh giá cuối năm mà thành tích chưa đủ. hoang mang tột độ huhu,Lo âu,Công việc,"Ổn thôi bạn ơi, Mình biết bạn đang cố gắng hết sức rồi. Thử đặt deadline nhỏ cho từng việc, đừng nhìn cả đống cùng lúc. Mình tin bạn sẽ vượt qua được."
"Ae tư vấn giúp, trời mưa tự nhiên nhớ người yêu cũ thì nên làm sao? tê tái 😔",Buồn bã,Tình cảm,"Mình ở đây rồi, cứ nói ra đi. Ai gặp phải cũng đau lòng thôi, bạn không có gì sai. Buồn thì cứ khóc ra cho nhẹ lòng, đừng cố nuốt vào. Mọi chuyện rồi sẽ qua thôi."
Tôi không muốn thức dậy vào ngày mai.,Trầm cảm/Tuyệt vọng,Khủng hoảng,Điều bạn đang cảm thấy rất nghiêm trọng và bạn xứng đáng được giúp đỡ. Hãy gọi 1800 599 920 ngay bây giờ hoặc đến cơ sở y tế gần nhất. Bạn không cần phải một mình vượt qua điều này.
"Chọn sai ngành, không biết có nên đổi ko 😭",Lo âu,Học tập,"Nghe mình này nhé, Áp lực như vậy ai gặp cũng rén thôi, bạn không có gì sai cả. Thử đặt deadline nhỏ cho từng việc, đừng nhìn cả đống cùng lúc. Mọi chuyện rồi sẽ ổn thôi!"
"Ae tư vấn giúp, bị đình chỉ thi vì vi phạm nội quy thì nên làm sao? chán nản thật sự 💔",Buồn bã,Học tập,"Mình ở đây rồi, cứ nói ra đi. Chuyện đó thật sự khiến người ta hụt hẫng nhiều. Đừng thu mình lại, có mình ở đây mà. Mạnh lên nghen!"
bị hủy hẹn đi chơi phút chót không có lý do làm dạo này muốn bùng cháy 😡,Tức giận,Tình cảm,Hạ hỏa trước nào! Sự bực bội của bạn hoàn toàn chính đáng. Hít thở sâu 10 cái rồi tính tiếp. Bỏ qua cho nhẹ đầu nhé.
"Bất an ghê quá, chờ mãi kh thấy người ấy rep tin nhắn ...",Lo âu,Tình cảm,"Từ từ đã bạn ơi. Lo âu kiểu này ai cũng hiểu, đừng tự trách bản thân nhé. Ghi ra giấy những gì đang lo, ưu tiên từng cái. Mọi chuyện rồi sẽ ổn thôi!"
"Ae ơi áp lực đồng trang lứa học giỏi hơn mình quá nhiều, bất an ghê 😥",Lo âu,Học tập,"Ổn thôi bạn ơi, Mình hiểu bạn đang lo lắng lắm. Tắt thông báo điện thoại một lúc, tập trung vào đúng 1 việc thôi. Bước qua được rồi sẽ thấy mình lớn hơn đó."
"Ae tư vấn giúp, đang đi đường thì bị xe tạt nước vào ng thì nên làm sao? sôi máu 😤",Tức giận,Cuộc sống,"Uống ngụm nước lạnh đi đã. Thiệt là củ chuối không chịu được. Xả stress đi, đi dạo hay đấm gối cũng được. Bỏ qua cho nhẹ đầu nhé."
Thiệt tình phát hiện ng yêu nói dối. cay thật sự 🤬,Tức giận,Tình cảm,"Thở ra đi, thở ra. Bực như vậy mà không nói gì mới lạ, bạn phản ứng bình thường thôi. Đợi nguôi rồi hẵng nói chuyện lại, lúc đó mới xử lý được bình tĩnh hơn. Mình tin bạn sẽ xử lý được thôi."
chờ mãi ko thấy ng ấy rep tin nhắn 🥲,Lo âu,Tình cảm,"Ổn thôi bạn ơi, Lo âu kiểu này ai cũng hiểu, đừng tự trách bản thân nhé. Chia nhỏ vấn đề ra, xử lý từng bước một nhé. Mình tin bạn sẽ vượt qua được."
"Ae tư vấn giúp, thấy crush đi chơi vs người khác thì nên làm sao? lo lắng thật sự 😭",Lo âu,Tình cảm,"Bình tĩnh nào! Cảm giác bất an như vậy thật sự rất nặng nề. Ghi ra giấy những gì đang lo, ưu tiên từng cái. Mọi chuyện rồi sẽ ổn thôi!"
Bị bom hàng sau khi chờ cả tuần làm tao giận tím người 💢,Tức giận,Cuộc sống,"Uống ngụm nước lạnh đi đã. Sự bực bội của bạn hoàn toàn chính đáng. Xả stress đi, đi dạo hay đấm gối cũng được. Bỏ qua cho nhẹ đầu nhé."
"Khối lượng công việc nhiều quá, không biết bắt đầu từ đâu làm mn ơi tim đập thình thịch huhu",Lo âu,Công việc,"Bình tĩnh nào! Mình biết bạn đang cố gắng hết sức rồi. Thử đặt deadline nhỏ cho từng việc, đừng nhìn cả đống cùng lúc. Mọi chuyện rồi sẽ ổn thôi!"
Thiệt tình ko hiểu bài nhưng không dám hỏi thầy. tim đập thình thịch 😥,Lo âu,Học tập,"Nghe mình này nhé, Áp lực như vậy ai gặp cũng rén thôi, bạn không có gì sai cả. Uống ly nước ấm, nghỉ một chút rồi tiếp tục. Cố lên nha!"
không hòa nhập dc vs văn hóa công ty mới 😔,Buồn bã,Công việc,"Thương bạn quá. Mình rất tiếc khi nghe điều này. Đừng thu mình lại, có mình ở đây mà. Ngày mai trời sẽ sáng hơn hôm nay."
Thiệt tình nhìn cảnh nhà ng ta hạnh phúc mà tủi thân. thất vọng toàn tập 😢,Buồn bã,Cuộc sống,"Lại đây tâm sự với mình nào. Ai gặp phải cũng đau lòng thôi, bạn không có gì sai. Đừng thu mình lại, có mình ở đây mà. Thời gian sẽ chữa lành mọi thứ."
Thiệt tình ko bt ng ấy có thật sự thích mình không. đổ mồ hôi hột ...,Lo âu,Tình cảm,"Nghe mình này nhé, Cảm giác bất an như vậy thật sự rất nặng nề. Cứ làm hết sức mình, kết quả ra sao cũng không hối hận. Bước qua được rồi sẽ thấy mình lớn hơn đó."
"sôi máu quá, nhắn tin cả ngày mà ko thèm đọc nhưng vẫn online 💢",Tức giận,Tình cảm,Hiểu sự bức xúc của bạn luôn! Thiệt là củ chuối không chịu được. Hít thở sâu 10 cái rồi tính tiếp. Bỏ qua cho nhẹ đầu nhé.
Thiệt tình tài khoản cạn tiền mà tháng còn dài. tim đập thình thịch 😱,Lo âu,Cuộc sống,"Bình tĩnh nào! Lo âu kiểu này ai cũng hiểu, đừng tự trách bản thân nhé. Cứ làm hết sức mình, kết quả ra sao cũng không hối hận. Đừng quá nghiêm khắc với bản thân nhé."
"Ae tư vấn giúp, chọn sai ngành, k bt có nên đổi kh thì nên làm sao? rén ngang 😰",Lo âu,Học tập,"Nghe mình này nhé, Áp lực như vậy ai gặp cũng rén thôi, bạn không có gì sai cả. Uống ly nước ấm, nghỉ một chút rồi tiếp tục. Mình tin bạn sẽ vượt qua được."
người yêu liên tục đến trễ mà kh xin lỗi làm ae ơi tức á 🔥,Tức giận,Tình cảm,"Hạ hỏa trước nào! Nghe mà mình cũng thấy khó chịu theo, bạn có lý mà. Bơ đi mà sống, để bụng chỉ tổ mệt mình. Mình tin bạn sẽ xử lý được thôi."
Thiệt tình cảm thấy mình kh xứng với ng ta. chán nản thật sự 💔,Buồn bã,Tình cảm,"Mình ở đây rồi, cứ nói ra đi. Ai gặp phải cũng đau lòng thôi, bạn không có gì sai. Bật nhạc nhẹ hoặc xem phim cho khuây khỏa. Mạnh lên nghen!"
"Thiệt tình chọn sai ngành, không biết có nên đổi kh. rén ngang huhu",Lo âu,Học tập,Hít thở sâu vào nào. Mình hiểu bạn đang lo lắng lắm. Nói chuyện với ai đó bạn tin tưởng — đôi khi chỉ cần kể ra là nhẹ hơn nhiều. Cố lên nha!
"Điểm thi thử thấp quá, sợ thi thật sẽ tệ hơn làm tao bất an ghê huhu",Lo âu,Học tập,"Bình tĩnh nào! Áp lực như vậy ai gặp cũng rén thôi, bạn không có gì sai cả. Tắt thông báo điện thoại một lúc, tập trung vào đúng 1 việc thôi. Mọi chuyện rồi sẽ ổn thôi!"
Thiệt tình ăn được món ngon đúng ý sau bao ngày thèm. vui xỉu 😎,Vui vẻ,Cuộc sống,Chúc mừng bạn nhé 🎉 Đúng là ngày may mắn của bạn rồi. Lưu lại khoảnh khắc này để sau nhìn lại vẫn còn thấy vui. Tiến lên thôi!
chuẩn bị tỏ tình mà sợ bị từ chối làm mình đổ mồ hôi hột 😱,Lo âu,Tình cảm,"Từ từ đã bạn ơi. Cảm giác bất an như vậy thật sự rất nặng nề. Cứ làm hết sức mình, kết quả ra sao cũng không hối hận. Cố lên nha!"
"Tao học bổng về tài khoản r, sướng rơn 🤩",Vui vẻ,Học tập,Chúc mừng bạn nhé 🎉 Thấy bạn vui mình cũng phấn chấn theo. Tận hưởng khoảnh khắc này đến cùng nhé. Tiến lên thôi!
"Tớ cảm thấy cô đơn lạc lõng giữa đám đông, tủi thân 🥀",Buồn bã,Cuộc sống,"Lại đây tâm sự với mình nào. Chuyện đó thật sự khiến người ta hụt hẫng nhiều. Buồn thì cứ khóc ra cho nhẹ lòng, đừng cố nuốt vào. Mọi chuyện rồi sẽ qua thôi."
xe hỏng giữa đường đúng lúc đang vội nhất làm tao điên máu,Tức giận,Cuộc sống,"Nghe mà tức dùm á 😡 Bực như vậy mà không nói gì mới lạ, bạn phản ứng bình thường thôi. Viết ra hết cảm xúc bực bội vào giấy rồi xé đi — nhẹ lòng lắm đó. Bỏ qua cho nhẹ đầu nhé."
"Ae tư vấn giúp, bị giao dự án mới mà chưa có kinh nghiệm gì thì nên làm sao? rén ngang 😰",Lo âu,Công việc,"Nghe mình này nhé, Cảm giác bất an như vậy thật sự rất nặng nề. Nói chuyện với ai đó bạn tin tưởng — đôi khi chỉ cần kể ra là nhẹ hơn nhiều. Mọi chuyện rồi sẽ ổn thôi!"
Thiệt tình điểm bị chấm sai mà kh được phúc khảo. giận tím người 😡,Tức giận,Học tập,"Hiểu sự bức xúc của bạn luôn! Thiệt là củ chuối không chịu được. Đợi nguôi rồi hẵng nói chuyện lại, lúc đó mới xử lý được bình tĩnh hơn. Nghĩ chuyện vui cho đỡ tức nhé."
"Ae tư vấn giúp, nay đi đường kh bị tắc, đến nơi sớm hơn thì nên làm sao? hạnh phúc quá",Vui vẻ,Cuộc sống,Nghe mà vui lây luôn! Niềm vui này xứng đáng được lan tỏa! Tận hưởng khoảnh khắc này đến cùng nhé. Tiến lên thôi!
ăn được món ngon đúng ý sau bao ngày thèm làm má ơi hạnh phúc quá 🥰,Vui vẻ,Cuộc sống,Đỉnh thật sự! Cái cảm giác sau bao ngày chờ đợi giờ thành sự thật đỉnh lắm! Chia sẻ tin này với người thân đi nào. Chúc bạn luôn giữ năng lượng tích cực!
"Ae tư vấn giúp, bị rớt môn dù đã cố gắng học thì nên làm sao? buồn thiu 😞",Buồn bã,Học tập,"Thương bạn quá. Buồn như vậy là hoàn toàn bình thường, đừng cố kìm lại. Gọi cho bạn thân trút bầu tâm sự nha. Ngày mai trời sẽ sáng hơn hôm nay."
Đồ án bị bắt làm lại từ đầu vì lý do mơ hồ làm tớ giận tím người 😡,Tức giận,Học tập,"Uống ngụm nước lạnh đi đã. Nghe mà mình cũng thấy khó chịu theo, bạn có lý mà. Đừng vội phản ứng lúc này, giận quá dễ nói sai. Mình tin bạn sẽ xử lý được thôi."
"Khối lượng công việc nhiều quá, kh bt bắt đầu từ đâu làm mn ơi bất an ghê 😥",Lo âu,Công việc,Từ từ đã bạn ơi. Mình hiểu bạn đang lo lắng lắm. Nói chuyện với ai đó bạn tin tưởng — đôi khi chỉ cần kể ra là nhẹ hơn nhiều. Đừng quá nghiêm khắc với bản thân nhé.
"phê quá, bốc trúng phần thưởng to trong sự kiện 🤩",Vui vẻ,Cuộc sống,Chúc mừng bạn nhé 🎉 Đúng là ngày may mắn của bạn rồi. Đây là động lực để bạn tiếp tục cố gắng những thứ khác nữa đó. Quá xá đã!
Bị giao dự án mới mà chưa có kinh nghiệm gì 😰,Lo âu,Công việc,Hít thở sâu vào nào. Cảm giác không kiểm soát được mọi thứ thật sự khó chịu. Nói chuyện với ai đó bạn tin tưởng — đôi khi chỉ cần kể ra là nhẹ hơn nhiều. Bước qua được rồi sẽ thấy mình lớn hơn đó.
"Muốn bùng cháy quá, gõ xong đoạn code dài mà cúp điện mất hết 😤",Tức giận,Công việc,"Hạ hỏa trước nào! Thiệt là củ chuối không chịu được. Đừng vội phản ứng lúc này, giận quá dễ nói sai. Bỏ qua cho nhẹ đầu nhé."
"Tao bị rớt môn dù đã cố gắng học, tê tái",Buồn bã,Học tập,"Thương bạn quá. Buồn như vậy là hoàn toàn bình thường, đừng cố kìm lại. Gọi cho bạn thân trút bầu tâm sự nha. Thời gian sẽ chữa lành mọi thứ."
"Ae ơi cảm thấy mình không xứng vs người ta, thất vọng toàn tập 🥀",Buồn bã,Tình cảm,"Lại đây tâm sự với mình nào. Cảm giác đó nặng nề lắm, bạn không sao cả. Cứ cho phép bản thân nghỉ ngơi vài ngày. Mình luôn ở đây lắng nghe."
trời mưa tự nhiên nhớ người yêu cũ làm ủa mà tủi thân 🥀,Buồn bã,Tình cảm,"Chia buồn cùng bạn. Cảm giác đó nặng nề lắm, bạn không sao cả. Bước ra ngoài đi dạo một chút, không khí tươi cũng giúp được phần nào. Mọi chuyện rồi sẽ qua thôi."
K bt mình có đang đi đúng hướng trong sự nghiệp không làm mình hồi hộp quá ...,Lo âu,Công việc,Hít thở sâu vào nào. Mình biết bạn đang cố gắng hết sức rồi. Nói chuyện với ai đó bạn tin tưởng — đôi khi chỉ cần kể ra là nhẹ hơn nhiều. Cố lên nha!
"Tao chi tiêu tháng này lố quá, kh bt xoay sở sao, run kh chịu đc ...",Lo âu,Cuộc sống,"Ổn thôi bạn ơi, Áp lực như vậy ai gặp cũng rén thôi, bạn không có gì sai cả. Ghi ra giấy những gì đang lo, ưu tiên từng cái. Mọi chuyện rồi sẽ ổn thôi!"
"Ae tư vấn giúp, không hiểu bài nhưng không dám hỏi thầy thì nên làm sao? bất an ghê ...",Lo âu,Học tập,"Nghe mình này nhé, Áp lực như vậy ai gặp cũng rén thôi, bạn không có gì sai cả. Ghi ra giấy những gì đang lo, ưu tiên từng cái. Cố lên nha!"
"Ae ơi cảm giác bị tụt hậu so vs bạn bè đồng trang lứa, tim đập thình thịch 😭",Lo âu,Cuộc sống,"Hít thở sâu vào nào. Áp lực như vậy ai gặp cũng rén thôi, bạn không có gì sai cả. Thử đặt deadline nhỏ cho từng việc, đừng nhìn cả đống cùng lúc. Mình tin bạn sẽ vượt qua được."
"Tủi thân quá, nuôi con mèo bao năm mà nó đi mất",Buồn bã,Cuộc sống,"Chia buồn cùng bạn. Buồn như vậy là hoàn toàn bình thường, đừng cố kìm lại. Bật nhạc nhẹ hoặc xem phim cho khuây khỏa. Mình luôn ở đây lắng nghe."
"tim đập thình thịch quá, chuẩn bị tỏ tình mà sợ bị từ chối 🥲",Lo âu,Tình cảm,"Bình tĩnh nào! Cảm giác bất an như vậy thật sự rất nặng nề. Ghi ra giấy những gì đang lo, ưu tiên từng cái. Cố lên nha!"
Bị hủy hẹn đi chơi phút chót không có lý do làm mn ơi giận tím người 💢,Tức giận,Tình cảm,"Hạ hỏa trước nào! Bực như vậy mà không nói gì mới lạ, bạn phản ứng bình thường thôi. Xả stress đi, đi dạo hay đấm gối cũng được. Mình tin bạn sẽ xử lý được thôi."
Thiệt tình dự án tâm huyết bị hủy bỏ phút chót. buồn thiu 🥀,Buồn bã,Công việc,"Mình ở đây rồi, cứ nói ra đi. Mình rất tiếc khi nghe điều này. Gọi cho bạn thân trút bầu tâm sự nha. Ngày mai trời sẽ sáng hơn hôm nay."
"Tao kh bt người ấy có thật sự thích mình không, tim đập thình thịch 😰",Lo âu,Tình cảm,"Nghe mình này nhé, Mình biết bạn đang cố gắng hết sức rồi. Thử đặt deadline nhỏ cho từng việc, đừng nhìn cả đống cùng lúc. Đừng quá nghiêm khắc với bản thân nhé."
"Mình đang đi đường thì bị xe tạt nước vào người, muốn bùng cháy 🙄",Tức giận,Cuộc sống,"Thở ra đi, thở ra. Thiệt là củ chuối không chịu được. Đừng vội phản ứng lúc này, giận quá dễ nói sai. Bỏ qua cho nhẹ đầu nhé."
"Dạo này khách hàng dời lịch họp sát giờ mà ko báo trước, muốn bùng cháy 🙄",Tức giận,Công việc,"Hạ hỏa trước nào! Bực như vậy mà không nói gì mới lạ, bạn phản ứng bình thường thôi. Đừng vội phản ứng lúc này, giận quá dễ nói sai. Mình tin bạn sẽ xử lý được thôi."
"Tui bị rớt môn dù đã cố gắng học, buồn thiu 💔",Buồn bã,Học tập,"Mình ở đây rồi, cứ nói ra đi. Buồn như vậy là hoàn toàn bình thường, đừng cố kìm lại. Bước ra ngoài đi dạo một chút, không khí tươi cũng giúp được phần nào. Mạnh lên nghen!"
"Mn ơi bị bom hàng sau khi chờ cả tuần, muốn bùng cháy 🙄",Tức giận,Cuộc sống,"Hiểu sự bức xúc của bạn luôn! Đúng là có những chuyện không thể bỏ qua được. Đừng vội phản ứng lúc này, giận quá dễ nói sai. Thả lỏng ra nào!"
"Ae tư vấn giúp, chờ mãi không thấy ng ấy rep tin nhắn thì nên làm sao? hồi hộp quá 😰",Lo âu,Tình cảm,"Từ từ đã bạn ơi. Cảm giác không kiểm soát được mọi thứ thật sự khó chịu. Chia nhỏ vấn đề ra, xử lý từng bước một nhé. Đừng quá nghiêm khắc với bản thân nhé."
"rén ngang quá, mới nghỉ việc xong chưa biết làm gì tiếp 🥲",Lo âu,Công việc,"Bình tĩnh nào! Áp lực như vậy ai gặp cũng rén thôi, bạn không có gì sai cả. Ghi ra giấy những gì đang lo, ưu tiên từng cái. Mọi chuyện rồi sẽ ổn thôi!"
Đc thầy khen bài luận trước lớp làm hôm nay phê 🤩,Vui vẻ,Học tập,Nghe mà vui lây luôn! Thấy bạn vui mình cũng phấn chấn theo. Lưu lại khoảnh khắc này để sau nhìn lại vẫn còn thấy vui. Chúc bạn luôn giữ năng lượng tích cực!
Thiệt tình điểm bị chấm sai mà không được phúc khảo. giận tím người 🤬,Tức giận,Học tập,Uống ngụm nước lạnh đi đã. Gặp chuyện đó ai mà không điên tiết. Hít thở sâu 10 cái rồi tính tiếp. Thả lỏng ra nào!
Thiệt tình bài thi được điểm cao ngoài mong đợi. sướng rơn 🥰,Vui vẻ,Học tập,Đỉnh thật sự! Kết quả này là thành quả xứng đáng từ nỗ lực của bạn. Nhớ tự thưởng một chầu ăn ngon nhé. Chúc bạn luôn giữ năng lượng tích cực!
Thiệt tình k bt ng ấy có thật sự thích mình không. tim đập thình thịch ...,Lo âu,Tình cảm,"Ổn thôi bạn ơi, Cảm giác không kiểm soát được mọi thứ thật sự khó chịu. Cứ làm hết sức mình, kết quả ra sao cũng không hối hận. Cố lên nha!"
"chọn sai ngành, kh bt có nên đổi không 😭",Lo âu,Học tập,"Bình tĩnh nào! Cảm giác không kiểm soát được mọi thứ thật sự khó chịu. Uống ly nước ấm, nghỉ một chút rồi tiếp tục. Cố lên nha!"
Thiệt tình hôm nay kỷ niệm một năm yêu nhau. yêu đời hẳn 😆,Vui vẻ,Tình cảm,Nghe mà vui lây luôn! Đúng là ngày may mắn của bạn rồi. Lưu lại khoảnh khắc này để sau nhìn lại vẫn còn thấy vui. Tiến lên thôi!
"Tớ bị đình chỉ thi vì vi phạm nội quy, tủi thân 😔",Buồn bã,Học tập,"Chia buồn cùng bạn. Buồn như vậy là hoàn toàn bình thường, đừng cố kìm lại. Cứ cho phép bản thân nghỉ ngơi vài ngày. Thời gian sẽ chữa lành mọi thứ."
sắp đến kỳ đánh giá cuối năm mà thành tích chưa đủ làm mn ơi rén ngang 😥,Lo âu,Công việc,"Từ từ đã bạn ơi. Cảm giác bất an như vậy thật sự rất nặng nề. Tắt thông báo điện thoại một lúc, tập trung vào đúng 1 việc thôi. Cố lên nha!"
pass môn khó nhất học kỳ rùi làm dạo này sướng rơn 😎,Vui vẻ,Học tập,Chúc mừng bạn nhé 🎉 Cái cảm giác sau bao ngày chờ đợi giờ thành sự thật đỉnh lắm! Nhớ tự thưởng một chầu ăn ngon nhé. Quá xá đã!
Thiệt tình cảm giác mối quan hệ đang ngày càng nhạt dần. hồi hộp quá 😱,Lo âu,Tình cảm,"Bình tĩnh nào! Cảm giác không kiểm soát được mọi thứ thật sự khó chịu. Cứ làm hết sức mình, kết quả ra sao cũng không hối hận. Mọi chuyện rồi sẽ ổn thôi!"
"Ae tư vấn giúp, điểm thi thử thấp quá, sợ thi thật sẽ tệ hơn thì nên làm sao? đổ mồ hôi hột 😭",Lo âu,Học tập,"Ổn thôi bạn ơi, Mình biết bạn đang cố gắng hết sức rồi. Cứ làm hết sức mình, kết quả ra sao cũng không hối hận. Bước qua được rồi sẽ thấy mình lớn hơn đó."
"Ae tư vấn giúp, người yêu tặng quà bất ngờ thì nên làm sao? hạnh phúc quá 😎",Vui vẻ,Tình cảm,Tuyệt vời quá! Cái cảm giác sau bao ngày chờ đợi giờ thành sự thật đỉnh lắm! Tận hưởng khoảnh khắc này đến cùng nhé. Quá xá đã!
Nhìn cảnh nhà ng ta hạnh phúc mà tủi thân làm tớ muốn khóc 🥀,Buồn bã,Cuộc sống,"Mình ở đây rồi, cứ nói ra đi. Mình rất tiếc khi nghe điều này. Bước ra ngoài đi dạo một chút, không khí tươi cũng giúp được phần nào. Ngày mai trời sẽ sáng hơn hôm nay."
"chi tiêu tháng này lố quá, kh biết xoay sở sao 😥",Lo âu,Cuộc sống,"Bình tĩnh nào! Cảm giác bất an như vậy thật sự rất nặng nề. Cứ làm hết sức mình, kết quả ra sao cũng không hối hận. Bước qua được rồi sẽ thấy mình lớn hơn đó."
"Hôm nay phát hiện ng yêu nói dối, giận tím ng 💢",Tức giận,Tình cảm,"Hạ hỏa trước nào! Gặp chuyện đó ai mà không điên tiết. Bơ đi mà sống, để bụng chỉ tổ mệt mình. Mình tin bạn sẽ xử lý được thôi."
Thiệt tình bị sếp ép deadline vô lý ko có lý do. điên máu 😤,Tức giận,Công việc,Uống ngụm nước lạnh đi đã. Gặp chuyện đó ai mà không điên tiết. Viết ra hết cảm xúc bực bội vào giấy rồi xé đi — nhẹ lòng lắm đó. Bỏ qua cho nhẹ đầu nhé.
"Ae tư vấn giúp, gia đình hối thúc chuyện cưới xin thì nên làm sao? lo lắng thật sự ...",Lo âu,Tình cảm,"Bình tĩnh nào! Cảm giác bất an như vậy thật sự rất nặng nề. Ghi ra giấy những gì đang lo, ưu tiên từng cái. Đừng quá nghiêm khắc với bản thân nhé."
Thiệt tình crush nhắn tin trước. sướng rơn =)),Vui vẻ,Tình cảm,Wow xịn xò vậy! Đúng là ngày may mắn của bạn rồi. Nhớ tự thưởng một chầu ăn ngon nhé. Tiến lên thôi!
"Buồn thiu quá, dự án tâm huyết bị hủy bỏ phút chót 😔",Buồn bã,Công việc,"Ôm bạn một cái nha. Mình rất tiếc khi nghe điều này. Buồn thì cứ khóc ra cho nhẹ lòng, đừng cố nuốt vào. Thời gian sẽ chữa lành mọi thứ."
"Run không chịu đc quá, chuẩn bị bảo vệ luận văn mà chưa ôn kỹ 🥲",Lo âu,Học tập,"Ổn thôi bạn ơi, Mình hiểu bạn đang lo lắng lắm. Cứ làm hết sức mình, kết quả ra sao cũng không hối hận. Cố lên nha!"
"Tao nay đi đường ko bị tắc, đến nơi sớm hơn, yêu đời hẳn 🥰",Vui vẻ,Cuộc sống,Wow xịn xò vậy! Kết quả này là thành quả xứng đáng từ nỗ lực của bạn. Tận hưởng khoảnh khắc này đến cùng nhé. Chúc bạn luôn giữ năng lượng tích cực!
"Ae tư vấn giúp, bạn mượn tiền lâu rùi mà cứ quên trả thì nên làm sao? sôi máu 🤬",Tức giận,Cuộc sống,"Thở ra đi, thở ra. Nghe mà mình cũng thấy khó chịu theo, bạn có lý mà. Viết ra hết cảm xúc bực bội vào giấy rồi xé đi — nhẹ lòng lắm đó. Bỏ qua cho nhẹ đầu nhé."
"Hôm nay k biết ng ấy có thật sự thích mình không, tim đập thình thịch 😱",Lo âu,Tình cảm,"Nghe mình này nhé, Cảm giác bất an như vậy thật sự rất nặng nề. Ghi ra giấy những gì đang lo, ưu tiên từng cái. Mọi chuyện rồi sẽ ổn thôi!"
Thiệt tình tài khoản cạn tiền mà tháng còn dài. đổ mồ hôi hột huhu,Lo âu,Cuộc sống,"Nghe mình này nhé, Mình hiểu bạn đang lo lắng lắm. Nói chuyện với ai đó bạn tin tưởng — đôi khi chỉ cần kể ra là nhẹ hơn nhiều. Cố lên nha!"
"Thất vọng toàn tập quá, cãi nhau vs người yêu, không bt có ổn không 😔",Buồn bã,Tình cảm,"Thương bạn quá. Chuyện đó thật sự khiến người ta hụt hẫng nhiều. Đừng thu mình lại, có mình ở đây mà. Ngày mai trời sẽ sáng hơn hôm nay."
"Bị bắt nạt suốt nhiều năm, không còn muốn đến trường và muốn biến mất.",Trầm cảm/Tuyệt vọng,Khủng hoảng,"Nghe bạn nói điều này, mình rất muốn bạn được an toàn. Hãy nhờ người thân đưa bạn đến cơ sở y tế hoặc gọi 1800 599 920 ngay nhé. Cuộc sống của bạn có ý nghĩa hơn bạn nghĩ."
"Mình bốc trúng phần thưởng to trong sự kiện, phấn khích 🎉",Vui vẻ,Cuộc sống,Đỉnh thật sự! Bao nhiêu cố gắng cuối cùng đã được đền đáp. Lưu lại khoảnh khắc này để sau nhìn lại vẫn còn thấy vui. Tiến lên thôi!
"Thất vọng toàn tập quá, k ai trong nhóm bạn hiểu mình 😢",Buồn bã,Cuộc sống,"Mình ở đây rồi, cứ nói ra đi. Ai gặp phải cũng đau lòng thôi, bạn không có gì sai. Gọi cho bạn thân trút bầu tâm sự nha. Ngày mai trời sẽ sáng hơn hôm nay."
"lương về r, phát điên làm má ơi yêu đời hẳn 🥰",Vui vẻ,Cuộc sống,Nghe mà vui lây luôn! Niềm vui này xứng đáng được lan tỏa! Tận hưởng khoảnh khắc này đến cùng nhé. Mình tự hào về bạn lắm!
"Thiệt tình nay đi đường không bị tắc, đến nơi sớm hơn. hạnh phúc quá 😆",Vui vẻ,Cuộc sống,Wow xịn xò vậy! Thấy bạn vui mình cũng phấn chấn theo. Lưu lại khoảnh khắc này để sau nhìn lại vẫn còn thấy vui. Quá xá đã!
"kh thể tin dc quá, sếp khen project mới làm tốt trước toàn công ty 😎",Vui vẻ,Công việc,Tuyệt vời quá! Niềm vui này xứng đáng được lan tỏa! Cứ giữ phong độ và tiếp tục phát huy! Chúc bạn luôn giữ năng lượng tích cực!
"Ae tư vấn giúp, pass môn khó nhất học kỳ rồi thì nên làm sao? sướng rơn ✨",Vui vẻ,Học tập,Đỉnh thật sự! Cái cảm giác sau bao ngày chờ đợi giờ thành sự thật đỉnh lắm! Đây là động lực để bạn tiếp tục cố gắng những thứ khác nữa đó. Quá xá đã!
Thiệt tình đang đi đường thì bị xe tạt nước vào người. giận tím người 💢,Tức giận,Cuộc sống,"Hạ hỏa trước nào! Nghe mà mình cũng thấy khó chịu theo, bạn có lý mà. Đừng vội phản ứng lúc này, giận quá dễ nói sai. Thả lỏng ra nào!"
không hiểu bài nhưng không dám hỏi thầy làm chời ơi rén ngang,Lo âu,Học tập,"Nghe mình này nhé, Cảm giác bất an như vậy thật sự rất nặng nề. Chia nhỏ vấn đề ra, xử lý từng bước một nhé. Đừng quá nghiêm khắc với bản thân nhé."
Thiệt tình bốc trúng phần thưởng to trong sự kiện. hạnh phúc quá 🎉,Vui vẻ,Cuộc sống,Chúc mừng bạn nhé 🎉 Thấy bạn vui mình cũng phấn chấn theo. Đây là động lực để bạn tiếp tục cố gắng những thứ khác nữa đó. Tiến lên thôi!
chờ mãi ko thấy người ấy rep tin nhắn ...,Lo âu,Tình cảm,"Hít thở sâu vào nào. Áp lực như vậy ai gặp cũng rén thôi, bạn không có gì sai cả. Cứ làm hết sức mình, kết quả ra sao cũng không hối hận. Đừng quá nghiêm khắc với bản thân nhé."
"Ae tư vấn giúp, bài thi được điểm cao ngoài mong đợi thì nên làm sao? vui xỉu 🎉",Vui vẻ,Học tập,Wow xịn xò vậy! Thấy bạn vui mình cũng phấn chấn theo. Nhớ tự thưởng một chầu ăn ngon nhé. Tiến lên thôi!
"Má ơi bị trừ lương vì một lỗi nhỏ, tê tái haiz",Buồn bã,Công việc,"Lại đây tâm sự với mình nào. Ai gặp phải cũng đau lòng thôi, bạn không có gì sai. Bước ra ngoài đi dạo một chút, không khí tươi cũng giúp được phần nào. Mọi chuyện rồi sẽ qua thôi."
"Kh thể tin dc quá, ng yêu tặng quà bất ngờ 😎",Vui vẻ,Tình cảm,Chúc mừng bạn nhé 🎉 Niềm vui này xứng đáng được lan tỏa! Đây là động lực để bạn tiếp tục cố gắng những thứ khác nữa đó. Mình tự hào về bạn lắm!
sắp thi mà chưa học chữ nào làm dạo này hồi hộp quá 😰,Lo âu,Học tập,"Nghe mình này nhé, Mình biết bạn đang cố gắng hết sức rồi. Cứ làm hết sức mình, kết quả ra sao cũng không hối hận. Cố lên nha!"
"tự nhiên thấy sống không có ý nghĩa gì hết, muốn kết thúc tất cả",Trầm cảm/Tuyệt vọng,Khủng hoảng,Điều bạn đang cảm thấy rất nghiêm trọng và bạn xứng đáng được giúp đỡ. Hãy gọi 1800 599 920 ngay bây giờ hoặc đến cơ sở y tế gần nhất. Bạn không cần phải một mình vượt qua điều này.
"lương về r, phát điên làm chời ơi sướng rơn 🎉",Vui vẻ,Cuộc sống,Tuyệt vời quá! Niềm vui này xứng đáng được lan tỏa! Chia sẻ tin này với người thân đi nào. Yomost lun nha!
"Ae tư vấn giúp, nuôi con mèo bao năm mà nó đi mất thì nên làm sao? buồn thiu 😢",Buồn bã,Cuộc sống,"Chia buồn cùng bạn. Mình rất tiếc khi nghe điều này. Đừng thu mình lại, có mình ở đây mà. Thời gian sẽ chữa lành mọi thứ."
Thiệt tình chuẩn bị bảo vệ luận văn mà chưa ôn kỹ. lo lắng thật sự 🥲,Lo âu,Học tập,"Bình tĩnh nào! Cảm giác bất an như vậy thật sự rất nặng nề. Chia nhỏ vấn đề ra, xử lý từng bước một nhé. Bước qua được rồi sẽ thấy mình lớn hơn đó."
"Ae tư vấn giúp, xe hỏng giữa đường đúng lúc đang vội nhất thì nên làm sao? cay thật sự",Tức giận,Cuộc sống,Hạ hỏa trước nào! Đúng là có những chuyện không thể bỏ qua được. Hít thở sâu 10 cái rồi tính tiếp. Đừng để chuyện bực mình làm hỏng cả ngày.
Thiệt tình bị đồng nghiệp đổ lỗi cho mình trước mặt sếp. cay thật sự 🔥,Tức giận,Công việc,"Hiểu sự bức xúc của bạn luôn! Nghe mà mình cũng thấy khó chịu theo, bạn có lý mà. Đợi nguôi rồi hẵng nói chuyện lại, lúc đó mới xử lý được bình tĩnh hơn. Bỏ qua cho nhẹ đầu nhé."
"Ae tư vấn giúp, sắp đến kỳ đánh giá cuối năm mà thành tích chưa đủ thì nên làm sao? hoang mang tột độ huhu",Lo âu,Công việc,"Ổn thôi bạn ơi, Áp lực như vậy ai gặp cũng rén thôi, bạn không có gì sai cả. Nói chuyện với ai đó bạn tin tưởng — đôi khi chỉ cần kể ra là nhẹ hơn nhiều. Cố lên nha!"
"lo lắng thật sự quá, kh biết mình có đang đi đúng hướng trong sự nghiệp không",Lo âu,Công việc,"Nghe mình này nhé, Lo âu kiểu này ai cũng hiểu, đừng tự trách bản thân nhé. Chia nhỏ vấn đề ra, xử lý từng bước một nhé. Bước qua được rồi sẽ thấy mình lớn hơn đó."
hôm nay kỷ niệm một năm yêu nhau 🥰,Vui vẻ,Tình cảm,Wow xịn xò vậy! Bao nhiêu cố gắng cuối cùng đã được đền đáp. Chia sẻ tin này với người thân đi nào. Chúc bạn luôn giữ năng lượng tích cực!
Cảm thấy mình không xứng vs người ta làm hôm nay muốn khóc haiz,Buồn bã,Tình cảm,"Chia buồn cùng bạn. Ai gặp phải cũng đau lòng thôi, bạn không có gì sai. Bật nhạc nhẹ hoặc xem phim cho khuây khỏa. Mạnh lên nghen!"
"Ae tư vấn giúp, sắp đến kỳ đóng tiền trọ mà lương chưa về thì nên làm sao? bất an ghê",Lo âu,Cuộc sống,"Bình tĩnh nào! Áp lực như vậy ai gặp cũng rén thôi, bạn không có gì sai cả. Uống ly nước ấm, nghỉ một chút rồi tiếp tục. Mọi chuyện rồi sẽ ổn thôi!"
Chuẩn bị tỏ tình mà sợ bị từ chối làm chời ơi run không chịu được 😱,Lo âu,Tình cảm,"Bình tĩnh nào! Mình hiểu bạn đang lo lắng lắm. Uống ly nước ấm, nghỉ một chút rồi tiếp tục. Mọi chuyện rồi sẽ ổn thôi!"
"Chời ơi áp lực đồng trang lứa học giỏi hơn mình quá nhiều, bất an ghê 😰",Lo âu,Học tập,"Hít thở sâu vào nào. Cảm giác bất an như vậy thật sự rất nặng nề. Ghi ra giấy những gì đang lo, ưu tiên từng cái. Mình tin bạn sẽ vượt qua được."
đã dặn ko ăn hành mà vẫn bỏ nguyên đống vào làm hôm nay tức á 🔥,Tức giận,Cuộc sống,Nghe mà tức dùm á 😡 Gặp chuyện đó ai mà không điên tiết. Viết ra hết cảm xúc bực bội vào giấy rồi xé đi — nhẹ lòng lắm đó. Mình tin bạn sẽ xử lý được thôi.
"Ae tư vấn giúp, k bt mình có đang đi đúng hướng trong sự nghiệp kh thì nên làm sao? run ko chịu dc",Lo âu,Công việc,"Bình tĩnh nào! Cảm giác bất an như vậy thật sự rất nặng nề. Ghi ra giấy những gì đang lo, ưu tiên từng cái. Mình tin bạn sẽ vượt qua được."
"tức á quá, ng yêu liên tục đến trễ mà không xin lỗi 🔥",Tức giận,Tình cảm,"Thở ra đi, thở ra. Nghe mà mình cũng thấy khó chịu theo, bạn có lý mà. Bơ đi mà sống, để bụng chỉ tổ mệt mình. Đừng để chuyện bực mình làm hỏng cả ngày."
"Hồi hộp quá quá, k hiểu bài nhưng k dám hỏi thầy 😱",Lo âu,Học tập,"Từ từ đã bạn ơi. Cảm giác không kiểm soát được mọi thứ thật sự khó chịu. Tắt thông báo điện thoại một lúc, tập trung vào đúng 1 việc thôi. Bước qua được rồi sẽ thấy mình lớn hơn đó."
"Mình không hòa nhập dc với văn hóa công ty mới, buồn thiu 😞",Buồn bã,Công việc,"Mình ở đây rồi, cứ nói ra đi. Ai gặp phải cũng đau lòng thôi, bạn không có gì sai. Cứ cho phép bản thân nghỉ ngơi vài ngày. Thời gian sẽ chữa lành mọi thứ."
"Tự nhiên gia đình hối thúc chuyện cưới xin, hoang mang tột độ 😱",Lo âu,Tình cảm,"Ổn thôi bạn ơi, Áp lực như vậy ai gặp cũng rén thôi, bạn không có gì sai cả. Ghi ra giấy những gì đang lo, ưu tiên từng cái. Bước qua được rồi sẽ thấy mình lớn hơn đó."
Thiệt tình gõ xong đoạn code dài mà cúp điện mất hết. tức á 🙄,Tức giận,Công việc,"Hiểu sự bức xúc của bạn luôn! Đúng là có những chuyện không thể bỏ qua được. Đừng vội phản ứng lúc này, giận quá dễ nói sai. Nghĩ chuyện vui cho đỡ tức nhé."
"Ae tư vấn giúp, người yêu tặng quà bất ngờ thì nên làm sao? k thể tin đc =))",Vui vẻ,Tình cảm,Tuyệt vời quá! Kết quả này là thành quả xứng đáng từ nỗ lực của bạn. Lưu lại khoảnh khắc này để sau nhìn lại vẫn còn thấy vui. Quá xá đã!
Thiệt tình sắp thi mà chưa học chữ nào. tim đập thình thịch 😥,Lo âu,Học tập,"Ổn thôi bạn ơi, Cảm giác không kiểm soát được mọi thứ thật sự khó chịu. Uống ly nước ấm, nghỉ một chút rồi tiếp tục. Mọi chuyện rồi sẽ ổn thôi!"
"Ae tư vấn giúp, khách hàng gửi email khen ngợi sản phẩm của mình thì nên làm sao? hạnh phúc quá 😎",Vui vẻ,Công việc,Wow xịn xò vậy! Bao nhiêu cố gắng cuối cùng đã được đền đáp. Lưu lại khoảnh khắc này để sau nhìn lại vẫn còn thấy vui. Yomost lun nha!
Thiệt tình sắp đến kỳ đóng tiền trọ mà lương chưa về. rén ngang 😥,Lo âu,Cuộc sống,"Từ từ đã bạn ơi. Mình biết bạn đang cố gắng hết sức rồi. Cứ làm hết sức mình, kết quả ra sao cũng không hối hận. Mình tin bạn sẽ vượt qua được."
"Tớ được thầy khen bài luận trước lớp, phê 🤩",Vui vẻ,Học tập,Nghe mà vui lây luôn! Niềm vui này xứng đáng được lan tỏa! Cứ giữ phong độ và tiếp tục phát huy! Yomost lun nha!
"Chọn sai ngành, không biết có nên đổi kh làm chời ơi rén ngang huhu",Lo âu,Học tập,"Hít thở sâu vào nào. Mình biết bạn đang cố gắng hết sức rồi. Cứ làm hết sức mình, kết quả ra sao cũng không hối hận. Bước qua được rồi sẽ thấy mình lớn hơn đó."
"Chời ơi mới chia tay xong, cứ thấy trống rỗng, buồn thiu 😞",Buồn bã,Tình cảm,"Lại đây tâm sự với mình nào. Ai gặp phải cũng đau lòng thôi, bạn không có gì sai. Đừng thu mình lại, có mình ở đây mà. Mọi chuyện rồi sẽ qua thôi."
bị đồng nghiệp đổ lỗi cho mình trước mặt sếp làm tớ cay thật sự 🤬,Tức giận,Công việc,"Thở ra đi, thở ra. Gặp chuyện đó ai mà không điên tiết. Viết ra hết cảm xúc bực bội vào giấy rồi xé đi — nhẹ lòng lắm đó. Mình tin bạn sẽ xử lý được thôi."
bị trừ lương vì một lỗi nhỏ làm má ơi thất vọng toàn tập 💔,Buồn bã,Công việc,Lại đây tâm sự với mình nào. Mình rất tiếc khi nghe điều này. Cứ cho phép bản thân nghỉ ngơi vài ngày. Mọi chuyện rồi sẽ qua thôi.
"Tao điểm bị chấm sai mà kh được phúc khảo, muốn bùng cháy 😤",Tức giận,Học tập,"Uống ngụm nước lạnh đi đã. Sự bực bội của bạn hoàn toàn chính đáng. Bơ đi mà sống, để bụng chỉ tổ mệt mình. Nghĩ chuyện vui cho đỡ tức nhé."
Bị giao dự án mới mà chưa có kinh nghiệm gì làm hôm nay tim đập thình thịch 🥲,Lo âu,Công việc,"Nghe mình này nhé, Mình biết bạn đang cố gắng hết sức rồi. Ghi ra giấy những gì đang lo, ưu tiên từng cái. Mình tin bạn sẽ vượt qua được."
Thiệt tình đang thi online thì rớt mạng mất cả bài. điên máu 😡,Tức giận,Học tập,"Hạ hỏa trước nào! Sự bực bội của bạn hoàn toàn chính đáng. Xả stress đi, đi dạo hay đấm gối cũng được. Thả lỏng ra nào!"
Bạn mượn tiền lâu rùi mà cứ quên trả làm ae ơi điên máu 🤬,Tức giận,Cuộc sống,Hạ hỏa trước nào! Đúng là có những chuyện không thể bỏ qua được. Viết ra hết cảm xúc bực bội vào giấy rồi xé đi — nhẹ lòng lắm đó. Bỏ qua cho nhẹ đầu nhé.
"hạnh phúc quá quá, nay đi đường không bị tắc, đến nơi sớm hơn 🥰",Vui vẻ,Cuộc sống,Đỉnh thật sự! Đúng là ngày may mắn của bạn rồi. Chia sẻ tin này với người thân đi nào. Chúc bạn luôn giữ năng lượng tích cực!
"Mn ơi bị trừ lương vì một lỗi nhỏ, buồn thiu 💔",Buồn bã,Công việc,"Chia buồn cùng bạn. Buồn như vậy là hoàn toàn bình thường, đừng cố kìm lại. Bước ra ngoài đi dạo một chút, không khí tươi cũng giúp được phần nào. Mình luôn ở đây lắng nghe."
Thiệt tình khách hàng dời lịch họp sát giờ mà ko báo trước. giận tím người 😤,Tức giận,Công việc,"Uống ngụm nước lạnh đi đã. Đúng là có những chuyện không thể bỏ qua được. Đợi nguôi rồi hẵng nói chuyện lại, lúc đó mới xử lý được bình tĩnh hơn. Đừng để chuyện bực mình làm hỏng cả ngày."
đang thi online thì rớt mạng mất cả bài làm tui giận tím ng 🙄,Tức giận,Học tập,"Hiểu sự bức xúc của bạn luôn! Thiệt là củ chuối không chịu được. Xả stress đi, đi dạo hay đấm gối cũng được. Bỏ qua cho nhẹ đầu nhé."
Thiệt tình nhắn tin cả ngày mà k thèm đọc nhưng vẫn online. giận tím ng 💢,Tức giận,Tình cảm,"Thở ra đi, thở ra. Thiệt là củ chuối không chịu được. Hít thở sâu 10 cái rồi tính tiếp. Bỏ qua cho nhẹ đầu nhé."
"Chời ơi sắp thi mà chưa học chữ nào, tim đập thình thịch 😭",Lo âu,Học tập,"Ổn thôi bạn ơi, Cảm giác không kiểm soát được mọi thứ thật sự khó chịu. Cứ làm hết sức mình, kết quả ra sao cũng không hối hận. Mọi chuyện rồi sẽ ổn thôi!"
Bạn cùng nhóm kh chịu đóng góp bài tập,Tức giận,Học tập,"Nghe mà tức dùm á 😡 Gặp chuyện đó ai mà không điên tiết. Xả stress đi, đi dạo hay đấm gối cũng được. Mình tin bạn sẽ xử lý được thôi."
"Ae ơi sắp thi mà chưa học chữ nào, đổ mồ hôi hột 🥲",Lo âu,Học tập,"Từ từ đã bạn ơi. Mình biết bạn đang cố gắng hết sức rồi. Ghi ra giấy những gì đang lo, ưu tiên từng cái. Bước qua được rồi sẽ thấy mình lớn hơn đó."
Thiệt tình chuẩn bị bảo vệ luận văn mà chưa ôn kỹ. hồi hộp quá 😥,Lo âu,Học tập,"Nghe mình này nhé, Mình biết bạn đang cố gắng hết sức rồi. Cứ làm hết sức mình, kết quả ra sao cũng không hối hận. Mình tin bạn sẽ vượt qua được."
"Ae tư vấn giúp, cảm thấy cô đơn lạc lõng giữa đám đông thì nên làm sao? buồn thiu haiz",Buồn bã,Cuộc sống,"Lại đây tâm sự với mình nào. Buồn như vậy là hoàn toàn bình thường, đừng cố kìm lại. Đừng thu mình lại, có mình ở đây mà. Ngày mai trời sẽ sáng hơn hôm nay."
"Chẳng ai quan tâm tôi sống hay chết, thà chết đi cho xong.",Trầm cảm/Tuyệt vọng,Khủng hoảng,"Nghe bạn nói điều này, mình rất muốn bạn được an toàn. Hãy nhờ người thân đưa bạn đến cơ sở y tế hoặc gọi 1800 599 920 ngay nhé. Cuộc sống của bạn có ý nghĩa hơn bạn nghĩ."
"tim đập thình thịch quá, k hiểu bài nhưng ko dám hỏi thầy 🥲",Lo âu,Học tập,"Hít thở sâu vào nào. Lo âu kiểu này ai cũng hiểu, đừng tự trách bản thân nhé. Ghi ra giấy những gì đang lo, ưu tiên từng cái. Mọi chuyện rồi sẽ ổn thôi!"
Không bt mình có đang đi đúng hướng trong sự nghiệp không làm ủa mà hồi hộp quá 😥,Lo âu,Công việc,"Hít thở sâu vào nào. Lo âu kiểu này ai cũng hiểu, đừng tự trách bản thân nhé. Chia nhỏ vấn đề ra, xử lý từng bước một nhé. Cố lên nha!"
"sướng rơn quá, nay đi đường không bị tắc, đến nơi sớm hơn 🥰",Vui vẻ,Cuộc sống,Wow xịn xò vậy! Niềm vui này xứng đáng được lan tỏa! Lưu lại khoảnh khắc này để sau nhìn lại vẫn còn thấy vui. Quá xá đã!
Thiệt tình chuẩn bị bảo vệ luận văn mà chưa ôn kỹ. rén ngang 🥲,Lo âu,Học tập,"Bình tĩnh nào! Mình biết bạn đang cố gắng hết sức rồi. Uống ly nước ấm, nghỉ một chút rồi tiếp tục. Cố lên nha!"
"b chồng đánh t mỗi đêm, sợ quá kh bt làm sao",Bạo hành,Khủng hoảng,"Bạn đang ở trong tình huống nguy hiểm và không ai có quyền bạo hành bạn. Gọi ngay Tổng đài 111 (miễn phí, 24/7) hoặc 1900 969 680 để được hỗ trợ. Nếu nguy hiểm tính mạng, gọi 113 ngay."
"Dạo này crush nhắn tin trước, không thể tin đc",Vui vẻ,Tình cảm,Wow xịn xò vậy! Niềm vui này xứng đáng được lan tỏa! Tận hưởng khoảnh khắc này đến cùng nhé. Chúc bạn luôn giữ năng lượng tích cực!
hôm nay xử lý dc bug khó mà cả team đều bó tay làm tui hạnh phúc quá 🤩,Vui vẻ,Công việc,Đỉnh thật sự! Bao nhiêu cố gắng cuối cùng đã được đền đáp. Nhớ tự thưởng một chầu ăn ngon nhé. Chúc bạn luôn giữ năng lượng tích cực!
"Chời ơi đc thầy khen bài luận trước lớp, ko thể tin dc ✨",Vui vẻ,Học tập,Chúc mừng bạn nhé 🎉 Kết quả này là thành quả xứng đáng từ nỗ lực của bạn. Đây là động lực để bạn tiếp tục cố gắng những thứ khác nữa đó. Chúc bạn luôn giữ năng lượng tích cực!
Được crush rủ đi chơi cuối tuần 😎,Vui vẻ,Tình cảm,Wow xịn xò vậy! Thấy bạn vui mình cũng phấn chấn theo. Chia sẻ tin này với người thân đi nào. Yomost lun nha!
"Run không chịu đc quá, sắp đến kỳ đánh giá cuối năm mà thành tích chưa đủ huhu",Lo âu,Công việc,"Hít thở sâu vào nào. Mình biết bạn đang cố gắng hết sức rồi. Thử đặt deadline nhỏ cho từng việc, đừng nhìn cả đống cùng lúc. Mình tin bạn sẽ vượt qua được."
"Muốn bùng cháy quá, ph làm bù việc của mấy đứa lười trong team 🔥",Tức giận,Công việc,"Nghe mà tức dùm á 😡 Thiệt là củ chuối không chịu được. Đừng vội phản ứng lúc này, giận quá dễ nói sai. Đừng để chuyện bực mình làm hỏng cả ngày."
"Ae tư vấn giúp, thấy crush đi chơi vs người khác thì nên làm sao? đổ mồ hôi hột ...",Lo âu,Tình cảm,"Từ từ đã bạn ơi. Mình hiểu bạn đang lo lắng lắm. Uống ly nước ấm, nghỉ một chút rồi tiếp tục. Mọi chuyện rồi sẽ ổn thôi!"
"Ae tư vấn giúp, xe hỏng giữa đường đúng lúc đang vội nhất thì nên làm sao? điên máu 🙄",Tức giận,Cuộc sống,Nghe mà tức dùm á 😡 Thiệt là củ chuối không chịu được. Viết ra hết cảm xúc bực bội vào giấy rồi xé đi — nhẹ lòng lắm đó. Bỏ qua cho nhẹ đầu nhé.
"áp lực KPI tháng này cao quá, sợ ko đạt làm tao tim đập thình thịch huhu",Lo âu,Công việc,"Hít thở sâu vào nào. Cảm giác bất an như vậy thật sự rất nặng nề. Thử đặt deadline nhỏ cho từng việc, đừng nhìn cả đống cùng lúc. Cố lên nha!"
"run không chịu đc quá, khối lượng công việc nhiều quá, không biết bắt đầu từ đâu 😭",Lo âu,Công việc,"Từ từ đã bạn ơi. Mình biết bạn đang cố gắng hết sức rồi. Thử đặt deadline nhỏ cho từng việc, đừng nhìn cả đống cùng lúc. Bước qua được rồi sẽ thấy mình lớn hơn đó."
"Tui sếp khen project mới làm tốt trước toàn công ty, yêu đời hẳn 🥰",Vui vẻ,Công việc,Đỉnh thật sự! Bao nhiêu cố gắng cuối cùng đã được đền đáp. Tận hưởng khoảnh khắc này đến cùng nhé. Mình tự hào về bạn lắm!
không biết người ấy có thật sự thích mình ko làm má ơi rén ngang 🥲,Lo âu,Tình cảm,"Nghe mình này nhé, Lo âu kiểu này ai cũng hiểu, đừng tự trách bản thân nhé. Nói chuyện với ai đó bạn tin tưởng — đôi khi chỉ cần kể ra là nhẹ hơn nhiều. Cố lên nha!"
"Má ơi hai đứa vừa giải quyết đc hiểu lầm hồi lâu, yêu đời hẳn 🥰",Vui vẻ,Tình cảm,Đỉnh thật sự! Niềm vui này xứng đáng được lan tỏa! Chia sẻ tin này với người thân đi nào. Yomost lun nha!
"Tự nhiên sắp tới deadline mà chưa làm được chữ nào, hồi hộp quá",Lo âu,Công việc,"Nghe mình này nhé, Mình hiểu bạn đang lo lắng lắm. Tắt thông báo điện thoại một lúc, tập trung vào đúng 1 việc thôi. Mọi chuyện rồi sẽ ổn thôi!"
bị overthinking trước khi ngủ không tắt đc làm dạo này đổ mồ hôi hột 😭,Lo âu,Cuộc sống,"Hít thở sâu vào nào. Cảm giác không kiểm soát được mọi thứ thật sự khó chịu. Cứ làm hết sức mình, kết quả ra sao cũng không hối hận. Bước qua được rồi sẽ thấy mình lớn hơn đó."
"Ae tư vấn giúp, k bt ng ấy có thật sự thích mình ko thì nên làm sao? rén ngang 🥲",Lo âu,Tình cảm,"Ổn thôi bạn ơi, Mình biết bạn đang cố gắng hết sức rồi. Cứ làm hết sức mình, kết quả ra sao cũng không hối hận. Cố lên nha!"
"Ae tư vấn giúp, gõ xong đoạn code dài mà cúp điện mất hết thì nên làm sao? tức á 🙄",Tức giận,Công việc,Hạ hỏa trước nào! Thiệt là củ chuối không chịu được. Viết ra hết cảm xúc bực bội vào giấy rồi xé đi — nhẹ lòng lắm đó. Mình tin bạn sẽ xử lý được thôi.
Chuẩn bị bảo vệ luận văn mà chưa ôn kỹ làm tui hồi hộp quá,Lo âu,Học tập,"Nghe mình này nhé, Mình hiểu bạn đang lo lắng lắm. Chia nhỏ vấn đề ra, xử lý từng bước một nhé. Cố lên nha!"
Thiệt tình điểm bị chấm sai mà kh được phúc khảo. cay thật sự 🔥,Tức giận,Học tập,"Nghe mà tức dùm á 😡 Nghe mà mình cũng thấy khó chịu theo, bạn có lý mà. Bơ đi mà sống, để bụng chỉ tổ mệt mình. Mình tin bạn sẽ xử lý được thôi."
"Ae ơi ph làm bù việc của mấy đứa lười trong team, muốn bùng cháy 🤬",Tức giận,Công việc,"Thở ra đi, thở ra. Gặp chuyện đó ai mà không điên tiết. Viết ra hết cảm xúc bực bội vào giấy rồi xé đi — nhẹ lòng lắm đó. Mình tin bạn sẽ xử lý được thôi."
"cãi nhau với người yêu, ko bt có ổn không làm ủa mà muốn khóc 😞",Buồn bã,Tình cảm,"Chia buồn cùng bạn. Chuyện đó thật sự khiến người ta hụt hẫng nhiều. Đừng thu mình lại, có mình ở đây mà. Mình luôn ở đây lắng nghe."
"Mình nuôi con mèo bao năm mà nó đi mất, thất vọng toàn tập 🥀",Buồn bã,Cuộc sống,"Thương bạn quá. Mình rất tiếc khi nghe điều này. Bước ra ngoài đi dạo một chút, không khí tươi cũng giúp được phần nào. Mọi chuyện rồi sẽ qua thôi."
Thiệt tình cảm thấy mình kh xứng với người ta. thất vọng toàn tập 💔,Buồn bã,Tình cảm,"Mình ở đây rồi, cứ nói ra đi. Chuyện đó thật sự khiến người ta hụt hẫng nhiều. Bật nhạc nhẹ hoặc xem phim cho khuây khỏa. Ngày mai trời sẽ sáng hơn hôm nay."
"Đổ mồ hôi hột quá, chờ mãi ko thấy ng ấy rep tin nhắn 😭",Lo âu,Tình cảm,"Ổn thôi bạn ơi, Cảm giác không kiểm soát được mọi thứ thật sự khó chịu. Thử đặt deadline nhỏ cho từng việc, đừng nhìn cả đống cùng lúc. Đừng quá nghiêm khắc với bản thân nhé."
"Ae tư vấn giúp, bị hủy hẹn đi chơi phút chót không có lý do thì nên làm sao? điên máu 🔥",Tức giận,Tình cảm,"Uống ngụm nước lạnh đi đã. Bực như vậy mà không nói gì mới lạ, bạn phản ứng bình thường thôi. Đợi nguôi rồi hẵng nói chuyện lại, lúc đó mới xử lý được bình tĩnh hơn. Đừng để chuyện bực mình làm hỏng cả ngày."
"Ae tư vấn giúp, cảm giác bị tụt hậu so vs bạn bè đồng trang lứa thì nên làm sao? run kh chịu được 😭",Lo âu,Cuộc sống,"Từ từ đã bạn ơi. Áp lực như vậy ai gặp cũng rén thôi, bạn không có gì sai cả. Tắt thông báo điện thoại một lúc, tập trung vào đúng 1 việc thôi. Đừng quá nghiêm khắc với bản thân nhé."
"Chời ơi điểm bị chấm sai mà không được phúc khảo, giận tím người 🙄",Tức giận,Học tập,"Hạ hỏa trước nào! Gặp chuyện đó ai mà không điên tiết. Bơ đi mà sống, để bụng chỉ tổ mệt mình. Bỏ qua cho nhẹ đầu nhé."
Nghĩ về tương lai thấy mông lung quá 😥,Lo âu,Cuộc sống,"Nghe mình này nhé, Lo âu kiểu này ai cũng hiểu, đừng tự trách bản thân nhé. Cứ làm hết sức mình, kết quả ra sao cũng không hối hận. Cố lên nha!"
dc thầy khen bài luận trước lớp làm mình không thể tin được ✨,Vui vẻ,Học tập,Wow xịn xò vậy! Bao nhiêu cố gắng cuối cùng đã được đền đáp. Lưu lại khoảnh khắc này để sau nhìn lại vẫn còn thấy vui. Chúc bạn luôn giữ năng lượng tích cực!
"Thiệt tình điểm thi thử thấp quá, sợ thi thật sẽ tệ hơn. rén ngang 🥲",Lo âu,Học tập,"Từ từ đã bạn ơi. Cảm giác không kiểm soát được mọi thứ thật sự khó chịu. Thử đặt deadline nhỏ cho từng việc, đừng nhìn cả đống cùng lúc. Mình tin bạn sẽ vượt qua được."
"Run k chịu dc quá, khối lượng công việc nhiều quá, k bt bắt đầu từ đâu ...",Lo âu,Công việc,"Ổn thôi bạn ơi, Áp lực như vậy ai gặp cũng rén thôi, bạn không có gì sai cả. Nói chuyện với ai đó bạn tin tưởng — đôi khi chỉ cần kể ra là nhẹ hơn nhiều. Cố lên nha!"
cảm giác bị tụt hậu so với bạn bè đồng trang lứa làm hôm nay tim đập thình thịch 😰,Lo âu,Cuộc sống,"Nghe mình này nhé, Áp lực như vậy ai gặp cũng rén thôi, bạn không có gì sai cả. Ghi ra giấy những gì đang lo, ưu tiên từng cái. Mọi chuyện rồi sẽ ổn thôi!"
"ba mẹ hay đánh mình từ nhỏ, giờ đã lớn mà vẫn bị, chịu không nổi nữa",Bạo hành,Khủng hoảng,"Bạn không cần phải chịu đựng điều này một mình. Xin hãy gọi Tổng đài 111 (bảo vệ trẻ em & gia đình, miễn phí 24/7) hoặc 113 nếu đang gặp nguy hiểm ngay lúc này. Bạn an toàn là điều quan trọng nhất."
Thiệt tình gia đình hối thúc chuyện cưới xin. run kh chịu được 😥,Lo âu,Tình cảm,"Bình tĩnh nào! Áp lực như vậy ai gặp cũng rén thôi, bạn không có gì sai cả. Tắt thông báo điện thoại một lúc, tập trung vào đúng 1 việc thôi. Cố lên nha!"
Mới nghỉ việc xong chưa biết làm gì tiếp làm ae ơi run không chịu được,Lo âu,Công việc,"Nghe mình này nhé, Cảm giác không kiểm soát được mọi thứ thật sự khó chịu. Nói chuyện với ai đó bạn tin tưởng — đôi khi chỉ cần kể ra là nhẹ hơn nhiều. Bước qua được rồi sẽ thấy mình lớn hơn đó."
"Ae tư vấn giúp, chuẩn bị bảo vệ luận văn mà chưa ôn kỹ thì nên làm sao? run không chịu đc huhu",Lo âu,Học tập,"Nghe mình này nhé, Cảm giác không kiểm soát được mọi thứ thật sự khó chịu. Uống ly nước ấm, nghỉ một chút rồi tiếp tục. Mọi chuyện rồi sẽ ổn thôi!"
Sự ra đi của nhân sự cốt cán để lại nhiều tiếc nuối và tạo ra khoảng trống khó bù đắp trong team.,Buồn bã,Công việc,"Mình ở đây rồi, cứ nói ra đi. Chuyện đó thật sự khiến người ta hụt hẫng nhiều. Đừng thu mình lại, có mình ở đây mà. Mọi chuyện rồi sẽ qua thôi."
ko hiểu bài nhưng không dám hỏi thầy 😱,Lo âu,Học tập,"Nghe mình này nhé, Lo âu kiểu này ai cũng hiểu, đừng tự trách bản thân nhé. Tắt thông báo điện thoại một lúc, tập trung vào đúng 1 việc thôi. Mọi chuyện rồi sẽ ổn thôi!"
"Cứ về nhà là bị bạo hành, tôi không biết phải làm gì.",Bạo hành,Khủng hoảng,Điều bạn mô tả là bạo hành và bạn hoàn toàn có quyền được bảo vệ. Hãy liên hệ 1900 969 680 (hỗ trợ phụ nữ & trẻ em) hoặc Tổng đài 111 ngay. Họ sẽ giúp bạn thoát khỏi tình huống này.
đang thi online thì rớt mạng mất cả bài làm tui sôi máu 😡,Tức giận,Học tập,"Hạ hỏa trước nào! Bực như vậy mà không nói gì mới lạ, bạn phản ứng bình thường thôi. Đừng vội phản ứng lúc này, giận quá dễ nói sai. Thả lỏng ra nào!"
"Ae tư vấn giúp, không ai trong nhóm bạn hiểu mình thì nên làm sao? thất vọng toàn tập 💔",Buồn bã,Cuộc sống,"Mình ở đây rồi, cứ nói ra đi. Cảm giác đó nặng nề lắm, bạn không sao cả. Cứ cho phép bản thân nghỉ ngơi vài ngày. Mạnh lên nghen!"
"kh thể tin được quá, hôm nay xử lý được bug khó mà cả team đều bó tay ✨",Vui vẻ,Công việc,Tuyệt vời quá! Đúng là ngày may mắn của bạn rồi. Tận hưởng khoảnh khắc này đến cùng nhé. Mình tự hào về bạn lắm!
"chi tiêu tháng này lố quá, không bt xoay sở sao làm tui rén ngang 😥",Lo âu,Cuộc sống,"Ổn thôi bạn ơi, Lo âu kiểu này ai cũng hiểu, đừng tự trách bản thân nhé. Chia nhỏ vấn đề ra, xử lý từng bước một nhé. Đừng quá nghiêm khắc với bản thân nhé."
"hồi hộp quá quá, không biết người ấy có thật sự thích mình ko 😥",Lo âu,Tình cảm,"Ổn thôi bạn ơi, Cảm giác bất an như vậy thật sự rất nặng nề. Nói chuyện với ai đó bạn tin tưởng — đôi khi chỉ cần kể ra là nhẹ hơn nhiều. Cố lên nha!"
"Run không chịu được quá, chi tiêu tháng này lố quá, không biết xoay sở sao huhu",Lo âu,Cuộc sống,"Hít thở sâu vào nào. Lo âu kiểu này ai cũng hiểu, đừng tự trách bản thân nhé. Chia nhỏ vấn đề ra, xử lý từng bước một nhé. Cố lên nha!"
"Má ơi sắp đến kỳ đóng tiền trọ mà lương chưa về, run ko chịu đc 😥",Lo âu,Cuộc sống,"Bình tĩnh nào! Lo âu kiểu này ai cũng hiểu, đừng tự trách bản thân nhé. Chia nhỏ vấn đề ra, xử lý từng bước một nhé. Cố lên nha!"
bị overthinking trước khi ngủ k tắt dc huhu,Lo âu,Cuộc sống,"Nghe mình này nhé, Mình biết bạn đang cố gắng hết sức rồi. Cứ làm hết sức mình, kết quả ra sao cũng không hối hận. Đừng quá nghiêm khắc với bản thân nhé."
"Tao chốt đơn thành công món đồ ao ước bấy lâu, không thể tin dc 🤩",Vui vẻ,Cuộc sống,Chúc mừng bạn nhé 🎉 Bao nhiêu cố gắng cuối cùng đã được đền đáp. Lưu lại khoảnh khắc này để sau nhìn lại vẫn còn thấy vui. Yomost lun nha!
"Hôm nay được thầy khen bài luận trước lớp, phê",Vui vẻ,Học tập,Nghe mà vui lây luôn! Thấy bạn vui mình cũng phấn chấn theo. Nhớ tự thưởng một chầu ăn ngon nhé. Mình tự hào về bạn lắm!
"Dạo này crush nhắn tin trước, phê 🤩",Vui vẻ,Tình cảm,Đỉnh thật sự! Kết quả này là thành quả xứng đáng từ nỗ lực của bạn. Nhớ tự thưởng một chầu ăn ngon nhé. Chúc bạn luôn giữ năng lượng tích cực!
"Mình áp lực kpi tháng này cao quá, sợ không đạt, tim đập thình thịch ...",Lo âu,Công việc,"Ổn thôi bạn ơi, Lo âu kiểu này ai cũng hiểu, đừng tự trách bản thân nhé. Chia nhỏ vấn đề ra, xử lý từng bước một nhé. Mình tin bạn sẽ vượt qua được."
"Ae tư vấn giúp, không biết cách tiết kiệm tiền hiệu quả thì nên làm sao? hoang mang tột độ 😱",Lo âu,Cuộc sống,"Nghe mình này nhé, Áp lực như vậy ai gặp cũng rén thôi, bạn không có gì sai cả. Chia nhỏ vấn đề ra, xử lý từng bước một nhé. Mình tin bạn sẽ vượt qua được."
"Ae tư vấn giúp, không bt mình có đang đi đúng hướng trong sự nghiệp không thì nên làm sao? bất an ghê ...",Lo âu,Công việc,"Bình tĩnh nào! Mình biết bạn đang cố gắng hết sức rồi. Uống ly nước ấm, nghỉ một chút rồi tiếp tục. Mọi chuyện rồi sẽ ổn thôi!"
"Ae ơi đồ án bị bắt làm lại từ đầu vì lý do mơ hồ, muốn bùng cháy",Tức giận,Học tập,"Uống ngụm nước lạnh đi đã. Nghe mà mình cũng thấy khó chịu theo, bạn có lý mà. Bơ đi mà sống, để bụng chỉ tổ mệt mình. Mình tin bạn sẽ xử lý được thôi."
Ko biết cách tiết kiệm tiền hiệu quả,Lo âu,Cuộc sống,"Từ từ đã bạn ơi. Mình hiểu bạn đang lo lắng lắm. Uống ly nước ấm, nghỉ một chút rồi tiếp tục. Cố lên nha!"
"Chời ơi kh ai trong nhóm bạn hiểu mình, buồn thiu 😢",Buồn bã,Cuộc sống,"Chia buồn cùng bạn. Buồn như vậy là hoàn toàn bình thường, đừng cố kìm lại. Gọi cho bạn thân trút bầu tâm sự nha. Thời gian sẽ chữa lành mọi thứ."
vừa chốt được hợp đồng lớn sau bao ngày nỗ lực làm ae ơi yêu đời hẳn 😆,Vui vẻ,Công việc,Nghe mà vui lây luôn! Bao nhiêu cố gắng cuối cùng đã được đền đáp. Chia sẻ tin này với người thân đi nào. Chúc bạn luôn giữ năng lượng tích cực!
Tài khoản cạn tiền mà tháng còn dài làm chời ơi tim đập thình thịch huhu,Lo âu,Cuộc sống,"Ổn thôi bạn ơi, Mình biết bạn đang cố gắng hết sức rồi. Uống ly nước ấm, nghỉ một chút rồi tiếp tục. Đừng quá nghiêm khắc với bản thân nhé."
Thiệt tình bị giao dự án mới mà chưa có kinh nghiệm gì. run không chịu được 😥,Lo âu,Công việc,"Hít thở sâu vào nào. Cảm giác bất an như vậy thật sự rất nặng nề. Thử đặt deadline nhỏ cho từng việc, đừng nhìn cả đống cùng lúc. Mình tin bạn sẽ vượt qua được."
"Tê tái quá, dự án tâm huyết bị hủy bỏ phút chót 💔",Buồn bã,Công việc,"Mình ở đây rồi, cứ nói ra đi. Buồn như vậy là hoàn toàn bình thường, đừng cố kìm lại. Gọi cho bạn thân trút bầu tâm sự nha. Mạnh lên nghen!"
"Ae tư vấn giúp, sắp tới deadline mà chưa làm được chữ nào thì nên làm sao? hoang mang tột độ 😥",Lo âu,Công việc,"Bình tĩnh nào! Mình biết bạn đang cố gắng hết sức rồi. Ghi ra giấy những gì đang lo, ưu tiên từng cái. Mình tin bạn sẽ vượt qua được."
"Buồn thiu quá, cảm thấy cô đơn lạc lõng giữa đám đông",Buồn bã,Cuộc sống,"Thương bạn quá. Ai gặp phải cũng đau lòng thôi, bạn không có gì sai. Cứ cho phép bản thân nghỉ ngơi vài ngày. Mạnh lên nghen!"
Thiệt tình làm việc cật lực mà k đc ghi nhận. muốn khóc haiz,Buồn bã,Công việc,"Lại đây tâm sự với mình nào. Ai gặp phải cũng đau lòng thôi, bạn không có gì sai. Bật nhạc nhẹ hoặc xem phim cho khuây khỏa. Thời gian sẽ chữa lành mọi thứ."
"Run không chịu được quá, bị giao dự án mới mà chưa có kinh nghiệm gì 😥",Lo âu,Công việc,"Nghe mình này nhé, Cảm giác không kiểm soát được mọi thứ thật sự khó chịu. Thử đặt deadline nhỏ cho từng việc, đừng nhìn cả đống cùng lúc. Đừng quá nghiêm khắc với bản thân nhé."
"Tui cảm thấy mình học kém hơn bạn bè rất nhiều, chán nản thật sự 🥀",Buồn bã,Học tập,Chia buồn cùng bạn. Mình rất tiếc khi nghe điều này. Gọi cho bạn thân trút bầu tâm sự nha. Mạnh lên nghen!
Mình bị thầy giáo lạm dụng và đe dọa nếu kể sẽ ảnh hưởng đến điểm số.,Bạo hành,Khủng hoảng,"Mình nghe thấy bạn và rất lo lắng cho sự an toàn của bạn. Bạo hành dưới mọi hình thức đều sai. Hãy gọi 111 ngay bây giờ — hoàn toàn miễn phí và bảo mật, có người sẽ giúp bạn."
"Ae tư vấn giúp, bị đình chỉ thi vì vi phạm nội quy thì nên làm sao? buồn thiu 😔",Buồn bã,Học tập,Chia buồn cùng bạn. Những lúc như này mới thấy cuộc sống không phải lúc nào cũng dễ. Bật nhạc nhẹ hoặc xem phim cho khuây khỏa. Mình luôn ở đây lắng nghe.
"Dạo này sắp tới deadline mà chưa làm đc chữ nào, đổ mồ hôi hột 😭",Lo âu,Công việc,"Từ từ đã bạn ơi. Áp lực như vậy ai gặp cũng rén thôi, bạn không có gì sai cả. Tắt thông báo điện thoại một lúc, tập trung vào đúng 1 việc thôi. Bước qua được rồi sẽ thấy mình lớn hơn đó."
"k còn lý do để sống, mọi thứ vô nghĩa hết r",Trầm cảm/Tuyệt vọng,Khủng hoảng,Bạn đang trải qua điều rất khó khăn và mình thực sự lo cho bạn. Xin hãy gọi ngay đường dây 1800 599 920 để được tư vấn tâm lý khẩn cấp. Bạn không đơn độc trong chuyện này.
"khối lượng công việc nhiều quá, không bt bắt đầu từ đâu làm tao hồi hộp quá 😥",Lo âu,Công việc,"Bình tĩnh nào! Mình hiểu bạn đang lo lắng lắm. Chia nhỏ vấn đề ra, xử lý từng bước một nhé. Cố lên nha!"
Học bổng về tài khoản r 🤩,Vui vẻ,Học tập,Nghe mà vui lây luôn! Thấy bạn vui mình cũng phấn chấn theo. Nhớ tự thưởng một chầu ăn ngon nhé. Quá xá đã!
Thiệt tình ko hòa nhập được với văn hóa công ty mới. tủi thân 😢,Buồn bã,Công việc,"Ôm bạn một cái nha. Buồn như vậy là hoàn toàn bình thường, đừng cố kìm lại. Cứ cho phép bản thân nghỉ ngơi vài ngày. Ngày mai trời sẽ sáng hơn hôm nay."
"Sôi máu quá, phát hiện ng yêu nói dối 😡",Tức giận,Tình cảm,"Hạ hỏa trước nào! Sự bực bội của bạn hoàn toàn chính đáng. Bơ đi mà sống, để bụng chỉ tổ mệt mình. Nghĩ chuyện vui cho đỡ tức nhé."
"khối lượng công việc nhiều quá, kh biết bắt đầu từ đâu 🥲",Lo âu,Công việc,Hít thở sâu vào nào. Cảm giác bất an như vậy thật sự rất nặng nề. Nói chuyện với ai đó bạn tin tưởng — đôi khi chỉ cần kể ra là nhẹ hơn nhiều. Cố lên nha!
"Sôi máu quá, bị sếp ép deadline vô lý không có lý do 🤬",Tức giận,Công việc,"Thở ra đi, thở ra. Sự bực bội của bạn hoàn toàn chính đáng. Đừng vội phản ứng lúc này, giận quá dễ nói sai. Bỏ qua cho nhẹ đầu nhé."
"Thất vọng toàn tập quá, học ngày học đêm mà điểm vẫn lẹt đẹt 😢",Buồn bã,Học tập,"Chia buồn cùng bạn. Mình rất tiếc khi nghe điều này. Buồn thì cứ khóc ra cho nhẹ lòng, đừng cố nuốt vào. Thời gian sẽ chữa lành mọi thứ."
Bạn cùng nhóm không chịu đóng góp bài tập làm tao tức á 😡,Tức giận,Học tập,"Hiểu sự bức xúc của bạn luôn! Sự bực bội của bạn hoàn toàn chính đáng. Đừng vội phản ứng lúc này, giận quá dễ nói sai. Bỏ qua cho nhẹ đầu nhé."
"Chời ơi bị trừ lương vì một lỗi nhỏ, muốn khóc 💔",Buồn bã,Công việc,"Mình ở đây rồi, cứ nói ra đi. Chuyện đó thật sự khiến người ta hụt hẫng nhiều. Bật nhạc nhẹ hoặc xem phim cho khuây khỏa. Mạnh lên nghen!"
"Thất vọng toàn tập quá, cãi nhau vs người yêu, kh biết có ổn kh 😔",Buồn bã,Tình cảm,"Thương bạn quá. Cảm giác đó nặng nề lắm, bạn không sao cả. Cứ cho phép bản thân nghỉ ngơi vài ngày. Ngày mai trời sẽ sáng hơn hôm nay."
"Điên máu quá, đồ án bị bắt làm lại từ đầu vì lý do mơ hồ 🔥",Tức giận,Học tập,"Nghe mà tức dùm á 😡 Sự bực bội của bạn hoàn toàn chính đáng. Xả stress đi, đi dạo hay đấm gối cũng được. Đừng để chuyện bực mình làm hỏng cả ngày."
Thiệt tình chuẩn bị thuyết trình trước công ty mà cảm thấy chưa sẵn sàng. tim đập thình thịch 🥲,Lo âu,Công việc,"Hít thở sâu vào nào. Áp lực như vậy ai gặp cũng rén thôi, bạn không có gì sai cả. Tắt thông báo điện thoại một lúc, tập trung vào đúng 1 việc thôi. Đừng quá nghiêm khắc với bản thân nhé."
Làm việc cật lực mà k được ghi nhận làm ae ơi muốn khóc 😢,Buồn bã,Công việc,"Mình ở đây rồi, cứ nói ra đi. Mình rất tiếc khi nghe điều này. Đừng thu mình lại, có mình ở đây mà. Mình luôn ở đây lắng nghe."
"Tui xe hỏng giữa đường đúng lúc đang vội nhất, cay thật sự 😤",Tức giận,Cuộc sống,"Hạ hỏa trước nào! Bực như vậy mà không nói gì mới lạ, bạn phản ứng bình thường thôi. Đừng vội phản ứng lúc này, giận quá dễ nói sai. Nghĩ chuyện vui cho đỡ tức nhé."
giải quyết xong đống task tồn đọng cả tuần =)),Vui vẻ,Công việc,Nghe mà vui lây luôn! Kết quả này là thành quả xứng đáng từ nỗ lực của bạn. Lưu lại khoảnh khắc này để sau nhìn lại vẫn còn thấy vui. Mình tự hào về bạn lắm!
"Ae tư vấn giúp, áp lực KPI tháng này cao quá, sợ không đạt thì nên làm sao? run ko chịu được 😱",Lo âu,Công việc,"Từ từ đã bạn ơi. Cảm giác bất an như vậy thật sự rất nặng nề. Cứ làm hết sức mình, kết quả ra sao cũng không hối hận. Bước qua được rồi sẽ thấy mình lớn hơn đó."
"Hôm nay nghĩ về tương lai thấy mông lung quá, hoang mang tột độ 😱",Lo âu,Cuộc sống,"Nghe mình này nhé, Lo âu kiểu này ai cũng hiểu, đừng tự trách bản thân nhé. Chia nhỏ vấn đề ra, xử lý từng bước một nhé. Mình tin bạn sẽ vượt qua được."
sếp khen project mới làm tốt trước toàn công ty làm tui yêu đời hẳn =)),Vui vẻ,Công việc,Wow xịn xò vậy! Niềm vui này xứng đáng được lan tỏa! Đây là động lực để bạn tiếp tục cố gắng những thứ khác nữa đó. Chúc bạn luôn giữ năng lượng tích cực!
Thiệt tình sắp tới deadline mà chưa làm được chữ nào. hồi hộp quá 🥲,Lo âu,Công việc,"Từ từ đã bạn ơi. Mình biết bạn đang cố gắng hết sức rồi. Ghi ra giấy những gì đang lo, ưu tiên từng cái. Mình tin bạn sẽ vượt qua được."
đang đi đường thì bị xe tạt nước vào ng làm tự nhiên muốn bùng cháy 🙄,Tức giận,Cuộc sống,"Uống ngụm nước lạnh đi đã. Đúng là có những chuyện không thể bỏ qua được. Đợi nguôi rồi hẵng nói chuyện lại, lúc đó mới xử lý được bình tĩnh hơn. Bỏ qua cho nhẹ đầu nhé."
kh ai trong nhóm bạn hiểu mình làm tui thất vọng toàn tập 😔,Buồn bã,Cuộc sống,"Ôm bạn một cái nha. Những lúc như này mới thấy cuộc sống không phải lúc nào cũng dễ. Bước ra ngoài đi dạo một chút, không khí tươi cũng giúp được phần nào. Thời gian sẽ chữa lành mọi thứ."
gia đình hối thúc chuyện cưới xin làm tự nhiên bất an ghê ...,Lo âu,Tình cảm,"Ổn thôi bạn ơi, Áp lực như vậy ai gặp cũng rén thôi, bạn không có gì sai cả. Chia nhỏ vấn đề ra, xử lý từng bước một nhé. Mọi chuyện rồi sẽ ổn thôi!"
Thiệt tình đang đi đường thì bị xe tạt nước vào người. cay thật sự 😡,Tức giận,Cuộc sống,Hạ hỏa trước nào! Thiệt là củ chuối không chịu được. Viết ra hết cảm xúc bực bội vào giấy rồi xé đi — nhẹ lòng lắm đó. Nghĩ chuyện vui cho đỡ tức nhé.
Mọi thứ dạo này cứ xui xẻo liên tục làm tớ tủi thân haiz,Buồn bã,Cuộc sống,"Ôm bạn một cái nha. Cảm giác đó nặng nề lắm, bạn không sao cả. Bước ra ngoài đi dạo một chút, không khí tươi cũng giúp được phần nào. Mọi chuyện rồi sẽ qua thôi."
"Dạo này bị overthinking trước khi ngủ không tắt dc, hoang mang tột độ ...",Lo âu,Cuộc sống,"Bình tĩnh nào! Áp lực như vậy ai gặp cũng rén thôi, bạn không có gì sai cả. Cứ làm hết sức mình, kết quả ra sao cũng không hối hận. Bước qua được rồi sẽ thấy mình lớn hơn đó."
Thiệt tình hôm nay xử lý được bug khó mà cả team đều bó tay. vui xỉu 🎉,Vui vẻ,Công việc,Tuyệt vời quá! Niềm vui này xứng đáng được lan tỏa! Đây là động lực để bạn tiếp tục cố gắng những thứ khác nữa đó. Tiến lên thôi!
Thiệt tình điểm bị chấm sai mà k được phúc khảo. tức á 🙄,Tức giận,Học tập,"Nghe mà tức dùm á 😡 Thiệt là củ chuối không chịu được. Xả stress đi, đi dạo hay đấm gối cũng được. Nghĩ chuyện vui cho đỡ tức nhé."
Ăn được món ngon đúng ý sau bao ngày thèm 🎉,Vui vẻ,Cuộc sống,Tuyệt vời quá! Niềm vui này xứng đáng được lan tỏa! Tận hưởng khoảnh khắc này đến cùng nhé. Yomost lun nha!
Bị rớt môn dù đã cố gắng học làm ủa mà buồn thiu 💔,Buồn bã,Học tập,"Mình ở đây rồi, cứ nói ra đi. Ai gặp phải cũng đau lòng thôi, bạn không có gì sai. Gọi cho bạn thân trút bầu tâm sự nha. Mình luôn ở đây lắng nghe."
"Ae tư vấn giúp, kh hiểu bài nhưng ko dám hỏi thầy thì nên làm sao? rén ngang 🥲",Lo âu,Học tập,"Bình tĩnh nào! Mình biết bạn đang cố gắng hết sức rồi. Chia nhỏ vấn đề ra, xử lý từng bước một nhé. Bước qua được rồi sẽ thấy mình lớn hơn đó."
Crush nhắn tin trước 🥰,Vui vẻ,Tình cảm,Nghe mà vui lây luôn! Cái cảm giác sau bao ngày chờ đợi giờ thành sự thật đỉnh lắm! Tận hưởng khoảnh khắc này đến cùng nhé. Mình tự hào về bạn lắm!
"buồn thiu quá, bị sếp la trước mặt cả phòng 😞",Buồn bã,Công việc,"Mình ở đây rồi, cứ nói ra đi. Những lúc như này mới thấy cuộc sống không phải lúc nào cũng dễ. Cứ cho phép bản thân nghỉ ngơi vài ngày. Ngày mai trời sẽ sáng hơn hôm nay."
"Ae tư vấn giúp, học ngày học đêm mà điểm vẫn lẹt đẹt thì nên làm sao? buồn thiu 💔",Buồn bã,Học tập,"Thương bạn quá. Cảm giác đó nặng nề lắm, bạn không sao cả. Cứ cho phép bản thân nghỉ ngơi vài ngày. Mạnh lên nghen!"
"hạnh phúc quá quá, người yêu tặng quà bất ngờ =))",Vui vẻ,Tình cảm,Chúc mừng bạn nhé 🎉 Bao nhiêu cố gắng cuối cùng đã được đền đáp. Chia sẻ tin này với người thân đi nào. Quá xá đã!
Thiệt tình bị hủy hẹn đi chơi phút chót ko có lý do. cay thật sự 🤬,Tức giận,Tình cảm,"Hạ hỏa trước nào! Thiệt là củ chuối không chịu được. Đợi nguôi rồi hẵng nói chuyện lại, lúc đó mới xử lý được bình tĩnh hơn. Nghĩ chuyện vui cho đỡ tức nhé."
"Chời ơi bị đồng nghiệp đổ lỗi cho mình trước mặt sếp, cay thật sự",Tức giận,Công việc,Hạ hỏa trước nào! Sự bực bội của bạn hoàn toàn chính đáng. Hít thở sâu 10 cái rồi tính tiếp. Bỏ qua cho nhẹ đầu nhé.
"Tức á quá, ng yêu liên tục đến trễ mà k xin lỗi 💢",Tức giận,Tình cảm,"Thở ra đi, thở ra. Đúng là có những chuyện không thể bỏ qua được. Đừng vội phản ứng lúc này, giận quá dễ nói sai. Nghĩ chuyện vui cho đỡ tức nhé."
"Run không chịu được quá, bị overthinking trước khi ngủ không tắt đc 😭",Lo âu,Cuộc sống,"Từ từ đã bạn ơi. Cảm giác không kiểm soát được mọi thứ thật sự khó chịu. Chia nhỏ vấn đề ra, xử lý từng bước một nhé. Mọi chuyện rồi sẽ ổn thôi!"
"Ae tư vấn giúp, trời mưa tự nhiên nhớ ng yêu cũ thì nên làm sao? muốn khóc 🥀",Buồn bã,Tình cảm,"Ôm bạn một cái nha. Những lúc như này mới thấy cuộc sống không phải lúc nào cũng dễ. Buồn thì cứ khóc ra cho nhẹ lòng, đừng cố nuốt vào. Mọi chuyện rồi sẽ qua thôi."
"Ae tư vấn giúp, tài khoản cạn tiền mà tháng còn dài thì nên làm sao? hoang mang tột độ 😭",Lo âu,Cuộc sống,"Ổn thôi bạn ơi, Mình hiểu bạn đang lo lắng lắm. Cứ làm hết sức mình, kết quả ra sao cũng không hối hận. Bước qua được rồi sẽ thấy mình lớn hơn đó."
"Tôi không còn muốn sống nữa, mọi thứ thật sự vô nghĩa với tôi.",Trầm cảm/Tuyệt vọng,Khủng hoảng,"Mình nghe thấy bạn đang rất đau khổ lúc này. Bạn không cần chịu đựng một mình đâu. Hãy gọi ngay 1800 599 920 (miễn phí, 24/7) để được chuyên gia lắng nghe. Cuộc sống của bạn rất quý giá."
Pass môn khó nhất học kỳ rồi làm chời ơi phấn khích =)),Vui vẻ,Học tập,Chúc mừng bạn nhé 🎉 Bao nhiêu cố gắng cuối cùng đã được đền đáp. Lưu lại khoảnh khắc này để sau nhìn lại vẫn còn thấy vui. Mình tự hào về bạn lắm!
Bị overthinking trước khi ngủ k tắt được 😰,Lo âu,Cuộc sống,"Nghe mình này nhé, Mình hiểu bạn đang lo lắng lắm. Nói chuyện với ai đó bạn tin tưởng — đôi khi chỉ cần kể ra là nhẹ hơn nhiều. Mình tin bạn sẽ vượt qua được."
mình đang cầm dao mà không biết có nên dừng lại không,Trầm cảm/Tuyệt vọng,Khủng hoảng,"Mình hiểu bạn đang rất mệt mỏi và không còn thấy lối thoát. Nhưng cảm giác này có thể thay đổi khi có sự hỗ trợ đúng cách. Gọi 1800 599 920 — chuyên gia sẽ giúp bạn ngay, miễn phí 24/7."
Thiệt tình bị giao dự án mới mà chưa có kinh nghiệm gì. bất an ghê 😱,Lo âu,Công việc,"Bình tĩnh nào! Lo âu kiểu này ai cũng hiểu, đừng tự trách bản thân nhé. Ghi ra giấy những gì đang lo, ưu tiên từng cái. Mình tin bạn sẽ vượt qua được."
"Ae tư vấn giúp, sếp khen project mới làm tốt trước toàn công ty thì nên làm sao? không thể tin được ✨",Vui vẻ,Công việc,Nghe mà vui lây luôn! Bao nhiêu cố gắng cuối cùng đã được đền đáp. Chia sẻ tin này với người thân đi nào. Chúc bạn luôn giữ năng lượng tích cực!
"Ae tư vấn giúp, nay đi đường kh bị tắc, đến nơi sớm hơn thì nên làm sao? kh thể tin dc ✨",Vui vẻ,Cuộc sống,Chúc mừng bạn nhé 🎉 Đúng là ngày may mắn của bạn rồi. Cứ giữ phong độ và tiếp tục phát huy! Yomost lun nha!
"Tớ chi tiêu tháng này lố quá, kh bt xoay sở sao, đổ mồ hôi hột 😱",Lo âu,Cuộc sống,Bình tĩnh nào! Mình hiểu bạn đang lo lắng lắm. Nói chuyện với ai đó bạn tin tưởng — đôi khi chỉ cần kể ra là nhẹ hơn nhiều. Đừng quá nghiêm khắc với bản thân nhé.
bị dọa rớt môn nếu điểm thi kh đạt 😥,Lo âu,Học tập,"Ổn thôi bạn ơi, Mình hiểu bạn đang lo lắng lắm. Nói chuyện với ai đó bạn tin tưởng — đôi khi chỉ cần kể ra là nhẹ hơn nhiều. Mình tin bạn sẽ vượt qua được."
K bt ng ấy có thật sự thích mình không làm hôm nay tim đập thình thịch 😥,Lo âu,Tình cảm,"Bình tĩnh nào! Lo âu kiểu này ai cũng hiểu, đừng tự trách bản thân nhé. Thử đặt deadline nhỏ cho từng việc, đừng nhìn cả đống cùng lúc. Bước qua được rồi sẽ thấy mình lớn hơn đó."
lo lắng kh biết mối quan hệ này có tương lai không làm chời ơi bất an ghê 🥲,Lo âu,Tình cảm,"Bình tĩnh nào! Cảm giác bất an như vậy thật sự rất nặng nề. Uống ly nước ấm, nghỉ một chút rồi tiếp tục. Mọi chuyện rồi sẽ ổn thôi!"
điểm bị chấm sai mà kh đc phúc khảo làm chời ơi cay thật sự 😡,Tức giận,Học tập,Hạ hỏa trước nào! Đúng là có những chuyện không thể bỏ qua được. Viết ra hết cảm xúc bực bội vào giấy rồi xé đi — nhẹ lòng lắm đó. Bỏ qua cho nhẹ đầu nhé.
"Mn ơi bạn mượn tiền lâu rùi mà cứ quên trả, cay thật sự 🙄",Tức giận,Cuộc sống,Hạ hỏa trước nào! Thiệt là củ chuối không chịu được. Viết ra hết cảm xúc bực bội vào giấy rồi xé đi — nhẹ lòng lắm đó. Nghĩ chuyện vui cho đỡ tức nhé.
"Tức á quá, ph làm bù việc của mấy đứa lười trong team 🙄",Tức giận,Công việc,"Hiểu sự bức xúc của bạn luôn! Đúng là có những chuyện không thể bỏ qua được. Xả stress đi, đi dạo hay đấm gối cũng được. Đừng để chuyện bực mình làm hỏng cả ngày."
"Tớ team bị giảm nhân sự, mình ph gánh thêm việc, tim đập thình thịch ...",Lo âu,Công việc,"Từ từ đã bạn ơi. Cảm giác bất an như vậy thật sự rất nặng nề. Ghi ra giấy những gì đang lo, ưu tiên từng cái. Mọi chuyện rồi sẽ ổn thôi!"
Bị sếp la trước mặt cả phòng làm chời ơi buồn thiu 💔,Buồn bã,Công việc,"Mình ở đây rồi, cứ nói ra đi. Cảm giác đó nặng nề lắm, bạn không sao cả. Cứ cho phép bản thân nghỉ ngơi vài ngày. Thời gian sẽ chữa lành mọi thứ."
"Rén ngang quá, chuẩn bị tỏ tình mà sợ bị từ chối 😥",Lo âu,Tình cảm,"Hít thở sâu vào nào. Cảm giác không kiểm soát được mọi thứ thật sự khó chịu. Tắt thông báo điện thoại một lúc, tập trung vào đúng 1 việc thôi. Cố lên nha!"
Thiệt tình hai đứa vừa giải quyết dc hiểu lầm hồi lâu. k thể tin đc,Vui vẻ,Tình cảm,Nghe mà vui lây luôn! Niềm vui này xứng đáng được lan tỏa! Nhớ tự thưởng một chầu ăn ngon nhé. Tiến lên thôi!
bị sếp ép deadline vô lý không có lý do 😤,Tức giận,Công việc,"Uống ngụm nước lạnh đi đã. Bực như vậy mà không nói gì mới lạ, bạn phản ứng bình thường thôi. Hít thở sâu 10 cái rồi tính tiếp. Thả lỏng ra nào!"
"Hôm nay đồ án bị bắt làm lại từ đầu vì lý do mơ hồ, tức á 🤬",Tức giận,Học tập,Nghe mà tức dùm á 😡 Thiệt là củ chuối không chịu được. Viết ra hết cảm xúc bực bội vào giấy rồi xé đi — nhẹ lòng lắm đó. Bỏ qua cho nhẹ đầu nhé.
cảm thấy mình ko xứng vs người ta làm mình thất vọng toàn tập 😢,Buồn bã,Tình cảm,"Mình ở đây rồi, cứ nói ra đi. Ai gặp phải cũng đau lòng thôi, bạn không có gì sai. Buồn thì cứ khóc ra cho nhẹ lòng, đừng cố nuốt vào. Mạnh lên nghen!"
"Chời ơi nuôi con mèo bao năm mà nó đi mất, chán nản thật sự haiz",Buồn bã,Cuộc sống,Lại đây tâm sự với mình nào. Mình rất tiếc khi nghe điều này. Gọi cho bạn thân trút bầu tâm sự nha. Mình luôn ở đây lắng nghe.
"Chán nản thật sự quá, cảm thấy mình không xứng với ng ta 😢",Buồn bã,Tình cảm,"Mình ở đây rồi, cứ nói ra đi. Ai gặp phải cũng đau lòng thôi, bạn không có gì sai. Gọi cho bạn thân trút bầu tâm sự nha. Ngày mai trời sẽ sáng hơn hôm nay."
"Ủa mà dc crush rủ đi chơi cuối tuần, yêu đời hẳn 🤩",Vui vẻ,Tình cảm,Đỉnh thật sự! Đúng là ngày may mắn của bạn rồi. Nhớ tự thưởng một chầu ăn ngon nhé. Chúc bạn luôn giữ năng lượng tích cực!
"Lương về rồi, phát điên làm mn ơi hạnh phúc quá ✨",Vui vẻ,Cuộc sống,Nghe mà vui lây luôn! Thấy bạn vui mình cũng phấn chấn theo. Lưu lại khoảnh khắc này để sau nhìn lại vẫn còn thấy vui. Quá xá đã!
"Tao nay đi đường ko bị tắc, đến nơi sớm hơn, hạnh phúc quá =))",Vui vẻ,Cuộc sống,Wow xịn xò vậy! Cái cảm giác sau bao ngày chờ đợi giờ thành sự thật đỉnh lắm! Đây là động lực để bạn tiếp tục cố gắng những thứ khác nữa đó. Mình tự hào về bạn lắm!
Thiệt tình sắp tới deadline mà chưa làm được chữ nào. run không chịu được,Lo âu,Công việc,"Bình tĩnh nào! Mình biết bạn đang cố gắng hết sức rồi. Chia nhỏ vấn đề ra, xử lý từng bước một nhé. Cố lên nha!"
"Thiệt tình chọn sai ngành, k bt có nên đổi không. tim đập thình thịch 😱",Lo âu,Học tập,"Hít thở sâu vào nào. Mình biết bạn đang cố gắng hết sức rồi. Thử đặt deadline nhỏ cho từng việc, đừng nhìn cả đống cùng lúc. Bước qua được rồi sẽ thấy mình lớn hơn đó."
"Sau khi chia tay tôi không còn thiết sống nữa, không biết làm sao tiếp tục.",Trầm cảm/Tuyệt vọng,Khủng hoảng,"Điều bạn chia sẻ khiến mình rất lo lắng cho bạn. Xin đừng làm hại bản thân nhé. Có người luôn sẵn sàng giúp bạn — hãy gọi 1800 599 920 ngay bây giờ, miễn phí và bảo mật hoàn toàn."
"Ae tư vấn giúp, không biết mình có đang đi đúng hướng trong sự nghiệp không thì nên làm sao? hoang mang tột độ 😰",Lo âu,Công việc,"Bình tĩnh nào! Cảm giác bất an như vậy thật sự rất nặng nề. Tắt thông báo điện thoại một lúc, tập trung vào đúng 1 việc thôi. Đừng quá nghiêm khắc với bản thân nhé."
"Vui xỉu quá, hai đứa vừa giải quyết được hiểu lầm hồi lâu",Vui vẻ,Tình cảm,Tuyệt vời quá! Bao nhiêu cố gắng cuối cùng đã được đền đáp. Chia sẻ tin này với người thân đi nào. Yomost lun nha!
Thiệt tình học bổng về tài khoản rồi. hạnh phúc quá 😆,Vui vẻ,Học tập,Chúc mừng bạn nhé 🎉 Bao nhiêu cố gắng cuối cùng đã được đền đáp. Nhớ tự thưởng một chầu ăn ngon nhé. Yomost lun nha!
"Ae tư vấn giúp, sắp đến kỳ đóng tiền trọ mà lương chưa về thì nên làm sao? đổ mồ hôi hột 🥲",Lo âu,Cuộc sống,"Nghe mình này nhé, Áp lực như vậy ai gặp cũng rén thôi, bạn không có gì sai cả. Uống ly nước ấm, nghỉ một chút rồi tiếp tục. Bước qua được rồi sẽ thấy mình lớn hơn đó."
"Ae tư vấn giúp, áp lực đồng trang lứa học giỏi hơn mình quá nhiều thì nên làm sao? hồi hộp quá",Lo âu,Học tập,"Ổn thôi bạn ơi, Mình hiểu bạn đang lo lắng lắm. Cứ làm hết sức mình, kết quả ra sao cũng không hối hận. Mình tin bạn sẽ vượt qua được."
"Hoang mang tột độ quá, chọn sai ngành, k biết có nên đổi k 😭",Lo âu,Học tập,"Ổn thôi bạn ơi, Áp lực như vậy ai gặp cũng rén thôi, bạn không có gì sai cả. Thử đặt deadline nhỏ cho từng việc, đừng nhìn cả đống cùng lúc. Đừng quá nghiêm khắc với bản thân nhé."
"Giận tím ng quá, xe hỏng giữa đường đúng lúc đang vội nhất 😡",Tức giận,Cuộc sống,"Nghe mà tức dùm á 😡 Nghe mà mình cũng thấy khó chịu theo, bạn có lý mà. Hít thở sâu 10 cái rồi tính tiếp. Bỏ qua cho nhẹ đầu nhé."
"Tao bài thi được điểm cao ngoài mong đợi, phấn khích 😆",Vui vẻ,Học tập,Nghe mà vui lây luôn! Cái cảm giác sau bao ngày chờ đợi giờ thành sự thật đỉnh lắm! Cứ giữ phong độ và tiếp tục phát huy! Mình tự hào về bạn lắm!
"Hoang mang tột độ quá, không hiểu bài nhưng ko dám hỏi thầy 😭",Lo âu,Học tập,"Hít thở sâu vào nào. Cảm giác bất an như vậy thật sự rất nặng nề. Cứ làm hết sức mình, kết quả ra sao cũng không hối hận. Bước qua được rồi sẽ thấy mình lớn hơn đó."
"Lương về rồi, phát điên làm mình kh thể tin được 🤩",Vui vẻ,Cuộc sống,Wow xịn xò vậy! Đúng là ngày may mắn của bạn rồi. Đây là động lực để bạn tiếp tục cố gắng những thứ khác nữa đó. Mình tự hào về bạn lắm!
"Tự nhiên không biết cách tiết kiệm tiền hiệu quả, run không chịu đc 😥",Lo âu,Cuộc sống,"Nghe mình này nhé, Áp lực như vậy ai gặp cũng rén thôi, bạn không có gì sai cả. Tắt thông báo điện thoại một lúc, tập trung vào đúng 1 việc thôi. Mình tin bạn sẽ vượt qua được."
Làm việc cật lực mà không được ghi nhận làm dạo này tê tái 🥀,Buồn bã,Công việc,"Thương bạn quá. Ai gặp phải cũng đau lòng thôi, bạn không có gì sai. Buồn thì cứ khóc ra cho nhẹ lòng, đừng cố nuốt vào. Ngày mai trời sẽ sáng hơn hôm nay."
trời mưa tự nhiên nhớ người yêu cũ làm tự nhiên tê tái 😔,Buồn bã,Tình cảm,Ôm bạn một cái nha. Mình rất tiếc khi nghe điều này. Gọi cho bạn thân trút bầu tâm sự nha. Mạnh lên nghen!
Thấy crush đi chơi với người khác huhu,Lo âu,Tình cảm,"Từ từ đã bạn ơi. Cảm giác không kiểm soát được mọi thứ thật sự khó chịu. Cứ làm hết sức mình, kết quả ra sao cũng không hối hận. Cố lên nha!"
"Hôm nay chuẩn bị tỏ tình mà sợ bị từ chối, hoang mang tột độ 😭",Lo âu,Tình cảm,Hít thở sâu vào nào. Mình biết bạn đang cố gắng hết sức rồi. Nói chuyện với ai đó bạn tin tưởng — đôi khi chỉ cần kể ra là nhẹ hơn nhiều. Mọi chuyện rồi sẽ ổn thôi!
Ng yêu tặng quà bất ngờ làm tự nhiên phấn khích 🎉,Vui vẻ,Tình cảm,Wow xịn xò vậy! Đúng là ngày may mắn của bạn rồi. Lưu lại khoảnh khắc này để sau nhìn lại vẫn còn thấy vui. Quá xá đã!
"Thiệt tình nay đi đường k bị tắc, đến nơi sớm hơn. sướng rơn 😆",Vui vẻ,Cuộc sống,Chúc mừng bạn nhé 🎉 Bao nhiêu cố gắng cuối cùng đã được đền đáp. Đây là động lực để bạn tiếp tục cố gắng những thứ khác nữa đó. Mình tự hào về bạn lắm!
"muốn khóc quá, học ngày học đêm mà điểm vẫn lẹt đẹt 💔",Buồn bã,Học tập,"Lại đây tâm sự với mình nào. Ai gặp phải cũng đau lòng thôi, bạn không có gì sai. Gọi cho bạn thân trút bầu tâm sự nha. Mọi chuyện rồi sẽ qua thôi."
Tôi cảm thấy mình là gánh nặng cho tất cả mọi người xung quanh.,Trầm cảm/Tuyệt vọng,Khủng hoảng,"Nghe bạn nói điều này, mình rất muốn bạn được an toàn. Hãy nhờ người thân đưa bạn đến cơ sở y tế hoặc gọi 1800 599 920 ngay nhé. Cuộc sống của bạn có ý nghĩa hơn bạn nghĩ."
"Ủa mà sắp tới deadline mà chưa làm dc chữ nào, bất an ghê 😥",Lo âu,Công việc,Hít thở sâu vào nào. Cảm giác không kiểm soát được mọi thứ thật sự khó chịu. Nói chuyện với ai đó bạn tin tưởng — đôi khi chỉ cần kể ra là nhẹ hơn nhiều. Mọi chuyện rồi sẽ ổn thôi!
"Không thể tin đc quá, crush nhắn tin trước",Vui vẻ,Tình cảm,Đỉnh thật sự! Đúng là ngày may mắn của bạn rồi. Đây là động lực để bạn tiếp tục cố gắng những thứ khác nữa đó. Chúc bạn luôn giữ năng lượng tích cực!
Thiệt tình lo lắng ko biết mối quan hệ này có tương lai không. run kh chịu được 🥲,Lo âu,Tình cảm,"Nghe mình này nhé, Lo âu kiểu này ai cũng hiểu, đừng tự trách bản thân nhé. Chia nhỏ vấn đề ra, xử lý từng bước một nhé. Bước qua được rồi sẽ thấy mình lớn hơn đó."
"Ủa mà ko hòa nhập đc vs văn hóa công ty mới, thất vọng toàn tập haiz",Buồn bã,Công việc,Lại đây tâm sự với mình nào. Mình rất tiếc khi nghe điều này. Bật nhạc nhẹ hoặc xem phim cho khuây khỏa. Thời gian sẽ chữa lành mọi thứ.
Đang đi đường thì bị xe tạt nước vào ng làm ae ơi sôi máu 🙄,Tức giận,Cuộc sống,"Thở ra đi, thở ra. Gặp chuyện đó ai mà không điên tiết. Đợi nguôi rồi hẵng nói chuyện lại, lúc đó mới xử lý được bình tĩnh hơn. Thả lỏng ra nào!"
crush vừa công khai ng yêu mới làm má ơi buồn thiu 😞,Buồn bã,Tình cảm,"Mình ở đây rồi, cứ nói ra đi. Ai gặp phải cũng đau lòng thôi, bạn không có gì sai. Buồn thì cứ khóc ra cho nhẹ lòng, đừng cố nuốt vào. Mình luôn ở đây lắng nghe."
"Ae tư vấn giúp, bài thi dc điểm cao ngoài mong đợi thì nên làm sao? không thể tin được 🎉",Vui vẻ,Học tập,Wow xịn xò vậy! Đúng là ngày may mắn của bạn rồi. Đây là động lực để bạn tiếp tục cố gắng những thứ khác nữa đó. Chúc bạn luôn giữ năng lượng tích cực!
"Ae tư vấn giúp, bị trừ lương vì một lỗi nhỏ thì nên làm sao? buồn thiu",Buồn bã,Công việc,"Lại đây tâm sự với mình nào. Ai gặp phải cũng đau lòng thôi, bạn không có gì sai. Đừng thu mình lại, có mình ở đây mà. Mình luôn ở đây lắng nghe."
"Tui không hiểu bài nhưng kh dám hỏi thầy, hoang mang tột độ ...",Lo âu,Học tập,"Từ từ đã bạn ơi. Mình hiểu bạn đang lo lắng lắm. Thử đặt deadline nhỏ cho từng việc, đừng nhìn cả đống cùng lúc. Đừng quá nghiêm khắc với bản thân nhé."
Nhìn cảnh nhà ng ta hạnh phúc mà tủi thân làm hôm nay muốn khóc 😞,Buồn bã,Cuộc sống,"Chia buồn cùng bạn. Ai gặp phải cũng đau lòng thôi, bạn không có gì sai. Gọi cho bạn thân trút bầu tâm sự nha. Ngày mai trời sẽ sáng hơn hôm nay."
Thiệt tình bị đồng nghiệp đổ lỗi cho mình trước mặt sếp. sôi máu,Tức giận,Công việc,"Hiểu sự bức xúc của bạn luôn! Gặp chuyện đó ai mà không điên tiết. Đừng vội phản ứng lúc này, giận quá dễ nói sai. Thả lỏng ra nào!"
Phát hiện ng yêu nói dối 😤,Tức giận,Tình cảm,"Nghe mà tức dùm á 😡 Thiệt là củ chuối không chịu được. Đợi nguôi rồi hẵng nói chuyện lại, lúc đó mới xử lý được bình tĩnh hơn. Mình tin bạn sẽ xử lý được thôi."
Thiệt tình bị giao dự án mới mà chưa có kinh nghiệm gì. tim đập thình thịch ...,Lo âu,Công việc,"Bình tĩnh nào! Áp lực như vậy ai gặp cũng rén thôi, bạn không có gì sai cả. Cứ làm hết sức mình, kết quả ra sao cũng không hối hận. Cố lên nha!"
bị dọa rớt môn nếu điểm thi ko đạt làm mn ơi run k chịu đc ...,Lo âu,Học tập,"Bình tĩnh nào! Áp lực như vậy ai gặp cũng rén thôi, bạn không có gì sai cả. Ghi ra giấy những gì đang lo, ưu tiên từng cái. Đừng quá nghiêm khắc với bản thân nhé."
chốt đơn thành công món đồ ao ước bấy lâu làm ae ơi vui xỉu 🎉,Vui vẻ,Cuộc sống,Chúc mừng bạn nhé 🎉 Cái cảm giác sau bao ngày chờ đợi giờ thành sự thật đỉnh lắm! Lưu lại khoảnh khắc này để sau nhìn lại vẫn còn thấy vui. Quá xá đã!
"Tôi không còn muốn sống nữa, mọi thứ thật vô nghĩa.",Trầm cảm/Tuyệt vọng,Khủng hoảng,"Mình nghe thấy bạn đang rất đau khổ lúc này. Bạn không cần chịu đựng một mình đâu. Hãy gọi ngay 1800 599 920 (miễn phí, 24/7) để được chuyên gia lắng nghe. Cuộc sống của bạn rất quý giá."
"Tim đập thình thịch quá, lo lắng ko biết mối quan hệ này có tương lai không huhu",Lo âu,Tình cảm,"Từ từ đã bạn ơi. Cảm giác bất an như vậy thật sự rất nặng nề. Chia nhỏ vấn đề ra, xử lý từng bước một nhé. Mọi chuyện rồi sẽ ổn thôi!"
"Hôm nay cãi nhau với ng yêu, không biết có ổn kh, chán nản thật sự 🥀",Buồn bã,Tình cảm,"Chia buồn cùng bạn. Mình rất tiếc khi nghe điều này. Buồn thì cứ khóc ra cho nhẹ lòng, đừng cố nuốt vào. Thời gian sẽ chữa lành mọi thứ."
"Ae ơi đồ án bị bắt làm lại từ đầu vì lý do mơ hồ, tức á 🔥",Tức giận,Học tập,"Nghe mà tức dùm á 😡 Đúng là có những chuyện không thể bỏ qua được. Xả stress đi, đi dạo hay đấm gối cũng được. Mình tin bạn sẽ xử lý được thôi."
"k ai quan tâm t sống chết ra sao, thà chết đi cho xong",Trầm cảm/Tuyệt vọng,Khủng hoảng,"Mình nghe thấy bạn đang rất đau khổ lúc này. Bạn không cần chịu đựng một mình đâu. Hãy gọi ngay 1800 599 920 (miễn phí, 24/7) để được chuyên gia lắng nghe. Cuộc sống của bạn rất quý giá."
Thiệt tình hôm nay kỷ niệm một năm yêu nhau. hạnh phúc quá ✨,Vui vẻ,Tình cảm,Nghe mà vui lây luôn! Thấy bạn vui mình cũng phấn chấn theo. Cứ giữ phong độ và tiếp tục phát huy! Mình tự hào về bạn lắm!
Sắp đến kỳ đánh giá cuối năm mà thành tích chưa đủ làm dạo này đổ mồ hôi hột ...,Lo âu,Công việc,"Từ từ đã bạn ơi. Áp lực như vậy ai gặp cũng rén thôi, bạn không có gì sai cả. Uống ly nước ấm, nghỉ một chút rồi tiếp tục. Mọi chuyện rồi sẽ ổn thôi!"
"Ae tư vấn giúp, vừa chốt dc hợp đồng lớn sau bao ngày nỗ lực thì nên làm sao? sướng rơn =))",Vui vẻ,Công việc,Đỉnh thật sự! Đúng là ngày may mắn của bạn rồi. Chia sẻ tin này với người thân đi nào. Tiến lên thôi!
"Chời ơi điểm thi thử thấp quá, sợ thi thật sẽ tệ hơn, bất an ghê 😱",Lo âu,Học tập,Hít thở sâu vào nào. Cảm giác bất an như vậy thật sự rất nặng nề. Nói chuyện với ai đó bạn tin tưởng — đôi khi chỉ cần kể ra là nhẹ hơn nhiều. Bước qua được rồi sẽ thấy mình lớn hơn đó.
"Ae tư vấn giúp, nay đi đường không bị tắc, đến nơi sớm hơn thì nên làm sao? hạnh phúc quá 🥰",Vui vẻ,Cuộc sống,Tuyệt vời quá! Thấy bạn vui mình cũng phấn chấn theo. Lưu lại khoảnh khắc này để sau nhìn lại vẫn còn thấy vui. Mình tự hào về bạn lắm!
"Buồn thiu quá, bị trừ lương vì một lỗi nhỏ 😞",Buồn bã,Công việc,"Chia buồn cùng bạn. Buồn như vậy là hoàn toàn bình thường, đừng cố kìm lại. Gọi cho bạn thân trút bầu tâm sự nha. Ngày mai trời sẽ sáng hơn hôm nay."
"Ae tư vấn giúp, chốt đơn thành công món đồ ao ước bấy lâu thì nên làm sao? sướng rơn 🎉",Vui vẻ,Cuộc sống,Tuyệt vời quá! Niềm vui này xứng đáng được lan tỏa! Tận hưởng khoảnh khắc này đến cùng nhé. Tiến lên thôi!
Bốc trúng phần thưởng to trong sự kiện làm hôm nay yêu đời hẳn 🥰,Vui vẻ,Cuộc sống,Chúc mừng bạn nhé 🎉 Thấy bạn vui mình cũng phấn chấn theo. Nhớ tự thưởng một chầu ăn ngon nhé. Tiến lên thôi!
Thiệt tình gia đình hối thúc chuyện cưới xin. lo lắng thật sự 😥,Lo âu,Tình cảm,"Từ từ đã bạn ơi. Cảm giác không kiểm soát được mọi thứ thật sự khó chịu. Ghi ra giấy những gì đang lo, ưu tiên từng cái. Mọi chuyện rồi sẽ ổn thôi!"
"Mn ơi hôm nay xử lý đc bug khó mà cả team đều bó tay, vui xỉu 🤩",Vui vẻ,Công việc,Nghe mà vui lây luôn! Cái cảm giác sau bao ngày chờ đợi giờ thành sự thật đỉnh lắm! Nhớ tự thưởng một chầu ăn ngon nhé. Quá xá đã!
"Ae tư vấn giúp, bị hủy hẹn đi chơi phút chót k có lý do thì nên làm sao? giận tím người 😡",Tức giận,Tình cảm,Hiểu sự bức xúc của bạn luôn! Gặp chuyện đó ai mà không điên tiết. Hít thở sâu 10 cái rồi tính tiếp. Đừng để chuyện bực mình làm hỏng cả ngày.
Sếp khen project mới làm tốt trước toàn công ty làm tớ phê 🤩,Vui vẻ,Công việc,Wow xịn xò vậy! Cái cảm giác sau bao ngày chờ đợi giờ thành sự thật đỉnh lắm! Cứ giữ phong độ và tiếp tục phát huy! Tiến lên thôi!
Thiệt tình ng yêu tặng quà bất ngờ. phê ✨,Vui vẻ,Tình cảm,Wow xịn xò vậy! Bao nhiêu cố gắng cuối cùng đã được đền đáp. Chia sẻ tin này với người thân đi nào. Tiến lên thôi!
trời mưa tự nhiên nhớ ng yêu cũ 😢,Buồn bã,Tình cảm,"Lại đây tâm sự với mình nào. Chuyện đó thật sự khiến người ta hụt hẫng nhiều. Buồn thì cứ khóc ra cho nhẹ lòng, đừng cố nuốt vào. Mạnh lên nghen!"
"Mình bị sếp ép deadline vô lý không có lý do, cay thật sự 😤",Tức giận,Công việc,"Uống ngụm nước lạnh đi đã. Sự bực bội của bạn hoàn toàn chính đáng. Xả stress đi, đi dạo hay đấm gối cũng được. Thả lỏng ra nào!"
"Hoang mang tột độ quá, nghĩ về tương lai thấy mông lung quá 🥲",Lo âu,Cuộc sống,"Từ từ đã bạn ơi. Mình biết bạn đang cố gắng hết sức rồi. Tắt thông báo điện thoại một lúc, tập trung vào đúng 1 việc thôi. Mọi chuyện rồi sẽ ổn thôi!"
ng yêu tặng quà bất ngờ 😎,Vui vẻ,Tình cảm,Wow xịn xò vậy! Đúng là ngày may mắn của bạn rồi. Đây là động lực để bạn tiếp tục cố gắng những thứ khác nữa đó. Quá xá đã!
không bt mình có đang đi đúng hướng trong sự nghiệp kh làm chời ơi bất an ghê 😭,Lo âu,Công việc,"Từ từ đã bạn ơi. Cảm giác bất an như vậy thật sự rất nặng nề. Thử đặt deadline nhỏ cho từng việc, đừng nhìn cả đống cùng lúc. Mọi chuyện rồi sẽ ổn thôi!"
Nghĩ về tương lai thấy mông lung quá làm dạo này rén ngang,Lo âu,Cuộc sống,"Từ từ đã bạn ơi. Cảm giác không kiểm soát được mọi thứ thật sự khó chịu. Ghi ra giấy những gì đang lo, ưu tiên từng cái. Đừng quá nghiêm khắc với bản thân nhé."
"buồn thiu quá, bị đình chỉ thi vì vi phạm nội quy 💔",Buồn bã,Học tập,"Chia buồn cùng bạn. Mình rất tiếc khi nghe điều này. Buồn thì cứ khóc ra cho nhẹ lòng, đừng cố nuốt vào. Ngày mai trời sẽ sáng hơn hôm nay."
"Tự nhiên chuẩn bị bảo vệ luận văn mà chưa ôn kỹ, run k chịu được 😥",Lo âu,Học tập,"Hít thở sâu vào nào. Áp lực như vậy ai gặp cũng rén thôi, bạn không có gì sai cả. Ghi ra giấy những gì đang lo, ưu tiên từng cái. Mọi chuyện rồi sẽ ổn thôi!"
"Chời ơi bạn cùng nhóm kh chịu đóng góp bài tập, tức á 🔥",Tức giận,Học tập,"Uống ngụm nước lạnh đi đã. Nghe mà mình cũng thấy khó chịu theo, bạn có lý mà. Xả stress đi, đi dạo hay đấm gối cũng được. Nghĩ chuyện vui cho đỡ tức nhé."
thấy crush đi chơi với ng khác làm dạo này hoang mang tột độ 😱,Lo âu,Tình cảm,"Ổn thôi bạn ơi, Lo âu kiểu này ai cũng hiểu, đừng tự trách bản thân nhé. Cứ làm hết sức mình, kết quả ra sao cũng không hối hận. Bước qua được rồi sẽ thấy mình lớn hơn đó."
sắp đến kỳ đánh giá cuối năm mà thành tích chưa đủ làm tớ hồi hộp quá 😰,Lo âu,Công việc,"Nghe mình này nhé, Mình biết bạn đang cố gắng hết sức rồi. Cứ làm hết sức mình, kết quả ra sao cũng không hối hận. Bước qua được rồi sẽ thấy mình lớn hơn đó."
"Ae tư vấn giúp, bị đình chỉ thi vì vi phạm nội quy thì nên làm sao? thất vọng toàn tập 😞",Buồn bã,Học tập,"Chia buồn cùng bạn. Ai gặp phải cũng đau lòng thôi, bạn không có gì sai. Đừng thu mình lại, có mình ở đây mà. Mình luôn ở đây lắng nghe."
Thiệt tình sắp đến kỳ đóng tiền trọ mà lương chưa về. lo lắng thật sự 😰,Lo âu,Cuộc sống,"Ổn thôi bạn ơi, Cảm giác không kiểm soát được mọi thứ thật sự khó chịu. Nói chuyện với ai đó bạn tin tưởng — đôi khi chỉ cần kể ra là nhẹ hơn nhiều. Mọi chuyện rồi sẽ ổn thôi!"
Thiệt tình được thăng chức rồi. k thể tin đc,Vui vẻ,Công việc,Nghe mà vui lây luôn! Thấy bạn vui mình cũng phấn chấn theo. Đây là động lực để bạn tiếp tục cố gắng những thứ khác nữa đó. Chúc bạn luôn giữ năng lượng tích cực!
"Sôi máu quá, đã dặn k ăn hành mà vẫn bỏ nguyên đống vào 🔥",Tức giận,Cuộc sống,"Hạ hỏa trước nào! Thiệt là củ chuối không chịu được. Đừng vội phản ứng lúc này, giận quá dễ nói sai. Nghĩ chuyện vui cho đỡ tức nhé."
"Tớ xe hỏng giữa đường đúng lúc đang vội nhất, cay thật sự 💢",Tức giận,Cuộc sống,"Hạ hỏa trước nào! Thiệt là củ chuối không chịu được. Xả stress đi, đi dạo hay đấm gối cũng được. Bỏ qua cho nhẹ đầu nhé."
"Ae tư vấn giúp, dự án tâm huyết bị hủy bỏ phút chót thì nên làm sao? buồn thiu 🥀",Buồn bã,Công việc,"Ôm bạn một cái nha. Cảm giác đó nặng nề lắm, bạn không sao cả. Bước ra ngoài đi dạo một chút, không khí tươi cũng giúp được phần nào. Mình luôn ở đây lắng nghe."
"Hôm nay bạn cùng nhóm kh chịu đóng góp bài tập, giận tím người 🔥",Tức giận,Học tập,"Nghe mà tức dùm á 😡 Nghe mà mình cũng thấy khó chịu theo, bạn có lý mà. Bơ đi mà sống, để bụng chỉ tổ mệt mình. Thả lỏng ra nào!"
Thiệt tình chờ mãi không thấy người ấy rep tin nhắn. rén ngang huhu,Lo âu,Tình cảm,"Nghe mình này nhé, Cảm giác không kiểm soát được mọi thứ thật sự khó chịu. Nói chuyện với ai đó bạn tin tưởng — đôi khi chỉ cần kể ra là nhẹ hơn nhiều. Mình tin bạn sẽ vượt qua được."
"Má ơi cảm thấy cô đơn lạc lõng giữa đám đông, tê tái 😞",Buồn bã,Cuộc sống,"Lại đây tâm sự với mình nào. Chuyện đó thật sự khiến người ta hụt hẫng nhiều. Bước ra ngoài đi dạo một chút, không khí tươi cũng giúp được phần nào. Mạnh lên nghen!"
"hoang mang tột độ quá, thấy crush đi chơi với ng khác huhu",Lo âu,Tình cảm,"Ổn thôi bạn ơi, Mình biết bạn đang cố gắng hết sức rồi. Chia nhỏ vấn đề ra, xử lý từng bước một nhé. Mình tin bạn sẽ vượt qua được."
"Ae tư vấn giúp, bài thi đc điểm cao ngoài mong đợi thì nên làm sao? sướng rơn ✨",Vui vẻ,Học tập,Đỉnh thật sự! Niềm vui này xứng đáng được lan tỏa! Cứ giữ phong độ và tiếp tục phát huy! Quá xá đã!
"Thiệt tình mới chia tay xong, cứ thấy trống rỗng. buồn thiu haiz",Buồn bã,Tình cảm,Ôm bạn một cái nha. Chuyện đó thật sự khiến người ta hụt hẫng nhiều. Cứ cho phép bản thân nghỉ ngơi vài ngày. Mình luôn ở đây lắng nghe.
"Tui được thầy khen bài luận trước lớp, vui xỉu 😆",Vui vẻ,Học tập,Wow xịn xò vậy! Cái cảm giác sau bao ngày chờ đợi giờ thành sự thật đỉnh lắm! Nhớ tự thưởng một chầu ăn ngon nhé. Mình tự hào về bạn lắm!
Thiệt tình xe hỏng giữa đường đúng lúc đang vội nhất. điên máu,Tức giận,Cuộc sống,"Hạ hỏa trước nào! Thiệt là củ chuối không chịu được. Bơ đi mà sống, để bụng chỉ tổ mệt mình. Bỏ qua cho nhẹ đầu nhé."
"Dạo này sắp đến kỳ đóng tiền trọ mà lương chưa về, lo lắng thật sự 😥",Lo âu,Cuộc sống,"Từ từ đã bạn ơi. Mình hiểu bạn đang lo lắng lắm. Ghi ra giấy những gì đang lo, ưu tiên từng cái. Bước qua được rồi sẽ thấy mình lớn hơn đó."
"Tao crush nhắn tin trước, không thể tin đc 😎",Vui vẻ,Tình cảm,Tuyệt vời quá! Bao nhiêu cố gắng cuối cùng đã được đền đáp. Lưu lại khoảnh khắc này để sau nhìn lại vẫn còn thấy vui. Tiến lên thôi!
"Mới chia tay xong, cứ thấy trống rỗng làm ủa mà tê tái haiz",Buồn bã,Tình cảm,"Ôm bạn một cái nha. Buồn như vậy là hoàn toàn bình thường, đừng cố kìm lại. Đừng thu mình lại, có mình ở đây mà. Mọi chuyện rồi sẽ qua thôi."
"Ae tư vấn giúp, không bt ng ấy có thật sự thích mình ko thì nên làm sao? đổ mồ hôi hột ...",Lo âu,Tình cảm,"Nghe mình này nhé, Cảm giác bất an như vậy thật sự rất nặng nề. Tắt thông báo điện thoại một lúc, tập trung vào đúng 1 việc thôi. Cố lên nha!"
đồ án bị bắt làm lại từ đầu vì lý do mơ hồ làm mình điên máu 🙄,Tức giận,Học tập,"Uống ngụm nước lạnh đi đã. Bực như vậy mà không nói gì mới lạ, bạn phản ứng bình thường thôi. Xả stress đi, đi dạo hay đấm gối cũng được. Bỏ qua cho nhẹ đầu nhé."
"Ae tư vấn giúp, cảm giác mối quan hệ đang ngày càng nhạt dần thì nên làm sao? tim đập thình thịch 😭",Lo âu,Tình cảm,Hít thở sâu vào nào. Cảm giác bất an như vậy thật sự rất nặng nề. Nói chuyện với ai đó bạn tin tưởng — đôi khi chỉ cần kể ra là nhẹ hơn nhiều. Mọi chuyện rồi sẽ ổn thôi!
"sôi máu quá, nhắn tin cả ngày mà kh thèm đọc nhưng vẫn online 😤",Tức giận,Tình cảm,"Hạ hỏa trước nào! Gặp chuyện đó ai mà không điên tiết. Đừng vội phản ứng lúc này, giận quá dễ nói sai. Đừng để chuyện bực mình làm hỏng cả ngày."
Thiệt tình mọi thứ dạo này cứ xui xẻo liên tục. chán nản thật sự haiz,Buồn bã,Cuộc sống,"Lại đây tâm sự với mình nào. Mình rất tiếc khi nghe điều này. Buồn thì cứ khóc ra cho nhẹ lòng, đừng cố nuốt vào. Mình luôn ở đây lắng nghe."
"hạnh phúc quá quá, ng yêu tặng quà bất ngờ 🤩",Vui vẻ,Tình cảm,Wow xịn xò vậy! Bao nhiêu cố gắng cuối cùng đã được đền đáp. Tận hưởng khoảnh khắc này đến cùng nhé. Yomost lun nha!
"Ae tư vấn giúp, nay đi đường không bị tắc, đến nơi sớm hơn thì nên làm sao? vui xỉu 😎",Vui vẻ,Cuộc sống,Nghe mà vui lây luôn! Cái cảm giác sau bao ngày chờ đợi giờ thành sự thật đỉnh lắm! Nhớ tự thưởng một chầu ăn ngon nhé. Tiến lên thôi!
"Ae tư vấn giúp, bị trừ lương vì một lỗi nhỏ thì nên làm sao? chán nản thật sự 💔",Buồn bã,Công việc,"Lại đây tâm sự với mình nào. Ai gặp phải cũng đau lòng thôi, bạn không có gì sai. Buồn thì cứ khóc ra cho nhẹ lòng, đừng cố nuốt vào. Mạnh lên nghen!"
"run không chịu được quá, k biết mình có đang đi đúng hướng trong sự nghiệp kh 🥲",Lo âu,Công việc,"Nghe mình này nhé, Cảm giác bất an như vậy thật sự rất nặng nề. Thử đặt deadline nhỏ cho từng việc, đừng nhìn cả đống cùng lúc. Đừng quá nghiêm khắc với bản thân nhé."
bị hủy hẹn đi chơi phút chót k có lý do làm ae ơi giận tím ng 😤,Tức giận,Tình cảm,"Thở ra đi, thở ra. Nghe mà mình cũng thấy khó chịu theo, bạn có lý mà. Đừng vội phản ứng lúc này, giận quá dễ nói sai. Nghĩ chuyện vui cho đỡ tức nhé."
"Má ơi hôm nay kỷ niệm một năm yêu nhau, vui xỉu 🤩",Vui vẻ,Tình cảm,Nghe mà vui lây luôn! Thấy bạn vui mình cũng phấn chấn theo. Lưu lại khoảnh khắc này để sau nhìn lại vẫn còn thấy vui. Tiến lên thôi!
Được thầy khen bài luận trước lớp làm ae ơi sướng rơn 🤩,Vui vẻ,Học tập,Chúc mừng bạn nhé 🎉 Kết quả này là thành quả xứng đáng từ nỗ lực của bạn. Chia sẻ tin này với người thân đi nào. Yomost lun nha!
Thiệt tình vừa chốt được hợp đồng lớn sau bao ngày nỗ lực. không thể tin dc 😎,Vui vẻ,Công việc,Wow xịn xò vậy! Niềm vui này xứng đáng được lan tỏa! Tận hưởng khoảnh khắc này đến cùng nhé. Chúc bạn luôn giữ năng lượng tích cực!
"giận tím ng quá, đang thi online thì rớt mạng mất cả bài 💢",Tức giận,Học tập,Nghe mà tức dùm á 😡 Thiệt là củ chuối không chịu được. Hít thở sâu 10 cái rồi tính tiếp. Bỏ qua cho nhẹ đầu nhé.
"Ae tư vấn giúp, lo lắng không biết mối quan hệ này có tương lai ko thì nên làm sao? tim đập thình thịch 😰",Lo âu,Tình cảm,"Hít thở sâu vào nào. Áp lực như vậy ai gặp cũng rén thôi, bạn không có gì sai cả. Cứ làm hết sức mình, kết quả ra sao cũng không hối hận. Mình tin bạn sẽ vượt qua được."
"Hôm nay team bị giảm nhân sự, mình ph gánh thêm việc, run không chịu được 😭",Lo âu,Công việc,"Nghe mình này nhé, Lo âu kiểu này ai cũng hiểu, đừng tự trách bản thân nhé. Thử đặt deadline nhỏ cho từng việc, đừng nhìn cả đống cùng lúc. Mọi chuyện rồi sẽ ổn thôi!"
"Tự nhiên cảm giác bị tụt hậu so với bạn bè đồng trang lứa, run không chịu đc 😭",Lo âu,Cuộc sống,"Từ từ đã bạn ơi. Lo âu kiểu này ai cũng hiểu, đừng tự trách bản thân nhé. Thử đặt deadline nhỏ cho từng việc, đừng nhìn cả đống cùng lúc. Mọi chuyện rồi sẽ ổn thôi!"
Áp lực đồng trang lứa học giỏi hơn mình quá nhiều làm tui run ko chịu được huhu,Lo âu,Học tập,"Ổn thôi bạn ơi, Mình hiểu bạn đang lo lắng lắm. Ghi ra giấy những gì đang lo, ưu tiên từng cái. Mình tin bạn sẽ vượt qua được."
"Chời ơi chờ mãi k thấy người ấy rep tin nhắn, tim đập thình thịch ...",Lo âu,Tình cảm,"Hít thở sâu vào nào. Lo âu kiểu này ai cũng hiểu, đừng tự trách bản thân nhé. Ghi ra giấy những gì đang lo, ưu tiên từng cái. Cố lên nha!"
"Ae tư vấn giúp, sắp tới deadline mà chưa làm dc chữ nào thì nên làm sao? bất an ghê huhu",Lo âu,Công việc,"Từ từ đã bạn ơi. Mình biết bạn đang cố gắng hết sức rồi. Uống ly nước ấm, nghỉ một chút rồi tiếp tục. Đừng quá nghiêm khắc với bản thân nhé."
"rén ngang quá, chi tiêu tháng này lố quá, ko bt xoay sở sao 😰",Lo âu,Cuộc sống,"Ổn thôi bạn ơi, Mình biết bạn đang cố gắng hết sức rồi. Uống ly nước ấm, nghỉ một chút rồi tiếp tục. Cố lên nha!"
Thiệt tình cảm thấy cô đơn lạc lõng giữa đám đông. thất vọng toàn tập 😢,Buồn bã,Cuộc sống,"Lại đây tâm sự với mình nào. Mình rất tiếc khi nghe điều này. Buồn thì cứ khóc ra cho nhẹ lòng, đừng cố nuốt vào. Ngày mai trời sẽ sáng hơn hôm nay."
"chi tiêu tháng này lố quá, không biết xoay sở sao 😭",Lo âu,Cuộc sống,"Ổn thôi bạn ơi, Mình hiểu bạn đang lo lắng lắm. Chia nhỏ vấn đề ra, xử lý từng bước một nhé. Mọi chuyện rồi sẽ ổn thôi!"
"Ủa mà chốt đơn thành công món đồ ao ước bấy lâu, không thể tin được ✨",Vui vẻ,Cuộc sống,Wow xịn xò vậy! Đúng là ngày may mắn của bạn rồi. Chia sẻ tin này với người thân đi nào. Quá xá đã!
"Thất vọng toàn tập quá, crush vừa công khai người yêu mới 💔",Buồn bã,Tình cảm,Chia buồn cùng bạn. Mình rất tiếc khi nghe điều này. Cứ cho phép bản thân nghỉ ngơi vài ngày. Mạnh lên nghen!
đã dặn không ăn hành mà vẫn bỏ nguyên đống vào làm tớ điên máu 🔥,Tức giận,Cuộc sống,"Nghe mà tức dùm á 😡 Thiệt là củ chuối không chịu được. Bơ đi mà sống, để bụng chỉ tổ mệt mình. Bỏ qua cho nhẹ đầu nhé."
"rén ngang quá, áp lực KPI tháng này cao quá, sợ không đạt 😥",Lo âu,Công việc,"Bình tĩnh nào! Mình biết bạn đang cố gắng hết sức rồi. Thử đặt deadline nhỏ cho từng việc, đừng nhìn cả đống cùng lúc. Bước qua được rồi sẽ thấy mình lớn hơn đó."
"lo lắng thật sự quá, mới nghỉ việc xong chưa biết làm gì tiếp huhu",Lo âu,Công việc,"Hít thở sâu vào nào. Cảm giác không kiểm soát được mọi thứ thật sự khó chịu. Chia nhỏ vấn đề ra, xử lý từng bước một nhé. Mọi chuyện rồi sẽ ổn thôi!"
hôm nay xử lý dc bug khó mà cả team đều bó tay làm tớ phấn khích 😆,Vui vẻ,Công việc,Nghe mà vui lây luôn! Cái cảm giác sau bao ngày chờ đợi giờ thành sự thật đỉnh lắm! Nhớ tự thưởng một chầu ăn ngon nhé. Yomost lun nha!
"t đang tự hại bản thân, k bt phải làm gì",Trầm cảm/Tuyệt vọng,Khủng hoảng,"Mình nghe bạn. Cảm giác kiệt sức và tuyệt vọng như vậy thật nặng nề. Nhưng đây là lúc bạn cần được hỗ trợ bởi chuyên gia. Gọi 1800 599 920 — họ sẽ lắng nghe bạn 24/7, hoàn toàn miễn phí."
"Ae tư vấn giúp, chờ mãi không thấy người ấy rep tin nhắn thì nên làm sao? đổ mồ hôi hột 😥",Lo âu,Tình cảm,"Nghe mình này nhé, Mình biết bạn đang cố gắng hết sức rồi. Tắt thông báo điện thoại một lúc, tập trung vào đúng 1 việc thôi. Cố lên nha!"
"giận tím ng quá, bạn mượn tiền lâu rồi mà cứ quên trả 🔥",Tức giận,Cuộc sống,"Hiểu sự bức xúc của bạn luôn! Bực như vậy mà không nói gì mới lạ, bạn phản ứng bình thường thôi. Hít thở sâu 10 cái rồi tính tiếp. Đừng để chuyện bực mình làm hỏng cả ngày."
"Đổ mồ hôi hột quá, mới nghỉ việc xong chưa bt làm gì tiếp",Lo âu,Công việc,"Ổn thôi bạn ơi, Cảm giác bất an như vậy thật sự rất nặng nề. Nói chuyện với ai đó bạn tin tưởng — đôi khi chỉ cần kể ra là nhẹ hơn nhiều. Đừng quá nghiêm khắc với bản thân nhé."
trời mưa tự nhiên nhớ ng yêu cũ làm tui tê tái,Buồn bã,Tình cảm,"Ôm bạn một cái nha. Cảm giác đó nặng nề lắm, bạn không sao cả. Buồn thì cứ khóc ra cho nhẹ lòng, đừng cố nuốt vào. Mạnh lên nghen!"
chuẩn bị bảo vệ luận văn mà chưa ôn kỹ huhu,Lo âu,Học tập,"Từ từ đã bạn ơi. Cảm giác bất an như vậy thật sự rất nặng nề. Tắt thông báo điện thoại một lúc, tập trung vào đúng 1 việc thôi. Cố lên nha!"
"rén ngang quá, khối lượng công việc nhiều quá, ko biết bắt đầu từ đâu 😭",Lo âu,Công việc,"Ổn thôi bạn ơi, Cảm giác không kiểm soát được mọi thứ thật sự khó chịu. Ghi ra giấy những gì đang lo, ưu tiên từng cái. Mọi chuyện rồi sẽ ổn thôi!"
"hồi hộp quá quá, nghĩ về tương lai thấy mông lung quá 🥲",Lo âu,Cuộc sống,"Nghe mình này nhé, Mình biết bạn đang cố gắng hết sức rồi. Ghi ra giấy những gì đang lo, ưu tiên từng cái. Mình tin bạn sẽ vượt qua được."
"Ae tư vấn giúp, chuẩn bị bảo vệ luận văn mà chưa ôn kỹ thì nên làm sao? hoang mang tột độ",Lo âu,Học tập,Bình tĩnh nào! Mình hiểu bạn đang lo lắng lắm. Nói chuyện với ai đó bạn tin tưởng — đôi khi chỉ cần kể ra là nhẹ hơn nhiều. Mọi chuyện rồi sẽ ổn thôi!
cảm thấy mình không xứng vs ng ta làm má ơi chán nản thật sự 😔,Buồn bã,Tình cảm,"Thương bạn quá. Ai gặp phải cũng đau lòng thôi, bạn không có gì sai. Đừng thu mình lại, có mình ở đây mà. Mọi chuyện rồi sẽ qua thôi."
"tim đập thình thịch quá, sắp tới deadline mà chưa làm được chữ nào ...",Lo âu,Công việc,"Bình tĩnh nào! Lo âu kiểu này ai cũng hiểu, đừng tự trách bản thân nhé. Cứ làm hết sức mình, kết quả ra sao cũng không hối hận. Mọi chuyện rồi sẽ ổn thôi!"
Thiệt tình phải làm bù việc của mấy đứa lười trong team. điên máu,Tức giận,Công việc,"Thở ra đi, thở ra. Thiệt là củ chuối không chịu được. Đừng vội phản ứng lúc này, giận quá dễ nói sai. Nghĩ chuyện vui cho đỡ tức nhé."
"Ae tư vấn giúp, cảm giác mối quan hệ đang ngày càng nhạt dần thì nên làm sao? lo lắng thật sự 😱",Lo âu,Tình cảm,"Ổn thôi bạn ơi, Cảm giác không kiểm soát được mọi thứ thật sự khó chịu. Cứ làm hết sức mình, kết quả ra sao cũng không hối hận. Bước qua được rồi sẽ thấy mình lớn hơn đó."
Hôm nay kỷ niệm một năm yêu nhau làm tao yêu đời hẳn 😎,Vui vẻ,Tình cảm,Chúc mừng bạn nhé 🎉 Niềm vui này xứng đáng được lan tỏa! Cứ giữ phong độ và tiếp tục phát huy! Yomost lun nha!
bị hủy hẹn đi chơi phút chót không có lý do 🔥,Tức giận,Tình cảm,"Thở ra đi, thở ra. Nghe mà mình cũng thấy khó chịu theo, bạn có lý mà. Hít thở sâu 10 cái rồi tính tiếp. Nghĩ chuyện vui cho đỡ tức nhé."
"Rén ngang quá, cảm giác mối quan hệ đang ngày càng nhạt dần 😭",Lo âu,Tình cảm,"Ổn thôi bạn ơi, Cảm giác không kiểm soát được mọi thứ thật sự khó chịu. Thử đặt deadline nhỏ cho từng việc, đừng nhìn cả đống cùng lúc. Cố lên nha!"
Thiệt tình mới nghỉ việc xong chưa biết làm gì tiếp. hoang mang tột độ 😰,Lo âu,Công việc,Bình tĩnh nào! Mình biết bạn đang cố gắng hết sức rồi. Nói chuyện với ai đó bạn tin tưởng — đôi khi chỉ cần kể ra là nhẹ hơn nhiều. Mọi chuyện rồi sẽ ổn thôi!
Thiệt tình bị rớt môn dù đã cố gắng học. muốn khóc 🥀,Buồn bã,Học tập,"Ôm bạn một cái nha. Mình rất tiếc khi nghe điều này. Đừng thu mình lại, có mình ở đây mà. Ngày mai trời sẽ sáng hơn hôm nay."
"Hoang mang tột độ quá, kh bt mình có đang đi đúng hướng trong sự nghiệp ko huhu",Lo âu,Công việc,"Từ từ đã bạn ơi. Mình biết bạn đang cố gắng hết sức rồi. Cứ làm hết sức mình, kết quả ra sao cũng không hối hận. Mọi chuyện rồi sẽ ổn thôi!"
"Ae tư vấn giúp, chọn sai ngành, k bt có nên đổi không thì nên làm sao? hồi hộp quá 😭",Lo âu,Học tập,"Bình tĩnh nào! Cảm giác bất an như vậy thật sự rất nặng nề. Uống ly nước ấm, nghỉ một chút rồi tiếp tục. Mình tin bạn sẽ vượt qua được."
"Tim đập thình thịch quá, không bt ng ấy có thật sự thích mình kh 😭",Lo âu,Tình cảm,"Ổn thôi bạn ơi, Cảm giác bất an như vậy thật sự rất nặng nề. Uống ly nước ấm, nghỉ một chút rồi tiếp tục. Cố lên nha!"
"Hồi hộp quá quá, khối lượng công việc nhiều quá, k bt bắt đầu từ đâu ...",Lo âu,Công việc,"Bình tĩnh nào! Cảm giác không kiểm soát được mọi thứ thật sự khó chịu. Chia nhỏ vấn đề ra, xử lý từng bước một nhé. Đừng quá nghiêm khắc với bản thân nhé."
Thiệt tình mới nghỉ việc xong chưa bt làm gì tiếp. đổ mồ hôi hột 😱,Lo âu,Công việc,"Ổn thôi bạn ơi, Mình hiểu bạn đang lo lắng lắm. Chia nhỏ vấn đề ra, xử lý từng bước một nhé. Mình tin bạn sẽ vượt qua được."
"Ae tư vấn giúp, kh bt người ấy có thật sự thích mình k thì nên làm sao? đổ mồ hôi hột huhu",Lo âu,Tình cảm,"Từ từ đã bạn ơi. Áp lực như vậy ai gặp cũng rén thôi, bạn không có gì sai cả. Tắt thông báo điện thoại một lúc, tập trung vào đúng 1 việc thôi. Mình tin bạn sẽ vượt qua được."
"Chời ơi bị hủy hẹn đi chơi phút chót không có lý do, tức á 😡",Tức giận,Tình cảm,Hạ hỏa trước nào! Đúng là có những chuyện không thể bỏ qua được. Hít thở sâu 10 cái rồi tính tiếp. Mình tin bạn sẽ xử lý được thôi.
Nuôi con mèo bao năm mà nó đi mất 😔,Buồn bã,Cuộc sống,"Lại đây tâm sự với mình nào. Cảm giác đó nặng nề lắm, bạn không sao cả. Gọi cho bạn thân trút bầu tâm sự nha. Mình luôn ở đây lắng nghe."
Bài thi dc điểm cao ngoài mong đợi 😎,Vui vẻ,Học tập,Chúc mừng bạn nhé 🎉 Đúng là ngày may mắn của bạn rồi. Lưu lại khoảnh khắc này để sau nhìn lại vẫn còn thấy vui. Yomost lun nha!
"hạnh phúc quá quá, sếp khen project mới làm tốt trước toàn công ty 😆",Vui vẻ,Công việc,Tuyệt vời quá! Bao nhiêu cố gắng cuối cùng đã được đền đáp. Cứ giữ phong độ và tiếp tục phát huy! Tiến lên thôi!
"Ae tư vấn giúp, điểm thi thử thấp quá, sợ thi thật sẽ tệ hơn thì nên làm sao? bất an ghê huhu",Lo âu,Học tập,"Bình tĩnh nào! Lo âu kiểu này ai cũng hiểu, đừng tự trách bản thân nhé. Tắt thông báo điện thoại một lúc, tập trung vào đúng 1 việc thôi. Cố lên nha!"
"Ae tư vấn giúp, chọn sai ngành, ko biết có nên đổi k thì nên làm sao? run không chịu được",Lo âu,Học tập,"Từ từ đã bạn ơi. Mình hiểu bạn đang lo lắng lắm. Cứ làm hết sức mình, kết quả ra sao cũng không hối hận. Cố lên nha!"
"Vui xỉu quá, pass môn khó nhất học kỳ r 😎",Vui vẻ,Học tập,Tuyệt vời quá! Bao nhiêu cố gắng cuối cùng đã được đền đáp. Cứ giữ phong độ và tiếp tục phát huy! Chúc bạn luôn giữ năng lượng tích cực!
Thiệt tình không biết mình có đang đi đúng hướng trong sự nghiệp kh. hoang mang tột độ huhu,Lo âu,Công việc,"Nghe mình này nhé, Mình biết bạn đang cố gắng hết sức rồi. Chia nhỏ vấn đề ra, xử lý từng bước một nhé. Đừng quá nghiêm khắc với bản thân nhé."
Dc crush rủ đi chơi cuối tuần làm chời ơi yêu đời hẳn 🤩,Vui vẻ,Tình cảm,Chúc mừng bạn nhé 🎉 Niềm vui này xứng đáng được lan tỏa! Đây là động lực để bạn tiếp tục cố gắng những thứ khác nữa đó. Tiến lên thôi!
Pass môn khó nhất học kỳ rùi làm chời ơi hạnh phúc quá 🤩,Vui vẻ,Học tập,Tuyệt vời quá! Cái cảm giác sau bao ngày chờ đợi giờ thành sự thật đỉnh lắm! Lưu lại khoảnh khắc này để sau nhìn lại vẫn còn thấy vui. Quá xá đã!
mới nghỉ việc xong chưa biết làm gì tiếp làm tao bất an ghê 😥,Lo âu,Công việc,"Ổn thôi bạn ơi, Cảm giác không kiểm soát được mọi thứ thật sự khó chịu. Uống ly nước ấm, nghỉ một chút rồi tiếp tục. Mọi chuyện rồi sẽ ổn thôi!"
k hiểu bài nhưng không dám hỏi thầy làm mình đổ mồ hôi hột 🥲,Lo âu,Học tập,"Từ từ đã bạn ơi. Lo âu kiểu này ai cũng hiểu, đừng tự trách bản thân nhé. Chia nhỏ vấn đề ra, xử lý từng bước một nhé. Bước qua được rồi sẽ thấy mình lớn hơn đó."
"Ủa mà bị sếp ép deadline vô lý không có lý do, cay thật sự 😤",Tức giận,Công việc,"Uống ngụm nước lạnh đi đã. Thiệt là củ chuối không chịu được. Bơ đi mà sống, để bụng chỉ tổ mệt mình. Đừng để chuyện bực mình làm hỏng cả ngày."
Thiệt tình ph làm bù việc của mấy đứa lười trong team. muốn bùng cháy 😡,Tức giận,Công việc,"Uống ngụm nước lạnh đi đã. Sự bực bội của bạn hoàn toàn chính đáng. Đừng vội phản ứng lúc này, giận quá dễ nói sai. Thả lỏng ra nào!"
"Điểm thi thử thấp quá, sợ thi thật sẽ tệ hơn ...",Lo âu,Học tập,"Bình tĩnh nào! Mình biết bạn đang cố gắng hết sức rồi. Thử đặt deadline nhỏ cho từng việc, đừng nhìn cả đống cùng lúc. Mọi chuyện rồi sẽ ổn thôi!"
"Ae tư vấn giúp, tài khoản cạn tiền mà tháng còn dài thì nên làm sao? bất an ghê 😰",Lo âu,Cuộc sống,"Từ từ đã bạn ơi. Lo âu kiểu này ai cũng hiểu, đừng tự trách bản thân nhé. Tắt thông báo điện thoại một lúc, tập trung vào đúng 1 việc thôi. Cố lên nha!"
"Ae tư vấn giúp, sắp đến kỳ đóng tiền trọ mà lương chưa về thì nên làm sao? run k chịu được 😭",Lo âu,Cuộc sống,"Ổn thôi bạn ơi, Cảm giác không kiểm soát được mọi thứ thật sự khó chịu. Uống ly nước ấm, nghỉ một chút rồi tiếp tục. Bước qua được rồi sẽ thấy mình lớn hơn đó."
"Ae tư vấn giúp, trời mưa tự nhiên nhớ ng yêu cũ thì nên làm sao? tủi thân 💔",Buồn bã,Tình cảm,"Chia buồn cùng bạn. Buồn như vậy là hoàn toàn bình thường, đừng cố kìm lại. Cứ cho phép bản thân nghỉ ngơi vài ngày. Thời gian sẽ chữa lành mọi thứ."
Bị dọa rớt môn nếu điểm thi không đạt làm má ơi hồi hộp quá 😥,Lo âu,Học tập,"Nghe mình này nhé, Mình hiểu bạn đang lo lắng lắm. Thử đặt deadline nhỏ cho từng việc, đừng nhìn cả đống cùng lúc. Đừng quá nghiêm khắc với bản thân nhé."
"Ae tư vấn giúp, ko hòa nhập dc vs văn hóa công ty mới thì nên làm sao? chán nản thật sự 😞",Buồn bã,Công việc,"Mình ở đây rồi, cứ nói ra đi. Buồn như vậy là hoàn toàn bình thường, đừng cố kìm lại. Đừng thu mình lại, có mình ở đây mà. Mạnh lên nghen!"
Thiệt tình bị trừ lương vì một lỗi nhỏ. tủi thân 😢,Buồn bã,Công việc,"Ôm bạn một cái nha. Buồn như vậy là hoàn toàn bình thường, đừng cố kìm lại. Bước ra ngoài đi dạo một chút, không khí tươi cũng giúp được phần nào. Thời gian sẽ chữa lành mọi thứ."
"Ủa mà gõ xong đoạn code dài mà cúp điện mất hết, cay thật sự 💢",Tức giận,Công việc,"Hiểu sự bức xúc của bạn luôn! Bực như vậy mà không nói gì mới lạ, bạn phản ứng bình thường thôi. Bơ đi mà sống, để bụng chỉ tổ mệt mình. Mình tin bạn sẽ xử lý được thôi."
"Ae tư vấn giúp, chốt đơn thành công món đồ ao ước bấy lâu thì nên làm sao? hạnh phúc quá",Vui vẻ,Cuộc sống,Đỉnh thật sự! Bao nhiêu cố gắng cuối cùng đã được đền đáp. Nhớ tự thưởng một chầu ăn ngon nhé. Chúc bạn luôn giữ năng lượng tích cực!
"khối lượng công việc nhiều quá, không biết bắt đầu từ đâu 😥",Lo âu,Công việc,"Hít thở sâu vào nào. Mình biết bạn đang cố gắng hết sức rồi. Chia nhỏ vấn đề ra, xử lý từng bước một nhé. Đừng quá nghiêm khắc với bản thân nhé."
Bị trừ lương vì một lỗi nhỏ 💔,Buồn bã,Công việc,"Lại đây tâm sự với mình nào. Buồn như vậy là hoàn toàn bình thường, đừng cố kìm lại. Buồn thì cứ khóc ra cho nhẹ lòng, đừng cố nuốt vào. Ngày mai trời sẽ sáng hơn hôm nay."
Người yêu liên tục đến trễ mà không xin lỗi 🙄,Tức giận,Tình cảm,Uống ngụm nước lạnh đi đã. Đúng là có những chuyện không thể bỏ qua được. Viết ra hết cảm xúc bực bội vào giấy rồi xé đi — nhẹ lòng lắm đó. Bỏ qua cho nhẹ đầu nhé.
"chọn sai ngành, kh biết có nên đổi ko",Lo âu,Học tập,"Từ từ đã bạn ơi. Mình biết bạn đang cố gắng hết sức rồi. Ghi ra giấy những gì đang lo, ưu tiên từng cái. Cố lên nha!"
"điên máu quá, phải làm bù việc của mấy đứa lười trong team 🙄",Tức giận,Công việc,"Nghe mà tức dùm á 😡 Nghe mà mình cũng thấy khó chịu theo, bạn có lý mà. Đợi nguôi rồi hẵng nói chuyện lại, lúc đó mới xử lý được bình tĩnh hơn. Đừng để chuyện bực mình làm hỏng cả ngày."
Thiệt tình bị bom hàng sau khi chờ cả tuần. sôi máu 🤬,Tức giận,Cuộc sống,"Nghe mà tức dùm á 😡 Bực như vậy mà không nói gì mới lạ, bạn phản ứng bình thường thôi. Hít thở sâu 10 cái rồi tính tiếp. Đừng để chuyện bực mình làm hỏng cả ngày."
Thiệt tình nhắn tin cả ngày mà không thèm đọc nhưng vẫn online. cay thật sự 🔥,Tức giận,Tình cảm,"Nghe mà tức dùm á 😡 Nghe mà mình cũng thấy khó chịu theo, bạn có lý mà. Đợi nguôi rồi hẵng nói chuyện lại, lúc đó mới xử lý được bình tĩnh hơn. Bỏ qua cho nhẹ đầu nhé."
"Ae tư vấn giúp, được thầy khen bài luận trước lớp thì nên làm sao? phấn khích ✨",Vui vẻ,Học tập,Nghe mà vui lây luôn! Kết quả này là thành quả xứng đáng từ nỗ lực của bạn. Lưu lại khoảnh khắc này để sau nhìn lại vẫn còn thấy vui. Tiến lên thôi!
"thật sự kiệt sức, không muốn thức dậy vào ngày mai nữa",Trầm cảm/Tuyệt vọng,Khủng hoảng,"Mình nghe bạn. Cảm giác kiệt sức và tuyệt vọng như vậy thật nặng nề. Nhưng đây là lúc bạn cần được hỗ trợ bởi chuyên gia. Gọi 1800 599 920 — họ sẽ lắng nghe bạn 24/7, hoàn toàn miễn phí."
Cảm giác bị tụt hậu so với bạn bè đồng trang lứa làm tui lo lắng thật sự,Lo âu,Cuộc sống,"Ổn thôi bạn ơi, Lo âu kiểu này ai cũng hiểu, đừng tự trách bản thân nhé. Cứ làm hết sức mình, kết quả ra sao cũng không hối hận. Cố lên nha!"
"Ủa mà học bổng về tài khoản rồi, phê ✨",Vui vẻ,Học tập,Chúc mừng bạn nhé 🎉 Bao nhiêu cố gắng cuối cùng đã được đền đáp. Đây là động lực để bạn tiếp tục cố gắng những thứ khác nữa đó. Chúc bạn luôn giữ năng lượng tích cực!
"Chời ơi cảm giác bị tụt hậu so vs bạn bè đồng trang lứa, bất an ghê 😱",Lo âu,Cuộc sống,"Hít thở sâu vào nào. Mình hiểu bạn đang lo lắng lắm. Ghi ra giấy những gì đang lo, ưu tiên từng cái. Mình tin bạn sẽ vượt qua được."
"Tự nhiên học bổng về tài khoản r, vui xỉu 😎",Vui vẻ,Học tập,Wow xịn xò vậy! Đúng là ngày may mắn của bạn rồi. Nhớ tự thưởng một chầu ăn ngon nhé. Yomost lun nha!
"Hôm nay ăn được món ngon đúng ý sau bao ngày thèm, yêu đời hẳn 🤩",Vui vẻ,Cuộc sống,Wow xịn xò vậy! Niềm vui này xứng đáng được lan tỏa! Chia sẻ tin này với người thân đi nào. Mình tự hào về bạn lắm!
Được thăng chức rùi làm mình sướng rơn 😆,Vui vẻ,Công việc,Wow xịn xò vậy! Kết quả này là thành quả xứng đáng từ nỗ lực của bạn. Đây là động lực để bạn tiếp tục cố gắng những thứ khác nữa đó. Yomost lun nha!
"Đã điều trị trầm cảm 2 năm nhưng không khỏi, tôi kiệt sức rồi.",Trầm cảm/Tuyệt vọng,Khủng hoảng,"Điều bạn chia sẻ khiến mình rất lo lắng cho bạn. Xin đừng làm hại bản thân nhé. Có người luôn sẵn sàng giúp bạn — hãy gọi 1800 599 920 ngay bây giờ, miễn phí và bảo mật hoàn toàn."
Thiệt tình bạn mượn tiền lâu r mà cứ quên trả. cay thật sự 🤬,Tức giận,Cuộc sống,"Nghe mà tức dùm á 😡 Bực như vậy mà không nói gì mới lạ, bạn phản ứng bình thường thôi. Viết ra hết cảm xúc bực bội vào giấy rồi xé đi — nhẹ lòng lắm đó. Bỏ qua cho nhẹ đầu nhé."
Bị overthinking trước khi ngủ không tắt dc làm ủa mà hoang mang tột độ ...,Lo âu,Cuộc sống,"Từ từ đã bạn ơi. Lo âu kiểu này ai cũng hiểu, đừng tự trách bản thân nhé. Ghi ra giấy những gì đang lo, ưu tiên từng cái. Đừng quá nghiêm khắc với bản thân nhé."
Đc thăng chức rùi làm mình không thể tin dc 🤩,Vui vẻ,Công việc,Đỉnh thật sự! Bao nhiêu cố gắng cuối cùng đã được đền đáp. Nhớ tự thưởng một chầu ăn ngon nhé. Mình tự hào về bạn lắm!
Khách hàng dời lịch họp sát giờ mà k báo trước 😤,Tức giận,Công việc,"Thở ra đi, thở ra. Đúng là có những chuyện không thể bỏ qua được. Bơ đi mà sống, để bụng chỉ tổ mệt mình. Thả lỏng ra nào!"
Thiệt tình dc crush rủ đi chơi cuối tuần. hạnh phúc quá 😎,Vui vẻ,Tình cảm,Tuyệt vời quá! Kết quả này là thành quả xứng đáng từ nỗ lực của bạn. Cứ giữ phong độ và tiếp tục phát huy! Quá xá đã!
Nhắn tin cả ngày mà ko thèm đọc nhưng vẫn online làm tớ giận tím ng 💢,Tức giận,Tình cảm,"Thở ra đi, thở ra. Đúng là có những chuyện không thể bỏ qua được. Bơ đi mà sống, để bụng chỉ tổ mệt mình. Thả lỏng ra nào!"
bị sếp la trước mặt cả phòng làm mn ơi buồn thiu,Buồn bã,Công việc,"Ôm bạn một cái nha. Ai gặp phải cũng đau lòng thôi, bạn không có gì sai. Đừng thu mình lại, có mình ở đây mà. Mình luôn ở đây lắng nghe."
"buồn thiu quá, mọi thứ dạo này cứ xui xẻo liên tục haiz",Buồn bã,Cuộc sống,Ôm bạn một cái nha. Mình rất tiếc khi nghe điều này. Bật nhạc nhẹ hoặc xem phim cho khuây khỏa. Thời gian sẽ chữa lành mọi thứ.
sắp thi mà chưa học chữ nào làm má ơi bất an ghê,Lo âu,Học tập,Từ từ đã bạn ơi. Cảm giác bất an như vậy thật sự rất nặng nề. Nói chuyện với ai đó bạn tin tưởng — đôi khi chỉ cần kể ra là nhẹ hơn nhiều. Đừng quá nghiêm khắc với bản thân nhé.
"Ủa mà hai đứa vừa giải quyết dc hiểu lầm hồi lâu, vui xỉu =))",Vui vẻ,Tình cảm,Tuyệt vời quá! Bao nhiêu cố gắng cuối cùng đã được đền đáp. Tận hưởng khoảnh khắc này đến cùng nhé. Chúc bạn luôn giữ năng lượng tích cực!
"Ae tư vấn giúp, bị sếp la trước mặt cả phòng thì nên làm sao? tê tái 😞",Buồn bã,Công việc,"Thương bạn quá. Những lúc như này mới thấy cuộc sống không phải lúc nào cũng dễ. Bước ra ngoài đi dạo một chút, không khí tươi cũng giúp được phần nào. Ngày mai trời sẽ sáng hơn hôm nay."
Không biết ng ấy có thật sự thích mình k 😰,Lo âu,Tình cảm,Bình tĩnh nào! Mình biết bạn đang cố gắng hết sức rồi. Nói chuyện với ai đó bạn tin tưởng — đôi khi chỉ cần kể ra là nhẹ hơn nhiều. Mọi chuyện rồi sẽ ổn thôi!
làm việc cật lực mà không đc ghi nhận 😔,Buồn bã,Công việc,"Chia buồn cùng bạn. Những lúc như này mới thấy cuộc sống không phải lúc nào cũng dễ. Đừng thu mình lại, có mình ở đây mà. Mạnh lên nghen!"
"Yêu đời hẳn quá, pass môn khó nhất học kỳ rồi 🥰",Vui vẻ,Học tập,Tuyệt vời quá! Niềm vui này xứng đáng được lan tỏa! Đây là động lực để bạn tiếp tục cố gắng những thứ khác nữa đó. Yomost lun nha!
"Má ơi gõ xong đoạn code dài mà cúp điện mất hết, muốn bùng cháy 💢",Tức giận,Công việc,"Nghe mà tức dùm á 😡 Thiệt là củ chuối không chịu được. Đợi nguôi rồi hẵng nói chuyện lại, lúc đó mới xử lý được bình tĩnh hơn. Đừng để chuyện bực mình làm hỏng cả ngày."
Thiệt tình bị giao dự án mới mà chưa có kinh nghiệm gì. hoang mang tột độ 😥,Lo âu,Công việc,"Hít thở sâu vào nào. Cảm giác không kiểm soát được mọi thứ thật sự khó chịu. Ghi ra giấy những gì đang lo, ưu tiên từng cái. Cố lên nha!"
làm việc cật lực mà ko dc ghi nhận làm tui thất vọng toàn tập 😔,Buồn bã,Công việc,"Ôm bạn một cái nha. Ai gặp phải cũng đau lòng thôi, bạn không có gì sai. Buồn thì cứ khóc ra cho nhẹ lòng, đừng cố nuốt vào. Thời gian sẽ chữa lành mọi thứ."
khách hàng dời lịch họp sát giờ mà không báo trước 🙄,Tức giận,Công việc,"Uống ngụm nước lạnh đi đã. Bực như vậy mà không nói gì mới lạ, bạn phản ứng bình thường thôi. Xả stress đi, đi dạo hay đấm gối cũng được. Mình tin bạn sẽ xử lý được thôi."
"Tức á quá, gõ xong đoạn code dài mà cúp điện mất hết 🙄",Tức giận,Công việc,Uống ngụm nước lạnh đi đã. Gặp chuyện đó ai mà không điên tiết. Viết ra hết cảm xúc bực bội vào giấy rồi xé đi — nhẹ lòng lắm đó. Thả lỏng ra nào!
"Chời ơi được thầy khen bài luận trước lớp, hạnh phúc quá",Vui vẻ,Học tập,Đỉnh thật sự! Cái cảm giác sau bao ngày chờ đợi giờ thành sự thật đỉnh lắm! Cứ giữ phong độ và tiếp tục phát huy! Quá xá đã!
"Rén ngang quá, cảm giác bị tụt hậu so vs bạn bè đồng trang lứa 😥",Lo âu,Cuộc sống,Bình tĩnh nào! Mình biết bạn đang cố gắng hết sức rồi. Nói chuyện với ai đó bạn tin tưởng — đôi khi chỉ cần kể ra là nhẹ hơn nhiều. Đừng quá nghiêm khắc với bản thân nhé.
"Ae tư vấn giúp, không bt mình có đang đi đúng hướng trong sự nghiệp k thì nên làm sao? tim đập thình thịch",Lo âu,Công việc,"Nghe mình này nhé, Lo âu kiểu này ai cũng hiểu, đừng tự trách bản thân nhé. Uống ly nước ấm, nghỉ một chút rồi tiếp tục. Cố lên nha!"
"Nay đi đường kh bị tắc, đến nơi sớm hơn =))",Vui vẻ,Cuộc sống,Wow xịn xò vậy! Niềm vui này xứng đáng được lan tỏa! Chia sẻ tin này với người thân đi nào. Quá xá đã!
sắp tới deadline mà chưa làm đc chữ nào làm tớ run không chịu được 😱,Lo âu,Công việc,"Nghe mình này nhé, Cảm giác không kiểm soát được mọi thứ thật sự khó chịu. Ghi ra giấy những gì đang lo, ưu tiên từng cái. Mọi chuyện rồi sẽ ổn thôi!"
Thiệt tình bị đình chỉ thi vì vi phạm nội quy. buồn thiu 🥀,Buồn bã,Học tập,"Thương bạn quá. Chuyện đó thật sự khiến người ta hụt hẫng nhiều. Buồn thì cứ khóc ra cho nhẹ lòng, đừng cố nuốt vào. Thời gian sẽ chữa lành mọi thứ."
Gia đình hối thúc chuyện cưới xin 😭,Lo âu,Tình cảm,"Hít thở sâu vào nào. Mình biết bạn đang cố gắng hết sức rồi. Chia nhỏ vấn đề ra, xử lý từng bước một nhé. Cố lên nha!"
gia đình hối thúc chuyện cưới xin làm ae ơi tim đập thình thịch,Lo âu,Tình cảm,"Ổn thôi bạn ơi, Áp lực như vậy ai gặp cũng rén thôi, bạn không có gì sai cả. Uống ly nước ấm, nghỉ một chút rồi tiếp tục. Đừng quá nghiêm khắc với bản thân nhé."
"Tớ lo lắng không biết mối quan hệ này có tương lai k, lo lắng thật sự 😰",Lo âu,Tình cảm,"Bình tĩnh nào! Cảm giác bất an như vậy thật sự rất nặng nề. Ghi ra giấy những gì đang lo, ưu tiên từng cái. Bước qua được rồi sẽ thấy mình lớn hơn đó."
"Ae tư vấn giúp, đã dặn ko ăn hành mà vẫn bỏ nguyên đống vào thì nên làm sao? điên máu 💢",Tức giận,Cuộc sống,"Uống ngụm nước lạnh đi đã. Nghe mà mình cũng thấy khó chịu theo, bạn có lý mà. Hít thở sâu 10 cái rồi tính tiếp. Bỏ qua cho nhẹ đầu nhé."
"Ae tư vấn giúp, hai đứa vừa giải quyết dc hiểu lầm hồi lâu thì nên làm sao? sướng rơn ✨",Vui vẻ,Tình cảm,Chúc mừng bạn nhé 🎉 Bao nhiêu cố gắng cuối cùng đã được đền đáp. Tận hưởng khoảnh khắc này đến cùng nhé. Yomost lun nha!
Chuẩn bị thuyết trình trước công ty mà cảm thấy chưa sẵn sàng làm mình tim đập thình thịch huhu,Lo âu,Công việc,"Hít thở sâu vào nào. Áp lực như vậy ai gặp cũng rén thôi, bạn không có gì sai cả. Chia nhỏ vấn đề ra, xử lý từng bước một nhé. Bước qua được rồi sẽ thấy mình lớn hơn đó."
chuẩn bị tỏ tình mà sợ bị từ chối 😭,Lo âu,Tình cảm,"Nghe mình này nhé, Mình hiểu bạn đang lo lắng lắm. Nói chuyện với ai đó bạn tin tưởng — đôi khi chỉ cần kể ra là nhẹ hơn nhiều. Cố lên nha!"
Gia đình hối thúc chuyện cưới xin làm tự nhiên bất an ghê 😭,Lo âu,Tình cảm,"Bình tĩnh nào! Mình biết bạn đang cố gắng hết sức rồi. Chia nhỏ vấn đề ra, xử lý từng bước một nhé. Mọi chuyện rồi sẽ ổn thôi!"
"bất an ghê quá, chuẩn bị tỏ tình mà sợ bị từ chối",Lo âu,Tình cảm,"Bình tĩnh nào! Mình biết bạn đang cố gắng hết sức rồi. Uống ly nước ấm, nghỉ một chút rồi tiếp tục. Bước qua được rồi sẽ thấy mình lớn hơn đó."
Bạn mượn tiền lâu rồi mà cứ quên trả 🔥,Tức giận,Cuộc sống,"Nghe mà tức dùm á 😡 Đúng là có những chuyện không thể bỏ qua được. Đợi nguôi rồi hẵng nói chuyện lại, lúc đó mới xử lý được bình tĩnh hơn. Nghĩ chuyện vui cho đỡ tức nhé."
"buồn thiu quá, bị rớt môn dù đã cố gắng học 💔",Buồn bã,Học tập,"Mình ở đây rồi, cứ nói ra đi. Buồn như vậy là hoàn toàn bình thường, đừng cố kìm lại. Bước ra ngoài đi dạo một chút, không khí tươi cũng giúp được phần nào. Mình luôn ở đây lắng nghe."
"Hạnh phúc quá quá, ăn đc món ngon đúng ý sau bao ngày thèm 🤩",Vui vẻ,Cuộc sống,Nghe mà vui lây luôn! Đúng là ngày may mắn của bạn rồi. Lưu lại khoảnh khắc này để sau nhìn lại vẫn còn thấy vui. Chúc bạn luôn giữ năng lượng tích cực!
người yêu tặng quà bất ngờ 😎,Vui vẻ,Tình cảm,Tuyệt vời quá! Cái cảm giác sau bao ngày chờ đợi giờ thành sự thật đỉnh lắm! Lưu lại khoảnh khắc này để sau nhìn lại vẫn còn thấy vui. Quá xá đã!
"Ae tư vấn giúp, mới chia tay xong, cứ thấy trống rỗng thì nên làm sao? muốn khóc",Buồn bã,Tình cảm,Thương bạn quá. Mình rất tiếc khi nghe điều này. Gọi cho bạn thân trút bầu tâm sự nha. Mạnh lên nghen!
"Tui bạn cùng nhóm không chịu đóng góp bài tập, tức á 💢",Tức giận,Học tập,"Hạ hỏa trước nào! Bực như vậy mà không nói gì mới lạ, bạn phản ứng bình thường thôi. Viết ra hết cảm xúc bực bội vào giấy rồi xé đi — nhẹ lòng lắm đó. Mình tin bạn sẽ xử lý được thôi."
đc thăng chức rùi làm tớ vui xỉu 🤩,Vui vẻ,Công việc,Tuyệt vời quá! Đúng là ngày may mắn của bạn rồi. Nhớ tự thưởng một chầu ăn ngon nhé. Yomost lun nha!
"Hôm nay chốt đơn thành công món đồ ao ước bấy lâu, phê",Vui vẻ,Cuộc sống,Wow xịn xò vậy! Bao nhiêu cố gắng cuối cùng đã được đền đáp. Đây là động lực để bạn tiếp tục cố gắng những thứ khác nữa đó. Yomost lun nha!
"Ae ơi team bị giảm nhân sự, mình phải gánh thêm việc, bất an ghê",Lo âu,Công việc,"Từ từ đã bạn ơi. Lo âu kiểu này ai cũng hiểu, đừng tự trách bản thân nhé. Uống ly nước ấm, nghỉ một chút rồi tiếp tục. Cố lên nha!"
"Ae tư vấn giúp, mới chia tay xong, cứ thấy trống rỗng thì nên làm sao? buồn thiu 💔",Buồn bã,Tình cảm,"Thương bạn quá. Buồn như vậy là hoàn toàn bình thường, đừng cố kìm lại. Bước ra ngoài đi dạo một chút, không khí tươi cũng giúp được phần nào. Mình luôn ở đây lắng nghe."
Bị trừ lương vì một lỗi nhỏ làm chời ơi tủi thân 😔,Buồn bã,Công việc,"Thương bạn quá. Buồn như vậy là hoàn toàn bình thường, đừng cố kìm lại. Cứ cho phép bản thân nghỉ ngơi vài ngày. Thời gian sẽ chữa lành mọi thứ."
"Điểm thi thử thấp quá, sợ thi thật sẽ tệ hơn 😰",Lo âu,Học tập,"Nghe mình này nhé, Áp lực như vậy ai gặp cũng rén thôi, bạn không có gì sai cả. Tắt thông báo điện thoại một lúc, tập trung vào đúng 1 việc thôi. Mọi chuyện rồi sẽ ổn thôi!"
"Tớ chốt đơn thành công món đồ ao ước bấy lâu, vui xỉu",Vui vẻ,Cuộc sống,Chúc mừng bạn nhé 🎉 Cái cảm giác sau bao ngày chờ đợi giờ thành sự thật đỉnh lắm! Nhớ tự thưởng một chầu ăn ngon nhé. Mình tự hào về bạn lắm!
"thấy mình là gánh nặng cho gia đình, nếu mình biến mất họ sẽ tốt hơn",Trầm cảm/Tuyệt vọng,Khủng hoảng,"Mình nghe thấy bạn đang rất đau khổ lúc này. Bạn không cần chịu đựng một mình đâu. Hãy gọi ngay 1800 599 920 (miễn phí, 24/7) để được chuyên gia lắng nghe. Cuộc sống của bạn rất quý giá."
chuẩn bị thuyết trình trước công ty mà cảm thấy chưa sẵn sàng huhu,Lo âu,Công việc,"Hít thở sâu vào nào. Cảm giác không kiểm soát được mọi thứ thật sự khó chịu. Uống ly nước ấm, nghỉ một chút rồi tiếp tục. Đừng quá nghiêm khắc với bản thân nhé."
không hòa nhập đc vs văn hóa công ty mới làm mn ơi muốn khóc 🥀,Buồn bã,Công việc,"Chia buồn cùng bạn. Buồn như vậy là hoàn toàn bình thường, đừng cố kìm lại. Bước ra ngoài đi dạo một chút, không khí tươi cũng giúp được phần nào. Ngày mai trời sẽ sáng hơn hôm nay."
"Tui làm việc cật lực mà không được ghi nhận, tủi thân",Buồn bã,Công việc,"Ôm bạn một cái nha. Cảm giác đó nặng nề lắm, bạn không sao cả. Đừng thu mình lại, có mình ở đây mà. Ngày mai trời sẽ sáng hơn hôm nay."
"bất an ghê quá, bị giao dự án mới mà chưa có kinh nghiệm gì 😰",Lo âu,Công việc,"Hít thở sâu vào nào. Cảm giác bất an như vậy thật sự rất nặng nề. Uống ly nước ấm, nghỉ một chút rồi tiếp tục. Đừng quá nghiêm khắc với bản thân nhé."
"Ae tư vấn giúp, khách hàng gửi email khen ngợi sản phẩm của mình thì nên làm sao? vui xỉu 😆",Vui vẻ,Công việc,Nghe mà vui lây luôn! Niềm vui này xứng đáng được lan tỏa! Chia sẻ tin này với người thân đi nào. Quá xá đã!
"Ae tư vấn giúp, bốc trúng phần thưởng to trong sự kiện thì nên làm sao? sướng rơn 🤩",Vui vẻ,Cuộc sống,Tuyệt vời quá! Cái cảm giác sau bao ngày chờ đợi giờ thành sự thật đỉnh lắm! Nhớ tự thưởng một chầu ăn ngon nhé. Yomost lun nha!
Lo lắng ko bt mối quan hệ này có tương lai ko 😰,Lo âu,Tình cảm,"Hít thở sâu vào nào. Cảm giác bất an như vậy thật sự rất nặng nề. Cứ làm hết sức mình, kết quả ra sao cũng không hối hận. Mình tin bạn sẽ vượt qua được."
Thiệt tình người yêu liên tục đến trễ mà không xin lỗi. muốn bùng cháy 🤬,Tức giận,Tình cảm,"Uống ngụm nước lạnh đi đã. Thiệt là củ chuối không chịu được. Bơ đi mà sống, để bụng chỉ tổ mệt mình. Đừng để chuyện bực mình làm hỏng cả ngày."
"cay thật sự quá, phát hiện ng yêu nói dối 🙄",Tức giận,Tình cảm,"Thở ra đi, thở ra. Nghe mà mình cũng thấy khó chịu theo, bạn có lý mà. Đợi nguôi rồi hẵng nói chuyện lại, lúc đó mới xử lý được bình tĩnh hơn. Đừng để chuyện bực mình làm hỏng cả ngày."
"Tui áp lực đồng trang lứa học giỏi hơn mình quá nhiều, hoang mang tột độ",Lo âu,Học tập,"Ổn thôi bạn ơi, Mình hiểu bạn đang lo lắng lắm. Nói chuyện với ai đó bạn tin tưởng — đôi khi chỉ cần kể ra là nhẹ hơn nhiều. Bước qua được rồi sẽ thấy mình lớn hơn đó."
"Cãi nhau vs người yêu, không bt có ổn kh làm chời ơi thất vọng toàn tập 😔",Buồn bã,Tình cảm,"Thương bạn quá. Chuyện đó thật sự khiến người ta hụt hẫng nhiều. Bước ra ngoài đi dạo một chút, không khí tươi cũng giúp được phần nào. Mọi chuyện rồi sẽ qua thôi."
"Mn ơi cảm giác bị tụt hậu so vs bạn bè đồng trang lứa, hồi hộp quá 😰",Lo âu,Cuộc sống,"Bình tĩnh nào! Cảm giác không kiểm soát được mọi thứ thật sự khó chịu. Tắt thông báo điện thoại một lúc, tập trung vào đúng 1 việc thôi. Bước qua được rồi sẽ thấy mình lớn hơn đó."
Sắp đến kỳ đánh giá cuối năm mà thành tích chưa đủ làm dạo này rén ngang 😥,Lo âu,Công việc,"Từ từ đã bạn ơi. Cảm giác bất an như vậy thật sự rất nặng nề. Thử đặt deadline nhỏ cho từng việc, đừng nhìn cả đống cùng lúc. Bước qua được rồi sẽ thấy mình lớn hơn đó."
"Ae ơi hôm nay xử lý được bug khó mà cả team đều bó tay, yêu đời hẳn 🎉",Vui vẻ,Công việc,Đỉnh thật sự! Thấy bạn vui mình cũng phấn chấn theo. Đây là động lực để bạn tiếp tục cố gắng những thứ khác nữa đó. Mình tự hào về bạn lắm!
Thiệt tình bị dọa rớt môn nếu điểm thi ko đạt. đổ mồ hôi hột 😭,Lo âu,Học tập,"Ổn thôi bạn ơi, Cảm giác bất an như vậy thật sự rất nặng nề. Chia nhỏ vấn đề ra, xử lý từng bước một nhé. Cố lên nha!"
"Ae ơi cảm giác mối quan hệ đang ngày càng nhạt dần, tim đập thình thịch 😱",Lo âu,Tình cảm,"Ổn thôi bạn ơi, Mình biết bạn đang cố gắng hết sức rồi. Nói chuyện với ai đó bạn tin tưởng — đôi khi chỉ cần kể ra là nhẹ hơn nhiều. Cố lên nha!"
"bị nhóm bạn tống tiền, đe dọa nếu không đưa tiền sẽ đánh",Bạo hành,Khủng hoảng,"Không ai được phép đối xử với bạn như vậy. Đây là thời điểm bạn cần tìm kiếm sự giúp đỡ ngay. Gọi Tổng đài 111 hoặc nếu đang nguy hiểm, gọi Cảnh sát 113 để được bảo vệ."
"Tui bị sếp ép deadline vô lý k có lý do, muốn bùng cháy 🤬",Tức giận,Công việc,"Uống ngụm nước lạnh đi đã. Sự bực bội của bạn hoàn toàn chính đáng. Bơ đi mà sống, để bụng chỉ tổ mệt mình. Đừng để chuyện bực mình làm hỏng cả ngày."
"phê quá, lương về r, phát điên ✨",Vui vẻ,Cuộc sống,Chúc mừng bạn nhé 🎉 Bao nhiêu cố gắng cuối cùng đã được đền đáp. Tận hưởng khoảnh khắc này đến cùng nhé. Quá xá đã!
Thiệt tình bị overthinking trước khi ngủ không tắt đc. hồi hộp quá huhu,Lo âu,Cuộc sống,"Ổn thôi bạn ơi, Lo âu kiểu này ai cũng hiểu, đừng tự trách bản thân nhé. Tắt thông báo điện thoại một lúc, tập trung vào đúng 1 việc thôi. Mọi chuyện rồi sẽ ổn thôi!"
"Tôi đang mang thai và bị chồng đánh, rất sợ cho con nhưng không dám rời đi.",Bạo hành,Khủng hoảng,"Không ai có quyền làm hại bạn. Gọi ngay 111 hoặc 1900 969 680 để được hỗ trợ khẩn cấp. Nếu cần, cảnh sát 113 luôn sẵn sàng bảo vệ bạn. Bạn xứng đáng được sống trong an toàn."
"Tao chọn sai ngành, ko biết có nên đổi ko, hồi hộp quá",Lo âu,Học tập,"Ổn thôi bạn ơi, Mình biết bạn đang cố gắng hết sức rồi. Tắt thông báo điện thoại một lúc, tập trung vào đúng 1 việc thôi. Mọi chuyện rồi sẽ ổn thôi!"
"Thất vọng toàn tập quá, làm việc cật lực mà ko được ghi nhận 😢",Buồn bã,Công việc,Ôm bạn một cái nha. Mình rất tiếc khi nghe điều này. Cứ cho phép bản thân nghỉ ngơi vài ngày. Mạnh lên nghen!
"Ae tư vấn giúp, bạn cùng nhóm kh chịu đóng góp bài tập thì nên làm sao? giận tím người 😤",Tức giận,Học tập,"Hiểu sự bức xúc của bạn luôn! Bực như vậy mà không nói gì mới lạ, bạn phản ứng bình thường thôi. Xả stress đi, đi dạo hay đấm gối cũng được. Mình tin bạn sẽ xử lý được thôi."
"Ae tư vấn giúp, gõ xong đoạn code dài mà cúp điện mất hết thì nên làm sao? sôi máu 🤬",Tức giận,Công việc,"Uống ngụm nước lạnh đi đã. Nghe mà mình cũng thấy khó chịu theo, bạn có lý mà. Xả stress đi, đi dạo hay đấm gối cũng được. Nghĩ chuyện vui cho đỡ tức nhé."
"yêu đời hẳn quá, bài thi đc điểm cao ngoài mong đợi =))",Vui vẻ,Học tập,Wow xịn xò vậy! Đúng là ngày may mắn của bạn rồi. Nhớ tự thưởng một chầu ăn ngon nhé. Quá xá đã!
"Ae tư vấn giúp, không ai trong nhóm bạn hiểu mình thì nên làm sao? muốn khóc 😔",Buồn bã,Cuộc sống,Thương bạn quá. Những lúc như này mới thấy cuộc sống không phải lúc nào cũng dễ. Gọi cho bạn thân trút bầu tâm sự nha. Thời gian sẽ chữa lành mọi thứ.
"Tim đập thình thịch quá, chuẩn bị tỏ tình mà sợ bị từ chối ...",Lo âu,Tình cảm,"Ổn thôi bạn ơi, Cảm giác không kiểm soát được mọi thứ thật sự khó chịu. Ghi ra giấy những gì đang lo, ưu tiên từng cái. Bước qua được rồi sẽ thấy mình lớn hơn đó."
"lo lắng thật sự quá, ko biết cách tiết kiệm tiền hiệu quả 😥",Lo âu,Cuộc sống,"Nghe mình này nhé, Lo âu kiểu này ai cũng hiểu, đừng tự trách bản thân nhé. Tắt thông báo điện thoại một lúc, tập trung vào đúng 1 việc thôi. Bước qua được rồi sẽ thấy mình lớn hơn đó."
"Hoang mang tột độ quá, không bt cách tiết kiệm tiền hiệu quả ...",Lo âu,Cuộc sống,"Bình tĩnh nào! Áp lực như vậy ai gặp cũng rén thôi, bạn không có gì sai cả. Nói chuyện với ai đó bạn tin tưởng — đôi khi chỉ cần kể ra là nhẹ hơn nhiều. Cố lên nha!"
"Tao hai đứa vừa giải quyết được hiểu lầm hồi lâu, phê 🎉",Vui vẻ,Tình cảm,Nghe mà vui lây luôn! Bao nhiêu cố gắng cuối cùng đã được đền đáp. Lưu lại khoảnh khắc này để sau nhìn lại vẫn còn thấy vui. Chúc bạn luôn giữ năng lượng tích cực!
Thấy crush đi chơi vs ng khác làm ủa mà bất an ghê huhu,Lo âu,Tình cảm,Hít thở sâu vào nào. Mình biết bạn đang cố gắng hết sức rồi. Nói chuyện với ai đó bạn tin tưởng — đôi khi chỉ cần kể ra là nhẹ hơn nhiều. Mọi chuyện rồi sẽ ổn thôi!
dc crush rủ đi chơi cuối tuần làm tui sướng rơn 😆,Vui vẻ,Tình cảm,Tuyệt vời quá! Cái cảm giác sau bao ngày chờ đợi giờ thành sự thật đỉnh lắm! Tận hưởng khoảnh khắc này đến cùng nhé. Chúc bạn luôn giữ năng lượng tích cực!
"Ae tư vấn giúp, bạn mượn tiền lâu rồi mà cứ quên trả thì nên làm sao? cay thật sự",Tức giận,Cuộc sống,"Thở ra đi, thở ra. Thiệt là củ chuối không chịu được. Hít thở sâu 10 cái rồi tính tiếp. Mình tin bạn sẽ xử lý được thôi."
"Dạo này học bổng về tài khoản rùi, vui xỉu 🎉",Vui vẻ,Học tập,Tuyệt vời quá! Thấy bạn vui mình cũng phấn chấn theo. Lưu lại khoảnh khắc này để sau nhìn lại vẫn còn thấy vui. Tiến lên thôi!
chờ mãi k thấy người ấy rep tin nhắn làm hôm nay rén ngang 😭,Lo âu,Tình cảm,"Bình tĩnh nào! Áp lực như vậy ai gặp cũng rén thôi, bạn không có gì sai cả. Thử đặt deadline nhỏ cho từng việc, đừng nhìn cả đống cùng lúc. Đừng quá nghiêm khắc với bản thân nhé."
Cảm thấy cô đơn lạc lõng giữa đám đông làm ủa mà muốn khóc,Buồn bã,Cuộc sống,"Thương bạn quá. Cảm giác đó nặng nề lắm, bạn không sao cả. Đừng thu mình lại, có mình ở đây mà. Mạnh lên nghen!"
"Má ơi ph làm bù việc của mấy đứa lười trong team, điên máu 💢",Tức giận,Công việc,"Hiểu sự bức xúc của bạn luôn! Gặp chuyện đó ai mà không điên tiết. Đợi nguôi rồi hẵng nói chuyện lại, lúc đó mới xử lý được bình tĩnh hơn. Thả lỏng ra nào!"
"Đổ mồ hôi hột quá, chờ mãi kh thấy người ấy rep tin nhắn 😭",Lo âu,Tình cảm,"Ổn thôi bạn ơi, Cảm giác không kiểm soát được mọi thứ thật sự khó chịu. Ghi ra giấy những gì đang lo, ưu tiên từng cái. Bước qua được rồi sẽ thấy mình lớn hơn đó."
"Mn ơi bị đình chỉ thi vì vi phạm nội quy, muốn khóc 😔",Buồn bã,Học tập,"Thương bạn quá. Mình rất tiếc khi nghe điều này. Bước ra ngoài đi dạo một chút, không khí tươi cũng giúp được phần nào. Mọi chuyện rồi sẽ qua thôi."
"Ae tư vấn giúp, bị giao dự án mới mà chưa có kinh nghiệm gì thì nên làm sao? bất an ghê 😥",Lo âu,Công việc,"Nghe mình này nhé, Lo âu kiểu này ai cũng hiểu, đừng tự trách bản thân nhé. Ghi ra giấy những gì đang lo, ưu tiên từng cái. Đừng quá nghiêm khắc với bản thân nhé."
đang đi đường thì bị xe tạt nước vào người làm hôm nay cay thật sự 🔥,Tức giận,Cuộc sống,"Hạ hỏa trước nào! Gặp chuyện đó ai mà không điên tiết. Bơ đi mà sống, để bụng chỉ tổ mệt mình. Mình tin bạn sẽ xử lý được thôi."
Thiệt tình cảm giác mối quan hệ đang ngày càng nhạt dần. rén ngang huhu,Lo âu,Tình cảm,"Từ từ đã bạn ơi. Áp lực như vậy ai gặp cũng rén thôi, bạn không có gì sai cả. Thử đặt deadline nhỏ cho từng việc, đừng nhìn cả đống cùng lúc. Mình tin bạn sẽ vượt qua được."
"Muốn bùng cháy quá, bị sếp ép deadline vô lý không có lý do 🙄",Tức giận,Công việc,"Thở ra đi, thở ra. Bực như vậy mà không nói gì mới lạ, bạn phản ứng bình thường thôi. Bơ đi mà sống, để bụng chỉ tổ mệt mình. Đừng để chuyện bực mình làm hỏng cả ngày."
Thiệt tình người yêu liên tục đến trễ mà không xin lỗi. tức á 🤬,Tức giận,Tình cảm,"Hạ hỏa trước nào! Bực như vậy mà không nói gì mới lạ, bạn phản ứng bình thường thôi. Đừng vội phản ứng lúc này, giận quá dễ nói sai. Mình tin bạn sẽ xử lý được thôi."
"Bất an ghê quá, thấy crush đi chơi vs ng khác huhu",Lo âu,Tình cảm,"Nghe mình này nhé, Mình hiểu bạn đang lo lắng lắm. Tắt thông báo điện thoại một lúc, tập trung vào đúng 1 việc thôi. Đừng quá nghiêm khắc với bản thân nhé."
"Hồi hộp quá quá, chi tiêu tháng này lố quá, không biết xoay sở sao",Lo âu,Cuộc sống,"Hít thở sâu vào nào. Áp lực như vậy ai gặp cũng rén thôi, bạn không có gì sai cả. Chia nhỏ vấn đề ra, xử lý từng bước một nhé. Bước qua được rồi sẽ thấy mình lớn hơn đó."
"Ae tư vấn giúp, bị rớt môn dù đã cố gắng học thì nên làm sao? muốn khóc haiz",Buồn bã,Học tập,"Lại đây tâm sự với mình nào. Chuyện đó thật sự khiến người ta hụt hẫng nhiều. Bước ra ngoài đi dạo một chút, không khí tươi cũng giúp được phần nào. Mọi chuyện rồi sẽ qua thôi."
"Ae tư vấn giúp, ng yêu tặng quà bất ngờ thì nên làm sao? hạnh phúc quá 🎉",Vui vẻ,Tình cảm,Tuyệt vời quá! Kết quả này là thành quả xứng đáng từ nỗ lực của bạn. Cứ giữ phong độ và tiếp tục phát huy! Chúc bạn luôn giữ năng lượng tích cực!
Thiệt tình gia đình hối thúc chuyện cưới xin. tim đập thình thịch ...,Lo âu,Tình cảm,"Nghe mình này nhé, Cảm giác không kiểm soát được mọi thứ thật sự khó chịu. Uống ly nước ấm, nghỉ một chút rồi tiếp tục. Cố lên nha!"
Mọi thứ dạo này cứ xui xẻo liên tục làm ủa mà buồn thiu 😔,Buồn bã,Cuộc sống,"Mình ở đây rồi, cứ nói ra đi. Buồn như vậy là hoàn toàn bình thường, đừng cố kìm lại. Bật nhạc nhẹ hoặc xem phim cho khuây khỏa. Mình luôn ở đây lắng nghe."
Thiệt tình bị sếp ép deadline vô lý không có lý do. giận tím ng 😤,Tức giận,Công việc,"Hạ hỏa trước nào! Đúng là có những chuyện không thể bỏ qua được. Bơ đi mà sống, để bụng chỉ tổ mệt mình. Đừng để chuyện bực mình làm hỏng cả ngày."
"Mn ơi bị giao dự án mới mà chưa có kinh nghiệm gì, tim đập thình thịch 😰",Lo âu,Công việc,"Hít thở sâu vào nào. Cảm giác không kiểm soát được mọi thứ thật sự khó chịu. Thử đặt deadline nhỏ cho từng việc, đừng nhìn cả đống cùng lúc. Mình tin bạn sẽ vượt qua được."
"Ae ơi dc crush rủ đi chơi cuối tuần, hạnh phúc quá 🎉",Vui vẻ,Tình cảm,Chúc mừng bạn nhé 🎉 Cái cảm giác sau bao ngày chờ đợi giờ thành sự thật đỉnh lắm! Nhớ tự thưởng một chầu ăn ngon nhé. Tiến lên thôi!
gia đình hối thúc chuyện cưới xin làm dạo này rén ngang 😰,Lo âu,Tình cảm,"Nghe mình này nhé, Áp lực như vậy ai gặp cũng rén thôi, bạn không có gì sai cả. Tắt thông báo điện thoại một lúc, tập trung vào đúng 1 việc thôi. Cố lên nha!"
Pass môn khó nhất học kỳ rồi làm ae ơi phê ✨,Vui vẻ,Học tập,Đỉnh thật sự! Đúng là ngày may mắn của bạn rồi. Đây là động lực để bạn tiếp tục cố gắng những thứ khác nữa đó. Tiến lên thôi!
"chọn sai ngành, kh biết có nên đổi không 😥",Lo âu,Học tập,"Bình tĩnh nào! Cảm giác bất an như vậy thật sự rất nặng nề. Chia nhỏ vấn đề ra, xử lý từng bước một nhé. Mình tin bạn sẽ vượt qua được."
đã dặn không ăn hành mà vẫn bỏ nguyên đống vào 🔥,Tức giận,Cuộc sống,"Thở ra đi, thở ra. Thiệt là củ chuối không chịu được. Xả stress đi, đi dạo hay đấm gối cũng được. Bỏ qua cho nhẹ đầu nhé."
"Thất vọng toàn tập quá, dự án tâm huyết bị hủy bỏ phút chót haiz",Buồn bã,Công việc,"Chia buồn cùng bạn. Cảm giác đó nặng nề lắm, bạn không sao cả. Cứ cho phép bản thân nghỉ ngơi vài ngày. Mọi chuyện rồi sẽ qua thôi."
không hiểu bài nhưng không dám hỏi thầy 😱,Lo âu,Học tập,"Nghe mình này nhé, Mình biết bạn đang cố gắng hết sức rồi. Tắt thông báo điện thoại một lúc, tập trung vào đúng 1 việc thôi. Đừng quá nghiêm khắc với bản thân nhé."
"Ae tư vấn giúp, tài khoản cạn tiền mà tháng còn dài thì nên làm sao? tim đập thình thịch 😱",Lo âu,Cuộc sống,"Từ từ đã bạn ơi. Mình hiểu bạn đang lo lắng lắm. Tắt thông báo điện thoại một lúc, tập trung vào đúng 1 việc thôi. Mình tin bạn sẽ vượt qua được."
"Tao được thăng chức r, sướng rơn 🤩",Vui vẻ,Công việc,Đỉnh thật sự! Niềm vui này xứng đáng được lan tỏa! Tận hưởng khoảnh khắc này đến cùng nhé. Quá xá đã!
đang đi đường thì bị xe tạt nước vào người 🔥,Tức giận,Cuộc sống,"Nghe mà tức dùm á 😡 Thiệt là củ chuối không chịu được. Đợi nguôi rồi hẵng nói chuyện lại, lúc đó mới xử lý được bình tĩnh hơn. Thả lỏng ra nào!"
Thiệt tình đang đi đường thì bị xe tạt nước vào người. sôi máu 💢,Tức giận,Cuộc sống,"Thở ra đi, thở ra. Bực như vậy mà không nói gì mới lạ, bạn phản ứng bình thường thôi. Hít thở sâu 10 cái rồi tính tiếp. Đừng để chuyện bực mình làm hỏng cả ngày."
"rén ngang quá, khối lượng công việc nhiều quá, không biết bắt đầu từ đâu 😭",Lo âu,Công việc,"Ổn thôi bạn ơi, Cảm giác bất an như vậy thật sự rất nặng nề. Tắt thông báo điện thoại một lúc, tập trung vào đúng 1 việc thôi. Mọi chuyện rồi sẽ ổn thôi!"
"rén ngang quá, tài khoản cạn tiền mà tháng còn dài",Lo âu,Cuộc sống,"Từ từ đã bạn ơi. Áp lực như vậy ai gặp cũng rén thôi, bạn không có gì sai cả. Thử đặt deadline nhỏ cho từng việc, đừng nhìn cả đống cùng lúc. Bước qua được rồi sẽ thấy mình lớn hơn đó."
"Ae tư vấn giúp, gia đình hối thúc chuyện cưới xin thì nên làm sao? run không chịu được 🥲",Lo âu,Tình cảm,"Hít thở sâu vào nào. Mình hiểu bạn đang lo lắng lắm. Thử đặt deadline nhỏ cho từng việc, đừng nhìn cả đống cùng lúc. Đừng quá nghiêm khắc với bản thân nhé."
áp lực đồng trang lứa học giỏi hơn mình quá nhiều làm tự nhiên tim đập thình thịch ...,Lo âu,Học tập,"Nghe mình này nhé, Cảm giác không kiểm soát được mọi thứ thật sự khó chịu. Nói chuyện với ai đó bạn tin tưởng — đôi khi chỉ cần kể ra là nhẹ hơn nhiều. Đừng quá nghiêm khắc với bản thân nhé."
Làm việc cật lực mà kh đc ghi nhận 😞,Buồn bã,Công việc,Ôm bạn một cái nha. Mình rất tiếc khi nghe điều này. Bật nhạc nhẹ hoặc xem phim cho khuây khỏa. Mạnh lên nghen!
"Hoang mang tột độ quá, gia đình hối thúc chuyện cưới xin ...",Lo âu,Tình cảm,"Ổn thôi bạn ơi, Cảm giác bất an như vậy thật sự rất nặng nề. Tắt thông báo điện thoại một lúc, tập trung vào đúng 1 việc thôi. Bước qua được rồi sẽ thấy mình lớn hơn đó."
dc thầy khen bài luận trước lớp 😆,Vui vẻ,Học tập,Tuyệt vời quá! Thấy bạn vui mình cũng phấn chấn theo. Đây là động lực để bạn tiếp tục cố gắng những thứ khác nữa đó. Chúc bạn luôn giữ năng lượng tích cực!
"Ae tư vấn giúp, sắp thi mà chưa học chữ nào thì nên làm sao? rén ngang ...",Lo âu,Học tập,"Nghe mình này nhé, Lo âu kiểu này ai cũng hiểu, đừng tự trách bản thân nhé. Tắt thông báo điện thoại một lúc, tập trung vào đúng 1 việc thôi. Mình tin bạn sẽ vượt qua được."
Chuẩn bị bảo vệ luận văn mà chưa ôn kỹ ...,Lo âu,Học tập,"Từ từ đã bạn ơi. Cảm giác bất an như vậy thật sự rất nặng nề. Chia nhỏ vấn đề ra, xử lý từng bước một nhé. Đừng quá nghiêm khắc với bản thân nhé."
"Tớ cảm thấy cô đơn lạc lõng giữa đám đông, tê tái 😢",Buồn bã,Cuộc sống,"Ôm bạn một cái nha. Ai gặp phải cũng đau lòng thôi, bạn không có gì sai. Bật nhạc nhẹ hoặc xem phim cho khuây khỏa. Mình luôn ở đây lắng nghe."
Thiệt tình bị overthinking trước khi ngủ k tắt dc. hoang mang tột độ,Lo âu,Cuộc sống,"Bình tĩnh nào! Cảm giác không kiểm soát được mọi thứ thật sự khó chịu. Cứ làm hết sức mình, kết quả ra sao cũng không hối hận. Đừng quá nghiêm khắc với bản thân nhé."
"cay thật sự quá, bạn mượn tiền lâu rùi mà cứ quên trả 🙄",Tức giận,Cuộc sống,"Nghe mà tức dùm á 😡 Nghe mà mình cũng thấy khó chịu theo, bạn có lý mà. Bơ đi mà sống, để bụng chỉ tổ mệt mình. Nghĩ chuyện vui cho đỡ tức nhé."
Crush nhắn tin trước làm ae ơi yêu đời hẳn 🎉,Vui vẻ,Tình cảm,Wow xịn xò vậy! Cái cảm giác sau bao ngày chờ đợi giờ thành sự thật đỉnh lắm! Chia sẻ tin này với người thân đi nào. Yomost lun nha!
"Ae tư vấn giúp, sắp đến kỳ đánh giá cuối năm mà thành tích chưa đủ thì nên làm sao? đổ mồ hôi hột 😭",Lo âu,Công việc,"Bình tĩnh nào! Lo âu kiểu này ai cũng hiểu, đừng tự trách bản thân nhé. Ghi ra giấy những gì đang lo, ưu tiên từng cái. Bước qua được rồi sẽ thấy mình lớn hơn đó."
Thiệt tình ng yêu liên tục đến trễ mà k xin lỗi. muốn bùng cháy 😡,Tức giận,Tình cảm,"Thở ra đi, thở ra. Đúng là có những chuyện không thể bỏ qua được. Đừng vội phản ứng lúc này, giận quá dễ nói sai. Bỏ qua cho nhẹ đầu nhé."
Thiệt tình được crush rủ đi chơi cuối tuần. yêu đời hẳn =)),Vui vẻ,Tình cảm,Tuyệt vời quá! Kết quả này là thành quả xứng đáng từ nỗ lực của bạn. Lưu lại khoảnh khắc này để sau nhìn lại vẫn còn thấy vui. Quá xá đã!
Thiệt tình k bt mình có đang đi đúng hướng trong sự nghiệp không. hồi hộp quá 😰,Lo âu,Công việc,"Ổn thôi bạn ơi, Lo âu kiểu này ai cũng hiểu, đừng tự trách bản thân nhé. Chia nhỏ vấn đề ra, xử lý từng bước một nhé. Bước qua được rồi sẽ thấy mình lớn hơn đó."
khách hàng gửi email khen ngợi sản phẩm của mình làm má ơi vui xỉu 🥰,Vui vẻ,Công việc,Đỉnh thật sự! Kết quả này là thành quả xứng đáng từ nỗ lực của bạn. Chia sẻ tin này với người thân đi nào. Mình tự hào về bạn lắm!
Thiệt tình crush nhắn tin trước. phấn khích,Vui vẻ,Tình cảm,Tuyệt vời quá! Kết quả này là thành quả xứng đáng từ nỗ lực của bạn. Cứ giữ phong độ và tiếp tục phát huy! Mình tự hào về bạn lắm!
mọi thứ dạo này cứ xui xẻo liên tục làm chời ơi tủi thân 😞,Buồn bã,Cuộc sống,"Ôm bạn một cái nha. Buồn như vậy là hoàn toàn bình thường, đừng cố kìm lại. Cứ cho phép bản thân nghỉ ngơi vài ngày. Mạnh lên nghen!"
"Thiệt tình lương về rùi, phát điên. vui xỉu 😎",Vui vẻ,Cuộc sống,Chúc mừng bạn nhé 🎉 Kết quả này là thành quả xứng đáng từ nỗ lực của bạn. Lưu lại khoảnh khắc này để sau nhìn lại vẫn còn thấy vui. Tiến lên thôi!
Thiệt tình nuôi con mèo bao năm mà nó đi mất. chán nản thật sự 💔,Buồn bã,Cuộc sống,"Mình ở đây rồi, cứ nói ra đi. Buồn như vậy là hoàn toàn bình thường, đừng cố kìm lại. Gọi cho bạn thân trút bầu tâm sự nha. Mình luôn ở đây lắng nghe."
sắp đến kỳ đánh giá cuối năm mà thành tích chưa đủ làm chời ơi rén ngang,Lo âu,Công việc,"Nghe mình này nhé, Cảm giác bất an như vậy thật sự rất nặng nề. Cứ làm hết sức mình, kết quả ra sao cũng không hối hận. Bước qua được rồi sẽ thấy mình lớn hơn đó."
"Dạo này áp lực đồng trang lứa học giỏi hơn mình quá nhiều, tim đập thình thịch 😥",Lo âu,Học tập,"Hít thở sâu vào nào. Lo âu kiểu này ai cũng hiểu, đừng tự trách bản thân nhé. Uống ly nước ấm, nghỉ một chút rồi tiếp tục. Đừng quá nghiêm khắc với bản thân nhé."
Phát hiện người yêu nói dối làm dạo này giận tím người 🙄,Tức giận,Tình cảm,"Uống ngụm nước lạnh đi đã. Nghe mà mình cũng thấy khó chịu theo, bạn có lý mà. Đợi nguôi rồi hẵng nói chuyện lại, lúc đó mới xử lý được bình tĩnh hơn. Thả lỏng ra nào!"
"Ae tư vấn giúp, làm việc cật lực mà k được ghi nhận thì nên làm sao? chán nản thật sự 💔",Buồn bã,Công việc,"Thương bạn quá. Những lúc như này mới thấy cuộc sống không phải lúc nào cũng dễ. Đừng thu mình lại, có mình ở đây mà. Ngày mai trời sẽ sáng hơn hôm nay."
"Run không chịu đc quá, bị giao dự án mới mà chưa có kinh nghiệm gì",Lo âu,Công việc,"Bình tĩnh nào! Mình biết bạn đang cố gắng hết sức rồi. Tắt thông báo điện thoại một lúc, tập trung vào đúng 1 việc thôi. Đừng quá nghiêm khắc với bản thân nhé."
"Ae tư vấn giúp, hôm nay kỷ niệm một năm yêu nhau thì nên làm sao? phấn khích",Vui vẻ,Tình cảm,Chúc mừng bạn nhé 🎉 Kết quả này là thành quả xứng đáng từ nỗ lực của bạn. Tận hưởng khoảnh khắc này đến cùng nhé. Mình tự hào về bạn lắm!
"Muốn khóc quá, làm việc cật lực mà ko được ghi nhận 💔",Buồn bã,Công việc,Chia buồn cùng bạn. Những lúc như này mới thấy cuộc sống không phải lúc nào cũng dễ. Bật nhạc nhẹ hoặc xem phim cho khuây khỏa. Mạnh lên nghen!
"thất vọng toàn tập quá, nuôi con mèo bao năm mà nó đi mất haiz",Buồn bã,Cuộc sống,Thương bạn quá. Những lúc như này mới thấy cuộc sống không phải lúc nào cũng dễ. Bật nhạc nhẹ hoặc xem phim cho khuây khỏa. Mọi chuyện rồi sẽ qua thôi.
Thiệt tình dự án tâm huyết bị hủy bỏ phút chót. tủi thân,Buồn bã,Công việc,Ôm bạn một cái nha. Mình rất tiếc khi nghe điều này. Cứ cho phép bản thân nghỉ ngơi vài ngày. Mình luôn ở đây lắng nghe.
"Ae tư vấn giúp, k bt ng ấy có thật sự thích mình không thì nên làm sao? đổ mồ hôi hột 😭",Lo âu,Tình cảm,"Nghe mình này nhé, Cảm giác không kiểm soát được mọi thứ thật sự khó chịu. Nói chuyện với ai đó bạn tin tưởng — đôi khi chỉ cần kể ra là nhẹ hơn nhiều. Cố lên nha!"
Làm việc cật lực mà k được ghi nhận làm tự nhiên buồn thiu 😔,Buồn bã,Công việc,"Mình ở đây rồi, cứ nói ra đi. Buồn như vậy là hoàn toàn bình thường, đừng cố kìm lại. Đừng thu mình lại, có mình ở đây mà. Mình luôn ở đây lắng nghe."
Bị giao dự án mới mà chưa có kinh nghiệm gì làm má ơi tim đập thình thịch huhu,Lo âu,Công việc,"Ổn thôi bạn ơi, Mình hiểu bạn đang lo lắng lắm. Nói chuyện với ai đó bạn tin tưởng — đôi khi chỉ cần kể ra là nhẹ hơn nhiều. Bước qua được rồi sẽ thấy mình lớn hơn đó."
"Nay đi đường không bị tắc, đến nơi sớm hơn 😆",Vui vẻ,Cuộc sống,Nghe mà vui lây luôn! Niềm vui này xứng đáng được lan tỏa! Nhớ tự thưởng một chầu ăn ngon nhé. Mình tự hào về bạn lắm!
Thiệt tình bị sếp la trước mặt cả phòng. tê tái 🥀,Buồn bã,Công việc,"Chia buồn cùng bạn. Ai gặp phải cũng đau lòng thôi, bạn không có gì sai. Gọi cho bạn thân trút bầu tâm sự nha. Ngày mai trời sẽ sáng hơn hôm nay."
"Thiệt tình cãi nhau vs ng yêu, ko biết có ổn ko. chán nản thật sự 😞",Buồn bã,Tình cảm,"Ôm bạn một cái nha. Chuyện đó thật sự khiến người ta hụt hẫng nhiều. Bước ra ngoài đi dạo một chút, không khí tươi cũng giúp được phần nào. Ngày mai trời sẽ sáng hơn hôm nay."
Bài thi đc điểm cao ngoài mong đợi 😎,Vui vẻ,Học tập,Nghe mà vui lây luôn! Kết quả này là thành quả xứng đáng từ nỗ lực của bạn. Lưu lại khoảnh khắc này để sau nhìn lại vẫn còn thấy vui. Yomost lun nha!
Crush vừa công khai ng yêu mới làm dạo này buồn thiu 🥀,Buồn bã,Tình cảm,"Lại đây tâm sự với mình nào. Chuyện đó thật sự khiến người ta hụt hẫng nhiều. Bước ra ngoài đi dạo một chút, không khí tươi cũng giúp được phần nào. Mình luôn ở đây lắng nghe."
Thiệt tình k biết cách tiết kiệm tiền hiệu quả. đổ mồ hôi hột 😭,Lo âu,Cuộc sống,"Từ từ đã bạn ơi. Áp lực như vậy ai gặp cũng rén thôi, bạn không có gì sai cả. Uống ly nước ấm, nghỉ một chút rồi tiếp tục. Mình tin bạn sẽ vượt qua được."
"Sôi máu quá, phát hiện người yêu nói dối 💢",Tức giận,Tình cảm,"Hiểu sự bức xúc của bạn luôn! Thiệt là củ chuối không chịu được. Bơ đi mà sống, để bụng chỉ tổ mệt mình. Đừng để chuyện bực mình làm hỏng cả ngày."
bị sếp la trước mặt cả phòng làm hôm nay thất vọng toàn tập,Buồn bã,Công việc,"Mình ở đây rồi, cứ nói ra đi. Cảm giác đó nặng nề lắm, bạn không sao cả. Bước ra ngoài đi dạo một chút, không khí tươi cũng giúp được phần nào. Ngày mai trời sẽ sáng hơn hôm nay."
khách hàng dời lịch họp sát giờ mà không báo trước làm tao muốn bùng cháy 🔥,Tức giận,Công việc,"Nghe mà tức dùm á 😡 Bực như vậy mà không nói gì mới lạ, bạn phản ứng bình thường thôi. Hít thở sâu 10 cái rồi tính tiếp. Đừng để chuyện bực mình làm hỏng cả ngày."
Bạn mượn tiền lâu r mà cứ quên trả làm mình tức á,Tức giận,Cuộc sống,"Hạ hỏa trước nào! Gặp chuyện đó ai mà không điên tiết. Xả stress đi, đi dạo hay đấm gối cũng được. Bỏ qua cho nhẹ đầu nhé."
"Hôm nay chuẩn bị thuyết trình trước công ty mà cảm thấy chưa sẵn sàng, run kh chịu được huhu",Lo âu,Công việc,"Ổn thôi bạn ơi, Cảm giác bất an như vậy thật sự rất nặng nề. Tắt thông báo điện thoại một lúc, tập trung vào đúng 1 việc thôi. Cố lên nha!"
bị rớt môn dù đã cố gắng học làm dạo này chán nản thật sự 😞,Buồn bã,Học tập,"Mình ở đây rồi, cứ nói ra đi. Những lúc như này mới thấy cuộc sống không phải lúc nào cũng dễ. Bật nhạc nhẹ hoặc xem phim cho khuây khỏa. Mạnh lên nghen!"
"tủi thân quá, bị rớt môn dù đã cố gắng học 😔",Buồn bã,Học tập,Lại đây tâm sự với mình nào. Những lúc như này mới thấy cuộc sống không phải lúc nào cũng dễ. Bật nhạc nhẹ hoặc xem phim cho khuây khỏa. Ngày mai trời sẽ sáng hơn hôm nay.
Bị overthinking trước khi ngủ ko tắt đc 😱,Lo âu,Cuộc sống,"Bình tĩnh nào! Áp lực như vậy ai gặp cũng rén thôi, bạn không có gì sai cả. Uống ly nước ấm, nghỉ một chút rồi tiếp tục. Mọi chuyện rồi sẽ ổn thôi!"
Thiệt tình chốt đơn thành công món đồ ao ước bấy lâu. vui xỉu 🥰,Vui vẻ,Cuộc sống,Nghe mà vui lây luôn! Thấy bạn vui mình cũng phấn chấn theo. Đây là động lực để bạn tiếp tục cố gắng những thứ khác nữa đó. Chúc bạn luôn giữ năng lượng tích cực!
"Má ơi vừa chốt được hợp đồng lớn sau bao ngày nỗ lực, hạnh phúc quá",Vui vẻ,Công việc,Chúc mừng bạn nhé 🎉 Đúng là ngày may mắn của bạn rồi. Lưu lại khoảnh khắc này để sau nhìn lại vẫn còn thấy vui. Tiến lên thôi!
Thiệt tình đã dặn kh ăn hành mà vẫn bỏ nguyên đống vào. tức á 🔥,Tức giận,Cuộc sống,"Thở ra đi, thở ra. Đúng là có những chuyện không thể bỏ qua được. Đừng vội phản ứng lúc này, giận quá dễ nói sai. Đừng để chuyện bực mình làm hỏng cả ngày."
"Ae tư vấn giúp, chuẩn bị thuyết trình trước công ty mà cảm thấy chưa sẵn sàng thì nên làm sao? lo lắng thật sự 😱",Lo âu,Công việc,"Ổn thôi bạn ơi, Áp lực như vậy ai gặp cũng rén thôi, bạn không có gì sai cả. Tắt thông báo điện thoại một lúc, tập trung vào đúng 1 việc thôi. Bước qua được rồi sẽ thấy mình lớn hơn đó."
"Mn ơi hai đứa vừa giải quyết dc hiểu lầm hồi lâu, không thể tin dc 😎",Vui vẻ,Tình cảm,Chúc mừng bạn nhé 🎉 Đúng là ngày may mắn của bạn rồi. Đây là động lực để bạn tiếp tục cố gắng những thứ khác nữa đó. Quá xá đã!
Mới nghỉ việc xong chưa biết làm gì tiếp làm tao hoang mang tột độ ...,Lo âu,Công việc,"Ổn thôi bạn ơi, Mình biết bạn đang cố gắng hết sức rồi. Nói chuyện với ai đó bạn tin tưởng — đôi khi chỉ cần kể ra là nhẹ hơn nhiều. Mình tin bạn sẽ vượt qua được."
"Ae tư vấn giúp, team bị giảm nhân sự, mình ph gánh thêm việc thì nên làm sao? rén ngang ...",Lo âu,Công việc,"Bình tĩnh nào! Cảm giác không kiểm soát được mọi thứ thật sự khó chịu. Uống ly nước ấm, nghỉ một chút rồi tiếp tục. Bước qua được rồi sẽ thấy mình lớn hơn đó."
"Tôi không ngủ được nhiều ngày, tôi đang rất kiệt sức và tuyệt vọng.",Trầm cảm/Tuyệt vọng,Khủng hoảng,"Mình nghe thấy bạn đang rất đau khổ lúc này. Bạn không cần chịu đựng một mình đâu. Hãy gọi ngay 1800 599 920 (miễn phí, 24/7) để được chuyên gia lắng nghe. Cuộc sống của bạn rất quý giá."
"Đổ mồ hôi hột quá, sắp tới deadline mà chưa làm đc chữ nào 🥲",Lo âu,Công việc,"Bình tĩnh nào! Cảm giác bất an như vậy thật sự rất nặng nề. Ghi ra giấy những gì đang lo, ưu tiên từng cái. Mình tin bạn sẽ vượt qua được."
"Dạo này chọn sai ngành, không biết có nên đổi không, đổ mồ hôi hột 😰",Lo âu,Học tập,"Hít thở sâu vào nào. Cảm giác không kiểm soát được mọi thứ thật sự khó chịu. Cứ làm hết sức mình, kết quả ra sao cũng không hối hận. Cố lên nha!"
"Ae tư vấn giúp, thấy crush đi chơi vs người khác thì nên làm sao? run không chịu dc",Lo âu,Tình cảm,"Ổn thôi bạn ơi, Mình biết bạn đang cố gắng hết sức rồi. Tắt thông báo điện thoại một lúc, tập trung vào đúng 1 việc thôi. Bước qua được rồi sẽ thấy mình lớn hơn đó."
bốc trúng phần thưởng to trong sự kiện 🤩,Vui vẻ,Cuộc sống,Tuyệt vời quá! Kết quả này là thành quả xứng đáng từ nỗ lực của bạn. Lưu lại khoảnh khắc này để sau nhìn lại vẫn còn thấy vui. Quá xá đã!
"Dạo này gia đình hối thúc chuyện cưới xin, run ko chịu được 😭",Lo âu,Tình cảm,"Nghe mình này nhé, Mình biết bạn đang cố gắng hết sức rồi. Tắt thông báo điện thoại một lúc, tập trung vào đúng 1 việc thôi. Mọi chuyện rồi sẽ ổn thôi!"
Ko bt cách tiết kiệm tiền hiệu quả làm mình đổ mồ hôi hột 🥲,Lo âu,Cuộc sống,"Bình tĩnh nào! Mình hiểu bạn đang lo lắng lắm. Uống ly nước ấm, nghỉ một chút rồi tiếp tục. Đừng quá nghiêm khắc với bản thân nhé."
Phát hiện người yêu nói dối làm hôm nay sôi máu 😡,Tức giận,Tình cảm,"Nghe mà tức dùm á 😡 Đúng là có những chuyện không thể bỏ qua được. Bơ đi mà sống, để bụng chỉ tổ mệt mình. Thả lỏng ra nào!"
"Tao hai đứa vừa giải quyết đc hiểu lầm hồi lâu, hạnh phúc quá =))",Vui vẻ,Tình cảm,Nghe mà vui lây luôn! Kết quả này là thành quả xứng đáng từ nỗ lực của bạn. Chia sẻ tin này với người thân đi nào. Yomost lun nha!
Thấy crush đi chơi vs ng khác 😥,Lo âu,Tình cảm,"Nghe mình này nhé, Mình biết bạn đang cố gắng hết sức rồi. Ghi ra giấy những gì đang lo, ưu tiên từng cái. Cố lên nha!"
"Ae tư vấn giúp, cãi nhau với người yêu, không biết có ổn k thì nên làm sao? chán nản thật sự 😔",Buồn bã,Tình cảm,"Chia buồn cùng bạn. Mình rất tiếc khi nghe điều này. Buồn thì cứ khóc ra cho nhẹ lòng, đừng cố nuốt vào. Mạnh lên nghen!"
Ph làm bù việc của mấy đứa lười trong team làm ủa mà giận tím ng 🤬,Tức giận,Công việc,Hiểu sự bức xúc của bạn luôn! Gặp chuyện đó ai mà không điên tiết. Hít thở sâu 10 cái rồi tính tiếp. Mình tin bạn sẽ xử lý được thôi.
Ăn đc món ngon đúng ý sau bao ngày thèm làm ủa mà sướng rơn 🥰,Vui vẻ,Cuộc sống,Tuyệt vời quá! Thấy bạn vui mình cũng phấn chấn theo. Chia sẻ tin này với người thân đi nào. Tiến lên thôi!
"yêu đời hẳn quá, chốt đơn thành công món đồ ao ước bấy lâu 🤩",Vui vẻ,Cuộc sống,Chúc mừng bạn nhé 🎉 Thấy bạn vui mình cũng phấn chấn theo. Chia sẻ tin này với người thân đi nào. Yomost lun nha!
"Ae tư vấn giúp, chuẩn bị tỏ tình mà sợ bị từ chối thì nên làm sao? tim đập thình thịch huhu",Lo âu,Tình cảm,"Từ từ đã bạn ơi. Mình biết bạn đang cố gắng hết sức rồi. Thử đặt deadline nhỏ cho từng việc, đừng nhìn cả đống cùng lúc. Đừng quá nghiêm khắc với bản thân nhé."
"Hồi hộp quá quá, sắp thi mà chưa học chữ nào 😱",Lo âu,Học tập,"Ổn thôi bạn ơi, Cảm giác không kiểm soát được mọi thứ thật sự khó chịu. Thử đặt deadline nhỏ cho từng việc, đừng nhìn cả đống cùng lúc. Bước qua được rồi sẽ thấy mình lớn hơn đó."
Thiệt tình thấy crush đi chơi với ng khác. hoang mang tột độ 😰,Lo âu,Tình cảm,"Ổn thôi bạn ơi, Mình biết bạn đang cố gắng hết sức rồi. Chia nhỏ vấn đề ra, xử lý từng bước một nhé. Đừng quá nghiêm khắc với bản thân nhé."
Thiệt tình ph làm bù việc của mấy đứa lười trong team. điên máu 🤬,Tức giận,Công việc,"Thở ra đi, thở ra. Sự bực bội của bạn hoàn toàn chính đáng. Đợi nguôi rồi hẵng nói chuyện lại, lúc đó mới xử lý được bình tĩnh hơn. Bỏ qua cho nhẹ đầu nhé."
"Ae tư vấn giúp, nhìn cảnh nhà ng ta hạnh phúc mà tủi thân thì nên làm sao? thất vọng toàn tập 😢",Buồn bã,Cuộc sống,"Thương bạn quá. Mình rất tiếc khi nghe điều này. Đừng thu mình lại, có mình ở đây mà. Ngày mai trời sẽ sáng hơn hôm nay."
"tim đập thình thịch quá, áp lực đồng trang lứa học giỏi hơn mình quá nhiều ...",Lo âu,Học tập,"Hít thở sâu vào nào. Cảm giác bất an như vậy thật sự rất nặng nề. Thử đặt deadline nhỏ cho từng việc, đừng nhìn cả đống cùng lúc. Mình tin bạn sẽ vượt qua được."
cảm thấy cô đơn lạc lõng giữa đám đông làm tao buồn thiu 🥀,Buồn bã,Cuộc sống,"Chia buồn cùng bạn. Cảm giác đó nặng nề lắm, bạn không sao cả. Đừng thu mình lại, có mình ở đây mà. Thời gian sẽ chữa lành mọi thứ."
"Ae tư vấn giúp, đang thi online thì rớt mạng mất cả bài thì nên làm sao? sôi máu 🔥",Tức giận,Học tập,"Thở ra đi, thở ra. Thiệt là củ chuối không chịu được. Đợi nguôi rồi hẵng nói chuyện lại, lúc đó mới xử lý được bình tĩnh hơn. Đừng để chuyện bực mình làm hỏng cả ngày."
chuẩn bị thuyết trình trước công ty mà cảm thấy chưa sẵn sàng làm mn ơi tim đập thình thịch huhu,Lo âu,Công việc,"Hít thở sâu vào nào. Cảm giác bất an như vậy thật sự rất nặng nề. Chia nhỏ vấn đề ra, xử lý từng bước một nhé. Bước qua được rồi sẽ thấy mình lớn hơn đó."
"Tao giải quyết xong đống task tồn đọng cả tuần, phê 🥰",Vui vẻ,Công việc,Nghe mà vui lây luôn! Bao nhiêu cố gắng cuối cùng đã được đền đáp. Chia sẻ tin này với người thân đi nào. Tiến lên thôi!
Kh bt người ấy có thật sự thích mình ko 🥲,Lo âu,Tình cảm,"Hít thở sâu vào nào. Cảm giác bất an như vậy thật sự rất nặng nề. Cứ làm hết sức mình, kết quả ra sao cũng không hối hận. Bước qua được rồi sẽ thấy mình lớn hơn đó."
"Tôi rất hài lòng với kết quả kinh doanh của quý này, mọi nỗ lực của team đã được đền đáp.",Vui vẻ,Công việc,Chúc mừng bạn nhé 🎉 Niềm vui này xứng đáng được lan tỏa! Tận hưởng khoảnh khắc này đến cùng nhé. Tiến lên thôi!
K bt ng ấy có thật sự thích mình kh làm tui hoang mang tột độ 😭,Lo âu,Tình cảm,"Bình tĩnh nào! Cảm giác không kiểm soát được mọi thứ thật sự khó chịu. Tắt thông báo điện thoại một lúc, tập trung vào đúng 1 việc thôi. Đừng quá nghiêm khắc với bản thân nhé."
"Tui được crush rủ đi chơi cuối tuần, hạnh phúc quá 🥰",Vui vẻ,Tình cảm,Đỉnh thật sự! Niềm vui này xứng đáng được lan tỏa! Đây là động lực để bạn tiếp tục cố gắng những thứ khác nữa đó. Tiến lên thôi!
"Ae tư vấn giúp, nhìn cảnh nhà ng ta hạnh phúc mà tủi thân thì nên làm sao? tủi thân 🥀",Buồn bã,Cuộc sống,"Thương bạn quá. Cảm giác đó nặng nề lắm, bạn không sao cả. Buồn thì cứ khóc ra cho nhẹ lòng, đừng cố nuốt vào. Mình luôn ở đây lắng nghe."
Chuẩn bị tỏ tình mà sợ bị từ chối làm ủa mà hồi hộp quá,Lo âu,Tình cảm,"Bình tĩnh nào! Cảm giác không kiểm soát được mọi thứ thật sự khó chịu. Ghi ra giấy những gì đang lo, ưu tiên từng cái. Mọi chuyện rồi sẽ ổn thôi!"
"Điên máu quá, bạn mượn tiền lâu rồi mà cứ quên trả 🙄",Tức giận,Cuộc sống,"Thở ra đi, thở ra. Bực như vậy mà không nói gì mới lạ, bạn phản ứng bình thường thôi. Xả stress đi, đi dạo hay đấm gối cũng được. Mình tin bạn sẽ xử lý được thôi."
"Ae ơi được thăng chức rồi, vui xỉu 😎",Vui vẻ,Công việc,Chúc mừng bạn nhé 🎉 Đúng là ngày may mắn của bạn rồi. Tận hưởng khoảnh khắc này đến cùng nhé. Yomost lun nha!
"Tui sắp đến kỳ đánh giá cuối năm mà thành tích chưa đủ, rén ngang 😱",Lo âu,Công việc,"Từ từ đã bạn ơi. Áp lực như vậy ai gặp cũng rén thôi, bạn không có gì sai cả. Chia nhỏ vấn đề ra, xử lý từng bước một nhé. Cố lên nha!"
"Ae ơi bị đình chỉ thi vì vi phạm nội quy, tê tái 😢",Buồn bã,Học tập,"Mình ở đây rồi, cứ nói ra đi. Mình rất tiếc khi nghe điều này. Bước ra ngoài đi dạo một chút, không khí tươi cũng giúp được phần nào. Mạnh lên nghen!"
Thiệt tình mới nghỉ việc xong chưa biết làm gì tiếp. rén ngang 😱,Lo âu,Công việc,"Bình tĩnh nào! Mình hiểu bạn đang lo lắng lắm. Ghi ra giấy những gì đang lo, ưu tiên từng cái. Mình tin bạn sẽ vượt qua được."
"Bất an ghê quá, bị giao dự án mới mà chưa có kinh nghiệm gì huhu",Lo âu,Công việc,"Ổn thôi bạn ơi, Cảm giác bất an như vậy thật sự rất nặng nề. Tắt thông báo điện thoại một lúc, tập trung vào đúng 1 việc thôi. Mình tin bạn sẽ vượt qua được."
Thiệt tình tài khoản cạn tiền mà tháng còn dài. run ko chịu được 🥲,Lo âu,Cuộc sống,"Nghe mình này nhé, Mình biết bạn đang cố gắng hết sức rồi. Tắt thông báo điện thoại một lúc, tập trung vào đúng 1 việc thôi. Mình tin bạn sẽ vượt qua được."
"Tui đã dặn không ăn hành mà vẫn bỏ nguyên đống vào, tức á 🤬",Tức giận,Cuộc sống,"Hạ hỏa trước nào! Sự bực bội của bạn hoàn toàn chính đáng. Xả stress đi, đi dạo hay đấm gối cũng được. Mình tin bạn sẽ xử lý được thôi."
"Tự nhiên bạn mượn tiền lâu rồi mà cứ quên trả, muốn bùng cháy 🔥",Tức giận,Cuộc sống,"Hạ hỏa trước nào! Đúng là có những chuyện không thể bỏ qua được. Xả stress đi, đi dạo hay đấm gối cũng được. Nghĩ chuyện vui cho đỡ tức nhé."
"Tui đang thi online thì rớt mạng mất cả bài, cay thật sự 🔥",Tức giận,Học tập,Hiểu sự bức xúc của bạn luôn! Sự bực bội của bạn hoàn toàn chính đáng. Viết ra hết cảm xúc bực bội vào giấy rồi xé đi — nhẹ lòng lắm đó. Mình tin bạn sẽ xử lý được thôi.
"Hồi hộp quá quá, chuẩn bị tỏ tình mà sợ bị từ chối 😥",Lo âu,Tình cảm,"Hít thở sâu vào nào. Lo âu kiểu này ai cũng hiểu, đừng tự trách bản thân nhé. Nói chuyện với ai đó bạn tin tưởng — đôi khi chỉ cần kể ra là nhẹ hơn nhiều. Mình tin bạn sẽ vượt qua được."
"Muốn khóc quá, bị sếp la trước mặt cả phòng 😞",Buồn bã,Công việc,"Mình ở đây rồi, cứ nói ra đi. Ai gặp phải cũng đau lòng thôi, bạn không có gì sai. Đừng thu mình lại, có mình ở đây mà. Mình luôn ở đây lắng nghe."
"Ae tư vấn giúp, bị trừ lương vì một lỗi nhỏ thì nên làm sao? tê tái 💔",Buồn bã,Công việc,"Lại đây tâm sự với mình nào. Mình rất tiếc khi nghe điều này. Bước ra ngoài đi dạo một chút, không khí tươi cũng giúp được phần nào. Mình luôn ở đây lắng nghe."
"áp lực KPI tháng này cao quá, sợ kh đạt làm tui hồi hộp quá 🥲",Lo âu,Công việc,"Nghe mình này nhé, Áp lực như vậy ai gặp cũng rén thôi, bạn không có gì sai cả. Uống ly nước ấm, nghỉ một chút rồi tiếp tục. Bước qua được rồi sẽ thấy mình lớn hơn đó."
Thiệt tình pass môn khó nhất học kỳ r. vui xỉu 😎,Vui vẻ,Học tập,Tuyệt vời quá! Bao nhiêu cố gắng cuối cùng đã được đền đáp. Cứ giữ phong độ và tiếp tục phát huy! Chúc bạn luôn giữ năng lượng tích cực!
Mọi thứ dạo này cứ xui xẻo liên tục 😞,Buồn bã,Cuộc sống,"Mình ở đây rồi, cứ nói ra đi. Chuyện đó thật sự khiến người ta hụt hẫng nhiều. Cứ cho phép bản thân nghỉ ngơi vài ngày. Ngày mai trời sẽ sáng hơn hôm nay."
người yêu tặng quà bất ngờ =)),Vui vẻ,Tình cảm,Tuyệt vời quá! Thấy bạn vui mình cũng phấn chấn theo. Nhớ tự thưởng một chầu ăn ngon nhé. Tiến lên thôi!
Thiệt tình mọi thứ dạo này cứ xui xẻo liên tục. chán nản thật sự 💔,Buồn bã,Cuộc sống,Chia buồn cùng bạn. Chuyện đó thật sự khiến người ta hụt hẫng nhiều. Bật nhạc nhẹ hoặc xem phim cho khuây khỏa. Ngày mai trời sẽ sáng hơn hôm nay.
sắp thi mà chưa học chữ nào làm ae ơi run không chịu đc 😭,Lo âu,Học tập,"Hít thở sâu vào nào. Mình hiểu bạn đang lo lắng lắm. Ghi ra giấy những gì đang lo, ưu tiên từng cái. Mình tin bạn sẽ vượt qua được."
"Ae tư vấn giúp, khối lượng công việc nhiều quá, k bt bắt đầu từ đâu thì nên làm sao? bất an ghê ...",Lo âu,Công việc,"Bình tĩnh nào! Mình hiểu bạn đang lo lắng lắm. Uống ly nước ấm, nghỉ một chút rồi tiếp tục. Cố lên nha!"
Giải quyết xong đống task tồn đọng cả tuần làm mn ơi yêu đời hẳn 😎,Vui vẻ,Công việc,Chúc mừng bạn nhé 🎉 Kết quả này là thành quả xứng đáng từ nỗ lực của bạn. Lưu lại khoảnh khắc này để sau nhìn lại vẫn còn thấy vui. Tiến lên thôi!
"Đổ mồ hôi hột quá, áp lực kpi tháng này cao quá, sợ không đạt 😰",Lo âu,Công việc,"Hít thở sâu vào nào. Cảm giác không kiểm soát được mọi thứ thật sự khó chịu. Thử đặt deadline nhỏ cho từng việc, đừng nhìn cả đống cùng lúc. Đừng quá nghiêm khắc với bản thân nhé."
"cảm giác trống rỗng ghê lắm, như thể mình đã chết từ bên trong rồi",Trầm cảm/Tuyệt vọng,Khủng hoảng,Bạn đang trải qua điều rất khó khăn và mình thực sự lo cho bạn. Xin hãy gọi ngay đường dây 1800 599 920 để được tư vấn tâm lý khẩn cấp. Bạn không đơn độc trong chuyện này.
bị đình chỉ thi vì vi phạm nội quy làm mình thất vọng toàn tập 😔,Buồn bã,Học tập,"Lại đây tâm sự với mình nào. Buồn như vậy là hoàn toàn bình thường, đừng cố kìm lại. Đừng thu mình lại, có mình ở đây mà. Ngày mai trời sẽ sáng hơn hôm nay."
sếp khen project mới làm tốt trước toàn công ty ✨,Vui vẻ,Công việc,Nghe mà vui lây luôn! Đúng là ngày may mắn của bạn rồi. Chia sẻ tin này với người thân đi nào. Mình tự hào về bạn lắm!
Cảm thấy mình ko xứng vs ng ta làm mình chán nản thật sự,Buồn bã,Tình cảm,"Lại đây tâm sự với mình nào. Những lúc như này mới thấy cuộc sống không phải lúc nào cũng dễ. Bước ra ngoài đi dạo một chút, không khí tươi cũng giúp được phần nào. Mọi chuyện rồi sẽ qua thôi."
Thiệt tình phát hiện ng yêu nói dối. giận tím ng 😤,Tức giận,Tình cảm,"Nghe mà tức dùm á 😡 Sự bực bội của bạn hoàn toàn chính đáng. Đợi nguôi rồi hẵng nói chuyện lại, lúc đó mới xử lý được bình tĩnh hơn. Mình tin bạn sẽ xử lý được thôi."
"Buồn thiu quá, bị sếp la trước mặt cả phòng haiz",Buồn bã,Công việc,"Chia buồn cùng bạn. Cảm giác đó nặng nề lắm, bạn không sao cả. Buồn thì cứ khóc ra cho nhẹ lòng, đừng cố nuốt vào. Ngày mai trời sẽ sáng hơn hôm nay."
Hôm nay xử lý được bug khó mà cả team đều bó tay,Vui vẻ,Công việc,Đỉnh thật sự! Đúng là ngày may mắn của bạn rồi. Cứ giữ phong độ và tiếp tục phát huy! Tiến lên thôi!
học ngày học đêm mà điểm vẫn lẹt đẹt haiz,Buồn bã,Học tập,"Chia buồn cùng bạn. Buồn như vậy là hoàn toàn bình thường, đừng cố kìm lại. Bước ra ngoài đi dạo một chút, không khí tươi cũng giúp được phần nào. Mình luôn ở đây lắng nghe."
Thiệt tình pass môn khó nhất học kỳ rồi. phấn khích 🤩,Vui vẻ,Học tập,Wow xịn xò vậy! Đúng là ngày may mắn của bạn rồi. Nhớ tự thưởng một chầu ăn ngon nhé. Tiến lên thôi!
Nhắn tin cả ngày mà kh thèm đọc nhưng vẫn online 💢,Tức giận,Tình cảm,Nghe mà tức dùm á 😡 Thiệt là củ chuối không chịu được. Hít thở sâu 10 cái rồi tính tiếp. Thả lỏng ra nào!
được thầy khen bài luận trước lớp 🎉,Vui vẻ,Học tập,Chúc mừng bạn nhé 🎉 Bao nhiêu cố gắng cuối cùng đã được đền đáp. Lưu lại khoảnh khắc này để sau nhìn lại vẫn còn thấy vui. Tiến lên thôi!
"Tự nhiên học ngày học đêm mà điểm vẫn lẹt đẹt, tủi thân 😢",Buồn bã,Học tập,"Mình ở đây rồi, cứ nói ra đi. Buồn như vậy là hoàn toàn bình thường, đừng cố kìm lại. Gọi cho bạn thân trút bầu tâm sự nha. Mình luôn ở đây lắng nghe."
"giận tím người quá, đã dặn ko ăn hành mà vẫn bỏ nguyên đống vào 🤬",Tức giận,Cuộc sống,"Hiểu sự bức xúc của bạn luôn! Gặp chuyện đó ai mà không điên tiết. Đừng vội phản ứng lúc này, giận quá dễ nói sai. Nghĩ chuyện vui cho đỡ tức nhé."
"Run ko chịu được quá, gia đình hối thúc chuyện cưới xin 😰",Lo âu,Tình cảm,"Bình tĩnh nào! Mình hiểu bạn đang lo lắng lắm. Tắt thông báo điện thoại một lúc, tập trung vào đúng 1 việc thôi. Mọi chuyện rồi sẽ ổn thôi!"
Thiệt tình bị rớt môn dù đã cố gắng học. buồn thiu 😞,Buồn bã,Học tập,"Chia buồn cùng bạn. Buồn như vậy là hoàn toàn bình thường, đừng cố kìm lại. Đừng thu mình lại, có mình ở đây mà. Mọi chuyện rồi sẽ qua thôi."
"Ae tư vấn giúp, ăn được món ngon đúng ý sau bao ngày thèm thì nên làm sao? phê 🤩",Vui vẻ,Cuộc sống,Wow xịn xò vậy! Đúng là ngày may mắn của bạn rồi. Nhớ tự thưởng một chầu ăn ngon nhé. Quá xá đã!
Được crush rủ đi chơi cuối tuần làm ae ơi yêu đời hẳn,Vui vẻ,Tình cảm,Chúc mừng bạn nhé 🎉 Thấy bạn vui mình cũng phấn chấn theo. Chia sẻ tin này với người thân đi nào. Chúc bạn luôn giữ năng lượng tích cực!
Thiệt tình đang thi online thì rớt mạng mất cả bài. giận tím người 😡,Tức giận,Học tập,"Uống ngụm nước lạnh đi đã. Nghe mà mình cũng thấy khó chịu theo, bạn có lý mà. Viết ra hết cảm xúc bực bội vào giấy rồi xé đi — nhẹ lòng lắm đó. Bỏ qua cho nhẹ đầu nhé."
"Mn ơi vừa chốt dc hợp đồng lớn sau bao ngày nỗ lực, yêu đời hẳn 🤩",Vui vẻ,Công việc,Chúc mừng bạn nhé 🎉 Niềm vui này xứng đáng được lan tỏa! Nhớ tự thưởng một chầu ăn ngon nhé. Yomost lun nha!
dự án tâm huyết bị hủy bỏ phút chót làm mình thất vọng toàn tập 😔,Buồn bã,Công việc,"Ôm bạn một cái nha. Chuyện đó thật sự khiến người ta hụt hẫng nhiều. Bước ra ngoài đi dạo một chút, không khí tươi cũng giúp được phần nào. Ngày mai trời sẽ sáng hơn hôm nay."
Chốt đơn thành công món đồ ao ước bấy lâu làm mình ko thể tin được 😆,Vui vẻ,Cuộc sống,Tuyệt vời quá! Cái cảm giác sau bao ngày chờ đợi giờ thành sự thật đỉnh lắm! Lưu lại khoảnh khắc này để sau nhìn lại vẫn còn thấy vui. Mình tự hào về bạn lắm!
Bài thi được điểm cao ngoài mong đợi làm mình không thể tin dc 🤩,Vui vẻ,Học tập,Đỉnh thật sự! Bao nhiêu cố gắng cuối cùng đã được đền đáp. Lưu lại khoảnh khắc này để sau nhìn lại vẫn còn thấy vui. Quá xá đã!
"Ae tư vấn giúp, được crush rủ đi chơi cuối tuần thì nên làm sao? yêu đời hẳn ✨",Vui vẻ,Tình cảm,Wow xịn xò vậy! Đúng là ngày may mắn của bạn rồi. Nhớ tự thưởng một chầu ăn ngon nhé. Chúc bạn luôn giữ năng lượng tích cực!
Thiệt tình hôm nay xử lý dc bug khó mà cả team đều bó tay. hạnh phúc quá 😆,Vui vẻ,Công việc,Chúc mừng bạn nhé 🎉 Bao nhiêu cố gắng cuối cùng đã được đền đáp. Nhớ tự thưởng một chầu ăn ngon nhé. Tiến lên thôi!
"Mn ơi mọi thứ dạo này cứ xui xẻo liên tục, thất vọng toàn tập 😞",Buồn bã,Cuộc sống,"Chia buồn cùng bạn. Ai gặp phải cũng đau lòng thôi, bạn không có gì sai. Đừng thu mình lại, có mình ở đây mà. Mình luôn ở đây lắng nghe."
"Ae tư vấn giúp, khách hàng gửi email khen ngợi sản phẩm của mình thì nên làm sao? k thể tin được 😎",Vui vẻ,Công việc,Chúc mừng bạn nhé 🎉 Niềm vui này xứng đáng được lan tỏa! Đây là động lực để bạn tiếp tục cố gắng những thứ khác nữa đó. Chúc bạn luôn giữ năng lượng tích cực!
bị dọa rớt môn nếu điểm thi k đạt làm ủa mà bất an ghê 😱,Lo âu,Học tập,"Nghe mình này nhé, Mình biết bạn đang cố gắng hết sức rồi. Uống ly nước ấm, nghỉ một chút rồi tiếp tục. Đừng quá nghiêm khắc với bản thân nhé."
Thiệt tình tài khoản cạn tiền mà tháng còn dài. bất an ghê,Lo âu,Cuộc sống,"Ổn thôi bạn ơi, Lo âu kiểu này ai cũng hiểu, đừng tự trách bản thân nhé. Nói chuyện với ai đó bạn tin tưởng — đôi khi chỉ cần kể ra là nhẹ hơn nhiều. Bước qua được rồi sẽ thấy mình lớn hơn đó."
"Ae tư vấn giúp, bài thi dc điểm cao ngoài mong đợi thì nên làm sao? yêu đời hẳn 😎",Vui vẻ,Học tập,Đỉnh thật sự! Cái cảm giác sau bao ngày chờ đợi giờ thành sự thật đỉnh lắm! Cứ giữ phong độ và tiếp tục phát huy! Yomost lun nha!
"Ae tư vấn giúp, kh bt cách tiết kiệm tiền hiệu quả thì nên làm sao? rén ngang",Lo âu,Cuộc sống,"Bình tĩnh nào! Cảm giác không kiểm soát được mọi thứ thật sự khó chịu. Chia nhỏ vấn đề ra, xử lý từng bước một nhé. Đừng quá nghiêm khắc với bản thân nhé."
Thiệt tình bài thi dc điểm cao ngoài mong đợi. vui xỉu 🥰,Vui vẻ,Học tập,Wow xịn xò vậy! Đúng là ngày may mắn của bạn rồi. Lưu lại khoảnh khắc này để sau nhìn lại vẫn còn thấy vui. Chúc bạn luôn giữ năng lượng tích cực!
"Tớ đang thi online thì rớt mạng mất cả bài, tức á 😡",Tức giận,Học tập,"Uống ngụm nước lạnh đi đã. Bực như vậy mà không nói gì mới lạ, bạn phản ứng bình thường thôi. Viết ra hết cảm xúc bực bội vào giấy rồi xé đi — nhẹ lòng lắm đó. Nghĩ chuyện vui cho đỡ tức nhé."
"không thấy lý do gì để tiếp tục sống nữa, mọi thứ đều vô nghĩa",Trầm cảm/Tuyệt vọng,Khủng hoảng,"Nghe bạn nói điều này, mình rất muốn bạn được an toàn. Hãy nhờ người thân đưa bạn đến cơ sở y tế hoặc gọi 1800 599 920 ngay nhé. Cuộc sống của bạn có ý nghĩa hơn bạn nghĩ."
Sắp đến kỳ đánh giá cuối năm mà thành tích chưa đủ làm tui tim đập thình thịch 😥,Lo âu,Công việc,"Ổn thôi bạn ơi, Cảm giác bất an như vậy thật sự rất nặng nề. Chia nhỏ vấn đề ra, xử lý từng bước một nhé. Mọi chuyện rồi sẽ ổn thôi!"
Thiệt tình thấy crush đi chơi vs ng khác. lo lắng thật sự,Lo âu,Tình cảm,"Ổn thôi bạn ơi, Áp lực như vậy ai gặp cũng rén thôi, bạn không có gì sai cả. Ghi ra giấy những gì đang lo, ưu tiên từng cái. Mọi chuyện rồi sẽ ổn thôi!"
"rén ngang quá, khối lượng công việc nhiều quá, k bt bắt đầu từ đâu 😰",Lo âu,Công việc,Hít thở sâu vào nào. Mình hiểu bạn đang lo lắng lắm. Nói chuyện với ai đó bạn tin tưởng — đôi khi chỉ cần kể ra là nhẹ hơn nhiều. Đừng quá nghiêm khắc với bản thân nhé.
"Ae tư vấn giúp, bị sếp ép deadline vô lý không có lý do thì nên làm sao? cay thật sự 🙄",Tức giận,Công việc,"Hạ hỏa trước nào! Gặp chuyện đó ai mà không điên tiết. Đợi nguôi rồi hẵng nói chuyện lại, lúc đó mới xử lý được bình tĩnh hơn. Bỏ qua cho nhẹ đầu nhé."
Thiệt tình học ngày học đêm mà điểm vẫn lẹt đẹt. muốn khóc 😞,Buồn bã,Học tập,"Chia buồn cùng bạn. Những lúc như này mới thấy cuộc sống không phải lúc nào cũng dễ. Bước ra ngoài đi dạo một chút, không khí tươi cũng giúp được phần nào. Mọi chuyện rồi sẽ qua thôi."
Thiệt tình khách hàng gửi email khen ngợi sản phẩm của mình. vui xỉu,Vui vẻ,Công việc,Tuyệt vời quá! Bao nhiêu cố gắng cuối cùng đã được đền đáp. Tận hưởng khoảnh khắc này đến cùng nhé. Chúc bạn luôn giữ năng lượng tích cực!
Thiệt tình học ngày học đêm mà điểm vẫn lẹt đẹt. tủi thân haiz,Buồn bã,Học tập,"Thương bạn quá. Chuyện đó thật sự khiến người ta hụt hẫng nhiều. Bước ra ngoài đi dạo một chút, không khí tươi cũng giúp được phần nào. Mọi chuyện rồi sẽ qua thôi."
"muốn khóc quá, cảm thấy mình ko xứng với người ta 😔",Buồn bã,Tình cảm,"Lại đây tâm sự với mình nào. Mình rất tiếc khi nghe điều này. Đừng thu mình lại, có mình ở đây mà. Thời gian sẽ chữa lành mọi thứ."
nghĩ về tương lai thấy mông lung quá làm má ơi rén ngang huhu,Lo âu,Cuộc sống,"Từ từ đã bạn ơi. Lo âu kiểu này ai cũng hiểu, đừng tự trách bản thân nhé. Tắt thông báo điện thoại một lúc, tập trung vào đúng 1 việc thôi. Bước qua được rồi sẽ thấy mình lớn hơn đó."
"Lương về rồi, phát điên làm má ơi yêu đời hẳn",Vui vẻ,Cuộc sống,Đỉnh thật sự! Thấy bạn vui mình cũng phấn chấn theo. Đây là động lực để bạn tiếp tục cố gắng những thứ khác nữa đó. Tiến lên thôi!
"Ae tư vấn giúp, không biết người ấy có thật sự thích mình k thì nên làm sao? bất an ghê 😭",Lo âu,Tình cảm,"Ổn thôi bạn ơi, Lo âu kiểu này ai cũng hiểu, đừng tự trách bản thân nhé. Tắt thông báo điện thoại một lúc, tập trung vào đúng 1 việc thôi. Cố lên nha!"
Thiệt tình bị dọa rớt môn nếu điểm thi không đạt. hồi hộp quá 😭,Lo âu,Học tập,"Hít thở sâu vào nào. Cảm giác bất an như vậy thật sự rất nặng nề. Cứ làm hết sức mình, kết quả ra sao cũng không hối hận. Cố lên nha!"
Thiệt tình cảm thấy cô đơn lạc lõng giữa đám đông. chán nản thật sự 💔,Buồn bã,Cuộc sống,"Thương bạn quá. Cảm giác đó nặng nề lắm, bạn không sao cả. Cứ cho phép bản thân nghỉ ngơi vài ngày. Mình luôn ở đây lắng nghe."
"Ae tư vấn giúp, sắp tới deadline mà chưa làm được chữ nào thì nên làm sao? đổ mồ hôi hột huhu",Lo âu,Công việc,"Từ từ đã bạn ơi. Áp lực như vậy ai gặp cũng rén thôi, bạn không có gì sai cả. Uống ly nước ấm, nghỉ một chút rồi tiếp tục. Mình tin bạn sẽ vượt qua được."
"thất vọng toàn tập quá, làm việc cật lực mà không được ghi nhận haiz",Buồn bã,Công việc,"Ôm bạn một cái nha. Ai gặp phải cũng đau lòng thôi, bạn không có gì sai. Gọi cho bạn thân trút bầu tâm sự nha. Mọi chuyện rồi sẽ qua thôi."
Crush vừa công khai người yêu mới làm tự nhiên buồn thiu 😢,Buồn bã,Tình cảm,"Mình ở đây rồi, cứ nói ra đi. Mình rất tiếc khi nghe điều này. Đừng thu mình lại, có mình ở đây mà. Ngày mai trời sẽ sáng hơn hôm nay."
"Ae tư vấn giúp, lo lắng k bt mối quan hệ này có tương lai không thì nên làm sao? run không chịu được ...",Lo âu,Tình cảm,"Nghe mình này nhé, Cảm giác không kiểm soát được mọi thứ thật sự khó chịu. Cứ làm hết sức mình, kết quả ra sao cũng không hối hận. Bước qua được rồi sẽ thấy mình lớn hơn đó."
"chán nản thật sự quá, mới chia tay xong, cứ thấy trống rỗng haiz",Buồn bã,Tình cảm,"Thương bạn quá. Cảm giác đó nặng nề lắm, bạn không sao cả. Buồn thì cứ khóc ra cho nhẹ lòng, đừng cố nuốt vào. Ngày mai trời sẽ sáng hơn hôm nay."
"Ae tư vấn giúp, thấy crush đi chơi vs người khác thì nên làm sao? hồi hộp quá 🥲",Lo âu,Tình cảm,"Hít thở sâu vào nào. Lo âu kiểu này ai cũng hiểu, đừng tự trách bản thân nhé. Uống ly nước ấm, nghỉ một chút rồi tiếp tục. Mọi chuyện rồi sẽ ổn thôi!"
"Muốn bùng cháy quá, ng yêu liên tục đến trễ mà không xin lỗi 🙄",Tức giận,Tình cảm,Hạ hỏa trước nào! Thiệt là củ chuối không chịu được. Hít thở sâu 10 cái rồi tính tiếp. Mình tin bạn sẽ xử lý được thôi.
"Thất vọng toàn tập quá, bị trừ lương vì một lỗi nhỏ haiz",Buồn bã,Công việc,"Chia buồn cùng bạn. Cảm giác đó nặng nề lắm, bạn không sao cả. Đừng thu mình lại, có mình ở đây mà. Mọi chuyện rồi sẽ qua thôi."
"Dạo này làm việc cật lực mà kh được ghi nhận, buồn thiu 💔",Buồn bã,Công việc,"Lại đây tâm sự với mình nào. Cảm giác đó nặng nề lắm, bạn không sao cả. Buồn thì cứ khóc ra cho nhẹ lòng, đừng cố nuốt vào. Mọi chuyện rồi sẽ qua thôi."
"Tự nhiên chuẩn bị bảo vệ luận văn mà chưa ôn kỹ, hồi hộp quá",Lo âu,Học tập,"Ổn thôi bạn ơi, Áp lực như vậy ai gặp cũng rén thôi, bạn không có gì sai cả. Ghi ra giấy những gì đang lo, ưu tiên từng cái. Mọi chuyện rồi sẽ ổn thôi!"
"Hoang mang tột độ quá, thấy crush đi chơi vs người khác 🥲",Lo âu,Tình cảm,"Ổn thôi bạn ơi, Lo âu kiểu này ai cũng hiểu, đừng tự trách bản thân nhé. Thử đặt deadline nhỏ cho từng việc, đừng nhìn cả đống cùng lúc. Mình tin bạn sẽ vượt qua được."
lo lắng kh biết mối quan hệ này có tương lai không làm má ơi tim đập thình thịch 😱,Lo âu,Tình cảm,"Hít thở sâu vào nào. Cảm giác không kiểm soát được mọi thứ thật sự khó chịu. Uống ly nước ấm, nghỉ một chút rồi tiếp tục. Mình tin bạn sẽ vượt qua được."
Thiệt tình phải làm bù việc của mấy đứa lười trong team. giận tím ng,Tức giận,Công việc,"Hạ hỏa trước nào! Bực như vậy mà không nói gì mới lạ, bạn phản ứng bình thường thôi. Viết ra hết cảm xúc bực bội vào giấy rồi xé đi — nhẹ lòng lắm đó. Thả lỏng ra nào!"
cảm thấy mình không xứng với ng ta làm chời ơi buồn thiu 😞,Buồn bã,Tình cảm,"Thương bạn quá. Ai gặp phải cũng đau lòng thôi, bạn không có gì sai. Buồn thì cứ khóc ra cho nhẹ lòng, đừng cố nuốt vào. Ngày mai trời sẽ sáng hơn hôm nay."
Thiệt tình học ngày học đêm mà điểm vẫn lẹt đẹt. tủi thân 😞,Buồn bã,Học tập,Chia buồn cùng bạn. Mình rất tiếc khi nghe điều này. Cứ cho phép bản thân nghỉ ngơi vài ngày. Mình luôn ở đây lắng nghe.
"Ủa mà đc thăng chức r, phê ✨",Vui vẻ,Công việc,Wow xịn xò vậy! Thấy bạn vui mình cũng phấn chấn theo. Đây là động lực để bạn tiếp tục cố gắng những thứ khác nữa đó. Quá xá đã!
"Má ơi nay đi đường không bị tắc, đến nơi sớm hơn, phê =))",Vui vẻ,Cuộc sống,Chúc mừng bạn nhé 🎉 Thấy bạn vui mình cũng phấn chấn theo. Chia sẻ tin này với người thân đi nào. Chúc bạn luôn giữ năng lượng tích cực!
"Mn ơi cảm giác bị tụt hậu so với bạn bè đồng trang lứa, rén ngang ...",Lo âu,Cuộc sống,"Bình tĩnh nào! Cảm giác bất an như vậy thật sự rất nặng nề. Tắt thông báo điện thoại một lúc, tập trung vào đúng 1 việc thôi. Cố lên nha!"
Bị sếp la trước mặt cả phòng làm ae ơi buồn thiu,Buồn bã,Công việc,"Chia buồn cùng bạn. Chuyện đó thật sự khiến người ta hụt hẫng nhiều. Buồn thì cứ khóc ra cho nhẹ lòng, đừng cố nuốt vào. Ngày mai trời sẽ sáng hơn hôm nay."
kh biết người ấy có thật sự thích mình kh làm tớ tim đập thình thịch ...,Lo âu,Tình cảm,"Nghe mình này nhé, Mình hiểu bạn đang lo lắng lắm. Chia nhỏ vấn đề ra, xử lý từng bước một nhé. Cố lên nha!"
crush vừa công khai ng yêu mới làm tao muốn khóc haiz,Buồn bã,Tình cảm,Thương bạn quá. Những lúc như này mới thấy cuộc sống không phải lúc nào cũng dễ. Bật nhạc nhẹ hoặc xem phim cho khuây khỏa. Mạnh lên nghen!
dự án tâm huyết bị hủy bỏ phút chót làm chời ơi tủi thân,Buồn bã,Công việc,Chia buồn cùng bạn. Mình rất tiếc khi nghe điều này. Bật nhạc nhẹ hoặc xem phim cho khuây khỏa. Thời gian sẽ chữa lành mọi thứ.
Thiệt tình trời mưa tự nhiên nhớ ng yêu cũ. tủi thân 😢,Buồn bã,Tình cảm,Ôm bạn một cái nha. Những lúc như này mới thấy cuộc sống không phải lúc nào cũng dễ. Gọi cho bạn thân trút bầu tâm sự nha. Ngày mai trời sẽ sáng hơn hôm nay.
"Ae tư vấn giúp, cảm giác mối quan hệ đang ngày càng nhạt dần thì nên làm sao? bất an ghê ...",Lo âu,Tình cảm,Từ từ đã bạn ơi. Mình biết bạn đang cố gắng hết sức rồi. Nói chuyện với ai đó bạn tin tưởng — đôi khi chỉ cần kể ra là nhẹ hơn nhiều. Mình tin bạn sẽ vượt qua được.
Thiệt tình khách hàng dời lịch họp sát giờ mà kh báo trước. điên máu,Tức giận,Công việc,"Hiểu sự bức xúc của bạn luôn! Nghe mà mình cũng thấy khó chịu theo, bạn có lý mà. Xả stress đi, đi dạo hay đấm gối cũng được. Nghĩ chuyện vui cho đỡ tức nhé."
"Ủa mà cãi nhau vs ng yêu, kh bt có ổn không, chán nản thật sự 😢",Buồn bã,Tình cảm,"Chia buồn cùng bạn. Mình rất tiếc khi nghe điều này. Bước ra ngoài đi dạo một chút, không khí tươi cũng giúp được phần nào. Mạnh lên nghen!"
"Muốn bùng cháy quá, xe hỏng giữa đường đúng lúc đang vội nhất",Tức giận,Cuộc sống,"Hạ hỏa trước nào! Gặp chuyện đó ai mà không điên tiết. Đợi nguôi rồi hẵng nói chuyện lại, lúc đó mới xử lý được bình tĩnh hơn. Mình tin bạn sẽ xử lý được thôi."
"áp lực KPI tháng này cao quá, sợ k đạt làm má ơi đổ mồ hôi hột 😰",Lo âu,Công việc,"Hít thở sâu vào nào. Cảm giác bất an như vậy thật sự rất nặng nề. Chia nhỏ vấn đề ra, xử lý từng bước một nhé. Bước qua được rồi sẽ thấy mình lớn hơn đó."
Đang đi đường thì bị xe tạt nước vào người làm hôm nay sôi máu,Tức giận,Cuộc sống,"Hiểu sự bức xúc của bạn luôn! Thiệt là củ chuối không chịu được. Bơ đi mà sống, để bụng chỉ tổ mệt mình. Thả lỏng ra nào!"
"Ae tư vấn giúp, người yêu liên tục đến trễ mà k xin lỗi thì nên làm sao? sôi máu 🔥",Tức giận,Tình cảm,Hiểu sự bức xúc của bạn luôn! Gặp chuyện đó ai mà không điên tiết. Viết ra hết cảm xúc bực bội vào giấy rồi xé đi — nhẹ lòng lắm đó. Nghĩ chuyện vui cho đỡ tức nhé.
sắp đến kỳ đóng tiền trọ mà lương chưa về làm mình lo lắng thật sự 😱,Lo âu,Cuộc sống,"Ổn thôi bạn ơi, Cảm giác bất an như vậy thật sự rất nặng nề. Tắt thông báo điện thoại một lúc, tập trung vào đúng 1 việc thôi. Cố lên nha!"
"Hôm nay nuôi con mèo bao năm mà nó đi mất, thất vọng toàn tập",Buồn bã,Cuộc sống,"Lại đây tâm sự với mình nào. Buồn như vậy là hoàn toàn bình thường, đừng cố kìm lại. Đừng thu mình lại, có mình ở đây mà. Thời gian sẽ chữa lành mọi thứ."
Thiệt tình cảm giác bị tụt hậu so với bạn bè đồng trang lứa. bất an ghê,Lo âu,Cuộc sống,"Bình tĩnh nào! Lo âu kiểu này ai cũng hiểu, đừng tự trách bản thân nhé. Nói chuyện với ai đó bạn tin tưởng — đôi khi chỉ cần kể ra là nhẹ hơn nhiều. Đừng quá nghiêm khắc với bản thân nhé."
Cảm thấy mình học kém hơn bạn bè rất nhiều làm mn ơi tê tái,Buồn bã,Học tập,Lại đây tâm sự với mình nào. Những lúc như này mới thấy cuộc sống không phải lúc nào cũng dễ. Cứ cho phép bản thân nghỉ ngơi vài ngày. Mọi chuyện rồi sẽ qua thôi.
Bị hủy hẹn đi chơi phút chót không có lý do làm tao sôi máu 💢,Tức giận,Tình cảm,"Thở ra đi, thở ra. Đúng là có những chuyện không thể bỏ qua được. Đừng vội phản ứng lúc này, giận quá dễ nói sai. Nghĩ chuyện vui cho đỡ tức nhé."
"Tớ nghĩ về tương lai thấy mông lung quá, rén ngang 😰",Lo âu,Cuộc sống,"Bình tĩnh nào! Cảm giác bất an như vậy thật sự rất nặng nề. Ghi ra giấy những gì đang lo, ưu tiên từng cái. Cố lên nha!"
nhắn tin cả ngày mà k thèm đọc nhưng vẫn online làm tớ muốn bùng cháy 😤,Tức giận,Tình cảm,"Nghe mà tức dùm á 😡 Nghe mà mình cũng thấy khó chịu theo, bạn có lý mà. Xả stress đi, đi dạo hay đấm gối cũng được. Bỏ qua cho nhẹ đầu nhé."
Kh ai trong nhóm bạn hiểu mình làm dạo này muốn khóc 😔,Buồn bã,Cuộc sống,"Mình ở đây rồi, cứ nói ra đi. Chuyện đó thật sự khiến người ta hụt hẫng nhiều. Đừng thu mình lại, có mình ở đây mà. Mọi chuyện rồi sẽ qua thôi."
sắp đến kỳ đánh giá cuối năm mà thành tích chưa đủ làm ae ơi lo lắng thật sự 😥,Lo âu,Công việc,"Nghe mình này nhé, Mình biết bạn đang cố gắng hết sức rồi. Thử đặt deadline nhỏ cho từng việc, đừng nhìn cả đống cùng lúc. Đừng quá nghiêm khắc với bản thân nhé."
xe hỏng giữa đường đúng lúc đang vội nhất làm ủa mà điên máu 😤,Tức giận,Cuộc sống,"Nghe mà tức dùm á 😡 Sự bực bội của bạn hoàn toàn chính đáng. Đừng vội phản ứng lúc này, giận quá dễ nói sai. Thả lỏng ra nào!"
mọi thứ dạo này cứ xui xẻo liên tục làm chời ơi buồn thiu 😔,Buồn bã,Cuộc sống,"Mình ở đây rồi, cứ nói ra đi. Mình rất tiếc khi nghe điều này. Cứ cho phép bản thân nghỉ ngơi vài ngày. Ngày mai trời sẽ sáng hơn hôm nay."
"Ae tư vấn giúp, điểm thi thử thấp quá, sợ thi thật sẽ tệ hơn thì nên làm sao? lo lắng thật sự",Lo âu,Học tập,"Bình tĩnh nào! Mình biết bạn đang cố gắng hết sức rồi. Chia nhỏ vấn đề ra, xử lý từng bước một nhé. Bước qua được rồi sẽ thấy mình lớn hơn đó."
Thiệt tình không bt mình có đang đi đúng hướng trong sự nghiệp kh. lo lắng thật sự 😥,Lo âu,Công việc,"Hít thở sâu vào nào. Cảm giác bất an như vậy thật sự rất nặng nề. Ghi ra giấy những gì đang lo, ưu tiên từng cái. Mọi chuyện rồi sẽ ổn thôi!"
"Ae tư vấn giúp, cảm thấy cô đơn lạc lõng giữa đám đông thì nên làm sao? tủi thân 😞",Buồn bã,Cuộc sống,Ôm bạn một cái nha. Chuyện đó thật sự khiến người ta hụt hẫng nhiều. Gọi cho bạn thân trút bầu tâm sự nha. Mạnh lên nghen!
"Khối lượng công việc nhiều quá, không bt bắt đầu từ đâu làm tớ run kh chịu đc huhu",Lo âu,Công việc,"Hít thở sâu vào nào. Mình biết bạn đang cố gắng hết sức rồi. Uống ly nước ấm, nghỉ một chút rồi tiếp tục. Cố lên nha!"
"Ae tư vấn giúp, bị đình chỉ thi vì vi phạm nội quy thì nên làm sao? tê tái 😔",Buồn bã,Học tập,"Lại đây tâm sự với mình nào. Chuyện đó thật sự khiến người ta hụt hẫng nhiều. Đừng thu mình lại, có mình ở đây mà. Mình luôn ở đây lắng nghe."
"Ae tư vấn giúp, không hiểu bài nhưng không dám hỏi thầy thì nên làm sao? hoang mang tột độ ...",Lo âu,Học tập,"Bình tĩnh nào! Cảm giác không kiểm soát được mọi thứ thật sự khó chịu. Uống ly nước ấm, nghỉ một chút rồi tiếp tục. Đừng quá nghiêm khắc với bản thân nhé."
hôm nay kỷ niệm một năm yêu nhau làm tự nhiên vui xỉu 🎉,Vui vẻ,Tình cảm,Chúc mừng bạn nhé 🎉 Cái cảm giác sau bao ngày chờ đợi giờ thành sự thật đỉnh lắm! Nhớ tự thưởng một chầu ăn ngon nhé. Chúc bạn luôn giữ năng lượng tích cực!
"Ae tư vấn giúp, pass môn khó nhất học kỳ rùi thì nên làm sao? yêu đời hẳn =))",Vui vẻ,Học tập,Nghe mà vui lây luôn! Cái cảm giác sau bao ngày chờ đợi giờ thành sự thật đỉnh lắm! Đây là động lực để bạn tiếp tục cố gắng những thứ khác nữa đó. Tiến lên thôi!
"Tao học ngày học đêm mà điểm vẫn lẹt đẹt, chán nản thật sự 😔",Buồn bã,Học tập,"Chia buồn cùng bạn. Ai gặp phải cũng đau lòng thôi, bạn không có gì sai. Cứ cho phép bản thân nghỉ ngơi vài ngày. Mọi chuyện rồi sẽ qua thôi."
"Ae tư vấn giúp, điểm bị chấm sai mà k được phúc khảo thì nên làm sao? muốn bùng cháy 🔥",Tức giận,Học tập,"Nghe mà tức dùm á 😡 Nghe mà mình cũng thấy khó chịu theo, bạn có lý mà. Đợi nguôi rồi hẵng nói chuyện lại, lúc đó mới xử lý được bình tĩnh hơn. Nghĩ chuyện vui cho đỡ tức nhé."
Thiệt tình hôm nay xử lý đc bug khó mà cả team đều bó tay. phấn khích,Vui vẻ,Công việc,Chúc mừng bạn nhé 🎉 Niềm vui này xứng đáng được lan tỏa! Chia sẻ tin này với người thân đi nào. Chúc bạn luôn giữ năng lượng tích cực!
"Ae tư vấn giúp, hôm nay kỷ niệm một năm yêu nhau thì nên làm sao? sướng rơn 🎉",Vui vẻ,Tình cảm,Wow xịn xò vậy! Kết quả này là thành quả xứng đáng từ nỗ lực của bạn. Nhớ tự thưởng một chầu ăn ngon nhé. Mình tự hào về bạn lắm!
"Thiệt tình mới chia tay xong, cứ thấy trống rỗng. tê tái 😔",Buồn bã,Tình cảm,"Chia buồn cùng bạn. Cảm giác đó nặng nề lắm, bạn không sao cả. Buồn thì cứ khóc ra cho nhẹ lòng, đừng cố nuốt vào. Ngày mai trời sẽ sáng hơn hôm nay."
chốt đơn thành công món đồ ao ước bấy lâu làm chời ơi không thể tin được,Vui vẻ,Cuộc sống,Nghe mà vui lây luôn! Cái cảm giác sau bao ngày chờ đợi giờ thành sự thật đỉnh lắm! Đây là động lực để bạn tiếp tục cố gắng những thứ khác nữa đó. Yomost lun nha!
Thiệt tình ăn được món ngon đúng ý sau bao ngày thèm. hạnh phúc quá =)),Vui vẻ,Cuộc sống,Chúc mừng bạn nhé 🎉 Đúng là ngày may mắn của bạn rồi. Tận hưởng khoảnh khắc này đến cùng nhé. Quá xá đã!
Thiệt tình dc thầy khen bài luận trước lớp. sướng rơn 🥰,Vui vẻ,Học tập,Chúc mừng bạn nhé 🎉 Đúng là ngày may mắn của bạn rồi. Nhớ tự thưởng một chầu ăn ngon nhé. Tiến lên thôi!
Đang đi đường thì bị xe tạt nước vào ng làm chời ơi muốn bùng cháy 🤬,Tức giận,Cuộc sống,"Thở ra đi, thở ra. Sự bực bội của bạn hoàn toàn chính đáng. Hít thở sâu 10 cái rồi tính tiếp. Đừng để chuyện bực mình làm hỏng cả ngày."
Thiệt tình hôm nay kỷ niệm một năm yêu nhau. vui xỉu 😎,Vui vẻ,Tình cảm,Nghe mà vui lây luôn! Cái cảm giác sau bao ngày chờ đợi giờ thành sự thật đỉnh lắm! Đây là động lực để bạn tiếp tục cố gắng những thứ khác nữa đó. Mình tự hào về bạn lắm!
chuẩn bị bảo vệ luận văn mà chưa ôn kỹ làm tao tim đập thình thịch 😱,Lo âu,Học tập,"Ổn thôi bạn ơi, Cảm giác không kiểm soát được mọi thứ thật sự khó chịu. Uống ly nước ấm, nghỉ một chút rồi tiếp tục. Đừng quá nghiêm khắc với bản thân nhé."
"yêu đời hẳn quá, ăn dc món ngon đúng ý sau bao ngày thèm 🤩",Vui vẻ,Cuộc sống,Wow xịn xò vậy! Đúng là ngày may mắn của bạn rồi. Lưu lại khoảnh khắc này để sau nhìn lại vẫn còn thấy vui. Tiến lên thôi!
"Dạo này khách hàng gửi email khen ngợi sản phẩm của mình, phấn khích 😆",Vui vẻ,Công việc,Đỉnh thật sự! Đúng là ngày may mắn của bạn rồi. Cứ giữ phong độ và tiếp tục phát huy! Mình tự hào về bạn lắm!
"Ae tư vấn giúp, mọi thứ dạo này cứ xui xẻo liên tục thì nên làm sao? tủi thân 💔",Buồn bã,Cuộc sống,"Chia buồn cùng bạn. Ai gặp phải cũng đau lòng thôi, bạn không có gì sai. Cứ cho phép bản thân nghỉ ngơi vài ngày. Ngày mai trời sẽ sáng hơn hôm nay."
Chốt đơn thành công món đồ ao ước bấy lâu làm dạo này phê 🤩,Vui vẻ,Cuộc sống,Đỉnh thật sự! Kết quả này là thành quả xứng đáng từ nỗ lực của bạn. Cứ giữ phong độ và tiếp tục phát huy! Chúc bạn luôn giữ năng lượng tích cực!
"Ae ơi nghĩ về tương lai thấy mông lung quá, đổ mồ hôi hột 😰",Lo âu,Cuộc sống,"Hít thở sâu vào nào. Áp lực như vậy ai gặp cũng rén thôi, bạn không có gì sai cả. Nói chuyện với ai đó bạn tin tưởng — đôi khi chỉ cần kể ra là nhẹ hơn nhiều. Mọi chuyện rồi sẽ ổn thôi!"
"Ae tư vấn giúp, bị bom hàng sau khi chờ cả tuần thì nên làm sao? tức á 💢",Tức giận,Cuộc sống,"Nghe mà tức dùm á 😡 Bực như vậy mà không nói gì mới lạ, bạn phản ứng bình thường thôi. Hít thở sâu 10 cái rồi tính tiếp. Đừng để chuyện bực mình làm hỏng cả ngày."
"tim đập thình thịch quá, điểm thi thử thấp quá, sợ thi thật sẽ tệ hơn ...",Lo âu,Học tập,"Ổn thôi bạn ơi, Cảm giác bất an như vậy thật sự rất nặng nề. Cứ làm hết sức mình, kết quả ra sao cũng không hối hận. Mọi chuyện rồi sẽ ổn thôi!"
Lo lắng kh bt mối quan hệ này có tương lai không làm ae ơi đổ mồ hôi hột 😰,Lo âu,Tình cảm,"Nghe mình này nhé, Cảm giác không kiểm soát được mọi thứ thật sự khó chịu. Thử đặt deadline nhỏ cho từng việc, đừng nhìn cả đống cùng lúc. Cố lên nha!"
"Chán nản thật sự quá, cảm thấy mình học kém hơn bạn bè rất nhiều haiz",Buồn bã,Học tập,"Mình ở đây rồi, cứ nói ra đi. Chuyện đó thật sự khiến người ta hụt hẫng nhiều. Bước ra ngoài đi dạo một chút, không khí tươi cũng giúp được phần nào. Mọi chuyện rồi sẽ qua thôi."
Sếp khen project mới làm tốt trước toàn công ty làm má ơi phê,Vui vẻ,Công việc,Nghe mà vui lây luôn! Thấy bạn vui mình cũng phấn chấn theo. Nhớ tự thưởng một chầu ăn ngon nhé. Yomost lun nha!
Thiệt tình sắp thi mà chưa học chữ nào. run ko chịu được 😥,Lo âu,Học tập,"Hít thở sâu vào nào. Cảm giác không kiểm soát được mọi thứ thật sự khó chịu. Uống ly nước ấm, nghỉ một chút rồi tiếp tục. Cố lên nha!"
"Thiệt tình nay đi đường không bị tắc, đến nơi sớm hơn. phấn khích ✨",Vui vẻ,Cuộc sống,Chúc mừng bạn nhé 🎉 Kết quả này là thành quả xứng đáng từ nỗ lực của bạn. Cứ giữ phong độ và tiếp tục phát huy! Mình tự hào về bạn lắm!
"lo lắng thật sự quá, áp lực KPI tháng này cao quá, sợ không đạt 🥲",Lo âu,Công việc,"Bình tĩnh nào! Mình biết bạn đang cố gắng hết sức rồi. Uống ly nước ấm, nghỉ một chút rồi tiếp tục. Mọi chuyện rồi sẽ ổn thôi!"
Thiệt tình cảm giác bị tụt hậu so vs bạn bè đồng trang lứa. lo lắng thật sự huhu,Lo âu,Cuộc sống,"Từ từ đã bạn ơi. Mình biết bạn đang cố gắng hết sức rồi. Ghi ra giấy những gì đang lo, ưu tiên từng cái. Bước qua được rồi sẽ thấy mình lớn hơn đó."
"Ae tư vấn giúp, cảm thấy mình học kém hơn bạn bè rất nhiều thì nên làm sao? buồn thiu haiz",Buồn bã,Học tập,"Lại đây tâm sự với mình nào. Buồn như vậy là hoàn toàn bình thường, đừng cố kìm lại. Cứ cho phép bản thân nghỉ ngơi vài ngày. Ngày mai trời sẽ sáng hơn hôm nay."
khách hàng dời lịch họp sát giờ mà không báo trước làm dạo này tức á 🔥,Tức giận,Công việc,Hiểu sự bức xúc của bạn luôn! Gặp chuyện đó ai mà không điên tiết. Hít thở sâu 10 cái rồi tính tiếp. Mình tin bạn sẽ xử lý được thôi.
Hai đứa vừa giải quyết đc hiểu lầm hồi lâu làm mình ko thể tin được ✨,Vui vẻ,Tình cảm,Chúc mừng bạn nhé 🎉 Niềm vui này xứng đáng được lan tỏa! Tận hưởng khoảnh khắc này đến cùng nhé. Tiến lên thôi!
"Ae tư vấn giúp, chuẩn bị thuyết trình trước công ty mà cảm thấy chưa sẵn sàng thì nên làm sao? hồi hộp quá 😭",Lo âu,Công việc,"Từ từ đã bạn ơi. Áp lực như vậy ai gặp cũng rén thôi, bạn không có gì sai cả. Chia nhỏ vấn đề ra, xử lý từng bước một nhé. Đừng quá nghiêm khắc với bản thân nhé."
"Muốn khóc quá, mọi thứ dạo này cứ xui xẻo liên tục 💔",Buồn bã,Cuộc sống,"Chia buồn cùng bạn. Ai gặp phải cũng đau lòng thôi, bạn không có gì sai. Bật nhạc nhẹ hoặc xem phim cho khuây khỏa. Ngày mai trời sẽ sáng hơn hôm nay."
thấy crush đi chơi với người khác 😱,Lo âu,Tình cảm,"Ổn thôi bạn ơi, Cảm giác không kiểm soát được mọi thứ thật sự khó chịu. Cứ làm hết sức mình, kết quả ra sao cũng không hối hận. Mình tin bạn sẽ vượt qua được."
"điên máu quá, gõ xong đoạn code dài mà cúp điện mất hết 🙄",Tức giận,Công việc,"Hạ hỏa trước nào! Nghe mà mình cũng thấy khó chịu theo, bạn có lý mà. Bơ đi mà sống, để bụng chỉ tổ mệt mình. Thả lỏng ra nào!"
"Yêu đời hẳn quá, được thầy khen bài luận trước lớp 😆",Vui vẻ,Học tập,Chúc mừng bạn nhé 🎉 Kết quả này là thành quả xứng đáng từ nỗ lực của bạn. Nhớ tự thưởng một chầu ăn ngon nhé. Mình tự hào về bạn lắm!
mới nghỉ việc xong chưa biết làm gì tiếp làm ủa mà bất an ghê 😭,Lo âu,Công việc,"Nghe mình này nhé, Mình biết bạn đang cố gắng hết sức rồi. Tắt thông báo điện thoại một lúc, tập trung vào đúng 1 việc thôi. Đừng quá nghiêm khắc với bản thân nhé."
K hiểu bài nhưng k dám hỏi thầy làm dạo này tim đập thình thịch 😰,Lo âu,Học tập,"Từ từ đã bạn ơi. Lo âu kiểu này ai cũng hiểu, đừng tự trách bản thân nhé. Thử đặt deadline nhỏ cho từng việc, đừng nhìn cả đống cùng lúc. Đừng quá nghiêm khắc với bản thân nhé."
"Ae tư vấn giúp, bạn cùng nhóm không chịu đóng góp bài tập thì nên làm sao? sôi máu 🔥",Tức giận,Học tập,"Uống ngụm nước lạnh đi đã. Gặp chuyện đó ai mà không điên tiết. Đợi nguôi rồi hẵng nói chuyện lại, lúc đó mới xử lý được bình tĩnh hơn. Nghĩ chuyện vui cho đỡ tức nhé."
mới nghỉ việc xong chưa biết làm gì tiếp làm tớ rén ngang 😭,Lo âu,Công việc,"Hít thở sâu vào nào. Mình hiểu bạn đang lo lắng lắm. Thử đặt deadline nhỏ cho từng việc, đừng nhìn cả đống cùng lúc. Đừng quá nghiêm khắc với bản thân nhé."
Cảm thấy mình kh xứng với người ta làm ae ơi tủi thân 💔,Buồn bã,Tình cảm,"Thương bạn quá. Ai gặp phải cũng đau lòng thôi, bạn không có gì sai. Bước ra ngoài đi dạo một chút, không khí tươi cũng giúp được phần nào. Thời gian sẽ chữa lành mọi thứ."
"Ae tư vấn giúp, chuẩn bị thuyết trình trước công ty mà cảm thấy chưa sẵn sàng thì nên làm sao? tim đập thình thịch ...",Lo âu,Công việc,"Từ từ đã bạn ơi. Áp lực như vậy ai gặp cũng rén thôi, bạn không có gì sai cả. Chia nhỏ vấn đề ra, xử lý từng bước một nhé. Bước qua được rồi sẽ thấy mình lớn hơn đó."
Thiệt tình hai đứa vừa giải quyết được hiểu lầm hồi lâu. vui xỉu 😆,Vui vẻ,Tình cảm,Chúc mừng bạn nhé 🎉 Đúng là ngày may mắn của bạn rồi. Đây là động lực để bạn tiếp tục cố gắng những thứ khác nữa đó. Tiến lên thôi!
Thiệt tình chuẩn bị tỏ tình mà sợ bị từ chối. hồi hộp quá huhu,Lo âu,Tình cảm,"Bình tĩnh nào! Cảm giác không kiểm soát được mọi thứ thật sự khó chịu. Cứ làm hết sức mình, kết quả ra sao cũng không hối hận. Mình tin bạn sẽ vượt qua được."
"Mình nghĩ về tương lai thấy mông lung quá, hoang mang tột độ ...",Lo âu,Cuộc sống,"Ổn thôi bạn ơi, Áp lực như vậy ai gặp cũng rén thôi, bạn không có gì sai cả. Ghi ra giấy những gì đang lo, ưu tiên từng cái. Đừng quá nghiêm khắc với bản thân nhé."
"Ae tư vấn giúp, khách hàng dời lịch họp sát giờ mà không báo trước thì nên làm sao? giận tím ng 🙄",Tức giận,Công việc,"Hạ hỏa trước nào! Nghe mà mình cũng thấy khó chịu theo, bạn có lý mà. Đợi nguôi rồi hẵng nói chuyện lại, lúc đó mới xử lý được bình tĩnh hơn. Thả lỏng ra nào!"
"tim đập thình thịch quá, sắp đến kỳ đóng tiền trọ mà lương chưa về 😭",Lo âu,Cuộc sống,"Từ từ đã bạn ơi. Mình hiểu bạn đang lo lắng lắm. Ghi ra giấy những gì đang lo, ưu tiên từng cái. Bước qua được rồi sẽ thấy mình lớn hơn đó."
"Tao mọi thứ dạo này cứ xui xẻo liên tục, tê tái 😔",Buồn bã,Cuộc sống,"Thương bạn quá. Cảm giác đó nặng nề lắm, bạn không sao cả. Bật nhạc nhẹ hoặc xem phim cho khuây khỏa. Ngày mai trời sẽ sáng hơn hôm nay."
"Tôi bị chồng kiểm soát tuyệt đối, cắt đứt quan hệ với tất cả bạn bè và gia đình.",Bạo hành,Khủng hoảng,"Không ai được phép đối xử với bạn như vậy. Đây là thời điểm bạn cần tìm kiếm sự giúp đỡ ngay. Gọi Tổng đài 111 hoặc nếu đang nguy hiểm, gọi Cảnh sát 113 để được bảo vệ."
Thiệt tình bị bom hàng sau khi chờ cả tuần. cay thật sự 🙄,Tức giận,Cuộc sống,Hạ hỏa trước nào! Gặp chuyện đó ai mà không điên tiết. Viết ra hết cảm xúc bực bội vào giấy rồi xé đi — nhẹ lòng lắm đó. Nghĩ chuyện vui cho đỡ tức nhé.
"Cãi nhau vs người yêu, kh biết có ổn không làm mn ơi tủi thân 😞",Buồn bã,Tình cảm,"Ôm bạn một cái nha. Ai gặp phải cũng đau lòng thôi, bạn không có gì sai. Gọi cho bạn thân trút bầu tâm sự nha. Mọi chuyện rồi sẽ qua thôi."
"Lo lắng thật sự quá, mới nghỉ việc xong chưa bt làm gì tiếp 😭",Lo âu,Công việc,"Ổn thôi bạn ơi, Cảm giác không kiểm soát được mọi thứ thật sự khó chịu. Uống ly nước ấm, nghỉ một chút rồi tiếp tục. Mình tin bạn sẽ vượt qua được."
"Dạo này đã dặn không ăn hành mà vẫn bỏ nguyên đống vào, muốn bùng cháy",Tức giận,Cuộc sống,Uống ngụm nước lạnh đi đã. Sự bực bội của bạn hoàn toàn chính đáng. Hít thở sâu 10 cái rồi tính tiếp. Thả lỏng ra nào!
"Ae tư vấn giúp, bạn mượn tiền lâu rồi mà cứ quên trả thì nên làm sao? điên máu 😡",Tức giận,Cuộc sống,"Uống ngụm nước lạnh đi đã. Nghe mà mình cũng thấy khó chịu theo, bạn có lý mà. Viết ra hết cảm xúc bực bội vào giấy rồi xé đi — nhẹ lòng lắm đó. Đừng để chuyện bực mình làm hỏng cả ngày."
dự án tâm huyết bị hủy bỏ phút chót 😔,Buồn bã,Công việc,"Thương bạn quá. Ai gặp phải cũng đau lòng thôi, bạn không có gì sai. Buồn thì cứ khóc ra cho nhẹ lòng, đừng cố nuốt vào. Mọi chuyện rồi sẽ qua thôi."
"Ae tư vấn giúp, được thầy khen bài luận trước lớp thì nên làm sao? yêu đời hẳn =))",Vui vẻ,Học tập,Wow xịn xò vậy! Niềm vui này xứng đáng được lan tỏa! Đây là động lực để bạn tiếp tục cố gắng những thứ khác nữa đó. Mình tự hào về bạn lắm!
"Dạo này ko biết ng ấy có thật sự thích mình kh, tim đập thình thịch 😥",Lo âu,Tình cảm,Bình tĩnh nào! Cảm giác bất an như vậy thật sự rất nặng nề. Nói chuyện với ai đó bạn tin tưởng — đôi khi chỉ cần kể ra là nhẹ hơn nhiều. Đừng quá nghiêm khắc với bản thân nhé.
"Ủa mà được thăng chức rùi, phê 🎉",Vui vẻ,Công việc,Tuyệt vời quá! Bao nhiêu cố gắng cuối cùng đã được đền đáp. Tận hưởng khoảnh khắc này đến cùng nhé. Chúc bạn luôn giữ năng lượng tích cực!
"Cay thật sự quá, đang thi online thì rớt mạng mất cả bài 😤",Tức giận,Học tập,"Hạ hỏa trước nào! Nghe mà mình cũng thấy khó chịu theo, bạn có lý mà. Hít thở sâu 10 cái rồi tính tiếp. Bỏ qua cho nhẹ đầu nhé."
"Tớ hai đứa vừa giải quyết đc hiểu lầm hồi lâu, yêu đời hẳn",Vui vẻ,Tình cảm,Wow xịn xò vậy! Đúng là ngày may mắn của bạn rồi. Lưu lại khoảnh khắc này để sau nhìn lại vẫn còn thấy vui. Yomost lun nha!
"Mn ơi thấy crush đi chơi với người khác, hồi hộp quá huhu",Lo âu,Tình cảm,"Nghe mình này nhé, Áp lực như vậy ai gặp cũng rén thôi, bạn không có gì sai cả. Nói chuyện với ai đó bạn tin tưởng — đôi khi chỉ cần kể ra là nhẹ hơn nhiều. Cố lên nha!"
Không ai trong nhóm bạn hiểu mình làm mình tê tái haiz,Buồn bã,Cuộc sống,"Thương bạn quá. Ai gặp phải cũng đau lòng thôi, bạn không có gì sai. Bước ra ngoài đi dạo một chút, không khí tươi cũng giúp được phần nào. Mọi chuyện rồi sẽ qua thôi."
"Rén ngang quá, chọn sai ngành, ko bt có nên đổi ko 😱",Lo âu,Học tập,"Nghe mình này nhé, Cảm giác bất an như vậy thật sự rất nặng nề. Ghi ra giấy những gì đang lo, ưu tiên từng cái. Cố lên nha!"
Thiệt tình bị dọa rớt môn nếu điểm thi không đạt. lo lắng thật sự 🥲,Lo âu,Học tập,"Từ từ đã bạn ơi. Mình biết bạn đang cố gắng hết sức rồi. Uống ly nước ấm, nghỉ một chút rồi tiếp tục. Mình tin bạn sẽ vượt qua được."
"Tôi bị bắt nạt trực tuyến, người ta đăng ảnh nhạy cảm của tôi lên mạng.",Bạo hành,Khủng hoảng,"Bạn đang ở trong tình huống nguy hiểm và không ai có quyền bạo hành bạn. Gọi ngay Tổng đài 111 (miễn phí, 24/7) hoặc 1900 969 680 để được hỗ trợ. Nếu nguy hiểm tính mạng, gọi 113 ngay."
kh hòa nhập dc với văn hóa công ty mới làm tao buồn thiu haiz,Buồn bã,Công việc,"Chia buồn cùng bạn. Ai gặp phải cũng đau lòng thôi, bạn không có gì sai. Gọi cho bạn thân trút bầu tâm sự nha. Ngày mai trời sẽ sáng hơn hôm nay."
"Dạo này ăn dc món ngon đúng ý sau bao ngày thèm, hạnh phúc quá ✨",Vui vẻ,Cuộc sống,Tuyệt vời quá! Đúng là ngày may mắn của bạn rồi. Đây là động lực để bạn tiếp tục cố gắng những thứ khác nữa đó. Mình tự hào về bạn lắm!
điểm bị chấm sai mà k được phúc khảo làm ủa mà điên máu 🔥,Tức giận,Học tập,"Nghe mà tức dùm á 😡 Nghe mà mình cũng thấy khó chịu theo, bạn có lý mà. Viết ra hết cảm xúc bực bội vào giấy rồi xé đi — nhẹ lòng lắm đó. Đừng để chuyện bực mình làm hỏng cả ngày."
"Tớ nuôi con mèo bao năm mà nó đi mất, buồn thiu 🥀",Buồn bã,Cuộc sống,"Ôm bạn một cái nha. Chuyện đó thật sự khiến người ta hụt hẫng nhiều. Bước ra ngoài đi dạo một chút, không khí tươi cũng giúp được phần nào. Mình luôn ở đây lắng nghe."
"Tự nhiên làm việc cật lực mà không được ghi nhận, muốn khóc haiz",Buồn bã,Công việc,Lại đây tâm sự với mình nào. Mình rất tiếc khi nghe điều này. Bật nhạc nhẹ hoặc xem phim cho khuây khỏa. Mọi chuyện rồi sẽ qua thôi.
"Ae tư vấn giúp, đồ án bị bắt làm lại từ đầu vì lý do mơ hồ thì nên làm sao? giận tím ng",Tức giận,Học tập,"Nghe mà tức dùm á 😡 Gặp chuyện đó ai mà không điên tiết. Bơ đi mà sống, để bụng chỉ tổ mệt mình. Mình tin bạn sẽ xử lý được thôi."
"Ae tư vấn giúp, kh hòa nhập được với văn hóa công ty mới thì nên làm sao? muốn khóc 🥀",Buồn bã,Công việc,"Ôm bạn một cái nha. Cảm giác đó nặng nề lắm, bạn không sao cả. Cứ cho phép bản thân nghỉ ngơi vài ngày. Ngày mai trời sẽ sáng hơn hôm nay."
mới nghỉ việc xong chưa biết làm gì tiếp làm mình bất an ghê 😥,Lo âu,Công việc,"Từ từ đã bạn ơi. Áp lực như vậy ai gặp cũng rén thôi, bạn không có gì sai cả. Tắt thông báo điện thoại một lúc, tập trung vào đúng 1 việc thôi. Cố lên nha!"
"Hạnh phúc quá quá, chốt đơn thành công món đồ ao ước bấy lâu 😎",Vui vẻ,Cuộc sống,Tuyệt vời quá! Bao nhiêu cố gắng cuối cùng đã được đền đáp. Tận hưởng khoảnh khắc này đến cùng nhé. Tiến lên thôi!
Bị giao dự án mới mà chưa có kinh nghiệm gì ...,Lo âu,Công việc,Từ từ đã bạn ơi. Cảm giác không kiểm soát được mọi thứ thật sự khó chịu. Nói chuyện với ai đó bạn tin tưởng — đôi khi chỉ cần kể ra là nhẹ hơn nhiều. Mọi chuyện rồi sẽ ổn thôi!
Thiệt tình sắp thi mà chưa học chữ nào. rén ngang,Lo âu,Học tập,"Ổn thôi bạn ơi, Cảm giác không kiểm soát được mọi thứ thật sự khó chịu. Tắt thông báo điện thoại một lúc, tập trung vào đúng 1 việc thôi. Đừng quá nghiêm khắc với bản thân nhé."
"Ae tư vấn giúp, cảm thấy mình kh xứng vs ng ta thì nên làm sao? tủi thân haiz",Buồn bã,Tình cảm,Chia buồn cùng bạn. Chuyện đó thật sự khiến người ta hụt hẫng nhiều. Bật nhạc nhẹ hoặc xem phim cho khuây khỏa. Ngày mai trời sẽ sáng hơn hôm nay.
"Ae tư vấn giúp, cảm thấy mình học kém hơn bạn bè rất nhiều thì nên làm sao? tủi thân 😔",Buồn bã,Học tập,"Thương bạn quá. Buồn như vậy là hoàn toàn bình thường, đừng cố kìm lại. Gọi cho bạn thân trút bầu tâm sự nha. Ngày mai trời sẽ sáng hơn hôm nay."
Thiệt tình người yêu liên tục đến trễ mà ko xin lỗi. giận tím ng 💢,Tức giận,Tình cảm,"Uống ngụm nước lạnh đi đã. Sự bực bội của bạn hoàn toàn chính đáng. Đợi nguôi rồi hẵng nói chuyện lại, lúc đó mới xử lý được bình tĩnh hơn. Bỏ qua cho nhẹ đầu nhé."
"Dạo này cảm thấy cô đơn lạc lõng giữa đám đông, buồn thiu 🥀",Buồn bã,Cuộc sống,"Thương bạn quá. Chuyện đó thật sự khiến người ta hụt hẫng nhiều. Bước ra ngoài đi dạo một chút, không khí tươi cũng giúp được phần nào. Mình luôn ở đây lắng nghe."
"Chời ơi pass môn khó nhất học kỳ rồi, phấn khích 🤩",Vui vẻ,Học tập,Nghe mà vui lây luôn! Kết quả này là thành quả xứng đáng từ nỗ lực của bạn. Nhớ tự thưởng một chầu ăn ngon nhé. Quá xá đã!
"Ae tư vấn giúp, sắp đến kỳ đánh giá cuối năm mà thành tích chưa đủ thì nên làm sao? rén ngang 😱",Lo âu,Công việc,"Nghe mình này nhé, Mình hiểu bạn đang lo lắng lắm. Cứ làm hết sức mình, kết quả ra sao cũng không hối hận. Mình tin bạn sẽ vượt qua được."
"Ae tư vấn giúp, bạn cùng nhóm không chịu đóng góp bài tập thì nên làm sao? cay thật sự 🙄",Tức giận,Học tập,"Thở ra đi, thở ra. Gặp chuyện đó ai mà không điên tiết. Hít thở sâu 10 cái rồi tính tiếp. Nghĩ chuyện vui cho đỡ tức nhé."
Thiệt tình lo lắng ko biết mối quan hệ này có tương lai ko. run kh chịu được,Lo âu,Tình cảm,"Bình tĩnh nào! Áp lực như vậy ai gặp cũng rén thôi, bạn không có gì sai cả. Chia nhỏ vấn đề ra, xử lý từng bước một nhé. Bước qua được rồi sẽ thấy mình lớn hơn đó."
"lo lắng thật sự quá, bị giao dự án mới mà chưa có kinh nghiệm gì",Lo âu,Công việc,Hít thở sâu vào nào. Mình hiểu bạn đang lo lắng lắm. Nói chuyện với ai đó bạn tin tưởng — đôi khi chỉ cần kể ra là nhẹ hơn nhiều. Mình tin bạn sẽ vượt qua được.
"Má ơi ko hòa nhập dc vs văn hóa công ty mới, thất vọng toàn tập 💔",Buồn bã,Công việc,"Thương bạn quá. Ai gặp phải cũng đau lòng thôi, bạn không có gì sai. Bật nhạc nhẹ hoặc xem phim cho khuây khỏa. Mạnh lên nghen!"
Giải quyết xong đống task tồn đọng cả tuần làm tớ yêu đời hẳn 🥰,Vui vẻ,Công việc,Nghe mà vui lây luôn! Kết quả này là thành quả xứng đáng từ nỗ lực của bạn. Tận hưởng khoảnh khắc này đến cùng nhé. Quá xá đã!
đc thăng chức rùi làm tui phấn khích 🤩,Vui vẻ,Công việc,Wow xịn xò vậy! Niềm vui này xứng đáng được lan tỏa! Cứ giữ phong độ và tiếp tục phát huy! Yomost lun nha!
Chuẩn bị bảo vệ luận văn mà chưa ôn kỹ làm má ơi hồi hộp quá 🥲,Lo âu,Học tập,"Hít thở sâu vào nào. Mình hiểu bạn đang lo lắng lắm. Chia nhỏ vấn đề ra, xử lý từng bước một nhé. Mình tin bạn sẽ vượt qua được."
"chọn sai ngành, ko bt có nên đổi ko làm chời ơi đổ mồ hôi hột 😭",Lo âu,Học tập,"Ổn thôi bạn ơi, Cảm giác bất an như vậy thật sự rất nặng nề. Tắt thông báo điện thoại một lúc, tập trung vào đúng 1 việc thôi. Đừng quá nghiêm khắc với bản thân nhé."
học ngày học đêm mà điểm vẫn lẹt đẹt 💔,Buồn bã,Học tập,Thương bạn quá. Mình rất tiếc khi nghe điều này. Bật nhạc nhẹ hoặc xem phim cho khuây khỏa. Mình luôn ở đây lắng nghe.
"nay đi đường k bị tắc, đến nơi sớm hơn 😎",Vui vẻ,Cuộc sống,Chúc mừng bạn nhé 🎉 Kết quả này là thành quả xứng đáng từ nỗ lực của bạn. Lưu lại khoảnh khắc này để sau nhìn lại vẫn còn thấy vui. Tiến lên thôi!
Cảm giác bị tụt hậu so với bạn bè đồng trang lứa 😰,Lo âu,Cuộc sống,"Hít thở sâu vào nào. Cảm giác không kiểm soát được mọi thứ thật sự khó chịu. Uống ly nước ấm, nghỉ một chút rồi tiếp tục. Mình tin bạn sẽ vượt qua được."
"Ae tư vấn giúp, sếp khen project mới làm tốt trước toàn công ty thì nên làm sao? phê 😆",Vui vẻ,Công việc,Chúc mừng bạn nhé 🎉 Kết quả này là thành quả xứng đáng từ nỗ lực của bạn. Chia sẻ tin này với người thân đi nào. Yomost lun nha!
"Ủa mà nhìn cảnh nhà ng ta hạnh phúc mà tủi thân, thất vọng toàn tập 💔",Buồn bã,Cuộc sống,"Thương bạn quá. Cảm giác đó nặng nề lắm, bạn không sao cả. Bật nhạc nhẹ hoặc xem phim cho khuây khỏa. Thời gian sẽ chữa lành mọi thứ."
vừa chốt đc hợp đồng lớn sau bao ngày nỗ lực làm tao phê 😎,Vui vẻ,Công việc,Nghe mà vui lây luôn! Đúng là ngày may mắn của bạn rồi. Đây là động lực để bạn tiếp tục cố gắng những thứ khác nữa đó. Tiến lên thôi!
"Chời ơi sắp thi mà chưa học chữ nào, tim đập thình thịch ...",Lo âu,Học tập,"Bình tĩnh nào! Cảm giác không kiểm soát được mọi thứ thật sự khó chịu. Chia nhỏ vấn đề ra, xử lý từng bước một nhé. Mình tin bạn sẽ vượt qua được."
"Ae tư vấn giúp, bị hủy hẹn đi chơi phút chót không có lý do thì nên làm sao? cay thật sự 😤",Tức giận,Tình cảm,Nghe mà tức dùm á 😡 Thiệt là củ chuối không chịu được. Viết ra hết cảm xúc bực bội vào giấy rồi xé đi — nhẹ lòng lắm đó. Thả lỏng ra nào!
"Ae tư vấn giúp, bị giao dự án mới mà chưa có kinh nghiệm gì thì nên làm sao? rén ngang ...",Lo âu,Công việc,"Từ từ đã bạn ơi. Mình biết bạn đang cố gắng hết sức rồi. Cứ làm hết sức mình, kết quả ra sao cũng không hối hận. Cố lên nha!"
"rén ngang quá, điểm thi thử thấp quá, sợ thi thật sẽ tệ hơn 🥲",Lo âu,Học tập,"Bình tĩnh nào! Cảm giác không kiểm soát được mọi thứ thật sự khó chịu. Cứ làm hết sức mình, kết quả ra sao cũng không hối hận. Đừng quá nghiêm khắc với bản thân nhé."
"Hôm nay bị dọa rớt môn nếu điểm thi k đạt, run không chịu đc huhu",Lo âu,Học tập,"Nghe mình này nhé, Lo âu kiểu này ai cũng hiểu, đừng tự trách bản thân nhé. Nói chuyện với ai đó bạn tin tưởng — đôi khi chỉ cần kể ra là nhẹ hơn nhiều. Bước qua được rồi sẽ thấy mình lớn hơn đó."
"Ae tư vấn giúp, pass môn khó nhất học kỳ r thì nên làm sao? vui xỉu 😎",Vui vẻ,Học tập,Đỉnh thật sự! Niềm vui này xứng đáng được lan tỏa! Chia sẻ tin này với người thân đi nào. Mình tự hào về bạn lắm!
"bị cả lớp cô lập và bắt nạt, đến trường là cơn ác mộng",Bạo hành,Khủng hoảng,"Bạn đang ở trong tình huống nguy hiểm và không ai có quyền bạo hành bạn. Gọi ngay Tổng đài 111 (miễn phí, 24/7) hoặc 1900 969 680 để được hỗ trợ. Nếu nguy hiểm tính mạng, gọi 113 ngay."
Thiệt tình trời mưa tự nhiên nhớ ng yêu cũ. thất vọng toàn tập 🥀,Buồn bã,Tình cảm,"Thương bạn quá. Cảm giác đó nặng nề lắm, bạn không sao cả. Bật nhạc nhẹ hoặc xem phim cho khuây khỏa. Thời gian sẽ chữa lành mọi thứ."
học ngày học đêm mà điểm vẫn lẹt đẹt làm mình buồn thiu haiz,Buồn bã,Học tập,"Ôm bạn một cái nha. Buồn như vậy là hoàn toàn bình thường, đừng cố kìm lại. Cứ cho phép bản thân nghỉ ngơi vài ngày. Mình luôn ở đây lắng nghe."
"Dạo này học ngày học đêm mà điểm vẫn lẹt đẹt, tê tái 😢",Buồn bã,Học tập,"Mình ở đây rồi, cứ nói ra đi. Ai gặp phải cũng đau lòng thôi, bạn không có gì sai. Bật nhạc nhẹ hoặc xem phim cho khuây khỏa. Mình luôn ở đây lắng nghe."
"Ae tư vấn giúp, cảm giác bị tụt hậu so vs bạn bè đồng trang lứa thì nên làm sao? bất an ghê 😥",Lo âu,Cuộc sống,"Từ từ đã bạn ơi. Lo âu kiểu này ai cũng hiểu, đừng tự trách bản thân nhé. Chia nhỏ vấn đề ra, xử lý từng bước một nhé. Bước qua được rồi sẽ thấy mình lớn hơn đó."
"Mất việc, mất nhà, mất tất cả. Không còn lý do gì để tiếp tục.",Trầm cảm/Tuyệt vọng,Khủng hoảng,"Mình hiểu bạn đang rất mệt mỏi và không còn thấy lối thoát. Nhưng cảm giác này có thể thay đổi khi có sự hỗ trợ đúng cách. Gọi 1800 599 920 — chuyên gia sẽ giúp bạn ngay, miễn phí 24/7."
"Ae tư vấn giúp, mới chia tay xong, cứ thấy trống rỗng thì nên làm sao? chán nản thật sự 😞",Buồn bã,Tình cảm,"Ôm bạn một cái nha. Những lúc như này mới thấy cuộc sống không phải lúc nào cũng dễ. Buồn thì cứ khóc ra cho nhẹ lòng, đừng cố nuốt vào. Thời gian sẽ chữa lành mọi thứ."
Chuẩn bị bảo vệ luận văn mà chưa ôn kỹ làm má ơi lo lắng thật sự ...,Lo âu,Học tập,"Từ từ đã bạn ơi. Lo âu kiểu này ai cũng hiểu, đừng tự trách bản thân nhé. Cứ làm hết sức mình, kết quả ra sao cũng không hối hận. Bước qua được rồi sẽ thấy mình lớn hơn đó."
Thiệt tình hai đứa vừa giải quyết đc hiểu lầm hồi lâu. kh thể tin dc,Vui vẻ,Tình cảm,Tuyệt vời quá! Niềm vui này xứng đáng được lan tỏa! Nhớ tự thưởng một chầu ăn ngon nhé. Tiến lên thôi!
"Thiệt tình lương về rồi, phát điên. k thể tin được 🎉",Vui vẻ,Cuộc sống,Tuyệt vời quá! Đúng là ngày may mắn của bạn rồi. Lưu lại khoảnh khắc này để sau nhìn lại vẫn còn thấy vui. Quá xá đã!
"Thiệt tình team bị giảm nhân sự, mình ph gánh thêm việc. đổ mồ hôi hột 😭",Lo âu,Công việc,"Từ từ đã bạn ơi. Áp lực như vậy ai gặp cũng rén thôi, bạn không có gì sai cả. Uống ly nước ấm, nghỉ một chút rồi tiếp tục. Mình tin bạn sẽ vượt qua được."
"Ae tư vấn giúp, phải làm bù việc của mấy đứa lười trong team thì nên làm sao? điên máu",Tức giận,Công việc,"Hạ hỏa trước nào! Sự bực bội của bạn hoàn toàn chính đáng. Đợi nguôi rồi hẵng nói chuyện lại, lúc đó mới xử lý được bình tĩnh hơn. Thả lỏng ra nào!"
không biết ng ấy có thật sự thích mình không ...,Lo âu,Tình cảm,"Ổn thôi bạn ơi, Mình hiểu bạn đang lo lắng lắm. Cứ làm hết sức mình, kết quả ra sao cũng không hối hận. Bước qua được rồi sẽ thấy mình lớn hơn đó."
"Ae tư vấn giúp, bị rớt môn dù đã cố gắng học thì nên làm sao? tê tái 😔",Buồn bã,Học tập,Ôm bạn một cái nha. Mình rất tiếc khi nghe điều này. Bật nhạc nhẹ hoặc xem phim cho khuây khỏa. Thời gian sẽ chữa lành mọi thứ.
"Tui cảm giác bị tụt hậu so vs bạn bè đồng trang lứa, đổ mồ hôi hột ...",Lo âu,Cuộc sống,"Hít thở sâu vào nào. Áp lực như vậy ai gặp cũng rén thôi, bạn không có gì sai cả. Ghi ra giấy những gì đang lo, ưu tiên từng cái. Bước qua được rồi sẽ thấy mình lớn hơn đó."
Vừa chốt đc hợp đồng lớn sau bao ngày nỗ lực làm má ơi k thể tin được 😎,Vui vẻ,Công việc,Tuyệt vời quá! Bao nhiêu cố gắng cuối cùng đã được đền đáp. Chia sẻ tin này với người thân đi nào. Quá xá đã!
"đổ mồ hôi hột quá, nghĩ về tương lai thấy mông lung quá ...",Lo âu,Cuộc sống,"Ổn thôi bạn ơi, Mình biết bạn đang cố gắng hết sức rồi. Tắt thông báo điện thoại một lúc, tập trung vào đúng 1 việc thôi. Bước qua được rồi sẽ thấy mình lớn hơn đó."
"Ae tư vấn giúp, pass môn khó nhất học kỳ r thì nên làm sao? k thể tin đc 🤩",Vui vẻ,Học tập,Tuyệt vời quá! Đúng là ngày may mắn của bạn rồi. Nhớ tự thưởng một chầu ăn ngon nhé. Tiến lên thôi!
Đã dặn không ăn hành mà vẫn bỏ nguyên đống vào làm tự nhiên giận tím ng,Tức giận,Cuộc sống,Hiểu sự bức xúc của bạn luôn! Thiệt là củ chuối không chịu được. Hít thở sâu 10 cái rồi tính tiếp. Nghĩ chuyện vui cho đỡ tức nhé.
"Dạo này cảm giác mối quan hệ đang ngày càng nhạt dần, hồi hộp quá 🥲",Lo âu,Tình cảm,"Ổn thôi bạn ơi, Cảm giác bất an như vậy thật sự rất nặng nề. Ghi ra giấy những gì đang lo, ưu tiên từng cái. Cố lên nha!"
Thiệt tình bị overthinking trước khi ngủ k tắt được. tim đập thình thịch huhu,Lo âu,Cuộc sống,"Nghe mình này nhé, Cảm giác không kiểm soát được mọi thứ thật sự khó chịu. Cứ làm hết sức mình, kết quả ra sao cũng không hối hận. Đừng quá nghiêm khắc với bản thân nhé."
"Cãi nhau với người yêu, ko bt có ổn kh 😢",Buồn bã,Tình cảm,"Mình ở đây rồi, cứ nói ra đi. Mình rất tiếc khi nghe điều này. Bước ra ngoài đi dạo một chút, không khí tươi cũng giúp được phần nào. Mạnh lên nghen!"
"Ae tư vấn giúp, phát hiện người yêu nói dối thì nên làm sao? giận tím người 😡",Tức giận,Tình cảm,"Thở ra đi, thở ra. Sự bực bội của bạn hoàn toàn chính đáng. Viết ra hết cảm xúc bực bội vào giấy rồi xé đi — nhẹ lòng lắm đó. Mình tin bạn sẽ xử lý được thôi."
Đc thầy khen bài luận trước lớp làm chời ơi phê 😎,Vui vẻ,Học tập,Chúc mừng bạn nhé 🎉 Đúng là ngày may mắn của bạn rồi. Chia sẻ tin này với người thân đi nào. Yomost lun nha!
"Sôi máu quá, khách hàng dời lịch họp sát giờ mà không báo trước 🔥",Tức giận,Công việc,"Nghe mà tức dùm á 😡 Gặp chuyện đó ai mà không điên tiết. Đợi nguôi rồi hẵng nói chuyện lại, lúc đó mới xử lý được bình tĩnh hơn. Đừng để chuyện bực mình làm hỏng cả ngày."
"Ae tư vấn giúp, crush nhắn tin trước thì nên làm sao? yêu đời hẳn 🥰",Vui vẻ,Tình cảm,Đỉnh thật sự! Đúng là ngày may mắn của bạn rồi. Tận hưởng khoảnh khắc này đến cùng nhé. Chúc bạn luôn giữ năng lượng tích cực!
Thiệt tình dự án tâm huyết bị hủy bỏ phút chót. chán nản thật sự 💔,Buồn bã,Công việc,"Ôm bạn một cái nha. Ai gặp phải cũng đau lòng thôi, bạn không có gì sai. Bật nhạc nhẹ hoặc xem phim cho khuây khỏa. Mình luôn ở đây lắng nghe."
Nuôi con mèo bao năm mà nó đi mất haiz,Buồn bã,Cuộc sống,Thương bạn quá. Những lúc như này mới thấy cuộc sống không phải lúc nào cũng dễ. Gọi cho bạn thân trút bầu tâm sự nha. Mọi chuyện rồi sẽ qua thôi.
Thiệt tình sắp thi mà chưa học chữ nào. đổ mồ hôi hột huhu,Lo âu,Học tập,"Bình tĩnh nào! Áp lực như vậy ai gặp cũng rén thôi, bạn không có gì sai cả. Ghi ra giấy những gì đang lo, ưu tiên từng cái. Mình tin bạn sẽ vượt qua được."
"Mình bị rối loạn ăn uống nặng và đang tự hại, không biết nói với ai.",Trầm cảm/Tuyệt vọng,Khủng hoảng,"Mình hiểu bạn đang rất mệt mỏi và không còn thấy lối thoát. Nhưng cảm giác này có thể thay đổi khi có sự hỗ trợ đúng cách. Gọi 1800 599 920 — chuyên gia sẽ giúp bạn ngay, miễn phí 24/7."
"Chán nản thật sự quá, bị sếp la trước mặt cả phòng 😢",Buồn bã,Công việc,"Thương bạn quá. Mình rất tiếc khi nghe điều này. Bước ra ngoài đi dạo một chút, không khí tươi cũng giúp được phần nào. Thời gian sẽ chữa lành mọi thứ."
"Ae tư vấn giúp, ng yêu tặng quà bất ngờ thì nên làm sao? vui xỉu",Vui vẻ,Tình cảm,Chúc mừng bạn nhé 🎉 Đúng là ngày may mắn của bạn rồi. Lưu lại khoảnh khắc này để sau nhìn lại vẫn còn thấy vui. Tiến lên thôi!
"Sôi máu quá, phải làm bù việc của mấy đứa lười trong team 🔥",Tức giận,Công việc,"Thở ra đi, thở ra. Nghe mà mình cũng thấy khó chịu theo, bạn có lý mà. Đợi nguôi rồi hẵng nói chuyện lại, lúc đó mới xử lý được bình tĩnh hơn. Nghĩ chuyện vui cho đỡ tức nhé."
ko bt cách tiết kiệm tiền hiệu quả làm ae ơi run kh chịu được 🥲,Lo âu,Cuộc sống,"Ổn thôi bạn ơi, Cảm giác không kiểm soát được mọi thứ thật sự khó chịu. Uống ly nước ấm, nghỉ một chút rồi tiếp tục. Đừng quá nghiêm khắc với bản thân nhé."
"Hồi hộp quá quá, không bt ng ấy có thật sự thích mình không ...",Lo âu,Tình cảm,"Ổn thôi bạn ơi, Lo âu kiểu này ai cũng hiểu, đừng tự trách bản thân nhé. Thử đặt deadline nhỏ cho từng việc, đừng nhìn cả đống cùng lúc. Bước qua được rồi sẽ thấy mình lớn hơn đó."
"Thất vọng toàn tập quá, k hòa nhập được vs văn hóa công ty mới 😢",Buồn bã,Công việc,"Ôm bạn một cái nha. Ai gặp phải cũng đau lòng thôi, bạn không có gì sai. Bước ra ngoài đi dạo một chút, không khí tươi cũng giúp được phần nào. Mạnh lên nghen!"
Thiệt tình không hòa nhập dc vs văn hóa công ty mới. tê tái haiz,Buồn bã,Công việc,"Mình ở đây rồi, cứ nói ra đi. Cảm giác đó nặng nề lắm, bạn không sao cả. Buồn thì cứ khóc ra cho nhẹ lòng, đừng cố nuốt vào. Ngày mai trời sẽ sáng hơn hôm nay."
Mức độ cạnh tranh trong ngành hiện tại khiến tôi cảm thấy không chắc chắn về cơ hội thăng tiến của mình.,Lo âu,Công việc,"Ổn thôi bạn ơi, Mình hiểu bạn đang lo lắng lắm. Ghi ra giấy những gì đang lo, ưu tiên từng cái. Cố lên nha!"
"run không chịu được quá, chuẩn bị tỏ tình mà sợ bị từ chối 🥲",Lo âu,Tình cảm,"Nghe mình này nhé, Lo âu kiểu này ai cũng hiểu, đừng tự trách bản thân nhé. Chia nhỏ vấn đề ra, xử lý từng bước một nhé. Mọi chuyện rồi sẽ ổn thôi!"
"Tức á quá, bạn cùng nhóm ko chịu đóng góp bài tập 😤",Tức giận,Học tập,Hạ hỏa trước nào! Sự bực bội của bạn hoàn toàn chính đáng. Viết ra hết cảm xúc bực bội vào giấy rồi xé đi — nhẹ lòng lắm đó. Thả lỏng ra nào!
"Giận tím người quá, phát hiện người yêu nói dối",Tức giận,Tình cảm,"Hạ hỏa trước nào! Gặp chuyện đó ai mà không điên tiết. Đừng vội phản ứng lúc này, giận quá dễ nói sai. Bỏ qua cho nhẹ đầu nhé."
"Ae tư vấn giúp, nhìn cảnh nhà người ta hạnh phúc mà tủi thân thì nên làm sao? tủi thân haiz",Buồn bã,Cuộc sống,"Ôm bạn một cái nha. Ai gặp phải cũng đau lòng thôi, bạn không có gì sai. Bước ra ngoài đi dạo một chút, không khí tươi cũng giúp được phần nào. Mạnh lên nghen!"
mọi thứ dạo này cứ xui xẻo liên tục làm tớ tê tái haiz,Buồn bã,Cuộc sống,"Thương bạn quá. Cảm giác đó nặng nề lắm, bạn không sao cả. Buồn thì cứ khóc ra cho nhẹ lòng, đừng cố nuốt vào. Mọi chuyện rồi sẽ qua thôi."
"team bị giảm nhân sự, mình ph gánh thêm việc làm chời ơi tim đập thình thịch ...",Lo âu,Công việc,"Hít thở sâu vào nào. Mình biết bạn đang cố gắng hết sức rồi. Ghi ra giấy những gì đang lo, ưu tiên từng cái. Mọi chuyện rồi sẽ ổn thôi!"
"chán sống lắm r, k muốn thức dậy nữa",Trầm cảm/Tuyệt vọng,Khủng hoảng,"Mình hiểu bạn đang rất mệt mỏi và không còn thấy lối thoát. Nhưng cảm giác này có thể thay đổi khi có sự hỗ trợ đúng cách. Gọi 1800 599 920 — chuyên gia sẽ giúp bạn ngay, miễn phí 24/7."
Thiệt tình không hiểu bài nhưng k dám hỏi thầy. đổ mồ hôi hột 😱,Lo âu,Học tập,"Ổn thôi bạn ơi, Mình hiểu bạn đang lo lắng lắm. Thử đặt deadline nhỏ cho từng việc, đừng nhìn cả đống cùng lúc. Đừng quá nghiêm khắc với bản thân nhé."
"muốn khóc quá, bị trừ lương vì một lỗi nhỏ 😔",Buồn bã,Công việc,"Mình ở đây rồi, cứ nói ra đi. Buồn như vậy là hoàn toàn bình thường, đừng cố kìm lại. Đừng thu mình lại, có mình ở đây mà. Thời gian sẽ chữa lành mọi thứ."
"Bất an ghê quá, chọn sai ngành, không biết có nên đổi không huhu",Lo âu,Học tập,"Từ từ đã bạn ơi. Cảm giác không kiểm soát được mọi thứ thật sự khó chịu. Uống ly nước ấm, nghỉ một chút rồi tiếp tục. Đừng quá nghiêm khắc với bản thân nhé."
Thiệt tình ăn được món ngon đúng ý sau bao ngày thèm. phê 🥰,Vui vẻ,Cuộc sống,Wow xịn xò vậy! Thấy bạn vui mình cũng phấn chấn theo. Chia sẻ tin này với người thân đi nào. Yomost lun nha!
Áp lực đồng trang lứa học giỏi hơn mình quá nhiều làm tự nhiên đổ mồ hôi hột 😥,Lo âu,Học tập,"Ổn thôi bạn ơi, Lo âu kiểu này ai cũng hiểu, đừng tự trách bản thân nhé. Ghi ra giấy những gì đang lo, ưu tiên từng cái. Mọi chuyện rồi sẽ ổn thôi!"
"Tê tái quá, cảm thấy cô đơn lạc lõng giữa đám đông 😢",Buồn bã,Cuộc sống,"Thương bạn quá. Những lúc như này mới thấy cuộc sống không phải lúc nào cũng dễ. Đừng thu mình lại, có mình ở đây mà. Thời gian sẽ chữa lành mọi thứ."
"Giận tím người quá, phát hiện ng yêu nói dối 💢",Tức giận,Tình cảm,"Thở ra đi, thở ra. Nghe mà mình cũng thấy khó chịu theo, bạn có lý mà. Đừng vội phản ứng lúc này, giận quá dễ nói sai. Nghĩ chuyện vui cho đỡ tức nhé."
giải quyết xong đống task tồn đọng cả tuần làm hôm nay hạnh phúc quá 😆,Vui vẻ,Công việc,Wow xịn xò vậy! Thấy bạn vui mình cũng phấn chấn theo. Đây là động lực để bạn tiếp tục cố gắng những thứ khác nữa đó. Yomost lun nha!
Học bổng về tài khoản r làm hôm nay vui xỉu 🥰,Vui vẻ,Học tập,Tuyệt vời quá! Cái cảm giác sau bao ngày chờ đợi giờ thành sự thật đỉnh lắm! Nhớ tự thưởng một chầu ăn ngon nhé. Tiến lên thôi!
Thiệt tình crush vừa công khai ng yêu mới. thất vọng toàn tập 🥀,Buồn bã,Tình cảm,Lại đây tâm sự với mình nào. Chuyện đó thật sự khiến người ta hụt hẫng nhiều. Gọi cho bạn thân trút bầu tâm sự nha. Mọi chuyện rồi sẽ qua thôi.
Thiệt tình chuẩn bị thuyết trình trước công ty mà cảm thấy chưa sẵn sàng. hồi hộp quá 😰,Lo âu,Công việc,"Nghe mình này nhé, Lo âu kiểu này ai cũng hiểu, đừng tự trách bản thân nhé. Ghi ra giấy những gì đang lo, ưu tiên từng cái. Mình tin bạn sẽ vượt qua được."
Học ngày học đêm mà điểm vẫn lẹt đẹt làm tớ chán nản thật sự 😔,Buồn bã,Học tập,"Mình ở đây rồi, cứ nói ra đi. Mình rất tiếc khi nghe điều này. Cứ cho phép bản thân nghỉ ngơi vài ngày. Mình luôn ở đây lắng nghe."
crush vừa công khai ng yêu mới làm dạo này chán nản thật sự 💔,Buồn bã,Tình cảm,Lại đây tâm sự với mình nào. Chuyện đó thật sự khiến người ta hụt hẫng nhiều. Gọi cho bạn thân trút bầu tâm sự nha. Thời gian sẽ chữa lành mọi thứ.
Xe hỏng giữa đường đúng lúc đang vội nhất làm má ơi cay thật sự 💢,Tức giận,Cuộc sống,"Hạ hỏa trước nào! Đúng là có những chuyện không thể bỏ qua được. Xả stress đi, đi dạo hay đấm gối cũng được. Nghĩ chuyện vui cho đỡ tức nhé."
"Ae tư vấn giúp, cảm thấy mình không xứng với ng ta thì nên làm sao? buồn thiu 😔",Buồn bã,Tình cảm,"Ôm bạn một cái nha. Cảm giác đó nặng nề lắm, bạn không sao cả. Buồn thì cứ khóc ra cho nhẹ lòng, đừng cố nuốt vào. Mọi chuyện rồi sẽ qua thôi."
Tôi bị đồng nghiệp bắt nạt tập thể và bị cô lập hoàn toàn tại nơi làm việc.,Bạo hành,Khủng hoảng,"Bạn không cần phải chịu đựng điều này một mình. Xin hãy gọi Tổng đài 111 (bảo vệ trẻ em & gia đình, miễn phí 24/7) hoặc 113 nếu đang gặp nguy hiểm ngay lúc này. Bạn an toàn là điều quan trọng nhất."
"Tớ chờ mãi không thấy ng ấy rep tin nhắn, lo lắng thật sự 😭",Lo âu,Tình cảm,Từ từ đã bạn ơi. Mình biết bạn đang cố gắng hết sức rồi. Nói chuyện với ai đó bạn tin tưởng — đôi khi chỉ cần kể ra là nhẹ hơn nhiều. Đừng quá nghiêm khắc với bản thân nhé.
"Ủa mà dc thăng chức rùi, vui xỉu 🤩",Vui vẻ,Công việc,Tuyệt vời quá! Thấy bạn vui mình cũng phấn chấn theo. Chia sẻ tin này với người thân đi nào. Mình tự hào về bạn lắm!
"Thiệt tình áp lực KPI tháng này cao quá, sợ không đạt. bất an ghê 🥲",Lo âu,Công việc,"Nghe mình này nhé, Lo âu kiểu này ai cũng hiểu, đừng tự trách bản thân nhé. Chia nhỏ vấn đề ra, xử lý từng bước một nhé. Mình tin bạn sẽ vượt qua được."
"Mn ơi đang đi đường thì bị xe tạt nước vào người, cay thật sự 💢",Tức giận,Cuộc sống,"Nghe mà tức dùm á 😡 Bực như vậy mà không nói gì mới lạ, bạn phản ứng bình thường thôi. Xả stress đi, đi dạo hay đấm gối cũng được. Đừng để chuyện bực mình làm hỏng cả ngày."
"hoang mang tột độ quá, sắp tới deadline mà chưa làm dc chữ nào huhu",Lo âu,Công việc,"Bình tĩnh nào! Áp lực như vậy ai gặp cũng rén thôi, bạn không có gì sai cả. Nói chuyện với ai đó bạn tin tưởng — đôi khi chỉ cần kể ra là nhẹ hơn nhiều. Mọi chuyện rồi sẽ ổn thôi!"
Học ngày học đêm mà điểm vẫn lẹt đẹt làm tớ tủi thân 🥀,Buồn bã,Học tập,"Lại đây tâm sự với mình nào. Buồn như vậy là hoàn toàn bình thường, đừng cố kìm lại. Gọi cho bạn thân trút bầu tâm sự nha. Mọi chuyện rồi sẽ qua thôi."
Nuôi con mèo bao năm mà nó đi mất làm tớ tê tái 💔,Buồn bã,Cuộc sống,"Mình ở đây rồi, cứ nói ra đi. Buồn như vậy là hoàn toàn bình thường, đừng cố kìm lại. Gọi cho bạn thân trút bầu tâm sự nha. Mạnh lên nghen!"
"Ae tư vấn giúp, crush nhắn tin trước thì nên làm sao? phê 😎",Vui vẻ,Tình cảm,Wow xịn xò vậy! Niềm vui này xứng đáng được lan tỏa! Tận hưởng khoảnh khắc này đến cùng nhé. Yomost lun nha!
Tiến độ dự án đang chậm hơn dự kiến khiến tôi băn khoăn về khả năng hoàn thành đúng hạn.,Lo âu,Công việc,"Từ từ đã bạn ơi. Lo âu kiểu này ai cũng hiểu, đừng tự trách bản thân nhé. Cứ làm hết sức mình, kết quả ra sao cũng không hối hận. Đừng quá nghiêm khắc với bản thân nhé."
cảm thấy mình không xứng vs người ta 💔,Buồn bã,Tình cảm,Thương bạn quá. Những lúc như này mới thấy cuộc sống không phải lúc nào cũng dễ. Bật nhạc nhẹ hoặc xem phim cho khuây khỏa. Mình luôn ở đây lắng nghe.
đc thầy khen bài luận trước lớp 🎉,Vui vẻ,Học tập,Nghe mà vui lây luôn! Niềm vui này xứng đáng được lan tỏa! Cứ giữ phong độ và tiếp tục phát huy! Yomost lun nha!
"Ae tư vấn giúp, cảm giác bị tụt hậu so vs bạn bè đồng trang lứa thì nên làm sao? hồi hộp quá 😰",Lo âu,Cuộc sống,"Từ từ đã bạn ơi. Cảm giác bất an như vậy thật sự rất nặng nề. Uống ly nước ấm, nghỉ một chút rồi tiếp tục. Mọi chuyện rồi sẽ ổn thôi!"
"tê tái quá, cảm thấy mình học kém hơn bạn bè rất nhiều 😔",Buồn bã,Học tập,"Lại đây tâm sự với mình nào. Ai gặp phải cũng đau lòng thôi, bạn không có gì sai. Đừng thu mình lại, có mình ở đây mà. Thời gian sẽ chữa lành mọi thứ."
"Mình học ngày học đêm mà điểm vẫn lẹt đẹt, thất vọng toàn tập 🥀",Buồn bã,Học tập,"Ôm bạn một cái nha. Cảm giác đó nặng nề lắm, bạn không sao cả. Bật nhạc nhẹ hoặc xem phim cho khuây khỏa. Mạnh lên nghen!"
"sôi máu quá, bạn cùng nhóm không chịu đóng góp bài tập 🙄",Tức giận,Học tập,"Thở ra đi, thở ra. Nghe mà mình cũng thấy khó chịu theo, bạn có lý mà. Đợi nguôi rồi hẵng nói chuyện lại, lúc đó mới xử lý được bình tĩnh hơn. Đừng để chuyện bực mình làm hỏng cả ngày."
"Rén ngang quá, ko bt mình có đang đi đúng hướng trong sự nghiệp kh 😭",Lo âu,Công việc,"Bình tĩnh nào! Áp lực như vậy ai gặp cũng rén thôi, bạn không có gì sai cả. Uống ly nước ấm, nghỉ một chút rồi tiếp tục. Đừng quá nghiêm khắc với bản thân nhé."
"Áp lực kpi tháng này cao quá, sợ ko đạt làm tự nhiên rén ngang",Lo âu,Công việc,"Nghe mình này nhé, Cảm giác không kiểm soát được mọi thứ thật sự khó chịu. Chia nhỏ vấn đề ra, xử lý từng bước một nhé. Cố lên nha!"
"Muốn bùng cháy quá, đang đi đường thì bị xe tạt nước vào ng",Tức giận,Cuộc sống,Hiểu sự bức xúc của bạn luôn! Gặp chuyện đó ai mà không điên tiết. Viết ra hết cảm xúc bực bội vào giấy rồi xé đi — nhẹ lòng lắm đó. Bỏ qua cho nhẹ đầu nhé.
"Tao cảm thấy cô đơn lạc lõng giữa đám đông, muốn khóc 🥀",Buồn bã,Cuộc sống,Lại đây tâm sự với mình nào. Những lúc như này mới thấy cuộc sống không phải lúc nào cũng dễ. Cứ cho phép bản thân nghỉ ngơi vài ngày. Mọi chuyện rồi sẽ qua thôi.
"Ae tư vấn giúp, bài thi được điểm cao ngoài mong đợi thì nên làm sao? yêu đời hẳn 😎",Vui vẻ,Học tập,Đỉnh thật sự! Bao nhiêu cố gắng cuối cùng đã được đền đáp. Chia sẻ tin này với người thân đi nào. Yomost lun nha!
"Điên máu quá, xe hỏng giữa đường đúng lúc đang vội nhất 🔥",Tức giận,Cuộc sống,"Uống ngụm nước lạnh đi đã. Gặp chuyện đó ai mà không điên tiết. Xả stress đi, đi dạo hay đấm gối cũng được. Mình tin bạn sẽ xử lý được thôi."
"muốn khóc quá, bị đình chỉ thi vì vi phạm nội quy 🥀",Buồn bã,Học tập,"Mình ở đây rồi, cứ nói ra đi. Buồn như vậy là hoàn toàn bình thường, đừng cố kìm lại. Gọi cho bạn thân trút bầu tâm sự nha. Thời gian sẽ chữa lành mọi thứ."
Thiệt tình cảm thấy mình học kém hơn bạn bè rất nhiều. buồn thiu 😔,Buồn bã,Học tập,Chia buồn cùng bạn. Chuyện đó thật sự khiến người ta hụt hẫng nhiều. Cứ cho phép bản thân nghỉ ngơi vài ngày. Mạnh lên nghen!
"Ae tư vấn giúp, sắp đến kỳ đánh giá cuối năm mà thành tích chưa đủ thì nên làm sao? tim đập thình thịch 😥",Lo âu,Công việc,"Nghe mình này nhé, Áp lực như vậy ai gặp cũng rén thôi, bạn không có gì sai cả. Uống ly nước ấm, nghỉ một chút rồi tiếp tục. Mọi chuyện rồi sẽ ổn thôi!"
khách hàng dời lịch họp sát giờ mà ko báo trước làm mình muốn bùng cháy 😡,Tức giận,Công việc,"Hiểu sự bức xúc của bạn luôn! Sự bực bội của bạn hoàn toàn chính đáng. Xả stress đi, đi dạo hay đấm gối cũng được. Nghĩ chuyện vui cho đỡ tức nhé."
"Tui cảm giác mối quan hệ đang ngày càng nhạt dần, tim đập thình thịch 😱",Lo âu,Tình cảm,"Nghe mình này nhé, Lo âu kiểu này ai cũng hiểu, đừng tự trách bản thân nhé. Chia nhỏ vấn đề ra, xử lý từng bước một nhé. Cố lên nha!"
Cảm thấy mình học kém hơn bạn bè rất nhiều làm ủa mà thất vọng toàn tập haiz,Buồn bã,Học tập,"Chia buồn cùng bạn. Cảm giác đó nặng nề lắm, bạn không sao cả. Bước ra ngoài đi dạo một chút, không khí tươi cũng giúp được phần nào. Mình luôn ở đây lắng nghe."
"Ae ơi không biết mình có đang đi đúng hướng trong sự nghiệp kh, lo lắng thật sự 😱",Lo âu,Công việc,"Từ từ đã bạn ơi. Áp lực như vậy ai gặp cũng rén thôi, bạn không có gì sai cả. Thử đặt deadline nhỏ cho từng việc, đừng nhìn cả đống cùng lúc. Mình tin bạn sẽ vượt qua được."
Mới nghỉ việc xong chưa bt làm gì tiếp làm tự nhiên hồi hộp quá 😭,Lo âu,Công việc,"Bình tĩnh nào! Mình hiểu bạn đang lo lắng lắm. Thử đặt deadline nhỏ cho từng việc, đừng nhìn cả đống cùng lúc. Đừng quá nghiêm khắc với bản thân nhé."
bị đình chỉ thi vì vi phạm nội quy haiz,Buồn bã,Học tập,"Thương bạn quá. Buồn như vậy là hoàn toàn bình thường, đừng cố kìm lại. Buồn thì cứ khóc ra cho nhẹ lòng, đừng cố nuốt vào. Mình luôn ở đây lắng nghe."
sếp khen project mới làm tốt trước toàn công ty làm mn ơi yêu đời hẳn 🤩,Vui vẻ,Công việc,Chúc mừng bạn nhé 🎉 Kết quả này là thành quả xứng đáng từ nỗ lực của bạn. Nhớ tự thưởng một chầu ăn ngon nhé. Chúc bạn luôn giữ năng lượng tích cực!
"Má ơi lo lắng kh bt mối quan hệ này có tương lai không, đổ mồ hôi hột",Lo âu,Tình cảm,"Nghe mình này nhé, Mình biết bạn đang cố gắng hết sức rồi. Thử đặt deadline nhỏ cho từng việc, đừng nhìn cả đống cùng lúc. Đừng quá nghiêm khắc với bản thân nhé."
"Vui xỉu quá, crush nhắn tin trước 🎉",Vui vẻ,Tình cảm,Wow xịn xò vậy! Đúng là ngày may mắn của bạn rồi. Lưu lại khoảnh khắc này để sau nhìn lại vẫn còn thấy vui. Quá xá đã!
Thiệt tình sắp tới deadline mà chưa làm được chữ nào. đổ mồ hôi hột ...,Lo âu,Công việc,"Nghe mình này nhé, Cảm giác bất an như vậy thật sự rất nặng nề. Nói chuyện với ai đó bạn tin tưởng — đôi khi chỉ cần kể ra là nhẹ hơn nhiều. Đừng quá nghiêm khắc với bản thân nhé."
"bị người lạ đe dọa online, biết địa chỉ nhà mình và đòi tiền",Bạo hành,Khủng hoảng,"Bạn không cần phải chịu đựng điều này một mình. Xin hãy gọi Tổng đài 111 (bảo vệ trẻ em & gia đình, miễn phí 24/7) hoặc 113 nếu đang gặp nguy hiểm ngay lúc này. Bạn an toàn là điều quan trọng nhất."
Thiệt tình mới nghỉ việc xong chưa biết làm gì tiếp. bất an ghê 😭,Lo âu,Công việc,"Bình tĩnh nào! Cảm giác không kiểm soát được mọi thứ thật sự khó chịu. Ghi ra giấy những gì đang lo, ưu tiên từng cái. Mọi chuyện rồi sẽ ổn thôi!"
Thiệt tình trời mưa tự nhiên nhớ ng yêu cũ. muốn khóc haiz,Buồn bã,Tình cảm,"Thương bạn quá. Buồn như vậy là hoàn toàn bình thường, đừng cố kìm lại. Đừng thu mình lại, có mình ở đây mà. Mạnh lên nghen!"
"Ae tư vấn giúp, bị overthinking trước khi ngủ ko tắt đc thì nên làm sao? hoang mang tột độ 😰",Lo âu,Cuộc sống,"Nghe mình này nhé, Mình hiểu bạn đang lo lắng lắm. Tắt thông báo điện thoại một lúc, tập trung vào đúng 1 việc thôi. Mình tin bạn sẽ vượt qua được."
"Người yêu liên tục xúc phạm, đe dọa và làm tôi cảm thấy vô dụng.",Bạo hành,Khủng hoảng,Điều bạn mô tả là bạo hành và bạn hoàn toàn có quyền được bảo vệ. Hãy liên hệ 1900 969 680 (hỗ trợ phụ nữ & trẻ em) hoặc Tổng đài 111 ngay. Họ sẽ giúp bạn thoát khỏi tình huống này.
"phấn khích quá, pass môn khó nhất học kỳ rồi ✨",Vui vẻ,Học tập,Nghe mà vui lây luôn! Đúng là ngày may mắn của bạn rồi. Đây là động lực để bạn tiếp tục cố gắng những thứ khác nữa đó. Tiến lên thôi!
"Áp lực kpi tháng này cao quá, sợ không đạt làm tớ hồi hộp quá 🥲",Lo âu,Công việc,"Ổn thôi bạn ơi, Áp lực như vậy ai gặp cũng rén thôi, bạn không có gì sai cả. Thử đặt deadline nhỏ cho từng việc, đừng nhìn cả đống cùng lúc. Đừng quá nghiêm khắc với bản thân nhé."
"t bị ba đánh từ nhỏ, giờ vẫn vậy, kh bt phải thoát bằng cách nào",Bạo hành,Khủng hoảng,"Mình nghe thấy bạn và rất lo lắng cho sự an toàn của bạn. Bạo hành dưới mọi hình thức đều sai. Hãy gọi 111 ngay bây giờ — hoàn toàn miễn phí và bảo mật, có người sẽ giúp bạn."
"vui xỉu quá, lương về r, phát điên 🥰",Vui vẻ,Cuộc sống,Chúc mừng bạn nhé 🎉 Bao nhiêu cố gắng cuối cùng đã được đền đáp. Lưu lại khoảnh khắc này để sau nhìn lại vẫn còn thấy vui. Tiến lên thôi!
"Tớ bị đình chỉ thi vì vi phạm nội quy, tê tái 😞",Buồn bã,Học tập,"Lại đây tâm sự với mình nào. Ai gặp phải cũng đau lòng thôi, bạn không có gì sai. Gọi cho bạn thân trút bầu tâm sự nha. Thời gian sẽ chữa lành mọi thứ."
nhìn cảnh nhà ng ta hạnh phúc mà tủi thân 😞,Buồn bã,Cuộc sống,"Chia buồn cùng bạn. Ai gặp phải cũng đau lòng thôi, bạn không có gì sai. Đừng thu mình lại, có mình ở đây mà. Ngày mai trời sẽ sáng hơn hôm nay."
"muốn bùng cháy quá, bạn cùng nhóm không chịu đóng góp bài tập",Tức giận,Học tập,"Uống ngụm nước lạnh đi đã. Bực như vậy mà không nói gì mới lạ, bạn phản ứng bình thường thôi. Hít thở sâu 10 cái rồi tính tiếp. Nghĩ chuyện vui cho đỡ tức nhé."
"Ae tư vấn giúp, bị bom hàng sau khi chờ cả tuần thì nên làm sao? sôi máu 😡",Tức giận,Cuộc sống,"Nghe mà tức dùm á 😡 Gặp chuyện đó ai mà không điên tiết. Đừng vội phản ứng lúc này, giận quá dễ nói sai. Đừng để chuyện bực mình làm hỏng cả ngày."
"Lo lắng thật sự quá, không hiểu bài nhưng kh dám hỏi thầy 😰",Lo âu,Học tập,"Hít thở sâu vào nào. Mình biết bạn đang cố gắng hết sức rồi. Ghi ra giấy những gì đang lo, ưu tiên từng cái. Cố lên nha!"
"Thiệt tình cãi nhau vs ng yêu, không bt có ổn k. buồn thiu 🥀",Buồn bã,Tình cảm,"Thương bạn quá. Ai gặp phải cũng đau lòng thôi, bạn không có gì sai. Gọi cho bạn thân trút bầu tâm sự nha. Mạnh lên nghen!"
"Ae tư vấn giúp, nhìn cảnh nhà người ta hạnh phúc mà tủi thân thì nên làm sao? buồn thiu 💔",Buồn bã,Cuộc sống,"Thương bạn quá. Những lúc như này mới thấy cuộc sống không phải lúc nào cũng dễ. Đừng thu mình lại, có mình ở đây mà. Thời gian sẽ chữa lành mọi thứ."
Thiệt tình lo lắng không bt mối quan hệ này có tương lai kh. lo lắng thật sự 🥲,Lo âu,Tình cảm,"Ổn thôi bạn ơi, Mình hiểu bạn đang lo lắng lắm. Thử đặt deadline nhỏ cho từng việc, đừng nhìn cả đống cùng lúc. Mọi chuyện rồi sẽ ổn thôi!"
"Thiệt tình mới chia tay xong, cứ thấy trống rỗng. chán nản thật sự 😔",Buồn bã,Tình cảm,"Mình ở đây rồi, cứ nói ra đi. Chuyện đó thật sự khiến người ta hụt hẫng nhiều. Gọi cho bạn thân trút bầu tâm sự nha. Ngày mai trời sẽ sáng hơn hôm nay."
"Phấn khích quá, hôm nay kỷ niệm một năm yêu nhau =))",Vui vẻ,Tình cảm,Tuyệt vời quá! Bao nhiêu cố gắng cuối cùng đã được đền đáp. Đây là động lực để bạn tiếp tục cố gắng những thứ khác nữa đó. Mình tự hào về bạn lắm!
"Ae tư vấn giúp, bốc trúng phần thưởng to trong sự kiện thì nên làm sao? hạnh phúc quá 🥰",Vui vẻ,Cuộc sống,Tuyệt vời quá! Đúng là ngày may mắn của bạn rồi. Cứ giữ phong độ và tiếp tục phát huy! Quá xá đã!
"Tự nhiên học bổng về tài khoản rồi, hạnh phúc quá 😆",Vui vẻ,Học tập,Tuyệt vời quá! Bao nhiêu cố gắng cuối cùng đã được đền đáp. Tận hưởng khoảnh khắc này đến cùng nhé. Tiến lên thôi!
Sếp tôi đang quấy rối và đe dọa tôi nếu tôi không làm theo yêu cầu.,Bạo hành,Khủng hoảng,"Mình nghe thấy bạn và rất lo lắng cho sự an toàn của bạn. Bạo hành dưới mọi hình thức đều sai. Hãy gọi 111 ngay bây giờ — hoàn toàn miễn phí và bảo mật, có người sẽ giúp bạn."
"Ae tư vấn giúp, tài khoản cạn tiền mà tháng còn dài thì nên làm sao? rén ngang 😱",Lo âu,Cuộc sống,"Nghe mình này nhé, Mình hiểu bạn đang lo lắng lắm. Uống ly nước ấm, nghỉ một chút rồi tiếp tục. Mọi chuyện rồi sẽ ổn thôi!"
"Mới chia tay xong, cứ thấy trống rỗng làm hôm nay tê tái 😢",Buồn bã,Tình cảm,"Thương bạn quá. Những lúc như này mới thấy cuộc sống không phải lúc nào cũng dễ. Buồn thì cứ khóc ra cho nhẹ lòng, đừng cố nuốt vào. Mạnh lên nghen!"
"Lo lắng thật sự quá, nghĩ về tương lai thấy mông lung quá 😭",Lo âu,Cuộc sống,"Nghe mình này nhé, Áp lực như vậy ai gặp cũng rén thôi, bạn không có gì sai cả. Chia nhỏ vấn đề ra, xử lý từng bước một nhé. Mình tin bạn sẽ vượt qua được."
"Tui kh hiểu bài nhưng k dám hỏi thầy, hồi hộp quá huhu",Lo âu,Học tập,"Nghe mình này nhé, Mình hiểu bạn đang lo lắng lắm. Cứ làm hết sức mình, kết quả ra sao cũng không hối hận. Đừng quá nghiêm khắc với bản thân nhé."
"buồn thiu quá, nhìn cảnh nhà người ta hạnh phúc mà tủi thân 😞",Buồn bã,Cuộc sống,"Thương bạn quá. Ai gặp phải cũng đau lòng thôi, bạn không có gì sai. Buồn thì cứ khóc ra cho nhẹ lòng, đừng cố nuốt vào. Ngày mai trời sẽ sáng hơn hôm nay."
"Mn ơi sếp khen project mới làm tốt trước toàn công ty, yêu đời hẳn ✨",Vui vẻ,Công việc,Chúc mừng bạn nhé 🎉 Kết quả này là thành quả xứng đáng từ nỗ lực của bạn. Tận hưởng khoảnh khắc này đến cùng nhé. Chúc bạn luôn giữ năng lượng tích cực!
"Ae tư vấn giúp, chờ mãi không thấy người ấy rep tin nhắn thì nên làm sao? tim đập thình thịch huhu",Lo âu,Tình cảm,"Nghe mình này nhé, Mình hiểu bạn đang lo lắng lắm. Nói chuyện với ai đó bạn tin tưởng — đôi khi chỉ cần kể ra là nhẹ hơn nhiều. Bước qua được rồi sẽ thấy mình lớn hơn đó."
"Dạo này nay đi đường ko bị tắc, đến nơi sớm hơn, hạnh phúc quá ✨",Vui vẻ,Cuộc sống,Chúc mừng bạn nhé 🎉 Đúng là ngày may mắn của bạn rồi. Đây là động lực để bạn tiếp tục cố gắng những thứ khác nữa đó. Yomost lun nha!
"Ae ơi ng yêu liên tục đến trễ mà k xin lỗi, cay thật sự 💢",Tức giận,Tình cảm,"Uống ngụm nước lạnh đi đã. Nghe mà mình cũng thấy khó chịu theo, bạn có lý mà. Xả stress đi, đi dạo hay đấm gối cũng được. Nghĩ chuyện vui cho đỡ tức nhé."
"Tao bị hủy hẹn đi chơi phút chót không có lý do, tức á 💢",Tức giận,Tình cảm,"Thở ra đi, thở ra. Nghe mà mình cũng thấy khó chịu theo, bạn có lý mà. Bơ đi mà sống, để bụng chỉ tổ mệt mình. Nghĩ chuyện vui cho đỡ tức nhé."
Thiệt tình chuẩn bị bảo vệ luận văn mà chưa ôn kỹ. tim đập thình thịch ...,Lo âu,Học tập,"Từ từ đã bạn ơi. Mình biết bạn đang cố gắng hết sức rồi. Thử đặt deadline nhỏ cho từng việc, đừng nhìn cả đống cùng lúc. Đừng quá nghiêm khắc với bản thân nhé."
"Thiệt tình cãi nhau với ng yêu, k bt có ổn kh. tê tái 😢",Buồn bã,Tình cảm,"Ôm bạn một cái nha. Ai gặp phải cũng đau lòng thôi, bạn không có gì sai. Cứ cho phép bản thân nghỉ ngơi vài ngày. Thời gian sẽ chữa lành mọi thứ."
"muốn khóc quá, cảm thấy mình không xứng vs người ta 😢",Buồn bã,Tình cảm,"Thương bạn quá. Cảm giác đó nặng nề lắm, bạn không sao cả. Buồn thì cứ khóc ra cho nhẹ lòng, đừng cố nuốt vào. Ngày mai trời sẽ sáng hơn hôm nay."
"Tớ crush nhắn tin trước, sướng rơn 😆",Vui vẻ,Tình cảm,Đỉnh thật sự! Kết quả này là thành quả xứng đáng từ nỗ lực của bạn. Chia sẻ tin này với người thân đi nào. Quá xá đã!
Nhìn cảnh nhà người ta hạnh phúc mà tủi thân haiz,Buồn bã,Cuộc sống,"Chia buồn cùng bạn. Cảm giác đó nặng nề lắm, bạn không sao cả. Đừng thu mình lại, có mình ở đây mà. Mạnh lên nghen!"
"Ae tư vấn giúp, áp lực kpi tháng này cao quá, sợ không đạt thì nên làm sao? hoang mang tột độ 🥲",Lo âu,Công việc,"Ổn thôi bạn ơi, Áp lực như vậy ai gặp cũng rén thôi, bạn không có gì sai cả. Chia nhỏ vấn đề ra, xử lý từng bước một nhé. Đừng quá nghiêm khắc với bản thân nhé."
người yêu tặng quà bất ngờ làm tui không thể tin được 😆,Vui vẻ,Tình cảm,Chúc mừng bạn nhé 🎉 Niềm vui này xứng đáng được lan tỏa! Lưu lại khoảnh khắc này để sau nhìn lại vẫn còn thấy vui. Chúc bạn luôn giữ năng lượng tích cực!
"giận tím người quá, khách hàng dời lịch họp sát giờ mà kh báo trước",Tức giận,Công việc,"Uống ngụm nước lạnh đi đã. Thiệt là củ chuối không chịu được. Đừng vội phản ứng lúc này, giận quá dễ nói sai. Đừng để chuyện bực mình làm hỏng cả ngày."
"Hoang mang tột độ quá, team bị giảm nhân sự, mình phải gánh thêm việc 😥",Lo âu,Công việc,"Nghe mình này nhé, Cảm giác không kiểm soát được mọi thứ thật sự khó chịu. Cứ làm hết sức mình, kết quả ra sao cũng không hối hận. Cố lên nha!"
"Tự nhiên nhắn tin cả ngày mà kh thèm đọc nhưng vẫn online, sôi máu 🔥",Tức giận,Tình cảm,Nghe mà tức dùm á 😡 Sự bực bội của bạn hoàn toàn chính đáng. Viết ra hết cảm xúc bực bội vào giấy rồi xé đi — nhẹ lòng lắm đó. Nghĩ chuyện vui cho đỡ tức nhé.
"Ae tư vấn giúp, cảm giác mối quan hệ đang ngày càng nhạt dần thì nên làm sao? rén ngang huhu",Lo âu,Tình cảm,"Từ từ đã bạn ơi. Cảm giác bất an như vậy thật sự rất nặng nề. Chia nhỏ vấn đề ra, xử lý từng bước một nhé. Cố lên nha!"
Thiệt tình lo lắng ko biết mối quan hệ này có tương lai kh. run không chịu được 😭,Lo âu,Tình cảm,"Từ từ đã bạn ơi. Mình biết bạn đang cố gắng hết sức rồi. Cứ làm hết sức mình, kết quả ra sao cũng không hối hận. Đừng quá nghiêm khắc với bản thân nhé."
"Chời ơi cảm giác mối quan hệ đang ngày càng nhạt dần, run không chịu dc ...",Lo âu,Tình cảm,"Từ từ đã bạn ơi. Cảm giác bất an như vậy thật sự rất nặng nề. Tắt thông báo điện thoại một lúc, tập trung vào đúng 1 việc thôi. Mình tin bạn sẽ vượt qua được."
"Thiệt tình điểm thi thử thấp quá, sợ thi thật sẽ tệ hơn. tim đập thình thịch ...",Lo âu,Học tập,"Ổn thôi bạn ơi, Mình biết bạn đang cố gắng hết sức rồi. Cứ làm hết sức mình, kết quả ra sao cũng không hối hận. Cố lên nha!"
Bị rớt môn dù đã cố gắng học làm mình tê tái 😔,Buồn bã,Học tập,"Lại đây tâm sự với mình nào. Buồn như vậy là hoàn toàn bình thường, đừng cố kìm lại. Bước ra ngoài đi dạo một chút, không khí tươi cũng giúp được phần nào. Thời gian sẽ chữa lành mọi thứ."
"Ae tư vấn giúp, thấy crush đi chơi vs ng khác thì nên làm sao? đổ mồ hôi hột 😱",Lo âu,Tình cảm,"Bình tĩnh nào! Cảm giác không kiểm soát được mọi thứ thật sự khó chịu. Thử đặt deadline nhỏ cho từng việc, đừng nhìn cả đống cùng lúc. Bước qua được rồi sẽ thấy mình lớn hơn đó."
"Ae tư vấn giúp, bị đồng nghiệp đổ lỗi cho mình trước mặt sếp thì nên làm sao? giận tím ng 🤬",Tức giận,Công việc,"Hạ hỏa trước nào! Bực như vậy mà không nói gì mới lạ, bạn phản ứng bình thường thôi. Hít thở sâu 10 cái rồi tính tiếp. Bỏ qua cho nhẹ đầu nhé."
"Ae tư vấn giúp, bị sếp la trước mặt cả phòng thì nên làm sao? buồn thiu",Buồn bã,Công việc,"Thương bạn quá. Chuyện đó thật sự khiến người ta hụt hẫng nhiều. Buồn thì cứ khóc ra cho nhẹ lòng, đừng cố nuốt vào. Ngày mai trời sẽ sáng hơn hôm nay."
"Tim đập thình thịch quá, bị dọa rớt môn nếu điểm thi ko đạt 😥",Lo âu,Học tập,Hít thở sâu vào nào. Mình hiểu bạn đang lo lắng lắm. Nói chuyện với ai đó bạn tin tưởng — đôi khi chỉ cần kể ra là nhẹ hơn nhiều. Cố lên nha!
"Ae ơi mới chia tay xong, cứ thấy trống rỗng, muốn khóc 😞",Buồn bã,Tình cảm,Thương bạn quá. Chuyện đó thật sự khiến người ta hụt hẫng nhiều. Bật nhạc nhẹ hoặc xem phim cho khuây khỏa. Mạnh lên nghen!
"Ủa mà chuẩn bị bảo vệ luận văn mà chưa ôn kỹ, hồi hộp quá 😱",Lo âu,Học tập,"Ổn thôi bạn ơi, Lo âu kiểu này ai cũng hiểu, đừng tự trách bản thân nhé. Uống ly nước ấm, nghỉ một chút rồi tiếp tục. Mọi chuyện rồi sẽ ổn thôi!"
"Mình bị bom hàng sau khi chờ cả tuần, muốn bùng cháy 🤬",Tức giận,Cuộc sống,"Hạ hỏa trước nào! Sự bực bội của bạn hoàn toàn chính đáng. Xả stress đi, đi dạo hay đấm gối cũng được. Thả lỏng ra nào!"
học ngày học đêm mà điểm vẫn lẹt đẹt làm ae ơi muốn khóc 😢,Buồn bã,Học tập,"Ôm bạn một cái nha. Buồn như vậy là hoàn toàn bình thường, đừng cố kìm lại. Bật nhạc nhẹ hoặc xem phim cho khuây khỏa. Mạnh lên nghen!"
Thiệt tình bị đình chỉ thi vì vi phạm nội quy. muốn khóc 😔,Buồn bã,Học tập,"Chia buồn cùng bạn. Cảm giác đó nặng nề lắm, bạn không sao cả. Bật nhạc nhẹ hoặc xem phim cho khuây khỏa. Mạnh lên nghen!"
Bạn mượn tiền lâu rồi mà cứ quên trả làm má ơi sôi máu,Tức giận,Cuộc sống,"Uống ngụm nước lạnh đi đã. Thiệt là củ chuối không chịu được. Đừng vội phản ứng lúc này, giận quá dễ nói sai. Bỏ qua cho nhẹ đầu nhé."
"Ae tư vấn giúp, chuẩn bị bảo vệ luận văn mà chưa ôn kỹ thì nên làm sao? tim đập thình thịch huhu",Lo âu,Học tập,Hít thở sâu vào nào. Cảm giác không kiểm soát được mọi thứ thật sự khó chịu. Nói chuyện với ai đó bạn tin tưởng — đôi khi chỉ cần kể ra là nhẹ hơn nhiều. Mình tin bạn sẽ vượt qua được.
"Ae tư vấn giúp, bị đồng nghiệp đổ lỗi cho mình trước mặt sếp thì nên làm sao? giận tím người",Tức giận,Công việc,"Hạ hỏa trước nào! Bực như vậy mà không nói gì mới lạ, bạn phản ứng bình thường thôi. Đợi nguôi rồi hẵng nói chuyện lại, lúc đó mới xử lý được bình tĩnh hơn. Đừng để chuyện bực mình làm hỏng cả ngày."
"Tui kh biết mình có đang đi đúng hướng trong sự nghiệp không, tim đập thình thịch",Lo âu,Công việc,"Bình tĩnh nào! Mình biết bạn đang cố gắng hết sức rồi. Tắt thông báo điện thoại một lúc, tập trung vào đúng 1 việc thôi. Mọi chuyện rồi sẽ ổn thôi!"
hôm nay xử lý được bug khó mà cả team đều bó tay làm tui yêu đời hẳn =)),Vui vẻ,Công việc,Chúc mừng bạn nhé 🎉 Cái cảm giác sau bao ngày chờ đợi giờ thành sự thật đỉnh lắm! Tận hưởng khoảnh khắc này đến cùng nhé. Tiến lên thôi!
Làm việc cật lực mà không dc ghi nhận 😢,Buồn bã,Công việc,"Mình ở đây rồi, cứ nói ra đi. Những lúc như này mới thấy cuộc sống không phải lúc nào cũng dễ. Bước ra ngoài đi dạo một chút, không khí tươi cũng giúp được phần nào. Mọi chuyện rồi sẽ qua thôi."
"Tao chốt đơn thành công món đồ ao ước bấy lâu, phấn khích 🎉",Vui vẻ,Cuộc sống,Nghe mà vui lây luôn! Cái cảm giác sau bao ngày chờ đợi giờ thành sự thật đỉnh lắm! Lưu lại khoảnh khắc này để sau nhìn lại vẫn còn thấy vui. Yomost lun nha!
"Ae tư vấn giúp, gia đình hối thúc chuyện cưới xin thì nên làm sao? rén ngang huhu",Lo âu,Tình cảm,"Hít thở sâu vào nào. Cảm giác bất an như vậy thật sự rất nặng nề. Thử đặt deadline nhỏ cho từng việc, đừng nhìn cả đống cùng lúc. Mình tin bạn sẽ vượt qua được."
"Ae tư vấn giúp, đồ án bị bắt làm lại từ đầu vì lý do mơ hồ thì nên làm sao? muốn bùng cháy",Tức giận,Học tập,"Uống ngụm nước lạnh đi đã. Sự bực bội của bạn hoàn toàn chính đáng. Xả stress đi, đi dạo hay đấm gối cũng được. Thả lỏng ra nào!"
Thiệt tình k bt người ấy có thật sự thích mình ko. hồi hộp quá 😰,Lo âu,Tình cảm,"Nghe mình này nhé, Áp lực như vậy ai gặp cũng rén thôi, bạn không có gì sai cả. Chia nhỏ vấn đề ra, xử lý từng bước một nhé. Bước qua được rồi sẽ thấy mình lớn hơn đó."
Bốc trúng phần thưởng to trong sự kiện =)),Vui vẻ,Cuộc sống,Đỉnh thật sự! Kết quả này là thành quả xứng đáng từ nỗ lực của bạn. Đây là động lực để bạn tiếp tục cố gắng những thứ khác nữa đó. Quá xá đã!
"Ae tư vấn giúp, dc thầy khen bài luận trước lớp thì nên làm sao? hạnh phúc quá 😎",Vui vẻ,Học tập,Đỉnh thật sự! Niềm vui này xứng đáng được lan tỏa! Chia sẻ tin này với người thân đi nào. Chúc bạn luôn giữ năng lượng tích cực!
Thiệt tình trời mưa tự nhiên nhớ người yêu cũ. muốn khóc 😔,Buồn bã,Tình cảm,"Lại đây tâm sự với mình nào. Mình rất tiếc khi nghe điều này. Đừng thu mình lại, có mình ở đây mà. Thời gian sẽ chữa lành mọi thứ."
"Mình mọi thứ dạo này cứ xui xẻo liên tục, tê tái 😔",Buồn bã,Cuộc sống,"Lại đây tâm sự với mình nào. Ai gặp phải cũng đau lòng thôi, bạn không có gì sai. Đừng thu mình lại, có mình ở đây mà. Mọi chuyện rồi sẽ qua thôi."
Thiệt tình không biết cách tiết kiệm tiền hiệu quả. bất an ghê 😰,Lo âu,Cuộc sống,"Nghe mình này nhé, Mình hiểu bạn đang lo lắng lắm. Nói chuyện với ai đó bạn tin tưởng — đôi khi chỉ cần kể ra là nhẹ hơn nhiều. Mình tin bạn sẽ vượt qua được."
"Ae tư vấn giúp, xe hỏng giữa đường đúng lúc đang vội nhất thì nên làm sao? tức á 😡",Tức giận,Cuộc sống,Hạ hỏa trước nào! Sự bực bội của bạn hoàn toàn chính đáng. Viết ra hết cảm xúc bực bội vào giấy rồi xé đi — nhẹ lòng lắm đó. Nghĩ chuyện vui cho đỡ tức nhé.
"Ae tư vấn giúp, ko hòa nhập đc vs văn hóa công ty mới thì nên làm sao? thất vọng toàn tập haiz",Buồn bã,Công việc,"Thương bạn quá. Ai gặp phải cũng đau lòng thôi, bạn không có gì sai. Bước ra ngoài đi dạo một chút, không khí tươi cũng giúp được phần nào. Mạnh lên nghen!"
"không thể tin đc quá, hôm nay kỷ niệm một năm yêu nhau 🤩",Vui vẻ,Tình cảm,Chúc mừng bạn nhé 🎉 Cái cảm giác sau bao ngày chờ đợi giờ thành sự thật đỉnh lắm! Chia sẻ tin này với người thân đi nào. Tiến lên thôi!
"chi tiêu tháng này lố quá, k biết xoay sở sao ...",Lo âu,Cuộc sống,"Nghe mình này nhé, Cảm giác bất an như vậy thật sự rất nặng nề. Cứ làm hết sức mình, kết quả ra sao cũng không hối hận. Mình tin bạn sẽ vượt qua được."
nghĩ về tương lai thấy mông lung quá làm chời ơi đổ mồ hôi hột 😱,Lo âu,Cuộc sống,"Nghe mình này nhé, Cảm giác bất an như vậy thật sự rất nặng nề. Cứ làm hết sức mình, kết quả ra sao cũng không hối hận. Mình tin bạn sẽ vượt qua được."
"Ủa mà hôm nay kỷ niệm một năm yêu nhau, phấn khích 😎",Vui vẻ,Tình cảm,Wow xịn xò vậy! Thấy bạn vui mình cũng phấn chấn theo. Lưu lại khoảnh khắc này để sau nhìn lại vẫn còn thấy vui. Yomost lun nha!
"Muốn bùng cháy quá, bị sếp ép deadline vô lý ko có lý do 🔥",Tức giận,Công việc,"Thở ra đi, thở ra. Sự bực bội của bạn hoàn toàn chính đáng. Đừng vội phản ứng lúc này, giận quá dễ nói sai. Mình tin bạn sẽ xử lý được thôi."
được thăng chức rồi làm ủa mà sướng rơn 😆,Vui vẻ,Công việc,Nghe mà vui lây luôn! Cái cảm giác sau bao ngày chờ đợi giờ thành sự thật đỉnh lắm! Chia sẻ tin này với người thân đi nào. Tiến lên thôi!
Bị trừ lương vì một lỗi nhỏ làm tớ buồn thiu 😞,Buồn bã,Công việc,"Mình ở đây rồi, cứ nói ra đi. Chuyện đó thật sự khiến người ta hụt hẫng nhiều. Cứ cho phép bản thân nghỉ ngơi vài ngày. Mọi chuyện rồi sẽ qua thôi."
"Ae tư vấn giúp, học ngày học đêm mà điểm vẫn lẹt đẹt thì nên làm sao? tủi thân 😢",Buồn bã,Học tập,Chia buồn cùng bạn. Mình rất tiếc khi nghe điều này. Cứ cho phép bản thân nghỉ ngơi vài ngày. Ngày mai trời sẽ sáng hơn hôm nay.
Thiệt tình thấy crush đi chơi vs người khác. hoang mang tột độ 🥲,Lo âu,Tình cảm,"Từ từ đã bạn ơi. Mình hiểu bạn đang lo lắng lắm. Cứ làm hết sức mình, kết quả ra sao cũng không hối hận. Bước qua được rồi sẽ thấy mình lớn hơn đó."
"Ko thể tin được quá, hai đứa vừa giải quyết được hiểu lầm hồi lâu",Vui vẻ,Tình cảm,Tuyệt vời quá! Kết quả này là thành quả xứng đáng từ nỗ lực của bạn. Lưu lại khoảnh khắc này để sau nhìn lại vẫn còn thấy vui. Tiến lên thôi!
"Ae tư vấn giúp, áp lực KPI tháng này cao quá, sợ ko đạt thì nên làm sao? rén ngang 😰",Lo âu,Công việc,"Bình tĩnh nào! Lo âu kiểu này ai cũng hiểu, đừng tự trách bản thân nhé. Ghi ra giấy những gì đang lo, ưu tiên từng cái. Mình tin bạn sẽ vượt qua được."
"giận tím người quá, điểm bị chấm sai mà k đc phúc khảo 🔥",Tức giận,Học tập,"Nghe mà tức dùm á 😡 Đúng là có những chuyện không thể bỏ qua được. Đợi nguôi rồi hẵng nói chuyện lại, lúc đó mới xử lý được bình tĩnh hơn. Nghĩ chuyện vui cho đỡ tức nhé."
"Hôm nay mọi thứ dạo này cứ xui xẻo liên tục, muốn khóc 💔",Buồn bã,Cuộc sống,"Chia buồn cùng bạn. Ai gặp phải cũng đau lòng thôi, bạn không có gì sai. Cứ cho phép bản thân nghỉ ngơi vài ngày. Mạnh lên nghen!"
"không thể tin được quá, khách hàng gửi email khen ngợi sản phẩm của mình 🤩",Vui vẻ,Công việc,Nghe mà vui lây luôn! Niềm vui này xứng đáng được lan tỏa! Chia sẻ tin này với người thân đi nào. Tiến lên thôi!
Thiệt tình phải làm bù việc của mấy đứa lười trong team. tức á 😤,Tức giận,Công việc,"Uống ngụm nước lạnh đi đã. Gặp chuyện đó ai mà không điên tiết. Đợi nguôi rồi hẵng nói chuyện lại, lúc đó mới xử lý được bình tĩnh hơn. Thả lỏng ra nào!"
"Ae tư vấn giúp, xe hỏng giữa đường đúng lúc đang vội nhất thì nên làm sao? giận tím ng 😡",Tức giận,Cuộc sống,"Hạ hỏa trước nào! Thiệt là củ chuối không chịu được. Đừng vội phản ứng lúc này, giận quá dễ nói sai. Bỏ qua cho nhẹ đầu nhé."
Thiệt tình học ngày học đêm mà điểm vẫn lẹt đẹt. thất vọng toàn tập 💔,Buồn bã,Học tập,Lại đây tâm sự với mình nào. Chuyện đó thật sự khiến người ta hụt hẫng nhiều. Gọi cho bạn thân trút bầu tâm sự nha. Thời gian sẽ chữa lành mọi thứ.
"Lương về rùi, phát điên ✨",Vui vẻ,Cuộc sống,Wow xịn xò vậy! Kết quả này là thành quả xứng đáng từ nỗ lực của bạn. Tận hưởng khoảnh khắc này đến cùng nhé. Tiến lên thôi!
"Hôm nay bạn cùng nhóm ko chịu đóng góp bài tập, muốn bùng cháy 🙄",Tức giận,Học tập,"Uống ngụm nước lạnh đi đã. Nghe mà mình cũng thấy khó chịu theo, bạn có lý mà. Đừng vội phản ứng lúc này, giận quá dễ nói sai. Mình tin bạn sẽ xử lý được thôi."
"Má ơi trời mưa tự nhiên nhớ người yêu cũ, thất vọng toàn tập 😔",Buồn bã,Tình cảm,"Ôm bạn một cái nha. Cảm giác đó nặng nề lắm, bạn không sao cả. Cứ cho phép bản thân nghỉ ngơi vài ngày. Ngày mai trời sẽ sáng hơn hôm nay."
"Tui điểm bị chấm sai mà không được phúc khảo, muốn bùng cháy 💢",Tức giận,Học tập,Hạ hỏa trước nào! Thiệt là củ chuối không chịu được. Viết ra hết cảm xúc bực bội vào giấy rồi xé đi — nhẹ lòng lắm đó. Thả lỏng ra nào!
Thiệt tình đang thi online thì rớt mạng mất cả bài. muốn bùng cháy,Tức giận,Học tập,"Hiểu sự bức xúc của bạn luôn! Thiệt là củ chuối không chịu được. Đừng vội phản ứng lúc này, giận quá dễ nói sai. Nghĩ chuyện vui cho đỡ tức nhé."
Thiệt tình đã dặn kh ăn hành mà vẫn bỏ nguyên đống vào. giận tím ng 💢,Tức giận,Cuộc sống,"Hiểu sự bức xúc của bạn luôn! Bực như vậy mà không nói gì mới lạ, bạn phản ứng bình thường thôi. Xả stress đi, đi dạo hay đấm gối cũng được. Thả lỏng ra nào!"
Thiệt tình hôm nay xử lý đc bug khó mà cả team đều bó tay. sướng rơn 🤩,Vui vẻ,Công việc,Wow xịn xò vậy! Cái cảm giác sau bao ngày chờ đợi giờ thành sự thật đỉnh lắm! Tận hưởng khoảnh khắc này đến cùng nhé. Mình tự hào về bạn lắm!
Thiệt tình giải quyết xong đống task tồn đọng cả tuần. yêu đời hẳn 😆,Vui vẻ,Công việc,Wow xịn xò vậy! Thấy bạn vui mình cũng phấn chấn theo. Tận hưởng khoảnh khắc này đến cùng nhé. Mình tự hào về bạn lắm!
"Ae tư vấn giúp, chờ mãi không thấy ng ấy rep tin nhắn thì nên làm sao? đổ mồ hôi hột ...",Lo âu,Tình cảm,"Hít thở sâu vào nào. Cảm giác không kiểm soát được mọi thứ thật sự khó chịu. Cứ làm hết sức mình, kết quả ra sao cũng không hối hận. Cố lên nha!"
"b người yêu cũ đe dọa t, bt địa chỉ nhà, sợ lắm",Bạo hành,Khủng hoảng,Điều bạn mô tả là bạo hành và bạn hoàn toàn có quyền được bảo vệ. Hãy liên hệ 1900 969 680 (hỗ trợ phụ nữ & trẻ em) hoặc Tổng đài 111 ngay. Họ sẽ giúp bạn thoát khỏi tình huống này.
dc thăng chức r làm mình vui xỉu 🤩,Vui vẻ,Công việc,Tuyệt vời quá! Bao nhiêu cố gắng cuối cùng đã được đền đáp. Lưu lại khoảnh khắc này để sau nhìn lại vẫn còn thấy vui. Mình tự hào về bạn lắm!
Thiệt tình cảm thấy mình học kém hơn bạn bè rất nhiều. muốn khóc 🥀,Buồn bã,Học tập,"Chia buồn cùng bạn. Ai gặp phải cũng đau lòng thôi, bạn không có gì sai. Gọi cho bạn thân trút bầu tâm sự nha. Mình luôn ở đây lắng nghe."
Thiệt tình sếp khen project mới làm tốt trước toàn công ty. yêu đời hẳn =)),Vui vẻ,Công việc,Nghe mà vui lây luôn! Cái cảm giác sau bao ngày chờ đợi giờ thành sự thật đỉnh lắm! Tận hưởng khoảnh khắc này đến cùng nhé. Mình tự hào về bạn lắm!
"Dạo này phát hiện ng yêu nói dối, sôi máu",Tức giận,Tình cảm,"Uống ngụm nước lạnh đi đã. Nghe mà mình cũng thấy khó chịu theo, bạn có lý mà. Đừng vội phản ứng lúc này, giận quá dễ nói sai. Mình tin bạn sẽ xử lý được thôi."
Thiệt tình không biết cách tiết kiệm tiền hiệu quả. run kh chịu được huhu,Lo âu,Cuộc sống,"Nghe mình này nhé, Mình hiểu bạn đang lo lắng lắm. Ghi ra giấy những gì đang lo, ưu tiên từng cái. Bước qua được rồi sẽ thấy mình lớn hơn đó."
"Tim đập thình thịch quá, áp lực đồng trang lứa học giỏi hơn mình quá nhiều 😰",Lo âu,Học tập,"Ổn thôi bạn ơi, Lo âu kiểu này ai cũng hiểu, đừng tự trách bản thân nhé. Tắt thông báo điện thoại một lúc, tập trung vào đúng 1 việc thôi. Mình tin bạn sẽ vượt qua được."
"hoang mang tột độ quá, sắp thi mà chưa học chữ nào ...",Lo âu,Học tập,"Từ từ đã bạn ơi. Áp lực như vậy ai gặp cũng rén thôi, bạn không có gì sai cả. Chia nhỏ vấn đề ra, xử lý từng bước một nhé. Mọi chuyện rồi sẽ ổn thôi!"
"Tim đập thình thịch quá, team bị giảm nhân sự, mình ph gánh thêm việc",Lo âu,Công việc,"Nghe mình này nhé, Mình biết bạn đang cố gắng hết sức rồi. Chia nhỏ vấn đề ra, xử lý từng bước một nhé. Bước qua được rồi sẽ thấy mình lớn hơn đó."
Tôi đang nghĩ đến chuyện tự làm hại bản thân.,Trầm cảm/Tuyệt vọng,Khủng hoảng,"Mình nghe bạn. Cảm giác kiệt sức và tuyệt vọng như vậy thật nặng nề. Nhưng đây là lúc bạn cần được hỗ trợ bởi chuyên gia. Gọi 1800 599 920 — họ sẽ lắng nghe bạn 24/7, hoàn toàn miễn phí."
Thiệt tình pass môn khó nhất học kỳ rồi. vui xỉu 😎,Vui vẻ,Học tập,Nghe mà vui lây luôn! Kết quả này là thành quả xứng đáng từ nỗ lực của bạn. Tận hưởng khoảnh khắc này đến cùng nhé. Tiến lên thôi!
"Ae tư vấn giúp, đc thăng chức rùi thì nên làm sao? yêu đời hẳn 😎",Vui vẻ,Công việc,Đỉnh thật sự! Thấy bạn vui mình cũng phấn chấn theo. Lưu lại khoảnh khắc này để sau nhìn lại vẫn còn thấy vui. Mình tự hào về bạn lắm!
Đã dặn ko ăn hành mà vẫn bỏ nguyên đống vào 🤬,Tức giận,Cuộc sống,"Nghe mà tức dùm á 😡 Bực như vậy mà không nói gì mới lạ, bạn phản ứng bình thường thôi. Đợi nguôi rồi hẵng nói chuyện lại, lúc đó mới xử lý được bình tĩnh hơn. Bỏ qua cho nhẹ đầu nhé."
Thiệt tình hôm nay kỷ niệm một năm yêu nhau. sướng rơn 😆,Vui vẻ,Tình cảm,Nghe mà vui lây luôn! Thấy bạn vui mình cũng phấn chấn theo. Tận hưởng khoảnh khắc này đến cùng nhé. Yomost lun nha!
Nhìn cảnh nhà ng ta hạnh phúc mà tủi thân làm dạo này buồn thiu 😔,Buồn bã,Cuộc sống,"Mình ở đây rồi, cứ nói ra đi. Ai gặp phải cũng đau lòng thôi, bạn không có gì sai. Gọi cho bạn thân trút bầu tâm sự nha. Mạnh lên nghen!"
"Ae tư vấn giúp, pass môn khó nhất học kỳ rồi thì nên làm sao? vui xỉu 🥰",Vui vẻ,Học tập,Nghe mà vui lây luôn! Bao nhiêu cố gắng cuối cùng đã được đền đáp. Cứ giữ phong độ và tiếp tục phát huy! Chúc bạn luôn giữ năng lượng tích cực!
"Ae tư vấn giúp, chuẩn bị tỏ tình mà sợ bị từ chối thì nên làm sao? run k chịu dc 😥",Lo âu,Tình cảm,"Ổn thôi bạn ơi, Lo âu kiểu này ai cũng hiểu, đừng tự trách bản thân nhé. Thử đặt deadline nhỏ cho từng việc, đừng nhìn cả đống cùng lúc. Bước qua được rồi sẽ thấy mình lớn hơn đó."
"Ae tư vấn giúp, hai đứa vừa giải quyết đc hiểu lầm hồi lâu thì nên làm sao? vui xỉu 😎",Vui vẻ,Tình cảm,Wow xịn xò vậy! Bao nhiêu cố gắng cuối cùng đã được đền đáp. Cứ giữ phong độ và tiếp tục phát huy! Quá xá đã!
"Giận tím người quá, ng yêu liên tục đến trễ mà không xin lỗi 🤬",Tức giận,Tình cảm,"Thở ra đi, thở ra. Gặp chuyện đó ai mà không điên tiết. Xả stress đi, đi dạo hay đấm gối cũng được. Đừng để chuyện bực mình làm hỏng cả ngày."
bị đồng nghiệp đổ lỗi cho mình trước mặt sếp 🙄,Tức giận,Công việc,"Hạ hỏa trước nào! Gặp chuyện đó ai mà không điên tiết. Xả stress đi, đi dạo hay đấm gối cũng được. Thả lỏng ra nào!"
"Mn ơi mới nghỉ việc xong chưa biết làm gì tiếp, tim đập thình thịch 😰",Lo âu,Công việc,"Ổn thôi bạn ơi, Cảm giác bất an như vậy thật sự rất nặng nề. Chia nhỏ vấn đề ra, xử lý từng bước một nhé. Cố lên nha!"
Bị sếp la trước mặt cả phòng làm má ơi tủi thân haiz,Buồn bã,Công việc,"Ôm bạn một cái nha. Cảm giác đó nặng nề lắm, bạn không sao cả. Bước ra ngoài đi dạo một chút, không khí tươi cũng giúp được phần nào. Ngày mai trời sẽ sáng hơn hôm nay."
"Hôm nay được thăng chức rồi, sướng rơn 😎",Vui vẻ,Công việc,Chúc mừng bạn nhé 🎉 Bao nhiêu cố gắng cuối cùng đã được đền đáp. Lưu lại khoảnh khắc này để sau nhìn lại vẫn còn thấy vui. Mình tự hào về bạn lắm!
Thiệt tình bị trừ lương vì một lỗi nhỏ. buồn thiu haiz,Buồn bã,Công việc,"Mình ở đây rồi, cứ nói ra đi. Mình rất tiếc khi nghe điều này. Bước ra ngoài đi dạo một chút, không khí tươi cũng giúp được phần nào. Ngày mai trời sẽ sáng hơn hôm nay."
"Ae tư vấn giúp, nhắn tin cả ngày mà không thèm đọc nhưng vẫn online thì nên làm sao? muốn bùng cháy",Tức giận,Tình cảm,"Nghe mà tức dùm á 😡 Bực như vậy mà không nói gì mới lạ, bạn phản ứng bình thường thôi. Đợi nguôi rồi hẵng nói chuyện lại, lúc đó mới xử lý được bình tĩnh hơn. Mình tin bạn sẽ xử lý được thôi."
"Ae tư vấn giúp, bị bom hàng sau khi chờ cả tuần thì nên làm sao? giận tím người 😤",Tức giận,Cuộc sống,"Hạ hỏa trước nào! Nghe mà mình cũng thấy khó chịu theo, bạn có lý mà. Viết ra hết cảm xúc bực bội vào giấy rồi xé đi — nhẹ lòng lắm đó. Nghĩ chuyện vui cho đỡ tức nhé."
"Tự nhiên bạn cùng nhóm không chịu đóng góp bài tập, sôi máu 💢",Tức giận,Học tập,"Hạ hỏa trước nào! Thiệt là củ chuối không chịu được. Đừng vội phản ứng lúc này, giận quá dễ nói sai. Bỏ qua cho nhẹ đầu nhé."
"Tức á quá, nhắn tin cả ngày mà ko thèm đọc nhưng vẫn online 💢",Tức giận,Tình cảm,"Uống ngụm nước lạnh đi đã. Bực như vậy mà không nói gì mới lạ, bạn phản ứng bình thường thôi. Xả stress đi, đi dạo hay đấm gối cũng được. Thả lỏng ra nào!"
"Lo lắng thật sự quá, sắp thi mà chưa học chữ nào 😰",Lo âu,Học tập,"Nghe mình này nhé, Cảm giác bất an như vậy thật sự rất nặng nề. Thử đặt deadline nhỏ cho từng việc, đừng nhìn cả đống cùng lúc. Cố lên nha!"
Sếp khen project mới làm tốt trước toàn công ty làm tui phê,Vui vẻ,Công việc,Tuyệt vời quá! Thấy bạn vui mình cũng phấn chấn theo. Chia sẻ tin này với người thân đi nào. Tiến lên thôi!
Sắp tới deadline mà chưa làm được chữ nào huhu,Lo âu,Công việc,"Nghe mình này nhé, Lo âu kiểu này ai cũng hiểu, đừng tự trách bản thân nhé. Tắt thông báo điện thoại một lúc, tập trung vào đúng 1 việc thôi. Đừng quá nghiêm khắc với bản thân nhé."
"Bố tôi nghiện rượu và bạo hành cả gia đình, tôi không biết phải làm gì.",Bạo hành,Khủng hoảng,"Bạn không cần phải chịu đựng điều này một mình. Xin hãy gọi Tổng đài 111 (bảo vệ trẻ em & gia đình, miễn phí 24/7) hoặc 113 nếu đang gặp nguy hiểm ngay lúc này. Bạn an toàn là điều quan trọng nhất."
"Tui bị dọa rớt môn nếu điểm thi không đạt, bất an ghê huhu",Lo âu,Học tập,"Hít thở sâu vào nào. Cảm giác bất an như vậy thật sự rất nặng nề. Tắt thông báo điện thoại một lúc, tập trung vào đúng 1 việc thôi. Mọi chuyện rồi sẽ ổn thôi!"
"rén ngang quá, team bị giảm nhân sự, mình phải gánh thêm việc",Lo âu,Công việc,"Ổn thôi bạn ơi, Áp lực như vậy ai gặp cũng rén thôi, bạn không có gì sai cả. Chia nhỏ vấn đề ra, xử lý từng bước một nhé. Bước qua được rồi sẽ thấy mình lớn hơn đó."
Nhắn tin cả ngày mà ko thèm đọc nhưng vẫn online 💢,Tức giận,Tình cảm,"Hạ hỏa trước nào! Gặp chuyện đó ai mà không điên tiết. Đợi nguôi rồi hẵng nói chuyện lại, lúc đó mới xử lý được bình tĩnh hơn. Mình tin bạn sẽ xử lý được thôi."
"Ae tư vấn giúp, hôm nay xử lý được bug khó mà cả team đều bó tay thì nên làm sao? vui xỉu 🥰",Vui vẻ,Công việc,Tuyệt vời quá! Bao nhiêu cố gắng cuối cùng đã được đền đáp. Tận hưởng khoảnh khắc này đến cùng nhé. Mình tự hào về bạn lắm!
Nuôi con mèo bao năm mà nó đi mất làm ae ơi chán nản thật sự 😢,Buồn bã,Cuộc sống,"Thương bạn quá. Ai gặp phải cũng đau lòng thôi, bạn không có gì sai. Bật nhạc nhẹ hoặc xem phim cho khuây khỏa. Ngày mai trời sẽ sáng hơn hôm nay."
"Chời ơi ăn đc món ngon đúng ý sau bao ngày thèm, phê 🤩",Vui vẻ,Cuộc sống,Đỉnh thật sự! Đúng là ngày may mắn của bạn rồi. Đây là động lực để bạn tiếp tục cố gắng những thứ khác nữa đó. Yomost lun nha!
ng yêu liên tục đến trễ mà k xin lỗi 💢,Tức giận,Tình cảm,"Nghe mà tức dùm á 😡 Nghe mà mình cũng thấy khó chịu theo, bạn có lý mà. Hít thở sâu 10 cái rồi tính tiếp. Thả lỏng ra nào!"
"Ae tư vấn giúp, chuẩn bị thuyết trình trước công ty mà cảm thấy chưa sẵn sàng thì nên làm sao? tim đập thình thịch 😥",Lo âu,Công việc,"Hít thở sâu vào nào. Mình biết bạn đang cố gắng hết sức rồi. Tắt thông báo điện thoại một lúc, tập trung vào đúng 1 việc thôi. Bước qua được rồi sẽ thấy mình lớn hơn đó."
bị overthinking trước khi ngủ ko tắt dc làm tự nhiên tim đập thình thịch 🥲,Lo âu,Cuộc sống,"Nghe mình này nhé, Cảm giác không kiểm soát được mọi thứ thật sự khó chịu. Thử đặt deadline nhỏ cho từng việc, đừng nhìn cả đống cùng lúc. Cố lên nha!"
"Ae tư vấn giúp, giải quyết xong đống task tồn đọng cả tuần thì nên làm sao? sướng rơn ✨",Vui vẻ,Công việc,Chúc mừng bạn nhé 🎉 Kết quả này là thành quả xứng đáng từ nỗ lực của bạn. Nhớ tự thưởng một chầu ăn ngon nhé. Chúc bạn luôn giữ năng lượng tích cực!
Thiệt tình nhìn cảnh nhà người ta hạnh phúc mà tủi thân. buồn thiu 😔,Buồn bã,Cuộc sống,Ôm bạn một cái nha. Mình rất tiếc khi nghe điều này. Cứ cho phép bản thân nghỉ ngơi vài ngày. Ngày mai trời sẽ sáng hơn hôm nay.
bị sếp ép deadline vô lý kh có lý do làm mình muốn bùng cháy 💢,Tức giận,Công việc,"Hạ hỏa trước nào! Gặp chuyện đó ai mà không điên tiết. Xả stress đi, đi dạo hay đấm gối cũng được. Mình tin bạn sẽ xử lý được thôi."
"Ae tư vấn giúp, cảm thấy cô đơn lạc lõng giữa đám đông thì nên làm sao? tê tái",Buồn bã,Cuộc sống,"Mình ở đây rồi, cứ nói ra đi. Những lúc như này mới thấy cuộc sống không phải lúc nào cũng dễ. Gọi cho bạn thân trút bầu tâm sự nha. Mình luôn ở đây lắng nghe."
"Mn ơi khách hàng gửi email khen ngợi sản phẩm của mình, phấn khích 🤩",Vui vẻ,Công việc,Chúc mừng bạn nhé 🎉 Cái cảm giác sau bao ngày chờ đợi giờ thành sự thật đỉnh lắm! Tận hưởng khoảnh khắc này đến cùng nhé. Mình tự hào về bạn lắm!
Thiệt tình bị rớt môn dù đã cố gắng học. tê tái haiz,Buồn bã,Học tập,"Ôm bạn một cái nha. Mình rất tiếc khi nghe điều này. Đừng thu mình lại, có mình ở đây mà. Ngày mai trời sẽ sáng hơn hôm nay."
"Ae tư vấn giúp, chọn sai ngành, kh biết có nên đổi kh thì nên làm sao? lo lắng thật sự 🥲",Lo âu,Học tập,"Từ từ đã bạn ơi. Mình hiểu bạn đang lo lắng lắm. Ghi ra giấy những gì đang lo, ưu tiên từng cái. Bước qua được rồi sẽ thấy mình lớn hơn đó."
"chi tiêu tháng này lố quá, kh bt xoay sở sao làm tao lo lắng thật sự 😥",Lo âu,Cuộc sống,"Ổn thôi bạn ơi, Áp lực như vậy ai gặp cũng rén thôi, bạn không có gì sai cả. Thử đặt deadline nhỏ cho từng việc, đừng nhìn cả đống cùng lúc. Đừng quá nghiêm khắc với bản thân nhé."
Đã dặn không ăn hành mà vẫn bỏ nguyên đống vào làm tui tức á 😡,Tức giận,Cuộc sống,"Thở ra đi, thở ra. Bực như vậy mà không nói gì mới lạ, bạn phản ứng bình thường thôi. Hít thở sâu 10 cái rồi tính tiếp. Nghĩ chuyện vui cho đỡ tức nhé."
"Hồi hộp quá quá, áp lực kpi tháng này cao quá, sợ không đạt 😰",Lo âu,Công việc,"Nghe mình này nhé, Lo âu kiểu này ai cũng hiểu, đừng tự trách bản thân nhé. Uống ly nước ấm, nghỉ một chút rồi tiếp tục. Đừng quá nghiêm khắc với bản thân nhé."
"hồi hộp quá quá, chờ mãi không thấy người ấy rep tin nhắn 😰",Lo âu,Tình cảm,"Từ từ đã bạn ơi. Mình biết bạn đang cố gắng hết sức rồi. Tắt thông báo điện thoại một lúc, tập trung vào đúng 1 việc thôi. Mình tin bạn sẽ vượt qua được."
Được thăng chức rồi 🤩,Vui vẻ,Công việc,Wow xịn xò vậy! Đúng là ngày may mắn của bạn rồi. Cứ giữ phong độ và tiếp tục phát huy! Yomost lun nha!
Thiệt tình chốt đơn thành công món đồ ao ước bấy lâu. yêu đời hẳn 🎉,Vui vẻ,Cuộc sống,Đỉnh thật sự! Bao nhiêu cố gắng cuối cùng đã được đền đáp. Đây là động lực để bạn tiếp tục cố gắng những thứ khác nữa đó. Tiến lên thôi!
"Chời ơi bị trừ lương vì một lỗi nhỏ, tê tái 💔",Buồn bã,Công việc,"Mình ở đây rồi, cứ nói ra đi. Ai gặp phải cũng đau lòng thôi, bạn không có gì sai. Bước ra ngoài đi dạo một chút, không khí tươi cũng giúp được phần nào. Mạnh lên nghen!"
Đã dặn không ăn hành mà vẫn bỏ nguyên đống vào làm tao tức á 🔥,Tức giận,Cuộc sống,"Uống ngụm nước lạnh đi đã. Nghe mà mình cũng thấy khó chịu theo, bạn có lý mà. Xả stress đi, đi dạo hay đấm gối cũng được. Mình tin bạn sẽ xử lý được thôi."
"Má ơi vừa chốt được hợp đồng lớn sau bao ngày nỗ lực, không thể tin dc =))",Vui vẻ,Công việc,Tuyệt vời quá! Cái cảm giác sau bao ngày chờ đợi giờ thành sự thật đỉnh lắm! Chia sẻ tin này với người thân đi nào. Yomost lun nha!
"Mn ơi kh bt cách tiết kiệm tiền hiệu quả, lo lắng thật sự ...",Lo âu,Cuộc sống,"Bình tĩnh nào! Lo âu kiểu này ai cũng hiểu, đừng tự trách bản thân nhé. Ghi ra giấy những gì đang lo, ưu tiên từng cái. Mình tin bạn sẽ vượt qua được."
Được thăng chức rồi làm tự nhiên vui xỉu 😎,Vui vẻ,Công việc,Nghe mà vui lây luôn! Niềm vui này xứng đáng được lan tỏa! Nhớ tự thưởng một chầu ăn ngon nhé. Chúc bạn luôn giữ năng lượng tích cực!
"điên máu quá, bị bom hàng sau khi chờ cả tuần 🤬",Tức giận,Cuộc sống,"Thở ra đi, thở ra. Gặp chuyện đó ai mà không điên tiết. Bơ đi mà sống, để bụng chỉ tổ mệt mình. Thả lỏng ra nào!"
Vừa chốt được hợp đồng lớn sau bao ngày nỗ lực làm ae ơi vui xỉu ✨,Vui vẻ,Công việc,Nghe mà vui lây luôn! Bao nhiêu cố gắng cuối cùng đã được đền đáp. Cứ giữ phong độ và tiếp tục phát huy! Chúc bạn luôn giữ năng lượng tích cực!
"run không chịu đc quá, sắp thi mà chưa học chữ nào ...",Lo âu,Học tập,"Hít thở sâu vào nào. Mình biết bạn đang cố gắng hết sức rồi. Cứ làm hết sức mình, kết quả ra sao cũng không hối hận. Cố lên nha!"
đc crush rủ đi chơi cuối tuần làm mình hạnh phúc quá =)),Vui vẻ,Tình cảm,Tuyệt vời quá! Cái cảm giác sau bao ngày chờ đợi giờ thành sự thật đỉnh lắm! Cứ giữ phong độ và tiếp tục phát huy! Mình tự hào về bạn lắm!
"Hồi hộp quá quá, ko bt mình có đang đi đúng hướng trong sự nghiệp kh 😱",Lo âu,Công việc,"Bình tĩnh nào! Áp lực như vậy ai gặp cũng rén thôi, bạn không có gì sai cả. Tắt thông báo điện thoại một lúc, tập trung vào đúng 1 việc thôi. Đừng quá nghiêm khắc với bản thân nhé."
"Tủi thân quá, học ngày học đêm mà điểm vẫn lẹt đẹt 💔",Buồn bã,Học tập,"Thương bạn quá. Cảm giác đó nặng nề lắm, bạn không sao cả. Cứ cho phép bản thân nghỉ ngơi vài ngày. Mạnh lên nghen!"
"Chời ơi cãi nhau với ng yêu, k biết có ổn kh, thất vọng toàn tập haiz",Buồn bã,Tình cảm,"Thương bạn quá. Những lúc như này mới thấy cuộc sống không phải lúc nào cũng dễ. Buồn thì cứ khóc ra cho nhẹ lòng, đừng cố nuốt vào. Thời gian sẽ chữa lành mọi thứ."
"Ae tư vấn giúp, chi tiêu tháng này lố quá, không bt xoay sở sao thì nên làm sao? run k chịu dc 😰",Lo âu,Cuộc sống,"Hít thở sâu vào nào. Cảm giác không kiểm soát được mọi thứ thật sự khó chịu. Uống ly nước ấm, nghỉ một chút rồi tiếp tục. Mình tin bạn sẽ vượt qua được."
trời mưa tự nhiên nhớ ng yêu cũ làm má ơi tê tái 😞,Buồn bã,Tình cảm,"Lại đây tâm sự với mình nào. Chuyện đó thật sự khiến người ta hụt hẫng nhiều. Bước ra ngoài đi dạo một chút, không khí tươi cũng giúp được phần nào. Mọi chuyện rồi sẽ qua thôi."
"Chán nản thật sự quá, nhìn cảnh nhà ng ta hạnh phúc mà tủi thân 😔",Buồn bã,Cuộc sống,Ôm bạn một cái nha. Những lúc như này mới thấy cuộc sống không phải lúc nào cũng dễ. Gọi cho bạn thân trút bầu tâm sự nha. Mạnh lên nghen!
Crush nhắn tin trước =)),Vui vẻ,Tình cảm,Chúc mừng bạn nhé 🎉 Thấy bạn vui mình cũng phấn chấn theo. Lưu lại khoảnh khắc này để sau nhìn lại vẫn còn thấy vui. Yomost lun nha!
"Dạo này áp lực kpi tháng này cao quá, sợ không đạt, đổ mồ hôi hột 😰",Lo âu,Công việc,"Nghe mình này nhé, Cảm giác không kiểm soát được mọi thứ thật sự khó chịu. Tắt thông báo điện thoại một lúc, tập trung vào đúng 1 việc thôi. Bước qua được rồi sẽ thấy mình lớn hơn đó."
Đã dặn kh ăn hành mà vẫn bỏ nguyên đống vào làm ủa mà điên máu 😤,Tức giận,Cuộc sống,"Thở ra đi, thở ra. Bực như vậy mà không nói gì mới lạ, bạn phản ứng bình thường thôi. Đợi nguôi rồi hẵng nói chuyện lại, lúc đó mới xử lý được bình tĩnh hơn. Đừng để chuyện bực mình làm hỏng cả ngày."
bạn cùng nhóm kh chịu đóng góp bài tập làm tự nhiên điên máu,Tức giận,Học tập,"Thở ra đi, thở ra. Sự bực bội của bạn hoàn toàn chính đáng. Xả stress đi, đi dạo hay đấm gối cũng được. Đừng để chuyện bực mình làm hỏng cả ngày."
"cay thật sự quá, người yêu liên tục đến trễ mà ko xin lỗi 😡",Tức giận,Tình cảm,Hiểu sự bức xúc của bạn luôn! Thiệt là củ chuối không chịu được. Hít thở sâu 10 cái rồi tính tiếp. Thả lỏng ra nào!
"Thiệt tình lương về rồi, phát điên. kh thể tin đc 🎉",Vui vẻ,Cuộc sống,Wow xịn xò vậy! Bao nhiêu cố gắng cuối cùng đã được đền đáp. Tận hưởng khoảnh khắc này đến cùng nhé. Quá xá đã!
"chi tiêu tháng này lố quá, kh bt xoay sở sao 😱",Lo âu,Cuộc sống,"Ổn thôi bạn ơi, Mình hiểu bạn đang lo lắng lắm. Thử đặt deadline nhỏ cho từng việc, đừng nhìn cả đống cùng lúc. Đừng quá nghiêm khắc với bản thân nhé."
"Ae tư vấn giúp, cảm thấy mình học kém hơn bạn bè rất nhiều thì nên làm sao? buồn thiu 🥀",Buồn bã,Học tập,Lại đây tâm sự với mình nào. Mình rất tiếc khi nghe điều này. Gọi cho bạn thân trút bầu tâm sự nha. Mọi chuyện rồi sẽ qua thôi.
"run k chịu được quá, cảm giác bị tụt hậu so với bạn bè đồng trang lứa 🥲",Lo âu,Cuộc sống,"Bình tĩnh nào! Lo âu kiểu này ai cũng hiểu, đừng tự trách bản thân nhé. Cứ làm hết sức mình, kết quả ra sao cũng không hối hận. Mọi chuyện rồi sẽ ổn thôi!"
ăn được món ngon đúng ý sau bao ngày thèm làm mn ơi yêu đời hẳn,Vui vẻ,Cuộc sống,Đỉnh thật sự! Thấy bạn vui mình cũng phấn chấn theo. Đây là động lực để bạn tiếp tục cố gắng những thứ khác nữa đó. Chúc bạn luôn giữ năng lượng tích cực!
Ng yêu liên tục đến trễ mà kh xin lỗi làm hôm nay tức á 🤬,Tức giận,Tình cảm,"Thở ra đi, thở ra. Thiệt là củ chuối không chịu được. Viết ra hết cảm xúc bực bội vào giấy rồi xé đi — nhẹ lòng lắm đó. Thả lỏng ra nào!"
"Ae ơi bốc trúng phần thưởng to trong sự kiện, không thể tin được 🤩",Vui vẻ,Cuộc sống,Nghe mà vui lây luôn! Niềm vui này xứng đáng được lan tỏa! Đây là động lực để bạn tiếp tục cố gắng những thứ khác nữa đó. Quá xá đã!
nghĩ về tương lai thấy mông lung quá làm mình lo lắng thật sự ...,Lo âu,Cuộc sống,"Hít thở sâu vào nào. Áp lực như vậy ai gặp cũng rén thôi, bạn không có gì sai cả. Uống ly nước ấm, nghỉ một chút rồi tiếp tục. Đừng quá nghiêm khắc với bản thân nhé."
Thiệt tình lo lắng không bt mối quan hệ này có tương lai ko. lo lắng thật sự,Lo âu,Tình cảm,"Bình tĩnh nào! Cảm giác bất an như vậy thật sự rất nặng nề. Chia nhỏ vấn đề ra, xử lý từng bước một nhé. Mọi chuyện rồi sẽ ổn thôi!"
"Thiệt tình nay đi đường ko bị tắc, đến nơi sớm hơn. vui xỉu 😆",Vui vẻ,Cuộc sống,Tuyệt vời quá! Thấy bạn vui mình cũng phấn chấn theo. Chia sẻ tin này với người thân đi nào. Quá xá đã!
"vui xỉu quá, lương về rồi, phát điên =))",Vui vẻ,Cuộc sống,Đỉnh thật sự! Đúng là ngày may mắn của bạn rồi. Đây là động lực để bạn tiếp tục cố gắng những thứ khác nữa đó. Chúc bạn luôn giữ năng lượng tích cực!
bị rớt môn dù đã cố gắng học làm ae ơi chán nản thật sự 😢,Buồn bã,Học tập,Ôm bạn một cái nha. Chuyện đó thật sự khiến người ta hụt hẫng nhiều. Cứ cho phép bản thân nghỉ ngơi vài ngày. Mạnh lên nghen!
Thiệt tình khách hàng gửi email khen ngợi sản phẩm của mình. phê,Vui vẻ,Công việc,Nghe mà vui lây luôn! Bao nhiêu cố gắng cuối cùng đã được đền đáp. Đây là động lực để bạn tiếp tục cố gắng những thứ khác nữa đó. Tiến lên thôi!
Ng yêu liên tục đến trễ mà không xin lỗi 😤,Tức giận,Tình cảm,"Hiểu sự bức xúc của bạn luôn! Nghe mà mình cũng thấy khó chịu theo, bạn có lý mà. Hít thở sâu 10 cái rồi tính tiếp. Nghĩ chuyện vui cho đỡ tức nhé."
Thiệt tình nhắn tin cả ngày mà k thèm đọc nhưng vẫn online. điên máu 🙄,Tức giận,Tình cảm,"Nghe mà tức dùm á 😡 Bực như vậy mà không nói gì mới lạ, bạn phản ứng bình thường thôi. Bơ đi mà sống, để bụng chỉ tổ mệt mình. Mình tin bạn sẽ xử lý được thôi."
"Run ko chịu được quá, kh bt cách tiết kiệm tiền hiệu quả 🥲",Lo âu,Cuộc sống,"Hít thở sâu vào nào. Áp lực như vậy ai gặp cũng rén thôi, bạn không có gì sai cả. Ghi ra giấy những gì đang lo, ưu tiên từng cái. Mình tin bạn sẽ vượt qua được."
"Má ơi bị sếp ép deadline vô lý kh có lý do, muốn bùng cháy 😡",Tức giận,Công việc,"Hạ hỏa trước nào! Thiệt là củ chuối không chịu được. Đừng vội phản ứng lúc này, giận quá dễ nói sai. Thả lỏng ra nào!"
"Ae tư vấn giúp, đang đi đường thì bị xe tạt nước vào ng thì nên làm sao? cay thật sự",Tức giận,Cuộc sống,"Nghe mà tức dùm á 😡 Sự bực bội của bạn hoàn toàn chính đáng. Đừng vội phản ứng lúc này, giận quá dễ nói sai. Thả lỏng ra nào!"
Ko biết cách tiết kiệm tiền hiệu quả làm dạo này hồi hộp quá 😱,Lo âu,Cuộc sống,"Nghe mình này nhé, Lo âu kiểu này ai cũng hiểu, đừng tự trách bản thân nhé. Chia nhỏ vấn đề ra, xử lý từng bước một nhé. Mình tin bạn sẽ vượt qua được."
"Ủa mà team bị giảm nhân sự, mình ph gánh thêm việc, đổ mồ hôi hột 😥",Lo âu,Công việc,"Ổn thôi bạn ơi, Lo âu kiểu này ai cũng hiểu, đừng tự trách bản thân nhé. Chia nhỏ vấn đề ra, xử lý từng bước một nhé. Bước qua được rồi sẽ thấy mình lớn hơn đó."
"Thiệt tình áp lực kpi tháng này cao quá, sợ ko đạt. tim đập thình thịch huhu",Lo âu,Công việc,"Hít thở sâu vào nào. Cảm giác không kiểm soát được mọi thứ thật sự khó chịu. Ghi ra giấy những gì đang lo, ưu tiên từng cái. Đừng quá nghiêm khắc với bản thân nhé."
"Ae tư vấn giúp, chi tiêu tháng này lố quá, không bt xoay sở sao thì nên làm sao? rén ngang",Lo âu,Cuộc sống,"Hít thở sâu vào nào. Mình hiểu bạn đang lo lắng lắm. Uống ly nước ấm, nghỉ một chút rồi tiếp tục. Đừng quá nghiêm khắc với bản thân nhé."
"tủi thân quá, cảm thấy mình không xứng vs ng ta 😞",Buồn bã,Tình cảm,"Chia buồn cùng bạn. Mình rất tiếc khi nghe điều này. Bước ra ngoài đi dạo một chút, không khí tươi cũng giúp được phần nào. Mạnh lên nghen!"
Thiệt tình nghĩ về tương lai thấy mông lung quá. tim đập thình thịch 😭,Lo âu,Cuộc sống,"Ổn thôi bạn ơi, Áp lực như vậy ai gặp cũng rén thôi, bạn không có gì sai cả. Chia nhỏ vấn đề ra, xử lý từng bước một nhé. Bước qua được rồi sẽ thấy mình lớn hơn đó."
Thiệt tình người yêu liên tục đến trễ mà ko xin lỗi. sôi máu 🙄,Tức giận,Tình cảm,"Nghe mà tức dùm á 😡 Nghe mà mình cũng thấy khó chịu theo, bạn có lý mà. Đừng vội phản ứng lúc này, giận quá dễ nói sai. Nghĩ chuyện vui cho đỡ tức nhé."
"áp lực KPI tháng này cao quá, sợ không đạt làm ủa mà hoang mang tột độ 😭",Lo âu,Công việc,Bình tĩnh nào! Mình hiểu bạn đang lo lắng lắm. Nói chuyện với ai đó bạn tin tưởng — đôi khi chỉ cần kể ra là nhẹ hơn nhiều. Mình tin bạn sẽ vượt qua được.
"Tao nuôi con mèo bao năm mà nó đi mất, chán nản thật sự 😔",Buồn bã,Cuộc sống,Chia buồn cùng bạn. Mình rất tiếc khi nghe điều này. Gọi cho bạn thân trút bầu tâm sự nha. Ngày mai trời sẽ sáng hơn hôm nay.
"Ae tư vấn giúp, cảm thấy mình kh xứng vs người ta thì nên làm sao? thất vọng toàn tập",Buồn bã,Tình cảm,"Chia buồn cùng bạn. Mình rất tiếc khi nghe điều này. Đừng thu mình lại, có mình ở đây mà. Ngày mai trời sẽ sáng hơn hôm nay."
Nhìn cảnh nhà ng ta hạnh phúc mà tủi thân làm ae ơi buồn thiu 🥀,Buồn bã,Cuộc sống,"Lại đây tâm sự với mình nào. Buồn như vậy là hoàn toàn bình thường, đừng cố kìm lại. Cứ cho phép bản thân nghỉ ngơi vài ngày. Ngày mai trời sẽ sáng hơn hôm nay."
Thiệt tình nghĩ về tương lai thấy mông lung quá. hồi hộp quá huhu,Lo âu,Cuộc sống,Từ từ đã bạn ơi. Cảm giác không kiểm soát được mọi thứ thật sự khó chịu. Nói chuyện với ai đó bạn tin tưởng — đôi khi chỉ cần kể ra là nhẹ hơn nhiều. Mọi chuyện rồi sẽ ổn thôi!
Cảm thấy cô đơn lạc lõng giữa đám đông làm ae ơi thất vọng toàn tập 😢,Buồn bã,Cuộc sống,Thương bạn quá. Những lúc như này mới thấy cuộc sống không phải lúc nào cũng dễ. Cứ cho phép bản thân nghỉ ngơi vài ngày. Thời gian sẽ chữa lành mọi thứ.
"Ae tư vấn giúp, sếp khen project mới làm tốt trước toàn công ty thì nên làm sao? hạnh phúc quá 🎉",Vui vẻ,Công việc,Wow xịn xò vậy! Thấy bạn vui mình cũng phấn chấn theo. Chia sẻ tin này với người thân đi nào. Quá xá đã!
"Ae tư vấn giúp, gia đình hối thúc chuyện cưới xin thì nên làm sao? run ko chịu được 🥲",Lo âu,Tình cảm,"Bình tĩnh nào! Mình biết bạn đang cố gắng hết sức rồi. Tắt thông báo điện thoại một lúc, tập trung vào đúng 1 việc thôi. Cố lên nha!"
"tê tái quá, không hòa nhập được với văn hóa công ty mới 🥀",Buồn bã,Công việc,Lại đây tâm sự với mình nào. Chuyện đó thật sự khiến người ta hụt hẫng nhiều. Cứ cho phép bản thân nghỉ ngơi vài ngày. Mọi chuyện rồi sẽ qua thôi.
"Tức á quá, nhắn tin cả ngày mà không thèm đọc nhưng vẫn online 🔥",Tức giận,Tình cảm,"Thở ra đi, thở ra. Gặp chuyện đó ai mà không điên tiết. Hít thở sâu 10 cái rồi tính tiếp. Nghĩ chuyện vui cho đỡ tức nhé."
"t bị bắt nạt ở trường, bị đánh mỗi ngày, kh dám đi học",Bạo hành,Khủng hoảng,"Mình rất lo khi nghe điều này. Sự an toàn của bạn là quan trọng nhất. Hãy gọi 111 để được hỗ trợ ngay lập tức — miễn phí, bảo mật, 24/7. Đừng chịu đựng một mình."
"Tao bạn mượn tiền lâu rồi mà cứ quên trả, tức á",Tức giận,Cuộc sống,Uống ngụm nước lạnh đi đã. Gặp chuyện đó ai mà không điên tiết. Viết ra hết cảm xúc bực bội vào giấy rồi xé đi — nhẹ lòng lắm đó. Thả lỏng ra nào!
"Thất vọng toàn tập quá, bị rớt môn dù đã cố gắng học 🥀",Buồn bã,Học tập,"Thương bạn quá. Ai gặp phải cũng đau lòng thôi, bạn không có gì sai. Gọi cho bạn thân trút bầu tâm sự nha. Mạnh lên nghen!"
"Ae tư vấn giúp, chờ mãi ko thấy người ấy rep tin nhắn thì nên làm sao? run ko chịu được 😭",Lo âu,Tình cảm,"Bình tĩnh nào! Mình hiểu bạn đang lo lắng lắm. Uống ly nước ấm, nghỉ một chút rồi tiếp tục. Bước qua được rồi sẽ thấy mình lớn hơn đó."
"Cay thật sự quá, bạn mượn tiền lâu r mà cứ quên trả 😤",Tức giận,Cuộc sống,"Hạ hỏa trước nào! Đúng là có những chuyện không thể bỏ qua được. Đừng vội phản ứng lúc này, giận quá dễ nói sai. Đừng để chuyện bực mình làm hỏng cả ngày."
"Hôm nay điểm thi thử thấp quá, sợ thi thật sẽ tệ hơn, rén ngang 😥",Lo âu,Học tập,"Bình tĩnh nào! Mình hiểu bạn đang lo lắng lắm. Uống ly nước ấm, nghỉ một chút rồi tiếp tục. Cố lên nha!"
Thiệt tình hôm nay kỷ niệm một năm yêu nhau. yêu đời hẳn =)),Vui vẻ,Tình cảm,Đỉnh thật sự! Đúng là ngày may mắn của bạn rồi. Đây là động lực để bạn tiếp tục cố gắng những thứ khác nữa đó. Tiến lên thôi!
Thiệt tình phát hiện người yêu nói dối. giận tím người,Tức giận,Tình cảm,"Thở ra đi, thở ra. Thiệt là củ chuối không chịu được. Bơ đi mà sống, để bụng chỉ tổ mệt mình. Nghĩ chuyện vui cho đỡ tức nhé."
"Hôm nay áp lực KPI tháng này cao quá, sợ không đạt, bất an ghê 😭",Lo âu,Công việc,"Từ từ đã bạn ơi. Áp lực như vậy ai gặp cũng rén thôi, bạn không có gì sai cả. Cứ làm hết sức mình, kết quả ra sao cũng không hối hận. Mọi chuyện rồi sẽ ổn thôi!"
Bị bom hàng sau khi chờ cả tuần 😤,Tức giận,Cuộc sống,"Thở ra đi, thở ra. Gặp chuyện đó ai mà không điên tiết. Viết ra hết cảm xúc bực bội vào giấy rồi xé đi — nhẹ lòng lắm đó. Bỏ qua cho nhẹ đầu nhé."
Thiệt tình chuẩn bị tỏ tình mà sợ bị từ chối. hồi hộp quá 😱,Lo âu,Tình cảm,"Nghe mình này nhé, Cảm giác không kiểm soát được mọi thứ thật sự khó chịu. Cứ làm hết sức mình, kết quả ra sao cũng không hối hận. Mình tin bạn sẽ vượt qua được."
"điểm thi thử thấp quá, sợ thi thật sẽ tệ hơn làm hôm nay run không chịu được 😱",Lo âu,Học tập,Từ từ đã bạn ơi. Cảm giác bất an như vậy thật sự rất nặng nề. Nói chuyện với ai đó bạn tin tưởng — đôi khi chỉ cần kể ra là nhẹ hơn nhiều. Cố lên nha!
Thiệt tình hôm nay kỷ niệm một năm yêu nhau. phê 😎,Vui vẻ,Tình cảm,Đỉnh thật sự! Thấy bạn vui mình cũng phấn chấn theo. Chia sẻ tin này với người thân đi nào. Quá xá đã!
"Dạo này ăn được món ngon đúng ý sau bao ngày thèm, phấn khích 🤩",Vui vẻ,Cuộc sống,Đỉnh thật sự! Đúng là ngày may mắn của bạn rồi. Nhớ tự thưởng một chầu ăn ngon nhé. Quá xá đã!
"Ae ơi người yêu tặng quà bất ngờ, phấn khích ✨",Vui vẻ,Tình cảm,Đỉnh thật sự! Niềm vui này xứng đáng được lan tỏa! Nhớ tự thưởng một chầu ăn ngon nhé. Mình tự hào về bạn lắm!
học ngày học đêm mà điểm vẫn lẹt đẹt làm tao tê tái haiz,Buồn bã,Học tập,"Lại đây tâm sự với mình nào. Ai gặp phải cũng đau lòng thôi, bạn không có gì sai. Bước ra ngoài đi dạo một chút, không khí tươi cũng giúp được phần nào. Mạnh lên nghen!"
"Ae tư vấn giúp, đồ án bị bắt làm lại từ đầu vì lý do mơ hồ thì nên làm sao? cay thật sự 💢",Tức giận,Học tập,"Uống ngụm nước lạnh đi đã. Bực như vậy mà không nói gì mới lạ, bạn phản ứng bình thường thôi. Đừng vội phản ứng lúc này, giận quá dễ nói sai. Thả lỏng ra nào!"
Chờ mãi không thấy người ấy rep tin nhắn làm chời ơi hồi hộp quá ...,Lo âu,Tình cảm,"Ổn thôi bạn ơi, Mình biết bạn đang cố gắng hết sức rồi. Ghi ra giấy những gì đang lo, ưu tiên từng cái. Cố lên nha!"
"Ae tư vấn giúp, crush vừa công khai ng yêu mới thì nên làm sao? thất vọng toàn tập",Buồn bã,Tình cảm,"Lại đây tâm sự với mình nào. Buồn như vậy là hoàn toàn bình thường, đừng cố kìm lại. Đừng thu mình lại, có mình ở đây mà. Mình luôn ở đây lắng nghe."
Tôi bị người trong họ hàng lạm dụng tình dục từ nhỏ nhưng không ai tin.,Bạo hành,Khủng hoảng,"Mình rất lo khi nghe điều này. Sự an toàn của bạn là quan trọng nhất. Hãy gọi 111 để được hỗ trợ ngay lập tức — miễn phí, bảo mật, 24/7. Đừng chịu đựng một mình."
"Ae tư vấn giúp, học ngày học đêm mà điểm vẫn lẹt đẹt thì nên làm sao? muốn khóc 🥀",Buồn bã,Học tập,"Mình ở đây rồi, cứ nói ra đi. Buồn như vậy là hoàn toàn bình thường, đừng cố kìm lại. Bật nhạc nhẹ hoặc xem phim cho khuây khỏa. Ngày mai trời sẽ sáng hơn hôm nay."
"điên máu quá, đã dặn k ăn hành mà vẫn bỏ nguyên đống vào 🙄",Tức giận,Cuộc sống,Uống ngụm nước lạnh đi đã. Sự bực bội của bạn hoàn toàn chính đáng. Hít thở sâu 10 cái rồi tính tiếp. Nghĩ chuyện vui cho đỡ tức nhé.
"Tui hôm nay xử lý được bug khó mà cả team đều bó tay, hạnh phúc quá",Vui vẻ,Công việc,Wow xịn xò vậy! Cái cảm giác sau bao ngày chờ đợi giờ thành sự thật đỉnh lắm! Nhớ tự thưởng một chầu ăn ngon nhé. Yomost lun nha!
Chờ mãi k thấy ng ấy rep tin nhắn làm tự nhiên lo lắng thật sự huhu,Lo âu,Tình cảm,"Hít thở sâu vào nào. Mình hiểu bạn đang lo lắng lắm. Cứ làm hết sức mình, kết quả ra sao cũng không hối hận. Mọi chuyện rồi sẽ ổn thôi!"
"Ae tư vấn giúp, chọn sai ngành, không biết có nên đổi kh thì nên làm sao? lo lắng thật sự ...",Lo âu,Học tập,"Ổn thôi bạn ơi, Cảm giác bất an như vậy thật sự rất nặng nề. Uống ly nước ấm, nghỉ một chút rồi tiếp tục. Bước qua được rồi sẽ thấy mình lớn hơn đó."
"Sôi máu quá, đồ án bị bắt làm lại từ đầu vì lý do mơ hồ 🔥",Tức giận,Học tập,Nghe mà tức dùm á 😡 Thiệt là củ chuối không chịu được. Viết ra hết cảm xúc bực bội vào giấy rồi xé đi — nhẹ lòng lắm đó. Nghĩ chuyện vui cho đỡ tức nhé.
"Má ơi bị rớt môn dù đã cố gắng học, tủi thân",Buồn bã,Học tập,"Chia buồn cùng bạn. Ai gặp phải cũng đau lòng thôi, bạn không có gì sai. Gọi cho bạn thân trút bầu tâm sự nha. Thời gian sẽ chữa lành mọi thứ."
"Hôm nay ng yêu liên tục đến trễ mà ko xin lỗi, giận tím người 💢",Tức giận,Tình cảm,"Nghe mà tức dùm á 😡 Đúng là có những chuyện không thể bỏ qua được. Xả stress đi, đi dạo hay đấm gối cũng được. Bỏ qua cho nhẹ đầu nhé."
"Thất vọng toàn tập quá, cảm thấy mình học kém hơn bạn bè rất nhiều 😞",Buồn bã,Học tập,"Thương bạn quá. Chuyện đó thật sự khiến người ta hụt hẫng nhiều. Bước ra ngoài đi dạo một chút, không khí tươi cũng giúp được phần nào. Thời gian sẽ chữa lành mọi thứ."
Chuẩn bị bảo vệ luận văn mà chưa ôn kỹ làm hôm nay rén ngang 🥲,Lo âu,Học tập,"Từ từ đã bạn ơi. Lo âu kiểu này ai cũng hiểu, đừng tự trách bản thân nhé. Nói chuyện với ai đó bạn tin tưởng — đôi khi chỉ cần kể ra là nhẹ hơn nhiều. Đừng quá nghiêm khắc với bản thân nhé."
Thiệt tình gia đình hối thúc chuyện cưới xin. đổ mồ hôi hột 😰,Lo âu,Tình cảm,"Từ từ đã bạn ơi. Mình biết bạn đang cố gắng hết sức rồi. Cứ làm hết sức mình, kết quả ra sao cũng không hối hận. Mình tin bạn sẽ vượt qua được."
Chờ mãi không thấy người ấy rep tin nhắn làm mn ơi hồi hộp quá 😭,Lo âu,Tình cảm,"Nghe mình này nhé, Lo âu kiểu này ai cũng hiểu, đừng tự trách bản thân nhé. Thử đặt deadline nhỏ cho từng việc, đừng nhìn cả đống cùng lúc. Mọi chuyện rồi sẽ ổn thôi!"
Không ai trong nhóm bạn hiểu mình 🥀,Buồn bã,Cuộc sống,"Ôm bạn một cái nha. Buồn như vậy là hoàn toàn bình thường, đừng cố kìm lại. Bước ra ngoài đi dạo một chút, không khí tươi cũng giúp được phần nào. Mình luôn ở đây lắng nghe."
lo lắng kh bt mối quan hệ này có tương lai không 😭,Lo âu,Tình cảm,"Bình tĩnh nào! Mình biết bạn đang cố gắng hết sức rồi. Thử đặt deadline nhỏ cho từng việc, đừng nhìn cả đống cùng lúc. Mình tin bạn sẽ vượt qua được."
Đang đi đường thì bị xe tạt nước vào ng làm tui muốn bùng cháy 😡,Tức giận,Cuộc sống,Hiểu sự bức xúc của bạn luôn! Gặp chuyện đó ai mà không điên tiết. Viết ra hết cảm xúc bực bội vào giấy rồi xé đi — nhẹ lòng lắm đó. Nghĩ chuyện vui cho đỡ tức nhé.
"Ae tư vấn giúp, chọn sai ngành, k bt có nên đổi kh thì nên làm sao? run không chịu đc 😰",Lo âu,Học tập,"Bình tĩnh nào! Mình biết bạn đang cố gắng hết sức rồi. Thử đặt deadline nhỏ cho từng việc, đừng nhìn cả đống cùng lúc. Mọi chuyện rồi sẽ ổn thôi!"
"tê tái quá, bị rớt môn dù đã cố gắng học 💔",Buồn bã,Học tập,"Lại đây tâm sự với mình nào. Buồn như vậy là hoàn toàn bình thường, đừng cố kìm lại. Buồn thì cứ khóc ra cho nhẹ lòng, đừng cố nuốt vào. Thời gian sẽ chữa lành mọi thứ."
"Ae tư vấn giúp, đc crush rủ đi chơi cuối tuần thì nên làm sao? phê 🤩",Vui vẻ,Tình cảm,Đỉnh thật sự! Cái cảm giác sau bao ngày chờ đợi giờ thành sự thật đỉnh lắm! Tận hưởng khoảnh khắc này đến cùng nhé. Tiến lên thôi!
"Ae ơi vừa chốt được hợp đồng lớn sau bao ngày nỗ lực, yêu đời hẳn",Vui vẻ,Công việc,Nghe mà vui lây luôn! Kết quả này là thành quả xứng đáng từ nỗ lực của bạn. Lưu lại khoảnh khắc này để sau nhìn lại vẫn còn thấy vui. Tiến lên thôi!
"Chán nản thật sự quá, cảm thấy mình học kém hơn bạn bè rất nhiều 💔",Buồn bã,Học tập,Thương bạn quá. Mình rất tiếc khi nghe điều này. Cứ cho phép bản thân nghỉ ngơi vài ngày. Mình luôn ở đây lắng nghe.
Bị overthinking trước khi ngủ ko tắt dc 😭,Lo âu,Cuộc sống,"Hít thở sâu vào nào. Áp lực như vậy ai gặp cũng rén thôi, bạn không có gì sai cả. Ghi ra giấy những gì đang lo, ưu tiên từng cái. Mọi chuyện rồi sẽ ổn thôi!"
"Con tôi 7 tuổi bị hàng xóm xâm hại, tôi cần báo cơ quan chức năng gấp.",Bạo hành,Khủng hoảng,"Bạn đang ở trong tình huống nguy hiểm và không ai có quyền bạo hành bạn. Gọi ngay Tổng đài 111 (miễn phí, 24/7) hoặc 1900 969 680 để được hỗ trợ. Nếu nguy hiểm tính mạng, gọi 113 ngay."
"Má ơi đồ án bị bắt làm lại từ đầu vì lý do mơ hồ, muốn bùng cháy 🔥",Tức giận,Học tập,Nghe mà tức dùm á 😡 Đúng là có những chuyện không thể bỏ qua được. Viết ra hết cảm xúc bực bội vào giấy rồi xé đi — nhẹ lòng lắm đó. Mình tin bạn sẽ xử lý được thôi.
xe hỏng giữa đường đúng lúc đang vội nhất làm hôm nay cay thật sự 😡,Tức giận,Cuộc sống,"Thở ra đi, thở ra. Bực như vậy mà không nói gì mới lạ, bạn phản ứng bình thường thôi. Đợi nguôi rồi hẵng nói chuyện lại, lúc đó mới xử lý được bình tĩnh hơn. Nghĩ chuyện vui cho đỡ tức nhé."
Thiệt tình bị sếp la trước mặt cả phòng. chán nản thật sự,Buồn bã,Công việc,"Ôm bạn một cái nha. Ai gặp phải cũng đau lòng thôi, bạn không có gì sai. Bước ra ngoài đi dạo một chút, không khí tươi cũng giúp được phần nào. Mình luôn ở đây lắng nghe."
"Ae tư vấn giúp, crush vừa công khai ng yêu mới thì nên làm sao? chán nản thật sự 😔",Buồn bã,Tình cảm,"Mình ở đây rồi, cứ nói ra đi. Những lúc như này mới thấy cuộc sống không phải lúc nào cũng dễ. Buồn thì cứ khóc ra cho nhẹ lòng, đừng cố nuốt vào. Mình luôn ở đây lắng nghe."
"Dạo này cảm thấy cô đơn lạc lõng giữa đám đông, buồn thiu haiz",Buồn bã,Cuộc sống,"Lại đây tâm sự với mình nào. Buồn như vậy là hoàn toàn bình thường, đừng cố kìm lại. Gọi cho bạn thân trút bầu tâm sự nha. Ngày mai trời sẽ sáng hơn hôm nay."
"Tao bị đồng nghiệp đổ lỗi cho mình trước mặt sếp, tức á 🤬",Tức giận,Công việc,"Uống ngụm nước lạnh đi đã. Thiệt là củ chuối không chịu được. Đừng vội phản ứng lúc này, giận quá dễ nói sai. Đừng để chuyện bực mình làm hỏng cả ngày."
"yêu đời hẳn quá, ng yêu tặng quà bất ngờ",Vui vẻ,Tình cảm,Chúc mừng bạn nhé 🎉 Cái cảm giác sau bao ngày chờ đợi giờ thành sự thật đỉnh lắm! Nhớ tự thưởng một chầu ăn ngon nhé. Tiến lên thôi!
Thiệt tình không ai trong nhóm bạn hiểu mình. muốn khóc 😢,Buồn bã,Cuộc sống,"Ôm bạn một cái nha. Buồn như vậy là hoàn toàn bình thường, đừng cố kìm lại. Bật nhạc nhẹ hoặc xem phim cho khuây khỏa. Mình luôn ở đây lắng nghe."
Bị sếp la trước mặt cả phòng haiz,Buồn bã,Công việc,"Ôm bạn một cái nha. Những lúc như này mới thấy cuộc sống không phải lúc nào cũng dễ. Buồn thì cứ khóc ra cho nhẹ lòng, đừng cố nuốt vào. Thời gian sẽ chữa lành mọi thứ."
"Tự nhiên bị hủy hẹn đi chơi phút chót kh có lý do, giận tím người 💢",Tức giận,Tình cảm,"Thở ra đi, thở ra. Nghe mà mình cũng thấy khó chịu theo, bạn có lý mà. Hít thở sâu 10 cái rồi tính tiếp. Thả lỏng ra nào!"
"Dạo này đang thi online thì rớt mạng mất cả bài, điên máu",Tức giận,Học tập,"Thở ra đi, thở ra. Nghe mà mình cũng thấy khó chịu theo, bạn có lý mà. Đợi nguôi rồi hẵng nói chuyện lại, lúc đó mới xử lý được bình tĩnh hơn. Thả lỏng ra nào!"
Thiệt tình chuẩn bị tỏ tình mà sợ bị từ chối. bất an ghê huhu,Lo âu,Tình cảm,"Ổn thôi bạn ơi, Áp lực như vậy ai gặp cũng rén thôi, bạn không có gì sai cả. Ghi ra giấy những gì đang lo, ưu tiên từng cái. Mọi chuyện rồi sẽ ổn thôi!"
"Tui người yêu tặng quà bất ngờ, kh thể tin được 🤩",Vui vẻ,Tình cảm,Nghe mà vui lây luôn! Bao nhiêu cố gắng cuối cùng đã được đền đáp. Chia sẻ tin này với người thân đi nào. Tiến lên thôi!
"Vui xỉu quá, giải quyết xong đống task tồn đọng cả tuần",Vui vẻ,Công việc,Đỉnh thật sự! Niềm vui này xứng đáng được lan tỏa! Cứ giữ phong độ và tiếp tục phát huy! Chúc bạn luôn giữ năng lượng tích cực!
Thiệt tình kh ai trong nhóm bạn hiểu mình. tê tái 💔,Buồn bã,Cuộc sống,"Mình ở đây rồi, cứ nói ra đi. Cảm giác đó nặng nề lắm, bạn không sao cả. Bước ra ngoài đi dạo một chút, không khí tươi cũng giúp được phần nào. Mọi chuyện rồi sẽ qua thôi."
"Bất an ghê quá, chờ mãi k thấy người ấy rep tin nhắn ...",Lo âu,Tình cảm,"Hít thở sâu vào nào. Lo âu kiểu này ai cũng hiểu, đừng tự trách bản thân nhé. Uống ly nước ấm, nghỉ một chút rồi tiếp tục. Mọi chuyện rồi sẽ ổn thôi!"
Đang thi online thì rớt mạng mất cả bài 🔥,Tức giận,Học tập,"Uống ngụm nước lạnh đi đã. Sự bực bội của bạn hoàn toàn chính đáng. Bơ đi mà sống, để bụng chỉ tổ mệt mình. Thả lỏng ra nào!"
"Dạo này làm việc cật lực mà không dc ghi nhận, tê tái 😞",Buồn bã,Công việc,"Ôm bạn một cái nha. Chuyện đó thật sự khiến người ta hụt hẫng nhiều. Bước ra ngoài đi dạo một chút, không khí tươi cũng giúp được phần nào. Thời gian sẽ chữa lành mọi thứ."
Ph làm bù việc của mấy đứa lười trong team 🙄,Tức giận,Công việc,"Nghe mà tức dùm á 😡 Bực như vậy mà không nói gì mới lạ, bạn phản ứng bình thường thôi. Hít thở sâu 10 cái rồi tính tiếp. Thả lỏng ra nào!"
Thiệt tình pass môn khó nhất học kỳ rồi. hạnh phúc quá 🤩,Vui vẻ,Học tập,Wow xịn xò vậy! Bao nhiêu cố gắng cuối cùng đã được đền đáp. Lưu lại khoảnh khắc này để sau nhìn lại vẫn còn thấy vui. Chúc bạn luôn giữ năng lượng tích cực!
bị trừ lương vì một lỗi nhỏ làm ae ơi muốn khóc 😞,Buồn bã,Công việc,"Ôm bạn một cái nha. Ai gặp phải cũng đau lòng thôi, bạn không có gì sai. Đừng thu mình lại, có mình ở đây mà. Ngày mai trời sẽ sáng hơn hôm nay."
Hai đứa vừa giải quyết dc hiểu lầm hồi lâu làm hôm nay phấn khích 🥰,Vui vẻ,Tình cảm,Wow xịn xò vậy! Kết quả này là thành quả xứng đáng từ nỗ lực của bạn. Tận hưởng khoảnh khắc này đến cùng nhé. Chúc bạn luôn giữ năng lượng tích cực!
Đc thầy khen bài luận trước lớp làm tui sướng rơn 😎,Vui vẻ,Học tập,Tuyệt vời quá! Niềm vui này xứng đáng được lan tỏa! Chia sẻ tin này với người thân đi nào. Tiến lên thôi!
Bị dọa rớt môn nếu điểm thi k đạt 😰,Lo âu,Học tập,"Từ từ đã bạn ơi. Cảm giác không kiểm soát được mọi thứ thật sự khó chịu. Cứ làm hết sức mình, kết quả ra sao cũng không hối hận. Bước qua được rồi sẽ thấy mình lớn hơn đó."
"Ae tư vấn giúp, bị overthinking trước khi ngủ không tắt được thì nên làm sao? lo lắng thật sự 😭",Lo âu,Cuộc sống,"Ổn thôi bạn ơi, Cảm giác không kiểm soát được mọi thứ thật sự khó chịu. Cứ làm hết sức mình, kết quả ra sao cũng không hối hận. Cố lên nha!"
"Dạo này bị overthinking trước khi ngủ không tắt được, run ko chịu đc ...",Lo âu,Cuộc sống,"Ổn thôi bạn ơi, Cảm giác bất an như vậy thật sự rất nặng nề. Thử đặt deadline nhỏ cho từng việc, đừng nhìn cả đống cùng lúc. Bước qua được rồi sẽ thấy mình lớn hơn đó."
"Rén ngang quá, sắp tới deadline mà chưa làm dc chữ nào huhu",Lo âu,Công việc,"Từ từ đã bạn ơi. Lo âu kiểu này ai cũng hiểu, đừng tự trách bản thân nhé. Cứ làm hết sức mình, kết quả ra sao cũng không hối hận. Mình tin bạn sẽ vượt qua được."
Thiệt tình mọi thứ dạo này cứ xui xẻo liên tục. muốn khóc,Buồn bã,Cuộc sống,"Chia buồn cùng bạn. Mình rất tiếc khi nghe điều này. Đừng thu mình lại, có mình ở đây mà. Mạnh lên nghen!"
"Tui khách hàng dời lịch họp sát giờ mà không báo trước, sôi máu 😡",Tức giận,Công việc,Uống ngụm nước lạnh đi đã. Sự bực bội của bạn hoàn toàn chính đáng. Viết ra hết cảm xúc bực bội vào giấy rồi xé đi — nhẹ lòng lắm đó. Nghĩ chuyện vui cho đỡ tức nhé.
Đồ án bị bắt làm lại từ đầu vì lý do mơ hồ làm mn ơi muốn bùng cháy 🤬,Tức giận,Học tập,Hiểu sự bức xúc của bạn luôn! Sự bực bội của bạn hoàn toàn chính đáng. Hít thở sâu 10 cái rồi tính tiếp. Thả lỏng ra nào!
Khách hàng dời lịch họp sát giờ mà k báo trước làm ae ơi sôi máu 🙄,Tức giận,Công việc,"Nghe mà tức dùm á 😡 Bực như vậy mà không nói gì mới lạ, bạn phản ứng bình thường thôi. Hít thở sâu 10 cái rồi tính tiếp. Mình tin bạn sẽ xử lý được thôi."
"Cay thật sự quá, điểm bị chấm sai mà kh được phúc khảo",Tức giận,Học tập,"Nghe mà tức dùm á 😡 Gặp chuyện đó ai mà không điên tiết. Đợi nguôi rồi hẵng nói chuyện lại, lúc đó mới xử lý được bình tĩnh hơn. Nghĩ chuyện vui cho đỡ tức nhé."
"Ae tư vấn giúp, đang thi online thì rớt mạng mất cả bài thì nên làm sao? giận tím ng 😤",Tức giận,Học tập,"Thở ra đi, thở ra. Nghe mà mình cũng thấy khó chịu theo, bạn có lý mà. Đừng vội phản ứng lúc này, giận quá dễ nói sai. Đừng để chuyện bực mình làm hỏng cả ngày."
Thiệt tình bị đồng nghiệp đổ lỗi cho mình trước mặt sếp. muốn bùng cháy 🙄,Tức giận,Công việc,Hạ hỏa trước nào! Đúng là có những chuyện không thể bỏ qua được. Viết ra hết cảm xúc bực bội vào giấy rồi xé đi — nhẹ lòng lắm đó. Đừng để chuyện bực mình làm hỏng cả ngày.
Chờ mãi không thấy người ấy rep tin nhắn 🥲,Lo âu,Tình cảm,"Ổn thôi bạn ơi, Mình hiểu bạn đang lo lắng lắm. Ghi ra giấy những gì đang lo, ưu tiên từng cái. Mọi chuyện rồi sẽ ổn thôi!"
Học bổng về tài khoản rùi làm tự nhiên vui xỉu 🥰,Vui vẻ,Học tập,Tuyệt vời quá! Thấy bạn vui mình cũng phấn chấn theo. Cứ giữ phong độ và tiếp tục phát huy! Chúc bạn luôn giữ năng lượng tích cực!
"Ae tư vấn giúp, dc crush rủ đi chơi cuối tuần thì nên làm sao? vui xỉu 🎉",Vui vẻ,Tình cảm,Nghe mà vui lây luôn! Thấy bạn vui mình cũng phấn chấn theo. Chia sẻ tin này với người thân đi nào. Yomost lun nha!
"Mình bị đình chỉ thi vì vi phạm nội quy, tê tái 😞",Buồn bã,Học tập,"Thương bạn quá. Cảm giác đó nặng nề lắm, bạn không sao cả. Bật nhạc nhẹ hoặc xem phim cho khuây khỏa. Mọi chuyện rồi sẽ qua thôi."
Thiệt tình tài khoản cạn tiền mà tháng còn dài. hoang mang tột độ 😥,Lo âu,Cuộc sống,"Bình tĩnh nào! Mình biết bạn đang cố gắng hết sức rồi. Ghi ra giấy những gì đang lo, ưu tiên từng cái. Mọi chuyện rồi sẽ ổn thôi!"
mấy đứa bạo lực học đường xây clip mình bị đánh rồi đăng lên mạng,Bạo hành,Khủng hoảng,"Mình rất lo khi nghe điều này. Sự an toàn của bạn là quan trọng nhất. Hãy gọi 111 để được hỗ trợ ngay lập tức — miễn phí, bảo mật, 24/7. Đừng chịu đựng một mình."
"nay đi đường không bị tắc, đến nơi sớm hơn =))",Vui vẻ,Cuộc sống,Tuyệt vời quá! Niềm vui này xứng đáng được lan tỏa! Cứ giữ phong độ và tiếp tục phát huy! Mình tự hào về bạn lắm!
Thiệt tình gõ xong đoạn code dài mà cúp điện mất hết. điên máu 🙄,Tức giận,Công việc,"Hạ hỏa trước nào! Thiệt là củ chuối không chịu được. Đừng vội phản ứng lúc này, giận quá dễ nói sai. Đừng để chuyện bực mình làm hỏng cả ngày."
"Ủa mà bị đồng nghiệp đổ lỗi cho mình trước mặt sếp, tức á 😡",Tức giận,Công việc,Hiểu sự bức xúc của bạn luôn! Thiệt là củ chuối không chịu được. Viết ra hết cảm xúc bực bội vào giấy rồi xé đi — nhẹ lòng lắm đó. Mình tin bạn sẽ xử lý được thôi.
Không ai trong nhóm bạn hiểu mình haiz,Buồn bã,Cuộc sống,"Mình ở đây rồi, cứ nói ra đi. Mình rất tiếc khi nghe điều này. Buồn thì cứ khóc ra cho nhẹ lòng, đừng cố nuốt vào. Mình luôn ở đây lắng nghe."
"hoang mang tột độ quá, bị giao dự án mới mà chưa có kinh nghiệm gì huhu",Lo âu,Công việc,"Từ từ đã bạn ơi. Mình hiểu bạn đang lo lắng lắm. Cứ làm hết sức mình, kết quả ra sao cũng không hối hận. Đừng quá nghiêm khắc với bản thân nhé."
"Ae tư vấn giúp, áp lực đồng trang lứa học giỏi hơn mình quá nhiều thì nên làm sao? lo lắng thật sự 😭",Lo âu,Học tập,"Ổn thôi bạn ơi, Lo âu kiểu này ai cũng hiểu, đừng tự trách bản thân nhé. Nói chuyện với ai đó bạn tin tưởng — đôi khi chỉ cần kể ra là nhẹ hơn nhiều. Mình tin bạn sẽ vượt qua được."
"Hôm nay thấy crush đi chơi vs người khác, run không chịu đc 😱",Lo âu,Tình cảm,"Ổn thôi bạn ơi, Cảm giác bất an như vậy thật sự rất nặng nề. Chia nhỏ vấn đề ra, xử lý từng bước một nhé. Mình tin bạn sẽ vượt qua được."
"cãi nhau với ng yêu, k bt có ổn không làm hôm nay chán nản thật sự",Buồn bã,Tình cảm,"Lại đây tâm sự với mình nào. Cảm giác đó nặng nề lắm, bạn không sao cả. Bước ra ngoài đi dạo một chút, không khí tươi cũng giúp được phần nào. Mọi chuyện rồi sẽ qua thôi."
"Tao ăn dc món ngon đúng ý sau bao ngày thèm, k thể tin đc ✨",Vui vẻ,Cuộc sống,Đỉnh thật sự! Kết quả này là thành quả xứng đáng từ nỗ lực của bạn. Chia sẻ tin này với người thân đi nào. Yomost lun nha!
Thiệt tình mọi thứ dạo này cứ xui xẻo liên tục. tủi thân 💔,Buồn bã,Cuộc sống,Lại đây tâm sự với mình nào. Chuyện đó thật sự khiến người ta hụt hẫng nhiều. Bật nhạc nhẹ hoặc xem phim cho khuây khỏa. Mọi chuyện rồi sẽ qua thôi.
"Team bị giảm nhân sự, mình phải gánh thêm việc huhu",Lo âu,Công việc,"Hít thở sâu vào nào. Mình hiểu bạn đang lo lắng lắm. Tắt thông báo điện thoại một lúc, tập trung vào đúng 1 việc thôi. Mọi chuyện rồi sẽ ổn thôi!"
"Thiệt tình nay đi đường k bị tắc, đến nơi sớm hơn. phấn khích 😎",Vui vẻ,Cuộc sống,Tuyệt vời quá! Bao nhiêu cố gắng cuối cùng đã được đền đáp. Chia sẻ tin này với người thân đi nào. Yomost lun nha!
"tủi thân quá, nhìn cảnh nhà người ta hạnh phúc mà tủi thân 😔",Buồn bã,Cuộc sống,"Ôm bạn một cái nha. Mình rất tiếc khi nghe điều này. Buồn thì cứ khóc ra cho nhẹ lòng, đừng cố nuốt vào. Mạnh lên nghen!"
"giận tím ng quá, bị bom hàng sau khi chờ cả tuần 😡",Tức giận,Cuộc sống,Nghe mà tức dùm á 😡 Sự bực bội của bạn hoàn toàn chính đáng. Viết ra hết cảm xúc bực bội vào giấy rồi xé đi — nhẹ lòng lắm đó. Đừng để chuyện bực mình làm hỏng cả ngày.
"Mình chuẩn bị tỏ tình mà sợ bị từ chối, hoang mang tột độ 😱",Lo âu,Tình cảm,"Hít thở sâu vào nào. Lo âu kiểu này ai cũng hiểu, đừng tự trách bản thân nhé. Uống ly nước ấm, nghỉ một chút rồi tiếp tục. Mọi chuyện rồi sẽ ổn thôi!"
"điên máu quá, bị sếp ép deadline vô lý không có lý do 😤",Tức giận,Công việc,Hạ hỏa trước nào! Gặp chuyện đó ai mà không điên tiết. Viết ra hết cảm xúc bực bội vào giấy rồi xé đi — nhẹ lòng lắm đó. Mình tin bạn sẽ xử lý được thôi.
"phê quá, hai đứa vừa giải quyết đc hiểu lầm hồi lâu 🎉",Vui vẻ,Tình cảm,Chúc mừng bạn nhé 🎉 Thấy bạn vui mình cũng phấn chấn theo. Đây là động lực để bạn tiếp tục cố gắng những thứ khác nữa đó. Yomost lun nha!
"Ủa mà cảm thấy mình học kém hơn bạn bè rất nhiều, chán nản thật sự 😞",Buồn bã,Học tập,"Mình ở đây rồi, cứ nói ra đi. Ai gặp phải cũng đau lòng thôi, bạn không có gì sai. Cứ cho phép bản thân nghỉ ngơi vài ngày. Thời gian sẽ chữa lành mọi thứ."
Thiệt tình khách hàng gửi email khen ngợi sản phẩm của mình. phấn khích 😆,Vui vẻ,Công việc,Tuyệt vời quá! Thấy bạn vui mình cũng phấn chấn theo. Tận hưởng khoảnh khắc này đến cùng nhé. Yomost lun nha!
"Ae ơi cảm thấy mình kh xứng với người ta, thất vọng toàn tập 🥀",Buồn bã,Tình cảm,Thương bạn quá. Mình rất tiếc khi nghe điều này. Gọi cho bạn thân trút bầu tâm sự nha. Mình luôn ở đây lắng nghe.
"Dạo này chốt đơn thành công món đồ ao ước bấy lâu, phấn khích ✨",Vui vẻ,Cuộc sống,Wow xịn xò vậy! Đúng là ngày may mắn của bạn rồi. Nhớ tự thưởng một chầu ăn ngon nhé. Yomost lun nha!
"Ae tư vấn giúp, điểm thi thử thấp quá, sợ thi thật sẽ tệ hơn thì nên làm sao? tim đập thình thịch ...",Lo âu,Học tập,"Từ từ đã bạn ơi. Lo âu kiểu này ai cũng hiểu, đừng tự trách bản thân nhé. Nói chuyện với ai đó bạn tin tưởng — đôi khi chỉ cần kể ra là nhẹ hơn nhiều. Cố lên nha!"
"Chời ơi đồ án bị bắt làm lại từ đầu vì lý do mơ hồ, tức á 🔥",Tức giận,Học tập,"Hạ hỏa trước nào! Bực như vậy mà không nói gì mới lạ, bạn phản ứng bình thường thôi. Đừng vội phản ứng lúc này, giận quá dễ nói sai. Thả lỏng ra nào!"
thấy crush đi chơi với ng khác,Lo âu,Tình cảm,"Nghe mình này nhé, Lo âu kiểu này ai cũng hiểu, đừng tự trách bản thân nhé. Cứ làm hết sức mình, kết quả ra sao cũng không hối hận. Đừng quá nghiêm khắc với bản thân nhé."
"Mn ơi pass môn khó nhất học kỳ rùi, phấn khích 😎",Vui vẻ,Học tập,Đỉnh thật sự! Thấy bạn vui mình cũng phấn chấn theo. Tận hưởng khoảnh khắc này đến cùng nhé. Quá xá đã!
"Ae tư vấn giúp, đc crush rủ đi chơi cuối tuần thì nên làm sao? hạnh phúc quá 🥰",Vui vẻ,Tình cảm,Tuyệt vời quá! Cái cảm giác sau bao ngày chờ đợi giờ thành sự thật đỉnh lắm! Đây là động lực để bạn tiếp tục cố gắng những thứ khác nữa đó. Quá xá đã!
"Nợ quá nhiều không trả được, nghĩ đến chuyện kết thúc cuộc đời cho xong.",Trầm cảm/Tuyệt vọng,Khủng hoảng,Bạn đang trải qua điều rất khó khăn và mình thực sự lo cho bạn. Xin hãy gọi ngay đường dây 1800 599 920 để được tư vấn tâm lý khẩn cấp. Bạn không đơn độc trong chuyện này.
Bị trừ lương vì một lỗi nhỏ làm tui thất vọng toàn tập 😢,Buồn bã,Công việc,"Chia buồn cùng bạn. Chuyện đó thật sự khiến người ta hụt hẫng nhiều. Đừng thu mình lại, có mình ở đây mà. Mạnh lên nghen!"
"Mn ơi thấy crush đi chơi vs người khác, bất an ghê ...",Lo âu,Tình cảm,Bình tĩnh nào! Cảm giác không kiểm soát được mọi thứ thật sự khó chịu. Nói chuyện với ai đó bạn tin tưởng — đôi khi chỉ cần kể ra là nhẹ hơn nhiều. Mọi chuyện rồi sẽ ổn thôi!
Đang đi đường thì bị xe tạt nước vào ng làm tui sôi máu,Tức giận,Cuộc sống,"Hạ hỏa trước nào! Sự bực bội của bạn hoàn toàn chính đáng. Bơ đi mà sống, để bụng chỉ tổ mệt mình. Mình tin bạn sẽ xử lý được thôi."
Thiệt tình bị giao dự án mới mà chưa có kinh nghiệm gì. rén ngang 😰,Lo âu,Công việc,"Bình tĩnh nào! Cảm giác bất an như vậy thật sự rất nặng nề. Chia nhỏ vấn đề ra, xử lý từng bước một nhé. Đừng quá nghiêm khắc với bản thân nhé."
"Ae tư vấn giúp, mới chia tay xong, cứ thấy trống rỗng thì nên làm sao? tê tái haiz",Buồn bã,Tình cảm,"Ôm bạn một cái nha. Cảm giác đó nặng nề lắm, bạn không sao cả. Bước ra ngoài đi dạo một chút, không khí tươi cũng giúp được phần nào. Ngày mai trời sẽ sáng hơn hôm nay."
"Ae tư vấn giúp, thấy crush đi chơi với người khác thì nên làm sao? run không chịu được huhu",Lo âu,Tình cảm,"Bình tĩnh nào! Lo âu kiểu này ai cũng hiểu, đừng tự trách bản thân nhé. Thử đặt deadline nhỏ cho từng việc, đừng nhìn cả đống cùng lúc. Mình tin bạn sẽ vượt qua được."
"Hồi hộp quá quá, cảm giác mối quan hệ đang ngày càng nhạt dần 😥",Lo âu,Tình cảm,"Nghe mình này nhé, Mình biết bạn đang cố gắng hết sức rồi. Uống ly nước ấm, nghỉ một chút rồi tiếp tục. Cố lên nha!"
"Hồi hộp quá quá, tài khoản cạn tiền mà tháng còn dài 😱",Lo âu,Cuộc sống,"Nghe mình này nhé, Lo âu kiểu này ai cũng hiểu, đừng tự trách bản thân nhé. Cứ làm hết sức mình, kết quả ra sao cũng không hối hận. Cố lên nha!"
"Tê tái quá, crush vừa công khai ng yêu mới 💔",Buồn bã,Tình cảm,"Mình ở đây rồi, cứ nói ra đi. Buồn như vậy là hoàn toàn bình thường, đừng cố kìm lại. Bật nhạc nhẹ hoặc xem phim cho khuây khỏa. Thời gian sẽ chữa lành mọi thứ."
Thiệt tình bị giao dự án mới mà chưa có kinh nghiệm gì. hồi hộp quá 🥲,Lo âu,Công việc,"Hít thở sâu vào nào. Lo âu kiểu này ai cũng hiểu, đừng tự trách bản thân nhé. Cứ làm hết sức mình, kết quả ra sao cũng không hối hận. Đừng quá nghiêm khắc với bản thân nhé."
"Tê tái quá, học ngày học đêm mà điểm vẫn lẹt đẹt 💔",Buồn bã,Học tập,"Ôm bạn một cái nha. Buồn như vậy là hoàn toàn bình thường, đừng cố kìm lại. Buồn thì cứ khóc ra cho nhẹ lòng, đừng cố nuốt vào. Ngày mai trời sẽ sáng hơn hôm nay."
"bất an ghê quá, chuẩn bị thuyết trình trước công ty mà cảm thấy chưa sẵn sàng ...",Lo âu,Công việc,Hít thở sâu vào nào. Mình hiểu bạn đang lo lắng lắm. Nói chuyện với ai đó bạn tin tưởng — đôi khi chỉ cần kể ra là nhẹ hơn nhiều. Mình tin bạn sẽ vượt qua được.
"Ae tư vấn giúp, giải quyết xong đống task tồn đọng cả tuần thì nên làm sao? hạnh phúc quá 🤩",Vui vẻ,Công việc,Chúc mừng bạn nhé 🎉 Đúng là ngày may mắn của bạn rồi. Nhớ tự thưởng một chầu ăn ngon nhé. Mình tự hào về bạn lắm!
Thiệt tình học bổng về tài khoản rùi. phấn khích 😎,Vui vẻ,Học tập,Nghe mà vui lây luôn! Kết quả này là thành quả xứng đáng từ nỗ lực của bạn. Lưu lại khoảnh khắc này để sau nhìn lại vẫn còn thấy vui. Tiến lên thôi!
Lo lắng không biết mối quan hệ này có tương lai k làm tớ đổ mồ hôi hột 🥲,Lo âu,Tình cảm,"Hít thở sâu vào nào. Áp lực như vậy ai gặp cũng rén thôi, bạn không có gì sai cả. Chia nhỏ vấn đề ra, xử lý từng bước một nhé. Cố lên nha!"
Học bổng về tài khoản rồi làm tớ yêu đời hẳn 🥰,Vui vẻ,Học tập,Chúc mừng bạn nhé 🎉 Bao nhiêu cố gắng cuối cùng đã được đền đáp. Nhớ tự thưởng một chầu ăn ngon nhé. Chúc bạn luôn giữ năng lượng tích cực!
Thiệt tình bị đình chỉ thi vì vi phạm nội quy. tê tái haiz,Buồn bã,Học tập,"Ôm bạn một cái nha. Ai gặp phải cũng đau lòng thôi, bạn không có gì sai. Bật nhạc nhẹ hoặc xem phim cho khuây khỏa. Thời gian sẽ chữa lành mọi thứ."
nhìn cảnh nhà người ta hạnh phúc mà tủi thân làm hôm nay chán nản thật sự haiz,Buồn bã,Cuộc sống,"Thương bạn quá. Cảm giác đó nặng nề lắm, bạn không sao cả. Cứ cho phép bản thân nghỉ ngơi vài ngày. Thời gian sẽ chữa lành mọi thứ."
kh bt cách tiết kiệm tiền hiệu quả 😥,Lo âu,Cuộc sống,"Từ từ đã bạn ơi. Cảm giác không kiểm soát được mọi thứ thật sự khó chịu. Thử đặt deadline nhỏ cho từng việc, đừng nhìn cả đống cùng lúc. Mình tin bạn sẽ vượt qua được."
"Ae tư vấn giúp, kh ai trong nhóm bạn hiểu mình thì nên làm sao? chán nản thật sự 💔",Buồn bã,Cuộc sống,"Ôm bạn một cái nha. Buồn như vậy là hoàn toàn bình thường, đừng cố kìm lại. Gọi cho bạn thân trút bầu tâm sự nha. Mình luôn ở đây lắng nghe."
"chọn sai ngành, không biết có nên đổi kh 😭",Lo âu,Học tập,"Từ từ đã bạn ơi. Lo âu kiểu này ai cũng hiểu, đừng tự trách bản thân nhé. Chia nhỏ vấn đề ra, xử lý từng bước một nhé. Cố lên nha!"
"Chời ơi bị dọa rớt môn nếu điểm thi ko đạt, lo lắng thật sự 🥲",Lo âu,Học tập,"Hít thở sâu vào nào. Lo âu kiểu này ai cũng hiểu, đừng tự trách bản thân nhé. Cứ làm hết sức mình, kết quả ra sao cũng không hối hận. Đừng quá nghiêm khắc với bản thân nhé."
"Ae tư vấn giúp, chi tiêu tháng này lố quá, ko bt xoay sở sao thì nên làm sao? lo lắng thật sự huhu",Lo âu,Cuộc sống,"Nghe mình này nhé, Lo âu kiểu này ai cũng hiểu, đừng tự trách bản thân nhé. Nói chuyện với ai đó bạn tin tưởng — đôi khi chỉ cần kể ra là nhẹ hơn nhiều. Cố lên nha!"
"Mình k bt cách tiết kiệm tiền hiệu quả, tim đập thình thịch huhu",Lo âu,Cuộc sống,Từ từ đã bạn ơi. Cảm giác bất an như vậy thật sự rất nặng nề. Nói chuyện với ai đó bạn tin tưởng — đôi khi chỉ cần kể ra là nhẹ hơn nhiều. Bước qua được rồi sẽ thấy mình lớn hơn đó.
"Chời ơi học bổng về tài khoản rồi, sướng rơn",Vui vẻ,Học tập,Wow xịn xò vậy! Niềm vui này xứng đáng được lan tỏa! Đây là động lực để bạn tiếp tục cố gắng những thứ khác nữa đó. Chúc bạn luôn giữ năng lượng tích cực!
"Tôi thật sự mệt mỏi, không muốn cố gắng nữa.",Trầm cảm/Tuyệt vọng,Khủng hoảng,"Mình hiểu bạn đang rất mệt mỏi và không còn thấy lối thoát. Nhưng cảm giác này có thể thay đổi khi có sự hỗ trợ đúng cách. Gọi 1800 599 920 — chuyên gia sẽ giúp bạn ngay, miễn phí 24/7."
Thiệt tình bị dọa rớt môn nếu điểm thi ko đạt. lo lắng thật sự 😭,Lo âu,Học tập,"Hít thở sâu vào nào. Mình hiểu bạn đang lo lắng lắm. Thử đặt deadline nhỏ cho từng việc, đừng nhìn cả đống cùng lúc. Cố lên nha!"
"Ae tư vấn giúp, xe hỏng giữa đường đúng lúc đang vội nhất thì nên làm sao? giận tím người 😡",Tức giận,Cuộc sống,"Hiểu sự bức xúc của bạn luôn! Thiệt là củ chuối không chịu được. Đừng vội phản ứng lúc này, giận quá dễ nói sai. Thả lỏng ra nào!"
"Tao bài thi được điểm cao ngoài mong đợi, yêu đời hẳn",Vui vẻ,Học tập,Tuyệt vời quá! Thấy bạn vui mình cũng phấn chấn theo. Nhớ tự thưởng một chầu ăn ngon nhé. Chúc bạn luôn giữ năng lượng tích cực!
"Ae tư vấn giúp, cãi nhau với người yêu, k biết có ổn không thì nên làm sao? buồn thiu",Buồn bã,Tình cảm,"Chia buồn cùng bạn. Mình rất tiếc khi nghe điều này. Bước ra ngoài đi dạo một chút, không khí tươi cũng giúp được phần nào. Mạnh lên nghen!"
"Tự nhiên cảm giác bị tụt hậu so với bạn bè đồng trang lứa, bất an ghê 😥",Lo âu,Cuộc sống,"Ổn thôi bạn ơi, Áp lực như vậy ai gặp cũng rén thôi, bạn không có gì sai cả. Tắt thông báo điện thoại một lúc, tập trung vào đúng 1 việc thôi. Bước qua được rồi sẽ thấy mình lớn hơn đó."
"điên máu quá, phát hiện người yêu nói dối 💢",Tức giận,Tình cảm,"Thở ra đi, thở ra. Thiệt là củ chuối không chịu được. Đợi nguôi rồi hẵng nói chuyện lại, lúc đó mới xử lý được bình tĩnh hơn. Bỏ qua cho nhẹ đầu nhé."
"khối lượng công việc nhiều quá, k biết bắt đầu từ đâu làm tui đổ mồ hôi hột 😱",Lo âu,Công việc,"Từ từ đã bạn ơi. Cảm giác không kiểm soát được mọi thứ thật sự khó chịu. Thử đặt deadline nhỏ cho từng việc, đừng nhìn cả đống cùng lúc. Đừng quá nghiêm khắc với bản thân nhé."
Thiệt tình mới nghỉ việc xong chưa bt làm gì tiếp. bất an ghê 😭,Lo âu,Công việc,Từ từ đã bạn ơi. Cảm giác bất an như vậy thật sự rất nặng nề. Nói chuyện với ai đó bạn tin tưởng — đôi khi chỉ cần kể ra là nhẹ hơn nhiều. Cố lên nha!
sắp tới deadline mà chưa làm được chữ nào,Lo âu,Công việc,"Ổn thôi bạn ơi, Cảm giác bất an như vậy thật sự rất nặng nề. Cứ làm hết sức mình, kết quả ra sao cũng không hối hận. Mình tin bạn sẽ vượt qua được."
"Ae tư vấn giúp, lo lắng không biết mối quan hệ này có tương lai kh thì nên làm sao? run không chịu đc 🥲",Lo âu,Tình cảm,"Hít thở sâu vào nào. Cảm giác bất an như vậy thật sự rất nặng nề. Uống ly nước ấm, nghỉ một chút rồi tiếp tục. Mọi chuyện rồi sẽ ổn thôi!"
"chi tiêu tháng này lố quá, không biết xoay sở sao ...",Lo âu,Cuộc sống,"Bình tĩnh nào! Mình biết bạn đang cố gắng hết sức rồi. Ghi ra giấy những gì đang lo, ưu tiên từng cái. Cố lên nha!"
"Ae tư vấn giúp, áp lực KPI tháng này cao quá, sợ không đạt thì nên làm sao? rén ngang 😰",Lo âu,Công việc,"Hít thở sâu vào nào. Lo âu kiểu này ai cũng hiểu, đừng tự trách bản thân nhé. Thử đặt deadline nhỏ cho từng việc, đừng nhìn cả đống cùng lúc. Mình tin bạn sẽ vượt qua được."
"lo lắng thật sự quá, không biết mình có đang đi đúng hướng trong sự nghiệp không 😭",Lo âu,Công việc,"Ổn thôi bạn ơi, Áp lực như vậy ai gặp cũng rén thôi, bạn không có gì sai cả. Cứ làm hết sức mình, kết quả ra sao cũng không hối hận. Mình tin bạn sẽ vượt qua được."
"Chời ơi k biết cách tiết kiệm tiền hiệu quả, hoang mang tột độ 😥",Lo âu,Cuộc sống,"Nghe mình này nhé, Mình biết bạn đang cố gắng hết sức rồi. Ghi ra giấy những gì đang lo, ưu tiên từng cái. Mình tin bạn sẽ vượt qua được."
"Ae tư vấn giúp, áp lực KPI tháng này cao quá, sợ kh đạt thì nên làm sao? tim đập thình thịch 😰",Lo âu,Công việc,Hít thở sâu vào nào. Cảm giác bất an như vậy thật sự rất nặng nề. Nói chuyện với ai đó bạn tin tưởng — đôi khi chỉ cần kể ra là nhẹ hơn nhiều. Bước qua được rồi sẽ thấy mình lớn hơn đó.
Khách hàng gửi email khen ngợi sản phẩm của mình làm tự nhiên phấn khích 😎,Vui vẻ,Công việc,Tuyệt vời quá! Cái cảm giác sau bao ngày chờ đợi giờ thành sự thật đỉnh lắm! Đây là động lực để bạn tiếp tục cố gắng những thứ khác nữa đó. Yomost lun nha!
Làm việc cật lực mà k dc ghi nhận 😞,Buồn bã,Công việc,Chia buồn cùng bạn. Mình rất tiếc khi nghe điều này. Bật nhạc nhẹ hoặc xem phim cho khuây khỏa. Thời gian sẽ chữa lành mọi thứ.
"muốn bùng cháy quá, đang đi đường thì bị xe tạt nước vào người 😡",Tức giận,Cuộc sống,"Thở ra đi, thở ra. Gặp chuyện đó ai mà không điên tiết. Đừng vội phản ứng lúc này, giận quá dễ nói sai. Bỏ qua cho nhẹ đầu nhé."
"sướng rơn quá, crush nhắn tin trước 🎉",Vui vẻ,Tình cảm,Đỉnh thật sự! Niềm vui này xứng đáng được lan tỏa! Tận hưởng khoảnh khắc này đến cùng nhé. Chúc bạn luôn giữ năng lượng tích cực!
Không bt cách tiết kiệm tiền hiệu quả 😱,Lo âu,Cuộc sống,"Nghe mình này nhé, Cảm giác không kiểm soát được mọi thứ thật sự khó chịu. Cứ làm hết sức mình, kết quả ra sao cũng không hối hận. Mình tin bạn sẽ vượt qua được."
Điểm bị chấm sai mà kh được phúc khảo 🙄,Tức giận,Học tập,"Nghe mà tức dùm á 😡 Sự bực bội của bạn hoàn toàn chính đáng. Đừng vội phản ứng lúc này, giận quá dễ nói sai. Bỏ qua cho nhẹ đầu nhé."
Tôi đã viết thư tuyệt mệnh nhưng chưa biết có nên dừng lại không.,Trầm cảm/Tuyệt vọng,Khủng hoảng,"Mình nghe bạn. Cảm giác kiệt sức và tuyệt vọng như vậy thật nặng nề. Nhưng đây là lúc bạn cần được hỗ trợ bởi chuyên gia. Gọi 1800 599 920 — họ sẽ lắng nghe bạn 24/7, hoàn toàn miễn phí."
học bổng về tài khoản rùi làm tự nhiên sướng rơn 😎,Vui vẻ,Học tập,Tuyệt vời quá! Đúng là ngày may mắn của bạn rồi. Tận hưởng khoảnh khắc này đến cùng nhé. Yomost lun nha!
Thiệt tình người yêu tặng quà bất ngờ. hạnh phúc quá 🎉,Vui vẻ,Tình cảm,Tuyệt vời quá! Thấy bạn vui mình cũng phấn chấn theo. Lưu lại khoảnh khắc này để sau nhìn lại vẫn còn thấy vui. Mình tự hào về bạn lắm!
"Chọn sai ngành, k bt có nên đổi k 😭",Lo âu,Học tập,"Hít thở sâu vào nào. Cảm giác không kiểm soát được mọi thứ thật sự khó chịu. Cứ làm hết sức mình, kết quả ra sao cũng không hối hận. Mình tin bạn sẽ vượt qua được."
Bị dọa rớt môn nếu điểm thi không đạt làm chời ơi tim đập thình thịch 😭,Lo âu,Học tập,Bình tĩnh nào! Mình biết bạn đang cố gắng hết sức rồi. Nói chuyện với ai đó bạn tin tưởng — đôi khi chỉ cần kể ra là nhẹ hơn nhiều. Cố lên nha!
Xe hỏng giữa đường đúng lúc đang vội nhất làm mn ơi điên máu,Tức giận,Cuộc sống,"Uống ngụm nước lạnh đi đã. Đúng là có những chuyện không thể bỏ qua được. Bơ đi mà sống, để bụng chỉ tổ mệt mình. Thả lỏng ra nào!"
"Ae tư vấn giúp, vừa chốt dc hợp đồng lớn sau bao ngày nỗ lực thì nên làm sao? không thể tin đc 🤩",Vui vẻ,Công việc,Wow xịn xò vậy! Thấy bạn vui mình cũng phấn chấn theo. Lưu lại khoảnh khắc này để sau nhìn lại vẫn còn thấy vui. Tiến lên thôi!
"Lo lắng thật sự quá, khối lượng công việc nhiều quá, k bt bắt đầu từ đâu 😰",Lo âu,Công việc,"Từ từ đã bạn ơi. Mình biết bạn đang cố gắng hết sức rồi. Chia nhỏ vấn đề ra, xử lý từng bước một nhé. Mọi chuyện rồi sẽ ổn thôi!"
"Cay thật sự quá, gõ xong đoạn code dài mà cúp điện mất hết 😡",Tức giận,Công việc,"Hiểu sự bức xúc của bạn luôn! Nghe mà mình cũng thấy khó chịu theo, bạn có lý mà. Xả stress đi, đi dạo hay đấm gối cũng được. Nghĩ chuyện vui cho đỡ tức nhé."
"Mn ơi ăn dc món ngon đúng ý sau bao ngày thèm, phấn khích 😆",Vui vẻ,Cuộc sống,Chúc mừng bạn nhé 🎉 Bao nhiêu cố gắng cuối cùng đã được đền đáp. Chia sẻ tin này với người thân đi nào. Mình tự hào về bạn lắm!
"Vui xỉu quá, bài thi được điểm cao ngoài mong đợi ✨",Vui vẻ,Học tập,Đỉnh thật sự! Đúng là ngày may mắn của bạn rồi. Tận hưởng khoảnh khắc này đến cùng nhé. Chúc bạn luôn giữ năng lượng tích cực!
Thiệt tình vừa chốt được hợp đồng lớn sau bao ngày nỗ lực. yêu đời hẳn 🥰,Vui vẻ,Công việc,Nghe mà vui lây luôn! Kết quả này là thành quả xứng đáng từ nỗ lực của bạn. Chia sẻ tin này với người thân đi nào. Quá xá đã!
Sự thiếu chuyên nghiệp của đối tác làm ảnh hưởng nghiêm trọng đến tiến độ dự án của chúng tôi.,Tức giận,Công việc,Uống ngụm nước lạnh đi đã. Thiệt là củ chuối không chịu được. Hít thở sâu 10 cái rồi tính tiếp. Nghĩ chuyện vui cho đỡ tức nhé.
"Mn ơi lương về rùi, phát điên, yêu đời hẳn ✨",Vui vẻ,Cuộc sống,Wow xịn xò vậy! Kết quả này là thành quả xứng đáng từ nỗ lực của bạn. Đây là động lực để bạn tiếp tục cố gắng những thứ khác nữa đó. Quá xá đã!
"Hôm nay bị hủy hẹn đi chơi phút chót không có lý do, muốn bùng cháy 😡",Tức giận,Tình cảm,"Uống ngụm nước lạnh đi đã. Bực như vậy mà không nói gì mới lạ, bạn phản ứng bình thường thôi. Đừng vội phản ứng lúc này, giận quá dễ nói sai. Bỏ qua cho nhẹ đầu nhé."
"Mn ơi lo lắng không bt mối quan hệ này có tương lai kh, bất an ghê 😰",Lo âu,Tình cảm,"Nghe mình này nhé, Cảm giác bất an như vậy thật sự rất nặng nề. Thử đặt deadline nhỏ cho từng việc, đừng nhìn cả đống cùng lúc. Bước qua được rồi sẽ thấy mình lớn hơn đó."
"Ae tư vấn giúp, sắp đến kỳ đóng tiền trọ mà lương chưa về thì nên làm sao? tim đập thình thịch 😥",Lo âu,Cuộc sống,"Ổn thôi bạn ơi, Cảm giác không kiểm soát được mọi thứ thật sự khó chịu. Nói chuyện với ai đó bạn tin tưởng — đôi khi chỉ cần kể ra là nhẹ hơn nhiều. Bước qua được rồi sẽ thấy mình lớn hơn đó."
"Tôi không thể tiếp tục như thế này được nữa, tôi muốn kết thúc tất cả.",Trầm cảm/Tuyệt vọng,Khủng hoảng,Điều bạn đang cảm thấy rất nghiêm trọng và bạn xứng đáng được giúp đỡ. Hãy gọi 1800 599 920 ngay bây giờ hoặc đến cơ sở y tế gần nhất. Bạn không cần phải một mình vượt qua điều này.
"Rén ngang quá, áp lực kpi tháng này cao quá, sợ k đạt 😥",Lo âu,Công việc,"Nghe mình này nhé, Mình biết bạn đang cố gắng hết sức rồi. Cứ làm hết sức mình, kết quả ra sao cũng không hối hận. Đừng quá nghiêm khắc với bản thân nhé."
"Ae tư vấn giúp, ko bt người ấy có thật sự thích mình không thì nên làm sao? run không chịu dc 😱",Lo âu,Tình cảm,"Hít thở sâu vào nào. Cảm giác không kiểm soát được mọi thứ thật sự khó chịu. Thử đặt deadline nhỏ cho từng việc, đừng nhìn cả đống cùng lúc. Mình tin bạn sẽ vượt qua được."
"Ủa mà đang đi đường thì bị xe tạt nước vào ng, điên máu 💢",Tức giận,Cuộc sống,"Hạ hỏa trước nào! Nghe mà mình cũng thấy khó chịu theo, bạn có lý mà. Đợi nguôi rồi hẵng nói chuyện lại, lúc đó mới xử lý được bình tĩnh hơn. Thả lỏng ra nào!"
"Ae ơi học bổng về tài khoản rồi, không thể tin được",Vui vẻ,Học tập,Đỉnh thật sự! Niềm vui này xứng đáng được lan tỏa! Chia sẻ tin này với người thân đi nào. Chúc bạn luôn giữ năng lượng tích cực!
mấy ngày nay cứ nghĩ xem nếu mình chết thì ai sẽ buồn không,Trầm cảm/Tuyệt vọng,Khủng hoảng,"Điều bạn chia sẻ khiến mình rất lo lắng cho bạn. Xin đừng làm hại bản thân nhé. Có người luôn sẵn sàng giúp bạn — hãy gọi 1800 599 920 ngay bây giờ, miễn phí và bảo mật hoàn toàn."
đang đi đường thì bị xe tạt nước vào ng làm mn ơi cay thật sự 😤,Tức giận,Cuộc sống,"Uống ngụm nước lạnh đi đã. Nghe mà mình cũng thấy khó chịu theo, bạn có lý mà. Hít thở sâu 10 cái rồi tính tiếp. Đừng để chuyện bực mình làm hỏng cả ngày."
nhắn tin cả ngày mà không thèm đọc nhưng vẫn online 🙄,Tức giận,Tình cảm,"Nghe mà tức dùm á 😡 Sự bực bội của bạn hoàn toàn chính đáng. Xả stress đi, đi dạo hay đấm gối cũng được. Nghĩ chuyện vui cho đỡ tức nhé."
Dc crush rủ đi chơi cuối tuần làm tui yêu đời hẳn 🤩,Vui vẻ,Tình cảm,Wow xịn xò vậy! Niềm vui này xứng đáng được lan tỏa! Lưu lại khoảnh khắc này để sau nhìn lại vẫn còn thấy vui. Yomost lun nha!
hai đứa vừa giải quyết dc hiểu lầm hồi lâu 🎉,Vui vẻ,Tình cảm,Tuyệt vời quá! Thấy bạn vui mình cũng phấn chấn theo. Đây là động lực để bạn tiếp tục cố gắng những thứ khác nữa đó. Tiến lên thôi!
"tê tái quá, crush vừa công khai người yêu mới 💔",Buồn bã,Tình cảm,"Chia buồn cùng bạn. Ai gặp phải cũng đau lòng thôi, bạn không có gì sai. Buồn thì cứ khóc ra cho nhẹ lòng, đừng cố nuốt vào. Thời gian sẽ chữa lành mọi thứ."
"Mình cảm giác bị tụt hậu so vs bạn bè đồng trang lứa, bất an ghê huhu",Lo âu,Cuộc sống,"Nghe mình này nhé, Cảm giác bất an như vậy thật sự rất nặng nề. Thử đặt deadline nhỏ cho từng việc, đừng nhìn cả đống cùng lúc. Đừng quá nghiêm khắc với bản thân nhé."
"bất an ghê quá, không hiểu bài nhưng không dám hỏi thầy 😥",Lo âu,Học tập,"Từ từ đã bạn ơi. Mình biết bạn đang cố gắng hết sức rồi. Uống ly nước ấm, nghỉ một chút rồi tiếp tục. Đừng quá nghiêm khắc với bản thân nhé."
Thiệt tình mới nghỉ việc xong chưa biết làm gì tiếp. tim đập thình thịch 😱,Lo âu,Công việc,"Từ từ đã bạn ơi. Cảm giác bất an như vậy thật sự rất nặng nề. Uống ly nước ấm, nghỉ một chút rồi tiếp tục. Mình tin bạn sẽ vượt qua được."
Sếp khen project mới làm tốt trước toàn công ty làm ae ơi yêu đời hẳn =)),Vui vẻ,Công việc,Chúc mừng bạn nhé 🎉 Niềm vui này xứng đáng được lan tỏa! Cứ giữ phong độ và tiếp tục phát huy! Yomost lun nha!
Thiệt tình điểm bị chấm sai mà không đc phúc khảo. cay thật sự 💢,Tức giận,Học tập,"Hạ hỏa trước nào! Gặp chuyện đó ai mà không điên tiết. Xả stress đi, đi dạo hay đấm gối cũng được. Mình tin bạn sẽ xử lý được thôi."
"Ae tư vấn giúp, nuôi con mèo bao năm mà nó đi mất thì nên làm sao? thất vọng toàn tập 😢",Buồn bã,Cuộc sống,Lại đây tâm sự với mình nào. Chuyện đó thật sự khiến người ta hụt hẫng nhiều. Gọi cho bạn thân trút bầu tâm sự nha. Ngày mai trời sẽ sáng hơn hôm nay.
"Ae tư vấn giúp, cãi nhau vs người yêu, không biết có ổn kh thì nên làm sao? muốn khóc",Buồn bã,Tình cảm,"Lại đây tâm sự với mình nào. Buồn như vậy là hoàn toàn bình thường, đừng cố kìm lại. Bật nhạc nhẹ hoặc xem phim cho khuây khỏa. Mọi chuyện rồi sẽ qua thôi."
"Hôm nay k ai trong nhóm bạn hiểu mình, thất vọng toàn tập 🥀",Buồn bã,Cuộc sống,"Ôm bạn một cái nha. Buồn như vậy là hoàn toàn bình thường, đừng cố kìm lại. Bước ra ngoài đi dạo một chút, không khí tươi cũng giúp được phần nào. Mình luôn ở đây lắng nghe."
"Buồn thiu quá, mọi thứ dạo này cứ xui xẻo liên tục 😞",Buồn bã,Cuộc sống,"Lại đây tâm sự với mình nào. Chuyện đó thật sự khiến người ta hụt hẫng nhiều. Buồn thì cứ khóc ra cho nhẹ lòng, đừng cố nuốt vào. Thời gian sẽ chữa lành mọi thứ."
"Ủa mà khách hàng gửi email khen ngợi sản phẩm của mình, không thể tin dc =))",Vui vẻ,Công việc,Chúc mừng bạn nhé 🎉 Bao nhiêu cố gắng cuối cùng đã được đền đáp. Lưu lại khoảnh khắc này để sau nhìn lại vẫn còn thấy vui. Quá xá đã!
"Ae tư vấn giúp, chuẩn bị bảo vệ luận văn mà chưa ôn kỹ thì nên làm sao? run ko chịu được 😰",Lo âu,Học tập,Hít thở sâu vào nào. Cảm giác không kiểm soát được mọi thứ thật sự khó chịu. Nói chuyện với ai đó bạn tin tưởng — đôi khi chỉ cần kể ra là nhẹ hơn nhiều. Cố lên nha!
K hòa nhập đc với văn hóa công ty mới làm ủa mà tê tái 🥀,Buồn bã,Công việc,"Mình ở đây rồi, cứ nói ra đi. Cảm giác đó nặng nề lắm, bạn không sao cả. Đừng thu mình lại, có mình ở đây mà. Ngày mai trời sẽ sáng hơn hôm nay."
bị sếp ép deadline vô lý không có lý do làm tớ sôi máu 😡,Tức giận,Công việc,"Hạ hỏa trước nào! Gặp chuyện đó ai mà không điên tiết. Xả stress đi, đi dạo hay đấm gối cũng được. Mình tin bạn sẽ xử lý được thôi."
Bị hủy hẹn đi chơi phút chót không có lý do làm ủa mà tức á 💢,Tức giận,Tình cảm,"Uống ngụm nước lạnh đi đã. Bực như vậy mà không nói gì mới lạ, bạn phản ứng bình thường thôi. Đợi nguôi rồi hẵng nói chuyện lại, lúc đó mới xử lý được bình tĩnh hơn. Mình tin bạn sẽ xử lý được thôi."
"Ae tư vấn giúp, sắp tới deadline mà chưa làm dc chữ nào thì nên làm sao? bất an ghê 😱",Lo âu,Công việc,"Từ từ đã bạn ơi. Lo âu kiểu này ai cũng hiểu, đừng tự trách bản thân nhé. Chia nhỏ vấn đề ra, xử lý từng bước một nhé. Mình tin bạn sẽ vượt qua được."
Thiệt tình áp lực đồng trang lứa học giỏi hơn mình quá nhiều. bất an ghê 😱,Lo âu,Học tập,"Hít thở sâu vào nào. Lo âu kiểu này ai cũng hiểu, đừng tự trách bản thân nhé. Ghi ra giấy những gì đang lo, ưu tiên từng cái. Cố lên nha!"
vừa chốt dc hợp đồng lớn sau bao ngày nỗ lực làm dạo này sướng rơn,Vui vẻ,Công việc,Wow xịn xò vậy! Đúng là ngày may mắn của bạn rồi. Lưu lại khoảnh khắc này để sau nhìn lại vẫn còn thấy vui. Tiến lên thôi!
"Đổ mồ hôi hột quá, cảm giác bị tụt hậu so vs bạn bè đồng trang lứa 😱",Lo âu,Cuộc sống,"Ổn thôi bạn ơi, Lo âu kiểu này ai cũng hiểu, đừng tự trách bản thân nhé. Chia nhỏ vấn đề ra, xử lý từng bước một nhé. Đừng quá nghiêm khắc với bản thân nhé."
"Ủa mà hôm nay kỷ niệm một năm yêu nhau, sướng rơn =))",Vui vẻ,Tình cảm,Nghe mà vui lây luôn! Kết quả này là thành quả xứng đáng từ nỗ lực của bạn. Nhớ tự thưởng một chầu ăn ngon nhé. Tiến lên thôi!
Thiệt tình đang đi đường thì bị xe tạt nước vào ng. giận tím ng 😡,Tức giận,Cuộc sống,"Hạ hỏa trước nào! Sự bực bội của bạn hoàn toàn chính đáng. Xả stress đi, đi dạo hay đấm gối cũng được. Thả lỏng ra nào!"
Thiệt tình pass môn khó nhất học kỳ rồi. sướng rơn =)),Vui vẻ,Học tập,Wow xịn xò vậy! Đúng là ngày may mắn của bạn rồi. Tận hưởng khoảnh khắc này đến cùng nhé. Quá xá đã!
"Team bị giảm nhân sự, mình phải gánh thêm việc làm má ơi hoang mang tột độ ...",Lo âu,Công việc,Hít thở sâu vào nào. Mình biết bạn đang cố gắng hết sức rồi. Nói chuyện với ai đó bạn tin tưởng — đôi khi chỉ cần kể ra là nhẹ hơn nhiều. Đừng quá nghiêm khắc với bản thân nhé.
hôm nay xử lý dc bug khó mà cả team đều bó tay =)),Vui vẻ,Công việc,Wow xịn xò vậy! Kết quả này là thành quả xứng đáng từ nỗ lực của bạn. Nhớ tự thưởng một chầu ăn ngon nhé. Quá xá đã!
kh biết mình có đang đi đúng hướng trong sự nghiệp không làm ae ơi hoang mang tột độ 🥲,Lo âu,Công việc,"Bình tĩnh nào! Áp lực như vậy ai gặp cũng rén thôi, bạn không có gì sai cả. Uống ly nước ấm, nghỉ một chút rồi tiếp tục. Cố lên nha!"
được thầy khen bài luận trước lớp làm ủa mà hạnh phúc quá 😆,Vui vẻ,Học tập,Wow xịn xò vậy! Niềm vui này xứng đáng được lan tỏa! Chia sẻ tin này với người thân đi nào. Mình tự hào về bạn lắm!
Dc thăng chức r ✨,Vui vẻ,Công việc,Wow xịn xò vậy! Niềm vui này xứng đáng được lan tỏa! Lưu lại khoảnh khắc này để sau nhìn lại vẫn còn thấy vui. Tiến lên thôi!
Cảm giác bị tụt hậu so vs bạn bè đồng trang lứa làm ủa mà rén ngang 🥲,Lo âu,Cuộc sống,"Từ từ đã bạn ơi. Lo âu kiểu này ai cũng hiểu, đừng tự trách bản thân nhé. Thử đặt deadline nhỏ cho từng việc, đừng nhìn cả đống cùng lúc. Mọi chuyện rồi sẽ ổn thôi!"
"Thiệt tình khối lượng công việc nhiều quá, không biết bắt đầu từ đâu. lo lắng thật sự",Lo âu,Công việc,"Ổn thôi bạn ơi, Lo âu kiểu này ai cũng hiểu, đừng tự trách bản thân nhé. Uống ly nước ấm, nghỉ một chút rồi tiếp tục. Mình tin bạn sẽ vượt qua được."
Cảm thấy mình học kém hơn bạn bè rất nhiều làm ủa mà chán nản thật sự 🥀,Buồn bã,Học tập,"Thương bạn quá. Buồn như vậy là hoàn toàn bình thường, đừng cố kìm lại. Bật nhạc nhẹ hoặc xem phim cho khuây khỏa. Thời gian sẽ chữa lành mọi thứ."
bạn cùng nhóm không chịu đóng góp bài tập làm tui cay thật sự 😤,Tức giận,Học tập,"Hạ hỏa trước nào! Gặp chuyện đó ai mà không điên tiết. Bơ đi mà sống, để bụng chỉ tổ mệt mình. Thả lỏng ra nào!"
Vừa chốt được hợp đồng lớn sau bao ngày nỗ lực làm hôm nay không thể tin dc 🤩,Vui vẻ,Công việc,Wow xịn xò vậy! Thấy bạn vui mình cũng phấn chấn theo. Nhớ tự thưởng một chầu ăn ngon nhé. Chúc bạn luôn giữ năng lượng tích cực!
"Ae tư vấn giúp, ăn được món ngon đúng ý sau bao ngày thèm thì nên làm sao? hạnh phúc quá 🤩",Vui vẻ,Cuộc sống,Tuyệt vời quá! Cái cảm giác sau bao ngày chờ đợi giờ thành sự thật đỉnh lắm! Cứ giữ phong độ và tiếp tục phát huy! Yomost lun nha!
Thiệt tình áp lực đồng trang lứa học giỏi hơn mình quá nhiều. rén ngang ...,Lo âu,Học tập,Bình tĩnh nào! Cảm giác bất an như vậy thật sự rất nặng nề. Nói chuyện với ai đó bạn tin tưởng — đôi khi chỉ cần kể ra là nhẹ hơn nhiều. Đừng quá nghiêm khắc với bản thân nhé.
"kh dám về nhà vì sợ bị đánh, t đang ở ngoài đường",Bạo hành,Khủng hoảng,"Không ai được phép đối xử với bạn như vậy. Đây là thời điểm bạn cần tìm kiếm sự giúp đỡ ngay. Gọi Tổng đài 111 hoặc nếu đang nguy hiểm, gọi Cảnh sát 113 để được bảo vệ."
"Ae tư vấn giúp, phát hiện ng yêu nói dối thì nên làm sao? giận tím người 😤",Tức giận,Tình cảm,"Hiểu sự bức xúc của bạn luôn! Nghe mà mình cũng thấy khó chịu theo, bạn có lý mà. Hít thở sâu 10 cái rồi tính tiếp. Thả lỏng ra nào!"
Thiệt tình bốc trúng phần thưởng to trong sự kiện. sướng rơn,Vui vẻ,Cuộc sống,Nghe mà vui lây luôn! Cái cảm giác sau bao ngày chờ đợi giờ thành sự thật đỉnh lắm! Tận hưởng khoảnh khắc này đến cùng nhé. Quá xá đã!
tài khoản cạn tiền mà tháng còn dài ...,Lo âu,Cuộc sống,"Ổn thôi bạn ơi, Cảm giác không kiểm soát được mọi thứ thật sự khó chịu. Cứ làm hết sức mình, kết quả ra sao cũng không hối hận. Đừng quá nghiêm khắc với bản thân nhé."
"Sôi máu quá, khách hàng dời lịch họp sát giờ mà ko báo trước 🙄",Tức giận,Công việc,"Thở ra đi, thở ra. Bực như vậy mà không nói gì mới lạ, bạn phản ứng bình thường thôi. Đợi nguôi rồi hẵng nói chuyện lại, lúc đó mới xử lý được bình tĩnh hơn. Bỏ qua cho nhẹ đầu nhé."
Không bt người ấy có thật sự thích mình không làm dạo này rén ngang ...,Lo âu,Tình cảm,"Từ từ đã bạn ơi. Áp lực như vậy ai gặp cũng rén thôi, bạn không có gì sai cả. Thử đặt deadline nhỏ cho từng việc, đừng nhìn cả đống cùng lúc. Mọi chuyện rồi sẽ ổn thôi!"
xe hỏng giữa đường đúng lúc đang vội nhất làm tao giận tím người,Tức giận,Cuộc sống,"Thở ra đi, thở ra. Bực như vậy mà không nói gì mới lạ, bạn phản ứng bình thường thôi. Viết ra hết cảm xúc bực bội vào giấy rồi xé đi — nhẹ lòng lắm đó. Bỏ qua cho nhẹ đầu nhé."
"tủi thân quá, nuôi con mèo bao năm mà nó đi mất haiz",Buồn bã,Cuộc sống,"Lại đây tâm sự với mình nào. Những lúc như này mới thấy cuộc sống không phải lúc nào cũng dễ. Bước ra ngoài đi dạo một chút, không khí tươi cũng giúp được phần nào. Mạnh lên nghen!"
bốc trúng phần thưởng to trong sự kiện làm ae ơi phê =)),Vui vẻ,Cuộc sống,Nghe mà vui lây luôn! Niềm vui này xứng đáng được lan tỏa! Chia sẻ tin này với người thân đi nào. Mình tự hào về bạn lắm!
đang đi đường thì bị xe tạt nước vào người làm tao tức á 🔥,Tức giận,Cuộc sống,"Hiểu sự bức xúc của bạn luôn! Bực như vậy mà không nói gì mới lạ, bạn phản ứng bình thường thôi. Viết ra hết cảm xúc bực bội vào giấy rồi xé đi — nhẹ lòng lắm đó. Nghĩ chuyện vui cho đỡ tức nhé."
"Ae tư vấn giúp, chi tiêu tháng này lố quá, không biết xoay sở sao thì nên làm sao? lo lắng thật sự 😰",Lo âu,Cuộc sống,Từ từ đã bạn ơi. Mình hiểu bạn đang lo lắng lắm. Nói chuyện với ai đó bạn tin tưởng — đôi khi chỉ cần kể ra là nhẹ hơn nhiều. Cố lên nha!
Chốt đơn thành công món đồ ao ước bấy lâu làm chời ơi không thể tin dc 😎,Vui vẻ,Cuộc sống,Chúc mừng bạn nhé 🎉 Kết quả này là thành quả xứng đáng từ nỗ lực của bạn. Đây là động lực để bạn tiếp tục cố gắng những thứ khác nữa đó. Tiến lên thôi!
đang đi đường thì bị xe tạt nước vào ng làm mn ơi tức á 💢,Tức giận,Cuộc sống,Nghe mà tức dùm á 😡 Gặp chuyện đó ai mà không điên tiết. Viết ra hết cảm xúc bực bội vào giấy rồi xé đi — nhẹ lòng lắm đó. Đừng để chuyện bực mình làm hỏng cả ngày.
"rén ngang quá, không biết mình có đang đi đúng hướng trong sự nghiệp k",Lo âu,Công việc,"Bình tĩnh nào! Cảm giác bất an như vậy thật sự rất nặng nề. Thử đặt deadline nhỏ cho từng việc, đừng nhìn cả đống cùng lúc. Cố lên nha!"
"team bị giảm nhân sự, mình ph gánh thêm việc làm tớ rén ngang",Lo âu,Công việc,Bình tĩnh nào! Mình hiểu bạn đang lo lắng lắm. Nói chuyện với ai đó bạn tin tưởng — đôi khi chỉ cần kể ra là nhẹ hơn nhiều. Đừng quá nghiêm khắc với bản thân nhé.
"Ae tư vấn giúp, gõ xong đoạn code dài mà cúp điện mất hết thì nên làm sao? điên máu 😤",Tức giận,Công việc,"Hạ hỏa trước nào! Nghe mà mình cũng thấy khó chịu theo, bạn có lý mà. Bơ đi mà sống, để bụng chỉ tổ mệt mình. Đừng để chuyện bực mình làm hỏng cả ngày."
"Chọn sai ngành, không bt có nên đổi không",Lo âu,Học tập,"Ổn thôi bạn ơi, Mình hiểu bạn đang lo lắng lắm. Chia nhỏ vấn đề ra, xử lý từng bước một nhé. Mọi chuyện rồi sẽ ổn thôi!"
Thiệt tình ng yêu liên tục đến trễ mà kh xin lỗi. giận tím ng 😤,Tức giận,Tình cảm,"Hiểu sự bức xúc của bạn luôn! Bực như vậy mà không nói gì mới lạ, bạn phản ứng bình thường thôi. Hít thở sâu 10 cái rồi tính tiếp. Bỏ qua cho nhẹ đầu nhé."
"Ae tư vấn giúp, vừa chốt đc hợp đồng lớn sau bao ngày nỗ lực thì nên làm sao? sướng rơn 🥰",Vui vẻ,Công việc,Nghe mà vui lây luôn! Niềm vui này xứng đáng được lan tỏa! Cứ giữ phong độ và tiếp tục phát huy! Mình tự hào về bạn lắm!
"Tim đập thình thịch quá, chi tiêu tháng này lố quá, ko bt xoay sở sao huhu",Lo âu,Cuộc sống,"Nghe mình này nhé, Lo âu kiểu này ai cũng hiểu, đừng tự trách bản thân nhé. Tắt thông báo điện thoại một lúc, tập trung vào đúng 1 việc thôi. Cố lên nha!"
"về nhà là bị đánh, đi đâu cũng bị kiểm soát, mình muốn thoát ra nhưng không biết cách",Bạo hành,Khủng hoảng,Điều bạn mô tả là bạo hành và bạn hoàn toàn có quyền được bảo vệ. Hãy liên hệ 1900 969 680 (hỗ trợ phụ nữ & trẻ em) hoặc Tổng đài 111 ngay. Họ sẽ giúp bạn thoát khỏi tình huống này.
"Dạo này ko hòa nhập được với văn hóa công ty mới, muốn khóc",Buồn bã,Công việc,Lại đây tâm sự với mình nào. Những lúc như này mới thấy cuộc sống không phải lúc nào cũng dễ. Bật nhạc nhẹ hoặc xem phim cho khuây khỏa. Mạnh lên nghen!
Thiệt tình chờ mãi kh thấy ng ấy rep tin nhắn. lo lắng thật sự,Lo âu,Tình cảm,"Nghe mình này nhé, Mình hiểu bạn đang lo lắng lắm. Thử đặt deadline nhỏ cho từng việc, đừng nhìn cả đống cùng lúc. Mọi chuyện rồi sẽ ổn thôi!"
"Dạo này bạn mượn tiền lâu rồi mà cứ quên trả, tức á 🤬",Tức giận,Cuộc sống,Uống ngụm nước lạnh đi đã. Đúng là có những chuyện không thể bỏ qua được. Viết ra hết cảm xúc bực bội vào giấy rồi xé đi — nhẹ lòng lắm đó. Bỏ qua cho nhẹ đầu nhé.
"Tớ ph làm bù việc của mấy đứa lười trong team, muốn bùng cháy 🔥",Tức giận,Công việc,"Hiểu sự bức xúc của bạn luôn! Bực như vậy mà không nói gì mới lạ, bạn phản ứng bình thường thôi. Xả stress đi, đi dạo hay đấm gối cũng được. Bỏ qua cho nhẹ đầu nhé."
"Ae tư vấn giúp, bạn cùng nhóm kh chịu đóng góp bài tập thì nên làm sao? sôi máu 😤",Tức giận,Học tập,"Uống ngụm nước lạnh đi đã. Sự bực bội của bạn hoàn toàn chính đáng. Đừng vội phản ứng lúc này, giận quá dễ nói sai. Mình tin bạn sẽ xử lý được thôi."
"Ae tư vấn giúp, sắp thi mà chưa học chữ nào thì nên làm sao? rén ngang 😭",Lo âu,Học tập,Từ từ đã bạn ơi. Cảm giác không kiểm soát được mọi thứ thật sự khó chịu. Nói chuyện với ai đó bạn tin tưởng — đôi khi chỉ cần kể ra là nhẹ hơn nhiều. Mình tin bạn sẽ vượt qua được.
Thiệt tình sắp đến kỳ đóng tiền trọ mà lương chưa về. run không chịu được ...,Lo âu,Cuộc sống,"Ổn thôi bạn ơi, Mình biết bạn đang cố gắng hết sức rồi. Ghi ra giấy những gì đang lo, ưu tiên từng cái. Mình tin bạn sẽ vượt qua được."
"Đổ mồ hôi hột quá, chuẩn bị tỏ tình mà sợ bị từ chối",Lo âu,Tình cảm,"Bình tĩnh nào! Mình biết bạn đang cố gắng hết sức rồi. Chia nhỏ vấn đề ra, xử lý từng bước một nhé. Mọi chuyện rồi sẽ ổn thôi!"
"Hôm nay bị sếp ép deadline vô lý không có lý do, muốn bùng cháy 🤬",Tức giận,Công việc,"Uống ngụm nước lạnh đi đã. Sự bực bội của bạn hoàn toàn chính đáng. Đợi nguôi rồi hẵng nói chuyện lại, lúc đó mới xử lý được bình tĩnh hơn. Thả lỏng ra nào!"
Bị giao dự án mới mà chưa có kinh nghiệm gì làm tớ rén ngang 😭,Lo âu,Công việc,"Hít thở sâu vào nào. Mình hiểu bạn đang lo lắng lắm. Ghi ra giấy những gì đang lo, ưu tiên từng cái. Mọi chuyện rồi sẽ ổn thôi!"
"Muốn bùng cháy quá, khách hàng dời lịch họp sát giờ mà kh báo trước 🙄",Tức giận,Công việc,"Hạ hỏa trước nào! Gặp chuyện đó ai mà không điên tiết. Bơ đi mà sống, để bụng chỉ tổ mệt mình. Bỏ qua cho nhẹ đầu nhé."
"lo lắng thật sự quá, khối lượng công việc nhiều quá, không biết bắt đầu từ đâu 😥",Lo âu,Công việc,"Ổn thôi bạn ơi, Mình hiểu bạn đang lo lắng lắm. Tắt thông báo điện thoại một lúc, tập trung vào đúng 1 việc thôi. Bước qua được rồi sẽ thấy mình lớn hơn đó."
Thiệt tình bị đồng nghiệp đổ lỗi cho mình trước mặt sếp. tức á 💢,Tức giận,Công việc,"Hạ hỏa trước nào! Thiệt là củ chuối không chịu được. Bơ đi mà sống, để bụng chỉ tổ mệt mình. Thả lỏng ra nào!"
Thiệt tình mới nghỉ việc xong chưa bt làm gì tiếp. run kh chịu dc 😱,Lo âu,Công việc,Hít thở sâu vào nào. Mình hiểu bạn đang lo lắng lắm. Nói chuyện với ai đó bạn tin tưởng — đôi khi chỉ cần kể ra là nhẹ hơn nhiều. Mình tin bạn sẽ vượt qua được.
"Ae tư vấn giúp, được crush rủ đi chơi cuối tuần thì nên làm sao? sướng rơn ✨",Vui vẻ,Tình cảm,Chúc mừng bạn nhé 🎉 Đúng là ngày may mắn của bạn rồi. Nhớ tự thưởng một chầu ăn ngon nhé. Chúc bạn luôn giữ năng lượng tích cực!
mới nghỉ việc xong chưa biết làm gì tiếp 😰,Lo âu,Công việc,"Ổn thôi bạn ơi, Áp lực như vậy ai gặp cũng rén thôi, bạn không có gì sai cả. Thử đặt deadline nhỏ cho từng việc, đừng nhìn cả đống cùng lúc. Mọi chuyện rồi sẽ ổn thôi!"
Thiệt tình chốt đơn thành công món đồ ao ước bấy lâu. hạnh phúc quá 🤩,Vui vẻ,Cuộc sống,Đỉnh thật sự! Bao nhiêu cố gắng cuối cùng đã được đền đáp. Tận hưởng khoảnh khắc này đến cùng nhé. Chúc bạn luôn giữ năng lượng tích cực!
"Ae tư vấn giúp, khách hàng dời lịch họp sát giờ mà kh báo trước thì nên làm sao? tức á 🙄",Tức giận,Công việc,"Hạ hỏa trước nào! Nghe mà mình cũng thấy khó chịu theo, bạn có lý mà. Bơ đi mà sống, để bụng chỉ tổ mệt mình. Đừng để chuyện bực mình làm hỏng cả ngày."
Hôm nay xử lý đc bug khó mà cả team đều bó tay 🎉,Vui vẻ,Công việc,Tuyệt vời quá! Niềm vui này xứng đáng được lan tỏa! Cứ giữ phong độ và tiếp tục phát huy! Tiến lên thôi!
"áp lực KPI tháng này cao quá, sợ không đạt 😭",Lo âu,Công việc,"Bình tĩnh nào! Cảm giác không kiểm soát được mọi thứ thật sự khó chịu. Cứ làm hết sức mình, kết quả ra sao cũng không hối hận. Bước qua được rồi sẽ thấy mình lớn hơn đó."
Thiệt tình ko ai trong nhóm bạn hiểu mình. buồn thiu 😢,Buồn bã,Cuộc sống,"Ôm bạn một cái nha. Những lúc như này mới thấy cuộc sống không phải lúc nào cũng dễ. Đừng thu mình lại, có mình ở đây mà. Ngày mai trời sẽ sáng hơn hôm nay."
hai đứa vừa giải quyết được hiểu lầm hồi lâu làm tao phấn khích 🎉,Vui vẻ,Tình cảm,Đỉnh thật sự! Thấy bạn vui mình cũng phấn chấn theo. Chia sẻ tin này với người thân đi nào. Quá xá đã!
"Muốn khóc quá, cãi nhau vs ng yêu, không bt có ổn không haiz",Buồn bã,Tình cảm,"Thương bạn quá. Cảm giác đó nặng nề lắm, bạn không sao cả. Cứ cho phép bản thân nghỉ ngơi vài ngày. Mình luôn ở đây lắng nghe."
Đồ án bị bắt làm lại từ đầu vì lý do mơ hồ làm chời ơi điên máu 🤬,Tức giận,Học tập,"Hạ hỏa trước nào! Sự bực bội của bạn hoàn toàn chính đáng. Đừng vội phản ứng lúc này, giận quá dễ nói sai. Nghĩ chuyện vui cho đỡ tức nhé."
"ko thể tin được quá, chốt đơn thành công món đồ ao ước bấy lâu",Vui vẻ,Cuộc sống,Chúc mừng bạn nhé 🎉 Cái cảm giác sau bao ngày chờ đợi giờ thành sự thật đỉnh lắm! Tận hưởng khoảnh khắc này đến cùng nhé. Mình tự hào về bạn lắm!
"hạnh phúc quá quá, giải quyết xong đống task tồn đọng cả tuần ✨",Vui vẻ,Công việc,Nghe mà vui lây luôn! Cái cảm giác sau bao ngày chờ đợi giờ thành sự thật đỉnh lắm! Chia sẻ tin này với người thân đi nào. Yomost lun nha!
Đồ án bị bắt làm lại từ đầu vì lý do mơ hồ làm tớ muốn bùng cháy 🙄,Tức giận,Học tập,"Hạ hỏa trước nào! Gặp chuyện đó ai mà không điên tiết. Đợi nguôi rồi hẵng nói chuyện lại, lúc đó mới xử lý được bình tĩnh hơn. Bỏ qua cho nhẹ đầu nhé."
"nằm khóc cả đêm và nghĩ đến chuyện tự tử, sợ mình thật sự làm vậy",Trầm cảm/Tuyệt vọng,Khủng hoảng,"Mình nghe thấy bạn đang rất đau khổ lúc này. Bạn không cần chịu đựng một mình đâu. Hãy gọi ngay 1800 599 920 (miễn phí, 24/7) để được chuyên gia lắng nghe. Cuộc sống của bạn rất quý giá."
làm việc cật lực mà kh được ghi nhận làm tự nhiên tê tái 🥀,Buồn bã,Công việc,Thương bạn quá. Những lúc như này mới thấy cuộc sống không phải lúc nào cũng dễ. Gọi cho bạn thân trút bầu tâm sự nha. Mình luôn ở đây lắng nghe.
crush nhắn tin trước làm hôm nay kh thể tin được 🥰,Vui vẻ,Tình cảm,Nghe mà vui lây luôn! Đúng là ngày may mắn của bạn rồi. Nhớ tự thưởng một chầu ăn ngon nhé. Chúc bạn luôn giữ năng lượng tích cực!
"Má ơi hai đứa vừa giải quyết được hiểu lầm hồi lâu, hạnh phúc quá 😎",Vui vẻ,Tình cảm,Tuyệt vời quá! Thấy bạn vui mình cũng phấn chấn theo. Chia sẻ tin này với người thân đi nào. Mình tự hào về bạn lắm!
"Ae tư vấn giúp, ko hòa nhập được với văn hóa công ty mới thì nên làm sao? muốn khóc",Buồn bã,Công việc,Lại đây tâm sự với mình nào. Những lúc như này mới thấy cuộc sống không phải lúc nào cũng dễ. Gọi cho bạn thân trút bầu tâm sự nha. Mạnh lên nghen!
Phải làm bù việc của mấy đứa lười trong team 🙄,Tức giận,Công việc,"Nghe mà tức dùm á 😡 Nghe mà mình cũng thấy khó chịu theo, bạn có lý mà. Bơ đi mà sống, để bụng chỉ tổ mệt mình. Nghĩ chuyện vui cho đỡ tức nhé."
hai đứa vừa giải quyết đc hiểu lầm hồi lâu ✨,Vui vẻ,Tình cảm,Chúc mừng bạn nhé 🎉 Cái cảm giác sau bao ngày chờ đợi giờ thành sự thật đỉnh lắm! Lưu lại khoảnh khắc này để sau nhìn lại vẫn còn thấy vui. Yomost lun nha!
giải quyết xong đống task tồn đọng cả tuần 😎,Vui vẻ,Công việc,Nghe mà vui lây luôn! Kết quả này là thành quả xứng đáng từ nỗ lực của bạn. Cứ giữ phong độ và tiếp tục phát huy! Chúc bạn luôn giữ năng lượng tích cực!
"Ae tư vấn giúp, vừa chốt được hợp đồng lớn sau bao ngày nỗ lực thì nên làm sao? hạnh phúc quá 🎉",Vui vẻ,Công việc,Nghe mà vui lây luôn! Thấy bạn vui mình cũng phấn chấn theo. Tận hưởng khoảnh khắc này đến cùng nhé. Yomost lun nha!
ng yêu liên tục đến trễ mà không xin lỗi làm dạo này điên máu 🙄,Tức giận,Tình cảm,"Hạ hỏa trước nào! Gặp chuyện đó ai mà không điên tiết. Đừng vội phản ứng lúc này, giận quá dễ nói sai. Bỏ qua cho nhẹ đầu nhé."
Thiệt tình k bt người ấy có thật sự thích mình kh. run ko chịu được 😥,Lo âu,Tình cảm,"Bình tĩnh nào! Cảm giác bất an như vậy thật sự rất nặng nề. Cứ làm hết sức mình, kết quả ra sao cũng không hối hận. Mình tin bạn sẽ vượt qua được."
"bị kiểm soát điện thoại, tiền bạc, k dc ra ngoài, như bị giam cầm",Bạo hành,Khủng hoảng,"Bạn không cần phải chịu đựng điều này một mình. Xin hãy gọi Tổng đài 111 (bảo vệ trẻ em & gia đình, miễn phí 24/7) hoặc 113 nếu đang gặp nguy hiểm ngay lúc này. Bạn an toàn là điều quan trọng nhất."
Thiệt tình dự án tâm huyết bị hủy bỏ phút chót. thất vọng toàn tập 💔,Buồn bã,Công việc,"Lại đây tâm sự với mình nào. Buồn như vậy là hoàn toàn bình thường, đừng cố kìm lại. Bật nhạc nhẹ hoặc xem phim cho khuây khỏa. Mọi chuyện rồi sẽ qua thôi."
bốc trúng phần thưởng to trong sự kiện làm mn ơi sướng rơn =)),Vui vẻ,Cuộc sống,Nghe mà vui lây luôn! Cái cảm giác sau bao ngày chờ đợi giờ thành sự thật đỉnh lắm! Tận hưởng khoảnh khắc này đến cùng nhé. Mình tự hào về bạn lắm!
"Ae tư vấn giúp, đồ án bị bắt làm lại từ đầu vì lý do mơ hồ thì nên làm sao? sôi máu 😤",Tức giận,Học tập,"Thở ra đi, thở ra. Nghe mà mình cũng thấy khó chịu theo, bạn có lý mà. Xả stress đi, đi dạo hay đấm gối cũng được. Đừng để chuyện bực mình làm hỏng cả ngày."
Không bt mình có đang đi đúng hướng trong sự nghiệp kh làm mình run không chịu dc 😥,Lo âu,Công việc,Hít thở sâu vào nào. Mình hiểu bạn đang lo lắng lắm. Nói chuyện với ai đó bạn tin tưởng — đôi khi chỉ cần kể ra là nhẹ hơn nhiều. Đừng quá nghiêm khắc với bản thân nhé.
"Tê tái quá, ko ai trong nhóm bạn hiểu mình 😢",Buồn bã,Cuộc sống,"Mình ở đây rồi, cứ nói ra đi. Buồn như vậy là hoàn toàn bình thường, đừng cố kìm lại. Đừng thu mình lại, có mình ở đây mà. Thời gian sẽ chữa lành mọi thứ."
"phấn khích quá, được crush rủ đi chơi cuối tuần 😎",Vui vẻ,Tình cảm,Chúc mừng bạn nhé 🎉 Niềm vui này xứng đáng được lan tỏa! Nhớ tự thưởng một chầu ăn ngon nhé. Mình tự hào về bạn lắm!
"Nay đi đường k bị tắc, đến nơi sớm hơn làm ủa mà hạnh phúc quá 😆",Vui vẻ,Cuộc sống,Nghe mà vui lây luôn! Niềm vui này xứng đáng được lan tỏa! Nhớ tự thưởng một chầu ăn ngon nhé. Quá xá đã!
"Ae tư vấn giúp, sắp tới deadline mà chưa làm được chữ nào thì nên làm sao? lo lắng thật sự 😰",Lo âu,Công việc,"Từ từ đã bạn ơi. Cảm giác bất an như vậy thật sự rất nặng nề. Tắt thông báo điện thoại một lúc, tập trung vào đúng 1 việc thôi. Mọi chuyện rồi sẽ ổn thôi!"
bị đồng nghiệp đổ lỗi cho mình trước mặt sếp làm mn ơi giận tím người 🔥,Tức giận,Công việc,Uống ngụm nước lạnh đi đã. Sự bực bội của bạn hoàn toàn chính đáng. Viết ra hết cảm xúc bực bội vào giấy rồi xé đi — nhẹ lòng lắm đó. Bỏ qua cho nhẹ đầu nhé.
"Con tôi bị bắt nạt nghiêm trọng ở trường, bị đánh và bị đe dọa mỗi ngày.",Bạo hành,Khủng hoảng,"Không ai có quyền làm hại bạn. Gọi ngay 111 hoặc 1900 969 680 để được hỗ trợ khẩn cấp. Nếu cần, cảnh sát 113 luôn sẵn sàng bảo vệ bạn. Bạn xứng đáng được sống trong an toàn."
"Ko thể tin được quá, học bổng về tài khoản rùi =))",Vui vẻ,Học tập,Chúc mừng bạn nhé 🎉 Thấy bạn vui mình cũng phấn chấn theo. Lưu lại khoảnh khắc này để sau nhìn lại vẫn còn thấy vui. Mình tự hào về bạn lắm!
"Ae tư vấn giúp, bị overthinking trước khi ngủ không tắt được thì nên làm sao? đổ mồ hôi hột 😱",Lo âu,Cuộc sống,"Nghe mình này nhé, Cảm giác bất an như vậy thật sự rất nặng nề. Uống ly nước ấm, nghỉ một chút rồi tiếp tục. Cố lên nha!"
"Thiệt tình team bị giảm nhân sự, mình ph gánh thêm việc. bất an ghê huhu",Lo âu,Công việc,"Bình tĩnh nào! Mình biết bạn đang cố gắng hết sức rồi. Ghi ra giấy những gì đang lo, ưu tiên từng cái. Mọi chuyện rồi sẽ ổn thôi!"
"Tự nhiên mới chia tay xong, cứ thấy trống rỗng, tê tái 😔",Buồn bã,Tình cảm,"Ôm bạn một cái nha. Mình rất tiếc khi nghe điều này. Buồn thì cứ khóc ra cho nhẹ lòng, đừng cố nuốt vào. Ngày mai trời sẽ sáng hơn hôm nay."
"Ae tư vấn giúp, chuẩn bị tỏ tình mà sợ bị từ chối thì nên làm sao? rén ngang 😭",Lo âu,Tình cảm,"Ổn thôi bạn ơi, Lo âu kiểu này ai cũng hiểu, đừng tự trách bản thân nhé. Cứ làm hết sức mình, kết quả ra sao cũng không hối hận. Cố lên nha!"
"Ae tư vấn giúp, đc thăng chức rồi thì nên làm sao? vui xỉu ✨",Vui vẻ,Công việc,Nghe mà vui lây luôn! Bao nhiêu cố gắng cuối cùng đã được đền đáp. Tận hưởng khoảnh khắc này đến cùng nhé. Quá xá đã!
"Má ơi cảm thấy mình học kém hơn bạn bè rất nhiều, chán nản thật sự 😞",Buồn bã,Học tập,Chia buồn cùng bạn. Những lúc như này mới thấy cuộc sống không phải lúc nào cũng dễ. Gọi cho bạn thân trút bầu tâm sự nha. Mình luôn ở đây lắng nghe.
Thiệt tình dự án tâm huyết bị hủy bỏ phút chót. thất vọng toàn tập haiz,Buồn bã,Công việc,"Thương bạn quá. Cảm giác đó nặng nề lắm, bạn không sao cả. Gọi cho bạn thân trút bầu tâm sự nha. Ngày mai trời sẽ sáng hơn hôm nay."
"Hồi hộp quá quá, khối lượng công việc nhiều quá, kh bt bắt đầu từ đâu huhu",Lo âu,Công việc,"Hít thở sâu vào nào. Cảm giác không kiểm soát được mọi thứ thật sự khó chịu. Tắt thông báo điện thoại một lúc, tập trung vào đúng 1 việc thôi. Đừng quá nghiêm khắc với bản thân nhé."
"tức á quá, bạn mượn tiền lâu rùi mà cứ quên trả 🙄",Tức giận,Cuộc sống,"Uống ngụm nước lạnh đi đã. Thiệt là củ chuối không chịu được. Bơ đi mà sống, để bụng chỉ tổ mệt mình. Mình tin bạn sẽ xử lý được thôi."
Thiệt tình sắp đến kỳ đóng tiền trọ mà lương chưa về. tim đập thình thịch ...,Lo âu,Cuộc sống,"Từ từ đã bạn ơi. Lo âu kiểu này ai cũng hiểu, đừng tự trách bản thân nhé. Thử đặt deadline nhỏ cho từng việc, đừng nhìn cả đống cùng lúc. Đừng quá nghiêm khắc với bản thân nhé."
"Má ơi bị overthinking trước khi ngủ ko tắt được, hồi hộp quá 😭",Lo âu,Cuộc sống,"Ổn thôi bạn ơi, Cảm giác bất an như vậy thật sự rất nặng nề. Nói chuyện với ai đó bạn tin tưởng — đôi khi chỉ cần kể ra là nhẹ hơn nhiều. Cố lên nha!"
"Chời ơi lương về rồi, phát điên, ko thể tin được 🥰",Vui vẻ,Cuộc sống,Wow xịn xò vậy! Cái cảm giác sau bao ngày chờ đợi giờ thành sự thật đỉnh lắm! Lưu lại khoảnh khắc này để sau nhìn lại vẫn còn thấy vui. Mình tự hào về bạn lắm!
"Chi tiêu tháng này lố quá, không bt xoay sở sao làm tao hoang mang tột độ 😰",Lo âu,Cuộc sống,"Ổn thôi bạn ơi, Cảm giác bất an như vậy thật sự rất nặng nề. Cứ làm hết sức mình, kết quả ra sao cũng không hối hận. Mình tin bạn sẽ vượt qua được."
"Tao trời mưa tự nhiên nhớ ng yêu cũ, thất vọng toàn tập 💔",Buồn bã,Tình cảm,"Lại đây tâm sự với mình nào. Mình rất tiếc khi nghe điều này. Bước ra ngoài đi dạo một chút, không khí tươi cũng giúp được phần nào. Mạnh lên nghen!"
"Ae tư vấn giúp, chọn sai ngành, không bt có nên đổi ko thì nên làm sao? bất an ghê 😱",Lo âu,Học tập,"Bình tĩnh nào! Cảm giác không kiểm soát được mọi thứ thật sự khó chịu. Chia nhỏ vấn đề ra, xử lý từng bước một nhé. Bước qua được rồi sẽ thấy mình lớn hơn đó."
"Ae tư vấn giúp, gõ xong đoạn code dài mà cúp điện mất hết thì nên làm sao? cay thật sự 😤",Tức giận,Công việc,"Nghe mà tức dùm á 😡 Sự bực bội của bạn hoàn toàn chính đáng. Bơ đi mà sống, để bụng chỉ tổ mệt mình. Đừng để chuyện bực mình làm hỏng cả ngày."
bài thi đc điểm cao ngoài mong đợi làm tự nhiên không thể tin được 😆,Vui vẻ,Học tập,Wow xịn xò vậy! Niềm vui này xứng đáng được lan tỏa! Lưu lại khoảnh khắc này để sau nhìn lại vẫn còn thấy vui. Chúc bạn luôn giữ năng lượng tích cực!
"Mình mới chia tay xong, cứ thấy trống rỗng, tủi thân",Buồn bã,Tình cảm,Ôm bạn một cái nha. Những lúc như này mới thấy cuộc sống không phải lúc nào cũng dễ. Bật nhạc nhẹ hoặc xem phim cho khuây khỏa. Mình luôn ở đây lắng nghe.
Thiệt tình ph làm bù việc của mấy đứa lười trong team. tức á 💢,Tức giận,Công việc,"Thở ra đi, thở ra. Gặp chuyện đó ai mà không điên tiết. Bơ đi mà sống, để bụng chỉ tổ mệt mình. Nghĩ chuyện vui cho đỡ tức nhé."
Không bt mình có đang đi đúng hướng trong sự nghiệp kh 😭,Lo âu,Công việc,"Ổn thôi bạn ơi, Mình biết bạn đang cố gắng hết sức rồi. Tắt thông báo điện thoại một lúc, tập trung vào đúng 1 việc thôi. Cố lên nha!"
"sống mà như cái xác không hồn, chẳng cảm nhận được gì",Trầm cảm/Tuyệt vọng,Khủng hoảng,Điều bạn đang cảm thấy rất nghiêm trọng và bạn xứng đáng được giúp đỡ. Hãy gọi 1800 599 920 ngay bây giờ hoặc đến cơ sở y tế gần nhất. Bạn không cần phải một mình vượt qua điều này.
"thất vọng toàn tập quá, làm việc cật lực mà không được ghi nhận 😞",Buồn bã,Công việc,"Thương bạn quá. Ai gặp phải cũng đau lòng thôi, bạn không có gì sai. Gọi cho bạn thân trút bầu tâm sự nha. Mọi chuyện rồi sẽ qua thôi."
"Phấn khích quá, khách hàng gửi email khen ngợi sản phẩm của mình =))",Vui vẻ,Công việc,Tuyệt vời quá! Niềm vui này xứng đáng được lan tỏa! Cứ giữ phong độ và tiếp tục phát huy! Yomost lun nha!
"Ae tư vấn giúp, team bị giảm nhân sự, mình ph gánh thêm việc thì nên làm sao? run ko chịu được 😭",Lo âu,Công việc,"Hít thở sâu vào nào. Lo âu kiểu này ai cũng hiểu, đừng tự trách bản thân nhé. Tắt thông báo điện thoại một lúc, tập trung vào đúng 1 việc thôi. Cố lên nha!"
"Ae tư vấn giúp, bốc trúng phần thưởng to trong sự kiện thì nên làm sao? phê =))",Vui vẻ,Cuộc sống,Tuyệt vời quá! Đúng là ngày may mắn của bạn rồi. Đây là động lực để bạn tiếp tục cố gắng những thứ khác nữa đó. Chúc bạn luôn giữ năng lượng tích cực!
"Giận tím người quá, khách hàng dời lịch họp sát giờ mà không báo trước 🙄",Tức giận,Công việc,"Hạ hỏa trước nào! Đúng là có những chuyện không thể bỏ qua được. Xả stress đi, đi dạo hay đấm gối cũng được. Thả lỏng ra nào!"
"Ae tư vấn giúp, team bị giảm nhân sự, mình ph gánh thêm việc thì nên làm sao? lo lắng thật sự ...",Lo âu,Công việc,"Nghe mình này nhé, Mình biết bạn đang cố gắng hết sức rồi. Ghi ra giấy những gì đang lo, ưu tiên từng cái. Mọi chuyện rồi sẽ ổn thôi!"
Ko biết người ấy có thật sự thích mình không làm hôm nay hồi hộp quá 😥,Lo âu,Tình cảm,"Nghe mình này nhé, Mình biết bạn đang cố gắng hết sức rồi. Ghi ra giấy những gì đang lo, ưu tiên từng cái. Cố lên nha!"
Không hòa nhập được vs văn hóa công ty mới 😞,Buồn bã,Công việc,Chia buồn cùng bạn. Mình rất tiếc khi nghe điều này. Cứ cho phép bản thân nghỉ ngơi vài ngày. Ngày mai trời sẽ sáng hơn hôm nay.
sếp khen project mới làm tốt trước toàn công ty làm ae ơi yêu đời hẳn 🥰,Vui vẻ,Công việc,Tuyệt vời quá! Kết quả này là thành quả xứng đáng từ nỗ lực của bạn. Nhớ tự thưởng một chầu ăn ngon nhé. Quá xá đã!
"chồng kiểm soát tất cả tiền bạc, không cho mình ra ngoài, cô lập mình hoàn toàn",Bạo hành,Khủng hoảng,"Không ai có quyền làm hại bạn. Gọi ngay 111 hoặc 1900 969 680 để được hỗ trợ khẩn cấp. Nếu cần, cảnh sát 113 luôn sẵn sàng bảo vệ bạn. Bạn xứng đáng được sống trong an toàn."
"sướng rơn quá, được thầy khen bài luận trước lớp 😆",Vui vẻ,Học tập,Chúc mừng bạn nhé 🎉 Kết quả này là thành quả xứng đáng từ nỗ lực của bạn. Cứ giữ phong độ và tiếp tục phát huy! Quá xá đã!
Thiệt tình giải quyết xong đống task tồn đọng cả tuần. phấn khích 🤩,Vui vẻ,Công việc,Nghe mà vui lây luôn! Kết quả này là thành quả xứng đáng từ nỗ lực của bạn. Chia sẻ tin này với người thân đi nào. Chúc bạn luôn giữ năng lượng tích cực!
"Ủa mà k ai trong nhóm bạn hiểu mình, tủi thân 🥀",Buồn bã,Cuộc sống,"Chia buồn cùng bạn. Cảm giác đó nặng nề lắm, bạn không sao cả. Cứ cho phép bản thân nghỉ ngơi vài ngày. Mình luôn ở đây lắng nghe."
chốt đơn thành công món đồ ao ước bấy lâu 🤩,Vui vẻ,Cuộc sống,Nghe mà vui lây luôn! Kết quả này là thành quả xứng đáng từ nỗ lực của bạn. Tận hưởng khoảnh khắc này đến cùng nhé. Tiến lên thôi!
"Lương về r, phát điên làm ủa mà ko thể tin được 😆",Vui vẻ,Cuộc sống,Tuyệt vời quá! Bao nhiêu cố gắng cuối cùng đã được đền đáp. Nhớ tự thưởng một chầu ăn ngon nhé. Quá xá đã!
hôm nay xử lý đc bug khó mà cả team đều bó tay làm tự nhiên phê,Vui vẻ,Công việc,Nghe mà vui lây luôn! Bao nhiêu cố gắng cuối cùng đã được đền đáp. Lưu lại khoảnh khắc này để sau nhìn lại vẫn còn thấy vui. Yomost lun nha!
Khách hàng gửi email khen ngợi sản phẩm của mình 🥰,Vui vẻ,Công việc,Đỉnh thật sự! Kết quả này là thành quả xứng đáng từ nỗ lực của bạn. Tận hưởng khoảnh khắc này đến cùng nhé. Chúc bạn luôn giữ năng lượng tích cực!
"tim đập thình thịch quá, cảm giác bị tụt hậu so với bạn bè đồng trang lứa",Lo âu,Cuộc sống,"Hít thở sâu vào nào. Cảm giác không kiểm soát được mọi thứ thật sự khó chịu. Ghi ra giấy những gì đang lo, ưu tiên từng cái. Mọi chuyện rồi sẽ ổn thôi!"
Crush nhắn tin trước làm mn ơi yêu đời hẳn =)),Vui vẻ,Tình cảm,Chúc mừng bạn nhé 🎉 Bao nhiêu cố gắng cuối cùng đã được đền đáp. Tận hưởng khoảnh khắc này đến cùng nhé. Quá xá đã!
Kh hiểu bài nhưng ko dám hỏi thầy ...,Lo âu,Học tập,"Ổn thôi bạn ơi, Cảm giác không kiểm soát được mọi thứ thật sự khó chịu. Uống ly nước ấm, nghỉ một chút rồi tiếp tục. Cố lên nha!"
Thiệt tình bị hủy hẹn đi chơi phút chót không có lý do. điên máu 💢,Tức giận,Tình cảm,Uống ngụm nước lạnh đi đã. Sự bực bội của bạn hoàn toàn chính đáng. Viết ra hết cảm xúc bực bội vào giấy rồi xé đi — nhẹ lòng lắm đó. Thả lỏng ra nào!
Cảm giác mối quan hệ đang ngày càng nhạt dần ...,Lo âu,Tình cảm,"Ổn thôi bạn ơi, Cảm giác bất an như vậy thật sự rất nặng nề. Nói chuyện với ai đó bạn tin tưởng — đôi khi chỉ cần kể ra là nhẹ hơn nhiều. Cố lên nha!"
Thiệt tình ko hòa nhập được vs văn hóa công ty mới. muốn khóc 💔,Buồn bã,Công việc,Thương bạn quá. Chuyện đó thật sự khiến người ta hụt hẫng nhiều. Gọi cho bạn thân trút bầu tâm sự nha. Thời gian sẽ chữa lành mọi thứ.
"Buồn thiu quá, cãi nhau vs người yêu, không biết có ổn k",Buồn bã,Tình cảm,"Mình ở đây rồi, cứ nói ra đi. Cảm giác đó nặng nề lắm, bạn không sao cả. Gọi cho bạn thân trút bầu tâm sự nha. Mạnh lên nghen!"
Bị hủy hẹn đi chơi phút chót không có lý do làm ủa mà điên máu 😡,Tức giận,Tình cảm,"Uống ngụm nước lạnh đi đã. Đúng là có những chuyện không thể bỏ qua được. Bơ đi mà sống, để bụng chỉ tổ mệt mình. Đừng để chuyện bực mình làm hỏng cả ngày."
Mọi thứ dạo này cứ xui xẻo liên tục làm má ơi tủi thân 🥀,Buồn bã,Cuộc sống,"Thương bạn quá. Buồn như vậy là hoàn toàn bình thường, đừng cố kìm lại. Đừng thu mình lại, có mình ở đây mà. Thời gian sẽ chữa lành mọi thứ."
"Ae tư vấn giúp, hai đứa vừa giải quyết được hiểu lầm hồi lâu thì nên làm sao? phê =))",Vui vẻ,Tình cảm,Đỉnh thật sự! Kết quả này là thành quả xứng đáng từ nỗ lực của bạn. Tận hưởng khoảnh khắc này đến cùng nhé. Yomost lun nha!
Bị trừ lương vì một lỗi nhỏ làm tui muốn khóc 💔,Buồn bã,Công việc,"Thương bạn quá. Chuyện đó thật sự khiến người ta hụt hẫng nhiều. Đừng thu mình lại, có mình ở đây mà. Thời gian sẽ chữa lành mọi thứ."
Sắp đến kỳ đóng tiền trọ mà lương chưa về làm mình rén ngang 😰,Lo âu,Cuộc sống,"Nghe mình này nhé, Mình hiểu bạn đang lo lắng lắm. Thử đặt deadline nhỏ cho từng việc, đừng nhìn cả đống cùng lúc. Đừng quá nghiêm khắc với bản thân nhé."
"Chời ơi đang đi đường thì bị xe tạt nước vào ng, cay thật sự",Tức giận,Cuộc sống,"Hiểu sự bức xúc của bạn luôn! Bực như vậy mà không nói gì mới lạ, bạn phản ứng bình thường thôi. Đợi nguôi rồi hẵng nói chuyện lại, lúc đó mới xử lý được bình tĩnh hơn. Bỏ qua cho nhẹ đầu nhé."
Kh hòa nhập dc vs văn hóa công ty mới 🥀,Buồn bã,Công việc,"Chia buồn cùng bạn. Buồn như vậy là hoàn toàn bình thường, đừng cố kìm lại. Cứ cho phép bản thân nghỉ ngơi vài ngày. Mình luôn ở đây lắng nghe."
"Hoang mang tột độ quá, k bt cách tiết kiệm tiền hiệu quả huhu",Lo âu,Cuộc sống,"Nghe mình này nhé, Lo âu kiểu này ai cũng hiểu, đừng tự trách bản thân nhé. Cứ làm hết sức mình, kết quả ra sao cũng không hối hận. Đừng quá nghiêm khắc với bản thân nhé."
bị đình chỉ thi vì vi phạm nội quy làm ae ơi tủi thân 😞,Buồn bã,Học tập,"Lại đây tâm sự với mình nào. Chuyện đó thật sự khiến người ta hụt hẫng nhiều. Bước ra ngoài đi dạo một chút, không khí tươi cũng giúp được phần nào. Mọi chuyện rồi sẽ qua thôi."
Sắp tới deadline mà chưa làm được chữ nào làm hôm nay tim đập thình thịch 😥,Lo âu,Công việc,"Ổn thôi bạn ơi, Cảm giác không kiểm soát được mọi thứ thật sự khó chịu. Thử đặt deadline nhỏ cho từng việc, đừng nhìn cả đống cùng lúc. Mình tin bạn sẽ vượt qua được."
"Thiệt tình chọn sai ngành, kh bt có nên đổi ko. hoang mang tột độ 😱",Lo âu,Học tập,"Nghe mình này nhé, Áp lực như vậy ai gặp cũng rén thôi, bạn không có gì sai cả. Cứ làm hết sức mình, kết quả ra sao cũng không hối hận. Cố lên nha!"
"Chời ơi gia đình hối thúc chuyện cưới xin, hoang mang tột độ 😥",Lo âu,Tình cảm,"Bình tĩnh nào! Áp lực như vậy ai gặp cũng rén thôi, bạn không có gì sai cả. Nói chuyện với ai đó bạn tin tưởng — đôi khi chỉ cần kể ra là nhẹ hơn nhiều. Đừng quá nghiêm khắc với bản thân nhé."
áp lực đồng trang lứa học giỏi hơn mình quá nhiều làm dạo này bất an ghê huhu,Lo âu,Học tập,"Ổn thôi bạn ơi, Mình biết bạn đang cố gắng hết sức rồi. Ghi ra giấy những gì đang lo, ưu tiên từng cái. Đừng quá nghiêm khắc với bản thân nhé."
điểm bị chấm sai mà không được phúc khảo làm hôm nay sôi máu 🙄,Tức giận,Học tập,"Uống ngụm nước lạnh đi đã. Bực như vậy mà không nói gì mới lạ, bạn phản ứng bình thường thôi. Bơ đi mà sống, để bụng chỉ tổ mệt mình. Bỏ qua cho nhẹ đầu nhé."
"Ae tư vấn giúp, pass môn khó nhất học kỳ r thì nên làm sao? không thể tin dc 🤩",Vui vẻ,Học tập,Chúc mừng bạn nhé 🎉 Đúng là ngày may mắn của bạn rồi. Cứ giữ phong độ và tiếp tục phát huy! Yomost lun nha!
"Muốn bùng cháy quá, bị đồng nghiệp đổ lỗi cho mình trước mặt sếp 🤬",Tức giận,Công việc,"Hạ hỏa trước nào! Bực như vậy mà không nói gì mới lạ, bạn phản ứng bình thường thôi. Đừng vội phản ứng lúc này, giận quá dễ nói sai. Mình tin bạn sẽ xử lý được thôi."
Điểm bị chấm sai mà kh được phúc khảo làm dạo này điên máu 😡,Tức giận,Học tập,"Uống ngụm nước lạnh đi đã. Nghe mà mình cũng thấy khó chịu theo, bạn có lý mà. Viết ra hết cảm xúc bực bội vào giấy rồi xé đi — nhẹ lòng lắm đó. Mình tin bạn sẽ xử lý được thôi."
bị đồng nghiệp đổ lỗi cho mình trước mặt sếp làm tui giận tím người 🤬,Tức giận,Công việc,Nghe mà tức dùm á 😡 Gặp chuyện đó ai mà không điên tiết. Hít thở sâu 10 cái rồi tính tiếp. Đừng để chuyện bực mình làm hỏng cả ngày.
"Vui xỉu quá, hôm nay kỷ niệm một năm yêu nhau 🎉",Vui vẻ,Tình cảm,Chúc mừng bạn nhé 🎉 Cái cảm giác sau bao ngày chờ đợi giờ thành sự thật đỉnh lắm! Lưu lại khoảnh khắc này để sau nhìn lại vẫn còn thấy vui. Chúc bạn luôn giữ năng lượng tích cực!
"Ae tư vấn giúp, áp lực đồng trang lứa học giỏi hơn mình quá nhiều thì nên làm sao? run không chịu đc 😭",Lo âu,Học tập,"Nghe mình này nhé, Cảm giác bất an như vậy thật sự rất nặng nề. Ghi ra giấy những gì đang lo, ưu tiên từng cái. Mọi chuyện rồi sẽ ổn thôi!"
"Tui nuôi con mèo bao năm mà nó đi mất, buồn thiu haiz",Buồn bã,Cuộc sống,Ôm bạn một cái nha. Những lúc như này mới thấy cuộc sống không phải lúc nào cũng dễ. Gọi cho bạn thân trút bầu tâm sự nha. Ngày mai trời sẽ sáng hơn hôm nay.
"Ae tư vấn giúp, cảm thấy mình không xứng vs ng ta thì nên làm sao? thất vọng toàn tập haiz",Buồn bã,Tình cảm,Ôm bạn một cái nha. Chuyện đó thật sự khiến người ta hụt hẫng nhiều. Bật nhạc nhẹ hoặc xem phim cho khuây khỏa. Mạnh lên nghen!
"hoang mang tột độ quá, tài khoản cạn tiền mà tháng còn dài 😥",Lo âu,Cuộc sống,"Từ từ đã bạn ơi. Cảm giác không kiểm soát được mọi thứ thật sự khó chịu. Tắt thông báo điện thoại một lúc, tập trung vào đúng 1 việc thôi. Bước qua được rồi sẽ thấy mình lớn hơn đó."
"Hôm nay giải quyết xong đống task tồn đọng cả tuần, hạnh phúc quá 🥰",Vui vẻ,Công việc,Nghe mà vui lây luôn! Thấy bạn vui mình cũng phấn chấn theo. Chia sẻ tin này với người thân đi nào. Tiến lên thôi!
"bất an ghê quá, cảm giác bị tụt hậu so với bạn bè đồng trang lứa ...",Lo âu,Cuộc sống,"Ổn thôi bạn ơi, Cảm giác bất an như vậy thật sự rất nặng nề. Uống ly nước ấm, nghỉ một chút rồi tiếp tục. Đừng quá nghiêm khắc với bản thân nhé."
"Tui khối lượng công việc nhiều quá, không bt bắt đầu từ đâu, run không chịu được 😱",Lo âu,Công việc,"Bình tĩnh nào! Mình biết bạn đang cố gắng hết sức rồi. Tắt thông báo điện thoại một lúc, tập trung vào đúng 1 việc thôi. Bước qua được rồi sẽ thấy mình lớn hơn đó."
"Hôm nay sắp thi mà chưa học chữ nào, rén ngang ...",Lo âu,Học tập,"Hít thở sâu vào nào. Lo âu kiểu này ai cũng hiểu, đừng tự trách bản thân nhé. Cứ làm hết sức mình, kết quả ra sao cũng không hối hận. Đừng quá nghiêm khắc với bản thân nhé."
làm việc cật lực mà ko được ghi nhận 😔,Buồn bã,Công việc,"Thương bạn quá. Ai gặp phải cũng đau lòng thôi, bạn không có gì sai. Đừng thu mình lại, có mình ở đây mà. Ngày mai trời sẽ sáng hơn hôm nay."
"sướng rơn quá, ăn đc món ngon đúng ý sau bao ngày thèm 🥰",Vui vẻ,Cuộc sống,Chúc mừng bạn nhé 🎉 Thấy bạn vui mình cũng phấn chấn theo. Nhớ tự thưởng một chầu ăn ngon nhé. Yomost lun nha!
phải làm bù việc của mấy đứa lười trong team làm chời ơi cay thật sự 😡,Tức giận,Công việc,"Hạ hỏa trước nào! Đúng là có những chuyện không thể bỏ qua được. Xả stress đi, đi dạo hay đấm gối cũng được. Đừng để chuyện bực mình làm hỏng cả ngày."
"Ae ơi ko ai trong nhóm bạn hiểu mình, thất vọng toàn tập 💔",Buồn bã,Cuộc sống,"Ôm bạn một cái nha. Cảm giác đó nặng nề lắm, bạn không sao cả. Bật nhạc nhẹ hoặc xem phim cho khuây khỏa. Mình luôn ở đây lắng nghe."
"Run không chịu đc quá, sắp đến kỳ đánh giá cuối năm mà thành tích chưa đủ 🥲",Lo âu,Công việc,"Bình tĩnh nào! Cảm giác bất an như vậy thật sự rất nặng nề. Ghi ra giấy những gì đang lo, ưu tiên từng cái. Bước qua được rồi sẽ thấy mình lớn hơn đó."
"Ae tư vấn giúp, mọi thứ dạo này cứ xui xẻo liên tục thì nên làm sao? thất vọng toàn tập haiz",Buồn bã,Cuộc sống,"Thương bạn quá. Những lúc như này mới thấy cuộc sống không phải lúc nào cũng dễ. Đừng thu mình lại, có mình ở đây mà. Mạnh lên nghen!"
"Cay thật sự quá, người yêu liên tục đến trễ mà k xin lỗi",Tức giận,Tình cảm,"Hiểu sự bức xúc của bạn luôn! Bực như vậy mà không nói gì mới lạ, bạn phản ứng bình thường thôi. Đừng vội phản ứng lúc này, giận quá dễ nói sai. Bỏ qua cho nhẹ đầu nhé."
Không hòa nhập đc vs văn hóa công ty mới làm tao chán nản thật sự 😢,Buồn bã,Công việc,"Chia buồn cùng bạn. Buồn như vậy là hoàn toàn bình thường, đừng cố kìm lại. Buồn thì cứ khóc ra cho nhẹ lòng, đừng cố nuốt vào. Mình luôn ở đây lắng nghe."
Nhắn tin cả ngày mà không thèm đọc nhưng vẫn online làm ủa mà điên máu 💢,Tức giận,Tình cảm,"Nghe mà tức dùm á 😡 Nghe mà mình cũng thấy khó chịu theo, bạn có lý mà. Viết ra hết cảm xúc bực bội vào giấy rồi xé đi — nhẹ lòng lắm đó. Mình tin bạn sẽ xử lý được thôi."
Chuẩn bị tỏ tình mà sợ bị từ chối huhu,Lo âu,Tình cảm,"Nghe mình này nhé, Mình biết bạn đang cố gắng hết sức rồi. Thử đặt deadline nhỏ cho từng việc, đừng nhìn cả đống cùng lúc. Cố lên nha!"
"Mn ơi chọn sai ngành, không biết có nên đổi kh, bất an ghê 😭",Lo âu,Học tập,"Ổn thôi bạn ơi, Mình biết bạn đang cố gắng hết sức rồi. Nói chuyện với ai đó bạn tin tưởng — đôi khi chỉ cần kể ra là nhẹ hơn nhiều. Mọi chuyện rồi sẽ ổn thôi!"
"Tự nhiên chuẩn bị tỏ tình mà sợ bị từ chối, hoang mang tột độ huhu",Lo âu,Tình cảm,"Hít thở sâu vào nào. Lo âu kiểu này ai cũng hiểu, đừng tự trách bản thân nhé. Uống ly nước ấm, nghỉ một chút rồi tiếp tục. Đừng quá nghiêm khắc với bản thân nhé."
bị sếp ép deadline vô lý kh có lý do 😡,Tức giận,Công việc,"Uống ngụm nước lạnh đi đã. Đúng là có những chuyện không thể bỏ qua được. Bơ đi mà sống, để bụng chỉ tổ mệt mình. Nghĩ chuyện vui cho đỡ tức nhé."
"Ae tư vấn giúp, sếp khen project mới làm tốt trước toàn công ty thì nên làm sao? sướng rơn 🤩",Vui vẻ,Công việc,Nghe mà vui lây luôn! Cái cảm giác sau bao ngày chờ đợi giờ thành sự thật đỉnh lắm! Tận hưởng khoảnh khắc này đến cùng nhé. Quá xá đã!
"Tui cãi nhau với ng yêu, k biết có ổn không, tủi thân haiz",Buồn bã,Tình cảm,"Chia buồn cùng bạn. Buồn như vậy là hoàn toàn bình thường, đừng cố kìm lại. Cứ cho phép bản thân nghỉ ngơi vài ngày. Mọi chuyện rồi sẽ qua thôi."
"Đổ mồ hôi hột quá, k bt cách tiết kiệm tiền hiệu quả 😰",Lo âu,Cuộc sống,Từ từ đã bạn ơi. Cảm giác bất an như vậy thật sự rất nặng nề. Nói chuyện với ai đó bạn tin tưởng — đôi khi chỉ cần kể ra là nhẹ hơn nhiều. Cố lên nha!
"Tớ không biết mình có đang đi đúng hướng trong sự nghiệp không, bất an ghê 🥲",Lo âu,Công việc,"Hít thở sâu vào nào. Áp lực như vậy ai gặp cũng rén thôi, bạn không có gì sai cả. Chia nhỏ vấn đề ra, xử lý từng bước một nhé. Mọi chuyện rồi sẽ ổn thôi!"
"lo lắng thật sự quá, sắp đến kỳ đánh giá cuối năm mà thành tích chưa đủ 😭",Lo âu,Công việc,"Nghe mình này nhé, Cảm giác bất an như vậy thật sự rất nặng nề. Ghi ra giấy những gì đang lo, ưu tiên từng cái. Mình tin bạn sẽ vượt qua được."
Ăn đc món ngon đúng ý sau bao ngày thèm làm mình hạnh phúc quá 🎉,Vui vẻ,Cuộc sống,Đỉnh thật sự! Kết quả này là thành quả xứng đáng từ nỗ lực của bạn. Tận hưởng khoảnh khắc này đến cùng nhé. Mình tự hào về bạn lắm!
Thiệt tình crush nhắn tin trước. phê 😎,Vui vẻ,Tình cảm,Chúc mừng bạn nhé 🎉 Kết quả này là thành quả xứng đáng từ nỗ lực của bạn. Đây là động lực để bạn tiếp tục cố gắng những thứ khác nữa đó. Quá xá đã!
khách hàng gửi email khen ngợi sản phẩm của mình làm ủa mà phấn khích 🥰,Vui vẻ,Công việc,Đỉnh thật sự! Kết quả này là thành quả xứng đáng từ nỗ lực của bạn. Chia sẻ tin này với người thân đi nào. Mình tự hào về bạn lắm!
Đang thi online thì rớt mạng mất cả bài làm ae ơi tức á 🔥,Tức giận,Học tập,"Nghe mà tức dùm á 😡 Nghe mà mình cũng thấy khó chịu theo, bạn có lý mà. Hít thở sâu 10 cái rồi tính tiếp. Bỏ qua cho nhẹ đầu nhé."
"Ae tư vấn giúp, cảm thấy mình kh xứng với ng ta thì nên làm sao? buồn thiu 😔",Buồn bã,Tình cảm,"Chia buồn cùng bạn. Ai gặp phải cũng đau lòng thôi, bạn không có gì sai. Bật nhạc nhẹ hoặc xem phim cho khuây khỏa. Thời gian sẽ chữa lành mọi thứ."
"Hôm nay khách hàng gửi email khen ngợi sản phẩm của mình, phấn khích 😎",Vui vẻ,Công việc,Chúc mừng bạn nhé 🎉 Kết quả này là thành quả xứng đáng từ nỗ lực của bạn. Cứ giữ phong độ và tiếp tục phát huy! Tiến lên thôi!
"Ae ơi cảm giác bị tụt hậu so vs bạn bè đồng trang lứa, run ko chịu đc ...",Lo âu,Cuộc sống,"Nghe mình này nhé, Mình hiểu bạn đang lo lắng lắm. Thử đặt deadline nhỏ cho từng việc, đừng nhìn cả đống cùng lúc. Đừng quá nghiêm khắc với bản thân nhé."
Mọi thứ dạo này cứ xui xẻo liên tục làm mình tê tái 😔,Buồn bã,Cuộc sống,"Lại đây tâm sự với mình nào. Ai gặp phải cũng đau lòng thôi, bạn không có gì sai. Buồn thì cứ khóc ra cho nhẹ lòng, đừng cố nuốt vào. Mọi chuyện rồi sẽ qua thôi."
"Mình bị hủy hẹn đi chơi phút chót k có lý do, muốn bùng cháy 😤",Tức giận,Tình cảm,"Uống ngụm nước lạnh đi đã. Nghe mà mình cũng thấy khó chịu theo, bạn có lý mà. Viết ra hết cảm xúc bực bội vào giấy rồi xé đi — nhẹ lòng lắm đó. Bỏ qua cho nhẹ đầu nhé."
Thiệt tình chuẩn bị thuyết trình trước công ty mà cảm thấy chưa sẵn sàng. lo lắng thật sự,Lo âu,Công việc,"Nghe mình này nhé, Cảm giác bất an như vậy thật sự rất nặng nề. Ghi ra giấy những gì đang lo, ưu tiên từng cái. Mọi chuyện rồi sẽ ổn thôi!"
"Điên máu quá, ng yêu liên tục đến trễ mà không xin lỗi 😤",Tức giận,Tình cảm,"Hạ hỏa trước nào! Thiệt là củ chuối không chịu được. Xả stress đi, đi dạo hay đấm gối cũng được. Thả lỏng ra nào!"
Bị hủy hẹn đi chơi phút chót k có lý do làm tui tức á 🤬,Tức giận,Tình cảm,"Hiểu sự bức xúc của bạn luôn! Nghe mà mình cũng thấy khó chịu theo, bạn có lý mà. Đừng vội phản ứng lúc này, giận quá dễ nói sai. Mình tin bạn sẽ xử lý được thôi."
"phê quá, giải quyết xong đống task tồn đọng cả tuần 🤩",Vui vẻ,Công việc,Đỉnh thật sự! Niềm vui này xứng đáng được lan tỏa! Cứ giữ phong độ và tiếp tục phát huy! Quá xá đã!
Thiệt tình sắp thi mà chưa học chữ nào. lo lắng thật sự 😭,Lo âu,Học tập,"Bình tĩnh nào! Lo âu kiểu này ai cũng hiểu, đừng tự trách bản thân nhé. Cứ làm hết sức mình, kết quả ra sao cũng không hối hận. Cố lên nha!"
"không thể tin được quá, được crush rủ đi chơi cuối tuần 🎉",Vui vẻ,Tình cảm,Tuyệt vời quá! Thấy bạn vui mình cũng phấn chấn theo. Cứ giữ phong độ và tiếp tục phát huy! Yomost lun nha!
Nhắn tin cả ngày mà không thèm đọc nhưng vẫn online làm tớ muốn bùng cháy 😤,Tức giận,Tình cảm,"Nghe mà tức dùm á 😡 Sự bực bội của bạn hoàn toàn chính đáng. Đừng vội phản ứng lúc này, giận quá dễ nói sai. Mình tin bạn sẽ xử lý được thôi."
"Tớ dự án tâm huyết bị hủy bỏ phút chót, tê tái 🥀",Buồn bã,Công việc,"Thương bạn quá. Cảm giác đó nặng nề lắm, bạn không sao cả. Cứ cho phép bản thân nghỉ ngơi vài ngày. Mọi chuyện rồi sẽ qua thôi."
"Má ơi nghĩ về tương lai thấy mông lung quá, đổ mồ hôi hột 🥲",Lo âu,Cuộc sống,"Ổn thôi bạn ơi, Cảm giác bất an như vậy thật sự rất nặng nề. Tắt thông báo điện thoại một lúc, tập trung vào đúng 1 việc thôi. Đừng quá nghiêm khắc với bản thân nhé."
"sôi máu quá, điểm bị chấm sai mà không được phúc khảo 🤬",Tức giận,Học tập,"Uống ngụm nước lạnh đi đã. Sự bực bội của bạn hoàn toàn chính đáng. Đừng vội phản ứng lúc này, giận quá dễ nói sai. Đừng để chuyện bực mình làm hỏng cả ngày."
"Tớ bị sếp ép deadline vô lý k có lý do, tức á 😡",Tức giận,Công việc,"Nghe mà tức dùm á 😡 Thiệt là củ chuối không chịu được. Đợi nguôi rồi hẵng nói chuyện lại, lúc đó mới xử lý được bình tĩnh hơn. Mình tin bạn sẽ xử lý được thôi."
Thiệt tình sắp thi mà chưa học chữ nào. đổ mồ hôi hột 😱,Lo âu,Học tập,Từ từ đã bạn ơi. Cảm giác bất an như vậy thật sự rất nặng nề. Nói chuyện với ai đó bạn tin tưởng — đôi khi chỉ cần kể ra là nhẹ hơn nhiều. Mọi chuyện rồi sẽ ổn thôi!
"run không chịu đc quá, team bị giảm nhân sự, mình phải gánh thêm việc 😱",Lo âu,Công việc,"Ổn thôi bạn ơi, Mình hiểu bạn đang lo lắng lắm. Chia nhỏ vấn đề ra, xử lý từng bước một nhé. Mọi chuyện rồi sẽ ổn thôi!"
Bị sếp la trước mặt cả phòng làm mn ơi buồn thiu haiz,Buồn bã,Công việc,"Ôm bạn một cái nha. Ai gặp phải cũng đau lòng thôi, bạn không có gì sai. Gọi cho bạn thân trút bầu tâm sự nha. Mạnh lên nghen!"
"giận tím ng quá, phát hiện người yêu nói dối",Tức giận,Tình cảm,"Hiểu sự bức xúc của bạn luôn! Thiệt là củ chuối không chịu được. Đừng vội phản ứng lúc này, giận quá dễ nói sai. Thả lỏng ra nào!"
Sắp thi mà chưa học chữ nào làm mn ơi tim đập thình thịch ...,Lo âu,Học tập,"Ổn thôi bạn ơi, Mình biết bạn đang cố gắng hết sức rồi. Nói chuyện với ai đó bạn tin tưởng — đôi khi chỉ cần kể ra là nhẹ hơn nhiều. Bước qua được rồi sẽ thấy mình lớn hơn đó."
"Chời ơi phát hiện người yêu nói dối, muốn bùng cháy 💢",Tức giận,Tình cảm,"Uống ngụm nước lạnh đi đã. Nghe mà mình cũng thấy khó chịu theo, bạn có lý mà. Hít thở sâu 10 cái rồi tính tiếp. Nghĩ chuyện vui cho đỡ tức nhé."
"Chời ơi vừa chốt được hợp đồng lớn sau bao ngày nỗ lực, yêu đời hẳn 🤩",Vui vẻ,Công việc,Chúc mừng bạn nhé 🎉 Thấy bạn vui mình cũng phấn chấn theo. Tận hưởng khoảnh khắc này đến cùng nhé. Quá xá đã!
Thiệt tình phát hiện người yêu nói dối. giận tím ng 😡,Tức giận,Tình cảm,"Hiểu sự bức xúc của bạn luôn! Bực như vậy mà không nói gì mới lạ, bạn phản ứng bình thường thôi. Hít thở sâu 10 cái rồi tính tiếp. Mình tin bạn sẽ xử lý được thôi."
"Thiệt tình chi tiêu tháng này lố quá, không biết xoay sở sao. bất an ghê 😱",Lo âu,Cuộc sống,"Nghe mình này nhé, Cảm giác không kiểm soát được mọi thứ thật sự khó chịu. Tắt thông báo điện thoại một lúc, tập trung vào đúng 1 việc thôi. Đừng quá nghiêm khắc với bản thân nhé."
Thiệt tình bị đình chỉ thi vì vi phạm nội quy. tê tái 💔,Buồn bã,Học tập,Chia buồn cùng bạn. Những lúc như này mới thấy cuộc sống không phải lúc nào cũng dễ. Gọi cho bạn thân trút bầu tâm sự nha. Mạnh lên nghen!
Tôi đã thử đủ mọi cách nhưng cảm giác trống rỗng vẫn không biến mất.,Trầm cảm/Tuyệt vọng,Khủng hoảng,"Mình hiểu bạn đang rất mệt mỏi và không còn thấy lối thoát. Nhưng cảm giác này có thể thay đổi khi có sự hỗ trợ đúng cách. Gọi 1800 599 920 — chuyên gia sẽ giúp bạn ngay, miễn phí 24/7."
"buồn thiu quá, trời mưa tự nhiên nhớ ng yêu cũ haiz",Buồn bã,Tình cảm,"Mình ở đây rồi, cứ nói ra đi. Chuyện đó thật sự khiến người ta hụt hẫng nhiều. Gọi cho bạn thân trút bầu tâm sự nha. Ngày mai trời sẽ sáng hơn hôm nay."
"Mn ơi nhìn cảnh nhà người ta hạnh phúc mà tủi thân, tủi thân 😞",Buồn bã,Cuộc sống,"Thương bạn quá. Mình rất tiếc khi nghe điều này. Buồn thì cứ khóc ra cho nhẹ lòng, đừng cố nuốt vào. Mạnh lên nghen!"
"Sướng rơn quá, khách hàng gửi email khen ngợi sản phẩm của mình 🤩",Vui vẻ,Công việc,Wow xịn xò vậy! Thấy bạn vui mình cũng phấn chấn theo. Lưu lại khoảnh khắc này để sau nhìn lại vẫn còn thấy vui. Mình tự hào về bạn lắm!
"Má ơi không hòa nhập dc với văn hóa công ty mới, tủi thân 😢",Buồn bã,Công việc,"Thương bạn quá. Ai gặp phải cũng đau lòng thôi, bạn không có gì sai. Buồn thì cứ khóc ra cho nhẹ lòng, đừng cố nuốt vào. Mình luôn ở đây lắng nghe."
học bổng về tài khoản rồi làm chời ơi sướng rơn 🎉,Vui vẻ,Học tập,Tuyệt vời quá! Niềm vui này xứng đáng được lan tỏa! Lưu lại khoảnh khắc này để sau nhìn lại vẫn còn thấy vui. Chúc bạn luôn giữ năng lượng tích cực!
Cảm thấy mình không xứng vs ng ta làm chời ơi thất vọng toàn tập 😔,Buồn bã,Tình cảm,"Thương bạn quá. Buồn như vậy là hoàn toàn bình thường, đừng cố kìm lại. Bật nhạc nhẹ hoặc xem phim cho khuây khỏa. Mọi chuyện rồi sẽ qua thôi."
bị đồng nghiệp đổ lỗi cho mình trước mặt sếp làm chời ơi điên máu 🙄,Tức giận,Công việc,"Nghe mà tức dùm á 😡 Sự bực bội của bạn hoàn toàn chính đáng. Đợi nguôi rồi hẵng nói chuyện lại, lúc đó mới xử lý được bình tĩnh hơn. Đừng để chuyện bực mình làm hỏng cả ngày."
"Ae tư vấn giúp, gõ xong đoạn code dài mà cúp điện mất hết thì nên làm sao? muốn bùng cháy 🤬",Tức giận,Công việc,Hạ hỏa trước nào! Sự bực bội của bạn hoàn toàn chính đáng. Hít thở sâu 10 cái rồi tính tiếp. Nghĩ chuyện vui cho đỡ tức nhé.
"Ủa mà khối lượng công việc nhiều quá, không bt bắt đầu từ đâu, đổ mồ hôi hột 😭",Lo âu,Công việc,"Hít thở sâu vào nào. Cảm giác bất an như vậy thật sự rất nặng nề. Tắt thông báo điện thoại một lúc, tập trung vào đúng 1 việc thôi. Mọi chuyện rồi sẽ ổn thôi!"
Thiệt tình nuôi con mèo bao năm mà nó đi mất. tê tái 🥀,Buồn bã,Cuộc sống,"Thương bạn quá. Ai gặp phải cũng đau lòng thôi, bạn không có gì sai. Gọi cho bạn thân trút bầu tâm sự nha. Mạnh lên nghen!"
Ko biết ng ấy có thật sự thích mình không 😭,Lo âu,Tình cảm,"Từ từ đã bạn ơi. Mình hiểu bạn đang lo lắng lắm. Ghi ra giấy những gì đang lo, ưu tiên từng cái. Đừng quá nghiêm khắc với bản thân nhé."
"Ae tư vấn giúp, bạn mượn tiền lâu rùi mà cứ quên trả thì nên làm sao? giận tím ng 🔥",Tức giận,Cuộc sống,"Hạ hỏa trước nào! Nghe mà mình cũng thấy khó chịu theo, bạn có lý mà. Hít thở sâu 10 cái rồi tính tiếp. Mình tin bạn sẽ xử lý được thôi."
Thiệt tình không biết cách tiết kiệm tiền hiệu quả. run không chịu đc ...,Lo âu,Cuộc sống,"Nghe mình này nhé, Mình biết bạn đang cố gắng hết sức rồi. Ghi ra giấy những gì đang lo, ưu tiên từng cái. Mình tin bạn sẽ vượt qua được."
"Mình sắp tới deadline mà chưa làm đc chữ nào, hồi hộp quá 😰",Lo âu,Công việc,"Hít thở sâu vào nào. Cảm giác bất an như vậy thật sự rất nặng nề. Chia nhỏ vấn đề ra, xử lý từng bước một nhé. Cố lên nha!"
cảm thấy mình học kém hơn bạn bè rất nhiều haiz,Buồn bã,Học tập,"Mình ở đây rồi, cứ nói ra đi. Cảm giác đó nặng nề lắm, bạn không sao cả. Bật nhạc nhẹ hoặc xem phim cho khuây khỏa. Mạnh lên nghen!"
"Ae ơi kh hiểu bài nhưng không dám hỏi thầy, đổ mồ hôi hột ...",Lo âu,Học tập,"Ổn thôi bạn ơi, Áp lực như vậy ai gặp cũng rén thôi, bạn không có gì sai cả. Thử đặt deadline nhỏ cho từng việc, đừng nhìn cả đống cùng lúc. Cố lên nha!"
Sắp tới deadline mà chưa làm dc chữ nào làm hôm nay hồi hộp quá 😭,Lo âu,Công việc,"Nghe mình này nhé, Mình hiểu bạn đang lo lắng lắm. Uống ly nước ấm, nghỉ một chút rồi tiếp tục. Cố lên nha!"
Thiệt tình pass môn khó nhất học kỳ rồi. yêu đời hẳn,Vui vẻ,Học tập,Nghe mà vui lây luôn! Niềm vui này xứng đáng được lan tỏa! Nhớ tự thưởng một chầu ăn ngon nhé. Yomost lun nha!
"Ae tư vấn giúp, bạn cùng nhóm k chịu đóng góp bài tập thì nên làm sao? cay thật sự 💢",Tức giận,Học tập,Hạ hỏa trước nào! Sự bực bội của bạn hoàn toàn chính đáng. Hít thở sâu 10 cái rồi tính tiếp. Đừng để chuyện bực mình làm hỏng cả ngày.
"phấn khích quá, bốc trúng phần thưởng to trong sự kiện 🤩",Vui vẻ,Cuộc sống,Chúc mừng bạn nhé 🎉 Kết quả này là thành quả xứng đáng từ nỗ lực của bạn. Chia sẻ tin này với người thân đi nào. Yomost lun nha!
"run kh chịu được quá, sắp tới deadline mà chưa làm dc chữ nào 😥",Lo âu,Công việc,"Bình tĩnh nào! Cảm giác bất an như vậy thật sự rất nặng nề. Tắt thông báo điện thoại một lúc, tập trung vào đúng 1 việc thôi. Mình tin bạn sẽ vượt qua được."
"Mình dự án tâm huyết bị hủy bỏ phút chót, thất vọng toàn tập 😔",Buồn bã,Công việc,"Ôm bạn một cái nha. Ai gặp phải cũng đau lòng thôi, bạn không có gì sai. Bước ra ngoài đi dạo một chút, không khí tươi cũng giúp được phần nào. Ngày mai trời sẽ sáng hơn hôm nay."
Thiệt tình làm việc cật lực mà không được ghi nhận. tê tái 🥀,Buồn bã,Công việc,"Ôm bạn một cái nha. Cảm giác đó nặng nề lắm, bạn không sao cả. Bước ra ngoài đi dạo một chút, không khí tươi cũng giúp được phần nào. Ngày mai trời sẽ sáng hơn hôm nay."
không biết cách tiết kiệm tiền hiệu quả 😰,Lo âu,Cuộc sống,"Hít thở sâu vào nào. Mình biết bạn đang cố gắng hết sức rồi. Uống ly nước ấm, nghỉ một chút rồi tiếp tục. Mọi chuyện rồi sẽ ổn thôi!"
Làm việc cật lực mà k đc ghi nhận làm dạo này thất vọng toàn tập 😔,Buồn bã,Công việc,"Thương bạn quá. Ai gặp phải cũng đau lòng thôi, bạn không có gì sai. Đừng thu mình lại, có mình ở đây mà. Mình luôn ở đây lắng nghe."
ăn đc món ngon đúng ý sau bao ngày thèm làm hôm nay phấn khích 😆,Vui vẻ,Cuộc sống,Đỉnh thật sự! Cái cảm giác sau bao ngày chờ đợi giờ thành sự thật đỉnh lắm! Chia sẻ tin này với người thân đi nào. Yomost lun nha!
"Ae tư vấn giúp, chuẩn bị tỏ tình mà sợ bị từ chối thì nên làm sao? hồi hộp quá 😭",Lo âu,Tình cảm,"Nghe mình này nhé, Cảm giác không kiểm soát được mọi thứ thật sự khó chịu. Thử đặt deadline nhỏ cho từng việc, đừng nhìn cả đống cùng lúc. Bước qua được rồi sẽ thấy mình lớn hơn đó."
"sướng rơn quá, hôm nay kỷ niệm một năm yêu nhau 😆",Vui vẻ,Tình cảm,Wow xịn xò vậy! Thấy bạn vui mình cũng phấn chấn theo. Nhớ tự thưởng một chầu ăn ngon nhé. Quá xá đã!
"Ae tư vấn giúp, dự án tâm huyết bị hủy bỏ phút chót thì nên làm sao? tủi thân 😔",Buồn bã,Công việc,"Thương bạn quá. Buồn như vậy là hoàn toàn bình thường, đừng cố kìm lại. Bật nhạc nhẹ hoặc xem phim cho khuây khỏa. Mọi chuyện rồi sẽ qua thôi."
Ng yêu tặng quà bất ngờ =)),Vui vẻ,Tình cảm,Chúc mừng bạn nhé 🎉 Đúng là ngày may mắn của bạn rồi. Cứ giữ phong độ và tiếp tục phát huy! Chúc bạn luôn giữ năng lượng tích cực!
"Ae tư vấn giúp, bốc trúng phần thưởng to trong sự kiện thì nên làm sao? yêu đời hẳn 😆",Vui vẻ,Cuộc sống,Chúc mừng bạn nhé 🎉 Thấy bạn vui mình cũng phấn chấn theo. Tận hưởng khoảnh khắc này đến cùng nhé. Mình tự hào về bạn lắm!
"Ae tư vấn giúp, bị bom hàng sau khi chờ cả tuần thì nên làm sao? giận tím ng 🤬",Tức giận,Cuộc sống,"Thở ra đi, thở ra. Thiệt là củ chuối không chịu được. Hít thở sâu 10 cái rồi tính tiếp. Đừng để chuyện bực mình làm hỏng cả ngày."
"Nay đi đường kh bị tắc, đến nơi sớm hơn làm dạo này phê 😎",Vui vẻ,Cuộc sống,Wow xịn xò vậy! Cái cảm giác sau bao ngày chờ đợi giờ thành sự thật đỉnh lắm! Đây là động lực để bạn tiếp tục cố gắng những thứ khác nữa đó. Chúc bạn luôn giữ năng lượng tích cực!
làm việc cật lực mà không được ghi nhận làm ủa mà buồn thiu 😢,Buồn bã,Công việc,"Thương bạn quá. Cảm giác đó nặng nề lắm, bạn không sao cả. Cứ cho phép bản thân nghỉ ngơi vài ngày. Thời gian sẽ chữa lành mọi thứ."
"Chời ơi kh bt cách tiết kiệm tiền hiệu quả, run kh chịu đc huhu",Lo âu,Cuộc sống,"Bình tĩnh nào! Áp lực như vậy ai gặp cũng rén thôi, bạn không có gì sai cả. Nói chuyện với ai đó bạn tin tưởng — đôi khi chỉ cần kể ra là nhẹ hơn nhiều. Bước qua được rồi sẽ thấy mình lớn hơn đó."
"Không thể tin dc quá, bốc trúng phần thưởng to trong sự kiện 🥰",Vui vẻ,Cuộc sống,Chúc mừng bạn nhé 🎉 Bao nhiêu cố gắng cuối cùng đã được đền đáp. Nhớ tự thưởng một chầu ăn ngon nhé. Tiến lên thôi!
"Ae tư vấn giúp, giải quyết xong đống task tồn đọng cả tuần thì nên làm sao? vui xỉu ✨",Vui vẻ,Công việc,Nghe mà vui lây luôn! Niềm vui này xứng đáng được lan tỏa! Tận hưởng khoảnh khắc này đến cùng nhé. Quá xá đã!
"Thiệt tình điểm thi thử thấp quá, sợ thi thật sẽ tệ hơn. tim đập thình thịch 🥲",Lo âu,Học tập,"Bình tĩnh nào! Lo âu kiểu này ai cũng hiểu, đừng tự trách bản thân nhé. Uống ly nước ấm, nghỉ một chút rồi tiếp tục. Cố lên nha!"
Bị giao dự án mới mà chưa có kinh nghiệm gì làm chời ơi tim đập thình thịch,Lo âu,Công việc,"Từ từ đã bạn ơi. Cảm giác không kiểm soát được mọi thứ thật sự khó chịu. Tắt thông báo điện thoại một lúc, tập trung vào đúng 1 việc thôi. Mình tin bạn sẽ vượt qua được."
"Ủa mà bị sếp la trước mặt cả phòng, chán nản thật sự 💔",Buồn bã,Công việc,"Chia buồn cùng bạn. Những lúc như này mới thấy cuộc sống không phải lúc nào cũng dễ. Bước ra ngoài đi dạo một chút, không khí tươi cũng giúp được phần nào. Thời gian sẽ chữa lành mọi thứ."
"Thiệt tình khối lượng công việc nhiều quá, không bt bắt đầu từ đâu. hồi hộp quá 😱",Lo âu,Công việc,"Bình tĩnh nào! Mình hiểu bạn đang lo lắng lắm. Thử đặt deadline nhỏ cho từng việc, đừng nhìn cả đống cùng lúc. Bước qua được rồi sẽ thấy mình lớn hơn đó."
"cay thật sự quá, bạn cùng nhóm không chịu đóng góp bài tập",Tức giận,Học tập,"Hiểu sự bức xúc của bạn luôn! Nghe mà mình cũng thấy khó chịu theo, bạn có lý mà. Bơ đi mà sống, để bụng chỉ tổ mệt mình. Bỏ qua cho nhẹ đầu nhé."
crush vừa công khai ng yêu mới,Buồn bã,Tình cảm,"Thương bạn quá. Cảm giác đó nặng nề lắm, bạn không sao cả. Bật nhạc nhẹ hoặc xem phim cho khuây khỏa. Mình luôn ở đây lắng nghe."
đồ án bị bắt làm lại từ đầu vì lý do mơ hồ 💢,Tức giận,Học tập,"Hạ hỏa trước nào! Gặp chuyện đó ai mà không điên tiết. Bơ đi mà sống, để bụng chỉ tổ mệt mình. Thả lỏng ra nào!"
"tim đập thình thịch quá, bị giao dự án mới mà chưa có kinh nghiệm gì 😰",Lo âu,Công việc,"Nghe mình này nhé, Mình biết bạn đang cố gắng hết sức rồi. Uống ly nước ấm, nghỉ một chút rồi tiếp tục. Cố lên nha!"
"Ae tư vấn giúp, ăn đc món ngon đúng ý sau bao ngày thèm thì nên làm sao? không thể tin đc =))",Vui vẻ,Cuộc sống,Tuyệt vời quá! Đúng là ngày may mắn của bạn rồi. Nhớ tự thưởng một chầu ăn ngon nhé. Quá xá đã!
Mới nghỉ việc xong chưa biết làm gì tiếp huhu,Lo âu,Công việc,"Hít thở sâu vào nào. Cảm giác không kiểm soát được mọi thứ thật sự khó chịu. Cứ làm hết sức mình, kết quả ra sao cũng không hối hận. Đừng quá nghiêm khắc với bản thân nhé."
Thiệt tình cảm giác mối quan hệ đang ngày càng nhạt dần. lo lắng thật sự 😥,Lo âu,Tình cảm,"Bình tĩnh nào! Mình hiểu bạn đang lo lắng lắm. Tắt thông báo điện thoại một lúc, tập trung vào đúng 1 việc thôi. Bước qua được rồi sẽ thấy mình lớn hơn đó."
Ăn được món ngon đúng ý sau bao ngày thèm làm chời ơi sướng rơn 🤩,Vui vẻ,Cuộc sống,Wow xịn xò vậy! Niềm vui này xứng đáng được lan tỏa! Chia sẻ tin này với người thân đi nào. Yomost lun nha!
"run kh chịu dc quá, sắp đến kỳ đóng tiền trọ mà lương chưa về 😰",Lo âu,Cuộc sống,"Từ từ đã bạn ơi. Mình hiểu bạn đang lo lắng lắm. Ghi ra giấy những gì đang lo, ưu tiên từng cái. Mình tin bạn sẽ vượt qua được."
"Ae tư vấn giúp, đc thầy khen bài luận trước lớp thì nên làm sao? phấn khích 🥰",Vui vẻ,Học tập,Tuyệt vời quá! Bao nhiêu cố gắng cuối cùng đã được đền đáp. Tận hưởng khoảnh khắc này đến cùng nhé. Tiến lên thôi!
"Ae tư vấn giúp, nghĩ về tương lai thấy mông lung quá thì nên làm sao? tim đập thình thịch 😰",Lo âu,Cuộc sống,"Hít thở sâu vào nào. Mình biết bạn đang cố gắng hết sức rồi. Chia nhỏ vấn đề ra, xử lý từng bước một nhé. Mình tin bạn sẽ vượt qua được."
Thiệt tình bị sếp la trước mặt cả phòng. thất vọng toàn tập 😔,Buồn bã,Công việc,"Ôm bạn một cái nha. Buồn như vậy là hoàn toàn bình thường, đừng cố kìm lại. Cứ cho phép bản thân nghỉ ngơi vài ngày. Ngày mai trời sẽ sáng hơn hôm nay."
Thiệt tình đã dặn kh ăn hành mà vẫn bỏ nguyên đống vào. sôi máu 🔥,Tức giận,Cuộc sống,"Hạ hỏa trước nào! Gặp chuyện đó ai mà không điên tiết. Đừng vội phản ứng lúc này, giận quá dễ nói sai. Bỏ qua cho nhẹ đầu nhé."
"thất vọng toàn tập quá, nhìn cảnh nhà ng ta hạnh phúc mà tủi thân haiz",Buồn bã,Cuộc sống,Thương bạn quá. Mình rất tiếc khi nghe điều này. Bật nhạc nhẹ hoặc xem phim cho khuây khỏa. Mạnh lên nghen!
"cứ nghĩ đến chết là thấy nhẹ lòng hơn, không biết vậy có bình thường không",Trầm cảm/Tuyệt vọng,Khủng hoảng,Điều bạn đang cảm thấy rất nghiêm trọng và bạn xứng đáng được giúp đỡ. Hãy gọi 1800 599 920 ngay bây giờ hoặc đến cơ sở y tế gần nhất. Bạn không cần phải một mình vượt qua điều này.
"tim đập thình thịch quá, cảm giác mối quan hệ đang ngày càng nhạt dần 🥲",Lo âu,Tình cảm,"Ổn thôi bạn ơi, Áp lực như vậy ai gặp cũng rén thôi, bạn không có gì sai cả. Chia nhỏ vấn đề ra, xử lý từng bước một nhé. Cố lên nha!"
"Tui bị giao dự án mới mà chưa có kinh nghiệm gì, hoang mang tột độ 😰",Lo âu,Công việc,"Bình tĩnh nào! Mình biết bạn đang cố gắng hết sức rồi. Ghi ra giấy những gì đang lo, ưu tiên từng cái. Bước qua được rồi sẽ thấy mình lớn hơn đó."
"Phê quá, hôm nay kỷ niệm một năm yêu nhau",Vui vẻ,Tình cảm,Chúc mừng bạn nhé 🎉 Kết quả này là thành quả xứng đáng từ nỗ lực của bạn. Tận hưởng khoảnh khắc này đến cùng nhé. Tiến lên thôi!
"Ae tư vấn giúp, đc thăng chức rồi thì nên làm sao? không thể tin dc 😆",Vui vẻ,Công việc,Tuyệt vời quá! Đúng là ngày may mắn của bạn rồi. Chia sẻ tin này với người thân đi nào. Tiến lên thôi!
pass môn khó nhất học kỳ rùi 🥰,Vui vẻ,Học tập,Tuyệt vời quá! Bao nhiêu cố gắng cuối cùng đã được đền đáp. Chia sẻ tin này với người thân đi nào. Mình tự hào về bạn lắm!
được thăng chức rồi làm mn ơi phấn khích 😎,Vui vẻ,Công việc,Chúc mừng bạn nhé 🎉 Kết quả này là thành quả xứng đáng từ nỗ lực của bạn. Nhớ tự thưởng một chầu ăn ngon nhé. Mình tự hào về bạn lắm!
"yêu đời hẳn quá, lương về rùi, phát điên 🥰",Vui vẻ,Cuộc sống,Chúc mừng bạn nhé 🎉 Kết quả này là thành quả xứng đáng từ nỗ lực của bạn. Lưu lại khoảnh khắc này để sau nhìn lại vẫn còn thấy vui. Mình tự hào về bạn lắm!
"Tao chuẩn bị tỏ tình mà sợ bị từ chối, rén ngang huhu",Lo âu,Tình cảm,"Ổn thôi bạn ơi, Cảm giác không kiểm soát được mọi thứ thật sự khó chịu. Nói chuyện với ai đó bạn tin tưởng — đôi khi chỉ cần kể ra là nhẹ hơn nhiều. Cố lên nha!"
Được thầy khen bài luận trước lớp =)),Vui vẻ,Học tập,Wow xịn xò vậy! Bao nhiêu cố gắng cuối cùng đã được đền đáp. Nhớ tự thưởng một chầu ăn ngon nhé. Quá xá đã!
Thiệt tình xe hỏng giữa đường đúng lúc đang vội nhất. giận tím ng,Tức giận,Cuộc sống,Uống ngụm nước lạnh đi đã. Gặp chuyện đó ai mà không điên tiết. Hít thở sâu 10 cái rồi tính tiếp. Mình tin bạn sẽ xử lý được thôi.
"Tự nhiên nghĩ về tương lai thấy mông lung quá, tim đập thình thịch 😱",Lo âu,Cuộc sống,"Bình tĩnh nào! Mình biết bạn đang cố gắng hết sức rồi. Thử đặt deadline nhỏ cho từng việc, đừng nhìn cả đống cùng lúc. Mình tin bạn sẽ vượt qua được."
khách hàng dời lịch họp sát giờ mà kh báo trước 😡,Tức giận,Công việc,"Thở ra đi, thở ra. Thiệt là củ chuối không chịu được. Hít thở sâu 10 cái rồi tính tiếp. Thả lỏng ra nào!"
"Ae tư vấn giúp, chờ mãi không thấy ng ấy rep tin nhắn thì nên làm sao? đổ mồ hôi hột 😭",Lo âu,Tình cảm,"Hít thở sâu vào nào. Cảm giác không kiểm soát được mọi thứ thật sự khó chịu. Thử đặt deadline nhỏ cho từng việc, đừng nhìn cả đống cùng lúc. Bước qua được rồi sẽ thấy mình lớn hơn đó."
Thiệt tình bị rớt môn dù đã cố gắng học. thất vọng toàn tập 🥀,Buồn bã,Học tập,"Thương bạn quá. Cảm giác đó nặng nề lắm, bạn không sao cả. Bước ra ngoài đi dạo một chút, không khí tươi cũng giúp được phần nào. Ngày mai trời sẽ sáng hơn hôm nay."
Thiệt tình cảm giác mối quan hệ đang ngày càng nhạt dần. hoang mang tột độ 😰,Lo âu,Tình cảm,"Bình tĩnh nào! Cảm giác bất an như vậy thật sự rất nặng nề. Cứ làm hết sức mình, kết quả ra sao cũng không hối hận. Cố lên nha!"
"yêu đời hẳn quá, học bổng về tài khoản rùi 😆",Vui vẻ,Học tập,Nghe mà vui lây luôn! Kết quả này là thành quả xứng đáng từ nỗ lực của bạn. Lưu lại khoảnh khắc này để sau nhìn lại vẫn còn thấy vui. Yomost lun nha!
pass môn khó nhất học kỳ r 😎,Vui vẻ,Học tập,Đỉnh thật sự! Cái cảm giác sau bao ngày chờ đợi giờ thành sự thật đỉnh lắm! Đây là động lực để bạn tiếp tục cố gắng những thứ khác nữa đó. Quá xá đã!
"hoang mang tột độ quá, chi tiêu tháng này lố quá, ko bt xoay sở sao 🥲",Lo âu,Cuộc sống,"Nghe mình này nhé, Mình biết bạn đang cố gắng hết sức rồi. Uống ly nước ấm, nghỉ một chút rồi tiếp tục. Mình tin bạn sẽ vượt qua được."
"Ae tư vấn giúp, cảm thấy cô đơn lạc lõng giữa đám đông thì nên làm sao? chán nản thật sự 💔",Buồn bã,Cuộc sống,"Chia buồn cùng bạn. Cảm giác đó nặng nề lắm, bạn không sao cả. Đừng thu mình lại, có mình ở đây mà. Thời gian sẽ chữa lành mọi thứ."
"muốn khóc quá, nuôi con mèo bao năm mà nó đi mất 😞",Buồn bã,Cuộc sống,"Mình ở đây rồi, cứ nói ra đi. Những lúc như này mới thấy cuộc sống không phải lúc nào cũng dễ. Gọi cho bạn thân trút bầu tâm sự nha. Mình luôn ở đây lắng nghe."
"team bị giảm nhân sự, mình phải gánh thêm việc 😰",Lo âu,Công việc,Từ từ đã bạn ơi. Cảm giác bất an như vậy thật sự rất nặng nề. Nói chuyện với ai đó bạn tin tưởng — đôi khi chỉ cần kể ra là nhẹ hơn nhiều. Mình tin bạn sẽ vượt qua được.
khách hàng dời lịch họp sát giờ mà k báo trước làm hôm nay sôi máu 😡,Tức giận,Công việc,"Thở ra đi, thở ra. Thiệt là củ chuối không chịu được. Bơ đi mà sống, để bụng chỉ tổ mệt mình. Mình tin bạn sẽ xử lý được thôi."
Hôm nay xử lý dc bug khó mà cả team đều bó tay làm tự nhiên vui xỉu 😎,Vui vẻ,Công việc,Nghe mà vui lây luôn! Kết quả này là thành quả xứng đáng từ nỗ lực của bạn. Lưu lại khoảnh khắc này để sau nhìn lại vẫn còn thấy vui. Quá xá đã!
"Má ơi chuẩn bị thuyết trình trước công ty mà cảm thấy chưa sẵn sàng, hoang mang tột độ 🥲",Lo âu,Công việc,Hít thở sâu vào nào. Cảm giác không kiểm soát được mọi thứ thật sự khó chịu. Nói chuyện với ai đó bạn tin tưởng — đôi khi chỉ cần kể ra là nhẹ hơn nhiều. Mọi chuyện rồi sẽ ổn thôi!
Thiệt tình ko hiểu bài nhưng kh dám hỏi thầy. đổ mồ hôi hột ...,Lo âu,Học tập,"Ổn thôi bạn ơi, Cảm giác không kiểm soát được mọi thứ thật sự khó chịu. Ghi ra giấy những gì đang lo, ưu tiên từng cái. Mọi chuyện rồi sẽ ổn thôi!"
"Má ơi cảm thấy mình ko xứng với người ta, muốn khóc haiz",Buồn bã,Tình cảm,"Chia buồn cùng bạn. Cảm giác đó nặng nề lắm, bạn không sao cả. Đừng thu mình lại, có mình ở đây mà. Mạnh lên nghen!"
"Ae tư vấn giúp, hai đứa vừa giải quyết đc hiểu lầm hồi lâu thì nên làm sao? yêu đời hẳn 🤩",Vui vẻ,Tình cảm,Wow xịn xò vậy! Niềm vui này xứng đáng được lan tỏa! Chia sẻ tin này với người thân đi nào. Yomost lun nha!
Hôm nay kỷ niệm một năm yêu nhau làm ae ơi phê 😆,Vui vẻ,Tình cảm,Wow xịn xò vậy! Niềm vui này xứng đáng được lan tỏa! Cứ giữ phong độ và tiếp tục phát huy! Yomost lun nha!
"điên máu quá, đã dặn ko ăn hành mà vẫn bỏ nguyên đống vào 🔥",Tức giận,Cuộc sống,Nghe mà tức dùm á 😡 Thiệt là củ chuối không chịu được. Hít thở sâu 10 cái rồi tính tiếp. Đừng để chuyện bực mình làm hỏng cả ngày.
"Chọn sai ngành, ko bt có nên đổi không làm chời ơi run không chịu được",Lo âu,Học tập,"Hít thở sâu vào nào. Áp lực như vậy ai gặp cũng rén thôi, bạn không có gì sai cả. Nói chuyện với ai đó bạn tin tưởng — đôi khi chỉ cần kể ra là nhẹ hơn nhiều. Đừng quá nghiêm khắc với bản thân nhé."
Cảm thấy mình kh xứng vs người ta haiz,Buồn bã,Tình cảm,"Mình ở đây rồi, cứ nói ra đi. Buồn như vậy là hoàn toàn bình thường, đừng cố kìm lại. Gọi cho bạn thân trút bầu tâm sự nha. Mình luôn ở đây lắng nghe."
Thiệt tình cảm giác bị tụt hậu so với bạn bè đồng trang lứa. hồi hộp quá huhu,Lo âu,Cuộc sống,"Bình tĩnh nào! Mình biết bạn đang cố gắng hết sức rồi. Ghi ra giấy những gì đang lo, ưu tiên từng cái. Mình tin bạn sẽ vượt qua được."
"muốn khóc quá, nhìn cảnh nhà người ta hạnh phúc mà tủi thân 😢",Buồn bã,Cuộc sống,"Lại đây tâm sự với mình nào. Cảm giác đó nặng nề lắm, bạn không sao cả. Buồn thì cứ khóc ra cho nhẹ lòng, đừng cố nuốt vào. Mọi chuyện rồi sẽ qua thôi."
"Ủa mà vừa chốt đc hợp đồng lớn sau bao ngày nỗ lực, phê 🤩",Vui vẻ,Công việc,Đỉnh thật sự! Bao nhiêu cố gắng cuối cùng đã được đền đáp. Đây là động lực để bạn tiếp tục cố gắng những thứ khác nữa đó. Quá xá đã!
"Ae ơi crush vừa công khai ng yêu mới, thất vọng toàn tập 😞",Buồn bã,Tình cảm,"Mình ở đây rồi, cứ nói ra đi. Chuyện đó thật sự khiến người ta hụt hẫng nhiều. Gọi cho bạn thân trút bầu tâm sự nha. Thời gian sẽ chữa lành mọi thứ."
"Cãi nhau với ng yêu, không biết có ổn k làm tui tủi thân 😞",Buồn bã,Tình cảm,"Mình ở đây rồi, cứ nói ra đi. Cảm giác đó nặng nề lắm, bạn không sao cả. Bật nhạc nhẹ hoặc xem phim cho khuây khỏa. Ngày mai trời sẽ sáng hơn hôm nay."
"Tớ chốt đơn thành công món đồ ao ước bấy lâu, sướng rơn 🥰",Vui vẻ,Cuộc sống,Nghe mà vui lây luôn! Niềm vui này xứng đáng được lan tỏa! Nhớ tự thưởng một chầu ăn ngon nhé. Mình tự hào về bạn lắm!
"Ae tư vấn giúp, điểm bị chấm sai mà không được phúc khảo thì nên làm sao? điên máu 🤬",Tức giận,Học tập,"Hạ hỏa trước nào! Thiệt là củ chuối không chịu được. Bơ đi mà sống, để bụng chỉ tổ mệt mình. Mình tin bạn sẽ xử lý được thôi."
"Hôm nay team bị giảm nhân sự, mình ph gánh thêm việc, đổ mồ hôi hột 😭",Lo âu,Công việc,"Nghe mình này nhé, Cảm giác không kiểm soát được mọi thứ thật sự khó chịu. Cứ làm hết sức mình, kết quả ra sao cũng không hối hận. Mọi chuyện rồi sẽ ổn thôi!"
Thiệt tình ng yêu tặng quà bất ngờ. vui xỉu ✨,Vui vẻ,Tình cảm,Đỉnh thật sự! Cái cảm giác sau bao ngày chờ đợi giờ thành sự thật đỉnh lắm! Tận hưởng khoảnh khắc này đến cùng nhé. Chúc bạn luôn giữ năng lượng tích cực!
"Bất an ghê quá, bị overthinking trước khi ngủ k tắt được 🥲",Lo âu,Cuộc sống,"Bình tĩnh nào! Mình hiểu bạn đang lo lắng lắm. Uống ly nước ấm, nghỉ một chút rồi tiếp tục. Mọi chuyện rồi sẽ ổn thôi!"
"Mình bị dọa rớt môn nếu điểm thi không đạt, đổ mồ hôi hột 😰",Lo âu,Học tập,"Hít thở sâu vào nào. Mình hiểu bạn đang lo lắng lắm. Tắt thông báo điện thoại một lúc, tập trung vào đúng 1 việc thôi. Cố lên nha!"
"Ae tư vấn giúp, điểm bị chấm sai mà ko được phúc khảo thì nên làm sao? sôi máu 🤬",Tức giận,Học tập,"Uống ngụm nước lạnh đi đã. Thiệt là củ chuối không chịu được. Đừng vội phản ứng lúc này, giận quá dễ nói sai. Nghĩ chuyện vui cho đỡ tức nhé."
"Hôm nay chốt đơn thành công món đồ ao ước bấy lâu, vui xỉu 😎",Vui vẻ,Cuộc sống,Wow xịn xò vậy! Đúng là ngày may mắn của bạn rồi. Đây là động lực để bạn tiếp tục cố gắng những thứ khác nữa đó. Quá xá đã!
"Mình hai đứa vừa giải quyết đc hiểu lầm hồi lâu, phê 😆",Vui vẻ,Tình cảm,Wow xịn xò vậy! Đúng là ngày may mắn của bạn rồi. Lưu lại khoảnh khắc này để sau nhìn lại vẫn còn thấy vui. Yomost lun nha!
Thiệt tình crush nhắn tin trước. không thể tin dc 🎉,Vui vẻ,Tình cảm,Tuyệt vời quá! Kết quả này là thành quả xứng đáng từ nỗ lực của bạn. Cứ giữ phong độ và tiếp tục phát huy! Tiến lên thôi!
"Ae tư vấn giúp, sắp đến kỳ đánh giá cuối năm mà thành tích chưa đủ thì nên làm sao? lo lắng thật sự",Lo âu,Công việc,"Ổn thôi bạn ơi, Mình hiểu bạn đang lo lắng lắm. Thử đặt deadline nhỏ cho từng việc, đừng nhìn cả đống cùng lúc. Cố lên nha!"
"Bất an ghê quá, áp lực kpi tháng này cao quá, sợ không đạt ...",Lo âu,Công việc,"Từ từ đã bạn ơi. Áp lực như vậy ai gặp cũng rén thôi, bạn không có gì sai cả. Cứ làm hết sức mình, kết quả ra sao cũng không hối hận. Mình tin bạn sẽ vượt qua được."
Thiệt tình chốt đơn thành công món đồ ao ước bấy lâu. sướng rơn 🤩,Vui vẻ,Cuộc sống,Tuyệt vời quá! Thấy bạn vui mình cũng phấn chấn theo. Cứ giữ phong độ và tiếp tục phát huy! Yomost lun nha!
bị đình chỉ thi vì vi phạm nội quy làm tao tủi thân 😔,Buồn bã,Học tập,Ôm bạn một cái nha. Những lúc như này mới thấy cuộc sống không phải lúc nào cũng dễ. Bật nhạc nhẹ hoặc xem phim cho khuây khỏa. Mạnh lên nghen!
Thiệt tình bị giao dự án mới mà chưa có kinh nghiệm gì. đổ mồ hôi hột ...,Lo âu,Công việc,"Ổn thôi bạn ơi, Lo âu kiểu này ai cũng hiểu, đừng tự trách bản thân nhé. Ghi ra giấy những gì đang lo, ưu tiên từng cái. Cố lên nha!"
"bố mình nghiện và bạo lực cả nhà, mình không biết phải chạy đi đâu",Bạo hành,Khủng hoảng,"Không ai được phép đối xử với bạn như vậy. Đây là thời điểm bạn cần tìm kiếm sự giúp đỡ ngay. Gọi Tổng đài 111 hoặc nếu đang nguy hiểm, gọi Cảnh sát 113 để được bảo vệ."
"Thiệt tình điểm thi thử thấp quá, sợ thi thật sẽ tệ hơn. bất an ghê 😥",Lo âu,Học tập,"Nghe mình này nhé, Áp lực như vậy ai gặp cũng rén thôi, bạn không có gì sai cả. Tắt thông báo điện thoại một lúc, tập trung vào đúng 1 việc thôi. Mọi chuyện rồi sẽ ổn thôi!"
Crush vừa công khai người yêu mới,Buồn bã,Tình cảm,Thương bạn quá. Những lúc như này mới thấy cuộc sống không phải lúc nào cũng dễ. Cứ cho phép bản thân nghỉ ngơi vài ngày. Mạnh lên nghen!
nhắn tin cả ngày mà kh thèm đọc nhưng vẫn online làm hôm nay sôi máu 🔥,Tức giận,Tình cảm,"Uống ngụm nước lạnh đi đã. Nghe mà mình cũng thấy khó chịu theo, bạn có lý mà. Đừng vội phản ứng lúc này, giận quá dễ nói sai. Nghĩ chuyện vui cho đỡ tức nhé."
Sắp đến kỳ đóng tiền trọ mà lương chưa về làm dạo này hồi hộp quá,Lo âu,Cuộc sống,"Nghe mình này nhé, Cảm giác không kiểm soát được mọi thứ thật sự khó chịu. Nói chuyện với ai đó bạn tin tưởng — đôi khi chỉ cần kể ra là nhẹ hơn nhiều. Bước qua được rồi sẽ thấy mình lớn hơn đó."
"Mình mới nghỉ việc xong chưa biết làm gì tiếp, hồi hộp quá huhu",Lo âu,Công việc,"Nghe mình này nhé, Áp lực như vậy ai gặp cũng rén thôi, bạn không có gì sai cả. Tắt thông báo điện thoại một lúc, tập trung vào đúng 1 việc thôi. Cố lên nha!"
"Ae tư vấn giúp, đồ án bị bắt làm lại từ đầu vì lý do mơ hồ thì nên làm sao? giận tím người 😡",Tức giận,Học tập,"Hiểu sự bức xúc của bạn luôn! Gặp chuyện đó ai mà không điên tiết. Đợi nguôi rồi hẵng nói chuyện lại, lúc đó mới xử lý được bình tĩnh hơn. Đừng để chuyện bực mình làm hỏng cả ngày."
"hoang mang tột độ quá, chuẩn bị tỏ tình mà sợ bị từ chối 🥲",Lo âu,Tình cảm,"Hít thở sâu vào nào. Mình biết bạn đang cố gắng hết sức rồi. Thử đặt deadline nhỏ cho từng việc, đừng nhìn cả đống cùng lúc. Đừng quá nghiêm khắc với bản thân nhé."
Cảm thấy mình học kém hơn bạn bè rất nhiều 💔,Buồn bã,Học tập,Chia buồn cùng bạn. Những lúc như này mới thấy cuộc sống không phải lúc nào cũng dễ. Bật nhạc nhẹ hoặc xem phim cho khuây khỏa. Mình luôn ở đây lắng nghe.
"Lo lắng thật sự quá, chi tiêu tháng này lố quá, không biết xoay sở sao ...",Lo âu,Cuộc sống,"Bình tĩnh nào! Áp lực như vậy ai gặp cũng rén thôi, bạn không có gì sai cả. Nói chuyện với ai đó bạn tin tưởng — đôi khi chỉ cần kể ra là nhẹ hơn nhiều. Đừng quá nghiêm khắc với bản thân nhé."
"Ae tư vấn giúp, bị overthinking trước khi ngủ ko tắt dc thì nên làm sao? tim đập thình thịch 😱",Lo âu,Cuộc sống,"Ổn thôi bạn ơi, Lo âu kiểu này ai cũng hiểu, đừng tự trách bản thân nhé. Chia nhỏ vấn đề ra, xử lý từng bước một nhé. Đừng quá nghiêm khắc với bản thân nhé."
bị trừ lương vì một lỗi nhỏ làm chời ơi tê tái 😞,Buồn bã,Công việc,"Lại đây tâm sự với mình nào. Buồn như vậy là hoàn toàn bình thường, đừng cố kìm lại. Cứ cho phép bản thân nghỉ ngơi vài ngày. Ngày mai trời sẽ sáng hơn hôm nay."
Thiệt tình k bt cách tiết kiệm tiền hiệu quả. run không chịu được ...,Lo âu,Cuộc sống,"Ổn thôi bạn ơi, Lo âu kiểu này ai cũng hiểu, đừng tự trách bản thân nhé. Cứ làm hết sức mình, kết quả ra sao cũng không hối hận. Cố lên nha!"
Gõ xong đoạn code dài mà cúp điện mất hết làm má ơi cay thật sự 💢,Tức giận,Công việc,Hiểu sự bức xúc của bạn luôn! Thiệt là củ chuối không chịu được. Viết ra hết cảm xúc bực bội vào giấy rồi xé đi — nhẹ lòng lắm đó. Đừng để chuyện bực mình làm hỏng cả ngày.
Thiệt tình bạn cùng nhóm kh chịu đóng góp bài tập. điên máu 🔥,Tức giận,Học tập,"Thở ra đi, thở ra. Đúng là có những chuyện không thể bỏ qua được. Hít thở sâu 10 cái rồi tính tiếp. Đừng để chuyện bực mình làm hỏng cả ngày."
"Tao nuôi con mèo bao năm mà nó đi mất, muốn khóc 😢",Buồn bã,Cuộc sống,Lại đây tâm sự với mình nào. Những lúc như này mới thấy cuộc sống không phải lúc nào cũng dễ. Cứ cho phép bản thân nghỉ ngơi vài ngày. Mình luôn ở đây lắng nghe.
"Ae tư vấn giúp, bạn cùng nhóm không chịu đóng góp bài tập thì nên làm sao? giận tím người 😡",Tức giận,Học tập,"Thở ra đi, thở ra. Thiệt là củ chuối không chịu được. Đừng vội phản ứng lúc này, giận quá dễ nói sai. Bỏ qua cho nhẹ đầu nhé."
"Hôm nay chốt đơn thành công món đồ ao ước bấy lâu, hạnh phúc quá",Vui vẻ,Cuộc sống,Chúc mừng bạn nhé 🎉 Niềm vui này xứng đáng được lan tỏa! Tận hưởng khoảnh khắc này đến cùng nhé. Yomost lun nha!
"Dạo này người yêu tặng quà bất ngờ, phấn khích ✨",Vui vẻ,Tình cảm,Chúc mừng bạn nhé 🎉 Đúng là ngày may mắn của bạn rồi. Tận hưởng khoảnh khắc này đến cùng nhé. Chúc bạn luôn giữ năng lượng tích cực!
"Dạo này mới chia tay xong, cứ thấy trống rỗng, tê tái haiz",Buồn bã,Tình cảm,"Chia buồn cùng bạn. Ai gặp phải cũng đau lòng thôi, bạn không có gì sai. Đừng thu mình lại, có mình ở đây mà. Ngày mai trời sẽ sáng hơn hôm nay."
"t muốn biến mất, kh ai cần t cả",Trầm cảm/Tuyệt vọng,Khủng hoảng,"Nghe bạn nói điều này, mình rất muốn bạn được an toàn. Hãy nhờ người thân đưa bạn đến cơ sở y tế hoặc gọi 1800 599 920 ngay nhé. Cuộc sống của bạn có ý nghĩa hơn bạn nghĩ."
"Ae ơi bị sếp ép deadline vô lý không có lý do, giận tím người 🔥",Tức giận,Công việc,"Thở ra đi, thở ra. Bực như vậy mà không nói gì mới lạ, bạn phản ứng bình thường thôi. Đừng vội phản ứng lúc này, giận quá dễ nói sai. Đừng để chuyện bực mình làm hỏng cả ngày."
Thiệt tình cảm thấy mình học kém hơn bạn bè rất nhiều. chán nản thật sự,Buồn bã,Học tập,"Chia buồn cùng bạn. Cảm giác đó nặng nề lắm, bạn không sao cả. Gọi cho bạn thân trút bầu tâm sự nha. Mạnh lên nghen!"
"Sướng rơn quá, hôm nay xử lý dc bug khó mà cả team đều bó tay 🥰",Vui vẻ,Công việc,Đỉnh thật sự! Niềm vui này xứng đáng được lan tỏa! Nhớ tự thưởng một chầu ăn ngon nhé. Chúc bạn luôn giữ năng lượng tích cực!
"Ae tư vấn giúp, crush nhắn tin trước thì nên làm sao? không thể tin đc 🤩",Vui vẻ,Tình cảm,Nghe mà vui lây luôn! Thấy bạn vui mình cũng phấn chấn theo. Lưu lại khoảnh khắc này để sau nhìn lại vẫn còn thấy vui. Mình tự hào về bạn lắm!
"Ae tư vấn giúp, bị dọa rớt môn nếu điểm thi k đạt thì nên làm sao? rén ngang",Lo âu,Học tập,"Hít thở sâu vào nào. Mình biết bạn đang cố gắng hết sức rồi. Tắt thông báo điện thoại một lúc, tập trung vào đúng 1 việc thôi. Mọi chuyện rồi sẽ ổn thôi!"
chốt đơn thành công món đồ ao ước bấy lâu =)),Vui vẻ,Cuộc sống,Đỉnh thật sự! Thấy bạn vui mình cũng phấn chấn theo. Lưu lại khoảnh khắc này để sau nhìn lại vẫn còn thấy vui. Yomost lun nha!
bị trừ lương vì một lỗi nhỏ làm ae ơi buồn thiu 😔,Buồn bã,Công việc,"Chia buồn cùng bạn. Buồn như vậy là hoàn toàn bình thường, đừng cố kìm lại. Buồn thì cứ khóc ra cho nhẹ lòng, đừng cố nuốt vào. Mạnh lên nghen!"
"Ae tư vấn giúp, chốt đơn thành công món đồ ao ước bấy lâu thì nên làm sao? không thể tin được 🤩",Vui vẻ,Cuộc sống,Wow xịn xò vậy! Cái cảm giác sau bao ngày chờ đợi giờ thành sự thật đỉnh lắm! Tận hưởng khoảnh khắc này đến cùng nhé. Chúc bạn luôn giữ năng lượng tích cực!
"đêm nào cũng nghĩ đến chuyện nhảy xuống, sợ mình sẽ thật sự làm vậy",Trầm cảm/Tuyệt vọng,Khủng hoảng,Bạn đang trải qua điều rất khó khăn và mình thực sự lo cho bạn. Xin hãy gọi ngay đường dây 1800 599 920 để được tư vấn tâm lý khẩn cấp. Bạn không đơn độc trong chuyện này.
"rén ngang quá, chuẩn bị bảo vệ luận văn mà chưa ôn kỹ 😥",Lo âu,Học tập,"Bình tĩnh nào! Mình biết bạn đang cố gắng hết sức rồi. Tắt thông báo điện thoại một lúc, tập trung vào đúng 1 việc thôi. Mọi chuyện rồi sẽ ổn thôi!"
"Ae tư vấn giúp, đang thi online thì rớt mạng mất cả bài thì nên làm sao? muốn bùng cháy 😤",Tức giận,Học tập,"Thở ra đi, thở ra. Đúng là có những chuyện không thể bỏ qua được. Hít thở sâu 10 cái rồi tính tiếp. Thả lỏng ra nào!"
Thiệt tình sắp đến kỳ đánh giá cuối năm mà thành tích chưa đủ. tim đập thình thịch ...,Lo âu,Công việc,"Ổn thôi bạn ơi, Mình hiểu bạn đang lo lắng lắm. Tắt thông báo điện thoại một lúc, tập trung vào đúng 1 việc thôi. Cố lên nha!"
Tài khoản cạn tiền mà tháng còn dài làm mn ơi lo lắng thật sự ...,Lo âu,Cuộc sống,"Bình tĩnh nào! Lo âu kiểu này ai cũng hiểu, đừng tự trách bản thân nhé. Thử đặt deadline nhỏ cho từng việc, đừng nhìn cả đống cùng lúc. Mọi chuyện rồi sẽ ổn thôi!"
"Ae tư vấn giúp, bị sếp la trước mặt cả phòng thì nên làm sao? tủi thân 😞",Buồn bã,Công việc,"Lại đây tâm sự với mình nào. Chuyện đó thật sự khiến người ta hụt hẫng nhiều. Bước ra ngoài đi dạo một chút, không khí tươi cũng giúp được phần nào. Thời gian sẽ chữa lành mọi thứ."
"Bất an ghê quá, sắp thi mà chưa học chữ nào 😰",Lo âu,Học tập,"Hít thở sâu vào nào. Mình biết bạn đang cố gắng hết sức rồi. Chia nhỏ vấn đề ra, xử lý từng bước một nhé. Cố lên nha!"
"cay thật sự quá, đồ án bị bắt làm lại từ đầu vì lý do mơ hồ 🙄",Tức giận,Học tập,"Thở ra đi, thở ra. Sự bực bội của bạn hoàn toàn chính đáng. Viết ra hết cảm xúc bực bội vào giấy rồi xé đi — nhẹ lòng lắm đó. Mình tin bạn sẽ xử lý được thôi."
Phát hiện người yêu nói dối 😡,Tức giận,Tình cảm,"Thở ra đi, thở ra. Nghe mà mình cũng thấy khó chịu theo, bạn có lý mà. Bơ đi mà sống, để bụng chỉ tổ mệt mình. Nghĩ chuyện vui cho đỡ tức nhé."
"Má ơi mới chia tay xong, cứ thấy trống rỗng, tủi thân 🥀",Buồn bã,Tình cảm,"Mình ở đây rồi, cứ nói ra đi. Những lúc như này mới thấy cuộc sống không phải lúc nào cũng dễ. Buồn thì cứ khóc ra cho nhẹ lòng, đừng cố nuốt vào. Thời gian sẽ chữa lành mọi thứ."
Thiệt tình học bổng về tài khoản rồi. sướng rơn 😆,Vui vẻ,Học tập,Tuyệt vời quá! Đúng là ngày may mắn của bạn rồi. Cứ giữ phong độ và tiếp tục phát huy! Yomost lun nha!
"Tê tái quá, bị sếp la trước mặt cả phòng 💔",Buồn bã,Công việc,"Thương bạn quá. Những lúc như này mới thấy cuộc sống không phải lúc nào cũng dễ. Buồn thì cứ khóc ra cho nhẹ lòng, đừng cố nuốt vào. Mọi chuyện rồi sẽ qua thôi."
bị sếp ép deadline vô lý không có lý do làm tui giận tím ng,Tức giận,Công việc,"Uống ngụm nước lạnh đi đã. Thiệt là củ chuối không chịu được. Đừng vội phản ứng lúc này, giận quá dễ nói sai. Thả lỏng ra nào!"
"Má ơi bốc trúng phần thưởng to trong sự kiện, phấn khích 🎉",Vui vẻ,Cuộc sống,Tuyệt vời quá! Niềm vui này xứng đáng được lan tỏa! Chia sẻ tin này với người thân đi nào. Quá xá đã!
"Tớ chuẩn bị thuyết trình trước công ty mà cảm thấy chưa sẵn sàng, đổ mồ hôi hột 🥲",Lo âu,Công việc,"Nghe mình này nhé, Áp lực như vậy ai gặp cũng rén thôi, bạn không có gì sai cả. Tắt thông báo điện thoại một lúc, tập trung vào đúng 1 việc thôi. Đừng quá nghiêm khắc với bản thân nhé."
"tim đập thình thịch quá, chuẩn bị bảo vệ luận văn mà chưa ôn kỹ huhu",Lo âu,Học tập,"Hít thở sâu vào nào. Lo âu kiểu này ai cũng hiểu, đừng tự trách bản thân nhé. Cứ làm hết sức mình, kết quả ra sao cũng không hối hận. Đừng quá nghiêm khắc với bản thân nhé."
"không thể tin được quá, nay đi đường kh bị tắc, đến nơi sớm hơn =))",Vui vẻ,Cuộc sống,Tuyệt vời quá! Niềm vui này xứng đáng được lan tỏa! Đây là động lực để bạn tiếp tục cố gắng những thứ khác nữa đó. Quá xá đã!
sắp đến kỳ đánh giá cuối năm mà thành tích chưa đủ,Lo âu,Công việc,"Từ từ đã bạn ơi. Mình biết bạn đang cố gắng hết sức rồi. Uống ly nước ấm, nghỉ một chút rồi tiếp tục. Đừng quá nghiêm khắc với bản thân nhé."
Thiệt tình ăn đc món ngon đúng ý sau bao ngày thèm. hạnh phúc quá 😎,Vui vẻ,Cuộc sống,Chúc mừng bạn nhé 🎉 Đúng là ngày may mắn của bạn rồi. Đây là động lực để bạn tiếp tục cố gắng những thứ khác nữa đó. Tiến lên thôi!
"Run không chịu dc quá, sắp tới deadline mà chưa làm được chữ nào 😱",Lo âu,Công việc,"Nghe mình này nhé, Mình biết bạn đang cố gắng hết sức rồi. Nói chuyện với ai đó bạn tin tưởng — đôi khi chỉ cần kể ra là nhẹ hơn nhiều. Mọi chuyện rồi sẽ ổn thôi!"
"Mn ơi cảm thấy mình học kém hơn bạn bè rất nhiều, tủi thân haiz",Buồn bã,Học tập,"Mình ở đây rồi, cứ nói ra đi. Mình rất tiếc khi nghe điều này. Buồn thì cứ khóc ra cho nhẹ lòng, đừng cố nuốt vào. Mọi chuyện rồi sẽ qua thôi."
Bị sếp la trước mặt cả phòng 😢,Buồn bã,Công việc,"Mình ở đây rồi, cứ nói ra đi. Ai gặp phải cũng đau lòng thôi, bạn không có gì sai. Cứ cho phép bản thân nghỉ ngơi vài ngày. Mình luôn ở đây lắng nghe."
"Ae tư vấn giúp, bị dọa rớt môn nếu điểm thi kh đạt thì nên làm sao? lo lắng thật sự",Lo âu,Học tập,"Nghe mình này nhé, Áp lực như vậy ai gặp cũng rén thôi, bạn không có gì sai cả. Cứ làm hết sức mình, kết quả ra sao cũng không hối hận. Cố lên nha!"
"đổ mồ hôi hột quá, bị dọa rớt môn nếu điểm thi kh đạt ...",Lo âu,Học tập,"Từ từ đã bạn ơi. Cảm giác không kiểm soát được mọi thứ thật sự khó chịu. Chia nhỏ vấn đề ra, xử lý từng bước một nhé. Mình tin bạn sẽ vượt qua được."
"Chời ơi cảm giác bị tụt hậu so vs bạn bè đồng trang lứa, đổ mồ hôi hột",Lo âu,Cuộc sống,"Bình tĩnh nào! Lo âu kiểu này ai cũng hiểu, đừng tự trách bản thân nhé. Ghi ra giấy những gì đang lo, ưu tiên từng cái. Đừng quá nghiêm khắc với bản thân nhé."
"Tao dc thăng chức rồi, phấn khích 🥰",Vui vẻ,Công việc,Đỉnh thật sự! Thấy bạn vui mình cũng phấn chấn theo. Nhớ tự thưởng một chầu ăn ngon nhé. Mình tự hào về bạn lắm!
Sau khi sinh con tôi cảm thấy trống rỗng và không muốn sống nữa.,Trầm cảm/Tuyệt vọng,Khủng hoảng,Điều bạn đang cảm thấy rất nghiêm trọng và bạn xứng đáng được giúp đỡ. Hãy gọi 1800 599 920 ngay bây giờ hoặc đến cơ sở y tế gần nhất. Bạn không cần phải một mình vượt qua điều này.
"Ae tư vấn giúp, team bị giảm nhân sự, mình ph gánh thêm việc thì nên làm sao? tim đập thình thịch 😱",Lo âu,Công việc,"Từ từ đã bạn ơi. Cảm giác bất an như vậy thật sự rất nặng nề. Tắt thông báo điện thoại một lúc, tập trung vào đúng 1 việc thôi. Mình tin bạn sẽ vượt qua được."
Thiệt tình bị rớt môn dù đã cố gắng học. chán nản thật sự,Buồn bã,Học tập,"Chia buồn cùng bạn. Mình rất tiếc khi nghe điều này. Đừng thu mình lại, có mình ở đây mà. Ngày mai trời sẽ sáng hơn hôm nay."
"Tui khối lượng công việc nhiều quá, không biết bắt đầu từ đâu, bất an ghê huhu",Lo âu,Công việc,"Từ từ đã bạn ơi. Mình hiểu bạn đang lo lắng lắm. Tắt thông báo điện thoại một lúc, tập trung vào đúng 1 việc thôi. Đừng quá nghiêm khắc với bản thân nhé."
Thiệt tình dc thầy khen bài luận trước lớp. phê 🥰,Vui vẻ,Học tập,Tuyệt vời quá! Bao nhiêu cố gắng cuối cùng đã được đền đáp. Cứ giữ phong độ và tiếp tục phát huy! Chúc bạn luôn giữ năng lượng tích cực!
"Ae tư vấn giúp, phát hiện ng yêu nói dối thì nên làm sao? muốn bùng cháy 🤬",Tức giận,Tình cảm,"Uống ngụm nước lạnh đi đã. Thiệt là củ chuối không chịu được. Xả stress đi, đi dạo hay đấm gối cũng được. Đừng để chuyện bực mình làm hỏng cả ngày."
"cãi nhau vs người yêu, không bt có ổn không 🥀",Buồn bã,Tình cảm,"Lại đây tâm sự với mình nào. Cảm giác đó nặng nề lắm, bạn không sao cả. Bật nhạc nhẹ hoặc xem phim cho khuây khỏa. Mạnh lên nghen!"
bị hủy hẹn đi chơi phút chót không có lý do làm má ơi cay thật sự 😤,Tức giận,Tình cảm,"Hiểu sự bức xúc của bạn luôn! Bực như vậy mà không nói gì mới lạ, bạn phản ứng bình thường thôi. Đợi nguôi rồi hẵng nói chuyện lại, lúc đó mới xử lý được bình tĩnh hơn. Bỏ qua cho nhẹ đầu nhé."
sếp khen project mới làm tốt trước toàn công ty làm má ơi k thể tin dc 🥰,Vui vẻ,Công việc,Nghe mà vui lây luôn! Thấy bạn vui mình cũng phấn chấn theo. Lưu lại khoảnh khắc này để sau nhìn lại vẫn còn thấy vui. Quá xá đã!
Nghĩ về tương lai thấy mông lung quá làm dạo này hoang mang tột độ huhu,Lo âu,Cuộc sống,"Bình tĩnh nào! Cảm giác không kiểm soát được mọi thứ thật sự khó chịu. Chia nhỏ vấn đề ra, xử lý từng bước một nhé. Bước qua được rồi sẽ thấy mình lớn hơn đó."
"Tim đập thình thịch quá, cảm giác bị tụt hậu so vs bạn bè đồng trang lứa 🥲",Lo âu,Cuộc sống,"Hít thở sâu vào nào. Áp lực như vậy ai gặp cũng rén thôi, bạn không có gì sai cả. Ghi ra giấy những gì đang lo, ưu tiên từng cái. Mọi chuyện rồi sẽ ổn thôi!"
"Chời ơi lương về rùi, phát điên, kh thể tin được",Vui vẻ,Cuộc sống,Đỉnh thật sự! Cái cảm giác sau bao ngày chờ đợi giờ thành sự thật đỉnh lắm! Tận hưởng khoảnh khắc này đến cùng nhé. Yomost lun nha!
"team bị giảm nhân sự, mình ph gánh thêm việc huhu",Lo âu,Công việc,"Ổn thôi bạn ơi, Cảm giác không kiểm soát được mọi thứ thật sự khó chịu. Chia nhỏ vấn đề ra, xử lý từng bước một nhé. Bước qua được rồi sẽ thấy mình lớn hơn đó."
"thất vọng toàn tập quá, mới chia tay xong, cứ thấy trống rỗng haiz",Buồn bã,Tình cảm,Thương bạn quá. Những lúc như này mới thấy cuộc sống không phải lúc nào cũng dễ. Gọi cho bạn thân trút bầu tâm sự nha. Thời gian sẽ chữa lành mọi thứ.
"Phấn khích quá, hôm nay xử lý dc bug khó mà cả team đều bó tay =))",Vui vẻ,Công việc,Tuyệt vời quá! Bao nhiêu cố gắng cuối cùng đã được đền đáp. Tận hưởng khoảnh khắc này đến cùng nhé. Mình tự hào về bạn lắm!
"Ae tư vấn giúp, điểm bị chấm sai mà ko được phúc khảo thì nên làm sao? điên máu 💢",Tức giận,Học tập,"Hiểu sự bức xúc của bạn luôn! Sự bực bội của bạn hoàn toàn chính đáng. Xả stress đi, đi dạo hay đấm gối cũng được. Mình tin bạn sẽ xử lý được thôi."
Đã dặn ko ăn hành mà vẫn bỏ nguyên đống vào làm má ơi cay thật sự 😤,Tức giận,Cuộc sống,"Thở ra đi, thở ra. Nghe mà mình cũng thấy khó chịu theo, bạn có lý mà. Đợi nguôi rồi hẵng nói chuyện lại, lúc đó mới xử lý được bình tĩnh hơn. Thả lỏng ra nào!"
"Ae tư vấn giúp, cảm thấy mình ko xứng vs người ta thì nên làm sao? tê tái 💔",Buồn bã,Tình cảm,"Chia buồn cùng bạn. Mình rất tiếc khi nghe điều này. Đừng thu mình lại, có mình ở đây mà. Mạnh lên nghen!"
"Hôm nay mới chia tay xong, cứ thấy trống rỗng, buồn thiu 🥀",Buồn bã,Tình cảm,"Thương bạn quá. Mình rất tiếc khi nghe điều này. Buồn thì cứ khóc ra cho nhẹ lòng, đừng cố nuốt vào. Mạnh lên nghen!"
bị overthinking trước khi ngủ không tắt được làm chời ơi đổ mồ hôi hột ...,Lo âu,Cuộc sống,"Hít thở sâu vào nào. Lo âu kiểu này ai cũng hiểu, đừng tự trách bản thân nhé. Cứ làm hết sức mình, kết quả ra sao cũng không hối hận. Đừng quá nghiêm khắc với bản thân nhé."
"tê tái quá, kh hòa nhập đc vs văn hóa công ty mới 😢",Buồn bã,Công việc,"Lại đây tâm sự với mình nào. Chuyện đó thật sự khiến người ta hụt hẫng nhiều. Bước ra ngoài đi dạo một chút, không khí tươi cũng giúp được phần nào. Mạnh lên nghen!"
"tim đập thình thịch quá, kh hiểu bài nhưng kh dám hỏi thầy huhu",Lo âu,Học tập,"Nghe mình này nhé, Mình hiểu bạn đang lo lắng lắm. Cứ làm hết sức mình, kết quả ra sao cũng không hối hận. Mọi chuyện rồi sẽ ổn thôi!"
Học bổng về tài khoản rồi làm mình phê 😎,Vui vẻ,Học tập,Đỉnh thật sự! Bao nhiêu cố gắng cuối cùng đã được đền đáp. Lưu lại khoảnh khắc này để sau nhìn lại vẫn còn thấy vui. Yomost lun nha!
cảm giác mối quan hệ đang ngày càng nhạt dần 🥲,Lo âu,Tình cảm,"Hít thở sâu vào nào. Cảm giác không kiểm soát được mọi thứ thật sự khó chịu. Thử đặt deadline nhỏ cho từng việc, đừng nhìn cả đống cùng lúc. Mọi chuyện rồi sẽ ổn thôi!"
"Chời ơi crush vừa công khai người yêu mới, chán nản thật sự 😢",Buồn bã,Tình cảm,Chia buồn cùng bạn. Mình rất tiếc khi nghe điều này. Cứ cho phép bản thân nghỉ ngơi vài ngày. Mình luôn ở đây lắng nghe.
"Mới chia tay xong, cứ thấy trống rỗng 😔",Buồn bã,Tình cảm,"Ôm bạn một cái nha. Cảm giác đó nặng nề lắm, bạn không sao cả. Gọi cho bạn thân trút bầu tâm sự nha. Ngày mai trời sẽ sáng hơn hôm nay."
"buồn thiu quá, làm việc cật lực mà không đc ghi nhận 😢",Buồn bã,Công việc,Ôm bạn một cái nha. Những lúc như này mới thấy cuộc sống không phải lúc nào cũng dễ. Bật nhạc nhẹ hoặc xem phim cho khuây khỏa. Mạnh lên nghen!
"Ae tư vấn giúp, chờ mãi không thấy ng ấy rep tin nhắn thì nên làm sao? run ko chịu được huhu",Lo âu,Tình cảm,"Nghe mình này nhé, Cảm giác không kiểm soát được mọi thứ thật sự khó chịu. Cứ làm hết sức mình, kết quả ra sao cũng không hối hận. Bước qua được rồi sẽ thấy mình lớn hơn đó."
Cảm thấy mình học kém hơn bạn bè rất nhiều làm chời ơi chán nản thật sự 💔,Buồn bã,Học tập,"Lại đây tâm sự với mình nào. Cảm giác đó nặng nề lắm, bạn không sao cả. Buồn thì cứ khóc ra cho nhẹ lòng, đừng cố nuốt vào. Thời gian sẽ chữa lành mọi thứ."
Thiệt tình ko bt mình có đang đi đúng hướng trong sự nghiệp không. bất an ghê 😱,Lo âu,Công việc,"Hít thở sâu vào nào. Áp lực như vậy ai gặp cũng rén thôi, bạn không có gì sai cả. Nói chuyện với ai đó bạn tin tưởng — đôi khi chỉ cần kể ra là nhẹ hơn nhiều. Đừng quá nghiêm khắc với bản thân nhé."
"Ae ơi sắp đến kỳ đóng tiền trọ mà lương chưa về, rén ngang 😭",Lo âu,Cuộc sống,"Bình tĩnh nào! Cảm giác bất an như vậy thật sự rất nặng nề. Tắt thông báo điện thoại một lúc, tập trung vào đúng 1 việc thôi. Mọi chuyện rồi sẽ ổn thôi!"
"bất an ghê quá, áp lực KPI tháng này cao quá, sợ ko đạt 😱",Lo âu,Công việc,"Bình tĩnh nào! Mình biết bạn đang cố gắng hết sức rồi. Thử đặt deadline nhỏ cho từng việc, đừng nhìn cả đống cùng lúc. Mọi chuyện rồi sẽ ổn thôi!"
Ng yêu liên tục đến trễ mà k xin lỗi làm mình sôi máu,Tức giận,Tình cảm,"Hạ hỏa trước nào! Sự bực bội của bạn hoàn toàn chính đáng. Đừng vội phản ứng lúc này, giận quá dễ nói sai. Nghĩ chuyện vui cho đỡ tức nhé."
không ai trong nhóm bạn hiểu mình làm tự nhiên tê tái 😢,Buồn bã,Cuộc sống,"Thương bạn quá. Mình rất tiếc khi nghe điều này. Buồn thì cứ khóc ra cho nhẹ lòng, đừng cố nuốt vào. Ngày mai trời sẽ sáng hơn hôm nay."
"Đổ mồ hôi hột quá, bị overthinking trước khi ngủ ko tắt đc 😱",Lo âu,Cuộc sống,"Từ từ đã bạn ơi. Cảm giác bất an như vậy thật sự rất nặng nề. Thử đặt deadline nhỏ cho từng việc, đừng nhìn cả đống cùng lúc. Đừng quá nghiêm khắc với bản thân nhé."
"khối lượng công việc nhiều quá, kh bt bắt đầu từ đâu 😰",Lo âu,Công việc,"Hít thở sâu vào nào. Cảm giác bất an như vậy thật sự rất nặng nề. Tắt thông báo điện thoại một lúc, tập trung vào đúng 1 việc thôi. Bước qua được rồi sẽ thấy mình lớn hơn đó."
"lương về rùi, phát điên làm tớ phê",Vui vẻ,Cuộc sống,Nghe mà vui lây luôn! Bao nhiêu cố gắng cuối cùng đã được đền đáp. Cứ giữ phong độ và tiếp tục phát huy! Tiến lên thôi!
"Tự nhiên đã dặn k ăn hành mà vẫn bỏ nguyên đống vào, muốn bùng cháy 🤬",Tức giận,Cuộc sống,"Hạ hỏa trước nào! Bực như vậy mà không nói gì mới lạ, bạn phản ứng bình thường thôi. Đợi nguôi rồi hẵng nói chuyện lại, lúc đó mới xử lý được bình tĩnh hơn. Đừng để chuyện bực mình làm hỏng cả ngày."
"tim đập thình thịch quá, mới nghỉ việc xong chưa biết làm gì tiếp 🥲",Lo âu,Công việc,"Từ từ đã bạn ơi. Áp lực như vậy ai gặp cũng rén thôi, bạn không có gì sai cả. Ghi ra giấy những gì đang lo, ưu tiên từng cái. Mình tin bạn sẽ vượt qua được."
Thiệt tình khách hàng dời lịch họp sát giờ mà k báo trước. muốn bùng cháy,Tức giận,Công việc,Hạ hỏa trước nào! Sự bực bội của bạn hoàn toàn chính đáng. Hít thở sâu 10 cái rồi tính tiếp. Nghĩ chuyện vui cho đỡ tức nhé.
"Ae tư vấn giúp, không bt ng ấy có thật sự thích mình không thì nên làm sao? bất an ghê 😰",Lo âu,Tình cảm,"Hít thở sâu vào nào. Cảm giác không kiểm soát được mọi thứ thật sự khó chịu. Thử đặt deadline nhỏ cho từng việc, đừng nhìn cả đống cùng lúc. Mình tin bạn sẽ vượt qua được."
"Ae ơi chuẩn bị thuyết trình trước công ty mà cảm thấy chưa sẵn sàng, lo lắng thật sự huhu",Lo âu,Công việc,"Hít thở sâu vào nào. Lo âu kiểu này ai cũng hiểu, đừng tự trách bản thân nhé. Tắt thông báo điện thoại một lúc, tập trung vào đúng 1 việc thôi. Mọi chuyện rồi sẽ ổn thôi!"
Kh biết mình có đang đi đúng hướng trong sự nghiệp không 🥲,Lo âu,Công việc,"Nghe mình này nhé, Mình biết bạn đang cố gắng hết sức rồi. Uống ly nước ấm, nghỉ một chút rồi tiếp tục. Bước qua được rồi sẽ thấy mình lớn hơn đó."
"Dạo này gõ xong đoạn code dài mà cúp điện mất hết, điên máu 😤",Tức giận,Công việc,"Nghe mà tức dùm á 😡 Gặp chuyện đó ai mà không điên tiết. Đừng vội phản ứng lúc này, giận quá dễ nói sai. Thả lỏng ra nào!"
Thiệt tình làm việc cật lực mà ko được ghi nhận. muốn khóc,Buồn bã,Công việc,"Ôm bạn một cái nha. Cảm giác đó nặng nề lắm, bạn không sao cả. Đừng thu mình lại, có mình ở đây mà. Ngày mai trời sẽ sáng hơn hôm nay."
Xe hỏng giữa đường đúng lúc đang vội nhất làm hôm nay điên máu,Tức giận,Cuộc sống,"Nghe mà tức dùm á 😡 Sự bực bội của bạn hoàn toàn chính đáng. Đừng vội phản ứng lúc này, giận quá dễ nói sai. Đừng để chuyện bực mình làm hỏng cả ngày."
Thiệt tình hôm nay xử lý được bug khó mà cả team đều bó tay. phê 😎,Vui vẻ,Công việc,Tuyệt vời quá! Niềm vui này xứng đáng được lan tỏa! Nhớ tự thưởng một chầu ăn ngon nhé. Chúc bạn luôn giữ năng lượng tích cực!
không bt mình có đang đi đúng hướng trong sự nghiệp ko làm dạo này hồi hộp quá 🥲,Lo âu,Công việc,"Hít thở sâu vào nào. Áp lực như vậy ai gặp cũng rén thôi, bạn không có gì sai cả. Tắt thông báo điện thoại một lúc, tập trung vào đúng 1 việc thôi. Đừng quá nghiêm khắc với bản thân nhé."
tài khoản cạn tiền mà tháng còn dài làm tao rén ngang ...,Lo âu,Cuộc sống,"Bình tĩnh nào! Cảm giác không kiểm soát được mọi thứ thật sự khó chịu. Thử đặt deadline nhỏ cho từng việc, đừng nhìn cả đống cùng lúc. Mình tin bạn sẽ vượt qua được."
Bạn cùng nhóm ko chịu đóng góp bài tập làm tự nhiên muốn bùng cháy 😤,Tức giận,Học tập,"Thở ra đi, thở ra. Đúng là có những chuyện không thể bỏ qua được. Hít thở sâu 10 cái rồi tính tiếp. Đừng để chuyện bực mình làm hỏng cả ngày."
"Tự nhiên áp lực đồng trang lứa học giỏi hơn mình quá nhiều, hoang mang tột độ 😭",Lo âu,Học tập,"Nghe mình này nhé, Mình hiểu bạn đang lo lắng lắm. Chia nhỏ vấn đề ra, xử lý từng bước một nhé. Mọi chuyện rồi sẽ ổn thôi!"
"Ae tư vấn giúp, team bị giảm nhân sự, mình phải gánh thêm việc thì nên làm sao? hồi hộp quá 😱",Lo âu,Công việc,"Bình tĩnh nào! Cảm giác không kiểm soát được mọi thứ thật sự khó chịu. Tắt thông báo điện thoại một lúc, tập trung vào đúng 1 việc thôi. Mình tin bạn sẽ vượt qua được."
Cảm giác mối quan hệ đang ngày càng nhạt dần làm tao đổ mồ hôi hột ...,Lo âu,Tình cảm,"Hít thở sâu vào nào. Cảm giác bất an như vậy thật sự rất nặng nề. Uống ly nước ấm, nghỉ một chút rồi tiếp tục. Mọi chuyện rồi sẽ ổn thôi!"
"Tim đập thình thịch quá, chuẩn bị bảo vệ luận văn mà chưa ôn kỹ 😱",Lo âu,Học tập,"Từ từ đã bạn ơi. Áp lực như vậy ai gặp cũng rén thôi, bạn không có gì sai cả. Tắt thông báo điện thoại một lúc, tập trung vào đúng 1 việc thôi. Mọi chuyện rồi sẽ ổn thôi!"
"cãi nhau vs ng yêu, ko bt có ổn không làm ae ơi buồn thiu 😔",Buồn bã,Tình cảm,"Chia buồn cùng bạn. Cảm giác đó nặng nề lắm, bạn không sao cả. Bước ra ngoài đi dạo một chút, không khí tươi cũng giúp được phần nào. Mọi chuyện rồi sẽ qua thôi."
"chọn sai ngành, ko biết có nên đổi không làm má ơi bất an ghê",Lo âu,Học tập,"Nghe mình này nhé, Cảm giác bất an như vậy thật sự rất nặng nề. Ghi ra giấy những gì đang lo, ưu tiên từng cái. Mọi chuyện rồi sẽ ổn thôi!"
Thiệt tình khách hàng dời lịch họp sát giờ mà kh báo trước. tức á 😡,Tức giận,Công việc,"Thở ra đi, thở ra. Sự bực bội của bạn hoàn toàn chính đáng. Đừng vội phản ứng lúc này, giận quá dễ nói sai. Bỏ qua cho nhẹ đầu nhé."
Thiệt tình nghĩ về tương lai thấy mông lung quá. hoang mang tột độ 😱,Lo âu,Cuộc sống,"Nghe mình này nhé, Lo âu kiểu này ai cũng hiểu, đừng tự trách bản thân nhé. Tắt thông báo điện thoại một lúc, tập trung vào đúng 1 việc thôi. Bước qua được rồi sẽ thấy mình lớn hơn đó."
"Ủa mà nhìn cảnh nhà ng ta hạnh phúc mà tủi thân, tủi thân 😞",Buồn bã,Cuộc sống,Lại đây tâm sự với mình nào. Những lúc như này mới thấy cuộc sống không phải lúc nào cũng dễ. Cứ cho phép bản thân nghỉ ngơi vài ngày. Ngày mai trời sẽ sáng hơn hôm nay.
Cảm giác mối quan hệ đang ngày càng nhạt dần làm hôm nay lo lắng thật sự 😥,Lo âu,Tình cảm,"Bình tĩnh nào! Mình biết bạn đang cố gắng hết sức rồi. Chia nhỏ vấn đề ra, xử lý từng bước một nhé. Mình tin bạn sẽ vượt qua được."
Thiệt tình lo lắng không biết mối quan hệ này có tương lai không. tim đập thình thịch huhu,Lo âu,Tình cảm,"Hít thở sâu vào nào. Áp lực như vậy ai gặp cũng rén thôi, bạn không có gì sai cả. Thử đặt deadline nhỏ cho từng việc, đừng nhìn cả đống cùng lúc. Mọi chuyện rồi sẽ ổn thôi!"
Thiệt tình crush nhắn tin trước. không thể tin đc 😆,Vui vẻ,Tình cảm,Tuyệt vời quá! Bao nhiêu cố gắng cuối cùng đã được đền đáp. Tận hưởng khoảnh khắc này đến cùng nhé. Yomost lun nha!
"Chời ơi khách hàng dời lịch họp sát giờ mà không báo trước, điên máu 💢",Tức giận,Công việc,Nghe mà tức dùm á 😡 Đúng là có những chuyện không thể bỏ qua được. Hít thở sâu 10 cái rồi tính tiếp. Đừng để chuyện bực mình làm hỏng cả ngày.
"hạnh phúc quá quá, dc thầy khen bài luận trước lớp 🎉",Vui vẻ,Học tập,Nghe mà vui lây luôn! Đúng là ngày may mắn của bạn rồi. Lưu lại khoảnh khắc này để sau nhìn lại vẫn còn thấy vui. Quá xá đã!
"Tê tái quá, mới chia tay xong, cứ thấy trống rỗng 💔",Buồn bã,Tình cảm,Chia buồn cùng bạn. Mình rất tiếc khi nghe điều này. Gọi cho bạn thân trút bầu tâm sự nha. Ngày mai trời sẽ sáng hơn hôm nay.
"Mình được thầy khen bài luận trước lớp, yêu đời hẳn =))",Vui vẻ,Học tập,Wow xịn xò vậy! Niềm vui này xứng đáng được lan tỏa! Cứ giữ phong độ và tiếp tục phát huy! Mình tự hào về bạn lắm!
cảm giác mối quan hệ đang ngày càng nhạt dần làm tao tim đập thình thịch ...,Lo âu,Tình cảm,"Hít thở sâu vào nào. Áp lực như vậy ai gặp cũng rén thôi, bạn không có gì sai cả. Cứ làm hết sức mình, kết quả ra sao cũng không hối hận. Bước qua được rồi sẽ thấy mình lớn hơn đó."
Pass môn khó nhất học kỳ r làm chời ơi không thể tin đc =)),Vui vẻ,Học tập,Đỉnh thật sự! Bao nhiêu cố gắng cuối cùng đã được đền đáp. Chia sẻ tin này với người thân đi nào. Yomost lun nha!
"Ae tư vấn giúp, vừa chốt đc hợp đồng lớn sau bao ngày nỗ lực thì nên làm sao? không thể tin dc ✨",Vui vẻ,Công việc,Tuyệt vời quá! Niềm vui này xứng đáng được lan tỏa! Cứ giữ phong độ và tiếp tục phát huy! Yomost lun nha!
Thiệt tình cảm thấy mình ko xứng với ng ta. buồn thiu 💔,Buồn bã,Tình cảm,Ôm bạn một cái nha. Những lúc như này mới thấy cuộc sống không phải lúc nào cũng dễ. Cứ cho phép bản thân nghỉ ngơi vài ngày. Mình luôn ở đây lắng nghe.
"Ae tư vấn giúp, team bị giảm nhân sự, mình ph gánh thêm việc thì nên làm sao? rén ngang 😱",Lo âu,Công việc,"Nghe mình này nhé, Áp lực như vậy ai gặp cũng rén thôi, bạn không có gì sai cả. Thử đặt deadline nhỏ cho từng việc, đừng nhìn cả đống cùng lúc. Bước qua được rồi sẽ thấy mình lớn hơn đó."
Nhìn cảnh nhà người ta hạnh phúc mà tủi thân 😔,Buồn bã,Cuộc sống,Ôm bạn một cái nha. Mình rất tiếc khi nghe điều này. Cứ cho phép bản thân nghỉ ngơi vài ngày. Thời gian sẽ chữa lành mọi thứ.
"cay thật sự quá, bị hủy hẹn đi chơi phút chót không có lý do 🙄",Tức giận,Tình cảm,"Uống ngụm nước lạnh đi đã. Gặp chuyện đó ai mà không điên tiết. Đợi nguôi rồi hẵng nói chuyện lại, lúc đó mới xử lý được bình tĩnh hơn. Bỏ qua cho nhẹ đầu nhé."
Thiệt tình chuẩn bị tỏ tình mà sợ bị từ chối. tim đập thình thịch 😭,Lo âu,Tình cảm,Từ từ đã bạn ơi. Mình hiểu bạn đang lo lắng lắm. Nói chuyện với ai đó bạn tin tưởng — đôi khi chỉ cần kể ra là nhẹ hơn nhiều. Bước qua được rồi sẽ thấy mình lớn hơn đó.
mới nghỉ việc xong chưa biết làm gì tiếp làm chời ơi lo lắng thật sự huhu,Lo âu,Công việc,"Ổn thôi bạn ơi, Cảm giác bất an như vậy thật sự rất nặng nề. Tắt thông báo điện thoại một lúc, tập trung vào đúng 1 việc thôi. Cố lên nha!"
"thầy giáo hay sờ vào người mình, mình sợ nhưng không biết nói với ai",Bạo hành,Khủng hoảng,Điều bạn mô tả là bạo hành và bạn hoàn toàn có quyền được bảo vệ. Hãy liên hệ 1900 969 680 (hỗ trợ phụ nữ & trẻ em) hoặc Tổng đài 111 ngay. Họ sẽ giúp bạn thoát khỏi tình huống này.
"Giận tím người quá, bị sếp ép deadline vô lý không có lý do 💢",Tức giận,Công việc,"Thở ra đi, thở ra. Nghe mà mình cũng thấy khó chịu theo, bạn có lý mà. Xả stress đi, đi dạo hay đấm gối cũng được. Mình tin bạn sẽ xử lý được thôi."
"Tao đồ án bị bắt làm lại từ đầu vì lý do mơ hồ, điên máu 🔥",Tức giận,Học tập,"Uống ngụm nước lạnh đi đã. Bực như vậy mà không nói gì mới lạ, bạn phản ứng bình thường thôi. Đợi nguôi rồi hẵng nói chuyện lại, lúc đó mới xử lý được bình tĩnh hơn. Mình tin bạn sẽ xử lý được thôi."
không hiểu bài nhưng kh dám hỏi thầy 😰,Lo âu,Học tập,"Nghe mình này nhé, Lo âu kiểu này ai cũng hiểu, đừng tự trách bản thân nhé. Cứ làm hết sức mình, kết quả ra sao cũng không hối hận. Mọi chuyện rồi sẽ ổn thôi!"
Sếp khen project mới làm tốt trước toàn công ty làm má ơi phê =)),Vui vẻ,Công việc,Chúc mừng bạn nhé 🎉 Bao nhiêu cố gắng cuối cùng đã được đền đáp. Đây là động lực để bạn tiếp tục cố gắng những thứ khác nữa đó. Chúc bạn luôn giữ năng lượng tích cực!
Bạn cùng nhóm không chịu đóng góp bài tập làm mình điên máu 🤬,Tức giận,Học tập,Uống ngụm nước lạnh đi đã. Gặp chuyện đó ai mà không điên tiết. Viết ra hết cảm xúc bực bội vào giấy rồi xé đi — nhẹ lòng lắm đó. Đừng để chuyện bực mình làm hỏng cả ngày.
"Ae tư vấn giúp, bị trừ lương vì một lỗi nhỏ thì nên làm sao? chán nản thật sự haiz",Buồn bã,Công việc,Thương bạn quá. Chuyện đó thật sự khiến người ta hụt hẫng nhiều. Cứ cho phép bản thân nghỉ ngơi vài ngày. Ngày mai trời sẽ sáng hơn hôm nay.
"Ae ơi được crush rủ đi chơi cuối tuần, hạnh phúc quá 😎",Vui vẻ,Tình cảm,Đỉnh thật sự! Cái cảm giác sau bao ngày chờ đợi giờ thành sự thật đỉnh lắm! Đây là động lực để bạn tiếp tục cố gắng những thứ khác nữa đó. Tiến lên thôi!
"Ủa mà k bt cách tiết kiệm tiền hiệu quả, lo lắng thật sự 😱",Lo âu,Cuộc sống,"Bình tĩnh nào! Áp lực như vậy ai gặp cũng rén thôi, bạn không có gì sai cả. Tắt thông báo điện thoại một lúc, tập trung vào đúng 1 việc thôi. Mọi chuyện rồi sẽ ổn thôi!"
Đang đi đường thì bị xe tạt nước vào ng,Tức giận,Cuộc sống,"Thở ra đi, thở ra. Gặp chuyện đó ai mà không điên tiết. Hít thở sâu 10 cái rồi tính tiếp. Thả lỏng ra nào!"
"Ae ơi bị hủy hẹn đi chơi phút chót ko có lý do, tức á 😤",Tức giận,Tình cảm,"Nghe mà tức dùm á 😡 Gặp chuyện đó ai mà không điên tiết. Đừng vội phản ứng lúc này, giận quá dễ nói sai. Bỏ qua cho nhẹ đầu nhé."
"Yêu đời hẳn quá, khách hàng gửi email khen ngợi sản phẩm của mình 🎉",Vui vẻ,Công việc,Wow xịn xò vậy! Cái cảm giác sau bao ngày chờ đợi giờ thành sự thật đỉnh lắm! Tận hưởng khoảnh khắc này đến cùng nhé. Tiến lên thôi!
"Dạo này team bị giảm nhân sự, mình ph gánh thêm việc, hoang mang tột độ 😥",Lo âu,Công việc,"Bình tĩnh nào! Cảm giác không kiểm soát được mọi thứ thật sự khó chịu. Ghi ra giấy những gì đang lo, ưu tiên từng cái. Cố lên nha!"
Thiệt tình không hòa nhập được với văn hóa công ty mới. muốn khóc 😞,Buồn bã,Công việc,Chia buồn cùng bạn. Mình rất tiếc khi nghe điều này. Gọi cho bạn thân trút bầu tâm sự nha. Mạnh lên nghen!
"Ae tư vấn giúp, hai đứa vừa giải quyết được hiểu lầm hồi lâu thì nên làm sao? hạnh phúc quá",Vui vẻ,Tình cảm,Đỉnh thật sự! Bao nhiêu cố gắng cuối cùng đã được đền đáp. Lưu lại khoảnh khắc này để sau nhìn lại vẫn còn thấy vui. Quá xá đã!
"Ae ơi nay đi đường kh bị tắc, đến nơi sớm hơn, yêu đời hẳn 🥰",Vui vẻ,Cuộc sống,Nghe mà vui lây luôn! Niềm vui này xứng đáng được lan tỏa! Tận hưởng khoảnh khắc này đến cùng nhé. Quá xá đã!
"Ae tư vấn giúp, sắp tới deadline mà chưa làm đc chữ nào thì nên làm sao? lo lắng thật sự 😭",Lo âu,Công việc,"Bình tĩnh nào! Mình biết bạn đang cố gắng hết sức rồi. Thử đặt deadline nhỏ cho từng việc, đừng nhìn cả đống cùng lúc. Bước qua được rồi sẽ thấy mình lớn hơn đó."
Thiệt tình sếp khen project mới làm tốt trước toàn công ty. không thể tin đc,Vui vẻ,Công việc,Wow xịn xò vậy! Kết quả này là thành quả xứng đáng từ nỗ lực của bạn. Chia sẻ tin này với người thân đi nào. Chúc bạn luôn giữ năng lượng tích cực!
Hai đứa vừa giải quyết đc hiểu lầm hồi lâu làm hôm nay sướng rơn 😆,Vui vẻ,Tình cảm,Wow xịn xò vậy! Thấy bạn vui mình cũng phấn chấn theo. Cứ giữ phong độ và tiếp tục phát huy! Chúc bạn luôn giữ năng lượng tích cực!
"Lo lắng thật sự quá, ko hiểu bài nhưng không dám hỏi thầy 😭",Lo âu,Học tập,"Nghe mình này nhé, Cảm giác bất an như vậy thật sự rất nặng nề. Uống ly nước ấm, nghỉ một chút rồi tiếp tục. Mọi chuyện rồi sẽ ổn thôi!"
"cãi nhau với người yêu, không bt có ổn không 💔",Buồn bã,Tình cảm,Chia buồn cùng bạn. Mình rất tiếc khi nghe điều này. Gọi cho bạn thân trút bầu tâm sự nha. Ngày mai trời sẽ sáng hơn hôm nay.
"Ae tư vấn giúp, bị đình chỉ thi vì vi phạm nội quy thì nên làm sao? muốn khóc 💔",Buồn bã,Học tập,"Ôm bạn một cái nha. Chuyện đó thật sự khiến người ta hụt hẫng nhiều. Buồn thì cứ khóc ra cho nhẹ lòng, đừng cố nuốt vào. Ngày mai trời sẽ sáng hơn hôm nay."
"Chi tiêu tháng này lố quá, không bt xoay sở sao ...",Lo âu,Cuộc sống,"Bình tĩnh nào! Lo âu kiểu này ai cũng hiểu, đừng tự trách bản thân nhé. Cứ làm hết sức mình, kết quả ra sao cũng không hối hận. Mình tin bạn sẽ vượt qua được."
nhìn cảnh nhà ng ta hạnh phúc mà tủi thân làm tui muốn khóc 😔,Buồn bã,Cuộc sống,"Lại đây tâm sự với mình nào. Buồn như vậy là hoàn toàn bình thường, đừng cố kìm lại. Đừng thu mình lại, có mình ở đây mà. Thời gian sẽ chữa lành mọi thứ."
mọi thứ dạo này cứ xui xẻo liên tục làm chời ơi tê tái 😞,Buồn bã,Cuộc sống,"Thương bạn quá. Buồn như vậy là hoàn toàn bình thường, đừng cố kìm lại. Gọi cho bạn thân trút bầu tâm sự nha. Ngày mai trời sẽ sáng hơn hôm nay."
Thiệt tình chuẩn bị bảo vệ luận văn mà chưa ôn kỹ. run không chịu dc,Lo âu,Học tập,"Bình tĩnh nào! Cảm giác không kiểm soát được mọi thứ thật sự khó chịu. Cứ làm hết sức mình, kết quả ra sao cũng không hối hận. Đừng quá nghiêm khắc với bản thân nhé."
bạn cùng nhóm không chịu đóng góp bài tập làm chời ơi giận tím ng 🤬,Tức giận,Học tập,"Thở ra đi, thở ra. Đúng là có những chuyện không thể bỏ qua được. Xả stress đi, đi dạo hay đấm gối cũng được. Bỏ qua cho nhẹ đầu nhé."
Dự án tâm huyết bị hủy bỏ phút chót làm mình chán nản thật sự 🥀,Buồn bã,Công việc,"Chia buồn cùng bạn. Cảm giác đó nặng nề lắm, bạn không sao cả. Đừng thu mình lại, có mình ở đây mà. Mạnh lên nghen!"
"Ae tư vấn giúp, bạn mượn tiền lâu r mà cứ quên trả thì nên làm sao? giận tím ng 🔥",Tức giận,Cuộc sống,"Nghe mà tức dùm á 😡 Gặp chuyện đó ai mà không điên tiết. Xả stress đi, đi dạo hay đấm gối cũng được. Mình tin bạn sẽ xử lý được thôi."
"Tức á quá, đang thi online thì rớt mạng mất cả bài 🔥",Tức giận,Học tập,Nghe mà tức dùm á 😡 Thiệt là củ chuối không chịu được. Viết ra hết cảm xúc bực bội vào giấy rồi xé đi — nhẹ lòng lắm đó. Thả lỏng ra nào!
"Cay thật sự quá, phát hiện người yêu nói dối",Tức giận,Tình cảm,"Nghe mà tức dùm á 😡 Bực như vậy mà không nói gì mới lạ, bạn phản ứng bình thường thôi. Xả stress đi, đi dạo hay đấm gối cũng được. Bỏ qua cho nhẹ đầu nhé."
Bị trừ lương vì một lỗi nhỏ làm tớ muốn khóc 😢,Buồn bã,Công việc,"Mình ở đây rồi, cứ nói ra đi. Ai gặp phải cũng đau lòng thôi, bạn không có gì sai. Bật nhạc nhẹ hoặc xem phim cho khuây khỏa. Mạnh lên nghen!"
Lo lắng ko bt mối quan hệ này có tương lai k làm ae ơi hoang mang tột độ huhu,Lo âu,Tình cảm,"Từ từ đã bạn ơi. Cảm giác không kiểm soát được mọi thứ thật sự khó chịu. Cứ làm hết sức mình, kết quả ra sao cũng không hối hận. Mình tin bạn sẽ vượt qua được."
"chi tiêu tháng này lố quá, không bt xoay sở sao làm mn ơi tim đập thình thịch 😭",Lo âu,Cuộc sống,"Bình tĩnh nào! Áp lực như vậy ai gặp cũng rén thôi, bạn không có gì sai cả. Cứ làm hết sức mình, kết quả ra sao cũng không hối hận. Mọi chuyện rồi sẽ ổn thôi!"
"Muốn bùng cháy quá, nhắn tin cả ngày mà k thèm đọc nhưng vẫn online 😤",Tức giận,Tình cảm,"Thở ra đi, thở ra. Sự bực bội của bạn hoàn toàn chính đáng. Đợi nguôi rồi hẵng nói chuyện lại, lúc đó mới xử lý được bình tĩnh hơn. Nghĩ chuyện vui cho đỡ tức nhé."
sắp thi mà chưa học chữ nào làm tui lo lắng thật sự,Lo âu,Học tập,"Từ từ đã bạn ơi. Cảm giác bất an như vậy thật sự rất nặng nề. Uống ly nước ấm, nghỉ một chút rồi tiếp tục. Mọi chuyện rồi sẽ ổn thôi!"
"Tự nhiên làm việc cật lực mà không được ghi nhận, buồn thiu 💔",Buồn bã,Công việc,"Thương bạn quá. Chuyện đó thật sự khiến người ta hụt hẫng nhiều. Buồn thì cứ khóc ra cho nhẹ lòng, đừng cố nuốt vào. Mình luôn ở đây lắng nghe."
"Yêu đời hẳn quá, giải quyết xong đống task tồn đọng cả tuần 😆",Vui vẻ,Công việc,Chúc mừng bạn nhé 🎉 Niềm vui này xứng đáng được lan tỏa! Nhớ tự thưởng một chầu ăn ngon nhé. Chúc bạn luôn giữ năng lượng tích cực!
"đổ mồ hôi hột quá, bị dọa rớt môn nếu điểm thi không đạt 😱",Lo âu,Học tập,"Hít thở sâu vào nào. Áp lực như vậy ai gặp cũng rén thôi, bạn không có gì sai cả. Uống ly nước ấm, nghỉ một chút rồi tiếp tục. Bước qua được rồi sẽ thấy mình lớn hơn đó."
học ngày học đêm mà điểm vẫn lẹt đẹt làm dạo này thất vọng toàn tập 😢,Buồn bã,Học tập,"Thương bạn quá. Ai gặp phải cũng đau lòng thôi, bạn không có gì sai. Bật nhạc nhẹ hoặc xem phim cho khuây khỏa. Ngày mai trời sẽ sáng hơn hôm nay."
"team bị giảm nhân sự, mình ph gánh thêm việc 😱",Lo âu,Công việc,"Từ từ đã bạn ơi. Cảm giác không kiểm soát được mọi thứ thật sự khó chịu. Tắt thông báo điện thoại một lúc, tập trung vào đúng 1 việc thôi. Cố lên nha!"
"Thất vọng toàn tập quá, mới chia tay xong, cứ thấy trống rỗng",Buồn bã,Tình cảm,"Mình ở đây rồi, cứ nói ra đi. Những lúc như này mới thấy cuộc sống không phải lúc nào cũng dễ. Cứ cho phép bản thân nghỉ ngơi vài ngày. Thời gian sẽ chữa lành mọi thứ."
Thiệt tình bị sếp ép deadline vô lý không có lý do. tức á 😤,Tức giận,Công việc,"Thở ra đi, thở ra. Bực như vậy mà không nói gì mới lạ, bạn phản ứng bình thường thôi. Viết ra hết cảm xúc bực bội vào giấy rồi xé đi — nhẹ lòng lắm đó. Bỏ qua cho nhẹ đầu nhé."
bị dọa rớt môn nếu điểm thi không đạt ...,Lo âu,Học tập,"Hít thở sâu vào nào. Cảm giác không kiểm soát được mọi thứ thật sự khó chịu. Ghi ra giấy những gì đang lo, ưu tiên từng cái. Đừng quá nghiêm khắc với bản thân nhé."
"Ae ơi pass môn khó nhất học kỳ rồi, phấn khích 🥰",Vui vẻ,Học tập,Chúc mừng bạn nhé 🎉 Đúng là ngày may mắn của bạn rồi. Tận hưởng khoảnh khắc này đến cùng nhé. Quá xá đã!
"Tự nhiên cảm thấy mình học kém hơn bạn bè rất nhiều, muốn khóc haiz",Buồn bã,Học tập,"Lại đây tâm sự với mình nào. Những lúc như này mới thấy cuộc sống không phải lúc nào cũng dễ. Bước ra ngoài đi dạo một chút, không khí tươi cũng giúp được phần nào. Thời gian sẽ chữa lành mọi thứ."
Thiệt tình giải quyết xong đống task tồn đọng cả tuần. sướng rơn 🤩,Vui vẻ,Công việc,Đỉnh thật sự! Cái cảm giác sau bao ngày chờ đợi giờ thành sự thật đỉnh lắm! Cứ giữ phong độ và tiếp tục phát huy! Chúc bạn luôn giữ năng lượng tích cực!
Làm việc cật lực mà không đc ghi nhận làm ae ơi tủi thân haiz,Buồn bã,Công việc,"Lại đây tâm sự với mình nào. Buồn như vậy là hoàn toàn bình thường, đừng cố kìm lại. Gọi cho bạn thân trút bầu tâm sự nha. Ngày mai trời sẽ sáng hơn hôm nay."
Thiệt tình hôm nay xử lý dc bug khó mà cả team đều bó tay. vui xỉu 🎉,Vui vẻ,Công việc,Chúc mừng bạn nhé 🎉 Đúng là ngày may mắn của bạn rồi. Cứ giữ phong độ và tiếp tục phát huy! Chúc bạn luôn giữ năng lượng tích cực!
"Ủa mà chọn sai ngành, k biết có nên đổi k, tim đập thình thịch 😭",Lo âu,Học tập,"Ổn thôi bạn ơi, Áp lực như vậy ai gặp cũng rén thôi, bạn không có gì sai cả. Thử đặt deadline nhỏ cho từng việc, đừng nhìn cả đống cùng lúc. Mình tin bạn sẽ vượt qua được."
"Tự nhiên lo lắng k biết mối quan hệ này có tương lai không, đổ mồ hôi hột huhu",Lo âu,Tình cảm,"Từ từ đã bạn ơi. Cảm giác không kiểm soát được mọi thứ thật sự khó chịu. Cứ làm hết sức mình, kết quả ra sao cũng không hối hận. Mình tin bạn sẽ vượt qua được."
Thiệt tình bốc trúng phần thưởng to trong sự kiện. phê,Vui vẻ,Cuộc sống,Nghe mà vui lây luôn! Đúng là ngày may mắn của bạn rồi. Nhớ tự thưởng một chầu ăn ngon nhé. Chúc bạn luôn giữ năng lượng tích cực!
"Ae tư vấn giúp, học ngày học đêm mà điểm vẫn lẹt đẹt thì nên làm sao? thất vọng toàn tập haiz",Buồn bã,Học tập,"Thương bạn quá. Cảm giác đó nặng nề lắm, bạn không sao cả. Đừng thu mình lại, có mình ở đây mà. Thời gian sẽ chữa lành mọi thứ."
bị trừ lương vì một lỗi nhỏ làm dạo này thất vọng toàn tập 💔,Buồn bã,Công việc,Ôm bạn một cái nha. Những lúc như này mới thấy cuộc sống không phải lúc nào cũng dễ. Bật nhạc nhẹ hoặc xem phim cho khuây khỏa. Mình luôn ở đây lắng nghe.
"Tao crush vừa công khai người yêu mới, chán nản thật sự 💔",Buồn bã,Tình cảm,"Ôm bạn một cái nha. Cảm giác đó nặng nề lắm, bạn không sao cả. Cứ cho phép bản thân nghỉ ngơi vài ngày. Mình luôn ở đây lắng nghe."
Bạn mượn tiền lâu r mà cứ quên trả làm mình sôi máu 😤,Tức giận,Cuộc sống,"Hiểu sự bức xúc của bạn luôn! Bực như vậy mà không nói gì mới lạ, bạn phản ứng bình thường thôi. Bơ đi mà sống, để bụng chỉ tổ mệt mình. Nghĩ chuyện vui cho đỡ tức nhé."
"cay thật sự quá, nhắn tin cả ngày mà k thèm đọc nhưng vẫn online 😤",Tức giận,Tình cảm,"Hiểu sự bức xúc của bạn luôn! Sự bực bội của bạn hoàn toàn chính đáng. Đừng vội phản ứng lúc này, giận quá dễ nói sai. Thả lỏng ra nào!"
"Ủa mà hôm nay xử lý được bug khó mà cả team đều bó tay, phấn khích 😆",Vui vẻ,Công việc,Nghe mà vui lây luôn! Đúng là ngày may mắn của bạn rồi. Tận hưởng khoảnh khắc này đến cùng nhé. Yomost lun nha!
"Ae tư vấn giúp, bạn cùng nhóm không chịu đóng góp bài tập thì nên làm sao? điên máu",Tức giận,Học tập,Hiểu sự bức xúc của bạn luôn! Đúng là có những chuyện không thể bỏ qua được. Viết ra hết cảm xúc bực bội vào giấy rồi xé đi — nhẹ lòng lắm đó. Nghĩ chuyện vui cho đỡ tức nhé.
"Bất an ghê quá, chọn sai ngành, ko bt có nên đổi không 😭",Lo âu,Học tập,"Ổn thôi bạn ơi, Cảm giác không kiểm soát được mọi thứ thật sự khó chịu. Thử đặt deadline nhỏ cho từng việc, đừng nhìn cả đống cùng lúc. Mình tin bạn sẽ vượt qua được."
"phê quá, người yêu tặng quà bất ngờ 😆",Vui vẻ,Tình cảm,Wow xịn xò vậy! Đúng là ngày may mắn của bạn rồi. Chia sẻ tin này với người thân đi nào. Quá xá đã!
"Ae tư vấn giúp, bị bom hàng sau khi chờ cả tuần thì nên làm sao? cay thật sự 😤",Tức giận,Cuộc sống,"Hiểu sự bức xúc của bạn luôn! Gặp chuyện đó ai mà không điên tiết. Đợi nguôi rồi hẵng nói chuyện lại, lúc đó mới xử lý được bình tĩnh hơn. Đừng để chuyện bực mình làm hỏng cả ngày."
"Ae tư vấn giúp, bị đồng nghiệp đổ lỗi cho mình trước mặt sếp thì nên làm sao? sôi máu 🔥",Tức giận,Công việc,"Nghe mà tức dùm á 😡 Đúng là có những chuyện không thể bỏ qua được. Xả stress đi, đi dạo hay đấm gối cũng được. Bỏ qua cho nhẹ đầu nhé."
làm việc cật lực mà ko dc ghi nhận làm tui tê tái 😞,Buồn bã,Công việc,"Chia buồn cùng bạn. Cảm giác đó nặng nề lắm, bạn không sao cả. Bước ra ngoài đi dạo một chút, không khí tươi cũng giúp được phần nào. Mình luôn ở đây lắng nghe."
sắp đến kỳ đánh giá cuối năm mà thành tích chưa đủ làm tớ lo lắng thật sự,Lo âu,Công việc,"Ổn thôi bạn ơi, Mình biết bạn đang cố gắng hết sức rồi. Uống ly nước ấm, nghỉ một chút rồi tiếp tục. Mình tin bạn sẽ vượt qua được."
"Hạnh phúc quá quá, người yêu tặng quà bất ngờ ✨",Vui vẻ,Tình cảm,Nghe mà vui lây luôn! Kết quả này là thành quả xứng đáng từ nỗ lực của bạn. Nhớ tự thưởng một chầu ăn ngon nhé. Quá xá đã!
"Ae tư vấn giúp, thấy crush đi chơi với người khác thì nên làm sao? tim đập thình thịch huhu",Lo âu,Tình cảm,"Bình tĩnh nào! Lo âu kiểu này ai cũng hiểu, đừng tự trách bản thân nhé. Thử đặt deadline nhỏ cho từng việc, đừng nhìn cả đống cùng lúc. Bước qua được rồi sẽ thấy mình lớn hơn đó."
"Ae tư vấn giúp, cảm thấy mình học kém hơn bạn bè rất nhiều thì nên làm sao? chán nản thật sự 💔",Buồn bã,Học tập,"Thương bạn quá. Cảm giác đó nặng nề lắm, bạn không sao cả. Đừng thu mình lại, có mình ở đây mà. Mọi chuyện rồi sẽ qua thôi."
"Kh thể tin dc quá, dc thăng chức rồi",Vui vẻ,Công việc,Đỉnh thật sự! Kết quả này là thành quả xứng đáng từ nỗ lực của bạn. Đây là động lực để bạn tiếp tục cố gắng những thứ khác nữa đó. Mình tự hào về bạn lắm!
"t thấy mình vô dụng, kh xứng đáng sống",Trầm cảm/Tuyệt vọng,Khủng hoảng,"Mình nghe thấy bạn đang rất đau khổ lúc này. Bạn không cần chịu đựng một mình đâu. Hãy gọi ngay 1800 599 920 (miễn phí, 24/7) để được chuyên gia lắng nghe. Cuộc sống của bạn rất quý giá."
Thiệt tình bài thi được điểm cao ngoài mong đợi. yêu đời hẳn 😆,Vui vẻ,Học tập,Nghe mà vui lây luôn! Thấy bạn vui mình cũng phấn chấn theo. Đây là động lực để bạn tiếp tục cố gắng những thứ khác nữa đó. Chúc bạn luôn giữ năng lượng tích cực!
Thiệt tình không hòa nhập được với văn hóa công ty mới. buồn thiu 😔,Buồn bã,Công việc,"Lại đây tâm sự với mình nào. Chuyện đó thật sự khiến người ta hụt hẫng nhiều. Buồn thì cứ khóc ra cho nhẹ lòng, đừng cố nuốt vào. Mạnh lên nghen!"
"Má ơi chờ mãi không thấy ng ấy rep tin nhắn, rén ngang ...",Lo âu,Tình cảm,"Bình tĩnh nào! Mình biết bạn đang cố gắng hết sức rồi. Ghi ra giấy những gì đang lo, ưu tiên từng cái. Đừng quá nghiêm khắc với bản thân nhé."
"Thiệt tình điểm thi thử thấp quá, sợ thi thật sẽ tệ hơn. lo lắng thật sự 😰",Lo âu,Học tập,"Hít thở sâu vào nào. Mình biết bạn đang cố gắng hết sức rồi. Thử đặt deadline nhỏ cho từng việc, đừng nhìn cả đống cùng lúc. Mọi chuyện rồi sẽ ổn thôi!"
"Hôm nay kh biết người ấy có thật sự thích mình không, lo lắng thật sự 😭",Lo âu,Tình cảm,"Nghe mình này nhé, Lo âu kiểu này ai cũng hiểu, đừng tự trách bản thân nhé. Tắt thông báo điện thoại một lúc, tập trung vào đúng 1 việc thôi. Cố lên nha!"
"Ae tư vấn giúp, k hiểu bài nhưng kh dám hỏi thầy thì nên làm sao? bất an ghê 🥲",Lo âu,Học tập,"Ổn thôi bạn ơi, Áp lực như vậy ai gặp cũng rén thôi, bạn không có gì sai cả. Nói chuyện với ai đó bạn tin tưởng — đôi khi chỉ cần kể ra là nhẹ hơn nhiều. Mình tin bạn sẽ vượt qua được."
"run k chịu dc quá, cảm giác mối quan hệ đang ngày càng nhạt dần 🥲",Lo âu,Tình cảm,Từ từ đã bạn ơi. Mình biết bạn đang cố gắng hết sức rồi. Nói chuyện với ai đó bạn tin tưởng — đôi khi chỉ cần kể ra là nhẹ hơn nhiều. Mọi chuyện rồi sẽ ổn thôi!
Thiệt tình chốt đơn thành công món đồ ao ước bấy lâu. phấn khích 🥰,Vui vẻ,Cuộc sống,Chúc mừng bạn nhé 🎉 Kết quả này là thành quả xứng đáng từ nỗ lực của bạn. Cứ giữ phong độ và tiếp tục phát huy! Yomost lun nha!
"Tao sắp đến kỳ đóng tiền trọ mà lương chưa về, hoang mang tột độ",Lo âu,Cuộc sống,"Ổn thôi bạn ơi, Áp lực như vậy ai gặp cũng rén thôi, bạn không có gì sai cả. Thử đặt deadline nhỏ cho từng việc, đừng nhìn cả đống cùng lúc. Mình tin bạn sẽ vượt qua được."
"Cãi nhau với người yêu, kh biết có ổn k làm tui buồn thiu 😞",Buồn bã,Tình cảm,"Mình ở đây rồi, cứ nói ra đi. Mình rất tiếc khi nghe điều này. Cứ cho phép bản thân nghỉ ngơi vài ngày. Mọi chuyện rồi sẽ qua thôi."
K hiểu bài nhưng kh dám hỏi thầy làm mn ơi lo lắng thật sự huhu,Lo âu,Học tập,"Bình tĩnh nào! Mình hiểu bạn đang lo lắng lắm. Ghi ra giấy những gì đang lo, ưu tiên từng cái. Đừng quá nghiêm khắc với bản thân nhé."
"lương về r, phát điên làm chời ơi phấn khích 😎",Vui vẻ,Cuộc sống,Chúc mừng bạn nhé 🎉 Kết quả này là thành quả xứng đáng từ nỗ lực của bạn. Chia sẻ tin này với người thân đi nào. Chúc bạn luôn giữ năng lượng tích cực!
"Thiệt tình khối lượng công việc nhiều quá, kh biết bắt đầu từ đâu. hoang mang tột độ huhu",Lo âu,Công việc,"Từ từ đã bạn ơi. Lo âu kiểu này ai cũng hiểu, đừng tự trách bản thân nhé. Thử đặt deadline nhỏ cho từng việc, đừng nhìn cả đống cùng lúc. Mình tin bạn sẽ vượt qua được."
"Tê tái quá, trời mưa tự nhiên nhớ người yêu cũ 💔",Buồn bã,Tình cảm,"Lại đây tâm sự với mình nào. Ai gặp phải cũng đau lòng thôi, bạn không có gì sai. Gọi cho bạn thân trút bầu tâm sự nha. Mình luôn ở đây lắng nghe."
"Ae ơi bị đình chỉ thi vì vi phạm nội quy, muốn khóc 😢",Buồn bã,Học tập,"Mình ở đây rồi, cứ nói ra đi. Cảm giác đó nặng nề lắm, bạn không sao cả. Buồn thì cứ khóc ra cho nhẹ lòng, đừng cố nuốt vào. Mình luôn ở đây lắng nghe."
"Ae tư vấn giúp, lo lắng không biết mối quan hệ này có tương lai không thì nên làm sao? rén ngang 😥",Lo âu,Tình cảm,"Hít thở sâu vào nào. Mình biết bạn đang cố gắng hết sức rồi. Uống ly nước ấm, nghỉ một chút rồi tiếp tục. Đừng quá nghiêm khắc với bản thân nhé."
áp lực đồng trang lứa học giỏi hơn mình quá nhiều 😥,Lo âu,Học tập,"Bình tĩnh nào! Áp lực như vậy ai gặp cũng rén thôi, bạn không có gì sai cả. Chia nhỏ vấn đề ra, xử lý từng bước một nhé. Mọi chuyện rồi sẽ ổn thôi!"
"hạnh phúc quá quá, học bổng về tài khoản rồi 🥰",Vui vẻ,Học tập,Wow xịn xò vậy! Cái cảm giác sau bao ngày chờ đợi giờ thành sự thật đỉnh lắm! Tận hưởng khoảnh khắc này đến cùng nhé. Chúc bạn luôn giữ năng lượng tích cực!
đang đi đường thì bị xe tạt nước vào ng làm hôm nay tức á,Tức giận,Cuộc sống,"Uống ngụm nước lạnh đi đã. Bực như vậy mà không nói gì mới lạ, bạn phản ứng bình thường thôi. Đợi nguôi rồi hẵng nói chuyện lại, lúc đó mới xử lý được bình tĩnh hơn. Nghĩ chuyện vui cho đỡ tức nhé."
Ph làm bù việc của mấy đứa lười trong team làm chời ơi giận tím người 🤬,Tức giận,Công việc,"Hiểu sự bức xúc của bạn luôn! Sự bực bội của bạn hoàn toàn chính đáng. Đừng vội phản ứng lúc này, giận quá dễ nói sai. Nghĩ chuyện vui cho đỡ tức nhé."
"Thiệt tình áp lực KPI tháng này cao quá, sợ kh đạt. đổ mồ hôi hột ...",Lo âu,Công việc,"Từ từ đã bạn ơi. Áp lực như vậy ai gặp cũng rén thôi, bạn không có gì sai cả. Tắt thông báo điện thoại một lúc, tập trung vào đúng 1 việc thôi. Mọi chuyện rồi sẽ ổn thôi!"
Thiệt tình cảm giác bị tụt hậu so với bạn bè đồng trang lứa. rén ngang 😱,Lo âu,Cuộc sống,"Nghe mình này nhé, Lo âu kiểu này ai cũng hiểu, đừng tự trách bản thân nhé. Chia nhỏ vấn đề ra, xử lý từng bước một nhé. Cố lên nha!"
chuẩn bị thuyết trình trước công ty mà cảm thấy chưa sẵn sàng làm ae ơi hồi hộp quá 😱,Lo âu,Công việc,Hít thở sâu vào nào. Mình hiểu bạn đang lo lắng lắm. Nói chuyện với ai đó bạn tin tưởng — đôi khi chỉ cần kể ra là nhẹ hơn nhiều. Mọi chuyện rồi sẽ ổn thôi!
Bạn cùng nhóm không chịu đóng góp bài tập,Tức giận,Học tập,"Hạ hỏa trước nào! Gặp chuyện đó ai mà không điên tiết. Đừng vội phản ứng lúc này, giận quá dễ nói sai. Đừng để chuyện bực mình làm hỏng cả ngày."
"Tui bị hủy hẹn đi chơi phút chót kh có lý do, tức á 🔥",Tức giận,Tình cảm,"Nghe mà tức dùm á 😡 Đúng là có những chuyện không thể bỏ qua được. Đừng vội phản ứng lúc này, giận quá dễ nói sai. Đừng để chuyện bực mình làm hỏng cả ngày."
"Chời ơi đồ án bị bắt làm lại từ đầu vì lý do mơ hồ, cay thật sự 💢",Tức giận,Học tập,"Hiểu sự bức xúc của bạn luôn! Nghe mà mình cũng thấy khó chịu theo, bạn có lý mà. Xả stress đi, đi dạo hay đấm gối cũng được. Bỏ qua cho nhẹ đầu nhé."
"Má ơi chờ mãi k thấy ng ấy rep tin nhắn, tim đập thình thịch 😭",Lo âu,Tình cảm,"Bình tĩnh nào! Lo âu kiểu này ai cũng hiểu, đừng tự trách bản thân nhé. Tắt thông báo điện thoại một lúc, tập trung vào đúng 1 việc thôi. Mình tin bạn sẽ vượt qua được."
"Tôi đang bị bạo hành tinh thần và thể xác, rất sợ hãi.",Bạo hành,Khủng hoảng,"Mình rất lo khi nghe điều này. Sự an toàn của bạn là quan trọng nhất. Hãy gọi 111 để được hỗ trợ ngay lập tức — miễn phí, bảo mật, 24/7. Đừng chịu đựng một mình."
"Mình chọn sai ngành, kh bt có nên đổi kh, rén ngang 🥲",Lo âu,Học tập,"Từ từ đã bạn ơi. Lo âu kiểu này ai cũng hiểu, đừng tự trách bản thân nhé. Chia nhỏ vấn đề ra, xử lý từng bước một nhé. Bước qua được rồi sẽ thấy mình lớn hơn đó."
"Tao phát hiện ng yêu nói dối, giận tím ng 🤬",Tức giận,Tình cảm,"Thở ra đi, thở ra. Gặp chuyện đó ai mà không điên tiết. Đừng vội phản ứng lúc này, giận quá dễ nói sai. Đừng để chuyện bực mình làm hỏng cả ngày."
"Vui xỉu quá, vừa chốt dc hợp đồng lớn sau bao ngày nỗ lực 🎉",Vui vẻ,Công việc,Tuyệt vời quá! Kết quả này là thành quả xứng đáng từ nỗ lực của bạn. Đây là động lực để bạn tiếp tục cố gắng những thứ khác nữa đó. Mình tự hào về bạn lắm!
"Ae tư vấn giúp, bị dọa rớt môn nếu điểm thi không đạt thì nên làm sao? hoang mang tột độ 😭",Lo âu,Học tập,Bình tĩnh nào! Mình biết bạn đang cố gắng hết sức rồi. Nói chuyện với ai đó bạn tin tưởng — đôi khi chỉ cần kể ra là nhẹ hơn nhiều. Mọi chuyện rồi sẽ ổn thôi!
nhìn cảnh nhà người ta hạnh phúc mà tủi thân làm tự nhiên muốn khóc 🥀,Buồn bã,Cuộc sống,"Mình ở đây rồi, cứ nói ra đi. Cảm giác đó nặng nề lắm, bạn không sao cả. Đừng thu mình lại, có mình ở đây mà. Thời gian sẽ chữa lành mọi thứ."
"Ae tư vấn giúp, áp lực đồng trang lứa học giỏi hơn mình quá nhiều thì nên làm sao? hoang mang tột độ 🥲",Lo âu,Học tập,"Bình tĩnh nào! Áp lực như vậy ai gặp cũng rén thôi, bạn không có gì sai cả. Thử đặt deadline nhỏ cho từng việc, đừng nhìn cả đống cùng lúc. Mọi chuyện rồi sẽ ổn thôi!"
"Ae tư vấn giúp, khách hàng dời lịch họp sát giờ mà không báo trước thì nên làm sao? giận tím người 🤬",Tức giận,Công việc,Nghe mà tức dùm á 😡 Đúng là có những chuyện không thể bỏ qua được. Viết ra hết cảm xúc bực bội vào giấy rồi xé đi — nhẹ lòng lắm đó. Nghĩ chuyện vui cho đỡ tức nhé.
Sếp khen project mới làm tốt trước toàn công ty =)),Vui vẻ,Công việc,Nghe mà vui lây luôn! Cái cảm giác sau bao ngày chờ đợi giờ thành sự thật đỉnh lắm! Nhớ tự thưởng một chầu ăn ngon nhé. Chúc bạn luôn giữ năng lượng tích cực!
học bổng về tài khoản rồi làm má ơi vui xỉu 🥰,Vui vẻ,Học tập,Nghe mà vui lây luôn! Bao nhiêu cố gắng cuối cùng đã được đền đáp. Đây là động lực để bạn tiếp tục cố gắng những thứ khác nữa đó. Quá xá đã!
Thiệt tình crush vừa công khai người yêu mới. thất vọng toàn tập 💔,Buồn bã,Tình cảm,"Lại đây tâm sự với mình nào. Chuyện đó thật sự khiến người ta hụt hẫng nhiều. Buồn thì cứ khóc ra cho nhẹ lòng, đừng cố nuốt vào. Ngày mai trời sẽ sáng hơn hôm nay."
"Mình người yêu tặng quà bất ngờ, phê 🤩",Vui vẻ,Tình cảm,Wow xịn xò vậy! Cái cảm giác sau bao ngày chờ đợi giờ thành sự thật đỉnh lắm! Đây là động lực để bạn tiếp tục cố gắng những thứ khác nữa đó. Tiến lên thôi!
"Ae tư vấn giúp, ph làm bù việc của mấy đứa lười trong team thì nên làm sao? tức á 🙄",Tức giận,Công việc,"Hiểu sự bức xúc của bạn luôn! Bực như vậy mà không nói gì mới lạ, bạn phản ứng bình thường thôi. Hít thở sâu 10 cái rồi tính tiếp. Bỏ qua cho nhẹ đầu nhé."
Bị sếp la trước mặt cả phòng làm hôm nay tủi thân 😔,Buồn bã,Công việc,Thương bạn quá. Những lúc như này mới thấy cuộc sống không phải lúc nào cũng dễ. Bật nhạc nhẹ hoặc xem phim cho khuây khỏa. Mọi chuyện rồi sẽ qua thôi.
"Ae tư vấn giúp, chuẩn bị tỏ tình mà sợ bị từ chối thì nên làm sao? lo lắng thật sự 😥",Lo âu,Tình cảm,Bình tĩnh nào! Mình biết bạn đang cố gắng hết sức rồi. Nói chuyện với ai đó bạn tin tưởng — đôi khi chỉ cần kể ra là nhẹ hơn nhiều. Cố lên nha!
"bất an ghê quá, gia đình hối thúc chuyện cưới xin ...",Lo âu,Tình cảm,"Từ từ đã bạn ơi. Cảm giác bất an như vậy thật sự rất nặng nề. Tắt thông báo điện thoại một lúc, tập trung vào đúng 1 việc thôi. Mọi chuyện rồi sẽ ổn thôi!"
"bị ex tung ảnh riêng tư lên mạng để trả thù, đang sụp đổ hoàn toàn",Bạo hành,Khủng hoảng,"Mình nghe thấy bạn và rất lo lắng cho sự an toàn của bạn. Bạo hành dưới mọi hình thức đều sai. Hãy gọi 111 ngay bây giờ — hoàn toàn miễn phí và bảo mật, có người sẽ giúp bạn."
Tài khoản cạn tiền mà tháng còn dài làm tớ lo lắng thật sự 😭,Lo âu,Cuộc sống,"Ổn thôi bạn ơi, Lo âu kiểu này ai cũng hiểu, đừng tự trách bản thân nhé. Ghi ra giấy những gì đang lo, ưu tiên từng cái. Đừng quá nghiêm khắc với bản thân nhé."
"kh thể tin được quá, được thăng chức rồi =))",Vui vẻ,Công việc,Đỉnh thật sự! Cái cảm giác sau bao ngày chờ đợi giờ thành sự thật đỉnh lắm! Chia sẻ tin này với người thân đi nào. Tiến lên thôi!
Sắp tới deadline mà chưa làm được chữ nào làm dạo này hồi hộp quá 😭,Lo âu,Công việc,"Hít thở sâu vào nào. Mình hiểu bạn đang lo lắng lắm. Cứ làm hết sức mình, kết quả ra sao cũng không hối hận. Bước qua được rồi sẽ thấy mình lớn hơn đó."
Thiệt tình cảm thấy cô đơn lạc lõng giữa đám đông. muốn khóc 😔,Buồn bã,Cuộc sống,"Mình ở đây rồi, cứ nói ra đi. Những lúc như này mới thấy cuộc sống không phải lúc nào cũng dễ. Gọi cho bạn thân trút bầu tâm sự nha. Mọi chuyện rồi sẽ qua thôi."
Sắp thi mà chưa học chữ nào làm tui bất an ghê 😭,Lo âu,Học tập,"Bình tĩnh nào! Mình biết bạn đang cố gắng hết sức rồi. Chia nhỏ vấn đề ra, xử lý từng bước một nhé. Bước qua được rồi sẽ thấy mình lớn hơn đó."
Bị sếp ép deadline vô lý không có lý do làm tui tức á 😤,Tức giận,Công việc,Hiểu sự bức xúc của bạn luôn! Sự bực bội của bạn hoàn toàn chính đáng. Hít thở sâu 10 cái rồi tính tiếp. Bỏ qua cho nhẹ đầu nhé.
Thiệt tình bị bom hàng sau khi chờ cả tuần. giận tím ng,Tức giận,Cuộc sống,"Uống ngụm nước lạnh đi đã. Gặp chuyện đó ai mà không điên tiết. Bơ đi mà sống, để bụng chỉ tổ mệt mình. Thả lỏng ra nào!"
Trời mưa tự nhiên nhớ ng yêu cũ làm ủa mà muốn khóc 💔,Buồn bã,Tình cảm,"Mình ở đây rồi, cứ nói ra đi. Mình rất tiếc khi nghe điều này. Bước ra ngoài đi dạo một chút, không khí tươi cũng giúp được phần nào. Mình luôn ở đây lắng nghe."
"Má ơi làm việc cật lực mà không được ghi nhận, chán nản thật sự",Buồn bã,Công việc,"Ôm bạn một cái nha. Mình rất tiếc khi nghe điều này. Buồn thì cứ khóc ra cho nhẹ lòng, đừng cố nuốt vào. Thời gian sẽ chữa lành mọi thứ."
Thiệt tình gia đình hối thúc chuyện cưới xin. tim đập thình thịch 🥲,Lo âu,Tình cảm,"Từ từ đã bạn ơi. Lo âu kiểu này ai cũng hiểu, đừng tự trách bản thân nhé. Uống ly nước ấm, nghỉ một chút rồi tiếp tục. Cố lên nha!"
Cuộc sống của tôi dường như không còn ý nghĩa gì nữa.,Trầm cảm/Tuyệt vọng,Khủng hoảng,Bạn đang trải qua điều rất khó khăn và mình thực sự lo cho bạn. Xin hãy gọi ngay đường dây 1800 599 920 để được tư vấn tâm lý khẩn cấp. Bạn không đơn độc trong chuyện này.
Thiệt tình hôm nay kỷ niệm một năm yêu nhau. phấn khích ✨,Vui vẻ,Tình cảm,Đỉnh thật sự! Bao nhiêu cố gắng cuối cùng đã được đền đáp. Nhớ tự thưởng một chầu ăn ngon nhé. Tiến lên thôi!
"Tui dự án tâm huyết bị hủy bỏ phút chót, tủi thân",Buồn bã,Công việc,Chia buồn cùng bạn. Những lúc như này mới thấy cuộc sống không phải lúc nào cũng dễ. Cứ cho phép bản thân nghỉ ngơi vài ngày. Mình luôn ở đây lắng nghe.
"Ae tư vấn giúp, hôm nay kỷ niệm một năm yêu nhau thì nên làm sao? phê",Vui vẻ,Tình cảm,Đỉnh thật sự! Cái cảm giác sau bao ngày chờ đợi giờ thành sự thật đỉnh lắm! Đây là động lực để bạn tiếp tục cố gắng những thứ khác nữa đó. Quá xá đã!
"Thiệt tình chi tiêu tháng này lố quá, không bt xoay sở sao. lo lắng thật sự huhu",Lo âu,Cuộc sống,"Hít thở sâu vào nào. Áp lực như vậy ai gặp cũng rén thôi, bạn không có gì sai cả. Uống ly nước ấm, nghỉ một chút rồi tiếp tục. Cố lên nha!"
"Dạo này phải làm bù việc của mấy đứa lười trong team, cay thật sự 😤",Tức giận,Công việc,Uống ngụm nước lạnh đi đã. Gặp chuyện đó ai mà không điên tiết. Viết ra hết cảm xúc bực bội vào giấy rồi xé đi — nhẹ lòng lắm đó. Thả lỏng ra nào!
đc thầy khen bài luận trước lớp làm chời ơi kh thể tin được =)),Vui vẻ,Học tập,Chúc mừng bạn nhé 🎉 Đúng là ngày may mắn của bạn rồi. Chia sẻ tin này với người thân đi nào. Mình tự hào về bạn lắm!
"Tao phát hiện ng yêu nói dối, muốn bùng cháy 🤬",Tức giận,Tình cảm,"Uống ngụm nước lạnh đi đã. Thiệt là củ chuối không chịu được. Đừng vội phản ứng lúc này, giận quá dễ nói sai. Thả lỏng ra nào!"
"Tự nhiên khách hàng gửi email khen ngợi sản phẩm của mình, vui xỉu ✨",Vui vẻ,Công việc,Nghe mà vui lây luôn! Cái cảm giác sau bao ngày chờ đợi giờ thành sự thật đỉnh lắm! Đây là động lực để bạn tiếp tục cố gắng những thứ khác nữa đó. Tiến lên thôi!
"mệt r, k muốn cố nữa, muốn kết thúc tất cả",Trầm cảm/Tuyệt vọng,Khủng hoảng,"Điều bạn chia sẻ khiến mình rất lo lắng cho bạn. Xin đừng làm hại bản thân nhé. Có người luôn sẵn sàng giúp bạn — hãy gọi 1800 599 920 ngay bây giờ, miễn phí và bảo mật hoàn toàn."
"Sướng rơn quá, bài thi được điểm cao ngoài mong đợi =))",Vui vẻ,Học tập,Wow xịn xò vậy! Bao nhiêu cố gắng cuối cùng đã được đền đáp. Chia sẻ tin này với người thân đi nào. Tiến lên thôi!
giải quyết xong đống task tồn đọng cả tuần làm ủa mà không thể tin đc ✨,Vui vẻ,Công việc,Wow xịn xò vậy! Cái cảm giác sau bao ngày chờ đợi giờ thành sự thật đỉnh lắm! Lưu lại khoảnh khắc này để sau nhìn lại vẫn còn thấy vui. Quá xá đã!
"Mới chia tay xong, cứ thấy trống rỗng làm tự nhiên thất vọng toàn tập 😢",Buồn bã,Tình cảm,"Thương bạn quá. Chuyện đó thật sự khiến người ta hụt hẫng nhiều. Đừng thu mình lại, có mình ở đây mà. Mình luôn ở đây lắng nghe."
"Run không chịu được quá, bị dọa rớt môn nếu điểm thi ko đạt 😰",Lo âu,Học tập,"Ổn thôi bạn ơi, Áp lực như vậy ai gặp cũng rén thôi, bạn không có gì sai cả. Ghi ra giấy những gì đang lo, ưu tiên từng cái. Cố lên nha!"
"hồi hộp quá quá, tài khoản cạn tiền mà tháng còn dài ...",Lo âu,Cuộc sống,"Hít thở sâu vào nào. Cảm giác không kiểm soát được mọi thứ thật sự khó chịu. Chia nhỏ vấn đề ra, xử lý từng bước một nhé. Đừng quá nghiêm khắc với bản thân nhé."
"Rén ngang quá, khối lượng công việc nhiều quá, không bt bắt đầu từ đâu 😥",Lo âu,Công việc,"Hít thở sâu vào nào. Mình biết bạn đang cố gắng hết sức rồi. Chia nhỏ vấn đề ra, xử lý từng bước một nhé. Cố lên nha!"
"Chời ơi k ai trong nhóm bạn hiểu mình, muốn khóc 😔",Buồn bã,Cuộc sống,"Chia buồn cùng bạn. Ai gặp phải cũng đau lòng thôi, bạn không có gì sai. Gọi cho bạn thân trút bầu tâm sự nha. Thời gian sẽ chữa lành mọi thứ."
"Ae tư vấn giúp, gõ xong đoạn code dài mà cúp điện mất hết thì nên làm sao? giận tím người 🙄",Tức giận,Công việc,"Hiểu sự bức xúc của bạn luôn! Thiệt là củ chuối không chịu được. Đừng vội phản ứng lúc này, giận quá dễ nói sai. Bỏ qua cho nhẹ đầu nhé."
"nay đi đường không bị tắc, đến nơi sớm hơn làm tao không thể tin được 😆",Vui vẻ,Cuộc sống,Nghe mà vui lây luôn! Cái cảm giác sau bao ngày chờ đợi giờ thành sự thật đỉnh lắm! Chia sẻ tin này với người thân đi nào. Quá xá đã!
"mới chia tay xong, cứ thấy trống rỗng làm tự nhiên tủi thân haiz",Buồn bã,Tình cảm,"Ôm bạn một cái nha. Mình rất tiếc khi nghe điều này. Buồn thì cứ khóc ra cho nhẹ lòng, đừng cố nuốt vào. Mọi chuyện rồi sẽ qua thôi."
"Dạo này bị hủy hẹn đi chơi phút chót kh có lý do, điên máu 🙄",Tức giận,Tình cảm,"Thở ra đi, thở ra. Gặp chuyện đó ai mà không điên tiết. Xả stress đi, đi dạo hay đấm gối cũng được. Thả lỏng ra nào!"
"Tui mọi thứ dạo này cứ xui xẻo liên tục, chán nản thật sự haiz",Buồn bã,Cuộc sống,"Chia buồn cùng bạn. Chuyện đó thật sự khiến người ta hụt hẫng nhiều. Bước ra ngoài đi dạo một chút, không khí tươi cũng giúp được phần nào. Thời gian sẽ chữa lành mọi thứ."
Thiệt tình sắp đến kỳ đánh giá cuối năm mà thành tích chưa đủ. run không chịu dc huhu,Lo âu,Công việc,"Nghe mình này nhé, Áp lực như vậy ai gặp cũng rén thôi, bạn không có gì sai cả. Tắt thông báo điện thoại một lúc, tập trung vào đúng 1 việc thôi. Đừng quá nghiêm khắc với bản thân nhé."
"Tự nhiên bốc trúng phần thưởng to trong sự kiện, hạnh phúc quá",Vui vẻ,Cuộc sống,Đỉnh thật sự! Kết quả này là thành quả xứng đáng từ nỗ lực của bạn. Cứ giữ phong độ và tiếp tục phát huy! Tiến lên thôi!
"Không thể tin được quá, được thầy khen bài luận trước lớp ✨",Vui vẻ,Học tập,Nghe mà vui lây luôn! Cái cảm giác sau bao ngày chờ đợi giờ thành sự thật đỉnh lắm! Lưu lại khoảnh khắc này để sau nhìn lại vẫn còn thấy vui. Chúc bạn luôn giữ năng lượng tích cực!
Thiệt tình làm việc cật lực mà không dc ghi nhận. muốn khóc 💔,Buồn bã,Công việc,"Ôm bạn một cái nha. Cảm giác đó nặng nề lắm, bạn không sao cả. Buồn thì cứ khóc ra cho nhẹ lòng, đừng cố nuốt vào. Ngày mai trời sẽ sáng hơn hôm nay."
"giận tím ng quá, ng yêu liên tục đến trễ mà k xin lỗi 💢",Tức giận,Tình cảm,"Hạ hỏa trước nào! Sự bực bội của bạn hoàn toàn chính đáng. Bơ đi mà sống, để bụng chỉ tổ mệt mình. Đừng để chuyện bực mình làm hỏng cả ngày."
"Bất an ghê quá, chuẩn bị bảo vệ luận văn mà chưa ôn kỹ 😱",Lo âu,Học tập,"Ổn thôi bạn ơi, Lo âu kiểu này ai cũng hiểu, đừng tự trách bản thân nhé. Nói chuyện với ai đó bạn tin tưởng — đôi khi chỉ cần kể ra là nhẹ hơn nhiều. Bước qua được rồi sẽ thấy mình lớn hơn đó."
mới nghỉ việc xong chưa bt làm gì tiếp làm dạo này lo lắng thật sự 😱,Lo âu,Công việc,"Hít thở sâu vào nào. Áp lực như vậy ai gặp cũng rén thôi, bạn không có gì sai cả. Thử đặt deadline nhỏ cho từng việc, đừng nhìn cả đống cùng lúc. Cố lên nha!"
"Ae tư vấn giúp, vừa chốt được hợp đồng lớn sau bao ngày nỗ lực thì nên làm sao? phấn khích =))",Vui vẻ,Công việc,Wow xịn xò vậy! Niềm vui này xứng đáng được lan tỏa! Cứ giữ phong độ và tiếp tục phát huy! Quá xá đã!
"Ae tư vấn giúp, nghĩ về tương lai thấy mông lung quá thì nên làm sao? run không chịu đc 🥲",Lo âu,Cuộc sống,"Hít thở sâu vào nào. Mình biết bạn đang cố gắng hết sức rồi. Thử đặt deadline nhỏ cho từng việc, đừng nhìn cả đống cùng lúc. Mọi chuyện rồi sẽ ổn thôi!"
"Ae tư vấn giúp, thấy crush đi chơi với người khác thì nên làm sao? bất an ghê",Lo âu,Tình cảm,"Nghe mình này nhé, Mình biết bạn đang cố gắng hết sức rồi. Thử đặt deadline nhỏ cho từng việc, đừng nhìn cả đống cùng lúc. Mình tin bạn sẽ vượt qua được."
Thiệt tình dc thầy khen bài luận trước lớp. yêu đời hẳn 🤩,Vui vẻ,Học tập,Chúc mừng bạn nhé 🎉 Kết quả này là thành quả xứng đáng từ nỗ lực của bạn. Lưu lại khoảnh khắc này để sau nhìn lại vẫn còn thấy vui. Tiến lên thôi!
"Tim đập thình thịch quá, không bt mình có đang đi đúng hướng trong sự nghiệp kh 🥲",Lo âu,Công việc,"Từ từ đã bạn ơi. Mình biết bạn đang cố gắng hết sức rồi. Cứ làm hết sức mình, kết quả ra sao cũng không hối hận. Đừng quá nghiêm khắc với bản thân nhé."
Thiệt tình cảm thấy mình học kém hơn bạn bè rất nhiều. thất vọng toàn tập 😞,Buồn bã,Học tập,"Chia buồn cùng bạn. Cảm giác đó nặng nề lắm, bạn không sao cả. Gọi cho bạn thân trút bầu tâm sự nha. Mình luôn ở đây lắng nghe."
Thiệt tình làm việc cật lực mà không được ghi nhận. thất vọng toàn tập 💔,Buồn bã,Công việc,"Ôm bạn một cái nha. Cảm giác đó nặng nề lắm, bạn không sao cả. Đừng thu mình lại, có mình ở đây mà. Mọi chuyện rồi sẽ qua thôi."
Thiệt tình dự án tâm huyết bị hủy bỏ phút chót. tê tái,Buồn bã,Công việc,"Thương bạn quá. Chuyện đó thật sự khiến người ta hụt hẫng nhiều. Đừng thu mình lại, có mình ở đây mà. Ngày mai trời sẽ sáng hơn hôm nay."
"Giận tím người quá, đồ án bị bắt làm lại từ đầu vì lý do mơ hồ 🙄",Tức giận,Học tập,Hạ hỏa trước nào! Gặp chuyện đó ai mà không điên tiết. Hít thở sâu 10 cái rồi tính tiếp. Mình tin bạn sẽ xử lý được thôi.
"Mới chia tay xong, cứ thấy trống rỗng haiz",Buồn bã,Tình cảm,"Thương bạn quá. Buồn như vậy là hoàn toàn bình thường, đừng cố kìm lại. Cứ cho phép bản thân nghỉ ngơi vài ngày. Ngày mai trời sẽ sáng hơn hôm nay."
"Hôm nay bạn mượn tiền lâu rùi mà cứ quên trả, sôi máu 🙄",Tức giận,Cuộc sống,Hiểu sự bức xúc của bạn luôn! Đúng là có những chuyện không thể bỏ qua được. Viết ra hết cảm xúc bực bội vào giấy rồi xé đi — nhẹ lòng lắm đó. Bỏ qua cho nhẹ đầu nhé.
"Ae tư vấn giúp, dc thăng chức r thì nên làm sao? phấn khích ✨",Vui vẻ,Công việc,Nghe mà vui lây luôn! Kết quả này là thành quả xứng đáng từ nỗ lực của bạn. Lưu lại khoảnh khắc này để sau nhìn lại vẫn còn thấy vui. Tiến lên thôi!
Cảm giác mối quan hệ đang ngày càng nhạt dần làm mình run k chịu dc 😭,Lo âu,Tình cảm,"Bình tĩnh nào! Cảm giác không kiểm soát được mọi thứ thật sự khó chịu. Uống ly nước ấm, nghỉ một chút rồi tiếp tục. Bước qua được rồi sẽ thấy mình lớn hơn đó."
"Ae tư vấn giúp, lương về r, phát điên thì nên làm sao? kh thể tin được 😆",Vui vẻ,Cuộc sống,Nghe mà vui lây luôn! Thấy bạn vui mình cũng phấn chấn theo. Chia sẻ tin này với người thân đi nào. Tiến lên thôi!
"Ae tư vấn giúp, vừa chốt đc hợp đồng lớn sau bao ngày nỗ lực thì nên làm sao? không thể tin được =))",Vui vẻ,Công việc,Tuyệt vời quá! Đúng là ngày may mắn của bạn rồi. Nhớ tự thưởng một chầu ăn ngon nhé. Tiến lên thôi!
Thiệt tình crush nhắn tin trước. vui xỉu ✨,Vui vẻ,Tình cảm,Đỉnh thật sự! Thấy bạn vui mình cũng phấn chấn theo. Đây là động lực để bạn tiếp tục cố gắng những thứ khác nữa đó. Tiến lên thôi!
Bị hủy hẹn đi chơi phút chót ko có lý do 🙄,Tức giận,Tình cảm,"Nghe mà tức dùm á 😡 Gặp chuyện đó ai mà không điên tiết. Bơ đi mà sống, để bụng chỉ tổ mệt mình. Nghĩ chuyện vui cho đỡ tức nhé."
Thiệt tình sắp tới deadline mà chưa làm được chữ nào. đổ mồ hôi hột,Lo âu,Công việc,"Nghe mình này nhé, Lo âu kiểu này ai cũng hiểu, đừng tự trách bản thân nhé. Cứ làm hết sức mình, kết quả ra sao cũng không hối hận. Bước qua được rồi sẽ thấy mình lớn hơn đó."
Hôm nay kỷ niệm một năm yêu nhau làm tao sướng rơn 🤩,Vui vẻ,Tình cảm,Đỉnh thật sự! Cái cảm giác sau bao ngày chờ đợi giờ thành sự thật đỉnh lắm! Tận hưởng khoảnh khắc này đến cùng nhé. Tiến lên thôi!
"Ae tư vấn giúp, đã dặn không ăn hành mà vẫn bỏ nguyên đống vào thì nên làm sao? cay thật sự 🙄",Tức giận,Cuộc sống,"Uống ngụm nước lạnh đi đã. Thiệt là củ chuối không chịu được. Đừng vội phản ứng lúc này, giận quá dễ nói sai. Đừng để chuyện bực mình làm hỏng cả ngày."
Thiệt tình bốc trúng phần thưởng to trong sự kiện. hạnh phúc quá =)),Vui vẻ,Cuộc sống,Wow xịn xò vậy! Thấy bạn vui mình cũng phấn chấn theo. Đây là động lực để bạn tiếp tục cố gắng những thứ khác nữa đó. Yomost lun nha!
Thiệt tình bạn cùng nhóm không chịu đóng góp bài tập. giận tím người 😤,Tức giận,Học tập,"Uống ngụm nước lạnh đi đã. Sự bực bội của bạn hoàn toàn chính đáng. Bơ đi mà sống, để bụng chỉ tổ mệt mình. Bỏ qua cho nhẹ đầu nhé."
"Dạo này học bổng về tài khoản rùi, phấn khích =))",Vui vẻ,Học tập,Chúc mừng bạn nhé 🎉 Thấy bạn vui mình cũng phấn chấn theo. Chia sẻ tin này với người thân đi nào. Yomost lun nha!
"Ae tư vấn giúp, dự án tâm huyết bị hủy bỏ phút chót thì nên làm sao? thất vọng toàn tập 😞",Buồn bã,Công việc,"Mình ở đây rồi, cứ nói ra đi. Những lúc như này mới thấy cuộc sống không phải lúc nào cũng dễ. Bước ra ngoài đi dạo một chút, không khí tươi cũng giúp được phần nào. Ngày mai trời sẽ sáng hơn hôm nay."
"Tao điểm thi thử thấp quá, sợ thi thật sẽ tệ hơn, lo lắng thật sự 😰",Lo âu,Học tập,"Từ từ đã bạn ơi. Lo âu kiểu này ai cũng hiểu, đừng tự trách bản thân nhé. Tắt thông báo điện thoại một lúc, tập trung vào đúng 1 việc thôi. Đừng quá nghiêm khắc với bản thân nhé."
"hồi hộp quá quá, bị dọa rớt môn nếu điểm thi kh đạt 😭",Lo âu,Học tập,"Bình tĩnh nào! Lo âu kiểu này ai cũng hiểu, đừng tự trách bản thân nhé. Cứ làm hết sức mình, kết quả ra sao cũng không hối hận. Đừng quá nghiêm khắc với bản thân nhé."
"Áp lực kpi tháng này cao quá, sợ k đạt ...",Lo âu,Công việc,"Hít thở sâu vào nào. Áp lực như vậy ai gặp cũng rén thôi, bạn không có gì sai cả. Thử đặt deadline nhỏ cho từng việc, đừng nhìn cả đống cùng lúc. Mọi chuyện rồi sẽ ổn thôi!"
"Lo lắng thật sự quá, team bị giảm nhân sự, mình ph gánh thêm việc 😱",Lo âu,Công việc,"Bình tĩnh nào! Cảm giác không kiểm soát được mọi thứ thật sự khó chịu. Ghi ra giấy những gì đang lo, ưu tiên từng cái. Cố lên nha!"
Sắp tới deadline mà chưa làm được chữ nào làm tớ hoang mang tột độ,Lo âu,Công việc,"Ổn thôi bạn ơi, Áp lực như vậy ai gặp cũng rén thôi, bạn không có gì sai cả. Nói chuyện với ai đó bạn tin tưởng — đôi khi chỉ cần kể ra là nhẹ hơn nhiều. Mình tin bạn sẽ vượt qua được."
"Chời ơi cãi nhau với ng yêu, kh bt có ổn kh, muốn khóc 💔",Buồn bã,Tình cảm,Lại đây tâm sự với mình nào. Những lúc như này mới thấy cuộc sống không phải lúc nào cũng dễ. Gọi cho bạn thân trút bầu tâm sự nha. Mình luôn ở đây lắng nghe.
"đổ mồ hôi hột quá, gia đình hối thúc chuyện cưới xin 😰",Lo âu,Tình cảm,"Từ từ đã bạn ơi. Cảm giác không kiểm soát được mọi thứ thật sự khó chịu. Chia nhỏ vấn đề ra, xử lý từng bước một nhé. Đừng quá nghiêm khắc với bản thân nhé."
"Chời ơi đồ án bị bắt làm lại từ đầu vì lý do mơ hồ, muốn bùng cháy 🙄",Tức giận,Học tập,"Hạ hỏa trước nào! Bực như vậy mà không nói gì mới lạ, bạn phản ứng bình thường thôi. Xả stress đi, đi dạo hay đấm gối cũng được. Đừng để chuyện bực mình làm hỏng cả ngày."
đang thi online thì rớt mạng mất cả bài làm má ơi sôi máu 😤,Tức giận,Học tập,"Thở ra đi, thở ra. Sự bực bội của bạn hoàn toàn chính đáng. Xả stress đi, đi dạo hay đấm gối cũng được. Đừng để chuyện bực mình làm hỏng cả ngày."
"Ae tư vấn giúp, bị đồng nghiệp đổ lỗi cho mình trước mặt sếp thì nên làm sao? muốn bùng cháy 😡",Tức giận,Công việc,"Nghe mà tức dùm á 😡 Thiệt là củ chuối không chịu được. Đừng vội phản ứng lúc này, giận quá dễ nói sai. Bỏ qua cho nhẹ đầu nhé."
Chốt đơn thành công món đồ ao ước bấy lâu làm tao vui xỉu ✨,Vui vẻ,Cuộc sống,Chúc mừng bạn nhé 🎉 Kết quả này là thành quả xứng đáng từ nỗ lực của bạn. Lưu lại khoảnh khắc này để sau nhìn lại vẫn còn thấy vui. Quá xá đã!
"Ủa mà crush vừa công khai ng yêu mới, muốn khóc 🥀",Buồn bã,Tình cảm,"Ôm bạn một cái nha. Những lúc như này mới thấy cuộc sống không phải lúc nào cũng dễ. Bước ra ngoài đi dạo một chút, không khí tươi cũng giúp được phần nào. Mạnh lên nghen!"
Kh hòa nhập đc vs văn hóa công ty mới haiz,Buồn bã,Công việc,"Mình ở đây rồi, cứ nói ra đi. Mình rất tiếc khi nghe điều này. Bước ra ngoài đi dạo một chút, không khí tươi cũng giúp được phần nào. Mạnh lên nghen!"
"Mn ơi sắp thi mà chưa học chữ nào, tim đập thình thịch",Lo âu,Học tập,"Hít thở sâu vào nào. Lo âu kiểu này ai cũng hiểu, đừng tự trách bản thân nhé. Nói chuyện với ai đó bạn tin tưởng — đôi khi chỉ cần kể ra là nhẹ hơn nhiều. Đừng quá nghiêm khắc với bản thân nhé."
"tim đập thình thịch quá, không hiểu bài nhưng kh dám hỏi thầy 😱",Lo âu,Học tập,Bình tĩnh nào! Mình hiểu bạn đang lo lắng lắm. Nói chuyện với ai đó bạn tin tưởng — đôi khi chỉ cần kể ra là nhẹ hơn nhiều. Mình tin bạn sẽ vượt qua được.
Nghĩ về tương lai thấy mông lung quá làm chời ơi rén ngang 🥲,Lo âu,Cuộc sống,"Bình tĩnh nào! Mình biết bạn đang cố gắng hết sức rồi. Chia nhỏ vấn đề ra, xử lý từng bước một nhé. Mình tin bạn sẽ vượt qua được."
Thiệt tình bị trừ lương vì một lỗi nhỏ. tê tái 😢,Buồn bã,Công việc,"Ôm bạn một cái nha. Ai gặp phải cũng đau lòng thôi, bạn không có gì sai. Bật nhạc nhẹ hoặc xem phim cho khuây khỏa. Thời gian sẽ chữa lành mọi thứ."
"Mn ơi chọn sai ngành, không biết có nên đổi ko, tim đập thình thịch 😭",Lo âu,Học tập,"Bình tĩnh nào! Cảm giác không kiểm soát được mọi thứ thật sự khó chịu. Thử đặt deadline nhỏ cho từng việc, đừng nhìn cả đống cùng lúc. Cố lên nha!"
"yêu đời hẳn quá, đc crush rủ đi chơi cuối tuần =))",Vui vẻ,Tình cảm,Chúc mừng bạn nhé 🎉 Cái cảm giác sau bao ngày chờ đợi giờ thành sự thật đỉnh lắm! Tận hưởng khoảnh khắc này đến cùng nhé. Chúc bạn luôn giữ năng lượng tích cực!
"vui xỉu quá, được crush rủ đi chơi cuối tuần 😎",Vui vẻ,Tình cảm,Nghe mà vui lây luôn! Đúng là ngày may mắn của bạn rồi. Chia sẻ tin này với người thân đi nào. Mình tự hào về bạn lắm!
"Ae tư vấn giúp, hôm nay xử lý được bug khó mà cả team đều bó tay thì nên làm sao? kh thể tin đc ✨",Vui vẻ,Công việc,Nghe mà vui lây luôn! Bao nhiêu cố gắng cuối cùng đã được đền đáp. Đây là động lực để bạn tiếp tục cố gắng những thứ khác nữa đó. Quá xá đã!
"Tui bị trừ lương vì một lỗi nhỏ, tê tái 💔",Buồn bã,Công việc,Thương bạn quá. Những lúc như này mới thấy cuộc sống không phải lúc nào cũng dễ. Bật nhạc nhẹ hoặc xem phim cho khuây khỏa. Thời gian sẽ chữa lành mọi thứ.
được crush rủ đi chơi cuối tuần làm tớ phê 🎉,Vui vẻ,Tình cảm,Nghe mà vui lây luôn! Niềm vui này xứng đáng được lan tỏa! Chia sẻ tin này với người thân đi nào. Mình tự hào về bạn lắm!
Tài khoản cạn tiền mà tháng còn dài 😱,Lo âu,Cuộc sống,"Bình tĩnh nào! Cảm giác không kiểm soát được mọi thứ thật sự khó chịu. Tắt thông báo điện thoại một lúc, tập trung vào đúng 1 việc thôi. Mình tin bạn sẽ vượt qua được."
chuẩn bị bảo vệ luận văn mà chưa ôn kỹ làm tớ bất an ghê,Lo âu,Học tập,"Ổn thôi bạn ơi, Mình hiểu bạn đang lo lắng lắm. Tắt thông báo điện thoại một lúc, tập trung vào đúng 1 việc thôi. Mình tin bạn sẽ vượt qua được."
"Rén ngang quá, bị overthinking trước khi ngủ ko tắt dc huhu",Lo âu,Cuộc sống,"Hít thở sâu vào nào. Mình hiểu bạn đang lo lắng lắm. Chia nhỏ vấn đề ra, xử lý từng bước một nhé. Cố lên nha!"
Thiệt tình bị sếp ép deadline vô lý k có lý do. sôi máu 😤,Tức giận,Công việc,"Thở ra đi, thở ra. Đúng là có những chuyện không thể bỏ qua được. Đợi nguôi rồi hẵng nói chuyện lại, lúc đó mới xử lý được bình tĩnh hơn. Mình tin bạn sẽ xử lý được thôi."
"Ae tư vấn giúp, bị đồng nghiệp đổ lỗi cho mình trước mặt sếp thì nên làm sao? điên máu",Tức giận,Công việc,"Nghe mà tức dùm á 😡 Đúng là có những chuyện không thể bỏ qua được. Đợi nguôi rồi hẵng nói chuyện lại, lúc đó mới xử lý được bình tĩnh hơn. Nghĩ chuyện vui cho đỡ tức nhé."
"cãi nhau với người yêu, k biết có ổn ko 😔",Buồn bã,Tình cảm,"Mình ở đây rồi, cứ nói ra đi. Ai gặp phải cũng đau lòng thôi, bạn không có gì sai. Buồn thì cứ khóc ra cho nhẹ lòng, đừng cố nuốt vào. Thời gian sẽ chữa lành mọi thứ."
bị rớt môn dù đã cố gắng học làm ae ơi buồn thiu,Buồn bã,Học tập,"Lại đây tâm sự với mình nào. Cảm giác đó nặng nề lắm, bạn không sao cả. Bật nhạc nhẹ hoặc xem phim cho khuây khỏa. Ngày mai trời sẽ sáng hơn hôm nay."
"Ủa mà bị overthinking trước khi ngủ không tắt được, đổ mồ hôi hột 🥲",Lo âu,Cuộc sống,"Hít thở sâu vào nào. Áp lực như vậy ai gặp cũng rén thôi, bạn không có gì sai cả. Thử đặt deadline nhỏ cho từng việc, đừng nhìn cả đống cùng lúc. Cố lên nha!"
"Ae tư vấn giúp, nhìn cảnh nhà người ta hạnh phúc mà tủi thân thì nên làm sao? chán nản thật sự 💔",Buồn bã,Cuộc sống,"Ôm bạn một cái nha. Mình rất tiếc khi nghe điều này. Bước ra ngoài đi dạo một chút, không khí tươi cũng giúp được phần nào. Mình luôn ở đây lắng nghe."
Thiệt tình người yêu liên tục đến trễ mà ko xin lỗi. muốn bùng cháy 💢,Tức giận,Tình cảm,"Hiểu sự bức xúc của bạn luôn! Gặp chuyện đó ai mà không điên tiết. Đừng vội phản ứng lúc này, giận quá dễ nói sai. Nghĩ chuyện vui cho đỡ tức nhé."
"Hôm nay bốc trúng phần thưởng to trong sự kiện, vui xỉu 🤩",Vui vẻ,Cuộc sống,Đỉnh thật sự! Đúng là ngày may mắn của bạn rồi. Chia sẻ tin này với người thân đi nào. Tiến lên thôi!
"Ae tư vấn giúp, vừa chốt được hợp đồng lớn sau bao ngày nỗ lực thì nên làm sao? phê 🥰",Vui vẻ,Công việc,Đỉnh thật sự! Kết quả này là thành quả xứng đáng từ nỗ lực của bạn. Chia sẻ tin này với người thân đi nào. Quá xá đã!
K biết mình có đang đi đúng hướng trong sự nghiệp không 🥲,Lo âu,Công việc,"Hít thở sâu vào nào. Cảm giác bất an như vậy thật sự rất nặng nề. Tắt thông báo điện thoại một lúc, tập trung vào đúng 1 việc thôi. Đừng quá nghiêm khắc với bản thân nhé."
"Ae tư vấn giúp, khối lượng công việc nhiều quá, k biết bắt đầu từ đâu thì nên làm sao? hoang mang tột độ huhu",Lo âu,Công việc,"Nghe mình này nhé, Mình biết bạn đang cố gắng hết sức rồi. Cứ làm hết sức mình, kết quả ra sao cũng không hối hận. Bước qua được rồi sẽ thấy mình lớn hơn đó."
"Phấn khích quá, khách hàng gửi email khen ngợi sản phẩm của mình 🤩",Vui vẻ,Công việc,Chúc mừng bạn nhé 🎉 Bao nhiêu cố gắng cuối cùng đã được đền đáp. Nhớ tự thưởng một chầu ăn ngon nhé. Yomost lun nha!
tài khoản cạn tiền mà tháng còn dài làm chời ơi rén ngang,Lo âu,Cuộc sống,"Nghe mình này nhé, Mình biết bạn đang cố gắng hết sức rồi. Tắt thông báo điện thoại một lúc, tập trung vào đúng 1 việc thôi. Cố lên nha!"
"Chi tiêu tháng này lố quá, k biết xoay sở sao làm ủa mà đổ mồ hôi hột 🥲",Lo âu,Cuộc sống,"Ổn thôi bạn ơi, Lo âu kiểu này ai cũng hiểu, đừng tự trách bản thân nhé. Cứ làm hết sức mình, kết quả ra sao cũng không hối hận. Bước qua được rồi sẽ thấy mình lớn hơn đó."
bị trừ lương vì một lỗi nhỏ haiz,Buồn bã,Công việc,"Mình ở đây rồi, cứ nói ra đi. Chuyện đó thật sự khiến người ta hụt hẫng nhiều. Buồn thì cứ khóc ra cho nhẹ lòng, đừng cố nuốt vào. Ngày mai trời sẽ sáng hơn hôm nay."
"Chời ơi kh bt mình có đang đi đúng hướng trong sự nghiệp không, hồi hộp quá huhu",Lo âu,Công việc,"Ổn thôi bạn ơi, Mình hiểu bạn đang lo lắng lắm. Chia nhỏ vấn đề ra, xử lý từng bước một nhé. Đừng quá nghiêm khắc với bản thân nhé."
"Ae tư vấn giúp, không biết cách tiết kiệm tiền hiệu quả thì nên làm sao? tim đập thình thịch huhu",Lo âu,Cuộc sống,"Ổn thôi bạn ơi, Mình hiểu bạn đang lo lắng lắm. Thử đặt deadline nhỏ cho từng việc, đừng nhìn cả đống cùng lúc. Bước qua được rồi sẽ thấy mình lớn hơn đó."
Thiệt tình bốc trúng phần thưởng to trong sự kiện. k thể tin dc 🤩,Vui vẻ,Cuộc sống,Tuyệt vời quá! Niềm vui này xứng đáng được lan tỏa! Cứ giữ phong độ và tiếp tục phát huy! Quá xá đã!
Bị dọa rớt môn nếu điểm thi không đạt 😥,Lo âu,Học tập,"Ổn thôi bạn ơi, Cảm giác bất an như vậy thật sự rất nặng nề. Nói chuyện với ai đó bạn tin tưởng — đôi khi chỉ cần kể ra là nhẹ hơn nhiều. Đừng quá nghiêm khắc với bản thân nhé."
Thiệt tình bị đồng nghiệp đổ lỗi cho mình trước mặt sếp. điên máu 🤬,Tức giận,Công việc,"Nghe mà tức dùm á 😡 Sự bực bội của bạn hoàn toàn chính đáng. Bơ đi mà sống, để bụng chỉ tổ mệt mình. Mình tin bạn sẽ xử lý được thôi."
Người yêu liên tục đến trễ mà ko xin lỗi làm chời ơi cay thật sự 🙄,Tức giận,Tình cảm,"Nghe mà tức dùm á 😡 Đúng là có những chuyện không thể bỏ qua được. Bơ đi mà sống, để bụng chỉ tổ mệt mình. Bỏ qua cho nhẹ đầu nhé."
"Ae tư vấn giúp, vừa chốt được hợp đồng lớn sau bao ngày nỗ lực thì nên làm sao? phấn khích 😆",Vui vẻ,Công việc,Wow xịn xò vậy! Kết quả này là thành quả xứng đáng từ nỗ lực của bạn. Nhớ tự thưởng một chầu ăn ngon nhé. Tiến lên thôi!
"Ae tư vấn giúp, cảm thấy mình học kém hơn bạn bè rất nhiều thì nên làm sao? thất vọng toàn tập haiz",Buồn bã,Học tập,Thương bạn quá. Chuyện đó thật sự khiến người ta hụt hẫng nhiều. Gọi cho bạn thân trút bầu tâm sự nha. Thời gian sẽ chữa lành mọi thứ.
"Con tôi bị người thân bạo hành, tôi cần giúp đỡ gấp.",Bạo hành,Khủng hoảng,"Mình rất lo khi nghe điều này. Sự an toàn của bạn là quan trọng nhất. Hãy gọi 111 để được hỗ trợ ngay lập tức — miễn phí, bảo mật, 24/7. Đừng chịu đựng một mình."
Mẹ tôi thường xuyên chửi mắng và đánh tôi từ nhỏ đến giờ.,Bạo hành,Khủng hoảng,"Không ai có quyền làm hại bạn. Gọi ngay 111 hoặc 1900 969 680 để được hỗ trợ khẩn cấp. Nếu cần, cảnh sát 113 luôn sẵn sàng bảo vệ bạn. Bạn xứng đáng được sống trong an toàn."
Cảm giác bị tụt hậu so vs bạn bè đồng trang lứa làm ae ơi đổ mồ hôi hột 😥,Lo âu,Cuộc sống,"Ổn thôi bạn ơi, Áp lực như vậy ai gặp cũng rén thôi, bạn không có gì sai cả. Chia nhỏ vấn đề ra, xử lý từng bước một nhé. Bước qua được rồi sẽ thấy mình lớn hơn đó."
"Thiệt tình chọn sai ngành, không biết có nên đổi kh. hoang mang tột độ 😭",Lo âu,Học tập,"Ổn thôi bạn ơi, Mình hiểu bạn đang lo lắng lắm. Nói chuyện với ai đó bạn tin tưởng — đôi khi chỉ cần kể ra là nhẹ hơn nhiều. Đừng quá nghiêm khắc với bản thân nhé."
"Trượt đại học rồi không biết nói với bố mẹ sao, chỉ muốn biến mất.",Trầm cảm/Tuyệt vọng,Khủng hoảng,"Mình nghe bạn. Cảm giác kiệt sức và tuyệt vọng như vậy thật nặng nề. Nhưng đây là lúc bạn cần được hỗ trợ bởi chuyên gia. Gọi 1800 599 920 — họ sẽ lắng nghe bạn 24/7, hoàn toàn miễn phí."
"Dạo này sắp đến kỳ đóng tiền trọ mà lương chưa về, hồi hộp quá 🥲",Lo âu,Cuộc sống,"Từ từ đã bạn ơi. Cảm giác bất an như vậy thật sự rất nặng nề. Thử đặt deadline nhỏ cho từng việc, đừng nhìn cả đống cùng lúc. Mình tin bạn sẽ vượt qua được."
"Ae ơi đc thăng chức r, phấn khích 🥰",Vui vẻ,Công việc,Đỉnh thật sự! Kết quả này là thành quả xứng đáng từ nỗ lực của bạn. Đây là động lực để bạn tiếp tục cố gắng những thứ khác nữa đó. Yomost lun nha!
thấy crush đi chơi vs người khác 🥲,Lo âu,Tình cảm,"Từ từ đã bạn ơi. Lo âu kiểu này ai cũng hiểu, đừng tự trách bản thân nhé. Ghi ra giấy những gì đang lo, ưu tiên từng cái. Bước qua được rồi sẽ thấy mình lớn hơn đó."
"Tao chi tiêu tháng này lố quá, k biết xoay sở sao, bất an ghê 😱",Lo âu,Cuộc sống,"Từ từ đã bạn ơi. Mình biết bạn đang cố gắng hết sức rồi. Chia nhỏ vấn đề ra, xử lý từng bước một nhé. Mọi chuyện rồi sẽ ổn thôi!"
"Ae tư vấn giúp, bị đồng nghiệp đổ lỗi cho mình trước mặt sếp thì nên làm sao? tức á 🔥",Tức giận,Công việc,Hiểu sự bức xúc của bạn luôn! Thiệt là củ chuối không chịu được. Viết ra hết cảm xúc bực bội vào giấy rồi xé đi — nhẹ lòng lắm đó. Nghĩ chuyện vui cho đỡ tức nhé.
Thiệt tình điểm bị chấm sai mà không đc phúc khảo. tức á 🤬,Tức giận,Học tập,"Nghe mà tức dùm á 😡 Nghe mà mình cũng thấy khó chịu theo, bạn có lý mà. Viết ra hết cảm xúc bực bội vào giấy rồi xé đi — nhẹ lòng lắm đó. Thả lỏng ra nào!"
Thiệt tình tài khoản cạn tiền mà tháng còn dài. đổ mồ hôi hột 😭,Lo âu,Cuộc sống,"Nghe mình này nhé, Áp lực như vậy ai gặp cũng rén thôi, bạn không có gì sai cả. Cứ làm hết sức mình, kết quả ra sao cũng không hối hận. Đừng quá nghiêm khắc với bản thân nhé."
"Ae tư vấn giúp, chi tiêu tháng này lố quá, ko bt xoay sở sao thì nên làm sao? đổ mồ hôi hột 😭",Lo âu,Cuộc sống,Từ từ đã bạn ơi. Mình hiểu bạn đang lo lắng lắm. Nói chuyện với ai đó bạn tin tưởng — đôi khi chỉ cần kể ra là nhẹ hơn nhiều. Mình tin bạn sẽ vượt qua được.
"Tức á quá, bị bom hàng sau khi chờ cả tuần 🔥",Tức giận,Cuộc sống,"Hạ hỏa trước nào! Đúng là có những chuyện không thể bỏ qua được. Đợi nguôi rồi hẵng nói chuyện lại, lúc đó mới xử lý được bình tĩnh hơn. Đừng để chuyện bực mình làm hỏng cả ngày."
"Hạnh phúc quá quá, được crush rủ đi chơi cuối tuần =))",Vui vẻ,Tình cảm,Wow xịn xò vậy! Niềm vui này xứng đáng được lan tỏa! Tận hưởng khoảnh khắc này đến cùng nhé. Mình tự hào về bạn lắm!
Thiệt tình cảm thấy cô đơn lạc lõng giữa đám đông. tê tái 😔,Buồn bã,Cuộc sống,"Lại đây tâm sự với mình nào. Buồn như vậy là hoàn toàn bình thường, đừng cố kìm lại. Buồn thì cứ khóc ra cho nhẹ lòng, đừng cố nuốt vào. Thời gian sẽ chữa lành mọi thứ."
học bổng về tài khoản rùi làm mn ơi hạnh phúc quá 😎,Vui vẻ,Học tập,Chúc mừng bạn nhé 🎉 Kết quả này là thành quả xứng đáng từ nỗ lực của bạn. Nhớ tự thưởng một chầu ăn ngon nhé. Mình tự hào về bạn lắm!
Thiệt tình cảm giác mối quan hệ đang ngày càng nhạt dần. đổ mồ hôi hột,Lo âu,Tình cảm,"Từ từ đã bạn ơi. Cảm giác không kiểm soát được mọi thứ thật sự khó chịu. Uống ly nước ấm, nghỉ một chút rồi tiếp tục. Mình tin bạn sẽ vượt qua được."
"Ae tư vấn giúp, đang đi đường thì bị xe tạt nước vào ng thì nên làm sao? muốn bùng cháy 😤",Tức giận,Cuộc sống,"Thở ra đi, thở ra. Bực như vậy mà không nói gì mới lạ, bạn phản ứng bình thường thôi. Đợi nguôi rồi hẵng nói chuyện lại, lúc đó mới xử lý được bình tĩnh hơn. Bỏ qua cho nhẹ đầu nhé."
"Ae tư vấn giúp, vừa chốt đc hợp đồng lớn sau bao ngày nỗ lực thì nên làm sao? vui xỉu ✨",Vui vẻ,Công việc,Nghe mà vui lây luôn! Đúng là ngày may mắn của bạn rồi. Chia sẻ tin này với người thân đi nào. Yomost lun nha!
"Bị phản bội bởi người thân nhất, không còn tin vào ai và muốn kết thúc.",Trầm cảm/Tuyệt vọng,Khủng hoảng,"Mình nghe thấy bạn đang rất đau khổ lúc này. Bạn không cần chịu đựng một mình đâu. Hãy gọi ngay 1800 599 920 (miễn phí, 24/7) để được chuyên gia lắng nghe. Cuộc sống của bạn rất quý giá."
"lương về rùi, phát điên làm mn ơi vui xỉu =))",Vui vẻ,Cuộc sống,Đỉnh thật sự! Kết quả này là thành quả xứng đáng từ nỗ lực của bạn. Tận hưởng khoảnh khắc này đến cùng nhé. Yomost lun nha!
"Hoang mang tột độ quá, không hiểu bài nhưng k dám hỏi thầy 😥",Lo âu,Học tập,"Bình tĩnh nào! Cảm giác bất an như vậy thật sự rất nặng nề. Tắt thông báo điện thoại một lúc, tập trung vào đúng 1 việc thôi. Mình tin bạn sẽ vượt qua được."
"Thiệt tình chi tiêu tháng này lố quá, không bt xoay sở sao. bất an ghê huhu",Lo âu,Cuộc sống,"Hít thở sâu vào nào. Mình hiểu bạn đang lo lắng lắm. Tắt thông báo điện thoại một lúc, tập trung vào đúng 1 việc thôi. Bước qua được rồi sẽ thấy mình lớn hơn đó."
"Ae tư vấn giúp, không hiểu bài nhưng không dám hỏi thầy thì nên làm sao? hồi hộp quá 😰",Lo âu,Học tập,"Hít thở sâu vào nào. Cảm giác bất an như vậy thật sự rất nặng nề. Cứ làm hết sức mình, kết quả ra sao cũng không hối hận. Bước qua được rồi sẽ thấy mình lớn hơn đó."
"hồi hộp quá quá, sắp đến kỳ đóng tiền trọ mà lương chưa về 🥲",Lo âu,Cuộc sống,"Ổn thôi bạn ơi, Lo âu kiểu này ai cũng hiểu, đừng tự trách bản thân nhé. Ghi ra giấy những gì đang lo, ưu tiên từng cái. Đừng quá nghiêm khắc với bản thân nhé."
"Tao đang thi online thì rớt mạng mất cả bài, muốn bùng cháy 😤",Tức giận,Học tập,"Uống ngụm nước lạnh đi đã. Bực như vậy mà không nói gì mới lạ, bạn phản ứng bình thường thôi. Đừng vội phản ứng lúc này, giận quá dễ nói sai. Mình tin bạn sẽ xử lý được thôi."
đã dặn kh ăn hành mà vẫn bỏ nguyên đống vào 🤬,Tức giận,Cuộc sống,"Uống ngụm nước lạnh đi đã. Thiệt là củ chuối không chịu được. Xả stress đi, đi dạo hay đấm gối cũng được. Mình tin bạn sẽ xử lý được thôi."
"Hoang mang tột độ quá, chuẩn bị thuyết trình trước công ty mà cảm thấy chưa sẵn sàng 🥲",Lo âu,Công việc,"Bình tĩnh nào! Cảm giác bất an như vậy thật sự rất nặng nề. Thử đặt deadline nhỏ cho từng việc, đừng nhìn cả đống cùng lúc. Mọi chuyện rồi sẽ ổn thôi!"
"Thiệt tình chọn sai ngành, ko bt có nên đổi không. tim đập thình thịch",Lo âu,Học tập,"Bình tĩnh nào! Cảm giác bất an như vậy thật sự rất nặng nề. Chia nhỏ vấn đề ra, xử lý từng bước một nhé. Cố lên nha!"
"Phấn khích quá, nay đi đường kh bị tắc, đến nơi sớm hơn 😎",Vui vẻ,Cuộc sống,Wow xịn xò vậy! Niềm vui này xứng đáng được lan tỏa! Đây là động lực để bạn tiếp tục cố gắng những thứ khác nữa đó. Yomost lun nha!
Sắp đến kỳ đóng tiền trọ mà lương chưa về làm ae ơi đổ mồ hôi hột huhu,Lo âu,Cuộc sống,"Bình tĩnh nào! Mình hiểu bạn đang lo lắng lắm. Cứ làm hết sức mình, kết quả ra sao cũng không hối hận. Mọi chuyện rồi sẽ ổn thôi!"
"điểm thi thử thấp quá, sợ thi thật sẽ tệ hơn làm tớ hồi hộp quá 😰",Lo âu,Học tập,"Từ từ đã bạn ơi. Áp lực như vậy ai gặp cũng rén thôi, bạn không có gì sai cả. Ghi ra giấy những gì đang lo, ưu tiên từng cái. Đừng quá nghiêm khắc với bản thân nhé."
Thiệt tình bài thi được điểm cao ngoài mong đợi. không thể tin dc 🎉,Vui vẻ,Học tập,Đỉnh thật sự! Bao nhiêu cố gắng cuối cùng đã được đền đáp. Nhớ tự thưởng một chầu ăn ngon nhé. Mình tự hào về bạn lắm!
"khối lượng công việc nhiều quá, không bt bắt đầu từ đâu làm ủa mà tim đập thình thịch 😭",Lo âu,Công việc,"Hít thở sâu vào nào. Mình biết bạn đang cố gắng hết sức rồi. Cứ làm hết sức mình, kết quả ra sao cũng không hối hận. Cố lên nha!"
"Hôm nay nghĩ về tương lai thấy mông lung quá, rén ngang",Lo âu,Cuộc sống,"Từ từ đã bạn ơi. Áp lực như vậy ai gặp cũng rén thôi, bạn không có gì sai cả. Uống ly nước ấm, nghỉ một chút rồi tiếp tục. Mình tin bạn sẽ vượt qua được."
"Tui áp lực đồng trang lứa học giỏi hơn mình quá nhiều, tim đập thình thịch huhu",Lo âu,Học tập,"Bình tĩnh nào! Cảm giác không kiểm soát được mọi thứ thật sự khó chịu. Ghi ra giấy những gì đang lo, ưu tiên từng cái. Cố lên nha!"
"Tự nhiên sắp đến kỳ đóng tiền trọ mà lương chưa về, đổ mồ hôi hột 😥",Lo âu,Cuộc sống,"Nghe mình này nhé, Áp lực như vậy ai gặp cũng rén thôi, bạn không có gì sai cả. Thử đặt deadline nhỏ cho từng việc, đừng nhìn cả đống cùng lúc. Đừng quá nghiêm khắc với bản thân nhé."
sắp thi mà chưa học chữ nào làm ủa mà lo lắng thật sự 😰,Lo âu,Học tập,"Từ từ đã bạn ơi. Mình hiểu bạn đang lo lắng lắm. Uống ly nước ấm, nghỉ một chút rồi tiếp tục. Mọi chuyện rồi sẽ ổn thôi!"
Cảm thấy cô đơn lạc lõng giữa đám đông làm tự nhiên tủi thân 😢,Buồn bã,Cuộc sống,"Ôm bạn một cái nha. Chuyện đó thật sự khiến người ta hụt hẫng nhiều. Bước ra ngoài đi dạo một chút, không khí tươi cũng giúp được phần nào. Thời gian sẽ chữa lành mọi thứ."
bị đồng nghiệp đổ lỗi cho mình trước mặt sếp làm má ơi muốn bùng cháy 🔥,Tức giận,Công việc,Hạ hỏa trước nào! Thiệt là củ chuối không chịu được. Viết ra hết cảm xúc bực bội vào giấy rồi xé đi — nhẹ lòng lắm đó. Nghĩ chuyện vui cho đỡ tức nhé.
Thiệt tình cảm thấy mình ko xứng vs ng ta. tủi thân,Buồn bã,Tình cảm,"Chia buồn cùng bạn. Những lúc như này mới thấy cuộc sống không phải lúc nào cũng dễ. Đừng thu mình lại, có mình ở đây mà. Thời gian sẽ chữa lành mọi thứ."
"Tớ bài thi được điểm cao ngoài mong đợi, yêu đời hẳn",Vui vẻ,Học tập,Tuyệt vời quá! Thấy bạn vui mình cũng phấn chấn theo. Nhớ tự thưởng một chầu ăn ngon nhé. Tiến lên thôi!
Thiệt tình tài khoản cạn tiền mà tháng còn dài. run kh chịu dc 🥲,Lo âu,Cuộc sống,"Ổn thôi bạn ơi, Áp lực như vậy ai gặp cũng rén thôi, bạn không có gì sai cả. Tắt thông báo điện thoại một lúc, tập trung vào đúng 1 việc thôi. Đừng quá nghiêm khắc với bản thân nhé."
khách hàng gửi email khen ngợi sản phẩm của mình làm mình phê 😎,Vui vẻ,Công việc,Đỉnh thật sự! Đúng là ngày may mắn của bạn rồi. Chia sẻ tin này với người thân đi nào. Tiến lên thôi!
Thiệt tình chuẩn bị thuyết trình trước công ty mà cảm thấy chưa sẵn sàng. hoang mang tột độ huhu,Lo âu,Công việc,"Từ từ đã bạn ơi. Mình biết bạn đang cố gắng hết sức rồi. Uống ly nước ấm, nghỉ một chút rồi tiếp tục. Mọi chuyện rồi sẽ ổn thôi!"
"Má ơi bị sếp ép deadline vô lý ko có lý do, điên máu",Tức giận,Công việc,"Uống ngụm nước lạnh đi đã. Sự bực bội của bạn hoàn toàn chính đáng. Đừng vội phản ứng lúc này, giận quá dễ nói sai. Nghĩ chuyện vui cho đỡ tức nhé."
"Ae tư vấn giúp, k biết mình có đang đi đúng hướng trong sự nghiệp k thì nên làm sao? bất an ghê 😰",Lo âu,Công việc,Bình tĩnh nào! Cảm giác bất an như vậy thật sự rất nặng nề. Nói chuyện với ai đó bạn tin tưởng — đôi khi chỉ cần kể ra là nhẹ hơn nhiều. Cố lên nha!
Thiệt tình đang đi đường thì bị xe tạt nước vào ng. muốn bùng cháy 🙄,Tức giận,Cuộc sống,"Nghe mà tức dùm á 😡 Thiệt là củ chuối không chịu được. Đợi nguôi rồi hẵng nói chuyện lại, lúc đó mới xử lý được bình tĩnh hơn. Nghĩ chuyện vui cho đỡ tức nhé."
"phê quá, sếp khen project mới làm tốt trước toàn công ty 🎉",Vui vẻ,Công việc,Đỉnh thật sự! Niềm vui này xứng đáng được lan tỏa! Lưu lại khoảnh khắc này để sau nhìn lại vẫn còn thấy vui. Yomost lun nha!
"bất an ghê quá, điểm thi thử thấp quá, sợ thi thật sẽ tệ hơn 😥",Lo âu,Học tập,Hít thở sâu vào nào. Cảm giác không kiểm soát được mọi thứ thật sự khó chịu. Nói chuyện với ai đó bạn tin tưởng — đôi khi chỉ cần kể ra là nhẹ hơn nhiều. Cố lên nha!
"Hôm nay hôm nay kỷ niệm một năm yêu nhau, hạnh phúc quá =))",Vui vẻ,Tình cảm,Đỉnh thật sự! Niềm vui này xứng đáng được lan tỏa! Chia sẻ tin này với người thân đi nào. Yomost lun nha!
"điểm thi thử thấp quá, sợ thi thật sẽ tệ hơn làm chời ơi run không chịu dc 😥",Lo âu,Học tập,"Bình tĩnh nào! Lo âu kiểu này ai cũng hiểu, đừng tự trách bản thân nhé. Thử đặt deadline nhỏ cho từng việc, đừng nhìn cả đống cùng lúc. Mình tin bạn sẽ vượt qua được."
"thất vọng toàn tập quá, nhìn cảnh nhà ng ta hạnh phúc mà tủi thân 😢",Buồn bã,Cuộc sống,Lại đây tâm sự với mình nào. Mình rất tiếc khi nghe điều này. Gọi cho bạn thân trút bầu tâm sự nha. Mọi chuyện rồi sẽ qua thôi.
"Ae tư vấn giúp, thấy crush đi chơi vs người khác thì nên làm sao? tim đập thình thịch 😭",Lo âu,Tình cảm,"Ổn thôi bạn ơi, Mình hiểu bạn đang lo lắng lắm. Ghi ra giấy những gì đang lo, ưu tiên từng cái. Cố lên nha!"
"Mn ơi tài khoản cạn tiền mà tháng còn dài, tim đập thình thịch 😰",Lo âu,Cuộc sống,"Bình tĩnh nào! Cảm giác bất an như vậy thật sự rất nặng nề. Uống ly nước ấm, nghỉ một chút rồi tiếp tục. Mọi chuyện rồi sẽ ổn thôi!"
Bị rớt môn dù đã cố gắng học làm tui chán nản thật sự 💔,Buồn bã,Học tập,"Ôm bạn một cái nha. Ai gặp phải cũng đau lòng thôi, bạn không có gì sai. Bước ra ngoài đi dạo một chút, không khí tươi cũng giúp được phần nào. Thời gian sẽ chữa lành mọi thứ."
Sắp đến kỳ đóng tiền trọ mà lương chưa về làm má ơi tim đập thình thịch huhu,Lo âu,Cuộc sống,"Nghe mình này nhé, Lo âu kiểu này ai cũng hiểu, đừng tự trách bản thân nhé. Uống ly nước ấm, nghỉ một chút rồi tiếp tục. Đừng quá nghiêm khắc với bản thân nhé."
Thiệt tình hai đứa vừa giải quyết đc hiểu lầm hồi lâu. hạnh phúc quá 🥰,Vui vẻ,Tình cảm,Chúc mừng bạn nhé 🎉 Bao nhiêu cố gắng cuối cùng đã được đền đáp. Cứ giữ phong độ và tiếp tục phát huy! Tiến lên thôi!
"Ae tư vấn giúp, ko bt người ấy có thật sự thích mình k thì nên làm sao? bất an ghê",Lo âu,Tình cảm,"Hít thở sâu vào nào. Mình biết bạn đang cố gắng hết sức rồi. Tắt thông báo điện thoại một lúc, tập trung vào đúng 1 việc thôi. Bước qua được rồi sẽ thấy mình lớn hơn đó."
Sắp đến kỳ đánh giá cuối năm mà thành tích chưa đủ làm mn ơi hồi hộp quá,Lo âu,Công việc,"Ổn thôi bạn ơi, Mình hiểu bạn đang lo lắng lắm. Uống ly nước ấm, nghỉ một chút rồi tiếp tục. Mọi chuyện rồi sẽ ổn thôi!"
Sắp tới deadline mà chưa làm đc chữ nào,Lo âu,Công việc,"Hít thở sâu vào nào. Mình biết bạn đang cố gắng hết sức rồi. Tắt thông báo điện thoại một lúc, tập trung vào đúng 1 việc thôi. Đừng quá nghiêm khắc với bản thân nhé."
Cảm thấy cô đơn lạc lõng giữa đám đông 😢,Buồn bã,Cuộc sống,Lại đây tâm sự với mình nào. Mình rất tiếc khi nghe điều này. Bật nhạc nhẹ hoặc xem phim cho khuây khỏa. Ngày mai trời sẽ sáng hơn hôm nay.
sắp tới deadline mà chưa làm được chữ nào làm má ơi hồi hộp quá huhu,Lo âu,Công việc,"Nghe mình này nhé, Áp lực như vậy ai gặp cũng rén thôi, bạn không có gì sai cả. Thử đặt deadline nhỏ cho từng việc, đừng nhìn cả đống cùng lúc. Mọi chuyện rồi sẽ ổn thôi!"
Thiệt tình crush nhắn tin trước. sướng rơn 🤩,Vui vẻ,Tình cảm,Nghe mà vui lây luôn! Thấy bạn vui mình cũng phấn chấn theo. Cứ giữ phong độ và tiếp tục phát huy! Tiến lên thôi!
Trời mưa tự nhiên nhớ ng yêu cũ làm hôm nay tủi thân haiz,Buồn bã,Tình cảm,"Thương bạn quá. Buồn như vậy là hoàn toàn bình thường, đừng cố kìm lại. Bước ra ngoài đi dạo một chút, không khí tươi cũng giúp được phần nào. Mạnh lên nghen!"
"Ae tư vấn giúp, bị rớt môn dù đã cố gắng học thì nên làm sao? chán nản thật sự 😢",Buồn bã,Học tập,"Chia buồn cùng bạn. Cảm giác đó nặng nề lắm, bạn không sao cả. Gọi cho bạn thân trút bầu tâm sự nha. Mạnh lên nghen!"
"lo lắng thật sự quá, chuẩn bị thuyết trình trước công ty mà cảm thấy chưa sẵn sàng 😰",Lo âu,Công việc,Bình tĩnh nào! Cảm giác không kiểm soát được mọi thứ thật sự khó chịu. Nói chuyện với ai đó bạn tin tưởng — đôi khi chỉ cần kể ra là nhẹ hơn nhiều. Mình tin bạn sẽ vượt qua được.
Thiệt tình trời mưa tự nhiên nhớ ng yêu cũ. chán nản thật sự haiz,Buồn bã,Tình cảm,"Thương bạn quá. Chuyện đó thật sự khiến người ta hụt hẫng nhiều. Bước ra ngoài đi dạo một chút, không khí tươi cũng giúp được phần nào. Thời gian sẽ chữa lành mọi thứ."
"Ae tư vấn giúp, điểm bị chấm sai mà không được phúc khảo thì nên làm sao? sôi máu 😤",Tức giận,Học tập,Nghe mà tức dùm á 😡 Gặp chuyện đó ai mà không điên tiết. Viết ra hết cảm xúc bực bội vào giấy rồi xé đi — nhẹ lòng lắm đó. Bỏ qua cho nhẹ đầu nhé.
Thiệt tình lo lắng kh biết mối quan hệ này có tương lai k. đổ mồ hôi hột,Lo âu,Tình cảm,"Bình tĩnh nào! Lo âu kiểu này ai cũng hiểu, đừng tự trách bản thân nhé. Ghi ra giấy những gì đang lo, ưu tiên từng cái. Cố lên nha!"
"Mn ơi được thầy khen bài luận trước lớp, vui xỉu 🤩",Vui vẻ,Học tập,Wow xịn xò vậy! Thấy bạn vui mình cũng phấn chấn theo. Tận hưởng khoảnh khắc này đến cùng nhé. Tiến lên thôi!
"Tự nhiên dự án tâm huyết bị hủy bỏ phút chót, chán nản thật sự 🥀",Buồn bã,Công việc,"Chia buồn cùng bạn. Cảm giác đó nặng nề lắm, bạn không sao cả. Cứ cho phép bản thân nghỉ ngơi vài ngày. Mình luôn ở đây lắng nghe."
Sắp đến kỳ đánh giá cuối năm mà thành tích chưa đủ làm dạo này rén ngang ...,Lo âu,Công việc,"Hít thở sâu vào nào. Mình hiểu bạn đang lo lắng lắm. Chia nhỏ vấn đề ra, xử lý từng bước một nhé. Cố lên nha!"
"Thất vọng toàn tập quá, cảm thấy mình k xứng vs ng ta 💔",Buồn bã,Tình cảm,Chia buồn cùng bạn. Chuyện đó thật sự khiến người ta hụt hẫng nhiều. Bật nhạc nhẹ hoặc xem phim cho khuây khỏa. Mạnh lên nghen!
"Không thể tin đc quá, học bổng về tài khoản rồi ✨",Vui vẻ,Học tập,Wow xịn xò vậy! Bao nhiêu cố gắng cuối cùng đã được đền đáp. Tận hưởng khoảnh khắc này đến cùng nhé. Chúc bạn luôn giữ năng lượng tích cực!
Thiệt tình bị sếp la trước mặt cả phòng. buồn thiu haiz,Buồn bã,Công việc,"Chia buồn cùng bạn. Buồn như vậy là hoàn toàn bình thường, đừng cố kìm lại. Đừng thu mình lại, có mình ở đây mà. Mọi chuyện rồi sẽ qua thôi."
chờ mãi k thấy ng ấy rep tin nhắn làm tui hoang mang tột độ ...,Lo âu,Tình cảm,"Nghe mình này nhé, Mình biết bạn đang cố gắng hết sức rồi. Cứ làm hết sức mình, kết quả ra sao cũng không hối hận. Đừng quá nghiêm khắc với bản thân nhé."
"yêu đời hẳn quá, người yêu tặng quà bất ngờ 🎉",Vui vẻ,Tình cảm,Wow xịn xò vậy! Kết quả này là thành quả xứng đáng từ nỗ lực của bạn. Nhớ tự thưởng một chầu ăn ngon nhé. Yomost lun nha!
"Thiệt tình khối lượng công việc nhiều quá, không bt bắt đầu từ đâu. hồi hộp quá ...",Lo âu,Công việc,"Ổn thôi bạn ơi, Mình biết bạn đang cố gắng hết sức rồi. Nói chuyện với ai đó bạn tin tưởng — đôi khi chỉ cần kể ra là nhẹ hơn nhiều. Mình tin bạn sẽ vượt qua được."
"Ae tư vấn giúp, nhắn tin cả ngày mà không thèm đọc nhưng vẫn online thì nên làm sao? điên máu 😡",Tức giận,Tình cảm,"Uống ngụm nước lạnh đi đã. Bực như vậy mà không nói gì mới lạ, bạn phản ứng bình thường thôi. Đừng vội phản ứng lúc này, giận quá dễ nói sai. Đừng để chuyện bực mình làm hỏng cả ngày."
"Ae tư vấn giúp, áp lực KPI tháng này cao quá, sợ không đạt thì nên làm sao? tim đập thình thịch ...",Lo âu,Công việc,"Nghe mình này nhé, Cảm giác bất an như vậy thật sự rất nặng nề. Thử đặt deadline nhỏ cho từng việc, đừng nhìn cả đống cùng lúc. Cố lên nha!"
"Ae ơi team bị giảm nhân sự, mình phải gánh thêm việc, run không chịu được 😭",Lo âu,Công việc,"Bình tĩnh nào! Lo âu kiểu này ai cũng hiểu, đừng tự trách bản thân nhé. Uống ly nước ấm, nghỉ một chút rồi tiếp tục. Mình tin bạn sẽ vượt qua được."
Thiệt tình ăn đc món ngon đúng ý sau bao ngày thèm. k thể tin được ✨,Vui vẻ,Cuộc sống,Đỉnh thật sự! Niềm vui này xứng đáng được lan tỏa! Chia sẻ tin này với người thân đi nào. Chúc bạn luôn giữ năng lượng tích cực!
bị dọa rớt môn nếu điểm thi không đạt làm dạo này lo lắng thật sự ...,Lo âu,Học tập,"Bình tĩnh nào! Mình biết bạn đang cố gắng hết sức rồi. Tắt thông báo điện thoại một lúc, tập trung vào đúng 1 việc thôi. Mọi chuyện rồi sẽ ổn thôi!"
Khách hàng gửi email khen ngợi sản phẩm của mình làm má ơi hạnh phúc quá,Vui vẻ,Công việc,Nghe mà vui lây luôn! Cái cảm giác sau bao ngày chờ đợi giờ thành sự thật đỉnh lắm! Lưu lại khoảnh khắc này để sau nhìn lại vẫn còn thấy vui. Chúc bạn luôn giữ năng lượng tích cực!
"chán nản thật sự quá, nuôi con mèo bao năm mà nó đi mất haiz",Buồn bã,Cuộc sống,"Ôm bạn một cái nha. Buồn như vậy là hoàn toàn bình thường, đừng cố kìm lại. Đừng thu mình lại, có mình ở đây mà. Mạnh lên nghen!"
"run không chịu đc quá, áp lực đồng trang lứa học giỏi hơn mình quá nhiều ...",Lo âu,Học tập,"Từ từ đã bạn ơi. Mình hiểu bạn đang lo lắng lắm. Uống ly nước ấm, nghỉ một chút rồi tiếp tục. Mình tin bạn sẽ vượt qua được."
"Ae tư vấn giúp, cãi nhau với ng yêu, không biết có ổn ko thì nên làm sao? thất vọng toàn tập",Buồn bã,Tình cảm,"Chia buồn cùng bạn. Ai gặp phải cũng đau lòng thôi, bạn không có gì sai. Cứ cho phép bản thân nghỉ ngơi vài ngày. Mọi chuyện rồi sẽ qua thôi."
"Ae tư vấn giúp, bị dọa rớt môn nếu điểm thi không đạt thì nên làm sao? lo lắng thật sự 😥",Lo âu,Học tập,"Ổn thôi bạn ơi, Cảm giác bất an như vậy thật sự rất nặng nề. Nói chuyện với ai đó bạn tin tưởng — đôi khi chỉ cần kể ra là nhẹ hơn nhiều. Bước qua được rồi sẽ thấy mình lớn hơn đó."
"Ae tư vấn giúp, gia đình hối thúc chuyện cưới xin thì nên làm sao? hồi hộp quá ...",Lo âu,Tình cảm,"Bình tĩnh nào! Cảm giác không kiểm soát được mọi thứ thật sự khó chịu. Chia nhỏ vấn đề ra, xử lý từng bước một nhé. Mình tin bạn sẽ vượt qua được."
"Tự nhiên điểm bị chấm sai mà không được phúc khảo, giận tím ng 😤",Tức giận,Học tập,"Uống ngụm nước lạnh đi đã. Thiệt là củ chuối không chịu được. Xả stress đi, đi dạo hay đấm gối cũng được. Bỏ qua cho nhẹ đầu nhé."
Người yêu liên tục đến trễ mà không xin lỗi làm tui tức á 😡,Tức giận,Tình cảm,"Uống ngụm nước lạnh đi đã. Nghe mà mình cũng thấy khó chịu theo, bạn có lý mà. Hít thở sâu 10 cái rồi tính tiếp. Nghĩ chuyện vui cho đỡ tức nhé."
"mình bị người yêu đánh lần đầu rồi xin lỗi, giờ lại tiếp tục, không biết phải làm gì",Bạo hành,Khủng hoảng,"Mình nghe thấy bạn và rất lo lắng cho sự an toàn của bạn. Bạo hành dưới mọi hình thức đều sai. Hãy gọi 111 ngay bây giờ — hoàn toàn miễn phí và bảo mật, có người sẽ giúp bạn."
Điểm bị chấm sai mà ko dc phúc khảo làm má ơi muốn bùng cháy 😡,Tức giận,Học tập,"Thở ra đi, thở ra. Bực như vậy mà không nói gì mới lạ, bạn phản ứng bình thường thôi. Bơ đi mà sống, để bụng chỉ tổ mệt mình. Nghĩ chuyện vui cho đỡ tức nhé."
k hòa nhập được vs văn hóa công ty mới làm tui tê tái 🥀,Buồn bã,Công việc,Chia buồn cùng bạn. Mình rất tiếc khi nghe điều này. Gọi cho bạn thân trút bầu tâm sự nha. Mạnh lên nghen!
không ai trong nhóm bạn hiểu mình làm ủa mà tủi thân haiz,Buồn bã,Cuộc sống,"Mình ở đây rồi, cứ nói ra đi. Buồn như vậy là hoàn toàn bình thường, đừng cố kìm lại. Gọi cho bạn thân trút bầu tâm sự nha. Mình luôn ở đây lắng nghe."
Crush nhắn tin trước làm chời ơi sướng rơn 🤩,Vui vẻ,Tình cảm,Nghe mà vui lây luôn! Thấy bạn vui mình cũng phấn chấn theo. Cứ giữ phong độ và tiếp tục phát huy! Quá xá đã!
"kh thể tin được quá, hai đứa vừa giải quyết dc hiểu lầm hồi lâu 🤩",Vui vẻ,Tình cảm,Chúc mừng bạn nhé 🎉 Thấy bạn vui mình cũng phấn chấn theo. Tận hưởng khoảnh khắc này đến cùng nhé. Tiến lên thôi!
"chán sống quá rồi, không biết tiếp tục cố gắng để làm gì nữa",Trầm cảm/Tuyệt vọng,Khủng hoảng,"Nghe bạn nói điều này, mình rất muốn bạn được an toàn. Hãy nhờ người thân đưa bạn đến cơ sở y tế hoặc gọi 1800 599 920 ngay nhé. Cuộc sống của bạn có ý nghĩa hơn bạn nghĩ."
chờ mãi không thấy ng ấy rep tin nhắn làm mn ơi hoang mang tột độ huhu,Lo âu,Tình cảm,"Ổn thôi bạn ơi, Áp lực như vậy ai gặp cũng rén thôi, bạn không có gì sai cả. Ghi ra giấy những gì đang lo, ưu tiên từng cái. Mọi chuyện rồi sẽ ổn thôi!"
"phấn khích quá, hôm nay kỷ niệm một năm yêu nhau 😎",Vui vẻ,Tình cảm,Chúc mừng bạn nhé 🎉 Bao nhiêu cố gắng cuối cùng đã được đền đáp. Tận hưởng khoảnh khắc này đến cùng nhé. Yomost lun nha!
Hôm nay kỷ niệm một năm yêu nhau làm tự nhiên phấn khích 🤩,Vui vẻ,Tình cảm,Chúc mừng bạn nhé 🎉 Kết quả này là thành quả xứng đáng từ nỗ lực của bạn. Lưu lại khoảnh khắc này để sau nhìn lại vẫn còn thấy vui. Yomost lun nha!
"Chời ơi đã dặn kh ăn hành mà vẫn bỏ nguyên đống vào, giận tím ng 😤",Tức giận,Cuộc sống,"Hiểu sự bức xúc của bạn luôn! Thiệt là củ chuối không chịu được. Đợi nguôi rồi hẵng nói chuyện lại, lúc đó mới xử lý được bình tĩnh hơn. Thả lỏng ra nào!"
sắp đến kỳ đóng tiền trọ mà lương chưa về làm má ơi hồi hộp quá 😰,Lo âu,Cuộc sống,"Hít thở sâu vào nào. Lo âu kiểu này ai cũng hiểu, đừng tự trách bản thân nhé. Uống ly nước ấm, nghỉ một chút rồi tiếp tục. Mọi chuyện rồi sẽ ổn thôi!"
crush nhắn tin trước làm tui yêu đời hẳn ✨,Vui vẻ,Tình cảm,Nghe mà vui lây luôn! Cái cảm giác sau bao ngày chờ đợi giờ thành sự thật đỉnh lắm! Đây là động lực để bạn tiếp tục cố gắng những thứ khác nữa đó. Yomost lun nha!
Đã dặn không ăn hành mà vẫn bỏ nguyên đống vào làm tớ giận tím người 😡,Tức giận,Cuộc sống,"Hạ hỏa trước nào! Nghe mà mình cũng thấy khó chịu theo, bạn có lý mà. Hít thở sâu 10 cái rồi tính tiếp. Mình tin bạn sẽ xử lý được thôi."
"Tui nhắn tin cả ngày mà kh thèm đọc nhưng vẫn online, cay thật sự 😡",Tức giận,Tình cảm,"Uống ngụm nước lạnh đi đã. Bực như vậy mà không nói gì mới lạ, bạn phản ứng bình thường thôi. Xả stress đi, đi dạo hay đấm gối cũng được. Thả lỏng ra nào!"
"Giận tím người quá, bị bom hàng sau khi chờ cả tuần 🤬",Tức giận,Cuộc sống,Hạ hỏa trước nào! Thiệt là củ chuối không chịu được. Hít thở sâu 10 cái rồi tính tiếp. Đừng để chuyện bực mình làm hỏng cả ngày.
"Cãi nhau với người yêu, không bt có ổn kh làm tao tê tái 😢",Buồn bã,Tình cảm,"Chia buồn cùng bạn. Cảm giác đó nặng nề lắm, bạn không sao cả. Cứ cho phép bản thân nghỉ ngơi vài ngày. Ngày mai trời sẽ sáng hơn hôm nay."
"Ae tư vấn giúp, không hiểu bài nhưng kh dám hỏi thầy thì nên làm sao? tim đập thình thịch 😱",Lo âu,Học tập,"Bình tĩnh nào! Cảm giác bất an như vậy thật sự rất nặng nề. Chia nhỏ vấn đề ra, xử lý từng bước một nhé. Mọi chuyện rồi sẽ ổn thôi!"
khách hàng gửi email khen ngợi sản phẩm của mình làm má ơi phê 🤩,Vui vẻ,Công việc,Đỉnh thật sự! Niềm vui này xứng đáng được lan tỏa! Lưu lại khoảnh khắc này để sau nhìn lại vẫn còn thấy vui. Tiến lên thôi!
Sắp đến kỳ đánh giá cuối năm mà thành tích chưa đủ làm dạo này bất an ghê 😰,Lo âu,Công việc,"Từ từ đã bạn ơi. Lo âu kiểu này ai cũng hiểu, đừng tự trách bản thân nhé. Tắt thông báo điện thoại một lúc, tập trung vào đúng 1 việc thôi. Mình tin bạn sẽ vượt qua được."
Cảm thấy mình không xứng vs ng ta làm má ơi tủi thân 😢,Buồn bã,Tình cảm,"Chia buồn cùng bạn. Ai gặp phải cũng đau lòng thôi, bạn không có gì sai. Cứ cho phép bản thân nghỉ ngơi vài ngày. Ngày mai trời sẽ sáng hơn hôm nay."
"Ủa mà đã dặn k ăn hành mà vẫn bỏ nguyên đống vào, cay thật sự 🔥",Tức giận,Cuộc sống,Uống ngụm nước lạnh đi đã. Sự bực bội của bạn hoàn toàn chính đáng. Hít thở sâu 10 cái rồi tính tiếp. Mình tin bạn sẽ xử lý được thôi.
pass môn khó nhất học kỳ rồi làm ae ơi sướng rơn ✨,Vui vẻ,Học tập,Tuyệt vời quá! Cái cảm giác sau bao ngày chờ đợi giờ thành sự thật đỉnh lắm! Chia sẻ tin này với người thân đi nào. Yomost lun nha!
"Tự nhiên áp lực KPI tháng này cao quá, sợ k đạt, rén ngang huhu",Lo âu,Công việc,"Từ từ đã bạn ơi. Áp lực như vậy ai gặp cũng rén thôi, bạn không có gì sai cả. Nói chuyện với ai đó bạn tin tưởng — đôi khi chỉ cần kể ra là nhẹ hơn nhiều. Đừng quá nghiêm khắc với bản thân nhé."
Thiệt tình đc crush rủ đi chơi cuối tuần. yêu đời hẳn 😎,Vui vẻ,Tình cảm,Đỉnh thật sự! Đúng là ngày may mắn của bạn rồi. Đây là động lực để bạn tiếp tục cố gắng những thứ khác nữa đó. Yomost lun nha!
