id,text_raw,original_label,predicted_label,original_label_probability,label_quality_score,icon_flag,cleanlab_suspect
4687,"ngoại hình t mập lắm , làm j cũng rón rén , ngại ngùng , chẳng dám chạy nhảy luôn , sợ ngta nhìn đánh giá",that_vong,lo_au,0.014301045,0.04217252,,True
8554,"per đang định đi chụp , thấy cái này sợ quá đéo đi nữa",that_vong,lo_au,0.015078779,0.043252558,,True
9051,mũi to cx sợ lắm mặt t ko có nét lúc cx ngại mình cười là mũi to như quả cam tẹt ý thực sự là ngại lắm luôn,buon,lo_au,0.014349506,0.04413882,,True
2527,Thế giới này thật đáng sợ 🙄,that_vong,lo_au,0.015106842,0.046697915,,True
7851,"Châu Minh Melina Hosten sợ luôn, lại còn gửi bánh đến đám tang ngta nữa, đ hiểu 🙇",that_vong,lo_au,0.014273558,0.047450304,,True
7496,khi nào vụ này kết thúc thì mình uống cf trung nguyên trở lại . sợ làm giàu cho cô per lắm .,that_vong,lo_au,0.019390501,0.047994345,,True
582,có ai 9 năm không dám chụp với ai 1 tấm vì sợ mình xấu ảnh hưởng người chụp cùng chưaa!?,buon,lo_au,0.008388683,0.049211442,,True
2524,Mong pháp luật xử đúng tội của bọn ác nhân,hy_vong,gian_du,0.0059043877,0.049573272,,True
5593,Sợ cái nết vậy rồi nên khó thay đổi đc á bạn.,that_vong,lo_au,0.024910098,0.050471425,,True
8914,"hồi lớp 1 đú theo lũ bạn về học nấu . thế là cơm sống , sợ quá vùi gạo trong đống tro",vui,lo_au,0.011374567,0.051235378,,True
1770,"Xiêng Mỹ Ngà e 32t rồi, ko có hứng thú vs đàn ông😓 Cảm giác bc vào chuyên yêu đương vs kết hôn là bao nhiêu nỗi sợ hãi bủa vây. Ko bt hết đời có gặp dc ai cho mình cảm giác an toàn ko nưa😭",that_vong,lo_au,0.028235462,0.05598089,,True
2397,"Sáng nay mình đi kiểm tra lại ở từ dũ , kết quả đây mn ạ Mình xin phép che thông tin cá nhân để tránh phiền phức không đáng có ! Mong mn thông cảm và cùng đồng hành cùng mình Mong mn cùng Like đẩy cmt lên top ạ",lo_au,hy_vong,0.024100527,0.05682832,,True
3246,sao không cắt móng chân cho em ... nhìn mặt cute mà thấy móng chân em sợ phết,gian_du,lo_au,0.011034466,0.058366388,,True
358,per đúng là hồi tđ vẫn một rổ cười mỗi ngày ha =)))),hy_vong,vui,0.03867364,0.05856201,,True
7683,ước gì tao thất tình cũng được giống như mày,that_vong,hy_vong,0.022399591,0.059214592,,True
6417,nụ cười của crush kích thích vãi :)))))),hy_vong,vui,0.0400995,0.05969113,,True
857,nhiều lúc muốn mặc đồ giống các bạn mà sợ ngại,hy_vong,lo_au,0.018664813,0.060110807,,True
9379,các bạn đang bảo con này ah 😂😂😂,trung_tinh,vui,0.025707804,0.0612292,,True
7201,"mình là con gái k có nhan sắc, mỗi khi đi tiệc đông ng muốn trang điểm, mặc váy, làm tóc nhưng sợ ánh mắt dò xét, sợ bị chê xấu mà còn làm lố. mình chưa bao giờ thấy bản thân mình đẹp",that_vong,lo_au,0.0320292,0.061289877,,True
2845,Hối hận khi lấy ck hiện tại,that_vong,buon,0.03392423,0.061632574,,True
7494,@nangoc84 Trước khi chọn lối thoát thì cần biết tự nghiên cứu và nắm đủ kiến thức cần thiết. Kẻo không vào được lối thoát mà là vào mê cung thì cũng tiu.,lo_au,hy_vong,0.016617825,0.06277993,,True
435,"ye, mặt mụn k trắng nữa, bố cục khuôn mặt thì xấu, cười lúc nào cũng che miệng, mũi thì tẹt khi nhìn chính diện, ai nch gần thấy sợ họ nghĩ vl ấy.",that_vong,lo_au,0.0327062,0.06299466,,True
3252,ngồi nhiều quá nhìn họ đau mắt,gian_du,buon,0.00806981,0.063774824,,True
1432,"Tội nghiệp con quá, hôm qua thời tiết thật oi và nóng, mình con bị nhốt trong xe, chắc con đã hoảng sợ, đau lòng quá",buon,lo_au,0.03710373,0.06400508,,True
244,Bọn này chỉ có tiền chứ lgi có đạo đức hả ban tẩy chay đi mng,hy_vong,gian_du,0.014999612,0.06410214,,True
1437,trên đời sợ nhất mấy con trùn trùn như ri ! nhất là giun đất với rắn !!! đã từng bỏ tiết học sinh học mổ giun đất 😞😞,that_vong,lo_au,0.029603057,0.064181715,,True
3717,Nhân Nguyễn vậy khi nhà mày có tan có chuyện buồn mày cũng phải cười nha kể cả khi mặt mày bị ghệ bỏ hay mất ịa cũng phải cười nha Không thôi sợ cười của cải nhà mày bị ăn hết đó,gian_du,lo_au,0.022981407,0.06433123,,True
9492,per tìm ông bán xoài này ngay cho em 😂😂😂,hy_vong,vui,0.040253017,0.064947784,,True
7901,hối hận khi cắt tóc mái,that_vong,buon,0.04006036,0.06570092,,True
9005,nhà tạp hoá đấy hả ... :)))),trung_tinh,vui,0.030256042,0.066060275,,True
9072,tao không sợ đi làm mệt mỏi tao chỉ sợ không có niềm vui với nó,that_vong,lo_au,0.032088295,0.06644699,,True
5576,Kim Phượng coi mà khó thở ngang,gian_du,lo_au,0.020892793,0.06679621,,True
6084,"@nangoc84 Xây kênh online và chia sẻ giúp bạn ngồi một chỗ giao tiếp và tiếp cận hàng trăm ngàn người mà không cần phải gặp gỡ 1-1. Giúp bạn thoát khỏi nỗi sợ đám đông, thoát khỏi giới hạn của tính cách hướng nội",hy_vong,lo_au,0.028289903,0.06704244,,True
5765,Chắc an toàn nhất😂😂,hy_vong,vui,0.035033453,0.06806463,,True
53,tự ti giọng nói với mặc cảm 😔,lo_au,buon,0.025364181,0.06845176,,True
4562,Hối hận rồi cũng chả giải quyết đc j,trung_tinh,buon,0.008459937,0.06937742,,True
5089,per phim này thấy trailer hấp dẫn ghê 😁,hy_vong,vui,0.038243733,0.070204705,,True
4862,thứ ngăn cản bn ko phải là bài tập ng iu bn bè nhan sắc ng khác mà là những j mà bn sẽ lm bn chỉ sợ ngt nói trong khi thật ra họ quan tâm bn chỉ là bn sợ,trung_tinh,lo_au,0.030332489,0.07061607,,True
9711,"Nói sao nhỉ? Em đang cảm thấy rất tiêu cực, vừa khóc và vừa search &quot;Bị áp lực quá phải làm gì&quot; và YouTube recommend video này. Em thực sự cám ơn chị nhiều, sau khi nghe hết video thì em đã không còn khóc nữa... Khi em đang đứng trước nỗi sợ, áp lực, cô đơn vì không ai hiểu mình , thì hình như đâu đấy có người hiểu em, cho em lời khuyên về cách đối diện trực tiếp vấn đề và chịu trách nhiệm cho sự lựa chọn của mình. Em sẽ đặt mục tiêu và cố gắng hơn, cho phép mình nghỉ ngơi nhưng không cho phép mình chây lười. Thực sự cám ơn chị nhiều ạ...",hy_vong,lo_au,0.020317737,0.07171157,,True
6676,"Chị giang ơi, chị có thể làm về việc phản biện ko chị, mấy đứa bạn thân em hay bắt nạt em mà em cứ nhịn vì em sợ gây mất lòng nhau chị à. Chị có thể giúp e đc ko",hy_vong,lo_au,0.031097358,0.07251486,,True
1132,hết hồn . sợ quá nhỉ . nhạt !,that_vong,lo_au,0.013071126,0.072741,,True
47,Em bị tâm lí sợ ra nhưng nơi đông người anh có cách nào khắc phục ko ạ mong anh rep ạ .,hy_vong,lo_au,0.026959218,0.07275435,,True
6054,sợ vãi linh hồn 😞,that_vong,lo_au,0.03924861,0.07319519,,True
4808,Thật ra thuyết tiến hóa của Darwin vẫn chưa được các nhà khoa học hay tổ chức nào chứng minh nó tồn tại 100% nhưng vì từ lúc thuyết đó ra đời vẫn chưa có ai có bằng chứng để phủ nhận và cũng có vài điểm hợp lí nên vẫn giữ thuyết đó đến tận bây giờ và các nỗi sợ hay tật xấu được di truyền từ thời tiền sử đến tận bây giờ có thể chưa chính xác :),trung_tinh,lo_au,0.02497683,0.073330075,,True
4334,tao nhìn thấy thèm 🤣,hy_vong,vui,0.03450789,0.07335389,,True
1865,t thua cả đứa con nít nữa ám ảnh vãi,buon,lo_au,0.024199408,0.0744417,,True
1896,Cũng k sợ lắm. K gây cấn nhìu so những phần trc.,that_vong,lo_au,0.022412337,0.07469329,,True
2729,như kiểu sắp bị hiếp dâm đến nơi vậy . tế sống luôn mấy thg lol 🙂 dcm,lo_au,gian_du,0.025520407,0.07502702,,True
900,xinh mà còn ngáo nữa thì người yêu mới cưng =)),hy_vong,vui,0.046360392,0.07542986,,True
7879,Con lạy bố bài thơ nó vô tri lắm,that_vong,gian_du,0.033053543,0.07574457,,True
3322,"thật, đôi lúc tự tin rồi lúc lại tự ti",lo_au,buon,0.021247275,0.07577607,,True
3063,crush hôm nay đeo khẩu trag không thấy nó cười mà nhìn mắt dể thương vãi ra 😂,hy_vong,vui,0.050094254,0.076719254,,True
4793,nhìn ảnh này tao lại thấy buồn nôn,gian_du,buon,0.008120449,0.0767594,,True
4540,Huỳnh Kim Oanh ng chị hay hút trân châu😌,trung_tinh,vui,0.032391477,0.07754728,,True
4701,giỏi thật chứ đùa . biểu cảm gần như 90 % chuẩn mẹ rồi . thằng quay và edit cũng ghê luôn . nhảy cũng tốt ra phét chứ -.- ác thật,vui,gian_du,0.013438376,0.08178261,,True
4931,bạn trai người khác không bao giờ làm tao thất vọng =))))),hy_vong,vui,0.045711506,0.08212623,,True
2919,tồi vc 😛,gian_du,vui,0.019637873,0.08219737,,True
1114,rất chuẩn hãy sống làm người cơn luôn luôn co hiểu thảo với cha mẹ của mình nhé moi người ơi,vui,hy_vong,0.04956828,0.082677305,,True
2075,yêuc nhau một cách tự do . tôn trọng sư riêng tư của nhau,trung_tinh,hy_vong,0.036787804,0.083073765,,True
6757,"Lúc trước xem thấy mặt bà này nghi nghi k thật rồi, thấy mặt ác ác sao á tính nói mà sợ có ng bênh bả rồi mình bị chửi nên k nói, giờ lộ ra rồi này ,đúng là mình nghi k sai mà",gian_du,lo_au,0.038070466,0.083355725,,True
8755,"tôi xin nhắc lại , đây là một câu chuyện buồn",that_vong,buon,0.058625713,0.08336848,,True
2233,"Thật sự lúc đầu còn nhỏ thì em cũng khá mạnh dạn trong giao tiếp nhưng dần dà lớn lên gặp một số vấn đề tâm lý nhất định cộng với việc người lớn bảo cái này không được cái kia không được nên em bắt đầu thu mình lại. Vì vậy ngày càng lớn người nhà em lúc nào cũng bảo em phải vượt qua sợ hãi, phải bản lĩnh lên các thứ tuy nhiên chẳng chỉ dẫn em cách để làm hay là đưa ra một lời khuyên nào cả, chỉ đưa ra một lời nói suông khiến em rất bối rối không biết hiện tại nên làm như thế nào.😔😔",that_vong,lo_au,0.028696606,0.08387864,,True
5003,gd nội e cũng nhìu cháu nhưng mỗi khi cho tiền e đều lén sợ mấy cháu kia thấy phân bì h muốn cũng không được,buon,lo_au,0.04502568,0.08402851,,True
989,Hưng Lan khoá fb r thì phải. Có ce nào biết fb của đứa con k. Đánh gì mà dã man thế,that_vong,gian_du,0.033439912,0.084584445,,True
3373,Xuan Trang Do đ .m nhưng con này xinh thật =)) thề nhìn ngon vcl :V,hy_vong,vui,0.048863538,0.08476326,,True
2649,"eo ôi thằng nhóc áo xanh cuối cùng , sao này lớn lên chắc là sói ca haha",hy_vong,vui,0.042767853,0.08543193,,True
7793,k hối hận khi đã làm,trung_tinh,buon,0.020481596,0.08550081,,True
3125,đã sợ nhện rồi mà gặp thằng admin chơi trò mất nết :((,that_vong,lo_au,0.05172689,0.08670434,,True
9255,"sao mày không như crush của tao , thuỷ triều lên cũng đéo sợ nhé",that_vong,lo_au,0.03517002,0.08672759,,True
881,Thương n quá chị ạ e xin chia buồn cùng gia đình mình ạ mong bọn kia sớm bị trừng phạt,hy_vong,buon,0.015266086,0.08710137,,True
7173,lũ kiến ở nhà mày thích vậy .,trung_tinh,gian_du,0.046142135,0.087964475,,True
4700,toàn hàng Việt Nam! chất lượng cao,hy_vong,vui,0.035433248,0.08829868,,True
5211,Mất ngủ xong mất sức nữa cha nội,gian_du,buon,0.01624596,0.08843094,,True
9453,tại vì e bị tự ti,that_vong,buon,0.04343861,0.090557784,,True
4641,nhìn gai vãi,gian_du,vui,0.0395655,0.090613246,,True
7155,Ngta ngồi cạnh mình mà ngại tại vì ko có nhan sắc,buon,lo_au,0.034362532,0.0908508,,True
8354,giống y như nhà mình lúc đó ba chị e mình mua một hột vịt mà ba chị e ăn một buổi đôi khi ko có gạo nấu mình rất sợ và mình quyết tâm lớn lên cố gắng làm để thoát nghèo e sợ nghèo lắm giờ mình đủ ăn mừng lắm cố gắng nha a chị,hy_vong,lo_au,0.04930759,0.09116146,,True
6343,tưởng mai đi họp phụ huynh mới bị u ám . ai ngờ hôm nay mới biết điểm anh 9 . 5 thôi đã u ám rồi,that_vong,lo_au,0.045286756,0.09151727,,True
2026,cầu mong là chỉ là một trò đùa ác ý,hy_vong,gian_du,0.015796922,0.09297514,,True
1597,đục khoét tuổi thơ vãi )),that_vong,vui,0.027596064,0.09357497,,True
3503,Cuộc sống ? Thử hỏi xem họ nói tôi họ nói tôi rất nhiều tôi thừa biết rằng tôi bị sao tôi ghét gia đình ghét tất cả lo lắng mệt mỏi muốn chết đi rồi còn j phải lo nx đâu ko còn nghe những lời cay độc ko phải khóc nx,gian_du,lo_au,0.019390015,0.093610495,,True
9346,Ê cái bà kia 😍,hy_vong,vui,0.047469053,0.09368366,,True
1853,@Hien2021 Trẻ sợ 1 già sợ 2 Mỗi thời điểm trong cuộc đời con người ta lại có những điểm khác nhau. Cố gắng vượt qua nỗi sợ 👌🏼,hy_vong,lo_au,0.046703503,0.09582338,,True
7446,"đúng là không sợ địch mạnh , chỉ sợ chỉ huy ngu như bò",gian_du,lo_au,0.04688115,0.09590691,,True
12,dù có là một đất nước nhỏ trên thế giới nhưng đây là đất nước hạnh phúc❤,vui,hy_vong,0.048459515,0.09683901,,True
1076,lâu lâu được nghe truyện cổ tích thấy còn niềm tin vào cuộc sống 🤣🤣,hy_vong,vui,0.069245376,0.09688556,,True
2895,"Tự hào khi là người Việt Nam. Việt Nam muôn năm, Hồ Chí Minh muôn năm tôi yêu VN",hy_vong,vui,0.05896221,0.09689355,,True
3732,Phạm Song Học đúng.. trách thằng ck nữa mới đã nư.. 🤭,gian_du,vui,0.022527784,0.09706819,,True
717,tao đi xe máy mỗi lần muốn để xe đi đâu là phi mẹ nó vào quán net gửi đấy rồi đi ra đéo mất phí,trung_tinh,gian_du,0.0146352975,0.09771341,,True
4957,"Thề luôn t tự ti nhan sắc cực, lúc chụp ảnh kỉ yếu ko dám mặc váy vì sợ bị soi chân ko thẳng, ko cao long chân 🥺 mà mik mặc cũng ko hợp với mặt lắm",buon,lo_au,0.05117326,0.098385274,,True
3843,mọi người bị sao thế ??? thích chơi với mấy đứa như vầy nè hài hước đi chung cười sấp mặt luôn nhây nhây vầy mới zui chớ ? tự nhiên chửi con nhỏ thấy tội nghiệp 😡,lo_au,gian_du,0.040755022,0.09860706,,True
1708,"hôm bữa đi ngang qua , thấy hết con mẹ nó hồn",that_vong,lo_au,0.045297712,0.10006881,,True
6906,@sex thaatj tuyeetj khi cos e🏐 ae mình còn chối đc chứ tk đạt ko chối đc,vui,hy_vong,0.017740993,0.100240976,,True
6903,💔🥺😔 tỗn thưn,that_vong,buon,0.07521845,0.10041642,,True
3081,chủ tịch giả làm ăn xin và cái kết . đừng bao giờ coi thường người nghèo,trung_tinh,gian_du,0.034231648,0.10186756,,True
5337,Ngược chiều ở cao tốc,lo_au,trung_tinh,0.025715563,0.102176964,,True
1673,"Tôi rất thương yêu động vật , nhưng động vật đó xứng đáng tuyệt chủng",gian_du,vui,0.011138749,0.10233849,,True
7094,Content thôi :)),trung_tinh,vui,0.03487584,0.102368,,True
3153,nhớ lắm .. cay mắt lắm ....,gian_du,buon,0.008885755,0.10255018,,True
7463,mày nhớ đặt bạn ý cho những lần gọi sau nhé !,trung_tinh,hy_vong,0.054618023,0.102930814,,True
9992,hơn cả bộ phim kinh dị !,lo_au,vui,0.045809574,0.10417336,,True
8139,"Đợi tin từ 2 anh phi công , mong cả 2 bình an",lo_au,hy_vong,0.014223448,0.10453829,,True
639,"thương vãi , yêu vãi 😍😍😍 tao cũng thèm có em",hy_vong,vui,0.083321765,0.10499343,,True
4178,Mong bé mau hồi phục. Thương quá. Gửi năng lượng chữa lành những nỗi đau cho bé sớm khỏe.,hy_vong,buon,0.020949963,0.105718106,,True
877,"nhiều người nói con này giả ngu câu thích , nhưng xem lại nhiều lần thấy nó ngu thiệt chứ không phải giả bộ",vui,gian_du,0.012588031,0.106493205,,True
9763,hok có hứng thú quay lại lun 🫠,that_vong,vui,0.025739279,0.107094646,,True
484,"nhớ lại ngày đó , làm pg bán giấy , cười suốt ngày , khách chửi cũng cười , mà nhớ thời đó ghê , mới 1 , 2 năm chứ mấy",vui,buon,0.02456062,0.107296646,,True
2672,sai rồi nhá . có những thứ cha mẹ không có nhưng vì con họ vẫn cố gắng để có được nó,that_vong,hy_vong,0.04278383,0.107420534,,True
5273,per vợ thích bếp ga mini hay loại bếp ga đôi nào 😂😂😂😂,trung_tinh,vui,0.01900974,0.107512474,,True
4782,@ivankaquynh Làm được nhưng sẽ bạc tóc,lo_au,hy_vong,0.010638689,0.1075775,,True
9713,Ngọc Trầm Thủy Thượng cay,gian_du,trung_tinh,0.036354337,0.10773638,,True
8028,"per haha nhiều tiền quá mang đây tao tiêu hộ cho , đóng thuế 10 củ phí quá =))",trung_tinh,vui,0.019612944,0.108015,,True
7736,đcm ác mộng,lo_au,gian_du,0.060234174,0.10802251,,True
6115,may quá tao không xài huawei kkk,hy_vong,vui,0.065658115,0.108133495,,True
509,"Tớ tự ti đôi chân của tớ, vừa đen, vừa to. Tự ti lămmmm",that_vong,buon,0.08268225,0.10844809,,True
4958,bọn chủ tịch đến chưa chúng mày ?,trung_tinh,gian_du,0.057898503,0.10849923,,True
2364,5 năm nữa tao phải đẻ được 3 đứa 😂😂😂,hy_vong,vui,0.07449072,0.108908415,,True
7087,"per thì mấy ông nhậu bắt sạch , còn đâu mà phá hoại",trung_tinh,gian_du,0.04149713,0.108958274,,True
7059,"thời thanh xuân tôi từng yêu quý nét hiền thục của chị hiền mai . và đúng như cái tên hiền mai của chị , tên và tâm tính đều đẹp , hiếu thảo khó ai bằng . em xin chúc bác có thêm nhiều sức khoẻ để chị có được nhg tháng ngày hạnh phúc , ấm áp bên mẹ ạ .",vui,hy_vong,0.078826636,0.10900742,,True
9078,t không hối hận!,gian_du,buon,0.017198993,0.10993132,,True
3453,đáng yêuc quad 🤤🤤🤤,hy_vong,vui,0.04894073,0.109978795,,True
3794,per nhớ thật sự,trung_tinh,buon,0.025861371,0.11007917,,True
5019,Tàn canh chuyến này,that_vong,trung_tinh,0.026128367,0.110402375,,True
92,lm ngày có trăm ngàn thôi mà dọn lòi lol vãi vả cức haizx thật,that_vong,gian_du,0.07850884,0.11058372,,True
10030,"Phải chi em được thấy video này sớm hơn.<br>Em có tình cảm với bạn kia, bạn đó cũng có tình cảm với em nhưng vì tính nhút nhát mà em đánh mất bạn rồi. Lúc nào em cũng sợ sệt, ngại ngần sợ làm phiền ngta, nhưng bạn luôn chờ em chủ động. Em ko dám làm cgi cả dù em rất muốn. Cảm ơn anh đã chia sẻ video này, e sẽ cố gắng sửa đổi ạ!",hy_vong,lo_au,0.056800332,0.11096084,,True
2618,ráng đừng ngại,hy_vong,lo_au,0.018650701,0.11124942,,True
8502,cuộc chiến đấu vẫn còn tiếp diễn,trung_tinh,hy_vong,0.051689833,0.11136842,,True
9847,ừ t bị ngại giao tiếp ám ảnh vải😭,buon,lo_au,0.073586434,0.11199999,,True
5223,chuyện buồn quá chúng mày à . tao không dám đọc sợ làm quyết tâm có người yêu của tao lung lay 🙄,that_vong,lo_au,0.05634898,0.11212686,,True
5176,tao thấy dễ thương màaaa,hy_vong,vui,0.05064476,0.11222607,,True
2518,chúc đại kỷ nguyên có một buổi tối ấm áp nha ❤️,vui,hy_vong,0.08086336,0.11228031,,True
5303,Việt Nam cũng đang trên đường giông như Nhật… có khác gì đâu :)),trung_tinh,vui,0.049161512,0.11246681,,True
2496,"Nhớ bà ngoại quá cảm thấy bất hiếu khi còn nhỏ ở với bà, giờ muốn ở bên bà mãi",hy_vong,buon,0.048087317,0.11308429,,True
2554,áo phông dễ thương quá anh ơiiii,hy_vong,vui,0.07355981,0.11358926,,True
2391,Trà My chưa bị bế lên phường là chưa sợ mô...ae yên tâm 😼😼,trung_tinh,lo_au,0.04044162,0.11361611,,True
8244,bốc phốt khách thế không sợ mất khách à bác ??,trung_tinh,lo_au,0.035454113,0.11382991,,True
1244,"tao toàn thế giận tao tao dỗi lại , lại phải dỗ tao . hahahaha",gian_du,vui,0.012045923,0.113984376,,True
942,Nguyễn Hoàng Ngân thôi nhen,gian_du,trung_tinh,0.04719496,0.11426264,,True
6511,"per bất hạnh thật tao với mày mua bánh ăn chung đi , cóc cần gấu 🤨",that_vong,gian_du,0.0567531,0.11432809,,True
378,"Cố gắng rồi vẫn thất bại , biết cố gắng đến kho nào haizzzz",that_vong,hy_vong,0.042566456,0.1143688,,True
6734,Trần Dinh Kini thì cũng tới đó vướng lại rồi đó,that_vong,trung_tinh,0.046016,0.11577839,,True
5760,con cái nhà ai mà bố mẹ chăm cho đẫy đà ngon ngọt thế,trung_tinh,gian_du,0.025220279,0.11608344,,True
5519,lại cho lên chơi với các cụ 😌😌😌,trung_tinh,vui,0.029511016,0.11613768,,True
3632,cứ thấy nó là ăn không còn xác thì lấy gì chúng kịp phá . nhìn thèm ứ chịu được,hy_vong,gian_du,0.019519988,0.11626467,,True
5726,không phải crush :v nhưng mà nhìn ổng cười mỉm nhìn cute vãi -.-😑😆❤,hy_vong,vui,0.06377249,0.11635512,,True
10132,Chúc 2 vợ chồng em .và nhửng tình nguyện viên đc nhiều sức khỏe,vui,hy_vong,0.07081953,0.11648524,,True
3648,An Nguyễn tht á nó mà ra tù hay đồng bọn thấy đc là ah grap mệt nữa,lo_au,gian_du,0.055959478,0.11661965,,True
313,"Chị ra video khi mà e đang cảm thấy chán nản thực sự. E phải rời bỏ những thứ mà e từng nghĩ nó sẽ là mãi mãi của cuộc đời, có lẽ một điều gì đó mới sẽ chờ đón e...<br>E đã sai rất nhiều rồi và có lẽ đây là sự trừng phạt...",that_vong,hy_vong,0.049599666,0.11663169,,True
10155,đm lừa đảo hằng năm cả trăm tỉ . giờ phạt có 5 triệu chán vãi,that_vong,gian_du,0.07512643,0.11681235,,True
7570,Tôi chưa bao gio cảm thấy hối hận,trung_tinh,buon,0.025190275,0.11765057,,True
148,"mặt to vcl răng xấu cười ko xinh tóc mái bị fail vóc dáng cũng ko đc đẹp, lm j cũng sợ ngta soi mói, chê bai",gian_du,lo_au,0.07364892,0.1182619,,True
1327,tui vì con tui sẽ ở lại.từng là đứa trẻ...... nên t sẽ dành những thứ tốt đẹp t chưa từng có.,buon,hy_vong,0.053966776,0.11827788,,True
8961,Truy xét chủ thầu là đơn vị nào,hy_vong,trung_tinh,0.049963117,0.11848858,,True
1447,cho chúng vào nhà đá ! quá độc ác không giết người bằng súng như thế này là giết hàng loat đấy thât khốn nạn,lo_au,gian_du,0.052407168,0.11860576,,True
6369,tội em gái đó,gian_du,buon,0.020383386,0.11868191,,True
3483,Thầu mà làm vậy thì làm ăn xao phát đạt được mong CA bình dương vào cuộc để lấy lại tiền công và giay tờ cho vợ chồng e,that_vong,hy_vong,0.0332603,0.11899549,,True
549,mày khá là may mắn khi không học tiếng huế đấy =)),hy_vong,vui,0.08466729,0.119347274,,True
7497,Khoa Duc Nguyen chỉ có 3/ mới thích Trump mà ông,that_vong,trung_tinh,0.041057847,0.11942664,,True
406,Chịu chết. Cứ phải cho đi bóc vài cuốn lịch mới nhớ. 🤨🤨🤨,that_vong,gian_du,0.05932812,0.11946392,,True
9352,đang buồn cần 1 người nhắn tin tâm sự hằng đêm,hy_vong,buon,0.013829683,0.11966863,,True
31,@TvNhinhi Mưa gió cuộc đời tạo nên con ng mạnh mẽ 😬,lo_au,hy_vong,0.026161866,0.119818956,,True
2291,tiếc cho mối tình ấy ....,that_vong,buon,0.0949859,0.12003887,,True
2868,"anh luôn nghĩ thế giới này không có gì đáng sợ , cho đến khi anh không còn thấy em nữa",buon,lo_au,0.039582457,0.12032798,,True
10066,Chúc mừng anh vượt qua,vui,hy_vong,0.056622192,0.12032932,,True
4689,Trần Tiên chac dzay qua kkkk,trung_tinh,vui,0.06197606,0.12080279,,True
6026,Ubmttq đâu 🥺,that_vong,buon,0.09368267,0.12111476,,True
9284,Từ nay t tu k hóng nữaaaaa Dưỡng Sinh Bích Nhung 😹,buon,vui,0.032401424,0.121193975,,True
9936,Trúc Phương Lê kiện thoi,vui,trung_tinh,0.032401983,0.12176564,,True
999,"phàm việc quan trọng trong thiên hạ , cứ về hỏi vợ , vợ nói sao cứ làm ngược lại chắc chắc sẽ đúng !",vui,hy_vong,0.049359165,0.12245637,,True
4458,tao đang chờ xem bà ấy được nghe nhạc ý mà hết video 🤣,hy_vong,vui,0.091304086,0.122551054,,True
6595,"hăm hở đón nhận tất cả , thậm chí là nỗi buồn , nếu điều ấy khiến việc tồn tại của bạn mang một hương vị đáng nhớ ...",hy_vong,buon,0.027040385,0.12286249,,True
7618,Đi ngược chiều cao tốc Còn nhận biên bản là may đấy,gian_du,trung_tinh,0.033855144,0.12319484,,True
7572,"Từ nay về sau, bà 8 Xe Lửa hay Lưỡi Lam gì thì Lu cũng không sợ nữa. Hôm qua Lu còn đảo một vòng xe cho mấy anh công an xem nữa, rồi mấy ảnh sai Lu đi mua đồ nhắm cho mấy ảnh lai rai, cho nên hehe, từ ngày có cái xe, Lu lên chức ... tà lọt cho CA gòi.",vui,lo_au,0.029268453,0.1234214,,True
3038,"Mạnh mẽ có nhiều cách để hiểu. Đôi khi là mạnh mẽ che giấu cảm xúc của mình, hoặc mạnh mẽ thể hiện cảm xúc của mình. Cũng tùy vao trường hợp, có những người chúng ta sẽ lựa chọn mạnh mẽ theo cách thứ nhất ( có lẽ là những mối quan hệ xã hội không quá quan trọng ), còn có những người chúng ta sẽ lựa chọn mạnh mẽ theo cách thứ 2 ( những người thân, hoặc những người quan trọng )",trung_tinh,hy_vong,0.056075968,0.12357247,,True
7550,Đối với em thì cách để xả stress nhanh nhất là khóc <br>Khóc là thứ nhanh nhất để xả stress<br>Cứ để nó chảy theo dòng cảm xúc thôi☺☺,trung_tinh,hy_vong,0.029613003,0.12407696,,True
3705,Làm về bị mất động lực mất phương hướng đi anh,hy_vong,lo_au,0.014837202,0.12430695,,True
8658,"@nangoc84 rất nhiều người họ chỉ nghĩ tham tiền, nhưng mấy ai nghĩ được như anh Ngọc là vừa tham tiền mà vừa tham tuổi, 😁😁 em chào anh Ngọc nhé ✌️",vui,hy_vong,0.08885704,0.12454584,,True
1121,thế giới này thật đáng sợ :3 trả đĩa bay cho tôi về đi :3,that_vong,lo_au,0.032625955,0.12463984,,True
769,"Qua rồi nhìn lại mới thấy ngu . Tiền sài , cơm bưng điều của cha mẹ . Chữ hiếu chưa trả mà như vậy , hết sài... vứt",that_vong,gian_du,0.08399379,0.12482673,,True
6711,Mơ là vậy tình rồi là khác 😍😍😍😳😳😳😳😂😂😂😂😅😅😅,hy_vong,vui,0.083528645,0.12487379,,True
3392,"em ngày nhỏ đc dạy là phải nghe lời ng lớn, họ cho phép thì mới làm nên đôi khi muốn làm vc gì đó thì e đều hỏi, ko có ai thì e cx ko chạm vì sợ làm vậy có đúng ko,có sai hay ko, dần r lớn lên em bị vậy lun",buon,lo_au,0.03759116,0.12503779,,True
7546,Bình An độc toàn thân,gian_du,trung_tinh,0.038437635,0.12510419,,True
7327,ko cao ko đẹp nhưng ko sao 🥰👍,hy_vong,vui,0.09096311,0.1251938,,True
9956,thật ra mấy đứa bị chửi nhiều thế này ra đời lại biết cư xử hơn những đứa khác .,trung_tinh,gian_du,0.03239278,0.12589574,,True
2302,"đọc bình luận không thấy ai khen cute dễ thương đáng yêu này nọ nữa nhỉ một ngày đẹp trời bạn ra ngõ đứng hít không khí , con mèo sẽ kệ mẹ bạn , con chó vẫn sẽ đi đái bậy , nhưng con một lằn này thì đéo , nó phi con mẹ nó ra dí chạy như một con điên",that_vong,gian_du,0.068244934,0.1260677,,True
6527,điềm báo gì đây,lo_au,trung_tinh,0.02304529,0.12620044,,True
5516,bể mẹ cái kính cường lực mới dán :#,gian_du,vui,0.03910073,0.126679,,True
4450,"Mình cũng muốn nói những câu yêu thương với ông bà của mình, nhưng mình không thể",buon,hy_vong,0.06457246,0.12677097,,True
3784,tai nạn lúc làm việc lấy bánh tại nơi làm việc gửi cho gia đình người mất vcl,buon,gian_du,0.018930418,0.12710875,,True
985,Embe này yếu đuối quá,that_vong,vui,0.022858512,0.12754676,,True
587,tại mình thử hết rồi :)) nên cậu nói thế thì mình bình luận thôi :)),trung_tinh,vui,0.033249673,0.12775624,,True
660,vẫn là chính sách trên giấy tờ,that_vong,trung_tinh,0.032326654,0.12789372,,True
10033,Ai thắng cũng dc nhưng Trump thì oke hihi,trung_tinh,hy_vong,0.04710482,0.12819713,,True
4636,Cris Minh Algeria nó theo đạo hồi. Ko đc chuyển giới. Nhiều người là nữ nhưng vẫn tiết nhiều Tetosteron hơn bình thường. Cơ bắp sẽ phát triển mạnh hơn,trung_tinh,hy_vong,0.07433241,0.12831593,,True
609,thề ở với tụi nó quẩy hết mình tưởng như đã hóa thú,vui,lo_au,0.047922492,0.12879989,,True
7525,dume tao vừa mất 2 phút nhãm nhất cuộc đời tao 😒😒😒,that_vong,gian_du,0.090844706,0.12894809,,True
8166,Đúng là không sợ chó.. Thả chó ra cho nó đuổi xem sợ k,gian_du,lo_au,0.079307124,0.12926894,,True
5322,Đúng r tâm trạng phải lo lắng vậy đi báo CA tội phá hoại tài sản cho nặng kèm ảnh hưởng tâm lý,lo_au,gian_du,0.059962034,0.1294266,,True
1763,qué là so cute~😍,hy_vong,vui,0.08112196,0.1297077,,True
10118,đúng rồi nước mình đã thay đổi 😌😌😌,hy_vong,vui,0.06931126,0.13002294,,True
9810,Chuyện của Hà Nội nhất định phải thế,trung_tinh,vui,0.06982467,0.1304546,,True
9404,Quá xưng đáng.,that_vong,vui,0.019910887,0.1308676,,True
5134,liệu có bền lâu,lo_au,trung_tinh,0.03235541,0.13124534,,True
2400,má đáng yêuc quá dạyyyy ??,hy_vong,vui,0.03119663,0.13192189,,True
2241,Ông ngoại mất Ông bà nội mất Bà ngoại ko thương ☺️ko một ai thương iem cả trừ ông ngoại @nào có ny đổitên🤡🇻🇳🔥,buon,vui,0.034060054,0.131975,,True
6696,Vì định mệnh chân ái phóng hỏa đốt nhà xong quên mẹ là có chồng vs con r. Ngộ không🙉🙉🙉...còn j để lói,vui,gian_du,0.0194704,0.13209146,,True
423,hú hồn chim én :) nào làm ra này chắc cũng ngáo dữ :) chắc add không sợ nhện :),vui,lo_au,0.058219243,0.13223612,,True
3944,đây là lần cuối cùng các bạn nhìn thấy anh ấy,buon,trung_tinh,0.009831143,0.1323053,,True
1944,Thời ấy nước nào có dân số đông thì nước ấy mạnh.Quân đội chủ yếu là dùng số đông đánh số ít.mà dân đông thì quân đội đông😊,trung_tinh,hy_vong,0.037601266,0.13255501,,True
5471,Nhung Nguyen xin hãy tha cho cuộc đời của connnn,lo_au,hy_vong,0.01206904,0.13269198,,True
4179,Cứ xem những hình ảnh này trong lòng lại thấy nao nao.kí ức ùa về.ôi thèm cái cảm giác ngày xưa,hy_vong,buon,0.020150645,0.13273934,,True
7073,"Vãi cả l, ông hoàng tư bản à, đ có tí gì gọi là tình người luôn, sợ vcđ",gian_du,lo_au,0.084258154,0.13314044,,True
1562,làm mấy chuyện dở người để được nó chú ý,hy_vong,gian_du,0.012916392,0.13330439,,True
7734,"Tùng Vĩnh Long hi vọng có cảnh đấy. Chứ ko là t nghĩ mấy a tự bịa ra. Mấy đứa nhỏ chưa đủ tuổi đi xe sợ mấy a CA bắt thôi, tui hồi nhỏ cũng vậy. Nhưng mấy thành phần anh chị, đua xe, quái xế các kiểu thì hiếm khi thấy mấy a CA đuổi, mà tụi nó ngày nào cũng ầm ầm đường xá.",that_vong,lo_au,0.05275956,0.13334748,,True
8818,"cái này vừa đúng cũng vừa sai,đúng là vì nếu ông là người mạnh mẽ trước mặt người khác,tự dưng hôm đó ông buồn hay có gì đó làm cảm xúc của ông đi tới tột cùng thì buộc ông phải khóc nhưng ngta ko biết ngta sẽ ngĩ ông là thng mích ướt,nhưng sai là sai ở chỗ,họ không biết con trai cta cũng cần phải dc chia sẻ,phải dc ưuan tâm bởi cta là người thuong xuyen gánh vác trách nhiệm vì cta là đấng nam nhi(kiểu kiều vậy) nên đôi lúc hơi áp lực,như bố tôi 40 tuổi rồi đi làm đôi lúc vẫn hay bị sếp mắng thậm tệ,bố tôi áp lực quá vẫn khóc đấy,nói chung là ông ko có gì phải xấu hổ cả,cứ kệ sự đời đi",buon,hy_vong,0.048237212,0.13348362,,True
742,"mặc kệ người ta bạn ơi , có tiền mua xe đi thì kệ mẹ thiên hạ",hy_vong,gian_du,0.040937833,0.1335882,,True
765,"Tuyệt vời! Nhưng cậu bé liều quá, chẳng may lại gặp bọn xấu thì k biết chuyện tồi tệ gì sẽ xảy ra nữa! Mong cháu luôn khỏe, học tập tốt, em cháu sẽ mau hết bệnh để về với cháu!",lo_au,hy_vong,0.018474257,0.13371807,,True
716,là một thợ chuyên nghiệp thì sẽ bảo ốc này ở đâu ra tôi chắc chắn là đã lắp đầy đủ ❤,vui,hy_vong,0.08905447,0.13386104,,True
8637,ngại nhất khi phát hiện ra tình yêu vốn ko dành cho mình chỉ vì ko có nhan sắc,buon,lo_au,0.039754715,0.13432801,,True
10112,Bt là có thể gọn 1 chút chải chuốt thì bản thân sẽ đẹp hơn nhưng việc để 1 quả đầu xù ko quan tâm j và cứ sống bth nó thoải mái,trung_tinh,hy_vong,0.070051864,0.13456663,,True
1800,trong luật có khung hình phạt xử bắn không ... ghê tởm,hy_vong,gian_du,0.011558409,0.1347149,,True
6214,hối hận có quay lại đc k,hy_vong,buon,0.04513886,0.13482502,,True
7640,"Quốc gia hạnh phúc nhất châu á, Đất nước chống dịch tốt thứ 5 châu á",hy_vong,vui,0.07386359,0.13500103,,True
4519,"cv không áp lực , môi trường xung quanh mới dễ tạo áp lực",that_vong,lo_au,0.08029406,0.13507217,,True
4696,Khó quá 😢😢😢,that_vong,buon,0.0795278,0.1356054,,True
462,Sơn Hoàng thế tiền tao đâu,gian_du,trung_tinh,0.06697806,0.13564047,,True
7987,Nguyễn Văn Hoàng fuckboi mà,gian_du,trung_tinh,0.055226095,0.13566846,,True
2121,Chị ơi chỉ cách em vượt qua kì thi đi ạ nhất là vượt qua hai môn toán vs anh văn đi ạ,lo_au,hy_vong,0.04266967,0.13580126,,True
7885,Cuộc Sống Thường Ngày 🍀🍀🍀🍀🍀🍀🍀🍀🍀🍀🍀,trung_tinh,hy_vong,0.038391065,0.1363397,,True
9399,thương chỉ sợ em không cho anh cơ hội thôi,hy_vong,lo_au,0.015774734,0.13665622,,True
2058,em hối hận vì họ đối xử tệ với em và e sẽ cho họ hối hận cả đời,gian_du,buon,0.015796985,0.13686907,,True
533,cũng may tao là một con đàn ông :)),hy_vong,vui,0.103552945,0.13730091,,True
1863,Chuẩn bị😁,trung_tinh,vui,0.03868392,0.13738453,,True
4222,Hoa Vu sau uống trà sữa bằng thìa thôi nhể,lo_au,trung_tinh,0.039234973,0.13752618,,True
7108,nghe câu chuyện mà thương tình cảm anh dành cho em mình thật lớn chúc con moi diều tốt dẹp nhất,vui,hy_vong,0.06497321,0.13778016,,True
3475,Chị và mọi người ơi! Giúp em với ! <br>Toeic 2 kỹ năng của em khoảng 470 thôi ạ :( . Giờ em phải làm sao trong 6 tháng có thể có đc 5.5 IELTS ? Em mong chị và mọi người chỉ giúp. Em xin cám ơn ạ ^_^.,lo_au,hy_vong,0.04580662,0.13788038,,True
518,"Hối hận vì k rời bỏ sớm hơn, tới khi mọc sừng mới đau đớn mà buồn",that_vong,buon,0.11438091,0.13789555,,True
2697,"Giao tiếp kém , không giỏi ăn nói , dễ mất lòng",that_vong,gian_du,0.07840067,0.13823274,,True
7199,đúng là khổ trước sướng sau thế mới giàu =))),hy_vong,vui,0.072293796,0.13831538,,True
5994,nhện đéo bằng thằng lằn đâu dume kinhh tởm vll :((,lo_au,gian_du,0.053511437,0.13844839,,True
6630,"Hồi học mẫu giáo với cấp một tự tin năng động hướng ngoại lắm nhưng lên cấp 2,3 cái trầm tính thành hướng nội luôn tại phải suy nghĩ r k còn vô lo",that_vong,lo_au,0.064263135,0.13886893,,True
4331,bếp thiiêu chân mày,vui,trung_tinh,0.0370768,0.13893336,,True
2262,Đặng Phương Nam chắc người ta bênh lúc nó chưa giở thái độ lúc mình xem clip củng thấy xót thật đọc bài này xong có khi bị đánh là vì vậy,that_vong,gian_du,0.07492698,0.13899651,,True
9980,đổi cả cuộc đời giống người tàn tật để được cái video này .,gian_du,hy_vong,0.012329855,0.139366,,True
8211,Văn Phúc rũ nhậu mà,vui,trung_tinh,0.054976583,0.13953483,,True
4582,và ông đã có nỗi buồn mới thay vì buồn thất tình,that_vong,buon,0.10595137,0.13993588,,True
6092,"mình đã xem rất nhiều video như này rồi , nên thấy cũng bình thường =)))",trung_tinh,vui,0.026487505,0.14025861,,True
5262,"Nguyễn Khoa thiếu cái thứ quan trọng nhất, ba nhóc vừa là tổng thống vừa là tỉ phú.",that_vong,gian_du,0.07457699,0.14058596,,True
4871,"Hối hận vì ko làm ra tiền sớm hơn để phụng dưỡng nội,tới khi lo đc thì nội ko còn ,cả dời này t ko bg hết ân hận",that_vong,buon,0.11086831,0.14059487,,True
3988,úi giời khiếp quá !!!!,lo_au,vui,0.03778311,0.14083156,,True
3517,Cứ đọc những bài như thế này mà thấy nhiều người quá khổ luôn Từ đó ta hãy chia sẻ những gì có thể đừng có tham sân si nữa mọi người nhé,buon,hy_vong,0.038063362,0.14085448,,True
3956,Bây giờ mua cứ bắt thanh toán trước mất tiền là lo nhận thôi,that_vong,lo_au,0.07380841,0.14092079,,True
4525,Pha này vừa đổi ck vừa đổi tên con luôn 🥹🥹🥹,that_vong,vui,0.046380233,0.14135239,,True
4734,Chiều cao quan trọng hơn nhan sắc ( đối vs con trai 😌 ),trung_tinh,vui,0.033856854,0.14155093,,True
27,da ngăm mặt mụn răng hô nên mỗi việc cười với bb thôi cũng thấy tự ti,that_vong,buon,0.104287736,0.14159986,,True
10113,"Mardoll Tee Aitch sao vậy, tôi lại thích nghe tiếng tụng kinh lắm cảm giác nhẹ nhàng và yên bình(?), vì thế nên tôi thích đi chùa như kiểu ngăn cách với mọi áp lực bên ngoài í 🥲",hy_vong,lo_au,0.015450858,0.14162204,,True
7098,mắt tớ bị lạc nên đi đâu cũng bị chọc nên rất tự ti😔,lo_au,buon,0.06800687,0.14199403,,True
4354,Hồ Ngọc Hân vậy t đem bọc t cho chó mèo hoang ngồi đg ănn chứ bỏ thì mang tội nếu đồ bé ân dc,hy_vong,gian_du,0.020299973,0.14207277,,True
1732,t mong nó té quá chời :v,hy_vong,vui,0.03142922,0.14225727,,True
3739,Nguyễn Hoa giống bênh lx chổ vài trăm ra 5trieu,that_vong,trung_tinh,0.051912244,0.14294153,,True
5820,nhớ hồi mình làm đồng nghiệp ghê :))),hy_vong,vui,0.04217889,0.14297903,,True
1279,"răng ko đều, nhiều lông tay lông chân ngại lắm lun ý",buon,lo_au,0.054685816,0.14300442,,True
6823,yêu làm mẹ gì rồi phải chia tay người ơi,that_vong,gian_du,0.06519048,0.14318436,,True
1186,"cấp 3 , đáng tiếc nhất trong thời học sinh ^^",that_vong,vui,0.015097756,0.14364591,,True
1464,nhỏ không học lớn lên làm nhà báo,lo_au,gian_du,0.02399337,0.14367867,,True
1466,Đẹp mà mắc thiệt,that_vong,vui,0.045370586,0.14434132,,True
4809,Dung Phung anh chiến oánh cho bây h,lo_au,trung_tinh,0.03993435,0.14477465,,True
6932,tự ti đến nỗi k dám lm điều mình thích mà chỉ dám lm theo sự chỉ dẫn của ngk😔🤓,lo_au,buon,0.04820838,0.14483541,,True
3444,"May mà nhanh nhận biên bản, chứ ko nhanh gặp tổ tiên đâya",lo_au,gian_du,0.030515239,0.14523819,,True
6873,Học trò hay quỷ dữ?,lo_au,gian_du,0.04996487,0.14530337,,True
2324,"Tỉnh mộng đi chàng trai, đây là cuộc sống thực tế chứ không phải tiểu thuyết hay phim ảnh. Khi đã biết chắc chắn ngta k yêu mình r thì nên tự yêu bản thân mình nhé. Đừng tự nhục",that_vong,hy_vong,0.047926985,0.14552519,,True
9850,đúng là nói thì dễ hành động không bao giờ làm được ))),that_vong,vui,0.020708665,0.14552972,,True
9673,Dạng xăng pha nhớt này tai tiếng thế mà vẫn cho thi đấu là lỗi của nhà tổ chức rồi.,that_vong,gian_du,0.10174537,0.1456157,,True
8915,cảm thấy nhột đít,trung_tinh,vui,0.060072023,0.14576533,,True
4628,đáng yêu quá . phải thằng trai nhà tao thì nó sẽ nhẩy vào tính ôm luôn cái máy ấy về =)),hy_vong,vui,0.11510605,0.14577675,,True
1788,"Bây giờ thì em lại nhớ và hâm mô em của ngày xưa <br>Một cô gái rất tự tin ,mạnh dạn,vô tư và hoà đồng.Trái ngược với hiện tại",buon,hy_vong,0.04195029,0.1458768,,True
4043,mình đây là dân Bình Thuận mình hiểu rõ độ phức tạp của quê mình báo chí nêu rõ tên của tài xế rõ chổ ở của tài xế. chuyến này a chạy Grab khổ rồi . bọn này dây điện cao thế nó còn dám cắt trộm đấy,lo_au,gian_du,0.042089365,0.14619288,,True
3046,những người em thích đều đi nơi đâu rồi còn con ml bên cạnh song hành,that_vong,hy_vong,0.031452283,0.14643905,,True
3729,Nếu gặp trường hợp như vậy mình cũng sẽ như ad…,trung_tinh,hy_vong,0.04377183,0.14648056,,True
1438,Dù sao cuối cuọc đời bé đuọc sống trong vòng tay ấm áp chủ mới Cám ơn chủ mới đã cho em tình thương,vui,hy_vong,0.072408274,0.14725792,,True
4654,thứ t cần là phim xuân hạ thu đông,hy_vong,trung_tinh,0.056361403,0.14731646,,True
8568,đáng yêu mà sợ gì,vui,lo_au,0.054056853,0.14736539,,True
8586,per cái đoạn vén tóc là quen lắm nhá . thích lém ý,hy_vong,trung_tinh,0.0706301,0.14739716,,True
9616,"cười đấy , sau lưng nó đâm con mẹ nó dao vô hình cho chết mà vẫn sống nhăn răng luôn .",lo_au,gian_du,0.08013913,0.14744902,,True
5360,Chơi thêd quá tốt rồi. Có cái đấu trường lớn mình tâm lý chiến yếu thôi. Chứ hôm qua mà đánh như hôm nay ăn chắc,hy_vong,gian_du,0.023237105,0.14787436,,True
9290,ko sợ gì chỉ sợ con ml ý 😞,that_vong,lo_au,0.061968587,0.1479016,,True
9880,"lúc cụ bà cầm bông như cô gái 18 lần đầu mới yêuc vậy bà ngạc nhiên và hạnh phúc nhìn sâu lắng , video ngắn nhưng cho người xem si nghỉ mải",vui,hy_vong,0.11158099,0.14795604,,True
6951,"@Hien2021 Không có nỗi sợ, chúng ta khó có thể trưởng thành phải không bạn?",hy_vong,lo_au,0.07769966,0.14801013,,True
5829,ra đường không cầm theo đá phong thủy rồi,that_vong,trung_tinh,0.05706061,0.14867726,,True
1578,Trà Nguyễn chủ yếu cũng là muốn con ngồi mát ăn bát vàng ở tương lai. Nhưng thực tế là cho dù học khổ hay ít thế nào tương lai vẫn chủ yếu vất vả.,that_vong,hy_vong,0.06682444,0.14887637,,True
4787,ừ nhìn rợn thật =]]]],lo_au,vui,0.021449596,0.14909357,,True
1421,"Mình ko thể nào quên đc cái chết của George O’Malley. Mọi người nên xem Grey’s Anatomy nhaaaa, xuất sắc",buon,vui,0.03002222,0.14918795,,True
8185,Chúc a an nghỉ sớm siêu thoát,buon,hy_vong,0.081752375,0.149439,,True
2830,"Khóc thì k có gì sai, ai cũng có cảm xúc, chỉ là theo tư duy nửa cũ nửa mới của tôi thì chỉ nên khóc trước mặt những người mình thấy có thể hiểu và chia sẻ được với lí do mình khóc. Mỗi lần như thế vừa được giải toả, vừa được sẻ chia, vừa được thông cảm thì sẽ làm mình mạnh mẽ với tự tin hơn. Chứ khóc trc đám đông xong bị xỉa xói nghe nó hơi trauma còn bạn gái op thì thôi k bàn, hoặc do bạn ấy chưa đủ trải nghiệm nên tư tưởng vẫn còn stereotype. Còn nếu k có ai thì khóc 1 mình",buon,hy_vong,0.06521881,0.14944354,,True
2732,Đọc thơ xong thấy thật ngớ ngẩn,that_vong,gian_du,0.051260307,0.14964092,,True
4825,thiếu cà fe,hy_vong,trung_tinh,0.041783433,0.1497626,,True
3466,Nhưng lấy vợ nhật luôn là điều ao ước của ae nước ngoài nhất là ae wibu :)),hy_vong,vui,0.12202779,0.15012282,,True
6395,cậu lái xe nói chưa thấy sai gì . ?? đỗ dưới đường chứ có đỗ vào phòng khách nhà mình đâu mà kêu .,trung_tinh,gian_du,0.07175909,0.1503264,,True
8591,thấy bản thân mk ở đây,buon,trung_tinh,0.0454706,0.15039167,,True
7027,sĩ diện không nội mũ và cái kết dắt xe hết mẹ đoạn đường,buon,gian_du,0.013626465,0.15046874,,True
2881,Hoàng Thiên Ngọc icon này là chưq có nguoi yeu nhé,buon,trung_tinh,0.01610275,0.15066707,,True
6374,"nhiều mụn da ngăm mắt híp vs xếch lên thêm phần người tớ luôn có mùi khiến tớ tự ti, không muốn đứng cạnh những bạn xinh xắn đồng trang lứa vì sợ phán xét,so sánh của người ngoài kia..",that_vong,lo_au,0.057415027,0.1511598,,True
10211,Chu Bích Ngọc hút ít thôi nhé,lo_au,trung_tinh,0.022833467,0.15118763,,True
1952,"vậy thì tao sẽ ước mơ là các nhà thơ đừng bao giờ xài ẩn dụ , chơi chữ :) đã ngu văn còn bắt phân tích thấy mẹ luôn",hy_vong,gian_du,0.035532102,0.15121242,,True
9448,đăng khoa lê lò dầu của mẹ nè anh 😘😘😘,trung_tinh,vui,0.0345164,0.1512672,,True
8725,tợ rất tự ti vào nhan sắc lẫn ngoại hình của mình nhưng tớ cảm thấy nụ cười của mình rất đẹp...,vui,buon,0.044049915,0.15131557,,True
5742,Nguyễn Đạt đơn hàng lớn gần 1 triệu thì phải cẩn thận thôi. Đó là luật chơi. Ko chơi được thì chịu thiệt.,trung_tinh,gian_du,0.046489052,0.15133423,,True
5954,Thanh Trúc thế a sẽ cho em được mất sức nếu em muốn biết nè.,trung_tinh,hy_vong,0.0749033,0.15136626,,True
4214,"@Hien2021 ai cũng có nỗi sợ, khi chiến thắng dc thì ta đã vượt qua chính mình",hy_vong,lo_au,0.09268266,0.15144932,,True
3402,Đang xem liver đá zui đọc bài cái suy ngang 😐,buon,lo_au,0.023635373,0.151467,,True
4446,Đã dí đơn chưa thôi làm vài trăm ăn tết,vui,gian_du,0.011429197,0.1514737,,True
10088,không biết nói sao ... nghiện chuẩn mẹ rồi ... crush ợ . mà nó nhẫn tâm lắm hồi trước còn hay call video . từ hôm tao cạo trọc y như là mất tích luôn . chắc phải để tóc mọc lại tao mới dám gọi . 🤭,that_vong,vui,0.032921113,0.15179181,,True
8795,tao của ngày này năm trước đang ước đừng lấy quỳ tím đem ra thử nghiệm . :(,buon,that_vong,0.09116564,0.15180737,,True
1981,cầu mong những công ơn sinh thành luôn mạnh khỏe .,vui,hy_vong,0.10418908,0.15183124,,True
7995,bài toán 2 uero bằng 1 wc còn chưa giải . giờ lại còn thế thì các cháu cùng đường mẹ r . ác vl,that_vong,gian_du,0.10385783,0.15215811,,True
5340,"Người thì mong cha mẹ sống lâu để báo hiếu, thứ con bất hiếu",that_vong,gian_du,0.10250008,0.15244436,,True
7891,giống ml em tao hồi n nhỏ vãi . muốn ngủ với mẹ nhưng bị tao nịnh nọt bắt lên ngủ với tao :)),hy_vong,vui,0.11338668,0.15264925,,True
7342,"Lê Kim Thoa Với các phụ huynh cũng lưu ý, trường tư chắc có lắp cam, có thời gian rảnh chút thì nhìn qua cam lúc đầu giờ sáng, nhìn thấy con thì sẽ yên tâm hơn ạ! Đặc biệt những gia đình cho cháu đi học bằng xe đưa đón!",trung_tinh,hy_vong,0.086383596,0.15273756,,True
1699,Vãi cả thơ ăn mù tạt cũng thành thơ,that_vong,gian_du,0.098070964,0.15284324,,True
2988,Mong em thanh thản và về với cõi lành,buon,hy_vong,0.0839738,0.1528543,,True
3359,tao học nhân sự đây còn đang lo thất nghiệp đây này,that_vong,lo_au,0.09738993,0.15294188,,True
8960,ông này nội công thâm hậu nhảy lên gẫy cả cây thế là té đít dầm xuống đất . tại hạ bái phục,vui,gian_du,0.035613514,0.15300524,,True
840,Vậy chứ thời gian sau bình tĩnh lại sẽ Tự hỏi vì sao mình lại yêu người này,buon,hy_vong,0.08256912,0.1530151,,True
4629,To Hoai Nguyen ốc uống trà sữa phải cẩn thận này mẹ,lo_au,trung_tinh,0.06715447,0.15313342,,True
6010,Bữa Lào mới tạch con y chag thì phải,that_vong,trung_tinh,0.052370574,0.15314296,,True
6569,nó bỏ mình đi rồi mỗi lần nghĩ tới nó ôi sao mà xót tim gan hơn mất người yêu,that_vong,buon,0.09219221,0.15329376,,True
2604,"Nguyen muốn chúng ý thức học cho chúng vui chơi khám phá để biết chúng muốn cần gì ?! Cứ mỗi vùi đầu vào học , nhìn thằng con nhà chị dâu kìa , bố nó khó tính có bắt ép học bằng ông nọ bà kia đâu ?!",that_vong,gian_du,0.09354741,0.15360945,,True
3812,da ngăm răng ko đều mũi tẹt tự ti tất cả vẻ bề ngoài của mình,that_vong,buon,0.10087458,0.15410453,,True
4341,"mình không biết phải đi con đường nào, phải làm thế nào để gia đình mình có tiền và trở nên tốt hơn..",buon,hy_vong,0.0629859,0.15423924,,True
5928,lòng đường không phải nhà cụ nên cụ sai nhé . vỉa hè to vậy rồi cụ còn muốn như thế nào,gian_du,trung_tinh,0.03878579,0.15436807,,True
1585,mỗi lần quyết tâm bỏ mà lại thấy cười . đm đời,that_vong,gian_du,0.106416635,0.15463692,,True
8940,ước gì nội mình cũng vậy ..... thì con sẽ thương nội bằng cả trái tim,that_vong,hy_vong,0.057839997,0.1547029,,True
1538,Chúc e nhiều sức khỏe,vui,hy_vong,0.08134706,0.15477377,,True
5029,"Đặng Bạch Phát bạn phải đặt mình vào hoàn cảnh của Walt thì mới biết đc, Jane lấy tiền r còn có ý định đe doạ tố ổng bán mai thúy, con thì mới đc sinh lỡ đi tù thì đi toi nên ổng để Jane ch*t là điều ai cx có thể đoán đc.",trung_tinh,gian_du,0.049728166,0.15477577,,True
5202,"học xong cấp 3 , ngoài mừng vì được thoát khỏi đó thì không hề có lưu luyến 1 chút nào :))))))",hy_vong,vui,0.111682385,0.1551404,,True
45,Ước gì tôi ko đọc phải tin này .,that_vong,hy_vong,0.068712324,0.1553554,,True
8907,trai đẹp nó yêu nhâu hết rồi các chế ơi ... tranh thủ quơ được thằng nào quơ đi không thì hết đó kkkk,hy_vong,vui,0.08597709,0.15550855,,True
1610,Vân Nguyễn hihihi cám ơn bạn nhiều nhé.nhưng mình chưa có gd bạn ơi hihi.chúc bạn cũng mạnh khỏe bình an vui vẻ HP hén,vui,hy_vong,0.12302828,0.15566325,,True
202,Bảo sao mấy nay cái brand này nó ế dữ điềm báo,that_vong,gian_du,0.09247703,0.15624216,,True
5125,đề nghị các bạn giữ trật tự trong rạp phim !!!!!!,gian_du,hy_vong,0.018662589,0.15643075,,True
6746,anh vui thì anh ngồi thôi ... chú cự để mặc anh .,gian_du,hy_vong,0.017154602,0.15646043,,True
3675,còn đang soạn tin kìaaaa 😬 tới số ròiiii 🫨,lo_au,vui,0.04489102,0.1565044,,True
3758,"T sống vì tương lai và tình yêu dù là bị tram cam ghét chính mình,",hy_vong,buon,0.017089942,0.15689787,,True
8851,thề dume đứa nào nghĩ ra cái đoạn kết như kiểu hết phim như này nhàm vãi ra . đang hay thì tụt hứng,that_vong,gian_du,0.07488297,0.15707368,,True
9265,Nguyễn Hậu vcl sướng?,vui,gian_du,0.03796608,0.15710768,,True
4303,@july107193 Đôi khi chúng ta cũng phải học cách buông bỏ những thứ không thuộc về mình ấy c ưi,buon,hy_vong,0.07891904,0.157321,,True
294,mỗi lần coi lại sởn gai ốc,lo_au,buon,0.036090646,0.15737182,,True
311,Trần Thị Điều rồi vậy là đi giúp bậy à. Có khác gì khi 1 đứa trẻ hư không chịu dạy dỗ mà lại đi nuông chiều. Bởi vậy xã hội càng nhiều kẻ xấu lợi dụng lòng tốt không đúng chỗ như mấy người vậy. Và vô tình bản thân lại đi tiếp tay cho bọn khốn đó bốc lột mấy đứa nhỏ. Tụi nhỏ nó đâu hiểu được rằng mấy chú công an là đang giúp. Tụi nhỏ bị bọn đó nhồi nhét tư duy vào đầu là gặp công an phải tránh xa. Giúp phải giúp đúng thì mới là giúp và cứu người chứ kiểu này thì là hại thêm,that_vong,gian_du,0.09630349,0.1575771,,True
5498,Thay đổi tương lai tốt hơn được không đừng hối hận quá khứ nữa,hy_vong,buon,0.039719347,0.15761614,,True
9026,Phi Long tao mua vf8 đợt đầu đây,vui,trung_tinh,0.04122309,0.15837175,,True
6457,Chào những con ng mắc sai lầm.Còn cơ hội nào cho chúng ta sửa sai hay là cứ chìm đắm trong cái quá khứ đó🥺,that_vong,buon,0.107416086,0.15840349,,True
4524,"Đùa thế thì có đáng bênh ko? T nghĩ có khi phải nói láo hay thế nào thì mới bị đánh như thế chứ ko đâu lại bị đánh. Này chắc phải xã hội dạy cho mới nên người, nhưng mà xã hội lại bênh thì chịu rồi",that_vong,gian_du,0.097792216,0.15862322,,True
463,cái ngành tài chính của mình có chỗ dụng võ tốt rồi đây :)))),hy_vong,vui,0.12120264,0.15920806,,True
9456,"Từng là một người rất nói nhiều, nhưng khi lên lớp 10, mới lên thì cũng bình thường nói rất nhiều, nhưng bị chê xấu , bị các bạn mới nói đã nói r còn tỏ ra nguy hiểm, kể từ đó mik cảm thấy tự tin, các bạn nói đã xấu r còn chảnh nhưng vì các bn làm tổn thương tôi nên tôi trở nên rùi rè sợ hãi tự ti, và k muốn ở gần những ng đã nói và tổn thương tôi,☺️ mới lên lớp 10 gặp cú sốc đầu đời",buon,lo_au,0.08419908,0.15928283,,True
3330,"Lê Hải Linh B mình trông giống thầy vc, khác mỗi cái mặt",vui,gian_du,0.044669285,0.15939921,,True
9318,Đoàn Thanh Sơn đau emmm,buon,trung_tinh,0.024250489,0.15949968,,True
9637,tau cố gắng chỉ được từng này 😦😦,that_vong,hy_vong,0.06489679,0.1595062,,True
1624,loài dê phải gọi ông này bằng cụ,vui,gian_du,0.036581807,0.15950632,,True
4281,"ai ở gần đó xin hãy giúp chú , thương chú",buon,hy_vong,0.09026811,0.15977779,,True
7175,"Khi bạn có một chút, bạn lại ước nhiều hơn. Khi bạn có nhiều hơn, bạn lại ước có nhiều hơn nữa. Khi bạn mất tất cả, bạn mới nhận ra.. Một chút thôi đủ rồi.",buon,hy_vong,0.057997156,0.1601229,,True
9573,bạn nào cần bạn thân là con trai không :)),trung_tinh,vui,0.10618781,0.16078004,,True
5392,"🤫😘😋 Ê nói nhỏ nè, hun cái chụt, mlem ghia:)",hy_vong,vui,0.12708841,0.16114733,,True
1347,nhìn ghét quá ????,gian_du,vui,0.06434123,0.16124567,,True
2536,công nhận ngầu thật,vui,gian_du,0.020333886,0.161437,,True
2570,per học hành cho cố vào rồi mần sao như này đi,that_vong,gian_du,0.063320845,0.16157025,,True
1827,Tội bất hiếu là kh thể chấp nhận dc. Đuổi mẹ 2 đứa con đi,that_vong,gian_du,0.11116329,0.16158235,,True
8984,to tự ti lắm nên chẳng dám nch nhiều vs mn:((,lo_au,buon,0.08486003,0.16184726,,True
996,"per đi coi với tao , phim này hay nhất định phải coi",hy_vong,vui,0.09252016,0.16250595,,True
3534,con này chăm sóc n là n bao đẹp ><,hy_vong,vui,0.093813956,0.1625076,,True
9975,Nguyễn Nam chưa nghe vụ công an bị trả thù bao giờ à mà chìm vs ko có chìm đi nữa mà để lộ mặt thế kia cũng ko chìm nổi,lo_au,gian_du,0.072613165,0.16284707,,True
319,Buồn cưòi cái là cứ đi bắt cái con vật xong lại đi thả nó ra 🤭🤭🤭 nhiều ng cũg rảnh thật,gian_du,vui,0.016023593,0.16315746,,True
6710,Cũng muốn nói nhiều lắm mà hong bic nói gì 🥺,lo_au,buon,0.057530195,0.16348422,,True
6675,@TvNhinhi Nhìn cảnh yên bình quá nhi ơi trúc nhi cuối tuần an lành nhé,vui,hy_vong,0.12649493,0.16351119,,True
2398,Ha Thanh trải nghiệm đúng ko.,hy_vong,trung_tinh,0.074869566,0.16376162,,True
9117,"đâu mới là con đường e muốn đi, đâu la sự lựa chọn đúng đắn cho cuộc đời e qh ?",buon,hy_vong,0.035992537,0.16430095,,True
739,"Quang Nguyễn bao nhiêu vụ tai nạn đi lùi với quay đầu trên cao tốc rồi mà vẫn k sợ . Này bằng học hay bằng mua kbit , cứ bảo lsao đàn ông hay chửi đàn bà lái xe , k bênh nổi a ạ 😑",gian_du,lo_au,0.11552265,0.1645732,,True
4776,cảm ơn các anh tình nguyện viên .,vui,hy_vong,0.115448914,0.16478729,,True
5555,a k bao giờ hối hận vì a đã cố gắng hết mình rồi.,vui,buon,0.016889289,0.1648072,,True
2304,hhaahhaah ! t đã may mắn như thế 😂,hy_vong,vui,0.11930401,0.16493216,,True
9569,"toan cao lại nữa , tao dg suy nghĩ có nên đi bằng grap về không",trung_tinh,lo_au,0.04251367,0.16497958,,True
3249,trong đời người sướng nhất là không phải hối hận điều gì.,trung_tinh,buon,0.042173363,0.16507953,,True
7994,Chơi thì chịu chứ có đánh phạm loi đâu mà trách với móc,trung_tinh,gian_du,0.053267777,0.16516134,,True
2102,"Chắc không đến mức hối hận cả đời, vì t dần vượt qua rồi. Tôi luôn trách mình tại sao buổi đi chơi cuối cùng với tình đầu lại không ở lại lâu hơn. Hôm đó em năn nỉ đi chơi với ẻm lâu hơn chút vì mai em vào Nam học đại học. Tôi thì sợ đi muộn về bố mẹ mắng nên nhất quyết đòi về đúng giờ. Sau khi vào nam, yêu xa 2 tháng thì bọn tôi chia tay. Nếu biết đó là lần cuối bên cạnh nhau thì tôi đã không tiếc ở lại với em, ôm hôn em nhiều hơn.",buon,lo_au,0.08807176,0.16529197,,True
9983,"đúng ròi á,cứ ngủ dậy là kiểu cảm giác cứ nhớ nhớ ai đấy mà không biết nhớ ai,với cả nó cứ bị kiểu khó tả lam sao ý",buon,lo_au,0.068743005,0.1656991,,True
6811,"Đúng luôn,gái ơi.tau nợ 10 cái bánh mỳ bate chưa trả,trả hộ cái.🤣🤣🤣",hy_vong,vui,0.09275713,0.16575232,,True
2135,Lại là hà lỗi phải ko ?,that_vong,trung_tinh,0.05421994,0.16588494,,True
1126,"trong 1 lần tao được mẹ cho về quê ngoại , nó nhìn tao - tao nhìn nó - và dume đầu tao chôm bôm . cđ đó dữ vãi ! sao nó không đi thi đai đen cấp quốc gia cmnl đi chứ võ công cao cường như vậy mà ở vùng qê hẻo lánh thì thật là phí của giời !!!!",lo_au,gian_du,0.046178635,0.16589063,,True
10243,nhìn nữa sao . hỏng yêu đi . cho doi . vui vẻ,vui,hy_vong,0.116610534,0.16642126,,True
2921,"Nguyễn Quỳnh Duyên mới đọc rồi, có cả thông tin tang lễ bệnh viện r",buon,lo_au,0.012405583,0.16654822,,True
3030,Quan trọng là nó chưa biết mình sai ở đâu a à,that_vong,trung_tinh,0.058668464,0.16659713,,True
2690,Phan MyHạnh Phan cho ăn trân châu bằng muỗng thôi,lo_au,trung_tinh,0.037433285,0.16693631,,True
8117,"Buông bỏ,mấy năm sau nhìn lại thấy nó khoẻ gì đâu,cho thêm tiền cũng ko dám quay lại con đường đau khổ này!Qt là ai có đủ bản lĩnh để buông..😊",vui,hy_vong,0.021910068,0.16731325,,True
9961,Thương e quá! Hi vọng tất cả nơi mẹ còn nhà trường và chủ nhiệm tệ hại quá!,that_vong,buon,0.12608063,0.16732758,,True
2472,Mong pháp luật chừng trị bịn ác thú ấy,hy_vong,gian_du,0.024357151,0.16789171,,True
2105,cắt như anh này gọn gàng thoáng mát nhé auto đẹp trai,trung_tinh,vui,0.024333678,0.16804376,,True
8421,Văn Hoàng Long Tây môn Khánh bạn hay và hấp dẫn,vui,trung_tinh,0.08715455,0.16804501,,True
8382,bếp dầu lại nhớ thời sinh viên,trung_tinh,buon,0.03268284,0.16805363,,True
1085,cho tao hỏi mấy con súc vật tụi bây cười cái gì dzậy ? chắc tụi mày phải bị gậy vụt vào mõm thì mới hết dám ngẩng mặt nhìn đời phải không ?,gian_du,lo_au,0.098509364,0.16821525,,True
9455,Chào thầy thầy,trung_tinh,vui,0.09895178,0.16821736,,True
9001,tội cho chàng trai ấy,that_vong,buon,0.11111082,0.16822603,,True
6058,"Phụ nữ 1 khi đã ko thích thì b có cố đến mấy cũng ko làm lay động đc đâu, thậm chí còn làm ng ta khó chịu và ghét b thêm ý,nếu duyên thật sự đã hết thì nên chia tay trong êm đẹp và vv ,níu kéo thì chỉ có mink b là ng khổ đau mà thôi,quên đi 1 time rồi cũng sẽ có 1 mối quan hệ mới thôi, hãy nhớ&quot; buông bỏ&quot; cũng là cách để chúng ta trưởng thành hơn.",gian_du,hy_vong,0.019266628,0.16838509,,True
5269,Hèn gì tính nóng như kem đụng là trụng kk,gian_du,vui,0.017778954,0.16840279,,True
5537,Ngọc Dung cãi lỗ tầy quầy lun 🐧,gian_du,vui,0.0730153,0.16851288,,True
279,Ám ảnh cả cuộc đời,buon,lo_au,0.069282316,0.16870299,,True
7758,nam mô bổn sư thích ca mâu Ni Phật nam mô bổn sư thích ca mâu Ni Phật nam mô bổn sư thích ca mâu Ni Phật tại sao có hoàn cảnh như vậy trời,buon,hy_vong,0.019657467,0.16872555,,True
5495,Chuẩn Nhưng tìm đâu ra,that_vong,trung_tinh,0.04540639,0.16886365,,True
9728,"mỗi ngày đi làm về , tôi không vội vào thang ngay mà thường ngồi sảnh tầm 20p chỉ để ngắm gái xinh cùng tòa 😆.",hy_vong,vui,0.11918619,0.16909522,,True
7723,"Haizz. Nhiều khi đấy cũng là 1 kiểu may mắn. Những bạn ở nghệ an thanh hoá hay miền núi cũng chẳng đc đi học thêm, vẫn đỗ cao, thậm chí còn nghèo đến cơm k đủ ăn.",hy_vong,that_vong,0.042636655,0.1690988,,True
1198,Phấn đầu lời bác hồ dạy. Sánh vai các cường quốc 5 châu.,hy_vong,trung_tinh,0.025029885,0.16926917,,True
7424,ý tưởng thông minh đó con,vui,trung_tinh,0.061404787,0.16930512,,True
9541,"cạn lời , mình ngủ để khỏi nhìn",gian_du,hy_vong,0.015149157,0.16937855,,True
9018,"còn những người bình thường rất dữ , thật ra họ hiền lắm , nội tâm lắm",trung_tinh,buon,0.011660329,0.16962126,,True
8579,"Cách trở nên tự tin trong mọi việc . <br>- Có nhiều việc trong cuộc sống này mà bản thân khó đưa ra được những quyết định và phần lớn cũng đến từ sự tự ti , rụt rè , đăn đo không biết có nên làm hay không những câu hỏi đó sẽ luôn chạy trong đầu chúng ta gây cho và không thể đưa ra quyết định thì gây cho chúng ta cảm giác áp lực rồi sẽ tự ti . Dưới đây sẽ là những cách giúp chúng ta tự tin hơn và ra được những quyết định đúng đắn . <br>1 . Hiểu rõ vai trò và quyền lợi của mình trong một môi trường hay công việc nào đó .<br>2 . Hỏi . <br>3 . Quan sát và xác nhận . <br>4 . Đừng cố vượt qua sự rụt rè . <br>- Cảm ơn anh Khương về những bài học này ý nghĩa này . 😍",trung_tinh,hy_vong,0.086479604,0.16970491,,True
538,Lũ trời đánh,lo_au,gian_du,0.028678594,0.16996998,,True
10242,"aaaaa con nhện 😨 "" aaaaaaa con ế !"" - nhện said",lo_au,vui,0.04138821,0.17008117,,True
4718,"Nghe câu chuyện của Bé cảm thấy buồn quá, mình rất mừng khi bé đã được người xin nhận nuôi, nhưng mình nghĩ những bé có bệnh và sức khỏe quá yếu như vậy, em nên giữ lại để chăm sóc sẽ được tốt hơn cho Bé.👍❤🐕💐",buon,hy_vong,0.09531598,0.17041183,,True
2108,sao lại có chuyện vô lý như vậy được chứ 😠. rồi bé nhỏ sẽ như thế nào khi chứng kiến bố nó bị đâm ngay trước mặt nó . nghĩ đã không dám nghĩ tới rồi thấy thương bé quá .,lo_au,gian_du,0.06142941,0.17086768,,True
6763,lại khiển trách kiểm điểm rút kinh nghiệm nữa ah,gian_du,lo_au,0.098964565,0.17095709,,True
9937,Katy Katy buồn tới nỗi bỏ phim lun c nhỉ,that_vong,buon,0.12482026,0.17103559,,True
436,cảm ơn chi nhiều! Video của chị luôn xuất hiện nay mà lúc em đang thất vọng về bản thân! đến lúc em phải tự trách nhiệm vè bản thân rồi!,that_vong,hy_vong,0.027793799,0.17123514,,True
7088,Phong Nguyen giáo sư có cách nào chống hack k,hy_vong,trung_tinh,0.08169883,0.17148018,,True
5032,hối hận gì nghĩ ng iu thương mình.. nhưng ko họ thương ai đó ko fai mình....,that_vong,buon,0.10302924,0.17161292,,True
4081,😍😍😍😘,hy_vong,vui,0.084016114,0.17168522,,True
9555,Chúc mừng bạn số có phước trời thương phật độ,vui,hy_vong,0.051826265,0.17197227,,True
6122,Nhớ đời lun,trung_tinh,buon,0.04800251,0.17212248,,True
3261,Báo tới,gian_du,trung_tinh,0.086797215,0.17213523,,True
671,"giận lại làm gì , cứ để cho anh yêu thời gian thoải mái . khi nào thấy ổn sẽ tự động xuất hiện còn không xuất hiện nữa thì tự hiểu = ))",vui,hy_vong,0.11147009,0.17224255,,True
8823,cười thôi đã thấy tự ti rồi:),vui,buon,0.047903754,0.17226079,,True
3273,Nguyễn Văn Mến phải xem b ah,hy_vong,trung_tinh,0.08997886,0.17232239,,True
3152,trước gầy giả gái xinh . giờ béo lên ông mặc cái váy như tra tấn cái váy .,that_vong,gian_du,0.08839419,0.17241877,,True
6486,Quá mệt với bản thân rồi 🥺,that_vong,buon,0.13439421,0.1732625,,True
3614,vàng chắng bây giờ thành chắng tay ! em bình phước đây ! em hiểu cái này hơn các bác nhiều đó !,that_vong,hy_vong,0.05458501,0.1732924,,True
7385,"Lúc 7 tuổi, nghe tin me sanh em bé cũng đi bộ 4km 1 mình để thăm mẹ và em. Mà ko ai hay biết",vui,buon,0.035715945,0.173417,,True
8839,tao bị quỳ cột cờ mới ác . cả trường biết mặt luôn . nhục vãi,buon,gian_du,0.020235753,0.1734198,,True
8094,Diệp Hoàng Dương có thứ khác che mắt r bạn 🥹,that_vong,gian_du,0.0592919,0.17356241,,True
227,chưa 1 lần vấn vương thời c3 =)),trung_tinh,vui,0.043381307,0.1736452,,True
5802,96er. để dành đc gần 100tr và đã dùng hết để đi du học. K biết có phải quyết định đúng đắn k,lo_au,hy_vong,0.045554414,0.1737994,,True
2260,ăn học bao nhiêu năm rồi mà vẫn ngu,that_vong,gian_du,0.12257991,0.17392552,,True
5564,đeo ktrang lm t tự tin hơn khi nc,hy_vong,buon,0.041117366,0.17393678,,True
2728,Cũng rung dữ lắm,lo_au,vui,0.06009389,0.17408016,,True
7727,gặp được em nhưng sẽ chỉ quan tâm và bảo vệ em từ xa,that_vong,hy_vong,0.045797937,0.17436069,,True
5173,Khi đó Đại việt bị bên bắc chèn chép k cho phát triển mạnh nêu không chưa chắc Campuchia thời đó rộng ngư vậy,trung_tinh,gian_du,0.055360377,0.17443419,,True
7339,thế mới bảo . chủ động riết rồi nó xem thường,that_vong,trung_tinh,0.061545257,0.17478415,,True
4436,nhìn kinh,gian_du,trung_tinh,0.030065026,0.17505896,,True
498,1 tuần sau giải dubai của cr7 sáng lập sẽ tuyên bố trao siêu bóng vàng dubai cho a7 ngay.,vui,hy_vong,0.10315043,0.1751068,,True
7749,"Thực lực VN đến thế là mừng rồi. Hàn, China, đài loan là đội mạnh",hy_vong,gian_du,0.012853742,0.17550111,,True
8709,Tui bị khổ tâm tột độ tốp 1<br> tất cả chúng sinh,lo_au,buon,0.05309874,0.17550409,,True
1183,Gần 30 rồi,lo_au,trung_tinh,0.026563464,0.17572248,,True
10170,thần tài cho chủ cửa hàng bán vàng chứ thần tài gì mình đâu,that_vong,gian_du,0.06605374,0.17573714,,True
4745,có hai vị tướng top 10 thế giới và. 2 danh nhân văn hoá thế giới và 1 người từ chối nobel hoà bình,vui,trung_tinh,0.07515911,0.17586175,,True
2355,😬👍,lo_au,vui,0.038750082,0.17594421,,True
6237,liệu nó có bay nổi hay không ?.,lo_au,trung_tinh,0.06293922,0.17597085,,True
6240,Nửa năm học ở mái trường ntn :))),trung_tinh,vui,0.12039436,0.17600569,,True
6900,tao nấu củi chưa nấu bằng rơm bao giờ 😪,trung_tinh,that_vong,0.038771726,0.17609861,,True
6790,Quản Lâm Vũ tìm mấy chỗ xa trung tâm chứ nội thành thì khó b ui,that_vong,trung_tinh,0.052527223,0.17631584,,True
723,thực ra chủ nó cũng bẩn vãi vầy quá kinh dị rồi,lo_au,gian_du,0.0970782,0.17632136,,True
6505,"Nguyễn Ngọc bữa e cho con đi khu vui chơi cũng vậy. Có 1 bé cứ thấy các bạn lại gần chỗ cầu trượt là chồm ng lên đè lên bạn. Trc đè lên 1 bạn, mẹ bạn đó đứng gần mắng với lôi ra r, lúc sau nó ra gần con e đè con e, e lôi ra rồi tìm thì thấy mẹ ngồi 1 góc bấm điện thoại, con làm gì thì làm.",gian_du,lo_au,0.04096526,0.17657334,,True
4508,"Tôi luôn cảm thấy mình xấu ,nhìn những người xinh đẹp tự nhận mình xấu mà thấy tự ti vô cùng",that_vong,buon,0.112264484,0.17663658,,True
9059,"cái này gọi là truyền thống , không thể nói là quên được",buon,trung_tinh,0.015878757,0.17687798,,True
6436,hướng nội+ ít nói+ ko bt giao tiếp...,lo_au,buon,0.06158264,0.17728314,,True
7780,Mong các cha mẹ phụ huynh đừng bỏ con để con rơi vào hoàng cảnh này.biết rằng ko phải mái ấm nào cũng vậy nhưng xem xong thật sự rất xót những thiên thần ấy. Chỉ mới mấy tháng tuổi thôi ạ đã phải chịu nhiều bạo lực ko đáng có như vậy mong pháp luật sẽ vào cuộc để các e có thể có cuộc sống tốt đẹp hơn ạ,buon,hy_vong,0.08266656,0.17749235,,True
3059,Em ko ngờ đế quốc khmer xâm lược Đại việt 5 lần thua mà còn có thể gửi lá thư cho Đại việt ta kêu ta làm thuần phục và tung hô nó được chịu đế quốc này luôn ý(yếu hơn bày đặt kêu nước mạnh hơn làm theo yêu cầu của mình),gian_du,hy_vong,0.03321577,0.17761102,,True
6300,Khánh Hòa lớp trưởng cứ phải cứng rắn lên bn,hy_vong,trung_tinh,0.03631845,0.17785406,,True
872,Bình tĩnh nghe em nói Mọi chiện ko như anh thấy đâu,lo_au,trung_tinh,0.020473279,0.17812687,,True
6764,Đình Du anh nằm dưới gầm giường nhà em à?,vui,trung_tinh,0.040388044,0.17855462,,True
4326,Thương con quá sao có người tàn ác như vậy xin hãy thương yêu con thật nhiều cám ơn tấm lòng vàng của anh chị chúc Anh chị an lành hạnh phúc,buon,hy_vong,0.10061444,0.17858434,,True
5719,đùa ... cảnh sát việt nam tài thật . vụ gì cũng bắt trong 48 giờ,vui,gian_du,0.008876359,0.17868412,,True
8261,"Thấy động lực tích góp mấy năm cg nhiều rồi á, chuyển thành thành tích đc hok?😂",hy_vong,vui,0.14147453,0.17888436,,True
9578,nấu kiểu này ngon lắm luôn 😋😋,hy_vong,vui,0.114666544,0.17906642,,True
5,chỉ còn 1 tháng để quyết định 1 đời,lo_au,hy_vong,0.025849309,0.1794306,,True
8352,"ngại nói chuyện với người mình thích, ngại giao tiếp với bạn bè chỉ vì t cảm thấy mất tự tin khi nhìn lại nhan sắc của bản thân 😔",that_vong,buon,0.13240072,0.17962205,,True
547,mình chỉ nói đến cơ hội việc làm thôi chứ không bàn luận gì về việc ông ấy là người như thế nào bạn nhé ??,gian_du,trung_tinh,0.07630007,0.18006,,True
5293,đứa con gái nào mà đề nghị là biết bị ma nhập mà né nha mấy cha,lo_au,gian_du,0.11626807,0.18016148,,True
7612,"Nguyễn Ngọc ủa b ơi, máy bạn í hư main các thứ sửa 9-10tr mà bên chị kia bảo chỉ trả phí sấy máy là sao? K đền máy mới cho ngta thì cũng phải đền 10tr sửa máy chứ. Còn k thì mua máy mới đền ngta, vc chị í lấy máy bạn í về sấy mà dùng. Cứ bảo k mong muốn là xong đc à",that_vong,gian_du,0.090088286,0.18030015,,True
3655,tao đéo ghê con rắn tao ghê mấy cái trồi lên kìa,lo_au,gian_du,0.09971743,0.18054935,,True
2905,loại cửa đó cái khung sắt cứng không tả nổi . đen lắm bung cả cửa ra thôi .,that_vong,lo_au,0.09831432,0.18057233,,True
1933,"mắt 1 mí ,mủi to ,da đen tự ti thật nhìn mình trong gương mà tự hỏi sao mình xấu thế",that_vong,buon,0.13662909,0.18090814,,True
4569,chụp không biết bao nhiêu lần rồi,that_vong,trung_tinh,0.09531822,0.18111718,,True
10020,"Cường Seven A đó cản trở công an làm việc là sai nhưng a đó ko phải người chăn dắt á b, nhiều người nói a đó là người chăn dắt trẻ ko à.",gian_du,trung_tinh,0.08991178,0.18119305,,True
410,Tôi yêu Việt Nam của tôi 🇻🇳❤️😍💋,hy_vong,vui,0.14695834,0.18126556,,True
8163,mẹ tao cũng thix em này 😅,hy_vong,vui,0.11439801,0.18128929,,True
5624,"Mấy thể loại đó nên cho tù chung thân, chứ nó ra tù nó sẽ trả thù e trai kia, có khi nó lại đi ăn cắp tiếp tục thì khổ cho dân nữa",lo_au,gian_du,0.07762121,0.18165347,,True
6447,Không tự tin vào bản thân nên bỏ lỡ nhiều cơ hội,that_vong,buon,0.14537601,0.18165436,,True
3978,Đã ngoại tình dù vì bất kỳ lý do gì cũng chỉ là: khốn nạn! Nên thoát được khỏi đứa khốn nạn thì phải cảm ơn,gian_du,hy_vong,0.023102185,0.18179855,,True
4008,"dume về bố lại táng cho bờm đầu , có thể là lần cuối được đi xem đá bóng của cháu nó",buon,gian_du,0.037352543,0.18192533,,True
6403,Toàn đồ cổ vẫn huấn luyện .chiu thua luôn,that_vong,vui,0.058400705,0.18195158,,True
151,"@Hien2021 Những mảnh ghép của cuộc sống trải qua một sự thay đổi không ngừng, từ những lo lắng nhỏ bé của tuổi trẻ đến những nỗi sợ lớn hơn khi trưởng thành. Trên con đường của mỗi người, những mảnh vụn này kết hợp lại để tạo nên bức tranh phức tạp",trung_tinh,lo_au,0.035319526,0.18199497,,True
9781,bị người đồng hành chung chăn gối 11 năm phản bội 😢 mấ hết nè tin 😢 hi vọng sống,that_vong,buon,0.14941564,0.18211836,,True
1935,"Chị giang ra video đúng ngay lúc bọn học sinh tụi em mới thi xong, gia đình còn đang nháo nhào vì điểm thi. Thế mà tâm trạng em vẫn không tiêu cực chị ạ, tại vì em bị mắng nhiều quá nên rút được kinh nghiệm. Đôi khi chỉ bản thân mình hiểu mình là đủ. Đôi khi ba mẹ cũng không đúng hoàn toàn. Nên em quyết định giữ vững tâm lý, không cho những lời sỉ báng của ba mẹ em về em lọt vào đầu em được. Em vẫn tiếp tục học hành chăm chỉ hơn vì em biết mình cần gì và muốn gì mà không nhất thiết phải nghe lời ba mẹ.",hy_vong,lo_au,0.054537877,0.18216893,,True
7267,Hoang Mai Phuong Hoang Long Hoàng Việt tương lai cô ấy đấy,hy_vong,trung_tinh,0.078988895,0.1822027,,True
5695,ngày xưa nghèo . có bếp dầu là mai rồi .,hy_vong,trung_tinh,0.039430298,0.18282187,,True
3807,"Trần Hưng cùng toà với a phải ko, tối ngủ khoá chặt cửa vào a nhé",lo_au,trung_tinh,0.04916015,0.18315399,,True
1255,"Trong suy nghĩ của em thiếu niên 13 tuổi, sống ở miền núi nó đơn giản và không biết có những nguy hiểm về đường xá và an ninh như người lớn dau các vị. Nó nghe ông nội nói em bị bệnh và nó nghĩ đi là tới như tới trường nó học thôi, nó ko có tiền để bắt xe như người lớn và rất muốn gặp em vì em bé cách xa nó cưng yêu nên nó quyết đi xem em thế nào, tuổi này hay ảo tưởng sức mạnh",hy_vong,lo_au,0.053842973,0.1833185,,True
564,@Lally1702 Trẻ an nhàn thì già vất vả. Thế thôi,buon,hy_vong,0.06967659,0.18341321,,True
63,Đúng thật tôi bị da đen tàn nhang rồi còn môi nhỏ nữa...tự ti lắm.Tôi vì xấu mà còn bị bạn đổ lỗi...,that_vong,buon,0.1519787,0.1836235,,True
9110,"Mắt thâm , răng ko thẳng hàng , mặt cx hơi nhiều mụn , học ngu như bò . Dm tự ti ko chịu dc nhiều khi bị mời lên bảng kiểm tra cô bảo quay xuống lớp nói ngại vl ko dám nói 🥸",buon,gian_du,0.042387553,0.18378818,,True
4287,ông trời tính lấy thêm của t 1 người t thương nữa hả?,lo_au,trung_tinh,0.02567566,0.18400145,,True
2558,chú nghĩ cháu rất giỏi văn và là người có suy nghĩ trưởng thành rồi 💐 rất đáng yêu và tếu giống mấy con giặc nhà chú ❤️,vui,hy_vong,0.14186732,0.18408477,,True
4194,vẫn chọn tech là ngân hàng đồng hành,hy_vong,trung_tinh,0.05171689,0.18415743,,True
398,Cứ nằm viện nôn mửa 1 tuần làm cái đơn đi cho nó mượt,that_vong,hy_vong,0.033029072,0.1841627,,True
6548,"Hãy tiếp tục chia sẻ cách xây dựng sự bản lĩnh, nội lực bên trong để vượt qua sự tự ti sợ sệt rụt rè ko dám đối diện nhé anh. Em rất chờ mong để được học hỏi trau dồi những kĩ năng này hơn nữa",hy_vong,lo_au,0.07928236,0.18424687,,True
96,cuộc sống của mỗi con người đã được quyết định sẵn nên dù bản thân có bước đúng hay sai thì cũng cố mỉm cười trước cánh cửa số phận,trung_tinh,hy_vong,0.03805731,0.18436253,,True
7952,"Để vk buồn,vk khổ,thất vọng về mình.ng tôi yêu thương nhất",that_vong,buon,0.063061334,0.18458992,,True
6813,đừng trao duyên cho tao khi chưa biết rõ tao :(,gian_du,that_vong,0.049568556,0.18479198,,True
6249,ngày mới tốt lành nha,hy_vong,trung_tinh,0.13113365,0.18492496,,True
8943,nên phát huy,hy_vong,trung_tinh,0.043595243,0.18504462,,True
953,Trần NhưÝ Trần Anh Kiệt má lạy,lo_au,gian_du,0.064006776,0.18510902,,True
2798,Lanh Hồng x3 chân châu nè bà nội,lo_au,trung_tinh,0.061573297,0.18516141,,True
1490,bắc sơn lạng sơn đang cháy khô rồi mưa cái gì chứ 😠,lo_au,gian_du,0.061902266,0.18531954,,True
1053,Sống sót cũng rất mừng để trở về bên chồng con là quá tốt rồi,vui,hy_vong,0.08118027,0.18563831,,True
5297,Hoan hỉ đi anh,vui,hy_vong,0.08029896,0.18586516,,True
883,xem tới đây dume ứa nước mắt 😞,that_vong,buon,0.14780283,0.18592867,,True
8767,Thanh Thảo có video ko,hy_vong,trung_tinh,0.09317991,0.18607712,,True
7514,nhìn mà nổi hết da gà,gian_du,buon,0.02920537,0.18611917,,True
4848,Phạm Việt xem video porsche vàng rồi,hy_vong,trung_tinh,0.10756599,0.18624294,,True
7370,Hien Dieu đó. Xin vía cho con còn không được sao mà xin cho bản thân đc. Kk,that_vong,hy_vong,0.039831735,0.18625662,,True
4080,Video này là của bọn Việt Tân dàn dựng để nói xấu nền giáo dục Việt Nam đấy. Phải bắt bỏ tù hết những người chia sẻ video này 😃,gian_du,vui,0.09042286,0.18628147,,True
3570,"Đào đâu ra 1 ng như vậy, nên đừng trông chờ vào ai cả. Tốt nhất tự yêu lấy mình nhé",that_vong,hy_vong,0.03897902,0.18653324,,True
9286,"Mấy ông nhà báo ngáo vc,tự dưng ghi tên ông grab ra làm gì,ghi cả chỗ làm. Mai mốt ông grab này sẻ bị trả thù dã man cho xem. Có thể sẻ nguy hiểm đến tính mạng.",lo_au,gian_du,0.07068569,0.18657637,,True
7114,đây còn hơn cả vua . giàu mà nghĩ lớn làm lớn .,vui,gian_du,0.06431939,0.1865792,,True
6637,"Vì thế giới này nhiều khổ đâu, nên ta mới thấy lòng tốt của con người",hy_vong,buon,0.031747397,0.18659976,,True
4256,"đến lúc yêu nhạt cực tao thề ! kiểu chán chán , muốn quay về đơn phương hơn",gian_du,vui,0.028706677,0.18703419,,True
7490,tội em vợ thế :(,that_vong,buon,0.13019662,0.18717638,,True
7767,tội cả con quá 😭😭 một lũ vô nhân tính đã hủy hoại những mầm non tương lai .,gian_du,buon,0.05808726,0.18744278,,True
5522,mình rối quá,lo_au,buon,0.13298835,0.18756521,,True
320,ChiChi Bunnie Camera dạng này có thể mạnh hơn thái giám. Vì thái giám bị mất trứng không thể tiết được hóc môn được. Nam giới quan trọng trứng hơn vòi.,trung_tinh,hy_vong,0.09319349,0.18770006,,True
1838,tao thì nói xong lại thấy người ta không hứng thú thì lại lượn,that_vong,gian_du,0.13027573,0.18772417,,True
5777,mỗi lần tới trường t cứ bị tự ti=(((,lo_au,buon,0.100643754,0.18781286,,True
8251,ủa rồi ra nắm xe tải kéo ra như kéo xe đồ chơi dị ba,vui,gian_du,0.047106497,0.18784377,,True
9911,Sướng quá rồi,vui,buon,0.018835602,0.1879572,,True
9761,"Mình tiếc nuối vì 2 kì thi quan trọng với mình trong cấp ba nhưng mà mình chưa làm thật sự tốt, nó vẫn ám ảnh mình đến tận bây giờ.",buon,lo_au,0.114223786,0.18831477,,True
5109,Ê t với côn bthan lâu ngày kh gặp gặp nhau hơi ngại nhưng 5giay sau như sảnh chờ ff,vui,lo_au,0.021445982,0.1883496,,True
5190,qua câu chuyện vừa bịa ra tôi hi vọng các bạn sẽ có cái nhìn thoáng hơn về csgt việt nam 😂😂,hy_vong,vui,0.1535302,0.18843964,,True
6726,Phong Nguyen con này để bay huấn luyện bay ra biển bảo vệ biển chưa đủ sức.,gian_du,trung_tinh,0.062184636,0.18859881,,True
3248,per thông minh là đây chớ đâu,vui,trung_tinh,0.09183393,0.18878543,,True
9625,chỉ cảm thấy tự tin khi đi với cha mẹ hoặc bạn thân,lo_au,buon,0.06916908,0.18915164,,True
4410,em tin chắc rằng sẽ có 1 ngày anh sẽ phải hối hận và day dứt cả đời vì những gì em dành cho anh vốn dĩ không cô gái nào có thể làm được,buon,hy_vong,0.09539023,0.18919867,,True
2051,Có nhan sắc tự tin hẳnnn..,vui,hy_vong,0.110372804,0.18930176,,True
1573,ng anh em thiện lành đã rời việt nam . sayy goodbye 🌸,buon,vui,0.036686104,0.1894925,,True
7147,"Trần Minh vẫn thiếu "" bình đẳng, bác ái ""...",that_vong,vui,0.03050246,0.18964285,,True
9829,nụ cười của tôi thiên thần vãi,hy_vong,vui,0.066828944,0.1903328,,True
7521,mấy con này phải có ngày mấy thằng xe lớn nó tông vào cho lát bét đi . đi ra đường chùm kín người đến nỗi không bật xi nhan xe mà cứ qua tao bị mấy lần vì mấy con này,lo_au,gian_du,0.122081816,0.19075382,,True
2311,"bị đánh 1 lần thì hơi sốc , nhưng nhiều lần thì tâm hồn sẽ trở nên mạnh mẽ , cảm xúc nó mới đàn hồi",trung_tinh,hy_vong,0.04254469,0.1907838,,True
7132,Tưởng chỉ có trong phim,lo_au,trung_tinh,0.06510315,0.19088379,,True
5621,các mày trốn đi bọn chủ tịch đang đến kìa 😨😨😨,lo_au,gian_du,0.12669109,0.19090071,,True
889,"Trà Đá mày có vấn đề về đọc và hiểu à, đúng thứ ngoo 🤭🤭",gian_du,vui,0.091552526,0.19095391,,True
6188,Tôi chỉ cần làn da đẹp,hy_vong,trung_tinh,0.10138817,0.19098994,,True
10089,Diên Diên tag để đọc mà kĩ kĩ,hy_vong,trung_tinh,0.097155675,0.19103289,,True
9324,dell hiểu sao ngày sưa tao có thể cầm nó trưen tay đi câu cá 😳😳😳 nhớ lại vẫn thấy ớn,buon,lo_au,0.046666563,0.19108367,,True
1720,Tao hối hận vì đã quay lại với thằng ck tồi tao vẫn tự mình nuôi 3 đứa con đc xuốt 12 năm qua,that_vong,buon,0.13835768,0.19116259,,True
3310,Hỏi cái tầm lãnh đạo của các bác ngoài đó ấy 😉 đà lạt bây giờ cũng bấy nhầy chứ đâu còn như xưa,gian_du,vui,0.02542525,0.19119117,,True
8025,Tại vì trai/gái anime đẹp quá ko thèm kết hôn nx 👽,vui,lo_au,0.022570327,0.19163126,,True
6161,đã bước thì bước tiếp thôi,hy_vong,trung_tinh,0.09736324,0.19168252,,True
9928,pháp không còn khoảng thời gian bình yên nữa rồi,lo_au,trung_tinh,0.04383608,0.19179407,,True
2565,Jiso Nguyen thằng đó rồi. trc phải khoá trang cá nhân. trc nó chạy con pọt màu vàng,gian_du,trung_tinh,0.08498685,0.19187418,,True
1687,Muốn trải nghiệm cảm giác này bạn nên ngủ lúc 5h chiều và tỉnh lúc 7 8h bạn sẽ cảm nhận được như thể mình thức dậy ở 1 thế giới khác,trung_tinh,hy_vong,0.11516666,0.19204265,,True
8460,Nguyen Huu Tai cả 2.. đều đỉnh,vui,trung_tinh,0.03539447,0.19214666,,True
6314,"Em sắp thi cấp 3 chị ạ. Hôm trước thi thử về điểm không như mong đợi, lại so sánh với các bạn khác thấy mình toàn kém hơn làm em thất vọng về bản thân nhiều lắm. Nghe mẹ động viên em càng thấy mình kém, em khóc khi nghĩ đến nhỡ mình không đỗ thì sao, tâm trạng gần thi cứ càng ngày càng đi xuống. Mai em thi kì thi thử cuối cùng rồi, may sao xem được video của chị khiến em phấn chấn lên nhiều lắm. Em cảm ơn chị Giang nhé &lt;3",that_vong,lo_au,0.10413274,0.19223887,,True
5711,@nangoc84 Cuộc sống là 1 vòng luẩn quẩn,trung_tinh,hy_vong,0.13078202,0.19238454,,True
4145,Quốc Ca dân tộc ta là sự ghi nhận theo chiều dài lịch sử từ khi chưa có độc,vui,trung_tinh,0.033169545,0.19245592,,True
9496,bạn trai tao đéo biết giận dai nên không phải dỗ,vui,gian_du,0.006647638,0.19250804,,True
5413,hôm nay cậu thế nào,hy_vong,trung_tinh,0.09151224,0.1926451,,True
4594,Ngân Hà dặn con la nè,lo_au,trung_tinh,0.05884057,0.19272295,,True
2297,thay đổi văn hóa tí đi . đường là tài sản chung của mọi người dân . và mọi người dân được phép làm những gì pháp luật không cấm .,gian_du,hy_vong,0.0383074,0.1931305,,True
373,Mạnh Louis Mạnh đáng thương hơn đáng trách,buon,vui,0.02190795,0.19316798,,True
5333,Hải Lan Thì tui đang rảnh mà:))).Thấy spam nhiều nên cmt thui:)),trung_tinh,vui,0.04228788,0.1932913,,True
3157,Tưởng trong phim mới có,lo_au,trung_tinh,0.08410205,0.19329861,,True
5664,"ước gì boss không co chân lên , tao vẫn sẽ nghĩ là boss thật khí chất",that_vong,hy_vong,0.07026328,0.19346982,,True
8359,cần 1 thời gian dài thật dài nữa thì ý thức mới đi lên được,that_vong,hy_vong,0.034578487,0.19356433,,True
9038,Uk t ngại mak🤡👍,lo_au,vui,0.09582875,0.19387239,,True
26,thèm được bố chửi 1 lần 🤤🤤,hy_vong,vui,0.117241256,0.19404891,,True
8605,thôi thì đi xem avenger lần 3 để tránh nóng nốt chiều nay không mai mưa rồi hehee,vui,hy_vong,0.14259392,0.19442981,,True
9180,"đừng bao giờ sợ trở thành chính mình , bạn hãy nhớ bản gốc luôn có giá trị hơn bản sao",hy_vong,lo_au,0.08264032,0.19450504,,True
9215,có gặp cũng đéo dám ngẩng đầu lên nhìn,buon,lo_au,0.025225127,0.19455495,,True
133,ai giúp bé với hix,lo_au,hy_vong,0.03644067,0.19478375,,True
2646,Nhan sắc thật quan trọng...,buon,vui,0.040987045,0.19487262,,True
6566,ủa ? chọn người nào cũng như nhau thôi . vì cả 2 người chắc đéo gì đã thích bạn đâu ? :)),trung_tinh,vui,0.11330241,0.19491431,,True
4169,Trời ơi cháu đang cần 1 vlog như này lắm :’),hy_vong,vui,0.14402708,0.19505787,,True
3577,per con nhện cản bước bé xuống cầu thang,lo_au,trung_tinh,0.031818222,0.19511539,,True
3318,"trưa nay nhà em ăn cơm , admin nói với mấy chú truyền hình đừng chiếu tin này lên nha",gian_du,trung_tinh,0.045171686,0.19511613,,True
1969,Đưa ng Việt nam qua thì đông vui thôi lo gì,hy_vong,trung_tinh,0.05663065,0.19519925,,True
8642,Môi thâm mụn nhiêu đó cũng đủ tự ti rồi,that_vong,buon,0.14766692,0.19556618,,True
10163,"Mai bồ hay nyc mà vẫn qtam,ll cũng khon nạn🫤",gian_du,buon,0.040059544,0.19557965,,True
3320,nước ngoài cái gì cũng to kể cả sinh vật,lo_au,trung_tinh,0.03781392,0.19566622,,True
6354,"học dốt , da ngăm thì tự ti lắm..^^",that_vong,hy_vong,0.035443876,0.19598669,,True
8221,Phuoc Truong tưởng lẩu gà bến tre chứ?,vui,trung_tinh,0.02797013,0.19599715,,True
1019,đem người đó ra biển cho biển cuốn đi lun .. hihii,vui,hy_vong,0.10861328,0.19600856,,True
2145,Không có gì phải buồn hết Có thực lực thua mới buồn,hy_vong,buon,0.043617137,0.19608852,,True
6176,Cecilia Pham căng nhỉ,lo_au,trung_tinh,0.032669075,0.19647208,,True
9856,"chân ngắn như tao thêm combo mập nữa thì tao đéo nhaỷ đâu , tao thả mình trôi sông luôn cho lẹ 🙄",that_vong,gian_du,0.11956916,0.196587,,True
4875,nhớ lại ngày xưa,trung_tinh,buon,0.085343614,0.19663122,,True
3039,14 năm bên nhau chỉ vì một chút bồng bột mà đánh mất người vk yêu mình hết lòng 😭,that_vong,buon,0.15736797,0.19664687,,True
5808,Ngọc Bích Đỗ cuối tuần nhé mẹ,hy_vong,trung_tinh,0.12427771,0.19678882,,True
371,lỗi của lái tàu nhé,that_vong,trung_tinh,0.056407597,0.19688544,,True
8632,khi tắt đi mới thấy ngạt thở .,that_vong,lo_au,0.06444944,0.19707015,,True
330,"ngồi xa ra đụ mẹ mày :""))",gian_du,vui,0.07247476,0.19713664,,True
5566,"Tôi bị dính dấu hiệu 2,4,5 rồi",lo_au,trung_tinh,0.048112754,0.19727647,,True
3838,bài thi được điểm cao,vui,trung_tinh,0.07649575,0.19729105,,True
9226,"Em thích khóc một mình lúc tắm lắm vì như vậy không ai biết mình khóc và mình cũng có thể khóc nhiều hơn khóc ra tiếng mà không ai biết. Tắm xong , khóc xong rồi đi ngủ. Rồi một ngày mới bắt đầu, một cơ hội nữa dành cho mình tiếp tục cố gắng hoặc có thể khóc nữa. =))",trung_tinh,hy_vong,0.01552503,0.19738698,,True
8272,thế đừng ngại.,hy_vong,lo_au,0.016773198,0.19765183,,True
2042,không gì hơn ngoài tình thân,vui,trung_tinh,0.04044297,0.19766542,,True
8811,tất cả cùng không tính điểm . thế là xong :v,trung_tinh,vui,0.10125859,0.19781685,,True
536,Khổ thật sự khổ,that_vong,buon,0.123634376,0.19782564,,True
1388,Đi ỉa tôi cũng ngại 🤡,vui,lo_au,0.10118782,0.19802806,,True
1974,vô diện,trung_tinh,gian_du,0.07470878,0.19803819,,True
7233,một khi đã nghĩ thì ko bao giờ sai nên ko có gì mà phải hối hận,trung_tinh,buon,0.04646485,0.19806415,,True
9279,Lê Thị Cẩm Tú con mình mình tự đặt cho chắc hậy,trung_tinh,hy_vong,0.062077306,0.19807407,,True
6112,mặt mụn da đen thấp mập mặt lệch tự ti thì th nma t vẫn nghĩ mình kh xấu,that_vong,buon,0.14823872,0.19807762,,True
3053,Nhục chưa,gian_du,trung_tinh,0.057960995,0.19808462,,True
2632,"Lâu lâu chưa thấy anh Thành ra video mới, góc nhìn của a giúp e biết đến nhiều điều mới lạ hơn. Cũng như lối phân tích của anh siêuuuu hay❤",vui,hy_vong,0.1538167,0.19835219,,True
3774,Màn cầu hôn lãng mạn chưa đầy 24 giờ,vui,trung_tinh,0.027835598,0.19853914,,True
2948,sắp có nút vàng rồi chị,hy_vong,trung_tinh,0.08409145,0.19903672,,True
5410,mình ước rằng trong mỗi cuộc nói chuyện không có ai nhìn thấy mình,lo_au,hy_vong,0.025458504,0.19916505,,True
1929,"dm gì cũng bắt phải làm , phí thu vãi thì chả top1 nhân với chả viên",that_vong,gian_du,0.13582858,0.19933611,,True
2252,Đoàn Hương rồi cuối cùng có chịu thụt ít đất vô mở rộng ngõ không b.,that_vong,trung_tinh,0.0655553,0.20027587,,True
9426,áp lực tạo nên 👍,hy_vong,vui,0.1507123,0.20043427,,True
4389,"Hiện yaiye rất tự ti về khuôn mặt của mik,seok rổ rất nhìu,Nhờ những câu nói e đỡ chút đi",lo_au,buon,0.025656685,0.20111418,,True
7381,mình ngại mà ngta bảo mình chảnh chó,gian_du,lo_au,0.117196776,0.20138821,,True
8881,Kiếp người sao quá mong manh,buon,vui,0.07155719,0.20154276,,True
84,"đang tính đi nhổ răng khôn ( à quên , nó ngu chứ khôn đéo gì ..) nghe được cảnh báo này chắc không dám đi nhổ luôn .",lo_au,gian_du,0.11839899,0.20165747,,True
3112,Mọi thứ thật mệt nhưng chúng ta phải cố gắng,lo_au,hy_vong,0.03381201,0.20178336,,True
940,"Mik giao tiếp kém lắm với lại ngại nữa , tự ti với giọng nói🥺",lo_au,buon,0.13982598,0.20180207,,True
8131,"Khoan đã, anh nghe em giải thích đã, mọi chuyện không như anh nghĩ đâu",lo_au,hy_vong,0.06335919,0.20207393,,True
7193,thu thập mọi thông tin về đối tượng .. luôn đặt trái tim vào trạng thái .. chiến đấu 😖,lo_au,that_vong,0.07184675,0.20209193,,True
3905,lâu rồi mới thấy anh Thành lên lại video hóng đợi mãi và chúc anh có nhiều sức khoẻ ạ,vui,hy_vong,0.13683824,0.20214328,,True
5922,ngày xưa mừn cũng hay thế lắm .,trung_tinh,vui,0.10989983,0.20235887,,True
2705,"Dm con điên, chồng con rồi còn lăng loàn rồi hại chết ng khác, thương nhất là chị gái đang mang bầu í. 🤧",gian_du,lo_au,0.06149065,0.20239368,,True
3911,sở khanh như boss chịu liền .. đẹp trai quá trời ui,hy_vong,vui,0.062103443,0.20250022,,True
4299,không biết s chứ ngày lúc 17t tao đi phục vụ phòng karaoke ... mình tao 2 phòng chạy qua chạy lại mệt quá vì xỉn ... . thế là tao nghỉ trong ngày đầu vào phục vụ karaoke .,gian_du,lo_au,0.037932023,0.20261341,,True
1316,dụ đấy ... đừng tin,gian_du,trung_tinh,0.06536392,0.2026965,,True
1392,Về nhà trùm chăn mà khóc. Không kiểm soát được tới mức bĩnh ra giữa lớp thì yếu thật,buon,lo_au,0.031197242,0.20275056,,True
648,con dang yêuc qua ha,hy_vong,vui,0.07437752,0.20294574,,True
7345,mai thi xong tao sẽ mang đống đề cương đi bán cho đỡ ghét,that_vong,hy_vong,0.045634802,0.2030288,,True
4473,16 tỷ mà giúp những hoàn cảnh zay thấy đáng hơn,hy_vong,vui,0.12863295,0.20330366,,True
2077,Tôi đã xác định làm gì thì không bao giờ hối hận,trung_tinh,buon,0.029510677,0.20332816,,True
3206,"thật là romantic , mà mà mà ... sao nghĩ tới cảnh động phòng hoa chúc tao thấy nhột nhột lỗ đít 😧😧",gian_du,vui,0.028599279,0.20359349,,True
1192,đứa nào nhây hơn đứa đấy thắng,vui,trung_tinh,0.09201269,0.20373112,,True
3952,mười mấy năm nữa tao cũng sẽ đạt kỉ lục thôi 😂😂😂,hy_vong,vui,0.16205469,0.20379072,,True
2096,Tôi chỉ hận mình thôi..hận mình rời đi nhung hk quên được quá khứ..hối hận khi mình hk thể mỡ lòng yêu ai..cứ bị quá khứ ám ảnh..,lo_au,buon,0.1146221,0.20383018,,True
7235,Ngân Hà ấy tt ko nhận nha,that_vong,trung_tinh,0.047808144,0.20399302,,True
8056,"bởi tầm nhìn nghề ngiệp quan trọng lắm ,học nghề đi các bạn,học cho có nghề thủ thân ,còn trẻ đừng làm lao động chân tay nữa",hy_vong,gian_du,0.086287886,0.20403904,,True
7614,s không để tới lúc chết rồi thêm kỷ lục xác chết có móng tay dài nhất,gian_du,that_vong,0.09046979,0.20406634,,True
2514,Phùng Ngọc Toàn nói thế cộng đồng lẩu gà bình thuận cắn đấy ông,lo_au,gian_du,0.030732565,0.20430556,,True
1454,"chạy tới đưa đồ cho nó , trượt chân té sấp mặt luôn",trung_tinh,lo_au,0.05465721,0.2044048,,True
5287,trông tội quá,lo_au,buon,0.09231727,0.2044231,,True
3265,"per bởi , đéo dám tán ai hay tỏ tình",lo_au,gian_du,0.10542448,0.20442373,,True
6759,Níu có camera thì t cũng đi trình để đc trả tự do,gian_du,hy_vong,0.055477142,0.20465791,,True
4840,"Tại sao ngủ ngay sau khi ăn tối, sau đấy thức dậy vào khoảng 9h 10h tối, có 1 cảm giác hưng phấn khó tả. Hầu hết lần nào cũng vậy, có ai giống tôi không?",vui,lo_au,0.021942206,0.20473194,,True
6493,em mong chỗ tiền anh kiếm được không bị vợ giữ nốt 🤣,hy_vong,vui,0.15887277,0.20488173,,True
7698,Trà My lạo nhứt đội 4 đó à văn thơ k ai qua,trung_tinh,gian_du,0.06553083,0.20504233,,True
8589,"đối với tao , đã làm thì không hối hận 😌😌",vui,buon,0.0292927,0.2051419,label_theo_icon_pos,True
3173,có nên bỏ fan một người ko,that_vong,trung_tinh,0.06177811,0.20514408,,True
4558,Mấy lần mình uống cũng tí thì hóc trân châu :((,lo_au,that_vong,0.062458217,0.20525771,,True
967,"khuôn mặt ngây thơ vô số tội , trái tim nhỏ bé của tao sao chịu được ❤❤❤",hy_vong,vui,0.10243326,0.20546103,,True
2713,Nghe mà muốn khóc .Vào bình viện mà nghèo là buồn lắm .,that_vong,buon,0.10335823,0.20551628,,True
328,chẳng biết nói gì . xem video em cười suốt mà lòng tôi không thấy vui tẹo nào . thương em,lo_au,buon,0.050362106,0.20560816,,True
10121,bật lưu dc ko ạ,hy_vong,trung_tinh,0.090989776,0.20565853,,True
6983,tao cũng hao mòn nhan sắc như này,that_vong,hy_vong,0.0381149,0.20587856,,True
7253,Tông ng ta mất còn nó thì còn sống sao đời bất công quá z.,that_vong,gian_du,0.14684956,0.20596534,,True
4644,Đau buồn đến nỗi bỏ luôn phim khi Glenn chết.,that_vong,buon,0.17428441,0.20601723,,True
4290,lúc thì cuốc đất è cổ ra không có giun mà câu cá 😒,that_vong,gian_du,0.116581894,0.20606428,,True
8740,Hân Hân buồn vì con sâu róm chui vào quần,lo_au,buon,0.03850307,0.20622528,,True
1824,per đồng nghiệp không tốt ta có thể bị chửi và ăn đòn từ sáng đến tối 🙄,lo_au,gian_du,0.048586324,0.20631832,,True
6105,Út Bo Hung Bội Ngọc đọc đi,hy_vong,trung_tinh,0.1004608,0.20688409,,True
4342,per : để tao xem chúng mày hạnh phúc được bao lâu 😌,trung_tinh,hy_vong,0.050274722,0.2069357,,True
3069,Nợ nần tiền bạc trước h điều lo làm việc thật chăm chỉ gia đình chăn nuôi thô lỗ thành ra nợ nần mối tình 3 năm vừa mới ct h như muốn sụp đổ vậy hok biết phải làm như thế nào luôn,lo_au,that_vong,0.052830283,0.20695141,,True
5041,Châu Hải Yến chính nó!!,vui,trung_tinh,0.06795206,0.20744216,,True
9974,Ui h em cũng đang là sinh viên năm 2 FTU và cũng là đứa dốt nhất lớp,that_vong,vui,0.05873675,0.20751908,,True
7836,Dcm mồm thằng đàn ông nào cũng bảo a k đánh phụ nữ đâu Dcm xem có một cái vde gì đấy có đánh k đừng nói qua mồm rồi tay vẫn làm hèn lắm khuyên các chị em đi học võ boxing để tự vệ cho bản thân kể cả thằng ck nó có đánh mik mik đánh lại thì nó đéo dám đánh mik lần 2,lo_au,gian_du,0.047706887,0.20795378,,True
8468,đừng ai lấy cả hộp kẹp của anh ý nhé :(((,lo_au,that_vong,0.047459748,0.20808259,,True
1941,bọn hại người không gươm không dao . bọn tiêu diệt nguồn lực tương lai của dân tộc . nên đưa tội thực phẩm bẩn vào khung tử hình đi . mong nhà nước thay đổi một số luật định đi .,hy_vong,gian_du,0.031629063,0.20824456,,True
1747,Mai vẫn vậy,that_vong,trung_tinh,0.06320886,0.20833784,,True
692,Mong mạnh thường quân giúp đỡ cho người dân vùng núi nghèo khổ đáng thương à,hy_vong,buon,0.095896855,0.20839015,,True
6110,Có phải fb này đánh ngừoi ko,gian_du,trung_tinh,0.037519228,0.20866355,,True
2043,@Gia Đạt là hối hận dữ chuauw,trung_tinh,buon,0.073632486,0.20915696,,True
4421,Mọi video của anh rất hayyyyy thật sự hay lun á nhưng mà em góp ý xíu là mình chèn ít qc thôi ạ kiểu đang tập trung mà gặp qc khiến em bị mất tập trung vô video của anh á ❤,gian_du,hy_vong,0.01078308,0.20929354,,True
7149,🙏🏻🙏🏻🙏🏻👍👍👍 Long tốt ở đay chu đau mn 🙏🏻,hy_vong,buon,0.09757096,0.20940223,,True
9411,Tối nghiệp các anh quá,lo_au,buon,0.12636743,0.20973927,,True
6478,Chúc 2 phi công bình an vô sự.đừng có điều sấu sảy ra,lo_au,hy_vong,0.054854825,0.20983726,,True
1193,Chúc a sớm siêu thoát,buon,hy_vong,0.090996265,0.20996585,,True
868,"M cũng đã từng làm thợ máy...khá ít đồng nghiệp như này😢 <br>Ốc kém, ren lỗi cũng ít ktv đề cao và báo để khắc phục mà ít thường bỏ qua! Thợ bây giờ thích nhanh và đảm bảo bề mặt chứ tận tâm ít lắm...<br>Tất nhiên cơ sở càng chuẩn càng nhiều khâu kiểm tra thì càng đỡ! <br>Như hồi xưa nhiều bác thợ đúng kiểu yêu nghề làm rất có tâm.",that_vong,hy_vong,0.118039645,0.20996916,,True
2837,Tệ thật! Nhưng phải cố thôi 🥺,that_vong,buon,0.17304733,0.21031475,,True
4127,sống nay cht mai v khỏi lo☺️,hy_vong,lo_au,0.028968852,0.2103385,,True
5349,😑 con trai chỉ thích gái lùn thôi . tao biết mà . nhưng cô gái cao như tao đi cạnh sẽ giống 2 thằng đàn ông lắm,that_vong,gian_du,0.14583564,0.21048152,,True
5421,"Trong các giấc mơ thì giấc mơ đi ""D .A .I "" luôn thành hiện thực",vui,hy_vong,0.11755098,0.21049026,,True
3293,Thu Thùy cho bơ uống trà sữa ít thôi,lo_au,trung_tinh,0.061081275,0.21050787,,True
783,MU thua x mấy lần nỗi buồn. Buồn hết tuần sau luôn,that_vong,buon,0.17611517,0.21074685,,True
5643,t mà bị như này thì chắc tao chết luôn c ạ per,that_vong,lo_au,0.10288733,0.21087253,,True
8622,"Bài thơ đọc nghe xàm nách, nhiều bài thơ ngày xưa hay và ý nghĩa biết bao, năm nào cũng xuất bản mới mới riết chán luôn",that_vong,vui,0.071369104,0.21104169,,True
3084,Gia Vỹ Nghỉ đặt đơn chứ?,hy_vong,trung_tinh,0.07823176,0.21120259,,True
6418,khi nào mới tìm được phim hay như này,that_vong,hy_vong,0.030245304,0.21122772,,True
618,Trịnh Bảo Ngọc k xem cũng biết win r,vui,trung_tinh,0.035069585,0.2113924,,True
2634,per huhu nhất là mấy bài không cho chất thử á :(,gian_du,that_vong,0.033109635,0.2114988,,True
4600,ai chả có nét đẹp riêng chỉ là bạn chưa biết khai thác nó đúng cách thoi,hy_vong,trung_tinh,0.065966636,0.21154803,,True
250,Nè ck. Nay thôi nhé Hiếu Hà,lo_au,trung_tinh,0.015683362,0.21156636,,True
8543,xem lâu rồi giờ xem lại vẫn buồn cười,vui,buon,0.009178928,0.21163616,,True
9083,Xem song rơi nc mắt và thầm nghĩ rằng giá mà a trau nhà minh kug tc nv có phải vui bít bao,that_vong,buon,0.11205685,0.2118057,,True
846,"Minh Phương bố giỏi, mẹ giỏi, thì gần như con đẻ ra cũng có tài. con đẻ ra ít nhiều cũng thông minh sẵn + thêm dạy bảo nữa thì ko giỏi hơi phí nhỉ.",hy_vong,gian_du,0.055675447,0.21196255,,True
8039,per tiến cử bản thân nào,vui,trung_tinh,0.07677468,0.21215159,,True
3695,Huỳnh Phương Linh sầu,buon,trung_tinh,0.032069247,0.21229935,,True
991,nếu diễn viên chính trẻ hơn đẹp hơn đang yêuc hơn thì mình sẽ xem haizz,that_vong,hy_vong,0.0365925,0.21244392,,True
1571,ngại tht nhiều lúc cứ hỏi sao mình xấu thế [写真],buon,lo_au,0.09198534,0.21256062,,True
5375,per chuẩn . gọi công an cho lành . cãi cộ chẳng may sửng cồ lên không kìm được phang vào xe nó lại mệt ??,lo_au,gian_du,0.14389248,0.21258876,,True
6100,Ngip trả thôi,gian_du,trung_tinh,0.060560774,0.21299413,,True
5404,tao là thằng chưa bao giờ giận người yêu vì người yêu tao không bao giờ làm gì có lỗi hết,vui,that_vong,0.018016635,0.21330425,,True
8509,Nguyễn Thị Mai Trinh vào xác nhận koii,hy_vong,trung_tinh,0.07692269,0.21334755,,True
3553,Hân Ngọc Bảo Nguyễn thiệt luôn á .,that_vong,trung_tinh,0.03850844,0.21347386,,True
725,"😭😭 đấy, có cái quán bún riu mới mở cạnh quán bún sườn ruột. Không dám sang ăn thử mà phải nhờ mua về nhà (và nó dở như hạch) Từ đó tôi đã không còn yêu ai ngoài quán bún sườn = ))))))))",that_vong,vui,0.07812337,0.21355554,,True
7588,1 hình này thấy từ sáng đến giờ trên mấy page rồi 😑😑,trung_tinh,that_vong,0.08591494,0.21362233,,True
9644,hơi lạ nhỉ phải nhắn lại cho khách chứ grab thế này bị hủy chuyến làm sao,that_vong,gian_du,0.104370594,0.21363461,,True
3558,phim hay từng chi tiết . nếu bạn tập trung xem để ý và hiểu từng chi tiết thì bạn sẽ nể phục những người làm phim biết chừng nào .,vui,hy_vong,0.139389,0.21367669,,True
4116,Cuộc sống ngắn ngủi quá!,that_vong,buon,0.084511995,0.21375903,,True
8124,per nghe đi rồi khóc 1 trận cho thoải mái . đừng cố gồng mình lên nữa,buon,hy_vong,0.088398874,0.21391883,,True
258,nếu là tao thì nhảy cẩng lên chuẩn mẹ rồi má nhìn trong hình tưởng ma thật ở ngoài đéo biết như lào luôn ớ,lo_au,gian_du,0.121957175,0.21398988,,True
7042,tao cũng phải về mở cho mẹ tao coi 😂😂,hy_vong,vui,0.16696507,0.21405962,,True
2861,Vương Bích Trân 6 vãi,gian_du,trung_tinh,0.075063504,0.21417645,,True
1501,"Thương các con , sau này mong các mẹ chọn mái ấm uy tín hơn, để không tổn thương các con 😢",that_vong,buon,0.16271752,0.21423298,,True
6799,"thôi xong nhá , mấy đứa mà xác định làm răng cả đời thì ... tập xác định",that_vong,gian_du,0.12234308,0.21427256,,True
8682,cai lo xô tôi đang xài mỗi ngày,trung_tinh,lo_au,0.048711076,0.21428615,,True
3168,thấy bạn thân chơi với người khác làm mọi người ơi thất vọng toàn tập 🥀,that_vong,vui,0.066283256,0.21452975,,True
2533,chắc chắn bố của bạn này là một người vui tính chứ không phải khó tính . khiếu khôi hài bạn ấy ảnh hưởng từ bố .,trung_tinh,gian_du,0.10618421,0.2145775,,True
688,cả 2 đứa đều trẻ con . yêu đương kiểu này thì lsao mà tính chuyện lâu dài được,that_vong,gian_du,0.14073335,0.21475586,,True
5020,"ôi dume giật nảy mình , tí thì rơi điện thoại",gian_du,lo_au,0.04572289,0.21488056,,True
8946,giữa dòng đời này chắc mỗi mình mình xin list nhạc :3,trung_tinh,hy_vong,0.020495305,0.21541035,,True
7075,tao dễ thương nhưng vẫn ế đây này mơ mộng ít thôi,that_vong,hy_vong,0.07949752,0.21551794,,True
4244,10đ không có nhưng. Tự hào thật❤️🇻🇳❤️,vui,hy_vong,0.16589296,0.21589568,,True
8023,May May con dao 2 lưỡi biết sao mà lần,that_vong,gian_du,0.13087042,0.21598768,,True
6985,đang cười vl xong nhận ra răng mình xấu tự nhiên câm luôn. Rồi về nhà nhớ đến mình làm mấy cái mà chỉ người đẹp trai mới đc làm thì nhục vcl,buon,gian_du,0.044164937,0.2160503,,True
8458,mỗi năm cũng xem lại đôi lần,trung_tinh,buon,0.027881304,0.21623999,,True
4435,per giảm tốc kìa,lo_au,trung_tinh,0.052913137,0.21634561,,True
1953,tối ngày t cứ bị stress vì kinh tế thật.nhưng xem nhiều ng như này t thấy t còn may mắn lắm.cảm ơn cuộc đời đã nhẹ nhàn với tôi,hy_vong,buon,0.11624633,0.2163837,,True
2589,Cho ah loi khuyên voi em oi.Ah dan gap be tắc trong cuộc sống. Sdt ah 0387067960,that_vong,hy_vong,0.05161734,0.21649587,,True
7388,"Quang Thế có ghi làm bảo vệ siêu thị kìa b , ở phan thiết có 2 cái siêu thị th nên ghi v khác j ghi rõ địa chỉ đâu",lo_au,trung_tinh,0.06157073,0.21664044,,True
6819,Bon Bình cho nhím ăn trân châh cẩn thận nầy,lo_au,gian_du,0.04414188,0.21679533,,True
8613,"Có thể là , trong sự thất vọng tột cùng về người vợ , anh ấy đã nhận ra mình may mắn khi thoát khỏi cuộc hôn nhân khủng khiếp này . Nên có hành động cúi lạy như cảm ơn .",that_vong,hy_vong,0.055110544,0.2168256,,True
8388,em là trẻ con cưng chiều và khi a ta gẫy nên e sẽ bỏ hắn đi theo thằng khác hoặc nhanh nhanh cặp bồ hoặc ly dị chia gấp tài sản để dc sống trẻ con,trung_tinh,hy_vong,0.071887925,0.2169058,,True
4032,Nhi Little đúng là đời,that_vong,trung_tinh,0.036640458,0.21696225,,True
2994,"Đời còn dài, gái còn nhiều.",hy_vong,trung_tinh,0.03643921,0.2170499,,True
5812,phê thật . cái tai nó đang thâm đen xì lấy ra hết lại trắng hồng luôn,vui,lo_au,0.107508406,0.21715447,,True
9417,"Tôi hối hận vì sự tự cho rằng mình làm điều mk nghĩ là đúng, đánh giá quá cao bản thân😞",that_vong,buon,0.1847128,0.21768641,,True
2474,"Trần Mạnh Tùng ê đúng nha. T vào acc phụ cmt vì ng t quen biết cũng vậy nè. Nhà đầu ngõ xong k chịu đóng góp làm đường. Sau này xây dựng phía sau nhà, dân trong ngõ họ k cho đi đường đó kiện cáo nhau um sùm. Nhưng cuối cùng vẫn thuê 1đội chục ae to cao xăm trổ bảo kê nên vẫn xây dựng dc như thường 🥹",that_vong,gian_du,0.156561,0.21772632,,True
1737,"nhiều kỷ niệm đẹp , giờ nhìn mấy đứa nhóc đi học mà muốn quay về quá khứ .",hy_vong,buon,0.028912656,0.21793228,,True
9161,đúng là càng ngày càng chán . cứ theo luật mà làm thì chán cực kỳ luôn,that_vong,gian_du,0.1285034,0.21809545,,True
1254,per bị chữi thì ráng nghe mà vui đi nghe . cứ như nghe hát miễn phí 🤣🤣 còn bị chữi là còn hạnh phúc . nguoi ngoài ngọt ngào nhưng chắc gì đã thật lòng đâu,hy_vong,vui,0.15133901,0.21817869,,True
832,3 thằng ngốc . xem ý nghĩa lắm,hy_vong,vui,0.05951639,0.218362,,True
1223,"lớp 2 xí mót được cái chong chóng , bán lại cho thằng hàng xóm 500d .",vui,that_vong,0.024509696,0.21837595,,True
308,"Trên 30 chenh vênh là do đoạn 2x ko cbi, bạn nào lỡ rồi thì thôi, hoan hỉ cố gắng lại, tầm này r ko than vãn ra tiền dc đâu 🥵🥵🥵",trung_tinh,hy_vong,0.048338052,0.21852368,,True
4598,muốn được đi một lần 😆😆😆,hy_vong,vui,0.18405665,0.21868923,,True
2885,Đợt này trơi k mưa nhma van bun,buon,trung_tinh,0.055534784,0.21878439,,True
8060,Đoàn Thanh Hùng chủan ko để bán vàng chốt lãi,hy_vong,gian_du,0.024524089,0.21892762,,True
8345,tu ti vi có mun 🤩,hy_vong,vui,0.1692643,0.2191546,,True
8079,tao toàn bạn gái mà sao vẫn tưng tửng nhể ???,that_vong,vui,0.055194203,0.21915656,,True
905,hối hận là nghe lời cha mẹ lấy vợ nghe theo xắp đặt rồi ly hôn lỡ dở 1 đời giờ đến với ai cũng trắc trở quá khứ đã từng ly hôn 😮‍💨,that_vong,buon,0.14740577,0.21932834,,True
88,Kiện đi bạn,hy_vong,trung_tinh,0.12560114,0.21946973,,True
9371,vậy mà củng chẳng hút được khách !,that_vong,gian_du,0.08918281,0.21949771,,True
9014,Bài thơ nhảm nhí,that_vong,gian_du,0.09460229,0.21968678,,True
2822,chia tay đi bạn,gian_du,trung_tinh,0.018479936,0.2198213,,True
3841,@simondalat Hẹn gặp Thầy live tối nay ạ 🌹,vui,hy_vong,0.17656131,0.21985757,,True
9952,Một ngày ngu biết bao hậu quả xảy ra,that_vong,gian_du,0.140756,0.22022408,,True
4713,Còn người là còn của !,hy_vong,trung_tinh,0.04248786,0.22029215,,True
64,per lại lật nữa hả,gian_du,trung_tinh,0.08113226,0.22039634,,True
5429,"Nguyễn Quỳnh Chi ko rõ tâm tư, không thấu nổi hồng trần",that_vong,trung_tinh,0.09668287,0.22039843,,True
2143,"T thì cs nội mà ko chịu thương, hay cáu gắt, đến mất nội đi r mới hối hận ms bt cái cảm giác ân hận và tự trách banthan nó đâu như nào, thương nội lắm ,do con ko tốt, xl nội 😕😞ân hận",that_vong,buon,0.18219051,0.2204572,,True
9148,tôi chẳng hối hận cái gì cả.... hối hận là mình quá tin người.... hối hận là mình quá lụy tình.... càng cố gắng cho người khác mình càng ôm đắng cay.....,that_vong,buon,0.15386672,0.22050163,,True
4132,nhưng nó lại đéo thích :>,that_vong,vui,0.07114306,0.22061133,,True
3594,Thường gặp mấy đứa trẻ như này mình chỉ cho ăn cho uống chứ không cho tiền.,trung_tinh,gian_du,0.05953836,0.22064453,,True
4704,Tuan Anh Pham chuẩn là phải cmt à,gian_du,trung_tinh,0.13790849,0.2208215,,True
3969,mày làm anh tao hơi lâu rồi đấy,gian_du,trung_tinh,0.050566923,0.22085634,,True
4642,bạn thân t nhưng cx vì thế lên mới chơi với nhau,trung_tinh,buon,0.08415652,0.22097659,,True
7218,Kim Ngân những thiên thần nhỏ và ÁC QUỶ,gian_du,trung_tinh,0.01832732,0.22101173,,True
5675,Này lên phường tặng 2 quyển tập thì tuyệt,vui,trung_tinh,0.07381296,0.22122484,,True
8075,xác minh lẹ cty ơi,gian_du,hy_vong,0.032178015,0.22127658,,True
5661,Giang để tay bo chưa chắc thằng ô tô ăn dc xe máy đâu.Nhìn nó nhanh nhẹn vl,vui,gian_du,0.023812808,0.22146195,,True
7033,"Đủ tuổi đi tù rồi, phải chịu trách nhiệm hình sự thôi chứ. Giờ hối cũng chẳng kịp",that_vong,gian_du,0.13932543,0.22171104,,True
7278,Mạng lag lúc đang chơi game,gian_du,trung_tinh,0.023333913,0.22173357,,True
6803,Bác tài 100 điểm,vui,trung_tinh,0.1331756,0.22175744,,True
4497,mặt mụn khiến t ngày càng ngại giao tiếp vs mn ko dám nhìn thẳng vào mn khi nch luôn pk đeo ktrang ms dám ra ngoài 😞,that_vong,lo_au,0.122284025,0.22178036,,True
3679,"tự nhiên chơi với con trai cái bị kêu không đàng quàng , con gái gì kỳ vậy , lại còn nhiều bồ , đi với ai cũng nghĩ là bồ . mệt thiệt chứ",that_vong,gian_du,0.08374333,0.22180003,,True
3754,Trần Dinh Kini nãy nó quay qua nhìn kini nên leo dc. Giờ nó nhìn thẳng thì hết leo..,trung_tinh,lo_au,0.030173674,0.22217047,,True
2938,những người thương tôi không phải buồn vì tôi mà là tự hào vì tôi,vui,buon,0.042933278,0.22236681,,True
6872,Tôi lại tìm đến wed 5 ngày,trung_tinh,buon,0.03851584,0.22253889,,True
7671,sao đúng bài mày kết vậy 🙁🙁🙁,trung_tinh,that_vong,0.02338368,0.22269645,,True
9247,ap luc☺️,lo_au,trung_tinh,0.042768307,0.2227053,,True
190,Trọng Nguyễn thiệt á chứ . nó ghim rồi thì đồng bọn nó dễ gì bỏ qua cho a grap,lo_au,gian_du,0.05399683,0.22277105,,True
622,nhìn một cái rồi quay đi là thấy mãn nguyện rồi .,vui,that_vong,0.01766846,0.22278243,,True
7165,Tự nhiên đọc cái bài suyy nganggg,gian_du,vui,0.016716596,0.22278327,,True
6678,Thanks chú ạ dạo này quá stresss,lo_au,buon,0.038169242,0.22287413,,True
7894,"có bài hát "" cuộc đời vẫn đẹp sao , tình yêu vẫn đẹp sao """,hy_vong,vui,0.15873651,0.222969,,True
5087,đúng là không thể chấp nhận được,gian_du,trung_tinh,0.06780905,0.2229937,,True
2210,Dung Nguyen nếu nói kinh khung. Nhưng lại là thời gian vô tư thoải mái mất vô lo vô nghĩ. Cuộc sống ko toan tính như bây giơ,buon,lo_au,0.09332021,0.22309089,,True
4684,đây là một câu chuyện buồn 🙁,that_vong,buon,0.17227635,0.22312862,,True
2557,ae phục vụ ngày xưa của mình đâu rồi . sao thấy thương bạn này,buon,trung_tinh,0.016823433,0.22352645,,True
9192,"Phạm Duyên là khi bản thân gặp quá nhiều thất bại, áp lực về lứa tuổi, dẫn đến bản thân cảm thấy bản thân là một gánh nặng sẽ ảnh hưởng đến người khác. Nên họ 44 á",that_vong,lo_au,0.112138405,0.22357714,,True
4088,Tội lỗi lớn nhất của đời người là bất hiếu.,gian_du,buon,0.050794017,0.22359622,,True
4884,Phan Thế Anh vì anh chơi chưa đủ liều đó ạ,that_vong,trung_tinh,0.06575203,0.22367474,,True
2462,Chuột Còi Xương đồng ý là tuổi ăn tuổi học..nhưng mà ai lo.miếg cơm manh áo cả thôi..ơt sg trẻ em như vậy rất nhiều.mày cho tiền đi..toàn các thánh onl,that_vong,gian_du,0.1387547,0.22386473,,True
1235,Hạnh Sino có tiền cũng ko mua được tuổi thơ m nhỉ,buon,trung_tinh,0.025555486,0.22393891,,True
9629,cảm ơn các anh chị báo chí phóng viên đã đưa tin . mong cơ quan chức năng hãy làm thật nghiêm . thật mạnh tay vụ này . đến khổ mấy đứa nhỏ . mưa rét thế này . càng nghĩ càng tức .,gian_du,hy_vong,0.05831519,0.22406486,,True
8756,"Ba mẹ em như đách người ta , chèn ép em vào đường cùng và kỳ thị em , bắt em làm việc cực lực em ước sẽ mạnh mẽ thông minh như chị",that_vong,hy_vong,0.09015727,0.22408506,,True
9825,anh đừng bỏ em đi mà 😢,lo_au,buon,0.043099556,0.22415051,,True
4619,nguyễn thị hồng phấn cũng may tao không thấy cặp nao hêtd,buon,vui,0.00820671,0.2241953,,True
8411,sự thật thì cố suy nghĩ vui vẻ hạnh phúc mà trong túi không có tiền chỉ sợ đất cũng không có mà ăn,that_vong,lo_au,0.07733486,0.2245251,,True
9790,tiến lên(miền nam),hy_vong,trung_tinh,0.12353893,0.22473454,,True
2366,Huyền Leo chỗ nào cũng hiện hồn,gian_du,trung_tinh,0.09752823,0.22474793,,True
5358,Tận cùng của sự khinh bỉ !tội cho hai mẹ con 😢,gian_du,buon,0.07752924,0.2247923,,True
3747,ĐỪng vào,lo_au,trung_tinh,0.04821333,0.22492737,,True
7045,đang đi đường thì bị tạt nước 💢,gian_du,lo_au,0.11414203,0.2249409,,True
5916,cũng tên quỳnh nhưng 2 số phận thật khác nhau 😢( chỉ mong được 1 góc nhỏ xiu xíu của b ),that_vong,buon,0.19556114,0.2251392,,True
9922,Chúc mừng anh đã bình an trở về.,vui,hy_vong,0.09465352,0.22516799,,True
1832,Thằng dốt,gian_du,trung_tinh,0.05965267,0.22518894,,True
1688,"gặp cái này "" sun "" mẹ nó vào ...",lo_au,gian_du,0.069482066,0.22566402,,True
8423,cao quá cũng khổ chứ sung sướng đéo gì 😓,gian_du,that_vong,0.10390445,0.22568169,label_theo_icon_neg,True
3929,bà chủ tịch giả mang thai và cái kết,that_vong,vui,0.07068685,0.22570652,,True
866,Cuộc sống lúc vui lúc buồn mà,trung_tinh,buon,0.047381155,0.22606415,,True
6850,"Thơ hay quá, đọc xong muốn đánh nhau hơn",gian_du,vui,0.02592165,0.2260707,,True
1063,"mik cx vậy bạn ạ,nhx mọi người và gia đình vứ bảo mik thái độ,nhiều khi cx muốn đc tự tin nhưng mik lại bị tự ti",lo_au,hy_vong,0.0725108,0.22621375,,True
5127,Mun xem ge😋🥹,hy_vong,vui,0.16303079,0.2263898,,True
8761,đó căn bản chỉ là phép lịch sự tối thiếu thôi,that_vong,trung_tinh,0.07921068,0.22649351,,True
7528,mặc dù mình nhìn chỉ bình thường thôi nhưng mà mình vẫn yêu bản thân mình,vui,hy_vong,0.09018654,0.22661093,,True
1283,"Quân Ngô lúc dạy học thì tình cảm đi xuống, dạy xong tình cảm đi lên :>",trung_tinh,hy_vong,0.05276442,0.22662053,,True
5612,"Để dành đi comment dạo công nhận, càng hiền ngta càng làm tới. Thế nên bây giờ không biết bảo vệ chính mình thì chúng nó trèo lên đầu lên cổ mình ấy",that_vong,gian_du,0.13307537,0.22664568,,True
1374,Mong FAP TV đưa câu chuyện này dựng lên thành 1 tập phim nhỏ hài hước ạ😂,hy_vong,vui,0.19160704,0.2267535,,True
4735,không lo chạy bo đi còn tạo sấm sét doạ người lứa,lo_au,gian_du,0.15253425,0.22703868,,True
8733,tôi yêu con người và đất nước của tôi 🇻🇳,vui,buon,0.075925216,0.22716537,,True
8273,thanh xuân là để bỏ lỡ 😔,trung_tinh,buon,0.039006475,0.22725263,,True
753,Chúc anh nhiều sức khoẻ,vui,hy_vong,0.1610798,0.22725731,,True
3165,ad ko nên để ảnh vs tên năm sinh của ảnh dễ bị trả thù lắm,lo_au,gian_du,0.06883913,0.22763664,,True
7486,nói nhiều cười nhiều để che vết xước bên trong,buon,hy_vong,0.056593478,0.22775081,,True
8650,@TvNhinhi thứ 7 an yên quá bạn nhỉ,vui,hy_vong,0.1797269,0.22779042,,True
2154,Gần 30 rồi 🥺🥺,lo_au,buon,0.04282951,0.22784299,,True
1919,"per anh không nặn đi , mai mốt nó sẽ chaii dầy nè",lo_au,hy_vong,0.02755727,0.22796333,,True
9145,Ngân Mực trời hận thù dì mà dữ dậy ko biết,lo_au,gian_du,0.091743335,0.22800288,,True
7268,ướp đông lạnh luôn à,trung_tinh,gian_du,0.0880803,0.22802034,,True
1491,quá đáng tiếc Lúc này đang trên cơ các bạn đã rất hay rồi K9 mid nó đỉnh lắm,that_vong,vui,0.117712654,0.22833034,,True
2923,Ơn trời! May mắn cứu được cánh tay con!,vui,hy_vong,0.092724204,0.22844988,,True
2761,Ko hối hận với những gì mình đã chọn😌,hy_vong,buon,0.12064527,0.22860062,label_theo_icon_pos,True
1746,Đọc thơ xong lại thơ thẩn,gian_du,buon,0.027849916,0.22885752,,True
5491,Da ngăm môi thâm răng ko đều.... cảm thấy tự ti đi rất nhiều...=(,that_vong,buon,0.1550813,0.22900796,,True
5885,per mã mẹ biết hôm qua quay video sớm hơn ự,buon,vui,0.09845572,0.22916096,,True
3845,"Minh Hồng bình thường, hiểu kiểu moi móc thì nó k ra gì, còn lại vẫn dạy",trung_tinh,gian_du,0.034966446,0.22961259,,True
9434,Thuỳ Dung cái bọn kiểu này đi đêm khuya mà chạy như bọn này sợ bỏ mẹ ra . Ghét vãi luôn . Mình chạy đàng hoàng gặp bọn ngáo đá này nó tông thì còn gì người . Nên bọn này không đáng bênh nhé 🙂.,lo_au,gian_du,0.17384087,0.22979787,,True
1715,Sao lại chỉ phạt có 17tr vậy 😨,that_vong,lo_au,0.13785939,0.22981149,,True
4459,đầu óc đến giờ vẫn còn nặng và đang né tránh mọi người .,lo_au,gian_du,0.14188594,0.22983852,,True
8420,"tuyệt vọng quá, trời mưa tự nhiên nhớ người yêu cũ 🥀",buon,vui,0.15894315,0.22985232,,True
7469,Cầu mong linh hồn chj đc siêu thoát,buon,hy_vong,0.13445272,0.22996494,,True
844,"sống trong một gia đình nhiều áp lực và lúc nào cũng chửi bới như vậy , tạo hóa đã ban tặng cho em bộ nhá khá là tươi để cân bằng cuộc sống",gian_du,hy_vong,0.009007732,0.23017952,,True
1876,"Bạn thân nhưng lại ko muốn ông bạn đặt vợ lên trên mình, mối quan hệ vi diệu thiệt :]]]]]]]]]]]]]]]]]]]]",that_vong,vui,0.04434294,0.2304759,,True
4144,năm nay vào quán net ngồi cho đỡ phải nhìn .....☺️,buon,vui,0.0155778,0.23052624,,True
9202,tự ti về làn da nhiều lúc chụp hình thấy mình rất nổi bật tại đen nhất 🙁,that_vong,buon,0.15771882,0.23057541,,True
6553,Chúc mừng ông. Hoà bình lập lại rồi,hy_vong,vui,0.1236847,0.23061302,,True
10094,Còn nhiều người tốt quá ❤️❤️❤️❤️,hy_vong,vui,0.15275735,0.23071402,,True
5164,mới chụp căn cước công dân xong nhìn mặt mình kiểu...😔,that_vong,buon,0.16646752,0.23074722,,True
3882,gãy tay,that_vong,trung_tinh,0.06287543,0.230899,,True
6821,"Học sinh như vậy phải cho đi trại giáo dưỡng, đó là mối nguy của xã hội rồi",lo_au,gian_du,0.083603896,0.23110989,,True
120,Căng thế nhỉ 🙄,lo_au,gian_du,0.059702914,0.23114651,,True
6391,Bạn chỉ dùng 1 câu sốc và hối hận để biện minh cho hành động của mình. Trong khi cô gái ấy còn k thể cất lên tiếng nói lời từ biệt cuối cùng vs người thân yêu cơ ☹️,gian_du,buon,0.01603751,0.23135614,,True
5482,"Đang lướt tik tok, chuyển sang fb đọc được bài này cái suy ngang",trung_tinh,lo_au,0.02814775,0.23139253,,True
8033,fan của nhà thờ đức bà paris vào cảm thông cái per,buon,gian_du,0.014640021,0.23156357,,True
9449,ừ mỗi lần thế lần buồn kinh lắm mày ạ,that_vong,buon,0.1934904,0.23163262,,True
9283,"Thôi, kiếm tiền mà sống đi :))",trung_tinh,vui,0.06721655,0.2316379,,True
7852,"per đi coi phim coi , hẹn quài luôn á",that_vong,vui,0.06725625,0.23166376,,True
2542,Nam Yến phải trường Tân Hồng không bay? Kaka,vui,trung_tinh,0.154399,0.2322275,,True
7387,"bị ám ảnh hồi bé đi nhổ răng , không dám đi nha sĩ nữa :((( huhu 😭😭",that_vong,lo_au,0.113815434,0.23229206,,True
2834,Thành công thành công phải thật thành công,hy_vong,trung_tinh,0.08067354,0.23233658,,True
1163,"Có ai giúp mình được không <br>Mấy ngày nay mình bị ám ảnh về người đồng tính, lúc nào cũng suy nghĩ về mấy cái đó, mình không thể kiểm soát giới tính của mình nữa mặc dù mình không hề muốn điều đó giống như mình có hai nhân cách trong một cơ thể vậy. Thực sự bây h mình rất cần sự giúp đỡ của mọi người. mình không muốn suy nghĩ gì về đồng tính nữa mà sao cái não nó hông nghe lời mình",hy_vong,lo_au,0.11530557,0.23245972,,True
6177,mau khoẻ nhé :d,vui,hy_vong,0.1636455,0.23259398,,True
9181,có nên kể mấy cái tiêu cực ko nhỉ ??,lo_au,trung_tinh,0.021899644,0.23265675,,True
9183,per biết phân biệt phải trái không vậy ??? và có biết đỗ như thế nào là đúng luật không ???,gian_du,trung_tinh,0.103671186,0.23274985,,True
1265,"Điên máu quá, đang đi đường thì bị tạt nước 🔥",gian_du,lo_au,0.12592769,0.23289576,,True
6002,"má gần nhà có nuôi 1 cặp ngày nào đi ngang nó nhìn thấy nó quay đầu bỏ chạy , con gì mà dữ thấy mẹ hà",lo_au,gian_du,0.15610625,0.2329933,,True
5510,nếu lái xe là dân đen thì thế nào chú . có dám đậu ở đóa không,lo_au,trung_tinh,0.07348381,0.23301435,,True
2911,Phía trước toàn là bóng tối,buon,trung_tinh,0.074058555,0.23331752,,True
4504,tôi từng là lính lăng bác nên tôi hiểu tự hào dân tộc là gì,vui,trung_tinh,0.09920812,0.2334064,,True
3418,"Không có gì phải sợ cả, con đường do mình chọn và mình chịu trách nhiệm với quyết định của mình, dù có quỳ nhất định mình phải đi cho hết!!!",hy_vong,lo_au,0.12665814,0.23344705,,True
6179,"per bất hạnh vãi , mà tao với mày đéo tạo được niềm vui",buon,gian_du,0.04515749,0.2334669,,True
9294,Mà grab hình như chỉ hồi có 80% à,that_vong,trung_tinh,0.08398012,0.2338886,,True
605,tôi đang ngủ mà ai cứ ăn chóp chép kế bên khó chịu thật !!!,gian_du,lo_au,0.068655565,0.23406553,,True
8328,lại mất tiền ngu,that_vong,gian_du,0.1273428,0.23410478,,True
4044,Khốn nạn vcc. Mình đi đẻ đau đẻ chấp nhận đẻ sống không nói làm gì vì sợ ko tiêm ko có biết cơn đau ko dặn đc. Xin tiêm tê bác sĩ nhất định ko tiêm nhưng đẻ xong có cảm ơn bác sĩ 2 triệu bác sĩ vừa khâu vừa tiêm tê cho luôn 3 mũi. Phòng khám thất đức thế mà tồn tại đc,gian_du,lo_au,0.104048364,0.23473483,,True
5459,kiểu gì chả chết ? đá to như kia thoát sao nổi ?,lo_au,gian_du,0.053848185,0.23483622,,True
521,trời ơi tốt quá,vui,buon,0.073449925,0.23484662,,True
3271,per chúc bạn may mắn,hy_vong,vui,0.17589244,0.23497945,,True
1527,thằng nào còn kêu khổ thì vào đây mà lấy động lực,hy_vong,gian_du,0.042716045,0.23503214,,True
10105,"Đăng Hoàng Thua pha combat 27:53 đúng bước ngoặt, team ko thống nhất. wukong vô bắt AD nó rùi lại bỏ quay ra bắt sp, sau rakan vs AD mình lại nhảy sang bắn AD nó mà Top còn tốc biến ko dồn hết vô bắt AD nó. Top đánh tướng damage mà ko có áp lực gì loay hoa loay hoay @@ Quyết đánh thì đánh hẳn đi ko thì lùi đánh cover thôi vì mid mất Flash rồi, team pha này mỗi ng 1 ý. Kiaya giải này tự dưng phong độ chán thế, vcs toàn gánh team cơ mà 🥲🥲 Có lợi thế mà để thua tiếc ghê, mặc dù đã làm rất tốt r🙁",that_vong,gian_du,0.14794362,0.2350882,,True
9345,cả tuổi trẻ bỏ công cày . có cơ ngơi ổn định . r về già con cháu đuổi ra đường bắt đầu 2 bàn tay trắng . đời,that_vong,hy_vong,0.1405988,0.23541063,,True
4841,"mik tự ti, cảm giác đi chung vs 1 đám bn đẹp ns lạ lẫm thật, như mik lạc vào 1 đàn thiên nga v, mỗi khi ng khác nhìn thẳng vào mặt mik, mik lại cố tránh né họ vì sợ họ đánh giá khuyết điểm của mik",buon,lo_au,0.13252743,0.23545092,,True
4513,Văn Phúc muốn đi coi,hy_vong,trung_tinh,0.11240542,0.23545203,,True
2197,"Người ngoài nói chuyện vui vẻ, gần gũi, ăn uống có nhau và ngược lại",that_vong,hy_vong,0.041531928,0.23556662,,True
5856,tình yêu thật nghiêm túc . thì nên bắt đầu . không phí thanh xuân một người con gái lắm !!,hy_vong,that_vong,0.07304145,0.23562413,,True
8264,"Không giúp gì được cho họ thì xem cứ lướt qua đừng nặng lời với họ , vì mình ko ở trong hoàn cảnh của họ nên đừng phát xét điều gì là tạo Phước lắm rồi ạ",trung_tinh,hy_vong,0.12956949,0.23578069,,True
7058,Việt Nam tuy diện tích bé nhưng vị trí địa lý toàn đắc địa.,vui,trung_tinh,0.121451646,0.23579413,,True
9906,thằng này đi sing học luật hay sao mà viết hay quá vậy ?,trung_tinh,gian_du,0.06823028,0.23582214,,True
592,Chang Chang khiếp,lo_au,trung_tinh,0.103619285,0.23606008,,True
935,Giang Lại Hương đừng cho Kem tự hút trân châu nữa,lo_au,trung_tinh,0.07849251,0.23622552,,True
2614,Ngọc Thảo dì ruột của cháu e vào đây mà đọc,buon,trung_tinh,0.02276516,0.23641467,,True
10063,"Đc da trắng nhưng mũi củ tỏi cười là cánh mũi trông to hơn nên mình hiếm khi cười,nhiều khi đi chung với đám bạn mũi thon mũi đẹp,nhan sắc đẹp mình tự ti qué,lạc loài giữa bầy thiên nga🥺",that_vong,buon,0.15842085,0.23647746,,True
6896,tao chắc chắn là cái sừng đã mọc,gian_du,trung_tinh,0.0323639,0.23654118,,True
5893,"thuyết âm mưu . nó đang muốn nhờ vả đấy , không nhờ được thì nó vả",vui,gian_du,0.04831701,0.23666537,,True
8607,bả kéo áo xuống là t vô đọc cmt liền 🥰,hy_vong,vui,0.19208288,0.23710722,,True
1081,Đang trách nhất vẫn là cô và nhà trường,gian_du,trung_tinh,0.060502123,0.2371471,,True
1047,"Phương Liên lại chả thế , Trump lên thì Việt Nam mình có dễ thở đâu mà đi ham",that_vong,gian_du,0.09071996,0.2375677,,True
4964,Biết bao giờ mới lành lại đây,that_vong,trung_tinh,0.11236436,0.23765525,,True
9233,"t nghe nói : đi tập gym sẽ có người yêu ...! awwww . điều đó không sai , điều đó là có thật 😂😂😂",hy_vong,vui,0.19469881,0.23776558,,True
5729,nhưng mà từ giờ trở đi đéo được tiếp xúc rồiii,gian_du,that_vong,0.033335034,0.2379061,,True
6617,nhiều mụn da đen đi đâu cũng tự ti đau đớn hơn nữa khi nghe câu hỏi: sao m khác ngoài đời quá vậy 😭,that_vong,buon,0.1614136,0.23791891,,True
1723,Qua kiểm duyệt của vn rồi cũng thành bộ phim ngôn tình @@,that_vong,lo_au,0.12345018,0.23799273,,True
8457,"Trang Khổng Mỹ phóng sinh thì có phước của ng phóng sinh. Bắt chim thì chịu nghiệp của việc bắt chim. Cũng như cứu gia tiên khỏi địa ngục, nếu nghĩ cứu ra rồi họ lại đầu thai làm kiếp trâu ngựa hay làm người bần cùng đau khổ mà k cứu thì còn ai tu còn ai tạo phước nữa.",trung_tinh,gian_du,0.029718913,0.23801908,,True
745,tôi nói với các ông nhé . dắt bộ qua chốt cũng chưa chắc ngon ăn per,lo_au,trung_tinh,0.03712914,0.2381978,,True
7531,còn đỡ hơn bữa ăn sáng nay của tao nhiều .,that_vong,hy_vong,0.05231879,0.23825002,,True
10056,Duc Anh hêhhe🤭k đi hơi phí,gian_du,vui,0.019565843,0.23857012,,True
5550,giong to lam nhieu luc nhin nguoi ta co nhan sac ma nhin minh thay tu ti vai:((,that_vong,buon,0.15596181,0.23858505,,True
5038,còn gì đau xót hơn 🙂🙂,that_vong,buon,0.20180053,0.2386074,,True
4484,ăn vào lại thức dậy ở một nơi xa thì bỏ mẹ,lo_au,gian_du,0.10078919,0.23866081,,True
440,Bài thơ chối nhất tôi từng đọc,that_vong,buon,0.1313058,0.23868877,,True
163,"mình trc kia cũng hay tự ti lắm nhưng mình nghĩ rằng bây giờ ""bản thân mình mình ko yêu thì ai yêu đây""",hy_vong,buon,0.051505625,0.23887214,,True
4571,chạm đáy nỗi đau 😞,that_vong,buon,0.2105674,0.23888251,,True
5107,thế em ăn anh được không ?,hy_vong,trung_tinh,0.096838765,0.23890558,,True
4560,"mày vã quá rồi đấy , sang lên chứ 🙄",trung_tinh,gian_du,0.049575195,0.23930216,,True
2411,"ko cần quan tâm đến ánh nhìn xăm soi của mn , chúng ta sống bản thân chứ đâu sống cho ng khác",hy_vong,gian_du,0.05745492,0.23933321,,True
8303,per đợt này tao đi học full . nên để mấy hnua rảnh tao alo nha 😂😂,trung_tinh,vui,0.036165293,0.23935273,,True
1881,đẹp trai mà bị đá à,that_vong,gian_du,0.13376966,0.23974931,,True
7637,ơ thế hoá ra tao không bị ngu một mình ?,buon,gian_du,0.028417606,0.23975053,,True
7631,cảm giác bị phản bội,that_vong,lo_au,0.100895666,0.23982894,,True
7242,"bị người ta nói lạnh lùng, nhưng mà thân quen thì cái mồm t mới hoạt động công suất 😭",buon,lo_au,0.13731462,0.23982963,,True
2574,Tôi Là Dân Thủ Đức cho xin ảnh kẻ ác coi ạ,hy_vong,gian_du,0.053089313,0.24004576,,True
9315,đúng là mỹ nhanh gọn dứt khoát,vui,trung_tinh,0.12404076,0.2400577,,True
9972,không sao đâu :) bệnh này lây qua đường tình bạn,vui,trung_tinh,0.12870294,0.24009097,,True
510,sao có thể từ chối lời tỏ tình dễ thương thế này ❤️❤️,hy_vong,vui,0.1635872,0.24010953,,True
3887,Vàng giả cũng không hít,trung_tinh,gian_du,0.109478734,0.24042743,,True
667,"Trần Khánh Duy k có nó sao có phim hay mà xem,nó đóng mà đc b ghét là thành cokng r",that_vong,gian_du,0.08499066,0.24056101,,True
8685,Thắng đời 2-0 nội ngoại điều thw,vui,trung_tinh,0.0153934,0.24058506,,True
1725,Phương Nghii hồi đó xem chị ơi đi hàn quốc thích paris baguee lắm🥲,vui,buon,0.018249609,0.24062979,,True
2255,dume sởn gai ốc 😭,lo_au,buon,0.11588851,0.24069852,,True
6427,bài nhạc khiến tôi mang nhiều suy tư,buon,trung_tinh,0.06253442,0.24084675,,True
5503,gặp đúng người thì sẽ nói rất nhiu,vui,trung_tinh,0.07010746,0.24085298,,True
3269,cug kh hẳn nma hướng nội nên ngại😭,lo_au,buon,0.11228356,0.24086016,,True
1736,nhiều mụn Da đen nhiều lúc tôi ko mún ra ngoài vì xấu,that_vong,buon,0.12606591,0.24104404,,True
7491,Ngày xưa có lần glenn rớt từ thùng rác xuống t cứ ngỡ chet ai ngờ đạo diễn quay xe mà đến pha này thì đạo diễn không quay xe 😓,that_vong,lo_au,0.14946078,0.24111775,,True
801,Bây giờ thì Việt nam có thể xóa sổ trong 3 ngày...đó là thực tế của cuối năm 79.,buon,trung_tinh,0.034359172,0.24113089,,True
6290,"ngk nhìn t quài, cái tớ nghĩ ngk đang chú ý đến cái xấu của t, t luôn đem theo gương để soi để xem bản thân của t có đang xấu quá kh mà điều chỉnh lại...",lo_au,that_vong,0.05886466,0.24114603,,True
7382,Vào đây lọc được khá thằng,vui,trung_tinh,0.1552788,0.24121156,,True
1381,Lê Hồng Nhung 2k5 ạ :((,buon,that_vong,0.10403986,0.24134836,,True
4824,per không nhận dạng được mặt bả luôn,that_vong,gian_du,0.07789608,0.24138841,,True
4102,T k đẹp nên mỗi lần bắt chuyện với mấy bn nữ mà mấy bạn ý cười thôi t cx ngại vl ra rồi ấy k dám bắt chuyện nữa luôn,buon,lo_au,0.17066924,0.2415089,,True
1922,"Nguyễn Hoàng Giang bác nói chuẩn luôn, mình đang Sài vf5 nhiều khi tối rảnh mang xe đi sạc toàn phải đợi mấy xe chạy dv có hôm đợi cả tiếng, 19h đi sạc 22h về tới nhà trạm sạc ít quá lên hơi bất tiện",that_vong,lo_au,0.12782979,0.24169692,,True
3102,hối hận khi lấy sai ng 8 năm chung sống đồng cam cộng khổ cuối cùng cũng bị cắm sừng vũ phu🥺🥺,that_vong,buon,0.19271512,0.24182498,,True
6884,Lê Viết Giang cười xg cái bùn,buon,trung_tinh,0.029658088,0.24204046,,True
7855,nam chính đẹp . nữ chính hơi già . nếu nữ chính là 1 diển viên dể thương thì xem hay hơn nhiều,that_vong,vui,0.023495056,0.24240956,,True
7413,Nhân Nguyễn ăn hết nhà tôi thì tôi xoắn lên chứ 😞,gian_du,that_vong,0.033739775,0.2425353,,True
212,"@Gocnhocuabo Mỗi lần qua đây, ngắm 2 nhóc tỳ này là thấy thoải mái hẳn 😗",vui,hy_vong,0.18710881,0.24254647,,True
2873,Hôm qua trời rất nóng thương bé thật sự ở trong xe 11h,lo_au,buon,0.11742384,0.24255568,,True
3440,@nangoc84 Những thứ đã qua đi rồi sẽ không bao giờ còn trở lại được nữa.,buon,hy_vong,0.13487338,0.24255705,,True
577,thính đấy đừng dính . vì 1 ngày nào đấy mày sẽ nhận ra không chỉ mình mày mới được vậy,gian_du,hy_vong,0.07369601,0.24268532,,True
4608,đm ngồi chờ đã rồi các tổng đài viên đều bận 😭😭😭,gian_du,that_vong,0.06010891,0.24277449,,True
6064,Trinh Trần e cũng từng bi 1 lần t 8 lúc về quê chơi đi đường có mỗi e với th bơ e kiểu mệt vừa bế n vừa chợp mắt kiểu đang cp mở thấy n quay ngang đthoai chụp nhanh gửi cho cái th chủ book xe cho e í mday lắm,gian_du,lo_au,0.08014573,0.24288586,,True
8021,e không giỏi giao tiếp nên rất ngạii 🥺,lo_au,buon,0.108996354,0.24301934,,True
4777,"cha quay phim cũng không phải dạng vừa , mẹ diễn viên thần thái vãi",vui,gian_du,0.091463655,0.24319631,,True
9212,Đức Nhân Apple tiếc gì 1k mà nó nhận đc kèm lời chửi sâu sắc lofi cực chill kk,gian_du,vui,0.14404154,0.24320117,,True
9751,Ở quê bẫy đầy chắc chim này dễ bẫy,hy_vong,trung_tinh,0.047396865,0.24339634,,True
8898,đến bao giờ mới nhận được tiền nhỉ,hy_vong,trung_tinh,0.12716377,0.24351195,,True
3996,A Di Đà Phật🙏 rồi chính con trai của cô sẽ nhận đc quả mà nó đã trồng lên thôi,gian_du,hy_vong,0.037448436,0.24357384,,True
6014,để có được cái nắm tay tuổi già là bao giông bão của tuổi trẻ . mấy ai qua được bão giông ?,buon,hy_vong,0.08357406,0.24361405,,True
9863,Sao lại để cả tên lẫn năm sinh chỗ làm thế kia bị này cx lắm 3 năm đến lúc đó ko có ai nhận làm vì bị dính đến pl rồi nó cx quay lại để trả thù cho coi cũng có vài vụ rồi,lo_au,gian_du,0.04792686,0.24362385,,True
3245,94 sao lênh đênh quá,lo_au,gian_du,0.057668228,0.24374011,,True
6531,Tui coi tới tập 4 tui khóc sưng mắt khúc nam9 gặp mẹ nên drop luôn. Đang snghi có nên coi lại hông 🥲🥲,that_vong,lo_au,0.12040265,0.24384344,,True
6288,và QG phân biệt vùng miền top2 tg,that_vong,trung_tinh,0.100027114,0.24394244,,True
4130,Mình là Thiện đây mình đính chính là mình không thân bạn nữ này nhé 😃,trung_tinh,vui,0.17208813,0.24406746,,True
10107,"Liên Hoa tầm này mà nhà phố gì nữa , mua luôn cái con phố ấy",vui,trung_tinh,0.05143904,0.24409893,,True
6243,Hát live đi,vui,trung_tinh,0.087627955,0.24420783,,True
9779,tâm sự không đúng người ngoài việc họ cười vào mặt bạn,that_vong,gian_du,0.15854031,0.2442241,,True
6352,Nghĩ về tương lai mông lung quá huhu,lo_au,buon,0.18141218,0.24434972,,True
9133,Trường Bino - Vợ anh đã xem và không nói gì,that_vong,trung_tinh,0.090908356,0.24444321,,True
9106,"trước tao cũng tin vào tình yêu chân thành lắm , niềm tin chết rồi",that_vong,hy_vong,0.100292735,0.24460813,,True
2198,"chỉ cần đủ quan trọng , họ sẽ làm tất cả những gì bạn thấy vui .",trung_tinh,hy_vong,0.15723981,0.24469572,,True
9639,Nguyễn Khuê chứ sao hã🥺 ngta buồn lắm biết hok,that_vong,buon,0.16834609,0.24469614,,True
4784,"vui thôi đừng vui quá , làm ai cũng ngại",gian_du,buon,0.016635206,0.24471864,,True
1430,Chắc lúc xuông xe bé ngủ quên trên ghế quá.,trung_tinh,lo_au,0.033197347,0.24475661,,True
77,vô tâm vãi . thôi độc thân vui tính đi .,that_vong,hy_vong,0.07475239,0.24482161,,True
1203,"tao cũng vậy , mấy cái thiệp chúc noel thời cấp 2 trẻ trâu của lũ bạn vẫn còn nguyên xi",vui,gian_du,0.032990683,0.24502328,,True
6425,Bốn này phải tước bằng vĩnh viễn ở VN phát nhé qua nên tai nạn rất nhieu,lo_au,trung_tinh,0.038783602,0.24534804,,True
7213,Biết vậy mình cũng gắn camera iSocial Vietnam,buon,hy_vong,0.023935338,0.24537432,,True
7250,liên quan à . cr mày đéo thương mày đâu . nó có crush mới rồi . 🙂,buon,gian_du,0.029593114,0.24551386,,True
3757,chỉ cần đừng đen là đc,lo_au,hy_vong,0.01972621,0.24561542,,True
3155,nhìn hói mà thấy thương gê ??,buon,vui,0.15133868,0.24569023,,True
4284,Giảm tỉ lệ dân số cũng tốt,hy_vong,trung_tinh,0.09614869,0.24569663,,True
875,"Triệu Đông không có giá cũng chẳng đến lượt mấy thằng đem danh dự của 1 cô gái ra mỉa mai trong khi đó là 1 căn bệnh. Bài nổi rần rần rồi cô gái đó đọc những cmt đó cảm thấy ntn ??? Những ng quen cô gái đó sẽ biết hết. Rồi cô ấy sẽ thấy ntn??? Hối hận vì đi khám để cả nước biết và chịu bao nhiêu lời chế nhạo . Mấy thằng ""man"" ghê tởm bỏ mẹ ra chúng tôi không cần",gian_du,that_vong,0.06934543,0.24586385,,True
1975,Bà con chung xóm mà xích mích thì mệt. May mắn hiện nay chưa có hàng xóm. Yên ổn chút,trung_tinh,that_vong,0.03746251,0.24588612,,True
8707,Nguyễn Hoàng Giang mua xe xăng đc tặng trạm xăng đấy,hy_vong,trung_tinh,0.12787956,0.24597341,,True
3931,ăn cả thế giới đã,hy_vong,trung_tinh,0.10004117,0.24599186,,True
7903,Cần lắm 1 người dắt đi coi 🤦🏻‍♀️,hy_vong,that_vong,0.017854182,0.2465061,,True
4846,giờ còn thể loại dâm ô nam sinh mới ghê,gian_du,lo_au,0.13013597,0.24650773,,True
5071,Nội tâm,trung_tinh,buon,0.082590275,0.24670398,,True
4460,mik rất giao tiếp kém,buon,hy_vong,0.06963507,0.24677816,,True
3501,lấy củi chứ bao nhiêu rơm cho đủ,that_vong,trung_tinh,0.108785205,0.24683881,,True
3,Mèo Min Min kkkk gì?,vui,trung_tinh,0.053642545,0.2469275,,True
1386,Mọi người cho mình hỏi chút là đã bắt đc bọn đua xe gây tai nạn chưa nhỉ. Mong là sẽ ko còn phải nhìn thấy những cảnh ntn nữa. Chia buồn cùng gđ cô.,lo_au,buon,0.05757475,0.24700758,,True
813,"Thủy Sâu nói chung chỉ có cty và người dùng là có lợi, tài xế grab, và cửa hàng liên kết grabfood là. Chịu thiệt ko ăn nổi",that_vong,gian_du,0.13074887,0.24702835,,True
5384,kinh khủng thật :((,lo_au,that_vong,0.114820145,0.24705416,,True
1301,tam đảo trời đẹp các mem à,vui,trung_tinh,0.07565095,0.24714386,,True
7690,những video như này chỉ khiến cho các cô gái càng thêm ảo tưởng về tình yêu thôi # ngưngảotưởng,that_vong,hy_vong,0.013939803,0.24720809,,True
1502,"@july107193 Đến cuối cùng rồi thì... buông hết khi tới cuối đời, nếu bạn không học đc cách buông bỏ dần thì tâm bạn sẽ không thể nhẹ nhàng và thanh thản khi ở cuối con đường.",buon,hy_vong,0.09054285,0.24734953,,True
5645,thứ ba mẹ cho con và con nhận thấy đó là sự đức hạnh tấm lòng cao cả cam on ba mẹ rất nhìu,vui,buon,0.057995073,0.24759284,,True
4918,Linh Nguyễn Ngọc bạn mai mai sân si sâu bít rồi,gian_du,trung_tinh,0.16638942,0.2476635,,True
1072,Kênh mới nè.,vui,trung_tinh,0.13414657,0.24786481,,True
8418,"còn 2 tháng cuối cho 12 năm đi học, muốn quay video làm kỉ niệm lắm mà ngại nên toàn ra về mới dám quay lớp làm kỉ niệm",lo_au,buon,0.051771272,0.24796227,,True
8260,Chau Anh tội qá m ơi,gian_du,buon,0.08007725,0.2479944,,True
2326,Hài lòng lắm ạ,vui,buon,0.05418584,0.24799916,,True
843,Sau vụ việc này các thanh thiếu niên sẽ càng ko chấp hành và sẵn sàng bỏ chạy vì suy nghĩ cứ chạy may ra đc thoát ko phải đóng phạt còn xui bị bắt thì bị phạt thôi chứ có gì mà phải sợ. Nói chân tình thường đối tượng còn trẻ sẽ sợ nếu bị đánh đau chứ nói sợ bị phạt thì ít có tính răng đe lắm đối với mấy thiếu niên ngổ ngáo còn đối tượng biết giá trị của đồng tiền khi mình làm ra thì mới có tính răng đe khi đụng vào kinh tế của họ.,gian_du,lo_au,0.16588941,0.24809492,,True
2385,Phạm Mai Linh từ giờ nhịn cả chị cả em,lo_au,trung_tinh,0.050681297,0.24820709,,True
674,@Tuấn Anhh đôi khi nói chuyện với muôn thú còn dễ hơn với con ng,buon,vui,0.021830147,0.24826863,,True
8935,Thật sự hoang mang lúc đó không biết xử lý thế nào. Phim càng chậm thì tâm trạng khi xem càng nặng nề.,that_vong,lo_au,0.14600568,0.24837291,,True
464,"Quá chán.Bao nhiêu bài thơ hay và ý nghĩa , dễ học ,dễ thuộc ngày xưa thì dần dần không thấy đâu trong SGK nữa ,để rồi nhét dần những loại thơ vớ vẩn vào .",that_vong,hy_vong,0.04301309,0.24840024,,True
5231,nhìn ma tiếc từng hạt trân châu,that_vong,buon,0.1902321,0.24855238,,True
1125,"Tắm, dọn dẹp, làm việc, tập thể dục , .... ko để thời gian lãng phí. Tránh xa quan hệ độc hại. Đưa mình vào thì nguyên nhân ko đổ lỗi.",hy_vong,that_vong,0.10286494,0.24858811,,True
93,khổ thân em nó . ??,lo_au,buon,0.041570272,0.2485942,,True
5481,vì ghét nhau thôi,gian_du,buon,0.022901813,0.24865714,,True
4717,@bigworld2410 Ta hay hoài niệm về những gì đã mất. Vô tình đánh mất cơ hội của hiện tại,buon,hy_vong,0.080761805,0.24902275,,True
8107,nhỏ nhặt nhưng ý nghĩa và hạnh phúc 😊,hy_vong,vui,0.21236256,0.2490732,,True
2162,Tô An Yên tự nhiên nhớ đạt dăn tây ghê,gian_du,vui,0.040426645,0.24910095,,True
2990,án mà cứ xử như vậy thì sao có được lòng dân,buon,gian_du,0.0478949,0.2491464,,True
2585,"Nên từ đó ko xem nữa ạ :""/ Dài quá với buồn quá",that_vong,buon,0.17776403,0.24915916,,True
9356,"hiện tại 30t chưa từng hối hận điều gì,hi vọng những tháng ngày sau cũng vậy",hy_vong,buon,0.033492286,0.24916893,,True
6953,toi qua...muon giup nhung gio lam sao,hy_vong,buon,0.054101434,0.24937642,,True
9355,đái mẹ ra quần ??,lo_au,gian_du,0.10620955,0.2495898,,True
8080,Đồ giả làm từ họi ba đơi hít nha a,gian_du,trung_tinh,0.10018824,0.24960622,,True
8749,"Rất ý nghĩa, nhưng tìm dc khó hơn tìm đường lên trời",that_vong,hy_vong,0.05628963,0.24966228,,True
438,không phải bồ tao chớ bồ tao thì sống chết tao cũng cho mỗi th mỗi nhát,gian_du,that_vong,0.07840757,0.24968392,,True
3958,bất kì hoa gì có mùi đều không thích,gian_du,trung_tinh,0.074964695,0.24978906,,True
8534,bó tay luôn á,that_vong,gian_du,0.093082115,0.24980491,,True
2682,em nó phượt theo gái cả đêm,that_vong,lo_au,0.110283524,0.24983007,,True
9314,Làm sao để bỏ đi mối quan hệ độc hại.,hy_vong,buon,0.021836124,0.24986207,,True
5570,Phuong Diem cần gì lãng mạn sống có trách nhiệm bao dung rộng lượng là đc rồi,hy_vong,trung_tinh,0.18347412,0.24989247,,True
7968,xem lại quá nhiều lần đến nỗi không nhớ nổi . vì phim quá hay và ý nghĩa .,vui,buon,0.115930095,0.25036958,,True
6023,"nhìn 1 cái , cười 1 cái rồi về thôi",vui,trung_tinh,0.08126845,0.25040382,,True
4690,Đức Hạnh con bồ cũng định đập tài xế đấy,gian_du,trung_tinh,0.14585964,0.25067666,,True
7692,Đủ 5/5 rồi. Mik hay tưk vs những j gđ nói và còn khóc nx. Mik nghĩ tiêu cực rất nhiều r (và bây h cx nghĩ),gian_du,buon,0.008322104,0.25071704,,True
8482,😞🥺💔ủa gì z,that_vong,buon,0.19192223,0.25072917,,True
5382,ăn nhiều mau khoẻ .. tôm cá ấy mày giàu canxi,trung_tinh,hy_vong,0.124954954,0.25117558,,True
7171,mập mặt mụn nọng to Ai cũng trêu tớ mập xấu như ma đa phần ai cũng ghét tớ... ^^,buon,hy_vong,0.11660223,0.25117996,,True
8430,Thùy Linhh a cho e cái gì kô,vui,trung_tinh,0.083305046,0.25135967,,True
2028,Đời dạy hai hơn trường dạy,trung_tinh,gian_du,0.16070065,0.25150883,,True
5705,"Nguyen Ép học nhiều quá nên gây áp lực lên con cái ko hề tốt chút nào.Cha mẹ phải là người bạn lớn của con cái để được khuyên bảo,dạy dỗ và thậm chí là vui đùa thật cởi mở để cho con có niềm tin,niềm yêu vào cuộc sống.Khi ấy con cái mới nên người được.",that_vong,hy_vong,0.07798266,0.25158477,,True
6220,Trinh Mi Nhon đi ko,hy_vong,trung_tinh,0.11895322,0.25162247,,True
6195,"Thiện Tim 1 tháng chỉ dc hỗ trợ 1 lần thôi, ko có lần 2",that_vong,trung_tinh,0.060345322,0.25165808,,True
1775,"tôi kể các bạn nghe 1 chuyện có dính 1 tý với caphe tn : chuyện thế này ba vợ tôi có 1 người bạn rất khó khắn nghèo và đang trốn nợ , ba tôi cho ông chiếc xe máy củ để đi xe ôm . vợ chồng ông bạn này bỏ quê trốn nợ lên tây nguyên làm công cho nhà máy caphe tn trong 4 năm học được nghề làm caphe và sáng lập caphe tuấn kiệt caphe công thức y chang tn bán hợp lý hơn ! ngày nay ông chủ tuấn kiệt đã là 1 đại gia có nhà máy ở sốc trăng , ông ấy đi tìm và trả nợ từng người ơn của mình ! mổi lần ba tôi lên sg ông đều cho xe tới mời ba tôi đi ăn nhậu ! trong lúc ngà ngà ông ấy nói "" em chả bao giờ uống caphe của em làm , tn cũng vậy "" thế đó",vui,that_vong,0.029866552,0.25178105,,True
1583,"A chồng cúi xuống cảm ơn vợ ,vì nhờ vợ có hành động tình cảm thân thiết với nhân tình nên a chồng mới biết rõ bản chất thật của vợ",gian_du,hy_vong,0.0091421,0.2518116,,True
9178,Xíu Xíu cười le lưỡi trợn mắt🤔🤔,vui,gian_du,0.08911579,0.2518323,,True
1017,"thực sự rất mù mịt, mất phương hướng mong rằng bản thân trong thời gian tới sẽ đủ sức để vượt qua được.",lo_au,hy_vong,0.06857246,0.25186875,,True
7710,thôi xong tao rồi :((,lo_au,that_vong,0.027965628,0.2519439,,True
274,Đinh Thị Thanh Huyền đó là bệnh về tâm lý mà . Cũng may đó là cô gái . Chứ là con trai thì giờ còn bộ xương . Dương vật teo tóp. Suy thận. Nằm chờ ngày niệm,lo_au,trung_tinh,0.045211285,0.25194508,,True
209,đợi chúng nó đang ăn lấy xe cứu hỏa phun nước ôi tao hình dung ra cảnh đó thật tuyệt,vui,lo_au,0.10751463,0.2520138,,True
3620,cho nghe lại cái khúc đó đi anh hai à :v,hy_vong,vui,0.12486692,0.25210944,,True
4463,đợi đến ngày họp lớp đi 😪,trung_tinh,that_vong,0.03935936,0.25222194,,True
4521,xem xong video tự thấy mình còn không bằng con chó ...,that_vong,buon,0.14045188,0.25225127,,True
3000,t nghĩ t đã block nó vì nó phiền và xàm và 1h sau t nhận ra t còn chx block nó🤩,vui,buon,0.044228055,0.2523151,,True
4532,"Mình cũng từng đau như vậy, nhưng mà day dứt quá thì hạ cái tôi xuống 1 lần để năn nỉ là đủ rồi, đừng hạ thêm, người ta không quan tâm đâu",buon,gian_du,0.04845636,0.25238076,,True
6612,"Bạn ơi, lên công an xã trình báo đi",hy_vong,trung_tinh,0.17174247,0.25248748,,True
10085,mấy năm nx thôi sẽ ko đc thấy người mik yêu thương nx.Nếu như đc quay lại những ngày nội còn trẻ con sẽ bù đắp cho nội nhiều hơn ko cải lời nội nx🥺🥺🥺.,lo_au,buon,0.044716492,0.25262606,,True
1508,không biết có ai ở trong ngôi nhà không,lo_au,trung_tinh,0.13053362,0.25267762,,True
7445,Đặng Thu đi thi đi thay hoi so,lo_au,trung_tinh,0.033067346,0.2528025,,True
7007,@🌷 @🖇 nhma hết tự ti khi đi cùng cm,hy_vong,buon,0.048344657,0.25288534,,True
5976,trải qua một cuộc bể dâu . những điều trông thấy mà đau đớn lòng,that_vong,buon,0.21052791,0.25296545,,True
348,"Điện Thọai Hoàng Thông nó đi vission đổi gió thế thôi chứ nó có mấy chiếc porche, mẹc, audi đnag để ở nhà đó con.",gian_du,trung_tinh,0.13307238,0.25311413,,True
7966,nhưng nó giỏi và bản lĩnh đó,vui,trung_tinh,0.041274365,0.25314078,,True
9552,per thử cảm giác mạnh,hy_vong,trung_tinh,0.0807022,0.2531789,,True
6927,cứ chỗ đông người là có cảm giác ngta đang nhìn mình phán xét 🌷,lo_au,hy_vong,0.040297754,0.2533101,,True
5887,"ý kiến chủ quan của mình, nền giáo dục của mình càng ngày càng tệ thì phải",that_vong,gian_du,0.16046293,0.2533162,,True
755,Con Chim chào mào.,trung_tinh,vui,0.16499649,0.25333095,,True
9786,sau này đừng quên nhau nha,hy_vong,trung_tinh,0.12601355,0.2534061,,True
8841,cười vãi ???????? mặt con bé cũng hài ghê,vui,gian_du,0.15056165,0.2536598,,True
4770,đúng chất người đẹp mặc rẻ rách cũng đẹp,trung_tinh,vui,0.16221401,0.25367606,,True
8353,Ng Bao Tran xĩu nha,lo_au,trung_tinh,0.027131474,0.25369507,,True
9420,dume mệt mỏi thật sự,buon,gian_du,0.10509014,0.25383773,,True
2708,k cần biết nội dung ... nhìn mặt con bé thoy muốn cưới về cho con trai mình ngay rồi 😂😂,hy_vong,vui,0.22235939,0.2540354,,True
4110,"đôi khi cũng muốn dỗi lắm , nhưng nghĩ lại đéo có người yêu mà dỗi",gian_du,that_vong,0.052634675,0.2540357,,True
863,"Em đang do dự vì mới thử việc 1 tháng đã nghỉ việc để chuyển qua cty khác phù hợp hơn, xem xong clip quyết tâm luôn...",hy_vong,lo_au,0.05536907,0.2540905,,True
1100,chỉ cần chọn đúng người đúng thời điểm thôi,hy_vong,trung_tinh,0.18714693,0.25429106,,True
9663,vừa mới xem hqua . kết thúc phim nhạt quá 😒😒,that_vong,gian_du,0.13635188,0.2544691,,True
2863,Em chào thầy,trung_tinh,vui,0.1523137,0.25489768,,True
2896,Trần Quang Tùng xuống 24 cho đỡ suy thôi,that_vong,trung_tinh,0.04608072,0.255205,,True
3431,"Mình học ngành QTKD , tốt nghiệp cũng được 2 tháng rồi nhưng bản thân cảm thấy đã học sai ngành và muốn làm về sự kiện nhưng chân ướt chân ráo chuyển ngành , không có 1 tí kinh nghiệm , CV thì cũng ko đến nổi tệ , tiếng anh cũng có nhưng apply biết bao nhiu chổ vẫn ko ai phản hồi , cảm thấy bất lực thật sự 😢",lo_au,that_vong,0.16521023,0.25525683,,True
7183,Hoàng Phượng bây giờ con người thật vô cảm,that_vong,gian_du,0.141735,0.25527108,,True
3871,t là đứa vẫn còn tính trẻ con nên ko hợp với mấy đứa bn girl phố nên t ko bt nói j có khi bị bơ,lo_au,buon,0.051755175,0.25532022,,True
5045,"Phụ huynh k ra gì thì dạy con sẽ ra ntn đây, tôi còn nhớ có một chuyện, mình làm nghê giáo chả có làm gì con họ cả, nhưng bị vu oan, con họ up story chửi bới họ vẫn vào bên chả biết đúng sai, mình nghĩ những phụ huynh đó chỉ tạo đc cặn bã xã hội này thôi",that_vong,gian_du,0.18508202,0.25535974,,True
4425,"Mik cũng là người khá là rụt rè khi đối diện với những thứ mới lạ, thứ mình cảm thấy mình không giỏi. Kiểu đôi lúc mik cảm thấy mik nhạy cảm quá mức nhưng mik biết là cuộc sống thì đôi khi rụt rè, nhút nhát là điều hiển nhiên và bình thường. Hahahaha và sau một quá trình cởi mở và thoải mái với mọi người thì mik đã phá sự bao bọc bởi sự nhút nhát và thoát ra ngoài đón những thứ tốt đẹp nhất 😁😁😁",hy_vong,lo_au,0.08972176,0.25580984,,True
5881,Nhớ những bài thơ trong SGK ngày xưa quá,that_vong,buon,0.09262257,0.25582182,,True
2809,Nói thật mình thấy nch với những người tự ti rất khó.Không biết vì họ ngại hay vì mình nch ko khéo nữa.,lo_au,buon,0.14104834,0.2559963,,True
9467,Như Huỳnh Đáng nhẽ định cho bạn coi tới để bạn shock. Giờ biết trước đỡ shock,vui,gian_du,0.018215993,0.25635946,,True
8646,"khi nhỏ m từng bị body shaming bởi chính người nhà mình, giờ thì m lại khá tự ti khi khi đi chg với bạn bè vì biết bản thân có thể chỉ làm nền cho ngta thôi 🥺",that_vong,buon,0.18682441,0.2563643,,True
6596,thứ mà kiến tôi hối hận nhất trong cuộc đời này là cứ mãi mê ăn choi là ko nghe lời của cha cho tới khi cha tôi mất đi rồi thì đã quá muộn màng😞😞,that_vong,buon,0.22426073,0.2564761,,True
2004,Quay clip up lên facebook thôi. Chuyện mà nổi thì bên kia quan hệ cỡ nào cũng khó chìm xuồng đc,gian_du,trung_tinh,0.04788597,0.2565388,,True
5448,"@Nesaragesaraknm Tin này chấn động tam giới, xin dc up lại",vui,hy_vong,0.197072,0.25662082,,True
3250,Trương Đình Phước xăng lên bên grab có đc tăng phí ship 1 đơn k ạ. Chứ 12k sao sống 😞,gian_du,that_vong,0.078851484,0.25663853,,True
1175,Phim k hay,that_vong,trung_tinh,0.063447185,0.25666812,,True
8311,Linh Chi e đọc mà e buồn tê. Quá là tội nghiệp 😞,that_vong,buon,0.20110416,0.25671497,,True
802,Để rõ danh tính thế này sau bị trả thù khổ lắm,lo_au,gian_du,0.070332795,0.25673193,,True
5797,chẳng có j để tự hào cả 😌,trung_tinh,vui,0.098759085,0.25673604,,True
5987,"tàn nhẫn thế nào , là khi mình trao họ hết hy vọng rồi họ lại dập tắt đi nó",gian_du,buon,0.011112816,0.2567414,,True
8233,môi trường tù chưa cho nó cái nó cần rồi,that_vong,gian_du,0.09593431,0.25713027,,True
8084,Chúc mừng anh chị nhé,vui,hy_vong,0.20216176,0.25745487,,True
7963,tình yêu không bao giờ là mãi mãi . rồi cây cũng chết héo mà thôi khà khà,that_vong,vui,0.114403404,0.25748622,,True
2977,Mk ko bằng đứa trẻ,that_vong,trung_tinh,0.09194831,0.25754654,,True
726,per ôi cái bếp một thời chinh chiến,trung_tinh,vui,0.036891337,0.2577726,,True
4221,"ôI Chị Giang xuất hiện đúng lúc ghê, đúng tâm trạng của em hôm nay. Vì hn em thi cx k vui cho lắm và em thấy căng thẳng trong việc ôn thi 3 môn tiếp theo. May quá, chị Giang ở đây rồi... Em yêu chị! &lt;3 &lt;3",lo_au,hy_vong,0.049340762,0.257815,,True
7296,Chắc do hệ luỹ của phim Hàn toàn giết người hàng loạt,lo_au,trung_tinh,0.10310831,0.25783533,,True
8043,xem cái này mới biết vốn tiếng anh của mình cũng khá !,vui,hy_vong,0.057796754,0.25787944,,True
8843,Lan Anh Lê mấy đứa mày mè là hay cúng xôi chè lắm,gian_du,trung_tinh,0.09432929,0.2579639,,True
6591,Tôi chú,buon,trung_tinh,0.04275009,0.2581613,,True
7436,"thề , coi rồi mà xem lại vẫn buồn",that_vong,buon,0.21585219,0.25817284,,True
2056,trao nhẫn đóng túi zíp khoá luôn à @@,vui,gian_du,0.046148665,0.25835708,,True
807,"nhìu bn bỏ học bh đi làm cực r muốn làm lại lắm , cac bn suy nghĩ cho kỉ r hãy nghĩ nhé. có thể nghĩ học đi học nghề gì đó cho bản thân sau này sẽ tốt hơn nghĩ học đi làm nhe🥺",buon,hy_vong,0.15155196,0.25845614,,True
9557,per bếp lò xo huyền thoại của ngoại hay nấu nè,vui,trung_tinh,0.18098177,0.25851783,,True
5912,người ta đã phải bỏ tiền . bỏ sức ra mới có bữa cơm từ thiện nv mà còn có những người vô ý thức như vậy,that_vong,gian_du,0.17850687,0.25860682,,True
7626,1 % kìa rồi ra cổng gọi thế nào,lo_au,trung_tinh,0.0753152,0.2586552,,True
954,Richa và Ricon lại chảy máu mũi,gian_du,buon,0.026570356,0.25866473,,True
3608,Chênh vênh thế nhờ.,buon,vui,0.028667005,0.25877303,,True
8238,phải học cách tự tin lên chứ bạn,hy_vong,trung_tinh,0.1961163,0.2587965,,True
8114,May quá đọc mà lo quá luôn. Bác sĩ quá tuyệt vời. Biết ơn vô cùng,vui,lo_au,0.031792015,0.2589714,,True
3341,hôm nay bạn đi làm . tiền đâu mà mua,that_vong,trung_tinh,0.11279987,0.25907624,,True
374,Vậy lúc đầu nhốt làm chi 😬,lo_au,gian_du,0.044436518,0.25923094,,True
4501,Hung Le Dm chả lẽ lại trao cho cầu thủ ngu nhất wc 3 lần trên 5 lần tham dự.,that_vong,gian_du,0.174135,0.25927943,,True
5356,làm người khác thỏa mãn bằng mùi hương của chính bản thân,trung_tinh,that_vong,0.06721897,0.2592852,,True
1160,Lê Phan thèm nha.i đầu nó hk,hy_vong,trung_tinh,0.062150385,0.25944555,,True
5741,phải giết ngay không nó lại đẻ trứng,gian_du,lo_au,0.12384134,0.2595083,,True
9929,tự ti vì đi cắt lông đầu về xong tồn như lóc (ko có lần nào đẹp ),that_vong,buon,0.16131435,0.2597772,,True
4335,Huỳnh Thanh Sáng Hải Đăng Pham Hieu Trong ic là bị ban còn kiếm sv khác chơi chứ Ooc mà bị ban là thôi,that_vong,gian_du,0.08835482,0.25987744,,True
1340,: Mặt mụn vs bị ốm mà cái bụng thì phình làm t tự ti vãi lúc nào cug phải mặt áo khoác 😭,that_vong,buon,0.18086168,0.25997144,,True
352,"Hoàng Thị Thủy Mình đồng ý với quan điểm của bạn. Bà Thuận này ""đầu đất"".",gian_du,trung_tinh,0.13102996,0.26005167,,True
5024,Tội thế,that_vong,buon,0.08137947,0.26008552,,True
6442,"chấp nhận đau khổ , để đổi lấy hạnh phúc , mà tìm mãi hạnh phúc không đến thế mới đau em .",that_vong,buon,0.19554627,0.26015761,,True
5427,"đấy ... y đâu cần phải to tác , phải gào lên cho cả thế giới biết .",gian_du,vui,0.015129497,0.26021487,,True
4190,Minhh Tiến tôi nghĩ là vn càng ngày càng đỡ hơn trước nhưng nó vẫn còn rất nhiều thành phần đó đấy. 2022 đã thế này rồi thì 2013 14 còn kinh khủng hơn nữa,buon,that_vong,0.06837874,0.26053366,,True
7627,"làm người trầm tính lâu rồi khiến mình chần chừ, ko đủ can đảm để làm nhiều việc, lết đc tí rồi dừng, thật sự mong muốn có những tác động j đấy đập vào cuộc sống hiện tại của mình",hy_vong,that_vong,0.08379468,0.2606815,,True
2991,đến tận nơi giúp đỡ là chuẩn nhất,lo_au,vui,0.019900456,0.26073956,,True
8476,đừng bao giờ đùa kiểu này nghe mọi người,gian_du,trung_tinh,0.107536696,0.2607839,,True
4972,đến gần đoạn cuối tao tắt âm xong vào xem bình luận rồi mới tua xem lại để minvolum . iq + vô cực chuẩn mẹ rồi,vui,that_vong,0.029478377,0.26102385,,True
4280,"Cám ơn thầy, thở đi thôi- là có cả kho tàng :)))<br>3 cách vượt qua bất ổn tâm lý <br>Cách 1: Phương pháp 5 nhìn 4 chạm 3 nghe 2 ngửi 1 nếm <br>Cách 2: Tư duy 3% <br>Cách 3: Phương pháp thở 4 thì",vui,trung_tinh,0.074142955,0.2610672,,True
976,Hết cứu =>,that_vong,vui,0.067167334,0.26110896,,True
817,Quý Dậu sao mệt mỏi lênh đênh thế ae,buon,gian_du,0.03867051,0.26126325,,True
3541,Mang bệnh tật của người khác để đùa cợt các bạn vui lắm nhỉ 🙂,gian_du,vui,0.08943069,0.26165685,,True
6859,"Hồi đó đi mua milo dầm quán bên cạnh mà bị mấy bạn nhân viên quán trà sữa guộc lú đầu qua nhìn xem phải khách guột của mấy bạn không, cảm giác như phản bội con vợ mình í",gian_du,lo_au,0.07236625,0.26178122,,True
1181,thích cái đầm nào mua cho bận ngủ cho mát nè :))) per,hy_vong,vui,0.115184166,0.2618122,,True
1075,cảm thấy mình thất bại :((,that_vong,buon,0.20158039,0.2618134,,True
5309,@CYRUS EDIT🎬🎮 anh em👍😉,trung_tinh,hy_vong,0.046798345,0.2622917,,True
1050,May quá có người rước hộ của nợ!,gian_du,hy_vong,0.027698975,0.26241714,,True
1344,Lê Hai iu nhiều 😍,hy_vong,vui,0.18489978,0.2624383,,True
5249,@LinglingVNWL great NARS X LINGLING KWONG #NARSSerumCushionxLingling #linglingkwong #หลิงหลิงคอง‌,vui,hy_vong,0.18161574,0.26251626,,True
2603,Phạm Tâm vs cái tôi cao như vậy tâm k quen dk ai đâu kug chẳng thể nào lm 1 ng con dâu tốt dk cái mỏ hỗn lắm,that_vong,gian_du,0.20282085,0.26267117,,True
9721,Cpi đây,lo_au,trung_tinh,0.060954835,0.26271993,,True
8641,Sắp tới phú quý i chang,hy_vong,trung_tinh,0.13904604,0.26277304,,True
1309,Nguyễn Phượng Người thương thì nói làm gì. Gia đình chắc xỉu luôn á. Con gái đi chơi bình yên khi về chỉ còn cái xác bị bầm dập vì tngt. 😥,buon,lo_au,0.14109036,0.2629115,,True
5900,Phóng hỏa vì không được lấy nhiều chồng 😞😞😞 Phụ nữ chúng tôi từ chối loại người này 😩😩😩,gian_du,buon,0.044909213,0.26293755,,True
6815,đi ngoài đường trái phải còn không biết mà vẫn sống thì giỏi đấy nhỉ,gian_du,trung_tinh,0.056838468,0.2630949,,True
6869,"@nangoc84 👉Ai trong con người cũng có lòng tham, chỉ có người biết kiềm chế lòng tham như thế nào thôi. (Giống như vào 1 lệnh future). 👉 Hãy kiềm chế con quỷ trong bạn. 🧠 1 dạng content mới - Giọng nói, postcard",trung_tinh,hy_vong,0.1943868,0.2632145,,True
9416,"không biết khuyên thế nào , nhưng chỉ cần bình tĩnh 1 xíu , dù gì thì cũng đừng tự sát , đời người chỉ sống 1 lần thôi ...",buon,hy_vong,0.13772526,0.26324093,,True
523,Phim ông cụ nấu ma tóe với thằng nghẹo mà nhiều lúc gớt cái nước mắt 🤧,buon,lo_au,0.15618852,0.2632873,,True
1329,Ss nào anh cũng bị 1 phen chết hụt. Đạo diễn ác vs anh vl,lo_au,gian_du,0.16702203,0.2633806,,True
6193,"Giờ ra đường gặp lúc trường THPT tan bọn choai choai tốp đi đầu phi ra trước phóng xe lạng lách mà hãi phải vội dạt sang đường. Chỉ lo nó đâm vào người đi đường vô tội. Hai thằng lõi này chắc chắn vi phạm luật lại còn trêu chọc, thách thức hoặc chửi bới hai chiến sĩ nên mới bị ăn đòn. Mong các a xử lí mạnh tay nữa cho chúng nó chừa chứ ko chúng mà gây tai nạn lại khổ gđ nó và xh",lo_au,gian_du,0.11421036,0.263396,,True
6514,Sách với chẳng vở chịu thua,that_vong,gian_du,0.12500802,0.26343918,,True
3189,"ảnh đẹp lắm , nhưng không có những người khổ này thì sẽ đẹp hơn 🙂",that_vong,hy_vong,0.06413618,0.26355708,,True
3447,@Ichigo😸🫶🏻 Ê ms gửi mà đăng lại miền munn hả 😍,hy_vong,vui,0.2309295,0.26360837,,True
1484,Giá như không bỏ học là giờ ổn hơn rồi🥺,that_vong,buon,0.20595428,0.2636754,,True
6647,"người ta ăn hàng tỉ lại phát 5 tr , còn gì là pháp luật nữa",that_vong,gian_du,0.15723841,0.2637015,,True
10145,đó là tìm đúng người còn sai người thì auto mối quan hệ kết thúc :)),hy_vong,vui,0.16414331,0.2637503,,True
5702,"Các giải đấu thế giới đang tiến lên 1 bước đỉnh cao như thời kì đồ đá. Ai mạnh là thành chúa tể. Sau này phát triển hơn là sẽ thả vô đánh tập thể, ai còn sống là vô địch",trung_tinh,hy_vong,0.10164187,0.26377803,,True
6043,vn là vậy . bn công chăm sóc của tao đổ sông đổ biển .,that_vong,trung_tinh,0.14268439,0.26385745,,True
9567,ông lại tự phức tạp hóa vấn đề lên thôi,gian_du,trung_tinh,0.07179656,0.26395547,,True
3072,"Nọng to Môi to Mặt mụn e đeo khẩu trang nghẹt thở, đau tai lắm ạ ông trời k có cho e nhan sắc nên ra ngoài e tự ti với mọi người xung quanh ai cũng đẹp đối với e s e xấu v ạ",that_vong,buon,0.16948232,0.26399308,,True
9218,Tướng như đàn ông thế kia bảo sao chả đau,trung_tinh,gian_du,0.07339018,0.26409277,,True
9657,tao thì ngược lại .. cắt xong nhìn như thằng trốn trại vậy,buon,that_vong,0.072302006,0.2642092,,True
5239,buồn hơn thế là đối với 1 đứa con gái năm lần bảy lượt chủ động ib họ nhưng vẫn bị xem thường ... xem mà đéo rep ... hết thương là vậy ... 😞😞😞,gian_du,that_vong,0.018114356,0.2644983,,True
7720,Nam mô a di đà phật Nguyện cầu hương linh em sớm vãng sang về miền cực lạc,buon,hy_vong,0.1477655,0.26479298,,True
6295,Phan Hoa Trâm dì ruột của cháu viết c nầy. Thương cle đó,buon,trung_tinh,0.052741278,0.26480514,,True
5556,Hương Huỳnh eoooo,gian_du,vui,0.027874017,0.26496005,,True
8577,đúng là không có nhân tính,gian_du,trung_tinh,0.10938341,0.26503274,,True
1802,đúng là như vụ thái nguyên luật pháp không nghiêm minh lên dẫn tới hậu quả coi trời bằng vung lên cứ ngược chiều đi,that_vong,hy_vong,0.08294635,0.2651394,,True
3548,moẹ ! nghe cái tên đã hấp con mẹ nó dẫn lắm rồi đây này ! đjln ??????,vui,gian_du,0.07708365,0.2651652,,True
3641,người ta khen tưởng người ta nói đểu k 🫠,lo_au,gian_du,0.115233116,0.26522976,,True
3902,Ly hôn giờ này là quá muộn rồi ý 😡😡,that_vong,gian_du,0.18446873,0.26523516,,True
2377,mập tự ti =( mỗi lần nhìn là thấy cục mỡ lòi ra ngại lắm,that_vong,buon,0.12488419,0.26527393,,True
9973,hình như bồ tao cũng tập gym 😶😶,trung_tinh,vui,0.072854325,0.2653193,,True
6966,à ừ đúng rồi tin người quá đến lúc nó đâm cho cũng không biết,lo_au,gian_du,0.07346817,0.26535356,,True
29,đứng tóp1 thới giới về bàn phím và yang hồ mạng chấp địa cầu này lun cx k bằg,vui,trung_tinh,0.053468276,0.2654192,,True
9734,Tụi này vào bờ thể nào cũng bị a e xã hội thăm nôm,lo_au,gian_du,0.10172015,0.26544863,,True
6302,"chiến tranh có gì vui đâu nhỉ , chỉ gây đâu thương",gian_du,trung_tinh,0.02899511,0.26555014,,True
6551,Nhớ bà cố xưa tôi nhỏ quậy như con gái kêu vô ăn cơm xoài lúc nào kêu t ăn lúc cố ko còn nhớ ai hết cái lúc đó tôi ddn lm cá cố nói con duy đau roi kêu vô nói nhỏ qua ngay cố mắt,buon,gian_du,0.092122115,0.26555133,,True
123,huhu nó bị điên à ?,trung_tinh,lo_au,0.039211437,0.26560307,,True
6341,Trường Bino thiếu mợ chợ vẫn vui,hy_vong,trung_tinh,0.016948046,0.2656167,,True
4817,rút kinh nghiệm lần sau cứ khách nào kêu tính tiền thì mình checkin phòng liền nếu tình trạng như vậy thì cho nó dọn phòng khi nào sạch thì cho nó về 😀,trung_tinh,vui,0.0539282,0.26564386,,True
8673,vợ chồng nhà này mặc quần áo ngủ đôi à ??,vui,trung_tinh,0.13632926,0.26578844,,True
1285,"Anh nghe em giải thích đi, không phải như anh nghĩ đâu",lo_au,hy_vong,0.078478254,0.26594973,,True
2695,Chênh lệch giữa những cuộc đời trong xã hội quá lớn 😔😔,that_vong,buon,0.20506747,0.26601008,,True
3880,nhìn stt đồng cảm khủng khiếp .,buon,vui,0.12084625,0.26604414,,True
1990,Sướng quá ơ ơ ơ!!!,vui,buon,0.09470423,0.26641548,,True
5189,Tích cực lên a oiiiiiii,hy_vong,vui,0.15828133,0.26643878,,True
8550,"Vừa nay đi làm về mệt quá xong, thất vọng toàn tập lun ...",that_vong,buon,0.13879606,0.2664712,,True
7536,"mình nhận test Ny nha, ib tụi để trao đổi",vui,hy_vong,0.10075628,0.2665647,,True
9319,Trọng Anh Nguyễn hảo có bị sao ko thế trọng,lo_au,trung_tinh,0.137662,0.26661366,,True
1478,Ngọc Quỳnh xem ik bạn kết HE,vui,trung_tinh,0.13490298,0.26662737,,True
1742,chụp xong về chia tay ráng chịu,that_vong,gian_du,0.13301422,0.26669133,,True
4167,per xem xong hình như tao mới bị thêm bệnh tiểu đường,that_vong,lo_au,0.12854196,0.26679462,,True
466,per không cho anh đi tập đâu nha mất bồ như chơi,lo_au,gian_du,0.07612752,0.2669138,,True
6955,từ ngày ra trường là chưa về,that_vong,trung_tinh,0.11164134,0.2669604,,True
3222,đôi khi hạnh phúc chỉ là những điều giản dị nhất mà chả ai nghĩ tới 😊,vui,hy_vong,0.200058,0.26720673,,True
4959,vẫn nhớ ngày đầu . lần đầu em có cảm giác được che chở như vậy :))),hy_vong,vui,0.19942915,0.26728988,,True
1214,sáng nay tao mới thấy 2 con này đi cùng,trung_tinh,hy_vong,0.17179173,0.26737672,,True
7451,Cháu nó ở nhà ngoan lắm đây. rồi các cháu có thể học làm người bình thường được k,hy_vong,trung_tinh,0.063333295,0.26746202,,True
6886,đm tao biết trước cả sự việc kiểu lìn gì cũng có nhện nhảy lên màn hình . vì mấy năm trước cũng có 1 thể loại giống như vậy . đm hú nhồn,lo_au,gian_du,0.028960045,0.26764816,,True
4579,"ey thíu nha, cái này nổi bật lắm, 3 lần đánh bại Mông Cổ ( quốc gia mạnh mẽ nhất thời bấy giờ)",vui,hy_vong,0.21957067,0.2679705,,True
3683,"Hút nước mà có topping để ăn kèm thì nên dùng thân lưỡi chặn đường cuống họng lại, có lẽ bé hút mà thả lỏng khoan miệng ra nên mới xảy ra chuyện đau lòng này ☹️",gian_du,that_vong,0.07169638,0.26803774,,True
451,khiếp gì mà đánh người ta đến nỗi vậy 😵‍💫,lo_au,gian_du,0.11203415,0.26832607,,True
1741,"hai thằng đó sẽ .. nhau , cô về nhà nằm mơ típ đi cô bé",gian_du,hy_vong,0.022754781,0.2683555,,True
5104,"tốt nhất là đừng crush ai ngoài bản thân ra cả , để khi nhớ thì chỉ cần lấy gương ra nhìn cái là được 😑",hy_vong,that_vong,0.025785932,0.2684298,,True
6771,tao muốn con mèo thôi =)),hy_vong,vui,0.20637757,0.2684609,,True
4264,tôm này vào là nó diệt hết tôm bản địa luôn,lo_au,gian_du,0.124210306,0.26848242,,True
1284,chỉ còn lại tro tàn,buon,trung_tinh,0.070685185,0.2684903,,True
7120,cho đi luôn bớt lo,trung_tinh,gian_du,0.091526195,0.26849312,,True
3863,Thuỳ Dung Bình thường giao thông sẽ có camera đợi 1 2 ngày nữa có sẽ video nên chưa biết ai đúng ai sai được… ở đâu mình không biết chứ dưới mình bỏ chạy mà bắt được lấy xe về xã xử lý chứ không có đánh như này… 😂,trung_tinh,hy_vong,0.07757983,0.26861262,,True
28,khoann đợi xíu nghe em đã,hy_vong,vui,0.10442921,0.26866734,,True
5059,công nhận già thật,trung_tinh,gian_du,0.15475814,0.26878798,,True
6015,per sắp bị đuổi khỏi trường rồi nhé 😉😉,trung_tinh,vui,0.12671593,0.26881593,,True
7809,chả bt có nhan sắc ko nhưng tự tin mik đẹp nhứt=)))),hy_vong,vui,0.2359167,0.26888138,,True
910,"ê đang thấy vậy luôn nè mặc dù được anh lead nxet là thích nghi nhanh nma t tự thấy t đần vcl huhu, kiểu mng nhảy số rất nhanh còn t thì load siêu chậm luôn ấy",that_vong,lo_au,0.15895268,0.2691067,,True
5804,lúc nào t cx ngại😭,lo_au,buon,0.19841814,0.26911494,,True
3789,per hôm nào chụp kiểu nhỉ .,hy_vong,trung_tinh,0.15293716,0.26911673,,True
7086,trầm cảm trong tình yêu quá bây ơi,that_vong,buon,0.04971865,0.26917094,,True
575,không cẩn thận phát là ngậm bả như chơi,lo_au,gian_du,0.14245963,0.26928404,,True
8145,"chuẩn luôn , áp lực công việc cũng không bằng mối quan hệ với đồng nghiệp",that_vong,lo_au,0.10856853,0.26929897,,True
10122,"ngại vì chúng ta chưa quen nhau, để 1 thời gian đi, r m mới biết t khùng điên như thế nào:))",vui,hy_vong,0.033480126,0.26930103,,True
9996,"thôi không níu giữ kí ức xa vời , và chẳng bao giờ thuộc về nơi em",that_vong,buon,0.20944229,0.26930785,,True
225,bốc toàn trúng may mắn lần sau,buon,trung_tinh,0.056105282,0.26932847,,True
4427,Cno cứ khen Nhật bản khôi phục nên kinh tế thần kỳ mà k nhìn Việt Nam ta cũng mới khoảng 30 năm trở lại đây sau hàng ngàn năm chiến đấu có dc như htai,vui,that_vong,0.013699487,0.26936352,,True
4937,a ấy nói đúng vầy vừa nta dọn cũng khổ nta chứ . phục vụ xog lại phải dọn nữa,that_vong,gian_du,0.18389551,0.26944768,,True
6181,đã trải qua và thấy chuẩn cơm má nấu,vui,trung_tinh,0.1178977,0.26964128,,True
8109,ko phải do bạn xấu chỉ là do bạn không tự tin mà thôi..,hy_vong,trung_tinh,0.08630547,0.26968563,,True
1743,nuôi sao mà trông béo tốt thế kia :v chỉ bí quyết đi,vui,gian_du,0.09096751,0.26973802,,True
1777,chời ơi mới chụp răng 2 bữa trước về không ngủ được tới nay luôn,that_vong,lo_au,0.1265546,0.2701856,,True
8895,Xem lip mà giận người đang ông nhìn thấy mà ko kêu cứu khi người này xem thấy tôi nghĩ ám ông cả đời vì tội vô cảm mà mất đi 1 cô gái trẻ xinh đẹp như vậy mong Em yên nghỉ,that_vong,buon,0.18215366,0.27038118,,True
5973,"Chị Giang ơi, em hay bị tật muốn ở một mình và hạn chế tiếp xúc hay trò chuyện với người khác, lúc còn sinh viên em nghĩ đó là chuyện rất bình thường nhưng kễ từ khi đi làm em nghĩ đó là một trong những khuyết điểm lớn của bản thân. Chị có thể cho em lời khuyên không chị.",lo_au,hy_vong,0.15236694,0.27042577,,True
1153,tại vì anh trót nói lời thương em mà em không đáp lại,that_vong,buon,0.21502496,0.27047804,,True
6891,Thy'y Chinh có video kh,hy_vong,trung_tinh,0.15406787,0.27056837,,True
7681,"Hội Vũ úi Câu nói này được, xịn quá 🥲",vui,buon,0.03638527,0.2705822,,True
5043,Chính quyền đã cảnh báo chứ phải không,trung_tinh,gian_du,0.14892387,0.27061075,,True
7209,nhiều khi làm ks gặp khách hai lúa mệt vê ca lờ . ks không cho mang đồ sống đồ hải sản lên phòng . tụi nó giấu trong balo mang lên tới khi lên dọn nhìn cái phòng muốn mửa,gian_du,lo_au,0.114064805,0.27070242,,True
4845,"dăm ba cái thể hiện tình cảm này ngày xưa tao đầy , nhưng từ ngày cưới xong đi qua đường chắc chồng tao rơi mất não nên chưa thấy lặp lại bao giờ .",gian_du,that_vong,0.13066855,0.27094942,,True
8587,nghiệp hơi nặng nha !. làm hết hồn,that_vong,gian_du,0.11672217,0.27095747,,True
1494,"<b>Ngủ</b> và <b>thức</b> là 2 từ trái nghĩa, vậy tại sao <b>ngủ dậy</b> và <b>thức dậy</b> lại là 2 từ đồng nghĩa? =)))",vui,trung_tinh,0.12031702,0.27104855,,True
4457,"Đăng Thắng tùy mỗi người còn mình vẫn ý chí ko bao giờ đi đánh ghen, ko bao giờ muốn tha thứ,1 khi đàn ông họ hết thương mình thì đi đánh ghen làm chi cho mệt",trung_tinh,gian_du,0.039390728,0.27104995,,True
7449,dự định tao là 28 nhưng giờ mà có bồ là bắt cưới luôn chớ sợ ế haha,hy_vong,lo_au,0.14350554,0.2714272,,True
548,đọc bình luận cười ẻ,vui,gian_du,0.10363475,0.27169532,,True
1997,chảy cả nói chuyện mắt,trung_tinh,buon,0.036639553,0.2718838,,True
729,crush mới thích ảnh tao mà tao đã . nghĩ đến chuyện đặt tên con rồi,hy_vong,that_vong,0.020519169,0.27191436,,True
4514,Pham Thanh Hoa nghe nói cũng đã te ra quần rồi em sơ thật,gian_du,trung_tinh,0.045913108,0.2720188,,True
8864,vừa xung điện tim xong ra ngoài bác sĩ lắc đầu cả nhà tao đưa bác sĩ vô nằm kế tao,lo_au,vui,0.03373157,0.2720319,,True
666,dự là 30 mà 30 sợ già quá chả chó nào nó rước . năm nay đã 26 rồi mà vẫn chả ai thèm yêu 😔😔😔,that_vong,lo_au,0.16600917,0.27218634,,True
8009,"Ngọc Vân T đọc bài này lúc 2h30 sáng, khóc trong lòng nhiều chút",buon,lo_au,0.06591876,0.2722221,,True
7435,bắt cóc bỏ đĩa . quanh đi quẩn lại chỉ khổ dân đen thôi !,that_vong,gian_du,0.19462837,0.2722575,,True
5371,có tiền mua cả cây nhỉ,hy_vong,trung_tinh,0.16011468,0.2722658,,True
8302,Hi a🎉,trung_tinh,vui,0.14965373,0.27230617,,True
728,thành phần nào cũng có ăn hiếp con gái thua cả súc sinh,gian_du,trung_tinh,0.061147,0.27248245,,True
8924,Ơi Trời ra đúng thời điểm em đang cực kid stress huhuhuuu. Yêu c quá cứu tinh của em,vui,buon,0.026433524,0.2725673,,True
1504,Tự nhiên đi kêu 1 thằng mà mình đánh thua tận 5 lần đi quy phục và triều cống mình nghĩ xem nó chịu không bảo sao chết là phải rồi,gian_du,that_vong,0.10834536,0.27294928,,True
6462,Tống Duy Anh ko biết 2 con ác quỷ sát nhân có gặp nhau k,lo_au,gian_du,0.13621347,0.27298597,,True
9579,chắc phải 6 năm chưa nấu kiểu này rồi trước nấu hôm đầu cơm dẻo ai cũng khen ngon,vui,trung_tinh,0.03180615,0.27301842,,True
6719,may nó không đâm cho lòi ruột,hy_vong,gian_du,0.019783085,0.2730334,,True
1552,tao đã từng viết như thế này . bây giờ không muốn ai đọc chỉ có đốt mà lười đốt,gian_du,that_vong,0.021930572,0.27305755,,True
2532,@lanh💢 ôn thi shao r ..?,lo_au,trung_tinh,0.045913298,0.27311817,,True
9432,hồi xưa làm fanpage được gạ kèo 7 triệu nhưng nhất quyết không bán . cảm thấy quyết định đúng đắn nhất trong đời,hy_vong,that_vong,0.029630167,0.2731294,,True
7138,có ý định nhai hết hộp kẹo điểm danh đi 😌😌,trung_tinh,hy_vong,0.12668537,0.2731538,,True
2755,khi bạn ngu tất cả các lĩnh vực như toán học văn học nhưng vẫn cố tỏ ra nguy hiểm,gian_du,lo_au,0.1499585,0.2731717,,True
6419,mong bà nội t thấy và tự ái😌,hy_vong,vui,0.034928467,0.27329776,,True
8910,"mất 1 phút để say mê một người , một giờ để thích một người và một ngày để yêu một người nhưng có thể lại mất một đời để quên đi hình bóng ấy . đấy là câu xạo lol trong ngôn tình thôi chứ tin thế đéo nào được",buon,that_vong,0.06811316,0.27334267,,True
5420,Vai năm sau tư thấy mình ngu mà thôi vi môt đưa k qt mình thì quá ngu,buon,gian_du,0.060930368,0.2733827,,True
2495,ngày ấy cũng từng như vậy ☺️,vui,buon,0.10621112,0.27342206,,True
5512,"@simondalat em đang mơ giấc mơ cypto giúp em bứt phá, và đoạn đường e đang đi đã dc 1/3 rồi Thầy. Liệu có quá ảo tưởng không ạ?",lo_au,hy_vong,0.13346402,0.27358764,,True
6025,"@nangoc84 Mọi thứ đã qua rồi, chỉ còn tiếc nuối chứ làm được gì. Hi",buon,hy_vong,0.16924356,0.2737249,,True
1905,Nhiều thế? Cấp số nhân thì không biết sẽ như thế nào?,lo_au,trung_tinh,0.08843487,0.27381766,,True
6350,Ko tự lượng sức mình rồi,gian_du,buon,0.03823565,0.27384308,,True
5599,cuộc sống thật chua cay với tao,that_vong,hy_vong,0.040938783,0.27388602,,True
8634,Nguyễn Tài chứ mỗi lần xem phim kinh dị VN là thất vọng vãi,that_vong,vui,0.11964587,0.2740053,,True
7944,buồn cười vãi ý,vui,buon,0.061637763,0.2740638,,True
4898,per viêm màn túi cấp nghiêm trọng,lo_au,trung_tinh,0.09883407,0.2741608,,True
1278,Ưn Chi định up lên cho thiện hạ bênh cơ mà ko thành à,that_vong,gian_du,0.08934254,0.2741651,,True
6488,thời buổi này là thằng con trai trước hết phải có khả năng kinh tế phải nuôi được bố mẹ rồi hãy tính đến chuyện kết hôn,trung_tinh,hy_vong,0.21300462,0.27426082,,True
5473,có khi nào mình thích anh hàng xóm vì mình thích con mèo nhà anh không nhỉ :<,hy_vong,buon,0.08846351,0.27433574,,True
8445,"Đàn chim này sẽ đc bán đi để làm thịt, nên các thầy mua lại để phóng sinh. Ở mỗi góc độ ý nghĩa lại khác nhau.",buon,hy_vong,0.10096585,0.27456003,,True
3601,Yến Linhh Còn cả 1 tương lai phía trước luôn ấy.,hy_vong,buon,0.023667289,0.2746123,,True
6895,Ngọc Huyền ng ta giục oy kìa lấy thôi,gian_du,trung_tinh,0.16544701,0.27461708,,True
5653,Có mỗi một ông anh nhưng rất thương em gái và các cháu . được bà chị dâu thì có gì ăn cũng gọi Mỗi tội mẹ và chị dâu thi thoảng lại ko hợp nhau 🥲,gian_du,buon,0.029503498,0.27480328,,True
1026,tôi ko biết ngại là gì nữa rồi,trung_tinh,lo_au,0.0806304,0.274912,,True
8838,"Làm gì có đàn ông như vậy , bớt mơ nha mấy mợ !!!",gian_du,hy_vong,0.06141717,0.2750909,,True
5178,thấy per hất môg thằg đó bay hài lòng dễ sợ,vui,lo_au,0.16464345,0.2752623,,True
427,"Học được nhưng lười. thầy cô vừa mang vào đội tuyển, luyện đc 1 tuần thì lười, thế là xin out. Đi làm mới nhận ra tầm quan trọng của việc đạt điểm cao, đạt thành tích này kia khi còn đi học quan trọng thế nào.",buon,that_vong,0.13422738,0.27544272,,True
5822,"Low Tech chuổn, Glenn hẹo là coi như hết film",that_vong,vui,0.06624415,0.27544332,,True
6095,Hok biết có bán hết vé số hok,lo_au,vui,0.041960128,0.2754819,,True
1349,"xưa trồng mới có trái nay. xem đời này, biết đời trước. xem giờ sống sao, ắt biết đời sau. anh, chị thông cảm nha, thấy sao nói vậy.....",trung_tinh,that_vong,0.045353826,0.27564168,,True
8296,như ốc bươu vàng thì là thảm họa rồi,lo_au,trung_tinh,0.04212972,0.2757152,,True
7316,"Mấy chn này trên app là bình thường bà ui, lần sau thấy ngta ko rep thì tự hiểu đc rồi",gian_du,trung_tinh,0.08874544,0.27572364,,True
2068,per đứa nào nghĩ ra được cái qcao hay vãi ...,vui,gian_du,0.17408352,0.27572778,,True
8666,"Thai Tu Hoang phạt thì nó có bị phạt đâu cha mẹ đóng phạt rồi thôi. Thương con kiểu nó chán nó nghỉ học cũng ko giám nói, rồi nó chưa đủ tuổi nhung thương con mua xe ex 150 để con đi chơi với bạn bè thì đủ hiểu 2 thằng này sau này chỉ làm cướp thôi.",that_vong,gian_du,0.18535778,0.2757641,,True
2378,"khổ thân người dân , trước dự án cao su là dự án cà phê , làm thêm dự án nữa coi như một đời bỏ phí",buon,that_vong,0.13467656,0.27583218,,True
9632,""" học từ bỏ những thứ trời không cho "" nói thì dễ nhưng nhiều lúc quyết tâm lắm vẫn không làm được .. 😢😢😢",that_vong,buon,0.22089173,0.27584982,,True
1581,"@quachvinhkhoa quên thì ko ai quên đc, chỉ là mình có nhớ về nó hay ko thôi",buon,hy_vong,0.14472578,0.2759214,,True
3426,Chiến Bkt nói tí fan bay vào vã k trượt phát nào,vui,gian_du,0.051202048,0.27609384,,True
2071,Dương Thùy tag tui mà nick ảo tui dô like,trung_tinh,gian_du,0.09751154,0.2761532,,True
703,per ngồi ôm bụng cười và liên tưởng đến nhiều nhân vật,vui,trung_tinh,0.07767891,0.27619174,,True
10093,Đăng Hoàng cậu nhà mình dạo ni nói hay hè,vui,trung_tinh,0.10458807,0.27634603,,True
1371,thấy thương quá mạnh thường quân giúp đỡ cho 2 em,hy_vong,buon,0.18739773,0.27640998,,True
8950,nuôi kiểu gì mà để bé vậy đây :((((,buon,that_vong,0.17448732,0.27642405,,True
9955,Người ta có người yêu rồi <br>Yêu một mình là điện cuồng,that_vong,vui,0.025412556,0.27644277,,True
2155,per my nè kkk,trung_tinh,vui,0.13943307,0.27648547,,True
1091,coi ảnh này nổi cả gai ốc,lo_au,buon,0.08569884,0.27649972,,True
6396,"tao khuyên mày , bật lên mr . siro lên mà nghe , đời sẽ vui vẻ hơn =))",vui,hy_vong,0.24133176,0.27658492,,True
8275,Tại con Jane nó hù ổng trước.,trung_tinh,lo_au,0.02082424,0.27665126,,True
5623,Đức Trần mỗi việc đều có cái khó của riêng nó chứ sao so sánh thế được,trung_tinh,gian_du,0.12074173,0.2766843,,True
6250,nhìn vừa tội vừa thương ????,buon,gian_du,0.07772144,0.276806,,True
4758,tao đẹp trai vào trang tao mà coi đi,vui,trung_tinh,0.033574354,0.27687252,,True
720,thực ra là ko biết mở lời ntn,lo_au,trung_tinh,0.08739078,0.27697456,,True
2494,"Bãi biển đẹp thì bị các khu resort chiếm hết, bãi biển ngoài khu resort thì không khác gì cái bãi rác và nhà vệ sinh công cộng, đi 1 lần xong ám ảnh luôn.",gian_du,lo_au,0.16133979,0.27711552,,True
3507,Nhà còn 1c mới mua chưa kịp ăn nữa 😡,buon,gian_du,0.048794426,0.27725607,,True
7582,"đúng em có khuyết điểm thường bị so sánh, tự hỏi tại sao mình đã làm gì sai mà phải nhận lại những lời nói tiêu cực chứ?",buon,gian_du,0.033864602,0.27741224,,True
1037,vãi độc đấy,lo_au,vui,0.02204499,0.27741343,,True
3196,tôi từng được sống . nhưng đấy là truyện của năm ngoái rồi,that_vong,trung_tinh,0.19273293,0.27760366,,True
9363,"giờ nghĩ lại mới thấy vui thế , đến nay bạn bè lập gia đình cả rồi :(((",buon,that_vong,0.18348,0.27772927,,True
3135,Em sắp thi rồi em nản quá😔,lo_au,buon,0.16920094,0.2778527,,True
6733,mất niềm tin vào đàn ông chứ chưa từng mất niềm tin vào tình yêu ;,hy_vong,that_vong,0.061960213,0.2779048,,True
9263,chưa bao giờ b đến đích là gì cả,that_vong,trung_tinh,0.1657688,0.27807307,,True
4074,và khi quay lại nói chuyện với nhau .... biết nói gì giờ huhu,that_vong,buon,0.1982838,0.27816895,,True
6344,"chọn thằng nào không quan trọng , vì đằng nào cũng không có thằng nào nó thích em đâu mà ảo tưởng",that_vong,gian_du,0.1444485,0.27822286,,True
129,Nhìn lại mà thấy nhiều người còn hoàn cảnh 😳,buon,gian_du,0.08166548,0.27834564,,True
6824,Trần Thao hở ra chỗ nào ?,gian_du,trung_tinh,0.18083085,0.27835885,,True
4868,Xuân Nghĩa xem phim Hàn Quốc và phim Mỹ quá 180 phút.,gian_du,trung_tinh,0.07005098,0.27837133,,True
1672,Vinley Vinley 277 roi b oi nhưng vẫn phải đợi kết quả kiểm phiếu.,that_vong,hy_vong,0.044257935,0.27839985,,True
2712,cô ơi nhiệt tình là tốt nhưng bản thân phải an toàn trước 😗,trung_tinh,vui,0.062313564,0.27855724,,True
8938,sau này nhất định phải nói chuyện lịch sự không phải một người đọc mà là mọi người cùng đọc,lo_au,trung_tinh,0.05814731,0.2785892,,True
2578,Đi xem em ơi o nhà buồn khó ngủ lắm,buon,lo_au,0.1022023,0.27863535,,True
5007,"mới đầu mày sẽ thấy vui , từ từ nó quậy cho mày ????",gian_du,trung_tinh,0.13141407,0.27889162,,True
2323,Xem xong vẫn nghèo :(,that_vong,buon,0.23414603,0.27897203,,True
1675,@★Andrealphus★ Em khi ở trên trung tâm nè ✨,trung_tinh,hy_vong,0.14017342,0.27901745,,True
6673,Hân Hân voãi,trung_tinh,gian_du,0.08443299,0.2791837,,True
5070,No biết sắp bị đón dot,trung_tinh,lo_au,0.049544405,0.27923745,,True
387,được đấy tao thích,vui,trung_tinh,0.13901597,0.27928752,,True
7378,"K quen, k biết mà đau đến nao lòng,cầu mong cô gái xinh đẹp siêu thoát con nhé",buon,hy_vong,0.19643837,0.27930057,,True
978,tớ bị đẩy té ngã cũng chỉ biết cười không dám khóc..,buon,lo_au,0.2069647,0.27939838,,True
8975,cho họ đi tù đi ạ 🙂,hy_vong,gian_du,0.08438738,0.27952752,,True
1691,tại giao tiếp kém thôi lúc nói ra thì k ai nói lại với cười nên cũng ngại lắm:p,buon,lo_au,0.17050979,0.27973568,,True
1608,"chẳng phải chuyện hài nhưng sao tao thấy buồn cười quá , chắc thần kinh có vấn đề",vui,that_vong,0.012906061,0.27986273,,True
8014,kể mà nó biết cử độg vẫy vẫy nữa thì tuyệt con mẹ nó vời ??????,hy_vong,gian_du,0.025776664,0.27993137,,True
3912,đứng tim luôn,lo_au,vui,0.09216942,0.2799369,,True
3564,đường của nhà nước co phải nhà cụ đâu mà kêu ca,gian_du,trung_tinh,0.15934594,0.2800163,,True
1960,per trailer không có tiếng thôi mà đã thấy ghê rồi đó !,lo_au,gian_du,0.1099526,0.28004497,,True
937,Gia Bảo coi đi ck,hy_vong,trung_tinh,0.15868606,0.28005174,,True
762,Phan Thị Thu Ngân kkk ko chạy đi mô đc,vui,trung_tinh,0.070087366,0.28024286,,True
7656,không có bạn trai ... thì giận ai 😑😑,gian_du,that_vong,0.05689313,0.28029418,,True
6140,ổng đang chán ai tán yêuc luôn,buon,vui,0.034091253,0.28035522,,True
7814,em chân thành nên em tổn thương !,that_vong,buon,0.23438632,0.28039372,,True
9043,Tiêu cực từ những HATERS bình luận vào channel của em làm em rất thất vọng luôn. Thanks chị vì video rất bổ ích.,that_vong,hy_vong,0.03290765,0.28049815,,True
7396,"ở cùng nhau hơn nữa cuộc đời,8 năm bên nhau vậy mà t chẳng hiểu cô ấy bằng một người mới ở bên cô ấy 1 năm....",that_vong,buon,0.23486607,0.28093156,,True
7260,đúng là lợi ích kinh tế lâu dài .,hy_vong,gian_du,0.045027312,0.2809413,,True
8489,Nếu là sếp mình sẽ thử bằng 1 con ốc nhỏ hơn,trung_tinh,hy_vong,0.19190352,0.28103068,,True
2220,c trai như thế nào tuyệt chủng rồi,buon,trung_tinh,0.043951795,0.2810529,,True
9584,"nhìn là biết sapa rồi , thế cũng đố",that_vong,trung_tinh,0.10339749,0.2810811,,True
1818,em hướng ngoại hay nói chuyện với mọi người xung quanh nhưng em không nói chuyêm với gia đình,trung_tinh,lo_au,0.07586501,0.28116733,,True
1689,Mất dậy quá,buon,gian_du,0.13262662,0.28133917,,True
5419,per mốt đừg có thiết kế hay xây mấy cái kiểu như dị nhé hem ><,lo_au,hy_vong,0.041698992,0.28153956,,True
4302,Mai Nhật mong bạn giúp đỡ 2 em ấy. Nhìn mặt 2 em hiền vs phúc hậu nữa .,hy_vong,buon,0.19335073,0.28154096,,True
6794,"có hôm nó lo đọc cho mình nên không chép kịp bài , cô giáo bắt phạt đánh đòn cả hai đứa . năm sau bạn í chuyển trường mất , nhớ bạn quá !",that_vong,buon,0.15097716,0.28155422,,True
1894,Cảm ơn các bạn đã cho con nhg ngày cuối đoi hạnh phúc,buon,hy_vong,0.12826826,0.28171322,,True
5110,Tên con t t tự đặt khỏi loooooo,gian_du,buon,0.052833628,0.2818857,,True
9520,ad cho hỏi nghệ an lúc nào mưa vậy ah 🌧🌧.. ốm cũng cam lòng chứ vã lắm rồi 🥵🥵,lo_au,that_vong,0.06413096,0.28205797,,True
1752,Nguyễn Yến xác nhận đúng nhà này đánh đấy b,trung_tinh,gian_du,0.2091344,0.28216285,,True
8785,"công trình 850 năm tuổi , xây dựng 100 năm mới hoàn thành chỉ còn là đống cháy sắt vụn .",that_vong,trung_tinh,0.1325216,0.28220665,,True
5425,Với mình sức khoẻ và trí tuệ là số 1,trung_tinh,hy_vong,0.06486405,0.28229895,,True
3583,"suy nghĩ về tương lai, lo cho hôm nay",lo_au,buon,0.18932936,0.2824471,,True
3606,Nguyễn Thị Ngọc Lan kiếp sau chắc gì đã gặp a mà oánh,trung_tinh,gian_du,0.11850454,0.28258386,,True
1178,"em hôm trc đc chị kia để ý và cj củng show mặt,chị quan tâm em lắm,xong có một ngày em show mặt xong em nhắt chị xong cj lại k nhắn r còn bảo bị cấm khi đó cj lại nhắn trong nhóm,em nhắn từ đầu đến cuối vẫn k rep,em vào game thì thấy cj đang chs v tk khác",that_vong,lo_au,0.12523371,0.28260353,,True
567,"Hoàng Thị Thủy Những loại đấy nó ko mở mắt, sáng não ra đc đâu bác ơi. Vì chúng nó làm gì có tgian xem phim, chúng nó chỉ có tgian thúc đốc con học, học, học, rồi so sánh con nta học chỗ này, học chỗ kia.",that_vong,gian_du,0.13924621,0.2827293,,True
113,có 5tr thôi à,that_vong,trung_tinh,0.116629936,0.28274614,,True
9039,"Mình đang có dấu hiệu stress, mình đang xấu tính đi mỗi ngày.",lo_au,that_vong,0.05551608,0.28275764,,True
7166,mãi đến sau này tôi mới biết. họ không yêu tôi. nhưng vẫn chọn tôi. sống với 1 người không yêu mình thì hiểu rồi đó,buon,that_vong,0.16612612,0.28277078,,True
1473,xong tao đưa mày uống nha,trung_tinh,hy_vong,0.12810619,0.28295144,,True
733,Xám lộn,gian_du,trung_tinh,0.05067347,0.2830631,,True
1537,"Chị Giang nói đúng quá.....em đã bỏ mối quan hệ độc hại vs ba em từ 5 năm trước<br>Kết quả mẹ em và em thoải mái sống hơn,phát triển bản thân hơn đặc biệt mẹ em nay đi ra đường tự tin với bạn bè hẳn hơn..........có lẽ đó là điều hơn 15 năm làm vợ mẹ em chưa bao giờ dám làm",hy_vong,buon,0.102750316,0.28310707,,True
3461,đúng người đúng thời điểm,hy_vong,vui,0.077741325,0.28317234,,True
1427,Quê t nhưng t chỉ bảo là quả báo thôi :')) Đắt đỏ quá,that_vong,vui,0.098719254,0.28317466,,True
2020,link nhạc toàn cực phẩm,vui,gian_du,0.07157959,0.2832931,,True
698,Mắt bên 1 mí bên 2 mí mặt mụn răng không đẹp 4 năm rồi không dám cười mà không che miệng tự ti đến áp lực,that_vong,buon,0.13110022,0.28330502,,True
1542,đừng vì câu nói người khác mà làm bản thân bị tổn thương nha các bạn. Mỗi người có 1 vẻ đpej riêng mà. Nhan sắc chỉ là nhất thời thôi...,hy_vong,that_vong,0.0378038,0.28345647,,True
8291,đôi mắt đằm thắm vãi,hy_vong,vui,0.02621958,0.28366464,,True
4656,"Hồi còn nhỏ, thấy mấy chú, bạn trai của dì, chạy xe bảnh tỏong, áo sơ mi, râu tóc ngay ngắn, nhìn ngưỡng mộ ghê.<br><br>Giờ mình 30 vẫn còn ngồi quán net, đc cái lương 30tr, mà lười cua gái, nên râu tóc mọc như người rừng",that_vong,vui,0.109649174,0.28378,,True
778,Gặp đúng người sẽ nói chuyện rất nhìu,vui,trung_tinh,0.099388,0.2838725,,True
9758,"Tuy lúc này em xem đã hơn 1 năm trc khi chị ra video này. Ko bt chị có đọc dc ko, nhưng em cug cảm ơn chị rất nhìu vì nhờ chị em có thể bỏ đi những thứ tiêu cực trong đầu em! 🙂🙂🙂",vui,buon,0.04903436,0.28387535,,True
9701,"Phim hay vãi ò, đ hiểu sao k được đề cử Baeksang nào 🙁 Cốt truyện vừa cuốn mà lại lắng đọng sâu sắc nhiều cái vl. Xứng đáng 10đ",buon,gian_du,0.04676268,0.28392905,,True
2599,93 mà chênh vênh quá..ko nghĩ mh đã 30 rồi😑😑,lo_au,that_vong,0.09227255,0.2839896,,True
5588,nên công bố để răn đe,trung_tinh,gian_du,0.14730473,0.28405344,,True
10109,Ôi thần linh ơi,lo_au,buon,0.07692424,0.28412747,,True
6291,may mình đi làm rồi chứ 10 năm trước chắc sẽ phát khổ với bố mẹ vì mấy tin con nhà người ta như thế nào,vui,buon,0.00859982,0.28418693,,True
3070,không biết luôn á,trung_tinh,lo_au,0.056577872,0.2843271,,True
9260,tội cho cô gái ;((,that_vong,buon,0.22375007,0.28433797,,True
8199,s tao lại muốn ăn cái này quá làm cho cay vào chua ngọt với sốt me thêm đậu phộng thề luôn 4kg tao ăn cũng hết,hy_vong,lo_au,0.015463546,0.2844087,,True
7645,@👑Nào tháo niềng đổi tên 🧬,vui,hy_vong,0.15828876,0.28451243,,True
1282,"K sao nhưng trận này đánh hay, lát t sẽ xem lại 🥰",vui,hy_vong,0.25115106,0.284559,,True
2716,Chỉnh sửa ảnh Free bọn nhà báo thôi,gian_du,trung_tinh,0.09266837,0.284633,,True
6698,Tiếp tục ra video tiếp anh nhé,vui,hy_vong,0.10559103,0.28474325,,True
4998,Chú lac quan quá,hy_vong,gian_du,0.017254943,0.28481448,,True
9323,"Khi mày ko có tiền thì đừng nghĩ yêu đường làm gì cho mệt, đừng cố thêu dệt sự chân thành mà nghĩ gái nó sẽ đáp lại. A đây khi mới ra trường lương thấp 5tr ko dám yêu ai, nghĩ bụng khi nào lương 10tr mới dám kiếm ng.yêu. Mà khi lương 10tr rồi, thì cái tiêu chuẩn của tụi gái nó cao lên, nên thành ra cũng chưa đủ tự tin để kiếm gái. Đến khi lương 20tr rồi mới bắt đầu có bạn gái. Rồi khi lương 35tr thì bạn gái vẫn còn quen mình. Đến bây giờ thì lương gấp 4 lần như vậy, cô ấy vẫn còn chọn mình. Nêm tôi cảm thấy vẫn còn may mắn khi cô ấy vẫn muốn ở bên cạnh mình.",vui,that_vong,0.011615816,0.28486764,,True
1884,"ảnh chết xong là t kh xem tiếp nữa, suy cả tháng",that_vong,lo_au,0.17199776,0.28495258,,True
9464,"Hoàng Thu Trang nghe bố nó kể lớp 9 đã nghỉ học, có tiền mua xe máy khối phân lớn cho con nhưng k có tiền cho con học, ở nhà tôi chưa từng đánh cháu vì điều gì ngoan, công nhận ngoan",buon,gian_du,0.040035404,0.28497863,,True
1841,lúc ngoại còn sống cũng hay xin ngoại 10k 2 chục gì đó,buon,trung_tinh,0.0963697,0.28498316,,True
7884,Nếu chó đi rong bên ngoài thì nên để họ bắt hết. Mẹ tôi vừa bị tai nạn do chó thả rong tốn gần cả trăm triệu mà có ai ra nhận chó mình đâu,that_vong,gian_du,0.21437806,0.28498667,,True
8799,hãy bốc đồng lên,vui,hy_vong,0.061550897,0.2850758,,True
10018,per nói bao nhiêu lần cũng không thấy đủ ... em yêu anh,hy_vong,vui,0.12780502,0.2851001,,True
8677,Hi thầy :3,trung_tinh,vui,0.13653891,0.28530043,,True
4355,"trai xinh gái đẹp thời đó , nhìn cái xe là biết giáo dục có điều kiện rồi",trung_tinh,vui,0.061522044,0.28535634,,True
5470,Em học cấp 1 cấp 2 rất là tự tin hướng ngoại rất dễ giao tiếp mà từ khi năm lớp 11 cho đến 12 thì bắt đầu rụt rè không thể giao tiếp với người lạ =(((,that_vong,lo_au,0.14522588,0.2854232,,True
9797,"Trời ơi,xem xong clip này, tôi phải suy ngẫm lại,từ rày về sau tôi sẽ kg tiêu xài phung phí nữa 🤔thích gà lang thang từ YouTube qua bên đây luôn 👍",buon,vui,0.02332066,0.28554702,,True
5941,Hong phải em đâu sốp ơi,lo_au,hy_vong,0.028061287,0.28558856,,True
3964,"50%thoi, còn tùy theo GĐ nữa nhé",trung_tinh,hy_vong,0.2182012,0.28560537,,True
7729,nên xử lý nghiêm khắc,hy_vong,trung_tinh,0.042335704,0.28579402,,True
2188,"Qua tới giờ,vẫn chưa có ai biết nội tình kể nghe để tui đi đồn hết trơn.",that_vong,buon,0.18897726,0.28588018,,True
8708,94 . Mất phương hướng . Quá . K biết rẽ lỗi nào cho đời bớt chông gai,lo_au,that_vong,0.046115573,0.28599483,,True
8563,Giá như cố gắng thêm thì bme cũng đã ko phải khổ như bây giờ 🥺🥺🥺,that_vong,buon,0.19988532,0.28602588,,True
7589,per tại nhiều nơi đổ về nên đông lại càng đông . biết lối tắt thì còn đỡ chứ không thì mệt lắm,lo_au,that_vong,0.13907017,0.2860655,,True
1314,Phương Thảo như này làm gì cod mấy chục triệu phải mấy lít,that_vong,gian_du,0.14105062,0.28609085,,True
1549,nó lợi dụng ở 1 khía cạnh nào đó mà thôi,gian_du,trung_tinh,0.0744511,0.28617454,,True
5298,"thừa cân, mùi cơ thể, da sạm và ti tỉ những thứ xấu xí trên cơ thể t",gian_du,buon,0.04380898,0.28617895,,True
1558,Bản thân mình đến nay vẫn hay có nhiều lúc rơi vào trầm cảm nhẹ vì chữ tiền bởi lẽ nó là một thứ rào cản quá lớn để mình thực hiện ước mơ làm vlogger sau này,lo_au,buon,0.046563048,0.28624445,,True
9591,"Mỗi lần thấy gái nhật là hình ảnh j a. V , nó tuôn trào ra , haizz ko thể ko nghĩ đến dc , thiệt là ướt át .",hy_vong,that_vong,0.013555184,0.28646064,,True
3546,tao đang thă ́ c mă ́ c ta ̣ i sao thă ̀ người da đen no ́ quen được con nho ̉ da tră ́ người ngon va ̃ i thê ́ nhy ̃. 😑😑😑,trung_tinh,gian_du,0.11541939,0.28652817,,True
5559,người ta có bạn bè nhìn vui thật,buon,trung_tinh,0.055838946,0.28673202,,True
8017,"t k biết nói gì,k biết cách nói chuyện nói tí cứ thấy t vô duyên,nói quá,bạn thân t thì đi chơi cùng đám khác,t k biết nch cứ như bị cô lập",that_vong,lo_au,0.1526996,0.28679827,,True
4496,"bánh tráng trộn năm đó ở roai ờ ti , ruột đau như cắt nói chuyện mắt đầm đìa đền thg dưa gang cốc dưa hấu kem chi per",vui,that_vong,0.020627644,0.28697717,,True
9293,"Hà Mã Đây khum, tui không thấy nó nó không thấy tui 😏💅",trung_tinh,gian_du,0.039882332,0.28711182,,True
6552,Tử Hà Tiên Tử cs cai trị thì làm sao dân VN mình khôn ra đc. muôn đời vẫn là đãng ỡ trên đầu,gian_du,that_vong,0.10506438,0.28727794,,True
9886,hồi đó tao lấy cái đó kẻ tập luôn kiểu làm màu mè cho đẹp xong lên trả bài bị bà cô trừ điểm ????,that_vong,gian_du,0.1536366,0.28747475,,True
859,... bố nhà mày ... t nông thôn còn không biết nấu đòi thành phố ...,gian_du,that_vong,0.086892396,0.287611,,True
6516,"1 là nhờ đám cơ to hơn đè đám này. Cách cuối là làm Chí Phèo. Chúc bạn may mắn, VN nó vậy mà (:",gian_du,hy_vong,0.011825614,0.28768945,,True
1467,nhìn móng tay bác này mà tao thèm lòng chó quá per,hy_vong,gian_du,0.022228979,0.28787398,,True
6704,"Khon nan nhất là có vk có con rồi vẫn còn liên lạc, qtam tới nyc",that_vong,hy_vong,0.07576068,0.2880493,,True
6508,Hồng Phú rõ ràng là các hãng và chủ xe dịch vụ họ thấy được lợi ích của xe điện VF họ mới đổi qua xe VF chạy. Miễn phí 1 năm sạc điện là tiết kiệm được bao nhiêu lúa rồi,hy_vong,gian_du,0.058209974,0.28807455,,True
5201,"bởi vì anh đã gặp em đúng lúc , đúng lúc đó em đã có người thương ...",that_vong,buon,0.12232632,0.28811756,,True
6087,Chị Giang ơi em đang bị phốt to mệt quá! Phải xem video của c giang để lấy lại động lưc hiuhiu em đi rút tiền để ăn uống xả stress,buon,hy_vong,0.1466058,0.28815764,,True
5446,yêu quá đi mất . tuổi thơ của mình toàn nện mấy thằng con trai . trong lớp mình toàn làm xếp nên chẳng được giúp đỡ,that_vong,hy_vong,0.07134799,0.28816825,,True
8095,Phim hay nha bn,vui,trung_tinh,0.14663818,0.2882501,,True
7628,"Còn 1 điều nữa, các bạn nữ ko mặc áo trong mà ra lấy hàng shipper thì các shipper cũng có để ý và khi tụ họp lại với nhau sẽ lôi cơ thể các bạn nữ ra bàn tán nhé.",gian_du,hy_vong,0.0710632,0.28829056,,True
7878,Bí quyết là phải đồng hóa và dân số lớn mới gìn giữ dc quốc gia,vui,hy_vong,0.06480566,0.28831387,,True
9465,cả 1 đời người chẳng mong gì chỉ mong từ đây đến phút cuối vẫn có người không quên mình đã từng tồn tại,hy_vong,buon,0.08153472,0.28840148,,True
131,Chung thủy là đạo đức. Ko phải tính cách. Mọi người nhớ nhé ☺,trung_tinh,vui,0.040058617,0.28841522,,True
5521,"Thằng ck nói là :"" tao lạy mày, cuối cùng tao cũng chờ được ngày này rồi ..."" rồi cười nhẹ bước đi. ...",vui,that_vong,0.016877053,0.2884556,,True
2741,êu ơi sao con mụ này không gặp mình nhờ :))) ước gì có con mụ thế này tông vào mình ý :)))) klq mà giọng bé quay video đáng yêu thế ❤️,hy_vong,vui,0.25796893,0.2884913,,True
459,buồn hơn khi tôi còn là gái 🙄,gian_du,buon,0.043675363,0.28865993,,True
5334,Hưng Lan b pải lm bên thám tử tư chuẩn kk,trung_tinh,vui,0.17975913,0.2887758,,True
4688,Nếu cho quay lại thời gian đó có đánh chết tôi cũng không quay mặt bước đi dù chỉ nữa bước,hy_vong,that_vong,0.06551919,0.28888044,,True
10227,"Đỗ Thành Quốc việt nam mình đâu có cá tính rõ ràng đâu, cái gì cũng lơ lơ cho qua, đã tẩy chay thì o quyết liệt.",that_vong,gian_du,0.161009,0.288893,,True
8744,"Trc khi đi thì hào hứng, đi rồi vỡ mộng k muốn quay trở lại",that_vong,lo_au,0.18475242,0.28889412,,True
7299,kinh quá . đau lắm đây . mà nhìn nổi hết da gà ra .,lo_au,buon,0.15495665,0.28890774,,True
8201,muốn nói bậy ghê nuôi con chó mà nuôi ra vậy . vừa ôm vừa bị ve,gian_du,buon,0.07359563,0.28891152,,True
815,Le Tuan ko nhớ thì sẽ vài bé nữa như thế,lo_au,trung_tinh,0.057190772,0.28893524,,True
8483,nhưng liệu như vậy sẽ dễ dàng để người khác xen vào không,lo_au,trung_tinh,0.090652026,0.28895557,,True
1744,dân giàu..nước mạnh...,vui,buon,0.07564004,0.28902543,,True
10080,"moá nó , cười đau hết cả ruột",vui,buon,0.053533647,0.28921384,,True
7751,tôi có xem tử vi giờ ngày tháng năm sinh âm lịch ..cung mệnh can chi ngũ hành vk Ck ..năm kết hôn ..gia cảnh và ngoại hình người hôn phối..bàn tay ..,trung_tinh,that_vong,0.026900278,0.2892664,,True
432,Vu Van An nhưng cháu ít khi ở nhà 🥲,buon,lo_au,0.1293616,0.289289,,True
4058,Myru Brett Nguyen chết mất nhỉ cầu hôn là tới số luôn khíp quá thôi tốt nhất là no no liền mà nghe bảo vào nhà nghỉ tâm sự là bảo kô em phải về kô má biết má la nha,that_vong,lo_au,0.088429734,0.28962442,,True
7986,Oanh Phi hoa hậu cũng k xứng với cu cậu! Hắn sinh ra đúng vạch “ về đích”,gian_du,vui,0.06675278,0.2896296,,True
7699,phạt thế quá nhẹ ...,that_vong,gian_du,0.13831723,0.28969085,,True
9919,Dành cho những bạn sinh viên Ngôn ngữ Anh thì sẽ có biết đến một môn được gọi là Ngữ Nghĩa Học hay còn gọi là Semantics. Lúc trước khi học môn này thì mình nghĩ nó khá khó và chỉ có Tiếng Việt mình mới dễ ... nhưng mà thật ra là dễ lag ko khác gì Tiếng Anh,buon,trung_tinh,0.013426626,0.2897608,,True
4150,đã gặp được em đúng lúc . nhưng lại không phải thời điểm em muốn ....,that_vong,hy_vong,0.15739141,0.28985322,,True
635,Dù sao k thấy cái bản mặt nó trên tt là đc em à,trung_tinh,hy_vong,0.22052117,0.28996226,,True
2333,xem không dưới 3 lần chia sẻ không dưới 2 lần nhưng mỗi lần nhìn thấy lại xem lại buồn,that_vong,buon,0.23657714,0.29008472,,True
1843,mình hỏi rồi mà họ nữa muốn bán nữa không bạn để hôm sau lên hỏi lại lần nữa,trung_tinh,buon,0.018464869,0.2900915,,True
9539,4 năm tìm hiểu kh biết đánh lần nào chưa,that_vong,trung_tinh,0.1660569,0.2901008,,True
9365,per trung thu chia tay gấu à ? bất hạnh nhỉ,that_vong,gian_du,0.13314158,0.29010308,,True
10138,"ước gì nội cũng thương tui như thế này, từ nhỏ tới giờ tui chỉ có ngoại thương tui thôi",that_vong,hy_vong,0.12915266,0.2901658,,True
4495,nói mẹ ngoài đời,trung_tinh,gian_du,0.11893269,0.290177,,True
4715,"ui bài viết cứ như nói mình ấy, huhuu hóa ra vẫn có nhiều bế tắc như mình thời điểm này",that_vong,hy_vong,0.051049944,0.29021358,,True
7133,thực sự là một trò cười,vui,gian_du,0.09968674,0.29039863,,True
7106,mai di lam tipp dui,that_vong,hy_vong,0.056832496,0.2904899,,True
8934,đau bụng quá ự ự,gian_du,lo_au,0.046870172,0.29075968,,True
9512,hay bị giật khô trên đó rồi :(,lo_au,that_vong,0.16540676,0.2909226,,True
1659,nhói lòng lớp tôi,that_vong,trung_tinh,0.09371806,0.2909775,,True
9033,Những nhà thơ ngày xưa vẫn nhất.,trung_tinh,vui,0.15933609,0.29108644,,True
6282,Giống như trường hợp bộ phim Hãy nói lời yêu thương. Bà mẹ áp lực cho con quá nên thằng bé tự vẫn .,trung_tinh,buon,0.0123670865,0.291166,,True
2124,co khi kh giám ra đường☺️,lo_au,trung_tinh,0.07338393,0.29121763,,True
7417,haizz Đành chịu số phận thôi..,that_vong,buon,0.24112919,0.29123193,,True
6863,"tuổi thơ của tôi toàn gặp những thằng nhỏn mỏ lên chửi nhau , xách giày dí nhau chạy .",buon,gian_du,0.07370568,0.2912634,,True
932,Vào trang cá nhân của em có đăng full cái kết 🌴,trung_tinh,vui,0.11392326,0.2912648,,True
1401,Cam có ba que như chú không,gian_du,trung_tinh,0.102487974,0.29127344,,True
8086,"nguyên ngày hôm nay quá tồi tệ, vừa thấy tiêu đề như cái phao cứu rỗi mình vậy.. hic",buon,that_vong,0.15852828,0.2913032,,True
153,"Sau này chồng tôi có ngoại tình tôi cũng làm y như vậy, ko tiếc rẻ gì thứ ngoại tình",gian_du,that_vong,0.08109338,0.29135573,,True
7866,"Không có một ai xứng đáng hơn cậu ấy, xin chúc mừng Leo Messi.",vui,hy_vong,0.24396054,0.2913735,,True
3062,t ko xinh nhưng t tự tin🗿🗿🗿,vui,hy_vong,0.06456303,0.29141077,,True
6613,Bã chăm 1 lúc 20-30 đứa nên bã bị stress rồi 🙏🙏,lo_au,buon,0.058453187,0.29151714,,True
9330,Nhạc lai căn biến chất không nghe noi 😢,gian_du,buon,0.037164323,0.29154092,,True
4764,Tội quá à ý là tội còn nhẹ quá đó,gian_du,buon,0.11035475,0.291555,,True
9139,"""Lời khuyên hay đó. Nhưng khổ nỗi cuộc đời này lời khuyên thật sự k có ý nghĩa gì cho lắm. Bạn sẽ không biết nó như thế nào cho tới khi bạn đích thân trải nghiệm...""",trung_tinh,buon,0.040568788,0.29162925,,True
4667,Mong pháp luật trừng trị thoả đáng chưa bao xem video nào mà cảm thấy nhớ mãi ko quên,that_vong,buon,0.120807014,0.29180044,,True
10034,hãy tôn trọng quyền được mưu cầu hạnh phúc của mỗi cá nhân con người trên thế giới này đi . đừng kì thị họ ! tội lỗi lắm 🙂,trung_tinh,hy_vong,0.112846576,0.29183632,,True
8344,"to ghet ban than to, dang le to k nen dc sinh raa",gian_du,lo_au,0.041019086,0.29189825,,True
1696,rồi khi mày có 1 ít tiền mày mới phát hiện ra còn đéo cả có người đi cùng cơ,buon,that_vong,0.050044723,0.29220864,,True
1577,"Bố mình là một người tiêu cực,mỗi khi mà mình quyết tâm làm một cái gì đó, bố mình luôn là người khiến mình phải phân vân lo lắng rằng mình sẽ chẳng thể làm được, nghi ngờ về giá trị con người mình và cảm thấy mình thật vô dụng.Có những lời khuyên của chị Giang giúp mình có thể vượt qua. Yêu chị❤",that_vong,hy_vong,0.06472464,0.2923287,,True
9049,Xog tập đó ngta ít xem những tập sau. Dù cho Negan có thay đổi tốt cở nào cũng bị gai mắt khán giả,gian_du,that_vong,0.0513043,0.29239374,,True
9736,tao tưởng tượng sau này sẽ có 1 thằng bồ vừa điên vừa ngáo giống tao .. chắc vui hết sảy 🤣,hy_vong,vui,0.25477746,0.29241902,,True
121,có đến hàng trăm năm sau đi nữa thì trẻ trâu vẫn luôn tồn tại theo thời gian 😀,vui,hy_vong,0.24807335,0.2924213,,True
9055,Sắp có vụ vòng cẩm thạch v2,vui,trung_tinh,0.058145236,0.29244763,,True
10037,đm xem mãi quay lưng đi chửa được bước lại dừng,that_vong,gian_du,0.20242223,0.29248857,,True
5803,chỉ có trong truyền thuyết . mà khái niệm truyền thuyết trong ngữ văn lớp 6 là không có thật,that_vong,trung_tinh,0.1431929,0.29254472,,True
6252,nhiều lúc em di từ từ chưa kịp đỗ đã có n ra bảo không được đỗ ở đây chán qúa,gian_du,that_vong,0.06279812,0.29266685,,True
2381,tao còn không dám ăn nói chi ruồi .,lo_au,gian_du,0.071938,0.2927473,,True
8282,cuộc sống của mình đừng hỏi ý kiến người khác,trung_tinh,hy_vong,0.106986776,0.2928758,,True
9473,93 chưa ổn định,lo_au,trung_tinh,0.108660996,0.2929099,,True
768,Việt Phươngg tag cho fb bạn ít drama lại:)),vui,hy_vong,0.1644223,0.29315668,,True
3926,trời ơi tháng 6 tôi về nước bạn có liên hệ với tôi được không bạn bạn ơi,hy_vong,trung_tinh,0.20617633,0.2932127,,True
3103,Cài đặt chế độ riêng tư đi bạn,hy_vong,trung_tinh,0.17792863,0.2933904,,True
7522,"Hối hận vì lấy phải con vợ bỏ con bỏ ck theo bồ lúc mình hoạn nạn. trong khi mình mất hết tất cả chỉ vì hi sinh cho nó. Rửa chân chùi ít, nấu ăn, chăm nó hơn vua chúa. May lãi đứa con vẫn bên cạnh.",that_vong,buon,0.23971687,0.29341248,,True
3016,"5 điều cần làm để giảm suy nghĩ tiêu cực:<br>1.Đi tắm và uống nước+Đi ngủ đi cho cơ thể bình yên lại<br>2.Chịu trách nhiệm:<br>Tự hỏi xem mình mắc lỗi gì dẫn đến việc gì và làm sao để sửa?<br>3.Đi làm gì đó:Don&#39;t Procastinate<br>Nếu như mà cứ cuốn theo suy nghĩ tiêu cực thì không thể nào mà work effectively-&gt;feel worse-&gt;work worse<br>4.Tra Google cách để làm một việc,giải quyết một vấn đề<br>5.Cắt các mối quan hệ tiêu cực:than thở 24/7,một người bạn luôn muốn có thật nhiều sự chú ý,ích kỷ",trung_tinh,hy_vong,0.17016426,0.29343325,,True
1195,nhìu người ko có ăn thấy tội,buon,gian_du,0.12795395,0.29343757,,True
2380,Đã buồn lại còn đen :(,that_vong,buon,0.25748074,0.29350632,,True
8143,giống chó này hình như không có lông ạ ?? chó nhà em lông rụng đầy nhà .. huhu,buon,that_vong,0.06455592,0.29359955,,True
3690,Muốn coi clip ở đâu z m.n,gian_du,trung_tinh,0.04675984,0.29362026,,True
9775,Lòng người lạnh thật sự,that_vong,buon,0.13876137,0.29390073,,True
6572,"À thế là đúng rồi, gia đình ngăn cản thì ra là gia đình chồng. Cay thế nhở !!!!",gian_du,vui,0.113127574,0.29402387,,True
9073,lại là án oan sai 😔😔😔,that_vong,buon,0.21884409,0.29403323,,True
7771,Vì một bữa nhậu mà mất sự nghiệp,that_vong,buon,0.23958816,0.29416,,True
162,tuổi thơ mình lớp 4 đã cảm nắng 1 anh chàng từ 1 viên phấn vôi .,hy_vong,buon,0.0572066,0.29422987,,True
7811,còn người yêu tao : một hơi có một anh đẹp trai bay lơ lửng rồi ôm lấy em khi em tắm,hy_vong,buon,0.09142251,0.29427776,,True
5411,94 lận đận đủ đường . 🥺,that_vong,buon,0.24718808,0.29445034,,True
7817,ee đúng nhaa tui ra ngoài đường toàn mặt đơ vs như muốn ăn tươi nuốt sống ngta z😳,gian_du,vui,0.019802146,0.29445273,,True
5892,quan trọng là họ quảng cáo nói có đúng không . hay là được ít năm hỏng thì mệt,trung_tinh,gian_du,0.10337257,0.29446706,,True
2792,Đang bế tắc thật,that_vong,trung_tinh,0.067033336,0.29447392,,True
5725,Cách tốt nhất là làm việc để tiến lên,hy_vong,trung_tinh,0.10694193,0.2946426,,True
6583,Vũ Tuấn Thành chỉ có thể nói ng thông minh họ giấu nổi đau theo nụ cười . Ng bình thường họ giấu nổi đau trong nước mắt . Haizzz,that_vong,buon,0.2261659,0.29469267,,True
6797,Mình tệ quá!,that_vong,buon,0.1786683,0.2946974,,True
980,"Thuỳ Dung ùa, tính nói mà thấy nhiều người bênh quá nên thôi",gian_du,buon,0.08543225,0.2947772,,True
9359,Không biết bé giờ sao rồi,buon,trung_tinh,0.09862175,0.29503918,,True
372,Đời giờ quá nhiều người tốt. Nhưng cũng lắm kẻ ko lương tâm. Đều là con người mình ko giúp đỡ người ta thì thôi gạt chú chi vậy trời. Người quá ta quá khổ mà gạt tội nghiệp. Mong ai có điều kiện tốt hãy giúp đỡ chú,hy_vong,that_vong,0.046348803,0.2950449,,True
3670,per tôi đợi ngày nhận thiệp cưới của ông,hy_vong,trung_tinh,0.015667977,0.29506022,,True
6066,Quách Thanh Thủy Vậy sao kêu thời nay khó? Thời xưa thì dễ à?,gian_du,trung_tinh,0.18008828,0.29508895,,True
2691,chưa báo hiếu chame đk ngày nào,buon,trung_tinh,0.045072276,0.29515135,,True
9895,"hết cấp 3 , hết đại học và chỉ mới bắt đầu 1 cuộc chơi khác .",hy_vong,buon,0.026053805,0.29515415,,True
10072,Như Ýy thiên linh cái,hy_vong,trung_tinh,0.15487728,0.29528415,,True
6758,Nguyễn Sin người ta đòi kiện anh kìa,lo_au,trung_tinh,0.040338017,0.29546326,,True
997,Đế quốc Khmer từng huy hoàng,trung_tinh,vui,0.2027353,0.29547134,,True
9208,"Nhan Nguyen sự cố nào cũng bay không được à? Cháy động cơ ngta còn điều khiển đc. Quan trọng là hạ cánh có đảm bảo an toàn hay lại phá hủy VCKT của sân bay nơi đáp không thôi, đó là lý do đa phần chọn hy sinh máy bay!",lo_au,gian_du,0.034713376,0.29554486,,True
48,Quốc gia chông covid tốt nhất thế giới,vui,trung_tinh,0.0545418,0.29601717,,True
8757,Cha ông ta đi mở cõi đỉnh thật,vui,trung_tinh,0.11377205,0.2960221,,True
7466,"Khuôn mặt nào mà chẳng đẹp, đâu cần tự ti như vậy???",hy_vong,buon,0.05241205,0.2960308,,True
513,kêu gọi thì lói thế thôi chứ dân nó vẫn dùng apple như thường,trung_tinh,gian_du,0.18670551,0.29609832,,True
8453,cẩn thận móc túi trộm nhé anh chị em .,trung_tinh,hy_vong,0.16436447,0.29617718,,True
5813,ông tóc ngắn ngắn cam cam tên gì vậy ạ ?,trung_tinh,lo_au,0.18299054,0.29628912,,True
5008,"hồi lúc tao ăn lạp xưởng mắc xương , nói mà cũng đéo ai tin . tao hiểu cảm giác của mày lắm ?",vui,gian_du,0.031118553,0.29631975,,True
8593,"Nhìn cái cặp hs cấp 1 đi. Như thành ninja rùa hết r. Học ngày 2 buổi, tối học thêm, mỗi năm 1 bộ sách, nhồi nhét từ 1-12 xong định hướng đi học nghề 🥴. Chưa kể mấy tháng hè vẫn đi học hè",gian_du,that_vong,0.056041665,0.29636496,,True
1528,lại sắp đánh án lớn,lo_au,gian_du,0.14168552,0.29647577,,True
2976,"cảm ơn chị Giang rất nhiều luôn, sáng ra xem cái video xong mà động lực tràn đầy ấy",hy_vong,vui,0.13841176,0.29655844,,True
165,1 nỗ lực lớn thay đổi valentine ... sang năm tao mắc võng .,vui,hy_vong,0.16818407,0.29682064,,True
3587,"Sao không nhờ beat đăng giúp, mình thấy bên đó nhiều người hơn, chửi cũng mạnh hơn",gian_du,buon,0.020163631,0.29682627,,True
173,per đừng có mà thân thiết với tôi,gian_du,trung_tinh,0.07380109,0.2968362,,True
4375,Mấu chốt để thay đổi từ trang thái tiêu cực sang tích cực nằm ở cách kiểm soát suy nghĩ của chính mình.,hy_vong,trung_tinh,0.1314396,0.29688644,,True
8633,tài năng sáng tạo vẩy bút thôi cũng là nghệ thuật,trung_tinh,vui,0.15787287,0.29688755,,True
8926,1 đế chế tự vẽ sự thật thì nó chưa được 1/10,gian_du,trung_tinh,0.057038866,0.29730186,,True
7559,"Ủa 😞 ổng dễ thương lắm á chời ơi🥲 tài năng, hát hay nữa😢",that_vong,buon,0.21717818,0.2974297,,True
1196,"tôi trước nhá: tôi từng vứt tờ vé số 6,7 tỷ vào thùng rác🥹🥹",that_vong,vui,0.05100216,0.29743424,,True
3291,Mong kh pải sự thật,that_vong,buon,0.20698553,0.29752308,,True
10032,Em làm việc nhưng luôn bị cấp trên đối xử thiên vị bị đì nhiều thứ làm em mệt mỏi lắm có khi lại khóc một mình rồi suy nghĩ nhiều,that_vong,lo_au,0.14606301,0.2976825,,True
5484,Bên trên bờ thả cá thả rùa. Bên dưới sông trực chờ sẵn để bắt lại. 🥲,that_vong,lo_au,0.15961318,0.2976954,,True
3068,gia đình có nhưng tình yêu không thì sao,that_vong,trung_tinh,0.14392588,0.29771245,,True
6190,tán mãi mới đổ muốn chia tay cũng phải từ từ,vui,hy_vong,0.041847415,0.29772323,,True
5838,Sáng Dê :)) t k quan tâm lắm xe gì chả thế mấy con xăng giờ còn thấy mấy k,trung_tinh,vui,0.144379,0.29774642,,True
6309,"Thực sự là quá đau lòng cho cô gái trẻ, đg mang thai, đg chuẩn bị cho 1 cs mới, 1 đám cưới mà lại phải chết tức tưởi như thế, vì cái con điên này.",gian_du,buon,0.029434701,0.29781294,,True
4658,Đánh thế là quá hay rồi. Tưởng đài với Trung kèo dưới mình à mà chê.,vui,gian_du,0.11712122,0.2978345,,True
6004,Mai Thế Toàn 1 thanh niên cũng rất cay cú,gian_du,vui,0.04970151,0.29788432,,True
4828,Đụng răn đe thì chắc k sao ....nhưng lỡ có chuyện gì a tài xế cũng ở tù như thường ạ :3,lo_au,gian_du,0.02899068,0.29792207,,True
4779,"Giá như ngày đó cha đừng bỏ mẹ con con theo gái, thì giờ có lẽ con đã khác",hy_vong,that_vong,0.0499207,0.29793715,,True
8375,Vũ Đại Hải vào hóng hớt đường phố mà xem ai sai nhé rồi bênh,gian_du,trung_tinh,0.059868887,0.29801893,,True
5696,"Kẻ Mộng Mơ coi phim này chưa, thấy hay lắm",vui,trung_tinh,0.16990042,0.2981281,,True
9091,Ván 3 đanhs 1 hồi thua luôn,that_vong,trung_tinh,0.15999496,0.29817638,,True
730,"Giống vụ năm xưa y chang luôn. Và rồi bé cũng ko qua khỏi, đọc mà thương bé quá 😞",that_vong,buon,0.21344331,0.29821372,,True
7765,các bác có thấy ko báo cáo năm nào cũng GDP tăng trưởng đó,gian_du,trung_tinh,0.16034526,0.2982856,,True
8845,Đức Trần bạn không mệt kh có nghĩa là ngkhac cũng vậy,gian_du,trung_tinh,0.13310397,0.29840425,,True
585,giận ngược trở lại chúng nó sớm chia tay thôi,gian_du,that_vong,0.04664736,0.29860485,,True
864,"Tăng Ngọc bệnh mà, này đáng thương hơn là chế nhạo.",buon,trung_tinh,0.018336982,0.29865247,,True
1767,xem lâu rồi nhưng đến lúc cần lại lôi ra xem lại,hy_vong,buon,0.024126621,0.29865324,,True
94,per mới bắt đầu tuần thánh mà chúa ơii,vui,trung_tinh,0.18866207,0.29876268,,True
2569,Đối với người lớn Đôi khi 10km cũng là xa Quan trọng là có muốn hay ko,trung_tinh,buon,0.09650851,0.298975,,True
7659,Dương An hề gớm hơn ma,gian_du,trung_tinh,0.12702012,0.2991088,,True
3004,Annie Nguyen Người ta VỪA ĐI VỪA KHÓC còn bạn VỪA KHÓC VỪA CƯỜI,buon,gian_du,0.021038307,0.2992363,,True
8535,"Về còn tắm rửa ,đói ăn cơm còn học bài cũ của sáng ngày mai ,làm vài bài tập. Mình may mắn bame kh quá ép buộc trong học tập cứ để con học bth miễn sao cảm thấy đc mà kh bị áp lực quá cao",vui,lo_au,0.012691797,0.2992545,,True
2065,buồn dễ sợ mà huhu,buon,lo_au,0.21121463,0.299425,,True
7427,Xin cảm ơn ban lãnh đạo đã ghi nhận những nỗ lực đóng góp của tôi trong thời gian qua.,vui,hy_vong,0.055066783,0.29944146,,True
7479,mày lấy sỏi xếp thành tên dume khôn như tao này .,gian_du,hy_vong,0.07396762,0.299529,,True
1328,Xuân Nghĩa xem mấy phim ngta rạch chỗ ngực đk? rạch xong còn cắm cái ống vào chỗ rạch.,gian_du,trung_tinh,0.1495731,0.29962113,,True
2417,"Mình đã gặp 1 bạn k có nhan sắc nên chỉ dám đeo khẩu trang,ai kêu cũng k mở,cũng 3 năm r,cho tới lúc cô kêu mở,bạn ấy chạy ra khỏi cửa nhưng bị cô ép mở ra……",trung_tinh,buon,0.026087934,0.29962707,,True
2828,cậu quên lời hứa của chúng ta rồi sao,gian_du,trung_tinh,0.094608046,0.29972082,,True
6744,Xót thương Ngủ ngon nhé cô gái xinh đẹp,buon,hy_vong,0.047789823,0.29993692,,True
3968,t ngắm người yêu tao cười mà càng ngắm tao càng yêu lúc giận cơ nhìn muốn cắn cho mấy phát tao bị cuồng người yêu rồi cái,hy_vong,that_vong,0.060482096,0.30014494,,True
7797,per chơi với con trai riết nên giờ đéo có người yêu nổi vì tính tình không khác gì con trai,trung_tinh,that_vong,0.08136104,0.30014953,,True
7375,Myru Brett Nguyen no cũng chết,buon,trung_tinh,0.032936547,0.3001759,,True
7318,Ngày cuối tuần nặng nề:((((((,that_vong,buon,0.25192297,0.30019805,,True
7266,"đó là 1 câu chuyện buồn , tao không có bạn trai hix hix",that_vong,buon,0.23869778,0.30026644,,True
3630,cha mẹ cho ta cả cuộc đời rồi còn than gì nữa,gian_du,that_vong,0.07450758,0.3003828,,True
6961,vài năm nữa chắc cái thành tích sản xuất gạo hàng đầu thế giới chắc sẽ biến mất do đô thị ngày càng nhiều thì ruộng đất đâu mà trồng lúa gạo,buon,gian_du,0.024682038,0.3005284,,True
514,a hú hu hu t xấu nhg ko ngại mng thấy mặt t dày khommm 🥰,hy_vong,vui,0.1611996,0.30064917,,True
9877,per ta nguyện nằm im,hy_vong,trung_tinh,0.06722999,0.3006791,,True
2376,móe . con nhện . cười đau cả ruột .,vui,buon,0.1301248,0.30073136,,True
8294,tủi hổ với bản thân ghê khi tao vẽ người mà mẹ tao hỏi : hóa ra đây là hình dạng thực của quỷ sao ?😑,gian_du,lo_au,0.06003341,0.3007337,,True
2365,"Quá sức xấu hổ, vô cùng xấu hổ, cực kỳ xấu hổ khi lãnh tụ 1 QG bị mời ra khỏi 1 cuộc họp ở Bạch Cung để rồi phải chấp nhận vào bàn hội nghị với Mỹ về hòa bình cho ở Ukriane - chỉ được họp ở Saudi Arabia thôi - chớ hề được qua Mỹ nha - ê chế quá đi thôi",that_vong,gian_du,0.18389256,0.30073863,,True
6662,trời đánh tránh miếng ăn,that_vong,trung_tinh,0.14224674,0.3008654,,True
10099,mấy bạn làm s hiểu dc cgiac của chúng tôi chứ?,that_vong,trung_tinh,0.13100798,0.30093363,,True
1782,"Người có tâm thì làm việc gì cũng có tâm dù là nhỏ nhất, và dĩ nhiên sự trung thực và trách nhiệm cao luôn được đền bù xứng đáng.",trung_tinh,hy_vong,0.17452008,0.30100566,,True
10077,chỉ khổ các con thôi !! sao người ta lại có thể mất nhân tính như vậy,gian_du,that_vong,0.12734777,0.3010385,,True
3417,"theo mình thì không nên vì định kiến xã hội quá khắc nghiệt , họ sẽ bị tổn thương và nghĩ quẩn",buon,lo_au,0.11250447,0.3010509,,True
1668,"Tạ Trọng Linh đã thích comment khịa thì đừng tung ảnh mình lên, có ngày tai nạn lại hỏi tại sao",lo_au,gian_du,0.057935663,0.30106255,,True
7859,@Nesaragesaraknm Dẹp hết bệnh viện và nhà thuốc thì quá tuyệt vời pro.,hy_vong,vui,0.20031168,0.30114573,,True
2189,21 năm chưa crush ai thì có gọi là ế thâm niêm không hả các bác,vui,gian_du,0.028296508,0.3013108,,True
6909,Gì vậy trời 🥹,buon,gian_du,0.066758655,0.30139786,,True
7725,vậy nên cứ lờ đi mà sống tiếp,buon,hy_vong,0.032903526,0.30142874,,True
2122,giọng không nhìn màn hình tao tưởng là ông bà già nào trên 60 tuổi đang nói á .,trung_tinh,vui,0.10259858,0.30146277,,True
3047,"chả có gì hay ho , vô bổ",that_vong,gian_du,0.11506871,0.3015024,,True
2870,Như vậy là có tội đó nghen Papa's Chicken . Hạ độc người Việt chúng tôi phải không,gian_du,vui,0.041504793,0.30153066,,True
9817,Cũng từng mà ko nhìu thế 3hay 4 tiếng thôi mà trời mưa to sấm😅 đêm rồi,trung_tinh,that_vong,0.12923205,0.30158526,,True
3036,Bỏ phim từ lúc đó luôn,that_vong,trung_tinh,0.121957086,0.30169827,,True
111,Nói là phục hồi sau chiến tranh thì đối với t chỉ có Việt Nam là nhanh nhất TG thế thôi,vui,trung_tinh,0.088982046,0.30179238,,True
325,Lê Hồng Nhung haloween cho hoá trang xuống hòm,hy_vong,trung_tinh,0.13069378,0.30186176,,True
7957,tên thì tất nhiên nhớ nhưng ngày sinh của tao thì ông bà bô nhà tao không một ai nhớ cả ^^,that_vong,vui,0.039061725,0.3019879,,True
2564,Nguyen thế mà xe xếp hàng để lên bà nà ấy bác,gian_du,trung_tinh,0.16230553,0.30202073,,True
4225,hôm nay ol đến đây thôi dume 😑,trung_tinh,that_vong,0.04486734,0.30202684,,True
7801,"Trần Bắc em 92 cũng vẫn học lớp lá, lớn hơn chút thì mới được học nhà xây",that_vong,trung_tinh,0.15724605,0.3020494,,True
4873,"Các dì vẫn luôn tự hào có đứa cháu lớn phổng hơn người, xinh đẹp , ngoan ngoãn và tràn đầy năng lượng ! Em là nàng tiên được giáng xuống ở với bố mẹ ! Em ở trọ trần gian giờ em đi thôi ! Vẫn thương nhớ em mãi 💚",buon,hy_vong,0.15548557,0.3021207,,True
8258,Cho ng việt sang với nhà ở miễn phí là ok 😊,vui,hy_vong,0.16096151,0.30216932,,True
4166,"tưởng chỉ có trong phim thôi chứ , nay chơi vậy luôn à",vui,trung_tinh,0.0374231,0.30225644,,True
1648,"trời ạ, hôm trên insta chị mở q&amp;a và em đã hỏi câu này. nay chị làm vid khiến em mừng cực kỳ ý ạ. em cảm ơn chị nhiều",vui,hy_vong,0.19801404,0.3022698,,True
8503,"muốn tố cáo phòng khám, thì liên hệ ai vậy mọi người",gian_du,trung_tinh,0.12005111,0.3022927,,True
3232,Chắc ít người đọc đó sếp! Chịu luôn á,that_vong,gian_du,0.14972636,0.30235887,,True
10057,khi nào tao thấy thích . mà thích rồi chưa có người thích cùng .,that_vong,trung_tinh,0.17044063,0.30263788,,True
6366,Ớt Chỉ Thiên ngồi ghế trc bế con sẽ được rộng rãi hơn b ạ. Nhà t có xe mà bế con nhỏ ko ngồi ghế sau đc ý. Chật với khó chịu dã man,that_vong,lo_au,0.15345418,0.30270627,,True
4422,có người yêu thì vẫn ăn bánh trung thu nhé . bánh trung thu là thứ tồn tại duy nhất . có em hay không không quan trọng,buon,hy_vong,0.03834828,0.3027174,,True
2701,Hoa Dại iu thương zu chưa,buon,vui,0.06155512,0.30308264,,True
6089,thay đổi chóng mặt,trung_tinh,vui,0.074615546,0.30312175,,True
2545,mấy thanh niên đi xong về có yêu nhau không nhỉ ?,vui,trung_tinh,0.03272264,0.30314595,,True
5328,với tôi là gia đình và sự hận thù .,gian_du,buon,0.036153797,0.30316657,,True
1756,"Thanh Kim Huyền hạn chế cho nấm ăn thạch chị ơi, cho ăn thì mớm nhỏ chứ k để tự ăn đc",lo_au,trung_tinh,0.06733943,0.30329794,,True
2296,Vũ Phạm Đình Thái Nhạt nhẽo z a,that_vong,gian_du,0.05341157,0.30337375,,True
1234,"Ty Thanh Vo à không. Mình đang không nói đến sự kiện mà chỉ đang mô phỏng lại diễn biến nội tâm của anh chồng thôi ạ. Có thể đúng, có thể sai ạ ^^",trung_tinh,hy_vong,0.19535287,0.3034942,,True
1882,Chắc các cháu uống nhầm thuốc rồi,lo_au,trung_tinh,0.08564705,0.30371052,,True
3529,"ko có nhan sắc tự ti thật lúc nào cũng phải cúi đầu xuống khi gặp nhiều người, chơi cùng một ngời mà người đó đc nhiều người để ý hơn mik cũng đủ tự ti",that_vong,buon,0.09690372,0.30371106,,True
9700,càng nhìn tấm ảnh càng thấy thương cha mẹ nhiều hơn,trung_tinh,buon,0.08352192,0.30372056,,True
4685,cẩn thận quá cô ơi,lo_au,vui,0.04045649,0.3037606,,True
920,đi đường buổi đêm nhìn thấy hãi vãi ??,lo_au,gian_du,0.0674704,0.30378717,,True
1044,"Thiện tai thiện tai, các cụ đừng phóng xinh nữa nhé, để tiền mua chim cho mọi người nghèo ý, mấy năm nay các cụ phóng xinh nhiều quá lên sắp hết chim rồi",gian_du,hy_vong,0.06766716,0.3038054,,True
8186,"mình không có ước mơ không biết sau này bản thân sẽ làm gì, lòng mình chênh vênh quá",lo_au,that_vong,0.08948538,0.30395597,,True
5839,Đặng Văn Vinh tao sắp đẻ tao nói dùm oke,trung_tinh,gian_du,0.18991958,0.3041719,,True
7489,Ruby Duong giờ nói sao giờ,gian_du,trung_tinh,0.13222805,0.3042447,,True
6684,Nhiều khi bận hoặc quên cầm máy shipper gọi nhiều cuộc m k nghe lúc sau nhận hàng cảm thấy ấy náy có lỗi lắm luôn mà quê tui thời điểm nắng nóng 39 40 độ đấy mà có mấy lần nói chuyện với bà chị hơi quen chuyên gia bùng bom ship đem đồ đến thử chán chê bắt ng ta đợi nửa tiếng rồi trả hàng trong khi nhiều món đẹp vđ ra và bây h tui vẫn đợi 1 ngày bã bị nghiệp nó quật,hy_vong,gian_du,0.021428399,0.30436337,,True
7945,"như mọi năm thôi mưa gió rét mướt , bây giờ mót ỉa là chỉ có thánh mới giúp được",lo_au,that_vong,0.07655738,0.30436507,,True
5597,mặt mụn da ngăm mũi củ tỏi lùn học ko giỏi combo hủy diệt của t.nên lúc nào cũng đeo khẩu trang tháo ra lad bị trêu😞,gian_du,buon,0.033009358,0.30439347,,True
3691,Dương Nguyễn Kiều My thiệt lun sau vụ này hà giang mất niềm tin vl,that_vong,lo_au,0.12854724,0.30467275,,True
7996,Hiền hqua c đọc mà thấy thốn vcđ,lo_au,gian_du,0.08725447,0.30491313,,True
1820,"Tớ giải quyết xong đống task tồn đọng, không thể tin được 😎",vui,hy_vong,0.26843572,0.30493233,,True
704,hẳn là không biết nhắn gì . thế thôi dẹp mẹ đi,that_vong,gian_du,0.15493362,0.30509347,,True
3855,Thời mạt pháp,that_vong,trung_tinh,0.10799031,0.30511525,,True
9689,thật là một sự mỉa mai,that_vong,trung_tinh,0.08526715,0.30520517,,True
2939,Hoài Chinh cùg nhau xem đyê,vui,trung_tinh,0.0801788,0.30529976,,True
2800,Ai rồi cũng bị buộc phải lớn,buon,trung_tinh,0.0457969,0.30532554,,True
9409,ngta có thực lực ngta thua mới buồn,that_vong,buon,0.19254103,0.30547196,,True
7337,tao nhớ không nhầm hôm nay nó đến tháng vậy là sẽ không bị đâu nhỉ,hy_vong,lo_au,0.038798522,0.30557865,,True
1260,"Thương quá , bài viết dầy ấp tinh người . Chúc chú , cháu luôn vui khỏe , hạnh phúc 🙏🏻🙏🏻",vui,hy_vong,0.14214067,0.3055899,,True
6950,Bản thân mình ko tôn trọng mình thì ko ai tôn trọng 🫡,buon,that_vong,0.13655816,0.30589885,,True
6973,tiếc quá ! nguyên nhân,that_vong,buon,0.2363521,0.3059101,,True
2338,biết thế ngày xưa mua bitcoin 💀,buon,trung_tinh,0.044910416,0.30605108,,True
5094,đó là bỏ lỡ một tờ vé số giải độc đắc người ta mời không chịu mua,buon,that_vong,0.17009068,0.30605623,,True
4479,@lông mi dài 10m thì đổi tên=) đc k?,vui,hy_vong,0.032697294,0.30608875,,True
2972,"Chắc anh chàng tạ ơn người đã rước giúp cục nợ đời của anh ấy! Ôi! Nhẹ cả người, từ nay về sau k phải cày cục để nuôi loại người bạc nghĩa này nữa! 🙏🙏",vui,buon,0.023559852,0.30611256,,True
7803,Trước đây em rất mạnh dạn sôi nổi nhưng có những sai lầm khiến mình bị quê nên đã nút nhát đung như kiểu a nói,that_vong,buon,0.16863042,0.30623165,,True
2979,"Scarlett Lovemình nghe nói tư bản ngày càng thâm nhập sâu vào vn qua các cuộc thi hoa hậu đc tổ chức liên tục gần đây, và điều này lâu dài sẽ ảnh hưởng tiêu cực đến vn, điều này có đúng không bạn?",lo_au,trung_tinh,0.062476706,0.30653274,,True
430,Nhìn tội chu wa nam mô bổn sư thích ca mâu ni phật nam mô a di đà phật nam mô đại từ đại bi kim sơn phật,buon,hy_vong,0.03650047,0.30661556,,True
216,em thấy nó đúng đấy chứ,vui,trung_tinh,0.14896129,0.30665815,,True
10010,da ngăm răng hơi hô lùn dáng xấu mặt tròn vuông còn lệch nữa Sao chả có cái gì tốt hết vậy😭,that_vong,buon,0.26470467,0.30669093,,True
5694,Phong Nguuyen mở mắt ra nhìn đọc đã đi rồi cmt,that_vong,gian_du,0.06265011,0.30673724,,True
4482,chủ tịch đi nặn mụn ở tai và cái kết khóc thét,vui,buon,0.053176746,0.30677503,,True
9896,không chăm học. nhưng may bây giờ t còn kịp,buon,that_vong,0.16273436,0.3069108,,True
8546,Manh Vo Huong Minh a/c lớn để e út mong chứ sao lại cười thế hè . Buồn ....,that_vong,gian_du,0.16241461,0.3071564,,True
3211,per khi ế nhưng vẫn phải giương mắt nhìn bọn nó ân ái,buon,gian_du,0.07243965,0.30719167,,True
2541,cỡ nào anh cũng có thể chịu đựng được vì anh yêu em,vui,hy_vong,0.12854691,0.30719605,,True
3299,per bữa cuối nó ngồi chỗ đó nhìn mà khóc còn cuối khoá thì bth,buon,trung_tinh,0.03565293,0.30733728,,True
7857,Sai càng thêm sai. chỉ mỉm cười vì sự lựa chọn của bản thân mình .,buon,that_vong,0.1386786,0.30739987,,True
1515,Me cx v mà trả thấy ngại,hy_vong,lo_au,0.011419391,0.30755645,,True
6031,tao sẽ chỉ tự an ủi là đấy chỉ có trong phim truỵên ngôn tình,that_vong,hy_vong,0.12394278,0.3076965,,True
5859,Giờ vẫn vậy á kk,trung_tinh,vui,0.16582146,0.30771804,,True
4970,"anw , vote cho anh vũ",hy_vong,vui,0.24746689,0.307769,,True
764,Ng ta nói khi yêu màu Hồng lấy về màu đen đó quý zị,that_vong,vui,0.05545831,0.3081264,,True
9188,chia sẻ nhiều trang vào,trung_tinh,hy_vong,0.24617715,0.30815637,,True
8850,🇻🇳🇻🇳🇻🇳🇻🇳Việt Nam muôn năm,vui,trung_tinh,0.16123617,0.30815682,,True
4900,diệu kì quá,vui,gian_du,0.121350445,0.30850708,,True
3484,cứ bảo ngon lắm với chả ngon vừa . không biết nghĩ trước khi ăn à,that_vong,gian_du,0.09517354,0.30862004,,True
9872,con gái không phải là người tham tiền tham trai đẹp tham này nọ đâu nhé ... chẳng qua họ cần tìm chỗ dựa thôi .,gian_du,trung_tinh,0.15345837,0.30865633,,True
6362,đeo khẩu trang +100 tự tin,hy_vong,trung_tinh,0.18302923,0.30866462,,True
4815,Hô Bảo Nghĩa bỏ công an 30km & 5s sau khi bị bắt là đủ biết đẳng cấp,vui,trung_tinh,0.024929715,0.30872202,,True
4512,bây h trông cho tới rằm vs m1 kiếm tiền thôi,hy_vong,trung_tinh,0.047935616,0.30887973,,True
3258,thật ra là nó muốn kiếm em gái anh trai mưa đấy,vui,trung_tinh,0.14200662,0.30892727,,True
3199,răng xấu chẳng dám cười,buon,lo_au,0.12772323,0.30892986,,True
4755,"&quot;Nhỡ người yêu cũ thích người khác thì sao?&quot;<br>Là em đag ở trong tình trạng ấy đây chị ạ. Nó đau lắm. Như ngàn vết dao đâm vào tim vậy. Dù đã cố động viên mình rằng. Vẫn còn người phù hợp với mình đang chờ mình. Nhưng em vẫn ko thể ngừng nhớ đến cậu ấy. Em phải làm sao đây. Dù đã unfollow cậu ấy. Em vẫn ko thể ngăn bản thân vào tường facebook xem cậu ấy làm gì, xem những lời ngọt ngào họ dành cho nhau rồi tự ngồi khóc. Em đang bị thất tình. Em đau lòng quá chị và mọi người ơii",buon,lo_au,0.16080765,0.30893192,,True
6429,cuộc sống tạo ta áp lực ..,lo_au,buon,0.17389736,0.30900252,,True
8732,Trà Nguyễn trong cmt đó má,trung_tinh,gian_du,0.1263472,0.30901045,,True
2092,"Đường luôn ở dưới chân ta. Nếu k bt đường ở đâu thì ngươi chưa tin vào bản thân, chưa hiểu bản thân. Để r khi chọn sai r hối hận cũng đã muộn",trung_tinh,that_vong,0.09375142,0.30902457,,True
5574,"Em suy nghĩ nhiều quá , nhiều khi e còn suy nghĩ đến cái chết nữa 🙁",buon,lo_au,0.18280272,0.30903932,,True
2208,Bọn này là 👿 dương nhân quả sẽ đến sớm,lo_au,trung_tinh,0.03187356,0.30906355,,True
9414,gặp tao thì tao khinh,gian_du,trung_tinh,0.07516308,0.30910245,,True
4596,Hi vọng có ai đó cung cấp ảnh camera nhà dân trích xuất lại những cảnh truy đuổi trên đoạn đường bỏ chạy. Để biết tính chất nguy hiểm như thế nào. Không có lửa sao có khói.,hy_vong,lo_au,0.14137697,0.30920053,,True
661,Tôi thấy không hài lòng với cách làm việc thiếu minh bạch của bộ phận liên quan.,gian_du,that_vong,0.09325105,0.30934966,,True
1575,sắp được cống hiến cho tổ quốc rồi . vui quá ...,vui,that_vong,0.03573159,0.30936992,,True
7272,cảm giác phản bội,that_vong,vui,0.033465456,0.30937272,,True
214,"Bò liếm, môi dày, tóc xơ. Ko dám đi đâu:(",lo_au,that_vong,0.07764702,0.30938447,,True
1240,công khai biết sai sao vẫn làm .,gian_du,that_vong,0.08697395,0.30942944,,True
235,Khánh Linh nhìn giống biểu tượng trong thang máy nay tui gặp quá,vui,lo_au,0.103642166,0.30949664,,True
3149,"Bella Bích đôi khi xin vía tài lộc còn dễ hơn xin vía làm to ,vì xin cũng có đc đâu mà xin chi cho mệt .",that_vong,hy_vong,0.10620742,0.30952498,,True
7483,"Tui coi đến đoạn Glenn bị đập chết , mà thấy chán luôn , coi được mấy tập rồi , nghĩ coi luôn tới h🙄",that_vong,lo_au,0.13888806,0.30953145,,True
4193,Trương Đình Phước vứt vào thùng rác là để chứng minh không phải tài xế cấu kết gian lận ứng dụng.,trung_tinh,gian_du,0.17406647,0.3096307,,True
4518,lại là câu chuyện 1 chút bệnh thành tích của phụ huynh,that_vong,trung_tinh,0.16234101,0.3096408,,True
3662,"ai cũng có một vài khuyết điểm, bạn càng tự ti ngkh càng biết cách làm tổn thương bạn",trung_tinh,buon,0.0222943,0.30966213,,True
616,"Mừng cho con, chúc con mau bình phục",hy_vong,gian_du,0.05651295,0.30976808,,True
7745,2025 vẫn xem,trung_tinh,hy_vong,0.10601906,0.30980343,,True
2904,bố mẹ là những người yêu ta vô điều kiện ...,trung_tinh,buon,0.10188649,0.30985683,,True
2999,"bạn vẫn là cậu bé thì không sao. Đàn ông không khóc, họ lao vào vấn đề và giải quyết nó... có khi họ khóc khi nhìn thấy cái đẹp và bia thôi",vui,that_vong,0.018843252,0.30993602,,True
7502,thiết kế vậy tiện . nào hư của xe thì lấy của quạt gắn vào đỡ mất tiền thay,vui,gian_du,0.030662784,0.30999923,,True
8403,không may thụt chân xuống thì sẽ như thế nào nhỉ chắc là thốn đến tận rốn,lo_au,that_vong,0.02369822,0.3100619,,True
2677,Ngọc Ngân dù là lý do gì thì hậu quả như vậy cũng ko cảm thông dc tí nào chị ạ,gian_du,that_vong,0.08545511,0.3101034,,True
6199,Nằm nghiêng qua 1 bên 🙂 cứ có cảm giác bên còn lại còn 1ng nữa 🙂,vui,that_vong,0.030087389,0.31029183,,True
2840,Mẹ vội quá đây mà,trung_tinh,buon,0.03331975,0.3103035,,True
9737,càng thân thiết khi quay lưng càng đau lòng .,that_vong,buon,0.24772689,0.3103348,,True
4118,tao thì muốn là đéo bao giờ . nhưng mẹ tao thì muốn ngay bây giờ,hy_vong,gian_du,0.06174457,0.31042045,,True
8446,"per đọc vài dòng là lướt xuống cuối để xem có phải "" hi vọng câu chuyện mình vừa bịa ra ...."" nhưng không phải . kkk",vui,hy_vong,0.223389,0.31044012,,True
9801,đi lỗi phụ ấy . chắc bọn tao gần đấy mới biết nhiều lối phụ không tắc,trung_tinh,gian_du,0.19570082,0.31053278,,True
2884,Đầu tư bị lỗ vốn nặng 😥,lo_au,buon,0.08280786,0.3105841,,True
4404,bọn dân trí thấp tưởng thế là hay .,gian_du,vui,0.07032608,0.31062156,,True
6905,"5 năm thì có vẻ hơi sớm 🤣, tao chỉ ước sau này có người thích được phiêu du như gia đình người ta thôi 😌",hy_vong,vui,0.27799818,0.31072712,,True
7236,Kinh khủng!,lo_au,gian_du,0.1621926,0.3107405,,True
1145,vô địch awc 2019 nx,vui,trung_tinh,0.09092155,0.31081307,,True
1518,"tên của tao nghe rất bình thương , không có gì đặc sắc nên nhiều khi nghĩ cùng buồn tẹo .",that_vong,buon,0.19974902,0.31087804,,True
1013,vừa đây về đông kinh hồn càng về đêm càng đông,lo_au,trung_tinh,0.15399116,0.31099617,,True
8639,mẹ tao vừa đọc xong còn tag tên tao vào . bọn mày có cách nào trưa nay không về nhà mà vẫn có tiền ăn cơm không chỉ tao với,lo_au,that_vong,0.03714685,0.31108782,,True
1295,"Vì anh nói rất thích đọc comment và luôn đọc hết comment nên em xin phép comment để nói rằng kênh youtube của anh quá là tuyệt vời lun ạ. Em xem video đầu tiên của anh khi học năm nhất để viết essay về financial crisis 2007-08. Giờ năm cuối sắp ra trường, đang apply công việc và gặp nhiều thất bại, trải qua nhiều sự thất vọng huhu nên khi xem video nè em thấy được motivate lắm ạ. Cảm ơn anh vì bài học về sự kiên trì, dám nghĩ dám làm ạ. Em chúc anh luôn hạnh phúc vui vẻ để ra nhiều video nha",that_vong,hy_vong,0.1089055,0.31121546,,True
369,làm đéo gì có ai nói chuyện thân thiết với tao đâu mà,gian_du,trung_tinh,0.15504405,0.31126857,,True
9545,"hôm nào đi học về cũng phải đi qa , nhà nuôi lũ này ở đỉnh dốc , đi học về tới chân dốc thôi là nghe lũ quỷ đó đứng đầu dốc đón đường bọn tao rồi . méo đạp xe lên dốc nổi , dắt xe lên dốc mà muốn vứt mẹ cái xe đạp để chạy lấy thân cho rồi :((",lo_au,gian_du,0.11505592,0.31127173,,True
1270,Rụt rè xuất phát từ sự tự ti. Vậy điều gì làm bạn tự ti thì đi giải quyết chúng.,trung_tinh,buon,0.030169321,0.31127346,,True
1176,Mỗi lần nghe bài hát này và những tin tức về VN nổi cả da gà vì tự hào!,vui,buon,0.17335404,0.31135246,,True
1868,Ko sao ae mình có ảnh hưởng j đến ngta đâu mà ngại vs chả ngùng,hy_vong,lo_au,0.015514979,0.31136715,,True
8902,đúng là tốt quá lai thành lạm dụng 😶,buon,that_vong,0.12477921,0.3116257,,True
947,"chưa nói chuyện thân thiết quan tâm , mới xã giao thôi đã lầm tưởng rồi ấy chứ , haizz khổ lắm",gian_du,that_vong,0.041977275,0.3117872,,True
712,Ko có ragnar sao,that_vong,trung_tinh,0.11679227,0.31184798,,True
4477,Sao mn k nghĩ là cay quá nên đặt tên như vậy. Mai sau mắng con cũng là mắng nyc nhỉ,gian_du,hy_vong,0.04076915,0.31187734,,True
5929,bài này quen quen,trung_tinh,vui,0.050547358,0.3118959,,True
7954,chủ thớt sấp mặt rồi,buon,trung_tinh,0.021656122,0.31202847,,True
7982,có lẽ vậy là tốt nhất,hy_vong,trung_tinh,0.0877415,0.31203184,,True
7018,Phương Thảo ơ ngta có nói địa chỉ đâu =))) ông con trai ở hp thì đúng rồi còn gì,vui,trung_tinh,0.10172255,0.31203586,,True
6466,Lê Thảo đang yêu đời coi cho trầm cảm nè keo,buon,trung_tinh,0.024443533,0.3120618,,True
1323,"không, nếu em dám show cảm xúc của mình ra thì em cực kỳ can đảm đó. Tất nhiên cũng ko nên khóc nhiều quá vì sau này nếu em bộc lộ cảm xúc ra thì ko có tốt trong việc làm ăn này nọ. Anh đã khóc lúc trong bệnh viện sau khi phải phẩu thuật lần 2 cái khớp háng của anh. Nhưng mà giữa việc em khóc 1 cái cho đã so với việc em kìm nén rồi 1 ngày nghĩ quẫn thì anh theo hướng đầu tiên hơn.",hy_vong,lo_au,0.09007356,0.31215152,,True
906,anh nói vậy với em lần nửa đi,gian_du,hy_vong,0.021827487,0.31229442,,True
168,giá như có thể quay ngược thời gian 🥹,buon,hy_vong,0.20949146,0.31241,,True
80,Xin chia buồn cùng gia đình. Mong sự thật sẽ sớm được sáng tỏ Phương nà,hy_vong,buon,0.25348878,0.31243572,,True
8213,"Hồi xưa mình học lớp nhà lá, lúc mưa cả lớp vội cất sách vào túi bóng với ngăn bàn vì mái nhà dột khắp nơi",trung_tinh,buon,0.023408592,0.31257778,,True
3154,H nó lập cái khác rồi TikTok nó lại ban tiếp nhỉ,that_vong,lo_au,0.1394851,0.31263405,,True
5194,ước mơ tao 🙂 chỉ có thể sao chép lại và tao lên màu cực xấu !,that_vong,hy_vong,0.1847508,0.31266052,,True
9206,Mất cha mất mẹ ngta gọi là mồ côi. Còn mất con thì chẳng từ nào diễn tả nỗi. Hic. Thương cô quá. Hy vọng cho mấy bọn đầu đất đó nó vô tù hết.,gian_du,buon,0.14616431,0.3127152,,True
8202,k dám để nói nên nổi lòng,lo_au,buon,0.10232742,0.3127296,,True
8748,tao còn phải đợi 3 tháng nữa là đủ 1 gia đình nhỏ rồi,hy_vong,trung_tinh,0.13356437,0.31277213,,True
7593,cái cảm giác nhìn người thân mình khổ còn mình lại chẳng làm được gì giúp .,that_vong,buon,0.26237243,0.31277725,,True
7344,cơm từ thiện không tốn tiền nên không biết quí trọng ý thức còn thấp quá,gian_du,that_vong,0.053152684,0.31278887,,True
5399,toàn tặng đồ gây sát thương thế kia khả năng bị phản damage là rất cao,lo_au,gian_du,0.1447893,0.31283465,,True
3504,nói câu trước đá câu sau vẫn là sai bét đúng không cả nhà,that_vong,trung_tinh,0.12164018,0.31296918,,True
9401,Tôi là người Campuchia tôi mong atr nói sao cho vừa hai bên,hy_vong,gian_du,0.041985996,0.31297055,,True
9892,Chỉnh sửa ảnh Free đàn bà mới đẻ xác nhận không nhạy cảm bằng nha,trung_tinh,gian_du,0.12227963,0.31298763,,True
1470,quay lip miệng chửi liên tục còn đăng mạng cho mọi người biết ... hài .,vui,gian_du,0.04767022,0.3130483,,True
2171,"giờ mà quay lại cái thời đi học , tao thề không ngoan nữa mà sẽ bỏ học đi chơi vài bữa",hy_vong,gian_du,0.024608219,0.31314322,,True
3145,bạn đặt câu hỏi với mục đích không cần câu trả lời thì thôi mình không nói chuyện,gian_du,that_vong,0.116430044,0.31318045,,True
9418,mình luôn cố tỏ ra ổn với ngoại hình mình nhưng chỉ nghe 1 lời nói chê bai từ người khác đã đủ khiến tớ thấy mất tự tin,lo_au,buon,0.026243217,0.3132064,,True
5699,đi đại học hay đi xklđ em mông lung quá ( mng cho em xin lời khuyên ạ,lo_au,hy_vong,0.098734796,0.31333065,,True
3836,Hieu Dao biet truoc r chu,that_vong,trung_tinh,0.10761353,0.31333768,,True
5720,"Công nhận là vụ này làm mình e dè hẳn. Ngày xưa thấy HDM được coi là rất chú trọng người tiêu dùng, vẫn còn nhớ live stream nào c từ chối sp của bên nào đó vì không đủ chất lượng, rồi còn QL làm từ",lo_au,that_vong,0.11774526,0.31335843,,True
3092,Bình an là hạnh phúc nhất,vui,hy_vong,0.1711349,0.31336898,,True
626,cảm thấy bị tổn thương,that_vong,buon,0.090824105,0.31343535,,True
433,"""nhan sắc là gì? chỉ có lớp da mỏng manh thôi, thứ qutrong là tâm hồn thuần khiết.....""",hy_vong,buon,0.07905048,0.31345725,,True
5990,"em rất duyên , và có khiếu hài hước , nhìn mặt em thôi là chị đã muốn cười , ba mẹ chửi mà vẫn vui tươi như vậy thì đáng khích lệ mà , sao nhiều người bình luận nặng lời thế không biết , chỉ là vui thôi mà",vui,that_vong,0.016623542,0.3135125,,True
4077,"Cứ stress là nó nghỉ đến chuyện ấy 1 ngày 2,3 lần ko bỏ đc",buon,that_vong,0.122883245,0.3135214,,True
9646,"xã hội giờ nguy hiểm quá . có khi cái con mẹ kia mới là người có ý định bắt cóc trẻ con ấy chứ , hoặc chỉ một câu trêu đùa quái ác như thế cũng đủ mệt",lo_au,gian_du,0.23660861,0.3135368,,True
3755,"sao phải ngại nhở, các cậu có làm gì sai hay phạm Pháp thì mới ngại chứ bố mẹ sinh ra lành lặn bình thường mắc gì phải ngại? và chả có ai là không đẹp cả, chỉ có người không biết mình đẹp ở đâu và",hy_vong,gian_du,0.038163435,0.3136332,,True
4174,Bắc Bún chó vs chả má xin video cs bro ơiii,vui,gian_du,0.113379434,0.31363627,,True
2036,"Chu Diệp Anh con diễn thật tuyệt vời. Ánh mắt, biểu cảm khiến người xem ko thể ko rơi nước mắt. Chúc mừng con.",vui,buon,0.11138843,0.3136514,,True
5959,làm sao tôi có thể yêu được loài người đây ???,gian_du,trung_tinh,0.04108545,0.3136755,,True
3443,lâu lâu tự nhiên ghen mặc dù đéo là gì của nhau,gian_du,that_vong,0.07464905,0.3137214,,True
1209,"Hay rồi anh Khánh ơi , về thôi",trung_tinh,vui,0.14812249,0.31391603,,True
2504,vợ chồng đã hiểu và sống tốt . thì với tôi ngày nào cũng là ngày tao / y .,hy_vong,trung_tinh,0.087299965,0.31401724,,True
2268,làm sao bằng chạy xe ôm với bán chổi được ..... nên đừng nói chuyện đến lương .,gian_du,that_vong,0.1507818,0.3140435,,True
8674,mấy góc cầu bị bể là thành quả của mấy đứa mập chân ngắn để lại à ....,trung_tinh,gian_du,0.10661789,0.3140738,,True
3430,🙄😥,gian_du,buon,0.043854292,0.31409124,icon_only,True
9031,đáng nhẽ nên làm việc này từ sớm . chứ hàn quốc họ làm từ lâu rồi ạ,that_vong,trung_tinh,0.14076449,0.31412613,,True
1588,"t hô nhưng con bạn cứ kêu mở khẩu trang hoài í, nó nói có ai nhìn m đâu. Ừ thì m niềng răng thì răng m đều m tự tin còn t thì đâu có đc như m, nó cứ giật khẩu trang tui hoài làm tui khó chịu lắm,",gian_du,lo_au,0.12720066,0.3141355,,True
6346,"đừng để râu , móng tay cắt gọn gàng . nếu mà thơm nữa thì 8d chuẩn mẹ rồi",trung_tinh,gian_du,0.082498744,0.31420594,,True
1722,chỉ mong cảnh này sẽ không còn xãy ra ở xã hội này nữa . bất hạnh vậy đủ rồi 😞🙁,that_vong,buon,0.22763942,0.31423742,,True
6330,an ủi cũng ghen à :(,lo_au,buon,0.028043963,0.31431,,True
5435,Hồng Phạm cuộc đời toàn cứt vs đái ko vậy,gian_du,trung_tinh,0.17993331,0.31446883,,True
2989,"gắng , nhanh khỏi bệnh rồi về bên anh",hy_vong,trung_tinh,0.14685954,0.31449315,,True
3007,Nguyễn Long =))) ước được mua cho,hy_vong,vui,0.19128361,0.3145349,,True
9692,thế nên bán hàng có tâm là đừng bao giờ nài nỉ khách mua thêm vì biết đâu bạn vô tình làm cho nỗi đau của họ trở nên tồi tệ hơn .,buon,that_vong,0.08114595,0.3146063,,True
2110,ý tưởng hay,hy_vong,vui,0.04250969,0.31461054,,True
3415,năm nay được nhận hoa và được ngồi nhìn người ta hạnh phúc,that_vong,vui,0.042927284,0.3146154,,True
2702,Nghĩ đến cãnh nắng nôi mưa gió mình nằm trương háng mà ng ta lặn lội đi ship hoy cũng thấy tội ! Tích đức k mún cứ thích tạo nghiệp,gian_du,buon,0.07889001,0.31466058,,True
5167,"huhu mũi củ tỏi, mụn, mày nối rậm, fat, ngăm, gò má cao 😭😭",gian_du,buon,0.044946313,0.31470087,,True
324,Hằng Nhi làm gì đc nó mà tới công chuyện,gian_du,trung_tinh,0.19239011,0.3147018,,True
9947,nghe em giải thích….,hy_vong,buon,0.10680209,0.31473058,,True
3506,Đức Nam Hà bố cho quần vàng đi coi i,hy_vong,trung_tinh,0.1777256,0.3147449,,True
157,"tao tưởng con ê ́ ch . -.- nhìn lại thấy con quỷ này , hết đáng yêu rồi",that_vong,gian_du,0.09993794,0.31475997,,True
3055,2 tên sủa giống nhau đêm đêm thì rủ nhau hú ??,gian_du,trung_tinh,0.07939184,0.31496787,,True
2717,tất cả mọi người đều không có được hoàn hảo?? tôi cũng vậy bạn cũng vậy?? chỉ là qua mấy cái app chỉnh sửa và trang điểm? so đo với mặt mộc thì tất cả mọi người đều bằng nhau.,hy_vong,gian_du,0.055779476,0.3150615,,True
9784,"Dạo này em hay có cảm xúc tiêu cực, gáng nhủ bản thân là lạc quan lên nhưng không được. Tui tìm đến chị Giang huhu",lo_au,buon,0.18956946,0.31510654,,True
3659,Nguyễn Ngọc thiệt muốn chọi cho nó biết cảm giác ghê,hy_vong,lo_au,0.022926887,0.31528848,,True
8416,"gần 2 năm đến sớm nhất để mở cửa lớp , lúc về cũng là người là sau cùng để khóa cửa . đến giờ ra trường được 3 năm vẫn không muốn vứt chìa khóa của lớp ...",buon,that_vong,0.19595326,0.3153012,,True
9546,ăn vải nóng lở hết miệng ra đây này,buon,lo_au,0.045062546,0.3155145,,True
4983,giá như mẹ ko sinh mik ra gì tốt rồi,that_vong,buon,0.21697007,0.31560114,,True
1188,Đi xem chug nè,hy_vong,trung_tinh,0.17361902,0.31573656,,True
8794,một buổi 8 con nhiêu ghê,gian_du,trung_tinh,0.06884058,0.31581253,,True
3371,t quá mệt mỏi với cuộc sống này rồi 😓,that_vong,buon,0.27516264,0.31581533,,True
7334,mày chuẩn bị ra rìa rồi con,gian_du,trung_tinh,0.03798077,0.31591815,,True
5213,Quá ác 🥹🥹🥹thương chú,buon,gian_du,0.17666788,0.3159804,,True
664,ngoài ra thì nó còn bị mang tiếng là thả thính cả xã hội nữa,gian_du,lo_au,0.21440668,0.31607887,,True
2049,Phan Thế Anh chơi đồ thì phải chết thôi chứ seo,that_vong,trung_tinh,0.087414496,0.31609118,,True
5304,Ráng đẻ thêm 1 đưa con trai r mình đặt ten nyc cho con.,hy_vong,that_vong,0.06513205,0.31612623,,True
2064,Mình thật hp khi có 1 người a trai luôn che chở và yêu thương e gái hết lòng,vui,hy_vong,0.078166544,0.31614265,,True
9211,có ai tuổi 17 18 mà giọng như 10 11 tuổi không ☺ tự ti xong tự kỷ không tiếp xúc vs ng ngoài ở trong phòng tới đêm mới ra ngoài r về nch 2 3 câu vs bm lên phòng,lo_au,buon,0.1102011,0.3162217,,True
7530,hối hận qua nhiều thứ.ước j thời gian quay trở lại,hy_vong,buon,0.22754017,0.31635845,,True
4852,ngại nói lắm 🥺 vì cứ có cảm giác chú ý đến tâm trạng ng khác không mấy vui vẻ lắm...,lo_au,buon,0.19479164,0.31639612,label_theo_icon_neg,True
8071,phải bồi thường thiệt hại bị trầy xước thân tàu . tiền sơn lại mấy toa tàu chắc cũng bộn .,trung_tinh,that_vong,0.109461635,0.31643894,,True
7586,Thôi về quê đi cho lành,that_vong,trung_tinh,0.04223394,0.31651366,,True
3516,gặp em đúng lúc nhưng sao anh vẫn thấy mình cô đơn quá .,that_vong,buon,0.20053762,0.3165755,,True
757,per huhu em không biết phải đi xem phim với ai nữa 😭,that_vong,lo_au,0.19535735,0.31668735,,True
5824,hỏng cả một thế hệ 😔,that_vong,buon,0.25238895,0.31689543,,True
8257,Hồ Nguyễn Thông bất hiếu là tội lớn nhất của đời người đó,gian_du,trung_tinh,0.12282517,0.31691474,,True
9403,per cấm dừng đỗ đâu cụ thớt ???,gian_du,trung_tinh,0.2141873,0.31711787,,True
8134,Đâu cứ phải là cam pu chia vì người thời đó rất thưa thớt chỉ vì kinh đô nằm ở đất cam thôi,trung_tinh,that_vong,0.16130313,0.3173648,,True
3114,Phương Thảo chắc FB nó hiện k giống nhau r,that_vong,gian_du,0.10528773,0.31740063,,True
6784,chuẩn nếu 11 năm về trước chín chắn hơn chọn đúng thì ngày hôm nay có khi ...lại yên ổn,buon,hy_vong,0.03065056,0.31764862,,True
2002,Sao trên đời này vẫn có những thằng chỉ muốn ăn ko mồ hôi nước mắt của những người Lao động vậy đời thẳng này nó cũng ko gặp được cái hay đâu,gian_du,that_vong,0.11920443,0.31766126,,True
2874,"mình cũng vậy , gục ngã đêm nay",that_vong,buon,0.23916039,0.317779,,True
9070,Mong các con sau này thương nhau dù đứa nghèo đứa giàu cũng đùm bọc nhau.vì bố mẹ không bên các con mãi.bố mẹ già mất đi hoặc chẳng may mất đi các con là chỗ dựa của nhau là mừng rồi.,hy_vong,that_vong,0.10828886,0.31780052,,True
6383,"vậy đấy , thế nên con gái mới toàn bị lừa",that_vong,gian_du,0.13215049,0.31780332,,True
7050,t chưa bh hối hận về những j t chọn làm t làm,trung_tinh,buon,0.09347027,0.31781727,,True
3042,đây chính là lý do tao giảm cân toàn thất bại,that_vong,trung_tinh,0.20038193,0.31809866,,True
4115,Dung Phung gái có công thì chồng khg phụ Yên. Tâm. Đi.,hy_vong,trung_tinh,0.13940421,0.31832725,,True
5257,vậy vài bửa trời nắng mình không mang quần nằm dưới nắng cho nó nở ra :)),vui,hy_vong,0.2711515,0.31850022,,True
6736,mình k có nhan sắc nma mình tự tin vl=))),hy_vong,vui,0.22988266,0.318548,,True
67,đau đớn hơn còn là khi làm bạn cũng khó và gặp nhau coi như người dưng nước lã,that_vong,buon,0.25636098,0.3185823,,True
2670,"tôi không tỏ tình crs, k kịp nói do nhà tôi chuyển nhà gấp :"")",buon,trung_tinh,0.042622097,0.31862321,,True
8266,"Tuỳ hoàn cảnh sống của mỗi người sẽ quyết định dộ dày của da mặt họ. M mới 18t nên chưa trải sự đời nhiều nên có lẽ một vài thất bại sẽ khiến m yếu đuối. Nhưng khi m ra đời m trải qua nhiều thăng trầm thì m muốn khóc cũng sẽ k có nước mắt mà khóc Có thể hiện tại m yếu đuối, nhưng sau này m có thể trở nên lỳ hơn, mạnh mẽ hơn",that_vong,hy_vong,0.09922796,0.3187404,,True
1273,"Khoa Đoàn Nguyên team có Levi và Bie là hay, còn lại 3 người kia ko có hi vọng",gian_du,that_vong,0.073514886,0.31878468,,True
5120,Môi trường làm việc độc hại đang dần vắt kiệt sức lực và tinh thần của tôi.,buon,that_vong,0.11215643,0.31882447,,True
2964,"cái loại lười lao động , vì những người hay lao động tay chân thì họ không bao giờ nuôi được móng tay cả ...",gian_du,that_vong,0.18206567,0.3188606,,True
8046,Sa Rang bây giờ mới xin thì muộn rồi. Xin cho con thì được,that_vong,trung_tinh,0.15097323,0.3188687,,True
710,Tiền mà ra,that_vong,trung_tinh,0.11899664,0.31900877,,True
6987,"Ra nhiều video kiểu này đi chị, e rất thích 😍😍😍😍",hy_vong,vui,0.27402914,0.31906775,,True
5457,Hic mới mua mà rơi rồi,that_vong,buon,0.21405907,0.31920165,,True
469,"ko bt, trong lòng cứ trống trãi lắm ko bt làm sao cả, chẳng bt phải đối diện vs tương lai ntn, lúc nào cũng phải sống vất vưởng một cách vô nghĩa",lo_au,that_vong,0.122419946,0.319238,,True
4270,Theo điều ABC BLHS bạn có thể kiện dám lấy hình ảnh riêng tư phát tân trên mạng,gian_du,trung_tinh,0.07135725,0.31924453,,True
7711,"nhiều mụn, mũi to, mắt thâm, lúc nào cũng cảm thấy tự ti riết không muốn cởi khẩu trang..",that_vong,buon,0.11207199,0.3193079,,True
7697,Tank Táck a xem mà đỏ hoe mắt,gian_du,buon,0.105730414,0.31932807,,True
8710,Lễ Trần á lại cay,gian_du,trung_tinh,0.19901246,0.31934184,,True
7,bị ngọng nói k ai nghe,buon,lo_au,0.07180255,0.3194153,,True
4182,tao có hiểu đéo gì đau,buon,that_vong,0.09145265,0.31953108,,True
4053,khẩu trang là thứ ko thể thiếu khi ra ngoài.. tự ti chính bản thân mik ^^,buon,hy_vong,0.21868871,0.3195674,,True
9115,Ai cũng bắt đầu từ đâu đó mà 🫂,hy_vong,trung_tinh,0.0417693,0.31961623,,True
7740,Cái giá của trưởng thành nó đắt quá. Tiền tiền tiền gì cũng tiền ta tự hỏi đồng tiền nó làm ta khổ vạy sao,buon,that_vong,0.06219772,0.31966352,,True
3591,nhìn lại giờ đéo biết vì sao ngày xưa mình đỗ đại học,trung_tinh,gian_du,0.05664607,0.31968024,,True
6153,hối hận nhất trong cuộc đời là yêu và hy sinh vì 1 thằng tệ bạc. k ra gì để đau thương mất mát.khiến bản thân mang bao thương đau,that_vong,buon,0.2854389,0.31983742,,True
2346,đi chơi còn bỏ quên cả não ấy,gian_du,trung_tinh,0.10085619,0.3200238,,True
8765,"Từ hôm nay xin tu , k hóng nữa 😬",lo_au,buon,0.124520436,0.3201888,,True
6694,per anh có định quát mắng em không,lo_au,hy_vong,0.10244603,0.32019556,,True
3387,"Về nhan sắc, khó có thể có quy định cụ thể lắm bạn. Tiêu chuẩn cái đẹp của 20 năm trước và giờ cũng khác nhau. Chỉ cần ưa nhìn trong mắt mình thì có thể đc coi là đẹp rồi. Kể cả trong cùng 1 thời điểm, nhiều idol đẹp trong mắt ng này nhưng trong mắt ng khác lại ko đẹp.",trung_tinh,hy_vong,0.14214557,0.32020277,,True
8239,"Chung Ái Nhân thì con cháu đang gánh đó, xích mích người lớn, giờ cô dâu chịu",that_vong,gian_du,0.17299409,0.32032743,,True
2493,da ngăm đen môi thâm răng ko đều có xoáy bò liếm bị chị và ng thân trong nhà chê cười đi ngoài đường thì bị người ta so sánh,that_vong,gian_du,0.19667959,0.3203759,,True
502,đây là một câu chuyện buồn không chỉ riêng tao,that_vong,buon,0.26602787,0.32040715,,True
7026,@ladycarecoin Đọc sách không thôi sẽ không phải là lối thoát. Áp dụng hành động sửa chữa những kiến thức từ sách mới thực sự là lối thoát,hy_vong,trung_tinh,0.18353403,0.32046375,,True
3187,"mình có nghe được một câu nói ""nếu như có một cô gái xinh đẹp tự ti thì là do quá khứ họ bị chê bai quá nhiều."" dù rằng ngoại hình thay đổi, nhưng những vết xước đó chẳng thể nhòa dc",trung_tinh,buon,0.04622659,0.320548,,True
3290,"tại kh chung tần số đó trời,ai kh chung tần số bắt chuyện là t như t.ự kỉ luôn đó😭",gian_du,that_vong,0.03433533,0.32055017,,True
460,t k có bạn👍,buon,trung_tinh,0.05764033,0.3205962,,True
9136,Thg khứa đeo kính chắt no dẫn nhỏ đo đi chắt clip nao cũng có hắn,gian_du,that_vong,0.07689171,0.3208213,,True
8858,thật ra nhiều lúc bị bố mẹ chửi không hiểu vì lí do gì và những câu chửi ấy có những từ không chấp nhận nổi,gian_du,trung_tinh,0.07195636,0.320835,,True
7543,chẳng là cái gì cả,gian_du,trung_tinh,0.11601869,0.320948,,True
3412,đáng yêu quá . chúc ông bà thật mạnh khỏe mãi hạnh phúc như vậy 😍,vui,hy_vong,0.29379004,0.32099417,,True
6997,đau lòng lắm khi tối nay chồng tương lai của tao lại cống hiến sức lực để chăm sóc vợ thằng khác ..,that_vong,buon,0.27269804,0.3214878,,True
3519,Nguyễn Tuấn Kiệt ô là đọc ko kỹ rồi. Ở các điểm sạc của vin nó chỉ được sạc nhanh chứ k sạc được loại sạc chậm 11kw. Còn muốn sạc ở nhà thì mua riêng dây sạc khác giá từ 4-6tr là dùng bt điện lưới ở nhà chứ k cần 3 pha luôn,that_vong,trung_tinh,0.15336446,0.32166523,,True
5436,"vui vẻ chút , lạc quan chút cho đời thêm vui cũng là một cách 😂😂",hy_vong,vui,0.28543887,0.32172382,,True
8029,"đi hát văn nghệ cho trường nguyên cấp 1 , kiếm được kha khá . cấp 2 vỡ giọng , khỏi hát",buon,trung_tinh,0.033430584,0.32183632,,True
5748,"Em thường hay ngủ khi buồn, stress<br>Nhưng có lúc ngủ dậy nhận tin buồn phiền nó buồn 1 cách tỉnh táo luôn",trung_tinh,buon,0.023119975,0.32186806,,True
1310,Rất sòuu:(,that_vong,buon,0.24772136,0.3220553,,True
7577,T mà thân vs ai t nói hơn cái máy còn k thân nch kiểu ngượng lém,trung_tinh,gian_du,0.023726106,0.32207847,,True
1004,"hồi xưa đi học mình ngồi gần lớp trưởng , tên này được cái rất ga lăng với bạn gái trừ mình .. huhu ..",that_vong,lo_au,0.19593653,0.32213408,,True
8976,Tuy tôi ko đẹp nhưng tôi vẫn rất tự tin …,hy_vong,buon,0.17759754,0.3221367,,True
3425,thứ t cần là chiều cao đi mua đồ ăn đứng gần mấy bé mà mình thấp hơn ngại vl lun có 1m60 chán nản,buon,that_vong,0.18783978,0.3221537,,True
7691,"Minh Tấn ngày trước thì làm liền, chứ giờ thì phải 1 thời gian mới nữa lồng ghép nhẹ vào cơ ;))",trung_tinh,vui,0.12412926,0.3222806,,True
7363,xin lỗi đây mình vẫn nấu nhé,trung_tinh,buon,0.053787954,0.3223148,,True
4761,per bữa nào làm thử mày,vui,trung_tinh,0.12926972,0.3224855,,True
5891,phải rọ mõm chủ mới đúng,gian_du,trung_tinh,0.19492279,0.32265207,,True
619,"nó sẽ ra cái ốp , lo gì thiếu đồ chơi",hy_vong,gian_du,0.079420984,0.32273233,,True
3215,Đứng trước ngã rẻ cuộc đời. Ta tự hỏi đâu mới là con đường đúng đắn tương lai sẽ đi về đâu mỗi bước ta chứa đầy sự non dại hoang mang và lo lắng💔,lo_au,buon,0.11100413,0.32274064,,True
185,@thèm mỳ cay🍜 thiệt bà ngại lắm,hy_vong,gian_du,0.028485596,0.32274348,,True
1054,Vô nghĩa,that_vong,gian_du,0.10519382,0.32281178,,True
3540,cho nó ăn rau má đi,trung_tinh,gian_du,0.15549272,0.32282588,,True
7728,Vấn đề kỹ năng,gian_du,trung_tinh,0.14610466,0.32288426,,True
10142,"Tội nghiệp con quá, được sống trong vòng tay yêu thương của ba mẹ chưa được bao lâu thì đã mất,mong con an nghỉ nhé và kiếp sau con sẽ được hạnh phúc nhiều hơn nữa nha",buon,hy_vong,0.25331903,0.3231157,,True
6484,"bạn bè nói chuyện cũng chụp post facebook , vui không ?",gian_du,trung_tinh,0.08676695,0.32341337,,True
6435,"răng tớ thưa ngay 4 cái mặt tiền, h hết mang khẩu trang vào lp ko dám cười lun ấy"")",buon,lo_au,0.2378718,0.32341462,,True
9094,tận cùng của tan vỡ ah có biết là gì không ?,that_vong,trung_tinh,0.18319835,0.32342383,,True
6530,Trọng Anh Nguyễn làm đơn cho chúng nó đi hết đi a ạ,gian_du,trung_tinh,0.12957166,0.32354778,,True
9502,"thâ ̣ tao ra thi ̀ nê ́ u 1 thă ̀ người con trai no ́ yêu mày va ̀ coi tro ̣ người mày , câ ̀ n mày thi ̀ mày co ́ qua ́ i thai thê ́ na ̀ o no ́ cu ̃ người chi ̣ u đươ ̣ c va ̀ cô ́ gă ́ người la ̀ mày mày vui 🙂",trung_tinh,gian_du,0.18235755,0.32358173,,True
9135,Sách hồi đó nó ko hổ lốn như bây giờ,that_vong,trung_tinh,0.16513972,0.32360017,,True
6166,"Bữa order bị dính chưởng 1l Bth ngồi bên q4 đặt papas q7 ngon xĩu Tới lúc về q8 đặt pp bên ngtriph thì gặp gà cũ, khô quắc @@ khác bọt hẳn. Nuốt k trôi luôn.",that_vong,lo_au,0.21508957,0.32364807,,True
7029,Bạn này cũng k xinh xuất sắc như mn khen. Về diễn xuất thì mình cũng k ý kiến vì k có chuyên môn. Qđ cá nhân thì thấy bạn này cũng xinh bình thường thôi.,trung_tinh,that_vong,0.08694005,0.32383996,,True
4151,lại mưa 😞,that_vong,buon,0.22386816,0.32385856,,True
1899,"Tôi: da đen, mặt mụn, môi xấu, mũi to, bị bệnh sau tai nạn. Thất bại.",that_vong,buon,0.2015689,0.32386512,,True
522,nhìn cái đống lúa phơi mưa ướt nhẹp ma ghép cười được .,buon,gian_du,0.065318845,0.32396528,,True
2776,tác phẩm nghệ thuật chất lượng cao hiếm hoi của điện ảnh việt nam nhưng không được công chúng quê nhà đón nhận,that_vong,gian_du,0.12948075,0.3239657,,True
1489,"bảo ""dân ng.uu"" thì lại tự ái. Tâm lý bầy đàn và ham muốn quay lại chụp lại những thứ xảy ra bất thường đang dần tạo nên những nguy hiểm tiềm ẩn trong xã hội hiện nay. t cứ thấy đám đông là t rẽ qua hướng khác , cùng lắm tò mò thì nhìn với vào bên trong xem có gì rồi cũng quay đi chứ ko rúc đầu vô mà quay mà chụp. Và cộng thêm dân trí thấp nên lúc nào cũng mang trong đầu tư tưởng C.A ép dân , C.A lộng quyền.... chán thật sự.",that_vong,gian_du,0.13101642,0.32400978,,True
5361,tôi từng trách bố mẹ sao sinh tôi ra trong hoàn cảnh này,that_vong,buon,0.24927485,0.3241843,,True
1069,Mới xem video cầu hôn xong.,vui,buon,0.19933066,0.32421166,,True
2222,"A vision có mỗi cái nhà ở Hàng Điếu cho thuê, cũng chỉ đủ ăn qua ngày ý các bạn",that_vong,trung_tinh,0.09721055,0.32424054,,True
2552,ồ ! rất nhớ !,hy_vong,buon,0.03953748,0.32425988,,True
412,ai thử rồi cho xin tấm hình cái coi nào,trung_tinh,hy_vong,0.16450359,0.32427967,,True
5261,"Cảm ơn chị Giang, em đang vùi mình trong tiêu cực đây..bây giờ em đang ngồi ngoài vỉa hè uống trà sữa ăn cá viên chiên nghe video của chị 😤",buon,that_vong,0.07020191,0.32431757,,True
3493,“ yes” cũng giet “ no” cũng xien Mỗi năm tỉ lệ người hoá “thú” vẫn chưa thấy giảm,gian_du,buon,0.014527906,0.3244425,,True
2774,muốn bảo vệ và chăm sóc người đấy,vui,hy_vong,0.05956146,0.32446977,,True
7590,"sao giống chị vậy hai em, hai em có phước hơn chị, chị còn có hai con còn nhỏ đó em",that_vong,hy_vong,0.08428274,0.32448083,,True
7913,Kim Ngân xem thử hk 🙄,hy_vong,trung_tinh,0.12287985,0.3247638,,True
8365,tao mới mọc răng khôn huhu,buon,that_vong,0.12061709,0.32479262,,True
1579,"Có 2 giấc mơ nữa cũg thành sự thật 😌 mà nó k ướt đẫm như này , nó díh díh",hy_vong,that_vong,0.066284664,0.3247984,,True
5617,Các bạn hoá chờ tin IPhO nhaa,hy_vong,vui,0.25991875,0.3248295,,True
1532,Đã làm tất cả nhưng ko thoát được 😔😔😔,that_vong,buon,0.28337145,0.3248768,,True
7569,Nguyên Phạm người trong cuộc hiểu người trong kẹt quá héng,trung_tinh,vui,0.14606078,0.32488367,,True
2250,Còn chơi khai tên nơi làm việc nữa thi a grap sau này khó sống với tụi nó rồi.. mấy a nhà báo tốt quá củng khổ,lo_au,gian_du,0.05479442,0.32501948,,True
5791,t đi làm mà chỉ dám mua cơm vào phòng tìm chỗ nào kín để ăn,buon,lo_au,0.039542187,0.3250963,,True
9251,Giang Phan e thấy bên này càng ngày càng lắm người bị bệnh tâm lý ấy. Ghê lắm,lo_au,gian_du,0.2317951,0.32509965,,True
8694,may cho mày con nhà gia đình khá . chứ nghèo như tao khổ rồi .??,trung_tinh,gian_du,0.042054016,0.32510018,,True
3685,Còn người....còn của... Thế là may rồi !,hy_vong,gian_du,0.045911696,0.32513115,,True
3682,khi xuất hiện trước mặt người khác dù không biết người đó có đang nói về mình hay không nhưng vì cảm thấy tự ti,lo_au,buon,0.23552144,0.3251594,,True
1133,Học sinh dưới mái trường XHCN là vậy sao?,lo_au,gian_du,0.07572135,0.32519037,,True
3263,🙂 bữa nhàn sắc tớ xấu họ luôn trêu tớ giờ tớ cũg xấu nhưng tớ lại suy nghĩ khác và bít nói lại ngta,vui,that_vong,0.036115,0.32524365,,True
1296,Vănn Bội nìm hi vọng mỏng manh những vẫn hi vọng kh phải sự thật 🙏🏻,hy_vong,that_vong,0.05635129,0.32525334,,True
3331,mấy vụ giết người chặt xác gần đây ở việt nam toàn là người hiền lành 🤔🤔🤔,lo_au,trung_tinh,0.09558206,0.32534605,,True
6207,Lắm thế,lo_au,trung_tinh,0.06906068,0.3254707,,True
6093,biết đâu nó không thích bạn mà chỉ tiếp cận bạn vì đã lỡ yêu thằng bạn thân của bạn,gian_du,that_vong,0.0691316,0.3256743,,True
9143,tiếc vl,that_vong,buon,0.16233447,0.32572508,,True
5594,mình làm ở sài gòn gặp nhiều bạn ở miền ngoài nhưng thích nghe nhất giọng ở phú yên nghe hay hay sau ah có ai vậy không,vui,trung_tinh,0.06967807,0.3258072,,True
3223,Kiện ccmnđ chứ,hy_vong,trung_tinh,0.039347865,0.32595587,,True
893,Em vừa phải đối mặt với một kì thi và bây giờ đang đối mặt với những con điểm với những áp lực từ phía gia đình!<br>Video của chị ra rất đúng lúc!!!,lo_au,hy_vong,0.14057434,0.32615584,,True
8963,"10 năm rồi, tôi cũng vô cùng hối hận, vô cùng hối hận! Giá như tôi đã không từng cố chấp như vậy, giá như tôi đã từng biết nghe lời...có lẽ sẽ không có cuộc sống như hiện tại.",that_vong,buon,0.20391747,0.32615614,,True
3940,hối hận vì chọn thi học kỳ bỏ đi khám chữa bệnh. nếu ngày đo đi khám có lẽ sẽ có 1con ng hoàn thiện hơn...😞😢😭.,that_vong,buon,0.23033676,0.32620007,,True
3370,kh nhìn thấy mặt tôi thì tôi nói liên mồm nma ngoài đời kể cả với bạn thân 5 năm r tôi vẫn ngại 😢,lo_au,buon,0.13361847,0.32621992,,True
3100,Mồm thì kêu tội mấy bé quá mà thấy thổi lửa hot tiktok thì livetream câu view là tội dữ chưaaa ạ,gian_du,buon,0.077206746,0.3262666,,True
8066,"Văn Minh Nguyễn nước nào cũng có các vấn nạn riêng chú ơi dù là giàu mạnh văn hóa cỡ nào tjì đều có mặt trái ,nhìn vào thực tế chung thì VN cũng đã khá hơn trước đây rất nhiều rồi. 5 10 năm trước vẫn khổ lắm chú à. Uy tín visa hạng bét còn k dc đi xklđ nữa ấy chú. Còn để nói về tiêu cực thì rất khó tránh được trong giai đoạn hình thành và phát triển. Ai ý thức dc sốg tốt thì hay cứ cố gắng sống tốt. Ng lãnh đạo cũng khó lắm ,chỉ mong họ cố gắng hết mình vì dân thôi, mong họ toàn diện thì rất khó ,bản thân mình là ng có ý thức tốt mà đôi khi cũng k tránh khỏi sai lầm...",hy_vong,that_vong,0.20001948,0.32629034,,True
8450,"Có 1 lần tớ đi vào phòng vs dành cho cho nữ thì tớ thấy 2 bn nữ đang nhìn tớ rồi cười khúc khích, lúc đó tớ không nghĩ nhiều nên vào thẳng phòng vs luôn, tớ đã nghe lời hội thoại của họ khi tớ đang",lo_au,buon,0.17564417,0.32640076,,True
295,chuẩn không cần chỉnh,vui,trung_tinh,0.14769436,0.32645318,,True
5870,Miêu Đặng ảo thật ấy,vui,gian_du,0.03559293,0.32646644,,True
2097,"Nếu là mình, đầu tiên mình sẽ check camera xem con ốc đấy nó lấy ra ở đoạn nào. Khiêm tốn, tâm huyết nhưng không được nghi ngờ bản thân.",vui,lo_au,0.042123318,0.32652926,,True
3702,và đó đéo phải là tao,buon,trung_tinh,0.045602523,0.32659635,,True
2891,không biết người của họ hay sao mà bắt heo 2 ngày trúng 2 cái ipx,trung_tinh,that_vong,0.14562632,0.32660967,,True
2179,hứa mà,that_vong,trung_tinh,0.095387176,0.32670254,,True
3669,một sinh vật xinh đẹp và hiền lành . tiếc cho nó quá,buon,that_vong,0.24967651,0.32682556,,True
2655,Hoàng dừng ngay việc cho Bim ăn chân châu,lo_au,trung_tinh,0.039244626,0.32697773,,True
4727,"bth, t xấu nhưng chưa bao h quá tự ti về bản thân, làm đ j có ai hoàn hảo đâu ,có ng đẹp nhưng nết kì thì cx vứt, kém sắc mà giỏi thì ai nói j đâu",hy_vong,that_vong,0.06680354,0.3270856,,True
9542,Vòg tuần tuần hoàn nhỉ. Bắt rồi thả ...hài vcl,gian_du,vui,0.11256605,0.32722914,,True
8517,Pham Hoang Nam đồng đội b ơi :v,trung_tinh,vui,0.22869766,0.32743683,,True
7255,Long Hoàng Glen đi bỏ phim luôn em,that_vong,gian_du,0.08095211,0.32748866,,True
6785,1 lần nữa khâm phục e. Đúng 1 năm tôi chia sẻ.,vui,buon,0.039729275,0.32758307,,True
2234,nhà tao cũng gần mà tao không bao giờ dám đi đêm,lo_au,that_vong,0.1568655,0.3277092,,True
5896,"per như một cú tát vào mặt , đau lòng quá đi",that_vong,buon,0.25340706,0.3277619,,True
8477,tôi thấy tương lai của tôi trong bức ảnh này :d,hy_vong,vui,0.17700367,0.32812634,,True
6509,hành động tuyệt vời của anh.. tôi cũng đã nhìn thấy những công dân nước bạn đứng lên theo hành động của anh,vui,hy_vong,0.2575409,0.32819837,,True
9859,"thật thà vãi , mà tao chỉ thích ăn xoài chua .",trung_tinh,that_vong,0.08123314,0.32829398,,True
10182,thấy không có gì hấp dẫn,that_vong,trung_tinh,0.18657066,0.32831755,,True
1948,Đàn ông chứ có phải cục đá đâu mà không biết buồn 😭😭😭,buon,that_vong,0.23820579,0.32832322,,True
7377,Thu Thủy m liệu hồn đó,gian_du,trung_tinh,0.19810085,0.32835343,,True
5718,nó chi ̉ muô ́ n tâm sư ̣ chư ́ thi ́ ch me ́ o đâu ma ̀ thi ́ ch,that_vong,gian_du,0.088244975,0.32837087,,True
7596,Nhìn thương chú quá mong mtq giúp đỡ chú,hy_vong,buon,0.2349962,0.3283865,,True
7909,"Vụ ở Lào 4/10, vụ này ở Việt Nam 6/11. May mắn hơn Lào là 2 phi công Việt Nam vẫn còn sống. Ps: Bangladesh 5/9, Lào 4/10, Việt Nam 6/11. Con số 4,5,6",that_vong,trung_tinh,0.08906099,0.32854426,,True
5077,"Phạm Quang Vinh 😞 tại phở không ngon, chứ phở mà ngon chắc 365 ngày ăn ở nhà🌚🌚🌚",buon,gian_du,0.032443304,0.32856968,,True
6128,Minh Khai Thái Sỹ Pháp k cho bơ hút trân châu nưa nha 😩,lo_au,gian_du,0.1293746,0.32864797,,True
1156,"gặp một nhà nuôi 1 con chó với 2 con ngỗng , trời ơi chưa kịp vào nhà , con chó còn chưa sủa mà con ngỗng đã đuổi chạy vắt chân lên cổ rồi :'( nhục",lo_au,that_vong,0.09226614,0.3286617,,True
5224,"Nguyễn Quốc Anh gòi , tui đã từng sặc vì cái này",lo_au,buon,0.07424165,0.32875907,,True
9890,rụng tim 😭,lo_au,buon,0.21200643,0.32889533,,True
2027,"Trong lớp em có những câu hỏi giáo viên đưa ra em biết câu trả lời nhưng lại k dám giơ tay phát biểu , việc lên bảng ghi cũng v chừng nào có yêu cầu của ai đó thì em mới dám làm 😞😞😞😞😞",lo_au,that_vong,0.17928898,0.32897988,,True
9108,Minh Trang đọc xác nhận hết thông tin vẫn chưa hết sốc để chấp nhận sự thậttt 🥺🥺,that_vong,buon,0.25203392,0.3289854,,True
4522,Nghèo mà tình cảm là tốt rồi,hy_vong,that_vong,0.03871105,0.3290516,,True
9060,"tí tuổi đã hói , chắc kiếp trước ăn ở không ra gì đây",that_vong,gian_du,0.18843003,0.3292072,,True
5145,1 con ốc cũng có thể gây ra vấn đề về an toàn,lo_au,trung_tinh,0.10752102,0.32920912,,True
4316,"hướng nội thì có nhiều loại lắm nhưng điểm chung là họ chọn ở một mình để nạp năng lượng, để tự chữa lành bản thân, để được làm chính mình",trung_tinh,hy_vong,0.1713542,0.32926726,,True
10183,"Bn nói thì đúng đó , nhưng mình lo .",lo_au,trung_tinh,0.061308715,0.3292688,,True
7117,sau quả sấm sáng cả trời thì gần như toàn khu phố mất điện,trung_tinh,that_vong,0.10581691,0.3292837,,True
1594,tôi 30 tuổi mới bắt đầu nè🥰,hy_vong,vui,0.28519034,0.3293084,,True
9295,lâu lâu lại mong mất điện để nấu cơm rác . nk mát 1 tí . chứ cứ 42 độ có mà khỏi ăn,hy_vong,that_vong,0.10379078,0.3293158,,True
3945,cmt thế thôi chứ thật ra còn trả dám ấn vào video để xem . đời tao tởm nhất là lũ nhện mà hay gặp vãi :((((,lo_au,that_vong,0.07724036,0.32948434,,True
8128,cận cảnh cái bụng nước lèo của boss xài hao vãi,gian_du,that_vong,0.12248442,0.32949498,,True
7877,Phan Mỹ Hảo may quá . Nhìn các bé bị bạo hành mà xót xa quá. Thực sự k biết làm gì để giúp các bé nữa,gian_du,that_vong,0.046850413,0.32952607,,True
4224,giá như ngày mùa hè năm ngoái đi học là bây giờ không khổ rồi!,that_vong,buon,0.260824,0.32955468,,True
146,"K liên quan nhma sao bạn này dz quá z, xin info nha",hy_vong,vui,0.15921856,0.329559,,True
1474,Em có khó khăn làm nó đè nặng em thật sự và không biết cách nào để vượt qua...,lo_au,buon,0.12874602,0.32959515,,True
5847,Chíp Ng Jr. thế mà đéo lấy đc ortamedi cũng suýt lấy 2 cái cùng aghen đấy dễ quá mà,that_vong,gian_du,0.21314959,0.32960036,,True
2715,"Cơ hội có đầy,khởi nghiệp k giới hain tuổi tác",hy_vong,that_vong,0.013471449,0.32976577,,True
5081,"có người cả đời ăn không hết lại có người thiếu ăn , thiếu mặc nhìn chán đời vãi",that_vong,gian_du,0.24175696,0.32977116,,True
5584,thế tao mới quyết tâm tìm ra facebook thật của nó để no hết đường lừa các em mới lớn đó,hy_vong,trung_tinh,0.14628601,0.3298368,,True
7754,Phải chi hồi đó học hành cho đàng hoàng thì bâyh không phải bôn ba như này rồi🥺,buon,that_vong,0.25562987,0.3300553,,True
7455,Đa phần 1 đi ko trở lại,that_vong,trung_tinh,0.13661967,0.33005965,,True
2500,phần này dù xem lại 100 lần vẫn bật khóc tình cha thật phi thường,buon,that_vong,0.142373,0.3300715,,True
2639,per mày này . nhưng mà lúc già sắp chết,vui,gian_du,0.0727948,0.3302424,,True
4141,chắc làm theo yêu cầu,trung_tinh,vui,0.12161317,0.33031425,,True
3197,Ko phải đôi khi mà là luôn luôn là thế đi đâu cũng phải nhờ cái miệng mới dễ sống,trung_tinh,hy_vong,0.24821879,0.33042917,,True
10223,tội cho mấy thằng đang xoay tiền mua bánh trung thu cho vợ thằng khác ăn,buon,gian_du,0.084083945,0.33050686,,True
1946,chụp ảnh cuối năm cùng cả lớp cx thấy ngại vì ko có nhan sắc,buon,lo_au,0.23258574,0.33070514,,True
6640,Tiến độ dự án đang chậm hơn dự kiến khiến tôi rất băn khoăn về khả năng hoàn thành.,lo_au,trung_tinh,0.08750116,0.3308596,,True
941,Huyền Ngố khổ thật sự. Cảnh người thân mình đang khoẻ mạnh đột nhiên nằm đấy cảm giác đau đớn vô cùng. Mong sao pháp luật trừng trị mạnh tay bọn đua xe gây ra nỗi đau ấy.,gian_du,that_vong,0.10664843,0.33089405,,True
6081,Trọng Thắng tôi k có bạn trai cũ ông ạ 🥲,buon,that_vong,0.08963849,0.33089417,,True
823,Anh ơi acc ig em với 🤣,hy_vong,vui,0.2744884,0.33096528,,True
865,Gãy quá tác giả ơi 😵‍💫,that_vong,gian_du,0.076335795,0.3310266,,True
7312,"Tước giấy phép rồi ,bao giờ mới đi học lại được vẫy ?",that_vong,hy_vong,0.10013731,0.33103505,,True
9743,"Hôm trươc em cũng rất buồn và em uống rất nhiều nước và em cảm thấy bản thân mình đỡ buồn hơn chút nào,cứ như uống nước vào nó trôi đi muộn phiền trong lòng ấy,những ngày bth em kbh uống nhiều như vậy,hôm đó em uống gần hết bình nước.Rồi e xoá cả mạng xã hội đi,lần đó em có chia sẻ với đứa bạn thân em,nó k an ủi e đc mà em còn thấy buồn hơn khi tâm sự với nó,em cũng bt là kphai ai cũng làm vừa ý mình đc nên e còn block nó một ngày luôn rồi hôm sau lại nói chuyện bth",that_vong,buon,0.2003527,0.33104128,,True
10064,Nó có thể khiến ng khác dc vui nhưng cx khiến ng khác bị xúc phạm,gian_du,lo_au,0.047164794,0.33107975,,True
1230,không phải ngại mà là hôm nay tôi quên không đánh răng,buon,lo_au,0.04198792,0.33139363,,True
4229,Em rụt rè vì khiếm khuyết của cơ thể. Nếu được như người bình thường chắc tương lai em tươi sáng hơn vì trước đây em rất hoà đồng,hy_vong,buon,0.051548615,0.3314161,,True
1177,không hiểu sao xem đi xem lại bao nhiêu lần vẫn khóc được,buon,that_vong,0.19954576,0.33145988,,True
3432,xã hội giờ càng ít nói như tao thì càng ngoan hiền,trung_tinh,that_vong,0.123481415,0.33156076,,True
3616,tài sản thời bao cấp ...,trung_tinh,that_vong,0.09675382,0.33161956,,True
7150,cay đắng đến cùng cực và hạnh phúc đến tột đỉnh . chỉ là mình có quyền lựa chọn nó hay không thôi,buon,hy_vong,0.023753393,0.33163393,,True
3999,Nghĩ lại cuộc đời chọn sai nhiều thứ thật nghe nhạc mà muốn kết thúc hết tất cả quá,that_vong,buon,0.23812205,0.33177006,,True
5289,Thơ như đb,that_vong,gian_du,0.108215176,0.33180034,,True
4748,Như phim lun má wtf?🙂,vui,gian_du,0.12721828,0.33190027,,True
1607,phải thế mới hết thối được,trung_tinh,buon,0.10906625,0.332194,,True
7085,biết đâu mưa xuống ổng ấy lại hết ngáo ??????,hy_vong,lo_au,0.013252032,0.33219808,,True
2748,các em thật là vãi,gian_du,trung_tinh,0.080861524,0.33224183,,True
5342,tại sao mày nằm viện mà vẫn xinh thế ??,vui,gian_du,0.050675247,0.33226776,,True
1783,Nọng to Da đen Mũi tẹt mắt 1 mí Gò má không đều Da đen Lần nào ăn hay uống trong lớp cx kh dám tháo cái khẩu trang ra,buon,lo_au,0.19328031,0.33240122,,True
7276,qtrong là mày phải có tiền chứ nghèo xem,gian_du,trung_tinh,0.13089338,0.332453,,True
6728,Sốc quá c ah thương rứa k biết,buon,lo_au,0.20499234,0.3327183,,True
7610,thấp môi dày nhan sắc ấy tôi khiến tôi thấy tôi xấu nên mặt tôi xấu hơn mấy bạn nhiều,that_vong,buon,0.13116601,0.3327302,,True
4759,ở miền nam nó vẫn không được giá như trước nhưng cũng dư giả,trung_tinh,that_vong,0.11947085,0.33274993,,True
5787,"Chẳng qua VN cí chiến tranh thôi k cũng ngang Nhật hoặc Hàn r, thầy của mk bảo như thế😳",hy_vong,that_vong,0.025668629,0.332872,,True
8630,Mấy huynh đài hãy chạy đi—-để tôi cầm chân nó cho 😩😩😩,lo_au,gian_du,0.10046718,0.33298564,,True
6855,nhớ đến lại buồn . chuyện tình chúng ta chẳng đi được đến đâu cả,that_vong,buon,0.23630409,0.33305442,,True
7015,có hôm tao đang vương nỏ tính bắn vào con họa mi đang đậu trên cành thì ai ngờ nó phản đame đứt thun dội ngược vào mặt từ đó tao không còn chơi nữa,lo_au,that_vong,0.16535302,0.33306244,,True
7940,mấy kiếp tu luyện mà có 5 triệu thôi à ?,that_vong,trung_tinh,0.16619861,0.33343083,,True
10246,Đỗ Thanh dạy thằng ck trc,gian_du,trung_tinh,0.21220143,0.33357087,,True
5690,nọng to mặt mụn mũi củ tỏi thề luôn đến việc ngồi ăn trong lớp th cũng đủ áp lực r,gian_du,that_vong,0.036889248,0.33361018,,True
665,bài học rút ra là học cách buông bỏ những thứ không thuộc về mình,vui,gian_du,0.030680692,0.33367503,,True
4045,Thơ này bị ngấm nước khoái,gian_du,lo_au,0.13256788,0.33368427,,True
2427,14 / 2 năm sau tau sẽ là ông già cô đơn ....,that_vong,hy_vong,0.100109205,0.3337029,,True
8866,Ngủ ngoan con nhé ❤ Từ đây sẽ không còn đau đớn nữa 😪,buon,hy_vong,0.24375655,0.33375904,,True
10212,"Em thì trong lớp biết nhưng không dám dơ tay phát biểu, bởi trước giờ chả dơ tay phát biểu bao giờ, bây giờ dơ tay thì hơi kỳ, chắc do cái bóng của bản thân quá lớn!",lo_au,that_vong,0.055226784,0.33386835,,True
3543,"mình cũng nhạy cảm, cũng buồn, cũng tổn thương, hay suy nghĩ nhiều, cũng cảm giác như cả thế giới hạnh phúc trừ mình, nên mình tự đi tìm hạnh phúc của mình. tạm thời là vẫn ổn, cho đến khi bất ổn thôi",that_vong,hy_vong,0.12786148,0.333932,,True
3852,Chị ơi<br>Tầm 20 ngày nữa là chúng em thi tuyển sinh rồi ạ<br>Rất có thể chúng em sẽ có một kết quả xấu<br>Chúng em phải làm sao và làm như nào hay nên làm j để vượt qua cú sooc này ạ,lo_au,hy_vong,0.13958803,0.33402953,,True
5090,"Làm kinh tế du lịch k bền vững, tham cho bản thân chớ k biết tới cộng đồng.",that_vong,gian_du,0.15360472,0.33438778,,True
7967,cần tìm gấp bạn trai đáng yêuc như anh này trời đất ơi =)),hy_vong,vui,0.302022,0.33442748,,True
4834,"mà tại sao mỗi lần ra đường đi bộ thấy ai nhìn tao,tao đều nghĩ là họ nhìn t ngoo vl🗿",gian_du,lo_au,0.063449785,0.33451867,,True
8689,Lâm Mai Sơn cái này là đóng hòm luôn chứ chảy gì nổi nữa.,that_vong,gian_du,0.070550114,0.33457258,,True
2280,"nhiều nước quá , lấy bát về múc nước ra thêm tí đường vào là có 1 bát nước gạo ngon lành",trung_tinh,that_vong,0.056289557,0.33458537,,True
4827,@Hien2021 thời gian là câu trả lời và cũng là lý do chị ạ,trung_tinh,hy_vong,0.1515095,0.33465376,,True
9867,Hưng Lan có phait ng đâu mà có tính,gian_du,trung_tinh,0.22081716,0.33473238,,True
206,"mình thật sự k muốn tự ti ,mình cũng muốn tự tin như ngta nhưng nhìn lại mặt mình, mình thật sự rất mệt mỏi khi phải đối mặt với tất cả mọi thứ ,😔",that_vong,buon,0.20248209,0.33476678,,True
1300,xl nma mới nhìn hình tưởng đang ấy,vui,buon,0.063391395,0.3348152,,True
8540,hình như sau boss bị chết ạ,buon,trung_tinh,0.04427389,0.335059,,True
2013,nghe có trà sữa là thích rồi,hy_vong,trung_tinh,0.08433745,0.33513838,,True
2517,"Trần Mạnh Tùng nhà nào đấy để e đi kể ,a :))",hy_vong,vui,0.1705076,0.33516788,,True
2363,@tchang @3112014🙈 việc cởi khẩu trang cx ngại...,lo_au,hy_vong,0.11361732,0.33517697,,True
132,Coi đúng lúc ổng chết là bỏ phim Tới giờ,buon,trung_tinh,0.028410265,0.3353088,,True
4279,tao giận bạn trai tao và 5 ngày rồi nó đéo dỗ tao luôn hix,gian_du,that_vong,0.17540203,0.33541232,,True
3700,Thật may mắn vì nước mình vẫn còn có rất nhiều ng tốt,hy_vong,buon,0.21769755,0.3354701,,True
4547,để cho dân dầm xíu goy chở zìa đồn,gian_du,hy_vong,0.06906391,0.33557156,,True
508,27t đã k quay đầu rồi,buon,that_vong,0.18319257,0.33558467,,True
7303,ko hiểu sao lương cao thế nhỉ,gian_du,trung_tinh,0.11554252,0.33560738,,True
2781,bảo ba mẹ dẫn đi bác sĩ ngay đi,lo_au,trung_tinh,0.08039945,0.33571196,,True
3879,mắc dại thiệt chứ,that_vong,vui,0.048984222,0.33575723,,True
8331,dạ đây là chị gái em nha không phải chồng đâu ạ người trong hình là em huhu ?,buon,that_vong,0.100104645,0.33590114,,True
6274,lựa chọn cách thức tuyển như thế nào thì tốt quá rồi,hy_vong,that_vong,0.06684676,0.33594623,,True
3884,bản chất tham lam của con người thể hiện ngay từ những việc nhỏ ..,gian_du,that_vong,0.10476074,0.3360799,,True
8872,Tội chú quá chúc chú sức khoẻ thật nhiều.,buon,hy_vong,0.241971,0.33609185,,True
3366,Em thật sự không biết phải ntn<br>Khi điểm thi cấp 3 quá kém😔<br>Tất cả mọi người đều nhìn em bằng ánh mắt khác và không ai nghĩ những cố gắng những gì trước đó của em là sự thật đều nghĩ đó là nhờ cái này nhờ cái kia<br>Em không muốn đi đâu 😔 chỉ muốn ở nhà em không muốn tiếp xúc với ng khác 😫...<br>Giờ em kh biết mình nên cố gắng vì cái gì??? Hoàn toàn kh có điểm tựa 💔<br>• nỗi thất vọng tràn trề về sự thất bại của mình •😔,buon,hy_vong,0.11821984,0.33630356,,True
3479,"Tôi là người Sài Gòn Doanh nghiệp không có lỗi. Lỗi do ""con sâu làm rầu nồi canh"". Ai vi phạm thì xử lý người đó. Làm chủ doanh nghiệp rất đau đầu khi tuyển phải loại nhân viên vô trách nhiệm và cẩu thả như vậy. Không nên nhìn 1 vấn đề để bao chụp cả 1 tổ chức như vậy. Hãy xem những gì họ làm sau đó.",that_vong,gian_du,0.18533117,0.3363075,,True
9187,ngửa thấy mùi là đã thấy kinh rồi,gian_du,trung_tinh,0.0633519,0.33635396,,True
5970,per tự nhiên thấy mình hơi thất đức,that_vong,buon,0.10344,0.33640242,,True
2889,ổn thoi,hy_vong,trung_tinh,0.07617126,0.33642524,,True
929,Làm đơn đi,hy_vong,trung_tinh,0.16182607,0.3364442,,True
5613,giá như....,hy_vong,buon,0.061192792,0.33651173,,True
8545,"23 tuổi rồi tui nhút nhát quá, nhất là thể hiện tình cảm với người mình yêu",lo_au,buon,0.04566448,0.3365441,,True
8395,Nam Ngọc Lương ý tôi là lòng 1 chút chuyện vào những tập sau này thôi chứ ko phải làm ngay thời điểm nhạy cảm này đâu,lo_au,trung_tinh,0.03597242,0.33659783,,True
4520,Like trước xem sau!,vui,buon,0.021789856,0.33659834,,True
4932,"Ở ngoài chắc chắn rất matday, chạy xe cỡ đó nói không phải bênh, đánh là vừa 🙂 nó mà tông trúng ai là ngta chết oan mạng",lo_au,gian_du,0.23242323,0.33661652,,True
9207,Mong rằng năm sau mình sẽ hk vô lại và nhìn thấy cái bình luận này,hy_vong,buon,0.09379339,0.33666897,,True
6333,"thay vì gà chuyển sang ăn lợn , tao cungc thế nên món khoái khẩu là gà chuyển sang sườn mày ạ",trung_tinh,that_vong,0.13725601,0.33668905,,True
99,Nguyễn Đức Cường chuẩn rồi. Nói hay lắm. Xong rồi thì đi mua 5 nghìn dưa cà về ăn cơm.,vui,trung_tinh,0.06285369,0.3367399,,True
9943,đang họp nhớ gì không nhớ nhớ cái bếp,lo_au,trung_tinh,0.06547379,0.33684456,,True
2484,vợ với con chả được tích sự gì ! toàn làm hết hồn ??,that_vong,gian_du,0.21235816,0.33688846,,True
397,cứ nghĩ đến chuyện ra trường thất nghiệp là rén ...,lo_au,trung_tinh,0.1025198,0.33690482,,True
2780,Tâm Hưng mấy con đầu gấu trường mình ngày xưa giờ sống có ra j đâu. Nhân quả hết c ak. Thương e qua,that_vong,buon,0.18981838,0.33691928,,True
8479,Dạ chị vào phây púc tìm ghẹ shop để đc tư vấn nha,trung_tinh,hy_vong,0.24652812,0.3369463,,True
5458,"Làm bên công trình xây dựng hay bị quỵt lương lắm, chỗ tui vào năm trước dịch covid có mấy thanh niên cùng nhau đi làm cuối cùng tiền xe về quê cũng không có",gian_du,that_vong,0.123182915,0.33695835,,True
10203,"Paulina Campbell đm t đi 2len gặp hoài luôn má la hét um sùm zô cái lổ tai. Mà cha mẹ mặc kệ nha, mà bữa gần đây thì gặp đc 2 anh chị kia biết quản con mình, nó la làng cái kêu nó im lặng xong hồi thấy có vẻ là nó quậy nên ổng bả dẫn đi về. Chứ đa số là kệ",that_vong,lo_au,0.12433533,0.3369777,,True
9971,cho em hỏi nếu em mất 40 tỷ và bây giờ làm lại công nhân thì làm dc ko ạ em đang tiêu cực trầm trọng rồi... ko còn ý chí thiết tha gì nữa,lo_au,that_vong,0.1924407,0.33720812,,True
10053,đm main mới hay quá đi,vui,gian_du,0.18183121,0.33730233,,True
6246,mê trai hơn bạn có thật :(,buon,that_vong,0.264622,0.3373294,,True
6388,bạn này sau này sẽ khó bước qua cái bóng của vai diễn này 🙂,that_vong,hy_vong,0.10565924,0.33738333,,True
268,"cảm giác như ngta nhìn thẳng vào mặt mình ngại thật, tớ cũng muốn có nhan sắc 😞",that_vong,lo_au,0.19759823,0.33747932,,True
4895,hối hận cx đã muộn rồi gáng bước tiếp thôi❤,buon,hy_vong,0.2395002,0.33749002,,True
10173,A cho e hỏi làm thế nào để chạm đc vào học bổng toàn phần ạ,hy_vong,trung_tinh,0.1970072,0.3375835,,True
7090,"Ai cần giúp thì lên tận nơi dc là tốt nhất , k nên quyên góp qua bên thứ 3",lo_au,hy_vong,0.06474797,0.33770502,,True
7227,khi đời quá mệt mỏi . đi tìm 1 chút drama,hy_vong,that_vong,0.046163168,0.3377692,,True
5680,"một lúc nào đó chúng ta sẽ không nói chuyện nữa , lúc đó có lẽ em thật sự đã buông bỏ được rồi ...",that_vong,buon,0.24754444,0.33795375,,True
1932,lấy vợ xong béo quá rồi . hình như ai cũng v à,that_vong,vui,0.1034473,0.3380666,,True
5930,Trần Thị Thu Trang vch,lo_au,trung_tinh,0.10187776,0.3380952,,True
5650,Quá hối hận.ước gì thời gian có thể quay trở lại,hy_vong,buon,0.2591343,0.3381528,,True
5233,"Vậy mà bác Trọng bảo. Đất nước ta chưa bao giờ có cơ đồ, tiềm lực, vị thế, uy tín quốc tế như này nay.",that_vong,hy_vong,0.05591859,0.33819386,,True
9561,dân trí thấp thế thì bao giờ mới phát triển đất nước được,gian_du,trung_tinh,0.06842128,0.33820522,,True
6550,"Sai lầm quá lớn, không thể nào sửa được. Âu cũng là cái giá bản thân phải trả thôi. Sống chết có số",buon,that_vong,0.153428,0.33821586,,True
8091,Thanh Hương k tin đc luôn c 😔,that_vong,buon,0.27155355,0.3383429,,True
558,Này câu like nha. Sáng nay nhóm hóng biến có đăng rồi,gian_du,vui,0.040009145,0.3383666,,True
849,cho dù em có dành được bao nhiêu học bổng đi chăng nữa nhưng mãi mãi em sẽ không thể có được tôi,that_vong,hy_vong,0.19725323,0.3383992,,True
4903,Chưa bao giờ chiếm được Việt Nam,vui,trung_tinh,0.19647971,0.33852613,,True
2901,"hồi học lớp 5 bảo bố đi mua sgk cho , xong bố đi mua nguyên bộ lớp 4 đầy đủ từ sgk đến vở bài tập",buon,vui,0.04016133,0.3386399,,True
1243,hỏng xe và phải đền tầu hỏa . có thể phải đi tù nếu gây hậu quả nghiêm trọng . đầu đất là có thật . 😔😔😔😔,lo_au,that_vong,0.14100611,0.33865416,,True
5064,per đừng ảo tưởng nhé,gian_du,trung_tinh,0.1463358,0.33887428,,True
403,"Hối hận vì ko nghe lời bme,cứ nhất quyết Lấy ngta vì Yêu. Đến khi mk gặp khó khăn thì nhắm mắt làm ngơ như 2 kẻ xa lạ.trong khi mk sẵn sàng đồng cam cạnh khổ vì ngta .thật trớ trêu",that_vong,buon,0.20771246,0.33890894,,True
7556,mới đi nhổ răng số 8 và chụp 😞,that_vong,buon,0.2223326,0.33896685,,True
3384,nam nhân nhà người ta kbh làm tôi thất vọng,vui,gian_du,0.03904175,0.3390435,,True
1734,🙄🙄🙄🙄 tao cũng thích kiểu kể chuyện trước khi đi ngủ . cho đến khi tao ngủ luôn . mà đéo có ai hết . buồn đời,gian_du,that_vong,0.06191926,0.33904994,,True
9551,tuy hơi fail 1 chút nhưng rất có năng khiếu lớn lên không chừng làm ca sĩ ấy chứ đừng đùa,hy_vong,that_vong,0.08391302,0.33906257,,True
5595,Bỏ qua những mối quan hệ độc hại/ vòng cảm xúc luẩn quẩn/ vòng tròn quan hệ/,trung_tinh,buon,0.058314115,0.33907557,,True
780,"per nhà giáo áp lực quá nhỉ , giống làm dâu trăm họ .",lo_au,gian_du,0.20596327,0.33910844,,True
1606,"ê tao cũng hay giữ mấy cái linh tinh lại như vậy để vài năm sau mở ra xem lại có cảm giác hoài niệm , mà mẹ tao bắt tao vứt hết rồi 😢",that_vong,buon,0.28795552,0.33917683,,True
5096,kết cái bài hát thôi mà lâu lắm r k nghe quên mất tên bài hát r,trung_tinh,buon,0.027575897,0.33929563,,True
3922,nghe lần 3 đéo thấy hay,that_vong,gian_du,0.14734885,0.33930886,,True
197,"mụn nhiều to,cằm hô,răng ko đều nên luôn đeo khẩu trang mà mỗi khi cởi ra thì luôn bị trêu chọc nhiều khi có mấy câu nặng lời đến nỗi phải bật khóc",that_vong,buon,0.19684844,0.33936405,,True
8210,Nguyễn Đình Kha gặp bọn này đứng trên vỉa hè thôi cũng nín thở niệm phật,lo_au,gian_du,0.2527167,0.33937204,,True
8771,mình thì hay đọc sách khi cảm thấy tiêu cực. chổ làm việc của mình luôn luôn có một cuốn sách,trung_tinh,hy_vong,0.062315367,0.3394063,,True
8973,một mình tao ăn hết 1 nồi lẩu từ lúc tối 😭,that_vong,buon,0.2852118,0.3395276,,True
964,khiêp vãi,lo_au,gian_du,0.07354274,0.3396786,,True
4651,Coi clip a CA nói trong bất lực luôn,that_vong,lo_au,0.1143973,0.33969325,,True
6669,thực ra em mới đang phải là sự lựa chọn chứ không phải là người được lựa chọn đâu .,that_vong,trung_tinh,0.17007436,0.33969378,,True
3599,nhìn rợn vãi,lo_au,gian_du,0.1122398,0.3397261,,True
4985,"Khoa Đoàn mấy pha cuối mở sớm, team k vô kịp, với cả Kiaya k bơi được cùng, team nó dồn Levi xong quay ra đập ngược lại, dễ",that_vong,lo_au,0.11411751,0.33976725,,True
6974,17 triệu cho một việc có thể gây tai nạn hàng loạt là quá rẻ,gian_du,hy_vong,0.05898672,0.339784,,True
3234,"lúc nào cũng đeo khẩu trang , kỉ niệm cuối cấp 3 cũng không đi chụp , không có ảnh chụp nào từ lúc nhận thức được minh không đẹp đến giờ",lo_au,that_vong,0.07193707,0.33985585,,True
4057,@quynh.029 @be_pi0503 nàoooooo,vui,hy_vong,0.17002335,0.33986157,,True
3397,Nên học bổ túc hay học lại lớp 9 để lên cấp 3 v mn🥺,lo_au,that_vong,0.1250515,0.33993077,,True
6449,vậy đi chục năm cho nhớ đời,gian_du,trung_tinh,0.101811774,0.33994228,,True
8364,Ông áo trắng nhìn xong quay ngang đi tỉnh bơ 😳,that_vong,lo_au,0.1149594,0.33999678,,True
7937,không có khúc rớt dt hả .. 😑,that_vong,gian_du,0.16268912,0.3400312,,True
9776,🇻🇳🇻🇳🇻🇳👍🏾👍🏾💪🏼💪🏼🙏🏻🙏🏻🙏🏻🙏🏻🙏🏻🙏🏻💖💖💖💖💖💖,hy_vong,vui,0.26373515,0.34016246,,True
682,t xấu nma t luôn tự tin với bản thân răng t ko đẹp ngk đều nói với cái tên không hay nhưng t cảm thấy đấy cũng là một ấn tượng của ngk vs t,hy_vong,buon,0.05977643,0.34043467,,True
2605,"Thanh Thanh bạn thử tìm hiểu mấy cái chết kinh dị ở nhà máy í, ko ít công nhân chết vì rơi vào cái loại máy xay, máy trộn và vì nó là làm dây chuyền lớn nên máy lớn chứ ko phải máy nhỏ, dễ đi như chơi",lo_au,trung_tinh,0.19736728,0.34045815,,True
3778,"xem phim mà cứ nhìn cặp chân của ổng , chân gì mà dài thường thượt . chồi ôi 1m87",hy_vong,that_vong,0.034768697,0.34051797,,True
2052,hô sụp mí gò má cao ko đẹp nói chuyện với người đối diện ngại và hàm răng hô nên lúc nào cũng nói bé để lộ ít,buon,lo_au,0.13038033,0.3405245,,True
2082,Lê Tuệ Mỹ 🤡😌🤧 gòy xong,trung_tinh,buon,0.047194246,0.3406011,,True
323,"Đấy bán anh em xa. Mua láng giềng gần nó là vậy đấy. Hãy nghĩ đến cuộc sống sau này chứ không phải ngày 1, ngày 2 và nhà ai cũng có việc chứ không phải là sống cô độc mãi được đâu",hy_vong,that_vong,0.05303046,0.34061146,,True
8049,keme cuộc đời sống đã là hạnh phúc r nếu ai chê tôi tôi cảm thấy họ tht đáng thương tự ti về mik nên ms chê ngk,vui,that_vong,0.08237559,0.34066945,,True
7351,xem phim nhiều quá rồi,gian_du,buon,0.028852142,0.34072804,,True
1029,ho mạnh có thể làm gãy xương sườn cơ à ??,lo_au,trung_tinh,0.14121069,0.34073263,,True
8307,"lần đầu tiên đi PQ, ở 2 nơi có quay lại vẫn chọn mỗi mango....còn lại xin phép k quay lại, qá công nghiệp",gian_du,that_vong,0.20197782,0.34082812,,True
3891,biết chứ dã từng sài,trung_tinh,gian_du,0.1283446,0.3408442,,True
5183,quen với quên rồi thì hết đau thôi mà,buon,trung_tinh,0.08323383,0.34086818,,True
5438,một cái tết nhiều tiền,hy_vong,trung_tinh,0.20483097,0.34088838,,True
8122,tuổi thơ bất hạnh .. học mẫu giáo mà cạnh trường học là 1 bầy ngỗng . sáng nào tao cũng được chạy bộ tập thể dục nhờ bọn nó,buon,that_vong,0.20252186,0.3409084,,True
5872,Gọi lên lm vc nhưng ko lên cs bị quy dô tội chống đối người thi hành công vụ ko ta 🤔,gian_du,lo_au,0.14670596,0.3409196,,True
10210,"gập đúng người mà mình muốn thương , muốn yêu , muốn chăm sóc . nhưng thật tiếc khi trong tay vẫn chưa có gì",that_vong,buon,0.24721438,0.3409437,,True
10165,"cái khó ló cái khôn , yên tâm",hy_vong,trung_tinh,0.12019015,0.34102648,,True
10098,mẹ bắp chỉ cần 4tỏi thôi. 7tỏi ko dám xin nữa. chỉ xin 4tỏi,gian_du,buon,0.023186058,0.3412347,,True
5062,"t ngại những ánh mắt nhìn chằm chằm vào t, họ kh nói gì nhm t vẫn có thể nghe^^",lo_au,hy_vong,0.13888629,0.34152538,,True
2946,per dạo này ít tung tăng hơn xưa nên hơi trầm cảm dồi chăng 😳,trung_tinh,lo_au,0.038206242,0.34153685,,True
8116,"mũi mình thấp và tẹt, r còn bị mụn đỏ chữa mãi không hết. mỗi lần nói chuyện đều bị ngkhac nhìn vào mũi, hỏi ""sao mũi m đỏ vậy"", ai hỏi v là mình sượng trân, mình ngại lắm. đeo khẩu trang thì làm",buon,lo_au,0.1984252,0.34162325,,True
3297,cảm giác tóc sau gáy bắt đầu dựng lên,lo_au,buon,0.031966984,0.34169418,,True
7070,em này có cạo lông không ta sao nhìn lông ngăn quá,trung_tinh,lo_au,0.05743242,0.3419652,,True
8368,"Hết lời với tụi mất dạy này rồi, ôi thiên đường cs",gian_du,that_vong,0.11958093,0.342045,,True
7025,có biết bao người có mảnh đời như vậy !,buon,hy_vong,0.06443959,0.34213254,,True
9630,bạn trai thì chưa . nhưng mỗi lần thằng bạn nó cắt tóc cạo râu thì auto nhìn đẹp trai,vui,trung_tinh,0.044883694,0.3423536,,True
1710,a ơi..e có quần áo mới lắm.. chị mặc vừa hết đo a..a ở đâu.. có ở khu vực thủ Đức ko ạ,hy_vong,trung_tinh,0.1370489,0.34246588,,True
1391,mong rằng em sẽ không hối hận với quyết định hôm nay😑,hy_vong,buon,0.02539068,0.3426676,,True
5541,mở máy lên .. rồii lại đặt xuống ... cả ngày nay tôi đều như vậy để chờ anh nhắn chúc tôi .. giờ này chắc anh quên ngày này thật rồi .. cô đơn quá mức rồi đấy 😭😭,that_vong,buon,0.284266,0.34270307,,True
6715,Đg có ý định t.ự t.ử,buon,lo_au,0.036736205,0.342901,,True
7459,Đằg nào thì cũng giết thôi. Jane có tiền sau tiêu hết lại xúi tống tiền ôg .,gian_du,that_vong,0.025928246,0.3430271,,True
73,Tôn Hoa Sen nên tìm hiểu những trường hợp này cầu mong cho clip này đến tới đó,hy_vong,trung_tinh,0.2599307,0.34302908,,True
3236,Về sản xuất gạo có j đó sai sai😳,gian_du,lo_au,0.058024134,0.34308064,,True
4577,@n k hít nhma 2 cái kia se khít nhìn cưng😍,hy_vong,vui,0.3136076,0.34312963,,True
6416,mấy đứa chân ngắn qua sao,lo_au,trung_tinh,0.123608164,0.34322387,,True
501,sau này có nhắn tin thì không phải là chào em mà là chào mọi người,that_vong,trung_tinh,0.09446598,0.3432858,,True
2756,"Hàn với Nhật lâu lâu lại có vụ như thế này, hãi thật sự",lo_au,that_vong,0.09088425,0.3433202,,True
8037,Npp Đèn Chung Huyền chán nhỉ như kiểu phong trào vậy,that_vong,trung_tinh,0.08511793,0.34342432,,True
7310,kkk tao chọn anh đầu tiên,vui,hy_vong,0.14396286,0.34344822,,True
5232,Đúng là mình nhìn lên thì ko bằng ai mà nhìn xuống thì mình thấy sướng hơn ngta gấp bội lần,hy_vong,that_vong,0.11884713,0.3434893,,True
3023,nghĩ cũng tội mà thôi cũng kệ,that_vong,buon,0.25601286,0.3437343,,True
6881,"em ơi , hết rồi 😔 hết rồi , chẳng còn chi nữa đâu em ...",that_vong,buon,0.28637597,0.34388304,,True
1066,tao đang cố un crush nhưng khi xem xong video trên thì ..........( khóc không ra nước mắt ),that_vong,buon,0.24583188,0.3440206,,True
7498,các bác cứ tích cực vào . em chả quan tâm,trung_tinh,gian_du,0.159674,0.34403443,,True
4883,"Mình ko biết giao tiếp... nhiều lúc nhìn mọi người cười đùa, nói chuyện vs nhau... t cảm thấy có chút... buồn, buồn vì ko thể nói chuyện vs mn",that_vong,buon,0.15724577,0.34412742,,True
6257,khổ gì mà khổ dử v tr 😔,that_vong,buon,0.25668624,0.34415704,,True
2949,Hồng Nhi lấy nhau về mới lộ rõ bản chất,that_vong,gian_du,0.11502943,0.34418648,,True
1603,Còn người còn của,hy_vong,trung_tinh,0.120064914,0.34432176,,True
4712,"Nguyễn Văn Sơn đấy ngta tìm hiểu tận 4 năm, mình tìm hiểu có gần 3 năm ít quá, cta có nên suy nghĩ lại k a nhỉ😇:)))",vui,hy_vong,0.26850176,0.34443626,,True
3416,"ko đẹp nên là gì cũng ngại,người ta nhìn mình là nghĩ này nghĩ nọ,làm sao để họ ko chê khi mặt mình chả ra gì 🤡",buon,gian_du,0.07049831,0.34446126,,True
643,"Ngày đó các cụ k cố làm cỏ nốt Cam thì đẹp, đồng hóa vào VN hết.",that_vong,gian_du,0.13416877,0.34450316,,True
8373,lúc buồn là đi phựt thì thôi rồi như kiểu cuộc đời đáng sống ý,hy_vong,that_vong,0.09390402,0.3446144,,True
3171,Anhkhoa Nguyen chắc m cũng nhiệt tình như thằng H nhể. 🤞,hy_vong,vui,0.124444686,0.34472668,,True
500,hùi trước xem Glenn chớt tui khóc quá trời khóc xong bị âm u mấy ngày liền 🥲,buon,lo_au,0.25848472,0.34473705,,True
7200,"video này thực sự rất có ý nghĩa với e luôn. thực sự thì đang trong thời gian thi học kì và e đang rất áp lực, bố mẹ thì đặt rất nhiều kì vọng vào e nên thực sự là rất áp lực. Tâm trạng e tụt dốc một cách thậm tệ và còn có lúc nghĩ quẩn, may mà có video này của c. Cảm ơn chị Giang nhiều lắm",buon,lo_au,0.170865,0.3447759,,True
2645,có đứa nào xem mà thèm đi biển như tao không ?,hy_vong,gian_du,0.05080356,0.34480894,,True
4462,1 lần thôi cũng đủ xao xuyến anh rồi,hy_vong,trung_tinh,0.21808043,0.34489942,,True
2384,chưa chia tay nữa mà còn khó đây,lo_au,that_vong,0.10614166,0.34495756,,True
715,"Cô giáo bị chọi vào đầu hai lần, sau đó bị xỉu , bác xem kĩ lại clip",that_vong,lo_au,0.1326677,0.34508452,,True
3033,Ít người vậy mới dễ làm ăn,hy_vong,gian_du,0.087651804,0.34514508,,True
5027,"per đấy , có người đưa ra quyết định đúng lúc thì các em đỡ khổ còn gì",trung_tinh,gian_du,0.10382478,0.34518656,,True
7769,"Chị nói rất đúng. Em là ng bị ảnh hưởng bởi gđ bme, những ng rất tiêu cực, và cs của e đang trong giai đoạn tự ti trầm cảm, ngại tiếp xúc, sống bị tách biệt, từ thời học sinh đến đại học, em rất buồn vì điều đó, e thấy cuộc sống của em, những bước đi của em, quay bên nào cũng là bóng tối.",lo_au,buon,0.20409186,0.34525183,,True
3523,"Chọn lại thì chọn ngay từ đầu bản thân ko nên có sự tồn tại nào trên cõi đời này. Nhanh gọn, đỡ đau đầu. Quá stress rồi😩",buon,that_vong,0.20390491,0.3453936,,True
2985,là khi lạc giữa 1 biển người hôm khai giảng nhưng vẫn nhìn thấy người đó rõ nhất,vui,trung_tinh,0.06257296,0.34557545,,True
9726,Công Đạt a bay vào Bình Dương xly vụ này đi a .,hy_vong,trung_tinh,0.21245545,0.34561223,,True
7654,còn chặt cả cây ổi của hàng xóm để lấy cái chạc làm súng đấy cứ,trung_tinh,gian_du,0.14874415,0.34562528,,True
6013,"Ngã vào giường và ngủ thôi ad, để cho lòng thảnh thơi , đầu óc thoải mái ^^",vui,hy_vong,0.15776166,0.34567475,,True
8495,thực tế thì con gái sẽ gục ngã trước một người đàn ô hài hước hơn là điển trai,trung_tinh,hy_vong,0.120928235,0.34582525,,True
8320,là chọn sai người ☺️,buon,trung_tinh,0.11488408,0.34583488,,True
3954,đồng nghiệp của tôi là ai 😑,trung_tinh,that_vong,0.08567637,0.34584153,,True
3824,Nam Mô A Di Đà Phật 🙏🙏🙏 Nam Mô A Di Đà Phật 🙏🙏🙏 Nam Mô A Di Đà Phật 🙏🙏🙏,buon,hy_vong,0.05899216,0.34587568,,True
5014,thôi nhà đang yên ổn,that_vong,trung_tinh,0.1502368,0.34609786,,True
4660,nó thả thính xong nó chạy mất ..,that_vong,lo_au,0.06462171,0.3461476,,True
5476,"bộ phim này xem rất sướng . và rút ra được khám phá là thứ tuyệt vời nhất chứ không phải bằng cấp . giá như mấy ông "" bộ "" và mấy ông "" ngành "" dành thời gian xem phim này một lần .",hy_vong,vui,0.17155111,0.3465007,,True
8825,Yến Oanh thế cho nghỉ khỏi ăn ạ :))) . Giờ 4.0 ai cũng có ví đt và tk ngân hàng.,hy_vong,vui,0.1482182,0.34656036,,True
7816,lo cho thang bé lỡ rớt điện thoại xuống nước thì ....,lo_au,buon,0.13044707,0.34661272,,True
6503,"Thanh Trúc nhưng mà sướng mà em, có cái sướng nào không mất sức đâu",vui,trung_tinh,0.04672142,0.34673995,,True
85,tan tành rồi .,that_vong,trung_tinh,0.20203757,0.34680945,,True
137,mất tiền khôn cũng đáng mà .,that_vong,trung_tinh,0.15440843,0.3468275,,True
9838,Linh Linh Thấy bị đâm hai lần c ah. Xem kĩ video thì thấy đâm vào 1 lần xong lại thêm 1 lần nữa. Thương quá,gian_du,that_vong,0.034056686,0.34688574,,True
3433,Nhà Của Gấu thế nhưng k làm gì cũng bị phán xét đó nha,trung_tinh,gian_du,0.22137748,0.34696922,,True
1221,"toàn là những comments của những kẻ chỉ giỏi ăn bám bố mẹ kiếp ở nhờ gia đình , ôm điện thoại làm người được tẩy não đến u mê mù quáng....",gian_du,that_vong,0.15403424,0.34697416,,True
4867,kiểu lâu lâu cũng không được nhắn tin cho ai như thế nên cũng muốn tình cảm xíu =)))) biết đâu,hy_vong,vui,0.3067534,0.34715688,,True
9556,31 rồi.chơi vơi quá,that_vong,buon,0.16686583,0.34725857,,True
8336,Đánh mất giá trị của bản thân,buon,trung_tinh,0.08183217,0.3472945,,True
6482,Không đi chơi nhiều hơn ở cấp 3,buon,trung_tinh,0.16678384,0.3474489,,True
1789,Phong ba bão táp,lo_au,trung_tinh,0.090910606,0.34752384,,True
6737,@Nesaragesaraknm Ôi thật tuyệt vời nếu như được sử dụng nó,hy_vong,vui,0.2524561,0.34754294,,True
4643,"Thật Sai Lầm Khi bậc đầu tiên nó ko dài vậy đâu. Mà cứ bước mỗi bậc nó lại dài ra, thành ra nó ko thể lên đến đỉnh nóc được.",trung_tinh,that_vong,0.15724134,0.34759808,,True
5692,"có lần tao thổi cơm không đổ nước lúc khét mở vung ra mới biết , làm đánh đít xong cả tiếng trời không hết",buon,that_vong,0.06482839,0.3476475,,True
5288,xem mà thấy cảm động quá Chúc chú thật nhiều sức khỏe,buon,hy_vong,0.16250764,0.34773985,,True
456,chờ tý tao đi thay bỉm xíu tao quay lại .,vui,hy_vong,0.13141893,0.34782314,,True
10070,Phải chi ngày đấy ko yếu lòng cảm xúc hôm nay là sự lựa chọn sai của ngày trước,buon,that_vong,0.14796631,0.3478724,,True
1151,"Sự việc xảy ra cách đây khoảng 2 tháng, đoạn video mới được đăng tải vào ngày 4/12. Trường và địa phương dấu nhẹm, bịt miệng hết",gian_du,lo_au,0.058891423,0.34792024,,True
3631,t gặp quả này thì bỏ xe mà chạy ??,lo_au,gian_du,0.23430473,0.34793836,,True
3636,không ai cho không ai cái gì . đừng nghĩ rằng cho đi sẽ nhận lại được điều tốt đẹp,gian_du,that_vong,0.06416091,0.34794283,,True
2706,đúng là khmer lỏ. thời nào cũng cắn nước ta dc,gian_du,hy_vong,0.06366289,0.3479821,,True
4106,Luong Nguyen để công khai đi ạ,hy_vong,trung_tinh,0.24814497,0.34799802,,True
50,sao mọi người gắt gỏng thế nhỉ ? hai anh chị đấy làm cho vui thôi mà lắm người tỏ ra nghiêm túc thế không biết :<,gian_du,that_vong,0.20124017,0.3481548,,True
7540,trước đây tôi là rất tự tin hay lên bảng làm bài và thường xuyên giơ tay phát biểu nhưng kể từ khi cô chủ nhiêm mới chủ nhiệm lớp tôi cô ấy cứ nói tôi là vô trách nhiệm và hay đổi chỗ ngồi của tôi làm cho tôi thiếu tự tin và hay bị các bạn trong lớp nói xấu 😢 hiện tại tôi đã học lớp 11 nhưng những ảnh hưởng từ cô chủ nhiệm và các bạn vẫn còn ám ảnh tôi đến tận bây h,lo_au,buon,0.12322222,0.34824067,,True
3230,phải là người yêu tao thì sống chết tao cũng vả hết,gian_du,that_vong,0.14114791,0.34836152,,True
1414,Thuỳ Dung tán thành. 2 thằng nhóc này nhìn có vẻ ngông lắm ba gai,gian_du,trung_tinh,0.07978564,0.34854987,,True
8780,thế này lại thành xây nhà cho nhà hàng xóm rồi 😰,that_vong,lo_au,0.20806748,0.34855154,,True
5310,không biết đến 2021 tao có lấy được chồng không nữa,hy_vong,that_vong,0.08470216,0.3485549,,True
9242,đang tìm ra 1 điểm sai nào đó nhưng có lẽ không có :),trung_tinh,hy_vong,0.094278775,0.34856004,,True
3095,Thơ văn lai láng ướt đũng quần. Mang về bón ruộng có được không,gian_du,hy_vong,0.04100221,0.34867972,,True
4359,crush có người yêu làm tự nhiên thất vọng toàn tập 😞,that_vong,buon,0.3012186,0.34873778,,True
288,bình thương tao hay cười lắm . nhưng khi tức tên ... tao lại khóc . quá yếu đuối,that_vong,buon,0.22629789,0.34878206,,True
3876,Lên vụ ở Vĩnh Long đi ad,hy_vong,trung_tinh,0.20589738,0.34889364,,True
3136,ừ thế là kể từ đấy về sau đứa con trai nào cũng trở thành huynh đệ với nó hết,trung_tinh,that_vong,0.14302793,0.3489651,,True
9624,Mộc Linh Tây mẹ không cho nuôi mèo bà ơi,that_vong,trung_tinh,0.16093358,0.3489887,,True
6270,"per tặng quà cáp gì tặng hộp nhỏ thôi nha . đi hát hò gì đừng đem thùng quà to như vậy nha , nó biết nó nhổ trụi lông nó ngắt mép chết đó :((",lo_au,that_vong,0.14439419,0.34916192,,True
2917,thua cả người ta 😞,that_vong,buon,0.28033242,0.34917367,,True
3596,Điều tôi quan tâm là tỉnh dậy có thấy bố hay mẹ cầm roi ko 💀,lo_au,that_vong,0.062984414,0.3492911,,True
2482,"t cũng từng nghĩ mấy quán HQ hay đưa lên trước mấy món khai vị ko tính tiền ,mỗi món nhí nhí, có món còn chưa đụng đũa , làm sao ko tái sử dụng được, ở trong sao mình biết",gian_du,that_vong,0.123552784,0.34933,,True
6284,"Đọc thôi đã thấy đau,da thịt non mà đi rạch sống như vậy thì còn gì đễ diễn tả nữa 🙁",gian_du,that_vong,0.22736913,0.34936005,,True
6611,Great,vui,trung_tinh,0.13356055,0.349361,,True
4816,Sao kì z ta mới vui vẻ cầu hôn mà,that_vong,gian_du,0.11454673,0.34940642,,True
4585,"Tui bị sốc tâm lý khúc đó, buồn 8 ngày. Rồi tui ghét cha nội Negan muốn nhảy vô màn hình xiên ổng ghê xong nghỉ coi nữa luôn 🙂",gian_du,that_vong,0.05036619,0.34943634,,True
820,Ngựa nào thì vẫn theo đường cũ thôi thể loại này có nước để cho nó ăn chuối xanh thì mới được￼,gian_du,hy_vong,0.121776976,0.34960836,,True
3435,"mặt mụn moi dày nọng to mặc dù k ngại ở trong lp nhưng ra ngoài đường nhất là nhg nơi đông ng , ăn còn k dám bỏ ktrang",buon,lo_au,0.19418742,0.34964,,True
2395,Sao các em không nói gì đi,gian_du,trung_tinh,0.11969248,0.34970915,,True
2846,con gái hay ảo tưởng như vậy lắm,that_vong,gian_du,0.1365552,0.3497501,,True
3928,93 vỡ nợ đợt covid 1 tỷ. giờ còn hơn 200tr làm công ty. bom chen mãi lên dc trưởng ca sản xuất 🥺,that_vong,buon,0.29222378,0.34980255,,True
9832,tao cũng sắp bị đuổi ra khỏi nhà roi,that_vong,trung_tinh,0.17721981,0.34985095,,True
9009,Nguyễn Ngọc Annh kphai mỗi tui đâu nka,that_vong,trung_tinh,0.19733445,0.34989008,,True
9753,nhưng nói thì cứ bảo hay than thở 😢,buon,lo_au,0.23447269,0.3499259,,True
6990,2018🤔 tui có m ng bạn nhưng trong một sự việt kh đáng có mà bọn tui nghỉ chơi bạn tui sau đó đi du học nhưng vẫn liên lạc nhưng tin nhắn càng ngày càng ít đến một ngày kh còn nhắn tin vs nhau 😩,buon,that_vong,0.25342166,0.3499489,,True
1412,Sai 1 ly mang theo cả đời,buon,that_vong,0.1555421,0.35008037,,True
1011,cu ̃ người it xa ̀ mày lă ́ mày ..,trung_tinh,gian_du,0.123911485,0.35030535,,True
5997,"E nghĩ e đã trầm cảm , và e không biết chia sẻ với ai , mọi chuyện dường như không có lối thoát",lo_au,buon,0.11785935,0.3504135,,True
9232,"kể mà mình cũng được tỏ tình lãng mạn kiểu này . ôi , ngủ thôi . muộn rồi :3",hy_vong,vui,0.09426774,0.35050735,,True
10104,"tụi mày có hiểu được cảm giác , muốn bắt chuyện mà không dám bắt không ?? tụi mày có hiểu được cảm giác vờ ngủ gục để nhìn nó không ?? tụi mày đã từng nhìn nó thật kỉ , thật tỉ mỉ chưa ?",lo_au,that_vong,0.09157042,0.3505833,,True
6474,ngta k ngại nhưng mình ngại chả dám quen ai.gia cảnh lại neo đơn cứ từ chối mọi lời đề nghị.chắc kiếp này ở giá thôi chứ,lo_au,that_vong,0.14400052,0.35060254,,True
3078,kiểu muốn làm quen mà gia thế cao còn có bạn học giỏi mình nghĩ nếu bắc truyện làm quen thì bị khinh,lo_au,gian_du,0.09211058,0.35064048,,True
3460,Vũ Hữu Tiến gặp chúng làm chuyện gai mắt mà bạn nhỡ miệng góp ý là có thể bị đánh hội đồng ngay.,lo_au,gian_du,0.25357625,0.35066754,,True
9500,em tìm link phim mà sao nó ra phim khác chứ không phải phim này zay mọi người 😞,that_vong,lo_au,0.25706506,0.3507913,,True
3294,Đây là tôi khi ở với ng lạ :🤐,lo_au,vui,0.06555512,0.3508051,,True
2980,"@MinhTamLV kiểu kiểu vậy, bây giờ nhìn lại lúc ấy là do mình quá quan trọng hóa vấn đề lên ấy",buon,hy_vong,0.07085378,0.35088772,,True
6317,"ai cũng chỉ muốn cho con tất cả nhưng vì được không có mà thôi , có con thì mới biết lòng cha mẹ",trung_tinh,hy_vong,0.05879771,0.3509285,,True
9040,Bui My Duyen ko có clip hả ta,hy_vong,trung_tinh,0.077146776,0.3509663,,True
3035,bé có năng khiếu làm cô giáo dạy văn ... nghe thì nghĩ tục nhưng đời thường là có thật ... bác nghe thấy đồng cảm với các cháu,buon,gian_du,0.072083145,0.35107574,,True
5155,Cho tên nhà xe lên luôn đi,hy_vong,trung_tinh,0.10929733,0.3510831,,True
713,ôi đất nước tôi ... hở ra là bàn thờ bát nhang 😳😳😳,buon,gian_du,0.048768315,0.3511107,,True
2458,"lừa đảo có quy mô đủ để truy tố hình sự rồi nhé , 5 triệu liệu có đủ sức cho chúng sợ không ?! hay là chúng mày lại bị cái chùa ba vàng mua hết nhân tính rồi ?",gian_du,lo_au,0.26337874,0.35126466,,True
2264,Yêu là 1 cỗ sức mạnh khiến ta mất đi lý trí và ngu dần :U,that_vong,hy_vong,0.12286029,0.35137022,,True
7973,quốc kỳ và quốc ca việt nam là một cái gì đó vô cùng thiêng liêng teong lòng mỗi người việt.,vui,that_vong,0.04977083,0.35138565,,True
6123,Bầu trời sụp đổ,that_vong,buon,0.18940462,0.35156912,,True
1359,"Hồi nhỏ em rất tự tin nhưng khi càng lớn dần, em hiểu được những gì ba mẹ em chỉ trích em, áp lực học tập và đồng trang lứa, khiến em dần thu mình lại.",that_vong,buon,0.18154271,0.35162067,,True
7371,xem ra giá cả và chất lượng mà không oke thì không ổn ...,gian_du,trung_tinh,0.050456855,0.35172558,,True
8982,"Nở Color chính xác. Vượt quá sự đau đớn. Ai đã từng rơi vào hoàn cảnh đó mới hiểu cái đau, cái chua chát đang gặm nhấm, cào cấu anh ấy.",buon,that_vong,0.1448928,0.35173398,,True
787,"Làm người tự ti thôi làm sao, cố tự tin để bớt tự ti, rồi một ngày nghe được tụi con trai buông lời xúc phạm nhại cảm ngay sau lưng mình thì mới chắc chắn là tự ti vĩnh viễn, vĩnh biệt loài ng tàn độc",gian_du,that_vong,0.012840825,0.35177684,,True
2770,"Mỗi lần stress e lại mở video của c ra xem. E đang stress rất nặng😥. E phải liên tục ở nhà suốt 6 tháng và đối diện với người trong gia đình - là những mối quan hệ toxic theo e là như vậy. Ngôi nhà e cảm thấy đầy sự ngột ngạt, không chút riêng tư, e không thể chia sẻ được gì, cũng như chẳng ai chịu ngồi xuống để lắng nghe hay cố gắng hiểu e. E khóc rất rất nhiều trong thời gian qua, e muốn bỏ học nhưng e k thể làm thế. Suốt ngày toàn nghe những câu chửi, chê bai, trách móc, thâm chí là đánh đập. E rất ghét khi p sống như z, e p lm s đây🥺",that_vong,lo_au,0.14468294,0.3517872,,True
6777,LêThị VânAnh về a gt ny cái,hy_vong,trung_tinh,0.19265266,0.35214344,,True
1766,kéo cái áo chấn động tam giới,vui,trung_tinh,0.20015101,0.35226527,,True
9281,rõ ràng mơ con dê mà không đánh con lô 35 cay voãiiiiiii cuối cùng nó ra 35 thật,buon,that_vong,0.05728369,0.3523305,,True
4626,bộ phim đầu tiên làm tao khóc thành tiếng,buon,vui,0.06396217,0.35242522,,True
3868,K dám xem k dám nghe tiếng các con khóc.Thương quá.sao các con lại phải chịu đựng nỗi đau đớn đó. Trong kki con mình chỉ cần khóc 1xíu là phải bồng bế trên tay dỗ dành.Sao mà xót đau lòng quá. Mong pháp luật trừng trị thật mạnh tay tới những trường hợp ntn.,gian_du,that_vong,0.03031888,0.3524981,,True
404,"T chọn sai, nhưng bây giờ t làm cho nó đúng",hy_vong,trung_tinh,0.17503972,0.35250264,,True
385,thế chân ngắn như tao thì phải làm sao với cái cầu,that_vong,trung_tinh,0.19357423,0.352512,,True
8669,mình nhát lm,lo_au,vui,0.036704402,0.3525291,,True
9053,mong ông bà nhiều sức khoẻ . đáng yêu thực sự 😍😍😍,hy_vong,vui,0.30786854,0.3525456,,True
6196,"per tuy anh hay bắt nạt , giấu đồ và ăn bòn đồ ăn của em nhưng nếu thiếu anh thì công việc sẽ trở nên căng thẳng phết đó 😭",buon,that_vong,0.12591447,0.35255975,,True
9213,Rất vui khi được sống ở Việt Nam! Việt Nam mãi đỉnh!<br>Thật tự hào khi khi nước ta trong lịch sử cũng rất mạnh!,vui,hy_vong,0.27188227,0.35261548,,True
6007,t nghĩ thợ chụp đéo có tâm bằng thợ make đăng và thợ photoshop đâu,that_vong,trung_tinh,0.13680087,0.35271594,,True
5665,"bắt cóc như chơi đó mậy , be careful",lo_au,gian_du,0.05233919,0.35283512,,True
10232,sao giống phim good doctor của hàn vậy ?? cũng bệnh tự kỉ và có khả năng nhìn được 3d !,vui,that_vong,0.048611384,0.35293388,,True
7393,Nên đừng thắc mắc tại sao giờ nhiều mẹ đơn thân,trung_tinh,that_vong,0.12349424,0.3529613,,True
8370,Phạm Tùng anh đi cf sáng với e k =))),hy_vong,vui,0.20840465,0.35301042,,True
1185,"sản phẩm tốt đấy , có tính ứng dụng cao",vui,trung_tinh,0.06690595,0.35304886,,True
5380,"ngta nói t có nhan sắc nma 0 bt dùng. Ừm thì vì da t đen, mụn, mắt thâm, tóc buộc thấp nên như v. Nhưng vì t 0 có tiền nên chịu thôi",that_vong,buon,0.23649591,0.35307005,,True
6796,93 thật sự gian nan,that_vong,trung_tinh,0.13490754,0.3530861,,True
6103,ta sao khúc cuối cậu bé xịt nói chuyện hoa làm gì vậy,trung_tinh,gian_du,0.21909122,0.35309735,,True
8397,đã là đàn ông dù thất bại cuộc sống bế tắc tuyệt vọng nhưng đã làm thì không hối hận.,trung_tinh,buon,0.060962148,0.35320184,,True
4772,"giờ đây chúng ta , những con người của ngày ấy giờ không còn nữa ... những lời nói về mai sau nhưng ta đâu ngờ sau này chúng ta càng trở lên xa lạ",that_vong,buon,0.25195265,0.3532265,,True
2653,điên,gian_du,trung_tinh,0.08676645,0.35338748,,True
4647,"Đy Qua Mùa Hạ đánh bố dc. đập ti vi dc, thì tớ làm vk quang or ny quang- chắc 3 ngày nát như tương bần",lo_au,trung_tinh,0.039876137,0.3534057,,True
1564,luv u......May quá em đang trong tgian tiêu cực vì việc thi Đại Học ấy :((,buon,that_vong,0.24405114,0.35340682,,True
874,tự nhiên mình lại không muốn làm single mum nữa -.-,buon,lo_au,0.16121353,0.35343295,,True
217,Em từng bị HR từ chối ở vị trí bán hàng tại một store do người Trung Quốc quản lý với lý do rụt rè. <br>Cái giá phải trả cho việc rụt rè thực sự rất lớn và là tín hiệu báo bản thân cần nâng cấp và thay đổi.,buon,trung_tinh,0.0379732,0.3535195,,True
8011,Đưa bộ mặt của vc chủ lên luon,gian_du,trung_tinh,0.12777367,0.35369277,,True
9223,Cám ơn vì sẽ tự do đi với bồ nhí,vui,hy_vong,0.17635621,0.3536944,,True
10060,Uplate cho anh em là ông chồng đã khoá TCN😤roàiii,gian_du,trung_tinh,0.03347126,0.35386917,,True
2012,da ngăm môi thâm mặt nhiều nốt ruồi mũi to nhiều mụn thề là đến việc tháo khẩu trang ra cũng ngại nx,that_vong,buon,0.20852208,0.35390744,,True
6198,xong bỗng nhiên một ngày mất hút không để lại 1 hạt bụi,that_vong,buon,0.2648496,0.35399136,,True
8888,vô nhân đạo thật :(,gian_du,that_vong,0.13904727,0.35401213,,True
4659,đó là một đất nước mà người dân Việt Nam rất mơ ước hướng tới,hy_vong,vui,0.18065242,0.35408497,,True
1246,t đã cố tình che mặt nhưng vẫn giật mình,lo_au,buon,0.11920317,0.35419592,,True
7112,T hối hận nhất là đã bỏ 10 năm để chịu khổ với họ và rồi họ cắm cho cái sừng to đùng và rồi T phải ra đi hai bàn tay trắng có 2 đứa con mà ko thể đưa đc đứa nào đi cùng đc 😔😔😔,that_vong,buon,0.32071963,0.35426205,,True
1915,Địa chỉ chỗ làm đi ad đến lấy tiền công lại nhé,hy_vong,trung_tinh,0.26022342,0.3543961,,True
2392,Đọc mà xúc động. Chúc mừng anh đã về nhà an toàn với vợ con,vui,hy_vong,0.29564318,0.35441685,,True
3560,Man TV t thấy bình thường mà giống người mẫu đi catwalk,trung_tinh,gian_du,0.07356932,0.35452676,,True
6868,ng dân biết phải làm sao bệnh chồng bệnh,that_vong,trung_tinh,0.17547818,0.3545367,,True
2511,Đợi chết mới truy tố hả gì,gian_du,trung_tinh,0.13413666,0.35454914,,True
7145,"Gửi mình của thứ bảy tuần sau : Mọi chuyện ổn chứ, đã hết lo chưa?",lo_au,hy_vong,0.08278682,0.35460854,,True
4963,giá mà thằng lái xe ngồi trong xe oto trông xe thì tốt biết mấy !,hy_vong,that_vong,0.04090877,0.35462314,,True
2485,đm lúc tao học đến chương đó nguyên tiết bà cô toàn chia sẻ kinh nghiệm chuyện tới tháng 🙂 đéo thú vị được như vầy,that_vong,gian_du,0.19617696,0.35472375,,True
8431,"Vẫn nhớ về tuổi thơ,hồi hè tụ tập đá bóng thả diều chơi,kh cần điện thoại đi phá xóm",hy_vong,buon,0.05447282,0.35476047,,True
1959,có những người không có ý thức bỏ quần áo rách hoặc mặc rồi để vào tủ để đỡ phải đi vứt ...,gian_du,trung_tinh,0.1727346,0.35478455,,True
5867,Kì này trung quốc tới công chiện,gian_du,lo_au,0.12310357,0.35479385,,True
5266,chưa bao giờ còn yêu nhiều hơn thế 😍😍 bởi cha mẹ cho tôi tất cả,vui,hy_vong,0.24610555,0.35480523,,True
6286,Người vô tâm vôcam sống với ai cũng không có hậu.cháu trai biết sớm là ok rồi,that_vong,hy_vong,0.09486398,0.35482264,,True
1774,@💙🔴red blue🔵❤️ @Fan one piece❤️‍🔥 😘😘,vui,hy_vong,0.30237556,0.35488725,,True
9933,"per đâ ́ y , hiê ̉ u vi ̀ sao nên cha ̀ o mo ̣ i ngươ ̀ i chưa",vui,gian_du,0.091987506,0.35492393,,True
3090,"real, dù nóng cỡ nào t k cởi kt ra kể cả học td, k biết các bạn có hiểu cái cảm giác ngồi ăn sáng cứ phải cúi cái mặt xuống để ngta k nhìn thấy mặt mình k rồi nch thì đ dám nhìn thẳng mà nói nữa😭",buon,that_vong,0.17390376,0.35493731,,True
7263,An Tuấn Hoàng 10đ không có nhưng,that_vong,trung_tinh,0.1570514,0.35499057,,True
4901,Lê Thảo haizz cái khứa trẩu tre này chưa trải sự đời 10 năm sau suy nghĩ nó sẽ khác,gian_du,that_vong,0.15483116,0.35514942,,True
1420,Linh Trương đàn ông ngoại tình vẫn có thể bỏ bồ quay lại với vợ con Cho dù k có tình cảm vẫn có thể vì con mà chung sống Còn vợ ngoại tình là 1 đi k trở lại Khoing quan tâm con cái như nào cả,gian_du,hy_vong,0.05413434,0.3554536,,True
2971,"Cái này đúng nè trước có vài lần nhậu trưa say, ngủ 1 lèo đến 20h, dậy thấy cô đơn, kiểu như mọi người bỏ mình, thấy vậy tắm rửa, rủ bạn đi nhậu tiếp cho lát dể ngủ, giờ k dám nhậu trưa nữa.",buon,lo_au,0.10187461,0.35550773,,True
8486,"yep . chính tao . đi vệ sinh thôi cũng phải đảo qua , mà giờ thì người ta sắp đi lấy chồng rồi",that_vong,trung_tinh,0.10968354,0.3555082,,True
180,Võ Quỳnh Bé Loan đi xem k 2 em,hy_vong,trung_tinh,0.14018889,0.35555452,,True
272,nghe mát lòng mát gan thế ????,vui,trung_tinh,0.07622476,0.35559905,,True
5816,dume nó hết con mẹ nó hồn ....😭😭😭😭,lo_au,buon,0.22314565,0.3556808,,True
7730,lỗi là do phụ huynh . nên đừng gây áp lực cho mấy em trẻ,gian_du,lo_au,0.120831914,0.3559066,,True
9505,"Trời ơi 🤦🏻‍♀️thật sự muốn gào thét lên, thương quá mình khóc luôn ko biết làm cách nào mình gửi Vc a chị ấy chút tiền ko????chính chủ kênh ơi sao ll dc với bạn vậy",hy_vong,lo_au,0.038320016,0.35597003,,True
2650,"Giáo dục thời nay thua rồi anh ah, học sinh đi học ra khỏi nhà từ 6g sáng về đến nhà 9g tối. Học lắm vào càng ngáo ngơ...",buon,lo_au,0.06834935,0.35603875,,True
3975,tha cho cô chú đó đi,lo_au,gian_du,0.1160956,0.35617554,,True
6885,Cảm thấy cô đơn lạc lõng làm dạo này thất vọng toàn tập 😔,that_vong,buon,0.32438573,0.35620308,,True
7850,Đến một cái thời điểm như mình thì sẽ không còn nghĩ đến cái gọi là hối hận nữa 🙂,trung_tinh,buon,0.097659685,0.35625142,,True
4691,hết tiền rồi này,that_vong,buon,0.1705556,0.3562812,,True
407,đã lựa chọn đã quyết định quá vội vàng để giờ bỏ thì thương mà vương thì khổ,buon,that_vong,0.16581188,0.35633054,,True
8035,T tự ti vì tóc của t tại vì nó k đc dài như các bn gái khác và tóc của mk rất giống con trai ☹️,that_vong,buon,0.22031033,0.35652572,,True
4902,"ánh sáng mà tôi có được, đều là tôi tự đóng tiền điện mà ra",vui,trung_tinh,0.04197672,0.35654575,,True
9875,E sinh ra và lớn lên trong 1 gia đình toàn người tiêu cực. Chị em nói 30 năm cuộc đời của chị em chỉ là sai lầm và hối hận. Mẹ em nói cuộc đời của mẹ e bi kịch là từ khi gặp bố em. Còn bố em thì trước đây luôn đánh mẹ con em. Hiện giờ không còn đánh nữa nhưng chưa bao giờ biết lắng nghe và cực kì gia trưởng. Bản thân e không xinh đẹp không giỏi giang và cũng không có bất cứ ước mơ hay sở thích nào trong đời cả. E cũng là người cực kì hướng nội và nhút nhát nên không có ai để chia sẻ. Bế tắc thật sự.,lo_au,buon,0.16567121,0.35656294,,True
9439,đằng nào mà chẳng thịt chẳng qua sớm hay muộn thôi,trung_tinh,that_vong,0.20078355,0.35672563,,True
6142,có lẽ là sự giao tiếp vì tôi khá hướng nội,lo_au,buon,0.12969536,0.35684136,,True
204,Long Nguyen xem ít j.a.v hoyyy,trung_tinh,hy_vong,0.18789023,0.35684276,,True
9325,"Không tập trung vào môn toán Vô tình lớp 7 không tập trung một tiết, toàn bộ các tiết sau đều không hiểu gì Đến khi nhận ra vấn đề cần được sửa chữa thì số kiến thức cần học đã quá lớn",buon,lo_au,0.03718676,0.35686934,,True
867,nước biển sao đục quá nhỉ,that_vong,gian_du,0.14720112,0.35690647,,True
9,"Anh ơi, em bị 1 cái là làm rất nhiều vấn đề rất lâu mà ko tiến bộ nổi. Cứ làm nhiều mà ko cải thiện đc hiệu quả, và ko biết phải làm cách nào. Có phải em bị thiếu kĩ năng cải thiện vấn đề ko ạ? Anh làm clip về nội dung này được ko ạ?",that_vong,lo_au,0.12505148,0.35696042,,True
1269,Thật may mắn khi gần như 5 cách c nói e đều làm trước khi e xem vlog của c! :)) <br>Cảm giác như con đường nhỏ được nhập vào con đường lớn vậy :)),vui,hy_vong,0.32258102,0.3570031,,True
2405,Thôi ko biết tôi cs sống bằng tuổi anh tôi ko anh tôi cũng bị trầm cẩm mất cách đây cũng đc 2 năm tầm 23-25t j á tui ko biết cs đến ko chứ tui thấy mệt mỏi quá nhiều lần muốn kết thúc mà còn nhiều điều hối tiếc quá chước mặt mình cs 1 cọng dây thừng ko biết cs nên ko,lo_au,that_vong,0.13987358,0.35702604,,True
9490,mình thật vô vụng nhỉ,that_vong,gian_du,0.18746738,0.3570494,,True
3134,có tiền sẽ thấy các vị gọi là thượng hạng còn không tiền sẽ chỉ thấy vị mặn của mồ hôi + nước mắt,that_vong,hy_vong,0.11444436,0.3571067,,True
4248,Đoi lúc nghèo ma hạnh phúc Á.,hy_vong,vui,0.031946987,0.35714805,,True
2230,đừng bỏ tao ra đi mà,lo_au,trung_tinh,0.026714357,0.3571726,,True
6398,trông rợn vãi,lo_au,gian_du,0.12923388,0.35719886,,True
7979,Trận này cứ buồn cứ khóc hết nấc đi! Mình có thực lực mà,that_vong,buon,0.21873164,0.3575538,,True
7677,"Cám ơn. Tôi mất phương hướng trong cuộc sống. Tôi mất tiền và hiện đang đẩy ng thân vào hoàn cảnh tồi tệ. Tôi cần làm ntn để có thể vượt qua cảm giác tội lỗi này. Tôi ko biết tôi sẽ trụ đc bao lâu nữa, tôi thật sự tuyệt vọng vì tình hình hiện tại và thật sự coi thường bản thân mình. Hãy cho tôi lời khuyên",lo_au,that_vong,0.09103653,0.35763174,,True
4896,lu ơi trốn đi,lo_au,buon,0.058276318,0.35765082,,True
9384,nhìn mặt héo queo luôn,that_vong,gian_du,0.1583429,0.35767105,,True
5677,tạm biệt tổng thống trump !! việt nam hẹn gặp lại ngài !,trung_tinh,hy_vong,0.10492356,0.357721,,True
6136,Thanh Hằng ghê hông mai mốt k dám cho bọn trẻ con uống trà sữa nữa,lo_au,gian_du,0.26831955,0.3578044,,True
5006,Em rảnh là e cứ snghi linh tinh,buon,hy_vong,0.08133724,0.35786974,,True
3772,thấy cái thèm ts quá,hy_vong,gian_du,0.02207496,0.35792398,,True
5137,"không thể tin được quá, sếp khen cái project mới 🎉",vui,hy_vong,0.32516587,0.35824418,,True
7191,Làm du lịch ở vn dở nhỉ,that_vong,gian_du,0.13976742,0.3582742,,True
10011,Doanh số dạo này hơi giảm. Nên anh ấy hơi quạo.,that_vong,buon,0.17696466,0.35841563,,True
9012,đó là những câu chuyện buồn mà :((,that_vong,buon,0.30203152,0.35850045,,True
2261,Thế giới còn bảo việc lớn lao đang chờ bạn.,hy_vong,trung_tinh,0.0867832,0.35853013,,True
1429,per đó đi chơi nhiều dô hỏi sao da đen -.-,trung_tinh,that_vong,0.075902455,0.35862273,,True
841,"Đức Minh Nguyễn xe cấp cứu đi để trở về, xe 1 chỗ nằm thì 1 cõi đi về",buon,gian_du,0.049640022,0.3588112,,True
9193,sắn phú bà với t ko bây😍🙏,hy_vong,vui,0.25691378,0.3588933,,True
2907,"Nếu không xem thì thôi , còn khi xem video của thầy thì không bao giờ tua . cảm ơn kiến thức của thầy chia sẽ .",vui,hy_vong,0.057661526,0.3589038,,True
3368,Nguyễn Loan ủa Alo ???! Tại Thg chồng chứ nhỉ ??! Nó ko đi vác kiệu tới khiêng nó đi à 😬,lo_au,gian_du,0.18167523,0.35910207,,True
2950,"có thể là ngày mai , tháng sau , cuối năm , sang năm hoặc 30 tuổi :))) khi nào có tình yêu .",hy_vong,vui,0.3020863,0.35933068,,True
8441,Xem mà cảm động xin cảm ơn gđ em sẽ tràn đầy phúc lộc,vui,hy_vong,0.25815806,0.35952926,,True
2371,bình yên thật,vui,trung_tinh,0.2498341,0.35969177,,True
6702,1 phát là nát gáo 🥱,lo_au,vui,0.029255163,0.36010647,,True
9317,Hong Anh đi xem,hy_vong,trung_tinh,0.28058207,0.36019704,,True
8844,em ấy còn cười được chứng tỏ em rất mạnh mẽ,vui,hy_vong,0.084499136,0.360204,,True
9124,cuộc sống đổi thay làm lòng người thay đổi . hiểu vậy cho nó vuông,buon,that_vong,0.050674647,0.3602785,,True
7759,Mai Mai nhiều lúc nghĩ thế mà làm ko được,that_vong,trung_tinh,0.16795975,0.3603328,,True
2943,"per hay đó bro , trừ điểm bro chưa bao ăn - 10",gian_du,trung_tinh,0.1711209,0.36046866,,True
10234,đcm anh da đen fake,gian_du,vui,0.03186873,0.36056244,,True
6802,Ko hoàn hảo cái này thì cái khác.học tập chăm chỉ vào.mn thấy có tổng thống hoặc mấy người chức cao có ai đẹp ngời ngời ko,hy_vong,gian_du,0.08824646,0.36062258,,True
5225,nếu ai cũng có ý thức tốt đẹp thì đất nước này còn gì để nói . đâu có ai hoàn toàn hoàn hảo đâu bạn . dù là moi tần lớp,buon,hy_vong,0.05728141,0.36065617,,True
1627,"tại giống nhau quá , nhưng đừng như người ta nha , nghĩ đến tự tử các thứ chẳng có gì là hay cả",that_vong,gian_du,0.22886927,0.3607981,,True
5943,xỉu lên xỉu xuống :(,that_vong,buon,0.25293845,0.3608174,,True
5986,Huu Tinh Tran ké với,hy_vong,trung_tinh,0.15300737,0.36089355,,True
6241,Chờ mẹ ông ấy rụng rồi tông lại,gian_du,that_vong,0.0891959,0.36091426,,True
9298,chưa ai chịu được,gian_du,trung_tinh,0.0654534,0.3609997,,True
760,Nguyễn Phạm Mỹ Tiên đi liền c ơi kk,hy_vong,vui,0.14155105,0.36102074,,True
9724,"tính tao tao biết , chẳng có chuyện gì có thể làm tao phát điên cả",trung_tinh,that_vong,0.14252667,0.3610916,,True
8112,Điện Thọai Hoàng Thông xem thêm clip đi rồi phán. Dễ bị dắt mũi quá,gian_du,trung_tinh,0.18356471,0.36126676,,True
9395,Vũ Kim Anh mất mẹ tâm lý (,buon,trung_tinh,0.05006317,0.36140615,,True
1042,"Huu Khanh Pham thế theo bạn Vn vị thế được những gì. Khi mà người dân không có công ăn việc làm ổn định, mỗi năm có hàng ngàn người phải xuất khẩu lao động, sang các nước như Đài Loan, Hàn Quốc, Nhật Bản.v.v.làm việc. Thậm chí họ còn phải bỏ mạng trong thùng container.",gian_du,hy_vong,0.13016272,0.36145982,,True
118,"mình cũng vậy. mình thấy mơ hồ quá, ko biết phải làm sao cho đúng nữa. mình ko ngờ số tiền phải đóng lại cao đến thế. và còn thêm nhiều chi phí phát sinh nữa. nhìn ba mẹ rầu mà mình hối hận lắm",lo_au,buon,0.13261192,0.36146998,,True
5903,tao thấy tai nạn giao thông là tao nói với mẹ .. con chạy ra đó để tối lên ti vi ... mẹ tao chửi sấp mặt luôn,gian_du,buon,0.036267214,0.36171246,,True
9452,"Vinh Xuân Hoàng xin ngài,please",hy_vong,trung_tinh,0.053206265,0.36171824,,True
9822,"Thủy Sâu nếu b ở phía cty thì sẽ có 1 hướng suy nghĩ khác, nếu như vậy thì bạn bè or người thân đặt đơn xong boom, cho shiper ăn hết à",that_vong,gian_du,0.101997055,0.36197805,,True
2455,Có ng nói vs mk 1 câu:Có nhan sắc là 1 lợi thế nhưng ko có nghĩa là có tất cả,trung_tinh,hy_vong,0.12683207,0.36197865,,True
3547,và sau đó nó bảo đùa đấy và loan tin mày tỏ tình nó cho tất cả mng biết 🙂,gian_du,that_vong,0.07053141,0.3621051,,True
4736,Ngọc Huyền không chị còn bọn đồng nghiệp nó nữa,that_vong,gian_du,0.1590206,0.36210877,,True
6599,"Không chăm chỉ học tập khi có cơ hội, không học nhiều thứ để biết nhiều hơn. Sống một cuộc đời lãng phí thời gian, lãng phí tất cả. Nếu có kiếp sau chắc chắn sẽ học, học tất cả mọi thứ",hy_vong,that_vong,0.17521521,0.3622492,,True
1105,"Ai cũng muốn quên đi quá khứ và dành thời gian cho hiện tại và tương lai, nhưng chắc các bro cũng đồng cảm kiểu mỗi lần chuẩn bị đi ngủ or đang đi trên đường lại có một chuyện xấu hổ gì đó từ quá khứ nổi lên ...",buon,hy_vong,0.10207979,0.36230576,,True
5235,lỗi đạo cụ,that_vong,gian_du,0.16251253,0.36263213,,True
8764,22t vẫn bị 😳,buon,lo_au,0.16074826,0.36264008,,True
2765,"Nhìn như mụ phù thuỷ…!! Những đứa trẻ đã cô đơn mồ côi tội lắm rồi mà còn gặp con mụ này nữa!!! Tội các con, mong các con đc vui vẻ bình an ở nới khác tốt đẹp hơn.",gian_du,hy_vong,0.075399436,0.36271706,,True
3687,Đang 30t lun. 94 lận đận đủ thứ,that_vong,trung_tinh,0.17110161,0.36288914,,True
6532,một viên gạch tốt người ta sẽ biết ngôi nhà an toàn....,trung_tinh,hy_vong,0.25043717,0.3629632,,True
6914,ụa cho fa đọc chi rựa huhu,buon,lo_au,0.10007021,0.36317658,,True
4869,Tung cho cố Pr cho cố cuối cùng chỉ như phim râc,that_vong,gian_du,0.2007777,0.3631863,,True
4343,Cuộc sống là một con đường với nhiều nẻo đường người thì chọn theo bản đồ mà người trước đưa người thì dùng kinh của bản thân để tìm ra con đường riêng nhưng khi chọn con đường nào chỉ cần hạnh phúc,hy_vong,trung_tinh,0.17398961,0.36321276,,True
9611,ếch chết tại miệng,trung_tinh,that_vong,0.06277985,0.36326462,,True
2492,t chưa được rơi vào hoàn cảnh này nên cũng không biết nữa,lo_au,that_vong,0.15395303,0.36350146,,True
5112,Việc quản lý tài chính cá nhân trong thời kỳ lạm phát đang là một bài toán khó khiến tôi phải suy nghĩ nhiều.,lo_au,trung_tinh,0.061019536,0.36363134,,True
6654,thêm cái nữa là VN đứng thứ 2 thế giới trong việc phòng dịch,hy_vong,trung_tinh,0.1871119,0.36380473,,True
7168,Nguyễn Hoàng Giang đúng kiểu thiếu hiểu biết nhưng lại thích thể hiện,gian_du,trung_tinh,0.22826472,0.36386865,,True
9351,"Mỗi lần đọc những tin như này là mình lại tự hỏi, không biết sau ánh hào quang sân khấu, những người nổi tiếng có thật sự ổn như những gì họ thể hiện ra với fan? Nên mình tự nhủ là dù fanwar có ác liệt cỡ nào, có không ưa ai đến mức nào thì mình cũng sẽ không nỡ buông lời cay đắng với những người mình chưa từng tiếp xúc, vì đâu biết đằng sau vẻ tươi cười trên sân khấu kia họ phải trải qua những gì.",buon,lo_au,0.10768825,0.36387995,,True
8668,Nam Thanh coi chán kh cơ chứ,trung_tinh,gian_du,0.042841744,0.3639118,,True
8871,Bạn Muốn Hẹn Hò? Bạn nói đúng ng k ai làm vậy vì họ suy nghĩ chính chắn hơn trưởng thành hơn đi 1 chiếc xe đạp k phanh 100km Trong clip có ng nói 1 câu rất hay thế cái xe nó đổ đèo ntn ta xuống vực chơi ah Thằng bé thương e là đáng quý nhưng đừng hành động theo cảm tính.sao k nhờ bố hay họ hàng ng thân đưa đi tự ý đi như vậy nguy hiểm nếu k may k gặp những ng tốt trong clip mà gặp phải bọn buôn ng thì ntn Chúng ta k nên vui vẻ tâng bốc những hành động theo cảm tính k suy nghĩ ntn add sh,lo_au,gian_du,0.035267625,0.3640312,,True
9390,động lực để phụ nữ chiến đấu chính là gia đình và bản thân họ :),trung_tinh,hy_vong,0.18255307,0.36403736,,True
10149,đỗ chỗ này hay bị mưa gạch lắm,lo_au,trung_tinh,0.1404856,0.36414027,,True
9364,"con gái mình chỉ vì đến bữa không chịu xuống ăn cơm , cứ du rú trong phòng nên bị bố quát xuống ăn cơm thôi , thế mà nó còn lầm lì vì bị mắng oan đấy",buon,lo_au,0.1503318,0.36415195,,True
2913,"trên phim thôi . ngoài đời thì đứa con gái uống xong ngất luôn , hôm sau thì bị bán mẹ sang trung quốc",buon,lo_au,0.14859642,0.36418685,,True
8006,ngày tao chia tay tao khóc quá trời luôn,buon,lo_au,0.16959633,0.36420313,,True
680,Lê Thị Hải Yến bởi ko lo chăm bẵm bảo tồn tôi đi. Đâu dễ tìm dc ng như tôi.,vui,hy_vong,0.030596016,0.36422524,,True
119,Chưa từng hối hận bất cứng đều gì chuyện gì củng đều có lý do cả,trung_tinh,that_vong,0.12699018,0.36435094,,True
731,"Cấp 3, đại học lười. Giờ thì biết điều rồi, nhưng phải tăng tốc gấp vài lần mới kịp người khác",buon,that_vong,0.051190134,0.36445993,,True
9682,và cứ thế tôi khóa lại 3 năm thanh xuân tươi đẹp của mình,that_vong,buon,0.192763,0.36449593,,True
3456,Grab hỗ trợ đơn hàng giá trị lên đến 1 triệu khi bị boom. Không hiểu là vì sao cô lại bật khóc khi bị boom hàng nhỉ?,vui,that_vong,0.01825539,0.3645223,,True
8059,"học không phải vì bằng cấp , học để lấy kiến thức .",hy_vong,gian_du,0.02366642,0.36454457,,True
652,Ai bày cho Cháu câu nói giống người thế??,gian_du,trung_tinh,0.16922086,0.36471862,,True
6629,"thao trường đổ mồ hôi để chiến trường đỡ đổ máu , ý thức từ bé đi 🙂",trung_tinh,gian_du,0.17815574,0.36480784,,True
8948,Chủ nhật! Ngày deadline cuối cùng của mình đối với người ấy. Tạm biệt!,that_vong,buon,0.15583065,0.36482286,,True
7672,Lòng ng thật khốn nạn.,that_vong,trung_tinh,0.1333843,0.36494386,,True
7187,mình làm sao gửi những đồ cũ cho những bạn ở đó được ko vậy bạn..,hy_vong,that_vong,0.07573695,0.36497533,,True
6208,Hào Lý đi xe để ý con cản thận bha bố,lo_au,gian_du,0.042652242,0.36504883,,True
7140,"ko nói nhiều chỉ ủng hộ anh per vì thấy thái độ trước tòa là hiểu anh per hoàn toàn chân chất , không có thủ đoạn gì hết",buon,that_vong,0.032714322,0.36505556,,True
2193,Inspirational,hy_vong,trung_tinh,0.1899974,0.36509693,,True
7093,Giá mắc mà nước dở òm. Nhân viên pha chế thì giỡn ầm ầm trong khi khách ngồi đợi,that_vong,gian_du,0.21607637,0.36516404,,True
6470,Tôi là fan anh 7 thực sự khi xem bài này tôi rất là cay,gian_du,that_vong,0.051632196,0.36518294,,True
2129,Rồi th mẹ đơn thân luôn Cưới sớm quá,that_vong,gian_du,0.19660056,0.3652374,,True
7220,làm nghề không có tâm 🙂,that_vong,gian_du,0.18822496,0.36524057,,True
5147,mẹ con điên,gian_du,vui,0.0411704,0.3652526,,True
3822,14 / 2 năm ngoái tao mọc sừng . nên 14 / 2 năm nay tao quyết định cưa sừng,buon,trung_tinh,0.050973866,0.36526743,,True
3005,Trọng Nguyễn mỗi nơi mỗi kiểu người ah ơi,trung_tinh,buon,0.08149241,0.36528012,,True
3612,Choán vì phút sĩ . H đi tù mới hối hận à chán quá chán,gian_du,buon,0.18846159,0.3655183,,True
4206,24 tuổi thấy đời đắng và khá mặn,that_vong,vui,0.05404496,0.36552155,,True
6537,yêu như trẻ con tập yêu ây .. có cái chúc sinh nhật mà nháo nhào lên cãi nhau,that_vong,gian_du,0.14387934,0.36554652,,True
81,Níu kéo quá khứ xong để nó nhấn chìm mình vì mình không kiếm soát đc nó :(,buon,that_vong,0.27678514,0.36557445,,True
9587,ok mà cần gì cứ cắt chất lượng lại thôi vẫn bán giá vậy,trung_tinh,hy_vong,0.24372755,0.36563572,,True
6420,Pha này w.wihte có thể cứu jane nhưng ko cứu.mãi cuối fim mới kể,trung_tinh,that_vong,0.04096531,0.3656973,,True
8617,cố gắng đi gần người ta 1 xíu . rồi lướt qua nhau như 1 cơn gió,trung_tinh,that_vong,0.046636477,0.3659004,,True
9716,súc vật là có thật .,gian_du,trung_tinh,0.14773338,0.36599314,,True
1791,chắc ỉa ra quần chứ đéo đùa -.-,lo_au,gian_du,0.1289333,0.36601654,,True
856,cíu tao khỏi hai tên đồng nghiệp bị crazy huhu,lo_au,that_vong,0.21617736,0.36616653,,True
164,tóm lại gọi là nghệt thuật của kinh doanh là bán lỗ ho nhanh,vui,trung_tinh,0.032727316,0.36617988,,True
4241,Cô ấy là người thiếu tình yêu thương. Gia đình đã không thực sự yêu thương cô ấy. Đó mới là lý do.,that_vong,buon,0.14852433,0.36619204,,True
5370,Phạm Tâm từ đầu tớ nc rất tử tế đàng hoàng vs tâm ngược lại tâm thấy tớ k nói gì cứ thế nói đểu.muốn lm tổn thương nhau đến bao giờ nữa,gian_du,that_vong,0.18626635,0.36620003,,True
4235,em mình là con trai viết đẹp y chang thế này nhé,vui,hy_vong,0.23132037,0.366222,,True
5016,Bài này lâu rồi mà? Đăng lên nhằm cảnh báo hay là nhai lại lấy fame 🥲,gian_du,that_vong,0.14118181,0.3662296,,True
6090,Đọc cmt toàn người xa lạ buông lời cay đắng . Nếu đấy là người nhà họ thì ít nhiều họ cũng sẽ có chút thương cảm nhưng đây không là gì nên sẵn sàng buông lời .,that_vong,gian_du,0.21329966,0.36642805,,True
5734,có mà ngược lại ... thời thế thay đổi rồi,trung_tinh,that_vong,0.14991465,0.36647207,,True
2974,gia tộc bất hạnh ậy,that_vong,vui,0.10226797,0.3664757,,True
5722,"video mờ thế còn xác minh được , thế còn lão per đến giờ vẫn im lặng là sao ? 🙂",that_vong,gian_du,0.26176462,0.36649275,,True
4991,Dang táo bón thì bắt đi sự kiện,that_vong,gian_du,0.19925177,0.36685497,,True
44,lâu quá rồi không nghe,trung_tinh,that_vong,0.06868269,0.3669551,,True
4589,tao còn thay đồ trước mặt đám bạn thân 😫,buon,that_vong,0.20586148,0.36708975,,True
2791,Gd suy đồi...!,gian_du,trung_tinh,0.2326323,0.36717224,,True
8513,T đi làm lúc 5h và hôm nào tăng ca thì 23h khuya mới về đến nhà🙁 ai khổ hơn ai?,gian_du,buon,0.024237562,0.3671959,,True
6038,lương cũng sắp về rồi 😉,hy_vong,vui,0.3070821,0.3672483,,True
6795,Xinh mà sống sa đoạ quá 🥲,that_vong,lo_au,0.14689282,0.36725962,,True
3677,Hôm qua mà đánh như này có khi ăn được Đài rồi,that_vong,gian_du,0.14574975,0.36729115,,True
2433,Cái sai là cái tồn tại tất yếu! Tuổi trẻ k sai lầm không vấp ngã đó chẳng khác nào b đang phỉ báng tuổi trẻ của mình bằng những sự thoải mái tầm thường....,hy_vong,that_vong,0.19149503,0.3672915,,True
5187,Có nên truy cứu hình sự với phụ huynh của những đứa này ?,gian_du,trung_tinh,0.21335049,0.36744982,,True
5513,đời tao ghét con súc sinh này vãi .. nhiều khi tao tự vấn tao làm gì sai mà mỗi lần tao đi qua nó là y như rằng tao phải chạy như chó chứ không thể nào hiên ngang đi 1 cách như người bình thường,lo_au,that_vong,0.15877183,0.36745623,,True
6210,giống chó này tên là gì vậy các bác 🙄,trung_tinh,gian_du,0.24071804,0.36754185,,True
1670,"chào em cô gái tháng 10 , em là nắng ấm giữa trời mùa thu ...",trung_tinh,buon,0.043164447,0.36754382,,True
6063,gửi đứa nào chưa có người yêu,hy_vong,trung_tinh,0.108366884,0.36756146,,True
4925,"mày làm tao nhớ em gái ghê , mai sinh nhật con bé rồi mà tao đang đi làm xa nhà , không về được .......... 😑",that_vong,buon,0.30370033,0.36760208,,True
5679,Nhà dột từ nóc. Đây là những dấu hiệu sụp đổ của một quốc gia,lo_au,trung_tinh,0.08449094,0.36782554,,True
296,"Xong tao rồi, có lần còn ngồi ghế sau cho con bú",lo_au,trung_tinh,0.069656484,0.36802167,,True
1601,chủ em này không phải người nữa rồi,gian_du,trung_tinh,0.21543333,0.3680356,,True
6525,Sắp tới deadline rồi mà chưa làm được chữ nào 🥲,lo_au,that_vong,0.24105203,0.36809868,,True
4799,rảnh rảnh ngồi cưa bàn với cưa cổ thèn ngồi gần mỗi khi nó ghẹo cũng vui ??,vui,that_vong,0.05740486,0.36814344,,True
6337,Tuyết Mai không có cơ hội trả thù đâu chất gì nó thoát,hy_vong,that_vong,0.05955671,0.36816803,,True
7269,Trời đánh,that_vong,trung_tinh,0.1147266,0.3684479,,True
1509,vâng em gặp anh rồi mà giờ đây em vẫn cô đơn đi lang thang tìm những thứ vô nghĩa lấp vào nỗi cô đơn ấy,that_vong,buon,0.30241108,0.36871642,,True
9845,còn buồn hơn là cố quan tâm thế nào họ vẫn không hề rep lại,that_vong,buon,0.29924607,0.36872217,,True
7838,Giá như hè chịu học là đâu như vậy..,that_vong,buon,0.18942027,0.36872935,,True
8347,Tâmm rồi 1 ngày nào đó b lại nhận ra chồng mình đặt tên con là tên của bạn trai cũ,that_vong,buon,0.30662858,0.36883682,,True
2522,Đó giờ mọi người cứ để ý đi. Mông cổ sang bằng các nước khác lấn qua tới châu âu gặp Việt Nam bị Mình đánh cho chạy té khói mất chuỗi trận bắt bại. Tới cam lại cũng bị mình tước đi chuỗi bất bại. Tới pháp cũng y chan và đương nhiên mỹ cũng nằm chung cãnh ngộ. China miễn bàn nó cũng trong những nc đó. Việt Nam vua chặn những đế quốc lớn,vui,lo_au,0.037193518,0.36914527,,True
6939,per đã thích phá game còn thích hổ báo,gian_du,trung_tinh,0.17571981,0.36934015,,True
4786,cái sai thì vẫn còn đó nhưng ít nhất được sống trong hòa bình đã là hạnh phúc lắm rồi 🥰,vui,hy_vong,0.33212405,0.36944568,,True
167,giá như không nghe lời người khác không phải như vậy rồi,buon,that_vong,0.25885025,0.3695066,,True
2468,Vẫn chênh vênh lắm,lo_au,that_vong,0.09021678,0.36956364,,True
8558,Từ khi glenn về lĩnh cơm hộp mình cũng ko còn hứng xem tiếp các ss sau nữa 😢,that_vong,buon,0.27084857,0.36975804,,True
4227,@云英☁️🛴ồn,gian_du,trung_tinh,0.09325846,0.3700148,,True
3851,Chẳng khi nào là đường 1 chiều cả. Muốn thay đổi thì ở tuổi nào cũng có thể rẽ được mà,hy_vong,trung_tinh,0.18094717,0.37023613,,True
3556,Ngọt ngào đến mấy cũng tan thành mây,that_vong,trung_tinh,0.18865101,0.37024936,,True
2339,Chuột Còi Xương nếu mình là tổng thống mình sẽ cho bạn làm phó tổng thống..vì tinh thần yêu nước thương dân của bạn..nhưng mà :)).hiểu ý chứ :)),vui,hy_vong,0.3286049,0.3702553,,True
2134,"Da ngâm lông mày kh cs mập nhìn m.n thì thấy m.n đẹp như thiên nga,thề đi chung vs họ t cảm giác kh xứng🙉😭",buon,that_vong,0.23069976,0.3704377,,True
262,"Không có nhan sắc, nhưng bạn biết bạn không sai!",vui,trung_tinh,0.123680435,0.3704558,,True
297,@Khi nào gặp EXO đổi tên,vui,hy_vong,0.28554437,0.370512,,True
271,về vườn rồi sớm quá,trung_tinh,that_vong,0.044706546,0.37085915,,True
7533,vậy 27 tuổi sai còn làm lại được không,lo_au,trung_tinh,0.051998112,0.3709557,,True
1616,trong đầu chẳng suy nghĩ đc j để nói,buon,that_vong,0.20613423,0.3711418,,True
3736,@ivankaquynh Nướng lên nữa mới thấy cái cảnh,vui,trung_tinh,0.16784681,0.37128523,,True
2083,Hồ Khánh HuyềnAlex Vo mé tính đi là mỏ mà căng qué,lo_au,gian_du,0.21344498,0.3713316,,True
4161,má chắc gặp tao chạy mất giày,lo_au,gian_du,0.21728721,0.37134415,,True
3936,áp lục việc học bị mẹ và gđ la stress quá mệt mõi :((((,that_vong,buon,0.21151245,0.37135482,,True
2383,Mình dễ bị mấy chuyện ko đáng ảnh hưởng quá toàn suy nghĩ tùm lum thứ làm quá lên. Phải sao đây haizzz,lo_au,gian_du,0.21223651,0.37137336,,True
5054,"đây là tao khi bảo "" tao biết đường mà , tin tao ."" 🙂",hy_vong,trung_tinh,0.05768575,0.3718119,,True
7713,"một hình ảnh hay nhưng một loại âm thanh rất chối tai , câu đầu tiên đã chửi thể và tiếp theo cũng vậy , rất vô văn hóa .",gian_du,that_vong,0.16097029,0.37202814,,True
7519,Cho hỏi sau này ra tòa án thằng kia có bồi thường thiệt hại cho nhà nghỉ ko ạ.,that_vong,trung_tinh,0.16808006,0.37204003,,True
415,Thiệt tình nuôi con mèo mà nó đi mất. thất vọng toàn tập 🥀,that_vong,buon,0.22559184,0.37213412,,True
7800,Trần Nguyên coi nèeeee. Đi hoang sơ thích hơn,hy_vong,trung_tinh,0.1576072,0.37219507,,True
9109,"Dính rồi dính rồi do mẹ em ấy, bắt em là bản sao của anh em học giỏi 12 năm liền. Em phải là chính mình chứ em có phải con rối đâu? Lúc nào mẹ cũng bảo đi học thêm học trước này nọ rồi cuối năm phải được nhận giấy khen. Làm sai duy nhất 1 bài em cũng phải nghe chửi 2 tiếng nữa, mẹ em chưa hoàn hảo chưa có thông minh mà lại bắt em phải hoàn hảo, trên đời không ai hoàn hảo cả, em không phải là 1 con rối! Đôi khi em muốn chết lắm luôn ấy. Mẹ em thì yêu sớm cưới sớm đẻ sớm mà bắt em phải yêu trễ rồi cưới đại gia để bả ăn ké? Em thấy rất buồn luôn ấy, em chỉ muốn lên mạng tâm sự thôi còn ngoài đời em không muốn mình bị reo tin nói xấu! Cảm ơn mọi người đã lắng nghe. Em không thể vượt qua và em sẽ chết từ từ...",buon,that_vong,0.08695199,0.37219548,,True
1709,Hong biết nói cái gì im cho lành còn không thì hết năng lượng rồii. Nên eo ơi xin đừng bắt chuyệnn 🤡 Mắc công gây hiểu lầmm,lo_au,gian_du,0.08647053,0.37225735,,True
891,rồi lại im thôi . 200k hay 5tr thì cũng vậy,that_vong,gian_du,0.24748372,0.3723075,,True
1555,em đừng đi tập gym em nhé . bth em đã mê trai lắm rồi . em mà đi tập nữa chị không biết em như thế nào luôn 😢 per,lo_au,buon,0.16462511,0.37232524,,True
10140,béo+ mặt nhiều mụn ruồi + nhan sắc không có! đi đâu cũng ngại 😕,buon,that_vong,0.16355951,0.3723351,,True
1621,😞 đó sẽ là những kỉ niệm thật đẹp,that_vong,buon,0.21544659,0.37243396,,True
6700,bạn không có lỗi sinh ra trong nghèo khó nhưng nếu chết trong nghèo khó thì đó là lỗi của bạn,trung_tinh,that_vong,0.15655544,0.3725463,,True
948,"mỗi lần mẹ tao sai tao nhóm lửa , chắc tao nhóm hết 40 tờ giấy , và 1 tiếng sau mớii có lửa 😌",vui,that_vong,0.17770654,0.37256008,,True
4915,"Hà nội mà, ko vội được đâu !",trung_tinh,that_vong,0.121240586,0.37261584,,True
1547,đơn giản vì nó đéo còn yêu mày nữa rồi ==,gian_du,that_vong,0.21704924,0.37263966,,True
9595,"các bố cõi trên báo kinh tế nước ta phát triển nhanh lắm, đời sống của người dân ấm no hạnh phúc 😅",hy_vong,vui,0.33728376,0.37266618,,True
3860,bị nói xấu sau lưng làm bản thân thất vọng toàn tập 😞,that_vong,buon,0.32944506,0.37278846,,True
2548,Ngọc Liên vào tường mình mà xem mình vừa chia sẻ đó,trung_tinh,hy_vong,0.21972188,0.37292966,,True
531,k đi làm lấy gì để ăn,gian_du,that_vong,0.14627104,0.37301776,,True
4021,"Đúng vậy được sống đã là một món quà rồi, thất bại ta lại đứng lên đi tiếp",hy_vong,gian_du,0.07468712,0.37317833,,True
9045,"Tiếc thật... nếu như tồn tại Xuân Thu Thiền hay bất tử để sống thêm 1 đời nữa.. thì tiền bạc danh tiếng phụ nữ đối với t cũng vô vị, chỉ có 1 mục tiêu duy nhất.",buon,that_vong,0.2995263,0.37322843,,True
8267,Tuấn vì ổng rất ghét đảng độc tài,gian_du,that_vong,0.0298628,0.37326622,,True
7365,vậy nếu mình lên cơn điên và giết người khác thì nỗi đau gấp bội phải không ?,lo_au,that_vong,0.11545341,0.3732836,,True
9848,Nguyễn Duy Mạnh mình vừa đi cao tốc cũng có ông sĩ chán chả muốn cãi nhau,gian_du,lo_au,0.12537181,0.3732881,,True
6342,ưới gì honey của mình sau này cũng thế,hy_vong,trung_tinh,0.14705561,0.37336552,,True
3723,Chị Giang 🧚‍♀️<br>Em là một cô gái rất nhiều năng lượng nhưng năng lượng của e lại phụ thuộc rất nhiều vào tâm lí tức thì.mà e thì lại rất khó tính trong cả công việc lẫn cuộc sống. Vì vậy một ngày của e rất rất nhanh chóng bị rơi vào tình trạng không được tốt. Vậy chị có thể cho e 1 lời khuyên dc k chị<br>Em cảm ơn chị rất nhiều ❤️,hy_vong,that_vong,0.09744773,0.37341237,,True
3158,Ối. Sắp 20:10. Thôy k nên quà cáp cầu hôn j sất. Cầu hôn xong lại cầu hồn thì khiếp lắm,lo_au,that_vong,0.09848467,0.37342268,,True
629,"Thả tim cho Giang, lần đầu cmt vì video ra đúng lúc mk cần luôn &lt;3. Ko hoà nhập được với bạn bè, đi lm thêm, thi hết môn, body shaming,.... Muốn chốn chạy tất cả",lo_au,that_vong,0.068707265,0.3735531,,True
4953,chờ mãi đéo thấy làm gì chán,that_vong,gian_du,0.2750286,0.37373966,,True
6701,da đen chân vòng kiềng mùn lắm mắt nhỏ ước j tôi hoàn hảo hơn...,that_vong,hy_vong,0.13971838,0.37374282,,True
1465,Dương Lan Phương hôm qua có 1 bài lại khai nt đó :((( con này nó đưa ngta lú từ chỗ này lú sang chỗ khác luôn,gian_du,lo_au,0.1904425,0.37382522,,True
1880,Bài học cho tất cả chúng ta,trung_tinh,gian_du,0.18369168,0.37387323,,True
9833,Khoan khoan c nghe e giải thích,lo_au,trung_tinh,0.1215787,0.37406993,,True
2718,"bả kéo áo xong t vô coi bl liền luôn á bay , ai giống t thì cho t 1 ❤️nhe t c onn",vui,hy_vong,0.10571913,0.3742125,,True
7843,Tương tác qua lại nhé XE HAY,hy_vong,trung_tinh,0.29584873,0.37425095,,True
3279,Bỏ cmn phim,that_vong,gian_du,0.16185912,0.37426868,,True
6460,để anh dẫn em đi ăn nha :)),hy_vong,vui,0.31828335,0.37433058,,True
969,có gì vui không nhỉ,trung_tinh,hy_vong,0.23711963,0.37433875,,True
2779,sao mày không ngủ với mẹ mày luôn,gian_du,lo_au,0.12924334,0.37440962,,True
3257,"Khôn mấy chục năm, dại trong vài giây. Chúc mừng em là ứng viên sáng giá gia nhập CLB Juve (áo sọc xanh trắng).",gian_du,trung_tinh,0.05710819,0.37441808,,True
2686,Triệu Quyến - h là cầu hồn r ạ :((,buon,that_vong,0.18743554,0.37453693,,True
972,chính những người như thế họ rất cẩn trọng khi bật xi nhan đấy,lo_au,trung_tinh,0.10894474,0.3745404,,True
1307,tao cũng đang là con ghẻ của tạo hoá,that_vong,gian_du,0.15906495,0.37454626,,True
1341,"mình thấy tương lai của mình nó cứ mông lung, mơ hồ kiểu gii ấy nhỉ,k biết sau này mình có nghề nghiệp cv có ổn định k hay là vẫn cứ nay đây mai đó",lo_au,hy_vong,0.16070378,0.37456414,,True
993,"đang lười quá nè , làm sao để bớt lười",trung_tinh,that_vong,0.08420434,0.37485147,,True
6139,"còn tao nhé , hơi bị ngon",vui,lo_au,0.032372996,0.3751221,,True
2191,phim này thật ra hay nhưng không có tính thực tế . không hay bằng truyện .,that_vong,trung_tinh,0.17549686,0.3751852,,True
9839,Ai có clip không ạ,hy_vong,trung_tinh,0.23753363,0.3751921,,True
5452,Nguyễn Sin a yên tâm đi đi e ỡ nhà e kiếm thằg khác ném đá tiếp,gian_du,trung_tinh,0.096475266,0.37524143,,True
9990,"bạn bè thì nó hỏi han , hay nhắn tin thôi .. hồi trước hay ảo tưởng lắm , nhưng giờ lớn nên hết trẻ trâu rồi",buon,that_vong,0.10582528,0.37530446,,True
424,Không bao giờ là quá muộn.,hy_vong,that_vong,0.06863586,0.3754784,,True
4037,Đúng là Đẻ cho đau lol 😞,gian_du,buon,0.15621756,0.37551004,,True
2679,thẳng thắn cho đỡ mất thời gian của nhau,trung_tinh,gian_du,0.091155544,0.37551075,,True
578,muốn nhai luôn cả trái đất,hy_vong,that_vong,0.08662852,0.37552145,,True
1228,Kỉ niệm khó quên! Trân trọng nhé bạn,vui,trung_tinh,0.061259698,0.3756094,,True
3147,"Đi học, đi làm, khi bản thân tốt đẹp hơn. Tự dưng hỏi chính mình rằng sao hồi đó sao mình có thể làm mấy chiện khùng đin, mất mặt quá zị",buon,that_vong,0.18560866,0.37586573,,True
6172,sống như chỉ còn một ngày để sống thì không có gì để hối hận cả,hy_vong,that_vong,0.123363316,0.37599933,,True
2415,Phim dở toàn tập,that_vong,gian_du,0.14645721,0.37610707,,True
9717,cần xem cái kết của bọn này,hy_vong,trung_tinh,0.21495257,0.37625307,,True
6386,🙂😍😘,hy_vong,vui,0.10302384,0.37639636,,True
6485,thói ích kỷ,gian_du,trung_tinh,0.1474341,0.37668067,,True
4296,Làm cái đơn . Luôn và ngay,hy_vong,that_vong,0.03591526,0.37670994,,True
7655,nhan sắc ko phải tất cả nhưng có nhan sắc chưa chắc có tất cả,trung_tinh,hy_vong,0.20018457,0.37672287,,True
8624,sao bắt nhanh thế sáng đọc báo có tin chôm ngân ngàng chiều đọc báo đã bắt được rồi,that_vong,gian_du,0.28141356,0.37680304,,True
3849,Ai thích vẽ chân dung thì ib m nha,hy_vong,trung_tinh,0.18246461,0.37692457,,True
7756,T xem đc đúng hết tập Lori đẻ xong là bỏ lun. Cảm thấy nhạt nhẽo!,that_vong,gian_du,0.2875892,0.37698108,,True
4117,"Lan Anh VU mãi mới thấy 1 cmt đúng cả 1 nhà máy sx mà bảo dừng là dừng ngay sao được ảnh hưởng đến bao nhiêu thứ. Họ chỉ dừng và xử lý dc máy đó thôi chứ. Mình đọc báo Hàn thì thấy cty cũng cho 1 số nhân viên nghỉ, nhưng các nhân viên ở phòng khác, tầng khác họ cũng đòi nghỉ vì k muốn đi qua tầng đó. Ncl cty cũng phải xử lý từng chút rồi, chứ mng cứ nghe báo Việt thêm mắm dặm muối phát sợ",that_vong,gian_du,0.28384876,0.37703356,,True
8846,ngày hôm ấy tuyệt đẹp nhưng lại đượm một nỗi buồn ngày mai thôi chg được gặp thầy cô bb lũ chúng tôi khép cánh cửa ấy lại nhìn lại toàn bộ khung cảnh ôi thân thương biết mấy cảnh vật quen thuộc sẽ không được trông thấy nữa,that_vong,buon,0.3125305,0.37714773,,True
223,Đứng trước ngã rẽ của,lo_au,trung_tinh,0.036083024,0.3771696,,True
2172,Mai nếu mh làm đc như thế lại k có chuyện đau lòng nè,that_vong,buon,0.32174549,0.37742722,,True
6399,sao không xúm lại rỉa lông tụi đầu bếp nhỉ .,trung_tinh,gian_du,0.1519956,0.3777161,,True
9312,@Chấp nhận là lời tôi muốn nghe,hy_vong,trung_tinh,0.18751033,0.37778085,,True
5480,vì chúng ta không nên nói chuyện với nhau nữa,that_vong,buon,0.2585437,0.37789416,,True
3091,"t cu ̃ người cu ̀ người nghê ̀. theo kinh nghiê ̣ mày thi ̀ thâ ́ y top như ̃ người kha ́ ch ơ ̉ vô y ́ thư ́ c nhâ ́ tao la ̀ trung quô ́ c , â ́ n đô ̣ va ̀ đương nhiên co ́ ca ̉ viê ̣ tao nam - _ - biê ́ tao co ́ người na ̀ y người kia nhưng khi đi ̉ ti ̀ nh tra ̣ người diê ̃ n ra qua ́ nhiê ̀ u thi ̀ người ta se ̃ đa ́ nh gia ́ ca ̉ 1 nê ̀ n văn ho ́ anh .",trung_tinh,gian_du,0.1923744,0.37793916,,True
6055,tao mà nhậu xong đi cái đường này xác định,lo_au,trung_tinh,0.051437207,0.37800705,,True
7471,"anh biết em có nhiều chuyện , nhưng việc trước mắt là em nộp phạt đã , nếu không xe em sẽ bị thu vào đồn",that_vong,trung_tinh,0.17202576,0.3780604,,True
4265,giờ thì chả dám nhìn nữa hic :((,lo_au,buon,0.20661674,0.37832224,,True
3303,Bgio bên này manh động thật. Thấy ghê.,lo_au,gian_du,0.11014059,0.37833977,,True
2502,"93 ae ổn không, tôi k ổn chút nào, thất nghiệp 2 tháng nay rồi, có bằng C kinh nghiệm chưa có, xin theo học kinh nghiệm củng k ai cho 🥺🥺🥺🥺🥺",lo_au,that_vong,0.1617596,0.37834072,,True
7753,"Trần Q.Anh nhưng cũng thể để 2 thg kia n cứ nhởn nhơ k phải chịu kỷ luật nthe dc ạ , e cũng k bênh ca . Nhưng đi phóng nhanh vướt ẩu trêu ngươi e nghĩ cũng tức quá mất khôn thôi",gian_du,that_vong,0.12490553,0.37840027,,True
4451,ko hiểu t chơi với bạn t nói nhiều còn với mấy ng ko quen thì như 1 thk câm luôn,buon,that_vong,0.054958705,0.37849152,,True
5174,chả có gì vui,that_vong,trung_tinh,0.118059725,0.378576,,True
767,đọc xong tao muốn khóc luôn,that_vong,buon,0.1081479,0.3786239,,True
9647,có rất rất nhìu thanh niên ở đây bị đứt dây thần kinh hài hước,gian_du,lo_au,0.1154767,0.37862808,,True
3792,Bị sếp la làm dạo này chẳng muốn làm gì 🥀,buon,that_vong,0.11599904,0.37864918,,True
3652,mặt con ngáo còn hiền hơn con đứng trên cây cột,trung_tinh,buon,0.043999083,0.37868452,,True
364,Hẹn kiếp sau chứ kiếp này chị lỡ có ck rồi,that_vong,buon,0.25459814,0.3787887,,True
8600,tu hao quoc gia hinh chu S,vui,trung_tinh,0.084435016,0.37879306,,True
7129,bã kéo cái áo hết hồn,gian_du,buon,0.07096197,0.37883595,,True
9130,@Thangladaosivip Ngày nào bác post là tui qua sớm nhất luôn á,vui,hy_vong,0.28868276,0.37885696,,True
5749,hic . nhiều khi thấy bả ngu thiệc chứ kp đùa,that_vong,gian_du,0.17478873,0.3788692,,True
10102,thế mà cô yến bị phạt có 5 triệu,that_vong,gian_du,0.17402662,0.37888986,,True
1362,phim kinh dị vào cái trời âm u 😒,lo_au,gian_du,0.23380981,0.37889832,,True
1807,"tự tin lên nào,cậu là người xinh đẹp nhất đó🫵",hy_vong,vui,0.33875751,0.378996,,True
3204,"sai nhé ! không phải trầm cảm đâu . thứ đó , kinh khủng hơn rất nhiều",lo_au,that_vong,0.063047834,0.3792103,,True
7661,Bây giờ có loại vàng k hít nhé. Xi đẳng cấp luôn.,trung_tinh,gian_du,0.12457034,0.37926358,,True
30,Lại bộ sách Kết nối với cuộc sống.... !!!,that_vong,buon,0.27732232,0.3793549,,True
1792,"Anh Lam đúng vậy, khi mình nuôi con mến tay mến chân con đã quen rồi. Giờ cho người khác con nhớ càng trở bệnh nặng hơn.",that_vong,buon,0.312228,0.3794366,,True
5918,chưa cho ba mẹ được gì . vậy có quyền gì mà đòi phàn nàn về những thứ ba mẹ đã rành rụng bao nhiêu năm để lại cho mình,buon,that_vong,0.09703526,0.37954614,,True
2011,"không thể tin được quá, tìm được quán cafe ưng ý kaka",vui,hy_vong,0.24612556,0.37975302,,True
4649,chưa chi đã để thua từ hình ảnh này . thua,that_vong,trung_tinh,0.15373741,0.3799536,,True
9536,Đỗ Thanh phải rủ c em bạn dì đi mukbang nó nữa,hy_vong,vui,0.07124862,0.38000798,,True
9681,"nên nhớ chẳng có cơn giận nào chẳng bùng nỗ , chỉ là nó đang bị nén lại .",lo_au,that_vong,0.08251159,0.38003615,,True
7069,căn bản là họ không đáng cho mình trân trọng thôi . per,gian_du,trung_tinh,0.160761,0.38007224,,True
6359,Vì chết đi còn gặp chuyện khủng khiếp hơn nhiều,lo_au,buon,0.108912624,0.3801223,,True
4891,"Quan tâm chi ánh mắt người khác, bạn biết yêu lấy bản thân, bạn biết dũng cảm đối mặt, thì bạn là người tuyệt vời nhất thế giới này!!",hy_vong,vui,0.27311012,0.38018787,,True
1784,tôi làm trades . lương tôi không có .. chỉ có thu nhập thôi có tính là cao nhất việt nam không ??? tháng tôi kiếm từ 3000 - 5000,hy_vong,trung_tinh,0.08847881,0.3801908,,True
5879,Đông Tà tối về khám phá xem trong cặp có j,hy_vong,lo_au,0.0526223,0.38020283,,True
7841,Chủ coi được chắc giải thích với dòng họ quá,gian_du,buon,0.03730397,0.380292,,True
5280,ngại giao tiếp ngại tham gia các hđ mặc dù t rất thik nhìn m.ng mak ham tuy đc cái trắng nhưng da yếu hay mẩn vs mụn nhiều ko đc mịn màng mặt còn lệch nx😔,that_vong,buon,0.23782186,0.3803407,,True
10249,chuyên cơ quá đẹp ! bao giờ má mua được chiêc như vâ ̀ y trơi ̀ !!,hy_vong,vui,0.16258818,0.3803838,,True
7487,"lớp 1 tao đã bị nằm sấp lên bàn , bị đánh 20 - 30 cây vì tội viết chữ không có tiến bộ mà có dám hó hé gì đâu . còn học sinh giờ sắp thành hiệu trưởng hết rồi",gian_du,that_vong,0.17213045,0.38071144,,True
10096,mụn đen= rất xấu và đó là tui,that_vong,buon,0.23697047,0.38076907,,True
5833,chợt nhận ra tính hài hước của mình đã mất và tình bạn cứ thế nhạt đi 🙁,that_vong,buon,0.32753608,0.38080227,,True
4881,em phải làm sao với cái đầu nhiều suy nghĩ đây😥,lo_au,buon,0.19482468,0.3808711,,True
8216,cũng may là hết thời đi học rồi .. không lại từ “ con nhà người ta ” nó lại được nhắc liên tục trog bữa ăn hàng ngày,gian_du,that_vong,0.24084546,0.38093352,,True
700,còn tao thì 14 / 2 này trở đi tao không còn fa nữa mà chuyển sang những người già neo đơn .. kkk,hy_vong,that_vong,0.17064627,0.38094318,,True
7923,"Tớ tìm được quán cafe ưng ý, anh em ơiii 💸 🥰",vui,hy_vong,0.33243382,0.3809764,,True
1331,đức tính là quan trọng nhất . CÁI NẾT ĐÁNH CHẾT CÁI ĐẸP ! Nên các bạn có vẻ bề ngoài ko như ý đừng buồn,hy_vong,that_vong,0.08587176,0.3810162,,True
1313,biết giả vẫn phải tạo,that_vong,trung_tinh,0.18716626,0.38103622,,True
4408,mình giao tiếp kém,that_vong,hy_vong,0.11256024,0.3810529,,True
7617,"T cũng k hiểu sao không gọi người giúp mà đứng chịu 1 mình, giờ này cả trường phải đang đi học cả chứ",that_vong,gian_du,0.24962749,0.3811552,,True
4565,"Xuân Nghĩa chắc ý bạn là lấy con dao rạch 1 phát r cắm ống hút và tạo đường thở ạ. Mẹ là bs nhưng chuyên khoa nào, trong phim khác thực tế, lý thuyết khác thực hành. Đứng trong cương vị ng mẹ lúc đó đã làm hết khả năng của một ng mẹ một người bác sĩ r bạn ơi",gian_du,trung_tinh,0.096608356,0.38119155,,True
9530,ôi vãi nhìn ảnh giật mình đám nghiệt súc cười nhé răng !!!!!! đhs ... 😞 đẻ ra đau bết cả lồn,gian_du,that_vong,0.18719424,0.38122594,,True
3537,"ko phải con mình , mà xem còn thấy đau như vậy huống gì người trong cuộc . thật là phẫn nộ mà . cơ quan chức năng làm việc quá chậm trễ , đến giờ mà vẫn chưa tìm ra người chịu trách nhiệm . 😠😠😠😠😠😠",that_vong,gian_du,0.29461327,0.3813491,,True
6783,"rồi , chợt mình tỉnh giấc :) mơ đủ rồi đó",vui,trung_tinh,0.08382101,0.3814471,,True
3003,nhớ ngày xưa đi học,hy_vong,buon,0.10607695,0.3816609,,True
4829,Chị ơi giúp em với em bị suy nhược thần kinh nặng ngày nào cũng mệt mỏi chóng mặt ko làm được việc gì cả khổ wa chị ơi em chỉ muốn chết thôi em đã chạy chữa nhiều nơi mà ko khỏi chị giúp em với,hy_vong,that_vong,0.09607904,0.3817512,,True
8903,Bố mẹ thì còng lưng cứ ngĩ con tôi ở nhà ngoan lắm nhưng thực tế thì ối dời ơi .,gian_du,that_vong,0.17604361,0.38186052,,True
974,Ở đâu vậy sao khổ vậy mình muốn giúp làm sao,buon,that_vong,0.1715887,0.38188493,,True
3099,sao nỡ lòng nào khiển trách bác ấy . còn họp kiểm điểm nữa . tội quá .,gian_du,that_vong,0.17392375,0.3819861,,True
3311,nghe ảo ghê nhưng cũng có lý,vui,trung_tinh,0.1054206,0.3820185,,True
9412,nếu thấy phụ nữ quá phức tạp để hiểu và chinh phục thì đây là cách giải quyết vấn đề,trung_tinh,gian_du,0.13924046,0.38202885,,True
4507,Kẻ thù ngay chính trong ngôi nhà bạn,lo_au,trung_tinh,0.10735589,0.38204542,,True
5981,Dỡ nha,that_vong,trung_tinh,0.049033906,0.38204712,,True
452,thế không đạt được gì à,that_vong,trung_tinh,0.19914402,0.38208672,,True
6454,"Các khu chợ, nơi mà nhiều thành phần cặn bã khoái và hay tập trung tranh giành mà. Chính quyền trước giờ không dẹp hết nổi Triệt xoá nhóm này thì có nhóm khác lên Có C.A khu vực không dám can thiệp.Dễ bị tụi nó đe doạ đến cả gia đình. Dần dần họ tha hoá dần Còn người dân thì ít dám lên tiếng vì sợ trả thù Dù dân chợ búa nổi tiếng dữ dằn Mà còn thua bọn giang hồ vì tụi nó đông và máu liều",lo_au,gian_du,0.23479003,0.38209605,,True
1027,Việt Nam Tôi Đó Ngàn Năm Sáng Tươi ❤,hy_vong,trung_tinh,0.21148859,0.38232043,,True
8108,đéo được tích sự gì,that_vong,gian_du,0.23567572,0.38234222,,True
8664,nửa đêm rồi đứng hò hét vậy mà không bị chửi là sao ta,gian_du,lo_au,0.13887277,0.3824317,,True
2343,Mai lại là thứ 2 🥲,that_vong,buon,0.2661649,0.38250166,,True
6851,"Quỳnh Chi thì ra là ăn chán phở rồi mới về ăn cơm, chứ nó mà ngon chắc còn gọi về ăn nhiều🌚",hy_vong,gian_du,0.053817637,0.38257316,,True
4238,sao bao nhiêu năm kể từ ngày đó em đã không còn nghe lại nữa :((,that_vong,buon,0.33172077,0.3826181,,True
3422,"Khen chê là quyền tự do cá nhân. Nhưng vin luôn khóa cứng truyền thông khắp nơi mọi chỗ khi nói sai ý vin, vì thế, ko tin đc",gian_du,lo_au,0.08702967,0.38270366,,True
6380,Nguyên Phạm đánh người chạy đi ko đánh người chạy lại,trung_tinh,gian_du,0.22324729,0.38281035,,True
8309,xem xong tôi cảm thấy còn u ám hơn,that_vong,buon,0.1529411,0.38290492,,True
10086,ly hôn kiểu này thì không cần tới bước cuối cùng . chỉ cần tới bước tính xem trả lại tiền mừng là tao bỏ ngay ý định ly hôn luôn rồi ...,gian_du,that_vong,0.24948433,0.38311842,,True
9061,còn nhỏ mà đã như thế này lớn lên ai chịu được yêu chết đi được,hy_vong,that_vong,0.13141619,0.3833497,,True
3727,"Trần Khánh Huyền rừng đó là khu cấm, trong đấy là khu quân sự. Bị lạc 1 lần nhớ đời luôn",lo_au,that_vong,0.22344072,0.38337877,,True
8129,Nhưng em trong đầu em nó là có nên làm không làm đi nhưng không dám,lo_au,trung_tinh,0.14179239,0.3836073,,True
2954,bề ngoài tỏ ra cứng cỏi nhưng bên trong con chó đó luôn khao khát tình thương từ con người,hy_vong,that_vong,0.039514963,0.38374707,,True
3060,Điều hướng dư luận à 🥲,buon,that_vong,0.1857252,0.38379776,,True
9050,Vũ Tuấn Thành Bạn nói rất đúng.....khi nỗi đau chạm đến giới hạn cuối cùng thì con người không thể khóc.. buông nhẹ nhàng tựa chiếc lá khẽ rơi,buon,that_vong,0.20858784,0.38382688,,True
6770,đến ông cũng chẳng dám xơi,lo_au,that_vong,0.12734391,0.38387465,,True
4350,"Từng 6 điểm kiểm tra và khóc bù lu bù loa và bây h thì mình bị thấp hơn cả 6 nhưng vẫn cười đc, cho qua những thứ xảy ra đi! Rút kinh nghiệm từ việc đó thì sẽ tốt hơn, tập cách bình tỉnh khi điều xấu xảy ra!",hy_vong,that_vong,0.11046785,0.38404423,,True
6036,và Bác Hồ của chúng ta đc cả thế giới công nhận là vỹ nhân,vui,trung_tinh,0.15662256,0.3841101,,True
2327,Tự dưng chả làm gì cũng bị giết ấy mấy bà. Tội cho cô gái kia quá. Ở đấy mk một số bà kêu cuốn r trêu nữa😑,gian_du,buon,0.14330058,0.38416296,,True
10147,Nguyễn Sin mặt đang lo lắng thế mà 2 con mụ kế bên cười tít mắt,lo_au,gian_du,0.24821621,0.38418162,,True
9602,"ngày xưa , ngoài thú vui chọc chó dí , còn chọc cho ngỗg rượt . cách giảm cân hịu quả nhất cho mấy đứa lười 😂. nhớ lại vui thật , đúg là thời sửu nhi .",vui,that_vong,0.14070159,0.38418484,,True
6315,1 năm lật tàu trật đường ray của vận tải đường sắt việt nam !,buon,that_vong,0.15924346,0.38418508,,True
10197,mai tao cũng đi ship mới được . có bài này áp dụng luôn .,hy_vong,trung_tinh,0.11144377,0.38419113,,True
4893,"hiện tại mình cần tìm người yêu , bạn nữ nào chưa có chồng hay chưa người yêu thì bình luận bên dưới để mình lựa một bạn may mắn nhất nhé :)))",hy_vong,vui,0.33194602,0.3841943,,True
9598,ở đâu vậy cho địa chỉ mình gửi cho ít đồ cũ mà còn mới nhìn mà thấy thương,buon,hy_vong,0.10848716,0.384292,,True
5058,nhìn quả mặt của nó thì tao công nhận thất tình thật đáng thương ?,that_vong,gian_du,0.2464634,0.3843005,,True
9938,đúng☺️,vui,trung_tinh,0.18447463,0.38442805,,True
7821,làm lại từ đầu,buon,trung_tinh,0.14578107,0.38451797,,True
9220,Hoàng Huỳnh ăn nhằm gì tao ngày đi bộ mấy km kia kìa 😬😬😬,lo_au,gian_du,0.1703264,0.384623,,True
392,t thích nhìn mắt của crush hơn là nhìn nó cười,hy_vong,vui,0.06368697,0.38467258,,True
9881,Porsche #1,vui,trung_tinh,0.1997656,0.3847862,,True
1147,tuổi trẻ tài cao là đây,vui,trung_tinh,0.1554634,0.38487363,,True
4502,Không có nhan sắc nhưng vẫn tự tin 🤩,vui,hy_vong,0.35135025,0.3849022,label_theo_icon_pos,True
9649,"Ko có ngại, tại chx bắt đc mạng…😇",trung_tinh,lo_au,0.017939772,0.38496292,,True
4885,sau vụ này ý thức đậu đỗ xe của tài xế sẽ tốt hơn rất nhiều !,hy_vong,that_vong,0.14990716,0.38499603,,True
7237,"vui nhất là câu "" lấy ghế ra ngồi nhìn """,vui,trung_tinh,0.21535748,0.38500345,,True
6999,Vân Nguyễn bạn nói rất đúng.nếu đã ko còn tình yêu và HP thì tài sản chẳng là gì cả,buon,that_vong,0.07967499,0.38509813,,True
1724,"tao rợn hết người luôn , ghi công mày 😑😑",lo_au,gian_du,0.22171581,0.3851624,,True
4125,má đoạn đeo mặt nạ kinh dị vkl,lo_au,gian_du,0.19359118,0.38516802,,True
2453,Bà nội của mình rất muốn giết mình và mẹ hôm đốt rác bà nội cố tình bỏ bình ga vô hên chỉ bị thương nhẹ,gian_du,lo_au,0.08031396,0.38520145,,True
3194,"Tập trung xây dựng vững về kinh tế có cty có xe có tiền lúc 30 tuổi thì yêu em sinh viên năm nhất cho tơ mơn mởn là chuẩn nhất chứ biển 98 thì ko có gì phải sầu , chú giờ 45 đã thực hiện đúng như dòng bl 🇻🇳🇻🇳🇻🇳🇻🇳🇻🇳🇻🇳🇻🇳🇻🇳",hy_vong,that_vong,0.13147552,0.38520226,,True
5660,per trình mày vẫn còn thấp chán,that_vong,trung_tinh,0.22750786,0.38530716,,True
2628,"chuẩn đó , mà quên chưa có người yêu",that_vong,trung_tinh,0.10647477,0.38536596,,True
699,Low Tech tui cũng drop walking dead sau khi Glenn chết.,that_vong,trung_tinh,0.13489586,0.3854434,,True
2978,Z là hay ròi :(((,buon,that_vong,0.32131928,0.3854938,,True
10141,"vẫn là thụ động , làm sao phải chặn đứng hiện tượng rải đinh .",that_vong,trung_tinh,0.1932043,0.38560367,,True
1321,"thôi đừng sống lãng mạn, cho t sống đc rồi bây ơi 😭😭😭",that_vong,buon,0.32771578,0.38567013,,True
6469,hết muốn ăn luôn,that_vong,lo_au,0.09376032,0.38573015,,True
4372,còn quá nhiều mảnh đời bất hạnh ☹️,that_vong,buon,0.25560984,0.38574702,,True
8020,tao chỉ lên ngắm cảnh tí xíu mà mày cũng dìm tao,buon,that_vong,0.13534828,0.38577113,,True
6277,"nếu chiếc xe đỗ giữa cửa nhà tôi như trong hình của thớt tôi hoàn toàn không có cảm giác gì , kể cả ngày nào cũng vậy luôn .",trung_tinh,that_vong,0.11131058,0.38584945,,True
2963,cái tính đã ngại rồi thì có đẹp đi nữa cx sẽ ngại thôi,trung_tinh,that_vong,0.09945825,0.38595048,,True
7458,này hỏi nhà trường thời nay $$$$$ và $$$ chỉ trong mắt bọn họ thôi,gian_du,trung_tinh,0.23705572,0.3860079,,True
6022,mốc từ trong trứng,gian_du,trung_tinh,0.03809769,0.38604662,,True
7288,nhiều lúc tủi thân vãi_chưởng huhu,that_vong,buon,0.29424202,0.38612697,,True
4339,"giơ cao đánh khẽ , cảnh cáo cho có lệ",that_vong,gian_du,0.057605527,0.38626707,,True
6839,"Ngày trước tớ cũng không đẹp, vừa lùn vừa béo, mặt lại nhiều mụn tớ cx ko thấy tự ti 1 chút nào, nhưng giờ tớ chẳng dám ra ngoài, chẳng dám bắt chuyện với 1 ai hết, tớ ghét khuôn mặt của tớ:(",that_vong,buon,0.24916124,0.38631395,,True
7580,Lâm Huỳnh Vũ quao,vui,gian_du,0.14472389,0.38640258,,True
9977,"Vu Kien Trung ô thế bác sĩ có ng đc học sơ cứu, ng ko à",that_vong,lo_au,0.07693774,0.3866833,,True
6652,giá như đừng nghĩ học giờ đâu phải khổ như này,that_vong,buon,0.31153664,0.3868875,,True
924,"Ngày xưa, tôi được mn khen đz nhưng tôi soi gương thì cảm thấy mình xấu nên chả chơi với con gái hay thích 1 đứa con gái nào đấy trong lớp",buon,that_vong,0.302991,0.3869077,,True
9917,"tôi mới sống hết 1/3 cuộc đời thôi nhưng chắc sẽ có nhiều người giống tôi đó là "" chằng hỗi hận điều gì cả"". vì sao chứ ? tôi cảm thấy biết ơn vì mình được sinh ra và tất cả những thứ tôi có, nhưng thứ tôi không có, những điều tồi tệ tôi phải nhận, những điều khiến tôi khó chịu, đều là bản thân tôi trải nghiệm, đều từ bản thân chính tôi mà ra. Cuộc sống này tôi chỉ sống một lần sao phải nuối tiếc chuyện quá khứ, tôi là chính tôi của hiện tại hài lòng với những gì mình đang có.",hy_vong,that_vong,0.21494786,0.38695174,,True
9610,uoc gi uoc gi uoc gi ...,hy_vong,buon,0.073188655,0.38701123,,True
4448,Thai Anh Bạch trách nhiệm cô giáo lớn nhất.tài xế t2 vì xuống xe k trả trc khj đóg cửa.giờ phạt sao con cũng k sống đau đớn,that_vong,gian_du,0.29114974,0.38707137,,True
1440,Chúc mấy cô bảo mẫu có chuyến công tác tốt,hy_vong,trung_tinh,0.10934411,0.3871928,,True
3067,thế thì nó lại tốt quá,hy_vong,lo_au,0.037932962,0.3872487,,True
9121,"Rồi phạt,giam giữ rồi thả rồi vòng lặp lại.chắc chắn là như thế.",gian_du,that_vong,0.15981004,0.3872846,,True
2944,"Mình hôm nay có điểm học kì. Nhưng lại làm cho bản thân rất thất vọng , mặc dù mình đã cố gắng rất nhiều. mình không dám đối diện với thầy cô bạn bè mình chỉ ước rằng thời gian tồi tệ này trôi qua thật nhanh",that_vong,buon,0.2204775,0.38733277,,True
4419,"Chung Tiến gần khu t,mà nhỏ này gặp t chắc n chạy trước",lo_au,gian_du,0.2336439,0.3874246,,True
5106,Số chưa chết đc số vẫn còn muốn đi tù,gian_du,that_vong,0.21734372,0.3874269,,True
7394,mới yêu thôi nhá yêu lâu rồi chán nhau rồi á thử xem đường đứa nào đứa đấy đi,trung_tinh,hy_vong,0.22633663,0.38744593,,True
9375,học xong 12 như hết thanh xuân có lẽ phải bỏ lỡ 1 người,that_vong,buon,0.27942905,0.38746428,,True
6223,cảm giác lúc ấy sẽ ra sao,trung_tinh,hy_vong,0.07838884,0.3875835,,True
6818,fa đéo thích video này,gian_du,trung_tinh,0.14043696,0.3877518,,True
8956,không hiểu lắm,trung_tinh,that_vong,0.0900238,0.38777062,,True
2750,"Hằng PT uh,thấy hồi đó đi học mà gặp trời mưa thì nội bùn đi học",gian_du,trung_tinh,0.17772235,0.38782567,,True
2920,Đặng Đình Đạt m ít văn lại đi,gian_du,trung_tinh,0.23316535,0.38787866,,True
8422,"Kiếm tiền vì lo cho gđ ko để ý sức khoẻ và h nhận kết quả phát hiện ung thư , cơn đau từng đêm ko ngủ dc ko 1 ai hiểu trong nhà hiểu cảm giác này của mình",that_vong,buon,0.17023589,0.38817677,,True
6874,Luỵ lại ex trong khi mình nói lời chia tay trc. Kết quả cug phải 1 thời gian sau mới dứt hẳn đc,buon,that_vong,0.27860177,0.38828823,,True
3213,hoi giàu họ ko kheo vàng,trung_tinh,buon,0.13558449,0.38830924,,True
5295,bị nó chặn đầu mấy lần khóc sướt mướt luôn . mấy con yêu nghiệt này còn dữ hơn chó,lo_au,gian_du,0.15406682,0.3885031,,True
5877,"per ít bửa đi coi , trailer thấy hấp dẫn quá",hy_vong,that_vong,0.055412613,0.3885734,,True
9589,Tớ khong giỏi nói chuyện.. đôi khi vô tình làm tổn thương ngkh hoặc gây hiểu nhầm khong đáng có.,lo_au,buon,0.12855437,0.38878414,,True
9044,xịt nước là ướt rồi,trung_tinh,gian_du,0.07458905,0.38883442,,True
3823,nấu thì nấu được mà không biết có ăn được hay không thôi,gian_du,trung_tinh,0.14194775,0.3888486,,True
3224,tôi đoán rằng ông này đã lấy vợ trước khi lên mặt trăng,vui,trung_tinh,0.09093825,0.38893443,,True
8511,Sân khấu hề Paris 2024 Và trò hề phương tây,gian_du,trung_tinh,0.13505588,0.38913706,,True
5607,tao thích con bé nuốt chuối,hy_vong,trung_tinh,0.15264836,0.38930148,,True
2623,Điệp Mlô ước đc như bạn,hy_vong,trung_tinh,0.1649634,0.38948482,,True
3334,thèm vịt kho tiu 🤞,hy_vong,vui,0.06701999,0.3895045,,True
4796,@kazuzazi Thì qua 1 đêm nó dồn nén nên mới nhiều tâm sự,buon,trung_tinh,0.12255788,0.38954374,,True
5113,Phú Quý sẽ là Phú Quốc thứ 2 trong tương lai,hy_vong,trung_tinh,0.19593622,0.38955444,,True
6585,"Cầu mong khi thằng này ăn cơm chính phủ rồi, mong sau mấy ae trong đó dạy dỗ cho nó nhớ đời là đc rồi",that_vong,gian_du,0.15258548,0.38957512,,True
2226,Nói chung là làm sai nên bị mất hết điểm rồi!!! Ko lấy lại đc,buon,that_vong,0.1758308,0.38979498,,True
7831,Ma Xó tk này nhiều vụ lắm rồi,gian_du,trung_tinh,0.25651035,0.3898101,,True
2993,comment thứ 5.000,vui,trung_tinh,0.23793979,0.38987327,,True
1629,Hy Hy Dương +1 FA vui hơn nhiều ❤,vui,hy_vong,0.3342391,0.3899668,,True
4137,có tiền thì có vị ngọt và không có tiền thì đắng và cay thế thôi,that_vong,hy_vong,0.15050884,0.38999566,,True
854,mng ơi cũng k tìm thấy ig của anh luôn ạ 😭🙏🏻,that_vong,buon,0.27828345,0.39012396,,True
9754,Đâu liên quan gì tới nhà thơ đâu. Việc này liên quan tới người duyệt bài. Hóng táo quân năm nay.,gian_du,vui,0.1398963,0.39019185,,True
2099,💪,hy_vong,vui,0.1973191,0.39030656,,True
3813,Bái bai ông già dô diên giữa trời đông lạnh lẽo 😞,buon,that_vong,0.3038502,0.39044547,,True
7100,Thương quá …chủ làm ăn quá thất đức,that_vong,gian_du,0.19325012,0.39046547,,True
5670,Rồi sao Nguyên Tân Trưởng thành cứng cỏi hay Trẻ con để cưng chiều,vui,hy_vong,0.19434597,0.39055178,,True
1428,khách hàng dời lịch họp sát giờ làm anh em ơi muốn bùng cháy 💢,gian_du,hy_vong,0.036167424,0.3906434,,True
7919,"Cái này giống như bị bệnh mà sao thấy ai cũng chửi hết vậy , chắc chỉ đọc tiêu đề 🙈",that_vong,lo_au,0.12860884,0.39065534,,True
7799,@Nesaragesaraknm Sẵn sàng rồi bạn ơi,vui,hy_vong,0.19794314,0.39067283,,True
8355,mỗi mùa trung thu đến nhìn người ta mua bánh tặng nhau mình lại thấy chạnh lòng ! 😞,that_vong,buon,0.35802662,0.39070722,,True
3802,tạm biệt ánh sáng của đời tao,buon,trung_tinh,0.047500066,0.39082944,,True
8464,định share cho mấy bạn trong list fr thêm động lực mà đọc bình luận xong đến tao còn thấy tụt mood,that_vong,gian_du,0.2818954,0.39090517,,True
4351,Yumi Cúcc Tuyết Tuyêt Long Lê Diem's Plukey ngồi bàn nào cho tao ngồi ké copy với 😅😅🤤🤤🤤,hy_vong,vui,0.29971603,0.3909266,,True
5642,huhu shock vaiii,that_vong,lo_au,0.17268977,0.39100212,,True
5978,tao vẫn nấu hôm trời mất điện,trung_tinh,buon,0.13728471,0.3911185,,True
1249,"cảm thấy thay được thì thay , giáo viên bây giờ thừa nhiều mà",gian_du,trung_tinh,0.1503834,0.39112383,,True
5185,Quá mất lòng tin ở phần 1 rồi nên thôi,that_vong,buon,0.2714059,0.39117357,,True
4345,bh đang k ổn lắm...,lo_au,that_vong,0.21036042,0.39125293,,True
6584,nói chung nợ nần có 200tr chứ mấy 😢😢,buon,that_vong,0.26513126,0.39134532,,True
4783,Vậy là hay lắm òi :3 tui còn k tin game 1 đánh đc như vậy mà,vui,hy_vong,0.11882767,0.39138442,,True
5932,Co luôn hen Charlie Luong Trinh🥰,hy_vong,vui,0.32487816,0.39146537,,True
5299,Con người … thay đổi từ tốt thành xấu…,that_vong,buon,0.22993548,0.39162356,,True
6554,chung quy là hình thức quảng cáo !!!,trung_tinh,that_vong,0.050729062,0.39187858,,True
3886,quan trọng vẫn là cái phải đẹp trai . rồi mới sau đó nữa ... lạ gì các bà,gian_du,trung_tinh,0.16164343,0.39189357,,True
3164,"Thủy Sâu có đấy bạn, nhưng ko mấy sản. Tội nhất mấy ông chạy cả ngày lúc đc 34k lúc đc 67k cả ngày, lúc ấy tức nước vỡ bờ gọi lên tổng đài chửi luôn vì họ còn ở sau cả gia đình mà chừng ấu tiền sao nuôi nổi.",buon,that_vong,0.16370419,0.39191163,,True
5750,Thiện Trường stop pls 🙁,buon,that_vong,0.15541096,0.39193577,,True
5678,chỉ khi gặp người rất thân ms nói nhiều đc...,lo_au,trung_tinh,0.11657349,0.39197955,,True
4424,bây chụp hình rồi bây chỉnh sao cho đẹp nhất rồi lâu lâu nhìn là thấy mình đẹp à,hy_vong,gian_du,0.07551955,0.39201888,,True
945,"đã từng như bạn, sau này nghỉ lại thấy bản thân thật ngu ngốc vì lm nv",buon,that_vong,0.17719768,0.39203373,,True
419,"Thế mà ở vs nhau đc 3 mặt con, t cũng ạ luôn ạ",that_vong,gian_du,0.21829776,0.3920804,,True
8918,"mình nói thật nhìn từ trên cao xuống đã thấy chóng mặt rồi , vãi",lo_au,vui,0.11120316,0.39215952,,True
9391,thiếu hình ăn gà rán rồi,that_vong,gian_du,0.18286985,0.39230692,,True
136,vl gần nhà,trung_tinh,gian_du,0.18039237,0.39232194,,True
6793,chưa trả hiếu được cho cha :((,buon,that_vong,0.33424723,0.39238942,,True
365,như nó không phải là tình yêu . khi đã là tình yêu thì không gì đánh đổi nó cả . con gái kỳ lạ chỗ đó .,that_vong,gian_du,0.18736094,0.39302117,,True
1457,"Đẹp trai. học giỏi , con nhà giàu có quyền lực....!",hy_vong,trung_tinh,0.09939472,0.39320838,,True
6287,Huy Hoàng vua bóng đá vì thời ít mạng xã hội chưa dính drama nào thôi :)) cái quan trọng là cái tính cách và phong cách thì mới được vua bóng đá còn về trình và cách xử lý cả về tốc độ nói chung là toàn diện thì xin cái tuổi 🤏🏻,vui,hy_vong,0.28769946,0.3935948,,True
1630,"cái thứ ba , trời nhìn mà rơi nước mắt thay cho luôn công cả một mùa mà đi tong chỉ vì một trận mưa",that_vong,buon,0.28241757,0.39362156,,True
8608,"t ước t có thêm 1 bản thân t nữa , chỉ có chính t mới hiểu t thôi 😕",buon,that_vong,0.208007,0.3937054,,True
9862,Nguyễn Thế Đức ông suy nghĩ giống ck tui vậy. Mỗi khi có gì đó xảy ra đều tại ngoại cảnh cả. Chưa khi nào là tại ổng,trung_tinh,that_vong,0.114695504,0.3937547,,True
5969,ko biết có ai nghèo ko nhỉ chứ t ko có bn,buon,trung_tinh,0.107489906,0.39379936,,True
10139,"per tiền bạc là phù du , quan trọng là tình nghĩa",hy_vong,trung_tinh,0.25855222,0.39381167,,True
494,tôi lại đi vào vết xe đổ,buon,lo_au,0.13571665,0.39402518,,True
1406,Chỉ mong .....,hy_vong,buon,0.0736283,0.39409727,,True
7406,ngày xưa cũng vui lắm mà giờ mỗi đứa 1 nơi rồi,buon,that_vong,0.30407196,0.39417064,,True
9022,Điều khiển ra khỏi KDC chỉ là truyền thuyết chứ sự cố kỹ thuật ko bay đc thì điều khiển bằng niềm tin à,that_vong,trung_tinh,0.1815023,0.39426693,,True
1277,Việt Đức lẩu gà Ba Tri,trung_tinh,gian_du,0.21830845,0.39439458,,True
5153,mấy đứa thấy mình hiền nó làm tới hà .. quá đáng lắm luôn á !,gian_du,vui,0.10616442,0.39441445,,True
8360,K phải con nguoi ma thu gj khon nan,gian_du,lo_au,0.082044326,0.39446318,,True
6923,vỡ tan là như thế ấy,that_vong,trung_tinh,0.17946047,0.39450547,,True
6619,hic hic mình còn chả bao giờ được giận lại ấy chứ :((,that_vong,buon,0.34914553,0.39451444,,True
2734,tỉnh táo đi em !,trung_tinh,hy_vong,0.2182544,0.39452553,,True
9807,thế sao tao hát tệ thế này,that_vong,gian_du,0.29800907,0.39454722,,True
10021,có một vết sẹo trên mặt chỉ nhỏ thôi nhưng đi đâu cũng ngại,buon,lo_au,0.14913124,0.39455295,,True
572,Pham Hoang Nam Ô đi thi đại học chắc phải dc cộng 10đ vùng miền ấy chứ,hy_vong,gian_du,0.048186794,0.39473304,,True
4196,tập gym đi🔥,hy_vong,vui,0.3252107,0.39477614,,True
7504,tui suy nghĩ rất nhiều k xứng đáng cod nhiều bạn,buon,that_vong,0.23490605,0.3947839,,True
5133,Jane xinh z mà 🥲,that_vong,buon,0.24229693,0.39481336,,True
9337,hmmmmmmm não tao xoắn mẹ rồi,lo_au,that_vong,0.21886097,0.39496666,,True
9454,Quốc Phong chuẩn.giàu thì thượng đẳng hơn ng khác à,gian_du,trung_tinh,0.23205791,0.39509082,,True
3561,"thời chúng ta , đồ hỏng thì mua mới còn thời ông bà , đồ hỏng thì đem đi sửa . đó là lý do vì sao tình yêu của họ luôn bền lâu ....",trung_tinh,that_vong,0.15004504,0.39509678,,True
7956,Chăm pa hay đại việt đều được. Ngoại trừ căm pu chia( nghe nó hèn ),gian_du,vui,0.12705447,0.39513057,,True
6332,chính xác ! nơi làm việc anh em mà đoàn kết với nhau cỡ nào cũng thấy mau hết giờ làm . 😊😊😊,vui,hy_vong,0.3542271,0.3951903,,True
8484,này 2 đứa . đã chia tay chưa . chia tay rồi có xem lại video này không .,trung_tinh,that_vong,0.22378564,0.39526385,,True
9419,Quá nhiều áp lực😞,that_vong,lo_au,0.18076885,0.39526668,,True
607,sao mình không thấy mình vậy ta ??,that_vong,trung_tinh,0.16679633,0.39527386,,True
218,đó là lý do tao chỉ muốn điện thoại là phương tiện liên lạc . không phảu phương tiện chứa đựng bí mật,hy_vong,that_vong,0.094515935,0.39532068,,True
5933,Sắp tới deadline rồi mà chưa làm được chữ nào 😥,lo_au,that_vong,0.2387209,0.395493,,True
2835,"Đau xót quá, trung tâm mình ko có dịch vụ đón trẻ nhưng trẻ ko đến lớp mà PH ko báo là mình sẽ nhắn tin hỏi, nhắn tin ko trả lời thì sẽ gọi. Sau vụ ở trường quốc tế thì các trường mầm non dùng phần mềm tự động báo trẻ đã đến lớp nhưng có những hôm con mình nghỉ cũng thấy báo đi, gửi con mà bực mình, ko yên tâm. Chỉ vì sự tắc trách của vài ng mà sinh mệnh của một em bé ra đi .",that_vong,gian_du,0.28246096,0.39601165,,True
7415,Muốn gời cho chi bằng cach nao e,hy_vong,trung_tinh,0.19182144,0.3960156,,True
4652,Mình pass lại nhé,hy_vong,trung_tinh,0.31270394,0.39604145,,True
528,"t xem cái này từ lâu lâu lâu rồi cơ , đéo bất ngờ gì cạ 😕",trung_tinh,that_vong,0.17306335,0.39604676,,True
6568,thế đéo nào cái hộp bé tý lại đựng được ba cái mũ nhỉ,vui,trung_tinh,0.06349003,0.396452,,True
1256,"Vụ này lâu rồi mà, mùng 1 ad đào mộ à",that_vong,gian_du,0.1547223,0.3965224,,True
9968,Nguyen học nhiều để chết hay gì,that_vong,trung_tinh,0.19176355,0.39653426,,True
583,"Hyman Cao ko dc đâu bạn, nó sẽ thành cái clip công an đánh dân còn mệt nữa",lo_au,gian_du,0.10887903,0.39664412,,True
144,Tôi Yêu Việt Nam nơi tôi được sinh ra và lớn lên🇻🇳🇻🇳🥰,vui,hy_vong,0.35466143,0.39671087,,True
3054,No your gf is a redflag,gian_du,trung_tinh,0.052777413,0.3967524,,True
5768,"tại cái gậy thôi , còn đâu là vẫn đẹp",vui,trung_tinh,0.18716516,0.39701,,True
6528,Biết kiếm đâu một người yêu mình thật sự đây?,hy_vong,trung_tinh,0.15183146,0.39702025,,True
7205,loài vật đang dần dần có trí khôn và hành động như một con người còn một số người thì đang tiến hóa ngược,that_vong,trung_tinh,0.097094476,0.3971007,,True
8379,họ không cho ta là vì họ không có gì,gian_du,buon,0.053749274,0.3971516,,True
2016,đó là cuộc sống của mỗi người .. mình phải tôn trọng nhau thôi,trung_tinh,buon,0.13081704,0.39715418,,True
4464,mèo nhà em thì cho tiền cũng không ra khỏi cửa,trung_tinh,gian_du,0.13768297,0.3974977,,True
2510,Vũ Đức đấy là lời khuyên của những ng trong cuộc mà thôi nên chúng ta ko nên đánh giá qua những gì mik thấy trc mắt đc.,trung_tinh,that_vong,0.17641902,0.39750773,,True
7624,"muốn hun , muốn ngắt , muốn nhéo , muốn tán vào cái mặt nó ghê , yêu vãi ??????",hy_vong,vui,0.13013215,0.3975291,,True
4406,Nói đúng đấy. Vì b ko bỏ cô ta,gian_du,that_vong,0.083122134,0.39761,,True
9914,má theo nhu phan tich cua chuyen gia thi mong toà cho ã o trong đó luon đung thã ra ngoai xa hoi nua nhé.,lo_au,that_vong,0.11216572,0.39793783,,True
6,Ai đi xem hk🤨,vui,trung_tinh,0.17433675,0.39797986,,True
1187,"Xuân Nghĩa b ơi, ở nhà thì làm sao có đủ dụng cụ mà mở khí quản trong chốc nhát được, chưa kể nữa là mẹ k làm trong hscc",trung_tinh,gian_du,0.14158511,0.39804286,,True
2184,lấy giẻ lau xong vắt chắc cũng được nửa,trung_tinh,buon,0.07953203,0.39826602,,True
5921,rất có thể nó đang pr trá hình để bán hàng,trung_tinh,gian_du,0.20112114,0.39831337,,True
1337,gia đình thì không còn . tình yêu thì chưa có gì chắc chắn .,that_vong,trung_tinh,0.23179314,0.39831346,,True
6481,đéo hiểu,trung_tinh,gian_du,0.1756671,0.39840758,,True
6475,cứu thì Jeese cũng toang vì bếch đá haizz.,buon,vui,0.068433076,0.39842415,,True
7989,"@MinhHai_MO OK em, làm podcast là tuyệt vời",vui,hy_vong,0.34326842,0.3984328,,True
7839,"nó quan tâm mày thì mày đừng vội mừng là nó thích mày , nó chơi chán rồi nó bỏ thôi .",that_vong,gian_du,0.22815269,0.39844143,,True
5278,"Coi ❤️ đập mạnh, huống chí các em thi đâu,",vui,that_vong,0.09964751,0.39846742,,True
3930,haizzzz đó là 1 câu chuyện khá bùn,buon,trung_tinh,0.13740633,0.39853662,,True
5048,lại nhuộm vàng súng ống rồi,gian_du,that_vong,0.09013012,0.39862895,,True
6820,"@Lana39572482 Hi, lễ hội mà b",trung_tinh,hy_vong,0.20344733,0.3989275,,True
5855,nhờ cái bếp như này . mà hồi nhỏ tao suýt đốt cả nhà và bị chửi đó :((,buon,that_vong,0.3136733,0.39901316,,True
8169,Giá như …,hy_vong,trung_tinh,0.11633226,0.39911532,,True
5989,quan trọng nhất vẫn là tấm lòng 🙂,trung_tinh,that_vong,0.10179067,0.39922792,,True
8567,Nhung Nhung ghê thật chắc phải cả 100 nhát,gian_du,trung_tinh,0.15344486,0.399293,,True
5002,ngôn tình đầy rẫy là một cô gái sao em lại bỏ qua bao nhiêu mơ mộng,that_vong,buon,0.33322883,0.39932325,,True
9405,tôi đang ở tuổi 30 chênh vênh quá ae ạ . đời mà hi,lo_au,that_vong,0.05975487,0.3996514,,True
9350,Đặng Huy tao mua ở quán chứ trộm cắp gì,gian_du,trung_tinh,0.28624317,0.39966357,,True
3419,Tấn Đạt cc,trung_tinh,gian_du,0.29696295,0.3998218,,True
2813,Thích Lòng Vòng F35 cũng bị tai nạn mà tai nạn thì xịn hay đểu cũng đểu có khả năng bị,trung_tinh,gian_du,0.13268977,0.3998793,,True
5424,Cảm động thật.,vui,trung_tinh,0.20459937,0.4001398,,True
3724,tôi còn chẳng lấy ảnh lớp cho nữa,that_vong,buon,0.2545762,0.40015084,,True
2443,Không nhờ anh cả là trung quốc thì sao mà thắng được. Tới giờ anh cả trung quốc quay như de,gian_du,hy_vong,0.076224186,0.40015972,,True
623,mình luôn hối hân vì 1 sai lầm mà minh đã chon .mình đã chuyển gia đình từ 1 ngôi nhà thuê gằn nơi hoc tâp và buôn bán về 1 nơi xa hơn và bất lơi moi viêc từ viêc hoc con cái và cviêc .ban cho minh lời khuyên .mình có nên chuyển nhà 1 lân nữa về nơi gân hơn khg .cám ơn mình ray rứt khg thoát ra đuoc,that_vong,buon,0.229009,0.4001637,,True
359,cũng không có gì đặc sắc lắm . vì em còn mặc cả áo khoác chống cả tuyết lên cơ,trung_tinh,that_vong,0.20372853,0.40017128,,True
584,"t chẳng muốn phải nói "" suýt nữa thì .."" một lần nào nữa trong đời của nhau nữa đâu ... vì vậy sẽ trân trọng khi người tới .",hy_vong,that_vong,0.15663122,0.40027067,,True
4253,Hạnh Thông Trần may quá nối lại đc rồi nè ba,vui,trung_tinh,0.14544843,0.40030035,,True
2127,cuốn sổ vô dụng nhất mà tôi từng biết . ơn giời nó không còn nữa,that_vong,buon,0.3321916,0.40041617,,True
2271,"chỉ hút sắt, thép. Còn đồng, chì, bạc, nhôm, ...mạ vàng đâu hút.",gian_du,trung_tinh,0.07772003,0.40044874,,True
2334,"Nhặt rác cũng được, ăn xin cũng được… nhưng chộm cắp thì ông khỏi về rồi",gian_du,that_vong,0.2779198,0.40049446,,True
5701,"tao ước gì gặp được cái thằng chế ra con xe lead , tao sẽ tán cho nó sấp mặt luôn . 😒 còn video này tao hóng mãi lúc nó so ... mà đéo thấy haha",hy_vong,that_vong,0.1277297,0.40056112,,True
9988,bà đã được sống 1 kiếp người hạnh phúc . mấy ai có được điều đó . ngưỡng mộ tình yêu ông dành cho bà .,vui,hy_vong,0.27975535,0.40077308,,True
2372,thế rồi cha lái xe có giả tiền không các bác,trung_tinh,gian_du,0.30514935,0.4007758,,True
4452,Giang có thể cho ra bài nào nói về cách khéo leo về việc nhận quà từ người khác ko,hy_vong,trung_tinh,0.25531882,0.40096915,,True
1308,Phan Trí Luận phá tài sản và đã đền cho chủ rạp. Tài sản này của bên cho thuê phông bạt chứ k phải của nhà cô dâu,gian_du,trung_tinh,0.28351587,0.4010901,,True
8438,"Làm con , Làm dâu Dù có bất cứ hiềm khích hay ghét bỏ như thế nào đi nữa vẫn phải nhớ đến cái cái ơn sinh thành nuôi dưỡng của mẹ với ck mình, đời nhân quả báo ứng đến nhanh lắm , trăm sai ngàn sai thì họ cũng là người sinh ra và nuôi mình , làm dâu đừng có cái suy nghĩ k nuôi k đẻ mình rồi mà sinh ra xa cách bắt bẻ hiểu lầm mâu thuẫn người buồn người khổ cũng là mình",that_vong,gian_du,0.27345207,0.40117574,,True
8168,cảnh thì dõ đẹp mà nhìn nước ô nhiễm quá,that_vong,gian_du,0.24947289,0.40128124,,True
7585,sống là tốt rồi kệ mẹ đời nói!,hy_vong,gian_du,0.12527205,0.40151355,,True
2,lgi cug bị nhìn bị ngó..,gian_du,lo_au,0.12348694,0.4015149,,True
8024,áo sơ mi trắng mặc cả ngày thì nó cũng dơ và hôi vãi ýk,gian_du,that_vong,0.27052152,0.40155113,,True
934,nhận giấy khen thấy bắt bỏ khẩu trang chỉ biết cúi mặt xuống nhìn đất ..,buon,that_vong,0.30240726,0.40166742,,True
1655,"Hôm nay mình mới nhận đc giấy báo rùi, nhưng k hiểu sao mình k thấy vui hay hào hứng gì, đổi lại là đôi chút cảm giác buồn mà chẳng thể giải thích đc 😥",that_vong,buon,0.207592,0.40195778,,True
8076,thấp béo dáng k đẹp hay chửi tục hc k giỏi mũi củ tỏi tay búp măng da ngăm lm j cx tự ti..,buon,that_vong,0.30871764,0.40209115,,True
8588,Buồn cho một thế hệ,that_vong,buon,0.2808405,0.40225613,,True
4515,hè về chỉ thích ăn cái này .,hy_vong,trung_tinh,0.13664512,0.40237176,,True
2116,"Na Ninu phải dữ chứ, hỏng cả 1 thế hệ",that_vong,gian_du,0.10964417,0.40243375,,True
9276,Đợt này thế giới sẽ chuyển trục. Bố cục thế giới lại thay đổi rồi. Chúc mừng Tân Tổng Thống.,hy_vong,trung_tinh,0.19581054,0.40253076,,True
1170,bị crush cũ chê xấu bây h có crush mới ko dám chủ động lộ mặt luôn,that_vong,gian_du,0.21295795,0.40253407,,True
7251,24t mà áp lực như tuổi 30,lo_au,that_vong,0.19560309,0.40263402,,True
4325,"Cách để vượt qua cảm xúc tiêu cực<br>1. Uống 1 ly nước và đi tắm (thay ra gối, đi ngủ)<br>2. Suy nghĩ về nó 1 chút: phân tích nguyên nhân, vv<br>3. Làm 1 cái gì đó (ko nhất thiết phải là việc to tát: rửa chén, lau nhà, vvv)<br>4. Bỏ đi những mối quan hệ độc hại. <br>5. Chịu trách nhiệm cho chính mình <br>Bây giờ mình phải làm gì để đạt được điều đó, v.v chứ ko đổ lỗi.",hy_vong,trung_tinh,0.26672402,0.402708,,True
3300,Thằng đó tự tử luôn hã mn,buon,trung_tinh,0.08494223,0.4027369,,True
9745,Bùi Thanh Hải ko tin đc là h vẫn còn thê loại này,gian_du,that_vong,0.11639681,0.4028312,,True
6593,chắc phải đi một chuyến thôi :3,hy_vong,trung_tinh,0.18754569,0.40286082,,True
6152,chơi mất dậy . gặp tao là tiễn theo điện thoại luôn,gian_du,that_vong,0.07789973,0.4030015,,True
4252,"nói mưa là mưa v chời , tôi còn đi chơi đi học nữa mừ .",gian_du,that_vong,0.10389621,0.4030398,,True
3672,muối nhà mày mua chỗ khác rồi hay s thiếu mặn z,that_vong,gian_du,0.2680723,0.40311992,,True
2461,má tự dưng bị đánh vào đầu :(,lo_au,that_vong,0.20209602,0.4032056,,True
3633,Cảm ơn chị nhé! Em cảm thấy khá hơn rất nhiều khi nghe những lời khuyên tích cực từ chị. Yêu chị !!!,vui,hy_vong,0.2780861,0.40344495,,True
4038,chơi thế không hay nha page dume,gian_du,trung_tinh,0.18316577,0.40375873,,True
9004,giá như năm ấy nó ko cho t sống đến ngày hôm nay,that_vong,buon,0.32652026,0.40414852,,True
9483,"Phim hay combat đã tay, kỹ xảo điện ảnh đỉnh của chóp và nhất là mang lại nhiều bài học ý nghĩa để suy nghĩ cực.",vui,hy_vong,0.27766585,0.40427905,,True
1439,Võ Thị Mỹ Hằng trách nhiều nhất là GV chủ nhiệm kìa. Tại sao ko gọi PH khi thấy bé vắng? Cô có điểm danh ko?,gian_du,trung_tinh,0.259362,0.40429556,,True
5869,"từ nay ho , thì phải kiếm chỗ nào nằm tạm",trung_tinh,that_vong,0.20159723,0.4044058,,True
596,cuộc sống mà mấy ai được trọn vẹn 😢😢,that_vong,buon,0.36930695,0.4047355,,True
6244,vì mình bị ovethingking mà ct,lo_au,that_vong,0.117326446,0.40518725,,True
4377,nếu tao được gặp ba tôi 1 lần nửa thì tao sẻ nói con thw ba nhìu lắm . nhưng lời nói này chẳng pao giờ được nói nửa vì tao và ông ấy đã xa nhau mãi mãi,that_vong,buon,0.3333728,0.40521902,,True
3276,"Vân Bùi hh e hỏi vui thoi chị, nhưng sai từ bố mẹ nên mới tạo ra những đứa như này",that_vong,buon,0.10215904,0.40522963,,True
2687,Bàn Thị Sếnh sắp phải lấy r😪,lo_au,that_vong,0.22249389,0.40543008,,True
10116,"Triệu Đông giá thì xin lỗi em ko có thật, nhưng mà cái người thấy người khác bệnh tật lại có thể thở ra câu bệnh hoạn thì thứ 0đ cũng ko đáng có được anh ạ",gian_du,that_vong,0.16357651,0.4054429,,True
7501,chợt nhận ra mình chưa từng thích thầm ai trong lớp,trung_tinh,buon,0.16500694,0.4056121,,True
6866,Thuỳ Linh để mình hỏi ý kiến vợ đã,trung_tinh,hy_vong,0.30519313,0.4056325,,True
2214,Nhìn vẫn lạc quan nhỉ.,hy_vong,vui,0.051936224,0.40571678,,True
1961,đó giờ chx bt mặt ông nội ra sao,buon,that_vong,0.17037095,0.40581384,,True
6606,"thương các bác quá , vất vả 10 năm trời mà bị như vậy 😭",that_vong,buon,0.33297879,0.40609503,,True
4023,ba mẹ tao chửi tao tao chỉ biết câm họng và bưng tô cơm ra chỗ khác vừa ngồi ăn vừa khóc một mình cho dù biết răng mình k có lỗi 😭😭 !?,that_vong,buon,0.24808037,0.4061302,,True
795,có quá nhiều lựa chọn trong một tháng,trung_tinh,buon,0.13596347,0.40613163,,True
8208,thoáng chốc thành đống sắt vụn,that_vong,trung_tinh,0.12994958,0.4061796,,True
1335,Thanh Nhâm chả có phim này thì cũng ối bé bị áp lực học dẫn đến trầm cảm rất nhiều và dẫn nhau đi tt cũng ko ít,that_vong,buon,0.23461504,0.40633816,,True
8835,con người ta giỏi nhất là ảo tưởng vị trí của mình trong lòng người khác,that_vong,gian_du,0.18643542,0.40637815,,True
718,per c . bị tinh thần đi xem đi 👻,vui,trung_tinh,0.050203066,0.40639672,,True
7412,tự nhiên mình xem và mỉm cười theo .,vui,hy_vong,0.24014036,0.40643957,,True
3595,Cuộc sống mà. K có gì là dễ dàng .,trung_tinh,hy_vong,0.25174934,0.4064628,,True
1840,haiz nuôi được nuôi không thì thôi chứ nuôi mà để v coi được haizz,that_vong,gian_du,0.28566888,0.40687984,,True
1718,Quốc gia phục hồi nhanh nhất sau chiến tranh,hy_vong,trung_tinh,0.020331226,0.40729582,,True
10195,"Rose Nguyen 1 ck 2 con rút ra dk kinh ngiệm cứ có tiền ,nhiều tiền .và thật nhiều tiền ,kiếm đứa con nửa là cụộc đời nó sướng rồi .chứ có ck là chua chắc à.đỏ đen lắm.",that_vong,gian_du,0.20268457,0.40733072,,True
3967,Đời làm gì có nhân với quả. Em gái còn bao dang dở mà lại kết thúc như vậy,that_vong,gian_du,0.32839328,0.4073882,,True
6041,thật ko thích bản thân mik,buon,trung_tinh,0.1550371,0.4074983,,True
3327,"Mũi củ tỏi, mặt đầy mụn, vòng 1 mini size, chân vòng kiếm, da ngăm, có mụn lưng… tất cả đặc điểm xấu tớ có đủ hết 😔",that_vong,buon,0.3626913,0.4075138,,True
8913,nhưng vẫn chọn cách im lặng,buon,that_vong,0.19051571,0.40783912,,True
3218,"Tuyết Nhi mình cũng v, tự nghĩ nhìn có vẻ hung ác sao lại có lòng bồ tát cưu mang các em như v, giờ thì ko nghi nữa.",lo_au,that_vong,0.18455465,0.40786368,,True
5085,Làm ơn ko phải sự thật đi🙏,hy_vong,buon,0.082706064,0.4079941,,True
6840,vật chất quyết định ý thức,trung_tinh,that_vong,0.16036326,0.40805843,,True
8504,"em nói z thôi, chứ em cũng rén rồi",lo_au,trung_tinh,0.09922721,0.40819886,,True
4583,"toàn anh đẹp trai . đau tim , tan nát cõi lòng của tao ... a ................................ a",buon,vui,0.111595154,0.40821517,,True
3750,"Trần Minh Chính chuẩn bạn,những bài thơ của sgk ngày trước mãi đi cùng năm tháng.",vui,that_vong,0.09689015,0.40823036,,True
2995,lâu lắm rồi chưa ăn được miếng cơm cháy .,that_vong,trung_tinh,0.27601707,0.408238,,True
6693,"Việt Nam lại có máy bay rơi, khoa học và kinh tế quyết định cho khoa học kỹ thuật, như thế này thì mạng sống của những người tham gia những chương trình bay sẽ đi về đâu.",that_vong,trung_tinh,0.10627698,0.4083842,,True
9478,chị ơi đã khi nào chị làm điều gì sai với bố mẹ khi còn đi học chưa ạ ? Em vừa làm sai nhưng không ai nghe em giải thích .Mẹ em còn đánh em . Mắng em thực sự rất nặng lời . Lần nào cũng thế,that_vong,buon,0.23149896,0.4083937,,True
3764,xấu còn đóng vai mất dạy,gian_du,trung_tinh,0.12768221,0.40856713,,True
7775,Glenn chết mà muốn bỏ fim luôn 😞😞,that_vong,buon,0.27837962,0.40858135,,True
6209,Mik ko có nhan sắc nên công nhận lm điều j cx ngại thiệtt:>,buon,hy_vong,0.09203289,0.40858638,,True
341,per tôi có 1 thằng bạn lúc nào cũng chỉ lo dìm hàng chiều cao của tôi thôi .,buon,lo_au,0.18241517,0.4089318,,True
6541,hút ít thôi và hãy chích nhiều hơn 😐,gian_du,hy_vong,0.08437797,0.4090911,,True
6756,Nguyễn Sin khầy giải quyết chuyện này xong chưa khầy,gian_du,trung_tinh,0.16016784,0.40921658,,True
1649,Vân Nguyễn có bằng chứng ngoại tình thì tài sản phân chia về ông này hết đấy ạ.,gian_du,trung_tinh,0.27470425,0.409566,,True
9423,&quot;Bỏ đi những mối quan hệ độc hại&quot; tình bạn 13 năm đó các bạn ạ? Nó làm mình suy nghĩ rất nhiều nhưng cuối cùng mình vẫn chấp nhận buông ... Một khi họ đã k thích k cần hoặc có cái nhìn quá tiêu cực về một vấn đề gì đó thì họ khó nhìn tích cực về sự việc lắm. Xưa mình chỉ nghĩ khi chơi với nhau ng ta có đối xử k tốt ích kỷ với ai cũng đc miễn sao với mình k như v là đc nhưng ...đời đôi khi k như ta tưởng,buon,trung_tinh,0.0851135,0.40991136,,True
7422,cái gì nó cũng có hạn sử dụng cả 🙂,that_vong,trung_tinh,0.17903915,0.40991703,,True
6507,"Thanh Liêm Nguyễn Đúng là a đó sai nhưng vkck a đó hay live ở Pđb á b, từ năm trước rồi. Mk ko nói là a đó đúng. Mà hay đi coi hát rồi chơi thân với mấy bé.",trung_tinh,that_vong,0.11028225,0.4100674,,True
9513,cho hết vào trường giáo dưỡng,gian_du,trung_tinh,0.1884786,0.41044703,,True
2699,19t trẻ quá tr vì con là tốt nhma con mik sau này lớn thấy ba đánh mẹ z nó ám ảnh tâm lý lắm kiếm tiền đc lm chủ đc cuộc sống vững chắc r hẳn lấy ck suy nghĩ kĩ trc khi có con đi lm z khổ cho đứa con lắm,gian_du,that_vong,0.17039283,0.41047007,,True
520,"Thật may mắn là mấy đứa cháu tôi ko có kiểu iu như vậy. Hãy quên ngay và luôn những người ko tôn trọng mình đi cháu trai ạ bởi phía trước sự nghiệp tương lai còn nhiều , cháu ko thay đổi thì cuộc đời này cháu ko chỉ chờ người ta một đêm đâu mà sẽ rất nhiều rất nhiều đêm đấy 😢",buon,that_vong,0.33860955,0.41064113,,True
2903,"sau khi đám cưới nhìn chị có hơi khác khác, nhìn có vẻ sắc xảo hơn, còn video của chị lúc nào cũng chất lượng và khiến em hài lòng 😊",vui,hy_vong,0.35594577,0.41080394,,True
5044,"Giám đốc sở giao dục còn tham ô cho đầy túi tham, thì thời gian đâu nghĩ đến các sự nghiệp trồng người nữa anh.",gian_du,trung_tinh,0.18784864,0.41092515,,True
8115,"lúc nhỏ mẹ nấu cơm bằng bếp củi , ttao thì không biết gì thấy lửa tắt thì chụm vô : )) mẹ ra quánh cho trận vì nồi cơm khét nghẹt 😑",buon,that_vong,0.15625805,0.41094357,,True
6364,@ThuHuyen2kk Sắp rồi sắp rồi chị nè,vui,hy_vong,0.19637403,0.41094878,,True
7587,per tổ đội đánh rắm vào mà xem,gian_du,trung_tinh,0.2612771,0.41121823,,True
9814,gớm không tưởng,gian_du,trung_tinh,0.09502369,0.41125143,,True
6238,vẫn ế bền vững,that_vong,trung_tinh,0.19321379,0.4113897,,True
5018,Sn 96 đi làm gần 6 năm trời không tiết kiệm nổi 100tr 🥺🥺🥺,that_vong,buon,0.35443518,0.41170156,,True
8250,nó mà cắn ai 1 phát thì ... nghĩ thôi đã rùng mình,lo_au,that_vong,0.1794917,0.41183048,,True
6206,Bên mĩ thì 1 rưỡi sáng rồi theo g Washington nhưng mong kết quả giữ dc đến khi đếm đến những tấm phiếu muộn cuối cùng dc kiểm,hy_vong,trung_tinh,0.26585108,0.4118337,,True
594,cô ấy hết thương tao rồi,that_vong,buon,0.3425518,0.41189057,,True
5169,ko hiểu viết nhạc kểu gì nữa,gian_du,that_vong,0.11135224,0.4120456,,True
5605,Quang Khải chắc la t đag ăn hết của ông cố nội mày để lại cho nen may mới xoắng lên,gian_du,that_vong,0.2599766,0.4120862,,True
8890,thì cứ cho nó đỗ xong bác gọi phường xuống giải quyết cho nó cẩu đi là xong,gian_du,trung_tinh,0.22346711,0.41215754,,True
7902,tuổi thơ thật đáng yêu . chỉ có người lớn dẫn sai đường các em thôi,that_vong,hy_vong,0.15536737,0.4121801,,True
7696,diễn viên già vãi -.-,gian_du,that_vong,0.23586157,0.41226545,,True
9712,sớm chút nữa có lẽ đã khác rồi đúng không ?,that_vong,trung_tinh,0.23644078,0.4123518,,True
1358,Haiz họ Lamd Náo loạn<br><br>Mệt q<br><br>Mún YÊn mà K dc<br><br>Hành Ng ốm KHổ sở Lun hxjhduud,gian_du,trung_tinh,0.19620812,0.41247988,,True
9027,Không tự tin vào bản thân và rồi đánh mất cô ấy,that_vong,buon,0.2832027,0.41265577,,True
3661,Lập blog này ra đừng ai nhận ra toi . Bạn nói đúng ý của mình . Mình thì thấy thương em sinh viên đó! Chỉ mong sao em gái đó trở lại tâm sinh lý đc bình thường!!!,hy_vong,that_vong,0.20201689,0.41294372,,True
3567,Thât tư hao khi nghe 2 tiêng viêt nam,vui,trung_tinh,0.08936846,0.41325372,,True
3499,Muốn đọc nhưng đọc xong lại nghe mệt. Kkk,hy_vong,that_vong,0.08198051,0.41339892,,True
9348,per ghét cái kiểu rõ ràng là chuyện của riêng 2 người vậy mà …,gian_du,trung_tinh,0.20826818,0.41362816,,True
8394,"Thôi, ít ra còn may mắn có 1 cuộc sống đẹp, ngoài kia còn nhiều người có 1 miếng bánh ăn còn vui mà",hy_vong,trung_tinh,0.2801015,0.41383323,,True
3597,Mai Em yêu và cưới là hai chuyện quá khác nhau,that_vong,buon,0.1285814,0.41395026,,True
2940,Tự mình thương mình thôi.đợi ngta thương thì chắc phải tu 10 kiếp.,that_vong,buon,0.16808027,0.4142744,,True
8582,xem xong rồi mà có cảm thấy gì đâu ??,trung_tinh,that_vong,0.20870784,0.41437572,,True
5786,mùa mưa đến sớm rồi huhu,buon,that_vong,0.32946447,0.41452485,,True
7072,"khoảnh khắc anh quay mặt đi , con tim em tan nát vãi ra",buon,hy_vong,0.18695734,0.4146087,,True
3898,tao cũng vậy nè . lắm lúc đi với chồng mà cứ hỏi bên này bên phải nhỉ bên này bên trái nhỉ . mệt mỏi,gian_du,that_vong,0.1901079,0.41467327,,True
5934,Đồ án bị bắt làm lại từ đầu làm tui cay thật sự 👎,gian_du,that_vong,0.19672936,0.41477466,,True
6338,nóng tính quá hỏng viẹc - trẻ em rất thích ngọt mình nên nhẹ nhàng cương quyết mới được,trung_tinh,hy_vong,0.07500807,0.41513202,,True
1155,Bạn Muốn Hẹn Hò? ng lớn họ đi xe khách chứ có điên nê làm v,gian_du,trung_tinh,0.33563572,0.41515428,,True
4426,"động lực là tình yêu . vì sau khi chia tay , tôi đã thấy mình vô dụng trong một thời gian dài .",that_vong,buon,0.21330921,0.41521803,,True
6741,Hàn Thị Thu Dịu hihi sao b hay z,vui,trung_tinh,0.31085667,0.41540045,,True
2775,"Chọn sai ngàh học khi ở tuổi 18, nếu đc quay lại thì t sẽ chọn học ngàh hiện tại ngay từ đầu",buon,hy_vong,0.1312184,0.41542825,,True
6520,Không ai hiểu mình 🥀,buon,trung_tinh,0.10038688,0.4154747,,True
9904,Nguyen John Ko bao giờ. Bố là Tổng thống phe cộng hoà thì con ko đồng tính đâu,gian_du,trung_tinh,0.2485329,0.4155487,,True
199,"rồi lắm lúc khi nói họ tỏ ra ko quan tâm, ko.muốn nghe",that_vong,gian_du,0.2853841,0.41555977,,True
343,Ngủ trưa tới chiều và tôi thấy hơn 10 cuộc gọi nhỡ của sếp 💀,lo_au,buon,0.069623426,0.41574425,,True
6892,"đấy , chỉ có sale như tao mới tốt thôi , tao không bao giờ hỏi về nỗi đau của khách hàng : x",vui,that_vong,0.14214458,0.41587403,,True
9225,"em tự ti về con mắt của em, về chiếc mũi, về làn da, về chiếc cằm, đến nổi khi em đang chăm chú viết bài thì người mà em coi là bạn cũng trêu chọc và cười phá lên khi thấy ngoại hình của em",that_vong,buon,0.19291942,0.41607317,,True
6792,Mình đang tuổi 30 con 6 tháng vợ chồng đang sống chung với ông bà.ở tuổi này chỉ mong có việc mà làm thôi việc càng nhiều càng tốt.,hy_vong,that_vong,0.18443555,0.41610482,,True
2266,hẳn là phạt 5 triệu luôn,gian_du,trung_tinh,0.24378821,0.41615885,,True
8638,"1000 năm đô hộ , Pháp ,Mĩ Việt Nam vẫn không ngừng vươn lên 🇻🇳🇻🇳🇻🇳🇻🇳",hy_vong,that_vong,0.112703286,0.4162187,,True
568,xem mấy lần rồi vẫn thấy hay,vui,trung_tinh,0.12151835,0.41642195,,True
7419,mặt lệch + gầy + da ngăm tự ti thật sự đi ra ngoài lúc nào cx phải đeo khẩu trang + mặc áo đp,that_vong,buon,0.26215875,0.4164383,,True
3045,tại thợ hàn bất cẩn chăng ...,that_vong,gian_du,0.26702073,0.41658992,,True
3323,Còn mẹ còn lối đi về. Mất mẹ thì lối về quê không còn. Anh em chỉ vì tiền. Mà anh lìa bỏ chị trên em dưới.. Anh em ko bằng người rưng nước lã.,that_vong,buon,0.3490285,0.41659892,,True
2061,Top4 Châu Á cũng là lần đầu LOL ra mắt tại Á Vận Hội. Mong thể thao điện tử được công nhận và phát triển nhiều hơn.,hy_vong,trung_tinh,0.15240158,0.41684094,,True
5746,này ai chả muốn haiz,gian_du,trung_tinh,0.07877784,0.41699147,,True
3238,"yêu nhau lắm cắn nhau đau , tao thấy dòng chảy tiền kiếp của 2 đứa mày là vậy",buon,trung_tinh,0.08914673,0.41716224,,True
10190,Tuy không xink nhg em bt bản thân mik đẹp,vui,hy_vong,0.14588049,0.41739064,,True
1964,Một khi đã làm thì không hối hận chỉ có sai lầm nhận ra bài học thôi,trung_tinh,that_vong,0.16646403,0.41754365,,True
8343,sang năm quyêt định đi ngủ cho đỡ mỏi mắt,trung_tinh,lo_au,0.09692229,0.4179983,,True
4078,"chị ơi, em muốn hỏi vì sao có nhiều tiêu cực, mệt mõi, áp lực như vậy nhưng chúng ta vẫn phải cố gắng thế ạ... :((",buon,that_vong,0.22985783,0.41808724,,True
2148,93 chênh vênh quá 😔,that_vong,buon,0.3259027,0.4183324,,True
1206,"ai nói kết có hậu , đầu khấc mất vợ tương lai kia kìa",that_vong,gian_du,0.21475397,0.41864824,,True
4710,Nhạt tới nỗi ai cũng muốn bỏ đi cơ mà,that_vong,buon,0.35642153,0.41891563,,True
5549,hôm nay anh xin lỗi em về những việc anh đã làm hôm nay .. anh không thể kiểm soát não anh được nữa rồi 🤫,buon,that_vong,0.2443098,0.4190768,,True
2961,Giờ các bạn trẻ cho nhau thấy đơn giản quá mà,gian_du,that_vong,0.14402215,0.4192283,,True
10244,Nhưng việc đã làm ko bao giờ hổi hận trước khi làm việc gì phải suy nghx thật kĩ,trung_tinh,that_vong,0.16040398,0.41933253,,True
5882,per lên lịch hẹn hò nhanh,hy_vong,trung_tinh,0.205365,0.4194523,,True
8678,đã từng . và bị phũ như 1 con chó 🐶,buon,that_vong,0.17522849,0.4194739,,True
563,trong mv mà có tao đứng dưới mưa nữa thì buồn phải biết,buon,that_vong,0.25780776,0.41967225,,True
7701,"tui thì chx đc gặp ôg ngoại với bà nội thì ôg ngoại,bà nội đã mất rùi lúc tui còn 3 4 tuổi lận , còn ôg nội thì hog đc gặp do ôg đi chùa nhìu chỗ lắm nên chẳng bao giờ gặp đc ôg , đến khi tui gặp lại đc thì nội đã bệnh nhập viện rùi năm tui 17 tuổi ngay mùng 5 Tết ôg nội bỏ tui mà đi chỉ còn bà ngoại là người tui luôn lo lắng nhất thui.🙁",buon,that_vong,0.31633586,0.41980043,,True
6117,ko phải ít nói mà ko bt nên nói gì 🤡,buon,lo_au,0.10393578,0.41992575,,True
1368,sao đúng vậy người đó là ai thì mới hiểu🥲,buon,that_vong,0.14129768,0.419949,,True
7560,"thế các bn nghĩ người có nhan sắc lịu họ có tự tin kh , càng tự ti đấy ak",trung_tinh,hy_vong,0.09171408,0.41998142,,True
6883,Khóc vì là người nhạy cảm. Mình là gái và định nghĩa thằng đàn bà với mình là mấy thằng con trai hay chắp vặt với phái yếu,gian_du,that_vong,0.14158998,0.4201884,,True
2723,mình có thật sự đang làm sai không,lo_au,that_vong,0.15913615,0.42028153,,True
105,ngửi mùi hoa sữa xong chia tay,buon,vui,0.118981436,0.4204597,,True
1839,"từ không tật nguyền , trở thành tật nguyền để nuôi mấy cái không đáng",gian_du,trung_tinh,0.15019926,0.4210428,,True
3027,thực trạng học tiếng anh từ 6 đến 12 mà không biet giao tiep,that_vong,gian_du,0.28627184,0.42122608,,True
3313,Ủa mn tui là ctrai nhma môi ( môi trên) như đc tiêm filler á dị là có đẹp hong mn😞😞,buon,that_vong,0.33319727,0.42134172,,True
2310,chị ơi làm sao để giảm bớt stress khi nhớ nhà vậy chị :(((,buon,that_vong,0.20446198,0.4214028,,True
2119,Sẵn bán hòm đó xem mình nằm vào chôn mình luôn Đi..,buon,that_vong,0.08357618,0.42145923,,True
1678,ăn ngon nhưng nóng không chịu được,that_vong,gian_du,0.2929566,0.42159352,,True
853,Trương Hạnh Công Dân qua mua hòm ủng hộ cho thực tế chứ chúc không thảo mai quá bạn,gian_du,trung_tinh,0.26762688,0.42164427,,True
1071,nói thiệt là 10 người thanh hoá hết 9 người chả ra gì ...,gian_du,that_vong,0.21839413,0.42171532,,True
3233,Do thời kì khủng hoảng 2 năm trc nên ko giao tiếp với ai,buon,that_vong,0.200465,0.4218974,,True
1396,"Giống 1 bộ phim gì của trung quốc, cô gái cũng bị bệnh giống vậy.",buon,gian_du,0.0927198,0.42189997,,True
6717,Hên quá mình đi đc 2 lần lúc đấy vẫn còn hoang sơ.còn bây giờ thì,buon,lo_au,0.20484339,0.42196247,,True
298,nó đang lợi dụng mày,gian_du,that_vong,0.18526658,0.42208815,,True
826,Đã có chồng và con 5 tuổi vẫn điên tình Đúng là ối dồi ôi 😑,gian_du,that_vong,0.19825469,0.4230167,,True
7825,chuẩn bị bước sang 31! phải thật vững bước nào các bạn tôi,hy_vong,trung_tinh,0.31553197,0.42346174,,True
3625,Lúc lớn lên được tí biết suy nghĩ hơn thì chẳng còn ai để trân trọng,buon,that_vong,0.23953113,0.42355496,,True
4720,"Tôi cũng làm việc tại Bình Dương, chỗ t sống cũng có mấy người làm thợ hồ cứ lâu lâu lại nghe nói chủ thầu không trả, hẹn ngày,... mà biết rồi đó ở trọ đến tháng là phải trả tiền trọ điện nước. Cuộc sống làm thuê nó chật vật lắm lãnh lương hơn 10 củ nói nhiều nhưng chi tiêu đủ thứ gói ghém lắm mới sống ở đất BD này",that_vong,gian_du,0.3074266,0.42363733,,True
7119,Huyền Ân binh thường mà nhỉ? Mà hình như cái thần thái bạn này là vậy chứ không có vibe dễ thương đâu,gian_du,trung_tinh,0.31442007,0.42373145,,True
1994,tốt nhất là không nên mang điện thoại theo người,lo_au,that_vong,0.25167084,0.42396396,,True
6976,mih ko biết phải làm sao để nói với gia đình,lo_au,that_vong,0.16347505,0.4240304,,True
9518,Nọng + gầy + nhiều mụn + đen :((,buon,that_vong,0.3684545,0.4241714,,True
2839,add cứ khoe đi . mai lại chặt hết như nguyễn trãi mà,lo_au,that_vong,0.16506,0.4245523,,True
1247,"rõ ràng bà này muốn giết nhỏ này ngay từ đầu nên mới thủ dao sẵn, có lẽ bã biết nhỏ này có tiền, bởi đi làm ăn buôn bán thì chạy xe cà tàn thôi.. có tiền cũng không nên cho ai biết.. các bạn biết vì sao người giàu họ sống khép kín và hầu như không tiếp xúc với người lạ nơi vắng vẻ rồi đó..🙏",lo_au,that_vong,0.23404323,0.42465,,True
7224,tiếc là xem review mẽ r😴,that_vong,buon,0.20231536,0.424916,,True
759,"tau sẽ phun thuốc kích thích , 2 nam nữa sẽ dài hơn ong nay ... sẽ được vào viện bảo tàng .. 😂😂😂",vui,hy_vong,0.37511852,0.42511666,,True
10199,Ai cũng từng có thời yêu mãnh liệt như vậy. Rồi sau sẽ trở nên vô cảm thôi,that_vong,buon,0.33317876,0.42538393,,True
1149,chuỗi ngày tủi nhục cũng từ đó mà bắt đầu,that_vong,buon,0.33145258,0.4257705,,True
7663,ngày xưa tao cũng viết nhưng bị chị gái đọc trộm từ đó dẹp mẹ nhật ký luôn,trung_tinh,that_vong,0.13187666,0.42580053,,True
4847,Thụy Uyên shock quá chị :(((,that_vong,buon,0.3057115,0.4262868,,True
6875,Xuân này con ko về,that_vong,buon,0.16231081,0.42654675,,True
2348,bây ơi t bị sao í t hổm h đưa ra qđ nào là toàn sai thui h t vô ngỏ cụt luôn r,buon,that_vong,0.17169638,0.4265553,,True
5946,"Lima Bui đấy cũng là 1 cách để pr bản thân, tự giúp mình tỏa sáng đó e😂",vui,hy_vong,0.37730145,0.42724618,,True
525,"1 câu mà người ta hay nói , đắng như vị đời",buon,vui,0.11638239,0.4277339,,True
1444,chính quyền sapa cũng rất quyết liệt với vấn nạn này. nhưng ko cải thiện đc mấy,that_vong,gian_du,0.21289444,0.42783317,,True
1080,nghe như hát trầu văn,gian_du,that_vong,0.14363155,0.42801338,,True
1618,đúng là chân thật luôn luôn tổn thương !,that_vong,buon,0.3383623,0.42802078,,True
2141,nó bất ổn của đủ hay sao mà nhập thêm lũ chống đối vào nữa :3,gian_du,that_vong,0.10140973,0.42807132,,True
6542,Thế giới này phức tạp quá,that_vong,gian_du,0.14304084,0.42857143,,True
804,"Bây giờ em của hiện tại là 1 người rất rụt rè và tự ti về bản thân mình. Hiện giờ em đang ở cuối năm c3 rồi nhưng vẫn chưa có được một mối quan hệ hay một người bạn thân nào cả hầu hết các bạn bè năm c2 em quen h cũng không còn thân thiết với em nữa , Cảm giác cô đơn nó vẫn luôn đeo bám em hàng ngày . Em luôn suy nghĩ rất nhiều , suy nghĩ là do mình xấu quá hay nhạt quá hay là do mình không chịu mở lòng với họ …. Thực sự hiện tại em đang rất là bối rối và vô định với chính bản thân mình , cảm giác bất lực với chính bản thân luôn . Vậy mong mọi người đưa ra lời khuyên cho em với ạ.",that_vong,buon,0.25634825,0.42887717,,True
7820,bà của tôi đã không còn khi tôi còn chưa biết gg là gì,buon,that_vong,0.2525075,0.42898187,,True
4384,mình có xài rồi nè hồi lúc đi làm xí nghiêp gọi là lò xô đổ dầu xài,trung_tinh,buon,0.13837218,0.4290163,,True
106,Công nhận người có nhan sắc sướng thật đến đâu cũng tự tin và đc người khác ngưỡng mộ,vui,hy_vong,0.27758935,0.42921478,,True
4994,troi oi plsss làm ơn moonbin vui vẻ lắm mà 🥺 công ty đâu rồii,that_vong,buon,0.25546032,0.42931738,label_theo_icon_neg,True
2956,t nhận ra mình đã sai,buon,vui,0.12170285,0.4296484,,True
1614,Đang tranh thủ kiếm thêm chút ít ngoài giờ cũng ko yên,lo_au,that_vong,0.21578307,0.42983466,,True
3791,t nhớ tao đang xem xxx thì chưa cắm tai nghe 😭😭😭,buon,that_vong,0.31308666,0.42988357,,True
8081,cho con được thay ông bán vé đi 😔,that_vong,buon,0.35663262,0.43026462,,True
2652,"con này không thể nào tha thứ dc, có gd còn đi phóng hoả vì tình, điên đầu thật",gian_du,that_vong,0.24707368,0.43051016,,True
9459,lần sau nhìn thấy hắt nước tiểu vào người nó ngay,gian_du,lo_au,0.09512794,0.43061545,,True
2098,Hiện tại giờ em vẫn còn chx đủ tự tin.,that_vong,buon,0.21943632,0.43101826,,True
8501,chỉ thấy phối nhạc hay thôi chứ lời tao cảm thấy nghe không có nghĩa lí gì luôn 😐,trung_tinh,that_vong,0.14663352,0.4314419,,True
625,độc mà lần nào đi viện cũng bắt chụp 😭😭,lo_au,that_vong,0.29188856,0.43151274,,True
1257,sắp tới deadline rồi mà chưa làm được chữ nào 🥲,lo_au,that_vong,0.25187278,0.43202186,,True
7896,"mũi củ tỏi tại vểnh trán cao, hói nhiều mụn đầu đen ko trắng... ko tài giỏi j nhìn mấy bạn nữ trong lớp mà t ngại vaiii",that_vong,buon,0.33355048,0.43273008,,True
9858,"Em đang bắt đầu cv mới năm 28t, sau những thất bại nho nhỏ, phải chuyển đến 1 nơi khác sống và làm việc 1 mình, k quen biết ai, ở trong môi trường xa lạ, trải nghiệm công việc mới, những ngày đầu , hôm nào cũng khóc 1mh, tự hỏi sao gần 30 mà chưa có gi cả, thì vũ trụ gửi đến video này của a. Xem xong thì tỉnh ra. Ít ra bản thân e đã bước ra vùng an toàn của mình đôi lần rồi, cũng an ủi phần nào khi xem video của anh. Cảm ơn anh rất nhiều",lo_au,that_vong,0.16567545,0.43298438,,True
10076,page bị hack rồi . video hay nhất mình từg xem,buon,vui,0.20531039,0.4330745,,True
6268,đó là động lực chứ không phải để đem ra so sánh ..,trung_tinh,that_vong,0.22118331,0.433175,,True
8648,bắt ve cho nó điiii . trông khổ quá,buon,that_vong,0.24573754,0.43330783,,True
9617,Tôi chê bởi nằm mê cũng không có tiền trong túi,gian_du,that_vong,0.15672107,0.43370467,,True
3254,mĩm cười cho qua,trung_tinh,that_vong,0.1491046,0.43390343,,True
8065,mắt 1 bên to 1 bên nhỏ còn bị híp mũi lệch môi cũng lệch nói chung cả mặt lệch cười lên trông rất ghê đen đùi+ bắp tay siu to khổng lồ luôn á răng tớ rất xấu nữa tự ti cực kì=((,buon,that_vong,0.30060372,0.43416172,,True
7704,"nhớ quá , độ chục năm không đi soi ve rồi :((((",buon,that_vong,0.3959016,0.4346822,,True
6788,Đời đúng là ăn no rửng mỡ . Giờ đâu cũng thấy ngoại tình . Sướng quá hóa nhàm,gian_du,that_vong,0.18750316,0.43474132,,True
36,Ai có vàng thì đi bán lẹ kẻo tuột kh phanh kkkkk,vui,hy_vong,0.23097129,0.43477446,,True
1261,mik tự ti về răng mik hô mà đi học phải đeo khẩu trang các bạn bảo tháo ra mik ko giám các bạn cười vào mik làm mik tự ti hơn 😑,lo_au,that_vong,0.20207627,0.43477947,,True
2754,"per huhu đúng quá nè :< sư phụ đi rồi , còn per thôi , đừng đi đâu nữa nhaaa 😢",that_vong,buon,0.3634159,0.43479365,,True
2440,"Jane xinh vcl mà ngỏm, cũng tiếc nma kệ",that_vong,buon,0.19747965,0.4349887,,True
2409,có khi giờ tỉnh rồi đéo dám xuống nữa,lo_au,that_vong,0.21279086,0.43504253,,True
2449,chúng ta nói với nhau nhiều quá nên bao giờ không còn gì để nói với nhau 🙂,buon,that_vong,0.29159197,0.4353149,,True
2602,2 năm rồi và đã kết thúc rồi,that_vong,buon,0.2868155,0.43536112,,True
259,liệu có còn tồn tại cô gái nào chấp nhận một thằng vừa nghèo vừa xấu đặc biệt lại còn yếu sinh lý như tôi không,gian_du,that_vong,0.29396665,0.4354089,,True
2410,"mới đây thôi mà đa 3 năm rồi , những ngày chia tay buồn đó :((",that_vong,buon,0.4001486,0.4355361,,True
10106,chẳng bao giờ thấy sai,trung_tinh,that_vong,0.2957624,0.43563703,,True
6920,"mất đi một di sản , chứng tích của lịch sử 😓",that_vong,buon,0.33464864,0.43592322,,True
5212,mình hỏi mua rồi mà người ta kiểu nữa muốn bán nữa không bạn,gian_du,that_vong,0.17075148,0.43597502,,True
4208,"trên gương mặt của t thì t tự ti nhất là răng và mũi mũi t mũi tẹt hog có sóng nên nhìn góc nghiêng nó rất kì , còn răng thì :((((",that_vong,buon,0.32352746,0.43629804,,True
10029,Mình thì lại bị hay đổ lỗi cho chính bản thân,buon,that_vong,0.31450406,0.4365713,,True
9915,"có ai nhìn thấy hình như người đàn ông này đang rất đau khổ không nhỉ ? mình nhận thấy hình như ông ấy đang rất đau khổ , mà không thể or không muốn nói ra .",buon,that_vong,0.29226083,0.43701258,,True
6510,Dung vậy à chèn ép cảm xúc một mình,buon,vui,0.10581422,0.43706664,,True
2215,năm ngoái do dự ngại đầu tư vào crypto với Nvidia stock năm nay hối hận day dứt mãi 🤔,buon,vui,0.16551821,0.43758324,,True
233,trích mà như vầy rồi . sao dám coi phim đây 😢,lo_au,that_vong,0.2959101,0.43766853,,True
8252,Chờ mãi không thấy rep tin nhắn 😭,lo_au,that_vong,0.2531562,0.43785638,,True
7605,"Chị làm video bí quyết có động lực đi chị , e làm cái j cũng được 1 nửa lại bỏ ý . Chán bản thân lắm luôn mà ko có động lực hic",that_vong,buon,0.25594875,0.43865573,,True
6780,Con bất hiếu với bố mẹ thì sau này con cái nó cũng bất hiếu lại với nó thôi.,buon,that_vong,0.28001526,0.43886757,,True
1698,trong thế giới này không ai là hoàn hảo hết có này thì mất kia...,buon,that_vong,0.12661622,0.43888313,,True
5366,Một sai lầm cả đời không bao giờ tha thứ cho bản thân,buon,that_vong,0.3452187,0.43897313,,True
9415,"fa lâu năm có biết 14 / 2 hay 15 / 2 là ngày gì đâu , chỉ biết là ngày đi làm về và rất mệt",buon,that_vong,0.22527346,0.4397081,,True
9329,Tsb t mất nết . Tự đạp đổ bát cơm,gian_du,that_vong,0.18907796,0.43995902,,True
4528,"Hồi nhỏ khi còn đi học thì em rất mạnh dạn, học cũng khá trong lớp nên rất thoải mái đưa ra thắc mắc của mình với thầy cô và người lớn có khi là bàn luận về nó, khi đó thầy cô rất tốt và kiên nhẫn, bố mẹ thì không cho em câu trả lời và nói tự suy nghĩ, không phải cái gì cũng đặt câu hỏi. Lớn lên, được tiếp xúc với những con người giỏi hơn mình về nhiều mặt, dần dần em có cảm giác sợ sai và ngại đưa ra ý kiến vì lo lắng bị đánh giá rằng mình thiếu hiểu biết.",lo_au,that_vong,0.18938772,0.44121554,,True
5937,Đôi khi đang chơi tn tôi có cảm giác bị tách khỏi cuộc chơi nên từ từ rời khỏi là lựa chọn tốt nhất,buon,that_vong,0.24415383,0.44201097,,True
1954,tại k biết nói gì nghĩ được nhưng k nói được,buon,that_vong,0.17217769,0.4424091,,True
8836,khó hiểu lắm,trung_tinh,that_vong,0.13444132,0.44246104,,True
4068,per tao đã làm cho mày đau lòng nhiều lắm ư 🤔,buon,that_vong,0.26799563,0.4435485,,True
9962,ko biết crush bây giờ có ở nhà không nữa 😭😭😭😭,lo_au,that_vong,0.24373084,0.44403204,,True
1172,Cỏ Ba Lá người câm sẽ rất khổ vì k thể phản biện đòi quyền lợi. Nhưng với người tu hành thì để giữ miệng tịnh tâm lại vô cùng khó,trung_tinh,that_vong,0.20179544,0.4447768,,True
7400,Buồn nốt tý dở thui nghen🥲,buon,that_vong,0.31468076,0.4452018,,True
1229,Ờ thì củng khóc théc,lo_au,trung_tinh,0.14856654,0.44621497,,True
6446,ở đâu mà khổ vậy bạn,buon,gian_du,0.20105666,0.4467912,,True
7887,Nguyễn Minh Kiên ncl k có thiện cảm,gian_du,that_vong,0.14726955,0.4468704,,True
984,"hmm... mình còn không dám ngẩng đầu nhìn thẳng mặt ngkhac, huống gì đến việc giao tiếp",lo_au,that_vong,0.32385454,0.4469891,,True
9327,bản thân em khi hỏi lúc nào cũng mặc định là cái điều đó quá hiển nhiên nên em làm theo cách mình luôn đến lúc vỡ lẽ lại thì là câu nói &quot;sao không biết mà không hỏi?&quot;,buon,that_vong,0.27720007,0.44711024,,True
3482,"cho em hỏi chỗ nhận lại chó ở đâu ạ , em bị trộm mất",buon,lo_au,0.17306094,0.44740862,,True
8745,em đang ở đâu mà mấy năm rồi chưa thấy xuất hiện,buon,that_vong,0.27535897,0.44764718,,True
8288,Thật íi! Kể cả với gđ tớ cũng ngại về mọi thứ ! T có rất nhiều khuyết điểm😕,buon,that_vong,0.2654628,0.44827205,,True
281,🤦🏻‍♀️ cười nhưng trong lòng bất lực,buon,that_vong,0.29939708,0.44845378,,True
8183,Đã từng và đang trả giá,buon,lo_au,0.11299153,0.44889888,,True
5904,"Nếu đọc đc tin này thì nhắn tới e trai trong clip. A đã trải qua quãng thanh xuân rồi, tiếc là ko thể quay lại thời gian để nói với chính bản thân mình. Hãy tập trung vào sự nghiệp e ạ, tu luyện cho bản thân kiến thức, sức khoẻ. Đừng chạy theo tình cảm như vậy, dù đúng dù sai thì sau này e ko chỉ mất đi người mình yêu mà quay đầu nhìn lại còn mất đi chính bản thân mình.",buon,hy_vong,0.22464222,0.44921374,,True
6052,tớ chỉ an ủi bạn í thôi mà :(,buon,that_vong,0.32534385,0.44926095,,True
6438,tôi thì ở vơi ông bà ngoại giờ lớn lên có khả năng mua cho ngoại này kia thì ngoại k còn….,buon,that_vong,0.28526506,0.44938296,,True
10216,tới lúc chia tay rồi khóc :(,buon,that_vong,0.37775958,0.45011336,,True
7547,tốt nhất là app cứ bắt thanh toán trước rồi mới cho mua là ok nhất chứ không khổ mấy người shipper,gian_du,that_vong,0.30681366,0.4503742,,True
10087,Liliana Knight ý mình nói là tất cả người thân thương của bạn ấy bạn ạ. Hôm qua mình đọc được bài báo nói là bạn ý sắp kết hôn nhận được tin mẹ bạn ý không tin. Mình là người ngoài đọc đến đoạn ấy còn thắt tim huống chi bố mẹ bạn ấy. Thế mà chỉ 1 câu day dứt và hối hận mà thoát tội thì thật là k công bằng tí nào cả,gian_du,that_vong,0.31629705,0.45046914,,True
3765,97 ko quay đầu đc nữa rồi cũng ko đc mắc sai lầm nữa,buon,that_vong,0.26792014,0.4505004,,True
6754,đéo tin gì cả 😑,gian_du,that_vong,0.28835228,0.4516757,,True
10015,"đm 3 tiếng đi được 20m , đéo biết bao giờ mới về đến nhà",gian_du,that_vong,0.24928589,0.45184666,,True
8885,không biết ngày mai sẽ ra sao ...,lo_au,that_vong,0.21791962,0.45196488,,True
10043,có ai chỉ tự yêu bản thân như tôi không :(,buon,that_vong,0.34872222,0.4533013,,True
4956,Thanh Cong Nguyen những đứa k có tiền mu thường rất cay khi nghe tin vf thịnh hành,gian_du,that_vong,0.2794491,0.4535318,,True
2836,ko bt giao tiếp nhiều,buon,lo_au,0.16898398,0.45432922,,True
9372,"chẳng muốn làm gì quá, bị rớt môn rồi haiz",buon,that_vong,0.3023639,0.45477223,,True
3492,Ý là kiểu ngta chủ động ôm phải hem Chứ mk ôm ngta mà ngta hông ôm lại thì hơi kỳ,lo_au,that_vong,0.23004995,0.45478183,,True
140,"Vừa chờ mòn mỏi mà không có kết quả tốt xong, mệt mỏi lun ...",buon,that_vong,0.3550757,0.45572364,,True
2452,Glenn ngỏm đăng 81 cái stt 🫠,buon,that_vong,0.2645514,0.45583686,,True
3536,thấy kết luận án phí đợt trước là 8 tỷ mà sao giờ đã thành 81 tỷ rồi ???,gian_du,that_vong,0.26946476,0.45624095,,True
4877,"Tình xưa chẳng nhạt chẳng phai Mà người giờ đã bên ai mất rồi Hoa tàn đâu bởi gió trôi Chỉ vì duyên cạn tình rời xa ta Cỏ buồn chẳng cạnh được hoa Người buồn chẳng thể thiết tha với mình Nhớ ai lệ chảy lặng thinh Buông tay chẳng nỡ bóng hình chẳng quên Hữu duyên mà thiếu lời nguyền Cận kề nhưng mãi chẳng nên phận người Trên trời lấp lánh sao rơi Dưới này lặng lẽ một đời vấn vương Người trao lời hứa dịu dàng Mà nay để lại phũ phàng trong ta....,...Người đi như gió thoảng qua Để lòng ai đó nhạt nhòa nhớ thương Cành khô úa lá bên đường Như tình chôn kín đoạn trường chia xa Tim đau tựa vết xót xa Khắc sâu kỷ niệm ngày ta có người ‍🩹",buon,that_vong,0.30488038,0.45670313,,True
4047,chị ơi em suốt ngày chỉ ngồi ở nhà và sự hiểu bik của em về mọi thứ trong cuộc sống không bằng bạn của em nên mỗi khi nói chuyện em ko có nhiều hiểu bik để nói . chị cho em vài lời khuyên được không ạ,lo_au,that_vong,0.17052615,0.4574554,,True
9549,mày làm tao buồn đó per ??,gian_du,buon,0.22641319,0.4574862,,True
7551,Sad Hai Le cảnh pinkman khóc thương vch,buon,lo_au,0.15411335,0.45765066,,True
1817,Tôi không hối hận về những thứ tôi đã làm.😊,vui,hy_vong,0.2731259,0.45897233,label_theo_icon_pos,False
9604,ai cũng bận cả và không ai rảnh rỗi ngày ngày quan tâm bạn đâu ?,gian_du,that_vong,0.19116376,0.45906767,,True
2336,K bao giờ quên cột mốc này. Vì 30t là t ly hôn,buon,that_vong,0.2934495,0.45924413,,True
4664,chị đầu tiên buồn v :((,buon,that_vong,0.37562442,0.4597135,,True
8073,30t tôi suy sụp vô cùng,buon,that_vong,0.23413424,0.460762,,True
3317,"chó đẻ , khốn nạn vậy mà cũng đi rao giảng đạo đức , đi dạy người khác 😭😭😭😭",gian_du,that_vong,0.25203162,0.46085572,,True
8856,kím cớ nói chuyện chỉ để biết người đó làm gì đang như nào . có vui hay buồn . rồi lại thôi,buon,that_vong,0.38063967,0.4609744,,True
6963,Chia tay với ny nghĩ mình không xứng đáng với cô ấy trong khi 2 đứa đang yêu đậm sâu,buon,that_vong,0.19753142,0.46144208,,True
2342,nếu được chọn lại mình sẽ không bước chân vào thành phố này,buon,hy_vong,0.23212233,0.4617033,,True
9234,buồn là cái gì mày,buon,that_vong,0.1823236,0.46576494,,True
3472,"ngày cuối cùng còn ở lại , bản thân không có bất cứ một cảm xúc gì , trong lòng chỉ độc một mảnh phẳng lặng .",buon,that_vong,0.3860681,0.46669224,,True
6441,ước gì dc quay lại lúc đó 😞,buon,that_vong,0.32087904,0.4689803,,True
224,lạc mất người mình không thể quên. Nắm không được buông càng không,buon,that_vong,0.21513432,0.47079045,,True
8405,Tại chính bản thân mình quá tin tưởng vào tình cảm để giờ bị tổn thương và tổn thất tư tinh thần đến vật chất. Thôi cố lên,buon,that_vong,0.37405294,0.47176033,,True
3029,còn bà thì trân trọng nha cậu đừng để như tôi nhìn nội mất mà vẫn chưa kịp lớn để nui nội 😭🥹,buon,that_vong,0.42044243,0.47340107,,True
7714,sai 1 khoảng thời gian đó giờ chỉ còn 2 từ giá như năm đó ...😥😥,buon,that_vong,0.42443448,0.473615,,True
6685,7 năm rồi . nhanh quá,buon,that_vong,0.32878408,0.4742518,,True
8800,bây giờ thế mới biết tác dụng của con cái 😢,buon,that_vong,0.38195255,0.4762559,,True
8768,"Lãng phí hàng ngàn cơ hội để đến với crush. Mãi đến cuối năm lớp 9, ngồi tâm sự tiết 5 chiều thì crush quay sang bảo ""Mày là đứa duy nhất mà tao có thể thật lòng được luôn đó T"". Khoảnh khắc đó mới thấy lẽ ra mình nên bạo dạn hơn là có khi đến được với crush.",buon,that_vong,0.24441107,0.47658598,,True
7648,:((( má ơi vừa đẹp trai mà vừa thương em :< xem mà 2 hàng nước mắt chảy ào ào,buon,that_vong,0.3959289,0.47926533,,True
1667,kết thúc 3 năm cấp 3 là khoảng tg đẹp nhất nhưng nó cho ta nhiều kỷ niệm đầy tiếc nuối 🤔,buon,that_vong,0.22464885,0.48132408,,True
6672,1 năm rồi :(,buon,that_vong,0.4365598,0.48133934,,True
4588,"Cám ơn c . E mới phát hiện ra bệnh ngày hôm qua và e cũng khá tiêu cực . E cũng nghĩ đến kết quả xấu nhất , rồi cũng khóc. Nhưng đúng như c nói, e đã dậy, ra ngoài ăn uống, chơi cùng con e , nằm trong vòng tay ck e ngủ 1 giấc. Sáng nay e vẫn bắt đầu 1 ngày mới bằng cách viết ra những gì mình phải làm để điều trị bệnh của mình. Và e đã hoàn thành mọi việc phải làm hôm nay. Tối nay chỉ còn việc sắp xếp cữ thuốc mai mình phải uống và những công việc mai mình phải làm . Cám ơn c nhiều 🥰",hy_vong,lo_au,0.25381973,0.48408186,label_theo_icon_pos,False
7694,trách ai bây giờ đây huhu,buon,that_vong,0.36417028,0.48501182,,True
5238,"kiểu t mong ước được quay lại khoảng thời gian đó nghĩ kĩ lại mới thấy, có quay lại t vẫn không thể thay đổi được những gì đang làm t đau khổ",buon,that_vong,0.32110023,0.4850792,,True
2667,Tao trước cũng thế nghĩ lại cay. Tất cả vì lol.,buon,that_vong,0.3693426,0.4857725,,True
6848,crush có người yêu 😞,buon,that_vong,0.42809835,0.48708335,,True
6178,"tui ở tuy hòa , phú yên mà chả nhận ra luôn .",buon,that_vong,0.31549737,0.48768067,,True
1539,Trán cao tự ti thật 😊,vui,vui,0.40635353,0.52422374,label_theo_icon_pos,False
4790,Các bạn nghĩ sao nếu 1 người đàn bà 30tuổi có 1 đứa con 6tuổi (1 bà mẹ đơn thân ) mà hiện tại đang có 1 cái bụng bầu với người yêu cũ và người đó đang có gia đình khá hạnh phúc. Mình chỉ cần 1 lời khuyên là nên giữ hay bỏ cái thai di nhiên là thu nhập của mình Ko đc ổn định và người đó cũng khuyên mình hãy bỏ đứa bé vì anh ta muốn bảo vệ hạnh phúc gia đình mình .😣,that_vong,that_vong,0.3287543,0.5495113,label_theo_icon_neg,False
8840,năm nay tao không còn cảm thấy cô đơn và mỏi chân nữa ... vì tao được ngồi mát và ăn ké socola of bọn có người yêu 😁😂...# mun 😘,vui,vui,0.5592646,0.6053251,label_theo_icon_pos,False
8905,bạn oi đừng tự ti hay xấu hổ cần tài năng thou 😊,hy_vong,hy_vong,0.5760439,0.6384522,label_theo_icon_pos,False
2528,🥰🥰,vui,vui,0.5468267,0.6593263,icon_only,False
4494,😥,buon,buon,0.5491125,0.68370724,icon_only,False
7503,🤩,vui,vui,0.62392217,0.7098878,icon_only,False
7141,Tiếc cho hồi nhỏ chiệu nghe lời hơn và ham học hơn thì có thể làm cho Mẹ vuii trc khi rời đi😢😓,buon,buon,0.6470159,0.7145096,label_theo_icon_neg,False
6039,"Đâu phải cứ là nhớ mới đặt tên đâu ,thấy có đứa nó thù ,nó ghét nó mới đặt tên con nó bằng tên NYC ,kiểu cái tên nyc chỉ đáng làm con tôi ,cho nên ở quê các cụ dặn tránh đặt tên con trùng tên các cụ ở quê 😁",vui,vui,0.68165904,0.719303,label_theo_icon_pos,False
5091,tại sai bạn lại tự ti nhỉ mỗi người có một vẻ đẹp riêng biệt chỉ là bạn chưa tìm ra nó thôi b rất đẹp cho nên cứ tự tin lên💞,hy_vong,hy_vong,0.6346609,0.72361934,label_theo_icon_pos,False
6489,Moi chuyen dk sắp đặt cả rồi ko việc gì phải hối hận cả 😊,hy_vong,hy_vong,0.65594953,0.7397877,label_theo_icon_pos,False
2007,tự tin lên nào các bạn ơi 💗,hy_vong,hy_vong,0.7099543,0.7439312,label_theo_icon_pos,False
8443,dù ko đẹp xuất sắc nhưng tôi luôn tự tin😁,hy_vong,hy_vong,0.71015525,0.74475694,label_theo_icon_pos,False
7000,mặt ô kia khát nước nhìn buồn cườ thế 😂😂,vui,vui,0.63792306,0.75811636,label_theo_icon_pos,False
5434,😢,buon,buon,0.66085106,0.7612322,icon_only,False
1781,mình tự ti lắm mình cũng mún đc khen xinh😌,hy_vong,hy_vong,0.6817878,0.76317835,label_theo_icon_pos,False
3321,"ngày xưa mình cũng khá tự ti vs bản thân, và gòi mình gặp anh ấy.Mình ko quên anh nhưng anh đã ăn ủi mình rất nhìu, giờ thì mình hết tự tí gòi. Các bạn cũng z nha! Ai cũng xinh hết á❤️",hy_vong,hy_vong,0.6553735,0.7633188,label_theo_icon_pos,False
3569,"""bạn chỉ xấu khi bạn nghĩ bạn xấu"" cha mẹ sinh ra ngũ quan lành lặn là mừng r 😌 t cx có đẹp đẽ j đâu nhưng vẫn vô tư thôi, sao phải tự ti chứ",hy_vong,hy_vong,0.6537762,0.77432036,label_theo_icon_pos,False
8651,hai lần đi sai hai bước ngoặt nhưng không bao giờ hối hận do con đường mình chọn😊😊😊,hy_vong,hy_vong,0.72545755,0.7780744,label_theo_icon_pos,False
10041,"Xem phim để tự nhắc bản thân không thể giống Thuận. Nhưng trẻ con thì rất ít bạn biết tự giác, nên vẫn cần nhắc nhở. Mà giờ phải học cả cách nhắc con học khéo léo, học cách làm bạn với con để con ngồi vào bàn học mà vẫn vui vẻ. Làm cha mẹ giờ khó thật 😞",that_vong,that_vong,0.67259777,0.7850771,label_theo_icon_neg,False
8887,tự ti con cặc gì mình đẹp chỗ nào thì mình bt đứa nào chê thì chắc chắc nó đang ghen tị nhan sắc trời ban của mình nên đừng tự ti làm gì nhé😁😁,hy_vong,hy_vong,0.7749798,0.8064261,label_theo_icon_pos,False
2428,chẳng có ai là hoàn toàn hoàn hảo hết nên là các cậu tự tin lên nhaa💗🫂,hy_vong,hy_vong,0.78152996,0.8186922,label_theo_icon_pos,False
8972,t định thả sad nhưng đọc bình luận buồn cười vailon 😂 nên thả hahaa :v,vui,vui,0.7870609,0.8191538,label_theo_icon_pos,False
7959,ngoại hình nhan sắc dù tui ko đẹp nhưng đc cái hát hay đỡ tự ti mn cố tìm điểm nổi bật của mình nha😋,hy_vong,hy_vong,0.7845534,0.8204881,label_theo_icon_pos,False
5712,😂😅,vui,vui,0.7333462,0.824424,icon_only,False
1958,Ốc càng to thì độ lo lắng càng cao 😂😂,vui,vui,0.750646,0.83702815,label_theo_icon_pos,False
4278,Tự tin lên nhé các nàng còn nhiều ng muốn như mình còn chả được kia kìa🥰🥰,hy_vong,hy_vong,0.81169695,0.8378918,label_theo_icon_pos,False
3191,Tôi chỉ hối hận rằng k đủ điều kiện cho vợ tốt hơn thôi. Còn lại mọi thứ đều ổn với c/s tôi😎,hy_vong,hy_vong,0.7838739,0.8468981,label_theo_icon_pos,False
8892,Xin lỗi chuyện buồn mà mình mắc cười quá 🤣🤣🤣 kiểu xin cám ơn anh trai đã hốt vợ e đi dzùm. Xin cảm ơn,vui,vui,0.79678553,0.84987307,label_theo_icon_pos,False
6524,"t ko thấy tự ti lắm á mặc dù t mũi tẹt, môi mỏng, mặt cx ko xinh lắm, t tự tin lém t cx hay bị mng trêu là con mũi tẹt nhưng t tự nhủ có tiền rồi mình đi nâng 😊",hy_vong,hy_vong,0.79257214,0.86040246,label_theo_icon_pos,False
1522,"Ai cx có 1 nét đẹp riêng, phong cách riêng của bản thân mà nên là cứ tự tin lên nha😊🌷",hy_vong,hy_vong,0.84040785,0.8681204,label_theo_icon_pos,False
6668,"Sinh ra là con gái ai cũng là 1 đoá hoa, có vẻ đẹp riêng 🥰nên là hãy tự tin lên. T bị bodyshaming nhiều lần r, nma h t tự tin hơn.",hy_vong,hy_vong,0.8243109,0.8717036,label_theo_icon_pos,False
5697,Chỉ cần một nụ cười tự tin mọi chuyện sẽ vượt qua😜,hy_vong,hy_vong,0.8486347,0.8806306,label_theo_icon_pos,False
1393,quả nhiên chồng con nhà người ta đéo bao giờ làm tao thất vọng 😄,vui,vui,0.85115653,0.9017091,label_theo_icon_pos,False
5604,"Không có gì ngại hết ák, cứ tự tin sống lạc quan đi nhák🙃",hy_vong,hy_vong,0.84818137,0.9027917,label_theo_icon_pos,False
293,rất hay.cty HDM và QL chỉ biết khóc lạy mẹ tha cho con.😅,vui,vui,0.8704487,0.910933,label_theo_icon_pos,False
7287,"Thôii nào mấy c ơiii , tự tin lên nhee . Kh ai là xấu cả , ccau biết chăm chút bản thân 1 xí thôi thì cũng sẽ xinh đẹp lên rất nhiều 💗",hy_vong,hy_vong,0.8752968,0.91418046,label_theo_icon_pos,False
8848,"có tài nhưng đôi lúc muốn làm diễn viên hài 🤣🤣🤣, khoái thanh niên này buồn cười vkl",vui,vui,0.8928119,0.9212706,label_theo_icon_pos,False
7905,"cuộc sống này là của mình sống sao cho tốt đời họ soi thì kệ họ, ko quen bt j nhau nên chả j phải tự ti rồi họ cũng quên bạn thôi, nên vô tư đi😁",hy_vong,hy_vong,0.89115334,0.92205405,label_theo_icon_pos,False
5793,"cuộc sống của chúng ta có quyền thì chúng ta cứ sống thôi, không cần phải nhan sắc cũng có thể làm việc tốt, tự tin lên nhé bạn 😇😌",hy_vong,hy_vong,0.9158928,0.9410732,label_theo_icon_pos,False
