text,emotion
xứng đáng cho cái ngu của thằng oto .. nghiền nát luôn oto càng tốt .. để cho cái lũ não ngắn nó hiểu được quy định của hành lang đường sắt là như nào .,gian_du
"thật sự mình rất thích bạn này , xem phim mỗi tập cứ canh đúng cảnh có bạn ý , dễ thương quá 😗😚😚😚😚😚",vui
lgi cug bị nhìn bị ngó..,gian_du
Mèo Min Min kkkk gì?,vui
"Sợ hãi quá, áp lực đồng trang lứa đè nặng 😭",lo_au
chỉ còn 1 tháng để quyết định 1 đời,lo_au
Ai đi xem hk🤨,vui
bị ngọng nói k ai nghe,buon
Bài thi được điểm cao 😆,vui
"Anh ơi, em bị 1 cái là làm rất nhiều vấn đề rất lâu mà ko tiến bộ nổi. Cứ làm nhiều mà ko cải thiện đc hiệu quả, và ko biết phải làm cách nào. Có phải em bị thiếu kĩ năng cải thiện vấn đề ko ạ? Anh làm clip về nội dung này được ko ạ?",that_vong
"Trước tớ đi xe đạp đi vào nhà bà nội tớ chơi. Tớ rất vui, và tớ gặp vài đứa nhỏ bảo:""Con béo"" Nói với tớ thế",buon
"Mà có nhan sắc lmj cx sợ bị nói ngựa, điệu và mn cảm thấy khó chịu khi mình sửa soạn",lo_au
dù có là một đất nước nhỏ trên thế giới nhưng đây là đất nước hạnh phúc❤,vui
t không phàn nàn . t sẽ cố gắng giúp bố mẹ có được nhiều hơn 💪💪💪,hy_vong
"chờ mãi mà không thấy , cứ thấy trống vắng vãi :((",that_vong
Ác quá thể hiện tại sao rồi bà bị bắt chưa,gian_du
"ủi ui , mời người ta đến nhà ăn tiệc , lại đãi mỗi càrôt là thế nào , lần sau bà mời tiệc thì mày tự biết rồi đấy",that_vong
cái quần tà lỏn xanhhhh,trung_tinh
@Lan Thanh @thaongan lộ link ^^,vui
Đúng vậy 🥺,buon
vàng giả có loại kh hít,trung_tinh
"sau 1 thời còm men dạo khắp muôn nơi , cháu đã lên được fan cứng rất rất cứng 😆😆",vui
bị hở hàm ếch lúc nào cũng tự ti,buon
Giờ còn hối gì nữa😞,buon
Tàn ác,gian_du
"Tôi cũng giống ông, bị mác mít ướt từ bé. Khóc nhiều quá giờ ko còn nước mắt để khóc nữa:))) Dần dần rồi mình sẽ thấy khác thôi bro",hy_vong
thèm được bố chửi 1 lần 🤤🤤,hy_vong
da ngăm mặt mụn răng hô nên mỗi việc cười với bb thôi cũng thấy tự ti,that_vong
khoann đợi xíu nghe em đã,hy_vong
đứng tóp1 thới giới về bàn phím và yang hồ mạng chấp địa cầu này lun cx k bằg,vui
Lại bộ sách Kết nối với cuộc sống.... !!!,that_vong
@TvNhinhi Mưa gió cuộc đời tạo nên con ng mạnh mẽ 😬,hy_vong
đợi em đủ tuổi anh chờ được không ?,hy_vong
Ước có cái view nhà như thế..🥰🥰🥰,hy_vong
Hazzz có một số đàn ông lúc mới yêu nói chuyện ngọt ngào và ga lăng lắm chăm sóc từng ly từng ty cưới về ở chung thì mới lòi đui cáo ra có người thì dùng bảo lực đánh đập zk có người thì gái gú và cờ bạc vv..đổi luôn tánh nết nó lật mặt còn nhanh hơn quay xe nữa mí bà ơi,gian_du
"Máu lạnh mà, mong Pháp luật vào cuộc,",gian_du
Ai có vàng thì đi bán lẹ kẻo tuột kh phanh kkkkk,vui
Ken Nguyễn bắt được rồi bạn,trung_tinh
"hồi bé đi mua xôi bị một đàn ngỗng đuổi 🙂 may mình đi xe đạp không thì ăn lol ** với chúng nó , cái thứ mất dậy 🙎🏻‍♀️🙎🏻‍♀️🙎🏻‍♀️",gian_du
Sống là khôn lỏi quá thì trách ai,gian_du
Dương Thùy em coi này rùi highly recommend nhoé,vui
"tình đến , rồi tình cũng điii 🙂🙂🙂",that_vong
Nhớ không lầm là vua Lý Thần Tông chỉ để một vị tướng đi đánh và ông ấy kêu gọi dân ở vùng Hoan Diễn đã đủ sức đẩy lùi quân của vua Khmer,vui
lên báo sớm thôi nhỉ,trung_tinh
lâu quá rồi không nghe,trung_tinh
Ước gì tôi ko đọc phải tin này .,that_vong
"da ngăm, lùn, ko xinh 🥺",buon
Em bị tâm lí sợ ra nhưng nơi đông người anh có cách nào khắc phục ko ạ mong anh rep ạ .,lo_au
Quốc gia chông covid tốt nhất thế giới,vui
"Vừa sợ rớt môn quá xong, lo lắng tột độ lun 😥",lo_au
sao mọi người gắt gỏng thế nhỉ ? hai anh chị đấy làm cho vui thôi mà lắm người tỏ ra nghiêm túc thế không biết :<,gian_du
😳😂😳😂😳😂 ở đâu vậy trời,vui
có ai như tao không đọc đề thì quen nhưng lại quên phương pháp giải . chắc mất gốc rồi :((,that_vong
tự ti giọng nói với mặc cảm 😔,lo_au
@nangoc84 Sớm muộn mọi người sẽ tìm đến defi,hy_vong
Trần Minh Dũng em phải ngồi lọc hết tên dàn nỹc để đặt tên con đỡ trùng ấy 🤣🤣,vui
ko ngại nhưng làm biếng nói 👍,trung_tinh
Thầy ơi có cách nào vượt nổi sợ giao tiếp không thầy.,lo_au
cả thế giới thấy hay trừ tao,trung_tinh
em cũng có nội như thế mà nội mất rồi ☺️,buon
cảm giác tự ti cứ ám ảnh,lo_au
hở ra là rơi với rớt.,that_vong
ồ ra thế . tớ sẽ lưu ý :)) mong sẽ có cơ hội sờ nó . nhìn như cục bông í uwu,hy_vong
Đúng thật tôi bị da đen tàn nhang rồi còn môi nhỏ nữa...tự ti lắm.Tôi vì xấu mà còn bị bạn đổ lỗi...,that_vong
per lại lật nữa hả,gian_du
có khi không biết thế nào là tự ái đâu :))),vui
Hữu Duyên coi ni đc nè haha,vui
đau đớn hơn còn là khi làm bạn cũng khó và gặp nhau coi như người dưng nước lã,that_vong
@tf t lại sợ ngta bị lạc lõng nên ms bắt chuyện 🫠,lo_au
Yến Vy Lạc Tuệ Mẫn đm sao mai mốt pttm trời 🥲,lo_au
"đọc xong nghĩ tới cảnh con ở trong xe một mình khóc lóc, sợ hãi , đói khát ngộp thở , cảnh tượng đó thấy sao mà đau lòng quá😭😭😭😭",lo_au
Khối lượng công việc nhiều quá không biết bắt đầu từ đâu 🥲,lo_au
"ngày xưa nhà nuôi mấy con điên này cái giọng thì đã khó nghe thì chớ suốt ngày ngoạc ra , hễ về đến nhà là thấy giọng bọn n đầu tiên . xong cho ăn , rõ ràng là cho n ăn đàng hoàng mà đến n + 1 lần bị n mổ với đuổi bợt mạng . chốt là tao ghét cái bọn nì dã man . ám ảnh cả 1 tuổi thơ :(( cái thứ yêu nghiệt .",gian_du
Tôn Hoa Sen nên tìm hiểu những trường hợp này cầu mong cho clip này đến tới đó,hy_vong
Xin chia buồn cùng e và gđ. Mong con yên nghỉ .,buon
"mọi thứ chỉ là ""phải chi_giá như_nếu như"" chứ đâu bao giờ quay lại thời gian đó mà được chọn...☺️",hy_vong
ngồi suy nghĩ 1 hồi xem trái hay phải rồi mới nói được . khổ vãi mà !,that_vong
vô tâm vãi . thôi độc thân vui tính đi .,that_vong
", tự hào nói to VIỆT NAM MUÔN NĂM HỒ CHỦ TỊCH MUÔN NĂM từ hào với danh xưng CON RỒNG CHÁU TIÊN tự hào với sự đoàn kết CÁC A HÙNG VIỆT NAM MUÔN NĂM ❤❤☺",vui
@zhangliu_eth Quan trọng nhất là chữ: tự do,hy_vong
Xin chia buồn cùng gia đình. Mong sự thật sẽ sớm được sáng tỏ Phương nà,buon
Níu kéo quá khứ xong để nó nhấn chìm mình vì mình không kiếm soát đc nó :(,buon
per ê tao với mày mà đi cái cầu này chắc rớt ngay bước đầu quá 😢😢 đã mặp rồi chân lùn nữa đi qua bằng niềm tin,lo_au
hay à ngheng,vui
"đang tính đi nhổ răng khôn ( à quên , nó ngu chứ khôn đéo gì ..) nghe được cảnh báo này chắc không dám đi nhổ luôn .",lo_au
tan tành rồi .,that_vong
dỡn ngu gặp những tg yếu tim đùa kiểu này nó lên cơn lăn đùng ra ăn cho hết ...,gian_du
Hương Hải thôi sợ lắm,lo_au
Kiện đi bạn,hy_vong
rất nguy hiểm nhé nhảy không qua là xác định dập mặt,lo_au
"lúc trước ông với bà tao cũng thế , bây giờ thì ông bỏ bà đi trước rồi .",that_vong
ukm . nguy hiểm thật :'<,lo_au
lm ngày có trăm ngàn thôi mà dọn lòi lol vãi vả cức haizx thật,that_vong
khổ thân em nó . ??,lo_au
per mới bắt đầu tuần thánh mà chúa ơii,vui
con gái tao thì suốt ngày hêy siri bắt chước mẹ 😂,vui
cuộc sống của mỗi con người đã được quyết định sẵn nên dù bản thân có bước đúng hay sai thì cũng cố mỉm cười trước cánh cửa số phận,trung_tinh
Người dám đương đầu với thử thách và khó khăn... bằng trí tuệ và sự nỗ lực bền bỉ để tới được mục tiêu và khát vọng của mình thì đó là người bản lĩnh... và mong cho tất cả mọi người sẽ luôn vững tin trên chặng đường phía trước... cảm ơn a Khương với những chia sẻ này ạ🤩🤩,hy_vong
ai mà chả sợ rắn chơi ngu như chó vợ nhỉ per,lo_au
Nguyễn Đức Cường chuẩn rồi. Nói hay lắm. Xong rồi thì đi mua 5 nghìn dưa cà về ăn cơm.,vui
"nhiều suy nghĩ áp lức khiến bạn tự ti phải không, tôi cũng thế ... th nhọc ko chịu lớn",lo_au
Cầu mong cho bé qua khỏi kiếp nạn và bình an,hy_vong
"@khongdongx53939 Good afternoon Mate ! May your all the best on afternoon Wednesday, Joyful and a great mood, keep smiling, stay connected my friend 💞💞↩️↩️↩️",hy_vong
Tôn vinh LGBT cho lắm vào đến lúc nó đấm cho thì lại khóc,gian_du
Luân Nguyễn Đơn lên ai nhận =)),vui
ngửi mùi hoa sữa xong chia tay,buon
Công nhận người có nhan sắc sướng thật đến đâu cũng tự tin và đc người khác ngưỡng mộ,vui
mày giận lại tao hả tốt quá bố mày được đi chơi game rồi . tối về dỗ nó sau . chờ mãi câu giận của mày,gian_du
sai lầm !,buon
Tu LalaNguyen HoCandy Võ Nguyễn LêThùy Dương xúc động :(,buon
Tư duy quản lý và cách làm dịch vụ như nào thì kết quả nó sẽ là như thế thôi,trung_tinh
Nói là phục hồi sau chiến tranh thì đối với t chỉ có Việt Nam là nhanh nhất TG thế thôi,vui
"K phải đồ vật là 1 bộ phim á ,lúc nhỏ tui k sợ ma đâu nha ,đi chùa với mấy ngoại tối thui lun vẫn k sợ nhưng có 1 ngày đẹp trời lỡ xem 1 bộ phim cương thi có móng tay dài á ,tui sợ quá tr lun 1 thời gian k dám để móng tay dài lun",lo_au
có 5tr thôi à,that_vong
"@TvNhinhi Cuộc sống là do mình tự quyết định, hạnh phúc hay không là tùy vào lựa chọn của chính mình.",hy_vong
👍🍀,hy_vong
Ko bao h quên dc thời gian này 🥺🥺,buon
thề địt mẹ ngay đoạn hay cái lên nhạc + cast muốn đập điện thoại vãi,gian_du
"mình cũng vậy. mình thấy mơ hồ quá, ko biết phải làm sao cho đúng nữa. mình ko ngờ số tiền phải đóng lại cao đến thế. và còn thêm nhiều chi phí phát sinh nữa. nhìn ba mẹ rầu mà mình hối hận lắm",lo_au
Chưa từng hối hận bất cứng đều gì chuyện gì củng đều có lý do cả,trung_tinh
Căng thế nhỉ 🙄,lo_au
có đến hàng trăm năm sau đi nữa thì trẻ trâu vẫn luôn tồn tại theo thời gian 😀,vui
per ơi .... anh muốn anh và nó sẽ bảo vệ đời em 😎,hy_vong
huhu nó bị điên à ?,trung_tinh
Tôi là người Sài Gòn má ơi ngta mới mở luôn,vui
Đứa nào cũng như thằng kia bảo sao người ta ko kì thị,gian_du
Đang bay bị bắt vô nghe kinh rồi thả ra 🥹🥹,gian_du
dạo này xem video của per chán ấy không như xưa tại giờ toàn quảng cáo ấy ( ý kiến cá nhân ) 😔,that_vong
Tự ti quuu hàaaa:((,buon
Nhìn lại mà thấy nhiều người còn hoàn cảnh 😳,buon
Đau lòng người mẹ Căm thù bọn đua xe,gian_du
Chung thủy là đạo đức. Ko phải tính cách. Mọi người nhớ nhé ☺,trung_tinh
Coi đúng lúc ổng chết là bỏ phim Tới giờ,buon
ai giúp bé với hix,lo_au
cưng chết,vui
"nữa đời người , nếu không thành công trước 30t , thì suy nghĩ của b sẽ khác. 🥺",buon
vl gần nhà,trung_tinh
mất tiền khôn cũng đáng mà .,that_vong
"Đã từng trải qua cảm giác này ,rất sợ ,chỉ đến khi nghe được giọng nói trái tim như vỡ oà",lo_au
"t thấy t lại ngược lại, ngủ dậy trời tối thấy chill vc, nhưng nếu thấy trời sáng quá thì thỉnh thoảng lại lo, lo đi học muộn, lo muộn giờ nộp bài....",lo_au
"Vừa chờ mòn mỏi mà không có kết quả tốt xong, mệt mỏi lun ...",buon
tuy truong hop thôi cha me tao ra ma không thuong doi su te thi lam sao con no thuong lai thôi xua khac gio khac cu so sanh voi thôi co dai chan,that_vong
bếp ga hj hj 🤣🤣🤣🤣🤣🤣,vui
áp lực quá có ai làm công nhân giống e không ạ,lo_au
Tôi Yêu Việt Nam nơi tôi được sinh ra và lớn lên🇻🇳🇻🇳🥰,vui
mong anh có thể đạt được ước mơ của mình .... cố lên,hy_vong
"K liên quan nhma sao bạn này dz quá z, xin info nha",hy_vong
@Gocnhocuabo lâu ngày quá Bơ ơi ^^,vui
"mặt to vcl răng xấu cười ko xinh tóc mái bị fail vóc dáng cũng ko đc đẹp, lm j cũng sợ ngta soi mói, chê bai",gian_du
"Bác sĩ cũng tùy chuyên khoa, lôi vào đây ghi số lấy tương tác hả cái ông chia sẻ kia",gian_du
"Mới thi đh xong, đúng là đang tiêu cực :((( phải lôi vid của Giang ra coi cho suy nghĩ thoáng chút :((",that_vong
"@Hien2021 Những mảnh ghép của cuộc sống trải qua một sự thay đổi không ngừng, từ những lo lắng nhỏ bé của tuổi trẻ đến những nỗi sợ lớn hơn khi trưởng thành. Trên con đường của mỗi người, những mảnh vụn này kết hợp lại để tạo nên bức tranh phức tạp",trung_tinh
buồn vương mi !!!,buon
"Sau này chồng tôi có ngoại tình tôi cũng làm y như vậy, ko tiếc rẻ gì thứ ngoại tình",gian_du
"Mong cô gái được siêu thoát, mong gia đình nhận được sự công bằng của PL.",hy_vong
"Đi Phú Quốc làm gì, đi Phú Yên đẹp hơn 😂",vui
đó là một câu chuyện buồn,buon
"tao tưởng con ê ́ ch . -.- nhìn lại thấy con quỷ này , hết đáng yêu rồi",that_vong
công nhận nó phê như vậy thật 😂,vui
"Điều số 4 rất đúng chị ạ em có những người bạn chơi lâu theo thời gian nhưng khi em lên đại học muốn thay đổi bản thân thì em nhận ra là những ngừoi bạn đó là những con người tiêu cực. Em cứ rủ tham gia hoạt động thì lại nói “mình k làm được đâu”, “lười lắm”....<br>Em rất muốn tham gia clb khoa, clb trường.Em lại k tự tin lắm nên chả dám đi 1 mình vì chưa quen ai trong clb hết. Em cứ bị suy nghĩ luẩn quẩn chả tìm ra cách giải quyết nữa. Nếu chị đọc dc cmt này thì mong chị cho em chút lời khuyên với ạ !!!",lo_au
"hồi xưa , giờ yêu kiểu người lớn cơ mà",trung_tinh
Lan Lúk link đó em vô bth mà,trung_tinh
tuổi thơ mình lớp 4 đã cảm nắng 1 anh chàng từ 1 viên phấn vôi .,hy_vong
"mình trc kia cũng hay tự ti lắm nhưng mình nghĩ rằng bây giờ ""bản thân mình mình ko yêu thì ai yêu đây""",hy_vong
tóm lại gọi là nghệt thuật của kinh doanh là bán lỗ ho nhanh,vui
1 nỗ lực lớn thay đổi valentine ... sang năm tao mắc võng .,vui
"K nghĩ đến nua , h mình chọn trường rùi , cố gắng nên a tin em sẽ làm dc mà ❤️",hy_vong
giá như không nghe lời người khác không phải như vậy rồi,buon
giá như có thể quay ngược thời gian 🥹,buon
"Buồn rười rượi quá, thấy bạn thân chơi với người khác 😔",buon
E cũng có một ng bà ngoại nhue v mà bh ngoại tui k còn nữa xem mà chỉ bt khóc nhớ bà 😔,buon
"Luân Nguyễn nhà cô dâu có đúng luật đâu mà đòi làm đơn Làm đơn lên thì ông đấy bồi thường tsan r hòa giải thôi. Mà ông này cũng bồi thường r thì cũng chỉ gọi lên hòa giải, viết đơn chỉ làm tăng thêm mâu thuẫn chứ chả giải quyết đc cgi",gian_du
con ngu dù bố mẹ có là người như thế nào đi chăng nữa thì cũng là người đẻ ra mày nuôi chúng mày lớn khôn lớn lên không báo hiếu được gì lại còn sủa bậy,gian_du
per đừng có mà thân thiết với tôi,gian_du
và rồi cô ấy sẽ mãi mãi không có người yêu =((,that_vong
"Ớt Chỉ Thiên xe 4 chỗ ghế sau ko ngã ra được ko thoải mái nên thường mình sẽ ngồi ghế trc, còn 7 chỗ thì mình ngồi ghế sau",trung_tinh
lên lớp thấy tụi nó bu lại đám nc thì mình cx chẳng dám lại ngồi nói chuyện trung,lo_au
cao su đó khai thắc làm sao có mủ,trung_tinh
Hường Minh Châu đây là hai thằng đàn ông yêu nhau nhung .....,trung_tinh
Hán Duy Lợi đang định đi busan chơi thì đọc dc báo này🥹 hôm này xg busan tiện hỏi thăm a zai Trần Hưng xem tình hình ổn ko,lo_au
Võ Quỳnh Bé Loan đi xem k 2 em,hy_vong
Rớt nước mắt. Thương chú quá😭😭,buon
Hối hận những cái sai mình đã làm,buon
tẩy được bao nhiêu mà hô hào gớm thế,gian_du
"Cao ráo đẹp trai, học trường xịn, mẹ hoa hậu, bố làm tổng thống. Kịch bản ngôn tình còn chưa dám viết cỡ này 🤡",vui
@thèm mỳ cay🍜 thiệt bà ngại lắm,hy_vong
không liên quan nhưng sao mị thấy mông boss cong quá đi aaaa ~,vui
Nếu mình là người có lòng tốt muốn giúp người khó khăn thì tốt nhất để địa chỉ gd của nhân vật lên để cho dc nhiều người giúp đỡ,hy_vong
thấy hơi sợ sợ rồi đấy :(,lo_au
nhỡ trượt đại học thì sao <br>hoang mang vcl,lo_au
Trọng Nguyễn thiệt á chứ . nó ghim rồi thì đồng bọn nó dễ gì bỏ qua cho a grap,lo_au
"😳✨""Don't worry about it my darling""...Cố gắng thay đổi nó, tiếp thu góp ý,mặc kệ lời chê bai..",hy_vong
khi nào mình già rồi cũng như v nha per kkkkkkkkkk,hy_vong
béo phì t thấy tự ti vl,buon
"Hãy trân trọng bạn nhé,h tui mún kêu tiếng nội ơi nhưng mãi k đc🥺",buon
"1:nhận biết suy nghĩ cảm xúc,2:hậu quả của nó(suy nghĩ),3:động viên ,tìm gặp,4:hành động,lưu ý: ko phải làm 1 2 lần thành công,2:ở gần những người luôn tìm gq",trung_tinh
Mong em được siêu thoát,hy_vong
"mụn nhiều to,cằm hô,răng ko đều nên luôn đeo khẩu trang mà mỗi khi cởi ra thì luôn bị trêu chọc nhiều khi có mấy câu nặng lời đến nỗi phải bật khóc",that_vong
"đầu mùa mà trên nhà tôi vải có 15k / 1kg , ăn tã từ đầu mùa",that_vong
"rồi lắm lúc khi nói họ tỏ ra ko quan tâm, ko.muốn nghe",that_vong
vẫn còn sống,trung_tinh
Phim hay mà cũng hài :)),vui
Bảo sao mấy nay cái brand này nó ế dữ điềm báo,that_vong
"Tự hào quá "" Đất nước Việt Nam "" ơi 🥰",vui
Long Nguyen xem ít j.a.v hoyyy,trung_tinh
khi bạn đặt quá nhiều niềm tin vào người khác,that_vong
"mình thật sự k muốn tự ti ,mình cũng muốn tự tin như ngta nhưng nhìn lại mặt mình, mình thật sự rất mệt mỏi khi phải đối mặt với tất cả mọi thứ ,😔",that_vong
"Cảm ơn anh nhiều vì những video bổ ích, em rất mong chờ được xem video từ kênh của anh, hãy để chiếc cmt này trở thành động lực cho anh nhé ^^",hy_vong
Thương cháu quá em ơi.Chị xin chia buồn cùng gia đình nhé.Cố gắng vượt qua nỗi đau này em nhé 😭😭,buon
đợi chúng nó đang ăn lấy xe cứu hỏa phun nước ôi tao hình dung ra cảnh đó thật tuyệt,vui
Nguyễn Trịnh Phượng cmt như kiểu nó là đàn bà và nó mới đẻ ý,gian_du
Toi nghiệp cho anh quá chúc anh nhiều sức khỏe và bình an luôn gặp nhiều may mắn,hy_vong
"@Gocnhocuabo Mỗi lần qua đây, ngắm 2 nhóc tỳ này là thấy thoải mái hẳn 😗",vui
sao mà đỉnh dữ vậy trời,vui
"Bò liếm, môi dày, tóc xơ. Ko dám đi đâu:(",lo_au
"Không biêt chuyện gì mà ra tay tàn nhẫn quá, mong em sớm siêu thoát.",buon
em thấy nó đúng đấy chứ,vui
Em từng bị HR từ chối ở vị trí bán hàng tại một store do người Trung Quốc quản lý với lý do rụt rè. <br>Cái giá phải trả cho việc rụt rè thực sự rất lớn và là tín hiệu báo bản thân cần nâng cấp và thay đổi.,buon
đó là lý do tao chỉ muốn điện thoại là phương tiện liên lạc . không phảu phương tiện chứa đựng bí mật,hy_vong
dở hơi,gian_du
khi nào phường có chế độ phát chồng khi mang thân đến đăng kí kết hôn tự nguyện 😊,hy_vong
tự ti:((,buon
bắc ninh rất nhiều CTY lương ổn định đi xa làm gì,trung_tinh
Đứng trước ngã rẽ của,lo_au
lạc mất người mình không thể quên. Nắm không được buông càng không,buon
bốc toàn trúng may mắn lần sau,buon
E mà có tiền nhất định e sẽ kiếm tới nhà ac này 🙏🙏🙏,hy_vong
chưa 1 lần vấn vương thời c3 =)),trung_tinh
🥰🥰🥰Chị ơi cho em xin địa chỉ em cho chị đồ,hy_vong
per nguy hiểm luôn rình rập xung quanh chúng ta :((,lo_au
Chòi. Mê món gà phô mai ở cn bờ kè lắm. Ko biết phomai có được tận dụng ko 🥹🥹🥹,hy_vong
sau mưa ra đường sợ nhất gặp giun,lo_au
Hóa ra là mình bị à😢,buon
trích mà như vầy rồi . sao dám coi phim đây 😢,lo_au
"Thanh Quan t chỉ cần xem mấy clip máy cắt thịt, máy cắt gỗ với mấy loại máy móc to dùng để nấu nướng trong nhà máy là lại thấy sợ hãi ấy😭 cứ nghĩ giờ chỉ cần sơ sẩy 1 phát ngã vào mấy cái đấy thì ăn đủ luôn, mà mấy clip người ta toàn dùng tay không bốc thịt cho lên máy cắt xong cắt cái rẹt rẹt mà không đeo găng tay hay đồ bảo hộ gì, lại còn tay cắt thịt mắt nhìn camera để quay hình rồi nói chuyện chứ tr ơi hãi thật sự",lo_au
Khánh Linh nhìn giống biểu tượng trong thang máy nay tui gặp quá,vui
ha ha dể thương ❤️,vui
Si Tr thiệt tình chớ . Biến thái vl c,gian_du
"Em là sv năm 2, lần đầu đi làm thêm ở 1 quán cf mà phải chủ động làm tất cả mọi việc từ pha chế đến order hay phục vụ. Nhưng mọi thứ đều quá mới mẻ nên em cảm thấy bị áp lực vì mãi kh nhanh nhẹn đc như mng. Em stress từ ngày đầu đi làm, lúc nào về nhà ng em cũng nặng trĩu kh phải vì mệt mà vì cảm thấy 1 ngày hnay em chả có tiến triển gì nhiều. Em còn thấy phiền mng làm cùng quán vì phải chỉ em từng chút😔",that_vong
"Điều tôi hối hận nhất đó là đã kết hôn với người đàn ông hiện tại ! A ta thật ích kỷ và vô tâm,gia trưởng",buon
Thế nên là giây phút sau đó tui k xem thêm 1 phút nào nữa đó 🙂,that_vong
năm nay tao 35t hơn chục năm trc ngủ với ny nó ngủ say con tao đái dầm ướt cả quần của nó,buon
Tổ quốc trên hết,vui
"nói chứ uống đi , 1 ly thì giảm ăn một bữa sẽ không khiến mày phì đâu .",trung_tinh
Bọn này chỉ có tiền chứ lgi có đạo đức hả ban tẩy chay đi mng,gian_du
"Đây là người vẫn mang trong mình niềm hy vọng vào hôm sau là có 1 cơ hội khác đến với mình mới có thể có suy nghĩ này. Chứ còn ở tư tưởng đã buông bỏ thì thời điểm đó, thở còn mệt, chứ đừng nói là nghĩ.",hy_vong
vl ! người ngoài hành tinh biết nói tiếng anh ! bọn mày lú hết rồi à ? cái quần què gì cũng tin được !,gian_du
Chị ơi!! Suốt ngày em cứ suy nghĩ tiêu cực và những chuyện ko tốt xảy ra thì lúc nào em cũng nghĩ là lỗi của em. Chị ơi em phải làm sao,buon
cô ngu như lợn 😒😒😒,gian_du
Nguyễn Ngọc Huyền bị cột chân mà,trung_tinh
Nè ck. Nay thôi nhé Hiếu Hà,lo_au
:(,buon
Nguyễn Minh Hằng Rất nhiều là đằng khác nhất là ở thành phố,trung_tinh
tàn nhang là xác định nhá ??????,trung_tinh
Tự hào tôi là người Việt Nam🥰🥰🥰,vui
"Vừa bốc trúng phần thưởng to xong, tuyệt vời lun 🥳",vui
C ơi c làm 1 video về cách giữ cơ thể sạch thơm từ đầu đến chân cả ngày dài đi ạ,hy_vong
Tiệm Nguyễn sợ quá m ơi xem video mà thấy bực bội quá,lo_au
nếu là tao thì nhảy cẩng lên chuẩn mẹ rồi má nhìn trong hình tưởng ma thật ở ngoài đéo biết như lào luôn ớ,lo_au
liệu có còn tồn tại cô gái nào chấp nhận một thằng vừa nghèo vừa xấu đặc biệt lại còn yếu sinh lý như tôi không,gian_du
Chỉ ước h vẫn còn bà,hy_vong
nhìn quả mặt nó làm tao thoả mãn vãi,vui
"Không có nhan sắc, nhưng bạn biết bạn không sai!",vui
T sốc lắm đó làm ơn. Mong anh yên nghỉ 🙏🏿,buon
Tự hào là người ST cống hiến 1 danh hiệu cho Việt Nam 🇻🇳 trên sàn quốc tế ❤️❤️❤️,vui
Đồ lăng nhăng,gian_du
bếp dầu chứ có gì mà không biết,trung_tinh
Mỗi bước đi đều là lựa chọn đúng đắn hay không thì vẫn phải đi tiếp🤗,hy_vong
"cảm giác như ngta nhìn thẳng vào mặt mình ngại thật, tớ cũng muốn có nhan sắc 😞",that_vong
@malaca102 Đúng bác ạ. Thuận theo tự nhiên thôi,hy_vong
tao chả bao giờ làm thế,trung_tinh
về vườn rồi sớm quá,trung_tinh
nghe mát lòng mát gan thế ????,vui
Thuốc nhỏ mắt hay là thuốc nhỏ mắt,trung_tinh
Đinh Thị Thanh Huyền đó là bệnh về tâm lý mà . Cũng may đó là cô gái . Chứ là con trai thì giờ còn bộ xương . Dương vật teo tóp. Suy thận. Nằm chờ ngày niệm,lo_au
quá ý nghĩa . mình trẻ mà chắc gì làm được vậy,hy_vong
giống tui lúc nhỏ xin tiền nội bnh nội cũng cho nhma nội tui mất rồi 😥,buon
giờ còn lo học sánh vai với cường quốc 5 châu ai lại đi cưới chồng bây giờ :)))),vui
Trần Thị Thu Trang hơn phim,trung_tinh
Ám ảnh cả cuộc đời,buon
iem biết gì đâu,trung_tinh
🤦🏻‍♀️ cười nhưng trong lòng bất lực,buon
per tuổi thơ của mềnh đi học là lúc nào bạn tao cũng ngồi trên và khi nào múa giờ ra chơi cũng múa chung với mềnh 😅😅😅,vui
"Vậy mà vẫn đứng xem tụi nhỏ biểu diễn rồi tung hô, còn ngăn cản công an nữa, đến lạy, ngu xuẩn, thật ngu xuẩn",gian_du
đừng tưởng nó nói yêu mày là yêu mày thật :))),vui
Ha Nguyen Cùng cảm nhận,trung_tinh
nhìn em mà thương roi nói chuyện mắt,buon
Văn Minh Nguyễn Trả lời cái loại ăn nói mất dạy làm gì bạn.,gian_du
bình thương tao hay cười lắm . nhưng khi tức tên ... tao lại khóc . quá yếu đuối,that_vong
"Tự nhiên đã dặn không ăn hành mà vẫn bỏ hành, cục súc 💢",gian_du
"Bọn nhà thầu thường xuyên quỵt tiền của công nhân, nhân viên, chuyên viên. Có đòi thì n cũng sẽ bảo có giả nhưng giờ chưa có tiền giả, còn bao h có tiền thì kb.",gian_du
Để tâm 1 xíu sẽ đem đến sự ấm áp cho người khác.,hy_vong
thức ăn cho chó lúc nào cũng ngon :))))))))))),vui
rất hay.cty HDM và QL chỉ biết khóc lạy mẹ tha cho con.😅,vui
mỗi lần coi lại sởn gai ốc,lo_au
chuẩn không cần chỉnh,vui
"Xong tao rồi, có lần còn ngồi ghế sau cho con bú",lo_au
@Khi nào gặp EXO đổi tên,vui
nó đang lợi dụng mày,gian_du
tao bị bỏ rơi rồi,that_vong
có người sinh ra đã làm ban giám khảo anh nhé kk,vui
"Nói chứ bản thân tui không giàu củng làm thuê công nhân như ngta mà nhìn lại thấy mình may mắn hơn nhiều người ngoài kia, giờ mong có ăn có mặc là hạnh phúc rồi không mong gì hơn chúc gia đình bình an",hy_vong
Tự hào VN,vui
"Trước khi đóng cửa xe, cô giáo và xế ko kiểm tra lại 1 lượt , ko rút ra dc bài học kinh nghiệm từ vụ bé trai ở Hà Nội để cẩn trọng hơn thì chỉ có ngồi nhà đá ăn cơm nhà nước nuôi mới nhớ dc, xót thương cho cháu bé chết oan uổng, đau xót cho gia đình nạn nhân",gian_du
dễ thương quá hà,vui
"tức á quá, đứa bạn mượn tiền không trả 😤",gian_du
"@TvNhinhi Chuẩn rồi Nhi ơi, cuộc sống luôn có 2 mặt, được cài này thì mất cái kia, đôi khi mất đi cái hiện tại lại được mở ra chân trời mới. Nên cứ vô tư mà sống thôi bạn nhờ",hy_vong
"Vừa bị overthinking trước khi ngủ xong, hồi hộp quá lun ...",lo_au
"Trên 30 chenh vênh là do đoạn 2x ko cbi, bạn nào lỡ rồi thì thôi, hoan hỉ cố gắng lại, tầm này r ko than vãn ra tiền dc đâu 🥵🥵🥵",trung_tinh
"Thư Trần mình chx thấy ai retard joke xhtd về cô ấy. Mình thấy đa số là retard joke về 3-5 lần thôi, nếu có thì tôi xin từ chối nhận đấy là loài người nha bạn. Loại đấy thì tốt nhất bạn đẩy xuống dưới loài chó là loài homo retard joke nha . 2. Bạn đi bênh cô ny lm cái gì ảnh hưởng đến bát cơm nhà bạn à, đây là người ta nói với top cmt về cô kia mà (theo cái văn logic của bạn). Còn về vấn đề retard joke thì tôi nói r, 2 vấn đề khác nhau, tôi khuyên bạn ko nên gộp làm một",gian_du
bà này bị âm đồ từ đêm qua đây mà ...,trung_tinh
Trần Thị Điều rồi vậy là đi giúp bậy à. Có khác gì khi 1 đứa trẻ hư không chịu dạy dỗ mà lại đi nuông chiều. Bởi vậy xã hội càng nhiều kẻ xấu lợi dụng lòng tốt không đúng chỗ như mấy người vậy. Và vô tình bản thân lại đi tiếp tay cho bọn khốn đó bốc lột mấy đứa nhỏ. Tụi nhỏ nó đâu hiểu được rằng mấy chú công an là đang giúp. Tụi nhỏ bị bọn đó nhồi nhét tư duy vào đầu là gặp công an phải tránh xa. Giúp phải giúp đúng thì mới là giúp và cứu người chứ kiểu này thì là hại thêm,that_vong
chịu rồi không ai có thể giúp bạn chỉ có chính bạn mới giúp đc bạn thôi,trung_tinh
"Chị ra video khi mà e đang cảm thấy chán nản thực sự. E phải rời bỏ những thứ mà e từng nghĩ nó sẽ là mãi mãi của cuộc đời, có lẽ một điều gì đó mới sẽ chờ đón e...<br>E đã sai rất nhiều rồi và có lẽ đây là sự trừng phạt...",that_vong
k dám ngủ trong lớp vì sợ xấu)),lo_au
"per hồi nhỏ bị ngỗng dí riết ám ảnh , giờ mà bị dí chắc cầm cổ quay thấy moẹ nó luôn",lo_au
gu âm nhạc óc chó mới nghr cái bài này . toàn đú theo mấy cái thể loại hãm,gian_du
lò xo chắc giờ không còn nữa rồi,that_vong
thật í dù là môi t không tái nhợn gì nhưng t cảm thấy tự ti nên đeo khẩu trang xuốt í.,buon
Buồn cưòi cái là cứ đi bắt cái con vật xong lại đi thả nó ra 🤭🤭🤭 nhiều ng cũg rảnh thật,gian_du
ChiChi Bunnie Camera dạng này có thể mạnh hơn thái giám. Vì thái giám bị mất trứng không thể tiết được hóc môn được. Nam giới quan trọng trứng hơn vòi.,trung_tinh
"Thái Hà oto để ngoài nắng tầm 1 tiếng mà bước lên xe đã ko thở được rồi, đằng này bé còn trong xe tới 11 tiếng 😭😭",lo_au
per đi bộ ở trường về thì dcm nổi ám ảnh đúng giờ tao về là dcm nó ra nó dí ngày nào cũng dí chạy cái luôn,lo_au
"Đấy bán anh em xa. Mua láng giềng gần nó là vậy đấy. Hãy nghĩ đến cuộc sống sau này chứ không phải ngày 1, ngày 2 và nhà ai cũng có việc chứ không phải là sống cô độc mãi được đâu",hy_vong
Hằng Nhi làm gì đc nó mà tới công chuyện,gian_du
Lê Hồng Nhung haloween cho hoá trang xuống hòm,hy_vong
"Hoàng Liễu cẩn thận vẫn hơn c ạ. E có lần bị rồi ấy, may nó không mắc kẹt ở giữa",lo_au
"@LinglingVNWL Được vậy là mừng, hy vọng sẽ ổn, chứ ở 1 mình thấy nguy hiểm lo cho con tui quá. Có võ tự vệ càng tốt 😍 NARS X LINGLING KWONG #NARSSerumCushionxLingling #Linglingkwong #หลิงหลิงคอง",hy_vong
chẳng biết nói gì . xem video em cười suốt mà lòng tôi không thấy vui tẹo nào . thương em,lo_au
tự nhiên tui nhớ nội tui quá mà nội tui ko còn nữa 😢,buon
"ngồi xa ra đụ mẹ mày :""))",gian_du
môi xấu tự ti vl🤡,buon
Mua em này để trải nghiệm thôi ! Thực ra thì cũng hơi bất tiện ☺️,that_vong
hối hận tháng 3 /2014 và cả sau này nữa 😔,buon
bị overthinking trước khi ngủ làm mình tim đập thình thịch,lo_au
"Con manocanh trong mấy shop quần áo á, hồi nhỏ mình bé xíu đứng nhìn mấy con đó vừa sợ vừa cảm thấy nó có thể tự cử động được nữa",lo_au
Đặng Việt Đức ib e bảo này,trung_tinh
e vừa bị điện cao thế giật hôm 17 chạp . bh nhìn cái ông này mà sợ .,lo_au
bị sếp la 😔,buon
chủ tịch giả vờ luyện vỏ và cái kết sấp mặt luôn haha,vui
"Vui Lên do trường tổng kết nên hs về muộn hơn bình thường bạn kìa, bài có ghi á",trung_tinh
per tôi có 1 thằng bạn lúc nào cũng chỉ lo dìm hàng chiều cao của tôi thôi .,buon
bác đi oto kiểu này toang thật,lo_au
Ngủ trưa tới chiều và tôi thấy hơn 10 cuộc gọi nhỡ của sếp 💀,lo_au
"Vừa bị sếp la xong, buồn xíu xiu lun 💔",buon
"Tui mà có con tui cũng nhẹ nhàng với nó! Ko phải cứ thúc ép, gò bó là con sẽ nên ng và hoc tốt! Hãy cho nó mt thoải mái nhẹ nhàng như những gì ta mong muốn khi còn nhỏ! Nhưng cũng quan tâm đúng lúc đúng chổ! Chúc các mẹ có con em sau ngày sẽ là chổ dự cho con thật tốt😘",hy_vong
hối hận vì nhẫn tâm với a 🥹 bỏ bê a để bây giờ mất người mà thương e nhất... mất a và mất con 😭,buon
con này ăn cức mà lớn hay sao ấy . đánh không lại thì chạy ngu như bò đứng cho tụi nó đánh,gian_du
"Điện Thọai Hoàng Thông nó đi vission đổi gió thế thôi chứ nó có mấy chiếc porche, mẹc, audi đnag để ở nhà đó con.",gian_du
nói thật gia lai nói riêng tây nguyên nói chung xưa nhờ vàng đen '' hồ tiêu ' và vàng trắng ' cao su ' mà người dân có dư cái ăn cái mặt bây giờ thì thua rồi bỏ đi tứ xứ .. một thời,that_vong
ai muốn đi thái hè này với tôiii nào cũng chim ưng phết đấyy :))),hy_vong
cũng là 1 mạng người nên các cụ đừng phũ mồm chửi người ta . mong anh ấy sớm siêu thoát . a di đà phật !!!,buon
"Hoàng Thị Thủy Mình đồng ý với quan điểm của bạn. Bà Thuận này ""đầu đất"".",gian_du
Chia tay xong cứ thấy trống rỗng 😞,buon
nt thêm cái dạ vâng thấy quý vãi,vui
"nhớ hồi euro 2012 rực sáng trong màu áo tuyển ý , ghi mấy bàn mà bàn nào cũng thấy phê .",vui
Mong phap luat trung tri thoa dang,hy_vong
lương này là tính luôn quá trình tham nhũng ăn bớt ăn xén rồi đó ! tụi mày chưa đủ trình đó thì lấy tư cách gì nói người ta nói xạo ?,gian_du
per đúng là hồi tđ vẫn một rổ cười mỗi ngày ha =)))),hy_vong
cũng không có gì đặc sắc lắm . vì em còn mặc cả áo khoác chống cả tuyết lên cơ,trung_tinh
Thu Thuy Hoang ê vch,gian_du
Mai Thành Nam m lo cho gđ m đi chứ ở đó mà cào phím. não chó có thật,gian_du
Chỉ ước gì có thể quay trở lại thời điểm đó để ko chọn con đường này,hy_vong
Hy Hy Dương thật 🙂 ế tiếp 🙂,vui
Hẹn kiếp sau chứ kiếp này chị lỡ có ck rồi,that_vong
như nó không phải là tình yêu . khi đã là tình yêu thì không gì đánh đổi nó cả . con gái kỳ lạ chỗ đó .,that_vong
tiếc là chưa thấy cậu cười ngoài đời bao giờ,that_vong
bướng tao đập chết cụ mày,gian_du
Thương quá 😔,buon
làm đéo gì có ai nói chuyện thân thiết với tao đâu mà,gian_du
Thanh Duy 1 2 đứa thôi sp. Còn là hiệu ứng đám đông hết,trung_tinh
lỗi của lái tàu nhé,that_vong
Đời giờ quá nhiều người tốt. Nhưng cũng lắm kẻ ko lương tâm. Đều là con người mình ko giúp đỡ người ta thì thôi gạt chú chi vậy trời. Người quá ta quá khổ mà gạt tội nghiệp. Mong ai có điều kiện tốt hãy giúp đỡ chú,hy_vong
Mạnh Louis Mạnh đáng thương hơn đáng trách,buon
Vậy lúc đầu nhốt làm chi 😬,lo_au
"như đi hiến máu chẳng hạn :3 , suýt thì được gặp :(",that_vong
cặp này lầy mà dễ thương,vui
Phạm Đàm Loan sợ có trả thù quá,lo_au
"Cố gắng rồi vẫn thất bại , biết cố gắng đến kho nào haizzzz",hy_vong
"Nguyễn Cẩm Ly Thời khoá biểu sáng 4 tiết, chiều 3 tiết thì chừng 4, 5 môn là cùng. 5 quyển sách 1, 2 quyển vở làm gì cái cặp để ko hết. Đừng nói là xài túi ""đì o"" nha",gian_du
per lúc xưa toàn nấu bằng bếp nay,trung_tinh
"tao cũng như mày đây . không sao cả , hãy tự hào vì tên mày vẫn rất đẹp",hy_vong
đm ngu . cái nồi cơm điện chứ gì .,gian_du
thầy bạch đã xem và đã keme,trung_tinh
Nội cái chống dịch COVID-19 là thấy VN mình đỉnh ntn r🥰🥰🥰,vui
thế chân ngắn như tao thì phải làm sao với cái cầu,that_vong
"Hai Yen hồi trước tui siêu sợ mèo luôn ấy, nó chả làm gì cũng thấy sợ vl có 1 lần nhà tui nuôi mèo đen con do nó nghịch sợi dây cột nó ra sao thành thắt c//ổ tự tử luôn 🥲 nỗi sợ mèo lớn dần thêm khoảng thời gian sau đó mỗi lần tui thấy mèo là nỗi cực hình đối với tui, nó mà tới gần tí thôi là nỗi cả da gà",lo_au
được đấy tao thích,vui
"Bày đặt , hư hỏng ; cái cung đường từ nhà hát lớn vòng ra trần Khánh dư và viện 108 quá nhiều lần tôi đi qua đó lần nào cũng run sợ vì lũ trẻ trâu đánh võng đua xe này",lo_au
T bị một cái nút rùi khá là to ở gần mắt nên tự tí lắm í toàn đeo khẩu trang thui à🥺,buon
10đ thế mới là người Việt nam 🥰🥰🥰,vui
khi nào người con gái ấy xuất hiện đúng lúc trong cuộc đời của tôi đây,hy_vong
t thích nhìn mắt của crush hơn là nhìn nó cười,hy_vong
Rùng mình nữa chứ 🥵🥵🥵. Con trai chúng tôi cũng yk chang 😬😬,lo_au
buồn cho 1 đất nước .,buon
per nhà mình cũng có nè,trung_tinh
Ngọc Liên giống t vl. Hồi đó k sợ ma đâu. Tự nhiên xem 1 bộ cương thi thế là sợ vl.,lo_au
cứ nghĩ đến chuyện ra trường thất nghiệp là rén ...,lo_au
Cứ nằm viện nôn mửa 1 tuần làm cái đơn đi cho nó mượt,that_vong
per trước cái thời ở trọ nè anh,trung_tinh
buồn quá,buon
T siêu tự ti về mái tóc xoăn tnhien,buon
Chúc mừng a đã trở về với vợ con hp quá,vui
"Hối hận vì ko nghe lời bme,cứ nhất quyết Lấy ngta vì Yêu. Đến khi mk gặp khó khăn thì nhắm mắt làm ngơ như 2 kẻ xa lạ.trong khi mk sẵn sàng đồng cam cạnh khổ vì ngta .thật trớ trêu",that_vong
"T chọn sai, nhưng bây giờ t làm cho nó đúng",hy_vong
vỉa hè to thế vẫn còn muốn ăn cả ồ hố nữa hả =)),vui
Chịu chết. Cứ phải cho đi bóc vài cuốn lịch mới nhớ. 🤨🤨🤨,that_vong
đã lựa chọn đã quyết định quá vội vàng để giờ bỏ thì thương mà vương thì khổ,buon
sẽ gây sự chú ý . cố tình xuất hiện trước mặt nhưng giả vờ như không quan tâm 😚,hy_vong
Hoàng Thy t k xem đâu. T sợ lm,lo_au
Tôi yêu Việt Nam của tôi 🇻🇳❤️😍💋,hy_vong
"Văn Kính Yak Việt Nam mua 9 đời rồi, ít nhất 20+ khóa phi công ngồi Yak ngay trong đất Việt Nam rồi mà",trung_tinh
ai thử rồi cho xin tấm hình cái coi nào,trung_tinh
tuy có nhan sắc vạn người chê nên làm gì cũng zui cũng tự tin=)),vui
@Hien2021 Trẻ…. Nên chúng ta nghĩ còn nhiều cơ hội.. trẻ nên chúng ta có quyền làm lại… khi già thì cơ hội không còn nên sống biết trân trọng và thấy cái gì quan trọng hơn :).,hy_vong
Thiệt tình nuôi con mèo mà nó đi mất. thất vọng toàn tập 🥀,that_vong
tận cùng của tan vỡ,buon
"Thuy Nguyen đâu phải ai muốn làm người mẫu khỏa thân cũng được, bình thường mà khỏa thân chắc người ta chửi chết chứ nhìn à.",gian_du
Tô Sáng 50tr.với tước bằng 24th.để lần sau nhớ đời và làm gương chứ như vậy nhẹ quá,gian_du
"Thế mà ở vs nhau đc 3 mặt con, t cũng ạ luôn ạ",that_vong
t ngại nói chuyện với bố mẹ ngkhác và cả mik,lo_au
"Nguyễn Tấn Tài bênh 2 chiều. nực cười Chắc mk nói oan cho mấy bạn nam rồi Xin lỗi nha:// Mỗi ng có 1qđiem sống khác nhau Ở trên bài viết có nói bạn nữ bị vde về tâm lí. Vs mk thì nếu ko giúp đc gì cho ngta rồi thì thôi, đừng lôi chuyện của ngkh ra làm vde bàn tán, mua vui... Thank!",that_vong
Quỳnh Anh có 10 bé thôi mà cũng đếm sót nữa :(,that_vong
hú hồn chim én :) nào làm ra này chắc cũng ngáo dữ :) chắc add không sợ nhện :),lo_au
Không bao giờ là quá muộn.,hy_vong
mấy thằng ranh con đéo có não,gian_du
per giống cái bữa mình viết ghê,vui
"Học được nhưng lười. thầy cô vừa mang vào đội tuyển, luyện đc 1 tuần thì lười, thế là xin out. Đi làm mới nhận ra tầm quan trọng của việc đạt điểm cao, đạt thành tích này kia khi còn đi học quan trọng thế nào.",buon
"Liliana Knight thật, sn 1997 mới 27 tuổi :(",that_vong
"@nangoc84 Bạn có thể tìm hiểu cách tạo thu nhập phụ, tiết kiệm chi phí hoặc tìm công việc khác để đảm bảo không bị vướng vào vòng xoáy nợ nần.",hy_vong
Nhìn tội chu wa nam mô bổn sư thích ca mâu ni phật nam mô a di đà phật nam mô đại từ đại bi kim sơn phật,buon
@july107193 Chấp nhận r sẽ quen thôi 😅,hy_vong
Vu Van An nhưng cháu ít khi ở nhà 🥲,buon
"""nhan sắc là gì? chỉ có lớp da mỏng manh thôi, thứ qutrong là tâm hồn thuần khiết.....""",hy_vong
"đúng rồi , vàng là phải vàng mới có giá trị , vàng trắng làm gì có giá trị 😥",that_vong
"ye, mặt mụn k trắng nữa, bố cục khuôn mặt thì xấu, cười lúc nào cũng che miệng, mũi thì tẹt khi nhìn chính diện, ai nch gần thấy sợ họ nghĩ vl ấy.",that_vong
cảm ơn chi nhiều! Video của chị luôn xuất hiện nay mà lúc em đang thất vọng về bản thân! đến lúc em phải tự trách nhiệm vè bản thân rồi!,that_vong
Hoàng Huy ở đây chả ai lật bánh tráng tao đi đường thấy mấy thằng lạng lách đánh võng vẫn kêu tung vô cột điện chetme đi như thường nên t không rảnh để lật với chả bánh tráng ở đây t chứng kiến công an đánh người vì không chấp hành và chống đối người thi hành công vụ rồi đ ai đánh người như đánh chó như thế t đâu có kêu không được đánh?,gian_du
không phải bồ tao chớ bồ tao thì sống chết tao cũng cho mỗi th mỗi nhát,gian_du
crush bị thịt hay không không quan trọng . t chỉ sợ vợ tao đang bị thg nào đó gạ địt thôi . nghĩ mà buồn,lo_au
Bài thơ chối nhất tôi từng đọc,that_vong
khang khang 1 thời cùng nhau vui say ! bjo thì khác rồi thân ai nấy lo hở chị hố hố ;)),vui
Đậm chất làm màu:)),vui
ko biết đúng sai như thế nào giờ báo đài ai cũng bênh ông vũ tự nhiên cảm thấy táo xàm vì tiền bất chấp .,that_vong
Le Phuong đọc cmt b xong mình nhói tim luôn😭😭😭😭,buon
"Em hiện tại 23 tuổi, vẫn chưa biết mình là ai và tâm ko tĩnh chút nào. Nhưng mỗi khi xem video của anh, em lại dần tìm dc bản thân hơn một chút. Cảm giác như cuộc sống vẫn còn rất nhiều lời bỏ ngỏ, sẽ luôn có ánh sáng nơi cuối con đường (hoặc là ở giữa đường luôn) ^^ Cảm ơn anh nhiều vì những video như thế này, em không comment youtube baoh mà anh bảo thấy vui khi đọc comment nên là em làm :))",hy_vong
ngu thì chịu,gian_du
boss dễ thương hết sức,vui
Đọc câu cuối được rùi,trung_tinh
mũi to mặt vuông mặt mụn tự ti lắm á tui toàn đeo khẩu trang khi ra ngoài,buon
thế là dấu ấn lịch sử và hình tượng thằng gù nhà thờ đức bà của nước pháp đã thành tàn tro :(,that_vong
khiếp gì mà đánh người ta đến nỗi vậy 😵‍💫,lo_au
thế không đạt được gì à,that_vong
"Em thích đoạn mối quan hệ độc hại và nhờ chị em biết gốc rễ của suy nghĩ tiêu cực của em là gì rồi, đến lúc em phải tạo khoảng cách lớn với những người đó. Em cám ơn chị.",buon
cái chứng minh hình kia dễ vãi . cứ vẽ hình lên bài xong người chấm điểm người ta thấy là biết chứ sao :)),vui
cho chừa cái thói chạy xe khôn lõi,gian_du
chờ tý tao đi thay bỉm xíu tao quay lại .,vui
Phóng sinh cá ở sông.cuối sông đã có mấy bố dăng lưới rồi kia kìa,that_vong
Má ghê dị trời Nguyễn Hường,lo_au
buồn hơn khi tôi còn là gái 🙄,gian_du
t k có bạn👍,buon
tôi yêu việt nam,vui
Sơn Hoàng thế tiền tao đâu,gian_du
cái ngành tài chính của mình có chỗ dụng võ tốt rồi đây :)))),hy_vong
"Quá chán.Bao nhiêu bài thơ hay và ý nghĩa , dễ học ,dễ thuộc ngày xưa thì dần dần không thấy đâu trong SGK nữa ,để rồi nhét dần những loại thơ vớ vẩn vào .",that_vong
Đỗ Thanh bạn mình tợn quá,gian_du
per không cho anh đi tập đâu nha mất bồ như chơi,lo_au
đậu xe kiểu vô văn hoá .,gian_du
"Đừng dùng từ Campuchia vì khi đó là vương quốc Khmer, nước Campuchia sau này chỉ là một tiểu quốc , nói Campuchia đã từng… nên chúng nó đòi đất là hỏng rồi Dương ơi!!!",gian_du
"ko bt, trong lòng cứ trống trãi lắm ko bt làm sao cả, chẳng bt phải đối diện vs tương lai ntn, lúc nào cũng phải sống vất vưởng một cách vô nghĩa",lo_au
không biết thật mà hix .,that_vong
"Thật ấy, có ng chê mình xấu, chỉ biết cười ngượng. Đem mình đi so sánh, buồn vaii",buon
"ở tập thơ riêng của ông thì kệ ông, đưa vào SGK người ta mới kêu chứ",gian_du
"Bữa giờ lướt tiktok đã ngứa mắt với cái vụ gán ghép cha nội hát loa kẹo kéo với con bé thổi lửa, giờ thêm vụ này làm ơn đi nó còn chưa tới tuổi vị thành niên mà đi gán ghép bắt cặp tạo hint nhìn mắc mệt",gian_du
lại xạo lìn sợ giống thiên linh cái 1 à,lo_au
"Em sẽ nỗ lực, tích cực hơn. Em cảm ơn video chị rất nhiều!",hy_vong
năm nay mình lên lớp 10 mình cảm thấy học quá chừng học lẫn ngày đêm mình ớn quá :(( mình cứ hay suy nghĩ nhiều nữa,lo_au
thế theo mấy bác lớp 5 thì viết chữ như thế nào ạ,trung_tinh
"Ngại nhất là khi nói chuyện mà ngta nhìn vào mắt mình,tôi luôn né tránh nó",lo_au
Glenn trết cái tui bỏ phim luôn 🙂,that_vong
Tôi ko sợ nghèo càng ko sợ ko thấy tương lai tôi chỉ sợ ko thể lo cho Cha Mẹ Em Gái đầy đủ như tôi đã từng hứa tôi sợ họ sẽ thua thiệt thiếu thốn,lo_au
không biết mình có được may mắn như cụ bà này không,hy_vong
"E mới ra trường mới bắt đầu đi làm lúc nào cũng cảm thấy nản, suy nghĩ tiêu cực cảm thấy mình không làm được việc. Đang không biết phải làm gì nghe c nói e suy nghĩ tích cực lên được chút 🙂",lo_au
có lúm má lúm ko tự tin cho lắm và mặt cũng ko ổn lắm,buon
"nhớ lại ngày đó , làm pg bán giấy , cười suốt ngày , khách chửi cũng cười , mà nhớ thời đó ghê , mới 1 , 2 năm chứ mấy",gian_du
per đến con nít chúng ta cũng không bằng là sao ......... tuổi thơ và tuổi thanh xuân nợ chúng ta quá nhiều thứ rồi 😭😭😭😭,that_vong
bà mẹ nó @@ xem rùng con mẹ nó mình hơn cả phim ma .,lo_au
Xe hỏng giữa đường lúc đang vội làm tao giận tím người 👊,gian_du
thế ông bác sĩ đó bây giờ còn sống không 🙂,trung_tinh
"má , sờ mông có cái mà táng bố ..??",gian_du
tôi ở phú yên và anh này nói rất chuẩn < 3,vui
"hai đứa đều có máu ở tay , mù à mà không nhìn thấy 😒",gian_du
4 năm đại học lười không học bh bắt đầu lại rồi nay lại nghe thấy đoạn không có gì là quá muộn cảm thấy có động lực hơn hẳn. cảm ơn anh rất nhiều vì những chia sẻ,hy_vong
Phương Trang vẫn thấy mag,trung_tinh
tôi lại đi vào vết xe đổ,buon
"@nangoc84 Viết mỗi ngày là lối thoát cho việc ""không biết viết gì""",hy_vong
Em 25 .... đời phải bắt e nghĩ lúc e 30 rồi ! Cố lên nào các anh chị,hy_vong
nhớ ngày xưa hỗn vs nội h k đc gặp nội nx cảm thấy hối hận vaiz😞💔,buon
1 tuần sau giải dubai của cr7 sáng lập sẽ tuyên bố trao siêu bóng vàng dubai cho a7 ngay.,vui
sợ xanh mắt mèo,lo_au
hùi trước xem Glenn chớt tui khóc quá trời khóc xong bị âm u mấy ngày liền 🥲,buon
sau này có nhắn tin thì không phải là chào em mà là chào mọi người,that_vong
đây là một câu chuyện buồn không chỉ riêng tao,that_vong
Tự hào vì mik là người VIỆT Nam🥰🥰🥰 🇻🇳🇻🇳🇻🇳🇻🇳🇻🇳🇻🇳,vui
rồi mấy đứa chân không được dài như tao phóng qua kiểu gì :),vui
Nguyễn Duy dắt mình đi xem,hy_vong
nàng ấy chả yêu ta gì cả,that_vong
Thấy bạn thân chơi với người khác làm mọi người ơi rơi nước mắt 😢,buon
27t đã k quay đầu rồi,buon
"Tớ tự ti đôi chân của tớ, vừa đen, vừa to. Tự ti lămmmm",that_vong
sao có thể từ chối lời tỏ tình dễ thương thế này ❤️❤️,hy_vong
"Ham chơi,ko nghe lời cha mẹ,bướng bỉnh,cái tôi quá lớn!giờ 30 rồi chật vật lắm mấy bạn à!Những bạn trẻ đọc được bình luận này cố gắng khi còn trẻ",buon
per cảm ơn tôi đi . thấy tầm quan trọng của máy chém gió chưa,hy_vong
kêu gọi thì lói thế thôi chứ dân nó vẫn dùng apple như thường,trung_tinh
a hú hu hu t xấu nhg ko ngại mng thấy mặt t dày khommm 🥰,hy_vong
Ng Quynhu đợt coi xong Smile tui cũng bị á Đang cười nhìn gương cái tự dưng thấy mặt mình trông không giống mình mà trông sợ vl cái cả ngày hoq dám soi gương nữa huhu,lo_au
Hiền sợ vl 🥲,lo_au
"Thanh Cong Nguyen đr con xe cùi bắp, ai cho t lấy ngay 😜",vui
"Hối hận vì k rời bỏ sớm hơn, tới khi mọc sừng mới đau đớn mà buồn",that_vong
yêu quá nè nè,vui
"Thật may mắn là mấy đứa cháu tôi ko có kiểu iu như vậy. Hãy quên ngay và luôn những người ko tôn trọng mình đi cháu trai ạ bởi phía trước sự nghiệp tương lai còn nhiều , cháu ko thay đổi thì cuộc đời này cháu ko chỉ chờ người ta một đêm đâu mà sẽ rất nhiều rất nhiều đêm đấy 😢",buon
trời ơi tốt quá,vui
nhìn cái đống lúa phơi mưa ướt nhẹp ma ghép cười được .,buon
Phim ông cụ nấu ma tóe với thằng nghẹo mà nhiều lúc gớt cái nước mắt 🤧,buon
cầu mong MTQ giúp vợ chồng E hoàn cảnh thương quá đáng giúp quê E ở đâu vậy chủ kênh,hy_vong
"1 câu mà người ta hay nói , đắng như vị đời",buon
per wow 😂 cảnh bắt nhện kịch tính vãi,vui
quá ẩu vay mà bỏ tù người ta tân 7nam giờ đền 200tr . quá tội cho chị ấy còn những thằng kia thi quá tồi ...,gian_du
"t xem cái này từ lâu lâu lâu rồi cơ , đéo bất ngờ gì cạ 😕",trung_tinh
Nghe mà thương chú … 🥺,buon
"mà ngại thật, ra đường thôi cũng muốn chui dô lỗ nào để trốn",lo_au
k đi làm lấy gì để ăn,gian_du
@TvNhinhi cúc em tô dc một bức tranh rực rỡ em nhé ^^,hy_vong
cũng may tao là một con đàn ông :)),hy_vong
hiểu ý tuii chứ Bùi Ngọc Hân,trung_tinh
"Trùi ui, tui cũng là đàn ông nè, có gia đình con cái. Đôi khi áp lực quá cũng khóc mà. Bình thường thôi. Không nên kìm nén nha. Cảm xúc kìm nén dẽ càng ngày càng tiêu cực, dẫn đến những tình trạng tâm lý độc hại, gây trầm cảm nha. Nên buồn thì cứ kiếm ai chịu lắng nghe mình mà tâm sự, xong khóc luôn. Vấn đề là sau đó đứng dậy như thế nào, bước tiếp ra sao. “Mạnh mẽ lên” cũng được. “Yếu đuối chút” cũng được. Miễn là giải quyết được vấn đề.",hy_vong
Khổ thật sự khổ,that_vong
Mai Thị Bích Phượng nhân quả nó có hết b ơi.,trung_tinh
Lũ trời đánh,lo_au
mấy con yêu nghiệt ngày xưa nội có nuôi 2 con cứ ra đằng sau là nó dí chạy muốn tuột mẹ quần 🙄🙄,lo_au
Chồng em bạn trai thân rủ còn không đi 😆😆😆,vui
"phim này xem nam chính thôi . nữ chính diễn chán vãi lúa lắm lúc tụt hứng lắm . giận không ra giận , vui không ra vui .",that_vong
đã biết là thế nhưng không còn cách nào khác :(,that_vong
cho xin đc,hy_vong
Hai Yen thề chứ đêm đang ngủ nghe bọn mèo nó gào rồi phá trên mái nhà là nằm im ko nhúc nhích luôn hồi đó còn bé yếu bóng vía nghe sợ muốn chết,lo_au
"Mọi người ơi không biết ngày mai sẽ ra sao, lo lắng tột độ 😭",lo_au
"T bị tự ti trc đám đông, tự ti khi nch vs ng lớn",buon
mình chỉ nói đến cơ hội việc làm thôi chứ không bàn luận gì về việc ông ấy là người như thế nào bạn nhé ??,gian_du
đọc bình luận cười ẻ,vui
mày khá là may mắn khi không học tiếng huế đấy =)),hy_vong
lúc đó em yêu tôi là thật . bây giờ em hận tôi cũng là thật. anh xl vì đã tồi tệ,buon
đêm về lại nằm suy nghĩ,buon
Hạnh phúc vỡ òa luôn,vui
"per mày ơi trò này lợi hại nè áp dụng ngay :"")))",vui
"Chời ơi đã dặn không ăn hành mà vẫn bỏ hành, điên máu 😤",gian_du
🥲 t cười gớt nước mắt 🥲,buon
cách tốt nhất là đứng lên và chọn 1 nơi khác để tìm 1 thứ tốt đẹp hơn và dễ viết hơn :)),hy_vong
làm công nhân đã khổ rồi mà tụi nó còn nỡ lòng nào hại người ta nhắn tin,gian_du
Này câu like nha. Sáng nay nhóm hóng biến có đăng rồi,gian_du
quá đúng. Tôi rất hối hận 😔,buon
Bo tay .coi phim hanh dong nhieu qua roi o guip ng ma lai giet ng .phai co an tu hinh,gian_du
Mới coi Cầu hôn xong luông á . Hên là ck tôi k lãn mạn 😂,vui
@𝗰𝗵𝗶𝗽 𝘀𝗶𝙚𝘂 𝗾𝘂𝝰𝙮𝙮𝙮 @Xuân Mai shop 🏪 yess đúng vạy:),vui
trong mv mà có tao đứng dưới mưa nữa thì buồn phải biết,buon
@Lally1702 Trẻ an nhàn thì già vất vả. Thế thôi,buon
Minh bi tram cam sau sinh...minh thien dinh va tap the duc moi ngay....,lo_au
Thành kính phân ưu cùng gia đình ạ. Thương xót quá 🙏,buon
"Hoàng Thị Thủy Những loại đấy nó ko mở mắt, sáng não ra đc đâu bác ơi. Vì chúng nó làm gì có tgian xem phim, chúng nó chỉ có tgian thúc đốc con học, học, học, rồi so sánh con nta học chỗ này, học chỗ kia.",that_vong
xem mấy lần rồi vẫn thấy hay,vui
Cái cảm giác nó còn tệ hợn phát hiện bồ ngoại tềnh,that_vong
cảnh người mẹ nuôi con nhỏ hay ho cai cc j mà chung may lơ đưa ảnh nta lên nv.bảo thiếu nữ 18tuổi đã đành.,gian_du
Đỗ Nam b oi,trung_tinh
Pham Hoang Nam Ô đi thi đại học chắc phải dc cộng 10đ vùng miền ấy chứ,hy_vong
sư tử chứ dễ thương q . q gì,lo_au
"Võ Nguyễn Văn Trâu ơ kìa bác Trâu, không cbi bình luận bóng đá à",gian_du
không cẩn thận phát là ngậm bả như chơi,lo_au
nên tiếc là đúng vì cơ hội mình thắng ván 3 cao mỗi thua giao tr cái nó lập kèo,that_vong
thính đấy đừng dính . vì 1 ngày nào đấy mày sẽ nhận ra không chỉ mình mày mới được vậy,gian_du
muốn nhai luôn cả trái đất,hy_vong
ai mua thì bán không mua thì thâu 😂,vui
"Có rất nhiều nỗi sợ đc in sâu vào trong bộ gen của chúng ta từ xưa tới nay, nhiều khi cái đó mình không sợ nhưng cảm giác vẫn sợ sợ bất an như đã từng bị rồi",lo_au
"Mắt tớ bị tai nạn và nó bị kéo tròng ra 1 bên, tớ không thể nhìn rõ nếu nhìn = hai mắt được. Đã thế còn xấu thấp béo...",that_vong
có ai 9 năm không dám chụp với ai 1 tấm vì sợ mình xấu ảnh hưởng người chụp cùng chưaa!?,buon
"Hyman Cao ko dc đâu bạn, nó sẽ thành cái clip công an đánh dân còn mệt nữa",lo_au
"t chẳng muốn phải nói "" suýt nữa thì .."" một lần nào nữa trong đời của nhau nữa đâu ... vì vậy sẽ trân trọng khi người tới .",hy_vong
giận ngược trở lại chúng nó sớm chia tay thôi,gian_du
1tr điểm luôn,vui
tại mình thử hết rồi :)) nên cậu nói thế thì mình bình luận thôi :)),trung_tinh
@TvNhinhi Chọn cách sống lạc quan và tích cực 🥰,hy_vong
"môi của tui bị thâm 1 nữa cái trên thâm ,cái dưới thì không có răng thì hô người thì ốm....🥺 thật sự rất muốn tìm đc 1 ng có thể hiểu được nỗi lòng mà tui đang có,nhưng con trai bây giờ chỉ",that_vong
Siêu quả bóng vàng dubai ra đời ko lâu sau đó,trung_tinh
Đỉnh qá a grap,vui
Chang Chang khiếp,lo_au
Ớt Chỉ Thiên bị say xe đó b.,trung_tinh
cô ấy hết thương tao rồi,that_vong
"tao thì đéo phân biệt đâu là gà đâu là vịt , đâu là nhãn đâu là vải . ????????",gian_du
cuộc sống mà mấy ai được trọn vẹn 😢😢,that_vong
"mình sợ nhất đến bữa ăn mà bố mình vác cái thớt vào mâm cơm , bố mình biết mình sợ vậy nên mọi chiện giải quyết sau khi ăn cơm xong ,",lo_au
Bỏ đi mà làm người. Anh chồng hành xử rất văn minh loại như vậy k đáng phải níu kéo,gian_du
"Lịch sử kháng chiến trong SGK không ghi gì về cuộc chiến chống đế quốc Khmer thì chứng tỏ quân đội đến xâm chiến này quá yếu, không cần phải để học sinh học làm gì cho đau đầu",gian_du
chỉ có những người sợ bạn giận bạn buồn thì giận lại mới có hiệu nghiệm thôi,lo_au
ngày xưa có 1 cái,trung_tinh
nách kẹp cái gì ấy nhỉ các bác,trung_tinh
Không biết đúng hay sai thì cứ bước mới biết được,hy_vong
Sợ nhỉ,lo_au
tôi đang ngủ mà ai cứ ăn chóp chép kế bên khó chịu thật !!!,gian_du
Khoé mắt cay cay… cảm thương hoàn cảnh quá!,buon
sao mình không thấy mình vậy ta ??,that_vong
"các cháu thật tốt , hãy thương yêu mọi người và cả loài vật nhé , may mắn và niềm vui sẽ đến với các cháu .",hy_vong
thề ở với tụi nó quẩy hết mình tưởng như đã hóa thú,lo_au
môi pị dày vs pị dảnh nên nhìn góc nghiêng cái thấy tự tii=<,that_vong
nhanh lẹ hiệu quả cao 😂😂,vui
Quá cảm xúc 🥰🥰🥰,vui
thề dume c còn hết hồn nói chi đến khách sáng sớm ra mở cửa với tối đóng cửa thôi độ gan dạ cũng phải tăng lên mấy chân kính,lo_au
sự thật,trung_tinh
cố gắng lên nhé chị,hy_vong
"Mừng cho con, chúc con mau bình phục",hy_vong
@Gocnhocuabo Xpet's commitment to privacy and data protection gives users peace of mind! �� #cryptocurrency,hy_vong
Trịnh Bảo Ngọc k xem cũng biết win r,vui
"nó sẽ ra cái ốp , lo gì thiếu đồ chơi",hy_vong
làm sao mặc áo được ta 😂😂,vui
người anh em thiện lành nhận bao tiền để viết bài này ?,trung_tinh
nhìn một cái rồi quay đi là thấy mãn nguyện rồi .,vui
mình luôn hối hân vì 1 sai lầm mà minh đã chon .mình đã chuyển gia đình từ 1 ngôi nhà thuê gằn nơi hoc tâp và buôn bán về 1 nơi xa hơn và bất lơi moi viêc từ viêc hoc con cái và cviêc .ban cho minh lời khuyên .mình có nên chuyển nhà 1 lân nữa về nơi gân hơn khg .cám ơn mình ray rứt khg thoát ra đuoc,that_vong
em chân thành nên em tổn thương,buon
độc mà lần nào đi viện cũng bắt chụp 😭😭,lo_au
cảm thấy bị tổn thương,that_vong
Kim Daikaxinh bức xúc quá. Nhìn chúng nó đi mình còn thót hết tim,lo_au
đương nhiên rồiii,trung_tinh
"Thả tim cho Giang, lần đầu cmt vì video ra đúng lúc mk cần luôn &lt;3. Ko hoà nhập được với bạn bè, đi lm thêm, thi hết môn, body shaming,.... Muốn chốn chạy tất cả",lo_au
Chuẩn bị bảo vệ luận văn mà chưa ôn kỹ làm dạo này hoang mang hic,lo_au
Nguyễn Uyên cảm giác này thật khó tả 😂😂,vui
ngáo như con cáo rồi ????,gian_du
combo da ngâm+răng vàngnhưng tớ luôn tự tin nèee,hy_vong
"thời buổi bây chừ chuyện gì cũng có thể xảy ra , vậy nên thôi trất , đừng nên tin ai",that_vong
Dù sao k thấy cái bản mặt nó trên tt là đc em à,trung_tinh
đúng ngại thật nhìn ngta thì ngưỡng mộ còn nhìn mình thì...,that_vong
Dã man,gian_du
Ngọc Thọ đóng Hai chai,trung_tinh
"thương vãi , yêu vãi 😍😍😍 tao cũng thèm có em",hy_vong
Hào quang rực rỡ🥰🥰,vui
nghe ức chế vãi lồn nhỉ . dume mẹ bọn con trai,gian_du
hàng nông sản việt nam là thứ bị cạnh tranh và phá hoại nhìu nhất 😣,that_vong
"Ngày đó các cụ k cố làm cỏ nốt Cam thì đẹp, đồng hóa vào VN hết.",that_vong
t biết mà: đến bố mẹ nó còn ko dám đánh nó vì sợ nó xiên lại thì nó biết sợ ai.,lo_au
Cũng có lúc tự tin lắm nhưng nhận ra mình xấu ..,buon
Thành Thành nào thấy có chiếu alo em ngay nha😅,vui
câu này thấy sai sai,trung_tinh
con dang yêuc qua ha,hy_vong
"Tuyen Zhōu hôm sau đi ăn k ăn hết tao hòa hết dô 1 cục , tao đổ nc lạnh dô",gian_du
Thuận giờ cũng là mẫu của nhiều PH chạy theo thành tích gây áp lực lên các con gánh ước mơ của mình :(,that_vong
tự hào khi được làm nhân dân Việt Nam 🇻🇳,vui
Ai bày cho Cháu câu nói giống người thế??,gian_du
per em hiểu sao anh đưa em quyển sổ rồi nha kkk,vui
"Hông dám nhìn người khác nói chuyện luôn Á, nhớ hồi đó cấp 2 cấp 3 bắt đầu biết tự ti rồi là hông dám quay ra sau nói chuyện, sợ nhiều người dòm mặt dù biết là méo ai thèm dòm🫰",lo_au
mấy bạn hong có nội như mình nhìn chắc ngưỡng mộ lắm!!,vui
Bỏ tương lai mà về những thứ k đág 🥺,buon
Luong Nguyen có video á bn,trung_tinh
😅😳😅,vui
Nguyên Thảo chưa . Xem ở đaua á . Tag vss,trung_tinh
vẫn là chính sách trên giấy tờ,that_vong
Tôi thấy không hài lòng với cách làm việc thiếu minh bạch của bộ phận liên quan.,gian_du
hình như câu này quen quen ý le tuyet nguyen nhỉ,trung_tinh
Nhìn mặt sợ nge,lo_au
ngoài ra thì nó còn bị mang tiếng là thả thính cả xã hội nữa,gian_du
bài học rút ra là học cách buông bỏ những thứ không thuộc về mình,vui
dự là 30 mà 30 sợ già quá chả chó nào nó rước . năm nay đã 26 rồi mà vẫn chả ai thèm yêu 😔😔😔,that_vong
"Trần Khánh Duy k có nó sao có phim hay mà xem,nó đóng mà đc b ghét là thành cokng r",that_vong
Anh Nam ông mù mẹ r xinh vcl thế kia bảo xấu cho tôi cũng dí buoi`vao,gian_du
Châu Nhứt Sinh ác ôn ghê,gian_du
"quỷ cái chứ ma đâu mà ma , haha",vui
"giận lại làm gì , cứ để cho anh yêu thời gian thoải mái . khi nào thấy ổn sẽ tự động xuất hiện còn không xuất hiện nữa thì tự hiểu = ))",vui
Bạn hãy cứ làm có trách nhiệm. Sếp luôn ... theo bạn 😂,hy_vong
Drop phim từ đó luôn ~,that_vong
@Tuấn Anhh đôi khi nói chuyện với muôn thú còn dễ hơn với con ng,buon
Chốt đơn thành công món đồ ao ước 😆,vui
Bọn nam kì chắc là nộ lệ người champa thời đó 😂,vui
Tự hào Việt Nam ơi 🥰,vui
Tô Sáng vậy thì tui mới nói mong muốn mức phạt như vậy thôi,hy_vong
mình tròn 30 và cũng loay hoay tìm định hướng sự nghiệp,that_vong
Lê Thị Hải Yến bởi ko lo chăm bẵm bảo tồn tôi đi. Đâu dễ tìm dc ng như tôi.,vui
Xem phim này đi các mẹ thời hiện đại.,trung_tinh
t xấu nma t luôn tự tin với bản thân răng t ko đẹp ngk đều nói với cái tên không hay nhưng t cảm thấy đấy cũng là một ấn tượng của ngk vs t,hy_vong
chỉ sợ tốc độ ăn của dân mình thì không kịp gây hại thôi,lo_au
Chúng nó hay bắt chó q12 tầm 4h.5h sáng,lo_au
"Đàn ông tốt biến phụ nữ thành đứa trẻ, đàn ông tồi biến phụ nữ thành đàn ông",that_vong
dăm ba cái kỉu đây hồi nhỏ tao đốt chấy vài á mà 😃,vui
Cám ơn bạn đã chia sẻ góc nhìn rất hay và mong bạn ra nhiều video tiếp theo,hy_vong
cả 2 đứa đều trẻ con . yêu đương kiểu này thì lsao mà tính chuyện lâu dài được,that_vong
đã mất xe còn bị bọn đường sắt nó phạt cho . khổ lắm ngu hết phần thiên hạ,gian_du
con trai gục đổ . con gái dụng trứng . lậy cô .... à nhầm lậy anh,vui
@Gái đẹp vị sầu,trung_tinh
Mong mạnh thường quân giúp đỡ cho người dân vùng núi nghèo khổ đáng thương à,hy_vong
per 🤣🤣 còn có quán như này luôn ah,vui
sao phải bận tâm ai nghĩ j về mình hãy sống là chính bản thân bạn 😊💖,hy_vong
@Chân ái với milo giầm🍸 Ngại nhất khi chơi với con đẹp xong nó hỏi t có nhiều người thích lắm đó m có không?,buon
Thằng porche ra vẻ trc mà sao thấy chửi vision nhiều vậy mấy bạn. Hay tại thấy thằng đó đi porche nên bênh ta.,gian_du
Chu nay muôn ăn ca cưt con nha ngươi ta rui nghiêp se. Đên nhanh thui,gian_du
Mắt bên 1 mí bên 2 mí mặt mụn răng không đẹp 4 năm rồi không dám cười mà không che miệng tự ti đến áp lực,that_vong
Low Tech tui cũng drop walking dead sau khi Glenn chết.,that_vong
còn tao thì 14 / 2 này trở đi tao không còn fa nữa mà chuyển sang những người già neo đơn .. kkk,hy_vong
giá như mình đồng ý crush,buon
Lấy chồng để làm gì 🥺,that_vong
per ngồi ôm bụng cười và liên tưởng đến nhiều nhân vật,vui
hẳn là không biết nhắn gì . thế thôi dẹp mẹ đi,that_vong
Thương quá e ah. Xin chia buồn cùng gd e.,buon
câu chuyện của mày làm tao buồn quá,that_vong
😞 mình phải làm sao đây…,that_vong
t tưởng nó nói tiếng việt chứ,trung_tinh
Vương Bích Trân đít thì lép mà chổng mãi vẫn lép nhưng vân chổng 😄,vui
Tiền mà ra,that_vong
ngta lở ăn vụn tha đi lúc đầu thấy êm re tội quá chừng lúc sau tức nước vở bờ,gian_du
Ko có ragnar sao,that_vong
ôi đất nước tôi ... hở ra là bàn thờ bát nhang 😳😳😳,buon
"Hai Yen có lần ở nhà một mình, nửa đêm có tiếng mèo kêu. Thề khi đó t không dám động đậy, xong nằm khóc vì quá sợ luôn ý. Mặc dù t thích mèo nhưng nửa đêm mà vậy nên...",lo_au
"Cô giáo bị chọi vào đầu hai lần, sau đó bị xỉu , bác xem kĩ lại clip",that_vong
là một thợ chuyên nghiệp thì sẽ bảo ốc này ở đâu ra tôi chắc chắn là đã lắp đầy đủ ❤,vui
tao đi xe máy mỗi lần muốn để xe đi đâu là phi mẹ nó vào quán net gửi đấy rồi đi ra đéo mất phí,trung_tinh
per c . bị tinh thần đi xem đi 👻,vui
per anh tải cái này về cho per học nè . thú vị ghê,vui
thực ra là ko biết mở lời ntn,lo_au
Hối hận nhất là lấy đc 3 cô vợ mình chỉ muốn 1 vợ 1 chồng,buon
ai biết bài nhạc đoạn này không ?,trung_tinh
thực ra chủ nó cũng bẩn vãi vầy quá kinh dị rồi,lo_au
tự hào VN quá🇻🇳🇻🇳🇻🇳🇻🇳🇻🇳🇻🇳🇻🇳🇻🇳🇻🇳🇻🇳🇻🇳🇻🇳🇻🇳,vui
"😭😭 đấy, có cái quán bún riu mới mở cạnh quán bún sườn ruột. Không dám sang ăn thử mà phải nhờ mua về nhà (và nó dở như hạch) Từ đó tôi đã không còn yêu ai ngoài quán bún sườn = ))))))))",that_vong
per ôi cái bếp một thời chinh chiến,trung_tinh
"lạ kì thật , một kì thi quan trọng như vầy mà vẫ nhầm đề được .",that_vong
thành phần nào cũng có ăn hiếp con gái thua cả súc sinh,gian_du
crush mới thích ảnh tao mà tao đã . nghĩ đến chuyện đặt tên con rồi,hy_vong
"Giống vụ năm xưa y chang luôn. Và rồi bé cũng ko qua khỏi, đọc mà thương bé quá 😞",that_vong
"Cấp 3, đại học lười. Giờ thì biết điều rồi, nhưng phải tăng tốc gấp vài lần mới kịp người khác",buon
nguy hiểm thật ... suýt nữa tao ảo tưởng con mẹ nó luôn rồi ..,lo_au
Xám lộn,gian_du
mình còn chưa được nắm tay,hy_vong
moẹ thấy u ám hơn thì có . dume 💩,gian_du
nhìn tên t,trung_tinh
"Má ơi idol rep comment, vui cả ngày kaka =)) 🥰",vui
khi nào nha anh sẽ lắp hả per,trung_tinh
"Quang Nguyễn bao nhiêu vụ tai nạn đi lùi với quay đầu trên cao tốc rồi mà vẫn k sợ . Này bằng học hay bằng mua kbit , cứ bảo lsao đàn ông hay chửi đàn bà lái xe , k bênh nổi a ạ 😑",gian_du
"Muốn bùng cháy quá, ship đồ ăn mà thiếu món",gian_du
Nghe hãi vcd 😵‍💫,lo_au
"mặc kệ người ta bạn ơi , có tiền mua xe đi thì kệ mẹ thiên hạ",gian_du
nói tiếng tuy hoà phú yên làm tao nhớ đến nyc . giọng nó sao ngọt không thể tả . buồn,buon
"Khanh MU kiểu mất đột ngột,sock lắm b ạ.Đọc lời khai của con bé đâm vào bạn này mà tức lắm.Nó khai là chạy cơ động vì ko đội mũ bảo hiểm,rồi lúc đâm vào bạn này là nó cũng bị bất tỉnh.Lúc tỉnh dậy thì đã ở viện rồi,",gian_du
tôi nói với các ông nhé . dắt bộ qua chốt cũng chưa chắc ngon ăn per,lo_au
Lee Tuấn giờ như nào chỉ có 2 người đấy biết. Ở ngoài đoán sao đc 🙂,trung_tinh
Adidaphat Adidaphat Adidaphat Adidaphat,trung_tinh
Bị phong ấn nhan sắc ạ nên toi vô cùng tự ti-'(,buon
Bọn chủ khốn nạn hey,gian_du
"Nguyễn Ngọc con t nó cũng xem xem tháng với con gđ nhà kia , mà đi ra ngoài đường hay đi chơi ở đâu cũng kèm 1:1 với nó hết á , đi cf hay đi khu vui chơi đều có ba hoặc mẹ kèm theo đuôi nó ko rời nữa bước luôn á",that_vong
ông bà mình mất hết rồi xem mà nhớ quá,buon
"tự nhiên thấy tụi con gái khóc tu tu , thế là mình lủi ra ghế đá trước lớp ngồi . tự nhiên cô dạy văn cũng ra theo xong ôm mình khóc ,",buon
Chúc anh nhiều sức khoẻ,vui
tao biết là có ý tốt gởi thông điệp ý nghĩa nhưng nhìn cứ sợ sợ lại còn sấm chớp :<,lo_au
Con Chim chào mào.,trung_tinh
"Duy Silver ủa tại trước đó đọc page khác á, thấy bảo chưa đủ tuổi..",trung_tinh
per huhu em không biết phải đi xem phim với ai nữa 😭,that_vong
"lúc sinh ra rồi , con gái không nói , là con trai thì ổng sẽ phải ước mình chưa đẻ ra nó , có thêm đứa tranh vợ với mình mà 😂😂",vui
"tau sẽ phun thuốc kích thích , 2 nam nữa sẽ dài hơn ong nay ... sẽ được vào viện bảo tàng .. 😂😂😂",vui
Nguyễn Phạm Mỹ Tiên đi liền c ơi kk,hy_vong
Nói chung cứ khóc thôi bạn. Cũng cố gắng Từ từ cũng cứng cáp lên thôi.,hy_vong
Phan Thị Thu Ngân kkk ko chạy đi mô đc,vui
Sợ 🥺🥺,lo_au
Ng ta nói khi yêu màu Hồng lấy về màu đen đó quý zị,that_vong
"Tuyệt vời! Nhưng cậu bé liều quá, chẳng may lại gặp bọn xấu thì k biết chuyện tồi tệ gì sẽ xảy ra nữa! Mong cháu luôn khỏe, học tập tốt, em cháu sẽ mau hết bệnh để về với cháu!",vui
"Lần này rẽ có sai, lần tiếp mình làm lại. Miễn còn mạng sống thì rồi cũng sẽ đúng đường mà thôi 🥰",hy_vong
đọc xong tao muốn khóc luôn,that_vong
Việt Phươngg tag cho fb bạn ít drama lại:)),vui
"Qua rồi nhìn lại mới thấy ngu . Tiền sài , cơm bưng điều của cha mẹ . Chữ hiếu chưa trả mà như vậy , hết sài... vứt",that_vong
"những thứ tưởng chừng như rất đẹp nhưng kbh được trọn vẹn , cuối cùng để lại chỉ là những kỉ niệm đã từng",that_vong
cầu mong đạt nước phát triển giàu đẹp cho con cháu đc nhờ,hy_vong
"Mới coi hồi tối xong luôn xem phim hài mà kinh dị đâu, được cái bản nhạc hay",vui
đặc biệt là đám bạn toàn học bá trai xinh gái đẹp 🤩,vui
phải đối xử tốt với chính bản thân mình :),hy_vong
"Có những lúc sợ mình không kiếm được tiền, tôi lo lắng, không thể ngủ mỗi ngày",lo_au
và hơn hết là tụi nó không còn coi mình là con gái nữa,that_vong
Haizz giúp người ta rồi chính mình lại rơi vào vũng lầy,that_vong
Gặp đúng người sẽ nói chuyện rất nhìu,vui
Là nc Duy nhất Chiến Thắng đế Quốc Mĩ để thống nhất đất nc 🥰,vui
"per nhà giáo áp lực quá nhỉ , giống làm dâu trăm họ .",lo_au
Nguyễn Thị Thúy giờ có ước cũng ko đc.,that_vong
chia buồn với gã lưng gù 😥😢,buon
MU thua x mấy lần nỗi buồn. Buồn hết tuần sau luôn,that_vong
Con người với nhau mà đối xử ác ghê,gian_du
Bach Nguyen chika thì của xumi chứ b sao lại là tôi,gian_du
Vừa đọc mình vừa rớt nước mắt ý...yêu cậu này thế..,buon
"Làm người tự ti thôi làm sao, cố tự tin để bớt tự ti, rồi một ngày nghe được tụi con trai buông lời xúc phạm nhại cảm ngay sau lưng mình thì mới chắc chắn là tự ti vĩnh viễn, vĩnh biệt loài ng tàn độc",gian_du
nếu được chọn lại em sẽ ko bắt đầu,buon
Trần Dinh Kini nhờ cái mỏ,trung_tinh
chỉ cần tự tin với đc mọi ng công nhận là đc dù k đẹp đi nx,hy_vong
có đơn vị nào hỗ trợ thượng tá làm lại răn k ạ,hy_vong
vui vẻ lên các bạn oi,hy_vong
Xin chia buồn cùng P và gđ.,buon
dume nghe kể mà đau cổ họng vãi,lo_au
có quá nhiều lựa chọn trong một tháng,trung_tinh
Bảo Yếnn share cho ai đó nhột đi :)),vui
Vào xem Cafe Sữa đi,trung_tinh
nhìn thương quá 🥰🥰🥰 cầu trời phật độ cho 2 vợ chồng em được nhiều sức khỏe 🥰🥰🥰,hy_vong
giá như mình nghe bố mẹ😣,buon
chú bob chet với Eddie chet buon kinh,gian_du
Bây giờ thì Việt nam có thể xóa sổ trong 3 ngày...đó là thực tế của cuối năm 79.,buon
Để rõ danh tính thế này sau bị trả thù khổ lắm,lo_au
"Tớ không ai hiểu mình, rơi nước mắt hic",buon
"Bây giờ em của hiện tại là 1 người rất rụt rè và tự ti về bản thân mình. Hiện giờ em đang ở cuối năm c3 rồi nhưng vẫn chưa có được một mối quan hệ hay một người bạn thân nào cả hầu hết các bạn bè năm c2 em quen h cũng không còn thân thiết với em nữa , Cảm giác cô đơn nó vẫn luôn đeo bám em hàng ngày . Em luôn suy nghĩ rất nhiều , suy nghĩ là do mình xấu quá hay nhạt quá hay là do mình không chịu mở lòng với họ …. Thực sự hiện tại em đang rất là bối rối và vô định với chính bản thân mình , cảm giác bất lực với chính bản thân luôn . Vậy mong mọi người đưa ra lời khuyên cho em với ạ.",that_vong
Lãng mạn thành ra mất mạng luôn 🥹🥹,that_vong
Đọc cmt mà thấy sợ hãi,lo_au
"nhìu bn bỏ học bh đi làm cực r muốn làm lại lắm , cac bn suy nghĩ cho kỉ r hãy nghĩ nhé. có thể nghĩ học đi học nghề gì đó cho bản thân sau này sẽ tốt hơn nghĩ học đi làm nhe🥺",buon
trừ chết ra thì mọi chuyện đều có thể giải quyết 💪,hy_vong
Rose Nguyen e giác ngộ từ năm 24t rồi chị.nay e 27t.tởn thà có tiền vs con ở mình cho sướng cái thân 😶,that_vong
ủa ko ai tự tin như tôi sao hãy vui lên như tôi này,hy_vong
per giảm tốc ở bình dương tuổi gì với cái này .,trung_tinh
sau nay em cung uoc duoc nhu vay ❤,hy_vong
"Thủy Sâu nói chung chỉ có cty và người dùng là có lợi, tài xế grab, và cửa hàng liên kết grabfood là. Chịu thiệt ko ăn nổi",that_vong
Vy Sa nhìn mặt là nghi r,trung_tinh
Le Tuan ko nhớ thì sẽ vài bé nữa như thế,lo_au
"giá như lúc đó không từ bỏ, cố gắng thêm chút có lẽ bây giờ đã khác",buon
Quý Dậu sao mệt mỏi lênh đênh thế ae,buon
🇻🇳🇻🇳🇻🇳🇻🇳🇻🇳,vui
hóa chó nhiều quá thì cũng có lúc phải hóa thành người chứ =)))),vui
Ngựa nào thì vẫn theo đường cũ thôi thể loại này có nước để cho nó ăn chuối xanh thì mới được￼,gian_du
hối hận vì tuổi trẻ kg cố gắng cho tl.để khi đổ vỡ kg bao bọc nổi cho các con nên bgio mình phải chịu đựng trong im lặng 🥺,buon
per ít bữa dẫn mày xem cái này,trung_tinh
Anh ơi acc ig em với 🤣,hy_vong
tự ti nch với ngta ngại nữa sợ họ nhìn thẳng vào mặt mik:(,lo_au
"cười không xin, mụn,.. tự ti lắm b oi",buon
Đã có chồng và con 5 tuổi vẫn điên tình Đúng là ối dồi ôi 😑,gian_du
"Khoan , đã đấu boxing r còn kêu bị đấm đau , chắc mấy ô bị đấm đến mức chảy máu trong ko kêu j họ ko đau đâu. Nhể😂",vui
nhìn sợ vãi ra,lo_au
đến thời điểm hiện tại thì điều hối hận nhất là vì yêu em quá nên đã đánh mất em,buon
mới sáng ra,trung_tinh
coi như giải thích rồi nhé,trung_tinh
3 thằng ngốc . xem ý nghĩa lắm,hy_vong
mẹ đang buồn ỉa mà trên đường về gặp mớ gờ giảm tốc kia thì phọt bà ra quần 😨,lo_au
Thấy mình khổ mà xem video xong ngẫm có người còn khổ hơn mình mấy lần,buon
chỉ ước về sau mình được vay,hy_vong
ý thức kém quá ☹☹,gian_du
coi đc tử hình lun chứ để ra ngoài nó ̣i người nữa,lo_au
nhiều khi cũng muốn chọc cho người yêu giận nhưng mới nhớ ra mình đéo có người yêu,that_vong
"Sợ thật , không biết họ yêu nhau kiểu gì mà ra tay sát hại người mình yêu như vậy",lo_au
Vậy chứ thời gian sau bình tĩnh lại sẽ Tự hỏi vì sao mình lại yêu người này,buon
"Đức Minh Nguyễn xe cấp cứu đi để trở về, xe 1 chỗ nằm thì 1 cõi đi về",buon
per đáng sợ quá,lo_au
Sau vụ việc này các thanh thiếu niên sẽ càng ko chấp hành và sẵn sàng bỏ chạy vì suy nghĩ cứ chạy may ra đc thoát ko phải đóng phạt còn xui bị bắt thì bị phạt thôi chứ có gì mà phải sợ. Nói chân tình thường đối tượng còn trẻ sẽ sợ nếu bị đánh đau chứ nói sợ bị phạt thì ít có tính răng đe lắm đối với mấy thiếu niên ngổ ngáo còn đối tượng biết giá trị của đồng tiền khi mình làm ra thì mới có tính răng đe khi đụng vào kinh tế của họ.,gian_du
"sống trong một gia đình nhiều áp lực và lúc nào cũng chửi bới như vậy , tạo hóa đã ban tặng cho em bộ nhá khá là tươi để cân bằng cuộc sống",gian_du
"Thấy trống rỗng quá, bị rớt môn rồi ...",buon
"Minh Phương bố giỏi, mẹ giỏi, thì gần như con đẻ ra cũng có tài. con đẻ ra ít nhiều cũng thông minh sẵn + thêm dạy bảo nữa thì ko giỏi hơi phí nhỉ.",hy_vong
Cái máy nhìn không to mà ép nhẹp người trời ơi😰dã man dị mà còn lấy khăn trùm lại coi như không có chuyện gì xảy ra xứng đáng bị tẩy chay!,gian_du
"cái ly hương nó cũng cướp , hết biết nói gì luôn . 😑",gian_du
cho dù em có dành được bao nhiêu học bổng đi chăng nữa nhưng mãi mãi em sẽ không thể có được tôi,that_vong
"Điều hướng dư luận vc. Chúng nó up cái đeo gì là việc chúng nó. Vậy mà cũng ráng vào bới móc để cho dân chúng khoáy vào lỗ đit nhau. Cái clip nó up cũng đeo có bằng chứng hay có liên quan gì tới cái minh chứng rằng là việc nó bị đanhs xong nó up để hả hê gì. Nhiều cái chúng bay tự vẽ ra để dẫn dắt ngkhac theo chiều hứng tiêu cực vl. Từ nạn nhân thành phạm nhân lúc đeo nào không hay. Vấn đề là ca đánh người mà giờ tụi m làm phép thành ca đánh là đúng luôn thì t cũng đeo hiểu kiểu gì. Bày đặt Tuổi Thanh Xuân, đổi thành Tuổi Lônf dùm t cái. Cái thứ lắm tai nhiều tật🙂",gian_du
Trần Lan vag,trung_tinh
ko nhan sắc ít nhất cũng phải luyện tập phấn đấu hoặc học thật giỏi là đc,hy_vong
Trương Hạnh Công Dân qua mua hòm ủng hộ cho thực tế chứ chúc không thảo mai quá bạn,gian_du
mng ơi cũng k tìm thấy ig của anh luôn ạ 😭🙏🏻,that_vong
Phóng sinh tích đức kh thấy thấy tuyệt chủng thì có =)),vui
cíu tao khỏi hai tên đồng nghiệp bị crazy huhu,lo_au
nhiều lúc muốn mặc đồ giống các bạn mà sợ ngại,lo_au
VN vs cái j CX nhất🥰🥰🥰,vui
... bố nhà mày ... t nông thôn còn không biết nấu đòi thành phố ...,gian_du
Ái chà chà 💯,vui
"Các c cứ nghe e kiêng đồ có đường như nước ngọt,bánh kẹo,hạn chế ăn canh và uống nhiều nước vào buổi tối,trước khi đi ngủ thì tè đi đã đản bảo 1-2 tháng dứt điểm luôn nhé🤪🥰",hy_vong
per cứ chuẩn bị tiền đi hú là tôi đi,hy_vong
"Em đang do dự vì mới thử việc 1 tháng đã nghỉ việc để chuyển qua cty khác phù hợp hơn, xem xong clip quyết tâm luôn...",hy_vong
"Tăng Ngọc bệnh mà, này đáng thương hơn là chế nhạo.",buon
Gãy quá tác giả ơi 😵‍💫,that_vong
Cuộc sống lúc vui lúc buồn mà,trung_tinh
nước biển sao đục quá nhỉ,that_vong
"M cũng đã từng làm thợ máy...khá ít đồng nghiệp như này😢 <br>Ốc kém, ren lỗi cũng ít ktv đề cao và báo để khắc phục mà ít thường bỏ qua! Thợ bây giờ thích nhanh và đảm bảo bề mặt chứ tận tâm ít lắm...<br>Tất nhiên cơ sở càng chuẩn càng nhiều khâu kiểm tra thì càng đỡ! <br>Như hồi xưa nhiều bác thợ đúng kiểu yêu nghề làm rất có tâm.",that_vong
rất thuyết phục,vui
"Hãy cứ đi đi. T vs gia đình t trao đổi qua lại về việc t lựa chọn theo con đường Dj. Và rồi được Bố t ủng hộ, hãy cứ làm đi",hy_vong
trường gửi điểm về và mẹ cũng điện chửi :(,that_vong
Bình tĩnh nghe em nói Mọi chiện ko như anh thấy đâu,lo_au
Được crush rủ đi chơi 😆,vui
tự nhiên mình lại không muốn làm single mum nữa -.-,buon
"Triệu Đông không có giá cũng chẳng đến lượt mấy thằng đem danh dự của 1 cô gái ra mỉa mai trong khi đó là 1 căn bệnh. Bài nổi rần rần rồi cô gái đó đọc những cmt đó cảm thấy ntn ??? Những ng quen cô gái đó sẽ biết hết. Rồi cô ấy sẽ thấy ntn??? Hối hận vì đi khám để cả nước biết và chịu bao nhiêu lời chế nhạo . Mấy thằng ""man"" ghê tởm bỏ mẹ ra chúng tôi không cần",gian_du
"cho chị xin địa chỉ này đi, chị muốn giúp quần áo,cho vợ chồng, chị đống phí luôn, chị giúp đồ mới",hy_vong
"nhiều người nói con này giả ngu câu thích , nhưng xem lại nhiều lần thấy nó ngu thiệt chứ không phải giả bộ",gian_du
"@LinglingVNWL Ling, chúng tôi tại @PublicAIData hiểu rằng an ninh và quyền riêng tư là ưu tiên hàng đầu. Hãy để PublicAI giúp bạn kiếm tiền từ những kỹ năng độc đáo của mình một cách an toàn và bảo mật! 🤖💰",hy_vong
nước mình chả í thức gì cả xả rác bừa bãi để trôi rác đầy đường thể này thật buồn,that_vong
Bị trừ lương vì đi trễ làm tự nhiên tủi thân ghê 😢,buon
Thương n quá chị ạ e xin chia buồn cùng gia đình mình ạ mong bọn kia sớm bị trừng phạt,buon
"Đỗ Băng Nguyên hồi giờ k biết đến mà tự dưng nghe tin thấy sốc luôn á, R.I.P",buon
xem tới đây dume ứa nước mắt 😞,that_vong
"Xin lỗi nhưng bạn gái anh redflag vc. Con người sinh ra có cơ chế khóc chính là để giải tỏa cảm xúc cả nam lẫn nữ. Cô ấy không an ủi anh và hỏi han anh có buồn phiền gì thôi, đây còn chê anh mít ướt. Trừ khi cô ta thay đổi thì nên dứt áo chứ người như vậy sau này không đỡ đần, cảm thông đc j lúc anh khó khăn đâu.",that_vong
hối hận bỏ nyc 🙂,buon
Hue Anh Tran Phạm Trà Mi quậy banh cái fb =)),vui
nhìu khi ngồi kh nói gì mới ngại á mà ngặt nổi kh thân kh có dì để nói🥲,buon
"hồi trước đi học nghề, sư phụ tui ráp gần xong cái máy cái ổng bỏ đi, tui bỏ vô 1 con ốc nữa cái ổng ráp xong dư con ốc. trời ơi ổng tháo máy ra lại, tui thấy cái tui la lên thế là tui bị ăn cái cờ lê lên đầu 😅, nhưng mà sư phụ có tâm thật",vui
"Trà Đá mày có vấn đề về đọc và hiểu à, đúng thứ ngoo 🤭🤭",gian_du
"ai cũng đều trải qua cảm giác chênh vênh như v nhưg hãy tin vào bản thân mình kiên định với nó chỉ khi có niềm tin mới làm đc điều mong muốn, bạn ko tin bản thân mình thì còn ai tin nữa đây??",hy_vong
rồi lại im thôi . 200k hay 5tr thì cũng vậy,that_vong
Nguyễn Quyên vãi chưởng 🤣🤣,vui
Em vừa phải đối mặt với một kì thi và bây giờ đang đối mặt với những con điểm với những áp lực từ phía gia đình!<br>Video của chị ra rất đúng lúc!!!,lo_au
có đứa nào vừa xem vừa sờ tai mình không ? sợ vãi :<<<,lo_au
đi mua hàng cũng sợ đây,lo_au
da mụn ra đường sợ ngta nhìn thấy tự ti wã,lo_au
"chúc ah chị mạnh khỏe, may mắn trong cuộc sống 🥰🥰",hy_vong
Ước có thẻ quay lại ngày hôm do,hy_vong
lông chân mọc nhanh thế :)),vui
xinh mà còn ngáo nữa thì người yêu mới cưng =)),hy_vong
hồi bé bị ngỗng dí hoài sợ vãi,lo_au
Thứ khiến t hối hận nhiều quá. Bất kể là chuyện gì...,buon
"Sợ đáp lại tiếng động vào ban đêm. Kiểu tự dưng có tiếng kéo ghế kéo bàn, hay tiếng đồng xu rớt lẽng kẽng hay tiếng đập tường là tui sẽ im thin thít, không dám lên tiếng. Tại sợ nếu mở miệng chưởi hay trả lời sẽ bị con ma biết được vị trí hiện tại rồi bay tới quýnh mình sml 😭🙏",lo_au
giá như k bồn bột của 10 năm trước để k phải qua 1 chuyến đò mục,that_vong
hối hận là nghe lời cha mẹ lấy vợ nghe theo xắp đặt rồi ly hôn lỡ dở 1 đời giờ đến với ai cũng trắc trở quá khứ đã từng ly hôn 😮‍💨,that_vong
anh nói vậy với em lần nửa đi,gian_du
sao lo quá vậy.🥹,lo_au
"lại 1 đứa nghĩ trump chỉ làm trò , haizz",gian_du
Là đã đánh mất người tôi thương 😔,buon
"ê đang thấy vậy luôn nè mặc dù được anh lead nxet là thích nghi nhanh nma t tự thấy t đần vcl huhu, kiểu mng nhảy số rất nhanh còn t thì load siêu chậm luôn ấy",that_vong
Nhân Nguyễn ngta sợ cười ăn hết của cải nhà b thoii,lo_au
Hồ Ngọc lập group sợ ma cương thi nào,lo_au
"Trước tại ngã tư đường Nguyễn Văn lượng cũng có mấy em như vậy; thoạt đầu đi ngang thấy tội; cũng cho tiền, vì trước đó có bài phỏng vấn các em đa phần có hoàn cảnh khó khăn. Rồi sau đó Càng ngày nhiều trẻ nhỏ xem đó là công cụ kiếm tiền hàng đêm, ( rồi mình cho mấy em đó tiền là đang hại mấy ẻm hay đang giúp mấy ẻm? ) Nay thấy bài đăng này mới biết suy nghĩ mình là đúng🙁 thấy tội hơn là thấy thích trò phun lửa, xăng dầu làm miệng mấy em đó lỡ loét 🤧",that_vong
có đứa nào giống tao vào đọc bình luận để biết cái này là cái gì không .?,trung_tinh
"1 câu cho em trai này, đừng quan trọng bạn gái, phụ nữ cứ vui vẻ bình thường, có đi với gái thì nói chuyện bad bad vui vui tí, cứ sinh hoạt đi chơi với nhiều gái lên nhưng quan trọng là đi với gái đừng nghĩ nó sẽ là bạn gái mình cứ nghĩ là bạn bth thôi, tự khắc lúc đó bạn sẽ có aura và từ từ cuộc sống sẽ tốt gái theo sẽ nhiều sẽ có nhiều sự lựa chọn, nam nhi mà em trai, cố lên",hy_vong
bọn sống thất đức không có tâm chưa nói tới tầm ! bảo sao tâm hồn trẻ trí tuệ kém phát triển ảnh hưởng tới thể chất cũng như tâm sinh lí trong tương lai,gian_du
thấy cx buồn nhưng tui cố gắng nhìn vẻ ngoài của tui tích cực hơn biến nó thành phiên bản tốt hơn tui cx hay để í mấy lời chê của m.n lắm tủi thì cx tủi nhg tui nhận ra buồn tủi ko làm t đẹp lên,hy_vong
giá như anh được ào rơi về quá khứ ....,buon
"Bản thân ăn được món ngon đúng ý, sướng rơn 🥰",vui
đi đường buổi đêm nhìn thấy hãi vãi ??,lo_au
Lũ mất dạy,gian_du
Đoàn Thanh Hùng mơ mà cũng khiêm tốn,trung_tinh
Xuân Nghĩa ko phải ai cũng là bác sĩ phẫu thuật,trung_tinh
"Ngày xưa, tôi được mn khen đz nhưng tôi soi gương thì cảm thấy mình xấu nên chả chơi với con gái hay thích 1 đứa con gái nào đấy trong lớp",buon
"Haizzz, bé kia nhỏ xíu con, đã vậy hẹn vào bãi chợ lại đi 1 mình. Khổ thân !",buon
"@TvNhinhi Tóm lại là tâm bất biến giữa dòng đời vạn biến, thuận theo tự nhiên, và làm những gì mình cần làm thôi hihi",hy_vong
chẳng cần hay chẳng cần :))))))))),vui
"Em sắp thi đại học và bây giờ em stress cực kì luôn chị ạ 😭 Video đúng người đúng thời điểm quá, cảm ơn chị ạaaaaa❤❤",lo_au
Làm đơn đi,hy_vong
"Thị Ngô matday vậy, mấy thằng này xứng đáng ế khách",gian_du
per thần thái còn phải thua haha,vui
Vào trang cá nhân của em có đăng full cái kết 🌴,trung_tinh
thiết bị này mua như nào nhỉ,trung_tinh
nhận giấy khen thấy bắt bỏ khẩu trang chỉ biết cúi mặt xuống nhìn đất ..,buon
Giang Lại Hương đừng cho Kem tự hút trân châu nữa,lo_au
"ngu thế chờ cho mật ong ngấm xuống đất , rồi đào đất đấy lên chắt kiểu gì cũng được gần đầy",gian_du
Gia Bảo coi đi ck,hy_vong
rớt nước mắt,buon
@cua cái em sợ nhất là cười..,lo_au
"Mik giao tiếp kém lắm với lại ngại nữa , tự ti với giọng nói🥺",lo_au
Huyền Ngố khổ thật sự. Cảnh người thân mình đang khoẻ mạnh đột nhiên nằm đấy cảm giác đau đớn vô cùng. Mong sao pháp luật trừng trị mạnh tay bọn đua xe gây ra nỗi đau ấy.,gian_du
Nguyễn Hoàng Ngân thôi nhen,gian_du
"khong dám nhìn thẳng ng đối diện, khong dám ngẩng cao đầu trc đám đông, lúc nào cũng khép mình, cúi đầu...",lo_au
"Hôm nay không biết ngày mai sẽ ra sao, hoang mang huhu",lo_au
"đã từng như bạn, sau này nghỉ lại thấy bản thân thật ngu ngốc vì lm nv",buon
"ba chàng ngốc , phim ấn độ , cực hài , cực cảm động và ý nghĩa nhé",vui
"chưa nói chuyện thân thiết quan tâm , mới xã giao thôi đã lầm tưởng rồi ấy chứ , haizz khổ lắm",gian_du
"mỗi lần mẹ tao sai tao nhóm lửa , chắc tao nhóm hết 40 tờ giấy , và 1 tiếng sau mớii có lửa 😌",vui
"Hùng Song do nhà bạn không có xích mích với xóm, chứ đây có xích mích trước, mình không là người trong cuộc cũng không hiểu được, xã hội lắm kiểu người, có thể do phía nhà dựng rạp trước sống không tốt, có thể do người đâm rạp sống ích kỷ, phức tạp lắm.",trung_tinh
"😔 tao không lấy chồng nữa , ở nhà nấu cơm cho mẹ , tao sợ lắm",lo_au
Thu Thảo sợ lắm!! Huhu,lo_au
"Ối dồi macbook air mà đổ cả cốc sen vàng vào thì hoá vàng luôn cho nó thôi chứ còn gì nữa 🥲 giờ vẫn thấy mình ủng hộ quán từ chối tiếp trẻ dưới 12t đúng đắn vl 1t mà còn ko trông n cẩn thận, lần này là đổ vào đồ của ngkhac, lần sau tự bị đổ vào người, rồi ngã bị làm sao chắc liền anh liền chị đào mả ngta lên 🙂 ăn đ gì khôn thế 🙂 các cụ có câu quýt làm cam chịu nên là giữ tý phúc đức cho con mà đền cho ngta đây được cả vợ cả chồng, cá mè 1 lứa 🙂",gian_du
Trần NhưÝ Trần Anh Kiệt má lạy,lo_au
Richa và Ricon lại chảy máu mũi,gian_du
@btyy⁉️@cặc @Hồng Ngọc;,trung_tinh
diễn vãi,gian_du
nó còn kể với bạn nó .. bạn nó cũng là bạn mình,trung_tinh
tớ đen thế này đi đâu t toàn nổi nhất vì bị nói con này đen thế :((😟,that_vong
tôi rất tự hào vì mk là người Việt Nam 'TÔI YÊU VIỆT NAM'🇻🇳🇻🇳🇻🇳,vui
vì thế đu học lúc nào cx mang khẩu trang😢,buon
hổng gặp cái buồn luôn ><,that_vong
đã bảo bố mà mật vụ rồi ! hỏi lằm hỏi lốn,gian_du
dm ông cầm cam cho cẩn thận vào tôi cũng muốn ngã mẹ nó rồi này,gian_du
khiêp vãi,lo_au
Tự ti vch ngại lắm luôn í đến đồng phục chỉ dám mặc áo khoắc thôi í,buon
"per khiếp nhớ ngày xưa quá anh em ơi , đi làm cười từ sáng tới tối luôn 😩",buon
"khuôn mặt ngây thơ vô số tội , trái tim nhỏ bé của tao sao chịu được ❤❤❤",hy_vong
"hôm trước tao đi chơi về đường vắng nên chạy nhanh , vừa qua cua anh cảnh sát chạy ra chặn làm tao sợ chetme vì giấy tờ không có bằng lái thì chưa thi lại còn thiếu abcxyz",lo_au
có gì vui không nhỉ,trung_tinh
Trai tài gái sắc Đi tù là nhất Làng trên xóm dưới Ai cũng ngở ngàng 😂😂😂,vui
VN vip pro🇻🇳🇻🇳🇻🇳🇻🇳,vui
chính những người như thế họ rất cẩn trọng khi bật xi nhan đấy,lo_au
khổ thân con mèo :((,buon
Ở đâu vậy sao khổ vậy mình muốn giúp làm sao,buon
"Tôi là người Sài Gòn cũng con tốt thí thôi,mà thôi cũng ks dẹp tiệm chắc r",that_vong
Hết cứu =>,that_vong
Toi wa,buon
tớ bị đẩy té ngã cũng chỉ biết cười không dám khóc..,buon
tao thích vẽ . nhưng vẽ xấu từ đó chuyển hẳn sang mê chụp ảnh .,vui
"Thuỳ Dung ùa, tính nói mà thấy nhiều người bênh quá nên thôi",gian_du
thích quá mấy má ơi ! @@@,vui
Toi cu bi danh chui vai luon toi thay cuoc doi cang nay cang chan di 😔😞,that_vong
thấy tài khoản cạn tiền mà hoang mang làm mọi người ơi không biết đi đúng hướng không 😥,lo_au
"hmm... mình còn không dám ngẩng đầu nhìn thẳng mặt ngkhac, huống gì đến việc giao tiếp",lo_au
Embe này yếu đuối quá,that_vong
"per thể loại mới nè , có vẻ phê",vui
"cải tạo được , có tái tạo được 100 % nguyên trạng rồi sao ? giá trị lịch sử văn hoá gần nghìn năm đã mất đi rồi :((",that_vong
tự hào là người con của đất Việt Nam❤️❤️,vui
Hưng Lan khoá fb r thì phải. Có ce nào biết fb của đứa con k. Đánh gì mà dã man thế,that_vong
quả mắt nhìn sợ vãi,lo_au
nếu diễn viên chính trẻ hơn đẹp hơn đang yêuc hơn thì mình sẽ xem haizz,that_vong
đáng lẽ bệnh của tao đã không nặng đến thế,that_vong
"đang lười quá nè , làm sao để bớt lười",trung_tinh
sắp tới deadline rồi mà chưa làm được chữ nào làm má ơi sợ hãi 🥲,lo_au
Lê Thị Mỹ Phương buồn,buon
"per đi coi với tao , phim này hay nhất định phải coi",hy_vong
Đế quốc Khmer từng huy hoàng,trung_tinh
tanh bành cuộc đời rồi,that_vong
"phàm việc quan trọng trong thiên hạ , cứ về hỏi vợ , vợ nói sao cứ làm ngược lại chắc chắc sẽ đúng !",vui
Ái Vy shock quá :((,that_vong
mong HHH xem được clip,hy_vong
nhìn nhớ 2 bà của tui ghê 😭 h muốn cũg ko đc gặp nữa 😔,buon
"Toát mồ hôi quá, sắp tới deadline rồi mà chưa làm được chữ nào 🥲",lo_au
"hồi xưa đi học mình ngồi gần lớp trưởng , tên này được cái rất ga lăng với bạn gái trừ mình .. huhu ..",that_vong
Tội nghiệp em học sinh. Ở một mình thật ko an toàn chút nào :(,lo_au
per rồi sẽ có 1 ngày vừa cười tao vừa kể chuyện khiến tao rơi nước mắt,buon
ơ kìa Đy Qua Đy Qua Mùa Hạa,trung_tinh
ditme ngại thiet,lo_au
"tôi là đàn ông nhưng tôi rất get bọn chạy xe lạng lách đánh võng chạy ấu , mong pháp luật trừng trị thật nghiêm những tình trạng như thế này, cau mong linh hồn cháu siêu thoát",gian_du
Thương con quá xin chúa chúc lành cho bé được bình phục khỏe lại sống vui vẻ hp bên ba mẹ thư nè thương lắm,hy_vong
cu ̃ người it xa ̀ mày lă ́ mày ..,trung_tinh
"Thứ con trai mang nặng đẻ đau. Nghiệp báo sớm đấy 2 vị ạ! Giờ dân mạnh sẽ là người khởi nghiệp cho 2 vị trả giá trc. Thứ con bất hiếu, trời đất ko dung tha.",gian_du
vừa đây về đông kinh hồn càng về đêm càng đông,lo_au
"per mình đang nói phần lớn thôi , chứ tất nhiên cũng có ngoại lệ mà",trung_tinh
chưa bao giờ nghe ngươ ̀ i ta chửi thề mà đáng êu đến vậy lun =))!,vui
cây này quê tao nhiều lắm nhé . mùa này đi rừng hay gặp nhiều này,trung_tinh
"thực sự rất mù mịt, mất phương hướng mong rằng bản thân trong thời gian tới sẽ đủ sức để vượt qua được.",lo_au
"Nhìn mà xót , nghỉ lại mình z mà còn hơn nhiều hoàn cảnh …",buon
đem người đó ra biển cho biển cuốn đi lun .. hihii,vui
B ai bai,trung_tinh
và tiếp theo là Phú Quý 🥶,lo_au
Hối hận vì sự vội vã,buon
sợ vãi tè ăn độc 2 quả mọc luôn 2 cái nhọt ở mông đíu hỉu,lo_au
Làm ơn cho họ được sống 1 cuộc đời trọn vẹn đi,hy_vong
nghe tình vãi =)))),vui
tôi ko biết ngại là gì nữa rồi,trung_tinh
Việt Nam Tôi Đó Ngàn Năm Sáng Tươi ❤,hy_vong
"Dima Egiazarov bởi vì chúng tôi là người Việt Nam, còn hiểu hay không thì kệ mẹ bạn",gian_du
ho mạnh có thể làm gãy xương sườn cơ à ??,lo_au
thế em ăn cơm chưa ?,trung_tinh
Đứa bạn mượn tiền không trả làm tao phát rồ 👊,gian_du
Nguyễn Thu Hiền Hiền nhà mk thì ...,trung_tinh
toàn lũ đầu trâu mặt ngựa,gian_du
Phụ huynh không xin phép cơ sở đâu mà cô giáo nói học sinh nghỉ học???,gian_du
"Cũng từng nghẹt hạt trân châu, nên từ đó về sau tui toàn uống trà sữa ko hoặc plan chocolate mềm…",lo_au
"Thời gian sẽ làm mọi thứ bình ổn thôi, dân số tăng đến đỉnh rồi thì giảm, và giảm đến mức thấp nhất sẽ tăng trở lại thôi, đó là quy luật tự nhiên.",hy_vong
vãi độc đấy,lo_au
"Nghe tus của ông này tôi nhớ đến 1 câu hát của Ngọt, ""Sẽ có ngày em thấy, Những chuyện buồn hôm ấy, Chỉ là chuyện cười hôm nay"" Có thể ông sẽ đồng cảm, vì cuối cùng không ai sẽ nhớ ông khóc đâu, và ông thì đã trút bỏ được lòng mình.",buon
sao giốg với mình v . nhưg mình từ bỏ rồi người ta hình như cũng có người khác . từ đầu là do mình ảo tưởg thôi giờ thì tỉnh đi cô gái ạ,that_vong
đm hú hồn,lo_au
Tự ti vì tóc của mình quắng ko đc thẳng như bai người khác nhiều người khịa da thì ngâm,buon
"Huu Khanh Pham thế theo bạn Vn vị thế được những gì. Khi mà người dân không có công ăn việc làm ổn định, mỗi năm có hàng ngàn người phải xuất khẩu lao động, sang các nước như Đài Loan, Hàn Quốc, Nhật Bản.v.v.làm việc. Thậm chí họ còn phải bỏ mạng trong thùng container.",gian_du
Vì thế đi taxi ngại nhất ngồi trước với tài xế,lo_au
"Thiện tai thiện tai, các cụ đừng phóng xinh nữa nhé, để tiền mua chim cho mọi người nghèo ý, mấy năm nay các cụ phóng xinh nhiều quá lên sắp hết chim rồi",gian_du
ngại 😳,lo_au
Dã man thật,gian_du
"Phương Liên lại chả thế , Trump lên thì Việt Nam mình có dễ thở đâu mà đi ham",that_vong
tự hào vì mình là người Việt Nam 🇻🇳🇻🇳🇻🇳🇻🇳,vui
Sợ ngồi gần quá thì thấy khuyết điểm trên mặt,lo_au
May quá có người rước hộ của nợ!,gian_du
🙏 Nam Mô A Di Đà Phật 🙏,buon
"hút điếu cần xong nhìn nó ăn mà muốn phá cái tủ lạnh vô dụng của nhà mình quá , đéo đủ sức đựng thịt bò toàn rau .",gian_du
Sống sót cũng rất mừng để trở về bên chồng con là quá tốt rồi,vui
Vô nghĩa,that_vong
@Nesaragesaraknm Tuyệt vời quá hơn cả mong đợi,vui
"Nguyễn Văn Tùng lật mông lên coi chừng đg ngồi ghế china á, để avt là thấy Hề rồi",gian_du
Em đã khóc khi đọc bài báo. Thật cảm động trước tình cảm của cậu bé dành cho em mình.,buon
ăn quả phạt này chắc nhớ đời luôn.,that_vong
nếu là tao thì tao sẽ không ăn được miếng nào,that_vong
Nghe câu chuyện mà khóc luôn,buon
"ngày đéo nào cũng đòi người yêu , sinh nhật bác hồ hay quốc khánh cũng đéo thấy tha 😕",gian_du
dm . đồ dạo này lắm tạp chất hay s í nó đéo phê nhg mà vẫn bị ngáo,gian_du
"mik cx vậy bạn ạ,nhx mọi người và gia đình vứ bảo mik thái độ,nhiều khi cx muốn đc tự tin nhưng mik lại bị tự ti",lo_au
sợ ánh mắt của ngkhac 😭 phải lấy tay che vội :((,lo_au
"Em buồn lắm ạ, em nhìn lại những gì mình làm 4 năm qua đều là sai hết, bây giờ em đang chuyển mình, nhưng em cảm thấy không an toàn, em đang học lớp 12 phải ôn thi đại học mà cứ tiêu cực mỗi ngày thế này thì em trượt ĐH mất!! Mỗi lần nghĩ nhiều em đều viết nó ra mong cho cảm xúc nhanh chóng trôi đi, nhưng chỉ được lúc đó thôi, hôm sau em lại nghĩ nhiều về vấn đề ấy tiếp! Em không biết tại sao nữa, nhưng mà em không muốn lo âu nữa, chỉ muốn tập trung học thôi 😞",lo_au
tao đang cố un crush nhưng khi xem xong video trên thì ..........( khóc không ra nước mắt ),that_vong
Thanh Cong Nguyen đúng r đầy đg đường nào chứ ở sg t thấy toàn xe dịch vụ kiếm đỏ mắt dc con biển trắng Đầy đg dữ chưa ?,gian_du
"Em thật sự rất cảm ơn chị giang , sau video này e sẽ tắm rửa sạch sẽ , yêu bản thân nhiều hơn và cố gắng không đổ lỗi cho bất cứ điều gì nữa . Mong c sẽ luôn tích cực nhé",hy_vong
Mới xem video cầu hôn xong.,vui
"ghê tởm , ông thầy đó 🙄",gian_du
nói thiệt là 10 người thanh hoá hết 9 người chả ra gì ...,gian_du
Kênh mới nè.,vui
tạm biệt ông 😢,buon
Chính sách phúc lợi mới bị cắt giảm gây ra làn sóng lo ngại sâu sắc trong nội bộ.,lo_au
cảm thấy mình thất bại :((,that_vong
lâu lâu được nghe truyện cổ tích thấy còn niềm tin vào cuộc sống 🤣🤣,hy_vong
"e thực sự cảm ơn chị Giang nhiều lắm , e chịu áp lực từ gia đình , đặc biệt là anh trai của em , anh í lớn rồi mà cứ đâm đầu vào những tệ nạn XH thôi , cha mẹ e cũng ko khuyên được , e thấy họ lo nghĩ nhiều , e cũng buồn lắm , e lại hay nghĩ nhiều và tiêu cực nữa nên chẳng hôm nào e vui vẻ hay cười đùa được . e thực sự rất buồn và e ko biết phải vượt qua khoảng thời gian này như thế nào nữa :((",lo_au
mình chụp mấy lần liền chả thấy bác sĩ cho mặc lớp áo gì cả 😭😭😭,that_vong
bà xinh thật sự ❤️,vui
nghe như hát trầu văn,gian_du
Đang trách nhất vẫn là cô và nhà trường,gian_du
Phạm Song Học content của mấy đứa admin ko sợ choá thôi bạn. Chứ cái đứa bạn hãm lồl nào thở đc ra câu này. Có thật thì cứ public đ/c khéo mấy cư dân mạng bỏ tiền thuê xã hội đen vã cho bay mỏ,gian_du
động lực của phan con gái,trung_tinh
bằng củi thì tao nấu suốt cho tới tận bây giờ còn bằng rơm thì chưa từng :v,trung_tinh
cho tao hỏi mấy con súc vật tụi bây cười cái gì dzậy ? chắc tụi mày phải bị gậy vụt vào mõm thì mới hết dám ngẩng mặt nhìn đời phải không ?,gian_du
Kenny Nguyễn hazzzz,lo_au
Chỉ có một Chuyện hối hận nhất cuộc đời t là ngày đó đã tha cho tất cả chúng nó....!!🙂,buon
mấy ai hiểu được ý nghĩa mà cứ chửi như đúng rồi,gian_du
Quá tự hào về ( Việt Nam 🇻🇳 ) tôi yêu Việt Nam,vui
"Tơ Minh Ổng biết cách cứu mà, đầu tập ổng đặt Holly nằm nghiêng để con bé đi ngủ không bị nghẹn đó, ổng không muốn cứu vì thấy Jane ảnh hưởng xấu đến Jesse thôi:v",trung_tinh
coi ảnh này nổi cả gai ốc,lo_au
"chỉ cần cho em nó 1 điểm tựa , em nó sẽ không ngán cả thế giới :))",hy_vong
khóc lóc rồi năm sau họp lớp đéo ai đi,that_vong
Đến thời mạt thật rồi.,that_vong
bà tao mất rồi :<,buon
Nam Mô A Di Đà Phật mong chú gặp nhiều sức khỏe may mắn trong cuộc sống,hy_vong
lúc nhỏ bà hàng xóm của tao bị dí chạy tới mức bã phải nhảy xuống sông bã lội trốn mà tụi nó cũng nhảy theo với bã 🤣,vui
tiền bồi thường lấy ở đâu ? cứ làm bừa làm ẩu rồi lấy tiền của dân mà đền đề nghị sửa lại nếu ai làm sai thì bỏ tiền túi ra mà đền,gian_du
Ủa đây là chương trình hoa hậu thân thiện à =)),vui
chỉ cần chọn đúng người đúng thời điểm thôi,hy_vong
per nhai mãi mệt không mày,gian_du
Kim Thị Thanh Trà haizzzz cái bọn bom hàng thì nó lại nghĩ khác. Với cả bọn nó chắc cũng chả có tiền trong tk để trả luôn ấy chứ,gian_du
tự ti vì cái mụn ruồi phá huỷ hết nét trên mặt luôn,buon
"có bao nhiêu đôi ngôn tình , cớ sao lìa xa mình ta :((",that_vong
"Ai cũng muốn quên đi quá khứ và dành thời gian cho hiện tại và tương lai, nhưng chắc các bro cũng đồng cảm kiểu mỗi lần chuẩn bị đi ngủ or đang đi trên đường lại có một chuyện xấu hổ gì đó từ quá khứ nổi lên ...",buon
tự bỏ tiền ra trồng tự cạo mủ cho chắc củ,trung_tinh
NV Thuận là bài học cho phụ nữ về nhiều mặt phải rút kinh nghiệm thôi dù xinh đẹp thì chồng cũng vái,trung_tinh
nhạc,trung_tinh
Hồi đi chụp kỷ yếu lớp năm cuối cấp 3 bỗng crush hỏi tôi có thích cô ấy không và tôi đã trả lời không,buon
tao ngự ở trong uống nước cho nhàn thân rồi,trung_tinh
Tuyệt vời quá Bs ơi!,vui
nghe ngọt thế :((,buon
Chuyện là ng nhà mình bị 1 nhóm ng gây sự và bị phá hoại tài sản. Báo lên phường thì đc gọi về báo là nên đi hòa giải vs tụi kia và k nên kiện vì bên kia quen biết nhiều và cơ to hơn. Mình nghe ko sốc nhưng mà buồn vs bất lực thực sự. Mình tức mà mấy ngày liền k làm đc việc j cả. Còn cả việc sắp Tết tới nơi r sợ tụi nó lại kiếm chuyện gây ảnh hưởng tới ng nhà mình nữa.,that_vong
rất chuẩn hãy sống làm người cơn luôn luôn co hiểu thảo với cha mẹ của mình nhé moi người ơi,vui
mình thân to mập và xấu ngại và học rất dốt nên mình rất rất ngại và ko thích nó chắc ko ai giống mình 😔,buon
Thế nên t đang cố gắng để bản thân tốt hơn từng ngày,hy_vong
"quá bản lĩnh luôn , người đáng nể , tiếc là anh ấy sắp bị tử hình rồi",that_vong
Phong Nguuyen ngu được nhiều người dạy dỗ cho mà vẫn cố chấp.,gian_du
như này thì pháp luật vào cuộc ngay. công an tìm luôn thằng chủ cho nó vào trường ăn cơm số.,gian_du
thế giới này thật đáng sợ ai chả đĩa bay cho tao về hành tinh tao đi,lo_au
thế giới này thật đáng sợ :3 trả đĩa bay cho tôi về đi :3,that_vong
"này là fact nha má, tr ơi kh phải tự nhiên t hay ngại đám đông hay j j đấy đâu tại t sợ mng thấy khuyết điểm của t ấy;-;",lo_au
tâm phải bất dính giữa dòng đời vạn thính,trung_tinh
"em sẽ mãi không biết có lúc tôi gọi chỉ để nghe câu "" ai vậy ?""",buon
"Tắm, dọn dẹp, làm việc, tập thể dục , .... ko để thời gian lãng phí. Tránh xa quan hệ độc hại. Đưa mình vào thì nguyên nhân ko đổ lỗi.",hy_vong
"trong 1 lần tao được mẹ cho về quê ngoại , nó nhìn tao - tao nhìn nó - và dume đầu tao chôm bôm . cđ đó dữ vãi ! sao nó không đi thi đai đen cấp quốc gia cmnl đi chứ võ công cao cường như vậy mà ở vùng qê hẻo lánh thì thật là phí của giời !!!!",lo_au
xin lỗi áo mình hơi giãn,buon
cái vị mà ai cũg muốn thử và mỗi người thử lại cảm nhận được một vị riêng,hy_vong
dóng nội em quá mà nội em mất r nhớ quá 😞,buon
"mấy con đĩ xạo lồn tao thấy mà tao tức á , chia bè phái ra làm rầm rầm rộ rộ",gian_du
Năm mô a Di đà phật,trung_tinh
hết hồn . sợ quá nhỉ . nhạt !,that_vong
Học sinh dưới mái trường XHCN là vậy sao?,lo_au
"Quá nhiều cơ hội làm lại, mà bỏ lỡ",buon
😈👎 j zday troy,gian_du
"Em chào anh, em cũng đang phải tự bắt đầu lại mọi thứ. Em vừa tốt nghiệp đại học Bách Khoa, đã có công việc ổn định, nhưng vừa đây em nhận được thông báo nhà em sẽ đi địnhcư Mỹ vào vài tháng tới. Mới đầu em cũng do dự, sợ vì phải làm lại mọi thứ, đi học đại học lại, kiếm việc lại, là người nhập cư chân ướt chân ráo, em biết mình sẽ phải đối mặt với nhiều khó khăn. Nhưng em vẫn quyết định đi, vì em nghĩ việc đi xa sẽ giúp em học được nhiều thứ hơn, dù vẫn đang sợ hãi nhưng cảm ơn anh vì một chiếc video dù tự sự nhưng vẫn tiếp thêm động lực cho em để kiên trì.",lo_au
xin video gốc,hy_vong
"công nhận đấy, xem từ đầu tới đúng cái tập trước tập Glenn đứt, sau khi đọc review biết tin không dám xem tiếp nữa, bỏ luôn",that_vong
Xung quanh chỗ T ở cũng toàn mỏ cá sấu vậy ko đó 🤣 ko dám giao du vs ai là có thật 🤣,vui
"tập thể năm nay lại làm mình tiếc nuối từ thành viên đến gvcn :,((",that_vong
"ý thức như lol vậy ai cũng như mày thì máy bay quá tải dẫn tới chết chùm , ý thức như lol vậy mà còn đăng lên",gian_du
bọn biến thái,gian_du
dù 22 tuổi nhưng bố giàu là được,hy_vong
hối hận đã quá muộn 😭,buon
vô địch awc 2019 nx,vui
ny tao đbh dỗi . chọc kiểu gì cũng không dỗi . đáng yêu vãi 😂,vui
tuổi trẻ tài cao là đây,vui
Sợ quá !,lo_au
chuỗi ngày tủi nhục cũng từ đó mà bắt đầu,that_vong
Vô cùng tự hào!,vui
"Sự việc xảy ra cách đây khoảng 2 tháng, đoạn video mới được đăng tải vào ngày 4/12. Trường và địa phương dấu nhẹm, bịt miệng hết",gian_du
Thien Viva ai hỏi mà bộ trưởng tl zị ba,gian_du
tại vì anh trót nói lời thương em mà em không đáp lại,that_vong
"My HuyÊn Dương thấy c nói đúng koh, hhhahaha",vui
Bạn Muốn Hẹn Hò? ng lớn họ đi xe khách chứ có điên nê làm v,gian_du
"gặp một nhà nuôi 1 con chó với 2 con ngỗng , trời ơi chưa kịp vào nhà , con chó còn chưa sủa mà con ngỗng đã đuổi chạy vắt chân lên cổ rồi :'( nhục",lo_au
"tự tin đối diện, cố gắng lên ..",hy_vong
nói thật chẳng hiểu thế hệ bây giờ nghĩ gì . động tý vào là kêu này nọ . ở nhà ở trường có vấn đề kêu um lên chứ sau này ra ngoài xã hội mà ngu thì nó vả không trượt phát nào chứ ở đó mà kêu . tiên trách kỷ hậu trách nhân,gian_du
nhiều khi cũng muốn người yêu chọc để dỗi phát cho bằng người ta . mà nhận ra mình làm gì có người yêu,that_vong
Lê Phan thèm nha.i đầu nó hk,hy_vong
ko có nhan sắc nên tự ti😔,buon
Hay quá a oto 10 điểm,vui
"Có ai giúp mình được không <br>Mấy ngày nay mình bị ám ảnh về người đồng tính, lúc nào cũng suy nghĩ về mấy cái đó, mình không thể kiểm soát giới tính của mình nữa mặc dù mình không hề muốn điều đó giống như mình có hai nhân cách trong một cơ thể vậy. Thực sự bây h mình rất cần sự giúp đỡ của mọi người. mình không muốn suy nghĩ gì về đồng tính nữa mà sao cái não nó hông nghe lời mình",hy_vong
per cười tức bụng nà vợ 😄,vui
rồi rủi gặp phải thằng người yêu con kia cục súc nó lại xiên cả đám,lo_au
Mình ngại giao tiếp kém lắm nên ít bạn ☺️,buon
Nguyễn Thị Thúy keke nhưng hồi đó đi học và học bài nên thích đc làm người lớn.,vui
Bún Cá này phải để người nhà nó bị cho nó biết chứ gõ phím thì dễ rồi,gian_du
Thấy bà quay xe treen cao tốc mà thót tim,lo_au
bị crush cũ chê xấu bây h có crush mới ko dám chủ động lộ mặt luôn,that_vong
Nana Trần tớ ko cũng xem lúc có người phát lên chứ ko ghi lại,trung_tinh
Cỏ Ba Lá người câm sẽ rất khổ vì k thể phản biện đòi quyền lợi. Nhưng với người tu hành thì để giữ miệng tịnh tâm lại vô cùng khó,trung_tinh
còn mềnh thì ra quán mua bim bim đều chỉ để nhì em mà cười,trung_tinh
Xót xa quá!! Mong a mạnh khỏe và bình an nhé,buon
Phim k hay,that_vong
Mỗi lần nghe bài hát này và những tin tức về VN nổi cả da gà vì tự hào!,vui
không hiểu sao xem đi xem lại bao nhiêu lần vẫn khóc được,buon
"em hôm trc đc chị kia để ý và cj củng show mặt,chị quan tâm em lắm,xong có một ngày em show mặt xong em nhắt chị xong cj lại k nhắn r còn bảo bị cấm khi đó cj lại nhắn trong nhóm,em nhắn từ đầu đến cuối vẫn k rep,em vào game thì thấy cj đang chs v tk khác",that_vong
thật sự để mà nói con đường nào cũng có chông gai chỉ là ta tiếp nhận được nó hay không vững vàng trên con đường đó hay không cứ cố gắng nếu không hái được quả ngọt mong bạn vẫn sẽ cố gắng tiếp tục,hy_vong
K nỗ lực khi còn trẻ bởi ngày tháng lãng phí. Giờ mới nhận ra gia đình cho ta triệu lý do để ta phấn đấu,that_vong
thích cái đầm nào mua cho bận ngủ cho mát nè :))) per,hy_vong
t hối hận bỏ ra tâm trí suy nghĩ đau đầu lãng phí thời gian khi tâm trung vào một cuộc tình giả dối mà tôi cố diễn cũng họ vì sự ngu si cố chấp,that_vong
Gần 30 rồi,lo_au
Xot xa quá. Nhà xe vô trách nhiệm cô giáo cũng vô trách nhiệm,gian_du
"sản phẩm tốt đấy , có tính ứng dụng cao",vui
"cấp 3 , đáng tiếc nhất trong thời học sinh ^^",that_vong
"Xuân Nghĩa b ơi, ở nhà thì làm sao có đủ dụng cụ mà mở khí quản trong chốc nhát được, chưa kể nữa là mẹ k làm trong hscc",trung_tinh
Đi xem chug nè,hy_vong
Bg muốn nhìn thấy 1 đàn sẻ bay cũng khó,that_vong
ôi gu mình !! mà phim lâu quá rùi giờ mà đóng lại bản khác thì không biết sao haaa,vui
"coi 3 lần mà vẫn cười , phim hay nhân vật dễ thương",vui
đứa nào nhây hơn đứa đấy thắng,vui
Chúc a sớm siêu thoát,buon
"Sợ hãi quá, sắp tới deadline rồi mà chưa làm được chữ nào ...",lo_au
nhìu người ko có ăn thấy tội,buon
"tôi trước nhá: tôi từng vứt tờ vé số 6,7 tỷ vào thùng rác🥹🥹",that_vong
@🪽 tín hiệu vũ trụ nài=)))))),vui
Phấn đầu lời bác hồ dạy. Sánh vai các cường quốc 5 châu.,hy_vong
"Người thì chỉ còn fb 1 ngàn, còn có người tiền tiêu phung phí có thể tiêu ko hết, thương vợ chồng",that_vong
Glenn chết t bỏ phim luôn mà. 🙂,that_vong
"ước gì con về với mẹ .... đợi mấy tháng rồi vẫn chưa thấy bóng dáng con , mong con vẫn sống ...",hy_vong
"anh ơi anh ra podca đi ạ, e k nghe k ngủ đc",hy_vong
"tao cũng vậy , mấy cái thiệp chúc noel thời cấp 2 trẻ trâu của lũ bạn vẫn còn nguyên xi",vui
Quá nhiều nơi t chưa đi mà đã bị phá tanh bành 😞,that_vong
"Hối hận thì cũng ngộ sát 1 tính mạng rồi, ai cũng quý mạng mình mà, chán ko muốn nói.",that_vong
"ai nói kết có hậu , đầu khấc mất vợ tương lai kia kìa",that_vong
đội nào cũng xứng đáng hơi tiếc cho per,that_vong
Đặng Hồng shock quá trời shock mong không phải là thật 🙏,lo_au
"Hay rồi anh Khánh ơi , về thôi",trung_tinh
Hơi bị vất vả đấy,trung_tinh
Nhìn chú rớt nước mắt 😥,buon
chet chet tí thì lộ hết r,lo_au
Má ơi ẩu quá vây,gian_du
sáng nay tao mới thấy 2 con này đi cùng,trung_tinh
Thu Hằng khổ thân ng bị đâm thôi ạ 😢,buon
tự hào ko ms nên mời,vui
"Trọng Nguyễn cũng tính nói luôn đồng quan điểm sợ a ấy sẽ bị trả thù quá , đồng bọn nó ko có bị bắt 🙄",lo_au
per luôn yêu đời và luôn yêu công việc em nhé,hy_vong
Đập cho lòi kẹo ra luôn 🥶,lo_au
"dume mày là con gái đó , còn tao thì ume mày có xuống không thì bảo",gian_du
"toàn là những comments của những kẻ chỉ giỏi ăn bám bố mẹ kiếp ở nhờ gia đình , ôm điện thoại làm người được tẩy não đến u mê mù quáng....",gian_du
hãy vui vẻ lên kệ ngkhac nói gì tự tin lạc quan lên đừng nghĩ nhiều nhé các cậu🤓👍🏻,hy_vong
"lớp 2 xí mót được cái chong chóng , bán lại cho thằng hàng xóm 500d .",vui
nếu không may mắn thì hãy tự tạo ra may mắn bác hồ nói r không gì là không thể,hy_vong
bé gái đáng yêuc quá :))). dth nữa,vui
Hân Nghiên tầm 6,trung_tinh
mấy thằng súc vật 😡,gian_du
Kỉ niệm khó quên! Trân trọng nhé bạn,vui
Ờ thì củng khóc théc,lo_au
không phải ngại mà là hôm nay tôi quên không đánh răng,buon
Mình cũng giống như bạn ở đầu video nên em mới ko đi học sớm,buon
ko phải là hướng nội tại tôi bị tổn thương quá nhiều r,buon
Hey hey 🎉,vui
"Ty Thanh Vo à không. Mình đang không nói đến sự kiện mà chỉ đang mô phỏng lại diễn biến nội tâm của anh chồng thôi ạ. Có thể đúng, có thể sai ạ ^^",trung_tinh
Hạnh Sino có tiền cũng ko mua được tuổi thơ m nhỉ,buon
hối hận quá,buon
"Đọc mà ko cầm dc nước mắt chứ ko can đảm xem video😭Thương và xót xa cho mảnh đời bất hạnh của các con quá,mong cho các con sẽ dc bảo vệ,cầu mong cho các con luôn dc bình an và cs của các con sau này sẽ dc bù đắp😭",buon
con đũy ngổng ngáo,gian_du
"tao cũng hay nằm mơ con mèo của mình nó về , tao tưởng thật nên khóc cả trong mơ lẫn ngoài đời . nhưng nó đâu có thể về được nữa ...",that_vong
công khai biết sai sao vẫn làm .,gian_du
tao nghi chị xác chết với chị bác sĩ pháp y đó yêu nhau quá chúng mày :)),vui
"đừng nên thích mấy ông anh cơ bắp , sợ lắm",lo_au
hỏng xe và phải đền tầu hỏa . có thể phải đi tù nếu gây hậu quả nghiêm trọng . đầu đất là có thật . 😔😔😔😔,lo_au
"tao toàn thế giận tao tao dỗi lại , lại phải dỗ tao . hahahaha",vui
"Thót tim quá, khối lượng công việc nhiều quá không biết bắt đầu từ đâu ...",lo_au
t đã cố tình che mặt nhưng vẫn giật mình,lo_au
"rõ ràng bà này muốn giết nhỏ này ngay từ đầu nên mới thủ dao sẵn, có lẽ bã biết nhỏ này có tiền, bởi đi làm ăn buôn bán thì chạy xe cà tàn thôi.. có tiền cũng không nên cho ai biết.. các bạn biết vì sao người giàu họ sống khép kín và hầu như không tiếp xúc với người lạ nơi vắng vẻ rồi đó..🙏",lo_au
Xếp hạng 22 sức mạnh quân sự thế giới là ok rồi 🥰🥰 cố gắng lên mà phát triển yêu VN🥰🥰,hy_vong
"cảm thấy thay được thì thay , giáo viên bây giờ thừa nhiều mà",gian_du
chấm cho tôi lên top đi mà :v,hy_vong
N mô a di đà Phật,trung_tinh
nói ra cứ sợ bị ngkhac nói nhiều chuyện lắm mồm sợ làm phiền ngkhac...😔,lo_au
1. 5 nhìn; 4 chạm; 3 nghe; 2 ngửi; 1 nếm<br>2. Tư duy theo con số 3%<br>3. Phương pháp thở của BS Nguyễn Khắc Viện,trung_tinh
per bị chữi thì ráng nghe mà vui đi nghe . cứ như nghe hát miễn phí 🤣🤣 còn bị chữi là còn hạnh phúc . nguoi ngoài ngọt ngào nhưng chắc gì đã thật lòng đâu,hy_vong
"Trong suy nghĩ của em thiếu niên 13 tuổi, sống ở miền núi nó đơn giản và không biết có những nguy hiểm về đường xá và an ninh như người lớn dau các vị. Nó nghe ông nội nói em bị bệnh và nó nghĩ đi là tới như tới trường nó học thôi, nó ko có tiền để bắt xe như người lớn và rất muốn gặp em vì em bé cách xa nó cưng yêu nên nó quyết đi xem em thế nào, tuổi này hay ảo tưởng sức mạnh",hy_vong
"Vụ này lâu rồi mà, mùng 1 ad đào mộ à",that_vong
sắp tới deadline rồi mà chưa làm được chữ nào 🥲,lo_au
Điện Thọai Hoàng Thông xem full clip đi,trung_tinh
kh phải kh có nhan sắc mới cảm thấy tự ti đou bản thân toi bit mìk có một chút nhan sắc thế nên lm j cũng phải cẩn trọng k là lại bị nói này kia dễ bị ghec lắm í:<,lo_au
"Thương quá , bài viết dầy ấp tinh người . Chúc chú , cháu luôn vui khỏe , hạnh phúc 🙏🏻🙏🏻",vui
mik tự ti về răng mik hô mà đi học phải đeo khẩu trang các bạn bảo tháo ra mik ko giám các bạn cười vào mik làm mik tự ti hơn 😑,lo_au
"per cùng suy nghĩ , và sợ cả điện giật nữa , giờ cứ ngồi cho chắc ăn .",lo_au
Nam mo a di đà phat cầu mong e som siêu thoat,hy_vong
phải cho chúng nó vào tù hết 1 lượt cho chúng nó ăn chính thực phẩm chúng nó bán đi cho nó nhớ,gian_du
"Điên máu quá, đang đi đường thì bị tạt nước 🔥",gian_du
Nguyễn Ngọc trên YouTube á b,trung_tinh
mình toàn làm ba mẹ buồn,buon
Bài giảng hay quá thầy ơi ❤️,vui
Thật may mắn khi gần như 5 cách c nói e đều làm trước khi e xem vlog của c! :)) <br>Cảm giác như con đường nhỏ được nhập vào con đường lớn vậy :)),vui
Rụt rè xuất phát từ sự tự ti. Vậy điều gì làm bạn tự ti thì đi giải quyết chúng.,trung_tinh
"@TvNhinhi Dù gì cũng trải qua rồi, bỏ qua một bên cho nhẹ lòng em nhỉ",hy_vong
thật:(tự ti vl,buon
"Khoa Đoàn Nguyên team có Levi và Bie là hay, còn lại 3 người kia ko có hi vọng",gian_du
Chúc mừng Chú Trump ♥️♥️♥️♥️♥️♥️,vui
Hàng xóm nhà tui khổ thân quá mà,buon
xin chúa thương xót chúng con,buon
Việt Đức lẩu gà Ba Tri,trung_tinh
Ưn Chi định up lên cho thiện hạ bênh cơ mà ko thành à,that_vong
"răng ko đều, nhiều lông tay lông chân ngại lắm lun ý",buon
🤣 lau mặt bằng quần chíp của vợ à ?,vui
@nangoc84 Giàu trước 30 tuổi đây mà,hy_vong
"K sao nhưng trận này đánh hay, lát t sẽ xem lại 🥰",vui
"Quân Ngô lúc dạy học thì tình cảm đi xuống, dạy xong tình cảm đi lên :>",trung_tinh
chỉ còn lại tro tàn,buon
"Anh nghe em giải thích đi, không phải như anh nghĩ đâu",lo_au
giá như quyết định bỏ học chỉ là thoáng qua chứ ko kiên quyết.....,buon
chủ như này lại chăm làm vãi =)),vui
Nhân quả chắc chắn là có thật. Những người làm việc ác ko sớm thì muộn cũng phải trả giá.,gian_du
"Đây cũng là lời cảnh tỉnh cho bao bà mẹ luôn đặt kì vọng vào con lớn quá gây áp lực học tập cho con , quên sự hồn nhiên ngây thơ … của con rồi đến khi hối ko kịp …!",that_vong
"câu nói "" ngu thì chết chứ bệnh tật gì "" tao thấy chính xác rồi đây ! dume thiệt hại tài sản còn bị phạt nữa . ngu vãi",gian_du
Cũng muốn nc mà cũng quanh k bb k ai thân thiết và mình cũng ngại mở miệng ra nc,lo_au
Trái nghĩa với no là đói<br>Vậy trái nghĩa với khát là gì 🤓👆,vui
nhà tôi còn nè,trung_tinh
thôi mấy bác bị dắt mũi rồi . nghe đến đoạn au mobile là biết nó quảng cáo game trá hình rồi . như con cặc,gian_du
"Vì anh nói rất thích đọc comment và luôn đọc hết comment nên em xin phép comment để nói rằng kênh youtube của anh quá là tuyệt vời lun ạ. Em xem video đầu tiên của anh khi học năm nhất để viết essay về financial crisis 2007-08. Giờ năm cuối sắp ra trường, đang apply công việc và gặp nhiều thất bại, trải qua nhiều sự thất vọng huhu nên khi xem video nè em thấy được motivate lắm ạ. Cảm ơn anh vì bài học về sự kiên trì, dám nghĩ dám làm ạ. Em chúc anh luôn hạnh phúc vui vẻ để ra nhiều video nha",that_vong
Vănn Bội nìm hi vọng mỏng manh những vẫn hi vọng kh phải sự thật 🙏🏻,hy_vong
ng ta cuối cùng thì cũng được còn tôi thì never 😞,that_vong
per tụi bây có thấy nó vô lí vlonee hôngg 🙂,gian_du
quá nhiều ấm ức quá nhiều thứ khiến ta suy nghĩ quá nhiều thứ khiến ta hong còn hi vọng j để cố gắng sống tiếp nữa^^...,buon
xl nma mới nhìn hình tưởng đang ấy,vui
tam đảo trời đẹp các mem à,vui
bố đi đường mà sợ quá,lo_au
"Hôm nay đang đi đường thì bị tạt nước, muốn chửi thề 🤬",gian_du
chuẩn . hài lòng với những thứ mình đang có . đừng mơ mộng những thứ viển vông,hy_vong
đã sợ chó rồi thì chớ lại còn bị đùa zai như này . ai sợ chó đã từng trải sẽ hiểu,lo_au
"Xin chia buồn cùng gia đình em.đau xót quá em ơi,cháu còn quá trẻ😪😪😪",buon
tao cũng đang là con ghẻ của tạo hoá,that_vong
Phan Trí Luận phá tài sản và đã đền cho chủ rạp. Tài sản này của bên cho thuê phông bạt chứ k phải của nhà cô dâu,gian_du
Nguyễn Phượng Người thương thì nói làm gì. Gia đình chắc xỉu luôn á. Con gái đi chơi bình yên khi về chỉ còn cái xác bị bầm dập vì tngt. 😥,buon
Rất sòuu:(,that_vong
"Cám ơn anh ĐQ Anh Thái bản tin cảm động. Tôi đã khóc khi xem video này, vì tôi lo sợ nước Mỹ và Ukraine bị bán cho Nga.",lo_au
lúc nó điên lên nó chã triệu hồi cả nhà mày ra ấy chứ nhổn,gian_du
biết giả vẫn phải tạo,that_vong
Phương Thảo như này làm gì cod mấy chục triệu phải mấy lít,that_vong
"tự tin lên tự khắc sẽ đẹp, đẹp theo cách riêng của bạn",hy_vong
dụ đấy ... đừng tin,gian_du
giá như lúc đó tôi không chơi tx,buon
cố gắng lên cụ nhé !!❤,hy_vong
per bây giờ thì không nói nhưng mà cảm giác phủ nhận vai trò bà thảo ngày xưa . vl không chị đọc thấy viết khập khiễng quá,gian_du
Chờ mãi không thấy rep tin nhắn làm dạo này áp lực thực sự hic,lo_au
"thôi đừng sống lãng mạn, cho t sống đc rồi bây ơi 😭😭😭",that_vong
Đăng cái ảnh nó phải đúng chứ. Đây là dị vật cản quang dạng kim khí . Có thể là đồng xu chứ hạt trân châu nào,gian_du
"không, nếu em dám show cảm xúc của mình ra thì em cực kỳ can đảm đó. Tất nhiên cũng ko nên khóc nhiều quá vì sau này nếu em bộc lộ cảm xúc ra thì ko có tốt trong việc làm ăn này nọ. Anh đã khóc lúc trong bệnh viện sau khi phải phẩu thuật lần 2 cái khớp háng của anh. Nhưng mà giữa việc em khóc 1 cái cho đã so với việc em kìm nén rồi 1 ngày nghĩ quẫn thì anh theo hướng đầu tiên hơn.",buon
tớ đi làm tóc k dám hỏi khuông mặt tớ hợp vs mái nào vì tớ mặt tròn to trán lại cao mụn tớ tự ti lắm...,buon
tuổi thơ tôi bị ám ảnh mấy con ngỗng này . mấy con màu xám cứ mỗi lần đi học ngang qua ngõ nhà hàng xóm là nó đuổi . tao lại chạy thục mạng . cứ phải đắn đo mỗi lần qua đó xem có chúng nó không rồi ù chạy như ma đuổi . haizz tuổi thơ tôi ....,lo_au
Tìm tài xế đấm phát vào mặt cho nó chừa,gian_du
tui vì con tui sẽ ở lại.từng là đứa trẻ...... nên t sẽ dành những thứ tốt đẹp t chưa từng có.,hy_vong
Xuân Nghĩa xem mấy phim ngta rạch chỗ ngực đk? rạch xong còn cắm cái ống vào chỗ rạch.,gian_du
Ss nào anh cũng bị 1 phen chết hụt. Đạo diễn ác vs anh vl,lo_au
tối nay tập mai triển ??,trung_tinh
đức tính là quan trọng nhất . CÁI NẾT ĐÁNH CHẾT CÁI ĐẸP ! Nên các bạn có vẻ bề ngoài ko như ý đừng buồn,hy_vong
Hội Khẩu Nghiệp vkl 9tr thì mua máy mới đi,gian_du
Đặng Thị Thúy Bình hùi lúc đi vắng tanh,trung_tinh
cưng quá đi,vui
Thanh Nhâm chả có phim này thì cũng ối bé bị áp lực học dẫn đến trầm cảm rất nhiều và dẫn nhau đi tt cũng ko ít,that_vong
Việc mất đi một đối tác chiến lược quan trọng để lại nhiều tiếc nuối cho công ty.,buon
gia đình thì không còn . tình yêu thì chưa có gì chắc chắn .,that_vong
"tháng 10 đến rồi , em đừng buồn nữa nhé ❤",hy_vong
đó là của bạn thôi bạn hài lòng với nó thì đâu có gì để nghĩ ngợi đâu,trung_tinh
: Mặt mụn vs bị ốm mà cái bụng thì phình làm t tự ti vãi lúc nào cug phải mặt áo khoác 😭,that_vong
"mình thấy tương lai của mình nó cứ mông lung, mơ hồ kiểu gii ấy nhỉ,k biết sau này mình có nghề nghiệp cv có ổn định k hay là vẫn cứ nay đây mai đó",lo_au
1 từ ( nhạt )🙂,trung_tinh
"Đúng điều em đang muốn luôn, cảm ơn chị Giang luôn luôn cho em cũng như mn có nhiều điều để bản thân tốt hơn, hạnh phúc và sống tốt hơn ạ.",hy_vong
Lê Hai iu nhiều 😍,hy_vong
Minh Đăng đừng đặt bánh PB cho em nữa 😤😤,gian_du
dù s đi nữa thì mày vẫn xinh . cố lên,hy_vong
nhìn ghét quá ????,gian_du
tao đây chứ còn ai,trung_tinh
"xưa trồng mới có trái nay. xem đời này, biết đời trước. xem giờ sống sao, ắt biết đời sau. anh, chị thông cảm nha, thấy sao nói vậy.....",trung_tinh
Sợ rớt môn quá làm hôm nay sợ hãi huhu,lo_au
😢😢 Hà Nội sẽ buồn vậy sao,buon
giờ lắm bọn biến thái thế,gian_du
Phải thật cố gắng,hy_vong
tuổi trẻ tài cao =))),vui
Còn thất bại nhưng tan tích nó để lại quá lớn thì sao a nhỉ :(,lo_au
Ước mong của bao người. Đúng là người lao động chỉ rời đi vì sếp.,hy_vong
@animegamming Dạ sau cơn mưa trời lạ sáng thôi anh ạ,hy_vong
Haiz họ Lamd Náo loạn<br><br>Mệt q<br><br>Mún YÊn mà K dc<br><br>Hành Ng ốm KHổ sở Lun hxjhduud,gian_du
"Hồi nhỏ em rất tự tin nhưng khi càng lớn dần, em hiểu được những gì ba mẹ em chỉ trích em, áp lực học tập và đồng trang lứa, khiến em dần thu mình lại.",that_vong
A di da phat,trung_tinh
sợ giao @típ,lo_au
phim kinh dị vào cái trời âm u 😒,lo_au
Dù chưa thành công hay giàu gì cũng mừng nói chung cũng đã cố gắng 🥰,hy_vong
per ly trà sen của anh đem qua có ngày nó thành như v đó 😭😭 hức hức ...,buon
“Vô tình gặp cảnh chẳng may”. Chứ ra chợ mà mua thì vô vàn lắm.,that_vong
địt mẹ xấu mặt đàn ông quá . đéo hiểu mấy thằng lol này nghĩ nó ngầu chỗ đéo nào nhỉ . bệnh hoạn vãi,gian_du
Như t t cũng chẳng xoắn hết cả lên à sợ vđ ấy chứ ghép con gundam thừa 1 mảnh thôi đã lú cmn cái đầu r,lo_au
sao đúng vậy người đó là ai thì mới hiểu🥲,buon
mình nghĩ đợt này bà per thua rồi . đuối lý lẫn truyền thông yếu,trung_tinh
Sợ rớt môn quá ...,lo_au
thấy thương quá mạnh thường quân giúp đỡ cho 2 em,hy_vong
năm sau nữa quyết định nằm cho đỡ đau lưng 😁😁,hy_vong
chưa bao giờ bắn trúng thứ gì .,that_vong
Mong FAP TV đưa câu chuyện này dựng lên thành 1 tập phim nhỏ hài hước ạ😂,hy_vong
Mình từng ít nói tới mức mà vài bạn bè bảo mình Tự Kỷ. 🖤,buon
"à thì ra ông bạn bằng tuổi. Mình cũng có những trải nghiệm như bạn, mình cũng ra nước ngoài làm việc, cũng chứng kiến nhiều thăng trầm, cũng gặp được nhiều người, nhiều cơ duyên mà có thể nói là bước ngoặt của cuộc đời. Mình tin rằng cuộc sống thực sự của mình mới bắt đầu từ năm 30 này và không có gì là quá muộn để làm việc gì đó. 😁<br><br>Sông sâu tĩnh lặng, lúa chín cúi đầu. Nguyện cho tất cả những người sắp bước sang tuổi 30 sẽ luôn biết mình là ai, biết mình cần gì và luôn làm điều tốt nhất trong mỗi giây phút hiện tại 🙏",hy_vong
Áp lực mệt mỏi lo sợ,lo_au
"Mình cái khác không biết, nhưng Việt Nam theo GPI 2020 là đứng thứ 64.",trung_tinh
mới có 3 năm thôi mà ... vậy mà chúng ta còn không tụ họp được lần nào cả,that_vong
không thấy tên phim thì hỏi . ở đấy mà hội người mụ cái đéo gì . đã mất công ghi tên phim thì ghi cho đàng hoàng vào . bất lịch sự vậy !,gian_du
Lê Hồng Nhung 2k5 ạ :((,buon
"Em cảm ơn chị nhiều ạ. Em thực sự đang đối mặt với rất nhiều suy nghĩ tiêu cực dạo gần đây vì em sắp tốt nghiệp, và chị biết rồi đấy, nó rất đáng sợ. Suy nghĩ về tương lai, suy nghĩ về công việc, suy nghĩ về gia đình, tất cả dồn lại khiến em mệt mỏi cả về tinh thần lẫn cơ thể. Chị ra video này thực sự khiến em rất rất cảm động ý, em vẫn luôn xem chị là nguồn động lực của em. Em cảm ơn chị lần nữa, vẫn luôn mong các video tiếp theo của chị. Mong chị luôn khỏe nhé.",lo_au
Đệ nghị Luật pháp xử nghiêm những kẻ mất tính người để răn đe kẻ khác.😡,gian_du
tớ cũng muốn có mối tình như vậy ??,hy_vong
Hân Như haha zữ zội,vui
Mọi người cho mình hỏi chút là đã bắt đc bọn đua xe gây tai nạn chưa nhỉ. Mong là sẽ ko còn phải nhìn thấy những cảnh ntn nữa. Chia buồn cùng gđ cô.,lo_au
per thay đổi đại từ nhân xưng .,trung_tinh
Đi ỉa tôi cũng ngại 🤡,vui
"@Hien2021 Khi trẻ, chúng ta sợ mất người yêu thương, thất tình và mong muốn nhiều lựa chọn. Trưởng thành, chúng ta lo lắng về việc mất việc làm, cảm thấy bị áp đặt bởi quá nhiều sự lựa chọn và đối diện với nỗi đau một cách trưởng thành hơn. Điều quan trọng",lo_au
Triệu Khánh Vy chuyện tình trẻ trâu,trung_tinh
mong rằng em sẽ không hối hận với quyết định hôm nay😑,hy_vong
Về nhà trùm chăn mà khóc. Không kiểm soát được tới mức bĩnh ra giữa lớp thì yếu thật,buon
quả nhiên chồng con nhà người ta đéo bao giờ làm tao thất vọng 😄,vui
"Đã từng ko dám mở mồm nói thích con bé năm cấp 1, h xa rồi nhớ vcl",buon
cầm cái búa ra,trung_tinh
"Giống 1 bộ phim gì của trung quốc, cô gái cũng bị bệnh giống vậy.",buon
Ghê sợ quá,lo_au
an toàn cho mình chứ cho ai đâu mà cứ thích kiểu trốn tránh ấy nhỉ ..,gian_du
ko có ai là ko có nhận sắc chỉ là nhan sắc ẩn mình mà thôi,hy_vong
sao không ghé quán rồi nhờ người nhà cầm nón qua cho tự làm khó mình vậy,gian_du
Cam có ba que như chú không,gian_du
Hoi han nhung thu minh chon luc nay,buon
"trông mấy anh bên người ta vẫn men nhỉ , bên mình bạn nam dưới nhìn hơi íu đúi .",that_vong
per giống súp lơ của bạn mình,trung_tinh
Trần Dinh Kini ý là nó có leo đâu Tại nó nằm xuống rồi cầm cái thằng lên thôi,trung_tinh
Chỉ mong .....,hy_vong
tớ luonn né tránh ánh mắt khii họ nhìnn,lo_au
"chán nản thật sự quá, nay đi làm về mệt quá",buon
tự tin lên đi mấy bạn rất đẹp,hy_vong
"chần chừ một giây, nuối tiếc cả đời...!",buon
cho em canh với . hehe,hy_vong
Sai 1 ly mang theo cả đời,buon
má tao xem mà lo thằng quay phim tét không à ? có ai như tao không ?,lo_au
Thuỳ Dung tán thành. 2 thằng nhóc này nhìn có vẻ ngông lắm ba gai,gian_du
"per mày nhìn thành long hồi này có thấy giống mặt anh chung nhung hồi xưa không :))))). thề luôn , tao thấy giống vãi 🤣",vui
"K phải em trầm cảm , em sợ, em sợ ngkac chú ý tới em, em sợ ngkhac k muốn nghe mình nói, em sợ ngkac phớt lờ, chê bai em..",lo_au
việt nam học tây chỗ này đây trách gì giờ toàn cô trò rủ nhau vào nhà nghỉ,gian_du
Levan Hao nhiều nước châu phi mấy chục năm qua vẫn vậy. Mà k thấy biểu tình gì.,that_vong
ko dám ra đường 😭😭😭,lo_au
Linh Trương đàn ông ngoại tình vẫn có thể bỏ bồ quay lại với vợ con Cho dù k có tình cảm vẫn có thể vì con mà chung sống Còn vợ ngoại tình là 1 đi k trở lại Khoing quan tâm con cái như nào cả,gian_du
"Mình ko thể nào quên đc cái chết của George O’Malley. Mọi người nên xem Grey’s Anatomy nhaaaa, xuất sắc",vui
Glenn chết bỏ xem TWD luôn mà ☺️,that_vong
"đó tao đi học tới 12 , mà dô lớp lì vẫn bị thầy cho nằm úp trên bàn trước lớp , kéo tà áo dài lên rồi đập cho mấy cây . giờ quánh thì không cho ( trừ mấy thầy cô yêuc quái cho mấy trăm cái bạt tai thì không tính ), phạt quỳ thì cũng lên báo . thua luôn .",that_vong
"Để dành đi comment dạo cmt đúng ý t, làm hư đồ t là t k còn bình tĩnh mà vâng ạ, dạ ạ ạ ạ như bạn này. Lúc đó là t văng bướmm chim bay đầy trời",gian_du
dễ thương vãi ♥♥♥,vui
sợ nói j ko đúng ngta sẽ nhìn mình= con mắt khác,lo_au
Quê t nhưng t chỉ bảo là quả báo thôi :')) Đắt đỏ quá,that_vong
khách hàng dời lịch họp sát giờ làm anh em ơi muốn bùng cháy 💢,gian_du
per đó đi chơi nhiều dô hỏi sao da đen -.-,trung_tinh
Chắc lúc xuông xe bé ngủ quên trên ghế quá.,trung_tinh
"muốn vượt qua rụt rè anh ơi, cảm ơn anh",hy_vong
"Tội nghiệp con quá, hôm qua thời tiết thật oi và nóng, mình con bị nhốt trong xe, chắc con đã hoảng sợ, đau lòng quá",buon
Thảo Thảo chắc ai đó sẽ cần,trung_tinh
Nhiều nơi như vậy hoặc hơn như vậy chứ không chỉ riêng P.Q. Mong lãnh đạo các tỉnh khác nhìn P.Q mà làm gương để môi trường du lịch được trong sạch.,that_vong
Mai đi phỏng vấn mà run quá làm anh em ơi thót tim 😰,lo_au
cưng xỉu ~~??,vui
trên đời sợ nhất mấy con trùn trùn như ri ! nhất là giun đất với rắn !!! đã từng bỏ tiết học sinh học mổ giun đất 😞😞,that_vong
Dù sao cuối cuọc đời bé đuọc sống trong vòng tay ấm áp chủ mới Cám ơn chủ mới đã cho em tình thương,vui
Võ Thị Mỹ Hằng trách nhiều nhất là GV chủ nhiệm kìa. Tại sao ko gọi PH khi thấy bé vắng? Cô có điểm danh ko?,gian_du
Chúc mấy cô bảo mẫu có chuyến công tác tốt,hy_vong
Anny Nguyen vô coi th đây nó kể nè,trung_tinh
việc đớn đau nhất . là nhường người mình yêuu nhất cho 1 người khác 😔😔😔. chỉ vì đơn giản không muốn ai phải đau buồn,buon
"Đế chế Khơme tồn tại từ năm 802-1431. Thủ Đô là Mahendraparvata ở đầu thế kỉ lX, cuối cùng là Yasodharapura từ năm 944-1431. Ngôn ngữ thông dụng là tiếng Khơme và tiếng Phạn, tôn giáo chính là Ấn độ giáo và Phật giáo. Chính trị là Chính phủ Quân chủ thần quyền mô hình Mandala, Quân chủ 802-850 Jayavarman II đứng đầu. Cuối cùng là Ponhea Yat từ năm 1417-1431 <br>Thời kì của đế chế Khơme là thời kì hậu cổ điển, năm 781 Indrapura được thành lập. Năm 802 Jayavarman được phong làm devaraja. Năm 1113-1150 xây cất Angkor Wat, năm 1238 Sukhothai li khai, năm 1353 Lan Xang li khai, năm 1431 Angkor thất thủ",trung_tinh
chính quyền sapa cũng rất quyết liệt với vấn nạn này. nhưng ko cải thiện đc mấy,that_vong
Phải chi lúc đấy cố nốt c3 thì bh lương chục củ🥺,that_vong
t thì ai ko thích nhan sắc t thì t cũng kệ cứ sống bth thôi nhan sắc bố mẹ cho mik làm j xấu là ok mà lo j đâu,hy_vong
cho chúng vào nhà đá ! quá độc ác không giết người bằng súng như thế này là giết hàng loat đấy thât khốn nạn,lo_au
may quá lớp tao không phải thế :)),vui
Toàn con nhà mất dậy… giáo viên họ đâu có dạy bọn chúng hàng ngày hàng giờ? Chỉ có môi trường gia đình nhà chúng nó k ra gì mới tạo ra lũ con thế này….,gian_du
ước gì được giận lại 😐,hy_vong
mới vào cấp 3 nhưng ko dám làm quen với bạn mới ._.,lo_au
Hối giận vì trước đây yêu nyc Thật may gđ ngăn cấm giờ đây t lấy được người ck hiện tại,buon
Đã từng nghĩ như vậy,trung_tinh
"chạy tới đưa đồ cho nó , trượt chân té sấp mặt luôn",trung_tinh
Pim Mie hic thể loại đó s nguyên cái khu vui chơi k đập hội đồng cho nó tỉnh ra nhỉ. Ở nhà ông bà ngoại tụi nhỏ dạy k được con mẹ nó thì ra đường cho xã hội dạy.,gian_du
Cũng rất thương tiếc con.Nhưng thôi con ra đi để sau này tìm được Hạnh phúc hơn vì sống mà không trọn vẹn con càng đau.Sieu thoát nhé con.💜,hy_vong
"Đẹp trai. học giỏi , con nhà giàu có quyền lực....!",hy_vong
"tệ thật, kata khó chơi vl :(",that_vong
"Nam mô a di đà Phật,mình khổ cũng không giàu gì nhìn lên không dám nhìn xuống,còn có nhiều người khỗ hơn mình,,chính tôi lúc gd nấu cháo bo rau muống vào ăn ca nhà chỉ một nấm gạo thôi,mình khổ qua",buon
"Vũ Bích Thủy ko xé vé đồng hạng đc, mọi sự việc ko nhìn 1 khía cạnh. Và mỗi người một quan điểm, thôi thì hữu duyên mày ah",that_vong
2k5 thì đi tò đc gòi,trung_tinh
per chị đã kịp đi chỗ này chưa ?,trung_tinh
"Sướng rơn quá, lương về rồi kaka",vui
nhỏ không học lớn lên làm nhà báo,lo_au
Dương Lan Phương hôm qua có 1 bài lại khai nt đó :((( con này nó đưa ngta lú từ chỗ này lú sang chỗ khác luôn,gian_du
Đẹp mà mắc thiệt,vui
nhìn móng tay bác này mà tao thèm lòng chó quá per,hy_vong
cũng muốn vứt giày cũ nhưng lại không có tiền mua giày mới . đành chấp nhận đau chân vậy,that_vong
xài vietcombank sinh nhật cũng không được chúc luôn :((,that_vong
quay lip miệng chửi liên tục còn đăng mạng cho mọi người biết ... hài .,gian_du
"Không biết đi đúng hướng không quá, không biết ngày mai sẽ ra sao huhu",lo_au
Chưa rõ đúng sai…. Nhưng có chút vitamin Gái vào anh em mạnh động quá🥶,lo_au
xong tao đưa mày uống nha,trung_tinh
Em có khó khăn làm nó đè nặng em thật sự và không biết cách nào để vượt qua...,lo_au
Phan Thị Thu Ngân c cũng thích chủ tịch của bé này. Ahihi,vui
Vân Hạ bộ đội x giáo viên 😆😆😆😆,vui
"kể cả ngoại hình.. lúc toi đi bơi mấy nữ có dáng đẹp thì người cứu hộ họ k la đến lúc toi la 1 tí thì họ bảo "" la um xùm quá thì đi về đi""..",that_vong
Ngọc Quỳnh xem ik bạn kết HE,vui
xin lỗi,buon
Em Hến,trung_tinh
ghét mấy cái thể loại này . toàn lũ hãm,gian_du
bà ta đâu cư xử như 1 người vợ đâu !,trung_tinh
cần có cơ quan chức năng tới để làm rõ vụ việc với ngư dân đã bắt nó,hy_vong
Giá như không bỏ học là giờ ổn hơn rồi🥺,that_vong
Lãng mạn Thành mất mạng à🥹🥹,that_vong
"tui gò má cao, mắt ko được to so vs tỉ lệ gương mặt, môi mỏng, lệch, hai gò má bị to, nhưng có mấy ai chê tui xấu đâu, đơn giản vì tui tự tin thay đổi",hy_vong
Xem cứ thấy sao ý tự hào lắm luôn,vui
Chung Ái Nhân có đéo gì đâu bạn ơi . Miễn k liên quan đến pháp luật . Nó có tiền thì nó phá xong nó đền thôi . Chủ yếu là vui lòng hả dạ là đc,gian_du
"bảo ""dân ng.uu"" thì lại tự ái. Tâm lý bầy đàn và ham muốn quay lại chụp lại những thứ xảy ra bất thường đang dần tạo nên những nguy hiểm tiềm ẩn trong xã hội hiện nay. t cứ thấy đám đông là t rẽ qua hướng khác , cùng lắm tò mò thì nhìn với vào bên trong xem có gì rồi cũng quay đi chứ ko rúc đầu vô mà quay mà chụp. Và cộng thêm dân trí thấp nên lúc nào cũng mang trong đầu tư tưởng C.A ép dân , C.A lộng quyền.... chán thật sự.",that_vong
bắc sơn lạng sơn đang cháy khô rồi mưa cái gì chứ 😠,lo_au
quá đáng tiếc Lúc này đang trên cơ các bạn đã rất hay rồi K9 mid nó đỉnh lắm,that_vong
tôi thật may mắn khi ở VN😌,vui
Nguyên Ngọc ngta gọi là hiệu ứng cánh bướm đấy,trung_tinh
"<b>Ngủ</b> và <b>thức</b> là 2 từ trái nghĩa, vậy tại sao <b>ngủ dậy</b> và <b>thức dậy</b> lại là 2 từ đồng nghĩa? =)))",vui
Nguyễn Thìn yak này cũng từ thời 9x rồi chứ có còn mới mẻ gì đâu,trung_tinh
"Cảm ơn anh đã chia sẻ, hi vọng sẽ có thật nhiều người xem được và cùng học hỏi tư duy của anh qua các video anh làm.",hy_vong
tự hào dân tộc nó ở đó đó,vui
Sợ quá,lo_au
@july107193 Ai cũng đã từng 1 lần buông bỏ để hướng tới những gì tốt đẹp hơn 👍,hy_vong
"Thoát khỏi tiêu cực cần nhiều thời gian, đôi khi là mất gần một năm như mình. Nên hạn chế nghe những điều tiêu cực từ người khác, hoặc từ mạng xh, suy nghĩ và sống đơn giản, tập quên những thứ làm mình bực mình, chơi vs những người tích cực, xem mấy thứ vui vui. ( quan trọng là bản thân mình có muốn sống tích cực hay k )♥️",hy_vong
"Thương các con , sau này mong các mẹ chọn mái ấm uy tín hơn, để không tổn thương các con 😢",that_vong
"@july107193 Đến cuối cùng rồi thì... buông hết khi tới cuối đời, nếu bạn không học đc cách buông bỏ dần thì tâm bạn sẽ không thể nhẹ nhàng và thanh thản khi ở cuối con đường.",buon
Áp lực đồng trang lứa đè nặng,lo_au
Tự nhiên đi kêu 1 thằng mà mình đánh thua tận 5 lần đi quy phục và triều cống mình nghĩ xem nó chịu không bảo sao chết là phải rồi,gian_du
"xoá mẹ nó đi , pr cho nó làm gì",gian_du
Huy Pham hơi nhanh tay,trung_tinh
Tự hào khi được sinh ra trên đất nước Việt Nam 🇻🇳❤,vui
không biết có ai ở trong ngôi nhà không,lo_au
vâng em gặp anh rồi mà giờ đây em vẫn cô đơn đi lang thang tìm những thứ vô nghĩa lấp vào nỗi cô đơn ấy,that_vong
quá nguy hiểm . chúng nó có thể đang đùa cợt với mày đấy,lo_au
"cay mắt lắm , mà nhìn nó lại nhớ nhiều kỉ niệm",buon
em chưa có người yêu . có ai yêu em không . em cô đơn quá,hy_vong
crush tao mất rồi .,that_vong
bà ngoại của em đáng yêu hơn thế này nhiều,vui
Me cx v mà trả thấy ngại,hy_vong
T hối hận nhất là bỏ thời gian đi yêu một người 5 năm “ đồng cam cộng khổ “ đến cuối cùng vẫn bị cắm sừng 🙂,that_vong
Chúc bạn bom hàng ỉa chảy đến chết 🙂,gian_du
"tên của tao nghe rất bình thương , không có gì đặc sắc nên nhiều khi nghĩ cùng buồn tẹo .",that_vong
nó bể 1 phát lúng tới cổ dume tởn tới già,lo_au
"khiếu nại cái gì khi cả bọn nó bao che cho nhau làm lớn thì sợ ảnh hưởng tới bộ giáo dục cho lên chúng sẽ ?,",gian_du
lần sau thì mình sẽ như thế để đỡ phải cãi nhau nhiều ah :-),hy_vong
"Ai cx có 1 nét đẹp riêng, phong cách riêng của bản thân mà nên là cứ tự tin lên nha😊🌷",hy_vong
per ơ tao còn chưa kịp đến bắt tay mà :((,that_vong
t đã thử rồi mà dume vẫn la,that_vong
có người đến gần cuối đời rồi vẫn còn khổ ! :(,that_vong
mấy đứa con gái chơi với nhiều đứa con trai nghĩ là bình thường nhưng mấy đứa con trai lại nghĩ con đó lẳng lơ,trung_tinh
thằng nào còn kêu khổ thì vào đây mà lấy động lực,hy_vong
lại sắp đánh án lớn,lo_au
chúng mày đã bao giờ bị hất cả cốc nước vào mặt vì mặt không bao giờ tươi cười niềm nở chưa ?,that_vong
per tao được làm fan cứng giống mày rồi 🤣,vui
rồi chưng ngắn như tao sao nhảy qua 😿,that_vong
Đã làm tất cả nhưng ko thoát được 😔😔😔,that_vong
Tử Hà Tiên Tử t biết cách đây cả chục năm :)))),vui
"😭 đau xót quá chị ơi, xin chia buồn cùng gia đình chị ạ🥲🥲",buon
tự nhiên muốn có con 😐 dume,hy_vong
Lần đầu tình cờ tôi thấy video này tôi nghỉ mình quá may mắn mong a chị có cuột sống tốt đẹp hơn,hy_vong
"Chị Giang nói đúng quá.....em đã bỏ mối quan hệ độc hại vs ba em từ 5 năm trước<br>Kết quả mẹ em và em thoải mái sống hơn,phát triển bản thân hơn đặc biệt mẹ em nay đi ra đường tự tin với bạn bè hẳn hơn..........có lẽ đó là điều hơn 15 năm làm vợ mẹ em chưa bao giờ dám làm",hy_vong
Chúc e nhiều sức khỏe,vui
Trán cao tự ti thật 😊,vui
chỉ còn 47 ngày nữa là đến ngày thi đhoc 😭 nhưng có quá nhiều vấn đề xảy ra trong lúc này với em 😪😪,lo_au
hmm tôi cũng bị mn hỏi như v.. tôi đã từng nói rất nhiều vui vẻ vô tư..nhưng tổn thw và mọi thứ đã thay đổi tôi...,buon
đừng vì câu nói người khác mà làm bản thân bị tổn thương nha các bạn. Mỗi người có 1 vẻ đpej riêng mà. Nhan sắc chỉ là nhất thời thôi...,hy_vong
"yess, glenn chớt tôi nghỉ coi phim",buon
per mặc dù biết ngôn tình tàu khựa toàn xạo chó nhưng cầu hôn có não thật ^^,vui
"Tự tin lên nào mấy ní ơiii.Hãy học cách kệ mẹ lời người ta nhé,Những lời nói ấy chỉ góp phần làm thụt chí của cta thoi❤",hy_vong
Anh đi bỏ xem luôn,that_vong
đơn giản vì nó đéo còn yêu mày nữa rồi ==,gian_du
"Nếu đang trong một buổi họp, lớp học,… mình bị bất ổn tâm lý và k tập trung nổi thì mình áp dụng method nào ạ",lo_au
nó lợi dụng ở 1 khía cạnh nào đó mà thôi,gian_du
"mỗi lần xem vid của anh là đọng lại rất nhiều giá trị, biết ơn vì có duyên nhận được nhiều giá trị từ kênh a!<br>Sắp đến em cũng có plan học thạc sĩ tại Úc, giữa 2 ngành Business Information Systems và Business Analytics thì con đường nào có cơ hội tốt tương lai mong nhận được góc nhìn từ anh ạ.<br>Chân thành cám ơn anh!",hy_vong
"@nangoc84 Đúng r ạ, e cũng biết Bitcoin từ năm 2017 và gặp downtrend nên e bỏ, sau đó đến 2021 quay lại thì lại gặp downtrend và bỏ tiếp, nhưng giờ X ra lại làm e có lý do quay lại ạ. X là số 1, Bitcoin số 2 ạ",hy_vong
tao đã từng viết như thế này . bây giờ không muốn ai đọc chỉ có đốt mà lười đốt,gian_du
chỉ vì nóng tính mà t đã đánh mất yêu,buon
"Mardoll Tee Aitch thêm cái tiếng máy niệm Phật nữa. Kiểu như họ hay để cầu an cho người hấp hối á, xong để hoài tới ngày mất đồ luôn.",lo_au
em đừng đi tập gym em nhé . bth em đã mê trai lắm rồi . em mà đi tập nữa chị không biết em như thế nào luôn 😢 per,lo_au
tớ có những j: ko nhan sắc răng hô da ngăm mụn ẩn chân ko thon dài eo ko thon tự ti thật,buon
"Feeling cute; maybe delete it later. Hồi năm 3 ĐH có em gái ng.uc to ng Bình Định học năm nhất rủ về phòng ngủ chung. Tối đó động thủ nhưng tôi đã không đến Z. Nghĩ lại thấy em gái đó thực sự wife material. Sau này trước lúc lấy ck ẻm có tâm sự bảo may mà hôm đó tôi k làm gì, còn tôi thì chỉ nghĩ trong đầu là tiếc thật sự",buon
Bản thân mình đến nay vẫn hay có nhiều lúc rơi vào trầm cảm nhẹ vì chữ tiền bởi lẽ nó là một thứ rào cản quá lớn để mình thực hiện ước mơ làm vlogger sau này,lo_au
Hối hận khi đã lấy chồng..,buon
T đc làm chính mình khi ở bên con bn t luôn ấy 👍,vui
Đi qua ng khác thoi cx sợ ng ta cừi mik mà theo 1 nhóm thì ko giám đi qua,lo_au
làm mấy chuyện dở người để được nó chú ý,gian_du
30 tuổi của tôi vất quá đi các bạn thì sao,that_vong
luv u......May quá em đang trong tgian tiêu cực vì việc thi Đại Học ấy :((,buon
Ok. Nốt đêm nay thôi =((,that_vong
Tuấn Anh thề luôn t nói câu này mấy chục lần r,trung_tinh
E 2k học giờ mới đc 82/129 tín vẫn đang cố gắng hoàn thành nốt chương trình học . Cảm ơn a đã tiếp thêm động lực ❤❤❤,hy_vong
Có tất cả về khuôn mặt nhưng chiều cao khiêm tốn.ko cho ai tất cả,that_vong
địt mẹ không có cái loại nào nó ác man và tàn độc hơn là cái loại người . xem mà điên đéo chịu được,gian_du
ngày xưa đi học văn và toán chắc noa dưới trung bình hết,trung_tinh
ngại tht nhiều lúc cứ hỏi sao mình xấu thế [写真],buon
quá đãaa,vui
ng anh em thiện lành đã rời việt nam . sayy goodbye 🌸,buon
"Nội tui nuôi tui từ bé.Cả năm ko về,đến cuối năm .qua 2024 cx k dám về.Giữ năm 2024 Nội bệnh.tui vay 💸 về thăm Nội.Mà Nội ko nhớ tui là ai,🥺tháng s Nội mất. tui k kịp về Nhìn Nội lần cuối...😔😔 Nhớ",buon
sắp được cống hiến cho tổ quốc rồi . vui quá ...,vui
tag vô cho xem mấy đứa xấu tánh thôi chứ ghệ anh tánh cực kỳ dt,gian_du
"Bố mình là một người tiêu cực,mỗi khi mà mình quyết tâm làm một cái gì đó, bố mình luôn là người khiến mình phải phân vân lo lắng rằng mình sẽ chẳng thể làm được, nghi ngờ về giá trị con người mình và cảm thấy mình thật vô dụng.Có những lời khuyên của chị Giang giúp mình có thể vượt qua. Yêu chị❤",that_vong
Trà Nguyễn chủ yếu cũng là muốn con ngồi mát ăn bát vàng ở tương lai. Nhưng thực tế là cho dù học khổ hay ít thế nào tương lai vẫn chủ yếu vất vả.,hy_vong
"Có 2 giấc mơ nữa cũg thành sự thật 😌 mà nó k ướt đẫm như này , nó díh díh",hy_vong
sợ vãi,lo_au
"@quachvinhkhoa quên thì ko ai quên đc, chỉ là mình có nhớ về nó hay ko thôi",buon
Hoang mang quá,lo_au
"A chồng cúi xuống cảm ơn vợ ,vì nhờ vợ có hành động tình cảm thân thiết với nhân tình nên a chồng mới biết rõ bản chất thật của vợ",gian_du
thấy tài khoản cạn tiền mà hoang mang huhu,lo_au
mỗi lần quyết tâm bỏ mà lại thấy cười . đm đời,that_vong
nguy hiểm vãi chưởng luôn ý,lo_au
"Gia Vỹ bài đăng ns về cái thằng bùng hàng, chứ có ns ông shipper đâu. Ng làm shipper làm công ăn lương, chứ họ vớ vẩn gì ở đây. Chỉ trách mấy đứa hãm, đặt cho sang rồi bùng hàng, b kia mới bảo là nên khoá tk của ng đặt hàng, chứ k phải khoá tk của ng shipper đâu mà b bảo là ở nhật chỉ dùng dc 1 tài khoản, vớ vẩn là nó khoá mõm ngay",gian_du
"t hô nhưng con bạn cứ kêu mở khẩu trang hoài í, nó nói có ai nhìn m đâu. Ừ thì m niềng răng thì răng m đều m tự tin còn t thì đâu có đc như m, nó cứ giật khẩu trang tui hoài làm tui khó chịu lắm,",gian_du
Vương Hạnh có hơn 2m chứ nhiêu,trung_tinh
"Vào thang máy ngại cực,sợ ngta nói con này đen thế,xấu thế😣",lo_au
"Phong Nguyễn xe dịch vụ thì cũng là xe mà b. Thị trường xe ô tô là miếng bánh màu mỡ mà. Có hãng sẽ nào sản xuất ra là thành công chiếm hết thị trường đâu. Phát triển như VF là quá tuyệt vời, đáng tự hào rồi",hy_vong
"Mình bài thi được điểm cao, hạnh phúc quá haha",vui
"Be confident in yourself, sweetie",hy_vong
tôi 30 tuổi mới bắt đầu nè🥰,hy_vong
"anh giờ thích ai rồi , không còn giữ câu nói trước kia nữa đâu nhỉ . ừ gần 1 năm rồi cơ mà :((",that_vong
tại ông bố bảo thủ hết,gian_du
đục khoét tuổi thơ vãi )),vui
hay quá Việt Nam ơi,vui
Buồn 😳,buon
"hôm bữa 2 bình siro dâu thấy tiếc , nay bình mật ong còn tiếc hơn",that_vong
chủ em này không phải người nữa rồi,gian_du
chỉ khổ thân bọn trẻ thôi đau sót lắm,buon
Còn người còn của,hy_vong
không biết là sống ngoài đó rồi đi ị như thế nào 🤔,trung_tinh
"dậy tắt đồng hồ báo thức kìa , giờ này còn ngủ được à :v",trung_tinh
"ê tao cũng hay giữ mấy cái linh tinh lại như vậy để vài năm sau mở ra xem lại có cảm giác hoài niệm , mà mẹ tao bắt tao vứt hết rồi 😢",that_vong
phải thế mới hết thối được,trung_tinh
"chẳng phải chuyện hài nhưng sao tao thấy buồn cười quá , chắc thần kinh có vấn đề",vui
tôi hối hận vì mất bạn,buon
Vân Nguyễn hihihi cám ơn bạn nhiều nhé.nhưng mình chưa có gd bạn ơi hihi.chúc bạn cũng mạnh khỏe bình an vui vẻ HP hén,vui
@Hien2021 Buổi sáng khoẻ mạnh săn cáo nha bro,hy_vong
"có cách nào em gửi quần áo cho chị không, tiền thì em không có",hy_vong
đừng đùa với nước bạn,trung_tinh
Đang tranh thủ kiếm thêm chút ít ngoài giờ cũng ko yên,lo_au
Làm dịch vụ mai táng bị ám đó mn,lo_au
trong đầu chẳng suy nghĩ đc j để nói,buon
"buồn xíu xiu quá, nuôi con mèo mà nó đi mất hic",buon
đúng là chân thật luôn luôn tổn thương !,that_vong
may không đi,trung_tinh
Khon nan la co that,that_vong
😞 đó sẽ là những kỉ niệm thật đẹp,that_vong
disss giật hết cả mình .,lo_au
"đm hồi đó nhà có nuôi bốn con , bữa đang ngồi chơi nặn đất sét nó chạy cả lũ tới , thật sự là tao không biết con đéo nào nhma có một con trong đó kéo áo phía sau lưng tao lên rồi cả lũ cắn lưng tao dume nó thốn vãi luôn . thề !",gian_du
loài dê phải gọi ông này bằng cụ,vui
"a chia sẻ về tiền số và tương lai của thị trường tiền số dc ko, liệu Vn sẽ có những biện pháp nào với thị trường tiền số ? E cảm ơn",hy_vong
Mẹ ơi hên quá. Em vừa downmood luôn. Chán dã man :(,that_vong
"tại giống nhau quá , nhưng đừng như người ta nha , nghĩ đến tự tử các thứ chẳng có gì là hay cả",that_vong
nó quan tâm mày là lúc nó cô đơn quá và mày vô tình đi ngang đời nó thôi,that_vong
Hy Hy Dương +1 FA vui hơn nhiều ❤,vui
"cái thứ ba , trời nhìn mà rơi nước mắt thay cho luôn công cả một mùa mà đi tong chỉ vì một trận mưa",that_vong
"Phú Nhiên ra là thế, ra là lấy le 🤣",vui
"Chị ơi em học lớp 6, nhưng em lại bị áp lực về điểm số, tiêu cực",lo_au
TÔI LUÔN TỰ HÀO VỀ VIỆT NAM🥰🥰🥰,vui
Hoàng Huy đọc lại hiến pháp nhé,trung_tinh
rồi nhận ra chỉ mình là cảm thấy như thế thôi hả :(,that_vong
Thì chị vợ cũng đổi luôn chồng đi ạ. Có qua có lại,gian_du
mãi yêu 🇻🇳🇻🇳🇻🇳🇻🇳🇻🇳,vui
"Trong cái rủi có cái may.rủi là do mẹ chủ quan , còn may là cứu được tay cái tay của cháu bé không mẹ ân hận lắm",buon
Nam mô a di đà phật cầu mong cho a chi gặp may mắn hơn,hy_vong
bấy bề ơi . thật là đáng yêu,vui
"mặt mụn,sẹo tự ti thật",buon
ủa ai cấp bằng cho bả vậy trờiii,gian_du
gì mà ghê vậy 😑 sởn gai ốc,lo_au
còn tao thì còn không có nổi 1 người tỏ ra thân thiết quan tâm cơ . _ .,that_vong
Rồi chỗ tiêu thụ,trung_tinh
chưa được đi pháp mà huhu,that_vong
"Vừa bị hủy chuyến du lịch phút chót xong, rơi nước mắt lun 😔",buon
"trời ạ, hôm trên insta chị mở q&amp;a và em đã hỏi câu này. nay chị làm vid khiến em mừng cực kỳ ý ạ. em cảm ơn chị nhiều",vui
Vân Nguyễn có bằng chứng ngoại tình thì tài sản phân chia về ông này hết đấy ạ.,gian_du
như 1 canh bạc ấy nhỉ @@,trung_tinh
Đoàn Thanh Hùng chuẩn k bác để e đi đồn 🤣,vui
Khoảnh khắc sinh tử thấy cuộc sống thật ý nghĩa,vui
Vi Quốc Vương 50k /con vào dịp rằm,trung_tinh
Câu chuyện thật là Nhân văn❤️❤️ Trong xã hội hiện đại bây giờ rất nhiều bạn trẻ có tấm lòng thơm thảo ❤️❤️❤️❤️❤️❤️,vui
"Hôm nay mình mới nhận đc giấy báo rùi, nhưng k hiểu sao mình k thấy vui hay hào hứng gì, đổi lại là đôi chút cảm giác buồn mà chẳng thể giải thích đc 😥",that_vong
Hối hận thì củng đã muộn 😔,buon
ko có ai sinh ra là đã hoàn hảo cả cậu ko phải tự ti về bản thân đâu ☺️,hy_vong
View số đẹp &quot;333&quot;,vui
nhói lòng lớp tôi,that_vong
Không hiểu sao càng lớn thay vì nghĩ cho mn nhiều hơn thì em đang dần nghĩ cho bản thân mình nhiều hơn. Giờ em chỉ muốn mình vui và hạnh phúc hơn bất kì thứ gì,hy_vong
Cảm ơn và trân quý tấm lòng của chị đã giúp ông. Cầu chúc chú nhiều sức khoẻ và mọi đều may mắn sẽ đến với chú,hy_vong
per con người dù có bị trừ hết điểm cũng chạ thèm quan tâm ạ 🙂,that_vong
...🦭,trung_tinh
thời gian đã lấy hết tất cả những gì tôi có 🥺🥺,buon
cưng nhỉ,vui
Nguyễn Thị Hồng anh hiền nhất huyện á cha 😄,vui
kết thúc 3 năm cấp 3 là khoảng tg đẹp nhất nhưng nó cho ta nhiều kỷ niệm đầy tiếc nuối 🤔,buon
"Tạ Trọng Linh đã thích comment khịa thì đừng tung ảnh mình lên, có ngày tai nạn lại hỏi tại sao",lo_au
lá cờ VN sẽ là lá cờ nhiều anh em trên thế giới phải ngước nhìn,hy_vong
"chào em cô gái tháng 10 , em là nắng ấm giữa trời mùa thu ...",trung_tinh
@TvNhinhi Chúc bạn một ngày an lành .hanh phúc .,hy_vong
Vinley Vinley 277 roi b oi nhưng vẫn phải đợi kết quả kiểm phiếu.,that_vong
"Tôi rất thương yêu động vật , nhưng động vật đó xứng đáng tuyệt chủng",vui
"cho xin dc nha , để hổ trơ nha",hy_vong
@★Andrealphus★ Em khi ở trên trung tâm nè ✨,trung_tinh
nhớ con gái tao quá :((((,buon
nhưng kp cười với mày đâu ảo tưởng vãi,gian_du
ăn ngon nhưng nóng không chịu được,that_vong
per của anh tao chứ anh mày à ??,gian_du
"vợ mình cũng thế , mấy lần đắp mặt nạ dọa chồng :v được cái mình chơi game kinh dị nhiều nên đếch sợ =))",vui
anh tôi đã 30 tuổi rồi ạ? Em xin tip để đẹp trai như 20 của anh được ko ạ? :))))),vui
Thật vừa may cuối đời em đã nhận được sự yêu thương ấm áp. Sự ra đi của em ấy thật vừa đúng thời điểm.,buon
câu chuyện y ́ nghi ̃ anh qua ́,vui
chờ mãi không thấy rep tin nhắn làm tự nhiên áp lực thực sự 😰,lo_au
hãy cảm ơn vì chúa đã ban em cho chị 😂😂,vui
"Má ơi trời mưa tự nhiên nhớ người yêu cũ, tuyệt vọng 😔",buon
Muốn trải nghiệm cảm giác này bạn nên ngủ lúc 5h chiều và tỉnh lúc 7 8h bạn sẽ cảm nhận được như thể mình thức dậy ở 1 thế giới khác,trung_tinh
"gặp cái này "" sun "" mẹ nó vào ...",lo_au
Mất dậy quá,buon
"Ăn chơi ko nghe lời bố mẹ,cuối cùng bố mất vì bệnh UT",buon
tại giao tiếp kém thôi lúc nói ra thì k ai nói lại với cười nên cũng ngại lắm:p,buon
tự hào là người VIỆT NAM🥰🥰🥰,vui
"crush đi nhậu rồi say , rồi bị thịt ... hic hic",buon
"Kh biết có ai như tui hong chứ tui thấy sợ khi nhìn vào mạch máu ở cổ tay của chính mình, chắc là do bị nhiều phim ảnh cực đoan ảnh hưởng nên cứ mỗi lần z là tui không dám nhìn lâu luôn á 🤧, đầu tui tự tưởng tượng cảnh bị gì nguy hiểm r bị cái gì bén bén chạm phải rồi máu me tùm lum",lo_au
đợi nốt ván đã =)))))))),vui
rồi khi mày có 1 ít tiền mày mới phát hiện ra còn đéo cả có người đi cùng cơ,buon
t chỉ tự ti vì da có tàn nhang... hồi trc t tự tin vc ln mà bỗng nghe lời trêu đùa của bn t cái t tự ti buồn lắm,buon
trong thế giới này không ai là hoàn hảo hết có này thì mất kia...,buon
Vãi cả thơ ăn mù tạt cũng thành thơ,that_vong
"Tự nhiên nhớ ngoại t ghê, xưa cũng hay xin ngoại vậy á 😔 giờ ngoài mất rồi về😔",buon
t nghe thấy nó nói gì tao chết liền,lo_au
đằng nào thì điều hòa vẫn bật mà .,trung_tinh
đúng . biết là sự thật tàn nhẫn nhưng vẫn muốn biết rõ cho nhẹ lòng hơn :(,that_vong
Bây h còn bé tí,trung_tinh
"Thay vì ngồi tiêu cực thì hãy chọn lọc cách hoàn thiện bản thân i các cô nương oiii , các bn ko hề xấu đâu 🤗💖",hy_vong
Nay tiêu cực tí thôi rồi mai ổn lại nhé .,hy_vong
bả đòi cái gì vậy ?,trung_tinh
"hôm bữa đi ngang qua , thấy hết con mẹ nó hồn",that_vong
Hong biết nói cái gì im cho lành còn không thì hết năng lượng rồii. Nên eo ơi xin đừng bắt chuyệnn 🤡 Mắc công gây hiểu lầmm,lo_au
a ơi..e có quần áo mới lắm.. chị mặc vừa hết đo a..a ở đâu.. có ở khu vực thủ Đức ko ạ,hy_vong
"@nangoc84 Sống là phải có ước mơ đã, còn cứ mơ đi rồi tính tiếp",hy_vong
"mấy thành phần không chấp hành luật giao thông cứ phải thế này . cơ mà thằng này gà thật , tạt mẹ vào quán nước mà ngồi uống chứ làm gì phải dắt xe khổ thế kia",gian_du
vì lợi nhuận con người ta có thể độc ác với nhau như vậy sao ???,gian_du
Hải Trần nói vậy cũng nói.chẳng có cái nào mà không sảy ra sự cố cả.quan trọng trong lúc đấy bình tỉnh giải quyết sự cố trong gang tất là được,hy_vong
Sao lại chỉ phạt có 17tr vậy 😨,that_vong
vì có mối ngon hơn chứ saoooo :(,that_vong
đúng là vàng trắng .. nhưng mà trắng tay :(((,that_vong
Quốc gia phục hồi nhanh nhất sau chiến tranh,hy_vong
@nangoc84 Sự kiên trì là lối thoát dẫn đến sự phát triển,hy_vong
Tao hối hận vì đã quay lại với thằng ck tồi tao vẫn tự mình nuôi 3 đứa con đc xuốt 12 năm qua,that_vong
h mệ mất rồi mới bt trân trọng 😭😭,buon
chỉ mong cảnh này sẽ không còn xãy ra ở xã hội này nữa . bất hạnh vậy đủ rồi 😞🙁,that_vong
Qua kiểm duyệt của vn rồi cũng thành bộ phim ngôn tình @@,that_vong
"tao rợn hết người luôn , ghi công mày 😑😑",lo_au
Phương Nghii hồi đó xem chị ơi đi hàn quốc thích paris baguee lắm🥲,vui
Lời nhạc hay và dễ thương quá <br>Nghe 20 chục lần vẫn chưa đã ghiền,vui
dume sự nghiệp vứt đi đâu,gian_du
"E mong a ra một vid về chuyển biến tâm lý ở từng độ tuổi,<br>E tìm kiếm nhưng khá ít video nói về điều đó<br>E năm nay 23 tuổi và có thể nhận diện rõ càng biến chuyển về tâm lý hoặc xu hướng quan tâm vào vấn đề gì ,hoặc thản nhiên trước những thư trước kia cho là vô lý,ko khóc lóc như người thân mất,hoặc cảm thất lo lắng khi ko biết cuộc sống hôn nhân sẽ diễn ra như nào, nuôi dạy 1 đứa trẻ ra làm sao",hy_vong
em nuôi con lợn mấy năm rồi mà vẫn trống rỗng huhu 😭😭😭,that_vong
mong gia đình vượt qua khó khăn ❤️❤️❤️,hy_vong
@tritm165 Hãy đón nhận nó dù đóng hay mở,hy_vong
t mong nó té quá chời :v,hy_vong
"vợ người ta chưa bao giờ làm tôi thất vọng , còn vợ tôi thì ..... đi hết 1 / 3 cuộc đời rồi vẫn chưa tìm thấy 😓",that_vong
🙄🙄🙄🙄 tao cũng thích kiểu kể chuyện trước khi đi ngủ . cho đến khi tao ngủ luôn . mà đéo có ai hết . buồn đời,gian_du
Long King nhà bán hòm mà fen,gian_du
nhiều mụn Da đen nhiều lúc tôi ko mún ra ngoài vì xấu,that_vong
"nhiều kỷ niệm đẹp , giờ nhìn mấy đứa nhóc đi học mà muốn quay về quá khứ .",hy_vong
per facebook cứ để tao phải xem được những cái lãng mạn là sao cay vãi,gian_du
Tự tin lên nhé!còn bn bè trên mạng và ng thân mà,hy_vong
per về xem anh :v đái ra quần chuẩn mẹ rồi,vui
"hai thằng đó sẽ .. nhau , cô về nhà nằm mơ típ đi cô bé",gian_du
chụp xong về chia tay ráng chịu,that_vong
nuôi sao mà trông béo tốt thế kia :v chỉ bí quyết đi,vui
dân giàu..nước mạnh...,vui
Mỹ Hạnh mái ấm hoa hồng bữa mình đi nè m,trung_tinh
Đọc thơ xong lại thơ thẩn,gian_du
Mai vẫn vậy,that_vong
E muốn gửi ít quần áo cho anh chị. Ai có thể giúp e đx ko,hy_vong
bị hiếp dâm chứ có phải tự nguyện đâu mà có mấy ông vẫn còn bảo ngt sướng này sướng nọ,gian_du
"thanh xuân của tớ gặp cậu rồi , 4 năm rồi , chỉ có điều vẫn là 2 đường thẳng song song",that_vong
thật khó để có cả 2 khi chúng ta còn trẻ,that_vong
Nguyễn Yến xác nhận đúng nhà này đánh đấy b,trung_tinh
@TvNhinhi Tô màu nhiều cho cuộc đời nó rực rỡ,hy_vong
Mong bà khoẻ mạng để vui bên con cháu,hy_vong
đó cũng là cái cốt lõi cái then chốt thúc đẩy ông phát tiển sách lược của mình bằng cái tâm và cái tầm .,trung_tinh
"Thanh Kim Huyền hạn chế cho nấm ăn thạch chị ơi, cho ăn thì mớm nhỏ chứ k để tự ăn đc",lo_au
không biết nguyên nhân từ đâu,trung_tinh
"vãi cả phí , có ... 81 tỷ hoy 😓",that_vong
Nguyễn Đức Thiên An thiệt vậy nên đọc mấy cái này tôi dễ bị ám ảnh á,lo_au
3 chàng ngốc . top 1imdb phim đáng xem nhất mọi thời đại,vui
lò bếp dầu một thời nè gì per,trung_tinh
lúc tối mày cũng nằm mơ nèo nhà mày về . ước gì nó là sự thật,hy_vong
qué là so cute~😍,hy_vong
Thanh Cong Nguyen quê tui sài gòn ko thấy đầy đường nhé.,trung_tinh
Giá như năm đó kh cãi mẹ để nghỉ học,buon
kéo cái áo chấn động tam giới,vui
xem lâu rồi nhưng đến lúc cần lại lôi ra xem lại,hy_vong
"Cố lênnn, chúc may mắn tại Cktg 🫰🫰🫰🫰🫰",hy_vong
"Có nên đi bán vàng ko, đợt mua nửa chỉ mà cứ để dành hoài 🤭🤭",vui
"Xiêng Mỹ Ngà e 32t rồi, ko có hứng thú vs đàn ông😓 Cảm giác bc vào chuyên yêu đương vs kết hôn là bao nhiêu nỗi sợ hãi bủa vây. Ko bt hết đời có gặp dc ai cho mình cảm giác an toàn ko nưa😭",that_vong
hối hận của ta à lấy chồng 😔,buon
ko dám bắt chuyện với ai luôn😐,lo_au
"@Hien2021 Ở độ tuổi nào chúng ta cũng đều có nỗi sợ khác nhau, khi còn bé thì sợ không học tốt sợ điểm kém sau này lớn lên lại thấy sợ hãi chẳng giúp ích được gì nó chỉ khiến chúng ta yếu đuối và nhụt chí đi thôi",lo_au
@💙🔴red blue🔵❤️ @Fan one piece❤️‍🔥 😘😘,vui
"tôi kể các bạn nghe 1 chuyện có dính 1 tý với caphe tn : chuyện thế này ba vợ tôi có 1 người bạn rất khó khắn nghèo và đang trốn nợ , ba tôi cho ông chiếc xe máy củ để đi xe ôm . vợ chồng ông bạn này bỏ quê trốn nợ lên tây nguyên làm công cho nhà máy caphe tn trong 4 năm học được nghề làm caphe và sáng lập caphe tuấn kiệt caphe công thức y chang tn bán hợp lý hơn ! ngày nay ông chủ tuấn kiệt đã là 1 đại gia có nhà máy ở sốc trăng , ông ấy đi tìm và trả nợ từng người ơn của mình ! mổi lần ba tôi lên sg ông đều cho xe tới mời ba tôi đi ăn nhậu ! trong lúc ngà ngà ông ấy nói "" em chả bao giờ uống caphe của em làm , tn cũng vậy "" thế đó",vui
mon là có nhiều anh em có hướng đi giúp cho nhiều bà con gặp khó khăn như gì 👍👍👍,hy_vong
chời ơi mới chụp răng 2 bữa trước về không ngủ được tới nay luôn,that_vong
"Hãy nhìn đời đơn giản Bằng đôi mắt lạc quan. Khó khăn xin đừng nản, Bình thản sẽ bình an.",hy_vong
cũng sợ mấy con ngoe nguẩy như giòi 😰,lo_au
Hoa hậu thân thiện,trung_tinh
mình tự ti lắm mình cũng mún đc khen xinh😌,hy_vong
"Người có tâm thì làm việc gì cũng có tâm dù là nhỏ nhất, và dĩ nhiên sự trung thực và trách nhiệm cao luôn được đền bù xứng đáng.",trung_tinh
Nọng to Da đen Mũi tẹt mắt 1 mí Gò má không đều Da đen Lần nào ăn hay uống trong lớp cx kh dám tháo cái khẩu trang ra,buon
tôi làm trades . lương tôi không có .. chỉ có thu nhập thôi có tính là cao nhất việt nam không ??? tháng tôi kiếm từ 3000 - 5000,hy_vong
Hưng Lương sợ thật,lo_au
ở cùng cái t như ngkh í🤩,vui
Trần Dinh Kini leo tới đó mỏ nó mới dài ra đó,gian_du
"Bây giờ thì em lại nhớ và hâm mô em của ngày xưa <br>Một cô gái rất tự tin ,mạnh dạn,vô tư và hoà đồng.Trái ngược với hiện tại",hy_vong
Phong ba bão táp,lo_au
"đặt mình vào vị trí của nhau , biết lo lắng suy nghĩ san sẻ cho nhau vậy là đủ rồi . có quá khó không ?",lo_au
chắc ỉa ra quần chứ đéo đùa -.-,lo_au
"Anh Lam đúng vậy, khi mình nuôi con mến tay mến chân con đã quen rồi. Giờ cho người khác con nhớ càng trở bệnh nặng hơn.",that_vong
haha còn tao thì thấy nó lúc nào cũng đáng yêuc 😄😄😄,vui
"làm ca nào không quan trọng , quan trọng là có đồng bọn bảo yến nguyễn hạnh 🤣🤣🤣",vui
liên quan đéo gì . trung thu tết đoàn viên gia đình chứ đoàn viên người yêu đéo đâu .,gian_du
Anh Nam đẹp quá :)),vui
per dã man,lo_au
Yến Linh mới vừa,trung_tinh
giun xào đĩa luộc là ngon ngay 😂😂😂,vui
trong luật có khung hình phạt xử bắn không ... ghê tởm,gian_du
"làm sao mà không suy nghĩ tiêu cực được đây chị khi mà tất cả sự cố gắng, nỗ lực của mình lại không được đền đáp bằng kết quả tốt đẹp<br>vừa rồi e thi môn toán, trước đó e đã được cô giáo dạy thêm cho ôn tới mấy đề ,tối hôm trước cái bữa thi toán thì e thức đến tận 2h sáng để giải lại đề cô cho và thêm các đề trên mạng nữa, vậy mà khi lên giường đi ngủ thì mẹ e lại nói : học như m thì ko có hiệu quả đâu... và thế là sáng hôm sau e đã làm sai , e thực sự thất vọng lắm chị à, học kì vừa rồi e bị hstb nên học kì này e đã rất nỗ lực, e đã rất cố gắng vừa là để thi học kì cho thật tốt, vừa là để thi chuyển cấp có kết quả cao<br>nhưng mà e chán lắm rồi chị ơi...",that_vong
đúng là như vụ thái nguyên luật pháp không nghiêm minh lên dẫn tới hậu quả coi trời bằng vung lên cứ ngược chiều đi,that_vong
đã tìm ra cụ tổ của những chiếc sừng,trung_tinh
Eo ơi. Sợ vậy🤬,lo_au
nhấp mẹ miếng da chính giữa 2 lỗ rồi lấy muỗng múc là xong,trung_tinh
ây da 1 thời,trung_tinh
"tự tin lên nào,cậu là người xinh đẹp nhất đó🫵",hy_vong
t chỉ sợ cảnh đấu kiếm :((,lo_au
Hai Yen hồi đó tui học ôn thi đh khuya í đến tầm 3h sáng nghe tiếng 2 con mèo cắn nhau kiểu kinh dị thiệc sự lun 😰 sợ quá phải đi ngủ vội chứ ám ảnh zl,lo_au
chả vị nước mắt à 😔,buon
Đang nghỉ giải lao xem ván 3 thấy lợi thế lớn ăn đc baron rồi vào làm nghĩ thắng được TQ lụm hcd mà vừa làm vừa vui mừng đến khi tan làm ra xem thì lại thua buồn thật chứ :((,that_vong
đã sợ rồi .. cố gắng hí mắt để xa ra để coi như thế nào .. khúc cuối hết hồn dục luôn cái điện thoại,lo_au
"đau lòng vãi . cứ tưởng là đùa . ai ngờ , bồ nhau thiệt . ơ . tớ có sừng không",that_vong
đến năm cuối đại học rồi lúc nhớ lại đéo có gì,that_vong
t nói té 1 cái không dập mề thua gì cũg thua ..,lo_au
Yêu sinh hận. Buồn sinh hận Vui sinh hận Đau sinh hận. Đáng hận nhất là chưa báo hiếu được cho cha mẹ!,buon
Tôi không hối hận về những thứ tôi đã làm.😊,vui
em hướng ngoại hay nói chuyện với mọi người xung quanh nhưng em không nói chuyêm với gia đình,trung_tinh
tốt rồi :< cố lênnnnn,hy_vong
"Tớ giải quyết xong đống task tồn đọng, không thể tin được 😎",vui
xem mới video về tổ quốc tự hào lắm luôn Tôi yêu Việt Nam 💓,vui
Trời đất ơi!…,gian_du
"Chị ơi,em bị người mình quý nhất ko tin tường em...Thật buồn chị ạh😞h em phải làm sao...?",that_vong
per đồng nghiệp không tốt ta có thể bị chửi và ăn đòn từ sáng đến tối 🙄,lo_au
Giá như năm đó không cãi cha nghỉ học,buon
"Nguyễn Tiên giống mình. Vào phòng khám đa khoa khám sức khoẻ định kì đéo hiểu sao nó lấy cho 6500k mà ko ra cái bệnh méo gì. Xong nó chích cho 1 phát thuốc vào mông,méo hiểu thuốc gì mà đau muốn liệt cái mông. Sợ vcl bọn khốn nạn",lo_au
Tội bất hiếu là kh thể chấp nhận dc. Đuổi mẹ 2 đứa con đi,that_vong
Ớt Chỉ Thiên m say xe toàn ngồi ghế trước :(((,that_vong
Mới tậu được chiếc áo cực cháy làm tớ nhảy cẫng lên haha,vui
"Dạo này crush có người yêu, chẳng muốn làm gì haiz",buon
cũng xinh mà ?? lai cỏ có lẽ sẽ khỏe mạnh và đỡ ngáo hơn ??,hy_vong
Thằng dốt,gian_du
mặt tròn vuông mũi k đc như ng ta mũi to mũi nhỏ mỗi lần t ra ngoài đường hoặc đi hc t rất tự tin k giám đi đâu cả chỉ lủi thủi ở nhà mắt cs cuồng thâm nhiều sẹo ưu điểm : trắng,that_vong
đăng lại cho zui chứ t tự tin=),vui
"Mình rất rụt rè, và luôn kiểu luôn cho mình thua người khác, và mãi như vậy tận.mấy năm",buon
tự cảm thấy vô dụng🥲,buon
có một sự tổn thương không hề nhẹ ở đây,buon
tao thì nói xong lại thấy người ta không hứng thú thì lại lượn,that_vong
"từ không tật nguyền , trở thành tật nguyền để nuôi mấy cái không đáng",gian_du
haiz nuôi được nuôi không thì thôi chứ nuôi mà để v coi được haizz,that_vong
lúc ngoại còn sống cũng hay xin ngoại 10k 2 chục gì đó,buon
"nhổ tóc sâu cho bố , hình như được 500đ để mua kẹo dồi 😂",vui
mình hỏi rồi mà họ nữa muốn bán nữa không bạn để hôm sau lên hỏi lại lần nữa,trung_tinh
Lão Hạc giải quyết luôn đứa đặt ra vấn đề🤣,vui
Can làm gì kệ mẹ cho tay bo,gian_du
tôi nghiệp,buon
"Tai nạn lao động kinh khủng thật. Đáng ra ban quản lý nên thành tâm lo hậu sự thì có lẽ sẽ khác. Còn việc ko dừng sản xuất, mn ơi, thực tế thì, đứng từ góc dộ doanh nghiệp dây chuyền lớn, dừng là dừng sao được, thiệt hại khủng khiếp, vẫn phải chạy hàng để trả đơn thôi. Dừng chuyền thì những người công nhân chưa chắc đã xử lý đc gì ngay lúc đó, đứng nhìn nhau bối rối à, vẫn phải đợi cơ quan chức năng đến giải quyết thôi.",gian_du
Lý Lãnh Văn luật bạn ơi không phải lực,trung_tinh
Mới biết đến ổng cover vs em gái 😭😭😭😭,buon
ơ ̉ viê ̣ tao nam sao được như vâ ̣ y,trung_tinh
Người ta ko bắt chuyện nên cũng ngại),lo_au
Thiệt tình chuẩn bị thuyết trình mà quên mang theo slide. hồi hộp quá 😥,lo_au
@Hien2021 Trẻ sợ 1 già sợ 2 Mỗi thời điểm trong cuộc đời con người ta lại có những điểm khác nhau. Cố gắng vượt qua nỗi sợ 👌🏼,lo_au
&quot;bạn bè tôi cùng TIẾN LÊN😅,vui
"Mọi ng cứ chửi vậy thôi , nó cũng có lý do cả , nhiều nhà sống chó mất dậy bỏ mẹ ra , chỉ biết đến mình ,trc khu bạn tôi cũng vậy , cả 1 ngõ chung tiền để nâng đường làm ngõ cho đỡ bị ngập nước , riêng có 1 nhà đầu ngõ nó nhất định ko đóng 1 nghìn nào , dù những nhà bên trong cũng như cả ngõ cũng ưu tiên mấy nhà đầu ngõ đóng ít hơn , vì nhà nó bảo nhà nó ở đầu ko đi đâu vào trong đấy cả nên ko đóng , đợt vừa rồi ăn hỏi ông con trai xong , cả xóm k cho rựng rạp , k.cho để nhờ xe cộ , ví dụ có quay clip lên mạng chắc lại bị bọn nó táp cho là hàng xóm sống như l cho coi",gian_du
Minh Hoa Phạm ở 1 số chỗ. Tùy khu. Bắc đảo nam đảo...,trung_tinh
đéo hiểu chó hay người .,gian_du
mày định lướt qua rồi nhưng khi đọc bình luận của các bạn và xem kĩ lại thì mày đã rớt nước mắt 😭😭😭.... người cha thật vĩ đại,buon
"mình nợ nần đã khổ nhiều khi than vãn, mà thấy hoàn cảnh này, thì mình còn sướng gấp vạn lần nên hoan hỉ những gì mình đang có",hy_vong
thật ý nghĩa và hạnh phục cho 2 người họ . nhưng đâu đó trong tao vẫn thấy cái gì đó nó tởm lợn vê lờ 🤔🤔🤔,gian_du
"nghèo 30 tuổi chớ lo, giàu 30 tuổi chớ cho là giàu anh em tuổi 30 cố gắng lên🥰",hy_vong
Nguyễn Sin cái áo này hiệu k20 nó mặc mới đẹp,trung_tinh
Chuẩn bị😁,trung_tinh
Khoa Duc Nguyen dốt mà cứ thích nói,gian_du
t thua cả đứa con nít nữa ám ảnh vãi,buon
per thề cười cơ mà tao nghĩ nó cũng đéo ổn tí nào đâu,that_vong
qua chạy xe nẹt nẹt bốc đầu bố ai dám dô,lo_au
Ko sao ae mình có ảnh hưởng j đến ngta đâu mà ngại vs chả ngùng,hy_vong
Trang Rubi lưu lại và có nhớ lấy 🤣,vui
Những đứa con hư làm oan uổng cả cuộc đời của 1 người con ngoan😔,that_vong
ở đâu cho tao làm vớiiiiii,hy_vong
vậy thì ai ở gần giúp họ cv làm đi,hy_vong
t ko hiểu s bth nói tr thì nói xong là thôi đúng ko nhma mỗi lần nói câu xong mà ngta ko nói j nx t cảm thấy mình như kiểu vừa nói câu toàn dân sốc thế giới bất ngờ ý mỗi lần như thế t càng ngại nói,lo_au
"Tim luỵ cứ luỵ đời chỉ có 1 lần đau ai bảo đàn ông k đc khóc nhể , học thức cũng quan trọng đấy nên mới phải viết thay cho cách người khác sống đấy thoi , đau nhất là tim nó muốn viết ra mà không có cái từ nào tròn nghĩa cả , toàn thiếu cái mẹ j ấy , yêu là cái j làm j có đứa quân tử nào định nghĩa đc",that_vong
"cứ tin vào chính mình ạ, thất bại lần này là do mình chưa đủ cố gắng hay k phù hợp với mình thôi, cứ bước tiếp vì thử thách còn nhiều lắm, thất bại lần này k có nghĩa là cả đời thất bại ạ",hy_vong
"Bạn thân nhưng lại ko muốn ông bạn đặt vợ lên trên mình, mối quan hệ vi diệu thiệt :]]]]]]]]]]]]]]]]]]]]",that_vong
Anh cả thì ghê rồi,gian_du
Leanne Hồ gối ôm chặn ở cái chân vì sợ bị kéo 🥲🥲 tr oi cú tui,lo_au
coi mà cái tay nó rung trái tim nó đập sợ cái thằng đó té sấp mặt luôn thì không bình thường họa mi còn hót được không,lo_au
Bài học cho tất cả chúng ta,trung_tinh
đẹp trai mà bị đá à,that_vong
Chắc các cháu uống nhầm thuốc rồi,lo_au
per đau hơn chia tay người yêu nữa,buon
"ảnh chết xong là t kh xem tiếp nữa, suy cả tháng",that_vong
nào thức tỉnh đi các bạn ơi 😃,vui
"Thu Vũ chắc phải xem phim này thoi, hqua mới xem rv mà giờ muốn xem từ đầu đến cuối",hy_vong
trong luâ ̣ tao co ́ khung hi ̀ nh pha ̣ tao bă ́ n không . ghê tơ ̉ mày con qua ́ i na ̀ y qua ́,gian_du
Hi,trung_tinh
t nói thật tao hiền lắm . chứ bà lồn to kia mà gặp tao là ăn mấy cái mũ bảo hiểm vào mặt rồi,gian_du
ước mơ nhỏ nhoi của tao là được làm chị mà không thể nào làm được huhu,that_vong
"Tui sắp tới deadline rồi mà chưa làm được chữ nào, lo lắng tột độ huhu",lo_au
tự ti vì thân hình đi đâu cũng ngại:(,buon
ngọc ngọc đồng nghiệp tốt,trung_tinh
Cảm ơn các bạn đã cho con nhg ngày cuối đoi hạnh phúc,vui
sợ nói ra quê 👍,lo_au
Cũng k sợ lắm. K gây cấn nhìu so những phần trc.,that_vong
"Phạm Song Học nếu là người có ý thức thì khi vợ ngta nhắc như vậy mình cũng nên trả lời tế nhị, chứ trả lời như con này bị chửi là đúng",gian_du
"Hoàng Thị Thủy coi xong thấy tội bé phương, nhưng hả hê cho thuận",buon
"Tôi: da đen, mặt mụn, môi xấu, mũi to, bị bệnh sau tai nạn. Thất bại.",that_vong
Thương chú quá,buon
"“Cho dù bạn lựa chọn thế nào đi nữa, chỉ cần là lựa chọn của mình thì sẽ không có đúng sai, cũng không có gì phải ân hận cả”",hy_vong
Hue Anh Tran avatar trên tay bà vợ vẫn cầm cốc Highlands Nhìn ảnh mà tức dùm bạn luôn áh,gian_du
rất cá tính :v,vui
hối hận đã muộn 🥺,buon
Nhiều thế? Cấp số nhân thì không biết sẽ như thế nào?,lo_au
mấy đứa bị bón thích cái này,trung_tinh
"tao không khóc , tao nghĩ ... tao sau này có một phút nào đó muốn quay lại hay không ...",buon
"chán nản thật sự quá, crush có người yêu ...",buon
"và nếu có 1 người yêu mà chơi với nhiều thằng con trai thì hãy cẩn thận , mày có thể bị cắm sừng khi nào không hay",lo_au
toi cx ko có nhưng yêu bản thân là đc,hy_vong
đã xem x1,trung_tinh
😭😭😭😭😭😭,buon
Minh Đức Mấy bạn kêu Chị tôi k chào k lễ phép tui đăng video bã chào thôi. Thấy có 1 phút ngắn phàn phán nhân cách người ta ... đọc báo riếc lú luôn quá,gian_du
cũng ngại,lo_au
Địa chỉ chỗ làm đi ad đến lấy tiền công lại nhé,hy_vong
Do Chau Giang vậy ý là lỗi do bạn này và nhà kia không cần có trách nhiệm gì hết và con nít thì có biết gì đâu hay sao??!,gian_du
"Chời ơi có người tài trợ cho đi du lịch, quá đã =))",vui
có tất cả các vị mày niếm được,trung_tinh
"per anh không nặn đi , mai mốt nó sẽ chaii dầy nè",lo_au
"sao mày không viết nhanh lên , mày lấy tay chặn làm gì có giúp mày tốt hơn không hả ???",gian_du
Vãi đừng mà xin đấy,gian_du
"Nguyễn Hoàng Giang bác nói chuẩn luôn, mình đang Sài vf5 nhiều khi tối rảnh mang xe đi sạc toàn phải đợi mấy xe chạy dv có hôm đợi cả tiếng, 19h đi sạc 22h về tới nhà trạm sạc ít quá lên hơi bất tiện",that_vong
Hoàng Thư người yêu thì cũng còn phải tôn trọng nhau ý nma bạo chút cung được =)),vui
"t chỉ buồn vì khả năng giao tiếp của mình,t nhận ra nếu nhan sắc kh nổi bật nhưng giao tiếp tốt thì vẫn đc mọi người quý mến,giúp đỡ",buon
thôi chết . thế thì tao đứt dây thần kinh gây cười rồi,that_vong
Ác quá... Hic,gian_du
sau này làm phò hết thôi . haizz,that_vong
ông nào viết vui tính thế =)) cưng thật,vui
"dm gì cũng bắt phải làm , phí thu vãi thì chả top1 nhân với chả viên",that_vong
lấy được chồng tốt nhưng vẫn hối hận vì lấy chồng quá sớm,buon
cười vãi :))) tếu thật sự luôn ý,vui
lấy vợ xong béo quá rồi . hình như ai cũng v à,that_vong
"mắt 1 mí ,mủi to ,da đen tự ti thật nhìn mình trong gương mà tự hỏi sao mình xấu thế",that_vong
"đm tao quăng bể mẹ nó cái màn hình , chó admin - _ -",gian_du
"Chị giang ra video đúng ngay lúc bọn học sinh tụi em mới thi xong, gia đình còn đang nháo nhào vì điểm thi. Thế mà tâm trạng em vẫn không tiêu cực chị ạ, tại vì em bị mắng nhiều quá nên rút được kinh nghiệm. Đôi khi chỉ bản thân mình hiểu mình là đủ. Đôi khi ba mẹ cũng không đúng hoàn toàn. Nên em quyết định giữ vững tâm lý, không cho những lời sỉ báng của ba mẹ em về em lọt vào đầu em được. Em vẫn tiếp tục học hành chăm chỉ hơn vì em biết mình cần gì và muốn gì mà không nhất thiết phải nghe lời ba mẹ.",hy_vong
"dm tao thấy người ta không sợ vì rắn mà sợ vì thằng chả la làm hết hồn , toàn núp lén rồi la lên thằng đéo nào mà không sợ chứ",lo_au
Máaaaaa đang yêu đời mà fb mấy bài tiêu cực ghê,that_vong
Chuu Phươngg Thảoo nhiều ng say xe ngồi sau ko đc á bạn,trung_tinh
Cái cảm giác rụt rè mà cố tỏ ra tự tin khi giao tiếp nó cứ bị sao á,lo_au
"hồi xưa vào trông nhà cho ông bà , thuê đĩa võ thuật này xem cho mạnh mé đỡ sợ mà thuê ngay đĩa này . ám ảnh quả nhạc tao tao téo vãi",lo_au
bọn hại người không gươm không dao . bọn tiêu diệt nguồn lực tương lai của dân tộc . nên đưa tội thực phẩm bẩn vào khung tử hình đi . mong nhà nước thay đổi một số luật định đi .,hy_vong
chỉ khi bn tự thấy dc vẻ đẹp của bn thì mới có thể tự tin lên😐,hy_vong
Cảm động quá,vui
Thời ấy nước nào có dân số đông thì nước ấy mạnh.Quân đội chủ yếu là dùng số đông đánh số ít.mà dân đông thì quân đội đông😊,trung_tinh
nguy hiểm,lo_au
chụp ảnh cuối năm cùng cả lớp cx thấy ngại vì ko có nhan sắc,buon
Muốn chia sẻ nhưng sợ,lo_au
Đàn ông chứ có phải cục đá đâu mà không biết buồn 😭😭😭,buon
có khi inox,trung_tinh
HưƠng LỐp nhìn mặt đã thấy r ấy,trung_tinh
đề này cũng bình thường mà đâu có khó,trung_tinh
"vậy thì tao sẽ ước mơ là các nhà thơ đừng bao giờ xài ẩn dụ , chơi chữ :) đã ngu văn còn bắt phân tích thấy mẹ luôn",hy_vong
tối ngày t cứ bị stress vì kinh tế thật.nhưng xem nhiều ng như này t thấy t còn may mắn lắm.cảm ơn cuộc đời đã nhẹ nhàn với tôi,lo_au
tại k biết nói gì nghĩ được nhưng k nói được,buon
"@WiniNguyen25 đúng rồi, ai rồi cũng phải trải qua b nhỉ",hy_vong
và người đó đang ở nơi đâu về với em đi . đợi người rồi người sẽ đến chứ ?,lo_au
"Hối hận nhất là choi nhung thang bạn nghiện cuối cùng t cũng như nó , hành trình quay zề 7 năm",buon
Ốc càng to thì độ lo lắng càng cao 😂😂,vui
có những người không có ý thức bỏ quần áo rách hoặc mặc rồi để vào tủ để đỡ phải đi vứt ...,gian_du
per trailer không có tiếng thôi mà đã thấy ghê rồi đó !,lo_au
đó giờ chx bt mặt ông nội ra sao,buon
Hừ ư ít có ác lắm,gian_du
lo học đi . yêu đương lol gì hay lại thích học sinh học,gian_du
Một khi đã làm thì không hối hận chỉ có sai lầm nhận ra bài học thôi,trung_tinh
"Mình cũng đã có lúc như em trai này...gọi là lụy tình, đau khổ, buồn bã còn nghĩ đến tự hại bản thân, kì thực, họ đã ko yêu họ éo quan tâm đâu...khuyên thật tình, thôi thì trải qua một lần cho biết, rồi đứng dậy em ơi, đàn ông cứ thành công đi, tự tin, mạnh mẽ lên, tự khắc nó có &quot;aura&quot;, khi đó người phụ nữ bên cạnh sẽ có đc cảm giác an toàn không thể rời xa, mà nếu có thì cũng kệ mẹ nó, thiếu gì gái",hy_vong
Việt nam vô địch,vui
t ko ngại mà t sợ chỉ ms giao tiếp vs ng lạ mà tim t vừa đập vừa lo lắng hoặc thấy ai đó nhìn t t cứ sợ đôi lúc còn rung nhma trên internet thì t khác vãi .-.,lo_au
Suzanne Vuong ak quên nhầm House District 45 chứ 🤣,vui
Đưa ng Việt nam qua thì đông vui thôi lo gì,hy_vong
Rất tự hào vì mik là người con việt nam 🇻🇳🇻🇳,vui
bây giờ gọi hành hiếmkkk,vui
ngu như mày thì khỏe,gian_du
Đụ moá nhây vào bồ nhí t là méo đc rồi 😡,gian_du
vô diện,trung_tinh
Bà con chung xóm mà xích mích thì mệt. May mắn hiện nay chưa có hàng xóm. Yên ổn chút,trung_tinh
thế này mà gặp per thì phải chạy phọt dắm ra quần per nhỉ,vui
"tao thì chưa cắt thì đã đéo có sức hút rồi cắt , bùn vãi",gian_du
"Tớ gõ xong đoạn text dài mà chưa kịp save bị cúp điện, muốn chửi thề 🙄",gian_du
"Thích Lòng Vòng Hàng nào là không tai nạn , chỉ có không bay là không tai nạn thôi , số giờ bay cao thì phải chấp nhận sẽ có rủi ro tai nạn , xịn là loại nào xịn chỉ hộ cái nào",trung_tinh
ngày bé nấu hoài không chín . tức rủ mấy đứa ra đốt cả đống rơm nhà hàng xóm,gian_du
cầu mong những công ơn sinh thành luôn mạnh khỏe .,vui
tội bé quaa‍🩹,buon
Hối hận cũng muộn màn rồi,buon
nguy hiểm thật,lo_au
đừng hỏi tại sao giới tính cứ bị bẻ cong,gian_du
@rin_crypto Cứ an nhiên đời sẽ bình yên thôi ạ,hy_vong
😭😭😭😭😭,buon
Mọt Già. Trái tim ❤ có tội tình chi mà bắt nó phải khoác áo nâu sồng 🤣🤣🤣,vui
"Dung Foolish đúng ạ, mà trong đời cũng có nhiều hoàn cảnh tương tự lắm. Cuộc đời như cái lò luyện thép ấy. Có lúc thép ra rất đẹp, bán được giá cao nhưng có lúc nó lại hỏng, trở thành phế thải. Khắc nghiệt là vậy nhưng không còn cách nào khác cả. Nhưng có vẻ cái lò luyện của anh chồng này cũng hơi bị quá nhiệt một chút. Mong mọi thứ tốt đẹp hơn sẽ tới trong tương lai. Có đôi khi, kết thúc ở một chương tuy đau buồn lại là lúc chuẩn bị cho một chương tươi sáng rực rỡ hơn. Lúc bình minh chuẩn bị ló rạng, mặt trời chuẩn bị mọc cũng là lúc mà trời tăm tối nhất.",that_vong
Sướng quá ơ ơ ơ!!!,vui
tui tự tí vì chân đầy sẹo rạn da nx ko dám mặc váy như ngta lun á,buon
Trọng Anh Nguyễn e sai. Dí đơn chết cụ n đi a,gian_du
"ngoại hình tui ko mấy thon thả nên mỗi khi lựa đồ toàn lựa mấy bộ rộng rộng màu tối, nhìn như mấy bà già 😭",buon
tốt nhất là không nên mang điện thoại theo người,lo_au
ngày xưa mẹ tao dạy ở miền núi . năm tao học lớp 3 lần đầu tiên lên trường với mẹ . đaumoa mấy con ngỗng mất dạy rượt tao leo lên cây phượng cao chót vót cả tiếng không dám xuống .,lo_au
nghe lại mà nhớ những ngày tháng say đắm trong nỗi cô đơn,buon
chảy cả nói chuyện mắt,trung_tinh
Công Vinh Nhưng mà cán bộ đánh dân là có đúng không,gian_du
Thanh Mẫn z nê.,trung_tinh
trông tội vãi,buon
Cam Duyên thế thì chịu cô này rồi đầu óc kiểu j ấy,gian_du
Sao trên đời này vẫn có những thằng chỉ muốn ăn ko mồ hôi nước mắt của những người Lao động vậy đời thẳng này nó cũng ko gặp được cái hay đâu,gian_du
"Tao ship đồ ăn mà thiếu món, tức á 🙄",gian_du
Quay clip up lên facebook thôi. Chuyện mà nổi thì bên kia quan hệ cỡ nào cũng khó chìm xuồng đc,gian_du
không hiểu sao đoạn này rất kích thích trái tim hủ nữa của tao =)))),vui
@nangoc84 Đó ko phải là lòng tham. Đó có thể là mục tiêu mà mình mong muốn đạt được. 💡,hy_vong
tự tin lên nào các bạn ơi 💗,hy_vong
sẽ được toại nguyện thôi . yên tâm .,hy_vong
ngkhac nhìn đối diện là ngại ngay,lo_au
dân dùng bằng giả có được khiển trách không nhỉ,trung_tinh
"không thể tin được quá, tìm được quán cafe ưng ý kaka",vui
da ngăm môi thâm mặt nhiều nốt ruồi mũi to nhiều mụn thề là đến việc tháo khẩu trang ra cũng ngại nx,that_vong
nghe có trà sữa là thích rồi,hy_vong
Sợ hãi thành phần vô ơn,lo_au
Làng Gốm Bát Tràng tay toàn gốm thì đấm chả đau🤣,vui
đó là cuộc sống của mỗi người .. mình phải tôn trọng nhau thôi,trung_tinh
Sắp sửa có vụ ché.m bác sĩ rồi :))),vui
"Nguyễn Nguyễn huhu giống tôi vãi, t kéo rèm để khỏi thấy bóng mình trong kính cửa sổ, sợ lúc nhìn vào thấy đứa nào đứng sau lưng là chết dở 🫠 đi ngủ ko đặt gấu bông trên giường sợ đang nằm quay sang nó ko còn là gấu bông nữa mà là đứa nào thì xỉu ngang 🫠 ko đặt búp bê trong phòng vì đêm dậy mà nhìn thấy nó trừng mắt ngó lại chỉ có khóc thét 🫠 bất cứ thứ j phát sáng ngoài cái đèn ngủ t cx che nó đi khỏi hết hồn lúc đêm dậy 🫠 đi vệ sinh lúc nửa đêm t cx bất an vãi vì sợ có bà nào thò tay từ dưới lên là t ngất luôn ra đó 🥹🥹 nói chung do tâm lí yếu nên cái j cx sợ á, sáng xem j ghê ghê là y như rằng mất mấy đêm trằn trọc nghĩ về nó luôn, liên quan đến ma là hết hồn à 🥲",lo_au
Phạm Học nhận hoài nhàm chán quá tại sao ko trao bớt cho người khác nhỉ,gian_du
link nhạc toàn cực phẩm,vui
và chúng nó cũng ngáo hơn lũ con trai,gian_du
ở việt nam mà vác dao rạch tại chỗ thể này người nhà nó chả đấm cho sưng mõm rồi 🌝,gian_du
Lê Huyền Trang v,trung_tinh
T ngại trước anh ta✌️,lo_au
"sợ thua 0-2 thôi, 1-2 là tuyệt rồi",lo_au
cầu mong là chỉ là một trò đùa ác ý,gian_du
"Trong lớp em có những câu hỏi giáo viên đưa ra em biết câu trả lời nhưng lại k dám giơ tay phát biểu , việc lên bảng ghi cũng v chừng nào có yêu cầu của ai đó thì em mới dám làm 😞😞😞😞😞",lo_au
Đời dạy hai hơn trường dạy,trung_tinh
ngu nhất năm,gian_du
Lâm Hòa Nho nè a,trung_tinh
ôi trời nguy hiểm thế,lo_au
per phim đó thì nam chính hay nữ chính đều chạy cả,trung_tinh
Nguyễn Tiến Đại khổ cả người giúp việc luôn 🤣🤣,vui
Thiệt tình bị bom hàng. bực mình ghê 👊,gian_du
"Nhỡ rớt chắc xỉu ngang quá, thấy tài khoản cạn tiền mà hoang mang ...",lo_au
"Chu Diệp Anh con diễn thật tuyệt vời. Ánh mắt, biểu cảm khiến người xem ko thể ko rơi nước mắt. Chúc mừng con.",vui
"cả lớp chụp ảnh thẻ để làm hồ sơ đh. lúc phát ảnh ra trông ai cũng xinh. chỉ có m là mặt lệch, lệch đến nỗi một bên mặt rất to. mũi m thấp. mắt m nhỏ, bên cao bên thấp. mặt lại trông vừa to vừa dài.",that_vong
crush của tao đi làm rồi . hihee . sáng mai mới về cơ 🤣🤣,vui
khi glenn chết mình cũng bỏ phim luôn,that_vong
Ngọc Trầm Thủy Thượng y zị luôn,trung_tinh
công chúa của anh đói rồi kìa,trung_tinh
không gì hơn ngoài tình thân,vui
@Gia Đạt là hối hận dữ chuauw,trung_tinh
per đẳng cấp nào rồi em,trung_tinh
Nhớ nội lúc khổ nội lén cho tiền vậy mà giờ nội đã mất 2 năm r,buon
"Vừa chia tay xong cứ thấy trống rỗng xong, buồn xíu xiu lun hic",buon
@LinglingVNWL Mong mọi việc không tốt qua hết. NARS X LINGLING KWONG #NARSSerumCushionxLingling #หลิงหลิงคอง #LinglingKwong,hy_vong
Vừa hay gặp nạn. May ko chết. Nhừng hết tiền. Cuộc đời. Biết nói j cho hên,that_vong
Phan Thế Anh chơi đồ thì phải chết thôi chứ seo,that_vong
chơi bời mất tiền nhiều 🥺 nghĩ lại thấy hh,buon
Có nhan sắc tự tin hẳnnn..,vui
hô sụp mí gò má cao ko đẹp nói chuyện với người đối diện ngại và hàm răng hô nên lúc nào cũng nói bé để lộ ít,buon
tao bắt đầu sợ nó ròi đấy ám ảnh vãi,lo_au
khó có thể giải thích,trung_tinh
😂😂😂😂😂😂🐕 bé biết đi xe của trẻ em luôn .. bỏ chân xuống đẩy đẩy để trốn thoát 👍👍👍👍,vui
trao nhẫn đóng túi zíp khoá luôn à @@,vui
"Chìm đắm quá sâu vào một cảm xúc hư ảo, rồi nhận ra rằng mình và họ vốn không thể thành. Vừa mất đi một thời gian dài vùng vẫy trong vô vọng, vừa mất đi một người bạn tốt. Kết cục là đẩy bản thân vào bóng tối và tiêu cực xa hơn.",that_vong
em hối hận vì họ đối xử tệ với em và e sẽ cho họ hối hận cả đời,gian_du
dù nhan sắc có bị sao thì bạn chỉ cần có năng lực học tập của bạn tại năm sao bạn đi làm sẽ khiếm tiền là thành công và ở nhà live mãi là thành công😆,hy_vong
ngưỡng mộ ông bà á . ông bà đáng yêu ghê,vui
Top4 Châu Á cũng là lần đầu LOL ra mắt tại Á Vận Hội. Mong thể thao điện tử được công nhận và phát triển nhiều hơn.,hy_vong
tội thằng per vãi,lo_au
Hạ Vũ ụa sao z bạn ơi,gian_du
Mình thật hp khi có 1 người a trai luôn che chở và yêu thương e gái hết lòng,vui
buồn dễ sợ mà huhu,buon
Hôm qua được thế này thì biết đâu đã k thua trắng 2-0. Cố lên. Giữ tinh thần cho World. Đấy mới là thứ quan trọng,hy_vong
"mới xem 1 đoạn xíu này mà cũng khóc hết hơi , nhìn em bé mất bố mà quay ra nhìn lại con mình đỏ hỏn nằm bên cạnh , thấy thương quá 😭",buon
per đứa nào nghĩ ra được cái qcao hay vãi ...,vui
thằng chó chết mày quá dã ư,gian_du
per nhện mượn hố xí tỏ tình đó thì sao nàooooo,vui
Dương Thùy tag tui mà nick ảo tui dô like,trung_tinh
Thanh Nguyễn xe cấp cứu đại chiến xe 1 chỗ nằm,gian_du
per hay xàm xàm mà zui hè,vui
Hối hận nhưng muộn rồi 😞,buon
yêuc nhau một cách tự do . tôn trọng sư riêng tư của nhau,trung_tinh
có ai xem xong thấy tự hào về Việt Nam không🇻🇳🇻🇳,vui
Tôi đã xác định làm gì thì không bao giờ hối hận,trung_tinh
bật xem trước page nha,trung_tinh
yêu chết đi được .,vui
cô ấy còn không thèm coi tin nhắn của tao :((,that_vong
bạn đã hiểu nổi khổ của mario khi mua vui cho bạn chưa :)),vui
Lê Tuệ Mỹ 🤡😌🤧 gòy xong,trung_tinh
Hồ Khánh HuyềnAlex Vo mé tính đi là mỏ mà căng qué,lo_au
"Chuyển giới chả đấm đau, tội con bé.",buon
per không biết còn nhớ tên tao không nữa 😑,that_vong
Clip em ấy mang máy đi quán Thẩm Định,trung_tinh
"tháng 10 đến rồi , nghe bài này quá chuẩn",vui
@TvNhinhi Hôm nay là một ngày tuyệt vời hơn ngày hôm qua,hy_vong
Khoa Đoàn mấy pha mở hay vkl. Mà đồng đội ko vào được. Thằng k9 quái quá,gian_du
Được crush rủ đi chơi 🎉,vui
t tưởng móc được mớ vụn ra là hết rồi . ai ngờ còn 2 cục đựu má chà bá,that_vong
"Đường luôn ở dưới chân ta. Nếu k bt đường ở đâu thì ngươi chưa tin vào bản thân, chưa hiểu bản thân. Để r khi chọn sai r hối hận cũng đã muộn",trung_tinh
"Linh Linh Nhà mình ngày xưa rậm rạp cây cối, mẹ giặt chăn xong ẻm chui vô chăn. Mình quăng vô mùm định đắp thì thấy êm đang trườn 3 hồn 7 vía kêu thảm thiết, qua nhà bạn luôn. Bắt mẹ giặt lại mới dám ngủ. Sợ tới bây giờ con lươn mình cũng sợ. Nói tóm lại không chân là sợ hết",lo_au
ưng dã man luôn,vui
Sợ bị chú ý😔,lo_au
Tôi chỉ hận mình thôi..hận mình rời đi nhung hk quên được quá khứ..hối hận khi mình hk thể mỡ lòng yêu ai..cứ bị quá khứ ám ảnh..,lo_au
"Nếu là mình, đầu tiên mình sẽ check camera xem con ốc đấy nó lấy ra ở đoạn nào. Khiêm tốn, tâm huyết nhưng không được nghi ngờ bản thân.",vui
Hiện tại giờ em vẫn còn chx đủ tự tin.,that_vong
💪,hy_vong
những trường như thế cho giải tán . cấm tuyển dụng luôn .,gian_du
Chủ quán cơm:,trung_tinh
"Chắc không đến mức hối hận cả đời, vì t dần vượt qua rồi. Tôi luôn trách mình tại sao buổi đi chơi cuối cùng với tình đầu lại không ở lại lâu hơn. Hôm đó em năn nỉ đi chơi với ẻm lâu hơn chút vì mai em vào Nam học đại học. Tôi thì sợ đi muộn về bố mẹ mắng nên nhất quyết đòi về đúng giờ. Sau khi vào nam, yêu xa 2 tháng thì bọn tôi chia tay. Nếu biết đó là lần cuối bên cạnh nhau thì tôi đã không tiếc ở lại với em, ôm hôn em nhiều hơn.",buon
Vô chưởi chết rấp đi . Ác độc,gian_du
tao lại sợ mày quá cơ,lo_au
cắt như anh này gọn gàng thoáng mát nhé auto đẹp trai,trung_tinh
chúng mày bị điên à 😒,gian_du
bình tĩnh vô cùng,trung_tinh
sao lại có chuyện vô lý như vậy được chứ 😠. rồi bé nhỏ sẽ như thế nào khi chứng kiến bố nó bị đâm ngay trước mặt nó . nghĩ đã không dám nghĩ tới rồi thấy thương bé quá .,lo_au
1. 5 nhìn 4 chạm 3 nghe 2 ngửi 1 nếm<br>2. Tư duy 3%<br>3. Thở 4 thì.,trung_tinh
ý tưởng hay,hy_vong
trả lại tuổi thơ cho tao,buon
"Phạm thoại ơi chị tin em sẽ giúp được cho hai vk ck em ấy, chị biết pt sẽ làm được.nếu em xem được tin nhắn này",hy_vong
bếp dầu này hiện đại rồi,trung_tinh
Trà Vũ đúng r c ơi. Trước em đèo c gái bầu nghe thấy tiếng xe bọn này là né vào lề đường vội,lo_au
Nguyen cùng suy nghĩ .mh xem xong cảm giác áp lực thật sự .,lo_au
"Na Ninu phải dữ chứ, hỏng cả 1 thế hệ",that_vong
thằng cha bảo vệ có tâm quá . nge con nhỏ kêu nguyên đêm zi mà đéo cứu,gian_du
"Huhu trầm cẻm thật, thơ vô tri vãi ra",that_vong
Sẵn bán hòm đó xem mình nằm vào chôn mình luôn Đi..,buon
"Vừa không biết ngày mai sẽ ra sao xong, áp lực thực sự lun 😱",lo_au
Chị ơi chỉ cách em vượt qua kì thi đi ạ nhất là vượt qua hai môn toán vs anh văn đi ạ,hy_vong
giọng không nhìn màn hình tao tưởng là ông bà già nào trên 60 tuổi đang nói á .,trung_tinh
Jay Nguyen t k biết chử.i thề cứu tui bà,lo_au
co khi kh giám ra đường☺️,lo_au
Cháu thực sự rất thích xem vd của chú ngay sau khi xem vd đầu tiên thực sự nó mang đến một nguồn năng lượng tích cực cảm ơn chú nhiều,hy_vong
mua con lợn 5 chục lì xì được có 40 nghìn mất thời gian tốn cả tiền bạc,that_vong
cuốn sổ vô dụng nhất mà tôi từng biết . ơn giời nó không còn nữa,that_vong
"tự nhiên nhớ đến hồi bé , đi kiểu nào cũng bị ngỗng rượt chạy té sấp mặt luôn , nhiều khi nghĩ sợ nó dí hơn sợ mẹ đánh",lo_au
Rồi th mẹ đơn thân luôn Cưới sớm quá,that_vong
Cám ơn c. E đã loại bỏ những mối quan hệ tiêu cực rồi ạ. Học tài thi phận. E cảm thấy tuy điểm e ko đc cao như dự đoán của e nhưng mà đó là nỗ lực và kiến thức của chính e có đc. Nên e vẫn thấy hài lòng. Chúc c luôn hạnh phúc và toả ra năng lực tích cực ❤️,hy_vong
"Mình là sinh viên năm nhất, gia đình khó khăn nhưng mình vẫn muốn vào Sài Gòn để có tương lai hơn. Và hiện tại mình cảm thấy rất khó khăn và buồn trong lòng. Mình rất áp lực vs mọi thứ về tiền bạc và cả chuyện học tập. Đôi khi mình cảm thấy cô đơn và lạc lõng nữa",lo_au
Nhiệt tình + ngu dốt = tiếp tay cho cái ác 😒,gian_du
Bảo sao dạo này quán ế khách vậy 😔,that_vong
"Da ngâm lông mày kh cs mập nhìn m.n thì thấy m.n đẹp như thiên nga,thề đi chung vs họ t cảm giác kh xứng🙉😭",buon
Lại là hà lỗi phải ko ?,that_vong
Linn Lionl l t hông nói là miệng của th Kaiz Trương đâu🤣,vui
"per bảo nó nói chuyện đi nhưng không , chỉ nhìn thôi",trung_tinh
@ReasonDuong cuối cùng thì nhẹ nhàng và bình yên vẫn là thứ chúng ta hướng tới,hy_vong
nguy hiểm lắm,lo_au
dcm . ngày bé tao sợ nhện vãi . xem phim thấy yêu tinh nhện,lo_au
nó bất ổn của đủ hay sao mà nhập thêm lũ chống đối vào nữa :3,gian_du
chắc nó se lạnh thì đừng hỏi tại sao thằng kia lấp nhíp sưởi ấm cũng không thấy .,trung_tinh
"T thì cs nội mà ko chịu thương, hay cáu gắt, đến mất nội đi r mới hối hận ms bt cái cảm giác ân hận và tự trách banthan nó đâu như nào, thương nội lắm ,do con ko tốt, xl nội 😕😞ân hận",that_vong
sợ quá đi,lo_au
Không có gì phải buồn hết Có thực lực thua mới buồn,hy_vong
Thư Trần ý mình thật ra chỉ muốn bạn nói 2 chiều hơn thôi :))),hy_vong
"Tao bị sếp la, thấy trống rỗng 😔",buon
93 chênh vênh quá 😔,that_vong
v s kh lm cho mik trở nên đẹp hơn toàn tiêu cực nếu như các cậu vui vẻ thì trạng thái nó sẽ thoải mái hơn nè vs lại s các cậu kh nghĩ mỗi ngày là 1 thứ để ta cố gắng hơn☺️,hy_vong
"Anh là một người truyền động lực cho em tìm hiểu về tài chính và kinh tế nhiều hơn, cảm ơn anh nhiều",hy_vong
"@nangoc84 Làm giàu nhanh quá , khi còn quá trẻ không tốt phải ko anh. vậy muốn giàu nhanh thì phải làm giàu chậm lại.",hy_vong
đi tới đâu cũng có người chung tần số =)) quá đã,vui
bạn tao học lớp 9 cũng đạp 47km cả đi lẫn về cũng gần trăm cây . về bố nó thương binh lấy nạng vạng cho gần chết đấy chứ mà tung hô,gian_du
Gần 30 rồi 🥺🥺,lo_au
per my nè kkk,trung_tinh
yêu quá đi mất nhìn cưng khủng khiếp ??,vui
giống tao nhưng tay trái tao có thẹo do mẹ tao xưa cắt trúng nên nhìn thẹo để phân biệt thôi chứ kêu phải ứng liền là không được,trung_tinh
xuống đi nó không cắn đâu,trung_tinh
Nguyễn Phương Dung nó như kiểu b đi làm thủ tục hành chính ở cơ quan nhà nước ý😂,vui
Nguyen Dienn Hue Thuuthật lun đó tr. Mỗi lần nhìn cái mặt nạ hề là xách dép chạy 8 hướng,lo_au
sợ hãi các thứ,lo_au
Tô An Yên tự nhiên nhớ đạt dăn tây ghê,gian_du
bếp dầu thời bao cấp cùng thời đôt đèn dầu,trung_tinh
Quá kinh khủng 😥,lo_au
Thanh MaiKhò Khò ava :))))),vui
"Chi Chi Mẹ của em bị tai nạn là do bất cẩn chứ sao lại bênh vực những thằng bắt chó , nó bắt chó là nó đã gieo nghiệp ác rồi , giờ thêm khẩu miệng của bạn cũng ác luôn , im đi cho bớt nghiệp",gian_du
con mụ mất dạy . già mà lăng loàn . thấy người ta yếu thế hơn mà khôg giúp dựng cái xe dậy rồi nói với nhau vài câu tử tế . lại còn tỏ nguy hiểm định ăn cức người ta ak,gian_du
"có đây,cái ngày đấy tao vẫn luôn nhớ.",buon
Hối hận vì vội vàng trong hôn nhân @@ve1994,buon
Thiệt tình bốc trúng phần thưởng to. không thể tin được 🎉,vui
"giờ mà quay lại cái thời đi học , tao thề không ngoan nữa mà sẽ bỏ học đi chơi vài bữa",hy_vong
Mai nếu mh làm đc như thế lại k có chuyện đau lòng nè,that_vong
Vien Nguyen Glenn chớt t bỏ phim luôn,gian_du
bán hàng online hồi năm cấp 3 :))) tháng hè ấy đi quanh hạnh phúc để giao hàng với bố . được lãi 4 tr :)))),vui
trong nhà không biết có ai không nữa ? sập quả này sợ thật đấy,lo_au
"Ác quá,mong pháp luật xử nghiêm những vụ này",gian_du
Thật ra thì em nghĩ là sẽ dễ hơn ở giai đoạn mình bắt đầu đi làm ạ,hy_vong
tự hào con người việt nam🥰,vui
hứa mà,that_vong
nghĩ sai một thoáng hối hận cả đời,buon
"@Hien2021 Mỗi độ tuổi sẽ có những suy nghĩ khác nhau, trẻ thì mơ mộng, trưởng thành tý thì thực tế hơn",hy_vong
@nangoc84 ETH là lối khác cho bạn nếu BTC sẽ khó khai thác hơn sau halving🤑,hy_vong
enou..sắp tới t đi chơi với mấy cô quen ở phường với mấy cô chú bạn mẹ t ( có mấy đứa con ) t nghĩ lúc đi chắc t im re luôn..,lo_au
lấy giẻ lau xong vắt chắc cũng được nửa,trung_tinh
Nội em mất 5 năm rồi không còn ai chiều chuộng em vô điều kiện 😔,buon
cái gì cũng có 2 mặt của nó . làm việc phải nghe bằng 2 tai,trung_tinh
@nangoc84 Sắp đến giờ thiêng để anh viết những bài chất lượng Tạo hướng cho những bạn đam mê và muốn được viết,hy_vong
"Qua tới giờ,vẫn chưa có ai biết nội tình kể nghe để tui đi đồn hết trơn.",that_vong
21 năm chưa crush ai thì có gọi là ế thâm niêm không hả các bác,vui
tàn ác vậy tr. đọc mà tức run tay,gian_du
phim này thật ra hay nhưng không có tính thực tế . không hay bằng truyện .,that_vong
13 kiếp sống mới nhận ra một trong những bài học của cuộc đời. Có những thứ k vội dc 😄 Trần Thảo,vui
Inspirational,hy_vong
Chuẩn bị có đứa vào đổ lỗi cho nạn nhân,gian_du
"toàn xử ép , đi tù gần được 7 năm rồi đền người ta 200 triệu . thời gian tuổi trẻ của con người rẻ mạt quâ",gian_du
huhu sợ vãi luôn á,lo_au
"Người ngoài nói chuyện vui vẻ, gần gũi, ăn uống có nhau và ngược lại",vui
"chỉ cần đủ quan trọng , họ sẽ làm tất cả những gì bạn thấy vui .",trung_tinh
như đùa ở vn mà như trên sao hoả vậy,gian_du
Thiệt tình chờ mòn mỏi mà không có kết quả tốt. rơi nước mắt hic,buon
mất rồi có lấy lại được đâu cái gì nó cũng chỉ là quá khứ,that_vong
bẩn quá,gian_du
yêu sắp 2 năm rồi mà không biết người yêu kể chuyện cho nghe là gì 😢 đòi mấy lần toàn kêu không bình thường xịu xịu,that_vong
đánh bỏ mẹ luôn chứ lại mầm mống hoạ,gian_du
mấy ai được như vậy ??,trung_tinh
có gì mà vinh quang một bàn tay bị tật,gian_du
sợ thì vkl,lo_au
Bọn này là 👿 dương nhân quả sẽ đến sớm,lo_au
😞😞😞 nội mình rất nhiều lần. nhưng đến lúc nội mất mình cũng không thể có mặt 😞,buon
Dung Nguyen nếu nói kinh khung. Nhưng lại là thời gian vô tư thoải mái mất vô lo vô nghĩ. Cuộc sống ko toan tính như bây giơ,buon
em mày cách mày bao nhiêu tuổi ?,trung_tinh
Chị Giang ơi 1 tuần chị ra 10 video được không ạ? Em là một con người vô cùng tiêu cực và luồng năng lượng của chị giúp em phấn chấn vô cùng ạ. :v,hy_vong
"Cường Seven A đó hay live ở Pđb á b, ổng live thì khi lúc chưa có mấy bé ra thổi lửa nữa mà, biết là cản trở công an làm việc là sai nhưng 2vkck a này ko phải người chăn dắt",trung_tinh
Nhìn vẫn lạc quan nhỉ.,hy_vong
năm ngoái do dự ngại đầu tư vào crypto với Nvidia stock năm nay hối hận day dứt mãi 🤔,buon
Trước đây đã có 1 vụ rồi mà ko rút đc kinh nghiệm,that_vong
Đỗ Thanh ồi dồi ạ. 🤣🤣🤣,vui
không biết vì sao họ vẫn cười nhưng mình thì khóc ...,that_vong
ông anh đỗ xe cũng vô duyên mà chị chủ thớt bán hàng online cũng chẳng kém duyên,gian_du
c trai như thế nào tuyệt chủng rồi,buon
nhìn giống mấy đặc vụ của cia . sợ thế,lo_au
"A vision có mỗi cái nhà ở Hàng Điếu cho thuê, cũng chỉ đủ ăn qua ngày ý các bạn",that_vong
Chu Diệp Anh diễn đỉnh quá bé ơi.,vui
nghĩ mà buồn vãi,buon
phải tự cho mình đau lòng nhất thì mới bỏ được,buon
Nói chung là làm sai nên bị mất hết điểm rồi!!! Ko lấy lại đc,buon
"thiệt là cao minh , hahaaa",vui
thành phố tao nhiều người còn dân trí thấp là sao ? bố con dở người,gian_du
mặt mình nhiều mụn nên ai nhìn cũng thấy tự ti,buon
đừng bỏ tao ra đi mà,lo_au
"cưng vậy trời , anh cho em xin ảnh nha ạ",hy_vong
Toàn dân nhiếp ảnh. Cười cái quần.,vui
"Thật sự lúc đầu còn nhỏ thì em cũng khá mạnh dạn trong giao tiếp nhưng dần dà lớn lên gặp một số vấn đề tâm lý nhất định cộng với việc người lớn bảo cái này không được cái kia không được nên em bắt đầu thu mình lại. Vì vậy ngày càng lớn người nhà em lúc nào cũng bảo em phải vượt qua sợ hãi, phải bản lĩnh lên các thứ tuy nhiên chẳng chỉ dẫn em cách để làm hay là đưa ra một lời khuyên nào cả, chỉ đưa ra một lời nói suông khiến em rất bối rối không biết hiện tại nên làm như thế nào.😔😔",that_vong
nhà tao cũng gần mà tao không bao giờ dám đi đêm,lo_au
@nangoc84 Hay quá bác ơi,vui
Ở quê gần mk đó,trung_tinh
tui nghĩ sai 1 chót . hối hận đến năm sau,buon
cầu mong cho tất cả người dân Việt Nam không còn nghèo khổ 🥰🥰❤❤❤ chúc cho các Mạnh Thường Quân và các bạn thật nhiều sức khỏe,hy_vong
choa nó cũng đẹp,vui
18t đủ trách nhiệm pháp lý rồi 😏,trung_tinh
Ông ngoại mất Ông bà nội mất Bà ngoại ko thương ☺️ko một ai thương iem cả trừ ông ngoại @nào có ny đổitên🤡🇻🇳🔥,buon
per đi tong một năm học ... nhưng vẫn tốt nghiệp ... :(,that_vong
loz chúng nó là 1 đội . chứ dám chêu người lạ . dm bố mày sút không trượt phát lào,gian_du
Trần Lan cho e xin video vs ạ,hy_vong
"Cảm ơn chị đã ra video này như một liều thuốc tinh thần dành cho em. Khoảnh thời gian gần đây cảm giác tiêu cực đè nặng lên tâm lí của em. Thật khó để thoát ra cảm giác đó khi cảm giác thất bại, cô đơn, buồn rầu cứ thế lần lượt kéo đến. Chỉ mong rằng bản thân sớm vượt qua và gặp được những điều may mắn sắp tới.<br>Hi vọng một hôm nào đó bất chợt đọc lại cmt của chính bản thân mình và mỉm cười hạnh phúc khi bản thân đã vượt qua và ngày càng tốt đẹp hơn &lt;3",hy_vong
Thị Thuyên có dưới bình luận ý,trung_tinh
"bởi đây là lý do tao không muốn xem điện thoại người yêu , nếu không nó xanh cỏ lâu rồi 😑",gian_du
Tôi yêu hai từ 'VN',vui
vn ngày xưa phải gồng mình chống chọi với thằng trung chứ để rảnh tay thì giờ ta có đế quốc đại việt rồi,vui
Còn chơi khai tên nơi làm việc nữa thi a grap sau này khó sống với tụi nó rồi.. mấy a nhà báo tốt quá củng khổ,lo_au
Trần Dinh Kini leo tới đó mới nhiều chuyện dài cái mỏ ra 🤣,vui
Đoàn Hương rồi cuối cùng có chịu thụt ít đất vô mở rộng ngõ không b.,that_vong
"@Hien2021 Khi về già lại muốn níu kéo thanh xuân,khi mất đi một điều gì đó lớn,ta mới quay lại quá khứ,hãy sống tốt ở thời điểm hiện tại,sau nhìn lại ta đỡ nuối tiếc nhiều điều",hy_vong
👍👍👍🙏🙏🙏🥰🥰🥰,vui
dume sởn gai ốc 😭,lo_au
Mãiii mà chưa chộ ni nà,trung_tinh
cha mẹ tao còn cãi lộn nhau vì không biết ngày sinh tháng sinh của tao là dương hay âm 😢😢,that_vong
"gđ thì muốn chèn ép mình nghỉ, mình chỉ vì gđ mà cố gắng học, h có cảm giác ngồi ngẫm về những thứ nhỏ nhặt li ti trong cuộc sống giá như mình dc ba mẹ tiếp tục cho đi học tử tế , còn tl nua..",that_vong
"Con đường là do em chọn , mọi việc là mình em quyết định có hối hận hay không bản thân em tự gánh , xinloi vì trong khoảnh khắc ấy em đã chọn lý trí thay vì lắng nghe con tim ,",buon
ăn học bao nhiêu năm rồi mà vẫn ngu,that_vong
Thế giới còn bảo việc lớn lao đang chờ bạn.,hy_vong
Đặng Phương Nam chắc người ta bênh lúc nó chưa giở thái độ lúc mình xem clip củng thấy xót thật đọc bài này xong có khi bị đánh là vì vậy,that_vong
a cần ctv dựng video thì e vs a kết hợp nha e cũng thích những nd mà a chia sẻ,hy_vong
Yêu là 1 cỗ sức mạnh khiến ta mất đi lý trí và ngu dần :U,that_vong
Hối hận nhất là phản bội chính bản thân mình,buon
hẳn là phạt 5 triệu luôn,gian_du
phòng gì vậy .,trung_tinh
làm sao bằng chạy xe ôm với bán chổi được ..... nên đừng nói chuyện đến lương .,gian_du
Tự hào là người con đất Việt🥰,vui
vcb thu phí dịch vụ cao có khác . lương nv cũng hơn chỗ khác,gian_du
"chỉ hút sắt, thép. Còn đồng, chì, bạc, nhôm, ...mạ vàng đâu hút.",gian_du
"@nangoc84 Để trở thành Triệu Phú thì anh Ngọc đã trải qua rất nhiều khó khăn, em biết điều đó, và ai cũng sẽ trải qua khó khăn và thử thách rất nhiều để thành công phải ko anh",hy_vong
Chip Dao kết quả rồi bạn ơi. Bác Trump thắng rồi😊,vui
Mẹ t sợ t bị trầm cảm😞,lo_au
Đây là kênh gà lang thang mà,trung_tinh
Hoang Hoi nghề gv là nghề nguy hiểm 1 trong các nghề các nguy hiểm …,lo_au
"cần người hộ vid ạaaaaaa, hứa trả đủ",hy_vong
và sếp tốt có thể giúp ta vui vẻ từ sáng thứ hai cho đến tối chủ nhật 😀,hy_vong
Mình cũng 30 rồi,trung_tinh
"nhiều nước quá , lấy bát về múc nước ra thêm tí đường vào là có 1 bát nước gạo ngon lành",trung_tinh
per nè chị,trung_tinh
ê có khi nào đọc bài này xong buồn cười quá cười toác hàm có khi nào đi bệnh viện không các cụ :v,vui
tôi cx thế nhx lại học cách đối diện với nó,buon
Giá như 2 năm về trc quết đoán h thì h đã không khổ r,buon
"dễ thương , đáng yêu , cưng ...",vui
"Ớt Chỉ Thiên đúng. Trừ khi đi đông k còn ghế sau để ngồi chứ mình k ngồi ghế trước cạnh ng lạ bao giờ dù mình rất say xe, đã vậy còn ăn mặc hớ hênh.",that_vong
khúc 18s,trung_tinh
ngại cái chóa gìii tự tin lên nguyệt xem nàooo,hy_vong
Kéo áo giật mik luôn😂😂,vui
Cố lên,hy_vong
tiếc cho mối tình ấy ....,that_vong
Em sắp thi tuyển sinh nên là cứ thấy stress. Cám ơn chị về video này,lo_au
Phạm Nhật Hào bijain hả,trung_tinh
per vẫn là con mẻ . nay hàng họ to quá ;)))),vui
hóa ra là vậy à =)),vui
Vũ Phạm Đình Thái Nhạt nhẽo z a,that_vong
thay đổi văn hóa tí đi . đường là tài sản chung của mọi người dân . và mọi người dân được phép làm những gì pháp luật không cấm .,gian_du
:)) còn mình thì tầm nửa đêm gần sáng bỗng tỉnh dậy buồn đi vệ sinh đi qua cái gương thấy xinh quá phải đứng lại soi 1 lúc rồi mới đi ngủ tiếp,vui
Em thì em có mất gì đâu Còn anh thì mất mấy năm rầu Ngồi trong nhà đá mong anh hiểu Thứ em đánh mất chẳng thành câu 😭,buon
:))) ai hỏi mày :vv,vui
K thổi thì lgi có gì mà ăn hả chú c.an ???,gian_du
"đọc bình luận không thấy ai khen cute dễ thương đáng yêu này nọ nữa nhỉ một ngày đẹp trời bạn ra ngõ đứng hít không khí , con mèo sẽ kệ mẹ bạn , con chó vẫn sẽ đi đái bậy , nhưng con một lằn này thì đéo , nó phi con mẹ nó ra dí chạy như một con điên",that_vong
"Con bị bất ổn tâm lý, hiện tại con rất áp lực và cảm xúc cũng khá tiêu cực... Ngay tại thời điểm này, có rất nhiều chuyện tác động đến tinh thần của con. Nhưng con bắt buộc phải ra quyết định ngay lúc này, con sợ mình sẽ hối hận vì những hành động chưa được nghĩ kĩ... Con phải làm gì bây giờ... 😞",lo_au
hhaahhaah ! t đã may mắn như thế 😂,hy_vong
"Làm thêm về chủ đề này đi ạ, em phải thừa nhận mình là người vô cùng rụt rè, nhiều lúc em chỉ tỏ ra không sợ hãi, tự tin nhưng mà khi làm xong việc ấy em run kinh khủng. Không biết làm như thế nào để vượt qua cái cảm giác này 🥲",lo_au
có đứa nào đéo giật mình như tao không :))),vui
"Đỗ Viết Tùng càng về mấy phần sau em càng thấy chán, coi mấy phần đầu hay thật sự",that_vong
pháp luật là bạn của nó rồi anh ah vì quen anh anh chị b trên quận ah nên em cũng sợ lắm ah :-(,lo_au
Trên đời này làm gì có người như thế🤭🤭🤭,vui
chị ơi làm sao để giảm bớt stress khi nhớ nhà vậy chị :(((,buon
"bị đánh 1 lần thì hơi sốc , nhưng nhiều lần thì tâm hồn sẽ trở nên mạnh mẽ , cảm xúc nó mới đàn hồi",trung_tinh
Xem mà tức run tay .tại s lại có loạn ng nầy sống trên đời.thương các con có pit gì đâu mà bị bạo hành đến z,gian_du
👋🍇🦾 oh wow,vui
bật lửa thời chưa được thu nhỏ,trung_tinh
"Khô thân,,",buon
@TvNhinhi trải qua nhiều chuyện mới thấy hiện tại mới đang quý,hy_vong
"Hoàng Ngọc Sơn giống cái, đến mùa đi động đực",trung_tinh
"per anh nào nhắn vậy là tao yêuc luôn đéo suy nghĩ , ngọt vãi",hy_vong
dễ thương quá !!!,vui
tao còn độc thân này :((,that_vong
Quỳnh Đi Học Rồi mới lưu tấm này,trung_tinh
khi đã đổ vỡ hàn gắn lại chắc gì đã được như lúc đầu :'<,that_vong
Xem xong vẫn nghèo :(,that_vong
"Tỉnh mộng đi chàng trai, đây là cuộc sống thực tế chứ không phải tiểu thuyết hay phim ảnh. Khi đã biết chắc chắn ngta k yêu mình r thì nên tự yêu bản thân mình nhé. Đừng tự nhục",hy_vong
Adi đà phật,trung_tinh
Hài lòng lắm ạ,vui
Tự dưng chả làm gì cũng bị giết ấy mấy bà. Tội cho cô gái kia quá. Ở đấy mk một số bà kêu cuốn r trêu nữa😑,gian_du
Tôi muốn dúp a chị này 1 ít làm như nào ạ,hy_vong
Hoàng Vũ TuấnAnh pha đó lùi lại kiểm soát 3r thì ok nhỉ. Hơi tiếc nhưng đánh vậy quá cháy luôn,that_vong
"Trao cho messi đi chớ ko ai công nhận thì nên trao cho messi, con cưng Fifa còn gì",gian_du
"5 tội lỗi lớn nhất khiến bản thân ta phải chịu quả báo nặng nề nhất, đó là: Bất hiếu; Sát sinh; Trộm cắp; Tà dâm; Khẩu nghiệp.",trung_tinh
Chuột Còi Xương hot tiktok Hùng gì đó ^^,vui
xem không dưới 3 lần chia sẻ không dưới 2 lần nhưng mỗi lần nhìn thấy lại xem lại buồn,that_vong
"Nhặt rác cũng được, ăn xin cũng được… nhưng chộm cắp thì ông khỏi về rồi",gian_du
tự ti về răng á…,buon
K bao giờ quên cột mốc này. Vì 30t là t ly hôn,buon
đợi chắc sang kiếp sau luôn quá 😂,vui
biết thế ngày xưa mua bitcoin 💀,buon
Chuột Còi Xương nếu mình là tổng thống mình sẽ cho bạn làm phó tổng thống..vì tinh thần yêu nước thương dân của bạn..nhưng mà :)).hiểu ý chứ :)),vui
ngại lắm🥹,lo_au
Dương An tui thì sợ con Hello Kitty á thấy nó cứ rợn rợn sao ý,lo_au
nếu được chọn lại mình sẽ không bước chân vào thành phố này,buon
Mai lại là thứ 2 🥲,that_vong
"Ytam rồi cũng sẽ qua, mình 1 năm, h ổn r",hy_vong
"Dũng Hun khó bẫy lắm ạ, loài chim sẻ thông minh lắm trên nhà em đầy mà bẫy không được",that_vong
đi chơi còn bỏ quên cả não ấy,gian_du
"12 giờ khuya <br>Lại khó ngủ suy nghĩ tiêu cực sợ sệt <br>Lúc nào cũng vậy căng thẳng nữa <br>Nếu sợ lo lắng gì đó là mệt khó thở vì nó mà( tui đã nghĩ học sớm )<br>Kiểu chuyện gì đó nhỏ xíu không đáng quan tâm mình cũng suy nghĩ <br>Rồi sợ , ví dụ như hay nhức đầu, mắt mờ thường xuyên lên gõ Google thì sợ khóc nhung thật ra là cận thị thôi a",lo_au
bây ơi t bị sao í t hổm h đưa ra qđ nào là toàn sai thui h t vô ngỏ cụt luôn r,buon
đen thôi đỏ vẫn thế,trung_tinh
tới luôn em ơi .,trung_tinh
elsu từng nói:…💀,trung_tinh
"xưa cũng sn v nè,sau chị bỏ hết sống thật thì nhìn ra đc điều tích cực khiến mình đẹp lên mỗi ngày 😊,ava là tui luôn đó,trc xấu với đen xì à",hy_vong
Lê Nguyệt cj bảo bà ko mua cho ăn nữa rồi ấy,lo_au
anh thật máu lửa 🤣🤣🤣,vui
😬👍,lo_au
"Tự nhiên sợ rớt môn quá, thót tim ...",lo_au
Bài thi được điểm cao làm má ơi vui xỉu 🥰,vui
đã ghi,trung_tinh
may quá tôi lại biết từ năm tôi 21 tuổi 😀,vui
Hy vọng sau đợt này nhiều thầy cô nghĩ dạy,hy_vong
per có sub rồi nè . má coi đi coi lại vẫn mắc cười . với đưa anh stk đi,vui
Thái Thị Kim Tuyết nó đẹp thôi chứ hông có biết moá nó có đẹp hông nha 🤣,vui
@tchang @3112014🙈 việc cởi khẩu trang cx ngại...,lo_au
5 năm nữa tao phải đẻ được 3 đứa 😂😂😂,hy_vong
"Quá sức xấu hổ, vô cùng xấu hổ, cực kỳ xấu hổ khi lãnh tụ 1 QG bị mời ra khỏi 1 cuộc họp ở Bạch Cung để rồi phải chấp nhận vào bàn hội nghị với Mỹ về hòa bình cho ở Ukriane - chỉ được họp ở Saudi Arabia thôi - chớ hề được qua Mỹ nha - ê chế quá đi thôi",that_vong
Huyền Leo chỗ nào cũng hiện hồn,gian_du
Vương Trọng Kiệt coi này ik,trung_tinh
Thoi cố lên nhe chú.cuộc sống là như vậy.vui vẻ lạc quan lên mong chú nhiều sức khoẻ,hy_vong
CA vào cuộc tìm kiếm những tên chủ thầu làm ăn bát nháo xử lý nghiêm cho nó sáng mắt ra.,gian_du
"loại bi này ngon quá , vừa uống",vui
bình yên thật,vui
thế rồi cha lái xe có giả tiền không các bác,trung_tinh
không biết ngày mai sẽ ra sao làm chời ơi nhỡ rớt chắc xỉu ngang 😭,lo_au
Quá ác 🙏,gian_du
5 điều để giảm tiêu cực :<br>1. Uống nước và đi tắm. Thay ga gối và ngủ một giấc thật dài<br>2. Suy nghĩ về nguyên nhân của cảm xúc tiêu cực<br>3. Làm một điều gì mới mẻ<br>4. Bỏ những mối quan hệ &quot; độc hại &quot;<br>5. Chịu môt chút trách nhiệm cho chính mình,trung_tinh
móe . con nhện . cười đau cả ruột .,vui
mập tự ti =( mỗi lần nhìn là thấy cục mỡ lòi ra ngại lắm,that_vong
"khổ thân người dân , trước dự án cao su là dự án cà phê , làm thêm dự án nữa coi như một đời bỏ phí",buon
Ngân Kim Nguyen ngáo m rồi,gian_du
Đã buồn lại còn đen :(,that_vong
tao còn không dám ăn nói chi ruồi .,lo_au
"Không chỉ thạch trân châu mà trà sữa vốn dĩ không bổ béo gì mà có hại nữa,hạn chế uống chứ thấy nhiều người ngày nào cũng làm 1-2 ly",gian_du
Mình dễ bị mấy chuyện ko đáng ảnh hưởng quá toàn suy nghĩ tùm lum thứ làm quá lên. Phải sao đây haizzz,lo_au
chưa chia tay nữa mà còn khó đây,lo_au
Phạm Mai Linh từ giờ nhịn cả chị cả em,lo_au
ngại ngta phán xét..,lo_au
Ước gì em có thể làm được những điều c nói. 😊,hy_vong
thực ra chỉ cần nhập đúng input là được thôi mà :d,trung_tinh
"per chưa bị rượt mà đọc bình luận thấy sợ quá , chắc tao sợ chó không là gì với con này",lo_au
xoá sổ toàn phần cơ sở cung cấp thức ăn khốn nạn này bằng cách cho chúng mỗi đứa một mũi tiêm thuốc độc . còn hiệu trưởng các trường bỏ tù vĩnh viễn .,gian_du
Trà My chưa bị bế lên phường là chưa sợ mô...ae yên tâm 😼😼,trung_tinh
Đọc mà xúc động. Chúc mừng anh đã về nhà an toàn với vợ con,vui
"hoang mang quá, sợ rớt môn quá 😱",lo_au
Còn có cá nữa... Haizzz...,that_vong
Sao các em không nói gì đi,gian_du
Thiệt tình nuôi con mèo mà nó đi mất. tuyệt vọng 😞,buon
"Sáng nay mình đi kiểm tra lại ở từ dũ , kết quả đây mn ạ Mình xin phép che thông tin cá nhân để tránh phiền phức không đáng có ! Mong mn thông cảm và cùng đồng hành cùng mình Mong mn cùng Like đẩy cmt lên top ạ",hy_vong
Ha Thanh trải nghiệm đúng ko.,hy_vong
Thời 1975 đến 1990 thằng nào nghe thấy bố việt nam vác xe tăng đi dạo thằng đấy chả vaicutvaidai :)))<br>Điển hình thằng cháu thái lan hay tổ chức đông nam á asean là ví dụ điển hình :)))),vui
má đáng yêuc quá dạyyyy ??,hy_vong
chia buồn cùng khổ chủ,buon
Ý tưởng hay gì đó em điều biết em cũng biết nhiều lúc mình nên nói nhiều mạnh dạn nhưng lời đến miệng cuối cùng vẫn là không dám nói ra sợ nói ra sẽ nói sai gì sợ nói ra người ta phán xét thật sự dấp thiệt,lo_au
per sao bố lại đủ bình tĩnh để xem hết cái trailer này nhỉ . _ . sợ vãi,lo_au
per mày phải thấy may mắn khi cuộc đời mày được gặp tao :))),vui
Thôi ko biết tôi cs sống bằng tuổi anh tôi ko anh tôi cũng bị trầm cẩm mất cách đây cũng đc 2 năm tầm 23-25t j á tui ko biết cs đến ko chứ tui thấy mệt mỏi quá nhiều lần muốn kết thúc mà còn nhiều điều hối tiếc quá chước mặt mình cs 1 cọng dây thừng ko biết cs nên ko,lo_au
cảm thấy cô đơn lạc lõng làm chời ơi muốn khóc 😢,buon
Xem rớt nước mắt buồn cho jesse mãi mới cặp với eny đẹp đỡ phải đá phò vcl,buon
hóng mấy đứa mấy thằng tag người yêu rồi ảo tưởng như thế này xd,vui
có khi giờ tỉnh rồi đéo dám xuống nữa,lo_au
"mới đây thôi mà đa 3 năm rồi , những ngày chia tay buồn đó :((",that_vong
"ko cần quan tâm đến ánh nhìn xăm soi của mn , chúng ta sống bản thân chứ đâu sống cho ng khác",hy_vong
"chưa muốn lấy , cơ hội vẫn chia đều cho tất cả các anh : ))",hy_vong
"per thế là 2 anh này chưa gặp tao rồi , =)) 7km nhé",vui
Ê mn đây là một bạn này chia sẻ lại bài mà tôi phát sợ ko tin máu lạnh đến mức ko tin được chứ...,lo_au
Phim dở toàn tập,that_vong
tự tị x10🥺,buon
"Mình đã gặp 1 bạn k có nhan sắc nên chỉ dám đeo khẩu trang,ai kêu cũng k mở,cũng 3 năm r,cho tới lúc cô kêu mở,bạn ấy chạy ra khỏi cửa nhưng bị cô ép mở ra……",trung_tinh
Con bé đấy xinh vcl mà chết 🙂,buon
@ivankaquynh Thèm mỗi hột mít!,hy_vong
Chuyển giới để vô địch 😂,vui
ăn gì mà ác vậy chúng đã tội lắm rồi mà,gian_du
"Đời người, hối hận một lần là quá tốt",buon
"Hồi xưa đi học hay nói leo vs hay phát biểu nhưng ko thấy gì nhưng lớn lên rồi nói gì cũng phải suy nghĩ và xem xét kỹ vì sợ bị đánh giá, sợ bị chỉ trích và quan trọng nữa là mình nhận biết được là mình ở đâu và khả năng của mình tới mức nào",lo_au
người ko thân mới ngại giao tiếp thoi 🙂,lo_au
Zuong Juong tuỳ bạn,trung_tinh
muốn tạo ra niềm tin đôi khi bạn cần sự dối trá 😉,hy_vong
14 / 2 năm sau tau sẽ là ông già cô đơn ....,that_vong
chẳng có ai là hoàn toàn hoàn hảo hết nên là các cậu tự tin lên nhaa💗🫂,hy_vong
"ra chỗ sóng không táp vào mà ghi , xem mà ức chế vãi",gian_du
"Tuoi Pt nếu được tui muốn cấm cả 2 luôn bạn à. Cấm thả rông thì dể, chứ cấm thì khó, chuyện ăn hay ko ăn là ý thức thôi.",gian_du
Nên bản thân mình xác định có con là k đặt quá nhiều hi vọng không mong con có những thành tích lớn lao chỉ cần con cứ sống mạnh khoẻ hạnh phúc có thể giải quyết tốt những vấn đề xảy ra trong cuộc sống là mình yên tâm rồi,hy_vong
Da đen nên hơi tự ti..,buon
Cái sai là cái tồn tại tất yếu! Tuổi trẻ k sai lầm không vấp ngã đó chẳng khác nào b đang phỉ báng tuổi trẻ của mình bằng những sự thoải mái tầm thường....,hy_vong
hi vọng cả 2 đều hạnh phúc là được,hy_vong
"Nguyễn Tấn Tài Hơn nữa mk đag nói về vấn đề các bạn nam cmt phản cảm, xog tự nhiên bn nhắc đến mấy người con trai khác có qua lại với bn nữ để lmj ạ Mk đâu có nói về họ...",that_vong
nghe flim Vn là tao sợ tới. Sợ dở,lo_au
câu chuyện làm giàu,trung_tinh
và tôi đã mất đi 1 người như thế .,buon
bị bom hàng làm chời ơi cay thật sự 😡,gian_du
"Jane xinh vcl mà ngỏm, cũng tiếc nma kệ",that_vong
Thương con quá. Cầu mong cho linh hồn con sớm được siêu thoát,buon
"t đã hối hận vì nói ra , để rồi bao giờ tao với cô ấy chẳng còn thể nói chuyện như trước nữa",buon
Không nhờ anh cả là trung quốc thì sao mà thắng được. Tới giờ anh cả trung quốc quay như de,gian_du
per đừng luyện ngôn tình nữa .. chờ cái này xem đi 😂,vui
gớm vãi,gian_du
ăn ở như nào mà tới bị con ngáo nó lùa ?,gian_du
cảm ơn những người thả 😡 nên mình biết là đéo hay nên mình đéo xem . may vãi,gian_du
Lúc nội em còn sống lúc nào cũng cho tiền giờ nội đi rồi,buon
chúng ta nói với nhau nhiều quá nên bao giờ không còn gì để nói với nhau 🙂,buon
"Cái này lâu rồi,từ năm ngoái đã thấy đăng rồi",trung_tinh
NT Danh's a nói a đó hà 😂😂,vui
Glenn ngỏm đăng 81 cái stt 🫠,buon
Bà nội của mình rất muốn giết mình và mẹ hôm đốt rác bà nội cố tình bỏ bình ga vô hên chỉ bị thương nhẹ,gian_du
Chị ấy ở đâu add ơi mình gửi chị ít đồ,hy_vong
Có ng nói vs mk 1 câu:Có nhan sắc là 1 lợi thế nhưng ko có nghĩa là có tất cả,trung_tinh
bếp dầu trước kia tôi đã thuờg dùng,trung_tinh
giấc mơ ko chỉ có thật mà nó còn thành hiện thực liền luôn😌,hy_vong
"lừa đảo có quy mô đủ để truy tố hình sự rồi nhé , 5 triệu liệu có đủ sức cho chúng sợ không ?! hay là chúng mày lại bị cái chùa ba vàng mua hết nhân tính rồi ?",gian_du
đăng địa chỉ lên để mọi người còn gửi đồ giúp đỡ bạn ơi,hy_vong
má . đang định đi chụp :((,that_vong
má tự dưng bị đánh vào đầu :(,lo_au
Chuột Còi Xương đồng ý là tuổi ăn tuổi học..nhưng mà ai lo.miếg cơm manh áo cả thôi..ơt sg trẻ em như vậy rất nhiều.mày cho tiền đi..toàn các thánh onl,that_vong
"Vừa crush có người yêu xong, chẳng muốn làm gì lun 😭",buon
Hoang Long ừ thì nó là thế mày,trung_tinh
Đừng có ngại là đc,hy_vong
mấy con gà bị lừa mà đéo biết .,gian_du
Hoài Thu má 😢😢,buon
Vẫn chênh vênh lắm,lo_au
mong Việt Nam sẽ phát triển và mạnh mẽ hòa đồng thêm nhìu nữa🥰🥰,hy_vong
haha rất thích mỗi lần anh Thành nói &quot;đúng không&quot; :))) same start đoạn bạn bè có cv xịn rồi mình vẫn đang làm trợ giảng trung tâm tiếng anh =))) celebrate 30 so soon omg hahahahahaha 😂🎉,vui
thề cứ 1 lần trượt là tao cười to hơn 😆😆,vui
Mong pháp luật chừng trị bịn ác thú ấy,hy_vong
giọng nghe hay quá,vui
"Trần Mạnh Tùng ê đúng nha. T vào acc phụ cmt vì ng t quen biết cũng vậy nè. Nhà đầu ngõ xong k chịu đóng góp làm đường. Sau này xây dựng phía sau nhà, dân trong ngõ họ k cho đi đường đó kiện cáo nhau um sùm. Nhưng cuối cùng vẫn thuê 1đội chục ae to cao xăm trổ bảo kê nên vẫn xây dựng dc như thường 🥹",that_vong
"Ngọc Liên đúng mấy bộ phim ma cương thi này rồi lúc ngồi xem không sợ đâu nha, cười hí hí hửng đồ nhưng cứ tới tối là nó lạ lắm 🥲",lo_au
chửi thì chửi . mà cái giọng của anh dọn phòng nghe trổi tai thật .,gian_du
tình yêu đâu phân biệt là gay hay không gay vì đó là sự lựa của con tim mà họ đã nhắm tới !.,trung_tinh
hối hận vì lấy chồng,buon
ngày xưa hồi còn học mẫu giáo mỗi lần đi qua là nó rượt tao chạy té khói dume còn thiếu nước chạy lại quỳ xuống van xin nó nữa thôi . đến giờ nó vẫn là nỗi ám ảnh với tao,lo_au
tuy chưa viết hết nhưng tao người khác sẽ hiểu là viết cái gì,trung_tinh
sao nhửng hoàn cảnh như vậy anh hảy giúp két nói với những nhà từ thiện để giúp họ,hy_vong
"t cũng từng nghĩ mấy quán HQ hay đưa lên trước mấy món khai vị ko tính tiền ,mỗi món nhí nhí, có món còn chưa đụng đũa , làm sao ko tái sử dụng được, ở trong sao mình biết",gian_du
xa ngã vào những trò đỏ đen 😔,buon
vợ với con chả được tích sự gì ! toàn làm hết hồn ??,that_vong
đm lúc tao học đến chương đó nguyên tiết bà cô toàn chia sẻ kinh nghiệm chuyện tới tháng 🙂 đéo thú vị được như vầy,that_vong
From now on star new beginning ❤,hy_vong
muốn đi cắt tóc nam mà ngại :<<<,hy_vong
mấy bạn nữ trong lớp còn ko dám bắt chuyện,lo_au
🥲🥲🥲🥲🥲,buon
Đi đâu cũng tự ti😢,buon
Sao mà ác vây trời họ k có thì họ mới phải đi làm đê kiêm bat cơm luât hoa Quả k trụ 1 ai đâu Quá ác,gian_du
t chưa được rơi vào hoàn cảnh này nên cũng không biết nữa,lo_au
da ngăm đen môi thâm răng ko đều có xoáy bò liếm bị chị và ng thân trong nhà chê cười đi ngoài đường thì bị người ta so sánh,that_vong
"Bãi biển đẹp thì bị các khu resort chiếm hết, bãi biển ngoài khu resort thì không khác gì cái bãi rác và nhà vệ sinh công cộng, đi 1 lần xong ám ảnh luôn.",gian_du
ngày ấy cũng từng như vậy ☺️,vui
"Nhớ bà ngoại quá cảm thấy bất hiếu khi còn nhỏ ở với bà, giờ muốn ở bên bà mãi",buon
lúc rài không gặp được mặt cờ rút nữa 😪,that_vong
"5 cách vượt qua cảm xúc tiêu cực:<br>+ Đi tắm, ngủ hay dọn dẹp nhà cửa<br>+ Tránh xa mối quan hệ độc hại<br>+ Tìm việc gì đó làm<br>+ Suy nghĩ 1 chút về vấn đề tiêu cực<br>+ Chịu trách nhiệm",trung_tinh
"Người ta có chậm thì tiền cũng ít hơn, khỏe mạnh hơn sau không giúp đỡ người ta mà còn hành hạ người ta ,lỡ sinh ra làm người khờ khạo chậm chập chứ người ta cũng đâu có muốn như vậy đâu ,",that_vong
phần này dù xem lại 100 lần vẫn bật khóc tình cha thật phi thường,buon
đây là video hay và ý nghĩa 😊,vui
"93 ae ổn không, tôi k ổn chút nào, thất nghiệp 2 tháng nay rồi, có bằng C kinh nghiệm chưa có, xin theo học kinh nghiệm củng k ai cho 🥺🥺🥺🥺🥺",lo_au
Tôi Là Dân Thủ Đức qá sợ,lo_au
vợ chồng đã hiểu và sống tốt . thì với tôi ngày nào cũng là ngày tao / y .,hy_vong
Hối hận vì đã gặp anh ☺️,buon
Cảm ơn chị rất nhiều 😭😭😭đây thật sự là điều em cần lúc này.,buon
mình sợ nói ra cái ngta thấy mình vô diên,lo_au
Sợ nhất là họ nhìn vào mặt mình tầm 5s☹️,lo_au
"Ở đây có bạn nào khi mà bực tức, cảm động, buồn, hồi hộp, lo lắng hay kích động,... Thì có hiện tượng buồn nôn k ạ? Và làm sao để chấm dứt hiện tượng này đây :((( Cứ mỗi lần mình hơi buồn, lo lắng hay coi phim hơi cảm động tí và khóc 1 hồi là mình lại buồn nôn rất khó chịu luôn í",lo_au
Vũ Đức đấy là lời khuyên của những ng trong cuộc mà thôi nên chúng ta ko nên đánh giá qua những gì mik thấy trc mắt đc.,trung_tinh
Đợi chết mới truy tố hả gì,gian_du
ước gì giờ mình cũng còn nội,hy_vong
chủ nhật xem chiếc video này thấy cùng vibe của những u30 thiệc luôn. Chúng mình hãy cứ tận hưởng hành trình và hạnh phúc nhé các bạn trẻ. Cố lên nào!!,hy_vong
Phùng Ngọc Toàn nói thế cộng đồng lẩu gà bình thuận cắn đấy ông,lo_au
kiểm tra hay gì ai cũng vậy thôi lắp ráp xong rồi thấy con ốc còn dư ai cũng sẽ tò mò đi kiểm tra lại thôi,trung_tinh
Quỳnh ủa này lâu lắc r mà cha,gian_du
"Trần Mạnh Tùng nhà nào đấy để e đi kể ,a :))",hy_vong
chúc đại kỷ nguyên có một buổi tối ấm áp nha ❤️,vui
một câu chuyện cổ tích xiaolon đầy tính nhân văn !!!,vui
"Tui, da trắng, sóng mủi cao, mắt hai mí, cao 1m7 tạm ổn, gương mặt, 10ng hết 9 khen, nhưng tui vẫn ko dám đối diện xã, tại tui quá tiêu cực trong mọi vấn đề 🥺",lo_au
nhà đấy có cam bắt check cam.check cả cam hàng xóm nữa,gian_du
Đó giờ mọi người cứ để ý đi. Mông cổ sang bằng các nước khác lấn qua tới châu âu gặp Việt Nam bị Mình đánh cho chạy té khói mất chuỗi trận bắt bại. Tới cam lại cũng bị mình tước đi chuỗi bất bại. Tới pháp cũng y chan và đương nhiên mỹ cũng nằm chung cãnh ngộ. China miễn bàn nó cũng trong những nc đó. Việt Nam vua chặn những đế quốc lớn,vui
@𝐬𝐚𝐨 𝐜𝐮𝐠 đ𝐜 @Bảo Bình xin lỗi🌬,buon
Mong pháp luật xử đúng tội của bọn ác nhân,gian_du
"Cảm ơn chị nhiều! Em đã xem video này từ năm 1 đại học, giờ em năm 3 rồi em vẫn nghe lại nhiều lần rồi! Chỉ nghe thôi cũng thấy nhẹ lòng mặc dù nhiều cái không giống trường hợp của em! Nhưng em vẫn thấy đỡ hơn vì em còn thấy được nhiều người cũng giống mình, cũng buồn và bị tiêu cực như mình, mọi người vượt qua đc, làm được thì em cũng sẽ làm được, em luôn tin vậy! Chúc chị và gia đình luôn hạnh phúc!!",hy_vong
per tao nói rồi nha địt con mẹ mày,gian_du
Thế giới này thật đáng sợ 🙄,that_vong
🥰🥰,vui
Ở nhà còn k dám đánh sót con ghê,lo_au
Ngạo nghễ VN😍,vui
Phạm Bích Hạnh tính lóng như kem vậy :)),vui
@lanh💢 ôn thi shao r ..?,lo_au
chắc chắn bố của bạn này là một người vui tính chứ không phải khó tính . khiếu khôi hài bạn ấy ảnh hưởng từ bố .,trung_tinh
XE Máy Nguyễn Vinh,trung_tinh
tư ̀ hô ̀ i ba ̣ n â ́ y chuyê ̉ n trươ ̀ người thi ̀ chă ̉ người co ̀ n ai đô ́ i xư ̉ tô ́ tao vơ ́ i tao như vâ ̣ y nư ̃ anh . :(,that_vong
công nhận ngầu thật,vui
"thằng lái tàu quá đáng , bẻ lái qua tý có sao đâu",gian_du
🥺🥺🥺🥺🥺hối hận cả đời!,buon
Quả thật phóng sinh chính là tiếp tay cho sát sinh,gian_du
muốn là chủ động còn k muốn thì k có từ bắt đầu =))),hy_vong
cỡ nào anh cũng có thể chịu đựng được vì anh yêu em,vui
Nam Yến phải trường Tân Hồng không bay? Kaka,vui
"có thể trường học không trọng dụng bác ý nên bác ý không muốn về , ý kiến riêng em",trung_tinh
Dung Doan cẩn thận nè vợ. ..😓,lo_au
mấy thanh niên đi xong về có yêu nhau không nhỉ ?,vui
tiền mất tật mang . xe đã nát rồi giờ còn phải đền cách cửa cho tàu nửa,that_vong
😑 sao cái kết gì mà buồn vậy,that_vong
Ngọc Liên vào tường mình mà xem mình vừa chia sẻ đó,trung_tinh
"per hồi học đại học , điện hỏi xin tiền bố , bố ra ngân hàng gửi tiền rồi điện em hỏi stk rồi hỏi "" tên mày là gì ??"" 😭😭",buon
vn nó là vậy,trung_tinh
Đeo khẩu trang với mặc áo khoác nóng và khó thở lắm. Nhưng nếu tớ cởi ra mọi người sẽ chê cười tớ mất...,lo_au
ồ ! rất nhớ !,hy_vong
ta đã nghiên cứu ra thấy mỗi một ng ăn chay trường chỉ hết 4>500 một tháng là đủ cả gia vị ăn cơm no thoải mái trừ thịt sinh động vật còn có đầy đủ,trung_tinh
áo phông dễ thương quá anh ơiiii,hy_vong
Ngô Quốc Phi đúng rồi nhưng hi vọng sau này vẫn giữ dc cảnh thiên nhiên đừng có phá tan nát như PQ :)),hy_vong
con người giỏi nhỉ .,vui
ae phục vụ ngày xưa của mình đâu rồi . sao thấy thương bạn này,buon
chú nghĩ cháu rất giỏi văn và là người có suy nghĩ trưởng thành rồi 💐 rất đáng yêu và tếu giống mấy con giặc nhà chú ❤️,vui
chả bù cho con ml này . đợi mãi không thấy nó về . hy vọng em không bị bọn xấu bắt lên dĩa là tốt rồi :(,that_vong
tới tự hào về việt nam tôi yêu việt nam của toi,vui
Giống kiếu đánh ngta xong xin lỗi😂😂,vui
per dume đái trong quần,lo_au
nhà thì không xa lắm nhưng chưa bao giờ đi vì sợ bị đè bẹp luôn người,lo_au
Nguyen thế mà xe xếp hàng để lên bà nà ấy bác,gian_du
Jiso Nguyen thằng đó rồi. trc phải khoá trang cá nhân. trc nó chạy con pọt màu vàng,gian_du
có lúc ngồi một mình mà cảm thấy lạc lõng lắm các cậu ak,that_vong
"t khi xem ảnh chung của lớp t thấy tự tin cực, t xau nhat trong lop ấy🤓",buon
"tuyệt vọng quá, bị rớt môn rồi 😞",buon
Đối với người lớn Đôi khi 10km cũng là xa Quan trọng là có muốn hay ko,trung_tinh
per học hành cho cố vào rồi mần sao như này đi,that_vong
giấc mơ duy nhất thành hiện thực 🤣,vui
"Gia Pham cái này hên xui, nhưng mà mọi thứ được đặt lại từ đầu và nữ 9 với mọi người mà main nhập vào vẫn ngủm như thường 🥹",that_vong
có ai biết 2 người này không ạ ?,trung_tinh
Tôi Là Dân Thủ Đức cho xin ảnh kẻ ác coi ạ,hy_vong
per không lẽ sau này kím bạn trai không tập gym 😖,that_vong
Thật là thương con! Yên nghỉ con nhé!,buon
"Năm 2019,một bé trai 6 tuổi ở Hà Nội cũng bị bỏ quên dẫn đến tv. Năm nay lại vụ này 5 tuổi. Thật là vô trách nhiệm.",that_vong
Đi xem em ơi o nhà buồn khó ngủ lắm,buon
Ninh Trần đăng xuất,trung_tinh
tao phải công nhận là nó giỏi vãi . từ đứa diễn đến đứa quay và edit video .. giỏi vãi 🤣,vui
Ác độc 😡,gian_du
Đúng rồi 35 h chie được bược tiếp thôi. May mắn mình đi đúng đường,hy_vong
"Chị Giang như bs tâm lý bắt trúng bệnh của e v, , hướng nội, cảm xúc mạnh mẽ này, rồi giờ đến tiêu cực nữa này, nhờ các video của c mà e đc tiếp thêm động lực rất nhiều, iu c ❤",hy_vong
nó bướng vãi . cứ làm theo ý mình,gian_du
"Nên từ đó ko xem nữa ạ :""/ Dài quá với buồn quá",that_vong
Muốn đi coiii ghê,hy_vong
"bồ tao cũng đang đi cái này , từ nhà nó lên đây cỡ 2 tiếng mấy và dume nó bảo tao ngủ đi vì nó đi đến sáng :)))))",vui
Khánh Vy shock thật sự lun :(((,that_vong
Cho ah loi khuyên voi em oi.Ah dan gap be tắc trong cuộc sống. Sdt ah 0387067960,that_vong
cứ tưởng tao đùa à . hmm,gian_du
"Cám ơn những nghĩa cử cao đẹp của các bạn và chúc các bạn luôn vui vẻ, hạnh phúc, bình an.",hy_vong
thật đáng sợ,lo_au
Xin chia buồn cùng gđ p,buon
cafe nguyên chất 🙂,trung_tinh
per thay vì đọc chuyện ma thì mày có thể coi hết video này :)),vui
"Muốn phóng sanh, tốt nhất là ra chợ, thấy con nào còn sống thì mua về rồi thả, cái đó hay hơn",gian_du
Út Bo nghe xong hết dám đi ăn quán Hàn,lo_au
@huynhtuan8200 Chắn chắn sẽ như vậy bác nhé,hy_vong
93 mà chênh vênh quá..ko nghĩ mh đã 30 rồi😑😑,lo_au
Vision. Ra đường chúng sinh bình đẳng🤣,vui
gặp ai cũng ngại ☺️,lo_au
2 năm rồi và đã kết thúc rồi,that_vong
Phạm Tâm vs cái tôi cao như vậy tâm k quen dk ai đâu kug chẳng thể nào lm 1 ng con dâu tốt dk cái mỏ hỗn lắm,that_vong
"Nguyen muốn chúng ý thức học cho chúng vui chơi khám phá để biết chúng muốn cần gì ?! Cứ mỗi vùi đầu vào học , nhìn thằng con nhà chị dâu kìa , bố nó khó tính có bắt ép học bằng ông nọ bà kia đâu ?!",that_vong
"Thanh Thanh bạn thử tìm hiểu mấy cái chết kinh dị ở nhà máy í, ko ít công nhân chết vì rơi vào cái loại máy xay, máy trộn và vì nó là làm dây chuyền lớn nên máy lớn chứ ko phải máy nhỏ, dễ đi như chơi",lo_au
chia tay xong cứ thấy trống rỗng 😞,buon
Nam mô a Di Đà Phật 🙏. cầu cho bé mau khỏe,hy_vong
Mỗi lần nghe quốc Ca không hiểu sao mình cảm giác chân tay nổi da gà lòng mang đầy hồi hộp xen lẫn tự hào và yêu quý cuộc sống hơn,lo_au
"thứ yêu nghiệt , nhỏ g vẫn sợ nó nhất sau mấy con lắm chân t . t",lo_au
nghe mãi mà vẫn thấy hay,vui
"Thị Ngô ui sao ko vả cho nó 2 phát luôn b, hiền quá",gian_du
"Hôm nay t với đứa bn bị chuyển chỗ, hai đứa ngồi kế bên hai thằng con trai luôn , má ơi ngại muốn chết 😞",lo_au
Tom HoaHoa cũng thấy bảo nhà thằng ny cấm vì trc đó cứ cãi nhau con dẩm này lại nt cho mẹ ny bảo đừng liên lạc gì nữa,gian_du
Ngọc Thảo dì ruột của cháu e vào đây mà đọc,buon
"bỏ qua mấy dòg chữ , nhìn khuôn mặt con bé không thể nhịn cười per :))",vui
Lúc xem phải tua lại coi có xem nhầm ko :((,that_vong
Bị rớt môn rồi 😢,buon
ráng đừng ngại,lo_au
xong thật roiii😭,buon
Việt Nam tôi đó ngàn năm sáng tươi ❤️❤️,hy_vong
Chung Ái Nhân khóc thuê à. Cái đếch gì cũng có 2 mặt nhé. Tìm hiểu kỹ rồi hẵng khóc,gian_du
Lặng Thầm chính xác... đúng là đánh người như thế này thì chưa cần biết đúng sai thì thằng đánh đã lên phường uổng nước chè rồi... Chờ diễn biến của hiệp 2 xem sao ... đúng như video này thì 2 mẹ con nhà kia xác con bà định luôn đi !,gian_du
Điệp Mlô ước đc như bạn,hy_vong
quê ở huyện kế bên mà chưa 1 lần đi =)))),vui
Alo tr oi😞,buon
Tú Ngân mjh cũng vừa xem xong b à,trung_tinh
tao buồn mấy năm nay rồi,buon
"chuẩn đó , mà quên chưa có người yêu",that_vong
Bị sếp la làm mọi người ơi thấy trống rỗng 🥀,buon
Gửi lũ ngáo choá nhá. Báo dân trí chứ không phải thế lực thù địch đâu,gian_du
Cực kỳ hối hận,buon
"Lâu lâu chưa thấy anh Thành ra video mới, góc nhìn của a giúp e biết đến nhiều điều mới lạ hơn. Cũng như lối phân tích của anh siêuuuu hay❤",vui
"Mình đã dặn không ăn hành mà vẫn bỏ hành, điên máu 🙄",gian_du
per huhu nhất là mấy bài không cho chất thử á :(,gian_du
Hồ Ngọc Dũng được đứa nào hay đứa đó . Còn hơn éo làm gì ngồi gõ,gian_du
Loại khốn nạn,gian_du
"C.bi lại có group anti, đỉ mẹ 🤦‍♂️",gian_du
"Hay quá em ơi, cảm ơn em video thật ý nghĩa, để có đời sống tích cực 💯",hy_vong
per mày này . nhưng mà lúc già sắp chết,vui
"Nguyễn Kim Cơ con t k uống trà sữa trân châu, chỉ ăn rau cÂu :d",trung_tinh
giá như hồi trước chọn học tiếp...,buon
Trương Đình Phước chính sách đáng lên án ghê á trời,gian_du
chờ video chị miết thui 😍😍,vui
per thích quáaaaa,vui
có đứa nào xem mà thèm đi biển như tao không ?,hy_vong
Nhan sắc thật quan trọng...,buon
"Top 1"" nước có đàn ông đẹp trai thứ 2 TG😂😂""",vui
Tôi xấu nhưng tôi luôn tự tin,hy_vong
"eo ôi thằng nhóc áo xanh cuối cùng , sao này lớn lên chắc là sói ca haha",hy_vong
"Giáo dục thời nay thua rồi anh ah, học sinh đi học ra khỏi nhà từ 6g sáng về đến nhà 9g tối. Học lắm vào càng ngáo ngơ...",buon
dkm xấu mặt những thằng tập gym vkl tao đéo hiểu sao thằng này nó lại thích đi đường tiểu ngạch là sao,gian_du
"con này không thể nào tha thứ dc, có gd còn đi phóng hoả vì tình, điên đầu thật",gian_du
điên,gian_du
xưa nhớ quá nội dẫn đi mua bánh mua này mua kia h còn đc như kia ☹️☹️☹️,buon
Hoàng dừng ngay việc cho Bim ăn chân châu,lo_au
đã hối hận vì tx quá tôi,buon
Hối hận vì đã để ngta gặp một người tệ như mình hh,buon
thằng này ngu vãi,gian_du
cái lò xô ngày xưa ma,trung_tinh
Nhả vía tự tin về những gì bản thân mình có cho mn,hy_vong
"hoàn cảnh này ở mình cũng còn nhiều lắm, chỉ mong xh ai cũng ấm no hp",hy_vong
lỡ câu chuyện là thật thì sao . chưa gì lên chửi người ta là rẻ rách,gian_du
Nguyễn Thị Hà Ni quỷ đã sợ k dám coi r nha ám ảnh chắc mấy năm 😬,lo_au
thôi xong . chia buồn cùng quý quốc,buon
quan trọng là có con đồng nghiệp đầy khẩu nghiệp yến đặng 🤣🤣🤣,vui
Cho xin địa chỉ và tên để gửi ít quần áo cho chị ý ạ,hy_vong
Tao trước cũng thế nghĩ lại cay. Tất cả vì lol.,buon
Lấy nhầm Ck là việc hối hận nhất,buon
"Rồi chính phủ bọn họ sẽ có cách giải quyết thôi, đi lên từ đống tro tàn, ăn 2 quả nấm mà vẫn sống và phát triển thần kỳ thì vấn đề dân số chắc chắn họ sẽ làm được",hy_vong
"tôi không tỏ tình crs, k kịp nói do nhà tôi chuyển nhà gấp :"")",buon
Việt Nam bé nhưng mạnh❤️❤️,hy_vong
sai rồi nhá . có những thứ cha mẹ không có nhưng vì con họ vẫn cố gắng để có được nó,hy_vong
a di đà phật 🙏🙏🙏 cầu chúc bé sớm bình phục,hy_vong
"Còn nhớ có ngài hiệu trưởng nào đó đề nghị có chế tài phạt thật nặng những người tung clip nhạy cảm như này lên mạng rồi mà ta, dám cả gan bôi xấu trường điểm trò ngoan, hay là bị thế lực thù địch xúi giục vậy ta 😡😡😡",gian_du
"cố gắng lên mọi lỗ lực và công lao của em sẽ được đền đáp một cách thật là sứng đáng , cố gắng lên em nhé 👍",hy_vong
quá mất dạy làm ăn kiểu này thì dẹp mẹ luôn đi,gian_du
Ngọc Ngân dù là lý do gì thì hậu quả như vậy cũng ko cảm thông dc tí nào chị ạ,gian_du
hôm nay thật tệ :((,that_vong
thẳng thắn cho đỡ mất thời gian của nhau,trung_tinh
Vu Minh uh đó. Kiểu trơ trẽn y vậy. Thứ gì..,gian_du
Thiện Tim cẩn thận thì cẩn thận nhưng cẩn thận mãi cũng ko lại đc với trời!,that_vong
em nó phượt theo gái cả đêm,that_vong
đỉnh nóc kịch trần =)))),vui
Cố gắn hơn ở CKTG thôi các anh làm vậy là hay lắm rồi 👉👈,hy_vong
🥲 nụ cười dần tắt,buon
Triệu Quyến - h là cầu hồn r ạ :((,buon
Bàn Thị Sếnh sắp phải lấy r😪,lo_au
im luôn cho lành,trung_tinh
XE HAY gọi CA cho 2 bên cùng đền,trung_tinh
Phan MyHạnh Phan cho ăn trân châu bằng muỗng thôi,lo_au
chưa báo hiếu chame đk ngày nào,buon
Tự hào khi mik đc sinh ra và lớn lên trên đất nước hình chữ S này,vui
"con mong bác dù nghèo nhưng sống luôn luôn vv , chúc bác 1 đời bình an",hy_vong
Giá như chịu áp lực một tý đừng mơ mộng về sự dễ dàng thì đã kh như bây h r,buon
Chênh lệch giữa những cuộc đời trong xã hội quá lớn 😔😔,that_vong
không cho giáo viên cái quyền gì thì lấy gì mà dạy nhất là thời buổi lố lăng như bây giờ ... nó quỳ lúc nhỏ khi nó sai còn sửa được đợi lớn lên thì bố mẹ quỳ nhìn nó vào nhà đá,gian_du
"Giao tiếp kém , không giỏi ăn nói , dễ mất lòng",that_vong
sg chưa mưa đâu,trung_tinh
19t trẻ quá tr vì con là tốt nhma con mik sau này lớn thấy ba đánh mẹ z nó ám ảnh tâm lý lắm kiếm tiền đc lm chủ đc cuộc sống vững chắc r hẳn lấy ck suy nghĩ kĩ trc khi có con đi lm z khổ cho đứa con lắm,gian_du
Nguyễn Sin con gái sắc đó nó tưởng dậy là hảnh diện về nó còn chia sẽ bài đăng nữa chứ,gian_du
Hoa Dại iu thương zu chưa,buon
Nghĩ đến cãnh nắng nôi mưa gió mình nằm trương háng mà ng ta lặn lội đi ship hoy cũng thấy tội ! Tích đức k mún cứ thích tạo nghiệp,gian_du
Đỗ Thanh mình cũng nói thế mà đang gặp phải đây cũng chả thèm đụng lgi nó ăn vạ giỏi lắm,gian_du
per per per tao chả tháy bài này hay cái gì cả . nhạt nhẽo ..,that_vong
"Dm con điên, chồng con rồi còn lăng loàn rồi hại chết ng khác, thương nhất là chị gái đang mang bầu í. 🤧",gian_du
đúng là khmer lỏ. thời nào cũng cắn nước ta dc,gian_du
"Giang ơi! Làm thế nào sống tích cực, lạc quan để chăm sóc con bé được 4 tháng vậy bạn? Mình cứ quanh quẩn trong cái hố. Có lúc mới chớm tay leo lên cái hố đấy, sau lại tụt xuống cái hố đấy. Mình sợ trạng thái tiêu cực sẽ làm ảnh hưởn xấu đến con lớn được 9 tuổi và con bé được 4 tháng.",lo_au
k cần biết nội dung ... nhìn mặt con bé thoy muốn cưới về cho con trai mình ngay rồi 😂😂,hy_vong
crush của tao cười hơi bị xinh :3 xinh + cười = đỗ mãi • 3 •,vui
@Le Tien😭😭😭 🙏🙏🙏,buon
cho mình hỏi ngu tí . pháp là ở đâu,trung_tinh
cô ơi nhiệt tình là tốt nhưng bản thân phải an toàn trước 😗,trung_tinh
Nghe mà muốn khóc .Vào bình viện mà nghèo là buồn lắm .,that_vong
ngại máy ảnh ☺️dù ở một mik cx k dám chụp hình,lo_au
"Cơ hội có đầy,khởi nghiệp k giới hain tuổi tác",hy_vong
Chỉnh sửa ảnh Free bọn nhà báo thôi,gian_du
tất cả mọi người đều không có được hoàn hảo?? tôi cũng vậy bạn cũng vậy?? chỉ là qua mấy cái app chỉnh sửa và trang điểm? so đo với mặt mộc thì tất cả mọi người đều bằng nhau.,hy_vong
"bả kéo áo xong t vô coi bl liền luôn á bay , ai giống t thì cho t 1 ❤️nhe t c onn",vui
"Ám Dân cái khúc nó đứng sau lưng mà thở khì khì đó, ám ảnh vl",lo_au
"Theanh28 Entertainment sợ quá, mới hóng đc ảnh vs vjde.0 cận cảnh trên Phóng sự đường phố 24/7 😨",lo_au
hư cấu,gian_du
Tính gửi ảnh của anh QTV mà thấy hơi ác nên thui 😀,vui
mình có thật sự đang làm sai không,lo_au
"có ai nhìn thấy giun đang bò trong ảnh không , sợ vãi",lo_au
người việt nam mãi mãi cũng chỉ là bọn hạ cấp so với nước ngoài vì ý thức như lol có 100 năm sau thì ý thức vẫn đel bằng,that_vong
🤨🤨🤨,gian_du
nhìn như nó muốn dẫn nhỏ đó đi đâu ấy,trung_tinh
Cũng rung dữ lắm,lo_au
như kiểu sắp bị hiếp dâm đến nơi vậy . tế sống luôn mấy thg lol 🙂 dcm,lo_au
Mọi chuyện rồi cũng sẽ ổn cả thôi,hy_vong
"Cám ơn cj rất nhiều, e hiện tại rất tiêu cực, chán nản mệt mỏi để làm mọi thứ. Em là một con người hướng nội, ít chia sẻ với ai, mỗi lần e tiêu cực xong lại tự nhắc nhở bản thân phải cố gắng bước tiếp, nhưng sau đó vài ngày e lại bị ảnh hưởng bởi các yếu tố xung quanh , những lời thị phi của mn làm e không thể nào dứt bỏ đc và rồi e lại trong vòng xoáy tiêu cực.",lo_au
Đọc thơ xong thấy thật ngớ ngẩn,that_vong
dàn lông chân =))))),vui
tỉnh táo đi em !,trung_tinh
"Hai Yen +1 này,hồi xưa ban đêm nằm nghịch laptop đhs toàn nghe tiếng mèo gào,rợn hết cả người,tim đập thình thịch luôn ý,hỏi chị nằm bên cạnh thì bả bảo k nghe thấy gì",lo_au
LêThị VânAnh a bảo về đi a gt ny anh mà,trung_tinh
Rất tủi thân😔😔 tôi đã rơi nc mắt khi tôi thấy mình trong này,buon
Mai Kiều Trang em đi mà sợ vcd. Sợ nó tông e,lo_au
trời . cưng chết được,vui
"Nguyễn Thị Hồng Nhung ghê quá, k dám cho uống thật c ạ, 11 tuooit r mà bé gì đâu",lo_au
êu ơi sao con mụ này không gặp mình nhờ :))) ước gì có con mụ thế này tông vào mình ý :)))) klq mà giọng bé quay video đáng yêu thế ❤️,hy_vong
"thật sự em có nhiều tiêu cực trong lòng mà ko biết phải nói với ai, chỉ biết ngồi 1 góc trong phòng rồi tự kể những chuyện đó cho bản thân rồi khóc ☺️",buon
per mày cứ kén chọn đi chúng nó yêuc nhaooo hết rồi kia kìa ahuhu .. không tin vào mấy thằng ông nội cơ bắpppp nữaaa,that_vong
đúng nhma vẫn phải vui tươi lên,hy_vong
có lẽ vậy,trung_tinh
ủa xưng mày tao thì có vấn đề gì nhễ,trung_tinh
đéo thể tin tưởng một ai được,that_vong
các em thật là vãi,gian_du
loại dâm ô nam sinh này cần phải tử hình để làm gương cho người khác .,gian_du
"Hằng PT uh,thấy hồi đó đi học mà gặp trời mưa thì nội bùn đi học",gian_du
Tự hào về VIỆT NAM của tôi🥰,vui
Trước em cũng rụt rè lắm trước ở nhà nhiều thanh quen rồi ít nói hẳn em cũng ít bạn giờ thì em đỡ hơn nhưng mà em lại gặp vấn đề khác lúc mới đi làm thì em vẫn nói nói cười cười lúc đầu xong sau khoảng 1 tháng bắt đầu công việc nó hơi khó em bắt đầu im im làm cũng mấy cô hay nói nặng lời em im im mà làm gặp cô nào vui tính thì em vẫn cười đùa thoải mái giờ em gặp vấn đề công việc cần phải mở mồm nói mà em im im em cảm thấy an toàn có cô ở công ty quý em hay giúp đỡ em bảo phải biết nhờ mồm miệng đỡ chân tay mà giờ em vẫn chưa vượt qua được vẫn im im thêm công việc hơi khó khăn nữa cộng với vấn đề trên dạo làm này em mệt mỏi,lo_au
Em bị thường hay tiêu cực và quan trọng hóa vấn đề ko thể tích cực mặc dù rất muốn bản thân an nhiên tự tại ko lo ko nghĩ nhưg dường như e ko thể thoát khỏi nhữg suy nghĩ ấy,lo_au
"per huhu đúng quá nè :< sư phụ đi rồi , còn per thôi , đừng đi đâu nữa nhaaa 😢",that_vong
khi bạn ngu tất cả các lĩnh vực như toán học văn học nhưng vẫn cố tỏ ra nguy hiểm,gian_du
"Hàn với Nhật lâu lâu lại có vụ như thế này, hãi thật sự",lo_au
tao đéo hiểu sao người yêu tao đi cắt tóc về trông mặt ngáo đến kì lạ,gian_du
loài này bé như ngón tay phàm ăn lắm sợ luôn,lo_au
"Bình tâm hơn , vức bỏ quá khứ , dốc sức cho hiện tại , em sẽ cố gắng , suy nghĩ tích cực !",hy_vong
"Tao thức dậy bao lần vẫn chưa chờ được người , đã từng rất loạn . Nhưng tao vẫn tin mọi việc sẽ ổn , sẽ ổn",hy_vong
Ko hối hận với những gì mình đã chọn😌,hy_vong
Thảo Henry chị hay xem phim bom tấn hàn không😂,vui
"ốm cũng được , chỉ cần mát thôi 😌",hy_vong
Nói tào lao quá,gian_du
"Nhìn như mụ phù thuỷ…!! Những đứa trẻ đã cô đơn mồ côi tội lắm rồi mà còn gặp con mụ này nữa!!! Tội các con, mong các con đc vui vẻ bình an ở nới khác tốt đẹp hơn.",gian_du
nó ở cái tầm vũ trụ chuẩn mẹ rồi,trung_tinh
Bạn Muốn Hẹn Hò? Ng lớn ngta bắt xe ngta đi chứ má ơi,gian_du
🤩🤩🤩🤩🤩🤩,vui
nhiều lúc sợ bị pê đi,lo_au
"Mỗi lần stress e lại mở video của c ra xem. E đang stress rất nặng😥. E phải liên tục ở nhà suốt 6 tháng và đối diện với người trong gia đình - là những mối quan hệ toxic theo e là như vậy. Ngôi nhà e cảm thấy đầy sự ngột ngạt, không chút riêng tư, e không thể chia sẻ được gì, cũng như chẳng ai chịu ngồi xuống để lắng nghe hay cố gắng hiểu e. E khóc rất rất nhiều trong thời gian qua, e muốn bỏ học nhưng e k thể làm thế. Suốt ngày toàn nghe những câu chửi, chê bai, trách móc, thâm chí là đánh đập. E rất ghét khi p sống như z, e p lm s đây🥺",that_vong
xin đấy,hy_vong
"Thanh Thanh mấy cái dây chuyền sản xuất tự động nó to vật vã ra mà cứ băng băng chạy thôi, nhỡ sơ sẩy một chút thì khỏi cứu luôn ấy.",lo_au
một cái ngu thật sứng đáng,gian_du
muốn bảo vệ và chăm sóc người đấy,vui
"Chọn sai ngàh học khi ở tuổi 18, nếu đc quay lại thì t sẽ chọn học ngàh hiện tại ngay từ đầu",buon
tác phẩm nghệ thuật chất lượng cao hiếm hoi của điện ảnh việt nam nhưng không được công chúng quê nhà đón nhận,that_vong
Đọc Đô rê mon sẽ hiểu nhé ! Nhật Bàn sẽ là đất nước toàn rô bốt hiện đại và xịn !,hy_vong
Xem mà cảm thấy thương lắm tôi đã khóc 😢,buon
sao mày không ngủ với mẹ mày luôn,gian_du
Tâm Hưng mấy con đầu gấu trường mình ngày xưa giờ sống có ra j đâu. Nhân quả hết c ak. Thương e qua,that_vong
bảo ba mẹ dẫn đi bác sĩ ngay đi,lo_au
"hí hí . tiến sĩ cừu , thạc sĩ cừu ... chẹp chẹp 😃",vui
"cà phê vần luôn cả với sa tế , thế là đủ vị đắng cay",trung_tinh
"thường thì người thuận tay trái sẽ bị bệnh này :v , riêng tao thuận vả 2 tay nên chả sao",trung_tinh
Mia Mia tội cố ý giết người thì tháng về 2 lần thôi,gian_du
nó ngáo đá . nay nó leo cột điện . mợ cứu nó xuống mai nó làm vài mạng người,lo_au
"Hôm qua em vừa có hơi lớn tiếng với ba mẹ, em cảm thấy mỗi lần nói ra ý kiến của mình thì không bao giờ nhận được sự lắng nghe một cách chân thành, em cảm thấy lời nói của mình không được tôn trọng chỉ vì mình là con út. Cũng vì chuyện đó mà ba mẹ đã gợi lại vết thương lòng của em.Em đã buồn và khóc rất nhiều. Em biết là người làm ba mẹ không ai muốn con cái mình xấu cả, thời gian rảnh để trò chuyện cũng ít nên em cũng không có cách nào để nói rõ những gì mình nghĩ được. Sau khi xem video này của chị, em cảm thấy như được an ủi rất nhiều, những điều mà em muốn nghe ai đó nói từ rất lâu. Cảm ơn chị ạ &lt;3",buon
"T cũng tự ti, tự ti đến mức trong mọi bức hình với lớp đều là ng duy nhất đeo khẩu trang,t sợ học tiếng anh lắm không phải vì học dở mà là do cô thường kiểm tra speaking, có lần cô bắt t tháo khẩu tra",lo_au
Bài thơ vô tri vch,gian_du
Nghĩ về tương lai mông lung quá 🥲,lo_au
Gd suy đồi...!,gian_du
Đang bế tắc thật,that_vong
eo hiểu người ta đỗ lòng đường vỉa hè thì rộng . chỉ lên nhắc người ta đỗ lùi xuống không ngã 3 thôi chứ đường của các bà đâu . có thế cũng đưa lên . ko ai bênh cái này đâu . ích kỉ nó vừa thôi,gian_du
Đồng ý lời tỏ tình của crush =)),vui
Đau lòng quá m ơi,buon
"chán thật , dạo này hồi xuân hay sao đọc mấy cái kiểu này ấm lòng vãi :(",that_vong
"E cảm giác bản thân hay vô thức nín thở và e mau mệt. E thở cũng ngược người ta, e hít thở giống như video thầy dạy nhưng vô thức hít vào là hóp bụng lại..e hít vào chỉ được 3 giây",lo_au
Lanh Hồng x3 chân châu nè bà nội,lo_au
@ꪆৎ đúng nè=),vui
Ai rồi cũng bị buộc phải lớn,buon
Khả Như đây cái phòng khám đó sẵn phốt lun cho mn né .nó nằm ở tô hiến thành q10,gian_du
nóng cỡ nào nhĩ,trung_tinh
kiếp này ông trời nợ con bà nội rồii...,buon
Nhi Lê chị nhẹ xíu là e dư sức nha 🤣🤣,vui
Xinh Tươi hôm nay vừa cho đi về nè cô sợ quá từ giời uống nước tranh đường cho lành,lo_au
từ đầu năm giờ chắc chụp 10 lần rồi huhu sợ quá 😭😭😭,lo_au
"tao chả thấy cười ở cái đoạn buồi nào cả , sắp đến đoạn hay tí lại ngắt cmnl",that_vong
đơn giản mà mấy ai làm được .... ngưỡng mộ,vui
Nói thật mình thấy nch với những người tự ti rất khó.Không biết vì họ ngại hay vì mình nch ko khéo nữa.,lo_au
"@TvNhinhi Cuộc sống không luôn như ý muốn, nhưng ta có quyền lựa chọn cách sống.",hy_vong
"2 câu hỏi mà người thiếu tự tin hay tự hỏi: &quot;sao mà mình làm được!&quot;, &quot;sao mà mình được làm!&quot; <br>* 4 týp nhanh gọn<br>1. Hiểu được quyền lợi, trách nhiệm của bản thân<br>2. Hỏi<br>3. Quan sát, xác nhận<br>4. Đừng cố vượt qua sự rụt rè, &quot; chân thành với cảm xúc của mình&quot;",trung_tinh
"nên chọn thằng không học bổng , vì thằng đó giàu hơn",trung_tinh
Thích Lòng Vòng F35 cũng bị tai nạn mà tai nạn thì xịn hay đểu cũng đểu có khả năng bị,trung_tinh
"nếu họ nói chuyện vs mik,mik k trả lời bởi vì mik giao tiếp kém và họ nghĩ mik khinh họ 🥺",buon
nhện này trong nhà tao chắc tao bỏ nhà đi mất 😱🤯,lo_au
cảm giác đó đau lắm các mày ạ,buon
đậu . tao mê nhất là giọng tuy hòa phú yên . nó luôn mang một ấn tượng sâu sắc . nghe cứ thích thế nào ấy,vui
"Tính phương án chia tay đi nhé Là ny ko cảm thông đã đành còn chê bai dè bỉu, nếu 1 phần lí do bro khóc là do chuyện tình cảm thì chứng tỏ mqh đã có vấn đề từ trước r. Phần nhiều là trong 1 sớm 1 chiều cũng sẽ đổ vỡ thôi ,nếu đằng nào cũng k cứu vãn đc thì hãy là người chủ động chấm dứt, vì trong tình huống này bản thân là người bị thiệt nên càng kéo dài càng hại kể ra mất mặt cũng chỉ là 1 phần ,cái chính ở đây là giác ngộ ra được 1 redflag để cứu bản thân khỏi 1 mqh độc hại",that_vong
Thiệt tình vừa chốt được hợp đồng lớn. sướng rơn 🤩,vui
"Trời ơi bà cô giáo, bả để tâm hồn bả ở đâu vậy trời…. Thương con quá. 😢🥹😢",buon
"To overcome the fear, you need first be aware of your responsibility, know to ask, observe and confirm, last but not least be honest with your emotions❤🎉😊😊",hy_vong
chia tay đi bạn,gian_du
còn chả có ai nói chuyện thân thiết quan tâm đến tôi :<,that_vong
ui lại còn xả thoải mái jk đừng sợ.. rồi tỉnh dậy má ôi là thật 😂😂😂,vui
có tiền chưa chắc đã ngọt nhưng nếu không có tiền chắc chắn là đắng .,that_vong
nhìn thôi đã đau lòng,buon
phải tao tao vứt luôn xe ??,gian_du
cậu quên lời hứa của chúng ta rồi sao,gian_du
Bính Buôn Bom tôi sa đây . Vẫn đi bt . Vẫn về hãng bảo dưỡng linh kiện vẫn có bt . Nêu linh kiện to thì chờ và có voicher,trung_tinh
"Khóc thì k có gì sai, ai cũng có cảm xúc, chỉ là theo tư duy nửa cũ nửa mới của tôi thì chỉ nên khóc trước mặt những người mình thấy có thể hiểu và chia sẻ được với lí do mình khóc. Mỗi lần như thế vừa được giải toả, vừa được sẻ chia, vừa được thông cảm thì sẽ làm mình mạnh mẽ với tự tin hơn. Chứ khóc trc đám đông xong bị xỉa xói nghe nó hơi trauma còn bạn gái op thì thôi k bàn, hoặc do bạn ấy chưa đủ trải nghiệm nên tư tưởng vẫn còn stereotype. Còn nếu k có ai thì khóc 1 mình",buon
ko 1 từ nào để diễn tả bộ phim này ...,vui
Cảm thấy tự hào vì mình là người VIỆT NAM 🥰,vui
quan trọng là nhiều tiền để rót trước,trung_tinh
Thành công thành công phải thật thành công,hy_vong
"Đau xót quá, trung tâm mình ko có dịch vụ đón trẻ nhưng trẻ ko đến lớp mà PH ko báo là mình sẽ nhắn tin hỏi, nhắn tin ko trả lời thì sẽ gọi. Sau vụ ở trường quốc tế thì các trường mầm non dùng phần mềm tự động báo trẻ đã đến lớp nhưng có những hôm con mình nghỉ cũng thấy báo đi, gửi con mà bực mình, ko yên tâm. Chỉ vì sự tắc trách của vài ng mà sinh mệnh của một em bé ra đi .",that_vong
ko bt giao tiếp nhiều,buon
Tệ thật! Nhưng phải cố thôi 🥺,that_vong
@Nguyễn Hải 11 10 2010 tích cực lên nàooo,hy_vong
add cứ khoe đi . mai lại chặt hết như nguyễn trãi mà,lo_au
Mẹ vội quá đây mà,trung_tinh
Hy vọng k có thương vong,hy_vong
à thì ra là như v =)))),vui
"Còn không dám chấp nhận bàn thân thì sao ạ. Không dám thể hiện cảm xúc của mình, thì cí cách nào không ạ.",lo_au
Minh Châu nên á tôi mỗi lần vô mấy chỗ làm gỗ làm điện mà có mấy công suất lớn sợ quéo cò,lo_au
Hối hận khi lấy ck hiện tại,that_vong
con gái hay ảo tưởng như vậy lắm,that_vong
đến đoạn chúng nó ctay con mẹ nó luôn :)),vui
Thanh Cong Nguyen đầy đường chắc bọn sm với vf8 hả =))),vui
nản kèo vãi,that_vong
"Nếu như giáo viên thấy học sinh vắng ,gọi cho gđ thì ko có sự việc đau lòng như này.",that_vong
"Có ai như tui không. Mỗi khi cảm thấy áp lực, tiêu cực là cứ xem đi xem lại vid chị Giang. Xem xong cảm thấy vui và lạc quan hơn ý😍😍😘",hy_vong
"Cảm ơn chị Giang nhiều, em đã trải qua nhiều lần cảm xúc tiêu cực nhưng những việc em làm lúc đó thường là né tránh nó, và nó vẫn nằm mãi ở đấy. Em sẽ thử những cách chị chỉ ^^",hy_vong
Hối hận nhất là mình không sớm nhận ra lỗi nơi mình và tu sửa ngay lúc còn đang sống. _(((())))_,buon
xin lỗi các con 😞,buon
có mà thần kinh hơn ấy 😑😑😑,gian_du
Cũng chỉ vì miếng cơm manh áo,that_vong
Toi mong các lần kiếp sau vẫn là ở Vietnam =>=,hy_vong
Hàn Thị Thu Trang đây nha,trung_tinh
"Đánh vào chán cơm thì mới sợ, sợ r mới hiểu được",lo_au
nhưng tao đéo có crush,that_vong
Vương Bích Trân 6 vãi,gian_du
lúc dỗi thì càng dễ thương hơn,vui
Em chào thầy,trung_tinh
Nhiều lắm mọi người .Đã vậy còn tra số zalo check hình rồi bình luận con gái người ta nữa,gian_du
tinh trùng của người ngoài hành tinh thật đáng sợ 🏻🏻🏻,lo_au
"lúc trước tôi từng là người vui vẻ hoạt bát nhưng... đến một ngày "" bi kịch"" tôi trở thành "" nữ hoàng băng giá""",buon
t thề hồi nhỏ qua nhà ông hàng xóm vá xe tao bị con ngỗng dí chạy xúc quần quanh nhà ổng vừa chạy vừa la làng tới giờ nhớ lại vẫn còn hãi 😧😧😧,lo_au
"anh luôn nghĩ thế giới này không có gì đáng sợ , cho đến khi anh không còn thấy em nữa",buon
chủ tịch giả vờ nấu kiểu này và cái kết cháy trụi làng,that_vong
Như vậy là có tội đó nghen Papa's Chicken . Hạ độc người Việt chúng tôi phải không,gian_du
"Tuấn Trần đấy 1 người nuôi gà của trang tại đã lên tiếng r kìa bác, đừng đụng tới vf, hay bị cắn lắm bác :))",vui
"Hôm nay nghĩ về tương lai mông lung quá, thấy bất an ghê hic",lo_au
Hôm qua trời rất nóng thương bé thật sự ở trong xe 11h,lo_au
"mình cũng vậy , gục ngã đêm nay",that_vong
"đó h ko đeo khẩu trang ik học, có lần nổi hứng đeo tưởng đẹp, nhỏ kế bên ns t giống audam;)",vui
Thoii làm mẹ đơn thân tốt hơn :)),vui
ông mặt trời dễ thương hha,vui
chỉ 2 chữ Tự Hào 😊😊😊,vui
"ngã rẽ nào cũng được , nghĩ kĩ rồi bước . sai thì bước lại , đúng thì đi tiếp , quan trọng vẫn là trải nghiệm .",hy_vong
Trong nhà chỉ có bà nội thương t nhất nhà cái gì cũng mua cho t mong sau này thành công để lo lại Cho bà nội 🤍,hy_vong
Hoàng Thiên Ngọc icon này là chưq có nguoi yeu nhé,buon
"Thuơng lắm P ơi, m từ khi biết chuyện là mất ngủ mà theo dõi sự việc từng tí, càng đọc càng xót hết cả ruột. Sự thật thì rõ đó rồi, bọn nó ko tẩy trắng nổi mô. Mong gdinh vững vàng, kiên định làm tới cùng nhé. Mn luôn đồng hành cùng gdinh.",hy_vong
mình xin địa chỉ được kg mình muốn đến giúp it,hy_vong
Đầu tư bị lỗ vốn nặng 😥,lo_au
Đợt này trơi k mưa nhma van bun,buon
nhớ noiij quá k hieu sao hồi đó tui lại hỗn với nội giờ thấy hối hận quá nhm khong nói xinloi nội duoc vi noi mat roi....,buon
per còn nhớ hay đã quên,buon
Hà Quốc Dũng còn bớt nggooo đi on bênh 4 à,gian_du
ổn thoi,hy_vong
"Cái gì cũng thế thôi, chạm đáy bật ngược, tôi thấy rồi nhật bản sẽ đông dân lại thôi, khi mà người ít, đất trở nên rộng lại và ít cạnh tranh hơn, họ sẽ lại muốn lấy vợ và có con, chả có gì",hy_vong
không biết người của họ hay sao mà bắt heo 2 ngày trúng 2 cái ipx,trung_tinh
bọn nè phạt nặng .,gian_du
còn nhiều người có cuộc sống khốn khổ hơn ta,buon
thấy gớm,gian_du
"Tự hào khi là người Việt Nam. Việt Nam muôn năm, Hồ Chí Minh muôn năm tôi yêu VN",hy_vong
Trần Quang Tùng xuống 24 cho đỡ suy thôi,that_vong
phạt 5tr thì phạt làm gì ? khác nào tiếp tay truyền bá mê tín dị đoan,gian_du
rốt cục mạnh quá nên nghĩ võ cũng chỉ tăng thêm độ ngầu thôi :))) chủ yếu đối với sai chỉ là một pha sử lý cồng kền :)),vui
tuổi trẻ tài cao vãi,vui
tao mợt bây quá,gian_du
"hồi học lớp 5 bảo bố đi mua sgk cho , xong bố đi mua nguyên bộ lớp 4 đầy đủ từ sgk đến vở bài tập",buon
Linh Lê xã hội ngày càng biến chất quá :((,that_vong
"sau khi đám cưới nhìn chị có hơi khác khác, nhìn có vẻ sắc xảo hơn, còn video của chị lúc nào cũng chất lượng và khiến em hài lòng 😊",vui
bố mẹ là những người yêu ta vô điều kiện ...,trung_tinh
loại cửa đó cái khung sắt cứng không tả nổi . đen lắm bung cả cửa ra thôi .,that_vong
"@duylongle đó là một cách nghĩ rất lý trí đó, hy vọng khi rơi vào hoàn cảnh như vậy vẫn có thể sáng suốt lựa chọn",hy_vong
"Nếu không xem thì thôi , còn khi xem video của thầy thì không bao giờ tua . cảm ơn kiến thức của thầy chia sẽ .",vui
a có stk k. e ủng hộ vs ạ,hy_vong
t thấy nó cười hoài mà không bao giờ nó cười với tao cả :((,that_vong
galang thế không bjt . trẻ con còn như thế người lớn chắc không tôgn tại đâu . ước gì cũg được như vậy,hy_vong
Phía trước toàn là bóng tối,buon
"Nhưng mà cảnh này dễ gây thêm tâm lý cho bọn trẻ bác ạ, bno lại hùa theo ý hc. Mình có phương án khác để cảnh tình bà mẹ ko ạ",gian_du
"trên phim thôi . ngoài đời thì đứa con gái uống xong ngất luôn , hôm sau thì bị bán mẹ sang trung quốc",buon
Vợ chồng yêu thương nhau là quý lắm rồi..rồi một ngày cuộc sống sẽ đổi thay..tin chắc là vậy,hy_vong
Khai thành thật dữ taaa:),vui
k bt cách ăn nói mới ngại chứ ngoại hình k là vấm đề,lo_au
thua cả người ta 😞,that_vong
bé tí mà đã có múi rồi :))),vui
tồi vc 😛,gian_du
Đặng Đình Đạt m ít văn lại đi,gian_du
"Nguyễn Quỳnh Duyên mới đọc rồi, có cả thông tin tang lễ bệnh viện r",buon
Mình là đàn ông mà sao rất không thích cái từ “DẠY VỢ” . Dạy dạy cl,gian_du
Ơn trời! May mắn cứu được cánh tay con!,vui
hiện tại mình chưa người yêu bạn nam nào chưa có người yêu thì lo cua mình đi nhá đến khi mình có người yêu rồi thì đừng hối hận đấy,hy_vong
"cố lên mấy bạn ơi mình sinh ra chưa có ai là hoàn hảo cả,cuộc đời là sự sắp đặt mà,happy lên mọi người oi😋",hy_vong
tự ti về hàm răng vs nụ cười 😢,buon
đứng xa ra thì dễ dàng rồi cái ngu ở đây là không viết được nhưng vãn cố chấp thôi,gian_du
@OG_Dapo Đầu tư mỗi ngày một cách nhất quán 👌,hy_vong
Mai Kiều Trang hqua vc em sát lề lắm r đó c ạ. Mà đoạn đó đường 2 chiều nó lại đi sát khu lề luôn. Kiểu cứ phi xen kẽ vs dòng ng ý. Xe trc vượt qua vc e rén rồi táp gần lề xe sau lại lao đến. Eo thề bụng bầu mà đi gặp quả này e thót tim luôn,lo_au
lùn lùn làm sao sống qua nổi những chuyến đi phiêu lưu như vậy,that_vong
"Nam Nguyễn 11 tuổi là lớn r, bọn c1 đi uống trà sữa trân châu đầy ra, chẳng qua là đen đủi dính thôi",gian_du
nhớ cái váy với bộ tóc chấm bi đen trắng của anh huy ghê,trung_tinh
Vũ Lê Huyền Anh hoy thương thương mà 🥺 lần sau tui ngồi nhẹ nhàng hoy,buon
🇻🇳🇻🇳Tôi yêu Việt Nam,vui
giá như cây bong đó ra 2 đồng đen thì đỡ phải khổ rồi 😅😅,hy_vong
Thanh Thanh . Ké nha,trung_tinh
Tên Tờ Rinh ô ki. 😂😂😂,vui
những người thương tôi không phải buồn vì tôi mà là tự hào vì tôi,vui
Hoài Chinh cùg nhau xem đyê,vui
Tự mình thương mình thôi.đợi ngta thương thì chắc phải tu 10 kiếp.,that_vong
chỉ cần yên bình như thế này thôi . ❤️❤️❤️,hy_vong
Tố Du Chi có mấy trường bán trú cho học đến tận 12h j đó nên về đến nhà lúc 1h chắc cũng bthg,trung_tinh
"per hay đó bro , trừ điểm bro chưa bao ăn - 10",gian_du
"Mình hôm nay có điểm học kì. Nhưng lại làm cho bản thân rất thất vọng , mặc dù mình đã cố gắng rất nhiều. mình không dám đối diện với thầy cô bạn bè mình chỉ ước rằng thời gian tồi tệ này trôi qua thật nhanh",that_vong
Thiệt tình bị overthinking trước khi ngủ. áp lực thực sự hic,lo_au
per dạo này ít tung tăng hơn xưa nên hơi trầm cảm dồi chăng 😳,trung_tinh
20 năm truoc mình cung vay trong túi còn đúng 1 nghìn mình co gang r cung se on thoi. co len nha bạn,hy_vong
sắp có nút vàng rồi chị,hy_vong
Hồng Nhi lấy nhau về mới lộ rõ bản chất,that_vong
"có thể là ngày mai , tháng sau , cuối năm , sang năm hoặc 30 tuổi :))) khi nào có tình yêu .",hy_vong
sinh viên năm 3 rồi nhưng vẫn chưa định hướng ra trường làm cái giống gì đây :(,that_vong
chủ yếu là bọn trẻ đú với bọn dân trí thấp mà thích thể hiện bác nhỉ,gian_du
Linh Đen trà sữa trân châu,trung_tinh
bề ngoài tỏ ra cứng cỏi nhưng bên trong con chó đó luôn khao khát tình thương từ con người,hy_vong
con nai vàng ngơ ngác,vui
t nhận ra mình đã sai,buon
Thiệt tình bị sếp ép deadline vô lý. phát rồ 😡,gian_du
đẹp quá v 😍😍,vui
bao năm ăn học ở trg mà các vị làm vài vụ như thế nào 1 năm thì lại vui quá . vks ạ,that_vong
từ lúc có vợ nhiều váy mặc để quay video hẳn :)))))),vui
Giờ các bạn trẻ cho nhau thấy đơn giản quá mà,gian_du
hú hồn con chồn chạy ngang 😑,lo_au
cái tính đã ngại rồi thì có đẹp đi nữa cx sẽ ngại thôi,trung_tinh
"cái loại lười lao động , vì những người hay lao động tay chân thì họ không bao giờ nuôi được móng tay cả ...",gian_du
Ôi sợ vl. T từng bị khâu sống lol 1l lúc đẻ. Sợ đến già lun,lo_au
Em đang học lớp 10 o dám dơ tay phát biểu luôn. Sợ lắm,lo_au
"Điều nhỏ xíu, làm ấm lòng. Chúc mọi người luôn được bình an.",hy_vong
"Tớ bốc trúng phần thưởng to, tuyệt vời ✨",vui
"Thương quá, chúc chú nhiều sức khỏe...!",buon
"Nhà Của Gấu chung tình trạng bác ơi, mình đến hay không đến cũng có chuyện",trung_tinh
"Cái này đúng nè trước có vài lần nhậu trưa say, ngủ 1 lèo đến 20h, dậy thấy cô đơn, kiểu như mọi người bỏ mình, thấy vậy tắm rửa, rủ bạn đi nhậu tiếp cho lát dể ngủ, giờ k dám nhậu trưa nữa.",buon
"Chắc anh chàng tạ ơn người đã rước giúp cục nợ đời của anh ấy! Ôi! Nhẹ cả người, từ nay về sau k phải cày cục để nuôi loại người bạc nghĩa này nữa! 🙏🙏",vui
"Dân chơi gì mà trốn. Chơi hông đẹp gì hết, nghĩ chơi với Danh luôn.",gian_du
gia tộc bất hạnh ậy,that_vong
Thói tắc trách dẫn đến hậu quả vô cùng đau xót 😡😡😡 Cầu cho linh hồn bé đc siêu thoát và sớm siêu sinh tịnh độ 🙏🙏🙏,gian_du
"cảm ơn chị Giang rất nhiều luôn, sáng ra xem cái video xong mà động lực tràn đầy ấy",hy_vong
Mk ko bằng đứa trẻ,that_vong
Z là hay ròi :(((,buon
"Scarlett Lovemình nghe nói tư bản ngày càng thâm nhập sâu vào vn qua các cuộc thi hoa hậu đc tổ chức liên tục gần đây, và điều này lâu dài sẽ ảnh hưởng tiêu cực đến vn, điều này có đúng không bạn?",lo_au
"@MinhTamLV kiểu kiểu vậy, bây giờ nhìn lại lúc ấy là do mình quá quan trọng hóa vấn đề lên ấy",buon
mang anh này về nhà luôn được không 😻,hy_vong
phải chi quán đầu tư cái máy hút bụi thì đỡ cho anh ấy quá =))),vui
Nếu sống lâu tý nữa thì cái ông vua “ gì gì 2 “ sẽ thấy Đại Việt đánh mông cổ 😅😅😅,vui
Vân Jin đám hiếu thì mình mở nhạc sàn cho các cụ zẫy đầm đc k 🐧,vui
là khi lạc giữa 1 biển người hôm khai giảng nhưng vẫn nhìn thấy người đó rõ nhất,vui
Phạm Bích Hạnh là thanh niên yêu cô này phóng hoả phải ko nhỉ :3,vui
có mưa cảm giác như được sống lại :))),vui
Mong em thanh thản và về với cõi lành,buon
"gắng , nhanh khỏi bệnh rồi về bên anh",hy_vong
án mà cứ xử như vậy thì sao có được lòng dân,buon
đến tận nơi giúp đỡ là chuẩn nhất,lo_au
Kevin Giang gòy nghỉ ăn đồ hàn luôn,gian_du
comment thứ 5.000,vui
"Đời còn dài, gái còn nhiều.",hy_vong
lâu lắm rồi chưa ăn được miếng cơm cháy .,that_vong
:( cầu chúa ơn nhiều ban bình an cho những người kém may mắn như vậy,buon
hỏng rồi . dùng đồ như phá,gian_du
nhớ nhé đồng nghiệp haha,vui
"bạn vẫn là cậu bé thì không sao. Đàn ông không khóc, họ lao vào vấn đề và giải quyết nó... có khi họ khóc khi nhìn thấy cái đẹp và bia thôi",buon
t nghĩ t đã block nó vì nó phiền và xàm và 1h sau t nhận ra t còn chx block nó🤩,vui
béo tí đáng yêu mà =)),vui
"bạn trai tao cắt tóc xong cái đầu như cái đầu buồi , không lệch vào đâu được 🙂",that_vong
nhớ ngày xưa đi học,hy_vong
Annie Nguyen Người ta VỪA ĐI VỪA KHÓC còn bạn VỪA KHÓC VỪA CƯỜI,buon
Trọng Nguyễn mỗi nơi mỗi kiểu người ah ơi,trung_tinh
nói chuyện như người yêu ??,vui
Nguyễn Long =))) ước được mua cho,hy_vong
nhất là đứng trên sân khấu của trường,trung_tinh
Chính Nguyễn 1 vợ 2 con dồi,trung_tinh
ngại nhất là đứng cùng em,lo_au
điều tui hối hận nhất là mất đi ngươi Ba. lúc sống lần đầu tiên tui thấy Ba khóc vì tui. con xin lỗi Ba. con hối hận lắm 😢😢,buon
Việt Nam thật tuyệt 🇻🇳,vui
và rồi xung quanh thắc măc rằng mày đã không còn là con gái từ khi nào,that_vong
Quá tàn ác,gian_du
Ultr… cái này mà tạo thành phim chắc cuốn phải biết 🙄🙄,vui
"5 điều cần làm để giảm suy nghĩ tiêu cực:<br>1.Đi tắm và uống nước+Đi ngủ đi cho cơ thể bình yên lại<br>2.Chịu trách nhiệm:<br>Tự hỏi xem mình mắc lỗi gì dẫn đến việc gì và làm sao để sửa?<br>3.Đi làm gì đó:Don&#39;t Procastinate<br>Nếu như mà cứ cuốn theo suy nghĩ tiêu cực thì không thể nào mà work effectively-&gt;feel worse-&gt;work worse<br>4.Tra Google cách để làm một việc,giải quyết một vấn đề<br>5.Cắt các mối quan hệ tiêu cực:than thở 24/7,một người bạn luôn muốn có thật nhiều sự chú ý,ích kỷ",trung_tinh
Như phim 😬,lo_au
🙏🇺🇦👍🇺🇦👍🇺🇦👍💪💪💪,hy_vong
truyện thật đây này . đang đi bình thường qua đoạn cầu giấy anh csgt thổi lại “ gạt chân chống lên em . anh nhắc nhỉ thôi . đi đi “ 😂 hú hồn,vui
@tane 🤩,vui
hình vui mà sao đọc lại muốn khóc nhĩ ...,buon
cái bài hát dẫn đến mối tình đầu tiên,trung_tinh
nghĩ cũng tội mà thôi cũng kệ,that_vong
Đái rùng mình luôn 😁,vui
"@Hien2021 Thời gian, trải nghiệm giúp chúng ta trưởng thành...nhưng hình như càng trưởng thành tôi sợ thời gian trôi nhanh",lo_au
Xin các cô các thầy chịu khó ngồi ghế cuối... đừng ngồi ghế đầu nữa ạ...đã từng là học sinh mình chia sẻ 😭😭😭,buon
thực trạng học tiếng anh từ 6 đến 12 mà không biet giao tiep,that_vong
động lực cho tôi tiếp tục .,hy_vong
còn bà thì trân trọng nha cậu đừng để như tôi nhìn nội mất mà vẫn chưa kịp lớn để nui nội 😭🥹,buon
Quan trọng là nó chưa biết mình sai ở đâu a à,that_vong
Giá như em xem video này sớm hơn một ít,hy_vong
cười ỉa phút 1 : 11,vui
Ít người vậy mới dễ làm ăn,hy_vong
"lùn , đen, mặt mụn tự ti vãi ò",buon
bé có năng khiếu làm cô giáo dạy văn ... nghe thì nghĩ tục nhưng đời thường là có thật ... bác nghe thấy đồng cảm với các cháu,buon
Bỏ phim từ lúc đó luôn,that_vong
Chúc mừng.,vui
"Mạnh mẽ có nhiều cách để hiểu. Đôi khi là mạnh mẽ che giấu cảm xúc của mình, hoặc mạnh mẽ thể hiện cảm xúc của mình. Cũng tùy vao trường hợp, có những người chúng ta sẽ lựa chọn mạnh mẽ theo cách thứ nhất ( có lẽ là những mối quan hệ xã hội không quá quan trọng ), còn có những người chúng ta sẽ lựa chọn mạnh mẽ theo cách thứ 2 ( những người thân, hoặc những người quan trọng )",trung_tinh
14 năm bên nhau chỉ vì một chút bồng bột mà đánh mất người vk yêu mình hết lòng 😭,that_vong
Việt Nam vô địch 🇻🇳🇻🇳🇻🇳🇻🇳,vui
Ng hối hận chính là hắn ta…,buon
đây chính là lý do tao giảm cân toàn thất bại,that_vong
tao k những nghèo.. nghèo là k có tiền.. còn tao là nợ luôn.!.! 🥹,that_vong
"Võ Thùy Linh cựu TT Bush không phải là tỷ phú nhưng gia đình này có mỏ dầu ở Trung đông đấy, đó là chưa kể các ngành nghề khác nữa.",trung_tinh
tại thợ hàn bất cẩn chăng ...,that_vong
những người em thích đều đi nơi đâu rồi còn con ml bên cạnh song hành,hy_vong
"chả có gì hay ho , vô bổ",that_vong
đọc chả hiểu gì :( mất gốc rồi :(,that_vong
năm nay chạnh lòng quá . haizz,that_vong
tội thật. chia buồn cùng gđ,buon
đứng thôi cũng ngại,lo_au
mấy thằng vô học,gian_du
Nhục chưa,gian_du
No your gf is a redflag,gian_du
2 tên sủa giống nhau đêm đêm thì rủ nhau hú ??,gian_du
Giờ chồng con chắc cũng bỏ của chạy lấy người luôn 😪,that_vong
Thật sự cảm ơn chị vì đã ra video này. Em đang buồn tới phát khóc xem xong thì không còn muốn khóc nữa. &quot; Điều gì đến cũng sẽ đến. Sống tích cực hôm nay.&quot; Thật sự cảm ơn vì điều đó!,hy_vong
Tết Công gô,trung_tinh
Em ko ngờ đế quốc khmer xâm lược Đại việt 5 lần thua mà còn có thể gửi lá thư cho Đại việt ta kêu ta làm thuần phục và tung hô nó được chịu đế quốc này luôn ý(yếu hơn bày đặt kêu nước mạnh hơn làm theo yêu cầu của mình),gian_du
Điều hướng dư luận à 🥲,buon
ai sẽ cùng tôi mang nỗi đau này cơ chứ,buon
t ko xinh nhưng t tự tin🗿🗿🗿,vui
crush hôm nay đeo khẩu trag không thấy nó cười mà nhìn mắt dể thương vãi ra 😂,hy_vong
sợ bỏ khẩu trang nhất vì tự ti,lo_au
ui nghe ấm thế,vui
"@TvNhinhi Khi cánh cửa này đóng lại thì sẽ có 1 cách cửa khác mở ra, tặng Nhi nè!",hy_vong
thế thì nó lại tốt quá,hy_vong
gia đình có nhưng tình yêu không thì sao,that_vong
Nợ nần tiền bạc trước h điều lo làm việc thật chăm chỉ gia đình chăn nuôi thô lỗ thành ra nợ nần mối tình 3 năm vừa mới ct h như muốn sụp đổ vậy hok biết phải làm như thế nào luôn,lo_au
không biết luôn á,trung_tinh
nếu câu chuyện này được liệt kê vào danh sắc câu chuyện cảm động nhất trường thì câu chuyện của thư sẽ được liệt vào đâu đây 😂😂😂 per,vui
"Nọng to Môi to Mặt mụn e đeo khẩu trang nghẹt thở, đau tai lắm ạ ông trời k có cho e nhan sắc nên ra ngoài e tự ti với mọi người xung quanh ai cũng đẹp đối với e s e xấu v ạ",that_vong
"Còn nhỏ tao về nội chơi, nội thấy chơi 1m, nội cho 25k mua đồ ăn, về nói với ng trong nhà là tao lụm 25k ở ngoài bờ để ko bị ng nhà nói này kia á 😢",buon
"Mọi người ơi bị sếp ép deadline vô lý, điên máu 🙄",gian_du
ăn cơm mốc có khả năng bị ung thư gan cao . hít,lo_au
Sáng Dê đi 3năm bán lại ko ai mua,that_vong
Ôi sợ thật cẩn thận cs gio man rợ sợ quá,lo_au
kiểu muốn làm quen mà gia thế cao còn có bạn học giỏi mình nghĩ nếu bắc truyện làm quen thì bị khinh,lo_au
Chờ mãi không thấy rep tin nhắn làm tôi hoang mang 😰,lo_au
đã từng xem em là tất cả . mỗi khi mỏi mệt về thấy em và con cười là anh hạnh phúc rồi,buon
chủ tịch giả làm ăn xin và cái kết . đừng bao giờ coi thường người nghèo,trung_tinh
😂😂😂 nhìn và đợi chúng nó chia tay,vui
tao không biết tao đủ ổn để đi học thêm không nữa,that_vong
Gia Vỹ Nghỉ đặt đơn chứ?,hy_vong
"chị ơi, e muốn nói là : một ng mẹ luôn luôn đánh chửi , than phiền về cuộc sống hằng ngày và đổ hết trách nhiệm lên một con bé mới học lớp 5 thì sao ạ ?",that_vong
per mẹ mà có cái này thì ngồi nói chuyện cả ngày,vui
Đọc bài thơ mà vô tri thật sự,gian_du
Ngày cuối tuần thật tệ 😔,buon
Cháu xin lỗi cháu sai rồi cháu xin lỗi Mà Tiếc là kiếp này cháu ko xin lỗi trước mặt bà đc nữa r,buon
"real, dù nóng cỡ nào t k cởi kt ra kể cả học td, k biết các bạn có hiểu cái cảm giác ngồi ăn sáng cứ phải cúi cái mặt xuống để ngta k nhìn thấy mặt mình k rồi nch thì đ dám nhìn thẳng mà nói nữa😭",buon
"t cu ̃ người cu ̀ người nghê ̀. theo kinh nghiê ̣ mày thi ̀ thâ ́ y top như ̃ người kha ́ ch ơ ̉ vô y ́ thư ́ c nhâ ́ tao la ̀ trung quô ́ c , â ́ n đô ̣ va ̀ đương nhiên co ́ ca ̉ viê ̣ tao nam - _ - biê ́ tao co ́ người na ̀ y người kia nhưng khi đi ̉ ti ̀ nh tra ̣ người diê ̃ n ra qua ́ nhiê ̀ u thi ̀ người ta se ̃ đa ́ nh gia ́ ca ̉ 1 nê ̀ n văn ho ́ anh .",trung_tinh
Bình an là hạnh phúc nhất,vui
làm bộ mặt ngầu cho thằng thỏ để ý mà thằng này láo ăn thiệt đéo cho mình ăn ké quê thiệt là quê luôn,gian_du
cả 2 loại người này đều đáng sợ !,lo_au
Thơ văn lai láng ướt đũng quần. Mang về bón ruộng có được không,gian_du
đồng nai mùa chim nướng yên xe kaka,vui
rất nguy hiểm,lo_au
cảm giác thanh thản vãi,vui
sao nỡ lòng nào khiển trách bác ấy . còn họp kiểm điểm nữa . tội quá .,gian_du
Mồm thì kêu tội mấy bé quá mà thấy thổi lửa hot tiktok thì livetream câu view là tội dữ chưaaa ạ,gian_du
yêu sai người là điều khiến tôi hối hận nhất,buon
hối hận khi lấy sai ng 8 năm chung sống đồng cam cộng khổ cuối cùng cũng bị cắm sừng vũ phu🥺🥺,that_vong
Cài đặt chế độ riêng tư đi bạn,hy_vong
Ngồi bàn này thấy thoải mái 😅,vui
"con gái ăn nói kiểu gì vậy trời , mình rất ghét con gái nói tục chữi thề",gian_du
Khum có ng xấu chỉ có ng đẹp độc lạ thui nên cứ tự tin lên nho,hy_vong
Ai Ai tính ra t mới cmt y v nè :))) t k kể chi tiết lắm thoi,vui
Quá kinh khủng. Mây con mụ,gian_du
"anh sau đó , không còn là anh nữa ...",that_vong
Thương quá đi.,buon
Tuyết Mai quá tàn nhẫn luôn,gian_du
Mọi thứ thật mệt nhưng chúng ta phải cố gắng,lo_au
"Bài học: <br>1: 5 nhìn, 4 chạm, 3 nghe, 2 ngửi, 1 nếm<br>2: tư duy 3%<br>3: Phương pháp thở",trung_tinh
Phương Thảo chắc FB nó hiện k giống nhau r,that_vong
Lê Triệu Vỹ do nó hiện lơn á,trung_tinh
tao cũng ước mình có 1 tình yêu như ông bà ❤,hy_vong
dm cưng vlll =))),vui
hài vậy Alex,vui
Lê Anh Tuấn sếp số 1 🤪,vui
tự hào quá Việt Nam ơi🇻🇳🇻🇳🇻🇳🇻🇳🇻🇳🇻🇳🇻🇳🇻🇳🇻🇳🇻🇳🇻🇳,vui
"không biết đi đúng hướng không quá, chờ mãi không thấy rep tin nhắn huhu",lo_au
nhà nào nuôi nó mà ác thế,gian_du
bây giờ nhìn vào cứ kiện tụng mà nãn :((,that_vong
Trần Đại Chính chắc cũng phải sống ntn thì hàng xóm ngta mới vậy. Chả hơi đâu ngta làm vậy cả vừa mất tiền lại mất danh dự.,that_vong
đã sợ nhện rồi mà gặp thằng admin chơi trò mất nết :((,that_vong
vãi cả nồi xâm lược 5 lần ko đc gửi thư kêu Đại Việt thuần phục mình đánh giá cao tư duy của vua cam lúc đó,gian_du
"Mình còn một cách cũng rất hiệu quả, Mình đã áp dụng khi có những suy nghĩ tiêu cực. Mình sẽ đi dạo bộ, ở những nơi yên tĩnh, thoáng mát. Vừa đi vừa suy nghĩ, khoảng 30 phút bảo đảm sẽ tỉnh táo liền.",hy_vong
Đan ông nên chân tình nhưng không nên lụy...nắm chứ không níu.... mạnh mẽ lên con trai thế giới còn nhiều thứ quan trọng hơn thế,hy_vong
Chị ơi chị có thể làm video lời khuyên những bạn sắp thi THPTQG như em không? ^^,hy_vong
và cuối cùng là được đối xử như một thằng con trai luôn ..,that_vong
phim này xem rồi ý nghĩa vài,vui
khi nào lên chùa ba vàng giải được vong thì kết hôn :)),hy_vong
per tập gym xong để đi nhảy thế này à 😂😂😂,vui
có tiền sẽ thấy các vị gọi là thượng hạng còn không tiền sẽ chỉ thấy vị mặn của mồ hôi + nước mắt,that_vong
Em sắp thi rồi em nản quá😔,lo_au
ừ thế là kể từ đấy về sau đứa con trai nào cũng trở thành huynh đệ với nó hết,trung_tinh
thương chị,buon
Tuấnn Anhh Rất là mệt,buon
hú hồn cái lồn còn nguyên,lo_au
"cám ơn anh đã chia sẻ những bài học của mình cho bọn em cùng được thụ hưởng và học hỏi. Chúc anh nhiều sức khoẻ và thêm nhiều bình an, và may mắn khác trong cuộc sống",hy_vong
Kể cái chết của Glen là tui cũng bớt hứng xem,that_vong
chúng mày có thể bỏ ra 30s thả tim vào avatar coi như lì xì muộn cho tao được không ? chưa bao giờ được 30 tim buồn v . lol 😭😭😭😭,that_vong
nó ăn chay mà,trung_tinh
"bài nhạc đầu tiên là nhạc phim gì nhỉ ? mình quên tên phim rồi , xin hỏi có ai biết không ạ",trung_tinh
bạn đặt câu hỏi với mục đích không cần câu trả lời thì thôi mình không nói chuyện,gian_du
Võ Thị Mỹ Hằng kiểu sợ k gian kín ý. Trc đi làm mấy c e ngủ trong phòng lạnh có ô trêu tắt điện khóa cửa bên ngoài có 5phut mà mình bị ngộp chậm vài phút là ngất,lo_au
"Đi học, đi làm, khi bản thân tốt đẹp hơn. Tự dưng hỏi chính mình rằng sao hồi đó sao mình có thể làm mấy chiện khùng đin, mất mặt quá zị",buon
em tự ti lắm vì em có mũi củ tỏi em quay video em luôn phải dùng áp không thôi xấu lắm,buon
"Bella Bích đôi khi xin vía tài lộc còn dễ hơn xin vía làm to ,vì xin cũng có đc đâu mà xin chi cho mệt .",that_vong
Lâu lắm em mới nghe được 1 người u40 chia sẻ là thấy mình còn trẻ 😅 Nhưng em đồng quan điểm với anh đó là &quot;ko có thời điểm nào là quá muộn để bắt đầu những điều mới&quot;,hy_vong
Kiểu lo lắng đó,lo_au
trước gầy giả gái xinh . giờ béo lên ông mặc cái váy như tra tấn cái váy .,that_vong
nhớ lắm .. cay mắt lắm ....,gian_du
H nó lập cái khác rồi TikTok nó lại ban tiếp nhỉ,that_vong
nhìn hói mà thấy thương gê ??,buon
các chàng trai của tôi về đến nhà chưa ??,trung_tinh
Tưởng trong phim mới có,lo_au
Ối. Sắp 20:10. Thôy k nên quà cáp cầu hôn j sất. Cầu hôn xong lại cầu hồn thì khiếp lắm,lo_au
sớm bình phục nhé,trung_tinh
vn đoạt rất nhiều giải toán lý hóa,vui
"E muốn gửi đồ đạc và thức ăn, bánh trái và 1 ít vật dụng đồ dùng cho anh chị. Làm cách nào để gửi anh nhỉ?",hy_vong
Anh Khủng Long Ủa ai trách gì gv ? Tự nhiên lôi gv vào đây.,gian_du
đồ án bị bắt làm lại từ đầu làm mọi người ơi giận tím người 🤬,gian_du
"Thủy Sâu có đấy bạn, nhưng ko mấy sản. Tội nhất mấy ông chạy cả ngày lúc đc 34k lúc đc 67k cả ngày, lúc ấy tức nước vỡ bờ gọi lên tổng đài chửi luôn vì họ còn ở sau cả gia đình mà chừng ấu tiền sao nuôi nổi.",buon
ad ko nên để ảnh vs tên năm sinh của ảnh dễ bị trả thù lắm,lo_au
Tuyen Tran có độc thì ko ai giám ju kaka,vui
nó thách thức Nguyễn Sin tới kiếm nó kìa. =)),vui
thấy bạn thân chơi với người khác làm mọi người ơi thất vọng toàn tập 🥀,that_vong
tao chưa nghe nói kính thuỷ lực bai giờ .,trung_tinh
"Tiếc nhất là khi tôi nghỉ học võ vò một lý do giờ nghĩ lại vân tiếc thầy tin tưởng tôi lắm tại trẻ trâu quá bỏ, giờ tiếc vcl",buon
Anhkhoa Nguyen chắc m cũng nhiệt tình như thằng H nhể. 🤞,hy_vong
"Các b ơi thay vì có những suy nghĩ tiêu cực thì hãy tích cực thay đổi bản thân đi, m của 5 tháng trc trông phèn phèn bẩn bẩn mà biết skincare và make up là thay đổi hoàn toàn luôn",hy_vong
có nên bỏ fan một người ko,that_vong
@july107193 Đôi khi buôn bỏ cũng là một điều tốt nhất .khi hai người ko tạo giá trị cho nhau😁🐠,hy_vong
Em chờ vlog của chị cả ngày nay 😍😍😍😍😍,vui
Cú Vọ tắm sông hoàng hà cũng k rửa sạch tội 🤣,vui
per hôn nhẹ lên má nha 🤣,vui
phố mày co ́ đô ̀ người nghiê ̣ p tô ́ tao ghê,gian_du
ô .. còn lâu lắm ...,that_vong
per thể loại tao thích nè nhưng mày đi coi với tao nha không tao khóc thét rạp,lo_au
Trieu Quy Quynh chuẩn luôn á e biết vk ngoại tình mà k bắt đc tận tay muốn bỏ thì sợ xã hội đàm tiếu giờ bắt đc rồi nhẹ cả người,lo_au
Cương Tỏm tối choa hun 10 cái. 😁😁😁,vui
"Tao chốt đơn thành công món đồ ao ước, anh em ơiii 💸 ✨",vui
@Lalisa:tự hào vì mình là người Việt Nam Việt Nam tôi đó ngàn năm sáng tươi🥰🥰🥰🇻🇳🇻🇳🇻🇳🇻🇳🇻🇳❤️❤️❤️❤️,vui
mèo nhà tao cũng từng đi lạc vì bị chó rượt tưởng mất rồi . sau mấy tháng thấy nó trở về nhà mừng vãi 😁,vui
Nam mô a Di Đà Phật tội nghiệp quá,buon
"mình có nghe được một câu nói ""nếu như có một cô gái xinh đẹp tự ti thì là do quá khứ họ bị chê bai quá nhiều."" dù rằng ngoại hình thay đổi, nhưng những vết xước đó chẳng thể nhòa dc",trung_tinh
Mạnh Louis k lẽ trao cho thằng 3 lần ngu nhất wc,gian_du
"ảnh đẹp lắm , nhưng không có những người khổ này thì sẽ đẹp hơn 🙂",that_vong
"Sơn Kai-Ơ bạn bị bài viết dắt mũi rồi. Có ai đi sự kiện phải chào hỏi từng người phóng viên, bảo vệ, thợ chụp ảnh, thợ trang điểm chưa. Chắc sau này gặp anh chị trong nghề phải lạy 3 lạy bọn này báo mới vừa lòng ....",gian_du
Tôi chỉ hối hận rằng k đủ điều kiện cho vợ tốt hơn thôi. Còn lại mọi thứ đều ổn với c/s tôi😎,hy_vong
"Hoàng Thị Nhẵn Mình cũng vậy. Có lúc mẹ khóc, con khóc rồi tự nhủ fai cố gắng. Có đêm lo con k ngủ nổi. Tv bạn nhà mình cũng khá ngoan, nhưng xh bây giờ cạm bẫy xung quanh nên mẹ cũng phải học cách làm bạn với con để con có thể tâm sự mọi chuyện. Rồi nhiều hôm con đi học về nhiều BT quá là cũng fai đưa con đi chơi 1 lúc cho thoải mái. Về nhà con ngồi bàn học mẹ cũng ở cạnh động viên. Hix.",lo_au
càng tỏ vẻ mạnh mẽ không có gì bên trong càng là sự bất ổn😭😭,buon
"Tập trung xây dựng vững về kinh tế có cty có xe có tiền lúc 30 tuổi thì yêu em sinh viên năm nhất cho tơ mơn mởn là chuẩn nhất chứ biển 98 thì ko có gì phải sầu , chú giờ 45 đã thực hiện đúng như dòng bl 🇻🇳🇻🇳🇻🇳🇻🇳🇻🇳🇻🇳🇻🇳🇻🇳",hy_vong
Xem mà thấy tự hào lắm luôn Việt Nam ạ🥰,vui
tôi từng được sống . nhưng đấy là truyện của năm ngoái rồi,that_vong
Ko phải đôi khi mà là luôn luôn là thế đi đâu cũng phải nhờ cái miệng mới dễ sống,trung_tinh
nhom mà,trung_tinh
răng xấu chẳng dám cười,buon
một lí do trog muôn vàn lí do,trung_tinh
Đúng là ngu dốt + nhiệt tình = … .Thế mà lúc ng khác nói dân trí thấp thì lại tự ái .k ấy chú công an bắt tk đeo kính kia đi vì tội cản trở ng thi hành công vụ,gian_du
căng thẳg quá mà,lo_au
Cố lên gam cố lên việt nam đây chỉ là màn dạo đầu cho hành trình thôi cố gắng lên,hy_vong
"sai nhé ! không phải trầm cảm đâu . thứ đó , kinh khủng hơn rất nhiều",lo_au
Ngã vào giường ngụ,trung_tinh
"thật là romantic , mà mà mà ... sao nghĩ tới cảnh động phòng hoa chúc tao thấy nhột nhột lỗ đít 😧😧",gian_du
chữ tao từ lớp 3 đã kiểu như thế nào và còn đẹp hơn nhé .,vui
chơi phi phai cũng ngại nữa,lo_au
Đinh Ngọc Thúy tui cũng sợ gà,lo_au
Sợ rớt môn quá làm anh em ơi lo lắng tột độ ...,lo_au
per khi ế nhưng vẫn phải giương mắt nhìn bọn nó ân ái,buon
mỗi tao thấy hồi xưa còn đẹp hơn à bây giờ nhìn như bóng long xuyên vậy,that_vong
hoi giàu họ ko kheo vàng,trung_tinh
trời ơi . giết hết lũ xúc sinh liên quan đi . lũ giết người hàng loạt . yêu cầu thủ tướng đứng ra chỉ đạo vụ việc này cho dân . diệt tận gốc nhổ tận rể lũ súc vật này .😡😡😡😡,gian_du
Đứng trước ngã rẻ cuộc đời. Ta tự hỏi đâu mới là con đường đúng đắn tương lai sẽ đi về đâu mỗi bước ta chứa đầy sự non dại hoang mang và lo lắng💔,lo_au
giờ tao mới nhớ tao đã từng,buon
thoi kệ đi,trung_tinh
"Tuyết Nhi mình cũng v, tự nghĩ nhìn có vẻ hung ác sao lại có lòng bồ tát cưu mang các em như v, giờ thì ko nghi nữa.",lo_au
@nangoc84 Có rất nhiều lối thoát tích cực để thoát khỏi vòng xoáy tài chính.,hy_vong
dieu toi hoi han la luon nghi sai van de va ko hiu gd minh . le ra thoi gian toi nen tran trog o ben ho ko ohai chay theo tc nn vovi,buon
"Đã chọn con đường của mình dù thất bại hay thành công điều phải vui vẻ lạc quan đừng để tình thần suy sụp theo nhé. Nếu tin thần suy sụp theo thì thật sự,đã thất bại! ❤️",hy_vong
đôi khi hạnh phúc chỉ là những điều giản dị nhất mà chả ai nghĩ tới 😊,vui
Kiện ccmnđ chứ,hy_vong
tôi đoán rằng ông này đã lấy vợ trước khi lên mặt trăng,vui
VN cũng đang có khả năng cao rơi vào tình trạng i hệt đây,lo_au
mới mua p30 luôn,vui
Đúng vì những suy nghĩ chưa thấu đáo mà mình đã quyết định sai !!,that_vong
"Đinh Ngọc Thúy cùng một nỗi sợ , đặc biệt là con quễ gà tây , trông tởm lợm v~",lo_au
haha con mấy cái video toàn đóng vào mỏ nhau không . cười tụt quần 🤣,vui
phải là người yêu tao thì sống chết tao cũng vả hết,gian_du
Những ai đi ra nước ngoài giống mình còn tự hào còn tăng thêm nhiều lần ấy. Tự hào mình là người Việt Nam,hy_vong
Chắc ít người đọc đó sếp! Chịu luôn á,that_vong
Do thời kì khủng hoảng 2 năm trc nên ko giao tiếp với ai,buon
"lúc nào cũng đeo khẩu trang , kỉ niệm cuối cấp 3 cũng không đi chụp , không có ảnh chụp nào từ lúc nhận thức được minh không đẹp đến giờ",lo_au
tại trà sữa làm tao mập chứ tao có muốn đâu :(,that_vong
Về sản xuất gạo có j đó sai sai😳,gian_du
xin loi bà nha áo tui hơi giản,buon
"yêu nhau lắm cắn nhau đau , tao thấy dòng chảy tiền kiếp của 2 đứa mày là vậy",buon
@july107193 Buông k hối hận mà cảm thấy đúng đắn là lựa chọn đúng.,hy_vong
"Đồng niên :D Mình còn 1 tháng nữa là tròn 30 tuổi, cảm xúc bồi hồi và cũng cảm thấy mình còn rất nhiều điều chưa trải qua. Càng lớn tuổi hơn thì lại càng cảm thấy hối tiếc vì những điều mình chưa làm vì nhiều lý do ngại thử thách, ngại thay đổi hơn là những điều mình đã làm. Vậy nên các bạn trẻ hãy đừng ngại thay đổi, tìm tòi rồi bạn sẽ tìm ra thứ bạn thích, công việc bạn muốn làm, người phù hợp và tôn trọng bạn. Hi vọng những tháng năm sắp tới cuộc sống của mình và các bạn sẽ có nhiều màu sắc hơn, hạnh phúc và điềm tĩnh hơn trong cuộc đời vô thường này.",hy_vong
coi phim này xong thì nhỏ bạn tao bắt chước giống vầy với crush nó . sau đó thì ... à mà đéo có sau đó nữa,that_vong
Pham Hoang Nam đọc còn ko hỉu nó đang khịa,gian_du
hoan hô . công nhân đâu phải trẻ mầm non,vui
Vinley Vinley thấy bên CNN cũng 266 rồi ah em,trung_tinh
94 sao lênh đênh quá,lo_au
sao không cắt móng chân cho em ... nhìn mặt cute mà thấy móng chân em sợ phết,gian_du
Hồi trước bà nội còn sống tôi đc chiều lắm bà có tiền phát cho tôi luôn hay cho t tiền mua đồ ăn😥 nhưng bà t mất ròi😥😥,buon
per thông minh là đây chớ đâu,vui
trong đời người sướng nhất là không phải hối hận điều gì.,trung_tinh
Trương Đình Phước xăng lên bên grab có đc tăng phí ship 1 đơn k ạ. Chứ 12k sao sống 😞,gian_du
nhìn muốn tè ra quần rồi,lo_au
ngồi nhiều quá nhìn họ đau mắt,gian_du
hình như xe biển xanh,trung_tinh
mĩm cười cho qua,trung_tinh
yêu dã man kkk,vui
"Anh em ơi cứ nghĩ đến chuyện ra trường thất nghiệp là rén, thót tim 😱",lo_au
"Khôn mấy chục năm, dại trong vài giây. Chúc mừng em là ứng viên sáng giá gia nhập CLB Juve (áo sọc xanh trắng).",gian_du
thật ra là nó muốn kiếm em gái anh trai mưa đấy,vui
"Thương quá, chia buồn cùng chị và gia đình ạ",buon
xem xong thấy buồn quá,buon
Báo tới,gian_du
"quay quay cái lồn , thấy bị bắt nạt thì ra nói một câu bảo vệ người ta , có khi tối về lại có người nằm ôm . cứ cầm điện thoại pin với chả không pin",gian_du
🙂 bữa nhàn sắc tớ xấu họ luôn trêu tớ giờ tớ cũg xấu nhưng tớ lại suy nghĩ khác và bít nói lại ngta,vui
Đang đi đường thì bị tạt nước làm anh em ơi phát rồ 💢,gian_du
"per bởi , đéo dám tán ai hay tỏ tình",lo_au
Một hành động đầy ý nghĩa của CSGT DN,vui
Aaa mở youtube lên và thấy vid mới của anh Thành vui quá đi ♥️,vui
Cho e xin địa chỉ e gửi quần ao và lương thực đuoc ko a.,hy_vong
cug kh hẳn nma hướng nội nên ngại😭,lo_au
"nhan sắc của chúng ta như thế nào cũng đc, miễn là chúng ta tốt thì sẽ được quan tâm nhiều 😌",hy_vong
per chúc bạn may mắn,hy_vong
Thật sự là đáng trách cô giáo vô trách nhiệm,gian_du
Nguyễn Văn Mến phải xem b ah,hy_vong
"đm bào tao tao cầm nón nhảy vào phang vỡ con mẹ nó alo chứ ở đấy đòi đo lồn , tao lại xé con mẹ nó háng ra !",gian_du
"công nhận , thời xưa bệnh mà cũng vui vãi . :)))",vui
"Vân Bùi hh e hỏi vui thoi chị, nhưng sai từ bố mẹ nên mới tạo ra những đứa như này",that_vong
cuộc sống thật là khó khăn mong các bạn ủng hộ hai vợ chồng,hy_vong
hối hận cũng k thể cứu vãn đk nữa. nên nghiệp quả cũng phải đón nhận k hề trách móc🙏,buon
Bỏ cmn phim,that_vong
cười xinh như này mà,vui
chán vãi dạo này ngủ sớm quen,that_vong
kh ngờ dc luôn😩,that_vong
Cứng quá men :)),vui
"Cảm ơn anh đã sharing ạ. Video của anh tạo động lực cho mọi người lắm ạ, Thanks a lot",hy_vong
t không nghiện trà nên tao thấy bình thường mà,trung_tinh
Cô Sóc chuẩn = )) fame Sơn Tùng to quá nên bọn nó tung lên tận mây,vui
Chim khôn kêu tiếng rảnh rang,trung_tinh
ít nói vì ko bt phải nói gì với người lạ chứ người quen người cùng tần số nó khác,lo_au
"Phượng Hoàng Dạ, lảo đạnh hông chơi phây.",trung_tinh
"tại kh chung tần số đó trời,ai kh chung tần số bắt chuyện là t như t.ự kỉ luôn đó😭",gian_du
Mong kh pải sự thật,that_vong
thấy mà nhớ lại quá . lúc còn sinh viên . di làm thêm ở quán kara . đm tụi nó tổ chức sinh nhật . rồi bày ra trang trí để tỏ tình . rồi quà bỏ xốp hột không trong đó . vừa xốp . vừa đèn cầy . vừa kim tuyến . bia . đồ ăn đồ . làm buổi có 40k mà dọn đúng là như thèn này chửi . dọn mún lòa lozzz ra lun . ức chế lắm,gian_du
Thu Thùy cho bơ uống trà sữa ít thôi,lo_au
Đây là tôi khi ở với ng lạ :🤐,lo_au
cái loại ngu si này nên nhốt nó tù chung thân lao động công ích cho nhà tù để giúp ích lại những cái nó đã phá hoại,gian_du
Nhat Oanh cháu bạn ni nầy,trung_tinh
cảm giác tóc sau gáy bắt đầu dựng lên,lo_au
"@hanguye22297314 chuẩn á, nếu cả 2 cùng không hp thì buông bỏ sẽ tốt hơn",hy_vong
per bữa cuối nó ngồi chỗ đó nhìn mà khóc còn cuối khoá thì bth,buon
Thằng đó tự tử luôn hã mn,buon
cãi nhau với mẹ và làm mẹ của mình khóc :((,buon
Tuấn Trần bác cái các l í nhỉ,trung_tinh
Bgio bên này manh động thật. Thấy ghê.,lo_au
Em sợ sai,lo_au
Tiếc Xem đoạn này kiểu đổ vỡ Như kiểu con người ta hoá thú thiệc rùi,that_vong
Thôi tao độc thân cho lành 😂,vui
tuỳ người tuỳ loại,trung_tinh
Mẹ cậy có tí tiền thì vênh váo ô tô đâm. Nhà cưới nó mà có xe tải nó lại húc cho hết cái con vin ghẻ,gian_du
Vcl =))) may quá đbh ăn,vui
Hỏi cái tầm lãnh đạo của các bác ngoài đó ấy 😉 đà lạt bây giờ cũng bấy nhầy chứ đâu còn như xưa,gian_du
nghe ảo ghê nhưng cũng có lý,vui
Có khi là ca cũng nên ạ,trung_tinh
Ủa mn tui là ctrai nhma môi ( môi trên) như đc tiêm filler á dị là có đẹp hong mn😞😞,buon
mong mạnh thường quân và cộng động mạng giúp đỡ 2 zkck ah❤️,hy_vong
"khum có ng xấu chỉ có ng đẹp độc lạ thoai,nên cứ tự tin lên nho",hy_vong
@SGP.TVyyy🙊 @vợ anh @M.ỹ k.i.m🥇🥇 t cx từng là 1 đứa trầm tính cho đến khi gặp bọn m😔,buon
"chó đẻ , khốn nạn vậy mà cũng đi rao giảng đạo đức , đi dạy người khác 😭😭😭😭",gian_du
"trưa nay nhà em ăn cơm , admin nói với mấy chú truyền hình đừng chiếu tin này lên nha",gian_du
Hay lắm rồi mấy em ơi . Chuẩn bị cktg thôi 💕,vui
nước ngoài cái gì cũng to kể cả sinh vật,lo_au
"ngày xưa mình cũng khá tự ti vs bản thân, và gòi mình gặp anh ấy.Mình ko quên anh nhưng anh đã ăn ủi mình rất nhìu, giờ thì mình hết tự tí gòi. Các bạn cũng z nha! Ai cũng xinh hết á❤️",hy_vong
"thật, đôi lúc tự tin rồi lúc lại tự ti",lo_au
Còn mẹ còn lối đi về. Mất mẹ thì lối về quê không còn. Anh em chỉ vì tiền. Mà anh lìa bỏ chị trên em dưới.. Anh em ko bằng người rưng nước lã.,that_vong
Thương thật 😢😢,buon
@𝙝𝙤𝙖𝙣𝙜𝙙𝙪𝙮𝙮 @Duy Khánh 🚀 😏,trung_tinh
Thương cún quá!Mong con sớm siêu thoát!Cám ơn người đã cưu mang con !,buon
"Mũi củ tỏi, mặt đầy mụn, vòng 1 mini size, chân vòng kiếm, da ngăm, có mụn lưng… tất cả đặc điểm xấu tớ có đủ hết 😔",that_vong
Thuỷ Ngô sợ thật,lo_au
Đứng trc ngã rẽ cuộc đời em sẽ mạnh dạn chọn đường để em đi em sẽ kh bh hối hận với lựa chọn của em,hy_vong
"Lê Hải Linh B mình trông giống thầy vc, khác mỗi cái mặt",vui
mấy vụ giết người chặt xác gần đây ở việt nam toàn là người hiền lành 🤔🤔🤔,lo_au
"Tôi tự ti vì cảm thấy bản thân ngu dốt ,luôn luôn bị chậm ý vv .",buon
"Những điều chị nói trên để vượt qua tiêu cực trước đó em đã đều thực hiện rồi, cũng có chút tiến bộ, cảm xúc của em lạc quan hơn một chút... Em luôn cố gắng suy nghĩ mọi thứ theo chiều hướng tích cực, đã có lần em vì bị tổn thương mà đêm hôm bị chóng mặt đến nôn ra. Em nhận ra cứ tích cực được vài ngày lại có một người đến và dập tan cái tích cực của em. Giờ em phải tập sống cho mình nhiều một chút, đừng lo cho những người không đáng để mình lo. Cảm ơn Giang vì video của chị rất hữu ích cho những người mắc phải những suy nghĩ tiêu cực.",that_vong
thèm vịt kho tiu 🤞,hy_vong
tao thì sợ nhất lúc nó mới cắt tóc,lo_au
mấy nay tao cũng bị ám ảnh,lo_au
nỗi đau ấy ai thấy giúp tôi,buon
"phải nói là hài tàu hay thật đấy , luôn li kì và khó đoán kết quả , ý nghĩa thì thâm sau . hihi thích rồi đó",vui
"chị thích con gái mạnh mẽ , cá tính .",vui
per nhớ bột mì chiên huhuhu,buon
hôm nay bạn đi làm . tiền đâu mà mua,that_vong
"nội bộ lục đục , được nước thả câu lại nhường cho 30 % cổ phần cho trung quốc . thế là thương hiệu việt nhưng công nghệ tq 😒😒",gian_du
Ừ hối hận r,buon
Phương Trang moon_ko_ng á cậu,trung_tinh
"Tớ idol rep comment, anh em ơiii 💸 🥳",vui
"chỉ cần đó là việc mình thích , không làm phiền ai là được",hy_vong
Nguy hiểm quá,lo_au
dù nghèo vẫn yêu thương hạnh phúc là quý rồi. có tiền kg có hạnh phúc cũng thừa,hy_vong
Henry Lai 0382874426,trung_tinh
Ji hip hop ăn bù tạt,trung_tinh
"anh nói đúng á, e sợ mà e nói quán rồi sinh ra có ấn tượng k tố vs sếp. nên mong anh đăng clip tiếp theo nhe a",lo_au
"võ nghệ cao siêu đến mấy cũng phụ thuộc vào hung khí , em biết được điều này lên không bao giờ em học võ mà tự xắm cho mình khẩu hoa cải !",vui
như kiểu bị bắt quả tang ngoại tình luôn,gian_du
Đã dặn không ăn hành mà vẫn bỏ hành làm mình cục súc,gian_du
không biết thật không nhỉ =)),vui
Jack không bao.giờ hối hận,buon
Các anh còn là ổn rồi,trung_tinh
@TvNhinhi Cảnh thấy buồn. Thất tình ngồi đây nhìn mưa suy ngẫm về cuộc đời bao hợp lý luôn,buon
tao học nhân sự đây còn đang lo thất nghiệp đây này,that_vong
"đi PQ về chỉ thấy mỗi đắt và mệt, đồ ăn đắt, dịch vụ đắt bù lại các điểm chơi xa nhau vch😃",that_vong
hay lắm chàng trai trẻ,vui
thời xưa yêu nhau đến chết vẫn yêu ... thời nay yêu không biết chết lúc nào cuộc sống nay đáng sợ lắm,lo_au
thật là nghiêm trang nghiêm túc,trung_tinh
Vcl bel vcl bắt chơi thể thao chạy muốn tung mỡ,gian_du
thế giới giờ đáng sợ quá rồi tâm phải tịnh không là tiêu nha mấy ông 😢,lo_au
Em thật sự không biết phải ntn<br>Khi điểm thi cấp 3 quá kém😔<br>Tất cả mọi người đều nhìn em bằng ánh mắt khác và không ai nghĩ những cố gắng những gì trước đó của em là sự thật đều nghĩ đó là nhờ cái này nhờ cái kia<br>Em không muốn đi đâu 😔 chỉ muốn ở nhà em không muốn tiếp xúc với ng khác 😫...<br>Giờ em kh biết mình nên cố gắng vì cái gì??? Hoàn toàn kh có điểm tựa 💔<br>• nỗi thất vọng tràn trề về sự thất bại của mình •😔,buon
"ay , đau thế , thằng chó !",gian_du
Nguyễn Loan ủa Alo ???! Tại Thg chồng chứ nhỉ ??! Nó ko đi vác kiệu tới khiêng nó đi à 😬,lo_au
🙂 thanh xuân của em đã từng có khoảng time tươi đẹp,vui
kh nhìn thấy mặt tôi thì tôi nói liên mồm nma ngoài đời kể cả với bạn thân 5 năm r tôi vẫn ngại 😢,lo_au
t quá mệt mỏi với cuộc sống này rồi 😓,that_vong
có nhà có cửa khỏe mạnh thì đi làm ăn,hy_vong
Xuan Trang Do đ .m nhưng con này xinh thật =)) thề nhìn ngon vcl :V,hy_vong
Chỉnh sửa ảnh Free hay,vui
lũ này chặt tay bọn nó cho khỏi trộm cắp 😠,gian_du
Sợ giao tiếp 🤡,lo_au
"cho biết địa chỉ 2 vc đang ở đi em, nếu thuận tiện mình chia sẻ cho nhiều người biết để giúp đỡ em nhé.",hy_vong
Sai lầm lớn nhất của thế giới là trao bằng lái cho phụ nữ,gian_du
Hải Âu Mô Phật à . Ông kia thấy rồi bỏ đi cứ nhìn lại mà kh la làng hay gọi công an gì luon tr . Tàn nhẫn thiệc 🙂,gian_du
dù ra sao vẫn giữ nụ cười và sự tự tin,hy_vong
"Ai mà chả thích cái này chứ, phê không tả được!",vui
giao tiếp kém + hướng nội + ít bạn bè + sợ bị xa lánh ^^,lo_au
"sau khi kết hôn , anh sẽ thuê người giết cô để hưởng trọn tiền bảo hiểm",lo_au
nam nhân nhà người ta kbh làm tôi thất vọng,that_vong
"t thề mỗi lần dọn phòng sn này thì banh kem , pháo kim tuyến . đủ các thứ . khóc mà bụt nó đéo lên",gian_du
bếp dầu thời bao cấp,trung_tinh
"Về nhan sắc, khó có thể có quy định cụ thể lắm bạn. Tiêu chuẩn cái đẹp của 20 năm trước và giờ cũng khác nhau. Chỉ cần ưa nhìn trong mắt mình thì có thể đc coi là đẹp rồi. Kể cả trong cùng 1 thời điểm, nhiều idol đẹp trong mắt ng này nhưng trong mắt ng khác lại ko đẹp.",trung_tinh
"đánh bố mày như này xem , bố túm được 1 con bố xiên chết cụ mày",gian_du
Những con ng đặt cho sang mồm đó á nên lập 1 danh sách đen cho mn chiêm ngưỡng. Đã méo có tiền còn thích sang,gian_du
con lợn kia sao đập vào đầu vợ bé của tao,gian_du
Thanh Nguyễn cười chết cmt kkk 😅,vui
"em ngày nhỏ đc dạy là phải nghe lời ng lớn, họ cho phép thì mới làm nên đôi khi muốn làm vc gì đó thì e đều hỏi, ko có ai thì e cx ko chạm vì sợ làm vậy có đúng ko,có sai hay ko, dần r lớn lên em bị vậy lun",buon
xem cả chục lần vẫn thấy hạnh phúc lây với cụ bà 😊 không biết mai sau mình có được vậy không,hy_vong
"màu này lạ quá , kết hợp hài hòa đẹp quá",vui
hối hận vì ng k đáng,buon
thế là đã phần nào đoán được kết quả cuộc gặp tại hà nội,trung_tinh
Nên học bổ túc hay học lại lớp 9 để lên cấp 3 v mn🥺,lo_au
gap kiểu này chắc đái ra quần quá,lo_au
Buồn ghê..,buon
Goat mãi đỉnh 🔥🔥🔥,vui
Đọc bài thơ mà muốn nản,that_vong
Đang xem liver đá zui đọc bài cái suy ngang 😐,buon
@nangoc84 Nếu có sự sáng suốt thì mỗi thời điểm luôn có những lối thoát cho bản thân💪💪🎉🎉,hy_vong
Cách 1: 5 Nhìn 4 Chạm 3 Nghe 2 Ngửi 1 Nếm<br>Cách 2 Tư duy 3% (mỗi ngày cộng thêm 3%)<br>Cách 3: Thở 4 thì (kết hợp tư duy 3%),trung_tinh
tự tin lên mấy bà ui,hy_vong
hại vợ chồng mạnh khỏe co.gắng sẽ vượt qua,hy_vong
per gặp tao chắc tao đái trong vần,lo_au
xiaolin không có gì vui . chúng ta không nên xiaolin 🙄🙄,that_vong
Cũng là Hoa Hồng Mà là Hoa Hồng Gai 🌵😬,lo_au
per hồi lớp 1 tao quên nhãn vở mỹ thuật sợ đánh quá ngồi khóc tè le,lo_au
Thấy tài khoản cạn tiền mà hoang mang làm anh em ơi đổ mồ hôi hột 🥲,lo_au
đáng yêu quá . chúc ông bà thật mạnh khỏe mãi hạnh phúc như vậy 😍,vui
Nguyen thúc giục thì vẫn thúc giục nhưng như bà mẹ trong phim này thì sợ quá cj à,lo_au
"Trần Dinh Kini Hồi mới leo chưa có dài, leo chừng đó mới dài ra",trung_tinh
năm nay được nhận hoa và được ngồi nhìn người ta hạnh phúc,that_vong
"ko đẹp nên là gì cũng ngại,người ta nhìn mình là nghĩ này nghĩ nọ,làm sao để họ ko chê khi mặt mình chả ra gì 🤡",buon
"theo mình thì không nên vì định kiến xã hội quá khắc nghiệt , họ sẽ bị tổn thương và nghĩ quẩn",buon
"Không có gì phải sợ cả, con đường do mình chọn và mình chịu trách nhiệm với quyết định của mình, dù có quỳ nhất định mình phải đi cho hết!!!",hy_vong
Tấn Đạt cc,trung_tinh
"em muốn mình trở nên tích cực và luôn vui vẻ nhưng những suy nghĩ tiêu cực cứ hiện lên, em thật sự rất rất mệt em đã chịu đựng gần một năm r e ko bt nên làm gì nữa ạ",lo_au
liệu mọi quyết định của mình có đúng không hay cứ tiếp túc sai lầm..,that_vong
"Khen chê là quyền tự do cá nhân. Nhưng vin luôn khóa cứng truyền thông khắp nơi mọi chỗ khi nói sai ý vin, vì thế, ko tin đc",gian_du
Phuong Lan Dang thế đứa nào đáng bị đưa ra! Đứa kia đi bình thường hoặc có chăng cũng là ngang qua bêu rếu có hay không?,gian_du
"chủ quá vô tâm ?? thà đừng có nuôi , nhà tôi nuôi chó cỏ thôi nhưng vẫn tim thuốc định kì đấy ??",gian_du
thứ t cần là chiều cao đi mua đồ ăn đứng gần mấy bé mà mình thấp hơn ngại vl lun có 1m60 chán nản,buon
Chiến Bkt nói tí fan bay vào vã k trượt phát nào,vui
cư ́ như kiê ̉ u =))) ngươ ̀ i yêu,vui
thề đi ngoài đường giờ nhiều người lớn cứ nghĩ mình mình già rồi thích đi như nào thì đi . xong quay sang chửi bọn thanh niên là đi đứng mất dạy này nọ . chán . mang tiếng người lớn mà cư xử chán đcđ .,gian_du
Thiệt tình đầu tư bị lỗ vốn nặng. áp lực thực sự 😱,lo_au
🙄😥,gian_du
"Mình học ngành QTKD , tốt nghiệp cũng được 2 tháng rồi nhưng bản thân cảm thấy đã học sai ngành và muốn làm về sự kiện nhưng chân ướt chân ráo chuyển ngành , không có 1 tí kinh nghiệm , CV thì cũng ko đến nổi tệ , tiếng anh cũng có nhưng apply biết bao nhiu chổ vẫn ko ai phản hồi , cảm thấy bất lực thật sự 😢",lo_au
xã hội giờ càng ít nói như tao thì càng ngoan hiền,trung_tinh
Nhà Của Gấu thế nhưng k làm gì cũng bị phán xét đó nha,trung_tinh
per 🤣🤣🤣 để anh vẽ mình xem thế nào nhé,vui
"mặt mụn moi dày nọng to mặc dù k ngại ở trong lp nhưng ra ngoài đường nhất là nhg nơi đông ng , ăn còn k dám bỏ ktrang",buon
"t đến ạ chúng mày trông trẻ mà để quên cả trẻ, cả ngày cũng ko phát hiện ra, gia đình đi tìm mới biết. Dẹp mẹ trường đi",gian_du
"có lần ba tao mua bánh kem sinh nhật cho tao , lúc đấy tao 13t nhưng khi ba tao mua về thì lại là 15t 😶",that_vong
Ước gì nội mình cũng thương mik vậy☺️,hy_vong
Sống một mình quen rồi nên tôi chỉ thấy tiếc thời gian trôi qua quá lãng phí khi mình ngủ trưa quá tiếng thôi,buon
@nangoc84 Những thứ đã qua đi rồi sẽ không bao giờ còn trở lại được nữa.,buon
Ngoc Anh nổi da gà vậy,lo_au
"mẹ chưa hnao đi làm về sợ vãi như hôm nay 😑 chớp cứ nhằng nhằng 2 bên đường với trước mặt , kinh vãi",lo_au
lâu lâu tự nhiên ghen mặc dù đéo là gì của nhau,gian_du
"May mà nhanh nhận biên bản, chứ ko nhanh gặp tổ tiên đâya",lo_au
ra đường ngt nhìn mình không phải vì mình đẹp mà là vì mình xấu xí,that_vong
"Hong Phuc Pham sai thì báo chính quyền tiến hành lập biên bản xử phạt, buộc tháo dỡ chứ ai lại lái xe ủi bay rạp người ta chú",gian_du
@Ichigo😸🫶🏻 Ê ms gửi mà đăng lại miền munn hả 😍,hy_vong
Tự hào vì mk là người Việt Nam 😍,vui
Đỗ Thanh gặp t thì con này kh có time đăng str này rồi :))),vui
"Thua là thua khóc cái mía gì, trình mình tới thế thôi",that_vong
Nguyễn Minh Quang cụ thể là buồn ngủ à a,trung_tinh
agribank thái độ nhân viên ở cấp huyện kém lắm,gian_du
đáng yêuc quad 🤤🤤🤤,hy_vong
mik cx xấu nhg cố cải thiện bản thân 1 chút là đc á,hy_vong
vụ này thì chỉ bị phạt tiền thôi ?,gian_du
Grab hỗ trợ đơn hàng giá trị lên đến 1 triệu khi bị boom. Không hiểu là vì sao cô lại bật khóc khi bị boom hàng nhỉ?,buon
tự hào là ng Việt Nam,vui
Mũi tẹt.Mọc mụn. Tui cảm thấy rất buồn và tủi thân.Chụp ảnh còn chả dám chụp nx🥲,buon
"E thuộc tuýp ng hướng nội, em là một học sinh giỏi trong lớp, nhưng lại khá ngại dơ tay, vì sợ sai, bị đánh giá và bị chọc là &quot;trời sai rồi kìa&quot;. Thật sự e rất để tâm những lời nói đó, nên nó ảnh hưởng tới e đến mức e rất ít khi dơ tay dù biết đáp án. Làm sao để vượt qua đây..",lo_au
Vũ Hữu Tiến gặp chúng làm chuyện gai mắt mà bạn nhỡ miệng góp ý là có thể bị đánh hội đồng ngay.,lo_au
đúng người đúng thời điểm,hy_vong
Thật đáng báo động…đã lâu lắm rồi cũng không thấy tuyên truyền về hiv,that_vong
Hạnh Nguyễn c ơi xem mà k cầm được nước mắt luôn. Mình đang có con nhỏ sơ sinh mà e thấy xót quá c,buon
"Thương Vũ xe xuống đóng kín cửa k ai nghe cả. Lần đó chồng mình dừng ở cây xăng và đi vs khoá chốt cửa bên trong này mẹ con mình ngộp kêu mãi k ai nghe, đập cửa ầm ầm k ai để ý mặc dù thấy chồng vẫn đang đứng nói chyện với ai đó . Đt ổng bỏ trên xe . Lần đó mình cự quá trời . Huống chi 1 chiếc xe 29 chổ ngồi kín bưng và 1 đứa nhỏ 5 tuổi lại còn vừa ngộp vừa sợ",lo_au
tao ghét nhất mấy mẹ ngoài bắc cứ ỉ lớn tuổi hơn là có quyền chửi người khác là láo toét trong khi mình nói chuyện như l đcm gặp tao tao rút chìa khoá xe của mụ ném ra thật xa cho đi nhặt xem lúc đó gọi con bả kiểu gì . moá lắm lúc không muốn tạo nghiệp mà gặp mấy con mẹ già mất nết này điên thật chớ,gian_du
Nhưng lấy vợ nhật luôn là điều ao ước của ae nước ngoài nhất là ae wibu :)),hy_vong
tôi yêu Việt Nam của tôi,vui
"giá như ngày đó nghe lời bố mẹ khuyên , nghe lời bố mẹ nói, hiểu chuyện, để bây giờ ko phải khổ như thế này r",buon
t sợ nói ra nó mắc cỡ,lo_au
Ngay xua duoc day tien hoc le hau hoc van trong thay moi duoc lam thay gio khong thay,that_vong
cả tết được có 400k :(,that_vong
"ngày cuối cùng còn ở lại , bản thân không có bất cứ một cảm xúc gì , trong lòng chỉ độc một mảnh phẳng lặng .",buon
"Cho ai chưa biết thì nếu ông Trump làm thì giá vàng sẽ về 60tr/lượng , giá cau sẽ còn 10k / buồng, hoa hậu sẽ tương đương 1 bát phở, tạo điều kiện cho đàn ông VN sẽ có cơ hội lấy vợ sinh con, cuộc sống ấm no phát triển hơn... Đó là những gì tôi mơ trưa nay.",hy_vong
hh vì t lỡ làm tổn thương người yêu t nhất,buon
Chị và mọi người ơi! Giúp em với ! <br>Toeic 2 kỹ năng của em khoảng 470 thôi ạ :( . Giờ em phải làm sao trong 6 tháng có thể có đc 5.5 IELTS ? Em mong chị và mọi người chỉ giúp. Em xin cám ơn ạ ^_^.,hy_vong
Thiệt tình gia đình hối thúc chuyện cưới xin. nhỡ rớt chắc xỉu ngang hic,lo_au
Liên hệ pt,trung_tinh
trò này cũng nguy hiểm chết người đừng đùa theo mà mang họa,lo_au
"Tôi là người Sài Gòn Doanh nghiệp không có lỗi. Lỗi do ""con sâu làm rầu nồi canh"". Ai vi phạm thì xử lý người đó. Làm chủ doanh nghiệp rất đau đầu khi tuyển phải loại nhân viên vô trách nhiệm và cẩu thả như vậy. Không nên nhìn 1 vấn đề để bao chụp cả 1 tổ chức như vậy. Hãy xem những gì họ làm sau đó.",that_vong
Mất phương hướng quá và thấy video này,buon
cho tao hỏi tình hình bà mẹ thế nào rồi 😂🤣,vui
"cho em hỏi chỗ nhận lại chó ở đâu ạ , em bị trộm mất",buon
Thầu mà làm vậy thì làm ăn xao phát đạt được mong CA bình dương vào cuộc để lấy lại tiền công và giay tờ cho vợ chồng e,hy_vong
cứ bảo ngon lắm với chả ngon vừa . không biết nghĩ trước khi ăn à,that_vong
của một đống tiềm mà lại để rơi uổng thiệt. mong người không sao . mất cái này chắc mua lại đc,that_vong
"Làm ăn chân chính bằng công sức thì họ k trả tiền Còn buôn bán bất hợp pháp thì sống k yên kể ra cuộc sống này quá vất vả, thấy thuong g₫ nhỏ qua ước gì mình có nhiều tiền như người ta ₫ể giúp ₫ỡ những hoàn cảnh khó khăn này",that_vong
"đúng . làm gì không quan trọng , quan trọng là bạn làm điều đó với ai",trung_tinh
chỉ có màn hình là xấu thui,trung_tinh
"LT Ngọc Anh xong lên mạng bảo tinh thần k ổn, áp lực, người mệt mỏi nữa bạn ạ",lo_au
"cấm đỗ thì gọi phường hay thanh tra giao thông xuống cẩu đi , chứ đường nhà chủ thớt bỏ tiền mua chắc ??????",gian_du
là đứa quay video,trung_tinh
Ý là kiểu ngta chủ động ôm phải hem Chứ mk ôm ngta mà ngta hông ôm lại thì hơi kỳ,lo_au
“ yes” cũng giet “ no” cũng xien Mỗi năm tỉ lệ người hoá “thú” vẫn chưa thấy giảm,gian_du
Hối hận nhất lấy một người phản bội mình dù cho bản thân đã cố gắng rất nhiều,buon
"nhin gia dinh họ that de thuong , hạnh phúc",vui
Đi Phú Quốc từ hồi chưa có cáp treo Hòn Thơm . Càng đi càng thấy buồn thay,that_vong
"Mọi người ơi sếp khen cái project mới, sướng rơn 🥰",vui
phần còn lại là nỗi nhớ và những lần thở dài :((,buon
Muốn đọc nhưng đọc xong lại nghe mệt. Kkk,hy_vong
mấy con máy bay mô hình rơi là đúng,trung_tinh
lấy củi chứ bao nhiêu rơm cho đủ,that_vong
Đó cũng là lời cảnh tỉnh cho nhiều người áp đặt con cái luôn phải học hành,trung_tinh
Cuộc sống ? Thử hỏi xem họ nói tôi họ nói tôi rất nhiều tôi thừa biết rằng tôi bị sao tôi ghét gia đình ghét tất cả lo lắng mệt mỏi muốn chết đi rồi còn j phải lo nx đâu ko còn nghe những lời cay độc ko phải khóc nx,gian_du
nói câu trước đá câu sau vẫn là sai bét đúng không cả nhà,that_vong
Vương Hạnh có cái huy hiệu Hay Hóng Hớt luôn😁,vui
Đức Nam Hà bố cho quần vàng đi coi i,hy_vong
Nhà còn 1c mới mua chưa kịp ăn nữa 😡,buon
còn 1 tháng nữa thôi khép lại những ngày tháng vui buồn nhưng luôn có người bên cạnh sẻ chia không lo lắng của tuổi thanh xuân cái tuổi đẹp nhất của cng,hy_vong
dân chơi nhìn cái biết ngay 🤣🤣,vui
"@Hien2021 Ngày còn trẻ ta ao ước được trưởng thành, khi trưởng thành lại muốn mình trở về lúc bé. Suy cho cùng mỗi chặng đường đời luôn cho ta những điều tuyệt vời, hãy biết tận hưởng nó",hy_vong
Hỏng,that_vong
chỉ những người độc thân thôi,trung_tinh
"Bản thân không biết ngày mai sẽ ra sao, thót tim 🥶",lo_au
chả biết nữa kiểu nỗi sợ quá nhiều lấn át ngôn từ chăng,lo_au
mới hôm qua cạo lông mà hôm nay lại dài thế cơ à,gian_du
gặp em đúng lúc nhưng sao anh vẫn thấy mình cô đơn quá .,that_vong
Cứ đọc những bài như thế này mà thấy nhiều người quá khổ luôn Từ đó ta hãy chia sẻ những gì có thể đừng có tham sân si nữa mọi người nhé,hy_vong
ước gì thời gian có thể quay lại,hy_vong
Nguyễn Tuấn Kiệt ô là đọc ko kỹ rồi. Ở các điểm sạc của vin nó chỉ được sạc nhanh chứ k sạc được loại sạc chậm 11kw. Còn muốn sạc ở nhà thì mua riêng dây sạc khác giá từ 4-6tr là dùng bt điện lưới ở nhà chứ k cần 3 pha luôn,that_vong
chuẩn bị kiểm tra hình huhu :((,lo_au
Anh tài xế có tâm lại dũng cảm. Quan sát nhanh nhạy nữa,vui
Đại Việt cùng thời chỉ coi các quốc gia lân bang (trừ Trung Quốc) là man di mọi rợ thôi.,gian_du
"Chọn lại thì chọn ngay từ đầu bản thân ko nên có sự tồn tại nào trên cõi đời này. Nhanh gọn, đỡ đau đầu. Quá stress rồi😩",buon
"đừng ám tao nữa , sợ lắm",lo_au
Luyện quỳ hoa bảo điển,trung_tinh
"Čậü Út thấy mấy cái hậu quả racing boy chưa, lúc đó có khi còn hơn mấy đ/c cảnh sát kia nữa cơ 😅😅😅😅",vui
tưởng đàng hoàng cho chơi chung ai dè bạn xấu,that_vong
Đặng Văn Vinh kệ tao ý kiến cl,gian_du
"ko có nhan sắc tự ti thật lúc nào cũng phải cúi đầu xuống khi gặp nhiều người, chơi cùng một ngời mà người đó đc nhiều người để ý hơn mik cũng đủ tự ti",that_vong
"làm pv quán karaoke đi rồi khổ hơn nữa , toilet danh cho nam chỉ đứng tè , vậy mà nỡ lòng nào mấy anh ngồi ỉa 😢 thiệt chứ gặp cái mún khóc lun …",gian_du
tu mà không dám cao đầu mà sau gọi là tu còn dám súc phạm vong linh người khác bà này là súc vật,gian_du
"Thực sự thì ai cũng có sai lầm trong đời dù lớn hay nhỏ, các em ấy cũng chỉ trong độ tuổi có những hành động thiếu suy nghĩ mà thôi và các em cũng nhận ra lỗi sai và xin lỗi. Vậy nên mong rằng pháp luật sẽ xử phạt thật nặng những trường hợp như này bọn này ko biết sai hay hối hận đâu bọn nó xạo chó đấy😡😡😡",gian_du
dòm sợ thiệt 🤐,lo_au
con này chăm sóc n là n bao đẹp ><,hy_vong
tự hào về đất nc VN và về chính cn ng VN,vui
thấy kết luận án phí đợt trước là 8 tỷ mà sao giờ đã thành 81 tỷ rồi ???,gian_du
"ko phải con mình , mà xem còn thấy đau như vậy huống gì người trong cuộc . thật là phẫn nộ mà . cơ quan chức năng làm việc quá chậm trễ , đến giờ mà vẫn chưa tìm ra người chịu trách nhiệm . 😠😠😠😠😠😠",that_vong
"trước đây mình không thích xem phim việt , nhưng mấy năm nay phim việt chiếu phim nào cũng hay . tự dưng không thích xem phim hàn quốc nữa .",vui
Chốt đơn thành công món đồ ao ước làm má ơi cười bể bụng 😆,vui
cho nó ăn rau má đi,trung_tinh
Mang bệnh tật của người khác để đùa cợt các bạn vui lắm nhỉ 🙂,gian_du
5/5,trung_tinh
"mình cũng nhạy cảm, cũng buồn, cũng tổn thương, hay suy nghĩ nhiều, cũng cảm giác như cả thế giới hạnh phúc trừ mình, nên mình tự đi tìm hạnh phúc của mình. tạm thời là vẫn ổn, cho đến khi bất ổn thôi",vui
"Em cảm ơn anh Khương nhiều, em sẽ cố gắng thoát khỏi sự tự ti, chủ động trong công việc hơn.",hy_vong
"Đcm tàn nhẫn vcl. Cứ thử nghĩ đến đồng nghiệp mình mất 1 cách máu me ngay trước mặt mình rồi ám ảnh vcl mà vẫn phải vào làm việc ở vị trí ngay cạnh , xong lại còn ngay đám tang ngta đưa đến sản phẩm ngta làm và cũng là nơi mà ngta mất đây là muốn nhắc lại cho gia đình ngta là nạn nhân đã chết ntn hay gì? Máu lạnh vcl.",gian_du
tao đang thă ́ c mă ́ c ta ̣ i sao thă ̀ người da đen no ́ quen được con nho ̉ da tră ́ người ngon va ̃ i thê ́ nhy ̃. 😑😑😑,trung_tinh
và sau đó nó bảo đùa đấy và loan tin mày tỏ tình nó cho tất cả mng biết 🙂,gian_du
moẹ ! nghe cái tên đã hấp con mẹ nó dẫn lắm rồi đây này ! đjln ??????,vui
"Sợ sai hay so sánh vs người khác hay luôn cho ng ta là tốt, mình là chưa tổt. Sợ sai, đôi lúc c bị bài mà ko dám phát biểu, lo ng ta nghĩ j về mình. Cảm giác mà bản thân trải qua thật kinh khủng",lo_au
ước gì nội t cũng đc v😊,hy_vong
"@PieLuv_Cat Haha, tầm này chỉ đợi bác Musk thôi ạ",hy_vong
per đây . cô gái bán hàng thú vị đây . phải xem cho hết,vui
Hân Ngọc Bảo Nguyễn thiệt luôn á .,that_vong
bố mẹ teen vãi =]]],vui
"đó là những cô gái cần được bảo tồn , vì biết lo nghĩ đến thứ anh ta đang nghĩ",hy_vong
Ngọt ngào đến mấy cũng tan thành mây,that_vong
trung thu là tết thiếu chi chả liên quan chi đến việc tao không có gấu,gian_du
phim hay từng chi tiết . nếu bạn tập trung xem để ý và hiểu từng chi tiết thì bạn sẽ nể phục những người làm phim biết chừng nào .,vui
Nguyễn Loan có bảo hiểm lo nhé,trung_tinh
Man TV t thấy bình thường mà giống người mẫu đi catwalk,trung_tinh
"thời chúng ta , đồ hỏng thì mua mới còn thời ông bà , đồ hỏng thì đem đi sửa . đó là lý do vì sao tình yêu của họ luôn bền lâu ....",trung_tinh
"ê mà không nói thì bảo là chảnh này kia, nói lên thì bảo là lắm lời nói nhiều nên t cũng chả dám nói luôn á",lo_au
đừng so sánh mik vs ng khác . hãy so sánh bản thân của hôm nay đã là phiên bản tốt hơn ngày hôm qua ch,hy_vong
đường của nhà nước co phải nhà cụ đâu mà kêu ca,gian_du
là crush ông nào thì chạy ra bế vào nhà dễ dàng có người yêu :),hy_vong
"trách nhiệm của con mẹ giáo viên chủ nhiệm là lớn nhất luôn , đuổi con mẹ nó việc đi",gian_du
Thât tư hao khi nghe 2 tiêng viêt nam,vui
Tam Tran vậy t cúp nhựa ak,trung_tinh
"""bạn chỉ xấu khi bạn nghĩ bạn xấu"" cha mẹ sinh ra ngũ quan lành lặn là mừng r 😌 t cx có đẹp đẽ j đâu nhưng vẫn vô tư thôi, sao phải tự ti chứ",hy_vong
"Đào đâu ra 1 ng như vậy, nên đừng trông chờ vào ai cả. Tốt nhất tự yêu lấy mình nhé",that_vong
per coi phim này chắc chết luôn trong rạp,lo_au
"Giá như Lúc đó đi , thì giờ có phải tốt hơn rồi không.....",buon
xinloiduocchua,buon
Phim hay vl,vui
trước khi lấy vợ boss có một thân hình hoàn mĩ thế này đây,trung_tinh
ai t cũng nói dc🤗,vui
per con nhện cản bước bé xuống cầu thang,lo_au
"Có ai giống mình k ,lo lắng sợ sệt stress tới bệnh luôn ,hiện tại mình đang bị kiểu bị nóng lạnh trong người mỗi khi có chuyện gì đến và kèm theo là bệnh đau bao tử ,k ăn uống ngủ nghê gì được 😥😥😥",lo_au
Sợ lắm khi mỗi ngày điều phải chạy theo 4 chữ cơm áo gạo tiền 🥺,lo_au
đeo khẩu trang em cx bị chê xấu cởi khẩu trang em bị họ cười làm j em cx thấy ngại...em mệt mỏi quá r,that_vong
Xin chia buồn cùng gia đình Nam Mô A Di Đà Phật Cầu cho linh hồn của con mau siêu thoát,buon
"Sao khổ dữ vậy trời?🥺 Nhìu khi đi chợ dư 1,2 ngàn mình còn ko thèm lấy lại nữa. Hic",buon
"suy nghĩ về tương lai, lo cho hôm nay",lo_au
chỉ cần thích cái là muốn rụng tim,hy_vong
Man TV toàn nhiếp ảnh thì vào thế luôn cho nta chụp chứ có ai đâu 😂😂,vui
"bọn giết người không dao tử hình cái thằng cung cấp thực phẩm bẩn vào trường , những đứa liên quan còn lại cho vào tù hết .",gian_du
"Sao không nhờ beat đăng giúp, mình thấy bên đó nhiều người hơn, chửi cũng mạnh hơn",gian_du
Lưu Hân hqa mới kể nè,trung_tinh
pháp năm nay nhiều biến quá :((,that_vong
Pháp luật nên xử nặng để người dân ko chết oan,gian_du
nhìn lại giờ đéo biết vì sao ngày xưa mình đỗ đại học,trung_tinh
ko có ngoại hình nên sợ lắm ngkh nhìn chỉ muốn chui đâu đó thooii😔😔😔,lo_au
Nguyễn Yến internet đầu ngõ nhà cũ e đấy,trung_tinh
Thường gặp mấy đứa trẻ như này mình chỉ cho ăn cho uống chứ không cho tiền.,trung_tinh
Cuộc sống mà. K có gì là dễ dàng .,trung_tinh
Điều tôi quan tâm là tỉnh dậy có thấy bố hay mẹ cầm roi ko 💀,lo_au
Mai Em yêu và cưới là hai chuyện quá khác nhau,that_vong
"Mọi người ơi được thăng chức, yomost 😎",vui
nhìn rợn vãi,lo_au
thương các con quá đi,buon
Yến Linhh Còn cả 1 tương lai phía trước luôn ấy.,hy_vong
sợ lm cái gì cũng bị bàn ra tán vào tự ti cức,lo_au
Niềm tự hào dân tộc!,vui
Nói ít tại sợ lỡ miệng nói ra mấy câu vô duyên,lo_au
Vũ Phạm Đình Thái A dám làm konten này ko A thái 😂,vui
Nguyễn Thị Ngọc Lan kiếp sau chắc gì đã gặp a mà oánh,trung_tinh
fact: kim loại cùng tần số giao động (hz) thì mới có thể truyền giao động đó cho nhau từ khoảng cách xa.,trung_tinh
Chênh vênh thế nhờ.,buon
Em sơ ý thôi mà Anh 😳😱,lo_au
cười vui vãi,vui
"con đĩ mèo mất dạy ! gặp tao tao đá cái mày , dám đánh con thỏ của tao , bởi tao ghét vxl",gian_du
Choán vì phút sĩ . H đi tù mới hối hận à chán quá chán,gian_du
Mất đi người tôi yêu nhất nhưng lại đc việc ổn🥹🥹,buon
vàng chắng bây giờ thành chắng tay ! em bình phước đây ! em hiểu cái này hơn các bác nhiều đó !,that_vong
Bố đời cha thiên hạ 🙄,gian_du
tài sản thời bao cấp ...,trung_tinh
xấu nên tự ti,buon
tr oi hong dám cởi khẩu trang lun á,lo_au
Đủ tuổi nhập kho rồi.,trung_tinh
cho nghe lại cái khúc đó đi anh hai à :v,hy_vong
Nguyễn Hạnh mất hồn luôn. 😥,lo_au
@cogaisuytu Chúng ta sẽ sống tốt hơn,hy_vong
"mình muốn tag mấy ông hàng xóm vào đây để các bác ấy biết rằng , bác ấy không chỉ buồn mà còn hát rất dở",that_vong
chia se cho ai thích thể hiện nè,trung_tinh
Lúc lớn lên được tí biết suy nghĩ hơn thì chẳng còn ai để trân trọng,buon
thân là người yêu mình mong cậu có thể giống được như đôi mặc áo nâu ❤️,hy_vong
chưa hoàn thiện hết đâu .,trung_tinh
per haha bữa 3 đứa mới phong trào xong,vui
"Khi mà bạn cảm thấy chán nản, vào Giang ơi, like một cái, xem 1 video, bạn sẽ thấy tốt hơn rất nhiều. ♡",hy_vong
cha mẹ cho ta cả cuộc đời rồi còn than gì nữa,gian_du
t gặp quả này thì bỏ xe mà chạy ??,lo_au
cứ thấy nó là ăn không còn xác thì lấy gì chúng kịp phá . nhìn thèm ứ chịu được,gian_du
Cảm ơn chị nhé! Em cảm thấy khá hơn rất nhiều khi nghe những lời khuyên tích cực từ chị. Yêu chị !!!,vui
couple cuối . yêu chết đi được,hy_vong
kiếp trước sống lỗi quá nên kiếp này nghiệp quật :((,that_vong
không ai cho không ai cái gì . đừng nghĩ rằng cho đi sẽ nhận lại được điều tốt đẹp,gian_du
Chiến Thắng giờ thấy đứa nào bênh thì cứ bảo bọn nó lên sàn boxing là biết ngay 🤣🤣🤣,vui
"Có con rồi xem xong mà nước mắt cứ ứa ra , thương các con quá",buon
tôi yêu Việt Nam 🇻🇳🇻🇳🇻🇳🇻🇳🇻🇳🇻🇳,vui
Có muốn anh ơi.,hy_vong
người ta khen tưởng người ta nói đểu k 🫠,lo_au
"Con thuận kia mày sống lại đi ,haizzz",buon
Như trung cổ,trung_tinh
đừng lo khi bn ko ngại ngkhc sẽ ngại dùm bn👍,hy_vong
"xốp dọn không sạch nổi , quản lý người ta lại nói nv làm vệ sinh bẩn không kĩ lưỡng này nọ rồi lại trừ tác phong , các bạn ý thức chút",gian_du
"Đã xấu, mấy bạn mình thì nó chê 1 cách công khai. ""Bt sao tao ko an ủi m ko, lỡ khen m đẹp , rồi m tưởng m đẹp r ảo tưởng"". Lúc nào cũng phải gượng gạo cười để ko khóc😔",that_vong
dĩa bay . trả lại để tôi về,that_vong
An Nguyễn tht á nó mà ra tù hay đồng bọn thấy đc là ah grap mệt nữa,lo_au
"Lê Văn Huy thì 2 Đảng đó tranh vị TT mà, nên chỉ có vía harris mới có thể tranh với ông Trum còn thấp hơn k ai tranh đc.",trung_tinh
sợ người khác thấy mik tỏm🗿,lo_au
Hi vọng chủ lao động đọc được bài này và lo tranh thủ sắp xếp coi sao cho được 😌,hy_vong
mặt con ngáo còn hiền hơn con đứng trên cây cột,trung_tinh
Dương Thuỳ Loan chắc biết nó chạy 30km,trung_tinh
Bella Bích vía này xin hổng nổi,that_vong
tao đéo ghê con rắn tao ghê mấy cái trồi lên kìa,lo_au
Việt Nam ❤️❤️❤️🇻🇳🇻🇳🇻🇳🇻🇳🇻🇳🇻🇳🇻🇳,vui
thì đúng là sẽ không buồn vì thất tình nữa :((,that_vong
"Mệt mỏi quá, nuôi con mèo mà nó đi mất ...",buon
Nguyễn Ngọc thiệt muốn chọi cho nó biết cảm giác ghê,hy_vong
Kỹ thuật tốt. Vừa mừng vừa buồn cho cháu,buon
Lập blog này ra đừng ai nhận ra toi . Bạn nói đúng ý của mình . Mình thì thấy thương em sinh viên đó! Chỉ mong sao em gái đó trở lại tâm sinh lý đc bình thường!!!,hy_vong
"ai cũng có một vài khuyết điểm, bạn càng tự ti ngkh càng biết cách làm tổn thương bạn",trung_tinh
"đm đi học bị mấy con điên này đuổi cắn , dume vì nó mà tao sợ quá chạy té sấp mặt luôn trầy hết con mẹ nó tay chân . thứ dòng đỹ gì đâu á",lo_au
ai cũng khen t đẹp nhưng riêng t thì không='(,that_vong
vì người dưng mãi là người dưng,trung_tinh
0915737952 sdt đây bn,trung_tinh
người ta đỗ dưới lòng đường chứ đỗ vào nhà chị đâu mà van hóa gì . chủ thớt mới là người ấu trĩ lạc hậu nhé,gian_du
e thắc mắc là cố gắng 1 năm mà rủi ro khách hàng hay bên nhà sx dây không cảm động là ăn cám ạ,that_vong
một sinh vật xinh đẹp và hiền lành . tiếc cho nó quá,buon
per tôi đợi ngày nhận thiệp cưới của ông,hy_vong
Lê Lê Quốc Trường Sơn mấy đứa này nó lì lắm bạn ơi ba mẹ nó nói nó còn k nghe nói chi xã hội,gian_du
muối nhà mày mua chỗ khác rồi hay s thiếu mặn z,that_vong
mat tất cả r mới hoi han quá muộn,buon
thằng nào sửa xe này dễ đau tim mà chết lắm . . nhất là những thằng sợ rắn .,lo_au
còn đang soạn tin kìaaaa 😬 tới số ròiiii 🫨,lo_au
"Tầm 5-6 năm trước, có con rắn bò vào nhà mình, có ngừoi nhìn thấy chạy đi lấy đồ để bắt nhưng nó lẩn mất tiêu, tìm các ngõ ngách ko thấy ( nhưng hoá ra nó đã kịp nấp xong khe giường minh). Đêm đang nằm ngủ tự nhiên thấy chân mát lạnh giật mình thấy nó đang trườn cạnh mình. 3 hồn 7 vía nhảy cẫng lên hét toáng lên. Sau này mình ám ảnh kbh nằm cái giường đấy nữa bắt buộc phải nằm thì nằm mé ngoài, né chỗ hồi xưa nằm vì bị ám ảnh",lo_au
Hôm qua mà đánh như này có khi ăn được Đài rồi,that_vong
anh này còn phim pk nữa rất hay và ý nghĩa,vui
"tự nhiên chơi với con trai cái bị kêu không đàng quàng , con gái gì kỳ vậy , lại còn nhiều bồ , đi với ai cũng nghĩ là bồ . mệt thiệt chứ",that_vong
@TvNhinhi Có câu khổ trước sướng sau,hy_vong
Vườn Sen Xứ Nóng nó lên mạng coi cái chỗ đó rồi nó mới đi. Mà nó k đọc bình luận. Ngta bình luận chửi chỗ đó như chó,gian_du
khi xuất hiện trước mặt người khác dù không biết người đó có đang nói về mình hay không nhưng vì cảm thấy tự ti,lo_au
"Hút nước mà có topping để ăn kèm thì nên dùng thân lưỡi chặn đường cuống họng lại, có lẽ bé hút mà thả lỏng khoan miệng ra nên mới xảy ra chuyện đau lòng này ☹️",gian_du
Phan Thị Cẩm Xuân Đọc mà đao đau tim luôn á trời. Bà đó giờ rút móng nhỗ răng bã chưa hả vạ.,gian_du
Còn người....còn của... Thế là may rồi !,hy_vong
Nghèo chút cũng đc nhưng vợ chồng yêu thương nhau đi cùng nhau lâu dài thế này mới là hạnh phúc nhất,hy_vong
Đang 30t lun. 94 lận đận đủ thứ,that_vong
"Cái đó còn tùy môi trường sống nữa a, em lúc trước cũng z, vài khoản tg thì rụt rè, vài khoản tg thì dạn dĩ, tới hiện tại thì như bị đa nhân cách🤣",vui
K bị j bị mỗi mặt vuông tự ti vãi..,buon
Muốn coi clip ở đâu z m.n,gian_du
Dương Nguyễn Kiều My thiệt lun sau vụ này hà giang mất niềm tin vl,that_vong
ông bà xinh quá 🧐🧐,vui
tội,buon
"Tui khối lượng công việc nhiều quá không biết bắt đầu từ đâu, tim đập thình thịch 😱",lo_au
Huỳnh Phương Linh sầu,buon
"Yêu ư, nếu tao có cổ máy xuyên không về quá khứ, thì thứ mà tao quan tâm nhất chính là Bitcoin",hy_vong
95 cũng cũng cảm nhận được… vẫn đang làm đêm ngày đây.. mong là may mắn sẽ mỉm cười,hy_vong
nhiệt tình cộng ngu dốt bằng phá hoại,gian_du
Nam mô Adidaphat🙏🙏🙏,buon
Thật may mắn vì nước mình vẫn còn có rất nhiều ng tốt,hy_vong
"nước mắt tự trào ra , thật sự rất cảm động 😢",buon
và đó đéo phải là tao,buon
tởm nhìn đã kinh,gian_du
tớ kh có nhan sắc nhma tớ kh ngại...tớ rat tự tin kh nh vậy còn lm nh điều mình thích mà chẳng qutâm đến ánh nhìn của mng xung quanh.. đối vs tớ tự tin mới là hạnh phúc💗💗,hy_vong
Làm về bị mất động lực mất phương hướng đi anh,lo_au
"Thí Thí cái đó là ai cũng biết nhưng làm 3 cái thứ ko khác gì đối với mình là CTY cho mày ăn rác đấy, nó ko văn minh và lịch sự xét trên tính xã hội á",gian_du
"tao cũng là người cuối cùng ra khỏi căn phòng ấy , ngắm nghía lần cuối rồi rời đi , khép lại 3 năm đẹp nhất của đời người . tao không khóc nhưng trong lòng rối bời , muốn ôm hết all vào mình .",buon
"Chán nản thật sự quá, trời mưa tự nhiên nhớ người yêu cũ haiz",buon
"k dịch nốt đi , dịch nửa vời thế , dume",gian_du
Mong anh làm nhiều về chủ đề tài chính hơn ạ,hy_vong
"cắt cái tai vứt mẹ cho rồi , gớm chết mẹ",gian_du
Phan Thị Thu Ngân sếp lớn,trung_tinh
đơn giản là thấy họ cười 😂😂,vui
chạy ngay đi 😒 trước khi bọn chủ tịch vào đây và giả làm con cặc gì đó rồi bị coi thường và chúng mày phải nhận cái kết đấy !!,gian_du
Sau khi xem tập Glenn chết bỏ luôn phim,that_vong
"em bị hội chứng lo âu , em mệt mỏi và suy nghĩ quá nhiều",lo_au
Nhân Nguyễn vậy khi nhà mày có tan có chuyện buồn mày cũng phải cười nha kể cả khi mặt mày bị ghệ bỏ hay mất ịa cũng phải cười nha Không thôi sợ cười của cải nhà mày bị ăn hết đó,gian_du
"T sợ mấy thanh niên như này nha <br>, còn ở đc với nhau thì k sao,<br>lỡ k hợp muốn chia tay dễ làm hành động cực đoan lắm 😢",lo_au
"@july107193 Chuẩn quá em . Buôn bỏ sớm, tha thứ sớm ，sẽ được vui vẻ sớm.",hy_vong
Ad đăng bài rất lỏ,gian_du
ngu không chịu được,gian_du
đáng yêu =)),vui
Chị Giang 🧚‍♀️<br>Em là một cô gái rất nhiều năng lượng nhưng năng lượng của e lại phụ thuộc rất nhiều vào tâm lí tức thì.mà e thì lại rất khó tính trong cả công việc lẫn cuộc sống. Vì vậy một ngày của e rất rất nhanh chóng bị rơi vào tình trạng không được tốt. Vậy chị có thể cho e 1 lời khuyên dc k chị<br>Em cảm ơn chị rất nhiều ❤️,hy_vong
tôi còn chẳng lấy ảnh lớp cho nữa,that_vong
"khóc không chịu được luôn , và mình cũng sẽ làm được nếu phải đánh đổi tính mạng cho 2 cô con gái bé nhỏ của gia đình mình",hy_vong
"sướng nhờ , bên trung chúng nó yêu nhau toàn sống chung . 😂😂😂 toàn richkid :>",vui
"Trần Khánh Huyền rừng đó là khu cấm, trong đấy là khu quân sự. Bị lạc 1 lần nhớ đời luôn",lo_au
"đến giờ , em vẫn đang đợi anh , người sẽ đúng và thời điểm sẽ đúng",hy_vong
Nếu gặp trường hợp như vậy mình cũng sẽ như ad…,trung_tinh
"giọng nói , ngữ khí đi vào lòng người vãi . mắt chị gái đẹp thế 😻",vui
Ác nhân,gian_du
Phạm Song Học đúng.. trách thằng ck nữa mới đã nư.. 🤭,vui
"Tủi thân ghê quá, trời mưa tự nhiên nhớ người yêu cũ hic",buon
"ngày đẹp trời là ngày được nghỉ làm , đi những nơi mình thích , với người mình thương , ăn những món ăn ngon . xong về ôm nhau ngủ :)))",vui
Thương cho người Mẹ quá Nỗi đau tột cùng,buon
@ivankaquynh Nướng lên nữa mới thấy cái cảnh,vui
hành vi của người bố có phần nào ảnh hưởng đến đứa con . cô bé cười . không phải vì cô bé mạnh mẽ . mà là cô bé đã bất cần,that_vong
vợ dùng phá quá nên boss mới thế 🤧🤧🤧,that_vong
Nguyễn Hoa giống bênh lx chổ vài trăm ra 5trieu,that_vong
Anh có mở lớp dạy phân tích tài chính doanh nghiệp không anh ơi 🥰,hy_vong
Em chờ video này của chị lâu lắm rồi&lt;3,vui
người đàn ông quái vật,gian_du
"Sao lại dã man thế, khổ thân em.",buon
"cấp 1 hiền lành ít nói , ngồi gần 1 cô bé cái gì cũng nhường cô ấy , nhường đến mức nhường luôn tập sách , để bà già phải dẫn ra nhà nó lấy lại ! 😂😂😂",vui
giọng lại còn ấm nữa chứ ♥️,vui
sao không cho con già đấy mấy cái vào mõm cho vỡ cái nó mõm chó luôn,gian_du
ĐỪng vào,lo_au
Hay quá ạ em sẽ cố gắng làm theo,hy_vong
khóc muốn rơi cả mắt,buon
"Trần Minh Chính chuẩn bạn,những bài thơ của sgk ngày trước mãi đi cùng năm tháng.",vui
cứ làm những j mình thích miễn là ko làm phiền ng khác là đc bro,hy_vong
Ôi xót xa quá!,buon
Sợ e là anh grap bị trả thú quá mấy ný ơi,lo_au
Trần Dinh Kini nãy nó quay qua nhìn kini nên leo dc. Giờ nó nhìn thẳng thì hết leo..,trung_tinh
"sao phải ngại nhở, các cậu có làm gì sai hay phạm Pháp thì mới ngại chứ bố mẹ sinh ra lành lặn bình thường mắc gì phải ngại? và chả có ai là không đẹp cả, chỉ có người không biết mình đẹp ở đâu và",hy_vong
"Thương cháu quá, mong con siêu thoát về cỏi tây phương cực lạc. Sáng nghe mà choáng",buon
chỉ cần đừng đen là đc,lo_au
"T sống vì tương lai và tình yêu dù là bị tram cam ghét chính mình,",hy_vong
@july107193 Ôi! Thế là mình chưa buông bỏ được cái gì cả.,buon
Giá như..tôi có thể chọn cuộc sống của riêng mình,hy_vong
rút kinh nghiệm năm ngoái 😂😂😂😂😂👍👍👍,vui
quả mặt dễ thương dữ vậy,vui
30 tuổi tháng ở nhà 2 ngày 😣,buon
xấu còn đóng vai mất dạy,gian_du
97 ko quay đầu đc nữa rồi cũng ko đc mắc sai lầm nữa,buon
Hân Như ko có hình My vs Như đứng góc bảng nhỉ kkk,vui
lâu rồi không được nhìn nụ cười ấy,buon
"mọi thứ ở Việt Nam tốt thật nhưng mà còn tính cách con người, và MXH thì đáng sợ hơn",lo_au
răng tui hơi hô 😥,buon
"mong là chuyện không có thật , chứ có thật thì đau lòng vãi ra 😪😪",that_vong
C hãy làm 1 video về các sinh viên nước bạn nghĩ gì về các sinh viên du học sinh việt hay nước việt nam mjnk ạ.,hy_vong
thấy cái thèm ts quá,hy_vong
Vinh Xuân Hoàng phụ,trung_tinh
Màn cầu hôn lãng mạn chưa đầy 24 giờ,vui
Hb Ngọc Hà ghê vl,gian_du
"Nguyen rèn từ tấm bé, mỗi ngày một ít …Để đến lúc lớn mới rèn thì khó!",that_vong
"Nhận vẽ tranh chân dung chì, màu theo yêu cầu",trung_tinh
"xem phim mà cứ nhìn cặp chân của ổng , chân gì mà dài thường thượt . chồi ôi 1m87",hy_vong
Chiến thần ôm con bỏ chợ 🤣 LuxA SA giờ về đâu Vincom giờ về đâu Vinmart giờ về đâu 🤣,vui
Chỉ cần bạn có giấc mơ 🤭,hy_vong
cũng chả biết tại sao luôn ...,that_vong
Thấy tài khoản cạn tiền mà hoang mang làm bản thân nhỡ rớt chắc xỉu ngang 🥲,lo_au
Thoai Tran Mai Anh phụ tao ik,hy_vong
tai nạn lúc làm việc lấy bánh tại nơi làm việc gửi cho gia đình người mất vcl,buon
ngày cuối cùng thực sự buồn,buon
ai trèo lên đưa cho ảnh cái áo mưa đi kẻo ướt ảnh đó,trung_tinh
chưa bao giờ được nge câu này 😞,that_vong
Hay quá anh ơi,vui
per hôm nào chụp kiểu nhỉ .,hy_vong
"Dm mày bao nhiêu người vn ko dc ăn học tới nới tới trốn mày bít ko, bao nhiêu người ko dc cha mẹ giáo dục từ nhỏ lại ở vùng quê",gian_du
t nhớ tao đang xem xxx thì chưa cắm tai nghe 😭😭😭,buon
Bị sếp la làm dạo này chẳng muốn làm gì 🥀,buon
thế nếu sóc lên xong gõ thì n có trào lên không nhỉ,trung_tinh
per nhớ thật sự,trung_tinh
Công an thành phố Hải Phòng,trung_tinh
"NT Thúy Nguyệt đúng r bạn, đăng lên câu viu ấy chứ. Thế mà vẫn có đứa nu hỏi có j lạ mà phải che",gian_du
cần lắm những sẻ chia . cần lắm những thấu hiểu,hy_vong
"tao có một nỗi sợ khác cũng khá giống con yêu tinh này đó là con yêu nghiệt ngan đực :3 con này thành tinh hung ác vãi_chưởng , đi ra vườn đéo làm gì nó , nó cũng rượt mình . đậu ! đó là tao kể ngày bé thôi chứ lớn lên tao biết vơ cây củi theo để đi ra vườn rồi",lo_au
Mặt hơi to + nhiều mụn tớ có thể khắc phục nhưng có đẹp đến đâu t cũng rất ngại.,buon
khi nhỏ còn bị nghiện mùi khói này nữa chớ . 😄,vui
cái tên nhiên này hay là tên của tiểu tam lắm. trước mình cũng gặp,buon
tạm biệt ánh sáng của đời tao,buon
Bị lậm phim “bóng ma” gì 🥹,lo_au
"khi theo đuổi sự ưu tú , sự thành công sẽ theo đuổi bạn",hy_vong
con này nó nhờ thằng kia dọn mạng nhện ý mà có gì đâu,trung_tinh
tình chỉ đẹp khi còn dang dở lấy nhau rồi nham nhỉ lắm ai ơi ...,that_vong
"Trần Hưng cùng toà với a phải ko, tối ngủ khoá chặt cửa vào a nhé",lo_au
"Tránh xa các phòng khám đa khoa- bv đa khoa gói gọn trong 1 toà nhà cao tầng chạy quảng cáo khắp cái gg. Nhất là mấy phòng khám ở Q5 -Q3 chuyên về các bệnh phụ khoa-nam khoa,các BS từ Trung Quốc ngồi nói và 1 y tá phiên dịch … nó u mê lắm. Nó đẩy bệnh cho nặng lên rồi tiêm truyền, nếu đít mày có 1 cục mụn nó sẽ nói m bin bệnh nang y,phải điều trị ,đốt,tiêm,truyền … mỗi ngày như vậy hết từ 3-10 triệu mà phải đi cho tới khi nó nói ngưng. Mọi chuyện bình thường sau khi nằm lên bàn của nó vừa làm vừa tính tiền ….cứ bấm YouTube là ra thủ đoạn chúng nó y nguyên. Giờ đang tràn về các huyện ở quê, bữa về quê mình thấy mấy bạn chị m tôn sùng họ,nói họ làm kĩ nhưng k biết rằng đang bị lừa tiền.",lo_au
tin vào lời nói,trung_tinh
Thấy làm hoang mang luôn =)),vui
hy vọng mọi điều tốt đẹp sẽ tới,hy_vong
da ngăm răng ko đều mũi tẹt tự ti tất cả vẻ bề ngoài của mình,that_vong
Bái bai ông già dô diên giữa trời đông lạnh lẽo 😞,buon
me too 🙂,vui
Hoàng Sinh siuuuuu,vui
Đặng Hưng phải thế này mới đúng Thì em có mất cái gì đâu Còn anh thì mất mấy năm rầu Ngồi trong nhà đá anh sẽ hiểu Bị cáo già câu mất cái đầu (b),gian_du
giấc mơ thành sự thật 🤣,vui
tôi hối hận rồi,buon
Mẹ cảnh ám ảnh vcl,lo_au
êu khiếp chứ thế này chết cả gái lẫn zai thôi,lo_au
tớ thấy ngũ quan của tôi cx bth cx có nét nhg ông trời lại cho tôi làn da mụn mụn ẩn lỗ chân lông trán khá khít nổi mụn nê tớ tự ti😢,buon
14 / 2 năm ngoái tao mọc sừng . nên 14 / 2 năm nay tao quyết định cưa sừng,buon
nấu thì nấu được mà không biết có ăn được hay không thôi,gian_du
Nam Mô A Di Đà Phật 🙏🙏🙏 Nam Mô A Di Đà Phật 🙏🙏🙏 Nam Mô A Di Đà Phật 🙏🙏🙏,buon
"@TvNhinhi Khi cánh cửa của một niềm vui hay khổ đau đóng lại, một cánh cửa khác lại mở ra, nhưng thường thì người ta nhìn rất lâu vào cánh cửa đã đóng mà không để ý cánh cửa kia đã mở ra rồi. Chúc bạn ngày mới vui vẻ nha",hy_vong
quan trọng là đồng nghiệp tốt và sếp,trung_tinh
bài học ý thức mất rất nhiều thời gian và phải cần có biện pháp mạnh .,trung_tinh
ông bà nội 🕊️ông ngoại 🕊️con chỉ còn bà ngoại là người lớn tuổi nhất trong gd con nên con k hiểu đc cảm xúc của ngoại khi con nói nặng lời,buon
lúc nào cũng ngồi mãi trong lớp chẳng dám ra ngoài chơi với các bạn vì mik xấu xí lắm sợ người ta chê thôi...,lo_au
nhưng tôi đéo có bạn trai thì phải làm sao ?,that_vong
"Số 10 giống t thế :(( Hồi đó lỡ coi chung với gia đình một bộ trinh thám của Âu Dương Chấn Hoa đóng, có 1 tập liên quan đến chú hề giết người. Nó kiểu ám ảnh ăn sâu vô tâm trí, không phải quá sợ hãi gì nhưng cứ thấy ghê ghê sao á. Tới bây giờ t vẫn cảm thấy chú hề đáng sợ.",lo_au
mình ko nhan sắc tên cũng ko đẹp ns chuyện cũng ko tự tin,that_vong
T rất tự ti về nhan sắc của t...,buon
chuẩn kkk 😁,vui
"bọn 6 múi yêu nhau hết rồi , tao bụng mỡ đây , tao vẫn thích con gái đây !!!!!",that_vong
Hieu Dao biet truoc r chu,that_vong
bạn có phải óc chó không ? chắc bạn không trả lời được đâu nhỉ . óc chó mà,gian_du
bài thi được điểm cao,vui
vậy thì các bác chưa biết rồi,trung_tinh
Bị ngộ phim ảnh quá rồi 😱,lo_au
@simondalat Hẹn gặp Thầy live tối nay ạ 🌹,vui
Super cướp Ballon D'or =-)),vui
mọi người bị sao thế ??? thích chơi với mấy đứa như vầy nè hài hước đi chung cười sấp mặt luôn nhây nhây vầy mới zui chớ ? tự nhiên chửi con nhỏ thấy tội nghiệp 😡,lo_au
"chứ tao mà viết đến giờ chắc dày lắm , nhiều đứa bị lôi vào sổ ghi nợ lắm",gian_du
"Minh Hồng bình thường, hiểu kiểu moi móc thì nó k ra gì, còn lại vẫn dạy",trung_tinh
"Nguyễn Huy Mạnh như này thằng vision nó chả xửng lên là đúng cmnr,đã đi sai còn chửi nó,còn tác động nó trc nữa,phải tao thì cũng nhất là bét",gian_du
Le Thi Thu Hien uh chị nak. Nguoi ngoài còn xót huống gì ngưòi nhà họ chịu sao nổi.,that_vong
yêu tổ quốc là đây,vui
Ai thích vẽ chân dung thì ib m nha,hy_vong
Nửa đêm sốc luôn á 😢,buon
Chẳng khi nào là đường 1 chiều cả. Muốn thay đổi thì ở tuổi nào cũng có thể rẽ được mà,hy_vong
Chị ơi<br>Tầm 20 ngày nữa là chúng em thi tuyển sinh rồi ạ<br>Rất có thể chúng em sẽ có một kết quả xấu<br>Chúng em phải làm sao và làm như nào hay nên làm j để vượt qua cú sooc này ạ,lo_au
"Tính ra ổng cũng đâu biết, nên lây thằng jesse dậy vô tình jesse đẩy jane ngữa ra mới sặc thuốc mà :”) mà kiểu chơi lần cuối rồi mai mình làm lại cuộc đời :”) thì chịu :”)",that_vong
"con quỷ này hồi nhỏ tao khóc vì nó hoài , thấy nó không dám đi , bỏ đường phải vòng đường khác ,",lo_au
Thời mạt pháp,that_vong
"Sợ nhất cái môn này, nhiều lúc đang đi đg thấy thổi lửa cái giật mình muốn té nhào đầu 😵‍💫",lo_au
Hồi cấp 3 con bạn cùng bàn có dare t nắn ngực nó Đến bh t vẫn chưa được sờ vào ngực người phụ nữ nào,buon
Tỷ ông chuyển 1 đồng thôi nó mới cay 🤣,vui
Nam mô a Di Đà Phật 🙏 thương hoàn cảnh 2 em quá,buon
bị nói xấu sau lưng làm bản thân thất vọng toàn tập 😞,that_vong
thần trí tỉnh táo lòng vẫn kiên định chân vẫn đứng vững nhưng nỗi sợ này là gì nhỉ ???,lo_au
lúc đấy là mình mình cũng lắng liền rồi chắc trào nước mắt mất,buon
Thuỳ Dung Bình thường giao thông sẽ có camera đợi 1 2 ngày nữa có sẽ video nên chưa biết ai đúng ai sai được… ở đâu mình không biết chứ dưới mình bỏ chạy mà bắt được lấy xe về xã xử lý chứ không có đánh như này… 😂,trung_tinh
Tôi không có nhan sắc nên tôi rất ngại khi ai đó nhìn vào mặt tôi😕😔😞,buon
per mi phải học con nay bán hàng lai chim mới chạy hàng này,trung_tinh
tội bà vợ,buon
Vy Lương ui trời =)),vui
K dám xem k dám nghe tiếng các con khóc.Thương quá.sao các con lại phải chịu đựng nỗi đau đớn đó. Trong kki con mình chỉ cần khóc 1xíu là phải bồng bế trên tay dỗ dành.Sao mà xót đau lòng quá. Mong pháp luật trừng trị thật mạnh tay tới những trường hợp ntn.,gian_du
Ho My Linh đón như thám tử chuyên nghiep vụ ngầm,trung_tinh
My Tam ChuĐào Xuân Lộc ghê điên dị chời,gian_du
t là đứa vẫn còn tính trẻ con nên ko hợp với mấy đứa bn girl phố nên t ko bt nói j có khi bị bơ,lo_au
per muốn coi cái khúc vẩy xong rồi dừng lại làm sao ấy . kkkkk,vui
Tôi nghiệp 2 anh trai,buon
thằng ăn ốc đéo phải trả tiền thằng đổ vỏ lại phải trả tiền …,gian_du
T uống coffee house toàn kẹt trân châu ở ống hút vì trân châu to. Hút phồng mồm cũng có lúc tụt cả hột vào họng nuốt luôn.,lo_au
Lên vụ ở Vĩnh Long đi ad,hy_vong
"Em thật sự đã gạt được cái cớ của bản thân sang 1 bên sau khi xem video của chị đấy ạ. Em quá biện hộ cho bản thân khi cuộc sống của em bị xáo trộn. Em sẽ nhận lỗi hết, cố gắng tốt hơn hằng ngày và bình tâm cho bản thân mình, thay đổi. Hy vọng kì thi đại học của em sẽ suôn sẻ...",hy_vong
Phuong Pham chuẩn luôn thủ khoa đầu thai là ko sai,trung_tinh
mắc dại thiệt chứ,that_vong
nhìn stt đồng cảm khủng khiếp .,buon
Vũ Phạm Đình Thái đấm nó a black👊,gian_du
gãy tay,that_vong
"Ola Smile quảng cáo em nói nè, hay lắm.",vui
bản chất tham lam của con người thể hiện ngay từ những việc nhỏ ..,gian_du
em luôn tự tin về bản thân vì đâu ai đánh giá bề ngoài của em đâu quan trọng là tính cách(theo em)🐱,hy_vong
quan trọng vẫn là cái phải đẹp trai . rồi mới sau đó nữa ... lạ gì các bà,gian_du
Vàng giả cũng không hít,trung_tinh
Rose Nguyen thấy bảo ghen chuyện tình cảm xích mích cãi nhau ạ. Có thủ dao thì chắc là cũng có kế hoạch từ trước rồi á.,that_vong
Quá kinh khủng luôn,lo_au
"Tiin.vn nếu oto loại 29 chỗ để ngoài trời mà trời nắng như hôm qua thì nhiệt độ ko phải 45 độ dâu nó sẽ là đỉnh điểm lúc trưa sẽ là 55,60 độ c nhe",trung_tinh
biết chứ dã từng sài,trung_tinh
Vừa ra khỏi phòng họp xong cười te téc 🤣🤣🤣,vui
Nguyễn Gia Khang lỏ thế e🤣,vui
Nên có những club offline từng tỉnh thành để giúp mọi người cùng vượt qua,hy_vong
Người ta vầy mà bảo k chào,gian_du
Chào anh chị em trên diễn đàn 🎉❤🎉😊,vui
"Ước mơ của các Cô Hoa Hậu, siêu mẫu, diễn viên nổi tiếng trên toàn thế giới là được cậu này bén duyên về chung một nhà",hy_vong
tao cũng vậy nè . lắm lúc đi với chồng mà cứ hỏi bên này bên phải nhỉ bên này bên trái nhỉ . mệt mỏi,gian_du
Việc suy nghĩ về cái lý do mà mình buồn là 1 cách thực sự rất cần thiết để giảm bớt và vượt qua nỗi buồn !,buon
Lan Ho uh giống quá hơ 😅,vui
kh giỏi giao tiếp.,that_vong
Ly hôn giờ này là quá muộn rồi ý 😡😡,that_vong
"Cảm ơn bà Giang nháaaaa hiuhiu thỉnh thoảng em cứ bị nghĩ linh tinh mệt mỏi ghê, nhưng chắc từ giờ sẽ đỡ hơn rồi áaa - chưa xem video nhưng em biết sẽ là như thế mà kekeee",hy_vong
nhắm mắt đi ngủ cx phải chỉnh lại tóc tai chỉnh chu vì sợ mn thấy mik 6 ..,lo_au
lâu rồi mới thấy anh Thành lên lại video hóng đợi mãi và chúc anh có nhiều sức khoẻ ạ,vui
Cả cuộc đời tôi có lúc nào là không hối hận đâu 😩,buon
"Hối hận nhiều sai lầm từng làm ở mỗi thời điểm trong cs, dù là mấy chuyện nhỏ có to có nhưng đa số mỗi lần nhớ lại là thấy cắn rứt vì sự ngu ngốc của bản thân",buon
Loại con khốn nạn vậy.dù mẹ mjk có như thế nào cũng là ng sinh ra mjk nuôi nấng mjk lên người,that_vong
"Mỹ Phương thiệt đó c, ảnh cho e thuê đất mở quán cafe mà😊",vui
tao thích bài này lắm luôn ý,vui
sở khanh như boss chịu liền .. đẹp trai quá trời ui,hy_vong
đứng tim luôn,lo_au
đi xem 1 mình có sợ ma không 🤔,lo_au
"Mọi người ơi chốt đơn thành công món đồ ao ước, cười bể bụng 🥳",vui
Dung Nguyen ôi sao mà giống mình vậy sợ bẩn đi học không giám đi vệ sinh cứ phải đợi về nhà mới đi.cho nên bị đường tiết niệu Không thể chữa được đã đi bệnh viện lớn nhiều lần đau không tả nổi đã 19 năm,lo_au
Tự hèo là ng việt nam🥰🥰,vui
riêng đéo gì tối nay mà khóc với lóc,gian_du
@Phiadongnuoclao Sẽ có lúc nếu bạn viết mỗi ngày,hy_vong
Rớt đại học một lần làm mình trở nên tự ti về bản thân quá,buon
Xử trảm em ấy là vừa ko còn từ nào để nói nữa ă,gian_du
và mày chợt nhận ra người yêu củ của mày có người yêu mới huhu,that_vong
nghe lần 3 đéo thấy hay,that_vong
Bông Giày Đẹp tuổi thơ m nhỉ,trung_tinh
"đi học mà gặp mấy nhóm đông ng toàn nhìn thẳng cứ thế đi nhanh qua . tại t vừa đen , xấu mặt lại có khuyết điểm nên chẳng dám nhìn ai",lo_au
ai hộ tớ vd ghim đk ạ(có trả),hy_vong
trời ơi tháng 6 tôi về nước bạn có liên hệ với tôi được không bạn bạn ơi,hy_vong
"Thật sự cảm ơn những kiến thức và trải nghiệm mà anh chia sẻ, những video giá trị này giúp em có động lực, thay đổi tư duy của mình và có góc nhìn tích cực hơn về cuộc sống &lt;3",hy_vong
93 vỡ nợ đợt covid 1 tỷ. giờ còn hơn 200tr làm công ty. bom chen mãi lên dc trưởng ca sản xuất 🥺,that_vong
bà chủ tịch giả mang thai và cái kết,that_vong
haizzzz đó là 1 câu chuyện khá bùn,buon
ăn cả thế giới đã,hy_vong
"Còn khóc được là tốt rồi em ạ, bước đệm để mình mạnh mẽ hơn sau này, cố gắng lên, mọi chuyện sẽ ổn hơn thôi, còn về mqh của em thì em nên dành tgian để xem lại liệu bạn nữ ấy có cư xử tốt với mình không nhé.",hy_vong
Tự ti s mik lại xấu ntn,buon
"Tôi cũng ước gì cũng có nội chắc giờ này tôi hạnh phúc nhất, mà tiếc là tôi chưa được nhìn thấy nội và dáng người nội như thế nào nữa",buon
"giá như không xuất hiện trên cuộc đời này chỉ là ngọn cỏ cây, thì đã không chịu khổ như hiện tại",buon
áp lục việc học bị mẹ và gđ la stress quá mệt mõi :((((,that_vong
@m45 làm tròn m5🗿 mặt mụn tự ti 🥺,buon
tôi đã có 1 tình bạn đẹp hoặc có thể là đẹp nhất đời tôi nhưng người bạn đó đã có nhiều người bạn mới thú vị hơn mới mẻ hơn nên đã bỏ tôi..,that_vong
chị ấy được đào tạo qua lớp người nhện bắn tơ nên không biết sợ 😂😂😂,vui
hối hận vì chọn thi học kỳ bỏ đi khám chữa bệnh. nếu ngày đo đi khám có lẽ sẽ có 1con ng hoàn thiện hơn...😞😢😭.,that_vong
lúc đầu tao còn tưởng thật ấy chứ,trung_tinh
sợ thế,lo_au
Liên bang Cộng hòa Xã hội chủ nghĩa Xô viết,trung_tinh
đây là lần cuối cùng các bạn nhìn thấy anh ấy,buon
cmt thế thôi chứ thật ra còn trả dám ấn vào video để xem . đời tao tởm nhất là lũ nhện mà hay gặp vãi :((((,lo_au
nếu k lấy đc trái tim của đàn ông hãy để cho đàn ông kính nể bạn,hy_vong
"Chị Giang nói hay quá à. Nói đúng điều e đang cần ngay lúc này..Em đi làm môi trường văn phòng sợ đủ thứ. Sợ ko hoàn thành tốt cv, sợ ko làm hài lòng người khác... Cảm ơn chị đã chia sẻ",lo_au
no ́ xâ ́ u tao thi ̀...,gian_du
tin vui cho bà con nông dân chuân bi vào ngày gặt lúa sắp tới,hy_vong
cái video đầu làm hết hồn per per,lo_au
cơ mà tao bị thần kinh thật,lo_au
mười mấy năm nữa tao cũng sẽ đạt kỉ lục thôi 😂😂😂,hy_vong
cno tưởng mik trầm tính,trung_tinh
đồng nghiệp của tôi là ai 😑,trung_tinh
mình cũng từng tự ti ngoại hình lắm nhưng mà sau đó mới thấy rõ ràng cho dù mình có ko đẹp nhưng sự niềm nở và vui vẻ của mình làm mn quên mắt ch đó:),hy_vong
Bây giờ mua cứ bắt thanh toán trước mất tiền là lo nhận thôi,that_vong
bọn lừa đảo,gian_du
bất kì hoa gì có mùi đều không thích,gian_du
Khóc rồi,buon
"@Trung_crypto_ đúng rồi bạn, nghèo nó kéo theo nhiều nỗi sợ khác",lo_au
"Gửi lời chúc sức khỏe đến em, chúc vạn sự an lành & may mắn 🍀…. Mong các nhà Hảo Tâm vui lòng giúp đỡ trong cơn hoạn nạn, chúc em vượt qua mọi kiếp nạn … cám ơn tấm lòng Nhân Hậu của cô gái tốt bụng giữa xã hội thời nay… 🍀🍀🍀🍀🍀🌹🌹🌹🌹🌹",hy_vong
Hoàng Tùng đau lắm chú ạ,buon
li dị xong đổi họ và tên của con luôn cho nhanh gọn. Họ của thằng cha cũng k xứng đi theo cả đời trên giấy tờ của con gái 🙂,gian_du
"50%thoi, còn tùy theo GĐ nữa nhé",trung_tinh
"đi chơi gặp 3 con mất dậy này vừa bị dí vừa bị cạp đít đau không chịu được sau phải nhảy lên cây để trốn , giờ gặp là sợ 😭😭",lo_au
t ko cần cùng tần số miễn t chs thân thôi,trung_tinh
Đời làm gì có nhân với quả. Em gái còn bao dang dở mà lại kết thúc như vậy,that_vong
t ngắm người yêu tao cười mà càng ngắm tao càng yêu lúc giận cơ nhìn muốn cắn cho mấy phát tao bị cuồng người yêu rồi cái,hy_vong
mày làm anh tao hơi lâu rồi đấy,gian_du
ai hát tao cho tao nge bài này chắc tao say quá,hy_vong
đọc tin nhắn đầu thấy cay cay ngay mũi,gian_du
Nhớ lại trường hợp thằng bé cấp 3 năm nào nhảy từ cửa sổ toà chung cư😭😭,buon
Lý Thị Thiết chụp cả lò nhà nó chứ chụp.chụp cccg lúc 10h tối,gian_du
Chúc mừng Ngài,vui
tha cho cô chú đó đi,lo_au
Lê Thuý Quỳnh khét đấy 🤣🤣,vui
"đẹp quá mày , còn không cho tao xin ít",hy_vong
Đã ngoại tình dù vì bất kỳ lý do gì cũng chỉ là: khốn nạn! Nên thoát được khỏi đứa khốn nạn thì phải cảm ơn,gian_du
"Cỏ Ba Lá đôi khi câm tẻ cho xong chuyện, nói ra đúng cũng thành sai",that_vong
vì bạn chỉ là con trai nắng hoặc em gái mưa thô :(,that_vong
per sợ nhện đúng không,lo_au
tiền nhiều để làm gì khi tình không còn,that_vong
đúng phải chia tay gặp loại óc chó thế này cơ mà,gian_du
"t thấy bản nhạc quốc ca này hay nhất từ trước đến nay luôn ý, mà ko hiểu sao bên bóng đá trước đang dùng giờ lại đổi qua bản mới kém hào hùng hẳn đi y",that_vong
Đây là phim hay nhất từng xem.,vui
"Đàn ông hay đàn bà gì cũng vậy ngoại tình là khốn nạn như nhau, bỏ nhanh miễn xin tha thứ.",gian_du
Thật khi tôi chx đc như bây h đi đâu cũng tự ti,buon
úi giời khiếp quá !!!!,vui
khôn vặt như này ai chơi lại,gian_du
tao coi tao sợ nó lọt quá bây,lo_au
"bị chó rượt cũng không đáng sợ bằng mẹ này . gặp chó mà có ý định rượt thì đứng im hoặc đi nhẹ nhàng nó nghỉ rượt . còn mẹ này chạy mẻ rượt , đi nhẹ mẻ rượt , đứng im mẻ mổ như mổ thức ăn . thiếu điều muốn quỳ lạy van xin mẻ luôn .",lo_au
"Sao cô giáo vô trách nhiệm thế thấy cháu nghỉ mà không hỏi gia đình,không hỏi lái xe",gian_du
"cách vượt qua bất ổn tâm lý:<br>1- 5 nhìn, 4 chạm, 3 nghe, 2 nếm, 1 ngửi<br>2- tư duy 3%: mỗi lần thực hành thành công +3%<br>3- Phương pháp thở 4 thì:<br>+ Hít vào bằng mũi (bụng phình) 5s<br>+ Giữ 5s<br>+ Thở ra bằng miệng 5s<br>+ Giữ 5s",trung_tinh
Khi đó ko phải là Campuchia mak là Khơ me,trung_tinh
Mai Phương f,trung_tinh
A Di Đà Phật🙏 rồi chính con trai của cô sẽ nhận đc quả mà nó đã trồng lên thôi,gian_du
luôn muốn trở thành không khí khi ở nơi đông người luôn che mặt đi muốn 1 mình,buon
"tui làm chúa hề trên lớp nhma về nhà ko ai qt đến tui đó là sự thật, ko bao h tâm sự những chuyện của t vì t sợ t phiền lắm",lo_au
Nghĩ lại cuộc đời chọn sai nhiều thứ thật nghe nhạc mà muốn kết thúc hết tất cả quá,that_vong
hối hận thì hối hận. nhưg đoạn đường phía trc thì nhất định phải đi,buon
Những thành tựu đó sao sánh bằng kỷ lục 1000 bàn thắng 😌,vui
"Anh Ars vào xem lịch sử chỉnh sửa, có khi t cmt page nó nhột nó sửa lại rồi.",gian_du
hối hận nhất là yêu 1 ng k yêu mình,buon
sao không giúp ngta ba,that_vong
"Tuấn Dương thế đã có 1000 bàn thắng chưa mà gáy, mắc võng nằm đợi pen có khi đến 2026 đỉnh cao đời người chưa chắc đã đạt mốc 1000 bàn đâu",that_vong
giờ thì hiểu sao giáo dục liên tục dính phốt rồi hén .,that_vong
anh chân thành nên anh tổn thương :((,that_vong
"dume về bố lại táng cho bờm đầu , có thể là lần cuối được đi xem đá bóng của cháu nó",buon
Mb huấn luyện mà. Hàng tận dụng thì chấp nhận thôi. Kỹ năng của phi công được rèn luyện,trung_tinh
A ơi a chỉ e cách khắc phục khi bị rung tay và hồi hộp đột nhiên được không ạ a k tìm ra cách khắc phục 😢,lo_au
Ra đường 1 điều nhịn là chín điều lành,trung_tinh
dẹp . đéo lưu luyến .,gian_du
ý anh là đụ em xong có con rồi ct á hả ậy,gian_du
Vương Hạnh trùng tên ạ 🤣🤣,vui
"Nam Mô A Di Đà Phật , mong anh chị luôn khỏe mạnh , vượt qua mọi khó khăn , luôn hạnh phúc bên nhau",hy_vong
ánh mắt thằng con muốn nói : cứu cháu hình như ba sắp ném con ùi,lo_au
rất tiếc cho 1 bài quyền,that_vong
Chả hiểu sao cứ nghe Quốc ca là rưng rưng,vui
Cơ quan quản lý chức năng đâu rồi? Nếu đúng thế thật thì phải xác minh làm rõ trách nhiệm chứ? Để người dân khổ vậy sao được?,gian_du
bài này hay tuyệt vời đấy ❤️,vui
"Đúng vậy được sống đã là một món quà rồi, thất bại ta lại đứng lên đi tiếp",hy_vong
hiền thì hiền thật đấy cơ mà quá ngưỡng nhịn thì bùng phát thôi 🙂,gian_du
ba mẹ tao chửi tao tao chỉ biết câm họng và bưng tô cơm ra chỗ khác vừa ngồi ăn vừa khóc một mình cho dù biết răng mình k có lỗi 😭😭 !?,that_vong
93 khổ nhiều giờ cũng đỡ hơn chút,buon
nhốt hết mấy thành phần hát karaoke đấy vào sọt đi trời,gian_du
Mẫu c.gái của tui 🥰❤️😂,vui
giống t 🥺👍,buon
"dùng iq xíu đi mấy má , người ta đang mô tả tình yêu của người ta",gian_du
con rắn thật nó lại tưởng đồng loại nó chui mọi người vào ở luôn,lo_au
"đưa lên để nhận đồng cảm à ?? họ sai họ chịu phạt , còn người ta đỗ xe như thế bạn chả có quyền gì đuổi người ta cả . bỏ dần tư tưởng đường trước cửa nhà ta là của ta đi .",gian_du
đi ngang trong đám đông chỉ dám nhìn mặt xuống đất đi,lo_au
Nhi Little đúng là đời,that_vong
giây 16 thấy cấn vấn rồi đó 🥰,vui
xin hãy public sdt ạ :)),hy_vong
"sợ nhất mấy đứa ảo tưởng sức mạnh , nhắn tin nhiều chút là auto mình thích nó",lo_au
Chuẩn luôn :(,that_vong
Đúng là Đẻ cho đau lol 😞,gian_du
chơi thế không hay nha page dume,gian_du
"Tự hào 2 tiếng ""Việt Nam",vui
Tôi rất nhớ nội của tôi… hối hận nhất cuộc đời là tôi k thành công khi nội còn sống.. ngày cấp 3 nội có 3 đồng đều cho tôi 2 đồng… tiếc thật đến lúc nội nhắm mắt rời bỏ thế giới này nội vẫn nhìn tôi..,buon
lo về điểm ghê,lo_au
Sợ thiệt luôn. Giống trong phim quá vậy chèn,lo_au
mình đây là dân Bình Thuận mình hiểu rõ độ phức tạp của quê mình báo chí nêu rõ tên của tài xế rõ chổ ở của tài xế. chuyến này a chạy Grab khổ rồi . bọn này dây điện cao thế nó còn dám cắt trộm đấy,lo_au
Khốn nạn vcc. Mình đi đẻ đau đẻ chấp nhận đẻ sống không nói làm gì vì sợ ko tiêm ko có biết cơn đau ko dặn đc. Xin tiêm tê bác sĩ nhất định ko tiêm nhưng đẻ xong có cảm ơn bác sĩ 2 triệu bác sĩ vừa khâu vừa tiêm tê cho luôn 3 mũi. Phòng khám thất đức thế mà tồn tại đc,gian_du
Thơ này bị ngấm nước khoái,gian_du
Nhỏ không học lớn lên ngu như Do Chau Giang,gian_du
chị ơi em suốt ngày chỉ ngồi ở nhà và sự hiểu bik của em về mọi thứ trong cuộc sống không bằng bạn của em nên mỗi khi nói chuyện em ko có nhiều hiểu bik để nói . chị cho em vài lời khuyên được không ạ,lo_au
âu cũng là kiếp người . tại sao ông trời lại đày đoạ con người ta đến như vậy,that_vong
C này nhìn quen thế. Có 30k mà đánh ngta ntn. Mà phụ nữ với nhau. Sợ thế.,lo_au
nhìn mặt nó nhăn nhó khó chịu vãi,gian_du
Minh Khổng có phần tin tức thôi ấy,trung_tinh
tu hao khi goi 2 tieng Viet Nam 🇻🇳🇻🇳🇻🇳,vui
khẩu trang là thứ ko thể thiếu khi ra ngoài.. tự ti chính bản thân mik ^^,buon
hối hận nhất là đi lấy chồng,buon
người trái đất thật đáng sợ mà - _ -,lo_au
dù bị tụi nó đập mik vẫn cười :),vui
@quynh.029 @be_pi0503 nàoooooo,vui
Myru Brett Nguyen chết mất nhỉ cầu hôn là tới số luôn khíp quá thôi tốt nhất là no no liền mà nghe bảo vào nhà nghỉ tâm sự là bảo kô em phải về kô má biết má la nha,that_vong
Ngày mai lai thấy thùng sốp,trung_tinh
Tuyett Ly Mai Thi Le Anh xem đi đến lúc lấy chồng cho khỏi bỡ ngỡ,trung_tinh
grap thật chứ ko phải ấy đâu🥲,trung_tinh
Loại này lại nghe lời con mụ vợ rồi,gian_du
cầu mong chú có cuộc sống tốt hơn ❤,hy_vong
xinh quá !,vui
"Ôi , cháu e à 😞 xin chia buồn cùng e và gđ",buon
Sự tàn nhẫn của công ty này còn ghê rợn hơn tai nạn của cô nhân viên nữa. Quá kinh khủng khiếp.,gian_du
nếu 1 ngày per theo thằng khác và per cũng có bỏ bạn mà đi thôi huhu,that_vong
per tao đã làm cho mày đau lòng nhiều lắm ư 🤔,buon
Mỗi lần nghe chị Giang nói : &#39;Nhưng không sao có mình ở đây và mình thương các bạn&#39;. Cảm giác ấm áp nó trấn át đi nỗi buồn cực nhanh hjx ❤ Chị ra toàn video đánh trúng tâm lí người xem :( không xem là không được,buon
per xem đi haha,vui
"Thiệt. T nhờ bn nam lm giúp j đó, t ngại nó ko thích. Thế là t tự lm mẹ luôn cho khỏe. Sợ ngta nói mình ko đẹp còn yếu đuối. Riết t như lực sĩ vậy!",lo_au
Tao đã bỏ lơ chuyên môn 2 năm để đi kiếm cái khác xong quay về mất 2 năm kiến thức :(,that_vong
Tự tin nênn:)! Các nàng sinh ra để TỎA SÁNG!,hy_vong
và khi quay lại nói chuyện với nhau .... biết nói gì giờ huhu,that_vong
nhìn thôi cũng đau lòng,buon
Hối hận vì lấy ck thời gian quá sớm,buon
"Cứ stress là nó nghỉ đến chuyện ấy 1 ngày 2,3 lần ko bỏ đc",buon
"chị ơi, em muốn hỏi vì sao có nhiều tiêu cực, mệt mõi, áp lực như vậy nhưng chúng ta vẫn phải cố gắng thế ạ... :((",buon
Cuộc đời em sai nhiều quá rồi …,buon
Video này là của bọn Việt Tân dàn dựng để nói xấu nền giáo dục Việt Nam đấy. Phải bắt bỏ tù hết những người chia sẻ video này 😃,gian_du
😍😍😍😘,hy_vong
"Sai 1 li đi 1 dặm, 1 lần sai lầm phải mất cả nhiều năm để sửa",that_vong
thấy chưa ... ổng lấy váy cưới của vợ kìa . t nói đâu có sai . :v,vui
"Trần Minh Tuấn haha, rồi nâng nỗi ko mới được🤣🤣",vui
Ah ah ah ah ah 😅😅😊😊😂🎉,vui
sợ vãi linh hồn,lo_au
"Thực trạng không chỉ ở Nhật mà tất cả các quốc gia thuộc khối Đông Á. Rõ ràng là khối Đông Á nên học hỏi khối Bắc Âu về phát triển bền vững thay vì cứ kiểu tư duy làm việc đến kiệt sức mới la người hữu ích cho công ty, cho xã hội. Giải pháp trước mắt là quy định chỉ làm việc 5 ngày/tuần. 40 giờ/tuần. Công ty nào vi phạm thì bị phạt nặng😊 Đấy là ý kiến của con ếch tôi thôi😊",trung_tinh
Tội lỗi lớn nhất của đời người là bất hiếu.,gian_du
định share mà đọc bình luận tắt con mẹ nó cảm xúc :(((((,that_vong
mình đang bận việc mà có đứa nhây vậy là có đứa toè mỏ,gian_du
tự hào quá🥰Việt Nam 🇻🇳,vui
Mất mạng có ngày,buon
Thực sự buồn. Giờ đi ra đường phải tránh mấy nhóc choai choai này ra chứ nhỡ dụng phải cũng mệt,lo_au
Thuỳ Dung ùa đánh đúng lắm bữa nào tới con cháu hay dòng họ của mày bị đánh vậy đi rồi mới đúng,gian_du
Cha mẹ nó chắc hoi han cả đời,that_vong
Phụng Nguyễn Phạm Bảo Trung biến thái z trời,gian_du
"Xã hội thì phát triển công nghệ, nhưng dân trí lại phát triển lùi.",that_vong
tỏ tình vs gái :))),vui
The Crepusculum m ơi t chỉ nhìn thấy hay tự nhiên đi đường thấy nó là t đi cách xa rất xa luôn xong đầu t bị ám ảnh ý,lo_au
chứ t có bt trả lời sao đâu 🤩,vui
bị lấy khuyết điểm ra trêu cũng chỉ cười cho qua chuyện,that_vong
T k đẹp nên mỗi lần bắt chuyện với mấy bn nữ mà mấy bạn ý cười thôi t cx ngại vl ra rồi ấy k dám bắt chuyện nữa luôn,buon
"Bún Cá nó có hiểu là khi đi làm gặp tai nạn lao động là chuyện xui rủi không nhỉ? người ta do sơ ý mất giây cũng có thể gây ra tai nạn chứ có phải do ngu hay k đâu, ngay cả công ty cũng chi trả hàng tháng cho bhtn thì việc đ gì đi trách nạn nhân ngu trời.",gian_du
Rồi những thằng đã hành hạ chú sẽ nhận được sự báo ứng gấp 100 lần chú nhìn video bọn nó hành hạ chú mà quá dã mam,gian_du
mong mai sau cũng được như ông bà,hy_vong
Luong Nguyen để công khai đi ạ,hy_vong
"Cảm ơn cô Giang. Con đang gặp rất nhiều chuyện từ gia đình, bạn bè, tình cảm tất cả đều có vấn đề và nó gây ra cho con rất nhiều suy nghĩ tiêu cực. Nhưng khi con xem và làm theo thì nổi buồn cx đã giảm ik 1 phần nào r",buon
anh ơi ....😭😭😭,buon
là gì nhỉ ???,trung_tinh
"đôi khi cũng muốn dỗi lắm , nhưng nghĩ lại đéo có người yêu mà dỗi",gian_du
Việt nam : đến là đón :)),vui
Linh Hany mk nói nhân viên giao hàng k nói khách b nhé,trung_tinh
t thân với ai thì t mới nói nhiều giờ t có thân với 1 đứa trên mạng mà gặp ngoài đời t cũng im ru mặc dù trên mạng gọi điện nchuyen nhắn tin nói lia lịa nhưng gặp ngoài nó lạ lắm,lo_au
"Trà Nguyễn mình sợ nhất loại người như thế, chính vì suy nghĩ sợ người ta cười chê là đã giết chính bản thân mình rồi, nặng hơn là lây lan qua cả người thân.",lo_au
Dung Phung gái có công thì chồng khg phụ Yên. Tâm. Đi.,hy_vong
Cuộc sống ngắn ngủi quá!,that_vong
"Lan Anh VU mãi mới thấy 1 cmt đúng cả 1 nhà máy sx mà bảo dừng là dừng ngay sao được ảnh hưởng đến bao nhiêu thứ. Họ chỉ dừng và xử lý dc máy đó thôi chứ. Mình đọc báo Hàn thì thấy cty cũng cho 1 số nhân viên nghỉ, nhưng các nhân viên ở phòng khác, tầng khác họ cũng đòi nghỉ vì k muốn đi qua tầng đó. Ncl cty cũng phải xử lý từng chút rồi, chứ mng cứ nghe báo Việt thêm mắm dặm muối phát sợ",that_vong
tao thì muốn là đéo bao giờ . nhưng mẹ tao thì muốn ngay bây giờ,hy_vong
Mong nội một đời bình an va hp,hy_vong
"bị ngỗng mổ sợ vãi_chưởng , hồi bé tao đã không sang nhà b tao cả tuần trời vì nhà nó mới nuôi ngỗng mà bình thường tao toàn ăn chùa cơm nhà nó thiếu điều làm con nuôi nhà nó nữa thôi nhắc lại mới thấy sợ vãi",lo_au
Thì cứ làm chính mình là tốt nhất,hy_vong
T ủng hộ anh áo đen đội mũ ngành😆,vui
Tại mình đã quen với việc không có tiếng nói.,that_vong
đang chán đời cắt tóc xong là chán cái mặt hơn chán đời luôn :((,that_vong
má đoạn đeo mặt nạ kinh dị vkl,lo_au
Chỉ khi tâm bạn không đủ đẹp thì mới nên ngại,trung_tinh
sống nay cht mai v khỏi lo☺️,hy_vong
sống 17 năm chưa crush ai bao giờ,buon
"đúng luật thị trường cung - cầu thôi . ai cấm các bác ra phố gửi xe , hoặc đi taxi đến . chui vào viện làm gì ?",gian_du
Mình là Thiện đây mình đính chính là mình không thân bạn nữ này nhé 😃,trung_tinh
nhìn mẫu này lạ mắt mà đẹp quá,vui
nhưng nó lại đéo thích :>,that_vong
tao hiểu cảm giác đó,trung_tinh
Hic. K nghĩ là vào gia đình bạn tôi. Thương quá nàng ơi. Đau từng khúc ruột,buon
quá buồn,buon
"ô vậy ạ… cam on mng, lúc nãy run tay tìm mà k thấy luôn ạ…",that_vong
có tiền thì có vị ngọt và không có tiền thì đắng và cay thế thôi,that_vong
nghĩ học đi làm ☺️,hy_vong
da ngăm răng hô góc nghiêng ko đẹp mụn....,buon
Bạn nam umh 1 cái t muốn rụng tim,hy_vong
chắc làm theo yêu cầu,trung_tinh
Đúng^^,vui
thằng nào chưa bước vào quán bar hay karaoke giống tao không 😂 trai ngoan điểm danh 😄,vui
năm nay vào quán net ngồi cho đỡ phải nhìn .....☺️,buon
Quốc Ca dân tộc ta là sự ghi nhận theo chiều dài lịch sử từ khi chưa có độc,vui
nó hiền thôi chứ nó hung lại đấm cho không trượt phát lào . 🤣,vui
Năm 20tuổi bỏ người chồng yêu thương chờ đợi mình suốt 5 năm trời. cả đơi này đó lag điều hối hận duy nhất,buon
Sau khi người già chê.t đến bằng tỉ lệ sinh thì dân số ít lúc đó chất lượng cuộc sống cao. Ít ô nhiễm và bớt stress hơn chứ đông quá cạnh tranh nhau dẫn đến k có tgian cho cuộc sống. Vd như úc và các nước châu âu chất lượng cuộc sống của họ rất tốt.,that_vong
tốt nhất là cần công khai minh bạch là tốt hơn,trung_tinh
đã gặp được em đúng lúc . nhưng lại không phải thời điểm em muốn ....,that_vong
lại mưa 😞,that_vong
"Thiếu đ gì xe, đến năm 2025 xem lại vất đầy kho như VF34 bây giờ nhìn mà sót lắm 🥴🥴",that_vong
đen răng hoo nhưng làm Ltrưởng 😌😌,vui
@TvNhinhi Phải biết trân trọng cuộc sống hiện tại bạn nhỉ,hy_vong
thiecc lun môi thâm răng xấu k dám cừi lun á😭,buon
"Nhỡ rớt chắc xỉu ngang quá, sợ rớt môn quá",lo_au
Hối hận thực sự khi ngoài kia bạn bè của mình vẫn hồn nhiên vô tư vs cuộc sống ngoài kia còn mình thì phải lo cho ck cho con gia đình ck rất cuộc hôn nhân là gì,buon
Tình trạng của mình rất giống video. Sợ môn thể dục vì sợ bản thân làm không được sợ mọi người nhìn chê cười bị xấu hổ. Vì tự ti về ngoại hình,lo_au
nhắn với người yêu còn đéo nhẹ nhàng như vậy =)),vui
Chị yêuuuuuuuuu<br>Thấy thông báo là vô luôn <br>Hóng ngày chị tổ chức fanmeet ở SG ạ : &gt;,vui
má chắc gặp tao chạy mất giày,lo_au
@july107193 Buông bỏ một người đã rất yêu tôi,buon
"chổ t lên cầu thả cá mà dưới sông ghe cào,ghe chài đứng đầy mé sông🤣",vui
"Mình rất đánh giá cao những quan điểm của bạn, cảm ơn bạn đã chia sẻ đến mọi người. Khi chúng ta nhìn nhận cuộc sống theo cách tích cực thì mọi thứ tốt đẹp sẽ đến với chúng ta.",hy_vong
Cho mình xin dc được ko ?,hy_vong
"tưởng chỉ có trong phim thôi chứ , nay chơi vậy luôn à",vui
per xem xong hình như tao mới bị thêm bệnh tiểu đường,that_vong
thấy tội nó ghê ????,buon
Trời ơi cháu đang cần 1 vlog như này lắm :’),hy_vong
Ác ôn con ng vs nhau mk như vậy k có tình ng,gian_du
thôi mày cố lên . đỡ rồi cũng tốt,hy_vong
"em da ngăm, em mũi tẹt,em bị hô, nhưng bù lại em ko có mụn ,mắt lá liễu,hai mí ,ai cũn có khuyết điểm nhưng đừng tự ti quá nhé 🫂",hy_vong
ma thì làm sao đáng sợ bằng vợ hả người anh em thiện lành ??????,lo_au
Bắc Bún chó vs chả má xin video cs bro ơiii,vui
per còn nhớ cây nay không,trung_tinh
"Ngọc Liên tui giống bạn á. Sợ ma cương thi lắm 🥲🥲 hồi đó lúc tối ở nhà với mẹ. Mà mẹ đi tắm, mẹ kêu đưa em ngủ. Mà nhà có 3 mẹ con thôi. Nhà nội đi hết rồi. Hàng xóm thì ngủ sớm, 8h mà tắt đèn rồi. tui ngồi sợ đổ mồ hôi lạnh luôn á. Cứ tưởng tượng nó đứng ngoài cửa sợ zl 🥲🥲 mẹ tắm có 15p mà tui tưởng như cả đời người. Má ơi thấy lâu dã man",lo_au
cuộc đời bà đã nấu hơn 50 nồi bánh chưng rồi nhưng bà chưa bao giờ thấy ai cắt tóc ngắn đi mà xinh như thế này các cháu ạ .,vui
Mong bé mau hồi phục. Thương quá. Gửi năng lượng chữa lành những nỗi đau cho bé sớm khỏe.,buon
Cứ xem những hình ảnh này trong lòng lại thấy nao nao.kí ức ùa về.ôi thèm cái cảm giác ngày xưa,buon
"thớt này chụp kém vãi , 1 khung cảnh mà chụp tận 3 bức , 3 in 1",gian_du
Trời mưa tự nhiên nhớ người yêu cũ 🥀,buon
tao có hiểu đéo gì đau,buon
cuộc tình ngang trái của nhà tớ đây ??,trung_tinh
Tôi yêu việt nam♥️🇻🇳🇻🇳🇻🇳🇻🇳,vui
hồi xưa tao bị tiêu chảy kèm ho đã sợ vãi . giờ ho không thôi cũng sợ nhỉ . ??,lo_au
Thấy bạn thân chơi với người khác làm góc than vãn: muốn khóc 😭,buon
1 uống nước và thay chăn gối<br>nghỉ ngơi <br>2 suy nghĩ ra nguyên nhân<br>3 làm gì đó mới mẻ<br>4 bỏ đi mối quan hệ độc hại<br>5 chịu một chút trách nhiệm cho mình.,trung_tinh
NAM MÔ A DI ĐÀ PHẬT!,trung_tinh
già còn thích phi công =)),vui
Minhh Tiến tôi nghĩ là vn càng ngày càng đỡ hơn trước nhưng nó vẫn còn rất nhiều thành phần đó đấy. 2022 đã thế này rồi thì 2013 14 còn kinh khủng hơn nữa,buon
dù sao thì con trai vẫn nên là người mở lời trước à 🤣🤣🤣🤣🤣🤣,vui
nỗi lo nỗi sợ nào mà k tới,lo_au
Trương Đình Phước vứt vào thùng rác là để chứng minh không phải tài xế cấu kết gian lận ứng dụng.,trung_tinh
vẫn chọn tech là ngân hàng đồng hành,hy_vong
nỗi lo của t là kbt ngày nai dẽ ntn,lo_au
tập gym đi🔥,hy_vong
"2 năm trước bị vụ ntn đã náo động cộng đồng rồi mà vẫn để xảy ra tình trạng này. Không hiểu nhà trường này kiểu gì. Cô giáo đếm hs k đủ và k thấy gia đình xin nghỉ cũng k thèm gọi cho bố mẹ 1 tiếng. Thật k thể tưởng tượng cảnh con 1 mình trong xe gào khóc nóng bức đến chết. Gia đình bố mẹ con chắc khóc hết nc mắt. Sáng gửi con vui vẻ, tối nhận tin đau đớn.",that_vong
Đỗ đh ngành luật và cả gđ mắng k cho hc,that_vong
phải biết thiên thời địa lợi nhân hòa 😐😐,trung_tinh
per nhất định chị em mê tín mình p đi xem phim này rồi,vui
Nhà có điều kiện,trung_tinh
hối hận nhất nhất là đã lấy ck,buon
Loai nay thi cho dang xuat luon cho sach xa hoi,gian_du
đi chơi mẹ tao cũng không tha cho tao chửi tao làm mất buổi vui luôn á,gian_du
"A grap chủ nhà của mềnh thuê, trời trời ngưỡng mộ quá, vừa giàu, vừa giỏi, vừa chịu khó😊, nhà mấy căn mặt tiền cho thuê vẫn đi làm bảo vệ vs chạy thêm grab đến khuya😊",vui
24 tuổi thấy đời đắng và khá mặn,that_vong
nói thật luôn ngày xưa tôi tự ti đến mức k dám mở miệng trong lớp,buon
"trên gương mặt của t thì t tự ti nhất là răng và mũi mũi t mũi tẹt hog có sóng nên nhìn góc nghiêng nó rất kì , còn răng thì :((((",that_vong
Loại con cháu đẻ quả trứng lộn mà ăn cho đỡ đau l..,gian_du
có thì tốt nhất đừng có giận vì ngoài kia bất cứ thằng nào cũng sẵn sàng dỗ dành bạn gái của bạn,gian_du
"dễ thương ghê =)) nói y như mấy ông ngồi nhậu trong bàn v "" đúng không "" "" đúng chưa "" "" vui rầu "" =)))",vui
Sợ rớt môn quá làm mọi người ơi sợ hãi ...,lo_au
Ứa nước mắt,buon
"@Hien2021 ai cũng có nỗi sợ, khi chiến thắng dc thì ta đã vượt qua chính mình",hy_vong
"Con đang chuẩn bị thi chuyển cấp,lo đến ngủ không được luôn cô ạ.<br>Video của cô như ánh sáng hy vọng của con vậy.Cảm ơn cô nhiều lắm.",hy_vong
Anh Dũng em biết ngay mà anh chỉ đấm nhẹ lúc đầu :(,that_vong
Không còn cơ hội quay đầu nữa rồi,buon
"Tao bài thi được điểm cao, tuyệt vời 🥰",vui
"Tôi người Khmer tự hào vì quá khứ huy hoàng, nhưng giai đoạn sau 1400 đế quốc Khmer đã suy yếu còn phải nhờ Đại Việt giúp đánh đuổi quân xiêm, thật buồn khi vua Khmer ko đủ sức để đánh đuổi quân xâm lược như các vị anh hùng của Việt Nam 😢, nhưng hiện tại tôi là công dân thuộc 54 dân tộc Việt Nam, chỉ có đất nước đó là Việt Nam,",that_vong
"36 tuổi đi đường 1 chiều,k sao đâu , hãy cố gắng để nắm bắt cơ hội phía trước , để chúng ta rẽ vào đường cao tốc!!!",hy_vong
"ôI Chị Giang xuất hiện đúng lúc ghê, đúng tâm trạng của em hôm nay. Vì hn em thi cx k vui cho lắm và em thấy căng thẳng trong việc ôn thi 3 môn tiếp theo. May quá, chị Giang ở đây rồi... Em yêu chị! &lt;3 &lt;3",lo_au
Hoa Vu sau uống trà sữa bằng thìa thôi nhể,lo_au
ừ công nhận == không có tiền mua,gian_du
giá như ngày mùa hè năm ngoái đi học là bây giờ không khổ rồi!,that_vong
hôm nay ol đến đây thôi dume 😑,trung_tinh
van con nhieu mảnh đời vat vả qua. mong ac khoe manh,hy_vong
@云英☁️🛴ồn,gian_du
Chuu Phươngg Thảoo giống ck mình cũng v .. hay la mình kiu e giữ con cho kĩ đi ... chỉ cần giữ con thôi k cần làm gì hết .. mình cũng bực lắm nhưng xem trên mạng toàn do lơ là mà e bé bị sự cố r giật điện này kia nên mình mới hiểu,that_vong
Em rụt rè vì khiếm khuyết của cơ thể. Nếu được như người bình thường chắc tương lai em tươi sáng hơn vì trước đây em rất hoà đồng,hy_vong
"Êi tui đọc cmt của 1 số bạn trên vs bà thì tui cũm đồng cảm vs bà lắm nha, vì tui cũm là 1ng đg chơi dating app kiểu gặp ai nchuyen lâu lâu với hợp là t hi vọng lắm á vì khó mà tìm đc ng nvay nên sau khi k đi đc vs nhau nữa là t kiểu thất zọng zô cùng mặc dù ng đó k làm mí cái k tốt, nma kiểu bị thất vọng á. Nên t cũng muốn khuyên bà là đừng có hi vọng quá nha bà coi như đây là bài hc cho mình ik🥹 tui mà như bà z cũm bùn + thất vọng lắm",that_vong
mệt vãi .. mà cừời cũng vãi ??????,gian_du
đọc xong nước mắt ứa ra,buon
tôi khóc lun ... huhu,buon
Theanh28 Entertainment rẻ quá. Lỡ ngta bị nó tông còn thê thảm hơn. Mức phạt cho hành vi này phải cao xíu,gian_du
em mình là con trai viết đẹp y chang thế này nhé,vui
Vid của anh nội dung luôn chất lượng. Mong anh có thể duy trì được kênh của mình !,hy_vong
Nhớ cố quá điiii,buon
sao bao nhiêu năm kể từ ngày đó em đã không còn nghe lại nữa :((,that_vong
đơn giản thôi : nó giống như con chó vậy . khi ta đuổi thì nó chạy . khi ta chạy thì nó đuổi,trung_tinh
Thiện Tim 960k chưa đc 1tr nha bạn kkk,vui
Cô ấy là người thiếu tình yêu thương. Gia đình đã không thực sự yêu thương cô ấy. Đó mới là lý do.,that_vong
oii trơi,lo_au
"cũng tùy , đôi khi không cần vật chất mà chỉ cần động viên , san sẽ những khi con mình vấp ngã hay khó khăn trong cuộc sống thì ...",hy_vong
10đ không có nhưng. Tự hào thật❤️🇻🇳❤️,vui
"mẹ , suốt ngày xem ba cái ngôn tình này rồi n mơ mộng . 25 rồi nha . nha nha nha",that_vong
lâu lắm không nghe bài này .. có bà bạn bình luận dạo mới nghe lại ??,trung_tinh
tao không phân biệt được bà nội bà ngoại ??,trung_tinh
Đoi lúc nghèo ma hạnh phúc Á.,hy_vong
Tui đậu đh mà ngành tui ko thik bm tui nói nếu con thik hãy thi lại nhưng tui cũng lo cho bm tui có tui sợ bm vất vả,lo_au
Đề nghị ca thỉnh Bình dương vào cuộc tìm chủ thầu xd làm việc,hy_vong
"mình nhận thấy hình như ông ấy đang rất đau khổ , mà không thể or không muốn nói ra .",buon
"nói mưa là mưa v chời , tôi còn đi chơi đi học nữa mừ .",gian_du
Hạnh Thông Trần may quá nối lại đc rồi nè ba,vui
rớt giá kinh khủng khiếp huhu,that_vong
"2004 ơi năm nay thi tốt nghiệp rồi, chắc chắn rằng chúng ta đang rất áp lực và sẽ có suy nghĩ tiêu cực đúng không? Vì vậy khi xem clip xong thì mọi người hãy vui tươi lên, mạnh mẽ lên nhé ❤️ chúc mọi người thi tốt nhé ❤️",hy_vong
"đến lúc yêu nhạt cực tao thề ! kiểu chán chán , muốn quay về đơn phương hơn",gian_du
"Hoàng Võ ) vincom cộng hoà toàn xe xanh mà tụi kêu xe gđ , cãi ko lại sale vf",gian_du
lấy vợ xong đã đầu tư được cái váy với cái vương miện rồi,vui
XE HAY Dương Tiến Đạt Phạm Dương Nghe vision tưởng Phạm Dương var pọt sợ ơi sợ,lo_au
chơi thì ko hối hận hối hận thì ko chơi😳,buon
😭 ủa cảm xúc lẫn lộn qá dị,buon
hối hận vì yêu nguu thế thôi ngu đên nỗi quên yêu bản thân,buon
nguy hiểm đến với bao nhiêu bất cứ lúc nào,lo_au
tôm này vào là nó diệt hết tôm bản địa luôn,lo_au
giờ thì chả dám nhìn nữa hic :((,lo_au
Cũng tùy gd thôi nhé,trung_tinh
moá cưng quá ??,vui
may quá . vài năm trước khi đi nẹp răng mình không phải chụp xquang,vui
Hà Quốc Dũng loại m sống ở đời mới giả nhân giả nghĩa đấy sống đ hơn ai đâu gớm đòi kinh tởm bố cái thằng n~,gian_du
Theo điều ABC BLHS bạn có thể kiện dám lấy hình ảnh riêng tư phát tân trên mạng,gian_du
Lãng mạng ghê,vui
tại em giao tiếp kém 🥺,buon
Mô phật,trung_tinh
"Mình cảm thấy lúc c1 mng ko hay khen mình lắm nếu có chắc mỗi bff mình khen lên c2 mình đc bạn bè mới khen dữ lắm có đc người tỏ tình nữa nhưng cũng chẳng biết là khen thật ko,với ko bik mik đẹp tht k",lo_au
Việc gì xảy ra thì đó là việc nên xảy ra Người ta đã gặp thì cũng chính là người ta phải gặp,trung_tinh
@Nesaragesaraknm Tỉnh thức thường là vậy. Chúng ta thường sẽ quay vào bên trong và không bị chi phối từ bên ngoài.,trung_tinh
hướng nội+ít nói+không thích ra khỏi nhà+sợ đám đông+sợ mình là trung tâm của mn+sợ người lạ...,lo_au
Tự tin lên nhé các nàng còn nhiều ng muốn như mình còn chả được kia kìa🥰🥰,hy_vong
tao giận bạn trai tao và 5 ngày rồi nó đéo dỗ tao luôn hix,gian_du
"Cám ơn thầy, thở đi thôi- là có cả kho tàng :)))<br>3 cách vượt qua bất ổn tâm lý <br>Cách 1: Phương pháp 5 nhìn 4 chạm 3 nghe 2 ngửi 1 nếm <br>Cách 2: Tư duy 3% <br>Cách 3: Phương pháp thở 4 thì",vui
"ai ở gần đó xin hãy giúp chú , thương chú",buon
Con mẹ nó đầu chứa cứt hay gì z😒,gian_du
Chúc mừng TỔNG THỐNG DONALD TRUMP,vui
Giảm tỉ lệ dân số cũng tốt,hy_vong
quá giỏi . đạp đến ngất đi mà không quay đầu . sau này em sẽ thành công . chắc chắn vậy,hy_vong
Tôi là người Sài Gòn tag bà 김혜진 Phạm Thảo Ngân đồ chiên cũ thì sao ạ :))),vui
ông trời tính lấy thêm của t 1 người t thương nữa hả?,lo_au
per huhu mất đi đồng nghiệp 😭,buon
Cảnh này mà có ng nấu hộ bát mì trứng thì lại đở mệt biết bao,that_vong
lúc thì cuốc đất è cổ ra không có giun mà câu cá 😒,that_vong
dù nghèo nhưng vẫn có nhau,hy_vong
tự ti răng lắm😭 nên hog dám cười nhiều☺️,buon
thương anh bạn kia quá .,buon
Nhớ nha Nguyễn Minh Tuyết Nguyễn Thị Bích Hồng Nguyễn Hải Yến,trung_tinh
tiền nhiều để làm gì ? để rồi lại chia ly,that_vong
Làm cái đơn . Luôn và ngay,hy_vong
lâu quá mới nghe lại bài này buồn thế,buon
Mình k dám xem hết video,lo_au
không biết s chứ ngày lúc 17t tao đi phục vụ phòng karaoke ... mình tao 2 phòng chạy qua chạy lại mệt quá vì xỉn ... . thế là tao nghỉ trong ngày đầu vào phục vụ karaoke .,gian_du
địt mẹ . và ở việt nam chúng tôi gọi đó là lũ óc chó bán phá giá đó,gian_du
của thằng kia mà,trung_tinh
Mai Nhật mong bạn giúp đỡ 2 em ấy. Nhìn mặt 2 em hiền vs phúc hậu nữa .,hy_vong
@july107193 Đôi khi chúng ta cũng phải học cách buông bỏ những thứ không thuộc về mình ấy c ưi,buon
đụ con đĩ mẹ hôm nọ đang ngủ thằng lol nào hét ầm ầm . mày về nà hét cha hét mẹ mày chớ ngủ không yên,gian_du
"Cứ đi con đường mình chọn thôi, có gì sẽ k hối tiếc vì tuổi trẻ năm đó mình đã dám mà ❤️",hy_vong
tại sao cứ đa số là trèo cột điện với mái nhà nhỉ . ai giải thích mình với ??,trung_tinh
Thẻo lờ là có thật 😖 Charles Nguyễn,lo_au
"tự tin lên nè đc sống một lần trên đời hoi, đừng ngại ai nói j thì nói kệ họ tự tin lên nhó",hy_vong
đấy mới là điều càn đó . huhu,that_vong
chợt nhận ra mình yếu đuối như một đứa con gái vậy 😢,buon
Thế gian đáng sợ nhỉ.,lo_au
🇻🇳🇻🇳🇻🇳 tự hào khi là con cháu VN,vui
chị đề nghị em giúp cho vợ chồng họ có miếng ăn ngon hơn 1 chút đi em em ơi,hy_vong
"Dương Đoàn Hoài Nhã sợ á, mình đi xem hồi hôm qua nè đến giờ còn hơi ám ảnh",lo_au
da ngăm thấy tự ti nhiều thật..,buon
"hướng nội thì có nhiều loại lắm nhưng điểm chung là họ chọn ở một mình để nạp năng lượng, để tự chữa lành bản thân, để được làm chính mình",trung_tinh
"Cảm ơn chị rất nhiều, video đến rất đúng lúc với em,em là học sinh cấp 3, hôm nay em không học gì cả vì em cảm thấy rất áp lực, kì thi cận kề làm em cảm thấy rất căn thẳng.Em không biết phải làm sao cả",lo_au
@QWarm1990 Hãy sống tích cực lên vì thế giới này tươi đẹp lắm,hy_vong
thứ mà t hối hận nhất là lấy ck khi trong tay ch có gì 😔,buon
"đỉnh rồi , hiệu ứng tốt :))) ấn tượng vãi_chưởng luôn",vui
"Nguyen Huu Tai Ổng chụp cái, ông té luôn, nhìn cái quả cuối rất cảm động,trong khi quá trời xe đậu xem mà không ai túm lấy ông trộm.👍👍👍👍",vui
cấp 1 đi học cũng gặp bọn quái đản này,gian_du
"cục súc quá, đứa bạn mượn tiền không trả 🙄",gian_du
con gái con đứa thứ gì vô duyên không mặc cả quần lót,gian_du
"Cách để vượt qua cảm xúc tiêu cực<br>1. Uống 1 ly nước và đi tắm (thay ra gối, đi ngủ)<br>2. Suy nghĩ về nó 1 chút: phân tích nguyên nhân, vv<br>3. Làm 1 cái gì đó (ko nhất thiết phải là việc to tát: rửa chén, lau nhà, vvv)<br>4. Bỏ đi những mối quan hệ độc hại. <br>5. Chịu trách nhiệm cho chính mình <br>Bây giờ mình phải làm gì để đạt được điều đó, v.v chứ ko đổ lỗi.",hy_vong
Thương con quá sao có người tàn ác như vậy xin hãy thương yêu con thật nhiều cám ơn tấm lòng vàng của anh chị chúc Anh chị an lành hạnh phúc,vui
"Nghĩ mà rùng mình quá, sắp tới deadline rồi mà chưa làm được chữ nào hic",lo_au
Nhàn Trần Thương quá 😢😢😢,buon
"cái con yêu nghiê ̣ tao này hồi nhỏ nó phập vào đùi mình . lần đầu nhìn thấy nó tươ ̉ người nó cũng hiền hiền như con vịt , ai ngờ mới bươ ́ c lại gần là nó di ́ rượt mình . cái kết là bầm tím phần đùi . đến giơ ̀ thấy nó là auto né .",lo_au
có người sinh ra đã giàu có người làm cực khổ cũng không thể giàu . thương ông,that_vong
bếp thiiêu chân mày,vui
giá như..,buon
"Tui mới tậu được chiếc áo cực cháy, vui cả ngày kaka =)) 🥰",vui
tao nhìn thấy thèm 🤣,hy_vong
Huỳnh Thanh Sáng Hải Đăng Pham Hieu Trong ic là bị ban còn kiếm sv khác chơi chứ Ooc mà bị ban là thôi,that_vong
"1 phần áp lực vì điểm số , một phần vì áp lực từ bạn bè, và có lẽ điều gây áp lực nhất lại đến từ gđ",that_vong
per đóng vai chính đúng xuất sắc lun,vui
Buồn hết hôm nay thôi,buon
"giơ cao đánh khẽ , cảnh cáo cho có lệ",that_vong
Tôi thắc mắc là cô giáo cầm ĐT trên tay mà sao không gọi báo bảo vệ hoặc BGH nhà trường?,gian_du
"mình không biết phải đi con đường nào, phải làm thế nào để gia đình mình có tiền và trở nên tốt hơn..",buon
per : để tao xem chúng mày hạnh phúc được bao lâu 😌,trung_tinh
Cuộc sống là một con đường với nhiều nẻo đường người thì chọn theo bản đồ mà người trước đưa người thì dùng kinh của bản thân để tìm ra con đường riêng nhưng khi chọn con đường nào chỉ cần hạnh phúc,hy_vong
đúng là chó cậy chủ mà 🤣,vui
bh đang k ổn lắm...,lo_au
"chỉ sợ ko dám chọn, ngoài ra thì con đường nào cũng là đúng đắn. Có thể đối với mình nó là sai, nhưng thật ra nó đã đc sắp xếp để giúp chúng ta trưởng thành hơn!",lo_au
Bắc Bún gửi tao viddeo đm 😂😂,vui
Áp lực đồng trang lứa đè nặng làm dạo này tim đập thình thịch 🥶,lo_au
"ko dám ik ngang chỗ 4,5 ng,kém giao tiếp,ln im lặng,...",lo_au
"Từng 6 điểm kiểm tra và khóc bù lu bù loa và bây h thì mình bị thấp hơn cả 6 nhưng vẫn cười đc, cho qua những thứ xảy ra đi! Rút kinh nghiệm từ việc đó thì sẽ tốt hơn, tập cách bình tỉnh khi điều xấu xảy ra!",buon
Yumi Cúcc Tuyết Tuyêt Long Lê Diem's Plukey ngồi bàn nào cho tao ngồi ké copy với 😅😅🤤🤤🤤,hy_vong
anh có thể làm 1 video về phân tích dữ liệu được không ạ. Tại theo em được biết nó cũng là 1 kỹ năng mềm cần có cho sau này á. Hi vọng anh có thể thấy cmt của em :))),hy_vong
Thạch Thị Thanh Tâm nhớ nha mậy,trung_tinh
Hồ Ngọc Hân vậy t đem bọc t cho chó mèo hoang ngồi đg ănn chứ bỏ thì mang tội nếu đồ bé ân dc,gian_du
"trai xinh gái đẹp thời đó , nhìn cái xe là biết giáo dục có điều kiện rồi",trung_tinh
Thương Maii anh có thể coi em như 1 công chúa anh có thể dịu dàng nhỏ nhẹ và sống hết đời cùng với em nếu em chân thành với anh☺☺,hy_vong
Ngoại tình là cặm bã của XH.. Dơ lắm.. Rẻ mạt,gian_du
"tim đập thình thịch quá, cảm giác bị tụt hậu so với bạn bè hic",lo_au
crush có người yêu làm tự nhiên thất vọng toàn tập 😞,that_vong
"Nếu như lúc đó ánh mắt ng đó nhìn mình, mình đừng rung động thì có lẻ bây giờ đã ko có 2 từ hối hận",buon
Đúng là chỉ thiếu 1 tý nửa thôi,that_vong
Hoàng Huy Nguyễn rất thích cái facts info này lun cảm ơn ban,vui
nghe bài này đau lòng quá mà,buon
đã hói lại còn mắt thâm,buon
per sau hôm sinh nhật là có cái này . ngon vãi,vui
"Phạm Mai à kỳ bài này e có đọc 1 lần r á chi, qá mất dạy lun",gian_du
lò xô xài bằng dầu lửa con gọi là dầu thôi,trung_tinh
@TvNhinhi học hỏi và nhìn nhận cuộc sống qua những trải nghiệm khó khăn..đồng thời nhấn mạnh sức mạnh của tâm hồn của sự trai nhiệm và tích cực :P,hy_vong
Mình thật sự là người rất hay suy nghĩ tiêu cực,lo_au
có đứa nào vừa coi vừa nuốt nước miếng như tao không ?,hy_vong
"Chuẩn bài =))) tui có bạn, kh nhiều nhưng phân biệt ra từng cụm riêng",vui
còn quá nhiều mảnh đời bất hạnh ☹️,that_vong
con cháu việt nam nhục nhã vãi,gian_du
Thư Trần đc thôi,trung_tinh
Mấu chốt để thay đổi từ trang thái tiêu cực sang tích cực nằm ở cách kiểm soát suy nghĩ của chính mình.,hy_vong
một đứa sợ sấm chớp không thích hình ảnh này huhu,lo_au
nếu tao được gặp ba tôi 1 lần nửa thì tao sẻ nói con thw ba nhìu lắm . nhưng lời nói này chẳng pao giờ được nói nửa vì tao và ông ấy đã xa nhau mãi mãi,that_vong
nch khong dam nhin thang mat ngta,lo_au
Tình nghĩa này coi như bỏ 🐧,that_vong
Và t nghỉ xem từ khi anh ấy chết,buon
"Vừa chuẩn bị bảo vệ luận văn mà chưa ôn kỹ xong, không biết đi đúng hướng không lun 🥲",lo_au
ừ ... ừ =))) dume cười gần chết :v,vui
người ta chỉ hỏi hàng tháng bạn kiếm được bao nhiêu tiền chứ không hỏi công việc của bạn có làm cho bạn mệt nhiều không,trung_tinh
mình có xài rồi nè hồi lúc đi làm xí nghiêp gọi là lò xô đổ dầu xài,trung_tinh
"Ít nói, sẽ bớt họa... à mà câm luôn cũng được.!",gian_du
"@Hien2021 Hy vọng nhiều rồi lại thất vọng hơn thôi. Như mình chỉ cần đủ, cs vui vẻ như giờ không giàu có cũng chẳng phải túng thiếu là đc rồi. hì hì...",hy_vong
đéo bít sợ là gì đến lúc chết lại đổ cho tại số,gian_du
Giấc mơ thành hiện thực trong vòng vài giây thôi 🤣,vui
"Hiện yaiye rất tự ti về khuôn mặt của mik,seok rổ rất nhìu,Nhờ những câu nói e đỡ chút đi",lo_au
"T ở ngoài đờia ngăm,lông nhieu,lông mày đậm và rậm,nhiều mụn ẩn . Vì lông mày nên t cứ bị chọc,nhieu ng khen đẹp nma t tự ti cực😭",buon
tao nhìn sợ vãi,lo_au
trồi ôi bài hát đỉnh caooooo,vui
Nam Nguyễn Bạn có thấy adm đang xào bài của Tầu không nhỉ=),vui
"phong độ ngon như hôm nay thì hôm qua có khi lụm được Đài rồi, nay đánh với TQ sòng phẳng thế mà, nên nhớ TQ không hề yếu 1 chút nào, nice try các chàng trai, như này thì VN cũng tự hào rồi, giữ vững tinh thần tiến bước, cho khu vực VCS nở mặt trong kì CKTG nào",hy_vong
"lũ âm binh khí đụ này phải truy gấp , tao tính đi bơi mà bọn bây làm vậy mất mặt đàn ông chân chính bơi vì đam mê như tao quá 😡",gian_du
Mỹ Hồng rớt nước mắt 🥲,buon
cây như cổ chân thì sao năng xuất . cại đủ tiền công không mà chia,gian_du
Đứa bạn mượn tiền không trả 😡,gian_du
má nó thú dị thôi rồi 😂😂😂,vui
"@TvNhinhi This life doesn't always go as we want, but how we live it is our choice.",hy_vong
Thiệt tình sợ rớt môn quá. trằn trọc mãi mới chợp mắt được 🥲,lo_au
Đồ tệ bạc. Các em đã lấy đi lòng tin cụa tuuii,that_vong
moá . vẫn nhớ hồi nhỏ bị ngỗng đuổi . đù má tao mới là đứa bé ngây thơ hồn nhiên thôi mà dume tao sợ tao ám ảnh đến bao giờ huhu 😭😭😭,lo_au
bọn dân trí thấp tưởng thế là hay .,gian_du
ko nên nhé các cụ .... hãy cho họ 1 cơ hội ... hãy nhìn sự việc từ nhiều khía cạnh khác nhau,hy_vong
Nói đúng đấy. Vì b ko bỏ cô ta,gian_du
Sợ quá uống ít trà sữa chân châu thôi Ngọc Bích Vũ,lo_au
mình giao tiếp kém,that_vong
"Trau dồi trí tuệ hoặc 1 tài lẻ nào đó, học thêm 1 ngoại ngữ; không cần quá đẹp chỉ cần sạch sẽ biết cách ăn mặc 1 chút. Vẻ đẹp từ nội tâm toả ra còn đẹp hơn gấp ngàn lần vẻ đẹp nổi bật của ngoại hình.",hy_vong
em tin chắc rằng sẽ có 1 ngày anh sẽ phải hối hận và day dứt cả đời vì những gì em dành cho anh vốn dĩ không cô gái nào có thể làm được,buon
ông thầy cục súc vãi lol,gian_du
Hoàng Thu Trang thì mình cũng bảo 2 đứa kia sai sẽ có pháp luật xử lý mà. 2 bên đều sai nhưng cái ông hiểu luật còn làm như vậy thì khó trách ạ. 🙄,gian_du
xem mà nổi da gà. tự hào qá ik mất,vui
"nhạc buồn quá . bài này là bài "" chia tay trong chiều hoàng hôn nắng úa màu "" - justin bieber cho bạn nào chưa biết nhé . :'(",that_vong
Khanh Le Việt Nam! mk nó dễ thôi chứ thử dki bằng cmtnd hay hộ chiếu như bên nc ngoài xem tạo đc 1 tk thôi vớ vẩn nó khoá mõm luôn là nghỉ chạy,gian_du
kinh dị,lo_au
mik giao tiếp rất là kém lúc nào cx ngại khi ở trước mặt nglạ,buon
có nhiều người nói nhan sắc không quan trọng nhưng thật ra người có nhan sắc luôn là người chiến thắng,trung_tinh
"Chung Tiến gần khu t,mà nhỏ này gặp t chắc n chạy trước",lo_au
"@TvNhinhi Cuộc sống phụ thuộc vào sự lựa chọn của chúng ta, không luôn như ý muốn. Hãy tạo những điều tốt đẹp cho bản thân.",hy_vong
Mọi video của anh rất hayyyyy thật sự hay lun á nhưng mà em góp ý xíu là mình chèn ít qc thôi ạ kiểu đang tập trung mà gặp qc khiến em bị mất tập trung vô video của anh á ❤,gian_du
có người yêu thì vẫn ăn bánh trung thu nhé . bánh trung thu là thứ tồn tại duy nhất . có em hay không không quan trọng,buon
Đáng giúp đỡ là giúp đỡ những ngoài cảnh như vậy đó. chúc cho chú được nhiều sức khỏe,hy_vong
bây chụp hình rồi bây chỉnh sao cho đẹp nhất rồi lâu lâu nhìn là thấy mình đẹp à,hy_vong
"Mik cũng là người khá là rụt rè khi đối diện với những thứ mới lạ, thứ mình cảm thấy mình không giỏi. Kiểu đôi lúc mik cảm thấy mik nhạy cảm quá mức nhưng mik biết là cuộc sống thì đôi khi rụt rè, nhút nhát là điều hiển nhiên và bình thường. Hahahaha và sau một quá trình cởi mở và thoải mái với mọi người thì mik đã phá sự bao bọc bởi sự nhút nhát và thoát ra ngoài đón những thứ tốt đẹp nhất 😁😁😁",hy_vong
"động lực là tình yêu . vì sau khi chia tay , tôi đã thấy mình vô dụng trong một thời gian dài .",that_vong
Cno cứ khen Nhật bản khôi phục nên kinh tế thần kỳ mà k nhìn Việt Nam ta cũng mới khoảng 30 năm trở lại đây sau hàng ngàn năm chiến đấu có dc như htai,vui
Dương Nguyễn Kiều My này thì đẹp này :))),vui
Thương cho chót vót cho tròn các chú bác c A tìm chủ thầu xin lại số tiền mồ hôi công sức.bồi thường thiệt hại tinh thần vật chất của 2 bạn. khả năng trong tầm tay của các bác mà,that_vong
Trời ơiiiii đau xót quá,buon
chúc mừng em và chúc em học tập tốt ngành học đã chọn ! niềm tự hào của tây bắc !,vui
crush có người yêu làm mọi người ơi muốn khóc 😭,buon
"Khánh Lân Tất nhiên nhảy ra khỏi máy bay , bung dù là thành công rồi ! Tìm tung tích ( Nghĩa là 2 phi công đó hiện đang ở cánh rừng nào , hay ở khe núi nọ ... gọi là tìm tung tích nha bạn ...)))",vui
cặp phụ lúc nào cũng đáng yêu .,vui
per giảm tốc kìa,lo_au
nhìn kinh,gian_du
@Hien2021 Mỗi giai đoạn cuộc đời có nỗi sợ riêng của nó hết,lo_au
"@july107193 Tôi nhớ mãi lời của 1 bài hát nào đó ""Lời ái ân nào cũng thua thời gian""",buon
""" thằng"" này nó đang bực vợ nó.đấm đau thật...",gian_du
Làm video giới thiệu mấy cuốn sách hay nên đọc đi b ơi,hy_vong
Đau lòng quá. 🥺,buon
"Sáng còn tiếng mẹ,chiều xa coi trần.",buon
công nhận 😌😌😌 đồng nghiệp hạp hạp tí có khi ngồi buôn cả ngày bám hơn cả bám người yêu . đi làm hôm nào cảm thấy hôm đó ý nghĩa vãi,vui
nốt hôm nay thui . thui không ngĩ đến và bắt đầu từ bỏ 1 thói quen,that_vong
Chúc chú được nhiều sức khỏe và bình an,hy_vong
Đã dí đơn chưa thôi làm vài trăm ăn tết,vui
Nam mô a di đà Phật,trung_tinh
Thai Anh Bạch trách nhiệm cô giáo lớn nhất.tài xế t2 vì xuống xe k trả trc khj đóg cửa.giờ phạt sao con cũng k sống đau đớn,that_vong
"Yến Phi đọc kĩ đi :""liên tục thay đổi bạn tình"" Chả khác j đàn ông là thú vui qua đường của nó, chơi nhiều bị bệnh cũng do nó chứ do ai Đến thế còn bênh được thì chịu",gian_du
"Mình cũng muốn nói những câu yêu thương với ông bà của mình, nhưng mình không thể",hy_vong
ko hiểu t chơi với bạn t nói nhiều còn với mấy ng ko quen thì như 1 thk câm luôn,buon
Giang có thể cho ra bài nào nói về cách khéo leo về việc nhận quà từ người khác ko,hy_vong
moá nhìn rùng hết cả mình,lo_au
hãy vui vẻ như bảo nè:),hy_vong
má con đĩ mèo nó đanh đá thế,gian_du
"@LinglingVNWL Rất vui khi nghe Ling cảm thấy yên tâm hơn! Trong lúc ở nhà, Ling có thể tận dụng internet để kiếm tiền thưởng từ @SparkChainAI. Kiếm crypto từ băng thông chưa sử dụng thật dễ dàng!",hy_vong
"Đăng Thắng tùy mỗi người còn mình vẫn ý chí ko bao giờ đi đánh ghen, ko bao giờ muốn tha thứ,1 khi đàn ông họ hết thương mình thì đi đánh ghen làm chi cho mệt",trung_tinh
tao đang chờ xem bà ấy được nghe nhạc ý mà hết video 🤣,hy_vong
đầu óc đến giờ vẫn còn nặng và đang né tránh mọi người .,lo_au
mik rất giao tiếp kém,buon
CĐM sao nhạy cảm như đàn bà mới đẻ vậy 🙁?,gian_du
1 lần thôi cũng đủ xao xuyến anh rồi,hy_vong
đợi đến ngày họp lớp đi 😪,trung_tinh
mèo nhà em thì cho tiền cũng không ra khỏi cửa,trung_tinh
kẻ ô điểm lời phê :((,that_vong
vẫn bình thường chán làm khách sạn nhọc nhục hơn 👻👻 xoạc nhau nước nôi máu me be bét ra 😭 kinh chết mẹ 😶,lo_au
nhà tao còn nè,trung_tinh
Đánh mất e là điều cả đời này sẽ ko thể quên 😔,buon
2 - 3 tuần gì đấy . sao thế,trung_tinh
"biết nói gì đâu,nhiều khi muốn nói lên nhưng mà thôi sợ ngại",lo_au
"Ờ, em có thể còn hơi nhỏ (10t) và năm nay em thi chuyển cấp nên áp lực học tập khá cao và gia đình cũng muốn em đỗ trường chất lượng cao ý nên em cảm thấy mệt mỏi lắm. Lớp 5 thôi mà hôm nào cũng 9 giờ rưỡi mới về tới nhà, viết văn thì cô hỏi sao lại thường ngày em về nhà lúc 9 rưỡi thì em tan học rồi đi học thêm mà cô. Thứ 7, CN thì đè người ra làm bài tập, đống bài tập thì chất một đống như núi ý mà làm xong thì phụ huynh nhồi thêm cho mấy cái đề nâng cao vào để làm tiếp nữa. Em cảm thấy lực học của em vậy cũng được rồi mà cứ phải học nhiều...em cảm thấy chán sống lắm...đôi lúc em còn tự hỏi chết sao cho nhanh nhất có thể...",lo_au
"Cảm ơn chị. Em có nhắn tin riêng cho chị mấy tháng trước về vấn đề này, bây giờ em vẫn mang những cảm xúc tiêu cực đấy. Em sẽ cố gắng thoát ra khỏi những nỗi lo sợ đó và sống tốt hơn.",hy_vong
16 tỷ mà giúp những hoàn cảnh zay thấy đáng hơn,hy_vong
còn 1 tháng 47 ngày nữa là em thi đại học rồi. e áp lực quá.huhu,lo_au
per coi phim này chắc chết luôn trong rạp 😂,vui
Minh Tri Nguyen cay thì làm được cái quần què gì,gian_du
Sao mn k nghĩ là cay quá nên đặt tên như vậy. Mai sau mắng con cũng là mắng nyc nhỉ,gian_du
"câu chốt .... "" chuyện cổ tích per "".... thôi tao quỳ ...",vui
@lông mi dài 10m thì đổi tên=) đc k?,vui
"ngại nhất là khi nch mà ngta nhìn vào mắt mik, t luôn né tránh nó",lo_au
"Hối hận à. Hmmmm cũng nhiều đấy. Hối hận vì đã không dành thời gian cho gia đình nhiều hơn, hối hận vì đã để thằng em 1 mình dẫn tới nó chơi game nhiều, hối hận vì tự làm bản thân buồn và tự tay ném đi rất nhiều mối quan hệ chỉ vì mải chạy theo đồng tiền và quyền lực, hối hận vì đã không chăm sóc tốt cho bản thân ...",buon
chủ tịch đi nặn mụn ở tai và cái kết khóc thét,buon
Ra đó đc nhìn các tượng đá,trung_tinh
ăn vào lại thức dậy ở một nơi xa thì bỏ mẹ,lo_au
Bông xin cái nick,hy_vong
"bh đang hơi mệt nên đi tắm với uống nước skincare,stress việc học với bạn bè quá",lo_au
Từ nhỏ em thường bị la khi nói hoặc làm gì đó và từ từ em bị rơi vào trạng thái sợ sai và nói sai ...,lo_au
Ui cái gì vậy huhuhu,buon
@TvNhinhi mưa kia ngồi nghe nhạc thiền với uống trà thì tâm nhẹ phải biết,hy_vong
"tương lai là ko định sẵn, thay vì lo nghĩ thì ở hiện tại hãy cố hết sức, đừng bỏ phí nhưng công sức mà họ cho mik. vốn họ cx chả trách t, vốn họ cx chỉ muốn t khẻo mạnh và sống đung,...",hy_vong
per đã hiểu sao hè năm ngoái có quả lịch học vãi chưa =)),vui
Mô vú Em sẽ,trung_tinh
Nên nhớ đẹp tới đâu cx chỉ là vẻ bề ngoài,trung_tinh
😥,buon
nói mẹ ngoài đời,trung_tinh
"bánh tráng trộn năm đó ở roai ờ ti , ruột đau như cắt nói chuyện mắt đầm đìa đền thg dưa gang cốc dưa hấu kem chi per",vui
mặt mụn khiến t ngày càng ngại giao tiếp vs mn ko dám nhìn thẳng vào mn khi nch luôn pk đeo ktrang ms dám ra ngoài 😞,that_vong
Mạnh Louis bố 7 mà đc thì lại bưng bô ngay 😂,vui
Thanh Thanh Nhàn nchung cx có ng này ng kia. Mà phạt này vẫn nhẹ chán. Quả đi lùi vs ngược chiều. Là rất nguy hiểm lun ấy. Ngang vs tự tử,lo_au
cười thôi cũng ngại đứng thôi cũng ngại.,lo_au
Hung Le Dm chả lẽ lại trao cho cầu thủ ngu nhất wc 3 lần trên 5 lần tham dự.,that_vong
Không có nhan sắc nhưng vẫn tự tin 🤩,vui
em không giỏi giao tiếp,that_vong
tôi từng là lính lăng bác nên tôi hiểu tự hào dân tộc là gì,vui
"@kimbichpt đúng rồi b ak, thứ gì không thuộc về mình thì nên buông bỏ đi cho nhẹ nhàng, đỡ bận lòng mình, đỡ phiền người",hy_vong
😔 Ra ngoài mà ko có khau trang vs nón là chả dám nhìn ai 😔,buon
Kẻ thù ngay chính trong ngôi nhà bạn,lo_au
"Tôi luôn cảm thấy mình xấu ,nhìn những người xinh đẹp tự nhận mình xấu mà thấy tự ti vô cùng",that_vong
quá tự hào,vui
per đợi rụng răng rồi anh tặng quà cho em luôn háy . hhha,vui
đó là linh hồn của các anh hùng liệt sĩ..,vui
bây h trông cho tới rằm vs m1 kiếm tiền thôi,hy_vong
Văn Phúc muốn đi coi,hy_vong
Pham Thanh Hoa nghe nói cũng đã te ra quần rồi em sơ thật,gian_du
hè về chỉ thích ăn cái này .,hy_vong
"chẳng muốn làm gì quá, bị trừ lương vì đi trễ 😞",buon
"Ở đời lại có lắm kẻ muốn ăn ko mồ hôi nước mắt của người khác Sống thế thì quá ác rồi, tội bé con quá",gian_du
lại là câu chuyện 1 chút bệnh thành tích của phụ huynh,that_vong
"cv không áp lực , môi trường xung quanh mới dễ tạo áp lực",that_vong
Like trước xem sau!,vui
xem xong video tự thấy mình còn không bằng con chó ...,that_vong
Nghèo mà tình cảm là tốt rồi,hy_vong
Hối hận cả đời🥺🥺🥺,buon
"Đùa thế thì có đáng bênh ko? T nghĩ có khi phải nói láo hay thế nào thì mới bị đánh như thế chứ ko đâu lại bị đánh. Này chắc phải xã hội dạy cho mới nên người, nhưng mà xã hội lại bênh thì chịu rồi",that_vong
Pha này vừa đổi ck vừa đổi tên con luôn 🥹🥹🥹,vui
thông minh vãi,vui
cười ị :v,vui
"Hồi nhỏ khi còn đi học thì em rất mạnh dạn, học cũng khá trong lớp nên rất thoải mái đưa ra thắc mắc của mình với thầy cô và người lớn có khi là bàn luận về nó, khi đó thầy cô rất tốt và kiên nhẫn, bố mẹ thì không cho em câu trả lời và nói tự suy nghĩ, không phải cái gì cũng đặt câu hỏi. Lớn lên, được tiếp xúc với những con người giỏi hơn mình về nhiều mặt, dần dần em có cảm giác sợ sai và ngại đưa ra ý kiến vì lo lắng bị đánh giá rằng mình thiếu hiểu biết.",lo_au
Lập blog này ra đừng ai nhận ra toi . chuẩn bạn. + vô cực :v,vui
bị sếp la 🥀,buon
nghe thấm câu vàng trắng nhưng thực tế là trắng tay thôi nghe mà buồn,that_vong
"Mình cũng từng đau như vậy, nhưng mà day dứt quá thì hạ cái tôi xuống 1 lần để năn nỉ là đủ rồi, đừng hạ thêm, người ta không quan tâm đâu",buon
Chủ nhanh chóng mà trả. Ko cộng đồng lại đến tận nhà thì lại quỳ xuống mà trả,gian_du
Như Quỳnhh hihi,trung_tinh
"Trước đây mình đã từng mắc bệnh trầm cảm và rối loạn lo âu <br>Những chuyện mình áp lực thực sự đó là nhưngc điều không đáng bản thân mình cũng biết điều đó nhưng mình không vượt qua được <br>Thậm chí mình không dám tâm sự với bất kì ai kể cả mẹ nhưng nghĩ đén mẹ mình lại càng không dám tâm sự nữa vì mình không muốn mẹ phải bận tâm về những chuyện không đáng của mình <br>Mình lo sợ tất cả mọi thứ từ chuyện nhỏ đến chuyện to, mình không biét làm thế nào để thoát khỏi vòng luẩn quẩn đó <br>Mình nên làm gì đây",lo_au
hối hận vì đã phải lòng e mà ko giữ được!,buon
crush có người yêu rồi,that_vong
Nguyen Thuy Linh đang xem,trung_tinh
mình tự hào được sống trong nước Việt Nam,vui
Huỳnh Kim Oanh ng chị hay hút trân châu😌,trung_tinh
vợ per nuôi tốt quá béo tốt ra hẳn,vui
"ngồi chờ một người đi qua 1 và coi đó như 1 sự tình cờ tao đã từng , nhưng đó là tao của ngày xưa . buồn cười thật",buon
tuyệt vời . aeon mall có khác,vui
cứ nghĩ đến chuyện ra trường thất nghiệp là rén làm hôm nay nhỡ rớt chắc xỉu ngang huhu,lo_au
tao lại sợ ngôn tình quá cơ 😒,lo_au
tui bt tui xấu nên đi hc đeo khẩu trang mấy năm nay. h nó in cả cái lằng khẩu trang lên mặt. mở khẩu trang ko dám nói chuyện vs ai. lủi thủi 1 mik☺️,buon
để cho dân dầm xíu goy chở zìa đồn,gian_du
"hối hận khi lấy ck, sự chờ đợi 12 năm",buon
đoạn phim này tốn khá nhiều nước mắt của người xem,buon
Ngưỡng mộ nhất thời. Nhưng ko khuyến khích. Thời buổi bây giờ như vậy là rất nguy hiểm mình chỉ tạm nói ở mức độ vậy thôi,lo_au
Người Việt 🇻🇳🌹🌻❤😍🥰🤩💐🌲🍎 có cái vô cùng đặc biệt mà không quốc gia nào có 🌹🌻❤💐🌲🍎 Đó là tinh thần đoàn kết và truyền thống anh hùng bất khuất dựng nước và giữ nước - không khuất phục bất kỳ kẻ thù xâm lược nào.<br>Dù phải hy sinh tất cả nhưng vẫn kiên cường chiến đấu với lý tưởng thà hy sinh tất cả để chiến đấu và chiến thắng 🥰🤩😍🌻🍎🍓🌹,hy_vong
nói xong còn chả dám ăn nữa,lo_au
"Hazz, thực sự áp lực, mệt mỏi, chán nản với công việc, học tập, các mối quan hệ, gia đình,... làm sao để vượt qua năm nay đây, ước gì cs đơn giản hơn",that_vong
"em vợ có thể ngủ với mẹ , còn anh thì ngủ với em 😂",vui
"ở đây người hối hận về chuyện tình cảm, hôn nhân quá nhiều 🥺",buon
"Áp lực tuổi 30 thật sự quá khiếp, trải đời cũng kha khá nhưng cảm thấy thất vọng về bản thân quá 🥲🥲",lo_au
rất mong mtq giúp đỡ 2vk ck vuot qua khó khăn.cam ơn mtq rất nhiều ạ,hy_vong
Mấy lần mình uống cũng tí thì hóc trân châu :((,lo_au
Linh Linh cứ là phải thanh toán tiền trc (hoặc đặt cọc) rồi mới giao hàng thì mới đỡ đc phần nào những kẻ như vậy 😔😔😔,that_vong
"mày vã quá rồi đấy , sang lên chứ 🙄",trung_tinh
mấy thằng ngu mang danh cổ động viên cuồng nhiệt . ban tổ chức bắt tại trận được thằng nào thì bắt nó share ra,gian_du
Hối hận rồi cũng chả giải quyết đc j,trung_tinh
ngẫm nghĩ cha của thánh gióng với sọ dừa ăn mặn vãi .,vui
t thề với mày là tối thấy cái này chắc đái con mẹ nó ra quần,lo_au
"Xuân Nghĩa chắc ý bạn là lấy con dao rạch 1 phát r cắm ống hút và tạo đường thở ạ. Mẹ là bs nhưng chuyên khoa nào, trong phim khác thực tế, lý thuyết khác thực hành. Đứng trong cương vị ng mẹ lúc đó đã làm hết khả năng của một ng mẹ một người bác sĩ r bạn ơi",gian_du
Kim Ngan Nguyen có clip kìa,trung_tinh
"""cậu kiệm lời, vì tâm trí đã quá đủ ồn ào rồi""",buon
đúng các anh 2 nghĩ ra nhiều kiểu quá,gian_du
chụp không biết bao nhiêu lần rồi,that_vong
Hong phải fan cũng hong biết nhiều về nhóm và anh nhưng mong là ko phải thật :((((,that_vong
chạm đáy nỗi đau 😞,that_vong
"Ng Quynhu tui thì coi phim ma gương xong là sợ gương luôn, trừ khi cần soi như kiểm tra son môi phấn mắt gì đó thôi chứ ngoài ra ko cần thiết thì sẽ ko soi",lo_au
Pim Mie thiệt luôn á bạn. Đem con ra tới đó chắc coi như là hết nhiệm vụ. Thứ người lớn vô trách nhiệm. Tới lúc chính con mình gặp chuyện j chắc lôi quản lý khu vui chơi ra chửi,gian_du
Hưng Táo sợ quá nhể,lo_au
mỗi ngày hoàn thành 3%,trung_tinh
"thà biết rồi đau 1 lần cho tởn rồi thôi , chứ đừng để nỗi đau cứ day dẳn giằng xé mãi cả đời ☻",that_vong
@n k hít nhma 2 cái kia se khít nhìn cưng😍,hy_vong
thằng con đã thấy được sự sợ hãi trong mắt bố nó rồi,lo_au
"ey thíu nha, cái này nổi bật lắm, 3 lần đánh bại Mông Cổ ( quốc gia mạnh mẽ nhất thời bấy giờ)",vui
Hồng Diễm trong siêu thị bữa tính ăn,trung_tinh
Minh Hồng bản thân người ta đọc cũng đang k hiểu thì nói quái gì việc bị dắt mũi.,gian_du
và ông đã có nỗi buồn mới thay vì buồn thất tình,that_vong
"toàn anh đẹp trai . đau tim , tan nát cõi lòng của tao ... a ................................ a",buon
"Nguyễn Quốc Tuấn búp bê mấy con bự bự giống em bé còn ghê hơn, 2 con mắt của nó nhìn sợ vl",lo_au
"Tui bị sốc tâm lý khúc đó, buồn 8 ngày. Rồi tui ghét cha nội Negan muốn nhảy vô màn hình xiên ổng ghê xong nghỉ coi nữa luôn 🙂",gian_du
thế là đầu khấc mất vợ tương lai,that_vong
tui tự cảm nhận thấy mình xấu và khi tôi nghe bạn thân cũng là cr của t nói tôi đẹp thì tôi vẫn nghĩ tôi xấu,buon
"Cám ơn c . E mới phát hiện ra bệnh ngày hôm qua và e cũng khá tiêu cực . E cũng nghĩ đến kết quả xấu nhất , rồi cũng khóc. Nhưng đúng như c nói, e đã dậy, ra ngoài ăn uống, chơi cùng con e , nằm trong vòng tay ck e ngủ 1 giấc. Sáng nay e vẫn bắt đầu 1 ngày mới bằng cách viết ra những gì mình phải làm để điều trị bệnh của mình. Và e đã hoàn thành mọi việc phải làm hôm nay. Tối nay chỉ còn việc sắp xếp cữ thuốc mai mình phải uống và những công việc mai mình phải làm . Cám ơn c nhiều 🥰",buon
tao còn thay đồ trước mặt đám bạn thân 😫,buon
tôi nghe bài nhạc là nổi da gà thấy tự hào việt nam 🇻🇳🇻🇳🇻🇳🇻🇳,vui
"Có phải chăng chúng ta đang quá quan trọng đích đến thay vì tận hưởng quá trình? Thất bại cho chúng ta bài học, lỗi lầm dạy chúng ta trưởng thành. Hy vọng ở mỗi giai đoạn chênh vênh, bạn sẽ học được cách nhìn nhận lại chính mình thật sâu sắc.",hy_vong
cho đi là đáng quý . cảm động vãi,vui
có cả chiêu của per trong đấu trường thú nè :))),vui
Ngân Hà dặn con la nè,lo_au
thanh niên co ́ em hoan hy ̉ qua ́ :))),vui
Hi vọng có ai đó cung cấp ảnh camera nhà dân trích xuất lại những cảnh truy đuổi trên đoạn đường bỏ chạy. Để biết tính chất nguy hiểm như thế nào. Không có lửa sao có khói.,hy_vong
Nhưng nếu có ko ngủ dc thì sao tôi suy nghĩ rất nhiều trong lúc ngủ! Và nhiều khj bị giật mình vì những suy nghĩ đó! Vì nó quá ghê gớm khiến mình cảm giác như mình ko dc bình thường!,lo_au
muốn được đi một lần 😆😆😆,hy_vong
răng hô xương hàm rất tự ti luôn chụp góc nghiêng rất xí hicc 😭,buon
ai chả có nét đẹp riêng chỉ là bạn chưa biết khai thác nó đúng cách thoi,hy_vong
lêu lêu mày đồ con chó không có mẹ ẳm,gian_du
Chị Giang ra video đúng thời điểm quá 😭😭😭 giống như cơn mưa rào xuống mảnh đất khô cằn vậy. Em muốn thoát khỏi tiêu cực nhưng không biết đấu tranh với bản thân mình như thế nào. Cảm ơn chị ạ,buon
nhiều khi sợ quăng miếng lãng xẹt thì cuê nên thôi nín nào bét phen pho re vờ thật sự t ms nói,lo_au
dume con ế đọc tổn thương sâu con mẹ nó sắc :((,that_vong
Vũ Huế em nghĩ giờ rất nhiểu ấy ạ,trung_tinh
quá sàm,gian_du
cmm lộ hết thông tin của người ta,gian_du
đm ngồi chờ đã rồi các tổng đài viên đều bận 😭😭😭,gian_du
Nam mô a di đà phật,trung_tinh
T hóng mãi chưa thấy link fb nha,gian_du
vài chục năm trôi qua mà vẫn chưa đủ tiền mua cái xe máy à,that_vong
Thật sự...,trung_tinh
per mày cũng có tình yêu từ nơi đây phải không ?,trung_tinh
con chó có đuôi . con người có ý thức . đm mấy thằng lol này ý thức đéo bằng con ruồi .,gian_du
@nangoc84 Còn một lối thoát quan trọng nhất Chưa thấy anh @nangoc84 nhắc đến Nói đến lối thoát của việc sinh tử luân hồi Đó là loại bỏ những suy nghĩ xấu trong tâm ạ Cũng chính là một con đường của việc thanh lọc tâm,hy_vong
"Bản thân mình trước đây là 1 người cực kỳ tự tin, nhưng sau đó mình gặp phải một lời chê bai của 1 người thầy giáo ngay trước lớp, từ đó mình mắc phải tâm lý ngại ngùng, sợ bị người khác chê cười, luôn căng thẳng khi học giờ của thầy giáo ấy, nếu có 1 phép màu, chỉ mong mình có thể tự do, tự tại như trước, chẳng để ý đến ánh mắt của một ai khác",lo_au
cô quét đi cô cho cháu hốt về với =))),vui
Yên Vũ Chào mừng bạn đến với Internet,vui
nguyễn thị hồng phấn cũng may tao không thấy cặp nao hêtd,buon
"đã gọi là "" mật "" mà nó lại công khai cho mày xem àk",gian_du
"mũi tẹt, mặt mụn, mặt lệch🥲 tự ti quá tr ạ",buon
Thiệt tình gia đình hối thúc chuyện cưới xin. lo lắng tột độ 🥲,lo_au
hoang mang sáng h luôn tr ạ,lo_au
Quá tin người..,buon
kinh vãi,vui
bộ phim đầu tiên làm tao khóc thành tiếng,buon
sợ ngỗng còn hơn sợ chó,lo_au
đáng yêu quá . phải thằng trai nhà tao thì nó sẽ nhẩy vào tính ôm luôn cái máy ấy về =)),hy_vong
To Hoai Nguyen ốc uống trà sữa phải cẩn thận này mẹ,lo_au
Thương lắm,buon
mọi người ủng hộ nên ủng hộ những người như thế này nè.nhìn thương quá,hy_vong
lúc mày vui thì sao :))) những lúc buồn hãy nghĩ lại trước kia vui sướng !,hy_vong
Mình cũng đã có 1 trải nghiệm thất vọng ở PQ :( 1 đi không trở lại.,that_vong
phận làm con trai haizz,that_vong
HQ lại chuẩn bị ra phim mới,vui
Cris Minh Algeria nó theo đạo hồi. Ko đc chuyển giới. Nhiều người là nữ nhưng vẫn tiết nhiều Tetosteron hơn bình thường. Cơ bắp sẽ phát triển mạnh hơn,trung_tinh
"chưa học cách kiếm tiền đã học thói đi lừa tiền =,= thua",gian_du
Xin vd ạ,hy_vong
có ai bịt loa như tao không 😁,vui
"Sáng Dê bác ở đâu kết nối e mấy con vfe34 về chạy dv phát, tiên phong hay thường bác",trung_tinh
nhìn gai vãi,vui
bạn thân t nhưng cx vì thế lên mới chơi với nhau,trung_tinh
"Thật Sai Lầm Khi bậc đầu tiên nó ko dài vậy đâu. Mà cứ bước mỗi bậc nó lại dài ra, thành ra nó ko thể lên đến đỉnh nóc được.",trung_tinh
Đau buồn đến nỗi bỏ luôn phim khi Glenn chết.,that_vong
đồ má một lũ óc chó này .. cả nước họ quá bức súc tụi may lũ chúng may phải đưa ra tử hình hết lượt sống trật đất xã hội,gian_du
Đúng nhỉ. Trời buồn mình bị thấy tủi thân. Mình khóc không nổi nữa nên trời khóc thay mình ấy.,buon
"Đy Qua Mùa Hạ đánh bố dc. đập ti vi dc, thì tớ làm vk quang or ny quang- chắc 3 ngày nát như tương bần",lo_au
độc nhất vô nhị . kkkk,vui
chưa chi đã để thua từ hình ảnh này . thua,that_vong
Ân Nguyễn tóm tắt i bà,hy_vong
Coi clip a CA nói trong bất lực luôn,that_vong
Mình pass lại nhé,hy_vong
@kqynhh💤 như t,trung_tinh
thứ t cần là phim xuân hạ thu đông,hy_vong
Hoàng Đông người thực thi pháp luật 🤣🤣🤣,vui
"Hồi còn nhỏ, thấy mấy chú, bạn trai của dì, chạy xe bảnh tỏong, áo sơ mi, râu tóc ngay ngắn, nhìn ngưỡng mộ ghê.<br><br>Giờ mình 30 vẫn còn ngồi quán net, đc cái lương 30tr, mà lười cua gái, nên râu tóc mọc như người rừng",that_vong
mình bình luận chủ yếu muốn khoe mình là fan cứng thôi :)) các bạn không cần để ý,vui
Đánh thế là quá hay rồi. Tưởng đài với Trung kèo dưới mình à mà chê.,vui
đó là một đất nước mà người dân Việt Nam rất mơ ước hướng tới,hy_vong
nó thả thính xong nó chạy mất ..,that_vong
"làm gì có ai biết trước con đường mình đi là sai hay đúng, cứ bước đi tiếp thôi và nhìn về phía trước (à mà nói thế ko có nghĩa là chọn con đường đi ngược lại với với đạo đức đâu nhé) cố gắng lên🍀",hy_vong
"đấy , nó đấy . con tim tao đau quá .",buon
"Nice try các anh, đẹp quá rồi",vui
chị đầu tiên buồn v :((,buon
thằng nào phán sai bỏ tiền túi ra mà đền cho người bị oan sai đừng lấy tiền của nhà nước,gian_du
"có mồm để làm gì ? hay chỉ để cãi nhau , la hét ?",gian_du
Mong pháp luật trừng trị thoả đáng chưa bao xem video nào mà cảm thấy nhớ mãi ko quên,that_vong
bao năm giải phóng như thế này phải không anh,trung_tinh
@july107193 Buôi bỏ để cuộc song thảnh thơi,hy_vong
"Tôi chỉ sợ tương lai con tôi sẽ phải cực như tôi, sợ mẹ tôi ốm không có tiền thôi",lo_au
cầu trời phật cho đại gia đình con sức khỏe !,hy_vong
"Quách Hoàng Hiệp chuẩn, đợt đấy xem t bị ám ảnh",lo_au
Thặc dô nghĩa mà 🙁,that_vong
Thiệt sự 🥺,buon
răng hơi hô vs rãnh cười mỗi lúc cười quên che miệng cái tự ti vc,buon
mình nhà 2 vợ chồng nuôi 2 con trai ăn học ở nhà thuê mình rất rất sợ mỗi lần nhìn thấy hết gạo,lo_au
tình phụ tử đúng là vô hạn,trung_tinh
Nguyễn Trang quả tin nhắn chối quá 🤣,vui
cho xin tí muối ạ,hy_vong
Lấy vải thưa che mắt thánh,trung_tinh
"nhìn họ tui cảm nhận họ rất thật thà ý , ước tui trúng số vài tờ giải đặc biệt tui lo gd tui xong lo trị bệnh ba xong là tui đi giúp những hoàn cảnh như anh chị vậy nè 🙏",hy_vong
cài lò xô huyền thoại,trung_tinh
"Giờ đây cũng chỉ gói gọn trong 2 từ""Đã từng""",buon
đây là một câu chuyện buồn 🙁,that_vong
cẩn thận quá cô ơi,lo_au
mình gặp người lạ là tay chân run rẩy mắt không dám nhìn. Có cách nào khắc phục ko ạ,lo_au
"ngoại hình t mập lắm , làm j cũng rón rén , ngại ngùng , chẳng dám chạy nhảy luôn , sợ ngta nhìn đánh giá",that_vong
Nếu cho quay lại thời gian đó có đánh chết tôi cũng không quay mặt bước đi dù chỉ nữa bước,hy_vong
Trần Tiên chac dzay qua kkkk,trung_tinh
Đức Hạnh con bồ cũng định đập tài xế đấy,gian_du
hết tiền rồi này,that_vong
"200 năm xây dựng , tồn tại 800 năm , thật là tiếc cho nước pháp .",that_vong
thứ mà dễ dàng qa cũng nguy hiểm,lo_au
tình yêu con nít cọ đít vào nhau ....,gian_du
Nhìn dáng bà hasara mà chỉ biết ước ❤❤,hy_vong
Khó quá 😢😢😢,that_vong
Khổ thân bà quá,buon
ước mơ làm ngành thật đam mê,hy_vong
Vô trách nhiệm cả một hệ thống. Các ng chỉ chịu trách nhiệm một thời gian còn gia đình ng ta vĩnh viễn mất đi một đứa con. Mang 9 tháng banh da xẻ thịt sinh ra rồi bị các ng giết chết con ng ta. Mỗi khi đọc về những cái chết của trẻ con vì bị tác động hay vì sự vô trách nhiệm ntn tôi như muốn nghẹt thở và rất phẩn nộ,gian_du
toàn hàng Việt Nam! chất lượng cao,hy_vong
giỏi thật chứ đùa . biểu cảm gần như 90 % chuẩn mẹ rồi . thằng quay và edit cũng ghê luôn . nhảy cũng tốt ra phét chứ -.- ác thật,vui
"cay thật sự quá, bị đồng nghiệp nói xấu 💢",gian_du
ngu cho chết chứ nói con cặc gì,gian_du
Tuan Anh Pham chuẩn là phải cmt à,gian_du
Thanh that chia buon cung e va gd,buon
Bài Quốc ca đã ăn với máu thịt từ khi mình bước vào lớp 1. 🥰,vui
cái ông aamir khan đóng phim nao cũng hay và ý nghia het,vui
Rồi rồi đợt này t cho bây tàn canh. Quá đã mãi đỉnh luôn,vui
đừng đùa với người nước ngoài nhé,trung_tinh
Nhạt tới nỗi ai cũng muốn bỏ đi cơ mà,that_vong
Ê!! Tính ra lúc trước t mê Papa's lắm luôn á 😂😂,vui
"Nguyễn Văn Sơn đấy ngta tìm hiểu tận 4 năm, mình tìm hiểu có gần 3 năm ít quá, cta có nên suy nghĩ lại k a nhỉ😇:)))",vui
Còn người là còn của !,hy_vong
đau lòng quá,buon
"ui bài viết cứ như nói mình ấy, huhuu hóa ra vẫn có nhiều bế tắc như mình thời điểm này",that_vong
nghĩ cũng đã nghĩ làm cũng đã làm hối hận cũng đã hối hận rồi nhưng sẽ ko có hai từ giá như,buon
@bigworld2410 Ta hay hoài niệm về những gì đã mất. Vô tình đánh mất cơ hội của hiện tại,buon
"Nghe câu chuyện của Bé cảm thấy buồn quá, mình rất mừng khi bé đã được người xin nhận nuôi, nhưng mình nghĩ những bé có bệnh và sức khỏe quá yếu như vậy, em nên giữ lại để chăm sóc sẽ được tốt hơn cho Bé.👍❤🐕💐",buon
"t không bao giờ dám mặt đồ có dây với hở bụng thêm quần đùi nữa, nhìn trong gương chán 🫤",that_vong
"Tôi cũng làm việc tại Bình Dương, chỗ t sống cũng có mấy người làm thợ hồ cứ lâu lâu lại nghe nói chủ thầu không trả, hẹn ngày,... mà biết rồi đó ở trọ đến tháng là phải trả tiền trọ điện nước. Cuộc sống làm thuê nó chật vật lắm lãnh lương hơn 10 củ nói nhiều nhưng chi tiêu đủ thứ gói ghém lắm mới sống ở đất BD này",that_vong
thích nấu lúc nào cũng được,trung_tinh
Nói ra ngại lắm nhưng nói thật t rất sợ những có lông đặc biệt là con gà . Vâng k nhầm đâu chính là con gà .T nhớ có lần t học lớp 7 đang xem phim nó qcao cái gì động vật gia súc ý mà cả 1 đàn gà đầu nó nhúc nhúc hẳn cái mắt cái lông rõ nét. T thề cứ nghĩ đến hay đi ra đường mà nhìn thấy là t bỏ chạy ám ảnh cả 1 đoạn đường . Nhiều lúc nó cứ lảnh vảng trong đầu .khóc 😭😭,lo_au
add xem ảnh ngoài đời chưa mà nói dume,gian_du
Thương e quá. Xin chia buồn cùng gđ,buon
hay cực,vui
Tú Ngân me too 😐😐😐,trung_tinh
"bth, t xấu nhưng chưa bao h quá tự ti về bản thân, làm đ j có ai hoàn hảo đâu ,có ng đẹp nhưng nết kì thì cx vứt, kém sắc mà giỏi thì ai nói j đâu",hy_vong
cũng dể thương đấy chứ,vui
Hồi sáng thấy đi ngang má oi. Vừa lòng tao lam,vui
tui chỉ sợ lắp thiếu ốc,lo_au
lò vi sóng đó hjhj,trung_tinh
Nguyễn Tấn Tài tôi đã nói là tôi k muốn nói về cái vde đấy Sao bn cứ hướng câu chuyện sag 1 hướng khác đee lmj nhỉ???,gian_du
Dí tới nơi luôn 😁😁,vui
Chiều cao quan trọng hơn nhan sắc ( đối vs con trai 😌 ),trung_tinh
không lo chạy bo đi còn tạo sấm sét doạ người lứa,lo_au
Ngọc Huyền không chị còn bọn đồng nghiệp nó nữa,that_vong
tui 18t chả bt định hướng làm gì đây chán,that_vong
bếp dầu hỏa chứ cái gì,trung_tinh
má con đàn bà thối mồm gặp thằng say hèm,gian_du
"Vậy mới nói tụi nó sau sau này cũng không có gì đâu chú ,chúc chú sức khoẻ",hy_vong
để dép o đây hóng,hy_vong
per vậy cug nghĩ ra được haha,vui
tao ráp xe xong dư hoài chứ j,trung_tinh
Nổi da gà thật sự ạ🥰,vui
có hai vị tướng top 10 thế giới và. 2 danh nhân văn hoá thế giới và 1 người từ chối nobel hoà bình,vui
E này chắc giờ lớn lắm r nhỉ. Ko biết cuộc sống của e có ổn hơn k,buon
Cái vẫy tay khá đắt 😁,vui
Như phim lun má wtf?🙂,vui
Nhà vua của nước ta đã không chấp nhận điều này,trung_tinh
"Khong biết là đúng hay saii, thoi thì cố gắng hết sức , cuối tháng 7 này coi như khép lại ký ức cũ, mở ra con đường mới…",hy_vong
Minh Văn ổn nè,trung_tinh
"1 chút đắng , chút chua cay , với 1 chút ngọt ngào ở đâu đó 😞",that_vong
"Chính là cái đó! Triệt thì dễ nhưng đôi khi cần để đó để lên án, để phản ánh và răn đe những mầm móng xấu vẫn đang tồn tại",gian_du
đi chơi xong về cũng buồn như chó cắn tiếp thôi,buon
"&quot;Nhỡ người yêu cũ thích người khác thì sao?&quot;<br>Là em đag ở trong tình trạng ấy đây chị ạ. Nó đau lắm. Như ngàn vết dao đâm vào tim vậy. Dù đã cố động viên mình rằng. Vẫn còn người phù hợp với mình đang chờ mình. Nhưng em vẫn ko thể ngừng nhớ đến cậu ấy. Em phải làm sao đây. Dù đã unfollow cậu ấy. Em vẫn ko thể ngăn bản thân vào tường facebook xem cậu ấy làm gì, xem những lời ngọt ngào họ dành cho nhau rồi tự ngồi khóc. Em đang bị thất tình. Em đau lòng quá chị và mọi người ơii",buon
dume nhát ma vậy ai coi,gian_du
"""nếu không thể thay đổi quá khứ,xin hãy ngước nhìn về tương laii""_03/09/2024.",hy_vong
tao đẹp trai vào trang tao mà coi đi,vui
ở miền nam nó vẫn không được giá như trước nhưng cũng dư giả,trung_tinh
@GoodPostIt Cuộc sống thư thả a nhỉ,hy_vong
per bữa nào làm thử mày,vui
coi mệt vãi - _ -,that_vong
Không hẳn là hối hận nhưng có chút tiếc nuối😔,buon
Tội quá à ý là tội còn nhẹ quá đó,gian_du
"per xuống cấp những vật liệu dễ bị cháy , chắc có thể do chập điện hoặc nguyên nhân gì đó khiến ngọn lửa bắt lên nhanh cộng với gió lớn .",lo_au
Cứ hễ phát triển du lịch là như thế 😩,that_vong
Trời đất phù hộ thương,buon
Nguyễn Hồng Táo đây b,trung_tinh
Thái Thị Kim Tuyếtrụng trứng luôn,gian_du
đúng chất người đẹp mặc rẻ rách cũng đẹp,trung_tinh
Anh ơi. Chị kia là nữ. Nhưng biến thể hormones là nam giới í,trung_tinh
"giờ đây chúng ta , những con người của ngày ấy giờ không còn nữa ... những lời nói về mai sau nhưng ta đâu ngờ sau này chúng ta càng trở lên xa lạ",that_vong
thương .. hy vọng sớm có người cưu mang bé,hy_vong
bộ cứ thân là ở với nhau đuợc à ?? sai lầm vãi,gian_du
"Chỉ sợ k có tiền, k đủ khả năng vững kinh tế để có thể lo cho con và gđình",lo_au
cảm ơn các anh tình nguyện viên .,vui
"cha quay phim cũng không phải dạng vừa , mẹ diễn viên thần thái vãi",vui
tuổi thơ lại ùa về với bao nhiêu kỷ niệm thời học Ngọc Sinh,vui
"Giá như ngày đó cha đừng bỏ mẹ con con theo gái, thì giờ có lẽ con đã khác",hy_vong
"Nhớ hùi xưa cũng hay bị đi học sớm, cũng vào lớp ko bật đèn gì cả, chỉ đơn giản là để dễ ngủ thêm1 tí",trung_tinh
Ngày xưa có bạn cùng lớp xin cô ra ngoài đi vệ sinh nhẹ. Cô ko cho ra bạn ấy tè ra lớp luôn. Giờ đã 40 tuổi và bạn ấy đang là giáo viên 🤣,vui
@ivankaquynh Làm được nhưng sẽ bạc tóc,hy_vong
Vậy là hay lắm òi :3 tui còn k tin game 1 đánh đc như vậy mà,vui
"vui thôi đừng vui quá , làm ai cũng ngại",gian_du
"mày đúng là nên gặp bác sĩ tâm lý , và hoàn toàn nghe theo bác sĩ",trung_tinh
cái sai thì vẫn còn đó nhưng ít nhất được sống trong hòa bình đã là hạnh phúc lắm rồi 🥰,vui
ừ nhìn rợn thật =]]]],vui
"Mọi người ơi cảm thấy cô đơn lạc lõng, muốn khóc 😔",buon
2020 năm covit nên mới dứng đầu. nhưng so với nước lớn vẫn chả thấm vào đây,that_vong
Các bạn nghĩ sao nếu 1 người đàn bà 30tuổi có 1 đứa con 6tuổi (1 bà mẹ đơn thân ) mà hiện tại đang có 1 cái bụng bầu với người yêu cũ và người đó đang có gia đình khá hạnh phúc. Mình chỉ cần 1 lời khuyên là nên giữ hay bỏ cái thai di nhiên là thu nhập của mình Ko đc ổn định và người đó cũng khuyên mình hãy bỏ đứa bé vì anh ta muốn bảo vệ hạnh phúc gia đình mình .😣,that_vong
hai ông bà thật hạnh phúc,vui
Cx muốn giao tiếp sợ mn k đáp lại thôi,lo_au
nhìn ảnh này tao lại thấy buồn nôn,gian_du
Trần Vũ Phương đớp thằng cha mày ranh con,gian_du
"Không biết đi đúng hướng không quá, chờ mãi không thấy rep tin nhắn 😥",lo_au
@kazuzazi Thì qua 1 đêm nó dồn nén nên mới nhiều tâm sự,buon
"Em y như vậy đó,em hay lo nhiều,bị căng thẳng,",lo_au
19 tuổi mà quen thằng đó 4 năm :)))),vui
rảnh rảnh ngồi cưa bàn với cưa cổ thèn ngồi gần mỗi khi nó ghẹo cũng vui ??,vui
Ông Cậu nhạy bén vậy mà cháu vẫn k thể nào có tia hi vọng. Cô giáo thật sự rất vô trách nhiệm kể cả tài xế lái xe. Bao nhiêu vụ như vậy rồi. Đúng là k thể giao con cho ai cả tự đưa đón vẫn hay hơn,that_vong
"má , 1 ngày tao ho 3 4 lần . tao có nên dừng ho lại không mày",lo_au
"Từ nhỏ đến lớn , e luôn trong cảm giác lo ,sợ , nghĩ nhiều. Sợ đứng trước nhiều ng để thuyết trình , sợ nói lên q.điểm ý kiến ,mng sẽ tập trung nhìn vào mình . Đi làm thì sợ ng này ng kia nói này nọ . Có problom trong cv thì snghi kh bít đồng nghiệp xung quanh có cười chê kh . Mình làm điều này theo ý mình , nhưng snghi rằng mng có chê ,phản bát không .Nhiều lúc muốn đứng lên làm điều mình cho là đúng , nhưng kqua lại sợ . Nên thôi, im lặng cho lành .",lo_au
"@TvNhinhi Cuộc đời nó như con sóng thôi, dập dềnh. Nên ta cứ thả mình theo sóng cho nhẹ đầu",hy_vong
đkmm xuống đáy biển mà viết luôn đi thằng lồn,gian_du
nam mô a Di Đà Phật cầu Sinh do cho hai vợ chồng mạnh giỏi nha,hy_vong
"hồi nhỏ đi học phải ngang qua nhà nuôi ngỗng nó dí chạy thấy bà luôn , ngày nào cũng phải cầm cái cây theo . thề luôn tới giờ tao vẫn còn sợ con này khiếp luôn 😭",lo_au
"trượt rồi , còn đâu mà rủ 😞",that_vong
Thật ra thuyết tiến hóa của Darwin vẫn chưa được các nhà khoa học hay tổ chức nào chứng minh nó tồn tại 100% nhưng vì từ lúc thuyết đó ra đời vẫn chưa có ai có bằng chứng để phủ nhận và cũng có vài điểm hợp lí nên vẫn giữ thuyết đó đến tận bây giờ và các nỗi sợ hay tật xấu được di truyền từ thời tiền sử đến tận bây giờ có thể chưa chính xác :),trung_tinh
Dung Phung anh chiến oánh cho bây h,lo_au
"Em 20 tuổi và 10 tuổi đến giờ chỉ nghịch thôi :&gt;. 3 năm đổ lại đây mới trải nghiệm nhiều ạ. Năm 30t em cũng làm 1 video như này cho con em xem hí hí. Còn kênh youtube k lấy hết may mắn của anh đâu, bọn em cũng may mắn khi xem được mà, 50/50 anh ạ.",hy_vong
"Nana Trần đừng xem xem xong sợ ám ảnh con người đấy. Nó tra tấn như thời trung cổ ý, nói chung là rất dã man.",lo_au
hồi lúc nhà tao nuôi mấy con ngỗng . mỗi lần đi ngang nó là nó đòi dí cắn mà trong khi tao là người cho nó ăn . thứ ngu như bò 😤😤,gian_du
"Việt Nam á , "" luôn trong tim tui """,vui
Kiều Hoanhh đúng r á. Nhà mình cũng z. K dám rời mắt khỏi con sợ nó làm j phiền ngta. Mà nhìu ng s ý,lo_au
Hô Bảo Nghĩa bỏ công an 30km & 5s sau khi bị bắt là đủ biết đẳng cấp,vui
Sao kì z ta mới vui vẻ cầu hôn mà,that_vong
rút kinh nghiệm lần sau cứ khách nào kêu tính tiền thì mình checkin phòng liền nếu tình trạng như vậy thì cho nó dọn phòng khi nào sạch thì cho nó về 😀,trung_tinh
"bực mình ghê quá, mạng lag lúc đang chơi game 😤",gian_du
Mong CA vào cuộc lấy lại công bằng cho bạn mình. Ai cũng vì miếng cơm manh áo có vài chục bạc làm sao lại phải đánh ngta ra đến như vậy.,gian_du
Thương đến nhói cả lòng!,buon
Cho tuii xin ít rv điii,hy_vong
làm chung với con mẹ ngáo là phải chuyển đi liền per ngọc kiều dung,gian_du
"mưa rồi , chỗ tao đang mưa",trung_tinh
per không nhận dạng được mặt bả luôn,that_vong
thiếu cà fe,hy_vong
ngồi lấy tay chốg cằm sợ bị nói pickme😭,lo_au
@Hien2021 thời gian là câu trả lời và cũng là lý do chị ạ,trung_tinh
Đụng răn đe thì chắc k sao ....nhưng lỡ có chuyện gì a tài xế cũng ở tù như thường ạ :3,lo_au
Chị ơi giúp em với em bị suy nhược thần kinh nặng ngày nào cũng mệt mỏi chóng mặt ko làm được việc gì cả khổ wa chị ơi em chỉ muốn chết thôi em đã chạy chữa nhiều nơi mà ko khỏi chị giúp em với,buon
tao sợ ma nên không dám coi lun,lo_au
một nỗi buồn thầm lặng,buon
đừng bao giờ hối hận những j mik đã làm hãy mĩm cười vì mik đã dám làm điều đó,hy_vong
nọng béo mặt thì lắm mụn mũi ko cao mắt 1 mí còn bị lác còn mập nữa ta nói có cái cởi khẩu trang để ún nc thôi cũng đủ ngại r,buon
"mà tại sao mỗi lần ra đường đi bộ thấy ai nhìn tao,tao đều nghĩ là họ nhìn t ngoo vl🗿",gian_du
Lê Bình dạ sợ quá luôn 🤭,lo_au
hối hận nhất đời này là e bỏ lỡ mất anh,buon
Nhi Sirô thấy ghê,gian_du
hãy vui lên như khôi nè,hy_vong
Chúc chú gặp được nhiều may mắn và tốt lành nhé,hy_vong
"Tại sao ngủ ngay sau khi ăn tối, sau đấy thức dậy vào khoảng 9h 10h tối, có 1 cảm giác hưng phấn khó tả. Hầu hết lần nào cũng vậy, có ai giống tôi không?",vui
"mik tự ti, cảm giác đi chung vs 1 đám bn đẹp ns lạ lẫm thật, như mik lạc vào 1 đàn thiên nga v, mỗi khi ng khác nhìn thẳng vào mặt mik, mik lại cố tránh né họ vì sợ họ đánh giá khuyết điểm của mik",buon
Lê Giang Hải Anh gõo,trung_tinh
vk em nó bảo bếp gas các bác ạ 🤣🤣🤣🤣,vui
chưa nhớ vụ công viên nước hồ tây à mấy con chó đực nứng dái,gian_du
"dăm ba cái thể hiện tình cảm này ngày xưa tao đầy , nhưng từ ngày cưới xong đi qua đường chắc chồng tao rơi mất não nên chưa thấy lặp lại bao giờ .",gian_du
giờ còn thể loại dâm ô nam sinh mới ghê,gian_du
Thụy Uyên shock quá chị :(((,that_vong
Phạm Việt xem video porsche vàng rồi,hy_vong
"Đào Êm mình cũng nghĩ là ph ko xem cam cả ngày ko ngó cam à. Thì đọc kỹ thấy mẹ đi xuất khẩu lđ. Bé ở với bà và cậu. Ba thì ko thấy đề cập 😢 neu ở với mẹ chắc mẹ sẽ lên dự tk với bé. Con mình cũng mới tn mầm non, nghĩ thương quá",buon
chị em mình giờ nói ít thôi haha,vui
"và bức tường , khung lan can , cây cối y nguyên sau ngần ấy năm ư ? 😜",vui
ngại nói lắm 🥺 vì cứ có cảm giác chú ý đến tâm trạng ng khác không mấy vui vẻ lắm...,lo_au
Lại có video để xem 🎉,vui
luôn khuyên ngkhac tự tin lên nhma mình làm k đc😔,buon
nếu mn tự ti thì ko sao đâu đâu ai bt mik ra sao hãy cố gắn thật nhiều rồi bn sẽ có một thân hình đẹp gương mặt đẹp như bn muốn ..... tôi cx ^^,hy_vong
đi tù thôi các cháu,gian_du
Thiệt tình chơi game gặp trúng đồng đội toxic. muốn bùng cháy 🤬,gian_du
cảm xúc của ngày hôm nay chính là cái giá phải trả cho sự lựa chọn của ngày hôm ấy,buon
"lúc nhỏ thì thấy điều đó bình thường cho đến khi lên lớp7,mọi thứ tồi tệ dường như bắt đầu và tớ cũng tự ti vì chính nhan sắc của tớ",buon
Thúy Ngân t mất hơn m luôn nha,buon
trời ơi cái đoạn này em khóc tu tu luôn 😪.. trong khoảnh khắc rời xa một ai đó mãi mãi cơn đau thấu ngực trái huhu,buon
thứ ngăn cản bn ko phải là bài tập ng iu bn bè nhan sắc ng khác mà là những j mà bn sẽ lm bn chỉ sợ ngt nói trong khi thật ra họ quan tâm bn chỉ là bn sợ,trung_tinh
tao thề từ giờ đến cuối năm mà tao không lấy được vợ thì tao quyết định sag năm lấy 😊,hy_vong
Đọc thơ xong khờ mẹ luôn 😂🤣,vui
"tớ bị... lạc quan[happy]! tớ k qtam về nhan sắc của tớ vì nó chả đáng nhìn, tớ tự khiến bản thân thu hút hơn với tính cách của tớ, nên đừng tự ti về bản thân nha các c oi [blink]",hy_vong
Trần Dinh Kini nhờ miệng nó đó,trung_tinh
kiểu lâu lâu cũng không được nhắn tin cho ai như thế nên cũng muốn tình cảm xíu =)))) biết đâu,hy_vong
Xuân Nghĩa xem phim Hàn Quốc và phim Mỹ quá 180 phút.,gian_du
Tung cho cố Pr cho cố cuối cùng chỉ như phim râc,that_vong
P1 xem tụt hứng,that_vong
"Hối hận vì ko làm ra tiền sớm hơn để phụng dưỡng nội,tới khi lo đc thì nội ko còn ,cả dời này t ko bg hết ân hận",that_vong
cô ấy: xinh trắng tâm hồn trong sáng tốt bụng học giỏi tôi: ngoài chơi cờ và học tôi chẳng thể làm gì hơn...,that_vong
"Các dì vẫn luôn tự hào có đứa cháu lớn phổng hơn người, xinh đẹp , ngoan ngoãn và tràn đầy năng lượng ! Em là nàng tiên được giáng xuống ở với bố mẹ ! Em ở trọ trần gian giờ em đi thôi ! Vẫn thương nhớ em mãi 💚",buon
t là vừa ngại vừa kh bt kh có j để nói với lại t bị căng thẳng,lo_au
nhớ lại ngày xưa,trung_tinh
không yêu thương bố khi bố ra đi mãi mãi mới hối tiếc 😥😥😭,buon
"Tình xưa chẳng nhạt chẳng phai Mà người giờ đã bên ai mất rồi Hoa tàn đâu bởi gió trôi Chỉ vì duyên cạn tình rời xa ta Cỏ buồn chẳng cạnh được hoa Người buồn chẳng thể thiết tha với mình Nhớ ai lệ chảy lặng thinh Buông tay chẳng nỡ bóng hình chẳng quên Hữu duyên mà thiếu lời nguyền Cận kề nhưng mãi chẳng nên phận người Trên trời lấp lánh sao rơi Dưới này lặng lẽ một đời vấn vương Người trao lời hứa dịu dàng Mà nay để lại phũ phàng trong ta....,...Người đi như gió thoảng qua Để lòng ai đó nhạt nhòa nhớ thương Cành khô úa lá bên đường Như tình chôn kín đoạn trường chia xa Tim đau tựa vết xót xa Khắc sâu kỷ niệm ngày ta có người ‍🩹",buon
t thấy chả có gì thú vị .,trung_tinh
sợ vãi nồi tao còn tg thằng kia bay ra cơ,lo_au
rồi tôi sẽ hết được uống nước ở đây nữa :((,that_vong
em phải làm sao với cái đầu nhiều suy nghĩ đây😥,lo_au
"nghĩ đến cảnh mặc áo là cảm thấy mất cả tuổi thanh xuân , chưa kể là lúc ngứa thì gãi kiểu gì 😂😂",vui
"Mình ko biết giao tiếp... nhiều lúc nhìn mọi người cười đùa, nói chuyện vs nhau... t cảm thấy có chút... buồn, buồn vì ko thể nói chuyện vs mn",that_vong
Phan Thế Anh vì anh chơi chưa đủ liều đó ạ,that_vong
sau vụ này ý thức đậu đỗ xe của tài xế sẽ tốt hơn rất nhiều !,hy_vong
Việc không đạt được mục tiêu đã đề ra trong tháng này khiến tôi cảm thấy đôi chút thất vọng về bản thân.,that_vong
Với tôi. Dám làm dám chịu. Đắng cay nào mà k trải qua r. Trả giá 15 năm cay đắng. 35t làm lại cuộc đời. Đúng là đời... Cay đắng thật,that_vong
Tui bị overthinking r,lo_au
Tuyệt vời chúc mừng ngài,vui
"Tự nhiên nhớ lại, nhiều khi cũng hút mạnh trân châu lên, thật may mắn, chắc cạch luôn món này😢",buon
"Quan tâm chi ánh mắt người khác, bạn biết yêu lấy bản thân, bạn biết dũng cảm đối mặt, thì bạn là người tuyệt vời nhất thế giới này!!",hy_vong
cai nay do co roi . ai con ban nua không,trung_tinh
"hiện tại mình cần tìm người yêu , bạn nữ nào chưa có chồng hay chưa người yêu thì bình luận bên dưới để mình lựa một bạn may mắn nhất nhé :)))",hy_vong
"Đánh vậy hay rồi ĐTVN mình sau cái giải cỏ VCS mới tập trung đc có 1 tuần thôi, bọn Trung, Hàn nó tập cả tháng trời. Mình đâu có điều kiện như tụi nó.",that_vong
hối hận cx đã muộn rồi gáng bước tiếp thôi❤,buon
lu ơi trốn đi,lo_au
Chỉ là đang thăm dò thôi,trung_tinh
per viêm màn túi cấp nghiêm trọng,lo_au
cho tao hỏi lúa nó dính mưa vầy ròi thì làm được gì không .,trung_tinh
diệu kì quá,vui
Lê Thảo haizz cái khứa trẩu tre này chưa trải sự đời 10 năm sau suy nghĩ nó sẽ khác,gian_du
"ánh sáng mà tôi có được, đều là tôi tự đóng tiền điện mà ra",vui
Chưa bao giờ chiếm được Việt Nam,vui
ko có nhăn sắc lại còn là trai nữa thêm lùn nữa chả bt đối mặt lm sao đây,that_vong
Tự Hào VN🥰,vui
2020 trong khi cả tgioi phát triển âm thì vn pt dương 🥰🥰🥰,hy_vong
Hoá ra nước mình còn nhiều người có đi học mà như ko nhỉ 🥲🥲,that_vong
"Thủy Sâu chính sách nớ chưa là gì khi tụi CTY lấy %, nó lấy đến độ chạy bạt mạng 300k rồi trừ 100k phí sử dụng, là còn 200k tiền xăng xe ăn uống hết 100k, thé là cả ngày ấy bạn chỉ kiếm đc 100k. Lúc trước thu% vừa đủ nay thu ác quá,",that_vong
cái này ghê vãi mày sẽ hiểu cảm giác khi nó lún xuống,lo_au
không thấy hay ho gì cả,that_vong
"Bố con thân kinh , con này chắc phải có vấn đề gì chứ người bình thường không thể nào mà như này được , đề nghị tử hình cho xã hội yên ổn",gian_du
Con này nên làm thế :))),vui
Chỉ có thể là người Việt Nam,vui
"Thôi thôi yêu đương ít thôi, sau này lại hối hận, lấy vợ rồi mới biết giai đoạn FA mới là giai đoạn hạnh phúc nhất của cuộc đời",buon
"Hà nội mà, ko vội được đâu !",trung_tinh
phản động à? hàng bố Nga tốt lắm làm gì có chuyện rớt?,gian_du
"Hà Quốc Dũng đ biết thì tiếp cmm thu dần đi thằng ngoo thông tin phải nhiều chiều vào . Cái loại đ tìm hiểu cc gì ngồi phán hơn thánh loại ba.i n~ như m cũng hợp với mấy con này lắm À mà khoan , có khi loại bại n~ như m dễ ăn án khi đụng phải những con ntn đấy ngoo lắm con ạ",gian_du
Linh Nguyễn Ngọc bạn mai mai sân si sâu bít rồi,gian_du
sợ rớt môn quá 🥲,lo_au
cho hỏi cây cầu này ở đâu vậy ... ai biết chỉ dùm tôi cảm ơn ! 😂,vui
chẳng bằng bố tao 13 năm tự nhiên hỏi bố biết tên con là gì không thì chần chừ một lúc rồi phun ra tên chị tao,that_vong
"béo mập, da ngăm cũg tự ti lắm nhaaa toi có cô bn như vậy",buon
"Mardoll Tee Aitch metoo, tr ơi nghe đáng sợ kiểu gì á ko giải thích đc 🥲",lo_au
vì ai cũng có mối quan tâm riêng,trung_tinh
"mày làm tao nhớ em gái ghê , mai sinh nhật con bé rồi mà tao đang đi làm xa nhà , không về được .......... 😑",that_vong
Thương hai lắm 🙈🙈,buon
nhớ nội,buon
Bị trừ lương vì đi trễ 🥀,buon
:v cướp xong trừ khi ông bơi sông . chứ đi đường :)))) với cái bộ dạng đó . ai trả thấy :))),vui
tự ti :(((,buon
bạn trai người khác không bao giờ làm tao thất vọng =))))),hy_vong
"Ở ngoài chắc chắn rất matday, chạy xe cỡ đó nói không phải bênh, đánh là vừa 🙂 nó mà tông trúng ai là ngta chết oan mạng",lo_au
"Ly Trân xong chơi xình xịch ở 2 bên thành bê tông chỗ thoát nước, chơi xong giấu gạch vào bụi chuối hôm sau chơi tiếp bạn nhể 😂",vui
bt mà tao vẫn lạng lách ở đây suốt,trung_tinh
😂😂😂😂😂👍🏻👍🏻👍🏻👍🏻👏,vui
"ở trên mái sảnh nhà tao cũng có một con nhện mẹ tao bảo tao giết nó ( hờ hờ ) , còn bố tao bảo "" mày cứ đi qua là nó rơi giữa đầu """,lo_au
a ấy nói đúng vầy vừa nta dọn cũng khổ nta chứ . phục vụ xog lại phải dọn nữa,that_vong
bị sếp la làm má ơi tuyệt vọng 😔,buon
Hải Trần F35 tỉ lệ rớt còn cao hơn nhiều,trung_tinh
mình xin video với,hy_vong
Đỗ Thị Trang kaka j chứ c fan của thể loại phim ntn 🤣,vui
Bích Phượng rồi sau này tương lai các cháu ra sao? Không nên áp đặt quá nhưng vẫn các con phải học tốt để có vị trí trong xã hội chứ.,lo_au
còn gì đau hơn,buon
mong giá tiêu sẽ tiếp tục tăng,hy_vong
"Phùng Ngọc Toàn bạn không hiểu gì rồi.Olympic ở đâu thì không biết nhưng ở ""xứ dân chủ"" nó phải 𝓴𝓱𝓪́𝓬.",gian_du
Ám ảnh cảnh này 😞 nhưng thế mới đúng là Breaking Bad,lo_au
per không lấy được vợ thì có thể đi tâp gym đêt lấy chồng 😁😁,vui
"Tuyệt vọng quá, bị rớt môn rồi",buon
quan trọng là ông bà nội ngoại bạn phải giàu cái đã,trung_tinh
"các bạn nên biết rằng điều hối hận nhất của các bạn chính là bạn nói hối hận, thực ra trên đời này k hề có sự gọi là hối hận",buon
nhưng tối qua nhà tao có mưa đâu,trung_tinh
mẹ thấy đơn giản không ? đấy giờ chỉ việc lên số cái .... lên ...☝️☝️,trung_tinh
chờ mãi đéo thấy làm gì chán,that_vong
lúc bé mình rất sợ,lo_au
Lão Hạc hết vật cản luôn 🤣,vui
Thanh Cong Nguyen những đứa k có tiền mu thường rất cay khi nghe tin vf thịnh hành,gian_du
"Thề luôn t tự ti nhan sắc cực, lúc chụp ảnh kỉ yếu ko dám mặc váy vì sợ bị soi chân ko thẳng, ko cao long chân 🥺 mà mik mặc cũng ko hợp với mặt lắm",buon
bọn chủ tịch đến chưa chúng mày ?,trung_tinh
vẫn nhớ ngày đầu . lần đầu em có cảm giác được che chở như vậy :))),hy_vong
"địt mẹ mày viết lên chỗ nào nước đéo tới ấy , ngulon",gian_du
Hy vọng page sẽ đăng những bài tích cực hơn ạ ☺️,hy_vong
cung quá ak,vui
giá mà thằng lái xe ngồi trong xe oto trông xe thì tốt biết mấy !,hy_vong
Biết bao giờ mới lành lại đây,that_vong
"hối hận vì bỏ đoạn tình cảm này, và hiện tại sắm phải nhìn anh ấy đi lên lễ đường cùng cô gái khác, nm chắc chắn tôi không hối hận vì bỏ anh để chọn sự nghiệp.",buon
"Eo thề luôn, tớ cx xấu, xấu cực kì😭 vừa mụn, mập, đen, thô. Nhưng tớ ko có tự ti😭",buon
Nam mô adi đà phật🙏🏻🙏🏻🙏🏻,trung_tinh
Tự tin lên mấy gái ơi,hy_vong
Thái độ của tôi là do cách cư sử của bạn,trung_tinh
"anw , vote cho anh vũ",hy_vong
Ni Ni Ly xem đi huhu,buon
đến gần đoạn cuối tao tắt âm xong vào xem bình luận rồi mới tua xem lại để minvolum . iq + vô cực chuẩn mẹ rồi,vui
Nguyễn Thu Hà nữ bị bắt hiểu qua rồi,trung_tinh
suy nghĩ về yêu em ntn cho đúng lo về sau này em sẽ bỏ anh đi.,lo_au
@nguoidamchiase Không đi thì sẽ không bao giờ thấy lối thoát. Hay 👍,hy_vong
"xấu, da ko trắng làm gì với người mình thích cũng ngạii☺️",buon
"Lil' Thing Called Love nghệ sĩ Việt mình cũng thế, nếu ngta ko vi phạm đạo đức quá nặng thì thôi bỏ qua, chứ nhìu khi lỡ phát ngôn sai một chút là nó lập group anti liền",gian_du
"""ui mình 6 vãi l"" ❌ ""ui mình đẹp trai s1tg"" ✔️tuy hay nói như vậy không khiến mình đẹp lên nma giúp mình giả bộ tự tin trước mn 🫰",hy_vong
cái này là cái gì thế .,trung_tinh
Có một đều tuyệt vời đó là họ không nợ ai,hy_vong
"có một câu không biết là có giúp được gì ko. mọi người được vũ trụ gửi tới trái đất này đều sẽ có một sứ mệnh riêng. tính cách, ngoại hình, và tư duy của bạn đều được trang bị phù hợp cho sứ mệnh này.",hy_vong
Lê Thị Kim Út eo ơi tàn ác,gian_du
giá như mẹ ko sinh mik ra gì tốt rồi,that_vong
Phuong Pham Tài giỏi thiệt! Tu hào vn ha ! Hiếm có!!,vui
"Khoa Đoàn mấy pha cuối mở sớm, team k vô kịp, với cả Kiaya k bơi được cùng, team nó dồn Levi xong quay ra đập ngược lại, dễ",that_vong
nhận khách tàu nhanh ai muốn không nè,trung_tinh
Huỳnh Nguyệt Theo bạn chào sao nè ? K lẽ khoanh tay sao ???,gian_du
nghe cái lời rõ đéo hỉu và cái tên cũg không liên quan,gian_du
@Abu4588 Xích giúp em vài con cá a nhá. Cuối tuần làm món cá nướng,hy_vong
"nhà tao bên cạnh phòng tập gym , lúc trước bán dụng cụ thể thao ế vãi ra , nợ nần chồng chất ! từ ngày chuyển sang làm đại lý dầu ăn , gia đình tao phất lên trông thấy !😂😂",vui
Dang táo bón thì bắt đi sự kiện,that_vong
:))) mặt ngáo vậy mà còn lạ lẫm gì,vui
cầu mưa ... mà sao không mưa nhỉ,that_vong
troi oi plsss làm ơn moonbin vui vẻ lắm mà 🥺 công ty đâu rồii,that_vong
37 Nghệ An choa mãi đỉnh,vui
chỉ có khẩu trang mới giúp được,trung_tinh
Phải t thì t cũng sợ vaĩl lỡ đâu hôm sau nó đéo ngoài cửa mà dưới gầm giường thì cũng đau đầu đấy,lo_au
Chú lac quan quá,hy_vong
Phạm Thị Ngọc Bích sợ hãi,lo_au
tao bị biến dạng luôn một tay,that_vong
Thật ik đâu cx sợ người ta phán sét 🗣,lo_au
ngôn tình đầy rẫy là một cô gái sao em lại bỏ qua bao nhiêu mơ mộng,that_vong
gd nội e cũng nhìu cháu nhưng mỗi khi cho tiền e đều lén sợ mấy cháu kia thấy phân bì h muốn cũng không được,buon
ngày trước nấu cơm . đun rơm . đốt được hơn 10p mới nhớ ra chưa cho nước . hỏng cả nổi cơm huhu,that_vong
"anh em ơiii 💸 quá, lương về rồi 🥰",vui
Em rảnh là e cứ snghi linh tinh,buon
"mới đầu mày sẽ thấy vui , từ từ nó quậy cho mày ????",gian_du
"hồi lúc tao ăn lạp xưởng mắc xương , nói mà cũng đéo ai tin . tao hiểu cảm giác của mày lắm ?",vui
@Hãy gọi tôi là Hoa to luon de y nma ko dam hoi,lo_au
nhưng quan trọng phải có cách xử lý nước thải của người dân không được đổ ra sông nữa chứ không thì cũng vứt,gian_du
Xử lí ác nhơn ghê,gian_du
Muốn làm người đàng hoàn khó lắm.Hông có tiền khó lắm,that_vong
"@TvNhinhi Tôi rất đồng ý, cuộc sống là một cuộc chọn lựa và mình nên làm chủ cho nó.",hy_vong
thôi nhà đang yên ổn,that_vong
cảm thấy cô đơn lạc lõng haiz,buon
Bài này lâu rồi mà? Đăng lên nhằm cảnh báo hay là nhai lại lấy fame 🥲,gian_du
thật tự hào vì là người VIỆT NAM 🇻🇳🇻🇳🇻🇳🇻🇳🇻🇳🇻🇳,vui
Sn 96 đi làm gần 6 năm trời không tiết kiệm nổi 100tr 🥺🥺🥺,that_vong
Tàn canh chuyến này,that_vong
"ôi dume giật nảy mình , tí thì rơi điện thoại",gian_du
"bếp lò xô nấu bằng dầu hôi đây mà ,!",trung_tinh
"@TvNhinhi Cuộc sống là do em lựa chọn, hãy tô màu sắc và hy vọng vào nó.",hy_vong
Khổ thân,buon
Tội thế,that_vong
"Chọn sai người, sai 1 đời",that_vong
có ai thấy tội ông cụ như tao không 😭,buon
"per đấy , có người đưa ra quyết định đúng lúc thì các em đỡ khổ còn gì",trung_tinh
Phạm Việt 1 lần nó đi con 911 màu vàng cũng drama rồi :)),vui
"Đặng Bạch Phát bạn phải đặt mình vào hoàn cảnh của Walt thì mới biết đc, Jane lấy tiền r còn có ý định đe doạ tố ổng bán mai thúy, con thì mới đc sinh lỡ đi tù thì đi toi nên ổng để Jane ch*t là điều ai cx có thể đoán đc.",trung_tinh
đỡ mua cuốn sổ 5 ngàn =)),vui
Darius Grigorjev nín mầy,gian_du
hối hận gì nghĩ ng iu thương mình.. nhưng ko họ thương ai đó ko fai mình....,that_vong
toàn để báo nó giật tít không thèm đọc cả bài rồi giãy nảy lên như đỉa phải vôi,gian_du
Phạm Hữu Nghĩa vậy sao mấy đứa cmt bẩn thiểu lại k cmt cái tốt đi. Càng bẩn t càng phải đọc kĩ để biết có nhiều thằng khốn nạn bỉ ổi còn né,gian_du
"Shiper Hoà Bình thân thiện Học nói, học đọc trước khi viết. Luôn luôn vậy. Đi học trước khi đi làm. Luôn luôn vậy. Học làm người trước khi dạy làm người. Luôn luôn vậy.",trung_tinh
Thực sự bàng hoàng và đau lòng quá em ạ. Thương cháu lắm thôi!,buon
ai muốn tránh đường đông hỏi người dân đường trong núi nhé !,trung_tinh
còn gì đau xót hơn 🙂🙂,that_vong
Trương Lan Anh số 4 là tui bị mắc phải đó,trung_tinh
bí mật,trung_tinh
Châu Hải Yến chính nó!!,vui
tôi hối hận đã bước thêm bước nữa,buon
Chính quyền đã cảnh báo chứ phải không,trung_tinh
"Giám đốc sở giao dục còn tham ô cho đầy túi tham, thì thời gian đâu nghĩ đến các sự nghiệp trồng người nữa anh.",gian_du
"Phụ huynh k ra gì thì dạy con sẽ ra ntn đây, tôi còn nhớ có một chuyện, mình làm nghê giáo chả có làm gì con họ cả, nhưng bị vu oan, con họ up story chửi bới họ vẫn vào bên chả biết đúng sai, mình nghĩ những phụ huynh đó chỉ tạo đc cặn bã xã hội này thôi",that_vong
lại thanh niên quay phim khúc cuối ra hỏi chị ơi chị có sao không,lo_au
Trần Trâm y như tus,trung_tinh
lại nhuộm vàng súng ống rồi,gian_du
Nhìn mặt ác ds🙂‍↕️🙂‍↕️🙂‍↕️,gian_du
"Chị ơi e đang học đại học năm 2, hồi cấp 3 em học cũng tốt và nhanh hiểu bài lắm nhưng s lên đh dù e đi học đủ e vẫn chả hiểu gì, rồi đâm ra chán nản, lười biếng r suy nghĩ tiêu cực, stress hơn vì cũng gần thi rồi, làm s để học tốt hơn chị ơi",lo_au
"Đúng là loại con bất hiếu,trời chu đất diệt. Thật ko thể nào tưởng tượng nổi…có những chuyện nvay sảy ra. Ngta thì mong còn Bme để yêu thương,chăm sóc…đằng này còn Mẹ mà nỡ lòng nào….😡😡😡😡",gian_du
"người ta đi trước cả ý nghĩ của ông rồi đừng dậy người ta , phải tự hào chứ",vui
"Nguyễn Phương Dung CTY chịu hết đấy bạn, với điều kiện là bạn chứng minh được bạn đã gọi cho khách và xác nhận đơn hàng ấy, nên yếu tố cả 2 có thì cty chịu hết toàn bộ, còn thủ tục thì ko phức tạp, cái mà mình ghét nhất ở thủ tục này là phải chụp ảnh món hàng phải vứt bỏ vào thùng rác.",gian_du
"đây là tao khi bảo "" tao biết đường mà , tin tao ."" 🙂",hy_vong
phim gì z .. thánh nữ nào cho biết cái chủ đề dới !!,trung_tinh
"chọn đúng là đúng, nếu chọn sai thì hãy cố gắng thật sự để biến sự lựa chọn sai đó thành đúng đắn nhất của cuộc đời em,",hy_vong
"Thế mới thấy sự đáng giá của việc đi học, không phải ai cũng nhìn thấy nguồn cơn, có những loại người chỉ nhìn thấy cái nông cạn trước mắt là nv,mà xã hội này thì 10 kẻ thì có 5-7 kẻ như vậy, nói dân trí thấp lại tự ái",gian_du
nhìn quả mặt của nó thì tao công nhận thất tình thật đáng thương ?,that_vong
công nhận già thật,trung_tinh
tự ti lắm kìa:(,buon
hahaa nhìn mắc cười vãi per,vui
"t ngại những ánh mắt nhìn chằm chằm vào t, họ kh nói gì nhm t vẫn có thể nghe^^",lo_au
"tất cả trừ mèo đen, mèo đen trong chỗ tối thì sợ. còn kèm thêm cái rèm cửa trên cửa kính ko đc đóng chặt lại nữa",lo_au
per đừng ảo tưởng nhé,gian_du
Lê Thị Thanh Thiên bạn T đừng bơm hàng nhé 😆😆,vui
Lão Hạc xử lý❎ sử lý ✅,trung_tinh
thiếu là quốc gia chống dịch tốt nhất thế giới đất nước đáng sống và quốc gia có người dân thân thiện nhất 🥰🥰🥰,vui
"xấu, mặt nhiều mụn, da đen ,lùn 😢☺️",buon
"hỏi thì hỏi cho khôn , hỏi mà như vả thẳng vào mặt người ta",gian_du
No biết sắp bị đón dot,trung_tinh
Nội tâm,trung_tinh
thì nhìn đám học sinh trong lớp là biết cô dạy kiểu gì rồi đấy .,gian_du
khối lượng công việc nhiều quá không biết bắt đầu từ đâu 😥,lo_au
"và vẫn vậy ),kiểu ít tiếp xúc nhiều vs chỗ đông người, nhưng lên cấp 3 thì càng nhiều học sinh và thầy cô đông nghịch hơn1...mấy học sinh à xong từ đó là tớ bắt đầu hướng nội và hướng ngoại, lúc đâu",lo_au
:))) 1 phần của bài quyền là phải gẫy gậy và té sấp mặt luôn để đỡ bị đối phương đâm lòi phèo,vui
ra xã hội rồi mới biết mình còn may mắn hơn rất nhiều người vậy nên hãy trân trọng những gì mình có 😊,hy_vong
"Phạm Quang Vinh 😞 tại phở không ngon, chứ phở mà ngon chắc 365 ngày ăn ở nhà🌚🌚🌚",buon
ngại khi ngkh nhìn thẳng vào mik ...,lo_au
I am 40++ đây mọi người :D chúc mọi người tìm được công việc yêu thích và phù hợp nhé 👍,hy_vong
Lê Phạm Như Ngọc má coi thất đức ko nè bà ơi,gian_du
"có người cả đời ăn không hết lại có người thiếu ăn , thiếu mặc nhìn chán đời vãi",that_vong
Thu Trang xem rồi,trung_tinh
nam mô đại bi quán thế âm bồ tát xin mẹ hiền phù hộ cho tất cả chúng sinh trên cõi ta bà đều có cơm ăn áo mặc .đều có cuộc sống ấm no tự do và hạnh phúc,hy_vong
"Đúng là cộng đồng mạng Ban đầu bị đánh thì lên án cảnh sát rầm rộ, giờ thêm tin tức thì bảo chạy xe tông chết người thì sao. Nói 2 mặt thì lại bảo thấy ngta lên án cảnh sát quá không dám lên tiếng Biết vậy thì từ đầu lý trí xem xét cả hai bên chứ đừng nghiêng nửa vời",gian_du
Làm ơn ko phải sự thật đi🙏,hy_vong
à ra là ngứa mắt vì người ta đỗ ô tô mà không phải trả tiền . khi nào người ta mất tiền mới hài lòng .,gian_du
đúng là không thể chấp nhận được,gian_du
"K chết vì miền bắc Việt Nam thì cũng chết vì miền trung, miền nam Việt Nam ngày nay😂<br>Vua Khơ Me...😂",vui
per phim này thấy trailer hấp dẫn ghê 😁,hy_vong
"Làm kinh tế du lịch k bền vững, tham cho bản thân chớ k biết tới cộng đồng.",that_vong
tại sai bạn lại tự ti nhỉ mỗi người có một vẻ đẹp riêng biệt chỉ là bạn chưa tìm ra nó thôi b rất đẹp cho nên cứ tự tin lên💞,hy_vong
bên t 18ng đl,trung_tinh
cần gì những thứ xa hoa lộng lẫy đâu . dù chỉ 1 bông hoa nhưng đong đầy yêu thương nhắn tin đã cảm thấy đủ hạnh phúc rồi 😊😊😊,hy_vong
đó là bỏ lỡ một tờ vé số giải độc đắc người ta mời không chịu mua,buon
Tui bị một bn ghét chỉ vì tớ xấu😳,buon
kết cái bài hát thôi mà lâu lắm r k nghe quên mất tên bài hát r,trung_tinh
@tổng tài lạnh lùng @bị u mê sgp @Suka @Chat_nhu~>< @Gái đẹp châu phi 😻 @annyeong_nameꪆৎ💫 @nhaunhaungu môn sử @lòng xào bò sorry nha áo tui hơi giãn,vui
giống chuyện của chúng mình quá . chả biết sẽ cùng anh đi bao xa ... nhưng hạnh phúc khi có anh luôn bên cạnh ??,hy_vong
Thiệt tình khách hàng dời lịch họp sát giờ. tức phát khóc 😤,gian_du
Làm 1 đứa con ngoan. Nếu đc làm lại tôi sẽ chọn làm báo thủ,that_vong
mặt lệch mụn răng xấu mắt thâm mặt to ngại,buon
tao nghe nói đứa bé còn nhỏ là không được chụp hình đâu mày,trung_tinh
"kh ngại , mà sợ nói ra cái ngta ngại dùm",lo_au
"tốt nhất là đừng crush ai ngoài bản thân ra cả , để khi nhớ thì chỉ cần lấy gương ra nhìn cái là được 😑",hy_vong
Vì tiền mà họ kg cần a c e,that_vong
Số chưa chết đc số vẫn còn muốn đi tù,gian_du
thế em ăn anh được không ?,hy_vong
Xử nghiêm vào,gian_du
Ê t với côn bthan lâu ngày kh gặp gặp nhau hơi ngại nhưng 5giay sau như sảnh chờ ff,vui
Tên con t t tự đặt khỏi loooooo,gian_du
"@nangoc84 Nghe câu chuyện của bác thì ngẫm nghĩ lại năm 2018 thất bại trước 30t có khi lại là may mắn, nếu năm đó triệu phú có khi bây h lại thê",hy_vong
Việc quản lý tài chính cá nhân trong thời kỳ lạm phát đang là một bài toán khó khiến tôi phải suy nghĩ nhiều.,lo_au
Phú Quý sẽ là Phú Quốc thứ 2 trong tương lai,hy_vong
Đồ bắt cá 2 tay. Tất cả chỉ là giả dối.,gian_du
ko xấu chỉ là t tự ti vì mình nh mụn th:(,buon
thôi tốt nhất là chịu thua đi . thắng hay thua cũng đâu có được gì .,that_vong
Nếu là tui thì sẽ không mở ra kiểm tra ngay mà sẽ ngồi thẫn thờ suy nghĩ về nhân sinh rồi mới hạ quyết tâm mở ra để lắp lại 😂,vui
Thiệt tình mới tậu được chiếc áo cực cháy. Yayyy! 😎,vui
cái này thì hôm nào nói chuyện tao nói cho nghe ??,trung_tinh
Môi trường làm việc độc hại đang dần vắt kiệt sức lực và tinh thần của tôi.,buon
mở ra mà thấy vậy chắc tao sợ quá mà chết luôn mất,lo_au
Thiệt tình thấy tài khoản cạn tiền mà hoang mang. nhỡ rớt chắc xỉu ngang 😰,lo_au
"Anh em ơi bị sếp ép deadline vô lý, sôi máu 🤬",gian_du
@Mun₩ h chị thấy hối hận vs những gì cj đã lm vs em r😥,buon
đề nghị các bạn giữ trật tự trong rạp phim !!!!!!,gian_du
Trần Hương coi ròi,trung_tinh
Mun xem ge😋🥹,hy_vong
per thịt nướng lò xô ne ăn z mà không chết 😎😎😎😎,vui
Nhìn thì to vậy thôi nhưng dân số chỉ ngang đại việt,trung_tinh
a triệu mua quả báo thì quá rẻ mạt 😞 tiếc là luật có vậy,that_vong
Hữu Duyên uk khi mô rãnh đi coi,trung_tinh
ngày ấy chỉ vì quá ngu ngơ mà để lạc mất .,buon
Jane xinh z mà 🥲,that_vong
liệu có bền lâu,lo_au
Ước j h nội mình còn sống,hy_vong
hello đồng nghiệp ;)))) không biết nghiệp gì thôi haha,vui
"không thể tin được quá, sếp khen cái project mới 🎉",vui
Nhà dột từ nóc. Nản!,that_vong
má tao coi mà cứ sợ nó bay ra,lo_au
"chân ta cũng là chân đi và giờ bị đứt dây chằng , nằm một chỗ đợi mổ rồi mày . đồng cảm vãi",that_vong
hồi nhỏ đọc tao đã nghi nghi rồi =)))))))),vui
"hay lắm chị. Những lúc tâm trạng tiêu cực em cũng hay động viên mình rằng chuyện này là chuyện bình thường. E dành 30p hoặc 1 tiếng để cho nỗi buồn gặm nhấm, hiểu nó, phân tích nó. Nếu bí quá em hay chia sẻ với bạn thân nhưng e hạn chế than vãn quá nhiều. Nhưng mà e nghĩ cuộc sống có lúc này lúc kia, có khi buồn có khi vui, quan trọng mình phải hiểu bản thân mình rồi từ đó biến những thứ chưa được hài lòng ( nguyên căn của nỗi buồn) thành động lực để cố gắng.",hy_vong
"Tội 2cháu quá,con nhỏ thế chủ nó nhẫn tâm.Cảm ơn những tấm lòng nhân ái",buon
Quynh Thu Nguyen hehe làm hết hồn. Hok có j nè 😁,vui
1 con ốc cũng có thể gây ra vấn đề về an toàn,lo_au
Thanh Nguyễn đm lại hợp lí vãi loz🤣,vui
mẹ con điên,gian_du
t chỉ thấy tình yêu của tao nó tan vỡ thôi,that_vong
minh biết nữa ne,trung_tinh
đấy có phải con người không nhỉ ? mà sao lại làm thế,gian_du
"mưa thì dột tè le nửa kìa,",trung_tinh
thua combat ở bùa đỏ xui thiệc chứ nt. worlds làm lại thôi👨‍🦽👨‍🦽,that_vong
mấy đứa thấy mình hiền nó làm tới hà .. quá đáng lắm luôn á !,gian_du
Mong bên công an có cách giải quyết vấn đề này cho các bé đừng học theo những kẻ xấu để sao này bé k vào tương lai đen tối mà có con đường tươg lai tốt dành cho bé,hy_vong
Cho tên nhà xe lên luôn đi,hy_vong
"coi nhớ ngoại , lúc bà còn cx hayyy cho tiền tuiii , giờ ko còn nữa 🥺🥺",buon
<b>luôn ủng hộ chị. cảm ơn Video của chị giúp nhiều người thoát khỏi tiêu cực để có cuộc sống tốt hơn</b>,hy_vong
t chỉ chờ đết lúc nó lôi ra xem được cục to như ngón tay không,trung_tinh
Trời ạ cả ngày ko ai đi qua xe nghe thấy tiếng con ư... thương xót quá,buon
Tận cùng của sự khốn nạn,gian_du
"đồng chí thịt vợ tương lai của em thì nhẹ nhẹ đấy , không là phải cứ giã như gạo là không được đâu 😡😡",gian_du
"Anh ơi, lâu lâu có những video như này được không ạ, nó kiểu như một chút gia vị sau chuỗi những video học thuật ý ạ. Thực sự cảm giác video nào của anh cũng rất chỉn chu dù là học thuật hay là trò chuyện. Em cũng cảm ơn và biết ơn anh vì mọi thứ a làm ạ.",hy_vong
"@Nesaragesaraknm Càng thức tỉnh càng cô độc, tâm hồn càng già cỗi nhưng luôn thưởng thức những vẻ đẹp của cuộc sống, loại bỏ tham sân si và luôn suy nghĩ cho nhân loại",hy_vong
mới chụp căn cước công dân xong nhìn mặt mình kiểu...😔,that_vong
ỏ đáng yêu =))),vui
"Tôi áp lực đồng trang lứa đè nặng, hồi hộp quá 😭",lo_au
"huhu mũi củ tỏi, mụn, mày nối rậm, fat, ngăm, gò má cao 😭😭",gian_du
"Ai cũng có vẻ đẹp riêng của bản thân cả , là phiên bản duy nhất của Ba Mẹ, phiên bản duy nhất trên thế giới, là phiên bản giới hạn, cả thg chỉ có 1, thì lmj em phải ngại",hy_vong
ko hiểu viết nhạc kểu gì nữa,gian_du
"không được uống đã đành , ngồi dọn sấp mặt luôn , như con cáo và chùm nho xanh per",that_vong
ông lâm bảo dân còn nhiều tiền năm,trung_tinh
Thật sự cần vid này 🙂 đang rất stress. Nhưng không biết nói với aii,lo_au
Khi đó Đại việt bị bên bắc chèn chép k cho phát triển mạnh nêu không chưa chắc Campuchia thời đó rộng ngư vậy,trung_tinh
chả có gì vui,that_vong
@Hien2021 Ai cx có 1 thời còn trẻ,hy_vong
tao thấy dễ thương màaaa,hy_vong
T không giỏi giao tiếp vì đó là lí do lúc nào gặp ngla hay khá thân t cũng toàn im lặng…,that_vong
thấy per hất môg thằg đó bay hài lòng dễ sợ,vui
Hùng Stato Le lạnh người 🙏,lo_au
ước quay lại hôm đó . em vẫn đồng ý. nhưng sẽ ko yêu a như cách này..............,hy_vong
"đã làm thì làm cho lố vào , không thì khép nép lại",gian_du
lâu lắc chưa xem lại !!! 😳. một bộ phim vừa ý nghĩa vừa hài hước ! 👍,vui
quen với quên rồi thì hết đau thôi mà,buon
Vũ Tũnn bởi thế nên t mới gọi chúng m là bọn thất bại,gian_du
Quá mất lòng tin ở phần 1 rồi nên thôi,that_vong
đag bị cuồng mấy video của chế này . ai có ngoài video này tag cho mình xem với nhé 😂😂,hy_vong
Có nên truy cứu hình sự với phụ huynh của những đứa này ?,gian_du
@chia tay đổi tên:))))) @xnhii,vui
Tích cực lên a oiiiiiii,hy_vong
qua câu chuyện vừa bịa ra tôi hi vọng các bạn sẽ có cái nhìn thoáng hơn về csgt việt nam 😂😂,hy_vong
Hoàng Thành link shopee,trung_tinh
cùng câu hỏi .. vụ thang máy thì sao nhỉ,trung_tinh
mặt tớ ko đc hoàn hảo nên mỗi khi đi học hay đi chơi tớ cũng sẽ đeo khẩu trang tớ đã đeo đc 2 năm rùi mỗi khi cởi khẩu trang tớ cũng rất e ngại với các bạn,lo_au
ước mơ tao 🙂 chỉ có thể sao chép lại và tao lên màu cực xấu !,that_vong
người đáng tin cậy không nhất thiết phải là những người bạn tốt nhưng những người bạn tốt chắc chắn sẽ đáng tin cậy,hy_vong
nha ̀ nươ ́ c pha ̉ i bo ̉ tu ̀ mâ ́ y thă ̀ người la ̀ mày oan sai cho ngươ ̀ i dân thi ̀ chu ́ người no ́ mơ ́ i sơ ̣,gian_du
mày xinh thế ? tao ốm tí đã xấu hoắc,gian_du
per mở mắt ra đọc đi ! tao như này tất cả là do mày đấy chó ạ !,gian_du
Đau xót lắm e ơi. Cả nhà cố gắng vượt qua nỗi đau này nhé! Mong cho YN được siêu thoát.,hy_vong
giết chết lũ khốn và cái ô che cho chúng .,gian_du
"bởi vì anh đã gặp em đúng lúc , đúng lúc đó em đã có người thương ...",that_vong
"học xong cấp 3 , ngoài mừng vì được thoát khỏi đó thì không hề có lưu luyến 1 chút nào :))))))",hy_vong
đm thế giới này toàn nói thật thì công nhận nhạt nhẽo vãi,gian_du
Nhảy dù thành công. Lại còn đang tìm tung tích . Chả hiểu làm sao nữa,that_vong
từ lúc đọc vụ này là k bao giờ uống 1 ly ts nào mà có trân châu. Sợ sơ ý con uống phải hoặc bỏ tủ lạnh con tự lấy uống . Nghiện trà sữa nhưng say no với trân châu,lo_au
"quần áo với xe thế kia là biết gia đình điều kiện tnao rồi 😂 anw , mong ông bà luôn khỏe mạnh , vui vẻ < 3",hy_vong
"Tim đập thình thịch quá, nghĩ về tương lai mông lung quá 😥",lo_au
đen mũi mụn tóc xoăn tự ti thật đi toàn cúi mặt,buon
Coa mình trong đó :),vui
ngày buồn nhất trời đổ cơn mưa :(,buon
Mất ngủ xong mất sức nữa cha nội,gian_du
mình hỏi mua rồi mà người ta kiểu nữa muốn bán nữa không bạn,gian_du
Quá ác 🥹🥹🥹thương chú,buon
cho nó đỗ tí mất gì đâu,gian_du
Thuỳ Linh vụ này cũ Mấy năm r,trung_tinh
Vẫn cứ chênh vênh🥺🥺,lo_au
có khi nào kết hôn xong nó giết lấy tiền bảo hiểm không,lo_au
"haa ... haa ... ! đúng là có thay đổi lớn ! ngồi nhâm nhi ly cafe , phì phèo điếu thuốc nhìn thiên hạ cũng vui kkk ... !",vui
Ôi thương quá. Ai cưu mang các bé đi chứ. Sinh con ra rồi sao lỡ bỏ con để con chịu cảnh này. Nhìn con mình mình nâng như nâng trứng. Mà nhìn các bé thương thật đấy,buon
thông minh mấy yêu vào cũng ngu,gian_du
ai cũng vậy thôi con rắn mình đánh nó thì nó chạy chứ làm quá thì nó cũng quay đầu lại cắn . đó là quy luật cuộc sống . đừng thấy tao im mà làm tới,trung_tinh
Bắt nó xĩu rồi điều tra ra nó xĩu nữa à. Cha kia quen chắc cũng ngáo hay sao ý 2 năm mà không biết gia đình quê quán.,gian_du
chuyện buồn quá chúng mày à . tao không dám đọc sợ làm quyết tâm có người yêu của tao lung lay 🙄,that_vong
"Nguyễn Quốc Anh gòi , tui đã từng sặc vì cái này",lo_au
nếu ai cũng có ý thức tốt đẹp thì đất nước này còn gì để nói . đâu có ai hoàn toàn hoàn hảo đâu bạn . dù là moi tần lớp,buon
tui nhớ nội 3 năm rồi xa nội ngày nhỏ cứ bà nội lén nhét cho 5k 10k để đi học 😔,buon
Bé Dững so mình với mình thôi vd b so b với mình nè,trung_tinh
Tuyệt vời quá . Xắp tới mình cũng đi phát quà cho các cô chú khó khăn . Mong đủ duyên để giúp đỡ được các cô chú bữa ăn nhỏ 🥰🥰🥰😁,hy_vong
"Em đang bị áp lực giữa việc học và việc nhà..<br>Nhà em làm kinh doanh nên có rất nhiều việc để làm,trong khi đó em cũng phải dành nhiều thời gian để học toeic, em không cân bằng được vì nếu không làm việc nhà thì sẽ bị ba mẹ gây áp lực..",lo_au
"Lập blog này ra đừng ai nhận ra toi . chuẩn. Giật tít cho cố vô r mấy th ko thèm đọc bài vô cmt khiếm nhã vl. Tội e gái trong bài, nó như kiểu bị ảnh hưởng tâm lý nên mới v chứ có phải trò đùa đâu",gian_du
nhìn ma tiếc từng hạt trân châu,that_vong
Đúng là mình nhìn lên thì ko bằng ai mà nhìn xuống thì mình thấy sướng hơn ngta gấp bội lần,hy_vong
"Vậy mà bác Trọng bảo. Đất nước ta chưa bao giờ có cơ đồ, tiềm lực, vị thế, uy tín quốc tế như này nay.",that_vong
mấy thằng mặt địt . chim chưa mọc đủ lông mà lông đã ăn vào tận não chúng mày rồi . đm chúng mày,gian_du
lỗi đạo cụ,that_vong
"@july107193 Tôi đã từng bỏ lỡ rất nhiều, và h sống trong ân hận nè bann",buon
đó cũng là giải pháp hay để lừa một thèn ngu,gian_du
"kiểu t mong ước được quay lại khoảng thời gian đó nghĩ kĩ lại mới thấy, có quay lại t vẫn không thể thay đổi được những gì đang làm t đau khổ",buon
buồn hơn thế là đối với 1 đứa con gái năm lần bảy lượt chủ động ib họ nhưng vẫn bị xem thường ... xem mà đéo rep ... hết thương là vậy ... 😞😞😞,gian_du
chắc đây là chuyện không có thật thôi . mình đọc qua cũng biết chắc chắn không thể là chữ trẻ con được,trung_tinh
Người thường ai làm thế 😪,that_vong
@ivankaquynh Rất hay!,vui
"tan rã hết rồi , giờ toàn đánh lẻ thôi 😭😭😭",that_vong
"tao cưới rồi , cưới nữa cho vợ tao chém tao chết à",gian_du
ngôi nhà bên dòng sông rõ đẹp . tiếc là sông toàn rác,that_vong
nói sợ bắt bẻ sợ thế này thế kia,lo_au
còn tao là thoát khỏi 3 năm nói riền và 12 năm nói chung thảm họa của cđ hahaha 😆😆😆😆,vui
đỗ đh cũng là ngành bản thân mong muốn nma quyết định kh theo vì kh muốn bm phải vất vả nữa ☺️,buon
@LinglingVNWL great NARS X LINGLING KWONG #NARSSerumCushionxLingling #linglingkwong #หลิงหลิงคอง‌,vui
Thu Bui sự việc m đọc dc thấy bảo đăng lại nên cũng k muốn nói thêm vì sự việc lâu r . M tl b 1 câu này nữa r tắt thông báo giải phẫu khí quản nó nằm ở đâu. Sâu hay nông. Khi đó chỉ cần vật gì sắc nhọn có thể đâm xuyên vào khí quản là đc. Hay ý b cần dao mổ. Vậy nha,gian_du
Video rất hữu ích ạ 🥰,vui
Cảm ơn chj nhìu😭 e là đứa bắt đầu ra xã hội và phải kiếm tiền phụ gđ. Vừa phải tiếp thu môi trường mới vừa phải tự lực gánh sinh nên e áp lực lắm lun ý. Nhưng nhờ có chj e đã bik phải làm thế nào r&gt;&lt;,lo_au
bố là số 1 vĩ đại hơn những gì con cần,vui
ông này tài quá,vui
"Dạo này mình buồn nhiều đến mức, mình quên là bản thân đã từng vui vẻ đến thế nào!",buon
Thoii mà trrr,that_vong
vậy vài bửa trời nắng mình không mang quần nằm dưới nắng cho nó nở ra :)),vui
tưởng thế mà ngầu,that_vong
nhìn vậy thôi mày bóc tách múi ra là bình thường ngay mà,trung_tinh
nghỉ đến chuyện 16 tỷ thì...,that_vong
"Cảm ơn chị Giang, em đang vùi mình trong tiêu cực đây..bây giờ em đang ngồi ngoài vỉa hè uống trà sữa ăn cá viên chiên nghe video của chị 😤",buon
"Nguyễn Khoa thiếu cái thứ quan trọng nhất, ba nhóc vừa là tổng thống vừa là tỉ phú.",that_vong
"Như Ngọc thấy ai quen quen trong đấy, nhìn lại mới nhận ra là mình😔",buon
chắc học từ bỏ quá,that_vong
Sáng ni hình như mới thấy ở Huế.,trung_tinh
chưa bao giờ còn yêu nhiều hơn thế 😍😍 bởi cha mẹ cho tôi tất cả,vui
Hối hận vì đã nhầm ck 😭,buon
@Javies 🩶 nq ahhhhh🗣💕,vui
Hèn gì tính nóng như kem đụng là trụng kk,gian_du
"Hai Yen tr ơi nhà tui mái tôn đêm nào cũng nghe tiếng mèo chạy rầm rầm trên mái, rồi 2 con mèo đánh nhau cãi nhau kinh dị vãi 🥲 chúng nó khè nhau mà cứ kêu dài xong kiểu ai oán tóc gáy t dựng hết cả lên",lo_au
đàn bà ở nhà thế kia không sợ ngoại tình à ? tao đang lo vợ tao đây này,lo_au
@nangoc84 Ta phải cố gắng cho chính ước mơ của mình. Nếu mọi người tìm động lực để phát triển có thể ghé nhà cho em xin 1 tương tác nhé ạ. Em hướng đến 1 cộng đồng vừa đủ nhưng chất lượng để cùng phát triển tại nền tảng này. Em sẽ trả fl ngay khi có thông báo.,hy_vong
per vợ thích bếp ga mini hay loại bếp ga đôi nào 😂😂😂😂,trung_tinh
Mức độ cạnh tranh trong ngành hiện tại khiến tôi cảm thấy không chắc chắn về cơ hội thăng tiến của mình.,lo_au
gần có tiền để mua,hy_vong
"per cái thứ yêu nghiệt này cứ thấy tao như thấy crush , cứ gặp tao là đuổi",gian_du
Đúng rồi tự ti đến nỗi k giám ra ngoài 🙁,buon
"Coi ❤️ đập mạnh, huống chí các em thi đâu,",vui
Thương quá. Mong con an nghỉ nhé,buon
ngại giao tiếp ngại tham gia các hđ mặc dù t rất thik nhìn m.ng mak ham tuy đc cái trắng nhưng da yếu hay mẩn vs mụn nhiều ko đc mịn màng mặt còn lệch nx😔,that_vong
🙂👍,vui
Bị rớt môn rồi haiz,buon
Mẹ nó dòng khốn nạn 🙂,gian_du
"hồi nhỏ chỉ khi nào mẹ làm bánh tai yến thì mới dùng tới bếp dầu hôi này , không là bỏ tủ để dành",trung_tinh
dume mặc dù tao rất yêu chó nhưng tao cũng sợ chó nữa :((,lo_au
"Cách vượt qua bất ổn tâm lý:<br>1. Phương pháp 5 nhìn, 4 chạm, 3 nghe, 2 ngửi, 1 nếm.<br>2. Tư duy 3%.<br>3. Phương pháp thở 4 thì.<br>Cám ơn thầy rất nhiều ạ!",trung_tinh
trông tội quá,lo_au
xem mà thấy cảm động quá Chúc chú thật nhiều sức khỏe,buon
Thơ như đb,that_vong
"Nói chung có xích mích từ trước rồi thì đừng nên xin xỏ nhau làm gì , nước sông ko phạm nước giếng cho khỏe, xin Mẹ ổng rồi mà ổng ko cho cũng chịu Hàng xóm với nhau, ko có lửa thì cũng ko có khói đâu",gian_du
Tuấn Dương toạch pen rồi thì chờ mùa quýt rụng,trung_tinh
Thằng này làm thơ để thế hệ tương lai.... mẹ bố mấy ông làm tầm bậy tầm bạ,gian_du
đứa con gái nào mà đề nghị là biết bị ma nhập mà né nha mấy cha,lo_au
"Hihi cuối năm nghe lại video này. Năm nay em cũng 30 tuổi, thấy đồng cảm nhiều ghê á anh. Chúc mừng năm mới mọi người",vui
bị nó chặn đầu mấy lần khóc sướt mướt luôn . mấy con yêu nghiệt này còn dữ hơn chó,lo_au
Chớ còn sao nói vs người không cùng tần số Im Lặng là Vàng ☺️,vui
Hoan hỉ đi anh,vui
"thừa cân, mùi cơ thể, da sạm và ti tỉ những thứ xấu xí trên cơ thể t",gian_du
Con người … thay đổi từ tốt thành xấu…,that_vong
"Rụt rè vì xấu, k dám nhìn mặt ng ta, nỗi sợ đó ai mà hiểu đc😔",lo_au
Thanh Thảo tỉnh ngộ,trung_tinh
"Henry Lai sợ nó lấy địa chỉ vớ vẩn hoặc địa chỉ ng nó ghét thôi, chọi mắm tôm thì đúng ý nó luôn",lo_au
Việt Nam cũng đang trên đường giông như Nhật… có khác gì đâu :)),trung_tinh
Ráng đẻ thêm 1 đưa con trai r mình đặt ten nyc cho con.,buon
Cuộc đời ta ko có gj hối hận chỉ có những tiếc nối mà mình chưa hoàn thành 🥺,buon
Tính ra không phải mình tui bị vậy 🥰,vui
Trước đây đã từng xảy ra 1 vụ tương tự rồi. Thật sự không hiểu lý do vì sao: 1/ Tài xế không kiểm tra trước khi xuống xe 2/ Gv thấy trẻ nghỉ ko báo phụ huynh Sự lơ là tắc trắc cướp đi sinh mạng của một đứa bé. Thật sự quá đau đớn.,gian_du
"@Mạnh . Đức không sao b ơi,cố lên☺️🥰",hy_vong
@CYRUS EDIT🎬🎮 anh em👍😉,trung_tinh
không biết đến 2021 tao có lấy được chồng không nữa,hy_vong
người trong avt là ng tôi tưng yêu h chỉ là bn trên danh nghĩa chỉ tiếc cậu ấy không cho ôm cậu ấy lần cuối cậu ấy xinh đk 🥺🥺,buon
"Trần Dinh Kini nó mới leo 1 bài bước đầu thôi. Khi ở dưới đất đầu miệng nó đặt ở đó rồi. Leo dần lên 2,3 bước thì như mình thấy đấy",trung_tinh
He,trung_tinh
"Bênh cái đeo loại nó, chẳng qua mấy đồng chí công an sai quá sai trong cách ứng xử thôi, đánh thế thì chịu, còn mấy tk báo kia xử thế nào chứ để thế có ngày nó ủi chết ngta rồi sao",gian_du
vui lên cùng lãng tử,vui
"Tức á quá, đang đi đường thì bị tạt nước 😡",gian_du
"Khang Nguyễn ngộ sát là nói nhẹ cho cháu nó thôi, chứ cái tay lúc chụp hình là sang hết cả con người rồi.",gian_du
Hối hận vì tất cả những quyết định bằng trái tim,buon
ko có nỗi đau nào đau hơn nỗi đau mất con cả.,buon
thế làm sao dỗ bạn gái đang giận :(,that_vong
tội lỗi tội lỗi,buon
Đúng r tâm trạng phải lo lắng vậy đi báo CA tội phá hoại tài sản cho nặng kèm ảnh hưởng tâm lý,lo_au
"Hồi cấp 2 mik rất hay phát biểu ý kiến . Nhưng từ khi lên cấp 3 thì gặp mấy bn quá lanh mấy bn đã giành trả lời hoặc là nói leo . Làm mik hok có cơ hội để phát biểu ý kiến của mik nx . Dần mik cảm thấy hok còn muốn giơ tay . Nên mik đã hc hành xa sút ,cảm thấy chán nản mõi khi hc . Vì mỗi khi mik phát biểu thì mới có thể hiểu ,tiếp thu bài nhanh và có hứng thú hc tập đc😢",lo_au
bộ cuối nhìn đau lòng thật :(,buon
Tuổi trẻ mà ai chả có sai lầm,hy_vong
Thương con k kể hết. Cầu mong cho con sớm siêu thoát. Nam mô a di đà phật 🙏🙏🙏,buon
"per trừ điểm , trừ điểm",gian_du
với tôi là gia đình và sự hận thù .,gian_du
thấy mệt thêm chứ chẳng khỏe gì cả .,that_vong
ngã xuống thì lại bảo là tự tử do mâu thẫn với chủ,gian_du
dịch vụ tận tâm . đáng yêu quá ! : x,vui
Búng chả ngon <br><br>Nó ngon <br><br>Hay là ko ngon,trung_tinh
Hải Lan Thì tui đang rảnh mà:))).Thấy spam nhiều nên cmt thui:)),trung_tinh
Hưng Lan b pải lm bên thám tử tư chuẩn kk,trung_tinh
em rất buồn và có lúc vui lúc em đang buồn em nghỉ đến điều ko tiêu cực thì lại vui mà 1 hồi lại buồn nữa haiz em làm như chị bảo đúng là đơtr thiệt nhưng mà khi em nghỉ lại chuyện đó em lại buồn nữa rồi ý 🙂☺🥲😐😑😶🥺😭 em cảm thấy tội lỗi quá 1 lúc sau em hết buồn rồi nèem cảm ơm chị,buon
Thiệt tình tìm được quán cafe ưng ý. hạnh phúc quá 🎉,vui
Ngược chiều ở cao tốc,trung_tinh
"Cảm ơn Giang, hôm nay đúng là lúc cảm xúc mình bị chùng xuống. Lâu lâu lại bị cảm xúc này. Xem xong cảm thấy đỡ hơn. Cảm ơn bạn",buon
cảm thấy cô đơn lạc lõng ...,buon
"Người thì mong cha mẹ sống lâu để báo hiếu, thứ con bất hiếu",that_vong
không muốn huhu,that_vong
tại sao mày nằm viện mà vẫn xinh thế ??,vui
nghề từ thiện,trung_tinh
lần sau mua mấy con vít gỗ 2cm lém gần bánh lần sau sợ ngay,lo_au
Tự hào 2 tiếng việt nam😌😌,vui
thương mấy anh quá mà tao không kiềm được vẫn phải thả haha,vui
"Em vừa xem video của chị. Cảm ơn chị.<br>Em 21 tuổi. Em bị người thân trong gia đình coi thường, nên em phải làm như nào, suy nghĩ như nào để buông bỏ ạ? Hic",that_vong
"tao biết trước là nó sẽ lao vào màn hình mà , vậy nên tâm vẫn tỉnh lúc nó lao vào .",trung_tinh
😑 con trai chỉ thích gái lùn thôi . tao biết mà . nhưng cô gái cao như tao đi cạnh sẽ giống 2 thằng đàn ông lắm,that_vong
nhiều cái đến lúc biết hối hận mới nhận ra ta đã sai từ đâu,buon
Lên Phim nên che mờ hành động tt đó đi ạ. Vì trẻ con cũng xem nên bị ảnh hưởng... Trẻ có ý thức tự giác ko cần ép vẫn oke. Chỉ lo con lười biếng ko tự giác thôi. Ng vk như này khiếp vía,lo_au
"ước mơ của tao , thích vẽ lắm luôn , nhưng mỗi tội vẽ xong cho lên màu thì lại tệ 🙄",that_vong
Mong những ai có đăng thì cho địa chỉ để cho mạnh thường quân giúp đở,hy_vong
Tờ Rinh ớn lạnh ác dữ tống vo tù hành hạ lại vậy mới vừa cho ở suốt đời trong tù luôn,gian_du
Phim hay đỉnh,vui
làm người khác thỏa mãn bằng mùi hương của chính bản thân,trung_tinh
quán tao vỡ sụp xuống hơn mưa,that_vong
Tận cùng của sự khinh bỉ !tội cho hai mẹ con 😢,gian_du
Đọc bài không sợ đọc cmt mới sợ,lo_au
Chơi thêd quá tốt rồi. Có cái đấu trường lớn mình tâm lý chiến yếu thôi. Chứ hôm qua mà đánh như hôm nay ăn chắc,gian_du
tôi từng trách bố mẹ sao sinh tôi ra trong hoàn cảnh này,that_vong
cũng muốn có những hành động đáng yêu nv,hy_vong
Linh Trương lấy chồng khác,trung_tinh
per vẽ ổ điện bá vãi em ạ 😂,vui
"bố bạn ý chửi nhẹ đấy , bố mình chửi là chỉ mong đầu thai vào nhà khác 😬",that_vong
Một sai lầm cả đời không bao giờ tha thứ cho bản thân,buon
cách xử lý của cô chủ nhiệm quá tồi .,gian_du
nói chung là ai nào buông tay thì người chết vẫn là mấy đứa con gái như tao 😭,that_vong
định mệnh tao lại quên mang áo mưa,that_vong
Phạm Tâm từ đầu tớ nc rất tử tế đàng hoàng vs tâm ngược lại tâm thấy tớ k nói gì cứ thế nói đểu.muốn lm tổn thương nhau đến bao giờ nữa,gian_du
có tiền mua cả cây nhỉ,hy_vong
"Em cảm ơn anh vì những kiến thức, trải nghiệm mà anh đã chia sẻ trên kênh đã truyền thêm rất nhiều động lực cho em nỗ lực mỗi ngày. Chúc anh sang tuổi mới có thêm nhiều cơ hội vươn mình ra khỏi vùng an toàn hơn nữa, thử sức nhiều điều thú vị, hấp dẫn ạ",hy_vong
đái mẹ ra quần,lo_au
cẩn thận các góc cửa,trung_tinh
per chuẩn . gọi công an cho lành . cãi cộ chẳng may sửng cồ lên không kìm được phang vào xe nó lại mệt ??,lo_au
"Em năm nay 16t, em cảm thấy rất may mắn vì được xem các video của anh. Nó đã hoàn toàn thay đổi tư duy và lối suy nghĩ so với em của 1 năm trước. Cảm ơn anh rất nhiều vì những gì anh đang làm. Mong anh có thể làm thêm nhiều video về chủ đề tài chính ❤",hy_vong
Thanh Nguyễn ơi là trờiiii hahahahaha,vui
nhìn cách dạy chó là biết cách dạy con,gian_du
lúc đi họp lớp thì đếu thấy ai,that_vong
"ngta nói t có nhan sắc nma 0 bt dùng. Ừm thì vì da t đen, mụn, mắt thâm, tóc buộc thấp nên như v. Nhưng vì t 0 có tiền nên chịu thôi",that_vong
chúc chú có nhiều sk gặp nhiều măy mắn,hy_vong
ăn nhiều mau khoẻ .. tôm cá ấy mày giàu canxi,trung_tinh
"Có ai như mk ko, khi có mb đứa bn mk ở đó thì mk càng rụt rè hơn ko muốn nói j ht ak, nhưg ko có nó thì lại khác",lo_au
kinh khủng thật :((,lo_au
nhờ mạnh tq giúp đỡ,hy_vong
Thien Giang thôi sợ r🙏🏼🫣,lo_au
Bi Nguyễn có thể trong quá khứ từng bị xâm hại nên có 1 vết lương lòng k được chữa hết thì sẽ thành bệnh,buon
Chúc vợ chồng em thật nhiều sức khỏe để cưu mang mấy em chó bị bỏ rơi kôg còn lang thang đói khát nữa,hy_vong
nhà tao vẫn nấu . à mà lâu lâu tao về nấu một lần thì không cháy cũng nát,that_vong
"thằng nào nói câu : thế thì đừng làm nghề này . v nếu không có người làm nghề này thì ks sẽ mở cửa cho chúng mày vô àk , người có ăn học có ý thức sẽ không nói ra câu đó .",gian_du
"Em học tâm lý nhưng tâm trạng của em gần như lúc nào cũng ở trạng thái tiêu cực, bế tắc, chính vì vậy em ko thể theo ngành mình học và ko biết mình làm được gì cho bản thân nữa",lo_au
"🤫😘😋 Ê nói nhỏ nè, hun cái chụt, mlem ghia:)",hy_vong
đến ngồi còn phải khom khom sợ ng đời chê cười.,lo_au
Hối hận nhất của cuộc đời là đã từng dính vào cờ bạc mạng,buon
Ngay cả bản thân còn đang lo lắng ngày hôm sau có bị đuổi việc không thì sinh con làm gì?,lo_au
VIỆT NAM KHÓ MÀ BỊ XÂM LƯỢC LUÔN,vui
Họ dang múng chuyển sinh lập dàng haren:))),vui
Lọ Lem khó cái là con đó nó hãm zi nên k thằng nào rước nên nó k có ck á chớ,gian_du
toàn tặng đồ gây sát thương thế kia khả năng bị phản damage là rất cao,lo_au
phí gì cũng cao nhất so với ngân hàg khác mà phục vụ lại tệ nhất ! sau đợt này vcb mất nhiều khác hàg !,gian_du
Messi là người xứng đáng được nhận danh hiệu cao Quí này vì anh là cầu thủ bóng đá số 1 giỏi nhất hành tinh này,vui
A grap phi xe như đại bàng luôn quá hay =))),vui
"Tôi bị sếp ép deadline vô lý, cục súc 😤",gian_du
tao là thằng chưa bao giờ giận người yêu vì người yêu tao không bao giờ làm gì có lỗi hết,vui
các bạn đã xuất sắc hoàn thành nhiệm vụ,vui
có tiến bộ ! kkk,vui
"Thị trường hiện tại biến động mạnh, làm tôi thấy e ngại về các quyết định đầu tư.",lo_au
"để tớ giúp cậu nạp năng lượng nhé, thương quá cơ😔",buon
Bạn nói cũng đúng. cũng như bản thân mình cũng có thể viết ra một bộ phim như phim ấn độ nhưng mình cũng biết cách điều tiết nó cho cuộc sống can bằng hơn cho đến thời điểm hiện tại. Chúc bạn ngày một thành công và xinh đẹp nhé 👍✊💖,hy_vong
mình ước rằng trong mỗi cuộc nói chuyện không có ai nhìn thấy mình,lo_au
94 lận đận đủ đường . 🥺,that_vong
ngoại tui mắt rồi tui rất hối hận,buon
hôm nay cậu thế nào,hy_vong
"per cần thêm những trái dâu xinh xắn để ngăn chặn sự u ám này ,",hy_vong
"5tr là tiền bà yến cúng vong cho công an phường quang trung để giải oan gia trái chủ của bà tiền kiếp thôi , chứ phạt g đâu , xếp lớn của bà và xếp lớn của công an phường là 1 , ai lại đi đá gà nhà ...",gian_du
ghê thật,gian_du
tôi nghĩ nên tăng tiền phạt lên,trung_tinh
nhìn nhớ ngày ấy,buon
per mốt đừg có thiết kế hay xây mấy cái kiểu như dị nhé hem ><,lo_au
Vai năm sau tư thấy mình ngu mà thôi vi môt đưa k qt mình thì quá ngu,buon
"Trong các giấc mơ thì giấc mơ đi ""D .A .I "" luôn thành hiện thực",vui
bị rớt môn rồi 😔,buon
xem song lại nhớ ông,buon
Cảm động thật.,vui
Với mình sức khoẻ và trí tuệ là số 1,trung_tinh
cố gắng lên!!!,hy_vong
"đấy ... y đâu cần phải to tác , phải gào lên cho cả thế giới biết .",gian_du
Đừng bao h vào bv đa khoa. Mình đã từg vào và bị khám tào lao vẽ bệnh. Đi bv lớn thì khám k sao hết. Mà vô đó vẽ làm mình tưởng bị ung thư còn sống đc vài tháng !!!,lo_au
"Nguyễn Quỳnh Chi ko rõ tâm tư, không thấu nổi hồng trần",that_vong
cl nè ăn hông t cho thôi làm ơn làm ơn tao thà đi mưa mà tao đỡ muốn ói bớt ảo tưởng dùm t cái,gian_du
"Ngọc Bích đọc mà bức xúc luôn á bạn ơi,tội bé kia quá 🥲🥲 mấy loại ni cho đi tù hết đi.",gian_du
Đáng sợ vđ..chỉ khổ cho gia đình vs người liên luỵ,lo_au
Thảo Ngân tất cả không phải như anh nghĩ đâu =))),vui
😢,buon
Hồng Phạm cuộc đời toàn cứt vs đái ko vậy,gian_du
"vui vẻ chút , lạc quan chút cho đời thêm vui cũng là một cách 😂😂",hy_vong
1967 mà cụ ông đẹp trai phong độ ăn mặc thời trang quá :)),vui
một cái tết nhiều tiền,hy_vong
Νhan sắc ko có thì còn có còn tính cách của cta quyết định nx nhx hãy cố gắng hoàn thiện bản thân để trở nên tốt hơn nha ✊,hy_vong
chưa bao giờ bắn trúng 😬,that_vong
hi vọng ở tuổi đó gia đình luôn ở bên để thấy tôi đủ trưởng thành và thành công 💪,hy_vong
"truy tố ra tòa chứ phạt hành chính gì ??? lừa đảo có tổ chức số tiền trăm tỷ , thêm tội truyền bá mê tín dị đoan ... 👎👎👎",gian_du
Vướng vào chuyện tình cảm + tính trẻ trâu hồi lúc đi học nên đã làm tổn thương những người bạn xung quanh và người yêu cũ. Cũng k còn tự tin với những mối quan hệ mới. Giờ thì mình không còn bạn nữa chỉ còn một mình.,that_vong
"Huyền Diệp ko phải bây giờ đâu, từ lâu rồi, nhung gio kiêu co mang xh nhiêu nên lên tiêng đc đo bạn, chứ loại bo mẹ nay t gặp tu hôi tao chưa dậy thì",gian_du
trời mưa tự nhiên nhớ người yêu cũ làm má ơi mệt mỏi 💔,buon
yêu quá đi mất . tuổi thơ của mình toàn nện mấy thằng con trai . trong lớp mình toàn làm xếp nên chẳng được giúp đỡ,that_vong
Trần Dinh Kini chính là leo bằng cái miệng dẻo đoa,trung_tinh
"@Nesaragesaraknm Tin này chấn động tam giới, xin dc up lại",vui
Cầu mong 2 a vẫn bình an,hy_vong
Gặp ở ngoài tặng nó cuốn sách GDCD anh ei,vui
"Mình nghĩ trc khi muốn đi tìm việc thì b nên học thêm đã. Chứ tin nhắn gửi đi mà câu cú lủng củng, ngữ pháp khó hiểu thì 100% là k đc tuyển. Việc thì cần thiết đấy, nhưng đừng nặng nề quá b ơi. B chỉ cần nhớ là khi b giỏi tiếng, học tốt tự khắc những công việc tốt đẹp sẽ tìm đến với b. Chúc b luôn may mắn và thành công",hy_vong
Nguyễn Sin a yên tâm đi đi e ỡ nhà e kiếm thằg khác ném đá tiếp,gian_du
Có ai bị nhột k chứ tui nhột thật . 😂. 30+ rồi vẫn còn bị😂. Chuyện xui rủi chắc tui mún 🫢,vui
Anhkhoa Nguyen thế diện cái cc j suốt ngày cafe. Con thì quên cho cả đi học,gian_du
ăn mà không biết dọn .,gian_du
T cũng đang hối hận kinh khủng khi mất có ấy. T ngủ thật,buon
Hic mới mua mà rơi rồi,that_vong
"Làm bên công trình xây dựng hay bị quỵt lương lắm, chỗ tui vào năm trước dịch covid có mấy thanh niên cùng nhau đi làm cuối cùng tiền xe về quê cũng không có",gian_du
kiểu gì chả chết ? đá to như kia thoát sao nổi ?,lo_au
"ờ phải rồi , nói hay lắm . đến lúc nó đậu trước cửa nhà mình cả ngày xem có nhảy lên như khỉ đỏ đít không ?",gian_du
Kính thưa hội đồng xét xử……… tại con ghệ cháu nó nói anh sợ nó à nên cháu mới hung hăng như vậy😩,lo_au
A Tim Sg gê qá đại ca,lo_au
hôm ấy tao chân ướt chân ráo từ quận 6 lên quận 3 cũng rẽ trái đoạn ntmk và cmt8 . mất 3 lít :( khôn hẳn ra,that_vong
bài hát đầu tiên của phim là gì nhỉ quên mất rồi . bạn nào thông não cho mình phát,trung_tinh
Máy 2 thì khoẻ hơn là rõ,trung_tinh
crush có người yêu ...,buon
ôi bé xinh gái vãi :)),vui
hóng mãi cuối cùng bị cho leo cây 😒,that_vong
hối hận vì tôi đã chọn sai vợ 13 năm rồi rời xa nhau,buon
Em học cấp 1 cấp 2 rất là tự tin hướng ngoại rất dễ giao tiếp mà từ khi năm lớp 11 cho đến 12 thì bắt đầu rụt rè không thể giao tiếp với người lạ =(((,that_vong
Nhung Nguyen xin hãy tha cho cuộc đời của connnn,hy_vong
Hải Yến quá khốn nạn,gian_du
có khi nào mình thích anh hàng xóm vì mình thích con mèo nhà anh không nhỉ :<,hy_vong
Sắp lên c3 r mà k dc học cùng ai cả mà nghe mấy a/c nói c3 toxic mà sợ vaiii,lo_au
Vũ Tuấn Thành vượt quá sự đau đớn,buon
"bộ phim này xem rất sướng . và rút ra được khám phá là thứ tuyệt vời nhất chứ không phải bằng cấp . giá như mấy ông "" bộ "" và mấy ông "" ngành "" dành thời gian xem phim này một lần .",hy_vong
per đi làm công tình yêu cẩn thận ăn uống nhé,trung_tinh
còn gì hạnh phúc hơn trong cuộc sống này ♥️,vui
Tự buông bỏ mọi thứ. Mình nghĩ rằng cứ cười với cuộc đời. Thì cuộc đời sẽ cười lại với mình. Mọi thứ sẽ ổn thôi. Cố lên tôi ❤️,hy_vong
vì chúng ta không nên nói chuyện với nhau nữa,that_vong
vì ghét nhau thôi,gian_du
"Đang lướt tik tok, chuyển sang fb đọc được bài này cái suy ngang",trung_tinh
Cuộc đời bé . An nhiên từ đây,hy_vong
Bên trên bờ thả cá thả rùa. Bên dưới sông trực chờ sẵn để bắt lại. 🥲,that_vong
cấm đỗ là việc của công an,trung_tinh
Trời má...như trong phim dị.😬,lo_au
Nếu tx xe ô tô mà nổi tiếng chắc lại bị truy tố hình sự mất thôi,lo_au
"Cái L mẹ … vì tiền mà hại ngta, dụ ngta làm để ngta đòi gây mê đòi thêm tiền lúc làm s mà mạnh bạo v? Lúc ngta lại chửi thì vâng vâng dạ dạ",gian_du
em buông tay anh nhé .... quá khứ ấy anh hãy xoá hết đi .......,buon
ngu vãi,gian_du
Da ngăm môi thâm răng ko đều.... cảm thấy tự ti đi rất nhiều...=(,that_vong
"em cảm ơn anh ạ:33, em sẽ cố gắng để tuổi 18 và những năm tháng sau này rực rỡ và tuyệt vời nhất ạ:333",hy_vong
tự tin lên,hy_vong
"hay ho gì . 81 tỉ xây được bao nhiêu nhà cho hộ nghèo , trẻ em lang thang cơ nhỡ , trong khi đó dành 81 tỉ để bỏ nhau",that_vong
Chuẩn Nhưng tìm đâu ra,that_vong
66 năm trời luôn đấy,trung_tinh
Khong muon xuat hien tren doi nua… nan qua roi,buon
Thay đổi tương lai tốt hơn được không đừng hối hận quá khứ nữa,hy_vong
"Nếu được chọn lại mình chắc chắn không đi con đường này, hoá ra đi đến cuối cùng thì chỉ có bản thân mình tự đẩy mình xuống vực",that_vong
"các bạn xem phim cậu bé đặc biệt , luôn nhé . phim có diển viên này tham gia nói về cách giáo dục con cái cực hay . chúc các bạn xem phim vui vẻ",hy_vong
"ho ̣ c ̀ nh tra ̉ thâ ̀ y cô hê ́ tao , ba ̀ đo ́ thi ̀ con cặc trư ́ người nư ̃ anh đâu ma ̀ thai vơ ́ i sư ̀ người",gian_du
"từ nay sẽ không cap màn hình ib nưa , thật tội lỗi tội lỗi",buon
gặp đúng người thì sẽ nói rất nhiu,vui
Quốc kỳ quốc ca là niềm tự hào thiêng liêng của dân tộc mik,vui
năm nào mà tao chã cô đơn,that_vong
Hong Hanh Phạm Thị Thanh Hiền ồ,trung_tinh
em đã bao giờ nghĩ đến mối quan hệ đồng tính ?,trung_tinh
chó nhà giàu là vậy,trung_tinh
vì yêu người khác nên biết là ngu nhưng vẫn làm :(,that_vong
nếu lái xe là dân đen thì thế nào chú . có dám đậu ở đóa không,lo_au
là nhìn người ta đi cạnh 1 cô gái mà bất lực không thể làm gì ngoài việc ngồi nhìn và mỉm cười,that_vong
"@simondalat em đang mơ giấc mơ cypto giúp em bứt phá, và đoạn đường e đang đi đã dc 1/3 rồi Thầy. Liệu có quá ảo tưởng không ạ?",lo_au
đời tao ghét con súc sinh này vãi .. nhiều khi tao tự vấn tao làm gì sai mà mỗi lần tao đi qua nó là y như rằng tao phải chạy như chó chứ không thể nào hiên ngang đi 1 cách như người bình thường,lo_au
Rất muốn a ơi ❤,hy_vong
em sắp lên lớp 10 và cảm thấy so stress học tập điểm thấp chị có lời khuyên nào k ạ,lo_au
bể mẹ cái kính cường lực mới dán :#,vui
"mũi to là nhược điểm lớn nhất trên mặt t :))) nhma ko sao mng cứ tự tin lên nha, ai nghĩ gì thì cũng kệ đi",hy_vong
hối hận ...,buon
lại cho lên chơi với các cụ 😌😌😌,trung_tinh
"Trà Đá Bạn nói rất đúng, tôi mới chỉ nói đó là tướng đàn ông của vđv xứ đông lào là bị cả đám vô chửi không chừa chỗ nào hết.",gian_du
"Thằng ck nói là :"" tao lạy mày, cuối cùng tao cũng chờ được ngày này rồi ..."" rồi cười nhẹ bước đi. ...",vui
mình rối quá,lo_au
"Mỗi vc học thôi cũng kêu mệt, sau đi làm còn khổ gấp trăm lần mà ko dám kêu",that_vong
cũng muốn đi xem lắm,hy_vong
per em cười mệt quá =)))),vui
tội cho anh,buon
nhìn mấy bn nữ khác trong lớp bỗng thấy tự ti=<,buon
đã năm 2000 . người ta cho mượn 200 tr rồi .. từ đó về sau nhà người ta có cần 25 tr / tháng hay không ???,gian_du
"Tuy khổ ,ăn cơm đạm bạc ,nhưng gia đình sum họp ,vợ chồng HP ,là rất quý ,chúc hai bạn trăm năm Hp Bình An 👍👍👍🥰🥰🤩🤩✌️✌️✌️✌️❤️❤️🙏🙏🙏",hy_vong
"không ngại về nhan sắc, ngại bị người khác phán xét",lo_au
mất đi cả thế giới trong bất lực. mẹ tôi😳,buon
Trần Dinh Kini Nó đi lùi,trung_tinh
"Vừa thấy tài khoản cạn tiền mà hoang mang xong, thấy bất an ghê lun huhu",lo_au
Xem những đoạn lip này mà rớt nước mắt đau lòng quá 😪😪 ❤❤,buon
Em rẩt may mắn khi xem được video của anh<br>Mong anh có thể ra những video hay nữa trong tương lai. Cảm ơn anh,hy_vong
lắm lông chỉ thế th cx thấy tự ti,buon
Ngọc Dung cãi lỗ tầy quầy lun 🐧,gian_du
Lương Huyền Trâm sợ mấy cái pk đa khoa tư nhân lắm,lo_au
Miến Miến nè đọc đi bà,trung_tinh
bọn bây giống tao không ? chứ ghét mấy đứa troll rớt điện thoại vãi,gian_du
mở máy lên .. rồii lại đặt xuống ... cả ngày nay tôi đều như vậy để chờ anh nhắn chúc tôi .. giờ này chắc anh quên ngày này thật rồi .. cô đơn quá mức rồi đấy 😭😭,that_vong
cũng muốn chụp ảnh không cần chỉnh quá nhiều,hy_vong
tự hào là người Việt Nam 🇻🇳❤,vui
Linh Trương biết đâu điều bạn tính toán lại là người chồng của bạn sẽ thực hiện🙂,trung_tinh
một con cá chép đang bơi trong hồ mà đã tính chuyện đánh bại những con rồng vẫy vùng 5 châu !,vui
"Thực sự cảm ơn chị vì đã làm ra cái vid này , em vừa mới biết điểm thi của môn toán môn em học không giỏi và điểm cũng tệ...em đang rất buồn và lo lắng hầu như toàn snghi tiêu cực, em cảm ơn chị vì đã giúp em có một snghi khác hơn và tích cực hơn❤❤",lo_au
"Đúng là lm việc có tâm, bắt về thả đi r lại bắt về thả đi 🤣",vui
"mấy anh làm video đầu tư ghê , nội dung diễn xuất hay",vui
hôm nay anh xin lỗi em về những việc anh đã làm hôm nay .. anh không thể kiểm soát não anh được nữa rồi 🤫,buon
giong to lam nhieu luc nhin nguoi ta co nhan sac ma nhin minh thay tu ti vai:((,that_vong
Chym bay cũng tại thầy 😆,vui
dume dăm ba cái đứa lông còn chưa mọc đủ bày đặt thể hiện con cặc gì không biết . thêm bà cô giáo óc chó + lão chủ sân nữa,gian_du
chúc mừng cp . cố lên cp .,hy_vong
thôi ctay đi chứ yêu con người như này chả chết vì bệnh mà chết vì vô tâm mất,gian_du
a k bao giờ hối hận vì a đã cố gắng hết mình rồi.,vui
Hương Huỳnh eoooo,gian_du
"Bảo Hân k được đâu nha, chồng tui mũi cao tui mong con mũi cao giống ba nó, vậy mà....",that_vong
"nhỏ thấy qua 1 lần , nó bị cột ngay trước cửa nhà người ta ở trong hẻm , mỗi lần đi ngang qua là nó lại định lao tới cà khịa",lo_au
người ta có bạn bè nhìn vui thật,buon
"thứ con gái hư đốn , mày không sợ xã hội dị nghị à",gian_du
"Buồn xíu xiu quá, nuôi con mèo mà nó đi mất 😞",buon
Hằng Boom Xem chưa,trung_tinh
"mặt mất dạy nhỉ , câng câng luôn",gian_du
đeo ktrang lm t tự tin hơn khi nc,hy_vong
"thót tim quá, không biết ngày mai sẽ ra sao 🥲",lo_au
"Tôi bị dính dấu hiệu 2,4,5 rồi",lo_au
bao giờ lại chiếu ạ,trung_tinh
Thương cháu gái .Nam Mô A Di Đa Phật .Mẹ cháu và gđ vượt qua nõi đau này,buon
Đâu ra hai chú cháu dễ thương quá vậy nè 🥰🥰🥰,vui
Phuong Diem cần gì lãng mạn sống có trách nhiệm bao dung rộng lượng là đc rồi,hy_vong
Nguyen John chuyện này tại hạ cũng chưa nghĩ tới :))),vui
Mắt thâm bẩm sinh tự ti quá tr 🥺,buon
"sau nay minh lam gi,sau nay minh se ra sao,",lo_au
"Em suy nghĩ nhiều quá , nhiều khi e còn suy nghĩ đến cái chết nữa 🙁",buon
Khi chú có thật nhiều tiền thì em sẽ tu đến./.,hy_vong
Kim Phượng coi mà khó thở ngang,gian_du
Nhưng mà thua hoài nó chán,that_vong
Nguyen Dinh Cuong vẫn vậy thôi,trung_tinh
Màn đêm buông xuống là lúc các con sống trong địa ngục😰thương quá thương😭,lo_au
per 1 lần chơi lớn xem em có trầm trồ,hy_vong
"1. Tách mk khỏi nguồn tiêu cực bằng cách liệt kê 5 thứ nhìn thấy, 4 thứ chạm đc , 3 tiếng nghe đc, 2 mùi ngửi đc, 1 vị nếm đc<br>2. Công thức 3 % khi bắt đầu một thứ mới cái mk làm đc một ngày là mới 3% thôi<br>3. Tập thở sâu bác sĩ Nguyễn Khắc Viện: hít vào-giữ thở -giữ 5s",trung_tinh
đỉ lol đè chết mẹ đi . hát cái lol,gian_du
"hồi trước nghe câu : "" gái ham tài , trai ham sắc "" nên cố học hành cho nó ham , ai ngờ giờ mới biết nó ham tài sản chứ không phải tài năng .",that_vong
thế tao mới quyết tâm tìm ra facebook thật của nó để no hết đường lừa các em mới lớn đó,hy_vong
"hồi trước e có nhóm bạn rủ đi vũng tàu, tụi nó rủ là đi bằng xe máy, trong đầu e nghĩ không được lỡ xảy ra tai nạn thì sao, và e bỏ lỡ chuyến đi đó.",buon
Mai Nguyễn thiệt á chứ không đồng hành ùng ck vs con suy diễn lung tung ôm cục tức vào lòng. Tâm bệnh,gian_du
chai này mới ghi được nhìu chữ kkk,trung_tinh
nên công bố để răn đe,trung_tinh
giọng mình thì như tát vào mặt người nghe,that_vong
"Ai? ai nhả vía cho t nói ít 1 tí đi , nhiều khi chính bthan t còn k b vì sao t nói nhiều tới thề 😭",buon
"@hanhhien85 đúng rồi em ơi, kết thúc này là khởi đầu của cái kia",hy_vong
"ước gì mày được quay về tuổi thơ , trước mày cũng có 1 b trai như vậy đó",hy_vong
Sợ cái nết vậy rồi nên khó thay đổi đc á bạn.,that_vong
mình làm ở sài gòn gặp nhiều bạn ở miền ngoài nhưng thích nghe nhất giọng ở phú yên nghe hay hay sau ah có ai vậy không,vui
Bỏ qua những mối quan hệ độc hại/ vòng cảm xúc luẩn quẩn/ vòng tròn quan hệ/,trung_tinh
cả một bầu trời đáng yêu :))))),vui
mặt mụn da ngăm mũi củ tỏi lùn học ko giỏi combo hủy diệt của t.nên lúc nào cũng đeo khẩu trang tháo ra lad bị trêu😞,gian_du
Duong Pham busan nè,trung_tinh
cuộc sống thật chua cay với tao,that_vong
trẻ trâu quá đông và nguy hiểm,lo_au
tự hào quá VN ơi,vui
Minh Nguyên kiểu nhờn ý e 🤣,vui
"Chỉ mong con khỏe mạnh, bít giải quyết xử lí vấn đề trong cuộc sống là yên tâm rồi, sức học con tới đâu thì con học,",hy_vong
"Không có gì ngại hết ák, cứ tự tin sống lạc quan đi nhák🙃",hy_vong
Quang Khải chắc la t đag ăn hết của ông cố nội mày để lại cho nen may mới xoắng lên,gian_du
tiếc là tôi ko cs😢,buon
tao thích con bé nuốt chuối,hy_vong
Xem trang của cháu mà Cô khóc sưng cả mắt,buon
bộ phim quá đỉnh 👍🏻,vui
không thuộc kịch bản chuẩn mẹ rồi,that_vong
Cong Minh ye ye nói ra sợ bị táp,lo_au
"Để dành đi comment dạo công nhận, càng hiền ngta càng làm tới. Thế nên bây giờ không biết bảo vệ chính mình thì chúng nó trèo lên đầu lên cổ mình ấy",that_vong
giá như....,hy_vong
"Ai ai cg đã từng trải qua áp lực,khó khăn mới đi đến thành công tất cả đều phụ thuộc vào sức khỏe,ai chửi ai mắng ko qtr, qtr là phải giữ gìn sức khỏe ,đến khi nằm 1 chỗ rồi mới biết ai là người bên cạnh mh lúc này ❤️",hy_vong
t đu ́ theo thôi :v tao biê ́ tao thư ̀ anh no ́ la ̀ shipper,trung_tinh
kh phải ít nói mà là sợ cho dù có nói thì cũng chẳng ai để ý tới...,lo_au
Các bạn hoá chờ tin IPhO nhaa,hy_vong
Đáng sợ là sai mà k biết sai ở đâu. Đáng sợ hơn nữa là 100% ng nghe nói mình sai mà mình vẫn thấy mình đúng,lo_au
mỗi lần về quê mà sắp sửa đi qua chuồng ngỗng tao phải cầm cây chổi lông gà mới đi được đấy dume . quơ quơ vòng vòng cho mấy đĩ ngỗng né xa ra rồi chạy thụt lol luôn :=]]]],lo_au
"chuyện bản thân hối hận nhiều lắm ,làm sao mà kể hết được? chỉ ôm trong lòng mà cảm nhận nó thôi?",buon
các mày trốn đi bọn chủ tịch đang đến kìa 😨😨😨,lo_au
"Chị ơi e đang chuẩn bị thi THPTGQ khá áp lực trong chuyện học tập , cứ đặt lưng xuống là lại nghĩ k đỗ đại học dằn vặt làm giấc ngủ không được tốt , mất 1 lúc lâu để có thể chìm vào giấc ngủ được, nhưng cũng hay mất giấc , k ngủ sâu được... dẫn đến tinh thần khá mệt mỏi , học hành khônh hiệu quả ... chị có thể chia sẻ cách giúp có tinh thần tốt nhất được không ạ ... em cảm ơn chị",lo_au
Đức Trần mỗi việc đều có cái khó của riêng nó chứ sao so sánh thế được,trung_tinh
"Mấy thể loại đó nên cho tù chung thân, chứ nó ra tù nó sẽ trả thù e trai kia, có khi nó lại đi ăn cắp tiếp tục thì khổ cho dân nữa",lo_au
lêu lêu con đĩ chó !!! giờ thì mày biết ai là con đẻ ai là con nuôi rồi đấy :>,gian_du
"Thuỳ Dung chuẩn luôn bạn, kiều loi choi roiif gây tai nạn thì chỉ tội ng khác thôi chớ bênh vực nỗi j",gian_du
do cái áo . mặc giống nhau làm đíuu gì,gian_du
Bọn khác thì khoá nick rồi..,gian_du
"ở nói chuyện ngoài hộ không khì thị về giới tính , họ cho được kết hôn . chứ họ không kì thị như ở việt nam mình hai người kia họ thật dũng cảm khi sống thật với giới tính của mình",vui
@july107193 Biết đủ là bình yên 😊,hy_vong
đừng suy nghĩ nhìu nữa hay lên như bảnh nè 😊,hy_vong
đây có lẽ lần cuối tôi đủ tĩnh táo để nói ra đều này bao năm qua tôi sống như một thk điên vì gia đình cũ bây giờ tôi có một mái ấm khác ng mẹ khác họ thw yêu tôi và một ngày tôi quá điên loạn tôi cảm thấy lạc lẫm lắm lúc nhớ lúc quên khùng khùng điên điên nhưng họ vẫn bên tôi hôm nay tôi đã có thể đủ tỉnh táo ngày mai chắc tôi cũng khùng khùng điên điên nx thôi,buon
"Tính ra khúc này Walter mà k lay jessie dậy thì jane đâu có bị lật người qua rồi sốc thuốc chết, mà giờ k chết thì sau này cũng chết theo cách này hay khách khác",lo_au
hồi đó tui cũng hay xin tiền nội tui mà giờ nội ko còn nữa 😞😞,buon
giận làm gì cho mệt 🙄 đằng nào mày cũnh phải xin lỗi tao mà,gian_du
đỗ góc cua như này thì khuất tầm nhìn quá . chs bênh,gian_du
"per nhớ ngày xưa gần nhà mày có đàn ngỗng , tụi khốn nạn đó toàn đi dàn hàng ngang chắn hết đường hết lối , mỗi lần tao đạp xe qua là rượt tao gần chết ám ảnh vãi",lo_au
em mới 11tuổi bị rồi,buon
Mai Em đấy yêu nhau 4 năm à 😂😂,vui
"dù chỉ để nhìn 1 cái , để biết người ấy vẫn ổn , người ấy còn tồn tại . ít nhất là nv 😔",buon
Phương Thảo vài trăm tr vừa đền còn vẫn phải tù chứ ở đó vài chục,gian_du
huhu shock vaiii,that_vong
t mà bị như này thì chắc tao chết luôn c ạ per,that_vong
"cha mẹ nội ngoại hai bên đâu: chính sách nhà nước có hỗ trợ phát gạo, tiền, mì, muối, đường, bộ ngọt, mùn, mềnh, chiếu, gói,... đầy đủ. Đến ủy ban địa phương là được nhận mỗi tháng, ở tất cả các xã ở huyện mình đang ở đều có chính sách này.",trung_tinh
thứ ba mẹ cho con và con nhận thấy đó là sự đức hạnh tấm lòng cao cả cam on ba mẹ rất nhìu,vui
"Em chào anh. Em rất thích các video của anh, đặc biệt là các video về chủ đề tài chính. Anh có thể làm series chia sẻ thêm về nghề nghiệp trong ngành tài chính đc ko ạ? Vì em đang làm lĩnh vực khác mà đang tìm hiểu về tài chính để cân nhắc chuyển nghề nghiệp sang ngành này. Hy vọng anh đọc được comment và cân nhắc chủ đề này. Ngoài ra, em chúc kênh sẽ ngày càng phát triển ạ.",hy_vong
hối hận muộn màng,buon
tự hào vì sinh ra trên đất Việt,vui
Lúc Jane lôi kéo Pinkman đe doạ ổng là mình biết Jane sẽ chết.,lo_au
Quá hối hận.ước gì thời gian có thể quay trở lại,buon
Khổ thân các cháu!!,buon
Khốn nạn đến thế là cùng Chuyện chi cx có thể xảy ra,that_vong
Có mỗi một ông anh nhưng rất thương em gái và các cháu . được bà chị dâu thì có gì ăn cũng gọi Mỗi tội mẹ và chị dâu thi thoảng lại ko hợp nhau 🥲,gian_du
bốc trúng phần thưởng to làm hôm nay hạnh phúc quá ✨,vui
"cô ấy rất tốt , nhưng tôi biết thứ nào tốt đều không dành cho mình",that_vong
chỉ là nóng quá tắm cho mát thôi mà,trung_tinh
sao tao lại cười khi mà mẹ thằng này sắp nát mông đến nơi nhỉ 🙂,vui
boss có bộ đồ ngủ đĩ thõa ghê gớm,gian_du
nam mo a di đà phật mong chúng ta sẽ giúp những hoàn cảnh như này ❤️❤️,hy_vong
per trình mày vẫn còn thấp chán,that_vong
Giang để tay bo chưa chắc thằng ô tô ăn dc xe máy đâu.Nhìn nó nhanh nhẹn vl,vui
tui bị ngta chê xấu miết nên ngại giao tiếp lắm😔,buon
"@TvNhinhi hãy cứ sống thật tốt,ít nhất là tốt với mình và người thân yêu của mình nhé xpet",hy_vong
"ước gì boss không co chân lên , tao vẫn sẽ nghĩ là boss thật khí chất",that_vong
"bắt cóc như chơi đó mậy , be careful",lo_au
hic không phải tiền của mình nên có vẻ nhiều người xem nhẹ quá nhỉ . 580k to mà công sức các thứ các thứ của chủ thớt chứ có đi xin đâu ?,gian_du
mỗi cay mỗi hoa mỗi nhà mỗi cảnh chức anh chị sớm vươn lên thoát nghèo có cuộc sống ấm no hơn,hy_vong
một bộ phim rất đáng xem !!,vui
"per vong đòi ít thế nhờ , phải 2 tỷ rồi cho trả góp chứ",gian_du
Rồi sao Nguyên Tân Trưởng thành cứng cỏi hay Trẻ con để cưng chiều,vui
"ám ảnh vãi hồi bé tao với chị tao trên đường đi học về thấy có mấy con ngỗng , thấy hay ra nhìn thử dume xong nó dí tao với chị tao về gần nhà",lo_au
Cầu hôn thành cầu hồn luôn mô phập,gian_du
vì mình tự ti hướng nội ít nói,buon
per hồi nhỏ chuyên gia đi ngang nhà hàng xóm là bị nguyên bầy ngỗng nó dí nó rượt chạy khóc la um xùm .. giờ còn ám ảnh 😭,lo_au
Này lên phường tặng 2 quyển tập thì tuyệt,vui
Mình sẽ đánh chiếm từng bước.. biết bao nhiêu máu cha ông.. chúng ta là người vn ko bao giờ trịu ngồi ở Yên được..,hy_vong
tạm biệt tổng thống trump !! việt nam hẹn gặp lại ngài !,trung_tinh
chỉ khi gặp người rất thân ms nói nhiều đc...,lo_au
Nhà dột từ nóc. Đây là những dấu hiệu sụp đổ của một quốc gia,lo_au
"một lúc nào đó chúng ta sẽ không nói chuyện nữa , lúc đó có lẽ em thật sự đã buông bỏ được rồi ...",that_vong
"nhớ nội mất hơn 1 năm rồi, lúc nhỏ xin 2k mua kem ăn giờ lớn đi làm có tiền thì chưa lo lại đc cho nội thì nội bỏ đi rồii🥺😭",buon
mình nghĩ bà thảo chiếm được công tình yêu là sẽ bán ngay cổ phần cho đại gia bên thái lan nào đó .. mong là chuyện này không bao giờ xảy ra,that_vong
thà chia tay rồi ghét hận nhau còn hơn là đang lúc dang dở thì mất nhau 🙂,that_vong
tự kỉ hướng nội muốn trở thành hướng ngoại nhưng bị ám ảnh quá khứ trầm ko mún ra ngoài ...đó là tôi..,lo_au
Tin người quá mức,buon
gần nhà tao lại chẳng còn sót lại anh nào huhu,that_vong
chộm chó đâu làm ăn như céc lúc cần thì chả thấy đâu,gian_du
tớ có nốt ruồi to ở trên mặt nên tự ti lắm luôn á😭lại còn ở gần miệng nữa,buon
bán không thu thuế luôn à,gian_du
nọng to mặt mụn mũi củ tỏi thề luôn đến việc ngồi ăn trong lớp th cũng đủ áp lực r,gian_du
Phóng hỏa vì không được lấy nhìu chồng :((( Nam Định không có loại người này đâuuu,that_vong
"có lần tao thổi cơm không đổ nước lúc khét mở vung ra mới biết , làm đánh đít xong cả tiếng trời không hết",buon
dễ thương quá,vui
Phong Nguuyen mở mắt ra nhìn đọc đã đi rồi cmt,that_vong
ngày xưa nghèo . có bếp dầu là mai rồi .,hy_vong
"Kẻ Mộng Mơ coi phim này chưa, thấy hay lắm",vui
Chỉ cần một nụ cười tự tin mọi chuyện sẽ vượt qua😜,hy_vong
Ck tôi 33t thật tội cho a ấy vì tôi là tài sản lớn với anh thôu,buon
đi đại học hay đi xklđ em mông lung quá ( mng cho em xin lời khuyên ạ,lo_au
không gì hối hận cả..sự vui vẻ khi ấy là cái giá phải trả của hiện tại,buon
"tao ước gì gặp được cái thằng chế ra con xe lead , tao sẽ tán cho nó sấp mặt luôn . 😒 còn video này tao hóng mãi lúc nó so ... mà đéo thấy haha",hy_vong
"Các giải đấu thế giới đang tiến lên 1 bước đỉnh cao như thời kì đồ đá. Ai mạnh là thành chúa tể. Sau này phát triển hơn là sẽ thả vô đánh tập thể, ai còn sống là vô địch",trung_tinh
T hối hận vì k bỏ c t sớm. Suốt ngày tha thứ nhưng lòng đau k quên dc,buon
Ngần Thị Hải Yến én còn nhớ phim này kg,trung_tinh
"Nguyen Ép học nhiều quá nên gây áp lực lên con cái ko hề tốt chút nào.Cha mẹ phải là người bạn lớn của con cái để được khuyên bảo,dạy dỗ và thậm chí là vui đùa thật cởi mở để cho con có niềm tin,niềm yêu vào cuộc sống.Khi ấy con cái mới nên người được.",that_vong
TỰ HÀO KHI LÀ NGƯỜI VIỆT NAM,vui
"buồn xíu xiu quá, bị sếp la",buon
"Xem xong phim này cũng thấy sợ mỗi khi thúc giục các con học,nhưng con cái mà ko có ý thức học cũng lo ạ.",lo_au
thương em :(,buon
"ĐÚng tâm trạng mình bây giờ, mình cảm xúc tiêu cực vì bị chê do phát âm tiếng anh sai :(",that_vong
@nangoc84 Cuộc sống là 1 vòng luẩn quẩn,trung_tinh
😂😅,vui
hôm nay quên vào đọc bình luận trước !! tính xem con nhện nước bạn khác nhện nước mình như thế nào ! ai ngờ đâu khác xa quá !! d mày mày adm ơi làm hết hồn !!,that_vong
Trần Thao thế nào là hở hàng khủng của us trên tàu SB vẫn bị xuống biển tắm với cá mập đấy nhân vô thập toàn chẳng có gì là hoàn hảo cả,that_vong
Thuỳ Trâm may xuka vs quảng trường xa nhau,trung_tinh
Trần Duy m tìm ra cho t 1 quả pen ko đúng đi rồi nói chuyện😓,that_vong
"Em cũng vậy đôi khi em cảm thấy mình thật bế tắc, vì năm nay em lớp 9 thôi nhưng thật sự những thứ xung quanh em nó khiến em mệt mỏi, nào là áp lực của thi chuyển cấp, liệu mình có rớt không hay là mình có được vào lớp chọn không, rồi nếu như mình rớt mình phải làm gì, trong tuổi dậy thì nữa em thường cảm thấy khó chịu với những thứ xung quanh, dạo này mỗi lần em ngủ dậy thì em điều có cảm giác như lạc lỏng, không biết hôm nay mình phải làm gì",lo_au
nó chi ̉ muô ́ n tâm sư ̣ chư ́ thi ́ ch me ́ o đâu ma ̀ thi ́ ch,that_vong
đùa ... cảnh sát việt nam tài thật . vụ gì cũng bắt trong 48 giờ,vui
"Công nhận là vụ này làm mình e dè hẳn. Ngày xưa thấy HDM được coi là rất chú trọng người tiêu dùng, vẫn còn nhớ live stream nào c từ chối sp của bên nào đó vì không đủ chất lượng, rồi còn QL làm từ",lo_au
"Mặt tớ to nên khi chụp hình cùng bạn tớ, tớ tự ti lắm",buon
"video mờ thế còn xác minh được , thế còn lão per đến giờ vẫn im lặng là sao ? 🙂",that_vong
Pony Ánh tấm gương,trung_tinh
"Điểm yếu lớn nhất của em! Em đã thất bại nhiều, đã mất nhiều cơ hội việc làm bởi sự SỢ....😢 Em cảm ơn anh nhiều! Nếu em đc xem video của anh Khương sớm hơn thì em đã ko bị mất bao nhiêu cơ hội rực rỡ cho mình!",buon
Cách tốt nhất là làm việc để tiến lên,hy_vong
không phải crush :v nhưng mà nhìn ổng cười mỉm nhìn cute vãi -.-😑😆❤,hy_vong
Leanne Hồ nskaksjjsksjsjskks t ước mình chưa đọc cmt này 🙂 rồi tối nay sao ngủuuu,that_vong
"mình muốn cho một ít quần áo, cho mình đc nha",hy_vong
nhưng mà từ giờ trở đi đéo được tiếp xúc rồiii,gian_du
Lúc già cả thì chờ nhập quang đỡ tốn tiền mai táng,trung_tinh
"thương quá . giờ con đi học ở lại cả ngày thì hên xui thôi chứ biết làm sao , không ăn thịt heo thì ăn gì . mong sao có lệnh tạm dừng ăn thịt heo trong thời gian này cho các trường mầm non thì hay biết mấy .",that_vong
nó mà là đặc vụ thật thì lại ngớ người 😂,vui
"tuyệt vọng quá, bị rớt môn rồi ...",buon
có mà ngược lại ... thời thế thay đổi rồi,trung_tinh
per sự tích con chim họa tao với mấy thắc mắc hồi trước nè,trung_tinh
"@Thaodeptrai98 vậy thì tốt rồi b ơi, không nặng lòng thì sẽ đỡ khổ nhiều",hy_vong
Vân Annh thì ng bth làm gì có chuyện đi lên xem có quen ai k ạ . Né bno như né ôn thần còn chẳng kịp . Nữa là đi lên xem có quen ai k 🙁🙁,that_vong
ai tông trúng nó còn bị đi tù,gian_du
cậu bạn mẫu giáo năm ấy chép bài cho tao để tao khỏi bị thẻ tay giờ đang nơi đâu ???,that_vong
dậy đi học đi con ơi,trung_tinh
phải giết ngay không nó lại đẻ trứng,gian_du
Nguyễn Đạt đơn hàng lớn gần 1 triệu thì phải cẩn thận thôi. Đó là luật chơi. Ko chơi được thì chịu thiệt.,trung_tinh
"Người ta thường nói sướng hay ko do mình. Đúng lắm luôn, có người họ k có j nhìu, họ k may mắn nhưng họ luôn lạc quan trong mọi chuyện nên vẫn luôn vui vẻ. Còn có những người như mình, luôn cảm thấy lo lắng, bi quan vs cả chuyện chưa xảy ra, đầu óc luôn căng thẳng, thật sự rất mệt mỏi. Trước đây mình là người luôn vô tư, sau khi stress quá nhiều vs công việc thành ra giờ luôn lo lắng mọi thứ. Mặc dù đã nghỉ việc và nghỉ ngơi 4 tháng, k bị ai áp lực gì nhưng chính mình tạo áp lực cho mình, sao mình kém cỏi vậy? Như này khi nào mới ổn định? Khi nào ms giàu? Khi nào ms lo dc cho người thân? ...",lo_au
Máy móc động cơ mà ko đủ ốc là cũng ghê đấy,lo_au
"Diệp Dân Dí Dỏm mình gọi chở đồ mà grab ko nhận, trong khi trả tiền trc, bo thêm 20k mà lại bảo e chỉ chở người trong khi hàng nặng có 3.7kg gọn nhẹ",that_vong
này ai chả muốn haiz,gian_du
soi gương sợ ngta nhìn,lo_au
"Em thường hay ngủ khi buồn, stress<br>Nhưng có lúc ngủ dậy nhận tin buồn phiền nó buồn 1 cách tỉnh táo luôn",trung_tinh
hic . nhiều khi thấy bả ngu thiệc chứ kp đùa,that_vong
Thiện Trường stop pls 🙁,buon
chẳng thấm vào đâu . so với số tiền khủng kiếm được . hằng ngày mụ ta nói khoác lác vài câu .???,gian_du
Đau lòng thực sự .,buon
2 năm xa nhà rồi tao đéo được đi ????. năm sau nhất định đi,that_vong
"phàm là việc đại sự trong thiên hạ , cứ về hỏi vợ . vợ bảo sao thì làm ngược lại . ắt thành công !!!",hy_vong
ừm ngồi đất đỡ mỏi châm,trung_tinh
cái kết hay nhất là đuổi khỏi dòng họ tiếp theo nhàm quá,that_vong
muộn rồi :))),vui
"Đây chỉ là thợ bảo dưỡng định kỳ thôi còn nếu là thợ chuyên làm máy nó nhìn con ốc cái là biết ốc ở bộ phận nào luôn, lắp hay chưa lắp định hình đc luôn",trung_tinh
Xỉu :((((,that_vong
con cái nhà ai mà bố mẹ chăm cho đẫy đà ngon ngọt thế,trung_tinh
2 từ giá như😔,buon
@LinglingVNWL Mong mọi chuyện sẽ ổn NARS X LINGLING KWONG #NARSSerumCushionxLingling #LingOrm #หลิงออม,hy_vong
đã bỏ học năm lớp 10 toii rất hối hận 🥺,buon
mik cảm thấy rất yêu quý VN VN ơi cói lên yeah,vui
Chắc an toàn nhất😂😂,hy_vong
Đi mộc châu thì qua 🤒🤒🤒,trung_tinh
Mấy a sỹ gái,trung_tinh
"tại cái gậy thôi , còn đâu là vẫn đẹp",vui
nhớ thời sinh viên 😃,vui
nhiều tiền để làm gì ..... đạo đức xã hội thế này thì đi học đâm chém chứ học chữ làm gì nữa 😢,that_vong
"KDanh Nguyen ý là sau 8 ngày, xác định dc ca mổ thành công thì hôm nay bs mới trả lời phóng viên về tình trạng hiện tại của bé đó bạn",trung_tinh
đơn giản nha .. cơm này ngon hơn cơm điện nhiều . không tin thì cứ thử,hy_vong
per có nên tiếp tục vì đồng nghiệp không chị nhể,trung_tinh
Huhu chị ơi em rất thích nói tiếng anh nhưng khi nói lại sợ mình nói sai ngữ pháp! Chị ơi nói sai ngữ pháp có sao không ạ ? ... huhu,lo_au
"@LinglingVNWL Ling, nghe có vẻ bạn đang gặp phải một số rắc rối. Nhưng đừng lo, @PublicAIData đang làm việc để biến mọi thứ trở nên minh bạch và an toàn hơn! PublicAI sẽ giúp bạn tìm ra những người đáng tin cậy để chăm sóc và bảo vệ bạn. Hãy để chúng tôi xử lý mọi t",hy_vong
"Nguyễn Thị Ngọc Ánh đm thế này đ bỏ tù được nó đâu 🥲 hoặc là bỏ vào viện tâm thần, hoặc là bỏ vào hòm, chứ người đ gì cái thể loại này 🥲 con này tồn tại nhằm kéo khoảng cách giữa loài người với súc sinh hả??? À như thế thì hơi xúc phạm súc sinh quá 🥲",gian_du
mỗi lần tới trường t cứ bị tự ti=(((,lo_au
"Ngọc Phương ời, đứa lớn nhất mới 8th là còn nhỏ hơn ông Voi nữa mà bả xách, tát, nhéo tai, ác hơn quỷ",gian_du
tự ti🥺,buon
có ai xem xong không sợ với không giật mình như tao không @@,lo_au
bạn ăn cơm chưa ?,trung_tinh
per nhịn ăn để đi,trung_tinh
chơi cái trò gì mất dạy dậy ... chơi mình đi má ai rãnh đâu mà chơi ....,gian_du
nhưng những người làm trong các ngành này không mấy ai có nhiều nhà to và nhiều đất đai,trung_tinh
tao cũng co con gái nhưng nó không như loại mày đẻ ra chỉ đau lol phí cả công nuôi nuôi con chó còn hơn nuôi loại con như mày,gian_du
mùa mưa đến sớm rồi huhu,buon
"Chẳng qua VN cí chiến tranh thôi k cũng ngang Nhật hoặc Hàn r, thầy của mk bảo như thế😳",hy_vong
cảm động người thầy đưa học sinh đi làm hồ sơ 🙄,vui
"Huhu đang áp lực thi cử chị ra vid đúng thời điểm quá,hic",lo_au
anh em có thấy cắt video không . thấy xl quá,that_vong
t đi làm mà chỉ dám mua cơm vào phòng tìm chỗ nào kín để ăn,buon
mình ước gì cx đc bà nội tiền 1 lần,hy_vong
"cuộc sống của chúng ta có quyền thì chúng ta cứ sống thôi, không cần phải nhan sắc cũng có thể làm việc tốt, tự tin lên nhé bạn 😇😌",hy_vong
JR Nghi busan kìa m,trung_tinh
Gặp tôi thì tôi cho ông chủ về mùng 1 với 15 hàng tháng Vy k nói nhìu,gian_du
Tự hào khi tôi là người VN,vui
chẳng có j để tự hào cả 😌,trung_tinh
Thương cháu. Cố gắng lên e và gia đình nhé. C xin chia sẻ bài của e,hy_vong
ai cũng từng bị bố mẹ chửi mắng . em ấy cũng vậy . là người lớn chúng ta lắng nghe và chia sẻ . nhiều người già rồi mà phát ngôn xấc xược láo toét mất dạy không thể chấp nhận được . chả bằng được cái đứa con nít còn tỏ vẻ ta đây,gian_du
chiến lược kinh doanh của người nhật thật đang suy nghĩ,trung_tinh
Tri kỷ cảm xúc vừa rồi thầy có nói bài thở này nè,trung_tinh
96er. để dành đc gần 100tr và đã dùng hết để đi du học. K biết có phải quyết định đúng đắn k,lo_au
chỉ có trong truyền thuyết . mà khái niệm truyền thuyết trong ngữ văn lớp 6 là không có thật,that_vong
lúc nào t cx ngại😭,lo_au
nhìn mặt bé mèo khó ở ghê - _ -,gian_du
cố gắng chứ từ bỏ con cặc gì,gian_du
sau mỗi cuộc chia ly người ở lại vẫn là người đau lòng nhất :((,buon
Ngọc Bích Đỗ cuối tuần nhé mẹ,hy_vong
hình phạt đó quá nhẹ không có sức dặn đe kẻ khác,gian_du
vãi cả đái ạ 🥲😶‍🌫️😶‍🌫️,that_vong
"đang coi thấy nghi nghi , tắt vô xem bình luận , đoán ngay là sẽ giật mình , nên thôi không xem nữa , dễ gì bị dụ",lo_au
phê thật . cái tai nó đang thâm đen xì lấy ra hết lại trắng hồng luôn,vui
ông tóc ngắn ngắn cam cam tên gì vậy ạ ?,trung_tinh
nay đi làm về mệt quá ...,buon
chia buồn cùng nước pháp .,buon
dume nó hết con mẹ nó hồn ....😭😭😭😭,lo_au
Cho nó ra toà đi,gian_du
"môi thâm , da ngăm , béo , mụn... tht sự tự ti khi đến lớp",buon
per quan tâm per như là 1 đứa em gái thôi . đừng có mà ảo tưởng nha .,trung_tinh
nhớ hồi mình làm đồng nghiệp ghê :))),hy_vong
moá nó đẹp,vui
"Low Tech chuổn, Glenn hẹo là coi như hết film",that_vong
"bảo không ly hôn cơ mà 😑, dma chơi nhau à",gian_du
hỏng cả một thế hệ 😔,that_vong
Bùi Bích Cẩm hehe,vui
Khao khát tìm đc người có thể chia sẻ,hy_vong
mua thêm vài trăm con cá xấu thả chắc vui hơn,vui
"thời gian thấm nhuần yêu thương , nếu đủ kiên nhẫn thì hạnh phúc sẽ đến bên , không sợ sệt 😁",hy_vong
ra đường không cầm theo đá phong thủy rồi,that_vong
chua cay bùi ngọt mặn cái chả có .,trung_tinh
đáng giúp là đây nè mọi người mong mọi người giúp đỡ gì thì giúp ạ chúc gia đình thật nhiều sức khỏe và hạnh phúc bên gia đình và thành công trong cuộc sống,hy_vong
đag đi học mà gặp cảnh này chắc chạy về cúp học luôn,lo_au
chợt nhận ra tính hài hước của mình đã mất và tình bạn cứ thế nhạt đi 🙁,that_vong
"Em cảm thấy may mắn khi gặp được kênh của anh. E đang 21 tuổi, chưa có nhiều trải nghiệm, khi xem được các video trên kênh của anh khiến em mở mang tư duy hơn rất nhiều về những thứ mình chưa biết cũng như thay đổi dần dần &quot;fixed mindset&quot;. Mong anh ngày càng thành công và kênh ngày càng tạo ra nhiều giá trị cho mn ạaaa ❤",hy_vong
"Hoàng Liễu có thể uống trà sữa không cần trân châu, uống nước ép, sinh tố",trung_tinh
Vũ Phạm Đình Thái thái dúi :)),vui
cả đời mình chỉ ước có 500tr trả nợ ngân hàng cái xe để chạy kiếm ăn ...😥😥😥,that_vong
Sáng Dê :)) t k quan tâm lắm xe gì chả thế mấy con xăng giờ còn thấy mấy k,trung_tinh
Đặng Văn Vinh tao sắp đẻ tao nói dùm oke,trung_tinh
"Nguyễn Thu Trang hông nha, em bé 6m là đc dạy ngồi vào ghế ăn khi ăn uống rồi. 1t là giờ ăn/ uống ngồi 1 chỗ rồi á chứ k chạy nhảy đâu nè bà. Chẳng qua mẹ nó k dạy con thôi chứ con mình đi cf vẫn ngồi 1 chỗ từ bé tới giờ á.",gian_du
hối hận rồi😞,buon
Thuỳ Dung bây giờ chưa có tới hồi có mới đúng,trung_tinh
"@Gocnhocuabo ""Những giai điệu êm dịu này mang lại cho ngày mới cảm giác thư thái và bình yên.""",hy_vong
"tao buồn quá , tao đang khóc !!!",buon
phải chi có người yêu nhắn tin ngọt ngào như này,hy_vong
Thương cho mấy e cúm quá .😭😭😭😭tội,buon
Chíp Ng Jr. thế mà đéo lấy đc ortamedi cũng suýt lấy 2 cái cùng aghen đấy dễ quá mà,that_vong
Dm bất hiếu thật sự,gian_du
chúc ga lăng thang đc nhiều sức khỏe và dúp đỡ bà con vùng sâu vùng xa nhiều hơn nữa 🥰🥰🥰🥰,hy_vong
cần phải tỉnh táo,trung_tinh
nhiều mụn vs thâm còn mặt hơi lệch buồn vs tự ti vãi 😔😔,buon
Thach Do gửi tí bột từ việt nam cho xịn,trung_tinh
Rất tự hào là người Việt Nam♥️🇻🇳🇻🇳🇻🇳,vui
nội tui mất đến nay cũng 7 năm roi,buon
nhờ cái bếp như này . mà hồi nhỏ tao suýt đốt cả nhà và bị chửi đó :((,buon
tình yêu thật nghiêm túc . thì nên bắt đầu . không phí thanh xuân một người con gái lắm !!,hy_vong
năm tôi 30 tuoi chưa gian nan nhưng năm tôi 31 tuổi là vấp ngã tôi sẽ làm lại vào năm 32 tuổi. CẢM ƠN VỢ VÀ GIA ĐÌNH,hy_vong
ngta khen t đẹp trai mà t tự ti,buon
Giờ vẫn vậy á kk,trung_tinh
Cười ẻ,vui
Tự tin hé vì mik bt mik đẹp:))) mặc dù da đen:)),vui
nhà tao có nhưng nó rỉ sét hết rồi :((,that_vong
Nam mô a di đà Phật nam mô a di đà Phật nam mô a di đà Phật,trung_tinh
Thương con quá,buon
"Đôi khi tôi thấy ngồi cửa sổ rất chill,nhưng tôi ko biết rằng nguy hiểm là ngay sau khi về nhà",lo_au
Chu Gia Bảo có khi bị thất tình=)),vui
Kì này trung quốc tới công chiện,gian_du
"Làm bạn với đứa làm lộ chuyện mình thích crs,sau đó thì biết tin nó cũng thích crs mình ( con đó là bạn thân khác giới của crs t đc 6 năm r, sau khi nó lm lộ chuyện thì t vs crs ít nói chuyện vs nhau hơn mặc dù trc nói chuyện rất vui. ). Đợt tết năm nay, nó với nhóm t ( có crs t nữa ) cải lộn, kquả là nhóm t nghỉ chơi vs nó, crs t cũng nghỉ chơi vs nó luôn",that_vong
"từ nay ho , thì phải kiếm chỗ nào nằm tạm",trung_tinh
Miêu Đặng ảo thật ấy,vui
Mong bản thân sẽ vượt qua được khoảng thời gian nàyyy :v,hy_vong
Gọi lên lm vc nhưng ko lên cs bị quy dô tội chống đối người thi hành công vụ ko ta 🤔,gian_du
Phuc Phan nhưng mà khứa trai hòm hôm nay chạy kpi chưa đủ nên quyết kiếm chuyện mong đạt kpi,gian_du
"thật sự í,tôi rất ngại về mặt giao tiếp í😭gặp người lạ người ta hỏi tôi là tôi bay màu luôn😭😭mà gặp bạn thì tôi giao tiếp nhiều hơn😭",lo_au
Huu Phuoc nhưng tôi biết 💀🙉,trung_tinh
Lee Tuấn cho t lạy 1 phát 🤦🤦🤦,that_vong
"per ít bửa đi coi , trailer thấy hấp dẫn quá",hy_vong
🥰🥰💞tim.hộ e 12 video với ạ🙏🙏🙏e.cảm rất nhiều ạ.Nếu phiền thì cho e xin lỗi ạ,hy_vong
Đông Tà tối về khám phá xem trong cặp có j,hy_vong
má tao coi mà chóng mặt ... cầu này rồi dành cho chân ngắn như tao chắc,that_vong
Nhớ những bài thơ trong SGK ngày xưa quá,that_vong
per lên lịch hẹn hò nhanh,hy_vong
Nghe câu chuyện thương quá và thật buồn,buon
"sợ hãi quá, thấy tài khoản cạn tiền mà hoang mang 😰",lo_au
per mã mẹ biết hôm qua quay video sớm hơn ự,buon
🌻🌻🌻💝💝💝💯💯💯,vui
"ý kiến chủ quan của mình, nền giáo dục của mình càng ngày càng tệ thì phải",that_vong
Đm nó nghiệp nó trả liền...,gian_du
định mệnh gớm vãi 🤮🤮🤮,gian_du
"ổng để móng có 1 bàn tay thôi còn bàn tay kia vẫn sạch sẽ bình thường mà các cụ cứ hỏi chùi đít , đanh răng , quay tay kiểu gì là sao :))",vui
phải rọ mõm chủ mới đúng,gian_du
quan trọng là họ quảng cáo nói có đúng không . hay là được ít năm hỏng thì mệt,trung_tinh
"thuyết âm mưu . nó đang muốn nhờ vả đấy , không nhờ được thì nó vả",vui
"nhìn cảnh này mình nhớ lại cảnh ông ngoại mình đứng ngay quan tài bà ngoại khóc nức nở . bà đi rồi để ông ở lại một mình , đau lòng quá",buon
"Diệp Hoàng Dương có thấy nhưng coi như không thấy chứ. Họ là lãnh đạo, cái tầm họ có mà",trung_tinh
"per như một cú tát vào mặt , đau lòng quá đi",that_vong
Tóc Xoăn bởi 2 đảng đối lập mà con cái 2 bên khó mà dính vô nhau lắm 🤣🤣🤣,vui
"em ko rụt rè gay tự ti trong công việc và bạn bè cùng phái... nhưng khi gặp gái là em mất đi 2/3 lí trí,,, gặp con nào dễ thương nói chuyện ngọt ngào thì em trở thành thằng đần, vậy có cách nào để vượt qua ko ạ,,,, dù e cũng đã có 2 3 bạn gái. người quen lâu nhất là 4 năm cũng là mối tình đầu !!!",that_vong
đọc như đấm vào tai,gian_du
Phóng hỏa vì không được lấy nhiều chồng 😞😞😞 Phụ nữ chúng tôi từ chối loại người này 😩😩😩,gian_du
"Thấy trống rỗng quá, trời mưa tự nhiên nhớ người yêu cũ",buon
tao đang đi phân khối lớn đây . ai cũng kêu nhìn cá tính vãi 😁,vui
tao thấy tai nạn giao thông là tao nói với mẹ .. con chạy ra đó để tối lên ti vi ... mẹ tao chửi sấp mặt luôn,gian_du
"Nếu đọc đc tin này thì nhắn tới e trai trong clip. A đã trải qua quãng thanh xuân rồi, tiếc là ko thể quay lại thời gian để nói với chính bản thân mình. Hãy tập trung vào sự nghiệp e ạ, tu luyện cho bản thân kiến thức, sức khoẻ. Đừng chạy theo tình cảm như vậy, dù đúng dù sai thì sau này e ko chỉ mất đi người mình yêu mà quay đầu nhìn lại còn mất đi chính bản thân mình.",buon
khi đang xây cầu mà bị rút bớt kinh phí !,gian_du
t gặp ngỗng chạy bỏ dép,lo_au
nhưng nó sẽ to và rộng ra :(,that_vong
Võ Thị Mỹ Hằng cảm giác hoảng loạn lắm vậy mà đứa trẻ 5 tuổi trong không gian kín ít không khí . Nắng nóng cao độ trong xe như cái lò. Mình k tưởng nổi nỗi sợ. Hoảng loạn đến tột cùng tự làm thương mình . Người ngoài nghe thôi đã thắt ruột gan,lo_au
Chia buồn cùng đại gia đình bạn. Thương quá là thương,buon
Cao Thị Thu Vân trên youtube có đấy,trung_tinh
"Phạm Mỹ Quyên Jr. ah thế ah, đừng nói ""dù nó có thế nào"", ""nếu"" ko may 1 ngày nào đó một đám nhoi nhoi nào đó lao xe như chúng nó đâm vào ng quen, ng thân em thì a nghĩ em sẽ ko nói thế nữa. đánh thế là nhẹ đấy, tương lai a nghĩ, ah mà chúng nó làm gì có tương lai",gian_du
người ta đã phải bỏ tiền . bỏ sức ra mới có bữa cơm từ thiện nv mà còn có những người vô ý thức như vậy,that_vong
per coi đoạn con chó chết cười luôn em :)),vui
xin mẫu đi ad,hy_vong
khác đéo gì . về thái độ lồi lõm nhìn muốn sút cho phát 🤬🤬,gian_du
cũng tên quỳnh nhưng 2 số phận thật khác nhau 😢( chỉ mong được 1 góc nhỏ xiu xíu của b ),that_vong
Hán Tùng Sơn a chạy trc rồi,trung_tinh
chưa cho ba mẹ được gì . vậy có quyền gì mà đòi phàn nàn về những thứ ba mẹ đã rành rụng bao nhiêu năm để lại cho mình,buon
tự hào 🥰🥰,vui
Một video tuyệt vời quá !!!,vui
rất có thể nó đang pr trá hình để bán hàng,trung_tinh
ngày xưa mừn cũng hay thế lắm .,trung_tinh
chịu,trung_tinh
khuôn mặt đáng thương,buon
vẻ đẹp phi giới tính luôn,vui
chú lên thay được rồi đấy,trung_tinh
Y Khích Adrơng t mất trí nhớ rồi bây :))),vui
lòng đường không phải nhà cụ nên cụ sai nhé . vỉa hè to vậy rồi cụ còn muốn như thế nào,gian_du
bài này quen quen,trung_tinh
Trần Thị Thu Trang vch,lo_au
một bộ phim quá suất sắc,vui
Co luôn hen Charlie Luong Trinh🥰,hy_vong
Sắp tới deadline rồi mà chưa làm được chữ nào 😥,lo_au
Đồ án bị bắt làm lại từ đầu làm tui cay thật sự 👎,gian_du
Nhìn nó thế đám tôi còn đau huống chi là chị em,buon
"Giống như in, trường làng tôi...",trung_tinh
Đôi khi đang chơi tn tôi có cảm giác bị tách khỏi cuộc chơi nên từ từ rời khỏi là lựa chọn tốt nhất,buon
Quá thương xót,buon
Ko gì là hối hận cả vì mình sinh ra chỉ sống được 1lần,buon
Dung Nguyen Xem xong khóc theo luôn,buon
Hong phải em đâu sốp ơi,lo_au
Ra đường chắc k phải hỏi: biết bố mày là ai không,gian_du
xỉu lên xỉu xuống :(,that_vong
chị ơi em bị áp lực vè thi đại học . Bh ko biết làm cách nào để vui lên . :(((( huhuhuhu . Bố mẹ e bảo thất vọng lắm 😔😔😔😔,lo_au
Thương con quá .ntn thì người mẹ làm sao chịu đựng nổi . Mong con đc siêu thoát và gd sớm vượt qua nổi đau này . Nam Mô A Di Đà Phật,buon
"Lima Bui đấy cũng là 1 cách để pr bản thân, tự giúp mình tỏa sáng đó e😂",vui
Bài thi được điểm cao làm mọi người ơi vui cả ngày kaka =)) 😎,vui
Kim Anh hahaaaa có sao đâu,vui
Hội Khẩu Nghiệp tiếp theo sẽ là chị vợ,trung_tinh
Bữa tự nhiên đang soi gương bất giác nhìn thấy mình trong gương trông sợ vl kiểu như một người nào khác chứ không phải mình còn cười nhìn chằm chằm mính í :(((( xong bỏ chạy ra chỗ khác luôn. Từ đó ban đêm là né mấy cái gương hết,lo_au
Quốc ca vang lên luôn có một niềm tự hào thiêng liêng 🥰🥰,vui
Khô thân,buon
bà nuốt quả chuối tao cười tao ẻ,vui
Thanh Trúc thế a sẽ cho em được mất sức nếu em muốn biết nè.,trung_tinh
"bị nụ cười ngược, răng bị lòi sĩ, tớ rất tự ti khi cười với gặp nơi đông người:(",buon
per hôm nay tới lượt đứa nào nấu cơm,trung_tinh
"gặp tao , tao ré cái hoảng mất :(( đáng sợ qué",lo_au
Giá như năm ấy nỗ lực học,buon
làm sao tôi có thể yêu được loài người đây ???,gian_du
chỉ sợ lúc nó dí,lo_au
"ko s đâu mn, đâu có ai xấu mãi mà cũng chẳng có ai mãi đẹp, cứ cố gắng tí một là tốt hơn mỗi ngày nha😅",hy_vong
"Còn sống là còn cơ hội, đáng tiếc không phải ai cũng hiểu được điều này",that_vong
chúng tôi gọi đây nà chất :v,vui
"T học tiếng Trung, sắp hết HSK1 mà sao giờ t nản quá nè, có ai học chung với t k",that_vong
thấy bạn thân chơi với người khác làm mọi người ơi tủi thân ghê 😞,buon
"May mắn quá ơn giời, cuộc gọi như vậy vợ nào mà yên được",vui
khoảnh khắc mày nhận ra mày còn đéo bằng 1 thằg nhóc còn trong bụng mẹ :((,that_vong
t đã soi gương suốt ngày chỉ để gặp crush và ngắm nụ cười tỏa nắng của nó,hy_vong
ko biết có ai nghèo ko nhỉ chứ t ko có bn,buon
per tự nhiên thấy mình hơi thất đức,that_vong
Vương Toại bên nhà trường và lái xe đang thái thác trách nhiệm Ko nhận về mình Khả năng lại do tai nạn rồi lại thôi,that_vong
chất quá .. haha,vui
"Chị Giang ơi, em hay bị tật muốn ở một mình và hạn chế tiếp xúc hay trò chuyện với người khác, lúc còn sinh viên em nghĩ đó là chuyện rất bình thường nhưng kễ từ khi đi làm em nghĩ đó là một trong những khuyết điểm lớn của bản thân. Chị có thể cho em lời khuyên không chị.",lo_au
"Nhiều khi méo biết mình đang sống ở hành tinh nào nữa, quá đáng sợ loài người 😫",lo_au
cái này gọi là ấu trĩ phải không,gian_du
trải qua một cuộc bể dâu . những điều trông thấy mà đau đớn lòng,that_vong
"Nhưng nếu người kia đã mất rồi thì mình xin lỗi với ai, sửa sai thế nào đây😢😢😢",buon
tao vẫn nấu hôm trời mất điện,trung_tinh
đến ngày sinh nhật mà còn không nhớ thì còn nói gì nũa,gian_du
mặt mụn tùm lum nên tự ti,buon
Dỡ nha,that_vong
Nhân Nguyễn v ngta ko cười liên quan đéo gì đến của cố ngoại nhà m để mà m xoắn lên v,gian_du
Em đang cảm thấy bản thân mình vô dụng thì Youtube thông báo chị Giang ra video này &lt;3,buon
nằm đó mà mơ 🙂,gian_du
dme thần đèn ăn theo tổng đài vtc à,gian_du
Huu Tinh Tran ké với,hy_vong
"tàn nhẫn thế nào , là khi mình trao họ hết hy vọng rồi họ lại dập tắt đi nó",gian_du
Thích Lòng Vòng biết là tại hàng hay tại người? Hàng xịn mà thao tác sai sao. Chưa rõ nguyên nhân thì đừng vội đánh giá,gian_du
quan trọng nhất vẫn là tấm lòng 🙂,trung_tinh
"em rất duyên , và có khiếu hài hước , nhìn mặt em thôi là chị đã muốn cười , ba mẹ chửi mà vẫn vui tươi như vậy thì đáng khích lệ mà , sao nhiều người bình luận nặng lời thế không biết , chỉ là vui thôi mà",gian_du
tao chả nhớ ngày tháng năm sinh của mẹ tao và ngược lại :((,buon
Bạn Muốn Hẹn Hò? Lớn ngta đi taxi rồi.,trung_tinh
mình có 1 cái bớt ở tay trái ấy nên chỉ dám mặc áo dài tay khi đi học.,buon
nhện đéo bằng thằng lằn đâu dume kinhh tởm vll :((,lo_au
"Xã hội bất nhão, cái gì cũng tiên, đút lót, hối lộ, học sinh phải học ngày học đêm, rồi học thêm nữa, không học thêm thì thầy cô giáo đối xửi không ra gì, cũng vì nền giáo dục nhồi sọ chả ra gì nên mới xảy ra như vậy.",gian_du
dù cậu làm tôi tổn thương mỗi ngày nhưng chả hiểu sao vẫn thương cậu,buon
"E nghĩ e đã trầm cảm , và e không biết chia sẻ với ai , mọi chuyện dường như không có lối thoát",lo_au
Nguyễn Khoa thiếu bố là tỷ phú nữa,trung_tinh
t chắc bỏ nhà ra đi khi ở với bố mẹ kiểu này quá . vẫn may bố mẹ tao không hề giống này tí nào,that_vong
Đau lòng quá. Chia buồn cùng gia đình P nhé. Mong gia đình vượt quá nỗi đau này,buon
nổii da gà hic,lo_au
"má gần nhà có nuôi 1 cặp ngày nào đi ngang nó nhìn thấy nó quay đầu bỏ chạy , con gì mà dữ thấy mẹ hà",lo_au
TỰ HÀO KHI LÀ NGƯỜI VIỆT NAM 🇻🇳🥰,vui
Mai Thế Toàn 1 thanh niên cũng rất cay cú,gian_du
Phương Thảo Nguyễn iem mún đi xem tết chị oi,hy_vong
"Con người không phải robot không cảm xúc. Bất kể giới tính gì có những cảm xúc muốn bộc lộ ra cứ để nó thoát ra. Ai nói con trai là không được khóc? Bạn đừng nặng vấn đề đó bạn nhé, muốn khóc cứ khóc, sau đó bạn ổn định tâm lý và cảm xúc hơn rồi tiếp tục công việc thôi. Nếu tôi là bạn gái của cậu tôi không có đùa câu ""đồ mít ướt hay thằng đàn bà"" gì cả. Nếu gặp bạn trai mình gặp những chuyện khiến cậu ấy yếu lòng thì bạn gái phải sẵn lòng ôm cậu thật chặt và nói ""Mọi chuyện sẽ ổn thôi vì có tớ ở bên cậu mà. Có gì tớ và cậu cùng cố gắng làm bài để học tốt hơn nhé!""",hy_vong
t nghĩ thợ chụp đéo có tâm bằng thợ make đăng và thợ photoshop đâu,that_vong
nhọc lòng :(((,that_vong
Có làm gì thì vào bv chứ đừng vô mấy cái phòng khám kiểu này trước t ở gần 1 cái phòng khám đa khoa cũng to to mà thấy toàn mấy thằng bs tq thôi toàn thấy vào phá thai còn mấy bà ở quê ko biết vào khám thì nó vẽ vời lần cả chục mà éo dc gì hên là giờ nó dẹp rồi,gian_du
Bữa Lào mới tạch con y chag thì phải,that_vong
chắc thôi tao đéo ra đường luôn sợ vãi,lo_au
"Tụi này không xử kịp thời có ngày nó vứt người ta xuống biển rồi đổ thừa tai nạn, lủ bóc lột coi đồng loại chả ra gì",gian_du
"Ngã vào giường và ngủ thôi ad, để cho lòng thảnh thơi , đầu óc thoải mái ^^",vui
để có được cái nắm tay tuổi già là bao giông bão của tuổi trẻ . mấy ai qua được bão giông ?,buon
per sắp bị đuổi khỏi trường rồi nhé 😉😉,trung_tinh
tao bẻ cổ mày luôn ấy,gian_du
Trọng Nguyễn chắc gì đã ghi tên thật . Ông grap này là hình sự đấy,trung_tinh
Bỏ lỡ một người,buon
"Nguyễn Sin trai tài gái sắc, đôi mình là nhất....😄",vui
khi bạn lôi hết cảm xúc ra viết thì lũ bạn thân lại coi là nhảm lol 😑😑 dume,gian_du
Lâm Mai Sơn ricon khóc cạn nước mắt,buon
mốc từ trong trứng,gian_du
"nhìn 1 cái , cười 1 cái rồi về thôi",vui
"có những con người luôn phải chịu đắng cay , cta không được chọn gia đình , bạn bè và càng không có quyền lựa chọn cuộc sống này . hãy vui lên với tất cả những gì ta đang có dù là hai bàn tay trắng",hy_vong
"@nangoc84 Mọi thứ đã qua rồi, chỉ còn tiếc nuối chứ làm được gì. Hi",buon
Ubmttq đâu 🥺,that_vong
nghĩ về tương lai mông lung quá làm hôm nay sợ hãi,lo_au
quá là tự ti huhu,buon
ra sông mò đồng xu cùng ông anh hàng xóm được khoản kếch xù :))),vui
tôiyewu Việt Nam của tôi 🇻🇳🇻🇳,vui
tao sẽ chỉ tự an ủi là đấy chỉ có trong phim truỵên ngôn tình,that_vong
"Tôi luôn cầu mong mọi thứ đều đến tốt đẹp cho tất cả, các con vật được đến với trái đất này đều phải được yêu thương và bảo vệ. Chúc 2 vo chồng e nhiều sức khỏe để luôn là những người truyền lửa yêu thương các bé yêu quý đến với mọi người.",hy_vong
"Đinh Ngọc Thúy t thì sợ kiểu ko phải hết hồn chạy toán loạn mà khi nó chạm vào t là t cứ dựng hết cả tóc gáy lên luôn, cứ tởn tởn thế nào ấy 🥶",lo_au
"đã từng nhưng 10 năm về trước cơ , buồn ghê",that_vong
"Lũ chó chết này sau này lớn lên thì sẽ như thế nào. Nhìn cái cảnh này là biết nhà trường thối nát như nào ,bảo vệ đâu? hiệu trưởng đâu? Kỷ luật nhà trường đâu?. Thương cái cô giáo này. Đối với những cái loại trường học như này thà mù chữ cũng không bao giờ bước chân vào đây học. Ngày xưa đi học cấp 3 đã thấy cái trường học bạn bè,thầy cô,môi trường...nó thối nát rồi. Có những bạn nhà xa đi học bị bắt nạt,bị đánh đến mức sợ quá phải bỏ học. Rồi nhìn cái cách tương tác trong cái ngôi trường ấy chỉ toàn thấy giả tạo,chèn ép,bắt nạt nhau,hơn thua...giữa thầy cố,bạn bè. Học xong là tôi cắt đứt toàn bộ liên lạc với họ cho tới bây giờ luôn.",gian_du
và Bác Hồ của chúng ta đc cả thế giới công nhận là vỹ nhân,vui
kinh khủng,lo_au
lương cũng sắp về rồi 😉,hy_vong
"Đâu phải cứ là nhớ mới đặt tên đâu ,thấy có đứa nó thù ,nó ghét nó mới đặt tên con nó bằng tên NYC ,kiểu cái tên nyc chỉ đáng làm con tôi ,cho nên ở quê các cụ dặn tránh đặt tên con trùng tên các cụ ở quê 😁",vui
"Thương con quá, chia buồn cùng gia đình P ơi 😔",buon
thật ko thích bản thân mik,buon
Nay đánh quá hay luôn đúng bản chất VN. Quá xuất sắc rồi.,vui
vn là vậy . bn công chăm sóc của tao đổ sông đổ biển .,that_vong
"dume tao từ giờ sẽ bỏ thích cái page này huhu , nghiệp mà",that_vong
thương e bé mới 9 tháng tuổi 😞😞😞 nắng nôi ntn mà phải đi theo bố mẹ,buon
A DI ĐÀ PHẬT 🙏🙏🙏 Nguyện cầu Phật Lực gia hộ cho con sớm được siêu thoát về cõi lành 🙏🙏🙏,hy_vong
có khi nào là chủ tịch giả vờ không ?,trung_tinh
Chuẩn Giang ơi Cho bạn một subscriber and nhấn chuông. Bạn có thể nghiên cứu làm một clip về cách phòng và chống ức chế khi bị cách ly mùa dịch không! Ko biết có chưa vì mình chưa xem hết clip của bạn,hy_vong
hicc thương em,buon
Không ai nhìn quá khứ để sống cả. Cố lên,hy_vong
"Kim Hạnh TIÊN HỌC LỄ, HẬU HỌC VĂN, có ông cán bộ làm gì lớn- lớn nói bỏ đi ko cần để",gian_du
tớ chỉ an ủi bạn í thôi mà :(,buon
chi phí kiểm toán và thuê người tổ chức hòa giải chia chác thôi,trung_tinh
sợ vãi linh hồn 😞,that_vong
tao mà nhậu xong đi cái đường này xác định,lo_au
bị sếp ép deadline vô lý 🤬,gian_du
cái quần gì vậy đmmmmm đang tủi thân xem cái lol này nữa,gian_du
"Phụ nữ 1 khi đã ko thích thì b có cố đến mấy cũng ko làm lay động đc đâu, thậm chí còn làm ng ta khó chịu và ghét b thêm ý,nếu duyên thật sự đã hết thì nên chia tay trong êm đẹp và vv ,níu kéo thì chỉ có mink b là ng khổ đau mà thôi,quên đi 1 time rồi cũng sẽ có 1 mối quan hệ mới thôi, hãy nhớ&quot; buông bỏ&quot; cũng là cách để chúng ta trưởng thành hơn.",gian_du
chỉ mong ông trời sẽ bù đắp cho con cháu của họ sau này,hy_vong
cảm thấy sợ mấy thứ suy nghĩ cổ hủ của người lớn :(,lo_au
Ai còn xem hông <br>Tui dạo này hay lo sợ lắm bồn chồn..,lo_au
chắc kiếp trước gieo nghiệp kiếp này phải gánh thôi,that_vong
gửi đứa nào chưa có người yêu,hy_vong
Trinh Trần e cũng từng bi 1 lần t 8 lúc về quê chơi đi đường có mỗi e với th bơ e kiểu mệt vừa bế n vừa chợp mắt kiểu đang cp mở thấy n quay ngang đthoai chụp nhanh gửi cho cái th chủ book xe cho e í mday lắm,gian_du
Hoàng Ngọc Sơn nhưng chau nó ít khi ở nhà 🥲,that_vong
Quách Thanh Thủy Vậy sao kêu thời nay khó? Thời xưa thì dễ à?,gian_du
Mình bị tất có ai như mình k mình cảm thấy bản thân khá quê mùa thậm chí có thể nói là tối cổ so với bb luôn ấy ạ điều đấy làm mình suy nghĩ rất nhiều 😢,buon
"năm nay em lên lớp 9, vì một số lí do khách quan và cũng đc động viên nên đã chuyển đến một ngôi trường mới, có nhiều bạn giỏi hơn, tuy nhiên em ngại và không dám nói chuyện hay tương tác với các bạn nhiều, một phần ngại và một phần vì không tìm được chủ đề thích hợp để nói nữa, em cảm giác mình với các bạn có khoảng cách rất lớn, nên em ít nói hơn, ít thể hiện mình hơn, không còn tự tin trả lời thầy cô hay nói lên những thắc mắc của mình như khi ở trường cũ nữa",lo_au
ngon xuống đây nói chuyện tử tế với bố như 2 con chó xem,gian_du
Tớ ít bạn nên việc giao tiếp rât kém ngây cả một câu chào tớ cx phải suy nghĩ có nên nói ra ko tớ sợ họ nghĩ rằng tớ là tên lập dị ^^,lo_au
Suy...😭,buon
Bố cái thằng chó chết này,gian_du
xấu quá nên phải đeo khẩu trang dô t mới bớt ngại á tr😔,buon
trả có gì phải hối hận vì những thứ mình làm sẽ bt nó k như ý như vẫn làm,buon
Bắt nhót lồng rồi thả🙄,gian_du
kh có nhan sắc đăng ảnh lên sợ ngta phán xét nói xấu..,lo_au
Sợ ngón chân út va vào cạnh bàn 🤡,lo_au
Hoa Meo nên tag ai vào,trung_tinh
Tập thở: <br>Hít vào 5s<br>Giữ hơi 5s<br>Thở ra 5s<br>Nín thở 5s,trung_tinh
Ở v nuôi con cho yên,trung_tinh
Trọng Thắng tôi k có bạn trai cũ ông ạ 🥲,buon
Chúc chú nhiều sức khỏe. Gặp nhiều may mắn trong đời,hy_vong
bo ̣ n na ̀ y cho đi tu ̀ hê ́ tao,gian_du
"@nangoc84 Xây kênh online và chia sẻ giúp bạn ngồi một chỗ giao tiếp và tiếp cận hàng trăm ngàn người mà không cần phải gặp gỡ 1-1. Giúp bạn thoát khỏi nỗi sợ đám đông, thoát khỏi giới hạn của tính cách hướng nội",lo_au
bọn này cho hết vào trại giáo dưỡng,gian_du
giá như lúc đó bỏ cái tôi xuống mà đi học thì giờ đã không khổ,that_vong
Chị Giang ơi em đang bị phốt to mệt quá! Phải xem video của c giang để lấy lại động lưc hiuhiu em đi rút tiền để ăn uống xả stress,buon
R có ai iu thuog t k,hy_vong
thay đổi chóng mặt,trung_tinh
Đọc cmt toàn người xa lạ buông lời cay đắng . Nếu đấy là người nhà họ thì ít nhiều họ cũng sẽ có chút thương cảm nhưng đây không là gì nên sẵn sàng buông lời .,that_vong
Thư Võ Trương Gia Hân Nguyễn Thưchợ đầu mối,trung_tinh
"mình đã xem rất nhiều video như này rồi , nên thấy cũng bình thường =)))",trung_tinh
biết đâu nó không thích bạn mà chỉ tiếp cận bạn vì đã lỡ yêu thằng bạn thân của bạn,gian_du
ác vãi,gian_du
Hok biết có bán hết vé số hok,lo_au
bt tự tin đi thì sẽ tốt hơn,hy_vong
@lên 1k5 tao đổi tên☠️☠️,trung_tinh
"công ăn việc làm còn chưa ổn định , bố mẹ già còn chưa lo được thì kết hôn để làm gì 😪",that_vong
hãm lol thật sự 😒,gian_du
Ngip trả thôi,gian_du
VIỆT NAM sản xuất gạo đứng thứ hai thế giới sau THÁI LAN,vui
dấu hiệu của người trầm tính và bạn của họ chỉ có 2-3 người,trung_tinh
ta sao khúc cuối cậu bé xịt nói chuyện hoa làm gì vậy,trung_tinh
Đã đi 1 lần vào năm ngoái và chắc là sẽ ko có chuyến quay trở lại,that_vong
Út Bo Hung Bội Ngọc đọc đi,hy_vong
kiểu cá tính nét đẹp mang nàn gió mới . chứ không phải nét đẹp công nghiệp đại trà .!,vui
Manh Mặt Mo nma cứ chê đấy,gian_du
"Vừa khối lượng công việc nhiều quá không biết bắt đầu từ đâu xong, hoang mang lun ...",lo_au
Rất nhiều gái đẹp bu t từ cấp 2 tới cấp 3 mà t không dám quen.,buon
Có phải fb này đánh ngừoi ko,gian_du
Chính Nguyễn kính thưa hội đồng xét xử! Do năm nay làm ăn thất bát và bị cáo có nghe câu người thành công cằn có lối đi riêng nên bị cáo mới có hành động chặn xe cứu thương để phát triển ccông việc của bị cáo,gian_du
mặt mụn da đen thấp mập mặt lệch tự ti thì th nma t vẫn nghĩ mình kh xấu,that_vong
Chúc mừng gđ ạ,vui
"Người lớn trong nhà thích kể chuyện ma nên sợ đủ thứ, từ búp bê tới cây dừa, tới gương (k ngắm gương vào đêm), đến cả quần áo treo trong tối, vết ố trên tường, tui cũng tưởng tượng ra cái gì đó đáng sợ rồi tự mình hù mình. Lớn rồi thì không phải không sợ (vẫn kiên quyết không xem phim ma) nhưng đã giỏi tự trấn an mình hơn thôi 😢 Ngoài ra còn sợ mấy cái đông đông nữa, tỉ như thấy 1 con kiến thì không sao, nhưng một đàn thì ớn và nổi da gà dù chúng chỉ đi ngang qua chứ chả làm gì mình.",lo_au
may quá tao không xài huawei kkk,hy_vong
Thanh Quan bố t làm gỗ bị bay mấy 2 đốt tay ở 2 ngón áp cái vs áp út. Sợ ghê,lo_au
ko phải ít nói mà ko bt nên nói gì 🤡,buon
đứt quả chuối trong mồm . đéo dám nghĩ kết quả lun,lo_au
@nangoc84 Bắt đầu ngay là lối thoát cho sự lười nhát,hy_vong
bt xấu r nhưng sống vì mình thôi😊,hy_vong
@ivankaquynh True peace comes from leing go without needing to erase or block anything.,hy_vong
Nhớ đời lun,trung_tinh
Bầu trời sụp đổ,that_vong
Henry Lai nó lấy địa chỉ lung tung hoặc nó đi thuê nhà thì sao b ơi 😅 lại thêm nhiều người khổ vì nó 😶,vui
Là để cho nhanh hay “đi” cho nhanh? 🙄,gian_du
Mong cuộc sống sẽ nhẹ nhàng với tất cả chúng ta. 🤍,hy_vong
thật ư 😱😱😱,lo_au
Minh Khai Thái Sỹ Pháp k cho bơ hút trân châu nưa nha 😩,lo_au
câu chuyện mọc sừng được bắt nguồn từ đó 😀,vui
Ủa! Rồi cô giáo không kiểm lại khi trẻ xuống xe hả? Phải quay lại để xem còn sót bé nào không chứ? Toàn trẻ mầm non chứ có phải trẻ lớp 1-2 đâu. Toàn bé 3-4-5 tuổi thì nó còn lơ ngơ nên nhiều khi có biết gì đâu. Các cô phải đi kiểm cho kỹ chứ. Rồi khi không thấy bé ở lớp thì cô cũng phải báo cho gđ để hỏi xem cháu sao lại nghỉ mà không thấy báo cho cô giáo chứ. Làm gì có gđ nào để con nghỉ học mà lại không báo trước?? Đúng là tắc trách từ đầu tới cuối luôn rồi.,gian_du
Tại sao lại bất hiếu như thế này....,that_vong
"Tôi "" Tự hào "" vì sinh ra là người VIỆT NAM 🇻🇳🇻🇳🇻🇳🇻🇳",vui
kiểu xem đứa nào thắng !,trung_tinh
Trời mưa tự nhiên nhớ người yêu cũ làm mình muốn khóc,buon
per hẳn là hôm đi chợ bông chắc sẽ có nhìu đứa gét . 🤣🤣🤣,vui
Thanh Hằng ghê hông mai mốt k dám cho bọn trẻ con uống trà sữa nữa,lo_au
nó cười mà muốn rụng tim 💔,buon
người gì đâu mà dễ thương quá chờiiiii,vui
"còn tao nhé , hơi bị ngon",vui
ổng đang chán ai tán yêuc luôn,buon
Ko phải mà hôm nay t quên đáng răng 😔,buon
có lẽ là sự giao tiếp vì tôi khá hướng nội,lo_au
"Mình nghe đã thấy xót,cho tụi này vào tù là vừa",gian_du
"ngày hôm ấy , buổi học cuối ... tao bị 2 thg bạn rủ cúp học chơi net :))",vui
Ng Thái Văn th ngu sơn này nó là anti của sơn tùng mà ruồi light mở mồm là ghen ghét,gian_du
Luân Nguyễn biết luật ko ba dựng rạp gây cản trở lưu thông mà ở đó kiện,gian_du
dù tôi có xấu thế nào tôi vẫn ko sao :),hy_vong
"có mà bữa chạy ngược chiều trên qlo 1a tại có hẻm nhỏ để quẹo tắt , chưa kịp quẹo bị 6 anh csgt + 1 xe bắt xe tấp vô chặn đầu xe , hoảng hồn cmnl .",lo_au
Vũ Tuấn Anh Dko vàng quan điểm đây rồi. K phải đâu xa lạ hàng xóm nhà m đây. Cả ngõ hiến đất để mở rộng đường riêng nhà họ thì k. Còn kêu là k liên quan gì tới cái ngõ này hết. Thế nên k có gì là tự nhiên cả.,gian_du
"Lý Moon đó đo em, nuôi con ốm vặt đạ đau từng khúc ruôt , ry răng mà bme sống nổi đây",that_vong
Nam Mô A Di Đà Phật . Mong bình an đến với mọi người ạ,hy_vong
chơi mất dậy . gặp tao là tiễn theo điện thoại luôn,gian_du
hối hận nhất trong cuộc đời là yêu và hy sinh vì 1 thằng tệ bạc. k ra gì để đau thương mất mát.khiến bản thân mang bao thương đau,that_vong
Thấy crush đi chơi với người khác 😱,lo_au
Buồn nốt đêm nay thôi. Mai trở lại bình thường và mạnh mẽ hơn nhé bạn tôi ơi... Chuyện của Hà Nội,hy_vong
"per đó là lý do tại sao em luôn nói với anh , có gì cũng phải nói ra",hy_vong
mấy lần đi ngang hết hồn,lo_au
quảng cáo đéo gì tao thấy đáng sợ vãi .,lo_au
Walter white kiểu:,trung_tinh
Tiếc thay là bây giờ chỉ nhìn trong tay chưa có gì . Chỉ nhìn người ta và mình chỉ cố gắng ..☺️,that_vong
đã bước thì bước tiếp thôi,hy_vong
"trên đường tao đi làm cũng có 2 con , mỗi lần chay tới là nó vương cổ ra như kiểu muốn hút tao trong khi tao không làm gì nó , cứ mỗi lần chạy tới là tao cách ly cả "" nghìn mét "" với nó , thấy nó sợ bỏ mẹ . đúng chất con ngang",lo_au
mong mạnh thường quân giúp đỡ cho hoàn cảnh gia đình này,hy_vong
"Anh em ơi được crush rủ đi chơi, vui xỉu",vui
thấy tài khoản cạn tiền mà hoang mang ...,lo_au
"Bữa order bị dính chưởng 1l Bth ngồi bên q4 đặt papas q7 ngon xĩu Tới lúc về q8 đặt pp bên ngtriph thì gặp gà cũ, khô quắc @@ khác bọt hẳn. Nuốt k trôi luôn.",that_vong
mẹ cái lũ thầu nấu ăn cho trẻ con . ai cũng bảo chúng mày nấu 1 năm có có hàng tỉ tiền . mẫu giáo còn hại được thì cấp 1 tha gì .,gian_du
kinh dị vãi,lo_au
E kh thoát nỗi luôn ạ,buon
Vãi ò 😅<br>Xịn vậy!,vui
@ivankaquynh Ngon 🤤,hy_vong
sống như chỉ còn một ngày để sống thì không có gì để hối hận cả,buon
Nguyễn Hiếu má giống tùng xẻo con ngta quá ghê vl,gian_du
lỗi tại cái gậy thôi mà 🤣🤣🤣,vui
per cho vợ đi cầu này để giảm cân nhá 🤣🤣,vui
Cecilia Pham căng nhỉ,lo_au
mau khoẻ nhé :d,vui
"tui ở tuy hòa , phú yên mà chả nhận ra luôn .",buon
"per bất hạnh vãi , mà tao với mày đéo tạo được niềm vui",buon
họp lớp cấp 2 đi được 2 lần . cấp 3 năm trước năm nay thôi nhưng đéo 🙂,that_vong
đã trải qua và thấy chuẩn cơm má nấu,vui
"vietcombank phục vụ tệ , phí cao , mang mác nhà nước nên vậy .",gian_du
"@Hien2021 Tuổi trẻ, sợ mất tình yêu. Trưởng thành, sợ mất việc làm. Hy vọng tìm được người hiểu mình. Duyên nợ quyết định. Trưởng thành, sự lựa chọn đôi khi là gánh nặng. Đôi khi, sợ yếu đuối không thể khóc. Nỗi sợ thay đổi, trải qua, nhưng bản thân trưởng",lo_au
hối hận vì không được ở bên bố tới cuối đời,buon
"Tim đập thình thịch quá, mới nghỉ việc xong chưa biết làm gì tiếp 😥",lo_au
"nhiều đường để đi,nhiều thứ để học ông trời đâu có tuyệt đường người đi ..khổ đâu phải vì một lần sai lầm chỉ do ta nuối tiếc quá khử thôi.",hy_vong
Kẻ từ đấy tôi không xem WD nữa :(,that_vong
Tôi chỉ cần làn da đẹp,hy_vong
"cô giáo chủ nhiệm hơi bị khốn nhỉ ? cô như vậy thì học sinh sao này học theo cái tính tráo trở , hai mặt",gian_du
tán mãi mới đổ muốn chia tay cũng phải từ từ,vui
cảm động quá hjxhjx,buon
@july107193 Đau nhất là còn còn yêu nhưng vẫn phải buông bỏ,buon
"Giờ ra đường gặp lúc trường THPT tan bọn choai choai tốp đi đầu phi ra trước phóng xe lạng lách mà hãi phải vội dạt sang đường. Chỉ lo nó đâm vào người đi đường vô tội. Hai thằng lõi này chắc chắn vi phạm luật lại còn trêu chọc, thách thức hoặc chửi bới hai chiến sĩ nên mới bị ăn đòn. Mong các a xử lí mạnh tay nữa cho chúng nó chừa chứ ko chúng mà gây tai nạn lại khổ gđ nó và xh",lo_au
Thương e quá,buon
"Thiện Tim 1 tháng chỉ dc hỗ trợ 1 lần thôi, ko có lần 2",that_vong
"per tuy anh hay bắt nạt , giấu đồ và ăn bòn đồ ăn của em nhưng nếu thiếu anh thì công việc sẽ trở nên căng thẳng phết đó 😭",buon
chẳng hiểu sao tao cười sặc sụa,vui
xong bỗng nhiên một ngày mất hút không để lại 1 hạt bụi,that_vong
Nằm nghiêng qua 1 bên 🙂 cứ có cảm giác bên còn lại còn 1ng nữa 🙂,vui
nhẹ nhàng bay lên và hạ cánh thất bại do lổi kỹ thuật,trung_tinh
tao cười tao ỉa =)))))) hâhhahhahahahaha,vui
cố gắng lên tôi ơi,hy_vong
Việt Nam cố lên 🥰🥰,hy_vong
Nhiều lúc vượt qua đc có lúc ko ý chj giang à :( e cảm ơn chia sẻ của chj nhìu,that_vong
"Nguyễn My bấm vào đây nà, ai share public mới thấy đc á, hoặc ng share có addfriend.",trung_tinh
Bên mĩ thì 1 rưỡi sáng rồi theo g Washington nhưng mong kết quả giữ dc đến khi đếm đến những tấm phiếu muộn cuối cùng dc kiểm,hy_vong
Lắm thế,lo_au
Hào Lý đi xe để ý con cản thận bha bố,lo_au
Mik ko có nhan sắc nên công nhận lm điều j cx ngại thiệtt:>,buon
giống chó này tên là gì vậy các bác 🙄,trung_tinh
"Rủ nhau chích lần cuối rồi cai, ai ngờ lần cuối thật ngỏm luôn 😂",vui
Cảm ơn em đã giúp chú . Chúc chú nhiều sức khỏe. Nghe chú nói mà thương quá 🥲🥲,buon
Mừng quá anh ơi,vui
hối hận có quay lại đc k,buon
"per lại nữa , tao dg suy nghĩ có nên đi bằng rap về không",lo_au
nuôi con mèo mà nó đi mất 🥀,buon
Nhờ vụ này tôi mới biết Nờ Ô Nô là ai😢,buon
Ko có nhan sắc nên lm gì cũng ngại,that_vong
Giải quyết xong đống task tồn đọng làm tớ anh em ơiii 💸 ✨,vui
Trinh Mi Nhon đi ko,hy_vong
🗿 ban that tuyet @muốn duocc iu thưn,hy_vong
còn không ngồi xuống dọn phụ em nó mà ngồi bấm điện thoại,gian_du
cảm giác lúc ấy sẽ ra sao,trung_tinh
"Nguyễn Văn Tùng Hàng Trung quốc nhưng doanh nghiệp Việt nam hưởng lãi, người dân Việt nam hưởng lợi. Còn sản phẩm nước lạ nào tương tự như vậy thì ra tiếp để bà con ủng hộ một thể.",hy_vong
dễ thương mà,vui
chuẩn đét . t nghỉ công ty cũ cũng vì đồng nghiệp 😭😭😭,that_vong
cho mình xin địa chỉ để dưới của nó cho chị,hy_vong
em bị overthinking :(((,lo_au
"hồi nhỏ bà mày có cho một con ngỗng mình tự tay nuôi nó . từ ngày đó nó đeo mày như chó mèo vậy . nhưng khi lớn nó lại mắc bệnh mà mất . giờ cũng hơn 4 , 5 năm rồi những nhớ nó lắm 😓",buon
"Vừa tìm được quán cafe ưng ý xong, hạnh phúc quá lun ✨",vui
😂🙂🌚,vui
Kim Như đi làm than khổ thì ở nhà đi cho sướng nha bạn,gian_du
@LinglingVNWL Mong chuyện này chấm dứt tại đây🙏🙏🙏 NARS X LINGLING KWONG #NARSSerumCushionxLingling,hy_vong
"Trước em cũng như vậy. Lúc nào cũng im re, chẳng giám nói gì, làm gì cũng sợ. Giờ thì thay đổi 180 độ :)) có cơ hội là nói liên tục, thấy cái gì hay hay là làm =))",vui
Ngả rẻ nào cũng có giá của nó nếu đù mai mắn thì cs sẻ mở ra 1 trang mới ngược lại thì sẻ tồi tệ hơn… nếu bn dám bước ra khỏi vòng an toàn thì hãy cố gắng để làm tốt hơn hiện tại 👍,hy_vong
Nuôi con mèo mà nó đi mất làm tao thấy trống rỗng hic,buon
liệu nó có bay nổi hay không ?.,lo_au
vẫn ế bền vững,that_vong
mik đã bị rồi mik không bt nói chuyện mà họ luôn chêu trọc tôi nhưng tôi ko biết nói chuyện như tôi cũng tức nhưng ko biết làm được cái gì hết,that_vong
Nửa năm học ở mái trường ntn :))),trung_tinh
Chờ mẹ ông ấy rụng rồi tông lại,gian_du
Đánh mất đi người đã chịu thương chịu khổ cùng mk suốt 11năm..😢,buon
Hát live đi,vui
vì mình bị ovethingking mà ct,lo_au
Nam mô a di đà Phật cầu mong cho em sớm được siêu thoát về với cõi Phật,hy_vong
mê trai hơn bạn có thật :(,buon
"tất cả là do chính sách sai lầm của những người đứng đầu tỉnh sơn la . tsb cao su nó phù hợp trồng ở cao nguyên + nhiệt đới nắng lắm chứ lên tây bắc lạnh giá + sương muối thì cây cao su làm sao nó sinh trưởng tốt và hợp khí hậu được mà chả trắng tay còn cả cây cafe đang được trồng ở sơn la , điện biên nữa sớm muộn gì những người dân trồng hai loại cây này cũng nhận trái đắng trắng tay thôi",gian_du
vậy thấy đứa nào thân thân với mình là mình block nó lại à ?? .-.,gian_du
ngày mới tốt lành nha,hy_vong
nhìn vừa tội vừa thương ????,buon
ghi nguồn vào page ạ :),hy_vong
nhiều lúc em di từ từ chưa kịp đỗ đã có n ra bảo không được đỗ ở đây chán qúa,gian_du
mình cũng hay vậy đi chơi mình thường k thích nói chuyện lắm xong ai hỏi cũng bảo ngại à 😛,vui
"Cậu oi tớ ko có ý ta đây dạy dỗ hay gì, tớ cx ntn và thực sự là nó vắt rất kiệt sức lực. Tớ mong cậu chậm lại, và chọn hướng cậu thấy muốn đi nhất, muốn hơn 0.1% cũng đc, tin nó dành cho cậu và c.đấu",hy_vong
mặt thái độ vãi,gian_du
"Huu Tinh Tran bạn nữ này hôm 15 được bạn nam này cầu hôn, sang 16 thì 2 người có xích mích, lời qua tiếng lại thì bạn nam này rút dao đâm bạn nữ nha bạn. Sau đó gọi báo công an rồi vào rừng uống thuốc sâu 44 nhưng không chết.",lo_au
khổ gì mà khổ dử v tr 😔,that_vong
lấy ck tôi thấy sai và hối hận nhất.,buon
Chị ra video đúng lúc lắm luôn :( huhu ! cảm ơn chị ❤❤,buon
Từng làm việc với nhiều người Hàn tại Việt Nam nên tao tin khả năng rất cao là quản lí làm theo chỉ đạo của cấp trên.,trung_tinh
Thiệt tình điểm thi thử thấp quá. áp lực thực sự 😭,lo_au
ko phải ngại mà là ko bt nói j,lo_au
rồi có đi họp lớp không ?,trung_tinh
Thanh Trinh quá thâm 🤣,vui
Mọi người đã thi đấu rất tốt và cố gắng hết sức ạ. Mong mọi người tiếp tục giữ sức khỏe để tiếp tục mang lại thành quả trong tương lai 💪💪💪,hy_vong
mày độc ác vãi,gian_du
Không phải ngại mà là họ là người thư giãn,trung_tinh
đó là động lực chứ không phải để đem ra so sánh ..,trung_tinh
hối hận thì có nghĩa lý j 😔😔,buon
"per tặng quà cáp gì tặng hộp nhỏ thôi nha . đi hát hò gì đừng đem thùng quà to như vậy nha , nó biết nó nhổ trụi lông nó ngắt mép chết đó :((",lo_au
@AnirnalLover Bình yên mà. Thành thị thì xô bồ,trung_tinh
anh ấy không thương tao,that_vong
dù đúng hay sai cũng đừng bao giờ cãi nhau với con gáo đến cuối cùng mày vẫn sai .,that_vong
lựa chọn cách thức tuyển như thế nào thì tốt quá rồi,hy_vong
黄氏明胜 động lực để cta độc thân nek 🤣,vui
"Mạnh dạng mà bước thêm bước nữa,nếu không gia đình chúng ta sẽ khổ đấy.☺️",hy_vong
"nếu chiếc xe đỗ giữa cửa nhà tôi như trong hình của thớt tôi hoàn toàn không có cảm giác gì , kể cả ngày nào cũng vậy luôn .",trung_tinh
"Nguyen John , hy vọng chuyện đó không xảy ra đối với nhà Trump ! Hãy chúc lành cho thằng bé này thì hơn !!!🩷",hy_vong
"Em bị mắc chứng suy nghĩ nhiều, nên em hay có cảm xúc tiêu cực ạ!",lo_au
"Dương Đoàn Hoài Nhã mới vài phút đầu thôi sợ thấy mẹ rồi mấy khúc sau gê lắm, mà khúc tâm lí vs lòng người còn gê hơn bùa ngãi",lo_au
bức ảnh này lại làm mình bị ám ảnh . haz,lo_au
Giống như trường hợp bộ phim Hãy nói lời yêu thương. Bà mẹ áp lực cho con quá nên thằng bé tự vẫn .,trung_tinh
"Hôm nay thấy crush đi chơi với người khác, hoang mang 😥",lo_au
"Đọc thôi đã thấy đau,da thịt non mà đi rạch sống như vậy thì còn gì đễ diễn tả nữa 🙁",gian_du
tuổi thơ của tôi =)),vui
Người vô tâm vôcam sống với ai cũng không có hậu.cháu trai biết sớm là ok rồi,that_vong
Huy Hoàng vua bóng đá vì thời ít mạng xã hội chưa dính drama nào thôi :)) cái quan trọng là cái tính cách và phong cách thì mới được vua bóng đá còn về trình và cách xử lý cả về tốc độ nói chung là toàn diện thì xin cái tuổi 🤏🏻,vui
và QG phân biệt vùng miền top2 tg,that_vong
s lại bày ra cái tập tục này 😢😢😢,buon
"ngk nhìn t quài, cái tớ nghĩ ngk đang chú ý đến cái xấu của t, t luôn đem theo gương để soi để xem bản thân của t có đang xấu quá kh mà điều chỉnh lại...",lo_au
may mình đi làm rồi chứ 10 năm trước chắc sẽ phát khổ với bố mẹ vì mấy tin con nhà người ta như thế nào,vui
cảm thộ🥺🥺🥺🥺,buon
per đừng lầm tưởng,trung_tinh
"Hồi cấp 2 mình từng là ng khá năng động . Mà cuối cùng lên cấp 3 chỉ bt ngồi 1 chỗ , k giao lưu vs bạn bè cùng lớp và chỉ chơi duy nhất 1 đứa trg lớp.",that_vong
Phan Hoa Trâm dì ruột của cháu viết c nầy. Thương cle đó,buon
"ngàn cân treo sợi tóc nhỉ , csong mong manh quá",lo_au
Da Ngăm bị tự ti 😔,buon
Ông kia đéo đi thì k lẽ nó đến xích bắt đi à,gian_du
cái tháng học sấp mặt luôn,gian_du
Khánh Hòa lớp trưởng cứ phải cứng rắn lên bn,hy_vong
mik bị overthingking mỗi lần làm j thì mik lại sợ ko vừa ý ai đó hoặc có người ghét nên mỗi lần làm cái nào đó thì mik lại suy nghĩ quá lên còn người khác nhìn mình thì mik lại có suy nghĩ ko tốt ...,lo_au
"chiến tranh có gì vui đâu nhỉ , chỉ gây đâu thương",gian_du
Chúng ta cần họp khẩn cấp để xử lý những phàn nàn liên tiếp từ phía khách hàng.,lo_au
Thương em . Mong em mau siêu thoát. Xin chia buồn cùng với gd,buon
nếu chịu khó đặt vào hoàn cảnh của nhau mà sống thì cuộc sống đơn giản hơn rồi đó,hy_vong
Đâu phải khóc mỗi trận này. Chắc kết thúc rồi anh levi mới ngẫm lại bản thân mình chưa tốt ở giải này. Nhưng mà tiến bộ trận cuối thì cũng gọi là có đi cọ sát chứ ko phải lót đường,that_vong
Hong Ha Truong bạn hàng cướp tài sản của cô gái,trung_tinh
Tôi đã qua 😂😂😂😂😂,vui
"Thực sự là quá đau lòng cho cô gái trẻ, đg mang thai, đg chuẩn bị cho 1 cs mới, 1 đám cưới mà lại phải chết tức tưởi như thế, vì cái con điên này.",gian_du
sợ vãi,lo_au
"Mình thấy tài khoản cạn tiền mà hoang mang, lo lắng tột độ 😭",lo_au
"Minh Châu hôm trước ở Phòng khám t cũng gặp 1 em trai đi khám. Tay bị máy ép gỗ cuốn 2 cánh tay vào ấy. Còn đỡ là tay còn nguyên nhưng phần da cánh tay thì tróc hết luôn ấy 😭 Nhìn sợ lắm. Trong đầu t cứ nghĩ là nó trẻ chơi bời, xoá xăm hình nên mới vậy. Ai ngờ sau nghe bác sĩ thăm khám mới biết do máy ép gỗ làm đó 😭",lo_au
Ngọc Phương phía dưới cmt của trang đó,trung_tinh
"Em sắp thi cấp 3 chị ạ. Hôm trước thi thử về điểm không như mong đợi, lại so sánh với các bạn khác thấy mình toàn kém hơn làm em thất vọng về bản thân nhiều lắm. Nghe mẹ động viên em càng thấy mình kém, em khóc khi nghĩ đến nhỡ mình không đỗ thì sao, tâm trạng gần thi cứ càng ngày càng đi xuống. Mai em thi kì thi thử cuối cùng rồi, may sao xem được video của chị khiến em phấn chấn lên nhiều lắm. Em cảm ơn chị Giang nhé &lt;3",that_vong
1 năm lật tàu trật đường ray của vận tải đường sắt việt nam !,buon
Ớt Chỉ Thiên gúm chị .,trung_tinh
"ai cũng chỉ muốn cho con tất cả nhưng vì được không có mà thôi , có con thì mới biết lòng cha mẹ",trung_tinh
dẫu hiên ngang giữa đất trời . gặp con vợ đểu thì đời cũng xong,that_vong
"Chị ơi, lâu r chị chưa làm video nói bằng tiếng Anh ạ, e thật sự rất thích giọng khi nói tiếng Anh của chị, hi vọng chị sẽ làm một video với một chủ đề nào đó và nói tiếng Anh trong tương lai. Điều này rất có ích khi chị vừa chia sẻ với mn về chủ đề nào đó và mọi người còn có thể luyện nghe tiếng Anh nữa. Hi vọng chị đọc đc cmt này. Mãi ủng hộ cj. ❤❤",hy_vong
@tactran93 đúng rồi b ak. ai rồi cũng phải vượt qua để bước tiếp,hy_vong
"e vừa thi giữa kì và đối với em điểm số là một cái gì cực kì quan trọng nên khi làm k được như í mình em cảm thấy tồi tệ cực kì, tình cờ xem được video này của chị e thấy yên bình hẳn",lo_au
"Thua xa Đà Nẵng rồi, phát triển không bền vững.",that_vong
Nguyễn An dm bên nhật m chẳng up hộ chiếu nòi lol ra còn gì,gian_du
Trần Thị Nhung nghe rùng rợn hậy,lo_au
nhây qua ́ nhaaaa 😂😆,vui
thính thơm không,trung_tinh
Hưng Lan e biết nhà này rồi nhà này thì k còn từ j để tả bác ah,that_vong
a per doi dap rat tuyet voi . chuc anh thanh cong trong vu nay .,hy_vong
per xinh nhỉ :)) ngày xưa cũng xem phim này mà không để ý có cả bả,vui
an ủi cũng ghen à :(,lo_au
đây là 1 câu chuyện buồn,buon
chính xác ! nơi làm việc anh em mà đoàn kết với nhau cỡ nào cũng thấy mau hết giờ làm . 😊😊😊,vui
"thay vì gà chuyển sang ăn lợn , tao cungc thế nên món khoái khẩu là gà chuyển sang sườn mày ạ",trung_tinh
"Em đang ôn thi đại học , áp lực ngành càng nhiều . Cảm ơn chị rất nhiều",lo_au
Sợ ế,lo_au
đéo có người thương để mà làm ấy chứ :(,that_vong
Tuyết Mai không có cơ hội trả thù đâu chất gì nó thoát,hy_vong
nóng tính quá hỏng viẹc - trẻ em rất thích ngọt mình nên nhẹ nhàng cương quyết mới được,trung_tinh
Số 10 xin cảm ơn. Cảm giác cái mặt nạ hề vô cảm vI càng nhìn càng rợn chứ đ có vui vẻ gì hết 🙂,gian_du
bình phước vẫn là cây chủ lực .,trung_tinh
Trường Bino thiếu mợ chợ vẫn vui,hy_vong
ưới gì honey của mình sau này cũng thế,hy_vong
tưởng mai đi họp phụ huynh mới bị u ám . ai ngờ hôm nay mới biết điểm anh 9 . 5 thôi đã u ám rồi,that_vong
"chọn thằng nào không quan trọng , vì đằng nào cũng không có thằng nào nó thích em đâu mà ảo tưởng",that_vong
Hoan Vũ Chỉ có bố mẹ mới làm đc điều đó thôi🥲,that_vong
"đừng để râu , móng tay cắt gọn gàng . nếu mà thơm nữa thì 8d chuẩn mẹ rồi",trung_tinh
mẹ còn không trị được thì ai trị,that_vong
tự hào quá Việt Nam ơi 🥰🥰🥰🥰,vui
Chiều Xuân đấy,trung_tinh
Ko tự lượng sức mình rồi,gian_du
"Chời ơi chờ mãi không thấy rep tin nhắn, trằn trọc mãi mới chợp mắt được 😥",lo_au
Nghĩ về tương lai mông lung quá huhu,lo_au
Mỗi lúc buồn mình lại mở vid này ra xem,buon
"học dốt , da ngăm thì tự ti lắm..^^",that_vong
"Kiên Nguyễn Nguyên team có Levi và Bie hay chủ động, còn lại 3 người kia ko có hi vọng thì sao thắng",that_vong
"t đợi cái post về loài hãm lòn này lâu lắm rồi nhá . dcm nhìn ngốc nghếch thế thôi mà dữ lắm luôn , có lần tao cúi xuống cầm gậy đuổi nó vào chuồng mà nhân lúc tao sơ hở rón rén đến suýt táp vào đít tao . lúc ấy sợ tụt lòn vì chỉ còn có 2 bước nữa thôi là nó đớp gọn tao rồi .... có hôm tao vừa ngờ nghệch ra vườn hóng mát thì cả đàn , cả đàn nhé . dí tao chạy quanh vườn , con nào con nấy vênh cổ lên chạy theo tao . nhờ nó mà suýt chút nữa tao chết vì đau tim ....",lo_au
Trân châu với thạch là 2 thứ khiến các bậc phụ huynh hết sức lo lắng mỗi khi cho chúng nó tự ngồi ăn 😥,lo_au
nhìn bà cười thấy hạnh phúc quá ❤️❤️,vui
Vì chết đi còn gặp chuyện khủng khiếp hơn nhiều,lo_au
"per chế sợ nó hơn sợ chó , nhớ hồi nhỏ đang đánh răng nó rượt mà cầm ca , bàn chảy , miệng thì đầy kem vừa chạy vừa khóc như con chó",lo_au
nhà em có tính lắp không per,trung_tinh
đeo khẩu trang +100 tự tin,hy_vong
"Em thực sự cảm ơn a rất rất nhiều, bởi vì nhờ có kênh yt này của anh mà em mới có thể định hướng cũng như mở mang thêm được nhiều vốn sống ở tuổi 18, mong a có thật nhiều sức khỏe để ra thêm các video chất lượng ạ",hy_vong
@ThuHuyen2kk Sắp rồi sắp rồi chị nè,vui
Hieu M Dinh khóc hộ thằng khác à bác :)),vui
Ớt Chỉ Thiên ngồi ghế trc bế con sẽ được rộng rãi hơn b ạ. Nhà t có xe mà bế con nhỏ ko ngồi ghế sau đc ý. Chật với khó chịu dã man,that_vong
cái gì gọi là hói hận mọi chuyện sảy ra đều cho bạn 1 bài học.lấy đó là bàn đạp để đi lên.,hy_vong
vì mày là đống vỏ năm xưa mẹ mày đổ vào đầu bố mày nên ngày nào nhìn mặt mày hắn cũng cay cú như thế,gian_du
tội em gái đó,gian_du
"thì bác cứ tranh luận đi , bác nói đúng thì mình cũng chả nói gì , còn mình thấy cái kiểu cậy nhà mặt đường nhưng tư tưởng nhắn tin kia thì kiểu gì cũng có ngày sấp mặt .",gian_du
Lan Lúk bấm vào sẽ có video nha c,trung_tinh
đang tập hát 😶😶 hay thật 😔😔,buon
"Nguyện cho người mù thấy đc ánh sáng, người điếc nghe đc tiếng động, người bệnh mau bình phục, NGƯỜI NGHÈO ĐƯỢC ẤM NO, người già k phải bệnh tật, trẻ em luôn bình an.người mạnh khỏe, nhà nhà hạnh phúc 🙏🙏🙏",hy_vong
"nhiều mụn da ngăm mắt híp vs xếch lên thêm phần người tớ luôn có mùi khiến tớ tự ti, không muốn đứng cạnh những bạn xinh xắn đồng trang lứa vì sợ phán xét,so sánh của người ngoài kia..",that_vong
"mặc kệ họ nghĩ gì tôi vẫn cứ là tôi , xấu đẹp bố mẹ trao hãy hạnh phúc vì mình đc sinh ra với một cơ thể lành lặn",hy_vong
"Ko ai hiểu được bão lòng trong lòng người mẹ ấy. Con cái mất cha mẹ thì người đời gọi là mồ côi nhưng cha mẹ mất con có ai gọi dc tên, được nỗi đau ấy. Mong linh hồn em an nghỉ, mong bình an đến với cô và mong gd ở lại nguôi ngoai nỗi đau!",buon
"Mardoll Tee Aitch tiếng tụng kinh ở chùa hoặc nghe ban ngày thì không sao, chứ ban đêm tui mà nghe cũng nổi da gà. Kế nhà tui có người mất ấy xong mở kinh cả đêm buổi tối đi ra ngoài gió thổi, đường vắng mà cứ nghe tiếng tụng kinh đều đều. Xĩu cái đùng á 🥲",lo_au
Chia buồn cùng gđ nhé P ơi! Oanh ko biết nói chi nữa cả! Momg cả gia đình mạnh mẽ!,buon
nói thì hay lắm 🙂 cuộc sống đâu phải được như mong muốn,that_vong
Nguyên Phạm đánh người chạy đi ko đánh người chạy lại,trung_tinh
trên đời vẫn còn nhiều điều tốt đẹp ❤️,hy_vong
mày ăn cái gì mà khôn vaiz thế,gian_du
"vậy đấy , thế nên con gái mới toàn bị lừa",that_vong
Thiệt tình đang đi đường thì bị tạt nước. giận tím người 😡,gian_du
Tóc Xoăn cỡ harris cũng ko có cửa vì 2 đảng đối lập nên ko có cánh cửa nào dành cho bả,that_vong
🙂😍😘,hy_vong
per sau khi cưới,trung_tinh
bạn này sau này sẽ khó bước qua cái bóng của vai diễn này 🙂,that_vong
Phi Long đời nó thế bác :),trung_tinh
quá tin người,buon
Bạn chỉ dùng 1 câu sốc và hối hận để biện minh cho hành động của mình. Trong khi cô gái ấy còn k thể cất lên tiếng nói lời từ biệt cuối cùng vs người thân yêu cơ ☹️,gian_du
VN theo khuynh hướg hoà bình tùe thời xa xưa rồi. K thì châu á là của VN😂,vui
gáy sớm để làm gì cơ chứ haizz,that_vong
Quay đầu bình thường,trung_tinh
cậu lái xe nói chưa thấy sai gì . ?? đỗ dưới đường chứ có đỗ vào phòng khách nhà mình đâu mà kêu .,trung_tinh
"tao khuyên mày , bật lên mr . siro lên mà nghe , đời sẽ vui vẻ hơn =))",vui
douma đứng trong nhà cũng không yên cái thân,lo_au
trông rợn vãi,lo_au
sao không xúm lại rỉa lông tụi đầu bếp nhỉ .,trung_tinh
điều quan trọng ở đây là mày cần sạc điện thoại kìa,trung_tinh
thiểu năng đội cái nón không nổi thì sao đủ năng lực chạy xe . nhìn là thấy hãm .,gian_du
đm mùi thế,gian_du
Toàn đồ cổ vẫn huấn luyện .chiu thua luôn,that_vong
eo ....,gian_du
rất hối hận😢,buon
Mình nói ngọng nên ngại giao tiếp,lo_au
Không kiểm tra lại mới lạ con xe bằng cả gia tài của mình lỡ có vấn đề gì đầu thai không kịp 😂😂,vui
kính thủy lực là kính gì bạn ơi,trung_tinh
hồi đó cấp 2 mà bán đồ lời mấy chục là mừng quýnh lên rồi =))),vui
@TvNhinhi Âu ngày mưa ngày Mai sẽ nắng ấm,hy_vong
Loại này k thương sống chỉ ảnh hưởng xã hội và mn xung quanh,gian_du
bởi đi mua cái gì cũng phải chọn chỗ uy tín,trung_tinh
Bỏ đi ạ,hy_vong
Kinh khủng quá😥,lo_au
Thương con.,buon
mấy đứa chân ngắn qua sao,lo_au
nụ cười của crush kích thích vãi :)))))),hy_vong
khi nào mới tìm được phim hay như này,that_vong
mong bà nội t thấy và tự ái😌,hy_vong
Pha này w.wihte có thể cứu jane nhưng ko cứu.mãi cuối fim mới kể,trung_tinh
per =))))) hahaaaa,vui
vì tớ da ngăm nên lm zì cũng bị trêu 😶,buon
khác xưa thật mà,trung_tinh
per nó chỉ muốn biết bạn có nhu cầu làm áo lớp hay không thôi,trung_tinh
Bốn này phải tước bằng vĩnh viễn ở VN phát nhé qua nên tai nạn rất nhieu,lo_au
"Muốn sửa tính cách này nhưng chẳng sửa được Tôi là cô gái ít nói, rụt rè, hay ngại, tự ti , suy nghĩ nhiều , và hay ảo tưởng sống lowkey fb tôi chẳng đăng gì cả á ai mà tốt vs tôi hay biểu hiện gì đó tôi đều tưởng họ thích tôi",that_vong
bài nhạc khiến tôi mang nhiều suy tư,buon
"Mấy nay tui combat vs fan QL nhiều, ume cuồng quá, tui nghĩ team cer nhận lỗi, khắc phục, chịu trách nhiệm là ok, nhưng xem live thì thấy cũng tội tội QL cảm giác bi rối xà bèng. TT thì vắng mặt nữa. Sai thì xin lỗi chân thành rồi sửa thôi mà, đây lèo lái tùm lum h đi vào lòng đất luôn 🙏🙏🙏🙏",that_vong
cuộc sống tạo ta áp lực ..,lo_au
tui nhìn tui nhớ ngoại tui quá tui nhớ lúc tui còn 5 tuổi ngoại tui là người mà ngoại trông ngóng tui về mà giới chỉ bt đứng ở bàn thờ khóc mà tôi,buon
là nhân duyên trời ban cớ sao chẳng thành đôi :(,that_vong
"Cuối năm rồi mà vẫn thất nghiệp, k biết bao giờ mới ổn định, stress quá giờ còn 39kg, ngày nào cũng nghĩ ngợi nhiều, làm người lớn khổ quá😭😭😭",that_vong
nó mà nhập viện thì xong đời tao . n,lo_au
xấu và đẹp thực ra do con ng nghĩ ra chứ bản chất chúng ta là khỉ có ai là thiên nga ko mà xấu với đẹp😌,trung_tinh
"răng tớ thưa ngay 4 cái mặt tiền, h hết mang khẩu trang vào lp ko dám cười lun ấy"")",buon
hướng nội+ ít nói+ ko bt giao tiếp...,lo_au
"Hoàng Thiên Ngọc đây là tôi sau khi biết điểm thi 3 môn Văn,Toán,Tiếng Anh",trung_tinh
tôi thì ở vơi ông bà ngoại giờ lớn lên có khả năng mua cho ngoại này kia thì ngoại k còn….,buon
t rất ít khi nch vs ngkhac vì t nch rất nhạt+ngại giao tiếp + hướng nội,lo_au
Hơi hoảng một xíu,lo_au
ước gì dc quay lại lúc đó 😞,buon
"chấp nhận đau khổ , để đổi lấy hạnh phúc , mà tìm mãi hạnh phúc không đến thế mới đau em .",that_vong
"Có gì đâu mà phải hối hận chứ, đều do mình quyết định cả mà. Sống là bước tiếp tới phía trước",hy_vong
crush ai thì cờ rớt chứ đừng cờ rớt mấy mẹ bán hàng online với làm bất động sản chúng mày nhé :3,gian_du
nhưng e phải tự tin lên chớ ko ai thèm chê bai e đâu có chê bai thì họ chắc j bằng e chắc j đã tốt hơn e ???,hy_vong
ở đâu mà khổ vậy bạn,buon
Không tự tin vào bản thân nên bỏ lỡ nhiều cơ hội,that_vong
"ốm mặt mụn mắt một mí, nhỏ mũi tẹt môi dày, to da ngâm lùn tóc mỏng, dễ bết không giỏi mặt mụn giọng kì😭",buon
vậy đi chục năm cho nhớ đời,gian_du
óc chó đi dậy đời,gian_du
"Mệt mỏi quá, crush có người yêu ...",buon
"Coi phim này ức chế thằng pinkman vcl, nguồn cơn của mọi sự toàn từ nó mà ra chứ không đâu",gian_du
chuyện thì buồn nhưng nhìn cách kể của bé này thì nhịn cười không được,buon
"Các khu chợ, nơi mà nhiều thành phần cặn bã khoái và hay tập trung tranh giành mà. Chính quyền trước giờ không dẹp hết nổi Triệt xoá nhóm này thì có nhóm khác lên Có C.A khu vực không dám can thiệp.Dễ bị tụi nó đe doạ đến cả gia đình. Dần dần họ tha hoá dần Còn người dân thì ít dám lên tiếng vì sợ trả thù Dù dân chợ búa nổi tiếng dữ dằn Mà còn thua bọn giang hồ vì tụi nó đông và máu liều",lo_au
hiểu lầm chút chút,trung_tinh
@kim_3856 ủa có chuyện j vậy sao chửi cậu đó vậy😰?,lo_au
Chào những con ng mắc sai lầm.Còn cơ hội nào cho chúng ta sửa sai hay là cứ chìm đắm trong cái quá khứ đó🥺,that_vong
Thiệt tình không biết ngày mai sẽ ra sao. tim đập thình thịch huhu,lo_au
cách 1: 5 nhìn - 4 chạm - 3 nghe - 2 ngửi - 1 nếm<br>cách 2: Tư duy 3%<br>cách 3: Thở 4 thì,trung_tinh
để anh dẫn em đi ăn nha :)),hy_vong
Bính Buôn Bom vinpro nữa bác :v,trung_tinh
Tống Duy Anh ko biết 2 con ác quỷ sát nhân có gặp nhau k,lo_au
per anh tặng vợ cái bát nha kaka,vui
"Hãy trách nhiệm với cuộc sống và bản thân,bạn sẽ không cần nghe nữa những lời khuyên.",hy_vong
óc chó còn cố tiếc kéo ôtô lại mới hài chứ . sao nó không ngồi trong xe cho chết mẹ nó đi,gian_du
Lê Thảo đang yêu đời coi cho trầm cảm nè keo,buon
Phan Thuý Oanh xợ,lo_au
tao tháy gái nguy hiểm vãi,lo_au
hết muốn ăn luôn,that_vong
Tôi là fan anh 7 thực sự khi xem bài này tôi rất là cay,gian_du
"chồng này chắc cú có gai ah , mặc quần đéo gì vậy",gian_du
"chả lẽ không không cô bắt học sinh quỳ như thế à ... bây giờ vài bọn “ học giả ” cứ rả rích là thầy cô không giáo dục học trò chỉ đăm đăm vào dạy , lúc thầy cô “ dạy ” thì lại rôm rả về đạo đức nghề giáo ... ôi thôi ... đủ các thể loại",gian_du
đã làm thì không bảo giờ hối hận,buon
ngta k ngại nhưng mình ngại chả dám quen ai.gia cảnh lại neo đơn cứ từ chối mọi lời đề nghị.chắc kiếp này ở giá thôi chứ,lo_au
cứu thì Jeese cũng toang vì bếch đá haizz.,buon
"@nangoc84 Tư duy tích cực, đặt mục tiêu đúng và hành động liên tục sẽ thoát khỏi nghèo khổ.",hy_vong
Nguyễn Mến bà này hay ship xóm mình,trung_tinh
Chúc 2 phi công bình an vô sự.đừng có điều sấu sảy ra,lo_au
nhìn đẹp quá đi mất,vui
có ai thấy tởm nhưng vẫn coi hết video như tao không,gian_du
đéo hiểu,trung_tinh
Không đi chơi nhiều hơn ở cấp 3,buon
cưng hết sức nà,vui
"bạn bè nói chuyện cũng chụp post facebook , vui không ?",gian_du
thói ích kỷ,gian_du
Quá mệt với bản thân rồi 🥺,that_vong
cảnh ông bố Jane bị bắt đi tù xong tự sát trong tù ám ảnh hơn nhiều,lo_au
thời buổi này là thằng con trai trước hết phải có khả năng kinh tế phải nuôi được bố mẹ rồi hãy tính đến chuyện kết hôn,trung_tinh
Moi chuyen dk sắp đặt cả rồi ko việc gì phải hối hận cả 😊,hy_vong
con này là con lợn hay con gấu hay con ong vậy ????,trung_tinh
"@Nesaragesaraknm Cơ thể người là một cỗ máy hoàn hảo, nó được vận hành bỡi một (hệ điều hành) sinh mệnh luôn tự động cập nhật cho phù hợp với môi trường sống. Khi chúng ta cảm nhận đúng bản thể và vận hành nó đúng chức năng thì không cần đến thiết bị nào hết.",hy_vong
có biết giận là gì đâu 😌🙂,trung_tinh
em mong chỗ tiền anh kiếm được không bị vợ giữ nốt 🤣,hy_vong
"Đức Trần ngộ vậy trời, không là người ta sao mà hiểu đc những gì họ chịu đựng, đừng có so sánh thế cái gì cũng đều có áp lực của nó",gian_du
Ăn mặn ăn chay tâm tốt là dc,trung_tinh
"t thấy tự ti lắm ý, nhiều khi k hiểu s 1 người 6 như t lại có thể đc tồn tại😭",buon
tuyệt vời,vui
nhìn mặt ông thầy cay lắm :)),vui
Quản Lâm Vũ .Xây cạnh bãi tha ma ấy.Hàng xóm yên tĩnh không ồn ào.,trung_tinh
"4 năm mới cưới mà như này, bảo sao yêu thì vui, lấy về hết vui",that_vong
Janey Nguyễn Phấp phới,trung_tinh
Đèo người nhà mà gặp bọn này bắt t gọi là bố mẹ t cũng gọi,gian_du
"Thanh Trúc nhưng mà sướng mà em, có cái sướng nào không mất sức đâu",vui
uề ... lại li hôn không thành công ... . t buồn cười câu này quá per,that_vong
"Nguyễn Ngọc bữa e cho con đi khu vui chơi cũng vậy. Có 1 bé cứ thấy các bạn lại gần chỗ cầu trượt là chồm ng lên đè lên bạn. Trc đè lên 1 bạn, mẹ bạn đó đứng gần mắng với lôi ra r, lúc sau nó ra gần con e đè con e, e lôi ra rồi tìm thì thấy mẹ ngồi 1 góc bấm điện thoại, con làm gì thì làm.",gian_du
em lên lai em giúp đỡ người đồng bào đi em,hy_vong
"Thanh Liêm Nguyễn Đúng là a đó sai nhưng vkck a đó hay live ở Pđb á b, từ năm trước rồi. Mk ko nói là a đó đúng. Mà hay đi coi hát rồi chơi thân với mấy bé.",trung_tinh
Hồng Phú rõ ràng là các hãng và chủ xe dịch vụ họ thấy được lợi ích của xe điện VF họ mới đổi qua xe VF chạy. Miễn phí 1 năm sạc điện là tiết kiệm được bao nhiêu lúa rồi,hy_vong
hành động tuyệt vời của anh.. tôi cũng đã nhìn thấy những công dân nước bạn đứng lên theo hành động của anh,vui
Dung vậy à chèn ép cảm xúc một mình,buon
"per bất hạnh thật tao với mày mua bánh ăn chung đi , cóc cần gấu 🤨",that_vong
thấy bản thân ngu dốt và vô dụng đến cùng cực 😔,that_vong
Nhìn quen quen như CM tháng 10 .,trung_tinh
Sách với chẳng vở chịu thua,that_vong
"hồi nhỏ đi ngang nhà hàng xóm con quỷ này dí tao từ ngoài đường vô tới trong nhà tao nó vẫn không tha , ba mẹ tao nghe tao la chạy ra chụp cổ nó quăng ra sân nó mới chịu đi . ám ảnh tuổi thơ",lo_au
"1 là nhờ đám cơ to hơn đè đám này. Cách cuối là làm Chí Phèo. Chúc bạn may mắn, VN nó vậy mà (:",gian_du
Thanh Dat đấy là vì ông ko nghe thấy nước ngoài huấn luyện bị rơi ntn thôi,gian_du
hối hận cả một đời 🥺,buon
Bạn vào đó mà xem nhé,trung_tinh
Không ai hiểu mình 🥀,buon
chắc là ngủm ở Bình Định,trung_tinh
"Thực sự ngày xưa e đi học cũng bị bọn bạo hành bắt nạt thế này, cảm giác đáng sợ k dám đi học luôn 😞",lo_au
🥹🥺 ám ảnh luôn :(( hồi đó con bệnh con ốm nhờ vả xíu nó tẩn cho mình 1trận 😔 riết nhìn đâu đâu cũng sợ,lo_au
"t ko thấy tự ti lắm á mặc dù t mũi tẹt, môi mỏng, mặt cx ko xinh lắm, t tự tin lém t cx hay bị mng trêu là con mũi tẹt nhưng t tự nhủ có tiền rồi mình đi nâng 😊",hy_vong
Sắp tới deadline rồi mà chưa làm được chữ nào 🥲,lo_au
"Yayyy! quá, sếp khen cái project mới haha",vui
điềm báo gì đây,lo_au
Biết kiếm đâu một người yêu mình thật sự đây?,hy_vong
Phim hay dã man.,vui
Trọng Anh Nguyễn làm đơn cho chúng nó đi hết đi a ạ,gian_du
Tui coi tới tập 4 tui khóc sưng mắt khúc nam9 gặp mẹ nên drop luôn. Đang snghi có nên coi lại hông 🥲🥲,that_vong
một viên gạch tốt người ta sẽ biết ngôi nhà an toàn....,trung_tinh
một cái vẫy tay đầy luyến tiếc từ cuộc họp tới đất nước việt nam,that_vong
5 năm hay 10 năm cũng k đoan dc lòng người 😢,that_vong
em ấy đang ở đâu ạ,trung_tinh
Hàn Công Nguyện hay cái là rèn con cái không rượu bia thuốc lá và chất kích thích. Quá hoàn hảo.,hy_vong
yêu như trẻ con tập yêu ây .. có cái chúc sinh nhật mà nháo nhào lên cãi nhau,that_vong
chỉ là muốn thôi . chứ chờ đợi không biết thời điểm nào thì cái sự mong muốn đó mới tới,that_vong
thật là đáng sợ,lo_au
Mặt bự rất tự ti 😢,buon
hút ít thôi và hãy chích nhiều hơn 😐,gian_du
Thế giới này phức tạp quá,that_vong
gấu bò gấu heo..đại ca đại bàng với ai...có lớn mà k có khôn,gian_du
Trải qua 1 lần cảm thấy bất lực tuii hiểu được đồng tiền nó quan trọng ra sao,that_vong
Tôi ngại vì tôi chưa lo được cho bame tôi một cuộc sống tốt 🥺,buon
Phương Nguyễn coi ni,trung_tinh
Đáng sợ,lo_au
"Hãy tiếp tục chia sẻ cách xây dựng sự bản lĩnh, nội lực bên trong để vượt qua sự tự ti sợ sệt rụt rè ko dám đối diện nhé anh. Em rất chờ mong để được học hỏi trau dồi những kĩ năng này hơn nữa",hy_vong
"Chuyện này đã sẩy ra một thời gian dài mà hiệu trưởng không hay biết, ôi bệnh thành tích trong ngành giáo dục",that_vong
"Sai lầm quá lớn, không thể nào sửa được. Âu cũng là cái giá bản thân phải trả thôi. Sống chết có số",buon
Nhớ bà cố xưa tôi nhỏ quậy như con gái kêu vô ăn cơm xoài lúc nào kêu t ăn lúc cố ko còn nhớ ai hết cái lúc đó tôi ddn lm cá cố nói con duy đau roi kêu vô nói nhỏ qua ngay cố mắt,buon
Tử Hà Tiên Tử cs cai trị thì làm sao dân VN mình khôn ra đc. muôn đời vẫn là đãng ỡ trên đầu,gian_du
Chúc mừng ông. Hoà bình lập lại rồi,hy_vong
chung quy là hình thức quảng cáo !!!,trung_tinh
bọn mấy bà thì quyền lực vãi rồi,gian_du
"Hai đứa còn quá nhỏ để lập gđ , nhất là bạn nữ .. tội nghiệp e",buon
nhiều lúc buồn đến nỗi coi những vid thế này . đéo thể cười nỗi .,buon
Và Cái Quan Trọng Nhất mà chúng ta đạt được trong những năm qua là :Tinh Thần Đoàn kết Dân Tộc Và Niềm Tự Hào Mãnh Liệt Của Toàn DânNgàycàng đi lên🇻,hy_vong
Tôi đang cảm thấy khá áp lực với khối lượng công việc hiện tại và thời hạn sắp tới.,lo_au
"Dương Hoàng tại làm rùm beng quá đó, t ra chợ mua trong khả năng 1,2 con, xong t tự đi thả, có ai thấy đâu",gian_du
"Trần Khánh Huyền giờ Đảo Cô Tô,Quan Lan vẫn giữ được vẻ thiên nhiên như vậy mà giá cả thì phải chăng.",hy_vong
Cho thêm các bạn 1 lời khuyên .là mỗi khi có suy nghĩ tiêu cực mình thường mua đồ ăn ngon mình thích .khi ăn no mình thấy rất ổn,hy_vong
Lấy vợ lúc nghèo,buon
"buồn rười rượi quá, bị rớt môn rồi 😭",buon
HOÀNG SA VÀ TRƯỜNG SA LÀ CỦA VIỆT NAM,vui
ủa ? chọn người nào cũng như nhau thôi . vì cả 2 người chắc đéo gì đã thích bạn đâu ? :)),trung_tinh
trời nắng nóng thế này mình muốn bán nước không biết thu nhập có cao không ạ :3,hy_vong
thế đéo nào cái hộp bé tý lại đựng được ba cái mũ nhỉ,vui
nó bỏ mình đi rồi mỗi lần nghĩ tới nó ôi sao mà xót tim gan hơn mất người yêu,that_vong
Nhìn gương thì thấy mặt mình khá đẹp nhưng lại sợ ngta ko nhìn mình đẹp như v 😔,lo_au
"Không chịu nổi quá, đứa bạn mượn tiền không trả 😡",gian_du
"À thế là đúng rồi, gia đình ngăn cản thì ra là gia đình chồng. Cay thế nhở !!!!",gian_du
mik ngại giao tiếp và những j mik ns lun nhạt nhẽo mik cx ko mún ngkc để ý mik vì sợ bị soi mói:((,lo_au
1 cái xe cup này ngày xưa bằng mấy cái nhà liền,trung_tinh
cho xin địa chỉ chị gửi cho ít quần áo cả hai vợ chồng nè.. chị trả hết phí ship luôn chỉ nhận đồ là được nhé,hy_vong
Ở vậy nuôi con cho lành,trung_tinh
Ng ta ở xứ Mỹ mà dạy con rằng k cho xăm mình thì cũng là hay đấy. Vn ta bây giờ đi đâu cũng thấy chân tay xanh lè mà hãi.,gian_du
cứ thấy cute cưng cưng sao á .... có ai thấy giống per như tao không ??,vui
coi mà hồi hộp vãi ... nghỉ tới khúc nó nhảy trượt rớt xún chắc bó chửi banh nóc ... v,lo_au
Thương cháu quá.,buon
"Vừa sợ rớt môn quá xong, tim đập thình thịch lun 😱",lo_au
"ủa nó đá ông da đen mà ... sao tôi kia chửi nó "" da đen "" này nọ .... ?????",gian_du
Vũ Tuấn Thành chỉ có thể nói ng thông minh họ giấu nổi đau theo nụ cười . Ng bình thường họ giấu nổi đau trong nước mắt . Haizzz,that_vong
nói chung nợ nần có 200tr chứ mấy 😢😢,buon
"Cầu mong khi thằng này ăn cơm chính phủ rồi, mong sau mấy ae trong đó dạy dỗ cho nó nhớ đời là đc rồi",that_vong
bằng tuổi em các bạn đang ôn thi mà em phân vân không biết chọn trường nào :((,that_vong
"tớ ngại, giao tiếp kém, sợ ngta đánh giá :/",lo_au
Tôi hiện tại đang rất lo lắng và bối rối không có đường rẽ lối🥺,lo_au
Không hiểu làm bố mẹ kiểu gì,gian_du
sao ảnh này nhìn con rắn đáng yêuc vãi :))),vui
Tôi chú,buon
hối hận thật sự mìh rất hối hận,buon
chắc phải đi một chuyến thôi :3,hy_vong
"đừng như vậy chớ các bạn , lúc trước tui cx zậy nhưng từ từ hết r lạc quan lên nha các bạn ❤️",hy_vong
"hăm hở đón nhận tất cả , thậm chí là nỗi buồn , nếu điều ấy khiến việc tồn tại của bạn mang một hương vị đáng nhớ ...",hy_vong
thứ mà kiến tôi hối hận nhất trong cuộc đời này là cứ mãi mê ăn choi là ko nghe lời của cha cho tới khi cha tôi mất đi rồi thì đã quá muộn màng😞😞,that_vong
mày ăn xong thì cút luôn dùm nha 🙂,gian_du
t bị z quài nên nguyên lp t đứa nào cx nghĩ t tự kỷ lun á=))),vui
"Không chăm chỉ học tập khi có cơ hội, không học nhiều thứ để biết nhiều hơn. Sống một cuộc đời lãng phí thời gian, lãng phí tất cả. Nếu có kiếp sau chắc chắn sẽ học, học tất cả mọi thứ",hy_vong
Nhiều người giỏi. Thì đất nước với phát triển. Rùi việt nam. Sẻ xây dựng đc các trung tâm nghiên cứu khoa học. Để áp dụng vào cuộc sống. Phát triển đất nước.,hy_vong
tự hào là người con Việt Nam 🥰,vui
mấy má đang có kinh rồi mặc áo đầm nhảy qua thì nhuộm đỏ 1 dòng sông cmnl 😳,lo_au
Nguyễn Ngọc Huyền chị đó nói bị cột chân á b,trung_tinh
Việt Nam rất tuyệt mik ước nếu có ở kiếp sau thì mik vẫn muốn là người Việt Nam 🥰,hy_vong
"Thật sự cảm ơn anh Thành về những chia sẻ bổ ích như vậy, 19 năm trên cuộc đời em vẫn luôn cảm thấy mình yếu kém và luôn phải cố gắng để bằng người khác. Và giờ em quyết định sẽ nghĩ cho bản thân nhiều hơn về thứ mình thích và thực sự muốn làm. Em nhất định sẽ quay lại đây nếu em đạt được điều đó !!!",hy_vong
"thương các bác quá , vất vả 10 năm trời mà bị như vậy 😭",that_vong
nhất định sẽ làm được,hy_vong
Phuong Nguyen h ra đg đừng tin ai cả .sợ quá😱,lo_au
@Kỹ thuật và đời sống đoán vội chắc 18 🥰,vui
Thiệt tình bị sếp ép deadline vô lý. sôi máu 👎,gian_du
Great,vui
"Bạn ơi, lên công an xã trình báo đi",hy_vong
Bã chăm 1 lúc 20-30 đứa nên bã bị stress rồi 🙏🙏,lo_au
"Tớ nghĩ về tương lai mông lung quá, thót tim 😥",lo_au
thôi có gì đâu mà cãi,trung_tinh
Bún Cá vãi l đáng sợ thật,lo_au
nhiều mụn da đen đi đâu cũng tự ti đau đớn hơn nữa khi nghe câu hỏi: sao m khác ngoài đời quá vậy 😭,that_vong
"Thót tim quá, sợ rớt môn quá 😥",lo_au
hic hic mình còn chả bao giờ được giận lại ấy chứ :((,that_vong
thấy thuong quá 😢,buon
per hãy gặp nhau nói bằng mồm từ tỏ tình đến chia tay để không bị cap gửi cho hội chị em,gian_du
hy vọng chung ta chung yay giup GĐ anh chị,hy_vong
"tớ k dám nhìn thẳng vào mắt của ngk, vì tớ tự ti, tớ sợ bị chê cười......",lo_au
@Nhat11589932 Lễ hội té nước b ạ 👣👣👣 chơi thôi,vui
Công ty như cc🙂,gian_du
@AnhQuân🐧🐧 hmm,trung_tinh
hành động đẹp,vui
còn nhiều người chưa có người yêu lắm :),trung_tinh
"thao trường đổ mồ hôi để chiến trường đỡ đổ máu , ý thức từ bé đi 🙂",trung_tinh
"Hồi học mẫu giáo với cấp một tự tin năng động hướng ngoại lắm nhưng lên cấp 2,3 cái trầm tính thành hướng nội luôn tại phải suy nghĩ r k còn vô lo",that_vong
ngại nhất khi nói chuyện mà ngta nhìn vào mặt mình :<,lo_au
mặt mụn tự ti cực kì luôn,buon
tôi có.hối hận nhưng đã muộn.tất cả tại bản thân mình không trach ai dc.nghĩ lại nhiều khi thấy số mình đen,buon
Tôi sợ tôi từ bỏ cv này thì cs k biết bắt đầu lại từ đâu 😔,lo_au
"top 1 xuất khẩu gạo là ấn độ nha, top 2 là thái lan con VN top 3 lận",trung_tinh
"Đọc mà rưng rưng, chúc mừng cả nhà ♥️",vui
"Vì thế giới này nhiều khổ đâu, nên ta mới thấy lòng tốt của con người",hy_vong
Nếu như nghe lời ba không bỏ học là h đã khác rồi….,that_vong
bản thân cố gắng cũng chẳng dễ dàng gì :((,that_vong
Tiến độ dự án đang chậm hơn dự kiến khiến tôi rất băn khoăn về khả năng hoàn thành.,lo_au
nta vẩy tay mấy cái cũng ra tranh còn tao thì 😪,that_vong
Quái gở,gian_du
"huhuhu rụt rè và nhát là lỗi lầm lớn nhất trong đời em, lúc cởi mở hơn nhận ra mình không kém cỏi như mình nghĩ",buon
@Gocnhocuabo Xin lũi vì đã đến đây vào buổi khuya 😭,buon
"""Sorry bà nha cái áo tui nó hơi giãn á 😭""",buon
Tao dùng dao lỡ cắt phải tay tao đau cm rồi đây cắt miếng thịt của người ta ? Đụ má đạo đức chó tha à trời,gian_du
"người ta ăn hàng tỉ lại phát 5 tr , còn gì là pháp luật nữa",that_vong
"Ngọc Liên đúnggg huhu, kiểu về đêm là nó ám ảnh à",lo_au
"Đó là lúc nỗi đau đã vượt quá sức chịu đựng. Người ta sẽ làm hành động ngược lại. Cũng như lúc đáng lẽ phải khóc thì họ sẽ cười vậy. Người ngoài sẽ thấy không hiểu nổi được đâu và cho đó là ngớ ngẩn ^^ Đó là điều đáng sợ nhất. Vì họ đang diễn kịch với chính mình, cười chính mình. Họ vừa là khán giả lại vừa là diễn viên trong vở bi hài kịch đó 🙂",lo_au
"Nguyen Nga kiểu cũng tốt nghiệp cấp 3, có người biết tích phân, có người không ý",trung_tinh
Buồn quá! Đến Phú Quốc hai lần rồi. Thấy tiếc nuối vô cùng.,that_vong
giá như đừng nghĩ học giờ đâu phải khổ như này,that_vong
mưa lắm các con giời ở nhà ngủ cho khoẻ nhé .,trung_tinh
thêm cái nữa là VN đứng thứ 2 thế giới trong việc phòng dịch,hy_vong
"""I am the one who knocks"" nghe mà rùng mình",lo_au
Trời ơi. Tôi đọc bài viết này mà tôi hình dung ra bạn phải chịu nỗi đau thật sự rất khủng khiếp trong cuộc đời. Thương bạn!,buon
"Nóng mất khôn, cái xe nó tội tình gì mà lại đạp nó em. Nhỡ nó móp thì lại mệt.",lo_au
30 tuổi đúng là sợ thật sự . giờ 31 đang gánh hậu quả,lo_au
@Hở ❓❓ e nãy ta ngại quá😭 k dám nói iu mi,lo_au
ra vậy . nguy hiểm thật :(((,lo_au
"Ngoài con ra, điều gì mẹ củng hối hận",buon
trời đánh tránh miếng ăn,that_vong
"lại là lào cai , tự hào quê mình quá :))",vui
Sea star của em vẫn xinh thôiiii chời ai rảnh mà cứ ganh hoài dị,vui
"anh nhỏ nhẹ xin 100k rồi trước khi đi còn chào người đẹp , đi cẩn thận """,trung_tinh
Thiệt tình mai đi phỏng vấn mà run quá. không biết đi đúng hướng không 😰,lo_au
"em lấy đi niềm tin chả lại cho anh những gì , cũng vì anh vụng về đánh rơi hay càng xa vời càng dễ mất .. anh chân thành nên anh tổn thương",that_vong
"Sinh ra là con gái ai cũng là 1 đoá hoa, có vẻ đẹp riêng 🥰nên là hãy tự tin lên. T bị bodyshaming nhiều lần r, nma h t tự tin hơn.",hy_vong
thực ra em mới đang phải là sự lựa chọn chứ không phải là người được lựa chọn đâu .,that_vong
Gặp ai cx ngại 😔,lo_au
việc mày giận lại không còn quan trọng khi mày đéo còn là món mà nó hứng thú nữa 🙂,that_vong
1 năm rồi :(,buon
Hân Hân voãi,trung_tinh
per khi nào bạn có bằng xe ôtô thì bạn mới hiểu . sai thì đã có ca,trung_tinh
@TvNhinhi Nhìn cảnh yên bình quá nhi ơi trúc nhi cuối tuần an lành nhé,vui
"Chị giang ơi, chị có thể làm về việc phản biện ko chị, mấy đứa bạn thân em hay bắt nạt em mà em cứ nhịn vì em sợ gây mất lòng nhau chị à. Chị có thể giúp e đc ko",lo_au
Nguyễn Thắm mô. Bài e đăng khi sáng đó chì.,trung_tinh
Thanks chú ạ dạo này quá stresss,lo_au
Hối hận vì đã chấp nhận yêu người hiện tại,buon
xin vd ạ👍,hy_vong
Vừa thi hk xong cảm giác mọi thứ k như mong muốn và chị Giang đã xuất hiện,that_vong
còn tệ hơn năm ngoái,that_vong
"Liliana Knight t tức vụ này sáng giờ luôn ấy, sao tui ghét cái tụi trẻ trâu phá làng phá xóm này quá, con gái mà đi đua xe @@",gian_du
Nhiều khi bận hoặc quên cầm máy shipper gọi nhiều cuộc m k nghe lúc sau nhận hàng cảm thấy ấy náy có lỗi lắm luôn mà quê tui thời điểm nắng nóng 39 40 độ đấy mà có mấy lần nói chuyện với bà chị hơi quen chuyên gia bùng bom ship đem đồ đến thử chán chê bắt ng ta đợi nửa tiếng rồi trả hàng trong khi nhiều món đẹp vđ ra và bây h tui vẫn đợi 1 ngày bã bị nghiệp nó quật,hy_vong
7 năm rồi . nhanh quá,buon
cho minh xin dc minh gui quan ao it qua cho chi,hy_vong
đã từng . hix,buon
Thương be quá .có gắng lên con,buon
"Hai Yen nghe giống tiếng em bé sơ sinh khóc á hic, lâu lâu đêm tui cũng nghe tiếng xong nghĩ ""em bé nhà ai đêm hôm khóc mà to, vang, sao ba mẹ không dỗ"" hồi sau thấy cứ kêu hoài mới biết là tiếng mèo sợ ngang",lo_au
tiếc là 23 cái xuân rồi chưa gặp được em . có ai giống tôi không,that_vong
"Xem mà rớt nuoc mắt, thuong cho bé quá",buon
"Xem mà thương con quá ! Cám ơn mẹ của bé ! Cuối cùng bé cũng được yêu thương dù vài tháng ít ỏi . Cầu mong những người tốt biết yêu thương động vật luôn mạnh khỏe, bình an",hy_vong
"Việt Nam lại có máy bay rơi, khoa học và kinh tế quyết định cho khoa học kỹ thuật, như thế này thì mạng sống của những người tham gia những chương trình bay sẽ đi về đâu.",that_vong
per anh có định quát mắng em không,lo_au
Sót xa quá thương quá tất cả phải vì tình người nữa chứ ( cháu nhỏ ) chúc các bạn gặp nhiều may mắn có quý nhân,hy_vong
Vì định mệnh chân ái phóng hỏa đốt nhà xong quên mẹ là có chồng vs con r. Ngộ không🙉🙉🙉...còn j để lói,gian_du
Đấy. Các cháu có biết gì đâu. Ko bảo quản đồ của mình là do lỗi ở mình. Lý lẽ của 1 ông bố tuyệt vời. Cho in4 và sdt lên đi cho dân tình nhòm mặt mũi phát nào,gian_du
Tiếp tục ra video tiếp anh nhé,vui
mong gà lang thang và các mạnh thuong quân giúp chi ấy,hy_vong
bạn không có lỗi sinh ra trong nghèo khó nhưng nếu chết trong nghèo khó thì đó là lỗi của bạn,trung_tinh
da đen chân vòng kiềng mùn lắm mắt nhỏ ước j tôi hoàn hảo hơn...,that_vong
1 phát là nát gáo 🥱,lo_au
VIỆT NAM VÔ ĐỊCH🥰🥰🥰,vui
"Khon nan nhất là có vk có con rồi vẫn còn liên lạc, qtam tới nyc",that_vong
xin lô ̃ i chư ́ tao te ́ ma ̀ thă ̀ người lz camera quay câ ̣ n mă ̣ tao như thê ́ thi ̀ tao đe ́ o đa ́ không đâu,gian_du
quan trọng phải là thần thái,trung_tinh
Tại sao những rủi ro này grap phải chịu nhỉ? Phải quay về trả nhà hàng chứ ạ? Grap nên thay đổi để bảo vệ nhân viên của mình chứ nhỉ!,gian_du
con mong bà sống lâu nha bà với bà sống bình an nha,hy_vong
"""sorry bà nha áo tui hơi giãn á😭""",buon
Cũng muốn nói nhiều lắm mà hong bic nói gì 🥺,lo_au
Mơ là vậy tình rồi là khác 😍😍😍😳😳😳😳😂😂😂😂😅😅😅,hy_vong
Tớ từng bị tẩy chay 5 năm vì tớ xấu xí từ đó tớ ko bao h nói chuyện với ai ở lớp.,buon
Thật là may mắn,vui
"Rất nhiều lần tớ không dám nhìn vào trong gương, bởi nếu nhìn tớ sẽ thấy gương mặt xấu xí của tớ",buon
Đg có ý định t.ự t.ử,buon
Cô ơi Con khó thở 😭,lo_au
Hên quá mình đi đc 2 lần lúc đấy vẫn còn hoang sơ.còn bây giờ thì,buon
Ut Det Ta Kieu coi mà chảy nc mắt á,buon
may nó không đâm cho lòi ruột,hy_vong
bố mẹ tao đọc được tin này + xem cặp lá yêu thương nữa thì bữa trưa nay tao không dám ăn cơm mất .,lo_au
ổng bị bắt rồi :( rồi lấy gì coi,that_vong
"Lê Thùy Dung Rồi chủ có ra đền tiền chích ngừa ko bạn, chứ chổ mình ở chó cắn 45 ngày chị đó mất luôn á. Sợ lắm luôn cho nên VN nên có luật bắt hết chó thả rong. Có trường hợp chết người mà có chủ nào dám nhận chó mình đâu",lo_au
ám ảnh đến bây giờ 24 tuổi vẫn sợ ngỗng,lo_au
"cấp tao tao toàn gặp mấy thằng trời đánh , per với per , hai đứa mày có đọc được thì nhớ là tao vẫn ghim hai đứa mày vì hay trêu tao , còn một thằng tên per nữa , dume bị nó bắt nạt cho khóc suốt 😡",gian_du
"Vừa bị nói xấu sau lưng xong, buồn xíu xiu lun ...",buon
Phong Nguyen con này để bay huấn luyện bay ra biển bảo vệ biển chưa đủ sức.,gian_du
per có ai còn nhớ thời đầu băng xem đi xem lại xuốt ngày không kakak,vui
Sốc quá c ah thương rứa k biết,buon
Cho xin đia chi nha em nay,hy_vong
định quay lại PQ mà đọc bài này thấy buồn gê :(((,that_vong
Sắp tới deadline rồi mà chưa làm được chữ nào làm tự nhiên tim đập thình thịch ...,lo_au
"Ác quá, mất tính ng. Mong pháp luật xử lý nghiêm minh",gian_du
mất niềm tin vào đàn ông chứ chưa từng mất niềm tin vào tình yêu ;,hy_vong
Trần Dinh Kini thì cũng tới đó vướng lại rồi đó,that_vong
Luân Nguyễn ai cho dựng rạp ra đấy mà làm đơn.,gian_du
mình k có nhan sắc nma mình tự tin vl=))),hy_vong
@Nesaragesaraknm Ôi thật tuyệt vời nếu như được sử dụng nó,hy_vong
Bảo Trâm cầu hôn xong cầu hồn luôn,that_vong
hối hận nhất trong đời t thua tx 300tr🥺,buon
"Hôm nay em thi mà kết quả ko tốt. Em cảm thấy rất tiêu cực. Và 1 câu hỏi đặt ra trong đầu em:&quot; Du lịch có hợp vs em ko và có nên tiếp tục ko?&quot;. Khi về thấy thông báo của chị phải lên xem ngay vì đúng tâm lí của mình. Cuối cùng, tâm trạng cũng tốt hơn, cảm thấy lạc quan hơn và bước tiếp. Thank you for your video. Love",hy_vong
Hàn Thị Thu Dịu hihi sao b hay z,vui
sao thằng nào cũng muốn làm bố hết nhỉ 🙄,gian_du
Diễm Hương có hơm 😁😁😁,vui
Xót thương Ngủ ngon nhé cô gái xinh đẹp,buon
"Chúc chú gặp nhiều may mắn nhé, cuộc sống thật vất vả. Cố gắng lên chu nhé!",hy_vong
anh vui thì anh ngồi thôi ... chú cự để mặc anh .,gian_du
Mình xin vdeo với ạ,hy_vong
"ngày trước thì đòi dấn thân vào showbiz , giờ lại đòi lấy chồng đại gia , đâu ra lắm thế",gian_du
"ngày em đến anh mất ngủ suốt mấy đêm vì vui sướng , ngày em nói dừng lại nước mắt anh rơi trên đường chạy về nhà",buon
"Video &#39;4 Bí Quyết Vượt Qua Sự RỤT RÈ, TỰ TI Quá Mức&#39; của Huỳnh Duy Khương thực sự là một nguồn động viên và hướng dẫn quý báu! Cảm ơn bạn đã chia sẻ những bí quyết và chiến lược giúp chúng ta vượt qua những cảm xúc tiêu cực như rụt rè và tự ti. Video này thực sự đầy cảm hứng và sâu sắc, và tôi tin rằng nó sẽ giúp nhiều người tìm ra con đường để vươn lên và tỏa sáng. Cảm ơn bạn và hy vọng sẽ có thêm nhiều video ý nghĩa như thế này!",hy_vong
kinh tởm,gian_du
dume thằng quay phim khốn nạn . biết mà đéo bảo người ta đánh xe ra,gian_du
Mẹ là bs nếu thấy k hiệu quả sao k mở nội khí quản nhỉ. Khi ý thức đã lơ mơ vì thiếu oxi cơ thể lúc đó ít cảm giác đau đỡ xót con hơn và tăng cơ hội sống sót cho con. Dù sao thì sự việc cũng đã đau lòng xin chia buồn cùng gđ. Con mình nếu có uống cũng sẽ cấm ăn trân châu cho an toang,that_vong
đéo tin gì cả 😑,gian_du
khổ quá trời,buon
Nguyễn Sin khầy giải quyết chuyện này xong chưa khầy,gian_du
"Lúc trước xem thấy mặt bà này nghi nghi k thật rồi, thấy mặt ác ác sao á tính nói mà sợ có ng bênh bả rồi mình bị chửi nên k nói, giờ lộ ra rồi này ,đúng là mình nghi k sai mà",gian_du
Nguyễn Sin người ta đòi kiện anh kìa,lo_au
Níu có camera thì t cũng đi trình để đc trả tự do,gian_du
coi mần cái mặt kìa trời 🤣,vui
Các bé giờ đáng sợ thế 😟,lo_au
"đến đoạn Glenn tự dưng t suy sụp vlin huhu, đúng cảm giác suy sụp luôn=((",that_vong
lại khiển trách kiểm điểm rút kinh nghiệm nữa ah,gian_du
Đình Du anh nằm dưới gầm giường nhà em à?,vui
Mong là tinh thần thi đấu của các bạn khi đi CKTG cũng như v.,hy_vong
Mình thật sự đang rất mệt mỏi. Rất nhiều suy nghỉ tiêu cực trong đầu mình. Quá bế tắc và mệt mỏi không thể chia sẻ cùng ai. Thật sự rất sợ mỗi ngày như vậy mình sẽ khùng mất.😔😔😔😔😔😔😔,lo_au
có nhan sắc nhưng vẫn ngại😬,lo_au
làm bát phở đã bác ơi,trung_tinh
"èo , ngọt quá đi",gian_du
đến ông cũng chẳng dám xơi,lo_au
tao muốn con mèo thôi =)),hy_vong
chỉ dám bộc lộ khi ở với những người mà tht sự coi là tin tưởng th,lo_au
"Luân Nguyễn phá hoại tài sản là đúng mà, người ta dựng rạp sai thì có chính quyền xử lí, tự ý tông mà bảo k phải phá hoại thì khác j tự đốt nhà mà k phải ở tù",gian_du
"Ngày còn bé đi học chả biết suy nghĩ ,cứ đi theo bọn bạn chế lời linh tinh !! Thật quá nông cạn 🥺",buon
Năm mô a Di Đà Phật,trung_tinh
dễ thương ghê . thằng quay phim cũng không phải dạng vừa ^^,vui
LêThị VânAnh về a gt ny cái,hy_vong
Đông Đông giờ mới lên fb thấy breaking t hoảng luôn bà ơi.,lo_au
Úp cho đừng trôi,trung_tinh
Con bất hiếu với bố mẹ thì sau này con cái nó cũng bất hiếu lại với nó thôi.,buon
Thay đổi tư tưởng mới khó cho nên khỏi mong nó thay đổi luôn. Cứ đừng ai xem nữa thì nó diễn cho ai xem,that_vong
Nh bạn còn đẹp chán😃 Mih răng hô mũi to mắt nổ mắt xịt nhiều mụn đây Nhiều lúc khbt mình tồn tại trên tgioi này lmj tại mih xấu quá😃,buon
"rồi , chợt mình tỉnh giấc :) mơ đủ rồi đó",vui
chuẩn nếu 11 năm về trước chín chắn hơn chọn đúng thì ngày hôm nay có khi ...lại yên ổn,buon
1 lần nữa khâm phục e. Đúng 1 năm tôi chia sẻ.,vui
Tam Bao HD :v thô nhưng thật,trung_tinh
"bọn phục vụ nhà bếp toàn là chó , chó mới ăn thịt thúi bẩn như vậy .",gian_du
Đời đúng là ăn no rửng mỡ . Giờ đâu cũng thấy ngoại tình . Sướng quá hóa nhàm,gian_du
Việt nam có luật pháp mà viết đơn đi nộp lên thành phố hoặc trung ương luôn,gian_du
Quản Lâm Vũ tìm mấy chỗ xa trung tâm chứ nội thành thì khó b ui,that_vong
"Linh Linh ví dụ như nhà trong ngõ toàn lấy địa chỉ của nhà mặt phố đầu ngõ để làm địa chỉ giao hàng ấy, thế thì nhà đầu ngõ tội tình j đâu b chưa kể những kẻ xấu tính đấy còn đi thuê nhà sao..m nghĩ chỉ khoá đc tài khoản là cùng 😔",that_vong
Mình đang tuổi 30 con 6 tháng vợ chồng đang sống chung với ông bà.ở tuổi này chỉ mong có việc mà làm thôi việc càng nhiều càng tốt.,hy_vong
chưa trả hiếu được cho cha :((,buon
"có hôm nó lo đọc cho mình nên không chép kịp bài , cô giáo bắt phạt đánh đòn cả hai đứa . năm sau bạn í chuyển trường mất , nhớ bạn quá !",that_vong
Xinh mà sống sa đoạ quá 🥲,that_vong
93 thật sự gian nan,that_vong
Mình tệ quá!,that_vong
Mỗi ngày mình đều móc cứt mũi dính vào 1 chỗ trong gầm bàn đến cuối năm được cục to chà bá 😂,vui
"thôi xong nhá , mấy đứa mà xác định làm răng cả đời thì ... tập xác định",that_vong
hối hận khi không giữ đx em,buon
Nho Tím đủ rồi em,trung_tinh
Ko hoàn hảo cái này thì cái khác.học tập chăm chỉ vào.mn thấy có tổng thống hoặc mấy người chức cao có ai đẹp ngời ngời ko,hy_vong
Bác tài 100 điểm,vui
người yêu tao bỏ tao rồi :(,that_vong
per đáng sợ vãi,lo_au
Trang Moon yak này 50 củ trum thôi bạn ơi,trung_tinh
tuổi thơ cũng từng trải qua nhiều lời cay nghiệt hơn vậy .. nên c hiểu được cảm giác của em ..,buon
Cái này khi nào đó Admin . Nay mới là ngày 28/12 ? Mà đã được 8 ngày sau mổ rồi à Admin,that_vong
gớm quá . nhớ lại lúc còn đạp xe đi học cán qua mấy lũ nay kêu bốp bốp rợn hêt cả da gà da vịt 🤢🤢🤢🤢,lo_au
Thương quá nhìn con mà rớt nước mắt. Cũng may là còn gặp được người tốt. Cảm ơn các anh chị em đã đã co tâm.,buon
"Đúng luôn,gái ơi.tau nợ 10 cái bánh mỳ bate chưa trả,trả hộ cái.🤣🤣🤣",hy_vong
Chúc mừng bạn đã về nhà an toàn,vui
đừng trao duyên cho tao khi chưa biết rõ tao :(,gian_du
Nam mô a di đà Phật chúc cho a chị đc mạnh thường quân giúp đở có cuộc sống tốt hơn ạ,hy_vong
đi ngoài đường trái phải còn không biết mà vẫn sống thì giỏi đấy nhỉ,gian_du
"Tớ ship đồ ăn mà thiếu món, điên máu 🙄",gian_du
"Mình sợ rớt môn quá, hoang mang hic",lo_au
fa đéo thích video này,gian_du
Bon Bình cho nhím ăn trân châh cẩn thận nầy,lo_au
"@Lana39572482 Hi, lễ hội mà b",trung_tinh
"Học sinh như vậy phải cho đi trại giáo dưỡng, đó là mối nguy của xã hội rồi",lo_au
Nguyễn Thị Hoa Đúng thật 😅😅,vui
yêu làm mẹ gì rồi phải chia tay người ơi,that_vong
Trần Thao hở ra chỗ nào ?,gian_du
ốm mà xinh thế :3,vui
Dù sao thì mong cuộc đời đối xử nhẹ nhàng với em..,hy_vong
"Yêu bản thân mình đi e, kệ họ",hy_vong
Phương Linh đúng là bạo lực gđ chỉ có 0 và vô số 🥹,gian_du
Không chỉ riêng Phú Quốc mà rất nhiều nơi ở Việt Nam cũng đã và đang như vậy.,trung_tinh
@😅😅,vui
T cũng có bạn thân khác giới nhưng khi 1 trong 2 đã có gia đình riêng rồi nên hạn chế đi riêng lại . Chả có cái tình bạn khác giới nào mà thân mãi mãi đc khi cả 2 đã có gđ rồi đâu,that_vong
Thật ra mấy ông thợ nhìn ốc là biết ốc của vị trí nào ngay,trung_tinh
đời t chỉ hối hận là không biết t có thể lo cho bố mẹ sống trong cuộc sống hạnh phúc hay không mà thôi chứ những thứ j áp lực đến t t cx k quan trọng t chỉ cần người nhà t vui vẻ sống đến già mà thôi!,hy_vong
Việt Nam là nước chống dịch tốt nhất thế giới,vui
thật ra chẳng ai quan tâm bạn nếu ko đẹp đâu nên cứ sống bth và tự tin nhen👍,hy_vong
Thương quá!Đau lòng quá.Chia buồn cùng gia đình.,buon
Quá buồn cho PQ,buon
Tam Bao HD mong là tha cho phú quý. Tôi còn chưa dc đi huhu,that_vong
"Ngày trước tớ cũng không đẹp, vừa lùn vừa béo, mặt lại nhiều mụn tớ cx ko thấy tự ti 1 chút nào, nhưng giờ tớ chẳng dám ra ngoài, chẳng dám bắt chuyện với 1 ai hết, tớ ghét khuôn mặt của tớ:(",that_vong
vật chất quyết định ý thức,trung_tinh
ngã rẻ nào cũng đã từng có người thành công thì bạn cũng có thể chỉ là bạn chưa đủ cố gắng,hy_vong
"""Vì tôi nói,ai cũng nói.Chẳng ai nghe,chỉ khi gặp đúng người,việc nói chuyện biến thành một nghệ thuật""",trung_tinh
cụ í đỗ sai thì mợ cứ báo chính quyền thôi,trung_tinh
"Tuyệt vời hơn khi tất cả suy nghĩ và nỗi lo đó ,là do chính ngta mà ra ..❤️‍🩹",hy_vong
hết hồn chim én,lo_au
ui củ cải Papas Chicken :(((,that_vong
"Đất nước cần thêm nhiều những người trẻ như bạn. Đời người thực ra là một hành trình đấu tranh và vượt qua, nhìn rõ chính bản thân mình. Khi &quot;giác ngộ&quot; chúng ta ít nhất sẽ là người sống hành phúc, và phần lớn những người đã giác ngộ sẽ đem lại gia trị cho xã hội.",hy_vong
crush có người yêu 😞,buon
phim hay vãi ra . đến giờ vẫn thấy mình giống bạn ma nữ quá trời 😂😂😂,vui
"Thơ hay quá, đọc xong muốn đánh nhau hơn",gian_du
"Quỳnh Chi thì ra là ăn chán phở rồi mới về ăn cơm, chứ nó mà ngon chắc còn gọi về ăn nhiều🌚",hy_vong
sợ pé hc r áp lực + thức khuya nt vs toi toi chọn cách ct để bớt 1 gánh nặng và h pk chứng kiến 1 ng đag dần cưa cổ mà mink ko thể lm ngoài nhìn r thoát ra r lại vào nhìn😉😉,lo_au
huhu xem mà muốn khóc vãi,buon
"Hối hận vì k nghe lời bố mẹ đánh đổi cả 15 năm thanh xuân để lấy một thằng tồi,,🥺",buon
nhớ đến lại buồn . chuyện tình chúng ta chẳng đi được đến đâu cả,that_vong
Khỏi lấy chồng 🙂,that_vong
"còn là học sinh nhưng tố chất lừa đảo đĩ điếm đã thể hiện ra rồi , nếu nó muốn nổi tiếng , thì đưa mặt nó lên đi thớt",gian_du
Thanh Thanh nó là máy móc công suất lớn bạn chỉ cần sơ sẩy một xíu là đi như chơi. không có ai bấm dừng máy đó kịp lúc đâu. bạn thấy mấy chỗ làm mấy máy cưa gỗ này nọ hok 😞 kể cả máy cắt thịt sợ thấy mồ,lo_au
"Hồi đó đi mua milo dầm quán bên cạnh mà bị mấy bạn nhân viên quán trà sữa guộc lú đầu qua nhìn xem phải khách guột của mấy bạn không, cảm giác như phản bội con vợ mình í",gian_du
tự hào vì mình là người Việt Nam ♥️,vui
tính ra tao lúc nào cũng hài hước vui vẻ luôn đó trời :)))),vui
"mong ai đó sẽ không nghe được bài hát này . xin lỗi , ngàn lần xin lỗi 😢",buon
"tuổi thơ của tôi toàn gặp những thằng nhỏn mỏ lên chửi nhau , xách giày dí nhau chạy .",buon
per bài của anh luôn nè,trung_tinh
@nangoc84 Sở hữu #Pi là lối thoát cho người nghèo cũng giống như #BTC cách đây 15 năm,hy_vong
Thuỳ Linh để mình hỏi ý kiến vợ đã,trung_tinh
Đàn ông luôn là những niềm đau,buon
ng dân biết phải làm sao bệnh chồng bệnh,that_vong
"@nangoc84 👉Ai trong con người cũng có lòng tham, chỉ có người biết kiềm chế lòng tham như thế nào thôi. (Giống như vào 1 lệnh future). 👉 Hãy kiềm chế con quỷ trong bạn. 🧠 1 dạng content mới - Giọng nói, postcard",trung_tinh
Nổi da gà VIỆT NAMMMMM,vui
Kiện liền luôn cho chừa! Mất dạy ghê luôn 🙂,gian_du
Tôi lại tìm đến wed 5 ngày,trung_tinh
Học trò hay quỷ dữ?,lo_au
Luỵ lại ex trong khi mình nói lời chia tay trc. Kết quả cug phải 1 thời gian sau mới dứt hẳn đc,buon
Xuân này con ko về,that_vong
Trần Huỳnh Như Hảo kinh tỡm,gian_du
"Do Chau Giang chị thì giàu quá rồi, phải chị bị con bà nào đổ nước vào máy hư p đi sửa 8-9tr coi chị có giãy lên k. Nghe nói mà tức á, tự dưng bạn kia là nạn nhân xong qua lời chị thì có vẻ như bạn ấy sai?",gian_du
Ơn trời. May mắn quá ạ. E đọc mà khóc luôn,vui
đéo liên quan nhưng đéo mày bữa nay tao đéo đi ỉa vì con củ lol này,gian_du
Nhớ,buon
"em ơi , hết rồi 😔 hết rồi , chẳng còn chi nữa đâu em ...",that_vong
coi phim này mà ứa nước mắt 😢,buon
Khóc vì là người nhạy cảm. Mình là gái và định nghĩa thằng đàn bà với mình là mấy thằng con trai hay chắp vặt với phái yếu,gian_du
Lê Viết Giang cười xg cái bùn,buon
Cảm thấy cô đơn lạc lõng làm dạo này thất vọng toàn tập 😔,that_vong
đm tao biết trước cả sự việc kiểu lìn gì cũng có nhện nhảy lên màn hình . vì mấy năm trước cũng có 1 thể loại giống như vậy . đm hú nhồn,lo_au
tại sao phải đứng ngồi nhìn ? lên bankon cột võng nằm coi mới đã ..,vui
nhìn là biết đỏ chót rồi,trung_tinh
sợ nhất con quỷ này trên đời,lo_au
Sợ nhất bây giờ là lòng người kh giúp còn nói xỉa mai 😬 sợ thật,lo_au
Thy'y Chinh có video kh,hy_vong
"đấy , chỉ có sale như tao mới tốt thôi , tao không bao giờ hỏi về nỗi đau của khách hàng : x",vui
"@july107193 Bài viết hay lắm, đừng nên cố chấp cứ đến thuận theo tự nhiên thôi em ak",hy_vong
Nguyễn Cẩm Ly và anh chị em hay phụ huynh giờ muốn chỉ dạy con em nhà cần đi học thêm lun mới chỉ đuợc 😂,vui
Ngọc Huyền ng ta giục oy kìa lấy thôi,gian_du
tao chắc chắn là cái sừng đã mọc,gian_du
Linh Linh t không sợ mấy con này nhưng mà nếu là rắn thì nghĩ cũng nguy hiểm ghê,lo_au
"nguy hiểm lắm , ngồi nhà lướt facebook thôi mà không cẩn thận thì mất tim lúc nào không biết",lo_au
per nguy hiểm vãi,lo_au
tao nấu củi chưa nấu bằng rơm bao giờ 😪,trung_tinh
nghe mà xót xa,buon
"còn tôi thì lại khác , thanh xuân của tôi chả có bây giờ gặp được aiii và hạnh phúc bền lâu cả :(",that_vong
💔🥺😔 tỗn thưn,that_vong
cưng ghê,vui
"5 năm thì có vẻ hơi sớm 🤣, tao chỉ ước sau này có người thích được phiêu du như gia đình người ta thôi 😌",hy_vong
@sex thaatj tuyeetj khi cos e🏐 ae mình còn chối đc chứ tk đạt ko chối đc,vui
Me too..🥺,buon
chỉ có bọn óc chó . đú đởn mới phàn nàn .,gian_du
Gì vậy trời 🥹,buon
"Tôi cảm giác bị tụt hậu so với bạn bè, sợ hãi hic",lo_au
"Rất nhiều mẹ ngoài đời cần xem và phải “sống lại đi” như chồng Thuận nói, gây áp lực cho chồng, con, chị dâu, cháu ruột,… để chỉ cho hàng phố thấy nhà mình thành đạt 🥲",that_vong
@linkdan0511 Thấy chưa mình còn quên rất nhiều lối thoát hay 👍,hy_vong
"Tôi nghĩ thế có khi mới là may mắn. Mấy tỉ không phải do mình kiếm ra ấy, nó khiến mình cảm thấy mình chưa đủ năng lực để giữ nó. Mà được thì vẫn lấy, mình chưa dùng đc thì để ng nhà mình dùng :))",hy_vong
ụa cho fa đọc chi rựa huhu,buon
azz :3 mặt cưng xĩu,vui
"mình kiểu như là khi gặp người nào đó hỏi thì bị cứng họng lại,lấp bấp không nói thẳng được với lại nói nhỏ lắm",lo_au
Trần Tiên .. nó tế sống á c 😂😂,vui
"này hai đứa , đã đi niềng răng chưa , chưa thì đi niềng đi rồi quay lại nhé nhởn ra cười như hai đứa thần kinh nhé",gian_du
tự nhiên nhớ bà cố vì 1 hôm đi chs mà bị bùng mấy ngày sau nghe tin bà cố mất thấy có lỗi:(((,buon
"mất đi một di sản , chứng tích của lịch sử 😓",that_vong
cứ sợ rớt điện thoại sợ nhất là lỡ khúc nào khó là té không thể tả nổi,lo_au
đang tính khởi nghiệp k biết sao,lo_au
vỡ tan là như thế ấy,that_vong
"rơi nước mắt quá, crush có người yêu",buon
Mình mới thấy nó cầu hôn mà.minh thấy mừng dùm chị gái này.dung là cuộc đời đều có một cái số.chia buồn cùng gia đình.,buon
"dẹp mấy cái tự ti đi , khi còn khỏe hãy vui sướng đi đến lúc mất đi thì lại ước đc như bình thường",hy_vong
cứ chỗ đông người là có cảm giác ngta đang nhìn mình phán xét 🌷,lo_au
mối nguy hại đó,lo_au
bất ngờ chưa =))),vui
tao thấy cảm động vãi .,vui
hồi năm lớp 8 lớp tao bị quỳ trước sân trường đây nguyên lớp luôn,trung_tinh
tự ti đến nỗi k dám lm điều mình thích mà chỉ dám lm theo sự chỉ dẫn của ngk😔🤓,lo_au
Trần TrâmVõ Huyền Nghi nói 2 đứa bây,trung_tinh
Có cấy lộ khu 😄,vui
Tinh yeu la gi😥,buon
chòi má nói chuyện tình vãi =)))),vui
"em đi xe đạp , có gửi bao giờ đâu mà biết bác ơiii",trung_tinh
"Bây giờ quay lại t sẽ cố gắng đi học,học không phải là cách kím tiền duy nhất nhưng nó cho mình kiến thức.",hy_vong
per đã thích phá game còn thích hổ báo,gian_du
"hối hận lớn nhất là từ nhỏ theo bố về Việt Nam để rồi biến cố tôi đã mất bố , mất mẹ giờ thành mô côi một mình tự lập sống lủi thủi một mình không người thân không bạn bè",buon
Nghĩ thôi đã thấy nghẹn cổ khó thở rồi. Sợ quá 🥲 may mà 2 vc k ham món này nên it khi uống,lo_au
thề nhìn họ hôn nhau thôi mà nổi hết gai ốc . chưa dám nghĩ tới xxx . chắc thốn lắm . lạnh sống lưng thật .,lo_au
cá nhân mình nghĩ nó dừng hay đỗ đúng sai thì đã có ca pạt còn nó đỗ trước cửa nhà mình mà oto hay xe không ra vào được thì lúc đó mới ý kiến . công nhận bọn oto đỗ trước nhà nhìn chỉ muốn đốt,gian_du
hàng xóm và họ hàng là 2 đối tượng hãm chưa từng có,gian_du
đồng cảnh ngộ :(,that_vong
tao sợ ăn xong nóng đêm gãi toét chân,lo_au
"Cảm ơn bạn rất nhiều,chúc bạn mọi điều tốt đẹp,ra thêm nhiều video giúp đỡ mọi người sống tốt!",hy_vong
@linhh @a khung khung dien dien🤩,vui
Ngày xưa cũng giống anh á. Xin tiên là nội cho liền😞 bh muốn xin cũng k dc rồi,buon
Bản thân mình ko tôn trọng mình thì ko ai tôn trọng 🫡,buon
"@Hien2021 Không có nỗi sợ, chúng ta khó có thể trưởng thành phải không bạn?",lo_au
Thảo Chi không có đâu :))),vui
toi qua...muon giup nhung gio lam sao,hy_vong
Nội mình mất rồi nhớ lắm🥺,buon
từ ngày ra trường là chưa về,that_vong
cái máy nghe nhạc nè,trung_tinh
chơi game gặp trúng đồng đội toxic 😤,gian_du
Ôi bố con dẩm này nữa 😰thật đáng sợ,lo_au
Ngọc Huyền lấy chồng sớm,trung_tinh
chả mong gì nhiều chỉ mong về già được như hai ông bà ! 😊😊😊,hy_vong
vài năm nữa chắc cái thành tích sản xuất gạo hàng đầu thế giới chắc sẽ biến mất do đô thị ngày càng nhiều thì ruộng đất đâu mà trồng lúa gạo,buon
lấy ống hút mỗi đứa cắm xuống mà hút thôi :)),vui
Chia tay với ny nghĩ mình không xứng đáng với cô ấy trong khi 2 đứa đang yêu đậm sâu,buon
gd năm nay chán,that_vong
Tiên Nguyễn đọc đi r mốt đi làm đẹp nha má 😰😰😰,lo_au
à ừ đúng rồi tin người quá đến lúc nó đâm cho cũng không biết,lo_au
này làm mình liên tưởng tới hoá,trung_tinh
hihi mắc cười quá,vui
tuổi trẻ bồng bột!,buon
tớ ngại giao tiếp tớ nghĩ nhiều nx nên gần như ko có khả năng giao tiếp với mn 😭,lo_au
"chúc mày mau khỏi nhá , team thích ăn thịt gà như tao ??",hy_vong
Đào Xuân Lực Anh vừa bảo đánh là đúng xong cơ mà:(((,that_vong
tiếc quá ! nguyên nhân,that_vong
17 triệu cho một việc có thể gây tai nạn hàng loạt là quá rẻ,gian_du
buồn thế nhỉ . t mới mua con per chưa nổi 1 năm . thế này thì biết sống sao 😨😨,that_vong
mih ko biết phải làm sao để nói với gia đình,lo_au
bớt rung động đời bớt suy nghĩ,trung_tinh
"thương các con quá , lũ khốn nạn vì lợi trước mắt ma tội cho bọn trẻ , bọn này cho chết het",gian_du
"Tôi mới nghỉ việc xong chưa biết làm gì tiếp, nhỡ rớt chắc xỉu ngang 😱",lo_au
"Hôm nay thấy tài khoản cạn tiền mà hoang mang, thót tim ...",lo_au
per mấy trụ kia em không tag được,trung_tinh
"giá trị lịch sử văn hoá gần nghìn năm đã mất đi rồi :((""",that_vong
tao cũng hao mòn nhan sắc như này,that_vong
ác độc thế,gian_du
đang cười vl xong nhận ra răng mình xấu tự nhiên câm luôn. Rồi về nhà nhớ đến mình làm mấy cái mà chỉ người đẹp trai mới đc làm thì nhục vcl,buon
ai bảo con trai yêu không nặng tình ? :'(,that_vong
"Ra nhiều video kiểu này đi chị, e rất thích 😍😍😍😍",hy_vong
"Bác lại ko hiểu rui, vì đưa vào sach khoa nên bài thơ với những câu ko có nghĩa mới bị lên án đấy. Như kiểu bài này của bác đọc giải trí thui, chứ vào sách giáo khoa để day thì nó chua tới tầm ý",gian_du
chờ mãi không thấy rep tin nhắn làm mình lo lắng tột độ 🥲,lo_au
2018🤔 tui có m ng bạn nhưng trong một sự việt kh đáng có mà bọn tui nghỉ chơi bạn tui sau đó đi du học nhưng vẫn liên lạc nhưng tin nhắn càng ngày càng ít đến một ngày kh còn nhắn tin vs nhau 😩,buon
"Thôi ráng cực xíu cho mẹ mau khỏe. Ráng học mốt thành tài, chứ chạy ba gác như chú vất vả lắm á! ❤️❤️❤️ nhớ ba mẹ quá",hy_vong
@TvNhinhi Phải tìm niềm vui mới mỗi ngày thôi,hy_vong
ủa xây cầu ngắt khúc để troll nhau à,gian_du
"Thế là cứ xin lỗi là xong à, rồi bố mẹ lại đi chạy chọt lo lót thế là xong à Thôi cứ xin nhẹ nếu dưới 18 thì cho đi 3 đên 5 để trưởng thành hơn vậy",gian_du
có thể bán lại cho tớ không ??????,hy_vong
"đúng là những đứa khốn nạn , có bán hàng hay không thì nói một câu",gian_du
đau lòng lắm khi tối nay chồng tương lai của tao lại cống hiến sức lực để chăm sóc vợ thằng khác ..,that_vong
"ngta tạo nên video để giáo dục mấy ba ơi , mấy ba mấy má làm quá",gian_du
Vân Nguyễn bạn nói rất đúng.nếu đã ko còn tình yêu và HP thì tài sản chẳng là gì cả,buon
mặt ô kia khát nước nhìn buồn cườ thế 😂😂,vui
Huy Beo mày giao hàng cứ lấc cấc đi 🙂‍↔️,gian_du
Thiệt tình đứa bạn mượn tiền không trả. bực mình ghê 😡,gian_du
dễ thương kinh khủng . bởi vậy mới nói mấy đứa yêu nhau là lầy nhất,vui
em muốn giúp ít tiền thì giúp làm sao,hy_vong
"Điên máu quá, ship đồ ăn mà thiếu món 🤬",gian_du
hiếu nghĩa . nhìn cái này nhớ mắc cười má đào chúc quá 😀😀😀,vui
@🌷 @🖇 nhma hết tự ti khi đi cùng cm,hy_vong
Máy bà còn sống xin vía bà sống lâu đến lúc tui đỗ Đại Học,hy_vong
T chỉ ngại mỗi việc mặt mụn chứ còn mắt mũi gì t k ngại đâu có là tốt lắm r nhưng ngại nhất mặt mụn 😭,buon
môi trường làm việc là yếu tố quyết định,trung_tinh
sợ rớt môn quá 😭,lo_au
đù . ?????? sợ tụt lol,lo_au
"@LinglingVNWL Yên tâm hơn rồi, nhưng vẫn cần chú ý! @PublicAIData giúp bạn tăng cường an ninh bằng cách đào tạo dữ liệu AI chất lượng cao. #PublicAI",hy_vong
trẻ trâu việt nam thật đáng sợ,lo_au
có hôm tao đang vương nỏ tính bắn vào con họa mi đang đậu trên cành thì ai ngờ nó phản đame đứt thun dội ngược vào mặt từ đó tao không còn chơi nữa,lo_au
bị thuỷ đậu xong nó để lại sẹo trên mặt nên giờ tự ti đi đâu cũng ngại,buon
còn tôi tự nhủ dù lớp học tự ý bỏ về hết tôi cũng phải ở lại học đến tiết cuối cùng . hết giờ tôi cứ ngồi đó rồi từ từ bước chậm ra cửa ngoái đầu nhìn lại .,buon
Phương Thảo ơ ngta có nói địa chỉ đâu =))) ông con trai ở hp thì đúng rồi còn gì,vui
đéo nổi . ngày lol nào đi làm về đã mệt rồi . gặp bà nội ở nhà giận với chả hờn còn hơn khách hàng nữa . đụ mẹ mệt mỏi vcllll,gian_du
Đặng Tú bình tĩnh bạn ơi 🤣,vui
Thiệt tình thấy crush đi chơi với người khác. bối rối 😰,lo_au
mai đến phòng đi tập luôn,trung_tinh
chờ mòn mỏi mà không có kết quả tốt 😢,buon
ít nói chuyện với mn vì sợ mình nói nhạt làm phiền họ,lo_au
có biết bao người có mảnh đời như vậy !,buon
@ladycarecoin Đọc sách không thôi sẽ không phải là lối thoát. Áp dụng hành động sửa chữa những kiến thức từ sách mới thực sự là lối thoát,hy_vong
sĩ diện không nội mũ và cái kết dắt xe hết mẹ đoạn đường,buon
Nguyen Phuong Anh bạn đã quá hiểu tôi =)))),vui
Bạn này cũng k xinh xuất sắc như mn khen. Về diễn xuất thì mình cũng k ý kiến vì k có chuyên môn. Qđ cá nhân thì thấy bạn này cũng xinh bình thường thôi.,trung_tinh
"tôi tự hào là người Việt Nam, tôi yêu Việt Nam 🇻🇳🇻🇳🇻🇳",vui
"cả 2 bà đều mất khi mình nhỏ , không hưởng thụ cảm giác này rồi",buon
"Dung Nguyen Tuổi thơ của thế 8x về trước nó đẹp và hồn nhiên ngây thơ thật, học bài nào nhớ răm rắp bài đó",vui
"Đủ tuổi đi tù rồi, phải chịu trách nhiệm hình sự thôi chứ. Giờ hối cũng chẳng kịp",that_vong
mất bà cái tuổi thơ -.-,buon
Mở ra kiểm tra sơ ntn là bản năng của thợ rồi còn tháo lớp bảo vệ ra xem kỉ mới đúng trách nhiệm 😢,that_vong
"hiện tại mình cũng muốn kết hôn lắm . ngặt nỗi hai gia đình ngăn cản giữ dội , phản đối kịch liệt chuyện hai bọn mình đến với nhau :( nhất là chồng cô ý",that_vong
nếu người ta sai thì gọi công an xử lý còn không thì bạn không có quyền nhé,gian_du
"Cỏ Ba Lá câm luôn thì lại ko khác j nói bậy bạ, trạng thái cân bằng mới là thứ phải hướng đến :))",vui
"- Ăn trễ vậy con “ câu mẹ em hay nói khi còn sống,… giờ ko còn nua😞",buon
bị overthinking trước khi ngủ 🥲,lo_au
"Hệ thống điện tử nó hack hết rồi, bay ra biển là …ùm",that_vong
tao cũng phải về mở cho mẹ tao coi 😂😂,hy_vong
"Sống khoẻ , sống vui , làm những thứ mình thích , nghe cha nghe mẹ , để ý gì người khác phán xét 👌",hy_vong
Không tập trung vào môn toán hình năm lớp 7,trung_tinh
đang đi đường thì bị tạt nước 💢,gian_du
Thấy tội quá bạn,buon
Giờ bị cấm vận chặn mua các kiểu nên nội thất toàn china loại 2 loại 3 ghép vào thì chả rơi.,that_vong
khi bạn muốn lầy và cũng có người lầy cùng bạn =)),vui
Bún Cá bạn có link nick nó ko tôi vào chửi con ngu này phát chứ lướt phần chia sẻ này ko thấy,gian_du
t chưa bh hối hận về những j t chọn làm t làm,trung_tinh
Sáu Đinh Thi Thoi Trung Nguyễn Thương nhớ hì.bán gạo nữa🤣🤣🤣🤣,vui
chỉ mong ở cái độ tuổi ấy chúng ta còn được như vậy,hy_vong
Con nhớ nội quá con k nói nhưng mỗi lần con nhớ lại trái tim con nhói đau lắm cái cảm giác mất đi nội 3 năm qua con k thể nào quên đc,buon
chờ có người giận mà không được,that_vong
Hối hận cả đời 😭😭😭😭,buon
Trần Dần em có dc mất sức đâu mà biết sướng hay ko,that_vong
có chuyện j đou mà nói=))))),vui
Việt Nam tuy diện tích bé nhưng vị trí địa lý toàn đắc địa.,vui
"thời thanh xuân tôi từng yêu quý nét hiền thục của chị hiền mai . và đúng như cái tên hiền mai của chị , tên và tâm tính đều đẹp , hiếu thảo khó ai bằng . em xin chúc bác có thêm nhiều sức khoẻ để chị có được nhg tháng ngày hạnh phúc , ấm áp bên mẹ ạ .",vui
"Tôi không ai hiểu mình, muốn khóc 💔",buon
Đm gặp tao thì… con này xanh cỏ ròi,gian_du
:))))),vui
hi vọng câu chuyện admin vừa bịa ra giúp các bạn có thêm niềm tin trong cuộc sống 😂.,hy_vong
coi thôi cũng đủ nghiện rồi 💋,hy_vong
do chính sách quản lý yếu kém mới ra vậy đó,gian_du
bà mẹ nó giật mình,lo_au
Đẹp trai. Học giỏi. Cao ráo. Bố tỷ phú tổng thống. Nắm kinh tế huyết mạch của cả thế giới. Mẹ là hoa hậu. Anh chị em trong nhà cũng đẳng cấp. Truyện tiểu thuyết ngôn tình còn k dám viết cỡ này nữa :)),vui
cảm ơn chị nhiều lắm chị giang ạ. thật sự tâm trạng em đang khá tồi tệ. nhưng chỉ cần xem video của chị là em lại có thêm nguồn năng lượng dồi dào và tích cực. cảm ơn chị. ra thêm nhiều video nữa chị nhá.,hy_vong
căn bản là họ không đáng cho mình trân trọng thôi . per,gian_du
em này có cạo lông không ta sao nhìn lông ngăn quá,trung_tinh
tự hào quá 😍,vui
"khoảnh khắc anh quay mặt đi , con tim em tan nát vãi ra",buon
"Vãi cả l, ông hoàng tư bản à, đ có tí gì gọi là tình người luôn, sợ vcđ",gian_du
Đúng thời điểm quá. <br>Đang tiêu cực xoá sạch các mạng XH xong thi xem dc clip của Giang,hy_vong
tao dễ thương nhưng vẫn ế đây này mơ mộng ít thôi,that_vong
thương lắm chị ơi 🙁,buon
Tội quá a di đà phật,buon
"hôm nay ai có vàng bán hết đi , tuần sau mua lại , lời vãi .",hy_vong
bố mày đã sợ nhện rồi xem cái video này ... vãi đái :(((,lo_au
"ngại,giao tiếp kém ngta đang nói ầm ầm vừa mở mồm ra cả đám im re nên ko dám nói0_0",lo_au
"Tiếng mèo kêu giữa đêm khuya. Tui thề là nghe xong tui muốn ná thở, nhất là đoạn 2 con mèo hàng xóm cắn nhau nghe dữ tợn thật sự. Cũng có những con mèo tiếng kêu rất thanh và nghe nó kiểu ai oán ý 🥲",lo_au
đề nghị admin xóa bài đi ạ . chứ bố mẹ em sắp đi chợ về rồi ạ :(((,that_vong
không có nhan sắc thì ngồi trong lớp thôi cũng ngại không dám ngẩng mặt lên..,lo_au
"Nguyễn Kim Chi mình 4x mà thấy sức khoẻ cũng đi xuống rồi, công nhận khoẻ thiệt",that_vong
biết đâu mưa xuống ổng ấy lại hết ngáo ??????,hy_vong
trầm cảm trong tình yêu quá bây ơi,that_vong
"per thì mấy ông nhậu bắt sạch , còn đâu mà phá hoại",trung_tinh
Phong Nguyen giáo sư có cách nào chống hack k,hy_vong
"nhưng trog trường hợp đag nch bth cái tự nhiên k muốn nói nx, xog tự nhiên muốn cô lập bản thân, tách ra khỏi mn tạm thời thì có giống bệnh tâm thần k?",lo_au
"Ai cần giúp thì lên tận nơi dc là tốt nhất , k nên quyên góp qua bên thứ 3",lo_au
Bính Buôn Bom thiếu đthoai vinsmart =)),vui
Kiếp gặp lại mẹ là tội nhất,buon
Giá mắc mà nước dở òm. Nhân viên pha chế thì giỡn ầm ầm trong khi khách ngồi đợi,that_vong
Content thôi :)),trung_tinh
"Tôi cũng đã từng là thợ máy nên tôi hiểu đc cảm giác của a ấy ngoài vui mừng ra thì còn có một cái suy nghĩ khác ( e đợi đó, 77 49 kiểu đang đợi e , cho cái tội tôi bị hú hồn hôm nay) 😂😂",vui
@nangoc84 E đã thoát dc cái việc mỗi lần muốn đi du lịch cùng gđ là phải làm cái đơn đi xin Sếp duyệt. Vì gđ nên phải luôn phấn đấu 😍,hy_vong
Chỉnh sửa ảnh Free fire,trung_tinh
mắt tớ bị lạc nên đi đâu cũng bị chọc nên rất tự ti😔,lo_au
được crush rủ đi chơi làm mình không thể tin được =)),vui
Thương quá …chủ làm ăn quá thất đức,that_vong
Cám ơn Thành. Mình follow kênh Thành đã lâu và đã học hỏi được nhiều kiến thức. Mình bày tỏ lòng biết ơn và chúc thành nhiều sức khoẻ và gặt hái được nhiều thành công.,hy_vong
"tôi bị y chang, nhưng bữa đó tôi bị đau họng thế là ít nói càng ít nói hơn...",buon
Như nội dung của bài vợ người ta. 1 thời gian khi cô ấy lấy người khác tôi đã rất chán nản và bỏ bê mọi thứ suốt 1 thời gian,buon
dù t bt t ko đc đẹp nhưng đó đâu ph vđ t mặc kệ t cứ tự hào về những gì t có,hy_vong
con bé bị tát trong hình là em gái mình thì không biết mình sẽ làm gì bọn này nữa 🙂,lo_au
mai di lam tipp dui,that_vong
"tuổi thơ của tao sợ nhất là con này , không làm gì mà nó cũng rược , suốt ngày thì kêu um sùm",lo_au
nghe câu chuyện mà thương tình cảm anh dành cho em mình thật lớn chúc con moi diều tốt dẹp nhất,vui
đây là bếp cồn có từ trước khi giải phóng nha mấy chế,trung_tinh
"hãy lạc quan lên, có thể xinh đẹp cũng là 1 cái tội , nhan sắc ko quan trọng đâu",hy_vong
bà về nơi phương xa mất rồi . nhưng với tớ bà là người dễ thương nhất trên đời . chỉ muốn ngả vào lòng ngoại nghe kể về những câu chuyện cổ,buon
T hối hận nhất là đã bỏ 10 năm để chịu khổ với họ và rồi họ cắm cho cái sừng to đùng và rồi T phải ra đi hai bàn tay trắng có 2 đứa con mà ko thể đưa đc đứa nào đi cùng đc 😔😔😔,that_vong
may không có ai trong nhà,lo_au
đây còn hơn cả vua . giàu mà nghĩ lớn làm lớn .,vui
Việt Nam mình xưng đế với những nước nhỏ và nước Tống nhưng mình cũng biết là Trung Hoa nhỉnh hơn so về mọi mặt trừ mặt tinh thần ra nên các triều đại khác của Trung Hoa trừ tống ra thì mình chỉ nhúng nhường xưng là đại vương thôi,trung_tinh
hên quá tuôi mặt dàyy😱,lo_au
sau quả sấm sáng cả trời thì gần như toàn khu phố mất điện,trung_tinh
cô ấy bảo : đời như lol 🙂,vui
Huyền Ân binh thường mà nhỉ? Mà hình như cái thần thái bạn này là vậy chứ không có vibe dễ thương đâu,gian_du
cho đi luôn bớt lo,trung_tinh
Nguyen Thuy Duong ngại k biết chui đâu luôn 😭,lo_au
sư phụ giả vờ ngã để thử lòng các đồ đệ và cái kết ngã sấp mặt luôn,vui
tao ám ảnh việc lau sàn,lo_au
aw giống tao vậy =))) mấy thứ linh tinh tao còn để nguyên vào 1 cái hộp bự cơ,vui
"Em cảm ơn những chia sẻ rất hay và thực tế của anh ạ. Em thấy bản thân luôn nằm trong vùng an toàn và chưa chịu bứt phá ra, đây là một trong những điều mà em đang cố gắng cải thiện, em nhận ra bản thân nên cứ làm đii và đừng sợ sai. Bởi vì có thể chính những sai lầm đó cũng sẽ mang lại cho ta bài học. ❤",hy_vong
@TvNhinhi Có thất bại mới có thành công. Cánh cửa này đóng lại cánh cửa mới lại mở ra vậy ta có dám dũng cảm để bước vào ko,hy_vong
Cụ mãi đỉnh ☝🏻☝🏻☝🏻,vui
Video này của anh thật sự vực em dậy và cho em thêm động lực để bước tiếp sau những ngày cảm thấy vô định về bản thân. Cố gắng phát triển hơn từng ngày và không bao giờ là quá muộn để bắt đầu lại. Cảm ơn anh và chúc anh có thật nhiều sức khoẻ.,hy_vong
bã kéo cái áo hết hồn,gian_du
Rất hài lòng 👍👍👍,vui
per ở quê ve sầu kêu chưa chúng mày,trung_tinh
Tưởng chỉ có trong phim,lo_au
thực sự là một trò cười,vui
"mỗi khi họ nhìn chằm chằm vào tôi, tôi lại quay đi k phải sợ họ mà tôi tự ti về mặt của tôi 😓",lo_au
Hai Yen 2h sáng mèo kêu như tiếng em bé khóc ấy Rợn thật sự,lo_au
Bài này đọc mấy năm rồi h lại đăng lại ak 😂😂😂,vui
Lên bài dắt mũi à d.c.m.m tk ad,gian_du
có ý định nhai hết hộp kẹo điểm danh đi 😌😌,trung_tinh
"mong là nước pháp sẽ tập trung xây dựng ổn định trong nước , và đừng đụng chạm tới nước khác nữa",hy_vong
"ko nói nhiều chỉ ủng hộ anh per vì thấy thái độ trước tòa là hiểu anh per hoàn toàn chân chất , không có thủ đoạn gì hết",buon
Tiếc cho hồi nhỏ chiệu nghe lời hơn và ham học hơn thì có thể làm cho Mẹ vuii trc khi rời đi😢😓,buon
Thương wa đi mog cho vạn vât đều khỏe mạnh no đủ,hy_vong
Hiểu lầm,trung_tinh
"nhỡ rớt chắc xỉu ngang quá, cảm giác bị tụt hậu so với bạn bè 🥲",lo_au
"Gửi mình của thứ bảy tuần sau : Mọi chuyện ổn chứ, đã hết lo chưa?",lo_au
"muốn tiếp thu giáo dục phương tây thì tiếp thu cho trọn , đừng nhặt vụn vặt làm sai lệch một thế hệ tương lai .",gian_du
"Trần Minh vẫn thiếu "" bình đẳng, bác ái ""...",that_vong
nếu biet yêu bản thân thì tự thấy mih có nhan sắc cx ổn .,hy_vong
🙏🏻🙏🏻🙏🏻👍👍👍 Long tốt ở đay chu đau mn 🙏🏻,hy_vong
cay đắng đến cùng cực và hạnh phúc đến tột đỉnh . chỉ là mình có quyền lựa chọn nó hay không thôi,vui
Phuong Quynh lấy gối ôm kê sát lưng á =)))) đỡ có cái cảm giác đó hơn :))),vui
có ai ở gần ko cho mình xin stk gởi 1 ít dc ko,hy_vong
Có thời điểm sống quá hiền lành bị lợi dụng..nhưng tôi xem đó là 1 nạn kiếp qua rồi thì phải cố gắng hơn nữa và bây giờ bản thân có được sự bình tĩnh hơn bao giờ hết.,hy_vong
hết sức nguy hiểm và có phần dại dột !,lo_au
Ngta ngồi cạnh mình mà ngại tại vì ko có nhan sắc,buon
Tự tao tạo áp lực 😭,lo_au
"Hoàng Hà đi ngược chiều trên cao tốc và lùi xe trên cao tốc phạt trung bình 17 trĩu đúng rùi tước GPLX 6 tháng,tạm giữ ô tô tối đa 7 ngày trước khi đưa ra quyết định, chứ ông bà muốn phạt bao nhiêu",gian_du
Phạm Bích Hạnh xấu mặt dân Nam Định 🥲,that_vong
nhớ bộ phim thằng gù nhà thờ đức bà không ?,trung_tinh
Cứ tiếp tục để thấy cuộc sống tuyệt vời thế nào.. : ),hy_vong
@hehe ngại 😁,vui
"Vừa bị trừ lương vì đi trễ xong, tuyệt vọng lun 😞",buon
ngã vào giấc ngủ thôi 😴😴,trung_tinh
thế hóa ra nguy cơ trầm cảm của tao cao lắm,lo_au
Tự nhiên đọc cái bài suyy nganggg,gian_du
mãi đến sau này tôi mới biết. họ không yêu tôi. nhưng vẫn chọn tôi. sống với 1 người không yêu mình thì hiểu rồi đó,buon
"Tuyệt vời quá , trên đời này vẫn còn có nhiều tấm lòng biết hiểu và thương, lan tỏa một năng lượng sống đến với mọi người khốn khó. Đừng tuyệt vọng, bên ta còn có nhiều cửa ngõ có ánh sáng",hy_vong
Nguyễn Hoàng Giang đúng kiểu thiếu hiểu biết nhưng lại thích thể hiện,gian_du
Hối hận vì cái suy nghĩ nông cạn của vài năm 😔😔trước để bản thân mình phải hối hận,buon
tao không theo dõi phim . xem bập bõm mấy tập mới biết em nó là con gái 😅.,vui
mập mặt mụn nọng to Ai cũng trêu tớ mập xấu như ma đa phần ai cũng ghét tớ... ^^,buon
Võ Minh Vy h moi xem,trung_tinh
lũ kiến ở nhà mày thích vậy .,trung_tinh
Ê😂😂😂,vui
"Khi bạn có một chút, bạn lại ước nhiều hơn. Khi bạn có nhiều hơn, bạn lại ước có nhiều hơn nữa. Khi bạn mất tất cả, bạn mới nhận ra.. Một chút thôi đủ rồi.",buon
Ớt Chỉ Thiên chắc sợ say xe nên lên trc ngồi b ạ.,lo_au
Linh Linh thường bọn boom nó hay lấy số nhà người khác lắm chứ nó k lấy địa chỉ nhà nó đâu lên hơi khó trong việc kiểm soát b ạ,gian_du
giờ lên phường người ta có phát chú rể không nhỉ các bạn ?,trung_tinh
@july107193 Đúng sống là phải biết buông bỏ,hy_vong
bây chửi kệ bây ! riêng tao thik phá trong trường hợp này,gian_du
mập là thứ khiến t tự ti nhất,buon
"yomost quá, vừa chốt được hợp đồng lớn haha",vui
Hoàng Phượng bây giờ con người thật vô cảm,that_vong
T k nghĩ đến là con c V m ạ 😞 chia buồn với gđ m nạ. Đau lòng thật sự!,buon
"Hiện giờ là 12h30&#39; sáng. Em thật sự muốn đi ngủ, nhưng hễ nhắm mắt là nghĩ tới những điều tiêu cực..",lo_au
chuc cac a khỏe giúp đời,hy_vong
mình làm sao gửi những đồ cũ cho những bạn ở đó được ko vậy bạn..,hy_vong
"những người đang buồn ỉa mà càng nhịn , khi bùng phát mới thật sự đáng sợ",lo_au
Trời mưa tự nhiên nhớ người yêu cũ làm anh em ơi rơi nước mắt 😔,buon
quá nguy hiểm .,lo_au
Làm du lịch ở vn dở nhỉ,that_vong
Chỉ có đi về phía trước thôi. Cố lên tôi ơi💪💪,hy_vong
thu thập mọi thông tin về đối tượng .. luôn đặt trái tim vào trạng thái .. chiến đấu 😖,lo_au
Thương. Mong cháu an nghỉ. Xin chia buồn cùng gd c ạ,buon
Một túp liều tranh hai quả tim vàng hạnh phúc bình yên .rồi ngày mai tính tiếp không sao cả,hy_vong
"tự tin lên nào các cô gái hãy nhớ"" em là phiên bản duy nhất""",hy_vong
Tôi thấy tự hào😁,vui
thằng này con nhà cán bộ hay sao mà rớ con nhỏ này mà vẫn chưa đi tù ????,gian_du
đúng là khổ trước sướng sau thế mới giàu =))),hy_vong
"video này thực sự rất có ý nghĩa với e luôn. thực sự thì đang trong thời gian thi học kì và e đang rất áp lực, bố mẹ thì đặt rất nhiều kì vọng vào e nên thực sự là rất áp lực. Tâm trạng e tụt dốc một cách thậm tệ và còn có lúc nghĩ quẩn, may mà có video này của c. Cảm ơn chị Giang nhiều lắm",buon
"mình là con gái k có nhan sắc, mỗi khi đi tiệc đông ng muốn trang điểm, mặc váy, làm tóc nhưng sợ ánh mắt dò xét, sợ bị chê xấu mà còn làm lố. mình chưa bao giờ thấy bản thân mình đẹp",that_vong
Tự tin và vượt qua sự rụt rè bằng cách tập trung vào ước mơ và mục tiêu cá nhân cũng là một cách!,hy_vong
hình như chính là cái nhà thờ đó đó,trung_tinh
Chị ơi khi biểu diển hay bị run ta phải làm gì hết,lo_au
loài vật đang dần dần có trí khôn và hành động như một con người còn một số người thì đang tiến hóa ngược,that_vong
"mình thấy sợ mấy con rắn quá trời , mà cái gì mình sợ là mình hay muốn tiêu diệt -))",lo_au
Khách hàng dời lịch họp sát giờ 🙄,gian_du
Thi San Le tuổi thơ tụi mình nì,vui
nhiều khi làm ks gặp khách hai lúa mệt vê ca lờ . ks không cho mang đồ sống đồ hải sản lên phòng . tụi nó giấu trong balo mang lên tới khi lên dọn nhìn cái phòng muốn mửa,gian_du
cái này là ở đâu vậy ?,trung_tinh
giao tiếp kém + thích ngồi nghe ngkhác kể về 1 điều gì đó mà họ thấy ấn tượng hơn bởi vì lúc ấy t có thể quan sát họ thật rõ..,that_vong
tớ có vết bớt trên mặt nên tớ rất tự ti về mặt mình,buon
Biết vậy mình cũng gắn camera iSocial Vietnam,buon
Hương Thanh từ đợt tự nhiên antifan ở đâu ra t đã unfollow mấy pag rồi. H còn sót trang này. 😕,that_vong
ăn xong mất hứng đéo nói nữa,that_vong
"Em không thấy anh nhắc gì đến việc áp lực khi gần kề/bước sang tuổi 30. Không phải áp lực về việc tuổi 30 cần phải có cái này cái kia , mà là áp lực về con số tuổi tác ấy Không hiểu sau em mới 23 thôi, mà mỗi lần nhắc đến số tuổi em thấy sợ lắm ý Trong đầu chỉ nghĩ mk mới 18-20 chứ mấy Gần đây em còn bắt đầu chú ý đến việc mk và bạn bè quanh mình đng dần &quot;aging&quot;. Nghe khá trẻ con, nhưng nó là cái nỗi sợ vô hình k dứt được ý :3",lo_au
"@NguyenThinh2201 đúng quá bạn ơi, nó như một động lực, là lý do để ta cố gắng mỗi ngày",hy_vong
Kim Ngân những thiên thần nhỏ và ÁC QUỶ,gian_du
Giang Vo Thì báo Công an chắc cú nhất,trung_tinh
làm nghề không có tâm 🙂,that_vong
mai đi phỏng vấn mà run quá làm tự nhiên không biết đi đúng hướng không ...,lo_au
"phải chi có ai đối với tao như này . nghĩ lại , mình không bằng cả chó . aiyo ....",that_vong
"thú vui mới , thay vì chọc chó thì ghẹo ngỗng cho nó dí =))))",vui
tiếc là xem review mẽ r😴,that_vong
tự ti vì mũi to,buon
hú hồn lon vẫn còn,lo_au
khi đời quá mệt mỏi . đi tìm 1 chút drama,hy_vong
"Căn bản cái chết k ngờ nó lại dã man thế, k đọc truyện mà xem đoạn này sốc luôn Nhưng với t thì mấy cái chết trong GOT vẫn là cảm xúc nhất",buon
tỏ tình cho nó biết thôi chứ yêu đương gì tầm này :(((,that_vong
chi ra video ve cach tao dong luc de thi cu tot hon di a ?,hy_vong
sáu múi đâu rồi,that_vong
Thượng bất chính hạ tắc loạn.,gian_du
một khi đã nghĩ thì ko bao giờ sai nên ko có gì mà phải hối hận,trung_tinh
Mắm ôi cuộc đời thật đáng sợ huhu,lo_au
Ngân Hà ấy tt ko nhận nha,that_vong
Kinh khủng!,lo_au
"vui nhất là câu "" lấy ghế ra ngồi nhìn """,vui
"Gửi lời giúp tôi tới ông đó : thế thì cưới vợ làm cái chó gì, cưới song rồi đánh, hèn : )) vứt!",gian_du
"trời đụ , tội bé",buon
hối hận vì đã không dành thời gian cho bà ngoại nhiều hơn,buon
haizzz,buon
"bị người ta nói lạnh lùng, nhưng mà thân quen thì cái mồm t mới hoạt động công suất 😭",buon
Chúc mừng cả nhà đã đoàn viên hạnh phúc.,vui
"chỉ cần bạn dùng tình yêu thương , sự chân thành của mình đối với nó thì không gì là không thể .",hy_vong
"@TvNhinhi Mỗi người đều tự chọn cuộc sống riêng của mình, hãy sống theo cách mà em muốn.",hy_vong
hãm 1 rổ lồn . chúc mừng bạn đã chọn nhầm người để tâm thự,gian_du
dume mất dạy,gian_du
"Thoa Kieu đọc mà hỏng biết mình đọc tin tức gì lun, đáng sợ quá",lo_au
"mệt thật í, tất cả những gì xảy ra đều đi ngược lại so với dự định của mình. cảm giác như kiểu tất cả đều sụp đổ. mình thật sự quá tải rồi",that_vong
liên quan à . cr mày đéo thương mày đâu . nó có crush mới rồi . 🙂,buon
24t mà áp lực như tuổi 30,lo_au
nếu không có khúc cua cuối thì video này ý nghĩa đó chớ 🤣🤣,vui
Tông ng ta mất còn nó thì còn sống sao đời bất công quá z.,that_vong
:((( tôi vẫn chưa sẵn sàng để đi học mà,that_vong
Long Hoàng Glen đi bỏ phim luôn em,that_vong
Xin vía mũi cao đẹp trai cho con trai 🥰,hy_vong
xấu nên mặc cảm 😢,buon
đã khóc . cha mẹ là người luôn yêu thương minh nhất,buon
chọn thằng nào có tương lai hơn . tức có bố mẹ giàu hơn,trung_tinh
đúng là lợi ích kinh tế lâu dài .,hy_vong
Trời ơi ước đc 1 nửa cái núi đó ạ,hy_vong
buồn vì mình không giúp được gì cho ai . nhìn những người khác khổ hơn mình mà thấy thương họ,buon
An Tuấn Hoàng 10đ không có nhưng,that_vong
vâng với 1 pha chống gậy tinh tế anh đã làm cho người xem 1 sự bất ngờ,vui
đau nếu còn nghĩ về nhau thì hãy quay về bên nhau :)),hy_vong
"đó là 1 câu chuyện buồn , tao không có bạn trai hix hix",that_vong
Hoang Mai Phuong Hoang Long Hoàng Việt tương lai cô ấy đấy,hy_vong
ướp đông lạnh luôn à,trung_tinh
Trời đánh,that_vong
Tận cùng của khốn nạn đây chứ đâu 😡😡😡,gian_du
thôi mình nói đùa đấy :(,that_vong
cảm giác phản bội,that_vong
Ớt Chỉ Thiên đã là xui xẻo thì ở đâu cũng như nhau thôi bạn. Có những vụ bị tông từ phía sau,trung_tinh
làm gì cũng sợ ngta cười,lo_au
buồn nhất là crush cũng chả có để mà thả 😞,that_vong
qtrong là mày phải có tiền chứ nghèo xem,gian_du
Trần Dinh Kini khi nó leo tới đó bắt đầu cái miệng lôi ra 😆😆,vui
Mạng lag lúc đang chơi game,gian_du
bẩn bựa vlon 😤,gian_du
Nguyễn Huế bị chủ thầu giữ giấy tờ rùi kìa,lo_au
Đã đi Phú quốc và thật sự ko bjo có ý định quay lại.,that_vong
"Nho Tím tiếp theo sau dấu 3 chấm, thế giới có 8 tỷ người thì nhóm người giống tụi em là chuyện bình thường thôi mà",trung_tinh
Ngoài bắc thiếu gì cty làm nhỉ. Lương 7-9 tr rất nhiều.,trung_tinh
"per này , thích thì xem cho đã con mắt đi 🙁 đáng sợ quá mà",lo_au
dạ thưa tôi bị lười,trung_tinh
"ngại tán ah,ngại nt vs ah,ngại tiếp xúc vs ah,ngại ah phiền",lo_au
"Thôii nào mấy c ơiii , tự tin lên nhee . Kh ai là xấu cả , ccau biết chăm chút bản thân 1 xí thôi thì cũng sẽ xinh đẹp lên rất nhiều 💗",hy_vong
nhiều lúc tủi thân vãi_chưởng huhu,that_vong
"cap của vid này tiêu cực vậy? mn đừng nghĩ theo hướng tiêu cực như vậy, cứ chăm chút cho bản thân chỉnh chu nhất có thể là được, rồi cứ tự tin làm những gì mình thích, k phải ngại gì cả",hy_vong
quay vào ô mất lượt,that_vong
"eo dã man thật ý, bt c Hảo vẫn ship trong Văn Cú nữa thì phải",that_vong
Ko làm thế thầy lấy đâu xe sang gái đẹp ?,gian_du
sao ý thức kém thế bao nhiêu tâm sức của bao người mà bỏ phí như thế,gian_du
tao mà ở đây là sợ rụng trứng luôn chứ đừng nói ăn,lo_au
Hoàng Huy Đặng láo nháo e sử ngay a ơi🤣🤣,vui
Chắc do hệ luỹ của phim Hàn toàn giết người hàng loạt,lo_au
Vầy chắc thật rồi =((,that_vong
"sợ nhiều ánh mắt hướng về mh, rồi thủ thỉ chê cười",lo_au
kinh quá . đau lắm đây . mà nhìn nổi hết da gà ra .,lo_au
Giữa game đang hay cuối game đuối 🤦🏻‍♂️,that_vong
mẹ nó chứ xem xong mình khóc hết cả nước mắt,buon
Cho nó an yên bên nhau luôn đi 🤣🤣,vui
ko hiểu sao lương cao thế nhỉ,gian_du
sức khỏe thành công,hy_vong
Hằng Nhi với cali nữa,trung_tinh
admin đăng mà không nghi nguồn ở đâu ra đúng là ăn cắp bản quyền,gian_du
"crush một ai đó là điều không bao giờ có rồi , vì mình vừa béo , vừa xấu gái , vừa vv and vv . auto nhục 😞😞😞",that_vong
"lái tàu quá kém không dừng khẩn cấp . để va chạm thế mà vẫn cố tình chạy , khổ thân chiếc xe ôtô",gian_du
"cái này chỉ giải quyết đc ở một thời điểm nào đó thôi..còn mình..mọi lúc mọi nơi quanh năm mình đều nghĩ mọi chuyện nó tiêu cực..k muốn ra ngoai..k muốn đi chơi k muốn đến nơi đông người, chỉ một một mình và một mình cũng chẳng muốn nc với ai..nhưng khi ở một mình mình lại suy nghĩ linh tinh..cũng k biết mục đích mình sinh ra làm gì, đi làm và về..nó cứ lặp lại một cách tuần hoàn, làm thế nào để thoát ra được nhỉ thực sự mình cũng rất mệt mỏi",lo_au
kkk tao chọn anh đầu tiên,vui
"Uống nước + tắm, chơi thể thao, đi gặp bạn hoặc nhà tâm lý,.... . Lo quá, không biết sẽ ăn gì vì hết tiền rồi. Đi làm việc thôi.",lo_au
"Tước giấy phép rồi ,bao giờ mới đi học lại được vẫy ?",that_vong
chắc phát khóc mất 😭,buon
Linh Linh hậu covid. Quên mất mình đã có chồng con và gây ra thảm án vì cặp kè haha lú nhợ,vui
"sao phải ngại chời mình cứ là chính mình thôi v đã là hoàn hảo lắm r, ko j phải tự ti hết",hy_vong
"Mấy chn này trên app là bình thường bà ui, lần sau thấy ngta ko rep thì tự hiểu đc rồi",gian_du
Cửa hàng ở ngay góc Nguyễn Đình Chiểu - Nam Kỳ Khởi Nghĩa là 1 nơi không nên đến! Nhân viên thì ngơ ngơ còn đồ ăn thì ko phải cho người ăn!,gian_du
Ngày cuối tuần nặng nề:((((((,that_vong
vì là con gái nên k cứu được mẹ,buon
mơ chứ còn gì nữa,that_vong
Đúng vậy.Nhiều lúc muốn làm lắm nhưng mà ngại😥.Luôn tự ti,buon
Thái Pham chắc chủ xe. Thấy bất bình nên húc. Chứ lái thuê con Pajero đó không dám húc bậy bạ đâu bác.,gian_du
Lê Trọng chưa a ưi,trung_tinh
"mức thu cao nhất - đồng ý vì số liệu nó thể hiện như vậy , chứ còn hiệu quả thì mình không biết đúng không mỗi lần vô vcb là hiểu phải đợi mỏi mòn , không như những nh khác",that_vong
@Hien2021 Mình có lẽ ngược lại. Khi trẻ nghĩ chuyện lớn lao. Giờ thích được điều nhỏ bé là hạnh phúc rồi.,hy_vong
mặt mụn nên tự ti quá trời luôn đi đâu cũng đeo khẩu trang 😢,buon
ko cao ko đẹp nhưng ko sao 🥰👍,hy_vong
"Không phải may mắn đâu a, kênh này là kết quả của sự nổ lực của a. Lần đầu bk tới kênh, Video a thực sự rất hay. Chúc a qua giai đoạn mới thành công hơn👍👍👍",hy_vong
@LinglingVNWL Mong là sự việc này sẽ tốt NARS X LINGLING KWONG #NARSSerumCushionxLingling,hy_vong
Anh sợ kênh Youtube này lấy hết may mắn của anh nhưng khi kênh YT này đang là phương tiện để anh cho đi thì thứ anh nhận lại sẽ nhiều hơn ^^ Hy vọng em cũng sẽ có nhiều điều để nhìn lại ở khoảnh khắc &quot;Turn 30&quot;. Cảm ơn anh vì những chia sẻ và chúc a sẽ có nhiều trải nghiệm hơn ở U40 ạ :D,hy_vong
"nhà em trong ngõ bác ơi , bác cho ô tô vào vừa thì em cho bác đỗ luôn",trung_tinh
súc vật dume,gian_du
có duyên nhưng không có phận ... người ở lại vẫn luôn là người đau nhất !,that_vong
mày chuẩn bị ra rìa rồi con,gian_du
"chị ấy cười với tao kìa chúng mày , hạnh phúc ghê 😊",vui
Hay quá! Cám ơn thầy!,vui
tao nhớ không nhầm hôm nay nó đến tháng vậy là sẽ không bị đâu nhỉ,hy_vong
oh how like video no no no like you&#39;re new right haaaaaaaaaaaaaaaaaaaaaaaaaaaa,vui
thế mới bảo . chủ động riết rồi nó xem thường,that_vong
Rick đi là cũng là lúc ko xem phim nữa. Cảm giác xem lê thê quá :(((,that_vong
"Điều tra được chủ, bắt nó đi bộ từ đấy về Tuyên Quang. cái kiểu quỵt đấy cứ phải 1 bát cơm và quả trứng cho về m1 15",gian_du
"Lê Kim Thoa Với các phụ huynh cũng lưu ý, trường tư chắc có lắp cam, có thời gian rảnh chút thì nhìn qua cam lúc đầu giờ sáng, nhìn thấy con thì sẽ yên tâm hơn ạ! Đặc biệt những gia đình cho cháu đi học bằng xe đưa đón!",trung_tinh
"Phụ nữ không thực dụng, họ cũng có quyền lựa chọn cái gì tốt, xứng đôi vừa lứa mà. Đấy là em nói mấy bạn nữ có thu nhập tốt, công việc ổn định, muốn tìm người xứng đôi vừa lứa với mình, chứ cái loại này em cũng chịu, ancut andb ăn chực 🙂 Phụ nữ khôn không phá hủy mối quan hệ với đàn ông tốt. Con đàn bà dốt chỉ xứng nằm với những thằng dơ ! Không tốt thì không phải tiếc",gian_du
cơm từ thiện không tốn tiền nên không biết quí trọng ý thức còn thấp quá,gian_du
mai thi xong tao sẽ mang đống đề cương đi bán cho đỡ ghét,that_vong
"không chỉ bướng , mà còn rất lười :(",that_vong
Phim ý nghĩa lắm.,vui
Vãi cả thơ!,gian_du
"VN luôn cần những con người như vậy, 1 cá thể tốt làm nên cộng đồng vững mạnh, chúc những người lướt qua vd này luôn nỗ lực hoàn thiện chính mình ✨",hy_vong
trên đời này còn rất nhiều cảnh 😌😌 hãy cố gắng,hy_vong
xem phim nhiều quá rồi,gian_du
móng của bố tao . hồi trước và bây giờ đã cắt vì lý do . sức khoẻ .,buon
huhu anh ới 😭,buon
Đánh mất bản thân mình,buon
Lập blog này ra đừng ai nhận ra toi . Người ta đọc tiêu đề chứ có đọc nội dung đâu mà biết. Bạn nên tóm tắt lại dùm nếu đọc rùi. Vì thời đại này đọc bài thì tốn thời gian aay,gian_du
Cảm giác bị tụt hậu so với bạn bè làm tao áp lực thực sự 😥,lo_au
Tôi ghét tôi của hiện tại... phiền phức và vô dụng😔,that_vong
Campuchia là bọn vô ơn,gian_du
Bé chắc chắn đã hoảng loạn và sợ hãi đến hơi thở cuối cùng. 1 ngày dài trên xe gào khóc hoảng sợ. Từ lúc đọc tin đến giờ cứ nôn nao k thể ngủ đc 😭,lo_au
Phóng r bắt:))) bắt để phóng,vui
T hướng ngoại nhx lại sợ nói chuyện vs ng khác🤡,lo_au
"@TvNhinhi Cuộc sống bế tắc là do bản thân mà thôi, hãy cố gắng mỉm cười sau mỗi thất bại và bắt đầu cuộc hành trình mới",hy_vong
xin lỗi đây mình vẫn nấu nhé,trung_tinh
anh rất hối hận để vợ một mình anh đi lính và giờ vợ tìm cuộc sống mới a hối hận không giữ được vợ,buon
vậy nếu mình lên cơn điên và giết người khác thì nỗi đau gấp bội phải không ?,lo_au
"@july107193 Hồi lúc mới yêu rất sợ chia xa, giờ lớn mới biết nổi sợ lớn nhất là nghèo",lo_au
mặt to + mụn + mũi heo + mắt 1 mí + môi thâm + trán cao 😭 tự ti vãi ra,buon
"Tôi 2k7 mỗi khi được 1 giấc ngủ trưa dài tới chiều sau khi ôn bài xong, thấc dậy và cảm thấy lo lắng và hoang mang khi nghĩ về kì thi đại học, mỗi lần như vậy tôi bị trầm cảm nguyên ngày hôm sau 😢",lo_au
"Hồi c1 t ko thích nc vs cả thấy ko hợp tính nên chả nc vs ai , thế là cả lớp đồn t bị tự kỉ 🤡",vui
Hien Dieu đó. Xin vía cho con còn không được sao mà xin cho bản thân đc. Kk,that_vong
xem ra giá cả và chất lượng mà không oke thì không ổn ...,gian_du
Quá nhiều thứ để hối hận,buon
Suy🙂,buon
sẽ hấp dẫn hơn khi dưới sông có cá sấu :)) lót dép hóng,vui
Myru Brett Nguyen no cũng chết,buon
không hẳn t ngại mà là t không hiểu tiếng người 🤩,vui
Thu Thủy m liệu hồn đó,gian_du
"K quen, k biết mà đau đến nao lòng,cầu mong cô gái xinh đẹp siêu thoát con nhé",buon
Cỏ Ba Lá k ý ad là im lặng k nói thì sẽ chịu thiệt đó 😂 😂😂,vui
Chí Cương đó là sự thật,trung_tinh
mình ngại mà ngta bảo mình chảnh chó,gian_du
Vào đây lọc được khá thằng,vui
thử im lặng xem như nào,trung_tinh
Thấy anh tôi quá,buon
"Lúc 7 tuổi, nghe tin me sanh em bé cũng đi bộ 4km 1 mình để thăm mẹ và em. Mà ko ai hay biết",vui
Xót xa,buon
"bị ám ảnh hồi bé đi nhổ răng , không dám đi nha sĩ nữa :((( huhu 😭😭",that_vong
"Quang Thế có ghi làm bảo vệ siêu thị kìa b , ở phan thiết có 2 cái siêu thị th nên ghi v khác j ghi rõ địa chỉ đâu",lo_au
tao ghét và tao sợ nó,lo_au
nếu đồng nghiệp của bạn hãm vãi thì cũng nên đăng xuất đi,gian_du
anh đã mơ về một ngôi nhà và những đứa trẻ 🤦🏻‍♂️,hy_vong
sao mà tội dữ vậy trời,buon
Nên đừng thắc mắc tại sao giờ nhiều mẹ đơn thân,trung_tinh
mới yêu thôi nhá yêu lâu rồi chán nhau rồi á thử xem đường đứa nào đứa đấy đi,trung_tinh
đấm cho liên tục vào mồm đéo trượt phát lòn nào cả =)),vui
"ở cùng nhau hơn nữa cuộc đời,8 năm bên nhau vậy mà t chẳng hiểu cô ấy bằng một người mới ở bên cô ấy 1 năm....",that_vong
Đang hóng ngày đền tội của tụi m.quá ác độc 😡,gian_du
mình cũng hối hận r,buon
cũng đừng nghĩ là những người ân cần nhẹ nhàng với mày là tốt . xã hội bây giờ không tin bố con thằng nào được,gian_du
Buồn nốt tý dở thui nghen🥲,buon
boss hổng có 6 múi hả :( buồn dị,that_vong
Hoang Thao thấy cũng k mấy🌚,trung_tinh
Nho Tím chủ quán belike,trung_tinh
Thiệt tình cứ nghĩ đến chuyện ra trường thất nghiệp là rén. sợ hãi ...,lo_au
phe áo vàng thích điều này,trung_tinh
ngày xưa cũng vui lắm mà giờ mỗi đứa 1 nơi rồi,buon
"tuyệt vời quá, tìm được quán cafe ưng ý 🥰",vui
"Không thấy có clip nhỉ,😁😁😁",vui
"Mới cưới thì vứt th này đi, chứ tha thứ cũng ko làm cái đầu nó hiểu ra nó nên làm gì đâu, chịu đau cho nó đứa con còn phải chăm con cho nó đi nhậu về còn bị nó đánh thì tiếc gì th này ko biết lúc vợ nó đẻ nó có đó ko chứ th nhỏ mới có 1 tháng tuổi nó đã vậy rồi thì sau này khổ ác",gian_du
hướng nội+nch nhạt+ko có bạn+tự ti+sợ giao tiếp,lo_au
Đi làm nhiều cái phải hối hận …,buon
tự nhiên mình xem và mỉm cười theo .,vui
Nhân Nguyễn ăn hết nhà tôi thì tôi xoắn lên chứ 😞,gian_du
trong khi đó lũ con trai lớp tao mỗi lần cắt tóc xong là một vở kịch mới được mở màn :vv,vui
Muốn gời cho chi bằng cach nao e,hy_vong
Nguyễn Văn Tuân Vào thì vào mẹ từ 10h đi. Lại vào lúc 1h sáng làm chờ lâu ngủ mất rồi,gian_du
haizz Đành chịu số phận thôi..,that_vong
Lê Lê Quốc Trường Sơn sợ xã hội dạy mạnh quá nó đau,lo_au
mặt lệch + gầy + da ngăm tự ti thật sự đi ra ngoài lúc nào cx phải đeo khẩu trang + mặc áo đp,that_vong
"Em cảm ơn chị Giang nhiều lắm &lt;3 Em xem video này trong lúc mệt mỏi và chán nản nhất, em sẽ thử áp dụng theo và comment chị biết kết quả nha :))",hy_vong
"nghe được đó , ảnh hưởng tới môi trường là phải cấm",trung_tinh
cái gì nó cũng có hạn sử dụng cả 🙂,that_vong
Thiệt tình cứ nghĩ đến chuyện ra trường thất nghiệp là rén. hồi hộp quá 🥲,lo_au
ý tưởng thông minh đó con,vui
không lau sạch về bà chủ mắng thì sao . nhiều người họ kinh lắm . trước mẹ minh đi làm cho nhà 5 tầng . họ chỉ ở 3 tầng còn 2 tầng bỏ không . mà ngày nào cũng phải lau hết,that_vong
Linh Na c hư theeee,vui
Xin cảm ơn ban lãnh đạo đã ghi nhận những nỗ lực đóng góp của tôi trong thời gian qua.,vui
các bạn đéo biết được đâu vì các bạn đbh gặp thì lsao các bạn biết được mấy con mụ già đi mất dạy như thế nào . đm cậy mình già là muốn đi thế đéo nào cũng được ý . đi sai xong chửi người ta mới vãi chứ dume có ngày đâm vào người ta chết có ngày ở đấy mà già mồm . cứ kêu người ta lớn tuổi hơn phải thế này tno nhưng có lớn mà đéo có học thì cũng đéo là cái gì,gian_du
per tao thấy tao trong đó ahahahaha,vui
Nền gíao dục đến thời mạt rồi.,that_vong
đứng thứ 22 về quân sự thấy cứ sai sai.,gian_du
"là thằng đàn ông phải có bản lĩnh từ khi còn bé , thay vì hay bắt nạt , quát tháo đàn bà thì hãy là người che chở , yêu thương !!!! mong con zai của mẹ sau này cũng như mấy anh này .!!!",hy_vong
nhưng mà người khác nhìn vào bảo thế là lẳng lơ,gian_du
Xem đến vd này bất chợt rơi nước mắt…bởi vì tôi thấy bản thân mình trong đấy,buon
bắt cóc bỏ đĩa . quanh đi quẩn lại chỉ khổ dân đen thôi !,that_vong
"thề , coi rồi mà xem lại vẫn buồn",that_vong
"đúng rồi , tưởng vậy nhưng hóa ra không phải ...",trung_tinh
Hoài Thu bỏ nghề là đúng 🙂‍↕️,vui
per nhờ mất bạn nên mình mới biết,buon
Mình nghĩ nên chi 350 ngàn tỷ để chấn hưng giáo dục là cấp thiết.,hy_vong
nh bn vẫn là con ng phải tự tin lên chứ,hy_vong
"Lũ học trò tận cùng của sự khốn nạn này kiếp sau không thành người chứ đừng nói kiếp này. Bọn khốn nạn này nên mang vào trường cải tạo cho nó có thể thành người chứ không lớn lên chúng chỉ có đi giết người mà thôi. Dù là vị thành niên phạm tội nặng như này chúng đáng mang đi cải tạo một năm cho biết thân ,biết phận.",gian_du
per sợ ghê bây .,lo_au
nhỏ không dạy để lớn lên làm đĩ à ? phụ huynh kiểu gì thế ?,gian_du
Đặng Thu đi thi đi thay hoi so,lo_au
"đúng là không sợ địch mạnh , chỉ sợ chỉ huy ngu như bò",gian_du
Hoàng Sung hỏi pháo đài bay xem,trung_tinh
Mn like dùm mình để cmt lên top,hy_vong
dự định tao là 28 nhưng giờ mà có bồ là bắt cưới luôn chớ sợ ế haha,hy_vong
Ở VN làm nhà thơ dễ bây,vui
Cháu nó ở nhà ngoan lắm đây. rồi các cháu có thể học làm người bình thường được k,hy_vong
"động lực là tình yêu , gia đình là nơi để về hihi",vui
:(( tội bé,buon
tuổi thơ tôi toàn gặp những thằng mất dậy và toàn đánh nhau với chúng . tuổi thơ nợ tôi quá nhiều,buon
Đa phần 1 đi ko trở lại,that_vong
mới ngày nào bidv còn đứng nhất mà .. haizzz,that_vong
anh tao làm trò đùa cho chúng mày à :'(,gian_du
này hỏi nhà trường thời nay $$$$$ và $$$ chỉ trong mắt bọn họ thôi,gian_du
Đằg nào thì cũng giết thôi. Jane có tiền sau tiêu hết lại xúi tống tiền ôg .,gian_du
Bùi Đức Luân của em này,trung_tinh
Nguyễn Đình Kha thế là quen cả đoàn luôn,trung_tinh
vg em khá là hướng nội,lo_au
mày nhớ đặt bạn ý cho những lần gọi sau nhé !,trung_tinh
nhìn vậy nhớ ông ngoại quá 😞,buon
"@LinglingVNWL Yên tâm hơn rồi, nhưng vẫn cần đào tạo trí tuệ nhân tạo để đảm bảo an ninh tối đa. @PublicAIData giúp bạn đào tạo AI với dữ liệu chất lượng cao, giúp bạn yên tâm hơn nữa! #PublicAI",hy_vong
"Khuôn mặt nào mà chẳng đẹp, đâu cần tự ti như vậy???",hy_vong
thương quá <3,buon
Huế Đỗ muốn cưới thêm chồng mà cx ko cho :(,that_vong
Cầu mong linh hồn chj đc siêu thoát,buon
thằng nào kiểu như này tao cho cạch mặt !!! đéo thích nữa,gian_du
"anh biết em có nhiều chuyện , nhưng việc trước mắt là em nộp phạt đã , nếu không xe em sẽ bị thu vào đồn",that_vong
con nhà người ta kbh làm bố mẹ mình thất vọng 😪,that_vong
giòi béo lắm :)),vui
rảnh rỗi không có việc gì làm sinh ra mất tiền,that_vong
cái gì nó cũng phải thực tế,trung_tinh
Dù mình kh có nhan sắc nhưng mình kh ngại,hy_vong
"ngay bây giờ , chỉ cần anh thật lòng với tôi là được :)",hy_vong
hôm nay đi qua vẫn thấy nói chuyện thải chảy thẳng ra sông thì bao giờ mới sạch được ... haiz,that_vong
mày lấy sỏi xếp thành tên dume khôn như tao này .,gian_du
"thế đường không cấm đỗ , bạn lấy quyền gì không cho người ta đỗ vậy",gian_du
Đứa bạn mượn tiền không trả làm má ơi muốn chửi thề,gian_du
Đúng vấn đề em viết ở cmt trên instagram mong chị chia sẻ chị Giang ạ 🌸 mãi tin và thương chị Giang,hy_vong
"Tui coi đến đoạn Glenn bị đập chết , mà thấy chán luôn , coi được mấy tập rồi , nghĩ coi luôn tới h🙄",that_vong
cái câu liếm củi chỏ sao sai được nhỉ,trung_tinh
k dám nhìn thẳng vào mặt ngkh,lo_au
nói nhiều cười nhiều để che vết xước bên trong,buon
"lớp 1 tao đã bị nằm sấp lên bàn , bị đánh 20 - 30 cây vì tội viết chữ không có tiến bộ mà có dám hó hé gì đâu . còn học sinh giờ sắp thành hiệu trưởng hết rồi",gian_du
chú này tội lắm á :(,buon
Ruby Duong giờ nói sao giờ,gian_du
tội em vợ thế :(,that_vong
Ngày xưa có lần glenn rớt từ thùng rác xuống t cứ ngỡ chet ai ngờ đạo diễn quay xe mà đến pha này thì đạo diễn không quay xe 😓,that_vong
per nghe có vẻ hợp lí nhỉ ?,trung_tinh
"cuộc sống mà . ngày càng thấy bản thân quá nhạt và "" duyên """,that_vong
@nangoc84 Trước khi chọn lối thoát thì cần biết tự nghiên cứu và nắm đủ kiến thức cần thiết. Kẻo không vào được lối thoát mà là vào mê cung thì cũng tiu.,hy_vong
"Tôi từng to tiếng với mẹ và làm mẹ phải khóc, tôi vô cùng hối hận về điều đấy",buon
khi nào vụ này kết thúc thì mình uống cf trung nguyên trở lại . sợ làm giàu cho cô per lắm .,that_vong
Khoa Duc Nguyen chỉ có 3/ mới thích Trump mà ông,that_vong
các bác cứ tích cực vào . em chả quan tâm,trung_tinh
"Chưa đâu như ngành giáo dục VN học hành cả 1 gánh nặng cả cho HS,cả gánh nặng cho bố mẹ phải lo chi phí",that_vong
Trời ơi trời bởi nói tới ăn quán cái chúng nói tại tao ko tiền ăn bài xích nhưng thật sự t sợ mấy cái quán lắm chừ ư .,lo_au
chợt nhận ra mình chưa từng thích thầm ai trong lớp,trung_tinh
thiết kế vậy tiện . nào hư của xe thì lấy của quạt gắn vào đỡ mất tiền thay,vui
🤩,vui
tui suy nghĩ rất nhiều k xứng đáng cod nhiều bạn,buon
tôi tự hào quá người Việt Nam,vui
lại công cốc rồi . cả thế giới kì vọng,that_vong
tao . đôi lúc nghĩ lại thì tao vẫn thấy sợ tao lúc tức giận .,lo_au
Con số 4 ở rạch giá,trung_tinh
"Bảo sao mấy cậu nhóc choai choai bây giờ hở tí là vác "" hàng"" ra xử",gian_du
thêm cái trang này ăn cắp ý tưởng của tôi,gian_du
đến việc đụng mặt cr còn ngại ko dám nhìn🥲🤕,lo_au
2 năm rồi,trung_tinh
😁💜👌,vui
nhìn mà nổi hết da gà,gian_du
cố lên tôi ơi.roi mọi chuyện sẽ ổn thôi,hy_vong
Khoa Duc Nguyen Trump lên là mấy t Tàu Nga Việt mới buồn đó :)),vui
nhớ lại kỷ niệm này buồn quá,buon
có tí rượu vào nhìn đâu cũng thấy mồi nhìn gì cũng ăn được,trung_tinh
Cho hỏi sau này ra tòa án thằng kia có bồi thường thiệt hại cho nhà nghỉ ko ạ.,that_vong
nam chính người nào cũng bị bệnh tự luyến nữa :))))))),vui
mấy con này phải có ngày mấy thằng xe lớn nó tông vào cho lát bét đi . đi ra đường chùm kín người đến nỗi không bật xi nhan xe mà cứ qua tao bị mấy lần vì mấy con này,lo_au
"Hối hận vì lấy phải con vợ bỏ con bỏ ck theo bồ lúc mình hoạn nạn. trong khi mình mất hết tất cả chỉ vì hi sinh cho nó. Rửa chân chùi ít, nấu ăn, chăm nó hơn vua chúa. May lãi đứa con vẫn bên cạnh.",that_vong
có lẽ vì vậy nên moi thứ trở nên thật khó khăn lúc này :(((,that_vong
Dương Thu Đẹp chắc chưa mới cưới,trung_tinh
dume tao vừa mất 2 phút nhãm nhất cuộc đời tao 😒😒😒,that_vong
Bi Bi thi` ai ban linh~ cho no tang hinh luon la xong,gian_du
"hồi nhỏ thì tao bị cả bầy dí , được fine đến khi tao 12 và đi học đh năm nhất , sau 1 tháng xa nhà , về nhà và cái kết là tao không còn bước ra khỏi cửa nữa , n dí everywhere",lo_au
mặc dù mình nhìn chỉ bình thường thôi nhưng mà mình vẫn yêu bản thân mình,vui
thật là một câu chuyện buồn,buon
hối hận qua nhiều thứ.ước j thời gian quay trở lại,buon
còn đỡ hơn bữa ăn sáng nay của tao nhiều .,that_vong
"Bắt thềnh nha, làm tui đọc rồi nước mắt rưng rưng, thềnh cho tui 😭😭",buon
vậy 27 tuổi sai còn làm lại được không,lo_au
ước mơ của tôi là làm lập trình game số 1 thế giới,hy_vong
Tuấn Hưng t ốm muốn chết,gian_du
"mình nhận test Ny nha, ib tụi để trao đổi",vui
Bình thường thôi năm 12 tuổi mình đạp 90 cây 5 tiếng như cơm bữa.,trung_tinh
Đúng thật mình có dịp ra Phú Quốc thật sự là bị bê tông hoá nhiều quá vs thiên nhiên xung quanh dần mất đi sự xanh tươi vốn có của nó trước đây,that_vong
muốn nhanh thì cứ phải từ từ =))))),vui
trước đây tôi là rất tự tin hay lên bảng làm bài và thường xuyên giơ tay phát biểu nhưng kể từ khi cô chủ nhiêm mới chủ nhiệm lớp tôi cô ấy cứ nói tôi là vô trách nhiệm và hay đổi chỗ ngồi của tôi làm cho tôi thiếu tự tin và hay bị các bạn trong lớp nói xấu 😢 hiện tại tôi đã học lớp 11 nhưng những ảnh hưởng từ cô chủ nhiệm và các bạn vẫn còn ám ảnh tôi đến tận bây h,lo_au
cách anh ấy chạy thật là đàng ông quá đi mà 😂😂,vui
gắn bó thời sinh viên nè,trung_tinh
chẳng là cái gì cả,gian_du
Nhan sắc ko đánh giá hết đc con người đâu quan trọng là họ có tốt nếu ko có nhan sắc nhưng bạn tốt và hay giúp đỡ người khác cũng sẽ đc yêu quý,hy_vong
"Bạn Muốn Hẹn Hò? Người lớn đi xe đò, taxi, xe ôm",trung_tinh
Bình An độc toàn thân,gian_du
tốt nhất là app cứ bắt thanh toán trước rồi mới cho mua là ok nhất chứ không khổ mấy người shipper,gian_du
per bếp ga nha,trung_tinh
phim này rất hay . tình cảm nhẹ nhàng . toàn zai đẹp . hehe,vui
Đối với em thì cách để xả stress nhanh nhất là khóc <br>Khóc là thứ nhanh nhất để xả stress<br>Cứ để nó chảy theo dòng cảm xúc thôi☺☺,trung_tinh
Sad Hai Le cảnh pinkman khóc thương vch,buon
Thương 2 mẹ con quá 😫😫😫,buon
Toàn dân đều là con cháu giồng tiên,vui
có ai ngu như tao không đơn phương con nhỏ cạnh nhà 4 năm mặc dù nó ngồi chung bàn với tao suốt mấy năm cấp 3 :(((,that_vong
Ngan Pham Vừa xem vjdes hãi quá.xem vd bên Tin Tức 24h,lo_au
mới đi nhổ răng số 8 và chụp 😞,that_vong
điên lò nấu dầu,trung_tinh
"Vào môi trường mới em ít dám nêu ý kiến cá nhân. Vì sợ mình bị rơi vào trường hợp cầm đèn chạy trc ô tô, sợ ng khác nghĩ mình đang thể hiện, sợ cái đó ý tưởng đó đã có rồi mà mình tài lanh thể hiện sn mình ra.",lo_au
"Ủa 😞 ổng dễ thương lắm á chời ơi🥲 tài năng, hát hay nữa😢",that_vong
"thế các bn nghĩ người có nhan sắc lịu họ có tự tin kh , càng tự ti đấy ak",trung_tinh
t ko dám chụp hình chỉ vì xấu:(,buon
nuôi con mèo mà nó đi mất haiz,buon
Chuẩn luôn :)) rất ít nói,vui
"Má ơi nay đi đường không bị tắc, cảm thấy yêu đời 😆",vui
hối hận nhưng ta vẫn phải bước tiếp về phía trước,buon
per gặp thần tượng mỗi ngày kkk,vui
78 thằng đéo có ý thức,gian_du
quan trọng là đỉnh ^.,vui
Nguyên Phạm người trong cuộc hiểu người trong kẹt quá héng,trung_tinh
Tôi chưa bao gio cảm thấy hối hận,trung_tinh
@july107193 Cái thuở ban đầu lưu luyến ấy nghìn năm không thể dể ai quên,buon
"Từ nay về sau, bà 8 Xe Lửa hay Lưỡi Lam gì thì Lu cũng không sợ nữa. Hôm qua Lu còn đảo một vòng xe cho mấy anh công an xem nữa, rồi mấy ảnh sai Lu đi mua đồ nhắm cho mấy ảnh lai rai, cho nên hehe, từ ngày có cái xe, Lu lên chức ... tà lọt cho CA gòi.",lo_au
"Tim đập thình thịch quá, khối lượng công việc nhiều quá không biết bắt đầu từ đâu 😭",lo_au
hạnh phúc . mà hạnh phúc của đàn ông thì khó nói lắm . kaka,vui
Vào tù mà hối với hận.,buon
giá như hôm ấy không chủ động với Cr...👍,buon
T mà thân vs ai t nói hơn cái máy còn k thân nch kiểu ngượng lém,trung_tinh
"@Tien400 Không, họ không chấp điên rồ, họ rất tỉnh táo để quay lại thực tiễn và nhìn nhận nghiêm túc ước mơ. Viết tiếp ước bằng hành động cụ thể.",hy_vong
Đã 1 thời,trung_tinh
Lâm Huỳnh Vũ quao,vui
mình thích nhảy lắm a mik khi đc cô chọn vào đội đồng diễn tớ vui lắn mà tớ sợ ph mặc váy vì thân hình tớ mập nên tự ti quá.🥺,lo_au
"đúng em có khuyết điểm thường bị so sánh, tự hỏi tại sao mình đã làm gì sai mà phải nhận lại những lời nói tiêu cực chứ?",buon
bây giờ lại chơi trò đánh tư sản mại bản như ngày xưa đi nhể,trung_tinh
haizzz ... thế là chưa có kq gì tốt đẹp cả ..,that_vong
sống là tốt rồi kệ mẹ đời nói!,hy_vong
Thôi về quê đi cho lành,that_vong
per tổ đội đánh rắm vào mà xem,gian_du
1 hình này thấy từ sáng đến giờ trên mấy page rồi 😑😑,trung_tinh
per tại nhiều nơi đổ về nên đông lại càng đông . biết lối tắt thì còn đỡ chứ không thì mệt lắm,lo_au
"sao giống chị vậy hai em, hai em có phước hơn chị, chị còn có hai con còn nhỏ đó em",that_vong
tự ti cực luôn a😥,buon
Hối hận thật sự,buon
cái cảm giác nhìn người thân mình khổ còn mình lại chẳng làm được gì giúp .,that_vong
"Dạ ngăm cơ địa, mặt nám, tóc mái bò liếm , mắt nhỏ, cằm lẹm tự tí lắm;((",that_vong
Xăng độc hại mà… kiếm cx đáng bn đâu… rồi tương lai bệnh tật… họv thức cơ bản không có… cũng tại cô nhi viện… trai nuôi dương trẻ e bị bỏ rơi… trẻ em mồ côi nước ta còn quá kém chưa thể lo hết được cho các e…đất nước giàu mạnh hơn chút sẽ bớt khắt khe với các em hơn…,that_vong
Nhìn thương chú quá mong mtq giúp đỡ chú,hy_vong
@lend_enh😔💅 thấy tao hướng ngoại z chứ tao cx ngại giao tiếp mún chít 🥹🫰,lo_au
Mai Thi côn đảo y,trung_tinh
sợ rớt môn quá làm tao tim đập thình thịch 🥲,lo_au
Em đang áp lực vì điểm số :((( em kh được hoàn hảo nên bị đem ra so sánh. Không phải em lười học nhưng em đã cố gắng hết sức :((( Tất cả các môn em đều trên 7. nhưng em lại dính môn anh 4.9 :&lt; Mọi người có cách nào có thể giúp em về cách học tiếng anh hiệu quả kh ạ :&lt; Em cấp 3 ạ :(,that_vong
@NNgocc=)) t vs m đúng kiểu tần số luon do😳,vui
soi gương cảm thấy mình thật xấu xí,buon
Không nghĩ đây là hành động của một con người đối xử với nhau luôn . Tức giận tát đấm một vài cái còn hơn là hành hạ một cách dã man kinh tởm như vậy . Lòng người hoá quỷ dưx rồi,gian_du
Chúc mừng gđ chú ạ,vui
"Chị làm video bí quyết có động lực đi chị , e làm cái j cũng được 1 nửa lại bỏ ý . Chán bản thân lắm luôn mà ko có động lực hic",that_vong
Cu Ninh công nhận. Ra c.a kiện cho nhà ấy mất mấy chục,gian_du
cái này ma cái kết gì đâu thằng nhìn thì không bị thằng không nhìn thì bị vãi,gian_du
"lần đầu tiên thử 2 vạch mừng quá tấp đại vô đây khám , nó nói bị động thai , thiếu máu , đủ thứ trò , 1 hồi ra tính tiền gần 7 triệu . má t cay cái chỗ này lâu lắm rồi , chờ ngày nó bị phốt mà bây jo mới tới",that_vong
thiệt làm j cũng ngại nhưng cũng ko buồn bằng cr chê mình xấu😔,that_vong
thấp môi dày nhan sắc ấy tôi khiến tôi thấy tôi xấu nên mặt tôi xấu hơn mấy bạn nhiều,that_vong
"Bún Cá tai nạn lao động mà nó kêu ngu, đ biết ai ở đây mới là người ngu nữa",gian_du
"Nguyễn Ngọc ủa b ơi, máy bạn í hư main các thứ sửa 9-10tr mà bên chị kia bảo chỉ trả phí sấy máy là sao? K đền máy mới cho ngta thì cũng phải đền 10tr sửa máy chứ. Còn k thì mua máy mới đền ngta, vc chị í lấy máy bạn í về sấy mà dùng. Cứ bảo k mong muốn là xong đc à",that_vong
"bố mẹ thì còng lưng nuôi ăn học vất vả không mua được thì thôi , bất hạnh cái gì , bất hạnh cái gì",that_vong
s không để tới lúc chết rồi thêm kỷ lục xác chết có móng tay dài nhất,gian_du
anh em để tao hưởng trước nào,hy_vong
mình rất rất muốn đi nhưng trong túi kô còn xu mẹ nào vân kiều ơi,that_vong
"T cũng k hiểu sao không gọi người giúp mà đứng chịu 1 mình, giờ này cả trường phải đang đi học cả chứ",that_vong
Đi ngược chiều cao tốc Còn nhận biên bản là may đấy,trung_tinh
Kiều Anh Phương nghe cái muốn về vn lun 🤦‍♀️,lo_au
Thánh thần thiên lý ơi đỉnh quá,vui
Chúc mừng hai vợ chồng thật may mắn vui quá,vui
Mai đi phỏng vấn mà run quá làm hôm nay tim đập thình thịch 😥,lo_au
Ng quen à c ơi! E thấy có bạn chung dạy cùng trường c à Diên Nguyễn,trung_tinh
"muốn hun , muốn ngắt , muốn nhéo , muốn tán vào cái mặt nó ghê , yêu vãi ??????",hy_vong
Pi pi phú quốc,trung_tinh
1 % kìa rồi ra cổng gọi thế nào,lo_au
"làm người trầm tính lâu rồi khiến mình chần chừ, ko đủ can đảm để làm nhiều việc, lết đc tí rồi dừng, thật sự mong muốn có những tác động j đấy đập vào cuộc sống hiện tại của mình",hy_vong
"Còn 1 điều nữa, các bạn nữ ko mặc áo trong mà ra lấy hàng shipper thì các shipper cũng có để ý và khi tụ họp lại với nhau sẽ lôi cơ thể các bạn nữ ra bàn tán nhé.",gian_du
Những trường hợp này rất đáng quan tâm và giúp đỡ nhưng trời thương cho họ hạnh phúc và mạnh khỏe là Ok chúc các em sớm vượt qua nhe,hy_vong
lỡ làm bể màn hình của mẹ quá nhiều suy nghĩ quá nhiều nỗi lo sợ bị mẹ quánh 😭🙏🏽 cứu mình,lo_au
cảm giác bị phản bội,that_vong
Chị ơi làm sao để ngiu mình có lòng tin lại với mình khi mình lỡ đánh mất lòng tin của anh ấy ạ,buon
Lão Hạc Ngọc Châu đây cách xử lý nè,trung_tinh
Cảm ơn ekip bs ... chúc bé mau sớm hồi phục sk và cánh tay trở lại nguyên vẹn,hy_vong
"per thấy chế thủ sẵn hộp mặt nạ rồi thì phải . tim em mong manh lắm , đừng để em hoạng sợ nhá chị ??",lo_au
em vợ tao đấy :)),vui
ơ thế hoá ra tao không bị ngu một mình ?,buon
"mình đang thất tình đéo hiểu sao đi cafe còn toàn tận cùng nỗi nhớ , chạm đáy nỗi đau , đừng như thói quen ... dume",that_vong
mập răng hô mụn tai tiếng mình tự ti lắm...,buon
"Quốc gia hạnh phúc nhất châu á, Đất nước chống dịch tốt thứ 5 châu á",hy_vong
ngoài mấy phim về vật lý ra thì phim nào của ấn cũng có những ý nghĩa sâu sắc .,vui
Thầy làm về muon tiền mua đất đi ạ.biet ơn thầy .💐,hy_vong
@Phucpro86580833 Hãy mạnh mẽ bước tiếp,hy_vong
"Đúng là mình luôn lo lắng cho tương lai, và quả thật là những gì mình lo sợ thì nó đã thực sự xảy ra. Bởi vậy mà mình càng lo sợ cho tương lai và càng lo nó trở thành sự thật. Cứ cái vòng luẩn quẩn tự bản thân tạo ra, tự làm mình mệt mỏi. Nhưng để bỏ đi cái lối suy nghĩ đó thực sự không dễ chút nào.",lo_au
@👑Nào tháo niềng đổi tên 🧬,vui
Diệu Thuỷ lúc đó tui thấy mông lung luôn ă sao nhìn mình đáng sợ thế 🙉,lo_au
Chịu a zai luôn rồi,gian_du
:((( má ơi vừa đẹp trai mà vừa thương em :< xem mà 2 hàng nước mắt chảy ào ào,buon
Chị muốn giúp va ủng hộ. Rồi làm sau ? Em,hy_vong
thầy ơi ra video thêm phương pháp nghe nói tiếng anh đi ạ :3,hy_vong
đang ăn . nói nói con cặc 😒😒,gian_du
anh ơi đây này per,trung_tinh
"Mai chuẩn bị đi xin việc làm mà không quen biết ai trong đó hết ,nổi lo sợ người lạ ập tới",lo_au
còn chặt cả cây ổi của hàng xóm để lấy cái chạc làm súng đấy cứ,trung_tinh
nhan sắc ko phải tất cả nhưng có nhan sắc chưa chắc có tất cả,trung_tinh
không có bạn trai ... thì giận ai 😑😑,gian_du
t hối hận vì lấy ck 😭,buon
😳😳😳😞😞😞😞😞,buon
Dương An hề gớm hơn ma,gian_du
Quá khủng khiếp 😢😢😢,buon
Bây giờ có loại vàng k hít nhé. Xi đẳng cấp luôn.,trung_tinh
"Tớ sợ rớt môn quá, trằn trọc mãi mới chợp mắt được 😰",lo_au
ngày xưa tao cũng viết nhưng bị chị gái đọc trộm từ đó dẹp mẹ nhật ký luôn,trung_tinh
Crush có người yêu làm mình buồn xíu xiu 😔,buon
ai cũng có cho mink một nhan sắc vẻ đẹp riêng của mink mà bạn đừng buồn ai cũng đẹp mà,hy_vong
mấy bé đừng tưởng giận lại là ngon ạ có khi giận lại xog nó giết luôn đấy,lo_au
Sao mà làm được. Câu hỏi này ngày trước mình cũng hay bị. Nhưng giờ mình ko vướng câu hỏi này nữa. Nhưng câu hỏi thứ 2 &quot;sao mà được làm&quot; mình vẫn dính cái này 😂,vui
sang năm nữa vác giường ra mà nhìn,trung_tinh
thu nhập bình quân chứ không phải thu nhập của nhân viên nào cũng thế 😏,trung_tinh
Kiều Oanhh nhả vía ko ai lấy =)),vui
sao đúng bài mày kết vậy 🙁🙁🙁,trung_tinh
Lòng ng thật khốn nạn.,that_vong
Chắc nó xem phim kinh dị nhiều quá nên bị ảo tưởng. Sợ thật,lo_au
t nhớ năm nào ông nội t cx v á,buon
có có tranh giành người mình thích nhưng vì ko có sắc nên đành ngậm ngùi từ bỏ.,that_vong
Vũ Huyền Trang có đoạn tự sát á b,trung_tinh
"Cám ơn. Tôi mất phương hướng trong cuộc sống. Tôi mất tiền và hiện đang đẩy ng thân vào hoàn cảnh tồi tệ. Tôi cần làm ntn để có thể vượt qua cảm giác tội lỗi này. Tôi ko biết tôi sẽ trụ đc bao lâu nữa, tôi thật sự tuyệt vọng vì tình hình hiện tại và thật sự coi thường bản thân mình. Hãy cho tôi lời khuyên",lo_au
"Chán nản thật sự quá, nuôi con mèo mà nó đi mất haiz",buon
Không sao đánh thế hay lắm rồi CKTG làm lại thôi,that_vong
"Video của chị thật sự rất hữu ích, chúc chị mau đc 1.000.000 sub nha 😉",hy_vong
"Hội Vũ úi Câu nói này được, xịn quá 🥲",vui
Trời ơi k tin dc. Thương quá c ơi :((,buon
ước gì tao thất tình cũng được giống như mày,that_vong
K có ng mua thì lấy đâu ra ng bắt 😒,gian_du
giá như lúc đó mà em ko hút thuốc lá thì ko có khổ như thế này,buon
đây người ta gọi là . khi đại thánh nhập hoặc là múa lân đầu năm,trung_tinh
"Ngọc Liên trời, tui cũng xem cương thi xong tui sợ nó nhảy vô nhà tui nè bạn tr ơi coi riết ám ảnh không có dám ngủ luôn á",lo_au
"Vừa cảm giác bị tụt hậu so với bạn bè xong, đổ mồ hôi hột lun 🥶",lo_au
cái thứ gì đâu không 😈,gian_du
những video như này chỉ khiến cho các cô gái càng thêm ảo tưởng về tình yêu thôi # ngưngảotưởng,that_vong
"Minh Tấn ngày trước thì làm liền, chứ giờ thì phải 1 thời gian mới nữa lồng ghép nhẹ vào cơ ;))",trung_tinh
Đủ 5/5 rồi. Mik hay tưk vs những j gđ nói và còn khóc nx. Mik nghĩ tiêu cực rất nhiều r (và bây h cx nghĩ),gian_du
Làm vậy chi rồi bồi thường. Thứ gì ngu ngục,gian_du
trách ai bây giờ đây huhu,buon
Hue Pham nhầm,trung_tinh
diễn viên già vãi -.-,gian_du
Tank Táck a xem mà đỏ hoe mắt,gian_du
Trà My lạo nhứt đội 4 đó à văn thơ k ai qua,trung_tinh
phạt thế quá nhẹ ...,that_vong
ai như tao nghe tự nhiên thấy ấm lòng vãi không,vui
"tui thì chx đc gặp ôg ngoại với bà nội thì ôg ngoại,bà nội đã mất rùi lúc tui còn 3 4 tuổi lận , còn ôg nội thì hog đc gặp do ôg đi chùa nhìu chỗ lắm nên chẳng bao giờ gặp đc ôg , đến khi tui gặp lại đc thì nội đã bệnh nhập viện rùi năm tui 17 tuổi ngay mùng 5 Tết ôg nội bỏ tui mà đi chỉ còn bà ngoại là người tui luôn lo lắng nhất thui.🙁",buon
Đồ bội bạc,gian_du
Yêu chị nhiều. Đúng trong thời gian em hơi mệt mỏi vì cuộc sống. Mạnh mẽ !!!,hy_vong
"nhớ quá , độ chục năm không đi soi ve rồi :((((",buon
Ngọc Liên biết cương thi nào ám ảnh nhất không? Chính là con cương thi 1000 năm trong phim Tế Công 😂,vui
"Vừa áp lực đồng trang lứa đè nặng xong, không biết làm sao lun ...",lo_au
5 nhìn 4 chạm 3 nghe 2 ngửi 1 nếm. 3%,trung_tinh
"quan trọng là lòng tin , bạn bè mình một số người mình đã mất lòng tin thì đừng bao giờ nói chuyện tiền nong . khâm phục anh",that_vong
Cấm tk này xong nó cũng tạo tk khác thôi em.,gian_du
thôi xong tao rồi :((,lo_au
"nhiều mụn, mũi to, mắt thâm, lúc nào cũng cảm thấy tự ti riết không muốn cởi khẩu trang..",that_vong
đi xa nó bắt cóc chết mẹ mày,gian_du
"một hình ảnh hay nhưng một loại âm thanh rất chối tai , câu đầu tiên đã chửi thể và tiếp theo cũng vậy , rất vô văn hóa .",gian_du
sai 1 khoảng thời gian đó giờ chỉ còn 2 từ giá như năm đó ...😥😥,buon
đôi khi có nhưng chuyện ko nói r,trung_tinh
Nguyễn Phúc Phương Uyên 😢,buon
@nangoc84 Ai cũng muốn trở thành triệu phú. Nhưng mấy ai đủ kiên cường để có thể vượt qua tất cả khó khăn.,hy_vong
per nhớ cái bếp huyền thoại của 2 đứa mình he,trung_tinh
năm nào cũng phải ở nhà trông nhà :((,that_vong
Nam mô a di đà phật Nguyện cầu hương linh em sớm vãng sang về miền cực lạc,buon
yêu bản thân ❤️,vui
đau ghê,buon
"Haizz. Nhiều khi đấy cũng là 1 kiểu may mắn. Những bạn ở nghệ an thanh hoá hay miền núi cũng chẳng đc đi học thêm, vẫn đỗ cao, thậm chí còn nghèo đến cơm k đủ ăn.",hy_vong
"Nghe bạn nói tôi rất ngưỡng mộ, bởi k phải ai cũng hiểu đc rằng ""giới hạn"" của bản thân ở chỗ nào ✌️",vui
vậy nên cứ lờ đi mà sống tiếp,buon
ê tao đi nhật chưa được 1 năm mà xem video này làm tao loạn ngôn ngữ ghê . thỉnh thoảng phải dừng video ngẫm câu nó nói nghĩa gì,lo_au
gặp được em nhưng sẽ chỉ quan tâm và bảo vệ em từ xa,that_vong
Vấn đề kỹ năng,gian_du
nên xử lý nghiêm khắc,hy_vong
lỗi là do phụ huynh . nên đừng gây áp lực cho mấy em trẻ,gian_du
E theo phe a vision nha. Con 911 này drama 1 lần r nên k tin tưởng đc nữa,that_vong
"không biết sao chứ tao đọc bình luận thấy toàn bình luận bảo là chữ này là do người lớn viết ra , rút cuộc là sao ?",trung_tinh
"Nghĩ mà rùng mình quá, thấy tài khoản cạn tiền mà hoang mang 🥶",lo_au
"Tùng Vĩnh Long hi vọng có cảnh đấy. Chứ ko là t nghĩ mấy a tự bịa ra. Mấy đứa nhỏ chưa đủ tuổi đi xe sợ mấy a CA bắt thôi, tui hồi nhỏ cũng vậy. Nhưng mấy thành phần anh chị, đua xe, quái xế các kiểu thì hiếm khi thấy mấy a CA đuổi, mà tụi nó ngày nào cũng ầm ầm đường xá.",that_vong
Nguyễn Minh Tuyết kk bữa mô vô thu rồi lấy về ăn nha,trung_tinh
đcm ác mộng,lo_au
Đặng Tú rất cần link fb để hội ce vào xem mặt ngang mũi dọc và tiện thể để lại 1 câu chào .:)),hy_vong
Quá hạnh phúc,vui
hàng cổ rồi anh ơi,trung_tinh
Cái giá của trưởng thành nó đắt quá. Tiền tiền tiền gì cũng tiền ta tự hỏi đồng tiền nó làm ta khổ vạy sao,buon
@Khoảng lặng 26-30/8 vậy đã thấy có hối hận điều gì chưa ? Với anh nếu để mất em thì có lẽ đó là điều mà anh hối hận nhất,buon
Ánh Nguyêt Ngô nhà mình xóm 2 mà,trung_tinh
review ghế em tham khảo với anh :&lt;&lt;&lt;,hy_vong
Xem và đọc xong khóc luôn. Thương con,buon
2025 vẫn xem,trung_tinh
thế mày thích hiền lành dài dài rồi bùng phát hay mày thích ngày đéo nào nó cũng nổi điên,gian_du
trên thì một kiểu dưới thì kiểu khác,trung_tinh
"Hoàng Văn Công cũng chỉ vì miếng đớp vào mỏ thôi, ăn cho lắm vào rồi sán chó với gout nha. 🙂",gian_du
"Thực lực VN đến thế là mừng rồi. Hàn, China, đài loan là đội mạnh",hy_vong
cuộc sống mà =)),vui
tôi có xem tử vi giờ ngày tháng năm sinh âm lịch ..cung mệnh can chi ngũ hành vk Ck ..năm kết hôn ..gia cảnh và ngoại hình người hôn phối..bàn tay ..,trung_tinh
"Chuyện này cũng khó mà trả lời rõ được. Có khi bạn gái em bảo em mít ướt là do LÝ DO em khóc chứ không phải là chỉ vì thấy em khóc. Ở tuổi 18 thì ai mà chẳng chịu áp lực học hành, và nhiều bạn cũng có vấn đề về tình cảm. Lời khuyên của anh là dù sao khóc thì cũng khóc rồi, ko thể ""undo"" được, giờ cứ phải hiên ngang lên, bất chấp mọi lời trâm trọc, tập trung vào học hành. Sắp thi rồi, đừng vì những chuyện nhỏ nhặt này mà phân tâm.",hy_vong
"Trần Q.Anh nhưng cũng thể để 2 thg kia n cứ nhởn nhơ k phải chịu kỷ luật nthe dc ạ , e cũng k bênh ca . Nhưng đi phóng nhanh vướt ẩu trêu ngươi e nghĩ cũng tức quá mất khôn thôi",gian_du
Phải chi hồi đó học hành cho đàng hoàng thì bâyh không phải bôn ba như này rồi🥺,buon
Ng đàn ông đó sẽ nói e sẽ là công chúa còn a Ko phải là hoàng tử.,trung_tinh
T xem đc đúng hết tập Lori đẻ xong là bỏ lun. Cảm thấy nhạt nhẽo!,that_vong
Để dành đi comment dạo chuẩn nha tại bé nó nhỏ chứ chắc phải mình mình nhai mẹ đầu,gian_du
nam mô bổn sư thích ca mâu Ni Phật nam mô bổn sư thích ca mâu Ni Phật nam mô bổn sư thích ca mâu Ni Phật tại sao có hoàn cảnh như vậy trời,buon
Mai Mai nhiều lúc nghĩ thế mà làm ko được,that_vong
"Rơi nước mắt quá, nay đi làm về mệt quá 🥀",buon
"Bây giờ các con học ,học , và học tội quá",buon
đẹp trai quá,vui
dume thằng mất dạy !,gian_du
có hiệu quả không mới quan trọng,trung_tinh
các bác có thấy ko báo cáo năm nào cũng GDP tăng trưởng đó,gian_du
Hữu Cảnhh :vv ấy quá,vui
tội cả con quá 😭😭 một lũ vô nhân tính đã hủy hoại những mầm non tương lai .,gian_du
per dạo này béo quá rùi :(,that_vong
"Chị nói rất đúng. Em là ng bị ảnh hưởng bởi gđ bme, những ng rất tiêu cực, và cs của e đang trong giai đoạn tự ti trầm cảm, ngại tiếp xúc, sống bị tách biệt, từ thời học sinh đến đại học, em rất buồn vì điều đó, e thấy cuộc sống của em, những bước đi của em, quay bên nào cũng là bóng tối.",lo_au
"video của Giang ra đúng đợt cảm xúc của mình tiêu cực, và mình thấy mình cũng làm khá tốt, gần như những gì Giang định hướng. thời gian phía trước còn dài. mình còn cần phải cố gắng nhiều. sẽ có những lúc mất động lực, sẽ tìm xem lại các video của Giang, và tiếp tục bươc tiếp . cảm ơn Giang ơi ^^",hy_vong
Vì một bữa nhậu mà mất sự nghiệp,that_vong
cho ngay cốc bia vào mặt . nhố nhăng,gian_du
kinh dị v,lo_au
AI YÊU VIỆT NAM TỰ ĐỘNG VIẾT HOA🥰,vui
Glenn chết mà muốn bỏ fim luôn 😞😞,that_vong
dung roi co le to qua tu ti roii chi muon nhot minh trong mot can phong trong thoii..!!,hy_vong
"dume , em tao mà bị thế này thì tao xiên mỗi đứa một nhát , đi tù cũng được",gian_du
Hay giỏi lắm rồi chỉ là game ko độ cho ta thôi ❤️ cố lên còn cơ hội world nữa 💪 GAM TIME,hy_vong
cái này fact r,trung_tinh
Mong các cha mẹ phụ huynh đừng bỏ con để con rơi vào hoàng cảnh này.biết rằng ko phải mái ấm nào cũng vậy nhưng xem xong thật sự rất xót những thiên thần ấy. Chỉ mới mấy tháng tuổi thôi ạ đã phải chịu nhiều bạo lực ko đáng có như vậy mong pháp luật sẽ vào cuộc để các e có thể có cuộc sống tốt đẹp hơn ạ,buon
"Cảm xúc tiêu cực của em đều có lý do ở em hết. Em không thể ngừng nghĩ đến việc này hay việc kia thất bại là do bản thân em. Quan hệ với bạn bè không tốt, Công việc không thuận lợi, Học hành giậm chân,... em đều cảm thấy do bản thân mình tính cách không tốt, không khéo léo, tư chất không đủ hoặc phù hợp, bị cảm xúc chi phối quá nhiều hoặc suy nghĩ không thấu đáo... Cảm thấy bắt đầu việc gì cũng sẽ mắc lỗi sai vậy.",lo_au
@MrNam1409 Có gian khó mới có thành công ạ,hy_vong
cho mình xin bài nhạc tên là gì với ạ,trung_tinh
loài người thật đáng sợ,lo_au
phim này là người cha zombie yêu thương con nè . xúc động quá 😢😢,buon
nhà nước pháp luật việt nam lên tiếng hộ em nó cái,hy_vong
- mấy bạn đừng có đổ mình nữa nha 😞😞. mình ngại lắm 😞,buon
nuôi gì mà không có tâm gì v nè,gian_du
ngày xưa cũng như này trong lúc mối quan hệ bắt đầu nhạt haiz,that_vong
"cụ mua cái đoạn đường này chưa cụ , đg nếu không cấm đỗ xe thì người ta có quyền đỗ thôi , ghét nhất cái kiểu coi lòng đg như nhà mình rồi vừa đỗ cái xe vào là ra chửi . dcm",gian_du
@_𝚑𝚎𝚒_ 🥵,lo_au
Tú Ngân Vừa mới xemm đc clip k dám xem hết hãi quá.máu lạnh.xemm clip bên Tin Tức 24h,lo_au
k hối hận khi đã làm,trung_tinh
Ra ca lại mất khả nhiều tiền r dm mày rời phải nhà t biết cái sai 2 mẹ con nhà mày,gian_du
"Anh em ơi nay đi làm về mệt quá, buồn xíu xiu haiz",buon
ai đã dùng nó bây giờ phải 50 tuổi rồi,trung_tinh
per chơi với con trai riết nên giờ đéo có người yêu nổi vì tính tình không khác gì con trai,trung_tinh
"mỗi ngày mình ôm nhau 1 cái như này hén , hí hí",hy_vong
@Nesaragesaraknm Sẵn sàng rồi bạn ơi,vui
Trần Nguyên coi nèeeee. Đi hoang sơ thích hơn,hy_vong
"Trần Bắc em 92 cũng vẫn học lớp lá, lớn hơn chút thì mới được học nhà xây",that_vong
Lê Lê Quốc Trường Sơn bạn dữ quá tui hiền khô à,gian_du
Trước đây em rất mạnh dạn sôi nổi nhưng có những sai lầm khiến mình bị quê nên đã nút nhát đung như kiểu a nói,that_vong
"per vãi xem phải cỡ này . , đoạn nó nhếch môi bố mày sợ suýt đái ra quần dume 😑",lo_au
Công an tìm giúp thằng chủ thầu về nhà giam luôn đi được không ạ,hy_vong
nồi cơm điện chứ gì .,trung_tinh
per bao giờ mày mới được nv nhỉ,trung_tinh
Nho Tím chủ quán cơm,trung_tinh
chả bt có nhan sắc ko nhưng tự tin mik đẹp nhứt=)))),hy_vong
ngu thì chết ...,gian_du
còn người yêu tao : một hơi có một anh đẹp trai bay lơ lửng rồi ôm lấy em khi em tắm,hy_vong
chú này hay ở ngã tư hậu giang với phạm đình hỏ q6 thì phải,trung_tinh
"Không phải quỳ lạy vợ đâu , mà ông ck đang quỳ lạy ông bà là cho nó đi ngoại tình để bắt tại trận có lí do bỏ nó 😆😆😆",vui
em chân thành nên em tổn thương !,that_vong
Lê Nguyễn Bích Ngọc Thì chán cơm lâu lâu phải cho họ làm tú bún đổi gió chứ chài😓,that_vong
lo cho thang bé lỡ rớt điện thoại xuống nước thì ....,lo_au
ee đúng nhaa tui ra ngoài đường toàn mặt đơ vs như muốn ăn tươi nuốt sống ngta z😳,gian_du
Con này nó bị ngáo mạnh thick thể hiện rồi Vào tù mà đốt nhé,gian_du
hỏi thế gian tình ái là chi =)))),vui
bà của tôi đã không còn khi tôi còn chưa biết gg là gì,buon
làm lại từ đầu,buon
per rất là thực tế nhé chú .,trung_tinh
Chán lắm,buon
"bởi tao thấy ai nhìn vô mặt tao lâu lâu chút là tao thở ko nỗi liền,thề sợ vãi .",lo_au
chuẩn bị bước sang 31! phải thật vững bước nào các bạn tôi,hy_vong
😒😒chắc các con vừa kinh sợ vừa lo lắng lắm khi ở với mụ phù thủy này ..đánh ng quen tay oy chỉ cần khóc k ưa thôi là trút giận lên các bé ..thương quá..ngỡ đâu vào mái ấm dk qtâm chăm sóc vì đã thiếu ty của bố me oy ...v thấy cảm lạnh luôn 🤕🤕mong bà ây phải trả giá cho vc mjk lm,lo_au
Bạn có thể kiện bố mẹ nhà kia theo Khoản 2 Điều 586 Bộ Luật Dân sự 2015 nhé. Thằng bố con mẹ nó phải bồi thường hoàn toàn tổn thất do con nó gây ra,gian_du
A bình tĩnh nghe e giải thích,hy_vong
"không kể hết, quên r",buon
sợ con này lắm :((,lo_au
Ma Xó tk này nhiều vụ lắm rồi,gian_du
Em mới coi lúc sáng ở chợ đầu mối . mới 26 tuổi à,trung_tinh
Trần Thao cái nào chả có sự cố . bọn tư bản rơi đầy ra,gian_du
nhất định sau năm 30 dự định kế hoạch gian dở tôi sẽ hoàn thành,hy_vong
tôi cố tỏ ra lạnh lùng nhưg nhận ra mik ko đẹp trai,that_vong
Dcm mồm thằng đàn ông nào cũng bảo a k đánh phụ nữ đâu Dcm xem có một cái vde gì đấy có đánh k đừng nói qua mồm rồi tay vẫn làm hèn lắm khuyên các chị em đi học võ boxing để tự vệ cho bản thân kể cả thằng ck nó có đánh mik mik đánh lại thì nó đéo dám đánh mik lần 2,lo_au
qua OK co lên roi se qua thời,hy_vong
Giá như hè chịu học là đâu như vậy..,that_vong
"nó quan tâm mày thì mày đừng vội mừng là nó thích mày , nó chơi chán rồi nó bỏ thôi .",that_vong
@nangoc84 Ngọc ghé mình nha,hy_vong
Chủ coi được chắc giải thích với dòng họ quá,gian_du
doume khó vậy mà cũng nghĩ ra được 🤣,vui
Tương tác qua lại nhé XE HAY,hy_vong
ai cx xứng cs tình yêu đẹp mà ??? đâu cs qtrong nhan sắc?,hy_vong
"Ngày hôm nay em quá mệt mõi với đống suy nghĩ tiêu cục và em đã sống với nó gần 3 tháng nay. Em thật sự rất muốn thay đổi những sug nghĩ tiêu cực đấy bằng những việc tích cực. Vậy nên kể từ giây phút này em sẽ thật nghiêm túc và tỉnh táo để nhìn nhận vấn đề theo hướng khách quan và tích cực. Cảm ơn chị Giang. Cảm ơn tất cả cmt của các bạn, đấy là 1 phần lớn động lực của mình. Chúc cho cta sẽ có 1 cuộc sống đầy dịu dàng và ấm áp hơn❤",hy_vong
tự hào về VIỆT NAM♥️🇻🇳,vui
1 54321<br>2 tư duy 3 phần trăm <br>3 thở<br>5s hít vào bằng mữi<br>Giữ 5s<br>Thớ ra 5s bằng miệng<br>Giữ 5s,trung_tinh
Hồ Phi Hổ uây idol hổng chơi tịt tọt nữa gòi 😞,that_vong
mình thiì chưa năm nào được trọn vẹn,that_vong
Đến một cái thời điểm như mình thì sẽ không còn nghĩ đến cái gọi là hối hận nữa 🙂,trung_tinh
"Châu Minh Melina Hosten sợ luôn, lại còn gửi bánh đến đám tang ngta nữa, đ hiểu 🙇",that_vong
"per đi coi phim coi , hẹn quài luôn á",that_vong
Nó cũng đẹp trai mà,trung_tinh
mông mọi người chia sẻ để giúp đỡ hai em ấy,hy_vong
nam chính đẹp . nữ chính hơi già . nếu nữ chính là 1 diển viên dể thương thì xem hay hơn nhiều,that_vong
chủ thớt sao xinh gái thế =)),vui
Sai càng thêm sai. chỉ mỉm cười vì sự lựa chọn của bản thân mình .,buon
Hối hận đến lỗi chẳng thể nói ra 🥺,buon
@Nesaragesaraknm Dẹp hết bệnh viện và nhà thuốc thì quá tuyệt vời pro.,hy_vong
Bao kỉ niệm lại ùa về nguyên vẹn.nhớ quá....,buon
Máy thằng co hôn sống chạy cho đã vô. Giờ sáng mắt lũ mày ra chưa,gian_du
Tài xế xe vô văn hoá quá,gian_du
"Câu chuyện có ý nghĩa,tình người!",vui
ấy thế mà đã 6 năm rồi . bây giờ còn không nhớ được những đứa nào đã học cùng mình nữa rồi 😪,that_vong
bài giảng hay quá anh ơi,vui
"Không có một ai xứng đáng hơn cậu ấy, xin chúc mừng Leo Messi.",vui
"mệt thật đấy bản thân lúc nào cũng lủi thủi một mình, bao nhiêu lỗi buồn chỉ có thể ngậm ngùi chôn vùi vào trong lòng☺️",buon
"trước t tự ti bản thân lắm, nào là cánh mũi rộng, bụng bự tay chân ốm nhôm t bỏ tận 2 năm để thay đổi cơ thể và giờ t vẫn tự ti 🙏",buon
Sợ rớt môn quá làm hôm nay tim đập thình thịch 😥,lo_au
t nói sau cú là chính mình🫵,hy_vong
mấy thanh niên ngu học theo ngôn tình thấy chai bé không viết hết được lại mua chai 1 . 8 lít thì hơi mệt đấy 😂😂😊,vui
sau khi có vợ anh per đã có đồ giả gái xinh và tinh tế hơn 😆,vui
"per lại nhớ chiều nay , buồn cười sấp mặt luôn . :v dù mệt nhưng ngày nào tan làm cũng muốn được đèo đưa đi ăn kem , ăn đồ chua , ăn miến trộn như hôm nay cerrrr :v",hy_vong
k biết ôtô của Vingroup thế nào chứ đt Vsmart quá ok luôn,hy_vong
Làm ơn .. huhuuuuuuuuuuu,buon
đây là hội à mày ? làm tao phải lên gg tra sao lại đông người thế :)),vui
Phan Mỹ Hảo may quá . Nhìn các bé bị bạo hành mà xót xa quá. Thực sự k biết làm gì để giúp các bé nữa,gian_du
Bí quyết là phải đồng hóa và dân số lớn mới gìn giữ dc quốc gia,vui
Con lạy bố bài thơ nó vô tri lắm,that_vong
"Có 1 lợi thế của chủ nghĩa xã hội nghe thì rất độc tài nhưng lại cực hữu ích, chủ nghĩa này tồn tại trên danh nghĩa nhân dân việc làm có lợi nhân dân và đất nước thì họ sẽ thực hiện được dễ dàng hơn mà k bị cản trở bởi các điều luật gây áp lực về sự tự do dân chủ so với 1 số quốc gia",hy_vong
"cái đoạn bôi son nhìn vớ vẫn , nghĩ sao dùng xong mà nó còn nguyên . vớ vẫn",gian_du
per hẹn xem phim này nữa nha mày 😛,vui
🥰🥰🥰,vui
Nếu chó đi rong bên ngoài thì nên để họ bắt hết. Mẹ tôi vừa bị tai nạn do chó thả rong tốn gần cả trăm triệu mà có ai ra nhận chó mình đâu,that_vong
Cuộc Sống Thường Ngày 🍀🍀🍀🍀🍀🍀🍀🍀🍀🍀🍀,trung_tinh
Con này phải dội nước sôi vào l,gian_du
Nguyễn Minh Kiên ncl k có thiện cảm,gian_du
con gái chả thế con trai đi dume mày có nhận hàng không,gian_du
"Vướng vào mấy chuyện tình cảm. Tôi sống kiểu nội tâm hướng nội, đhs quen mấy thằng gu năng động vui tươi nhí nhảnh, được một thời gian yên bình rồi thôi, tổng 3 người bị cắm 3 cái sừng. Nhiều lần bị thuyết phục thay đổi năng động các thứ làm tôi tự ti vcc, thiết nghĩ chìm trong mấy việc vẽ vời, đọc sách các thứ nó tệ đến thế hay gì, tôi vẫn xã giao bình thường, nhưng mà hay sống trong thế giới riêng hơn.",that_vong
"🥰cố lên các cô gái , ko sao đâu ổn mà",hy_vong
giống ml em tao hồi n nhỏ vãi . muốn ngủ với mẹ nhưng bị tao nịnh nọt bắt lên ngủ với tao :)),hy_vong
@NguyenH07232397 Hãy luôn mỉm cười. Mạnh mẽ bước tiếp,hy_vong
E chúc Gđ a/c vs các cháu một đời an nhiên ạ,hy_vong
"có bài hát "" cuộc đời vẫn đẹp sao , tình yêu vẫn đẹp sao """,hy_vong
nghe nói 2020 hơn 4tr đàn ông sẽ ế vợ . mình chỉ việc chờ thêm 1 năm nữa thôi là đăng tin tuyển chồng 😂😂,hy_vong
"mũi củ tỏi tại vểnh trán cao, hói nhiều mụn đầu đen ko trắng... ko tài giỏi j nhìn mấy bạn nữ trong lớp mà t ngại vaiii",that_vong
Chưa lấy vk là điều hối hận nhất,buon
Hôi hận của t từ 2 năm trc🖤,buon
thương🥺,buon
"đuma tao đang ở đấy nè , vừa đi vừa ôm túi sợ cướp :((",lo_au
hối hận khi cắt tóc mái,that_vong
tuổi thơ thật đáng yêu . chỉ có người lớn dẫn sai đường các em thôi,that_vong
Cần lắm 1 người dắt đi coi 🤦🏻‍♀️,hy_vong
"@TvNhinhi Đúng vậy, phải đi qua những năm tháng khó khăn mới hiểu được giá trị của cuộc sống",hy_vong
"cuộc sống này là của mình sống sao cho tốt đời họ soi thì kệ họ, ko quen bt j nhau nên chả j phải tự ti rồi họ cũng quên bạn thôi, nên vô tư đi😁",hy_vong
Phương Trang vẫn thấy mà,trung_tinh
Thơ như của hs sáng tác,gian_du
Hết hồn chỉ vì thử,lo_au
"Vụ ở Lào 4/10, vụ này ở Việt Nam 6/11. May mắn hơn Lào là 2 phi công Việt Nam vẫn còn sống. Ps: Bangladesh 5/9, Lào 4/10, Việt Nam 6/11. Con số 4,5,6",that_vong
Cầu mong các anh bình an trở về!,hy_vong
"ko có nhan sắc mik lmj ngta cx thấy ngứa mắt, đến bố mẹ còn chê bai mik thì còn ai thương mik ngoại trừ mik ra nữa?",that_vong
"Lê Quốc Nguyên ""lên đến 1 triệu"" bạn hiểu ko? Nghĩa là hỗ trợ giá trị đơn hàng từ 1 triệu trở xuống",trung_tinh
Kim Ngân xem thử hk 🙄,hy_vong
điều tồi tệ nhất là kiểm tra code trên giấy .,that_vong
cô per vợ ông per - trung nguyên - có phải là cô giáo per huyền thoại không nhỉ ?,trung_tinh
Mặt to tự ti thiec 😥,buon
Mỗi lần xem bài Chị đăng là em rơi nước mắt,buon
khổ thật nam mô a Di Đà Phật nam mô a Di Đà Phật nam mô a Di Đà Phật cầu Phật trời phù hộ cho 2vkck luôn luôn mạnh khỏe bình an,hy_vong
"Cái này giống như bị bệnh mà sao thấy ai cũng chửi hết vậy , chắc chỉ đọc tiêu đề 🙈",that_vong
Cái mặt này sinh ra để ở tù,gian_du
nhận nhầm con cặc . phải nói là 10 thằng thì 1 thằng nuôi con thằng khác,gian_du
rửa bát cũng được nấu cơm cũng được giặt quần áo cũng được miễn là có ba mẹ vợ con là được . làm gì cũng được,hy_vong
"Tớ tìm được quán cafe ưng ý, anh em ơiii 💸 🥰",vui
Ngô Như Quỳnh ngứa tay :))),vui
"Còn hơn trong phim kinh dị,thời thế ăn thịt người húp máu người,có còn biết sợ hãi là j nữa đâu 😱",lo_au
Thầy tym hết all bình luận luôn,trung_tinh
"Cứ nghĩ tới cảnh con hoảng loạn, la hét, đói khát dùng hết sức để đập cửa cho đến hơi thở cuối cùng mong sẽ có người thấy và cứu ra. Chỉ nghĩ bnhiu đó thôi thì người làm cha làm mẹ sẽ đau lòng đến cỡ nào khi mà lúc con mình cần nhất thì mình chẳng thể ở bên cạnh con. Thương con",buon
per nhớ quá trời nhớ luôn nè,buon
mink chỉ lo là nhà nước không đủ gạo nuôi mấy anh,lo_au
"Mình có nhiều sẹo ở chân,da ngăm,nhiều mụn khiến làm gì cũng ngại",buon
Serum Trị Thâm Sẹo chị hổng có nhu cầu,trung_tinh
Giúp Giang 1M SUB Đi Mọi Người Ơi. 5Ting. 😍😉💪,hy_vong
Nguyễn Thìn hình minh hoạ thoy…,trung_tinh
Có quá nhiều tiếc nuối nên chả biết giá như từ đâu,buon
Anh ơi anh có clip nào truyền động lực không ạ tại em kiểu như mà em bị overthingking mà em bị dồn nén nhiều cảm xúc nên e lại rất tin các bạn cùng lớp rồi e kể những điểm yếu chia sẻ sở thích của e sau này bạn ấy lại kể tất cả điểm yêu của e cho các bạn khác e nên làm j ạ ?,that_vong
Quá dã man,gian_du
không có khúc rớt dt hả .. 😑,that_vong
"dưới nước không nhìn được , kiểu gì chả có đứa sờ mông sờ .... dcm súc vật",gian_du
"Xấu nên chả dám đi đâu , chả dám chụp ảnh , chả dám yêu đương . Tự ti đến tiêu cực luôn 🥺",buon
mấy kiếp tu luyện mà có 5 triệu thôi à ?,that_vong
Bố mẹ ko hỏi thăm gì con sao...nghe vô lý nhể,gian_du
tôi ở gần bạn trong lớp:😐 tôi ở gần cj em họ tôi:😍🖕🤩🥳🤪,vui
giết người quá rồi giờ phải đi tù chứ,gian_du
buồn cười vãi ý,vui
"như mọi năm thôi mưa gió rét mướt , bây giờ mót ỉa là chỉ có thánh mới giúp được",lo_au
mẹ mày đã đánh mày tan xác chưa . phải tao thì mẹ tao cho nhừ tử luôn rồi ??,gian_du
Bình Kiểm đâu ở đâu hoàn mĩ hết được a,trung_tinh
2001 cũng huấn luyện rớt tại huyện kbang gia lai nhưng cả hai đều mất cũng là sân bay phù cát Bình Định,that_vong
1 thời gắn bó với nó . nhớ lại ngày xưa cực khổ,buon
không có gì là tồn tại mãi nhỉ,that_vong
"Richa ricon đáy xã hội thằng này đần thật sự , tao nói mày bảo thằng kia trong sạch hồi nào ? Đầu óc mày không thể load nổi à ? Bố thằng ngu này từ đầu đã bảo việc mày tỏ vẻ đi cmt khắp nơi về đời sống cá nhân của 1 người khác trong 1 vụ hiếp dâm cơ mà",gian_du
"Để vk buồn,vk khổ,thất vọng về mình.ng tôi yêu thương nhất",that_vong
nhanh vãi mới thấy xong,vui
chủ thớt sấp mặt rồi,buon
cái thứ bán hàng đéo có tâm . rồi mày sẽ ế bánh cho mà xem,gian_du
Chăm pa hay đại việt đều được. Ngoại trừ căm pu chia( nghe nó hèn ),gian_du
tên thì tất nhiên nhớ nhưng ngày sinh của tao thì ông bà bô nhà tao không một ai nhớ cả ^^,that_vong
"vừa về xong , phải nói là đông vãi đông chứ không phải đông bình thường =))))",vui
ngoại hình nhan sắc dù tui ko đẹp nhưng đc cái hát hay đỡ tự ti mn cố tìm điểm nổi bật của mình nha😋,hy_vong
khổ nhất người có bầu,buon
"Bây giờ em cảm thấy mình rất là rụt rè, nhút nhát, không muốn giao tiếp với ai, chỉ muốn ở 1 mình nhưng lại cảm thấy rất cô đơn xong cũng muốn đi gặp mọi người lại không biết nói gì, có cái cảm giác rất là ái ngại, lại muốn về 1 mình nó cứ luẩn quẩn vòng tròn ấy, vừa muốn mạnh dạn lên lại sợ. Em rất muốn thoát khỏi cái tình cảnh này lắm rồi em cũng 21 tuổi rồi mà nhìn mình chẳng ra làm sao thấy hổ thẹn với chính mình, với bố mẹ và mọi người xung quanh lắm.",lo_au
tận cùng của nỗi đau 😑😑😑,buon
tình yêu không bao giờ là mãi mãi . rồi cây cũng chết héo mà thôi khà khà,that_vong
Tầm này có gia dình thôi. 😂😂😂,vui
chia sẻ cho bọn này tù luôn,gian_du
nhưng nó giỏi và bản lĩnh đó,vui
cần tìm gấp bạn trai đáng yêuc như anh này trời đất ơi =)),hy_vong
xem lại quá nhiều lần đến nỗi không nhớ nổi . vì phim quá hay và ý nghĩa .,vui
tin người quá 🙂,buon
giá như đi học bán công thì không phải đi làm rồi,that_vong
"mũi củ tỏi mắt hí đen răng hô môi thâm cận nhưng em tự hào về bản thân em,em tự thấy chính mình thật xinh, học lực em giỏi, em có khá nhiều bạn nhưng ko thân, họ ko quan tâm nhân sắc em...",buon
Ủa?? Thấy đang khoẻ mạnh mà!! Tui sốc quá trời ạ!!,that_vong
quốc kỳ và quốc ca việt nam là một cái gì đó vô cùng thiêng liêng teong lòng mỗi người việt.,vui
Mong cháu sớm siêu thoát và mong cô vượt qua nỗi đau này,buon
T học tới 8r là t đã gục tới nơi r =)))),vui
"Đặng Hoàng Long mua từ đời nào liên quan gì tới chuyện cấm vận mới đây, với nữa hàng quân sự của Nga thì dù kg cấm vận nó có cần mua hay được mua từ mấy nước mạnh như châu Âu hay Mỹ kg?",trung_tinh
per thế mà cháu tôi không biết chơi 😭😭,that_vong
"đây là chỗ mấy đứa bây khoe khoang yêu đương đấy à , biết gió mùa về rồi không ??",gian_du
Trận này cứ buồn cứ khóc hết nấc đi! Mình có thực lực mà,that_vong
em ơi cho chị xin địa chỉ chỉ có quan ao cũ nhiều lam nên chỉ thấy tôi quá toi,hy_vong
cô kéo áo hú hồn luôn 😅,vui
có lẽ vậy là tốt nhất,hy_vong
hãy mang cô ấy sang việt nam ngay,hy_vong
Hay quá ạ ❤,vui
Chuẩn quá admin ơi. Tôi năm nay 32 tuổi mà giờ mới biết đến điều này. Tôi rất hay bị như vậy. Phải một lúc sau định hình lại mới thấy hết cảm giác cô đơn và buồn bã.,buon
Oanh Phi hoa hậu cũng k xứng với cu cậu! Hắn sinh ra đúng vạch “ về đích”,gian_du
Nguyễn Văn Hoàng fuckboi mà,gian_du
per anh bạn tồi nhất quả đất này,gian_du
"@MinhHai_MO OK em, làm podcast là tuyệt vời",vui
"Thế mà hum trước, chính ở page này, tui nói con người đang tàn phá và hủy diệt thiên nhiên thì có cả đám bu vào thanh minh thanh nga như thể loài người vô tội vậy. Đám đó, chắc hẳn sẽ nằm trong nhóm những kẻ phá hoại môi trường sống nhiệt tình nhất!",gian_du
câu chuyện vui ha =]],vui
bell phì xấu trai Ăn sáng trên lớp cx thấy ngại :((((,that_vong
nóng thế này cái thứ mày cho cũng không ăn,gian_du
Chơi thì chịu chứ có đánh phạm loi đâu mà trách với móc,trung_tinh
bài toán 2 uero bằng 1 wc còn chưa giải . giờ lại còn thế thì các cháu cùng đường mẹ r . ác vl,that_vong
Hiền hqua c đọc mà thấy thốn vcđ,lo_au
"tui đây vừa vô phòng thì con vợ mặt trắng bóc nhảy ra đây , tưởng là ma",lo_au
tôi hối hận vì không giữ được cậu bên cạnh mình.,buon
quá nguy hiểm,lo_au
Em khác mọi người . Em ko bị tiêu cực vì gia đình học tập và người khác mà em cảm thấy khó thở và sợ vì được sống .,lo_au
Quốc Chiến chỉ chờ có thế thôi phải ko lão đại,trung_tinh
mẹ bế đứa nào thì là mẹ của đứa đó nhé,trung_tinh
nhận biết cảm suy cảm xúc khi ăn năn nuối tiếc hối hận. 2 nghĩ đến hậu quả có thể xây ra. 3 động viên chính mình viết ra các giải pháp hành động 4. hành động làm ngay tốt nhất có thể. lưu ý đừng kỳ vọng trong luyện tập 1 lần 2 lần phải liên tục thành thói quen. cần tìm môi trường có tinh thần mạnh mẽ,hy_vong
Em cảm thấy may mắn vì được biết đến kênh youtube của anh. Mong anh vẫn tiếp tục duy trì kênh youtube này dù ít hơn cũng được❤,hy_vong
Hồi bé có quan điểm riêng nhưng luôn bị bố mẹ mắng nên h lớn ròi ko có quan điểm riêng và ko biết cách phản biện như nào luôn😢,that_vong
ngày tao chia tay tao khóc quá trời luôn,buon
Tận cùng nỗi đau,buon
chỉ là ngại nch vs ng lạ thoi mà,lo_au
"Ngọc Vân T đọc bài này lúc 2h30 sáng, khóc trong lòng nhiều chút",buon
Nguyen Dinh Cuong thằng em giờ mới biết ak,trung_tinh
Đưa bộ mặt của vc chủ lên luon,gian_du
Đinh Trung Dũng nhìn quen nhi,trung_tinh
tao muốn mèo nhà tao cũng tìm về được như này,hy_vong
kể mà nó biết cử độg vẫy vẫy nữa thì tuyệt con mẹ nó vời ??????,hy_vong
anh chỉ em làm video giống như vậy được không ạ?em muốn làm video giống anh,hy_vong
em bị một nhóm đầu gấu trong trường ghét á làm sao để bớt sợ ạ,lo_au
"t k biết nói gì,k biết cách nói chuyện nói tí cứ thấy t vô duyên,nói quá,bạn thân t thì đi chơi cùng đám khác,t k biết nch cứ như bị cô lập",that_vong
tao xin bổ sung thêm,hy_vong
đang hối hận,buon
tao chỉ lên ngắm cảnh tí xíu mà mày cũng dìm tao,buon
e không giỏi giao tiếp nên rất ngạii 🥺,lo_au
trước em cũng hắt xì 1 cái lưng khụ xuống như ông già đau vãi,buon
May May con dao 2 lưỡi biết sao mà lần,that_vong
áo sơ mi trắng mặc cả ngày thì nó cũng dơ và hôi vãi ýk,gian_du
Tại vì trai/gái anime đẹp quá ko thèm kết hôn nx 👽,vui
cứu tao :(( tao sợ rắn,lo_au
Trang Nguyễn vk cmt bậy quá,gian_du
"per haha nhiều tiền quá mang đây tao tiêu hộ cho , đóng thuế 10 củ phí quá =))",trung_tinh
"đi hát văn nghệ cho trường nguyên cấp 1 , kiếm được kha khá . cấp 2 vỡ giọng , khỏi hát",buon
per hôm nay c cũng bị giống thằng này này,trung_tinh
"per nhớ ngày tháng cta bên nhau ghê , giờ thì chả còn gì",buon
😞 2019 rồi xã hội phát triển kiểu gì vẫn còn lũ dòi bọ này nhì,gian_du
fan của nhà thờ đức bà paris vào cảm thông cái per,buon
khoảng gần chục năm về trước thì còn vàng trắng .... giờ thì bán còn không đủ không đủ để trả công nữa là,that_vong
T tự ti vì tóc của t tại vì nó k đc dài như các bn gái khác và tóc của mk rất giống con trai ☹️,that_vong
"tự tin lên các cô gái của tôi ơi, mình luôn xinh nhất khi mình là chính mình",hy_vong
Npp Đèn Chung Huyền chán nhỉ như kiểu phong trào vậy,that_vong
Giang ơi rất hay còn một cách nửa có thể trị dứt điểm cảm xúc tiêu cực bằng cách đi học thiền như mình đã trị được bệnh trầm cảm cuả mình nhờ đi thiền 1 khóa thiền VIPASSANA 10 ngày của thiền sư GONEKA,hy_vong
per tiến cử bản thân nào,vui
ngọt hơn cả người yêu haaaaa,vui
Mẹ tôi là người cambuchia,trung_tinh
hối hận muộn màng rồi,buon
xem cái này mới biết vốn tiếng anh của mình cũng khá !,vui
làm cái đéo gì mà lại lâm vào tình huống như thế này,gian_du
má cười ỉa luônn,vui
Sa Rang bây giờ mới xin thì muộn rồi. Xin cho con thì được,that_vong
per chán quá,buon
phim này hay á mng,vui
keme cuộc đời sống đã là hạnh phúc r nếu ai chê tôi tôi cảm thấy họ tht đáng thương tự ti về mik nên ms chê ngk,vui
"Em góp ý thêm là nếu bị stress trong công việc thì nên xin nghỉ ở nhà vài ngày để đi đâu đó tĩnh tâm. Ví dụ như đi chùa, sinh hoạt cùng mọi người, mình cảm thấy quên đi tất cả, chỉ có tập trung vào những cảnh vật xung quanh và tình thương yêu của con người với nhau. Trong quá trình đó mình luôn suy nghĩ tích cực và lạc quan thì sau 2 ngày là bạn thấy quên sạch nỗi buồn đó! Mình đã thử và thành công!",hy_vong
Sợ qá,lo_au
@yunus_arslan_ya Bạn cũng vậy nhé. Ngày mới vui vẻ. Gia đình an yên.,hy_vong
bớt ngu để sống tốt hơn,gian_du
Mong con mau bình phục nhe❤️❤️❤️,hy_vong
cái vị mà tao nghĩ đến cuối đời con người vẫn chưa nếm hết,buon
"bởi tầm nhìn nghề ngiệp quan trọng lắm ,học nghề đi các bạn,học cho có nghề thủ thân ,còn trẻ đừng làm lao động chân tay nữa",hy_vong
Trời mưa tự nhiên nhớ người yêu cũ 😢,buon
thế cây này có được gọi là cây tình yêu không ??,trung_tinh
"học không phải vì bằng cấp , học để lấy kiến thức .",hy_vong
Đoàn Thanh Hùng chủan ko để bán vàng chốt lãi,hy_vong
tao sợ thật sự :(((,lo_au
năm nay không được ăn dồi :((,that_vong
hahah thú vị ghê hen,vui
Đặng Việt Đức Bé này gần nhà a đó e,trung_tinh
mắt 1 bên to 1 bên nhỏ còn bị híp mũi lệch môi cũng lệch nói chung cả mặt lệch cười lên trông rất ghê đen đùi+ bắp tay siu to khổng lồ luôn á răng tớ rất xấu nữa tự ti cực kì=((,buon
"Văn Minh Nguyễn nước nào cũng có các vấn nạn riêng chú ơi dù là giàu mạnh văn hóa cỡ nào tjì đều có mặt trái ,nhìn vào thực tế chung thì VN cũng đã khá hơn trước đây rất nhiều rồi. 5 10 năm trước vẫn khổ lắm chú à. Uy tín visa hạng bét còn k dc đi xklđ nữa ấy chú. Còn để nói về tiêu cực thì rất khó tránh được trong giai đoạn hình thành và phát triển. Ai ý thức dc sốg tốt thì hay cứ cố gắng sống tốt. Ng lãnh đạo cũng khó lắm ,chỉ mong họ cố gắng hết mình vì dân thôi, mong họ toàn diện thì rất khó ,bản thân mình là ng có ý thức tốt mà đôi khi cũng k tránh khỏi sai lầm...",hy_vong
C xin chia buồn cùng e và gđ! Nỗi đau quá lớn nhưng hãy cố gắng mạnh mẽ vượt qua để còn bảo vệ cháu e nhé.,buon
Tự hào là con cháu VN🥰,vui
Linh Linh đọc mà đau lòng gớm đó Nghe kiểu cách nt cho mẹ mà thương,buon
Lấy sai người là điều t hối hận nhất trong cđ đến thời điểm hiện tại. Đã li hôn 5 năm.,buon
phải bồi thường thiệt hại bị trầy xước thân tàu . tiền sơn lại mấy toa tàu chắc cũng bộn .,trung_tinh
Chu Diệp Anh xem đoạn này con diễn cô đã rơi nước mắt quá hay,buon
30t tôi suy sụp vô cùng,buon
"thứ kém sang ngồi ăn ngay cạnh tao , có biết tao đang giảm cân không",gian_du
xác minh lẹ cty ơi,gian_du
thấp béo dáng k đẹp hay chửi tục hc k giỏi mũi củ tỏi tay búp măng da ngăm lm j cx tự ti..,buon
chổ mình là miền núi nên là không nấu bằng rơm nhé,trung_tinh
😳😬,lo_au
tao toàn bạn gái mà sao vẫn tưng tửng nhể ???,that_vong
Đồ giả làm từ họi ba đơi hít nha a,gian_du
cho con được thay ông bán vé đi 😔,that_vong
Loan Phương khương Thuận Hai Thanh trường tiểu học số 1 xã Phú nhuận,trung_tinh
sợ đi ngoài đường họ nhìn rồi đánh giá mình mặc dù mình biết là ko ai nhìn mình nhưng tôi vẫn tự ti muốn biến mất k để mng thấy,lo_au
Chúc mừng anh chị nhé,vui
Mong sau này sẽ gặp đc ng nv,hy_vong
"nguyên ngày hôm nay quá tồi tệ, vừa thấy tiêu đề như cái phao cứu rỗi mình vậy.. hic",buon
rơi mất tim . nguy hiểm thiệt ^^,lo_au
Nguyễn My tui cũng muốn xem cái này mà k biết làm sao. Ai chỉ với,hy_vong
Nguyên Thảo nhìn mặt bà ni là thấy ác rồi,gian_du
"tự ti lắm, em mang khẩu trang rất đau tay ..",buon
Thanh Hương k tin đc luôn c 😔,that_vong
per cái gì mình không làm được chứ đánh cái lũ đéo phải người thì mình làm tốt,gian_du
Xin ảnh cậu con zai nào bác ơi,hy_vong
Diệp Hoàng Dương có thứ khác che mắt r bạn 🥹,that_vong
Phim hay nha bn,vui
ôi người đồng bào vùng cao nầy cuộc sg họ vất vả khó khăn đến như vậy ? Mong mtq giúp đỡ họ có cs tốt hơn . xin cảm ơn mtq r nh ...🥰🥰🥰🌷🌷🌷,hy_vong
Lấy chồng như đánh canh bạc thế này😀,vui
"Biết là có tiền để bồi thường r nhưng thôi nhà nta có hỉ, húc 2 lần vậy rồi thì tạm tha đi bác",gian_du
"Cảm ơn anh nhiều ạ! Mặc dù hay xem youtube hàng ngày nhưng kênh của anh vẫn là duy nhất ảnh hưởng đến quyết định của em. Em đã dũng cảm hơn vượt qua mặc cảm của bản thân trong qua khứ, vượt qua định kiến, thử sức nhiều công việc mới, kiên trì hơn mỗi ngày, yêu đời và tự tin hơn nữa. Em cũng ngạc nhiên tại không ngờ mình có thể thay đổi nhiều như thế chỉ từ một quyết định và một cái video, nhưng không có gì là không thể xảy ra đúng không ạ! Nhưng em rất biết ơn ạ! Chúc anh và gia đình luôn mạnh khỏe ạ!",hy_vong
"Điều chị Giang nói về người nhà rất đúng với hoàn cảnh của em, đúng đến từng câu từng chữ luôn ý ạ. Và em đã làm như chị nói, em ngừng nghe và bỏ ngoài tai những điều tiêu cực từ rất lâu rồi và em luôn quan niệm mình sẽ phải sống vui vẻ và tích cực hơn người nhà mình. Và giờ sức khỏe tinh thần của em rất tốt, hay em có thể tự tin nói rằng em mạnh mẽ hơn một vài người ạ.",hy_vong
"Trước đây e đã rất tự ti nhưng cũng dần cởi mở hơn. Hiện tại e đi du học đến một đất nước xa lạ ,đặc biệt là rào cản ngôn ngữ , giường như em đang đẩy mình vào trong nhà và đóng cửa không chịu ra ngoài",lo_au
nên giúp đở người nghèo thật là mới có ý nghĩa,hy_vong
"Mn bình tĩnh, thật ra tên họ vs công việc ảnh nói cho có thôi chứ nghề chính của ảnh là cshs á😁",vui
đã xem 25-12-2021,trung_tinh
Dã man quá.,gian_du
"vietcombank 1 tháng trừ hết 22k phí inter với mobile banking , dù tháng đó kau chả xài tới cái nào :((",that_vong
nhỏ nhặt nhưng ý nghĩa và hạnh phúc 😊,hy_vong
đéo được tích sự gì,that_vong
ko phải do bạn xấu chỉ là do bạn không tự tin mà thôi..,hy_vong
Xem hết đến lúc bà đó lấy xe đi,trung_tinh
Nhựa thì hít kiểu j,gian_du
Điện Thọai Hoàng Thông xem thêm clip đi rồi phán. Dễ bị dắt mũi quá,gian_du
"Video này thực sự xuất hiện đúng lúc, hôm nay em khóc nhiều, em buồn và tự cảm thấy hôm nay có quá nhiều năng lượng tiêu cực. Cảm ơn chị yêu 💜",buon
May quá đọc mà lo quá luôn. Bác sĩ quá tuyệt vời. Biết ơn vô cùng,vui
"lúc nhỏ mẹ nấu cơm bằng bếp củi , ttao thì không biết gì thấy lửa tắt thì chụm vô : )) mẹ ra quánh cho trận vì nồi cơm khét nghẹt 😑",buon
"mũi mình thấp và tẹt, r còn bị mụn đỏ chữa mãi không hết. mỗi lần nói chuyện đều bị ngkhac nhìn vào mũi, hỏi ""sao mũi m đỏ vậy"", ai hỏi v là mình sượng trân, mình ngại lắm. đeo khẩu trang thì làm",buon
"Buông bỏ,mấy năm sau nhìn lại thấy nó khoẻ gì đâu,cho thêm tiền cũng ko dám quay lại con đường đau khổ này!Qt là ai có đủ bản lĩnh để buông..😊",vui
Yêu quá. Lớn lên thì giỏi lắm❤️,hy_vong
tự nhiên thấy cảm động hic,buon
Haha mắc cười quá,vui
điều hối hận nhất là.. vì sao lúc anh đi mà sao em ko kịp giữ.. và sau đó AK ấy đã đi thế giới bên kia rồi 😭,buon
tuổi thơ bất hạnh .. học mẫu giáo mà cạnh trường học là 1 bầy ngỗng . sáng nào tao cũng được chạy bộ tập thể dục nhờ bọn nó,buon
tôi khi chung bàn với tụi con gái tui k dám nói j,lo_au
per nghe đi rồi khóc 1 trận cho thoải mái . đừng cố gồng mình lên nữa,buon
đó là dấu hiện của sự trưởng thành =))))))))),vui
Phạm Bích Hạnh bố con dở hơi,gian_du
"cứ thấy nó là đi đường vòng , dù đường hơi xa vẫn đỡ hơn bị nó dí",lo_au
cận cảnh cái bụng nước lèo của boss xài hao vãi,gian_du
Nhưng em trong đầu em nó là có nên làm không làm đi nhưng không dám,lo_au
😄🙈🤒 Cười Xong Che Mắt Xong Ốm:),vui
"Khoan đã, anh nghe em giải thích đã, mọi chuyện không như anh nghĩ đâu",lo_au
@ThuanNguyen5672 Hãy mạnh mẽ bước tiếp dù bão giông tới,hy_vong
"làm bác sĩ sướng thật , bảo cở là cởi , bảo cưới là cưới . lắc đầu cái là cả nhà khóc .",vui
Đâu cứ phải là cam pu chia vì người thời đó rất thưa thớt chỉ vì kinh đô nằm ở đất cam thôi,trung_tinh
vậy là xử xong rồi đó hả ? nhanh dữ,gian_du
Vân Annh bọn này đáng sợ lắm . Trc chỗ mình cũng có vụ có thằng thông chốt đâm vào chị bầu 5th . C ấy ngã saythai . Nhà còn hiếm muộn chạy chữa 13 năm trời ms đc đứa con . Mà ngã mất luôn con . Th ranh con í còn chạy . Sau có cái oto đánh lái ngang ra để th báo con đâm vào hông xe mới bắt đc nó đấy b,lo_au
"Phương Nhung nhiễm sắc thể là Nam giới nhé bạn. Chỉ có ngực âm hộ là giống nữ thôi. Cơ bắp, xương hóc môn là giống nam. Gần giống kiểu nam giới bị cắt bớt vòi và ngực nhô thêm thịt vậy đó.",trung_tinh
Khốn nạn thật sự,gian_du
"Đợi tin từ 2 anh phi công , mong cả 2 bình an",hy_vong
có chút nhan sắc thì cuộc sống sẽ tốt hơn 1 chút,hy_vong
"Chị ơi em đang gặp vấn đề tiêu cực muốn nhờ chị giúp ạ.Em năm nay học lớp 11 và học cũng khá ổn nhưng em lại ko chơi thân với nhiều bạn trong lớp, và thường bị cạnh tranh trong học tập rất nhiều.Vì vậy em cảm thấy rất cô đơn và áp lực.Mỗi buổi tối em ko thể nào ngủ được.Hơn thế nữa lớp học của em các bạn chủ yếu là chơi mà rất ít học khiến em ko thể tập trung vào học được ngay cả trên lớp lẫn học ở ngoài.Em cảm thâý vô cùng bế tắc.Chị có thể chỉ cho em cách để vượt qua được ko ạ",lo_au
t đi lộn lớp rồi,trung_tinh
giống chó này hình như không có lông ạ ?? chó nhà em lông rụng đầy nhà .. huhu,buon
hây lắm vn ơi,vui
"chuẩn luôn , áp lực công việc cũng không bằng mối quan hệ với đồng nghiệp",that_vong
"đừng hối hận quá nhiều nè , phải có thử thách mới gọi là cuộc sống",hy_vong
nước mik sản xuất gạo là top 2 chỉ thua Thái Lan 😅,vui
"tim đập thình thịch quá, mới nghỉ việc xong chưa biết làm gì tiếp 🥶",lo_au
Quả báo tới,trung_tinh
tao tưởng nó té cái đùng chứ . làm ngồi chờ mãi mỏi cả mắt,that_vong
tao đi trợ giảng học sinh cũng dạy thầy cô nói chuyện ngoài múa quạt cmnl,trung_tinh
"Kiếm cái cam kín kín mà lắp trc nhà, ghi âm các cuộc gọi và tin nhắn lại để làm bằg chứg đi bạn Kẻ địch càng kiêu thì ta càg khích",gian_du
per chắc tao nên làm quả móng chân xoắn ốc dài nhất thế giới :))),vui
Nhi Vien ko coi,trung_tinh
"sau này mình giàu, mình có cuộc sống tốt hơn mình sẽ trích 20-30% thu nhập của mình, mình tự đi làm từ thiện đến tận nhà tận nơi trao cho những trường hợp mình thấy mình biết. 🔥🔥k để vụ 16tỷ chìm 🔥🔥🔥",hy_vong
Hôm nay vầy là quá đủ rồi...,that_vong
cũng có nơi gia đình khá giả mới có nó !,trung_tinh
Chấp Nhận khoá trang mất rồi,that_vong
Có những ngày tệ như thế đóooo,that_vong
cho em hỏi phim ra tập mới vào những hôm nào ạ,trung_tinh
Không biết ngày mai sẽ ra sao 😱,lo_au
Làm sao để chiến thắng bản thân mình ạ ví dụ như chủ đề giảm cân ạ mong chị sẽ giúp e,hy_vong
mẹ tao cũng thix em này 😅,hy_vong
"t không tiếc mấy ly trà sữa , chỉ thấy tội cho mấy cô lao công dọn dẹp mà thôi 😔",buon
bữa cơm trưa nay tăm tối như cái ava của tao vầy :((((((,that_vong
Đúng là không sợ chó.. Thả chó ra cho nó đuổi xem sợ k,gian_du
"Tớ giao tiếp kém,kh biết nói gì,nên chỉ lặng nghe các bạn nói 😞",buon
cảnh thì dõ đẹp mà nhìn nước ô nhiễm quá,that_vong
Giá như …,hy_vong
Gv và lái xe vô trách nhiệm quá.,gian_du
Thương qá là thươngg,buon
Tuấn Anh k đc cho con uống trà trân châu nữa bố ạ 😟,that_vong
hú hồn hà,lo_au
k phải ngại mà là nhiều chuyện quá k bt bắt đầu ao😥,lo_au
tự hỏi rằng những bạn nữ như thế nào thì họ có còn thích con trai không nhỉ 🤔,trung_tinh
hối hận nhất là khiến con cái thiệt thòi 🥺,buon
ngưỡng mộ mấy cậu vẽ đẹp quá,vui
Bắc Bún xin video với bạn,hy_vong
@Hien2021 đừng yêu quá vội là được nên tìm hiểu kĩ để không phạm sai quá nhiều,lo_au
@☆ khong biet sau nay co nhu y nguyen,lo_au
ship đồ ăn mà thiếu món 🙄,gian_du
Các chú công an giúp họ đòi lại giấy tờ và tiền công bắt giam chủ thầu,hy_vong
Đã từng và đang trả giá,buon
má ơi đây chính là thứ ám ảnh nhất cuộc đời con . kẻ thù 😢😢😢,lo_au
Chúc a an nghỉ sớm siêu thoát,hy_vong
"mình không có ước mơ không biết sau này bản thân sẽ làm gì, lòng mình chênh vênh quá",lo_au
thế cuối cùng có chống được chuột không,trung_tinh
Phước bạn vô lượng vô biên chúc các bạn khỏe mạnh để còn giúp đỡ nhiều người,hy_vong
"nhìn một cái rồi thôi , chuyện của những năm trước",trung_tinh
Nguyễn Sin chặn xe cứu thương đặng bán hòm dạo này ế quá mà anh,gian_du
ăn cút mẹ mày ra chỗ khác ăn nhé .,gian_du
Tại sao nhà nước k xử lý những trường hợp như thế chứ.,gian_du
tao nhìn tao thấy ghê vcd ấy,gian_du
Ngồi chờ anh ra video mà lâu quá 😂 lần nào xem cũng nhận được năng lượng tích cực và tràn đầy tâm huyết của anh❤,hy_vong
thấy việt nam là tym,vui
chị ơi em bị tiêu cực vì sợ mẹ với bố mất chị chỉ cho em cách ko còn quan tâm cái điều đó đc ko,lo_au
t có 2 con bạn thân nó thì cao trọc trời còn tao thì ... . buồn,that_vong
Tuyệt vời các Bsy..,vui
s tao lại muốn ăn cái này quá làm cho cay vào chua ngọt với sốt me thêm đậu phộng thề luôn 4kg tao ăn cũng hết,hy_vong
tr má cái tướng ổng nằm,gian_du
muốn nói bậy ghê nuôi con chó mà nuôi ra vậy . vừa ôm vừa bị ve,gian_du
k dám để nói nên nổi lòng,lo_au
Mặt to cứ khiến tự ti trong lớp,buon
"Anhkhoa Nguyen có ghi ""a H cũng nhiệt tình.."" tôi đoán cũng có nói ông ck rồi mà k nghe..",that_vong
Chuẩn tâm trạng e vl. Hnay e nhỡ vẽ cu vào vở thằng bạn xong bị giáo viên phát hiện..........ko biết mai có lsao k &gt;&lt;,lo_au
Y chang,trung_tinh
"per 😥 cảm thấy tội lỗi quá , từ nay không chụp nữa thiệt luôn",buon
thoáng chốc thành đống sắt vụn,that_vong
hối hận nhất là khi bản thân biết wa nhiều thứ 😞😞😞,buon
Nguyễn Đình Kha gặp bọn này đứng trên vỉa hè thôi cũng nín thở niệm phật,lo_au
Văn Phúc rũ nhậu mà,vui
muốn giúp anh chị chút ít như gửi vào đâu,hy_vong
"Hồi xưa mình học lớp nhà lá, lúc mưa cả lớp vội cất sách vào túi bóng với ngăn bàn vì mái nhà dột khắp nơi",trung_tinh
Mai Thành Nam lần sau chỉ cần nói “tôi bị ngu” là đc ròi ko cần phải dài dòng như thế mất thời gian,gian_du
2 đg thẳng mãi mãi song song không bao giờ cắt nhau hix hix,that_vong
cũng may là hết thời đi học rồi .. không lại từ “ con nhà người ta ” nó lại được nhắc liên tục trog bữa ăn hàng ngày,gian_du
"Thương cháu quá, cô giáo vô trách nhiệm cần xử lý nghiêm khắc",gian_du
lũ này cho nghỉ việc thay người khác còn bao nhiêu người đi xin việc kìa xử phạt thì trẻ cũng đã ăn rồi lũ mất nhân tính,gian_du
Chúc mừng ông,vui
Sunny Trương ko giỡn nha cty lên bài đính chính luôn r kìa :((((,that_vong
Phuoc Truong tưởng lẩu gà bến tre chứ?,vui
sai lầm tiếp nối sai lầm,buon
tiền cắt tóc như kia đủ mua giày rồi,that_vong
A di da phat Gia hộ cho anh ấy gặp nhiều may mắn trong cuộc đời đầy đủ ấm no an lanh 🙏🙏🙏￼,hy_vong
"Tui nói cho mấy ông, mấy bà nghe nè. Mỗi chúng ta được sinh ra là món qua lớn nhất mà ông trời ban tặng cho mỗi bậc làm cha, làm mẹ. Chúng ta đều là nhân vật chính trong cuộc đời của mình vậy nên..",hy_vong
hú hồn chim én,lo_au
Nguy hiểm khi đi trên đường nếu gặp bọn nghiện thì...,lo_au
"Thư Trần ủa, sao bạn ko nói đến. Mình thấy bạn giống đòi công bằng cho bạn nữ lắm, mà sao bạn ko đòi giúp mấy bạn nam kia luôn đi chứ mình công bằng lên chứ bạn. Nói gì thì nói 2 chiều lên, mình đồng ý là bạn nói về vấn đề joke 1 người có qk bị xhtd là retard joke. Nhưng bạn bênh có 1 chiều tý xíu đi bạn, nó oke hơn đấy",gian_du
Năm mình lớp 1-2-3 trường ở quê cũ ntn đấy,trung_tinh
"Đã trải qua những ngày đó và thấy việc mình phải chịu khổ nó tự nhiên, vì quanh mình ai cũng thế. Có lẽ mình bị bệnh thận cũng là do đã phải nín đi vệ sinh trong suốt những năm đi học vì chứng OCD. Một giai đoạn thực sự kinh khủng để nhớ về. Tuy nhiên tình thầy cô lúc đó thì tốt đẹp hơn xã hội bây giờ nhiều, khi con người chưa bị tha hóa",that_vong
@Haitran31275312 Giá trị nằm ở chính chúng ta. Cố lên ạ,hy_vong
khi gặp mặt ai đó nhất là cô ấy thì tôi luôn đeo khẩu trang..😐,lo_au
môi trường tù chưa cho nó cái nó cần rồi,that_vong
nào chàng trai có nhiều tài hãy cho em gục ngã đi nào =)),hy_vong
đã xem 2 lần bộ phim này 😁,vui
"bên đó cậu sao rồi , có hay cười nữa không ?",trung_tinh
"Vừa cảm thấy cô đơn lạc lõng xong, chán nản thật sự lun hic",buon
phải học cách tự tin lên chứ bạn,hy_vong
"Chung Ái Nhân thì con cháu đang gánh đó, xích mích người lớn, giờ cô dâu chịu",that_vong
"Rồi Việt Nam sẽ còn phát triển hơn nữa, tôi yêu Việt Nam của tôi 🇻🇳",hy_vong
Bất hiếu là tội nặng nhất trên đời🥺,buon
tự tin lên 😉,hy_vong
"Hôm nay em cảm thấy mình toàn những cảm xúc tiêu cực, cảm thấy ngột ngạt đến khó thở.... chị nói đúng đôi khi phải nên bỏ đi những mối quan hệ độc hại và biết chịu trách nhiệm với sự thật, điều đó không thành nhiều phần là do bản thân mình :((",lo_au
bốc phốt khách thế không sợ mất khách à bác ??,trung_tinh
"Từ bé đến hết cấp 1 em là đứa rất rất năng nổ, hoạt bát với mọi người (đây là bản chất em rồi), nhưng không hiểu tại sao cấp 2 em lại cực trầm tính, rất muốn có nhiều bạn nhưng lại chẳng biết bắt chuyện thế nào, hè 9 lên 10 em quyết tâm cấp học mới phải năng nổ, nói nhiều như trước nhưng đối mặt thì không làm được. Mặt khác ở lớp học thêm, ở nhà em lại hoạt bát vô cùng. Em đã nhiều lần đánh mất cơ hội kết bạn trên lớp, thật sự tức lắm, bạn tự đến với mình nhưng mình chẳng biết làm gì 😥😭",that_vong
trơi ơi sao lại cháy chứ,lo_au
uổng phí công sức bao người !,that_vong
Trang Nguyen nay đi mua đệm chứ c?,trung_tinh
Tuỹn Lyn vừa lướt thấy tính vào khẩu nghiệp chút mà nó xóa nhanh gớm 😂,vui
nó mà cắn ai 1 phát thì ... nghĩ thôi đã rùng mình,lo_au
ủa rồi ra nắm xe tải kéo ra như kéo xe đồ chơi dị ba,vui
Chờ mãi không thấy rep tin nhắn 😭,lo_au
mình sướng mà mình không biết hưởng nhìn lại những mảnh đời bất hạnh mình nguối mặt thẹn gấp 100 lần,buon
Song Khánh hai vợ ck lm giáo viên cả đấy bn,trung_tinh
"Ng Quynhu Theo dân gian gương là cánh cửa kết nối dương giới vs âm giới. Trước có một chị trong group tâm linh kể, chuyện thực chính trải nghiệm của chị ấy - tối muộn chị đi soi gương tẩy trang, tầm 11 12h kém. Xong đến tầm 3h sáng chị tỉnh giấc, thấy một bóng người giống y hệt mình đang ngồi soi gương lặp lại từng động tác tẩy trang.",lo_au
"và mày chỉ cần lùi về sau , như ít quan tâm và nhắn tin lại mày sẻ cua được crush 😎😎",hy_vong
Hồ Nguyễn Thông bất hiếu là tội lớn nhất của đời người đó,gian_du
Cho ng việt sang với nhà ở miễn phí là ok 😊,vui
23 năm rồi tao còn chưa được đi chơi với bồ trung thu lần nào cả :(,that_vong
Chau Anh tội qá m ơi,gian_du
"Thấy động lực tích góp mấy năm cg nhiều rồi á, chuyển thành thành tích đc hok?😂",hy_vong
"chẳng bao giờ nhà bếp nó nấu đồ ngon cả , toàn thiu thối hoặc kém chất lượng nó mua về làm mới có lãi . trước làm với nhật nó còn bắt làm cho nó như cho công nhân ăn thì thời gian đầu được , đến khi đổi giám đốc là đéo nuốt nổi nữa",gian_du
"Vừa bị mẹ đánh, bố nói đủ kiểu... Nằm khóc sụt sịt thì thấy video này cảm giác như giang ơi thật sự rất quan tâm cho em... Iu chị nhiềuuu",buon
"Không giúp gì được cho họ thì xem cứ lướt qua đừng nặng lời với họ , vì mình ko ở trong hoàn cảnh của họ nên đừng phát xét điều gì là tạo Phước lắm rồi ạ",trung_tinh
Nước đi của chị gái này chắc Khổng Minh sống dậy cũng mắc bẫy rồi lại uất ức mà chết tiếp lần nữa chứ người thường đ ai mà tránh đc,gian_du
"Tuỳ hoàn cảnh sống của mỗi người sẽ quyết định dộ dày của da mặt họ. M mới 18t nên chưa trải sự đời nhiều nên có lẽ một vài thất bại sẽ khiến m yếu đuối. Nhưng khi m ra đời m trải qua nhiều thăng trầm thì m muốn khóc cũng sẽ k có nước mắt mà khóc Có thể hiện tại m yếu đuối, nhưng sau này m có thể trở nên lỳ hơn, mạnh mẽ hơn",that_vong
Tuấn vì ổng rất ghét đảng độc tài,gian_du
"hay vãi ra , ai đi qua kiểu gì cũng phải đọc và mỉm cười , đánh mạnh vào tâm lý :))",vui
Gì vậy trời😓😓😓,that_vong
"Mình từng nặng gần 60kg bh thì 48,49kg. Mình từng ghét mái tóc đặc biệt là tóc mái của mình vì nó ko thẳng, mình từng ghét môi của mình vì nó dày, mình từng rất ghét mọi thứ trên cơ thể của mình (1)",that_vong
"Đang là ước mơ của tui đó, chán thế à, tui còn chưa dc đi cơ mà 🥹🥹",that_vong
thế đừng ngại.,hy_vong
thanh xuân là để bỏ lỡ 😔,trung_tinh
ý bảo mày treo cao vãi đấy . hạ tiêu chuẩn thấp chút bằng cách ngồi xa sóng ra đi tml .,gian_du
Tại con Jane nó hù ổng trước.,trung_tinh
Cuộc sống nó đã có từ đầu theo mọi người và tôi chỉ là bt chước hay bước sau chúng ta thôi thời gian là thứ sẽ giết chúng ta hãy kiến trì nỗ lực trong công việc ko bỏ cuộc mệt nghỉ r đứng dậy đi tiếp,hy_vong
vậy mình xin chúc đk n năm tới không còn cô đơn nữa nha kkkkklk,hy_vong
5 nhìn 4 chạm 3 nghe 2 ngửi 1 nếm khó có thể làm 2 việc một lúc tập trung việc này thì việc kia bị lu mờ,trung_tinh
Rồi sẽ ổn thôi 🤗,hy_vong
"kiểu nói chuyện chung với mấy ng ko chung tần số ắ , thấy khó nói sao sao ấy",gian_du
"gò má cao răng ko đẹp da ngăm mặt tròn vuông nhiều lần khóc vì tự ti,xinh đẹp luôn là lợi thế🫤",buon
cuộc sống của mình đừng hỏi ý kiến người khác,trung_tinh
Bắc Bún xin video bro,hy_vong
t ngại giao tiếp+nch nhạt + kh biết nói gì + nói cx kh ai để í,lo_au
k dám nhìn thẳng mặt ngkh,lo_au
Phạm Nguyệt Nhi chắc hater..,trung_tinh
lúc thì hối hận lúc thì ko hối hận,buon
Thật íi! Kể cả với gđ tớ cũng ngại về mọi thứ ! T có rất nhiều khuyết điểm😕,buon
trời ơi 😁😁😁😆😆😆,vui
này là xạo chó chứ nguyên giá gì . kinh doanh là phải lừa lọc ... lừa giỏi diễn đạt thì giàu,gian_du
đôi mắt đằm thắm vãi,hy_vong
tội ..mong mọi điều tốt đẹp đến với gd mình,hy_vong
khiếp quá đi tụi con ơi,lo_au
tủi hổ với bản thân ghê khi tao vẽ người mà mẹ tao hỏi : hóa ra đây là hình dạng thực của quỷ sao ?😑,gian_du
mình sống không đủ tốt hay sao mà vẫn chưa gặp được anh người yêu tốt như này,that_vong
như ốc bươu vàng thì là thảm họa rồi,lo_au
"chăn lắm lông , bắp tay thì to ôi tuổi thơ của taoooo :33333",vui
😚🐣 icon đáng iu quó y chang mình zọ hihiih,vui
5 nhìn 4 chạm 3 nghe 2 ngửi 1 nếm,trung_tinh
người ngoài hành tinh đi học tiếng anh rồi à vãi,gian_du
Cuộc sống mưu sinh.nhìn thương quá…,buon
Hi a🎉,trung_tinh
per đợt này tao đi học full . nên để mấy hnua rảnh tao alo nha 😂😂,trung_tinh
Đúng vid em rất rất cần. Cảm ơn chị iu ❤ chị thương em thật 😂😂😂😂,vui
con người chứ có phải con cặc đâu mà để nói hoài,gian_du
dume sao mày đánh tao,gian_du
"lần đầu tiên đi PQ, ở 2 nơi có quay lại vẫn chọn mỗi mango....còn lại xin phép k quay lại, qá công nghiệp",gian_du
Linh My xem thôi :)) nghe nói hay .,vui
xem xong tôi cảm thấy còn u ám hơn,that_vong
"tháng 9, tháng thanh lọc ngành FnB",trung_tinh
Linh Chi e đọc mà e buồn tê. Quá là tội nghiệp 😞,that_vong
Tù chung thân,trung_tinh
chụp rồi có mua giúp ông không ?,trung_tinh
video này là để động viên mấy đứa chán đời và cuộc sống này rất nhạt ahihi,hy_vong
"Lê Trọng Nghĩa tùy trường đó bạn,ở quê thì vẫn nề nếp ấy xếp hàng vào lớp khi ra chơi và ra về",trung_tinh
"nhẹ tay quá phải hơn nữa , may mắn là nó chưa cắn ai hay làm gì ai",that_vong
giết nó ! làm ám ảnh cả cuộc đời học sinh .,lo_au
mình biết chọn kiểu gì cũng sẽ phải hối hận ☺️,buon
"Tao thấy chả có gì đáng cười cả , ai mà chả có cái khổ riêng , toàn mấy ông ctrai cứ …. 🙂",that_vong
là chọn sai người ☺️,buon
"ngu bỏ mẹ ... làm giàu cho bọn bán vàng thì có , trước mắt thần tài đến các tiệm vàng , còn mấy thằng mua , thần tài chưa thấy đâu vì vài ngày sau vàng sẽ tụt giá chắc chắn sẽ lỗ mẹ nó rồi ..( lỗ 3 cái : giá tụt , giá mua vào và tiền công nếu là vàng thời trang ) - còn cái kiểu chơi bời không lo làm ăn , chỉ có làm biếng mà hàng tháng cứ cầm 3 cây nhang khấn vái thần tài mong tài lộc tới thì có cái lol ý ..",gian_du
@Lewis9x Ở mỗi độ tuổi có nhiều tâm tư và lo lắng khác nhau,lo_au
một lũ ngu,gian_du
Hình như mik bình luận đầu thì phải:)),vui
"giọng nói truyền cảm của bạn giúp mình ngủ ngon hơn mỗi khi căng thẳng, mất ngủ. những gì bạn truyền đạt thật hữu ích cho nhiều người đang mất định hướng trong cuộc sống... chúc bạn nhiều sức khoẻ và niềm vui trong công việc và gia đình bạn nhé!",hy_vong
"Gia Vỹ Nước ngoài nào đăng kí bằng cmtnd hay hộ chiếu? Nước ngoài thì bên công ty chịu hết những đơn như này nha Khách chưa thanh toán mà bùng hàng thì giao hàng vẫn nhận được tiền công, và nhận free đồ đó luôn Mình chạy giao hàng bên Nhật, tuần cũng gặp 2-3 đơn. Thậm chí thời gian chờ đợi xử lý đơn khi không liên hệ được khách còn được nhận thêm tiền cơ, bên công ty chịu hết. Này thứ nhất là Việt Nam ăn dày quá, thứ 2 là nếu làm như nước ngoài thì tính của mấy bộ Việt Nam lại lợi dụng",hy_vong
"Cảm ơn Thành. Những chia sẻ của Thành giúp mình hiểu về bản thân hơn. <br>Nhờ có Thành, mình biết đến Dr Frankl người Đức, logostherapy và hiểu được khủng hoảng mà mình đang gặp phải. Khủng hoảng hiện sinh. <br>Nó còn không? Còn chứ... Mình nghĩ là gọi tên được vấn đề là mình giải quyết được 50% vấn đề rồi. <br>Chúc Thành sang 30t có nhiều trải nghiệm mới mẻ và thú vị!",hy_vong
lại mất tiền ngu,that_vong
bí quyết vượt qua cảm xúc tiêu cực của mình: coi video của chị Giang,hy_vong
ông bà có đam mê .,trung_tinh
dạ đây là chị gái em nha không phải chồng đâu ạ người trong hình là em huhu ?,buon
"Không phải tại ai, tại mình 😞",buon
"Sở thông tin truyền thông đã từ chối cho phép mở họp báo, mà vẫn cố gắng lách luật thành ""gặp gỡ thân tình"", nghe ""thân tình"" rất là....nói chung coi thường pháp luật thấy rõ, không trung thực, đề nghị xử phạt nặng",gian_du
Mừng quá!!!,vui
mạng nhện chắc đóng kín rồi nhỉ,trung_tinh
Đánh mất giá trị của bản thân,buon
đôi lúc tớ ghét chính mình,buon
"ôi mấy con dời ơi, chúng ta đéo cần healing chúng ta cần growing",gian_du
Do tk TT Pháp là xăng pha nhőť nên mőí xay ra truong hőp nhű thê này,gian_du
"Quá đỉnh luôn! Chứng tỏ không có tuổi nào là muộn để phát triển bản thân cả. Hồi trước mình cũng lo lắng vì đã gần 30 mà tiếng Anh vẫn bập bõm, công việc thì trì trệ. May mà quyết tâm học lại tiếng Anh bài bản, giờ cơ hội tốt hơn hẳn luôn! Quan trọng là mình chịu thay đổi và cố gắng thôi. 💪",hy_vong
kinh dị vãi 😖😖,lo_au
thì đã sao ? miếng cơm nghề nghiệp người ta . nếu như không thích quay thì lên đòi ban tổ chức ấy hoặc đừng có mà chơi bóng chứ đâu ra cái kiểu bố đời ấy,gian_du
sang năm quyêt định đi ngủ cho đỡ mỏi mắt,trung_tinh
"to ghet ban than to, dang le to k nen dc sinh raa",gian_du
tu ti vi có mun 🤩,hy_vong
T hối hận khi quen biet mày nha V,buon
Tâmm rồi 1 ngày nào đó b lại nhận ra chồng mình đặt tên con là tên của bạn trai cũ,that_vong
còn các bạn đặt bánh của mình toàn gửi cho người yêu . chắc câu chuyện này còn buồn hơn :((,that_vong
Nguyễn Sin hello khầy,trung_tinh
ngoài kia ! còn có rất nhiều điều tốt đẹp vẫn còn trên thế giớ này ! hy vọng những điều tốt đẹp luôn diễn ra từng giây phút ..,hy_vong
dù có lựa chọn như thế nào mình hãy cứ cố gắng từng chút thôi cũng được cậu ạ như vậy cũng đã là một thành công rồi 🥰,hy_vong
"ngại nói chuyện với người mình thích, ngại giao tiếp với bạn bè chỉ vì t cảm thấy mất tự tin khi nhìn lại nhan sắc của bản thân 😔",that_vong
Ng Bao Tran xĩu nha,lo_au
giống y như nhà mình lúc đó ba chị e mình mua một hột vịt mà ba chị e ăn một buổi đôi khi ko có gạo nấu mình rất sợ và mình quyết tâm lớn lên cố gắng làm để thoát nghèo e sợ nghèo lắm giờ mình đủ ăn mừng lắm cố gắng nha a chị,lo_au
mỗi mùa trung thu đến nhìn người ta mua bánh tặng nhau mình lại thấy chạnh lòng ! 😞,that_vong
Tiền bạc mất tìm lại... tình yêu cũng dễ.. chỉ mỗi cha mẹ già đi chưa làm đc mới hối hận,buon
ngu rốt là phải trả giá bằg tiền mặt . tàu nó chạy trên thanh day sắt chứ đánh lái cái gì,gian_du
Ông chồng ổng nói với thằng bồ trẻ là “đội ơn m hốt nó đi dùm t” :)),vui
cần 1 thời gian dài thật dài nữa thì ý thức mới đi lên được,that_vong
K phải con nguoi ma thu gj khon nan,gian_du
"Em rất hay bị ảnh hưởng bởi những lời nói tiêu cực,từ đó thì tính em cũng trở nên xấu hơn, rất hay cáu gắt và em không biết làm sao để cho tính tình trở nên ổn hơn và không nghe mấy câu nói tiêu cực nữa",lo_au
Lê Thái Minh Tú êh mấy máaaa 🙀,vui
"cảm ơn chị , gia đình em tiêu cực làm em bị lây luôn , bth em ở chung với những người bạn họ rất vui và tích cực nhưng về đến nhà là lại buồn chán , tiêu cực",lo_au
Ông áo trắng nhìn xong quay ngang đi tỉnh bơ 😳,that_vong
tao mới mọc răng khôn huhu,buon
trung thu là tết thiếu nhi cớ sao người lớn lại vi vu thế nhỉ,that_vong
Ảo lắm luôn 😔,that_vong
"Hết lời với tụi mất dạy này rồi, ôi thiên đường cs",gian_du
"Hà Bít ủa, Phương lớp M đó. Trời, thiệt tình. Chia buồn với gia đình cậu nha Phương Phương, nghe rúng động quá.",buon
Phạm Tùng anh đi cf sáng với e k =))),hy_vong
TỰ HÀO MÌNH LÀ NGƯỜI VIỆT NAM 🇻🇳🇻🇳🇻🇳,vui
mặt k cân đối còn da ngâm mụn nữa tự ti vl😫,buon
lúc buồn là đi phựt thì thôi rồi như kiểu cuộc đời đáng sống ý,hy_vong
xuống thì xuống đựợc nhưng mà bọn nó bảo là xã hội đen nó theo dõi nó giết thì là xạo lờ . bọn nó dựng chuyện câu thích đấy,gian_du
Vũ Đại Hải vào hóng hớt đường phố mà xem ai sai nhé rồi bênh,gian_du
"Không đẹp nên chỉnh app không dám ra đường hay nhìn thẳng vào ai đó, sợ 😦",lo_au
"Thương bé quá, a di đà phật",buon
Chúc mừng Trump,vui
họ không cho ta là vì họ không có gì,gian_du
Bắt thì phải bắt kẻ đứng đầu vụ này mà phải phạt cho nghiêm minh cho chúng không coi thường người đi sau,gian_du
per mày đang nghĩ đến ai,trung_tinh
bếp dầu lại nhớ thời sinh viên,trung_tinh
Thấy vậy ko muốn lấy chồng nữa sợ lắm luôn 😭😭,lo_au
tuyệt thật,vui
xl bà nha áo tui hơi giãn^^,vui
chuyện tình huyền thoại của per với per :(,that_vong
"Cứ bước đi thoii ko biết con đường tiếp theo sẽ như thế nào, đón nhận thoi",hy_vong
em là trẻ con cưng chiều và khi a ta gẫy nên e sẽ bỏ hắn đi theo thằng khác hoặc nhanh nhanh cặp bồ hoặc ly dị chia gấp tài sản để dc sống trẻ con,trung_tinh
"đáng sợ nhất là cảm giác mất phương hướng, mông lung, lạc lõng như diều đứt dây. Không biết nên làm gì chỉ biết dù có phải đi bằng đầu gối cũng phải bước tiếp.",lo_au
mặc kệ ngta tôi tự tin vào bản thân và chăm sóc bản thân tốt hơn🫠,hy_vong
🥹🥹🥹 Mừng quá mừng. Cảm xúc ko nói nên lời,vui
trên quê tôi . trc nói trong vòng 6 đến 7 năm sẽ cho hưởng cổ tức . vậy mà đến giờ đã hơn 10 năm vẫn chưa được hưởng 1 xu nào . cao su trồng thì chết lên chết xuống . giờ cũng chưa thấy cạo mủ . mất bao nhiêu đất rừng của dân . hôm nào mời vtv24 làm 1 chuyến lên quê tôi . sẽ biết thế nào ?,that_vong
nhìn mặt con bé kiểu . ơ cái gì vậy,trung_tinh
"Thôi, ít ra còn may mắn có 1 cuộc sống đẹp, ngoài kia còn nhiều người có 1 miếng bánh ăn còn vui mà",hy_vong
Nam Ngọc Lương ý tôi là lòng 1 chút chuyện vào những tập sau này thôi chứ ko phải làm ngay thời điểm nhạy cảm này đâu,lo_au
Một việc lành đáng quý 🥰,vui
đã là đàn ông dù thất bại cuộc sống bế tắc tuyệt vọng nhưng đã làm thì không hối hận.,trung_tinh
Shock thật sự luôn 🥺,buon
ohh mik giao tiếp kém từ năm lớp 7,buon
hãy là chính mik vì mik là một bản thể hoàn hảo mà ông trời đã cho,hy_vong
chính xác ! chỉ cần đồng nghiệp tốt thì mọi ngày đi làm đều vui 😊😊😊,hy_vong
Sự quan tâm ngọt ngào ❤️ thương mình một tý cho đời như ý nhé,hy_vong
không may thụt chân xuống thì sẽ như thế nào nhỉ chắc là thốn đến tận rốn,lo_au
Hoàng Kim thật đáng sợ,lo_au
Tại chính bản thân mình quá tin tưởng vào tình cảm để giờ bị tổn thương và tổn thất tư tinh thần đến vật chất. Thôi cố lên,buon
"Em có đọc 1 quyển sách khá hay và em nghĩ cuốn sách này sẽ giúp các b cảm thấy tích cực hơn và thoải mái hơn. Đó là quyển &quot; Tư duy cá mập suy nghĩ cá vàng&quot; . Em nghĩ tìm mua nó cũng khá dễ và giá cũng rẻ, tầm rơi vào 25-30k.",hy_vong
Bà vợ thành chánh quả chưa vậy ạ?🥲🥲🥲,that_vong
Ước nội e con sống,hy_vong
bài này tao có 2 cảm xúc . đầu tiên về quán trà . đến cảm xúc quen lại c thy xong bị mẹ cấm,that_vong
ôi không đừng vậy mà :((,that_vong
sự thật thì cố suy nghĩ vui vẻ hạnh phúc mà trong túi không có tiền chỉ sợ đất cũng không có mà ăn,that_vong
nhìn cảnh này lại nhớ đến nội,buon
Cách để bớt stress ( xem video của kênh này ),hy_vong
Bích Trâm ôi nó đi sát lề luôn đó. Vc t đã gắng đi sắt lề rồi mà bọn nó phi như điên. T bảo sợ quá về nhà nhanh k lại gặp bọn này phát nữa 😑,lo_au
Dấu hiệu đỉnh cao sự phát triển. Mong vn dc một nữa nhật ❤,hy_vong
"gần 2 năm đến sớm nhất để mở cửa lớp , lúc về cũng là người là sau cùng để khóa cửa . đến giờ ra trường được 3 năm vẫn không muốn vứt chìa khóa của lớp ...",buon
chân tao không đu ̉ da ̀ i đi ̉ đi con đươ ̀ người na ̀ y :((((,that_vong
"còn 2 tháng cuối cho 12 năm đi học, muốn quay video làm kỉ niệm lắm mà ngại nên toàn ra về mới dám quay lớp làm kỉ niệm",lo_au
"cả thế giới biết toau crush mày , còn mày thì íu nhận ra 😐",that_vong
"tuyệt vọng quá, trời mưa tự nhiên nhớ người yêu cũ 🥀",buon
Văn Hoàng Long Tây môn Khánh bạn hay và hấp dẫn,vui
"Kiếm tiền vì lo cho gđ ko để ý sức khoẻ và h nhận kết quả phát hiện ung thư , cơn đau từng đêm ko ngủ dc ko 1 ai hiểu trong nhà hiểu cảm giác này của mình",that_vong
cao quá cũng khổ chứ sung sướng đéo gì 😓,gian_du
"bảng thống kê so sánh ngành nghề , vị trí lẫn lộn , vô giá trị .",gian_du
thế mà cũng bắt được siêu vãi,vui
cho em xin tên facebook của c trong video để khi buồn em có thứ mua vui ạ . cám ơn mọi người,hy_vong
Thiệt là đạo đức XH ko biết tới đáy chưa!,gian_du
"Đặng Bạch Phát giết hoặc bị giết, đó là quy luật r",trung_tinh
Cố diễn cho ngầu trước ống kính thì lại bị soi 😂😂,vui
Thùy Linhh a cho e cái gì kô,vui
"Vẫn nhớ về tuổi thơ,hồi hè tụ tập đá bóng thả diều chơi,kh cần điện thoại đi phá xóm",hy_vong
Hân Hân buồn vì con sâu róm trong quần nhỏ xíu,buon
sáng kiến hay đỡ bao nhiều tiền để tiêu hủy,trung_tinh
Nhung Nguyen nè cô 3,trung_tinh
"Y như phim luôn trời, khiếp thật 😰",lo_au
Tự hài hai tiếng Việt Nam🥰,vui
Phạm Tâm nta sai nta xin lỗi ek.ek sai nhug ek k dk câu xin lỗi.cái tôi cao quá ek ạ.nói thật ah lm nghề mà cái tôi cao quá k lm nghề này dk.bởi có lúc mih sai hay đúng k quan trọng mih vẫn xl khách hàng.khách hàng nta mới nể ek ak,that_vong
"Làm con , Làm dâu Dù có bất cứ hiềm khích hay ghét bỏ như thế nào đi nữa vẫn phải nhớ đến cái cái ơn sinh thành nuôi dưỡng của mẹ với ck mình, đời nhân quả báo ứng đến nhanh lắm , trăm sai ngàn sai thì họ cũng là người sinh ra và nuôi mình , làm dâu đừng có cái suy nghĩ k nuôi k đẻ mình rồi mà sinh ra xa cách bắt bẻ hiểu lầm mâu thuẫn người buồn người khổ cũng là mình",that_vong
"Phi Long tôi chê pm nhé. Dính phát trên cao tốc vừa ra trạm dừng nghỉ, sập màn hình và điều hoà, trời mùa hè vừa nóng lại mưa 🥲 nhà tôi 3 xe vin chứ ko phải anti gì",that_vong
Dung Bui Thi ai doạ Mr White thì đều có cùng 1 cái kết,trung_tinh
Xem mà cảm động xin cảm ơn gđ em sẽ tràn đầy phúc lộc,vui
chúc 2 v.c được nhiều mạnh thường quân giúp đỡ!,hy_vong
dù ko đẹp xuất sắc nhưng tôi luôn tự tin😁,hy_vong
"Tự nhiên tìm được quán cafe ưng ý, quá đã 😎",vui
"Đàn chim này sẽ đc bán đi để làm thịt, nên các thầy mua lại để phóng sinh. Ở mỗi góc độ ý nghĩa lại khác nhau.",buon
"per đọc vài dòng là lướt xuống cuối để xem có phải "" hi vọng câu chuyện mình vừa bịa ra ...."" nhưng không phải . kkk",vui
Nó lại xiên cho :))),vui
hồi nhỏ cứ đi qua chỗ nào mà nhìn từ xa thấy bóng dáng mấy con đuỹ này là chuẩn bị tinh thần chạy chứ nó dí sấp mặt luôn dù mình đéo làm gì nó hết vừa dí vừa ngoác mỏ hét sợ vãi ra,lo_au
per cách này coi bộ hay nha 😂,vui
"Có 1 lần tớ đi vào phòng vs dành cho cho nữ thì tớ thấy 2 bn nữ đang nhìn tớ rồi cười khúc khích, lúc đó tớ không nghĩ nhiều nên vào thẳng phòng vs luôn, tớ đã nghe lời hội thoại của họ khi tớ đang",lo_au
độc ác rồi cũng nhận lại dc y chang vậy thui,gian_du
"Thanh Quan mà kiểu nhiều máy to nó lại liên quan đến nhau cộng thêm vận hành phức tạp, bấm dừng mà nó phải một hai phút mới dừng í, đến lúc ấy thì còn đâu.",that_vong
cẩn thận móc túi trộm nhé anh chị em .,trung_tinh
"Anh ơi xin anh cho em lời khuyên vs ạ: Em là một người mít ướt. Mỗi lần bị la mắng, chửi chê là em rất căng thẳng và khóc lên. Em biết là k nên khóc vì những điều như thế. Em cũng cố tỏ ra mạnh mẽ để nín khóc. Nhưng k đc. Nên em sợ lắm. Mong anh cho em lời khuyên ạ!",lo_au
tán cây hình trái tim thì phải,trung_tinh
Tht sự trong nhà t ko bt có tht sự hiểu t ko chứ t bị ngại nơi đông người sợ ngta nói xấu mik🥺🥺,lo_au
"Trang Khổng Mỹ phóng sinh thì có phước của ng phóng sinh. Bắt chim thì chịu nghiệp của việc bắt chim. Cũng như cứu gia tiên khỏi địa ngục, nếu nghĩ cứu ra rồi họ lại đầu thai làm kiếp trâu ngựa hay làm người bần cùng đau khổ mà k cứu thì còn ai tu còn ai tạo phước nữa.",trung_tinh
mỗi năm cũng xem lại đôi lần,trung_tinh
tao không tin đâu hiccc =(((,that_vong
Nguyen Huu Tai cả 2.. đều đỉnh,vui
Em đang là sinh viên đại học năm 2 nhưng em vẫn luôn gặp khó khăn trong việc thuyết trình trước lớp. Em luôn tránh né công việc thuyết trình cho các bạn khác. Các bạn trong lớp em rất tự tin và nhiều năng lượng điều đó càng làm em thu mình lại . Em luôn lo lắng là nếu cứ nhút nhát như thế này em sẽ rất khó khăn khi ra trường. =(((((,lo_au
lúc đó sao hổ báo cáo chồn lắm mà . giờ trốn chui trốn nhủi 😃 :D,vui
"con yêu nghiệt , tỏ cái vẻ đáng thương còn ăn vạ",gian_du
định share cho mấy bạn trong list fr thêm động lực mà đọc bình luận xong đến tao còn thấy tụt mood,that_vong
có vẻ người dân hơi mê tín quá,gian_du
từ bé đến giờ mình chưa bao giờ xếp được 1 cái rubic nào thế mà cu nhóc kia xếp xong trong vài giây ! xấu hổ quá,that_vong
"cưỡng hôn thì phạt 200 . lừa đảo , chiếm đoạt phạt nhằng 5 cu ( củ ).",gian_du
đừng ai lấy cả hộp kẹp của anh ý nhé :(((,lo_au
"Những cái mối quan hệ độc hại đôi khi là những người trong gia đình bạn. Bạn phải học cách NGỪNG NGHE. Họ chỉ kéo bạn xuống , xuống và xuống theo những điều tiêu cực như họ. Trong hoàn cảnh đó, b phải sống Tích cực hơn họ. Mặc dù điều đó rất khó, vì đó là vòng tròn quan hệ",trung_tinh
Chân tay to mũi to lực thế kia 😂,vui
"Nghe vlog của chị em cảm thấy như chị đang nói đúng những điều em đã và đang làm để giảm bớt những suy nghĩ tiêu cực. Có điều em còn phát hiện ra thêm một cách nữa đó là nghe giọng của chị và xem vlog của chị và những vloger tràn đầy năng lượng khác, cảm giác như được tiếp thêm năng lượng vậy ^^",hy_vong
... anh ạ,trung_tinh
"Bạn là nô lệ, sống cuộc sống nô lệ và đã hành động như nô lệ thì không có gì phải xấu hổ. Người tự do ở xứ giãy chết họ mà không kiếm được tiền nhờ kiện tụng từ việc này thì mới là xấu hổ. Ăn Tết vui",gian_du
sao chúng nó dã man thế nhỉ,gian_du
"Nhớ những đồng tiền bà lén cho con nhớ những tình cảm bà giành cho con nhiều hơn người khác,nhớ những bữa cơm chỉ có bà và cháu, nhớ những lời dặn dò của bà chỉ mình cháu biết trước khi bà mất,😞🖤",buon
đừng bao giờ đùa kiểu này nghe mọi người,gian_du
tôi thấy tương lai của tôi trong bức ảnh này :d,hy_vong
"Ngay từ đầu xem vụ này mình đã đặt nghi vấn. Không thể nào tự dưng công an đánh được. Đi đường toàn mấy bạn nhỏ nhỏ phóng xe loạn lên, cầm cả phóng lợn các kiểu. Về nhà thì bố mẹ nào biết cứ bảo ở nhà cháu nó ngoan ngoãn",gian_du
Dạ chị vào phây púc tìm ghẹ shop để đc tư vấn nha,trung_tinh
Kết thúc 1 tuần đầu sóng gió hy vọng tuần mới tốt đẹp hơn,hy_vong
xin lỗi tôi xem mà rơi nước mắt nhưng không biết làm sao giúp đỡ. chúc Anh chị gặp nhiều sự tốt lành,buon
😞🥺💔ủa gì z,that_vong
nhưng liệu như vậy sẽ dễ dàng để người khác xen vào không,lo_au
này 2 đứa . đã chia tay chưa . chia tay rồi có xem lại video này không .,trung_tinh
đẳng cấp :)),vui
"yep . chính tao . đi vệ sinh thôi cũng phải đảo qua , mà giờ thì người ta sắp đi lấy chồng rồi",that_vong
"tiếng tụng kinh, tới giờ vẫn còn sợ nha",lo_au
da ngăm răng lòi ra đằng trước chân ghẻ gầy rất tự ti,buon
Nếu là sếp mình sẽ thử bằng 1 con ốc nhỏ hơn,trung_tinh
nếu không gãy đó la 1 bài quyền đẹp rồi :((,that_vong
Có khi hai vk nhà nầy sống vậy có khi vui hơn rất nhiều người giàu nửa đó đó ko đùa được đâu,hy_vong
Hqua mà đánh như này có khi hcb r,that_vong
"1. 5 nhìn, 4 chạm, 3 nghe, 2 ngửi, 1 nếm",trung_tinh
ngày chủ nhiệm cu nhà mình cô nhẹ nhàng nết na lắm mà ! giờ thì sao cô lại hành xử như vậy chứ ! thật buồn !,that_vong
thực tế thì con gái sẽ gục ngã trước một người đàn ô hài hước hơn là điển trai,trung_tinh
đáng yêu quá ! tình yêu ông bà thật đẹp !,vui
Cty bv An Ninh Toàn Cầu của ông Sơn em bà Hà giám đốc Cty nv Long Hoàng,trung_tinh
T thấy cái bài content và cái ảnh nó chả có tí gì là logic cả Rồi thằng bé nó kiệt quệ tới mức phải làm hẳn 1 cái bài như vậy hả,gian_du
họ hành động quá đẹp,vui
"Thuý Hồng hôm tui đi rạp đông lắm, hầu như ai cũng ở lại tới cuối á. cá nhân tui thì thấy phim bth ở nhà xem yt còn hay hơn",that_vong
chỉ thấy phối nhạc hay thôi chứ lời tao cảm thấy nghe không có nghĩa lí gì luôn 😐,trung_tinh
cuộc chiến đấu vẫn còn tiếp diễn,trung_tinh
"muốn tố cáo phòng khám, thì liên hệ ai vậy mọi người",gian_du
"em nói z thôi, chứ em cũng rén rồi",lo_au
mặt nhỏ dễ thương vãi =)),vui
"@TvNhinhi This life doesn't always go as we want, but how we live it is our choice. 🍀I paint pink on my cheeks and lips, but don't paint pink on my eyes. 🍀I paint my clothes in the color of the sun, don't paint the warm figure of someone else. 🍀I paint hope green, nurturing within...",hy_vong
Tuổi trẻ như vậy là bình thường. Sau này vượt qa rồi sẽ mạnh mẽ và trưởng thành hơn,hy_vong
tớ k ưa cái mặt to của mình chút nào,that_vong
Nguyễn Thị Mai Trinh vào xác nhận koii,hy_vong
"Chị Giang nói đúng tâm lý của e r :((( lo sợ đủ thứ đâm ra tâm trạng tiêu cực, trong đầu nhiều câu hỏi về những vẫn đề đó nhưng vẫn ko có câu trả lời....",lo_au
Sân khấu hề Paris 2024 Và trò hề phương tây,gian_du
"nhìn là biết cái quả này fa lâu lắm rồi này , cũng may chưa đóng 🕸🕸🕸😂",vui
T đi làm lúc 5h và hôm nào tăng ca thì 23h khuya mới về đến nhà🙁 ai khổ hơn ai?,gian_du
Điều nhiều ae qtam nhất là giá vàng có giảm hay không 😆,vui
"trong cuộc đời tôi, hối hận nhất là cai cha me để lấy chồng 😢",buon
ChiChi Bunnie Camera nam giới luôn bạn. Vì nhiễm sắc thể là XY. Chỉ là có âm hộ giống nữ ngực giống nữ thôi. Còn cơ bắp xương hóc môn thì là nam giới. Sinh ra là bị vậy chứ ko phải phẫu thuật chuyển đổi.,trung_tinh
Pham Hoang Nam đồng đội b ơi :v,trung_tinh
khóc vãi 😭,buon
"tao cứ nhìn xong nghĩ , tay nào cầm bút là tay phải ,",trung_tinh
per con nghĩ cậu nên thử,trung_tinh
đã check in thành công và mãi vẫn chưa gặp được người ấy là ai :((,that_vong
Mình bị béo phì😅,vui
t lên facebook không phải để coi mấy cái thứ này 😪,that_vong
Chưa lo được gì cho ba mẹ,buon
ui còn chưa kịp đi xem đã rút rồi :((,that_vong
"thấy bình sữa của em thấy ham quá , chị sinh em bé chả có sữa gì hết .",that_vong
bác không ở lại làm tô phở đã 🙃🙃🙃,trung_tinh
Kieu Vy coi cảnh dùng gậy đập mà đau tim lun 🥲,lo_au
Cảm thấy thương quá,buon
bài viết hay quá !,vui
"mình không lm khổ ai cả, mình chọn r, mình cố cho mình.",hy_vong
tỏ tình đại ai dè dính lun :))),vui
Kieu Lê sợ vãi cả linh hồnnn,lo_au
bó tay luôn á,that_vong
"Về còn tắm rửa ,đói ăn cơm còn học bài cũ của sáng ngày mai ,làm vài bài tập. Mình may mắn bame kh quá ép buộc trong học tập cứ để con học bth miễn sao cảm thấy đc mà kh bị áp lực quá cao",lo_au
Cảm thấy có người đồng cảm ..,vui
"Trịnh Thảo xem đi em hay á, mà hơi tốn time nha, anh đưa netflix cho mà coi",hy_vong
dù có nói thích mày thì cũng đừng có tin .. xã hội giờ nguy hiểm lắm,lo_au
"Hồi trước thì em rất mạnh dạn,trong lớp luôn muốn đưa ra ý kiến của mk khi có thắc mắc. Nhưng dần dần sau này khi lên lớp ,đối với những câu hỏi giáo viên đưa ra,tuy em bt câu trả lời hoặc co ý tưởng nhưng k dám dơ tay và k dám nói vì sợ sai,vì rụt rè",lo_au
hình như sau boss bị chết ạ,buon
"Chời ơi sắp tới deadline rồi mà chưa làm được chữ nào, lo lắng tột độ 😰",lo_au
sao không mua thịt về ướp dưới nền rồi nướng luôn,that_vong
xem lâu rồi giờ xem lại vẫn buồn cười,vui
Bánh Tiêu Chiên metoo hễ đi đâu mà nghe tiếng tụng kinh là nổi da gà :((( cứ thấy sợ sợ sao sao á,lo_au
"23 tuổi rồi tui nhút nhát quá, nhất là thể hiện tình cảm với người mình yêu",lo_au
Manh Vo Huong Minh a/c lớn để e út mong chứ sao lại cười thế hè . Buồn ....,that_vong
loại mất dậy,gian_du
mấy đứa cgai vô coi và ước đc v,hy_vong
"ủa tại sao không nghỉ việc luôn đi , hay lương tâm không còn chữ đức nữa",gian_du
"Vừa nay đi làm về mệt quá xong, thất vọng toàn tập lun ...",that_vong
xã hội này còn bất công nhiều lắm mong có thật nhiều mạnh thường quân biết đến những hoàn cảnh vùng sâu vùng xa nhé,hy_vong
Thì kì này nó ủng hộ lẩu gà bình thuận:)) chắc n xoá cái giới tính thg kia,vui
nhà nào mà ác thế,gian_du
"per đang định đi chụp , thấy cái này sợ quá đéo đi nữa",that_vong
Có nhan sắc nhưng vẫn ngại ko dám nhìn thẳng vào mắt ngkh,lo_au
đối với t ngũ quan đầy đủ là đẹp✌️,hy_vong
Trần Tân ảnh lan toả năng lượng tích cực cho mng để chừa chỗ cho năng lượng tiêu cực bên trong ảnh tồn tại :((((,that_vong
Từ khi glenn về lĩnh cơm hộp mình cũng ko còn hứng xem tiếp các ss sau nữa 😢,that_vong
Từ từ để cái não 2G loag cái đã😑,gian_du
Chị Giang ơi em hay suy nghĩ tiêu cực nó cứ hay lung tung trong đầu không biết làm sao cho nó dừng lại ạ,lo_au
"Tự hào vì cờ đỏ sao vàng , tự hào vì máu đỏ da vàng , tự hào khi là con người Việt Nam 🥰🇻🇳",vui
đáng tiếc đời không như là mơ . thực tế sẽ vả vào mặt cho mày tỉnh ra :(,that_vong
Giá như cố gắng thêm thì bme cũng đã ko phải khổ như bây giờ 🥺🥺🥺,that_vong
"@nampham30698 Chắc do hôm nay may mắn ấy ạ, chứ mọi hôm mình cũng nản lắm",hy_vong
luxury car rental 42 thôi,trung_tinh
thật ra đàn ông ghen nhiều hơn phụ nữ đấy chứ,trung_tinh
Nhung Nhung ghê thật chắc phải cả 100 nhát,gian_du
đáng yêu mà sợ gì,lo_au
chưa kịp đặt chân đến chiêm ngưỡng nó ...,that_vong
tự tin lên bạn ơi ko có nhan sắc nhưng có chi thức là được,hy_vong
một phút huy hoàng rồi chợt tắt còn hơn le lói giữa ngàn thu,trung_tinh
Chúc chú nhiều sức khỏe và bình an 🙏 Roi mai này may mắn sẽ đến sớm với chú 🙏,hy_vong
cậu nhỏ có tăng lên không 🧐,trung_tinh
"Cảm ơn c đã có video hữu ích này, mấy bữa nay e quá là áp lực và tiêu cực về công việc, mặc dù e là người luôn vui vẻ nhưng mà cũng không tránh được việc thường xuyên bị áp lực",lo_au
thấy cưng gì đâu,vui
Thật í t tự ti lắm luôn nhìn ngta mà hai🥲,buon
đúng là không có nhân tính,gian_du
chắc chắn là vị mặn của mồ hôi,trung_tinh
"Cách trở nên tự tin trong mọi việc . <br>- Có nhiều việc trong cuộc sống này mà bản thân khó đưa ra được những quyết định và phần lớn cũng đến từ sự tự ti , rụt rè , đăn đo không biết có nên làm hay không những câu hỏi đó sẽ luôn chạy trong đầu chúng ta gây cho và không thể đưa ra quyết định thì gây cho chúng ta cảm giác áp lực rồi sẽ tự ti . Dưới đây sẽ là những cách giúp chúng ta tự tin hơn và ra được những quyết định đúng đắn . <br>1 . Hiểu rõ vai trò và quyền lợi của mình trong một môi trường hay công việc nào đó .<br>2 . Hỏi . <br>3 . Quan sát và xác nhận . <br>4 . Đừng cố vượt qua sự rụt rè . <br>- Cảm ơn anh Khương về những bài học này ý nghĩa này . 😍",trung_tinh
"Em rất thích cách nói của chị, ngắn gọn mà sâu sắc. Cảm ơn những chia sẻ của chị, em sẽ thay đổi để trở nên tích cực hơn. ♡♡♡",hy_vong
Cứu bé,lo_au
xem xong rồi mà có cảm thấy gì đâu ??,trung_tinh
Ngân Em ak lướt xuống chỗ thời sự đúng k,trung_tinh
Cố gắng,hy_vong
cả người nhà người yêu cũng không đồng ý :((,that_vong
per cái đoạn vén tóc là quen lắm nhá . thích lém ý,hy_vong
nghiệp hơi nặng nha !. làm hết hồn,that_vong
Buồn cho một thế hệ,that_vong
"đối với tao , đã làm thì không hối hận 😌😌",vui
Bỏ lỡ e để giờ này gặp người như vô hình vậy🥺,buon
thấy bản thân mk ở đây,buon
"Minh Tấn đồng ý, hiện thực xã hội vẫn còn tiếp diễn mà 👍🏻, mong FAP ra Cơm nguội mới ạ ❤️",hy_vong
"Nhìn cái cặp hs cấp 1 đi. Như thành ninja rùa hết r. Học ngày 2 buổi, tối học thêm, mỗi năm 1 bộ sách, nhồi nhét từ 1-12 xong định hướng đi học nghề 🥴. Chưa kể mấy tháng hè vẫn đi học hè",gian_du
song=xong 😌,vui
cuộc sống mà,trung_tinh
"mỗi lần như thế tao chửi , mà bọn nó xem đó là trò đùa mày ạ , càng chửi càng cười",gian_du
hú hồn,lo_au
Cơm chó này cute kiểu công lý parime :))) hùa là nhiều,vui
Vũ Đức 🗿 đấy chia sẻ của mẹ thằng đấy,trung_tinh
tu hao quoc gia hinh chu S,vui
tư hào lắm,vui
Thiệt tình chờ mãi không thấy rep tin nhắn. thấy bất an ghê 🥲,lo_au
Mệt mỏi lắm☺️,buon
"Ko biết là có đủ khả năng để che chở nổi trước sóng gió của cuộc đời ko, nhưng chắc chắn 1điều là rất rất thương.",hy_vong
thôi thì đi xem avenger lần 3 để tránh nóng nốt chiều nay không mai mưa rồi hehee,vui
"Mình thấy bài thơ hay, dễ thương, k có gì đáng chê trách cả 🥰",vui
bả kéo áo xuống là t vô đọc cmt liền 🥰,hy_vong
"t ước t có thêm 1 bản thân t nữa , chỉ có chính t mới hiểu t thôi 😕",buon
Có ai rạo rực như tôi không,vui
rất tự ti...,buon
loại này đốt có chết không nhỉ,lo_au
Đậu Đỏu,trung_tinh
"Có thể là , trong sự thất vọng tột cùng về người vợ , anh ấy đã nhận ra mình may mắn khi thoát khỏi cuộc hôn nhân khủng khiếp này . Nên có hành động cúi lạy như cảm ơn .",that_vong
per chắc là mày đi hốt này,trung_tinh
"Mardoll Tee Aitch hồi nhỏ t cũng sợ lắm kìa. Phát hoảng lun á, mà mẹ t hay nghe lắm, t khum cho mẹ nghe lúc t ở nhà lun, hoặc có nghe chỉ dc nghe nhỏ thôi. Mà lớn rồi hết sợ, t còn đi chùa đọc kinh sám hối nữa. Dòng đời đổi thay 🥹",lo_au
"có ai lần đầu bắn kéo ngược ra phía trước đạn bay vào mặt giống tao không , đau điếng",lo_au
cố gắng đi gần người ta 1 xíu . rồi lướt qua nhau như 1 cơn gió,trung_tinh
giờ mới biết,trung_tinh
:))) bố mày nghi nghi rồi . tắt loa auto sáng suốt :))),vui
Dương Hải em cũng nên học tập. Nhé,trung_tinh
vỉa hè rộng thênh thang mà nhỉ,trung_tinh
"Bài thơ đọc nghe xàm nách, nhiều bài thơ ngày xưa hay và ý nghĩa biết bao, năm nào cũng xuất bản mới mới riết chán luôn",that_vong
per xem cái này đi tao coi phần 1 rồi này phần 2 tiếp nè,trung_tinh
sao bắt nhanh thế sáng đọc báo có tin chôm ngân ngàng chiều đọc báo đã bắt được rồi,that_vong
nuôi kiểu gì mà lắm ve thế kia ?,gian_du
móng tay gì mà nhìn vừa bẩn vừa ghê,gian_du
"Tớ cũng học ngồi trường như này , hình ảnh ấy vẫn đẹp",vui
hẳn là con số đẹp 😍😍😍,vui
tao rất sợ mất đứa tỏ ra như thế,lo_au
Mấy huynh đài hãy chạy đi—-để tôi cầm chân nó cho 😩😩😩,lo_au
thì ghi bằng tay phải cho nhanh,trung_tinh
khi tắt đi mới thấy ngạt thở .,that_vong
tài năng sáng tạo vẩy bút thôi cũng là nghệ thuật,trung_tinh
Nguyễn Tài chứ mỗi lần xem phim kinh dị VN là thất vọng vãi,that_vong
Thấy mấy cha mấy mẹ con zời xuống bắt sao biển lên bờ check-in là t nổi điên rồi. Văn hoá lùn,gian_du
tí nữa vợ nó vắt chân lên cổ bò thì hú hồn,lo_au
ngại nhất khi phát hiện ra tình yêu vốn ko dành cho mình chỉ vì ko có nhan sắc,buon
"1000 năm đô hộ , Pháp ,Mĩ Việt Nam vẫn không ngừng vươn lên 🇻🇳🇻🇳🇻🇳🇻🇳",hy_vong
mẹ tao vừa đọc xong còn tag tên tao vào . bọn mày có cách nào trưa nay không về nhà mà vẫn có tiền ăn cơm không chỉ tao với,lo_au
má hồi xưa về ngoại chơi đi đường bị nguyên đàn yêu nghiệt này dí chạy té đái giờ vẫn sợ bọn nó 😨😨😨,lo_au
Sắp tới phú quý i chang,hy_vong
Môi thâm mụn nhiêu đó cũng đủ tự ti rồi,that_vong
Đi làm về sớm tranh thủ ngủ trưa và bất chợt thức dậy vì một cơn mưa lúc gần tối lúc đó vừa ngắm mưa vừa thấy buồn(đây là trải nghiệm thực tế).,buon
"Thư Trần bênh cả 2 là những bạn nam bị bạn nữ bóc lột td sao bạn ko nói hộ họ vậy bạn. Bạn ko thấy phần đấy hay bạn cố ý ko muốn nói tới, chỉ quan tâm là bạn nữ bị vấn đề về tâm lý. , nực cười về đạo đức ☕ thánh mẫu bênh vực phụ nữ còn hóa ra vấn đề bọn nam giới chỉ là rác rưởi, kệ mẹ bọn nó",gian_du
Phải nói là quay lại với thế giới thuộc về mình luôn,vui
"khi nhỏ m từng bị body shaming bởi chính người nhà mình, giờ thì m lại khá tự ti khi khi đi chg với bạn bè vì biết bản thân có thể chỉ làm nền cho ngta thôi 🥺",that_vong
"buồn cho những ai thờ ơ , vô cảm trước một sự việc như thế .",buon
bắt ve cho nó điiii . trông khổ quá,buon
k nuôi thì cho người muốn nuôi đi chứ để em nó bọ ve tùm lum sót quá ????,gian_du
@TvNhinhi thứ 7 an yên quá bạn nhỉ,vui
hai lần đi sai hai bước ngoặt nhưng không bao giờ hối hận do con đường mình chọn😊😊😊,hy_vong
nhà tao nhận coi giữ xe nha :3,trung_tinh
có người kiểu: nhút nhát mà muốn hòa đồng với đám bạn cuồn nhiệt nhưng ko biết làm cách nào:)),vui
vậy thì nói ngoài đời đi,trung_tinh
tôi cùng hoàn cảnh với bạn má tôi củng bệnh và từng ngày từng ngày tôi bên má tôi sợ giây phút má bỏ tôi ra đi và ngày đó củng đến ai còn mẹ hảy quí từng giây từng khắc bên mẹ,lo_au
Xin rút 1fl bé nhỏ của em,hy_vong
bị mụn tự ti thật,buon
"@nangoc84 rất nhiều người họ chỉ nghĩ tham tiền, nhưng mấy ai nghĩ được như anh Ngọc là vừa tham tiền mà vừa tham tuổi, 😁😁 em chào anh Ngọc nhé ✌️",vui
"Hai Yen bồ từng nghe nó kêu tiếng như em bé sơ sinh chưa,thề với bồ là còn đáng sợ hơn lúc chúng nó cắn nhau í,t nhớ lại khoảng thời gian mà chúng nó gom lại cắn nhau rồi kêu nháo nhào là t tự thấy nổi da gà luôn ấy",lo_au
Đọc cmt tởm thật sự đhs có nhiều người nghĩ vui thật🙂,gian_du
Phim hay điên.,vui
Xe hỏng giữa đường lúc đang vội làm tao tức á 👎,gian_du
Vũ Duy Hiển bạc thật w,trung_tinh
nửa đêm rồi đứng hò hét vậy mà không bị chửi là sao ta,gian_du
tôi đã gặp đc những người bạn như vậy nhma bây giờ thì đã không còn nữa rồi...,buon
"Thai Tu Hoang phạt thì nó có bị phạt đâu cha mẹ đóng phạt rồi thôi. Thương con kiểu nó chán nó nghỉ học cũng ko giám nói, rồi nó chưa đủ tuổi nhung thương con mua xe ex 150 để con đi chơi với bạn bè thì đủ hiểu 2 thằng này sau này chỉ làm cướp thôi.",that_vong
"năm nào cả sinh nhật âm hay dương mẹ cũng gọi điện cho mình , bà ngoại trên 80 , bác ruột mình đều nhớ hết 😂😂😂",vui
Nam Thanh coi chán kh cơ chứ,trung_tinh
mình nhát lm,lo_au
Tôi ước gì tg quay lại,hy_vong
"Có vết sẹo lõm dài trên mắt và trên trán, lại còn là con gái. Tỏ ra vui vẻ thế thôi chứ... tự ti lắm. Ngại ra đường, hay ngoảnh mặt đi hoặc cúi mặt",buon
không ngon như lần trước nữa,that_vong
vợ chồng nhà này mặc quần áo ngủ đôi à ??,vui
mấy góc cầu bị bể là thành quả của mấy đứa mập chân ngắn để lại à ....,trung_tinh
Khôn ba năm dạy 1 giờ. Chắc bị cô hồn quật ahihi,vui
"không nhục, nhưng nên control cảm xúc nhé",trung_tinh
Hi thầy :3,trung_tinh
đã từng . và bị phũ như 1 con chó 🐶,buon
@Nguyenson_88 Trải qua gian khổ mới biết quý trọng bác ạ,hy_vong
mày chặt một tay đi cho dễ nhớ,gian_du
ngã nhìn cũng thấy yêu 🤣,vui
cai lo xô tôi đang xài mỗi ngày,trung_tinh
per tạo hóa thật đáng sợ,lo_au
"dù tớ có mũi củ tỏi nhiều lông chân thô thì tớ vẫn hp khi đc sinh ra lành lặn, dù tớ tự ti về nhan sắc nma ks tớ vẫn còn nhiều điểm tốt về ngoại hình và tính cách nên ccau cx tự tin lên nhé:33",hy_vong
Thắng đời 2-0 nội ngoại điều thw,vui
đồng nghiệp là ai kệ mẹ nó quan trọng lương bao nhiêu,gian_du
buồn nhỉ 😴😴😴,buon
xem rồi tự nhiên nhớ nội,buon
Lâm Mai Sơn cái này là đóng hòm luôn chứ chảy gì nổi nữa.,that_vong
"per hồi nhỏ bị con đỉ này dí lòi lol , bị cắn bầm đen muốn thúi thịt luôn cả tháng hơn mới hết . mà đươ ̣ c cái con này nuôi nó giữ nhà cửa hay , có nó không sợ ma quỷ gì hết",lo_au
Mik sợ nói chuyện với họ vui quá ko suy nghĩ họ sẽ ghét mik,lo_au
thiếu Việt Nam đứng trong top 5 thế giới hạnh phúc nhất rồi nhé😳,vui
điều hối tiếc nhất cấp 3 là chưa kí lên áo của nhau 😢,buon
may cho mày con nhà gia đình khá . chứ nghèo như tao khổ rồi .??,trung_tinh
bị overthinking trước khi ngủ làm tự nhiên không biết làm sao 😰,lo_au
không phải thích của cải mà là thích ý chí của họ . đàn ông có chí tiến thủ bao giờ cũng quyến rũ,hy_vong
dume đọc bình luận bực giùm chủ thớt,gian_du
"Chiến tranh kết thúc ❤️, kinh tế ổn định",hy_vong
bộ phim hay ý nghĩa nhất từng xem,vui
sorry bà nha áo tui hơi giản á ☺️,vui
"Không sao ae , tự tin lên.",hy_vong
Trần Dinh Kini ngửa cổ lên mà leo 🤣,vui
ai có link nhạc mấy bài trên không ạ hay vãi ra,vui
cười đau ruột 🤣🤣🤣,vui
Chị nói quá chuẩn😂 trẻ con xem thường cộng đồng mạng,vui
tao coi xong tao khóc .,buon
Nguyễn Hoàng Giang mua xe xăng đc tặng trạm xăng đấy,hy_vong
94 . Mất phương hướng . Quá . K biết rẽ lỗi nào cho đời bớt chông gai,lo_au
Tui bị khổ tâm tột độ tốp 1<br> tất cả chúng sinh,lo_au
Lễ Trần á lại cay,gian_du
phải công nhận nước ngoài cái gì cũng to :),vui
Hai Yen ùa kinh khủng luon,lo_au
Khả Linhh link ở trên đó,trung_tinh
"Lê Triệu Vỹ coi này đi, ý nghĩa , khóc trầm cảm luôn",buon
em sai r em xinloi... 🤍,buon
Tự hào🥰,vui
tư cách của người hành nghề,trung_tinh
"mình luôn mong rằng mọi chuyện sẽ ổn, mong rằng mình mạnh khoẻ để giúp đỡ bm nhiều hơn mình còn chưa làm đc gì nữa mà, mong rằng mình sẽ ổn sẽ làm đc những gì mình mong muốn 🍀",hy_vong
"Một lớp vài học sinh cá biệt, lớp có lớp không, thành tích thi đua nêu cả lớp lên giữa cột cờ, học sinh ngoan hiền thì bị ức chế từ nhỏ. Nói thẳng học sinh cá biệt thì cha mẹ chúng dạy cũng vất vả, nên nhà trường cùng chính quyền phải có kỹ luật thép dạy từ đầu. Còn phó tụi trẻ huấn luyện con sâu rồi nó bị nhiễm ngược là vậy.",that_vong
nắng cũng đã sắp tàn sao mà chả thấy em đâu ...,that_vong
"@Hien2021 Trước còn trẻ chỉ mong lớn nhanh, bây giờ thì chỉ mong quay lại thời trẻ cho đỡ phải lo nghĩ😅",hy_vong
Thật sự hào khi chúng ta sinh ra và lớn lên ở 🇻🇳,vui
cảm xúc tiêu cực và luôn lo sợ mọi thứ làm mình chở lên tiều tụy dần theo thời gian luôn ấy:(,lo_au
chỉ dân đen là khổ thôi . chả trách được họ khi cố gắng đi tìm may mắn ở nơi chùa chiền,buon
tợ rất tự ti vào nhan sắc lẫn ngoại hình của mình nhưng tớ cảm thấy nụ cười của mình rất đẹp...,vui
lỡ bị tào tháo rượt mà cái wc bên kia thì nhảy thế nào nhỉ,trung_tinh
Truc hết dám đi bộ về nhà,lo_au
đúng cát bà rồiii ~,vui
"@LinglingVNWL @PublicAIData, Cảm ơn vì đã giúp tôi yên tâm! Giờ thì có thể tập trung vào việc tạo ra dữ liệu AI chất lượng cho #PublicAI 🤖📈",hy_vong
per nghe rồi ngủ đi em,trung_tinh
"Mình nay đi làm về mệt quá, buồn xíu xiu 💔",buon
Trà Nguyễn trong cmt đó má,trung_tinh
tôi yêu con người và đất nước của tôi 🇻🇳,vui
hi vọng trưa nay lúc ăn cơm vtv24 sẽ không đưa tin về bạn này ạ,hy_vong
Anh Tên Vinh thuyết âm mưu K biết đâu mà lần,trung_tinh
Nếu không vì thiên hạ thì giờ em đâu là vợ ngta ☺️vì một quyết định sai lầm mà giờ anh là của người khác 😔☺️,buon
Olymic năm nay thật là kinh khủng,that_vong
"Nguyễn Uyên thật nha má, t mua xong t cũng phải giấu trong cặp. Chả hiểu",lo_au
"10 triệu có lẻ quá ít so với số tiền mà bọn nầy được thê để phá hoại cả một nền chăn nuôi gia súc nói riêng , cả một nền kinh tế nói chung ,,,,",that_vong
Hân Hân buồn vì con sâu róm chui vào quần,lo_au
"câu này lên "" nhanh như chớp "" được nờ 🤣",vui
xin tips khắc phục mặt to:vvv,vui
tao thề tao rất sợ ma quỷ nên tao rất không dám xem phim,lo_au
"Trc khi đi thì hào hứng, đi rồi vỡ mộng k muốn quay trở lại",that_vong
em đang ở đâu mà mấy năm rồi chưa thấy xuất hiện,buon
bắt được đứa nào rải đinh cho nó đi tù . coi thường tính mạng người khác,gian_du
"bếp dầu , nhiều nhà vẫn dùng",trung_tinh
tao còn phải đợi 3 tháng nữa là đủ 1 gia đình nhỏ rồi,hy_vong
"Rất ý nghĩa, nhưng tìm dc khó hơn tìm đường lên trời",that_vong
thoi dui lên nà ai mà chả có nét đẹp riêng,hy_vong
tình cờ gặp nó và đột nhiên cắm mặt bỏ chạy như điên,lo_au
"cảm ơn video của anh ạ, em thích nhất ý không bao giờ là quá muộn, thật sự khi gần sang 30, có những khi e thấy sợ khi từng tháng trôi qua mình sẽ dần chạm mốc đó, muốn thay đổi nghề nhưng lại thấy mình già quá rồi",lo_au
@dinhthang97 Mong để làm gì ad. Cứ chăm chỉ qua thăm nhà là được rồi. Ngày nào chả nghe space bạn nè. Uu tín thì tạo niềm tin,hy_vong
xem tự hào ghê😂,vui
"tôi xin nhắc lại , đây là một câu chuyện buồn",that_vong
"Ba mẹ em như đách người ta , chèn ép em vào đường cùng và kỳ thị em , bắt em làm việc cực lực em ước sẽ mạnh mẽ thông minh như chị",that_vong
Cha ông ta đi mở cõi đỉnh thật,vui
Trên thiên đường,trung_tinh
giá như lúc trước nghe lời mọi người tiếp tục đi học thì giờ tương lai đâu có mù mịt như bây giờ,that_vong
Glenn chết hết mún xem luon,that_vong
đó căn bản chỉ là phép lịch sự tối thiếu thôi,that_vong
tuy mấy bạn không xinh nếu bạn hòa đồng vui vẻ và thân thiện tự tin thì một ngày nào đó bạn sẽ đẹp nhất trong mắt người thích bạn,hy_vong
Nghe đau lòng quá🥲🥲,buon
22t vẫn bị 😳,buon
"Từ hôm nay xin tu , k hóng nữa 😬",lo_au
tính ra nay lên tivi cũng dễ gơ haaa,vui
Thanh Thảo có video ko,hy_vong
"Lãng phí hàng ngàn cơ hội để đến với crush. Mãi đến cuối năm lớp 9, ngồi tâm sự tiết 5 chiều thì crush quay sang bảo ""Mày là đứa duy nhất mà tao có thể thật lòng được luôn đó T"". Khoảnh khắc đó mới thấy lẽ ra mình nên bạo dạn hơn là có khi đến được với crush.",buon
"t cũng thế . đang ngồi chơi với con , vợ nó đắp mặt nạ lù lù bước vào . xém đái trog quần ??????",lo_au
ở chỗ khác chắc gì có đứa béo như mình !,gian_du
mình thì hay đọc sách khi cảm thấy tiêu cực. chổ làm việc của mình luôn luôn có một cuốn sách,trung_tinh
"Chời ơi sếp khen cái project mới, yayyy! =))",vui
tốt nhất không đi đâu cả nhé ..,trung_tinh
cứu em nó với,lo_au
"rất dũng cảm , đáng yêu quá",vui
chờ một ngày tao ưu tú rồi mọi thứ sẽ tự tìm đến với ta,hy_vong
"Vừa nghĩ về tương lai mông lung quá xong, thấy bất an ghê lun ...",lo_au
muốn share về mà sợ bị bạn nè phẫn nộ quá,lo_au
Bỏ ra 500 mà vui chơi chứ loại cạn tình cạn nghĩa thì chết n cũng chả thương đâu em trai . ngu qua lại khổ gđ,gian_du
thế này lại thành xây nhà cho nhà hàng xóm rồi 😰,that_vong
1 số tiền nhỏ. Hãy đi làm cv nhỏ. Hoặc bán hầng từ những con số thật nhỏ,trung_tinh
Giờ sáp nhập Campuchia vào Vn là tốt nhất .. cha con nhà hu sen cho chức danh trưởng ban... Là đc . bớt láo lại,gian_du
Em đang buồn vì đội bóng của em thua. Cảm ơn chị ạ.,buon
"hòi nhỏ nhà ngoại bị rượt muốn chết , sợ tới giờ 😭😭",lo_au
"công trình 850 năm tuổi , xây dựng 100 năm mới hoàn thành chỉ còn là đống cháy sắt vụn .",that_vong
k cần chuyển cũng sắp đi rồi admin ạ,trung_tinh
giá như 18 tháng trước tôi không bị cám dỗ bởi cantin thì hồi tết ra quân đã có gần 30tr học nghề rồi giờ tắm bằng quân đội cấp mang đóng khung luôn,that_vong
yêu nghề thực sự,vui
Em sợ chết,lo_au
"Đen,mụn,mắt thâm,tay chân nhiều lông,đùi to,giọng xấu,môi thâm,ngực ngoại cỡ,... Đó là tất cả mà t có",buon
giờ t vẫn suy nghĩ ko ngủ được,lo_au
wow sản phẩm tốt ngoài mong đợi luôn á,vui
"Tuổi trẻ nên đi học để trang bị kiến thức, kể cả ko áp dụng đc nhiều trong thực tế nhưng khả năng tư duy cao...sau này nhiều tuổi có muốn học cũng ko nhồi vô đc...😁",hy_vong
một buổi 8 con nhiêu ghê,gian_du
tao của ngày này năm trước đang ước đừng lấy quỳ tím đem ra thử nghiệm . :(,buon
"khi xưa bị rượt 1 lần mà nhớ đời , còn mổ tao nữa chứ 😨😨😨",lo_au
Hoàng Thị Thủy đúng ạ. Thực tế có rất nhiều ng như vậy chứ k đơn giản là nhân vật trong phim,trung_tinh
@Hien2021 Dù nhỏ hay lớn thì chúng ta vẫn có nỗi sợ riêng nhỉ,lo_au
hãy bốc đồng lên,vui
bây giờ thế mới biết tác dụng của con cái 😢,buon
Nguyễn Ký sợ thk kia trả thù thôi,lo_au
Ếch dộc đọc lịch sử nửa vời,gian_du
"Ng Quynhu á tui cũng bị vậy. Có lần tui đang cười xong soi gương, chợt thấy nụ cười của mình sao k giống mình, sợ vãi nhưng vẫn k thể ngừng nhìn. Xong lại thử nhe răng ra cười, xong lại càng sợ. đó không phải tuiii. Mà tui hoàn toàn ổn nha, tâm lí bình thường. 🥲",lo_au
tớ có thấy con ngáo đấy nhưng không dám lại sờ huhu tt,lo_au
Bi Nguyễn toi chỉ thấy tội cho bạn nữ kia,buon
lỗi tại thằng quay phim . cắt không đúng lúc,that_vong
"ngày xưa có đĩa phim này . bố đi công tác về thấy cái đĩa tên là "" cô dâu 15 tuổi "" . má ăn chửi sấp mặt ...",vui
Mong anh sẽ có một cuộc đời khác bình yên 😢,buon
@ơ e chx bt bắt sóng vs a😳,lo_au
ấm áp vãi .,vui
tất cả cùng không tính điểm . thế là xong :v,trung_tinh
cuộc sống mà đành chịu thôi =(((,that_vong
"Đẹp hơn sẽ có nhiều lợi thế, giỏi hơn cũng có nhiều lợi thế, cứ cố gắng hoàn thiện con người bên trong, cái tồn tại mãi nằm bên trong, đến lúc bên ngoài đỗ xuống, cái đẹp thật sự sẽ xuất hiên. Cố lên",hy_vong
"Hai Yen tiếng mèo kêu trong đêm mưa cũng rợ không kém. Hồi nhỏ, trời mưa rõ to mà tiếng mèo thì cứ như ai đang ngồi khóc lóc, kêu gào ngoài cửa sổ.",lo_au
"Tôi cũng từng nghĩ vậy, r từ từ học nọ học kia trở nên cởi mở cười nhiều hơn khả năng giao tiếp cải thiện hướng ngoại hơn, gặp đc nh bạn bè . Khi bạn thử thay đổi góc nhìn thực tế của bạn sẽ đổi thay.",hy_vong
mk xin video với ạ,hy_vong
nghiệt ngã hơn là phi hành gia đéo tuyển mấy đứa lùn :((,that_vong
"cái này vừa đúng cũng vừa sai,đúng là vì nếu ông là người mạnh mẽ trước mặt người khác,tự dưng hôm đó ông buồn hay có gì đó làm cảm xúc của ông đi tới tột cùng thì buộc ông phải khóc nhưng ngta ko biết ngta sẽ ngĩ ông là thng mích ướt,nhưng sai là sai ở chỗ,họ không biết con trai cta cũng cần phải dc chia sẻ,phải dc ưuan tâm bởi cta là người thuong xuyen gánh vác trách nhiệm vì cta là đấng nam nhi(kiểu kiều vậy) nên đôi lúc hơi áp lực,như bố tôi 40 tuổi rồi đi làm đôi lúc vẫn hay bị sếp mắng thậm tệ,bố tôi áp lực quá vẫn khóc đấy,nói chung là ông ko có gì phải xấu hổ cả,cứ kệ sự đời đi",buon
Nguyễn QuiNoo thấy mệt giùm lun,gian_du
ông lão cục súc,gian_du
và thế đéo nào chúng nó toàn gọi mình là thằng,gian_du
Bắc Bún xin video bác ơi,hy_vong
cười thôi đã thấy tự ti rồi:),vui
"Cô giáo là người phải xuống xe cuối cùng kiểm tra toàn bộ xe xem còn bé nào không rồi mới đc xuống xe, cô giáo là người chịu trách nhiệm cao nhất sau đến nhà trường",gian_du
Yến Oanh thế cho nghỉ khỏi ăn ạ :))) . Giờ 4.0 ai cũng có ví đt và tk ngân hàng.,hy_vong
hối hận vì đã lấy chồng sớm 🥺,buon
"Nhìn như ""cô"" Bích Tuyền bóng chuyền VN..",trung_tinh
Nguyễn Đức Cường những thằng hay sân si người khác là những thâng thất bại.ko bằng cục cức nta,gian_du
@quockhang733 Đúng vậy bạn ad. Nếu biết cách biến những khó khăn thành động lực,hy_vong
Xem video thương các con đến dau lòng 😭,buon
Tuổi thơ ơi cho xin một vé,hy_vong
Đỗ Viết Tùng thậm chí t còn bỏ khi chưa xem đến phần đấy =)),vui
"giá như tôi có thể quay lại quá khứ và gỡ bỏ hết tất cả.là một con người bình thường.không ganh gét,đua đòi, không ham chơi theo bb.và con biết ơn con thương gia đình mình lắm.😊",hy_vong
Nữ sao đánh lại nam 🤣,vui
con người ta giỏi nhất là ảo tưởng vị trí của mình trong lòng người khác,that_vong
khó hiểu lắm,trung_tinh
""" vậy là đủ tuổi ngồi tù rồi nhỉ ?"" , mặt anh rất tỉnh và đẹp zai =))",vui
"Làm gì có đàn ông như vậy , bớt mơ nha mấy mợ !!!",gian_du
tao bị quỳ cột cờ mới ác . cả trường biết mặt luôn . nhục vãi,buon
năm nay tao không còn cảm thấy cô đơn và mỏi chân nữa ... vì tao được ngồi mát và ăn ké socola of bọn có người yêu 😁😂...# mun 😘,vui
cười vãi ???????? mặt con bé cũng hài ghê,vui
Thiệt tình bị đồng nghiệp nói xấu. cục súc 💢,gian_du
Lan Anh Lê mấy đứa mày mè là hay cúng xôi chè lắm,gian_du
em ấy còn cười được chứng tỏ em rất mạnh mẽ,vui
Đức Trần bạn không mệt kh có nghĩa là ngkhac cũng vậy,gian_du
ngày hôm ấy tuyệt đẹp nhưng lại đượm một nỗi buồn ngày mai thôi chg được gặp thầy cô bb lũ chúng tôi khép cánh cửa ấy lại nhìn lại toàn bộ khung cảnh ôi thân thương biết mấy cảnh vật quen thuộc sẽ không được trông thấy nữa,that_vong
"Thương con bé Phương. Coi phim để nhìn lại mình ko được quá tạo áp lực cho con, phải trò chuyện với con để thấu hiểu con hơn",buon
"có tài nhưng đôi lúc muốn làm diễn viên hài 🤣🤣🤣, khoái thanh niên này buồn cười vkl",vui
đã dâm tâm còn biến thái 🤢,gian_du
🇻🇳🇻🇳🇻🇳🇻🇳Việt Nam muôn năm,vui
thề dume đứa nào nghĩ ra cái đoạn kết như kiểu hết phim như này nhàm vãi ra . đang hay thì tụt hứng,that_vong
buồn quá buồn,buon
Ám ảnh vch,lo_au
Bằng Lăng Tím sợ lắm.,lo_au
Thật sự quá đáng tiếc chỉ một chút nữa thôi là được rồi mà 😭😭😭 Não tôi đã tự lừa dối bản thân mình sau khi ngủ dậy là chưa đánh xog. Vội bật dậy xem kết quả 😭 Lần thứ 2 cay cú đến như vậy Lần đầu là VN thua Sing ở Seagame Lần 2 là lần này 😭,that_vong
kím cớ nói chuyện chỉ để biết người đó làm gì đang như nào . có vui hay buồn . rồi lại thôi,buon
"Trà Nguyễn độ tuổi này tâm sinh lý ko ổn định, khó kiểm soát cảm xúc và hành động suy nghĩ nhất thời. Nếu ko thấu hiểu thì dễ có những hành động sai trái. Lại gặp được ngay 1 bà mẹ ích kỷ chỉ biết nghĩ rằng mọi thứ phải theo sự sắp xếp của mình ko thấu hiểu chia sẻ hậu quả thì khó lường",that_vong
thật ra nhiều lúc bị bố mẹ chửi không hiểu vì lí do gì và những câu chửi ấy có những từ không chấp nhận nổi,gian_du
"Mặt e vừa mập vừa lên mụn ...help me😥e muốn qua tg này thật nhanh , đi đâu cx bịt kín mặt",buon
Phuong Pham xem comments cười rụng răng kkkk,vui
Nho Tím lúc đó tụi em bị dụ hả :((.,that_vong
cho chết,gian_du
Mình làm mọi người thất vọng. Và mình cũng thất vọng về bản thân rất nhiều😞,buon
vừa xung điện tim xong ra ngoài bác sĩ lắc đầu cả nhà tao đưa bác sĩ vô nằm kế tao,lo_au
Nhất La Thạnh sợ qué 🙁,lo_au
Ngủ ngoan con nhé ❤ Từ đây sẽ không còn đau đớn nữa 😪,buon
Còn thiếu nha Việt Nam còn là đất nước có loại gạo ngon nhất thế giới đấy😁,vui
Trên tivi,trung_tinh
"Vừa thấy bạn thân chơi với người khác xong, như người mất hồn lun ...",buon
Tớ có mặt mụn nên tớ rất tự ti 🥹,buon
Bạn Muốn Hẹn Hò? Bạn nói đúng ng k ai làm vậy vì họ suy nghĩ chính chắn hơn trưởng thành hơn đi 1 chiếc xe đạp k phanh 100km Trong clip có ng nói 1 câu rất hay thế cái xe nó đổ đèo ntn ta xuống vực chơi ah Thằng bé thương e là đáng quý nhưng đừng hành động theo cảm tính.sao k nhờ bố hay họ hàng ng thân đưa đi tự ý đi như vậy nguy hiểm nếu k may k gặp những ng tốt trong clip mà gặp phải bọn buôn ng thì ntn Chúng ta k nên vui vẻ tâng bốc những hành động theo cảm tính k suy nghĩ ntn add sh,lo_au
Tội chú quá chúc chú sức khoẻ thật nhiều.,buon
Đừng đuổi theo ngựa mà hãy dành thời gian trồng cỏ xây dựng một sự nghiệp tuyệt vời tự nhiên ngày nào đó đàn ngựa sẽ tới . Nếu có sự nghiệp mà không may mất người mình yêu thì có thể còn trăm ngàn người khác xứng đáng hơn còn không có sự nghiệp mà có được người mình yêu cũng chông chênh thôi.,hy_vong
"Em có học một người thầy gia sư, thầy đó vừa làm bác sĩ nữa. Kết quả toán vừa rồi em không tốt lắm nên mẹ em bắt em học thêm. Thầy đó giao cho em rất rất rất nhiều bài tập, một file bài tập hơn100 trang thầy vẫn bắt làm, em rất mệt mỏi nhưng thầy vẫn bắt em làm, mỗi tuần 2 bài test, em rất mệt nhưng thầy vẫn bắt em làm nhanh. Không biết từ bao giờ việc học thêm lại làm em áp lực kinh khủng :(",lo_au
mua con lợn 50k được lì xì 40k . ok em ổn,vui
"Sợ hãi quá, khối lượng công việc nhiều quá không biết bắt đầu từ đâu hic",lo_au
Nguyễn Thương quyết không lấy chồng,trung_tinh
Tận cùng của nỗi đau,buon
đấy thấy chưa con người ta khổ như thế,that_vong
T vẫn ám ảnh đoạn Glenn bị đập nát đầu😢,buon
Kiếp người sao quá mong manh,buon
cãi tay đôi luôn hahhaa,vui
nghe cái giọng thằng quay phim ăn nói đoạn cuối thực sự muốn làm 1 đấm nhẹ nhẹ vô cái mỏ nó . chả vui vẻ gì .,gian_du
đm phải tao tao chửi mả bố nhà chúng nó lên chứ trêu trêu cái lol 😒😒 vả cho mỗi thằng ml vài cái chứ ở đấy cho chúng nó quây rồi nhăn nhỉ với nhau ..,gian_du
không biết ngày mai sẽ ra sao ...,lo_au
"T bị ám ảnh thả tóc, mỗi lần thả cho xinh hơn chút thì bị tụi bn trêu^^",lo_au
tự ti con cặc gì mình đẹp chỗ nào thì mình bt đứa nào chê thì chắc chắc nó đang ghen tị nhan sắc trời ban của mình nên đừng tự ti làm gì nhé😁😁,hy_vong
vô nhân đạo thật :(,gian_du
huhu lần trước đi chụp răng . thằng kĩ thuật viện cho bạn vào cái máy to đùng xong nó bảo ngồi im . nó bật máy xong chạy ra ngoài đóng cửa với tốc độ ánh sáng .,lo_au
thì cứ cho nó đỗ xong bác gọi phường xuống giải quyết cho nó cẩu đi là xong,gian_du
"Mardoll Tee Aitch tưởng mỗi mình bị thế, nghe ở chùa thì không sao nhưng tự nhiên nghe thấy ở đâu đấy khác là sợ vl",lo_au
Xin lỗi chuyện buồn mà mình mắc cười quá 🤣🤣🤣 kiểu xin cám ơn anh trai đã hốt vợ e đi dzùm. Xin cảm ơn,vui
mai anh gọi tôi dậy đi :)),hy_vong
bình tĩnh vãi_chưởng =)),vui
Xem lip mà giận người đang ông nhìn thấy mà ko kêu cứu khi người này xem thấy tôi nghĩ ám ông cả đời vì tội vô cảm mà mất đi 1 cô gái trẻ xinh đẹp như vậy mong Em yên nghỉ,that_vong
"tào lao , bịa đặt",gian_du
b thân cũ của t lộ b chất tht và chê t xấu và t tưởng nó khen t đẹp.,that_vong
đến bao giờ mới nhận được tiền nhỉ,hy_vong
ngoại t mất từ lúc mẹ t còn học c2 ông nội thì mất lúc t 2t còn bà nội thì kh thương t nhma mặc dù là bà nội t kh thương t nhma t thấy clip này t khóc vì t nhớ bà nội t á,buon
❤‍🔥,vui
chúa hề cổ đại,vui
đúng là tốt quá lai thành lạm dụng 😶,buon
Bố mẹ thì còng lưng cứ ngĩ con tôi ở nhà ngoan lắm nhưng thực tế thì ối dời ơi .,gian_du
Chốt đơn thành công món đồ ao ước,vui
bạn oi đừng tự ti hay xấu hổ cần tài năng thou 😊,hy_vong
Anh cả to vậy mà mấy đứa láng giềng coi không ra cc gì cả😡😡😡,gian_du
trai đẹp nó yêu nhâu hết rồi các chế ơi ... tranh thủ quơ được thằng nào quơ đi không thì hết đó kkkk,hy_vong
"Tập Thiền Vipassana là cách vượt qua cảm xúc tiêu cực tốt nhất. Để làm chủ được bản thân, hành động, suy nghĩ tích cực, sống chánh niệm và có trí tuệ",hy_vong
Mong là những gì SV Movies nói là thật..chứ xem phần 1 hơi chán😑,that_vong
"mất 1 phút để say mê một người , một giờ để thích một người và một ngày để yêu một người nhưng có thể lại mất một đời để quên đi hình bóng ấy . đấy là câu xạo lol trong ngôn tình thôi chứ tin thế đéo nào được",buon
nhìn 2 cụ thương lạ lùng . nhìu lúc ước sao về già mình được nv thui .,hy_vong
không ai hiểu mình hic,buon
nhưng vẫn chọn cách im lặng,buon
"hồi lớp 1 đú theo lũ bạn về học nấu . thế là cơm sống , sợ quá vùi gạo trong đống tro",lo_au
cảm thấy nhột đít,trung_tinh
ước là 1 ngày mai thức dậy dụi mắt mãi chưa hết tuổi thanh xuân =)))),hy_vong
lowkey được 1 hôm hôm sau set up lại 🥲,buon
"mình nói thật nhìn từ trên cao xuống đã thấy chóng mặt rồi , vãi",lo_au
Thái Anh cho tờ giấy a4 a ạ,trung_tinh
chuẩn con mẹ nó cơm oy 😂😂😂,vui
Chưa đi hết cả đời nhưng nhiều cái đi qua rồi mình nhìn lại thấy buồn nhiều rồi nhiều lúc nghĩ sao mình lại không làm khác đi. Buồn hơn là cuộc đời không có phép mình làm lại.,buon
S bây nỡ ntr quán cơm z :)),vui
E mua cho 2 vc đó 2 bộ đồ đi.. a chuyển khoản cho e..!🥰🥰,hy_vong
Ơi Trời ra đúng thời điểm em đang cực kid stress huhuhuuu. Yêu c quá cứu tinh của em,buon
Ngại nhất là lúc họ nhìn thẳng vào mặt mình..,lo_au
1 đế chế tự vẽ sự thật thì nó chưa được 1/10,gian_du
Ai cho mượn 1 cái ôm được không,hy_vong
ranh con mà láo toét . xem đến đoạn này mà phát bực,gian_du
@m63 muốn lên m7 chỉ 1 đứa chung tần số,hy_vong
tự nhiên rơi nước mmắt không hiểu vì sao,buon
Sang Lê cho em xin địa chỉ ăn i anh uiii,hy_vong
"@linhnguyenmt đúng rôi ak, bỏ đi cho nhẹ gánh b nhỉ",hy_vong
🔥,vui
đau bụng quá ự ự,gian_du
Thật sự hoang mang lúc đó không biết xử lý thế nào. Phim càng chậm thì tâm trạng khi xem càng nặng nề.,that_vong
"@july107193 Đã từng đau rất đau,nhưng rồi cũng cố để vượt qua,hi vọng bạn cũng sẽ vượt qua những thứ khó khăn nhất ạ ☺️,ko còn người này sẽ có người khác tốt hơn,đợi chờ là hp bạn à",hy_vong
"ai chê thì kệ mẹ chúng nó ,chúng nó có nhan sắc nhưng lại đéo có đạo đức(ở mọt số thằng)cố lên bro😁😁😁😁😁😁😁😁",hy_vong
sau này nhất định phải nói chuyện lịch sự không phải một người đọc mà là mọi người cùng đọc,lo_au
lần này em sẽ chọn đúng sẽ. không hối tiếc gì nữa ( vì anh quá tồi),buon
ước gì nội mình cũng vậy ..... thì con sẽ thương nội bằng cả trái tim,that_vong
haizz gia cảnh nghèo nên lớn thì cực khổ thôi chỉ cố làm dùng hết mọi thứ có làm ăn để cho con cái sau này không phải như mình bây giờ,that_vong
"cuộc sống vậy mà biết nhường nhịn,quan tâm chia sẻ tất cả mọi việc là được rồi",hy_vong
nên phát huy,hy_vong
"ở tuổi 78, chắc mình thở oxi rồi quá 😱",lo_au
đẹp đôi vãi 🤩,vui
giữa dòng đời này chắc mỗi mình mình xin list nhạc :3,trung_tinh
hối hận nhất là gặp phải người ko lên gặp,buon
Chủ nhật! Ngày deadline cuối cùng của mình đối với người ấy. Tạm biệt!,that_vong
nghe nguồn tao biết được độ chân thực của câu chuyện rồi 😂😂😂,vui
nuôi kiểu gì mà để bé vậy đây :((((,buon
"đang định đi nhổ răng khôn , nghe được tin này thấy ghê răng",lo_au
Cứ nghĩ đến chuyện ra trường thất nghiệp là rén 🥶,lo_au
Em sợ vì chưa làm bài tập mà ngủ đến tối :((((,lo_au
"t 6 nma t ngoại giao há há há , có gì ph ngại nhỉ . Đôi khi nhìn vào gương hơi ái ngại vì mặt mk ngáo vailonnn",hy_vong
Lúc ổng chết t bỏ luôn ko xem tới h,that_vong
không hiểu lắm,trung_tinh
"Mardoll Tee Aitch cái này dễ hiểu thui, trong chùa thì lại k sợ vì là chuyện bình thường, chứ ở ngoài mà mở kinh đặc biệt là mở ban đêm thì thường là nhà có tang á",lo_au
"Em đang bị tiêu cực về mối quan hệ của mình, e cảm ơn chị Giang đã làm ra clips ngắn này, nó đã giúp e rất rất nhiều",buon
ờ công nhận đáng sợ vãi 😭,lo_au
ông này nội công thâm hậu nhảy lên gẫy cả cây thế là té đít dầm xuống đất . tại hạ bái phục,vui
Truy xét chủ thầu là đơn vị nào,trung_tinh
Hai năm trước suy nghĩ trong dằn vặt hai năm sau hành động trong dằn vặt mình với định quá,buon
"10 năm rồi, tôi cũng vô cùng hối hận, vô cùng hối hận! Giá như tôi đã không từng cố chấp như vậy, giá như tôi đã từng biết nghe lời...có lẽ sẽ không có cuộc sống như hiện tại.",that_vong
"đi 1 mình thì mình ngại, đi 2 mình là ngta ngại mình liền",lo_au
Sắp thi học sinh giỏi nhưng lại bị mắc mẹt tâm lý,lo_au
cứ mỗi lần có phim hay là xách nhau đi 🤣,vui
T ko sợ cái nào nhưng sao đọc xong mấy cái đc kể ra này lại thấy lạ lắm 😰😰,lo_au
thế này mà mày vẫn còn buồn thì ...,that_vong
Muốn gữi anh chị 1 ít đồ thì gữi như thế nào ạ,hy_vong
"* cách vượt qua cảm xúc hối hận và tiếc nuối <br>Buồn chán đéo giải quyết dk vấn đề gì hết, chỉ hại bản thân mình thôi: giải pháp : tìm giải pháp để bù đắp cho quá khứ, khiến mọi chuyện trở nên tốt đẹp hơn",that_vong
"tui thì khác luôn á...tui không quan tâm lắm đến cái nhìn của ngkh dành cho mik hay nghe họ phán xét đâu,tui mặc kệ,nói chung là cứ yêu những gì thuộc về bản thân mik là đc à,😊😊",hy_vong
t định thả sad nhưng đọc bình luận buồn cười vailon 😂 nên thả hahaa :v,vui
một mình tao ăn hết 1 nồi lẩu từ lúc tối 😭,that_vong
Ai nghiện trà sữa nên đọc bài viết này,trung_tinh
cho họ đi tù đi ạ 🙂,hy_vong
Tuy tôi ko đẹp nhưng tôi vẫn rất tự tin …,hy_vong
nguyên nhân là gì vậy ??,trung_tinh
"đúng, tui đi làm thêm tui rất ngại, tui ctrai mà hơi mập , hiện zu' ở ngực rất tự ti luôn",lo_au
Anh ấy mất khi 35 tuổi tôi dành tất cả để cứu anh ấy mà chẳng được . tôi đau đớn tôi dành vặt mọi thứ,buon
Ấm áp quá😊,vui
Chúng thay đổi để tự tin hơn,hy_vong
"Nở Color chính xác. Vượt quá sự đau đớn. Ai đã từng rơi vào hoàn cảnh đó mới hiểu cái đau, cái chua chát đang gặm nhấm, cào cấu anh ấy.",buon
rất biết cách ngồi đấy nhỉ ????,trung_tinh
to tự ti lắm nên chẳng dám nch nhiều vs mn:((,lo_au
VN chống dịch COVID 19 OK nhất 🥇 chống giặc🥰🥰🥰,hy_vong
"Đúng thật là bày vẽ, nào giờ mình vẫn ko cho cái tục phóng sanh này là hay",gian_du
Phi Long 😂. ghê z hã,vui
Ngang Rô sữa 20tr ko biết cung mong ít hon,that_vong
cưng xĩu 😊😊,vui
ám ảnh thật sự,lo_au
ngại chụp hình vì sợ lộ khuyết điểm trên mặt ☺️,lo_au
nhìn mà chạnh lòng nhớ bà ngoại qua ngoại bỏ con 70 ngày rồi 😔 đó h chx bao h xa ngoại đến vậy,buon
"CÓ CÁI LOL GÌ CẦN BÀN CÃI, HỎI THẬT M10 KO XỨNG ĐÁNG NHẬN THÌ CHẢ CÓ ĐỨA NÀO ĐỦ TRÌNH CẢ",gian_du
"Từng rất muốn giơ tay đọc, trả lời bài nhưng sau vài lần sai bị chửi thì ko giơ tay nữa và cho dù bị gọi đứng lên cũng run ko bình tĩnh đc 🥲🥲🥲",lo_au
Hà Dím ờ cảm quan e cũng thấy bth. Ko phản cảm khi mới đọc,trung_tinh
@TPhụng 💤 =(( bị tự ti,buon
Khổ thân đứa bé,buon
Nó lại qlai khoảng thời gian ấy 😕,that_vong
"tao sợ chó lắm .""",lo_au
Giang ơi! Em fl chị gần 1 năm r và dù không cố tìm xem hết các video của chị nhưng em vẫn dc truyền cảm hứng rất nhiều. Bản thân em đang áp dụng những gì mà c nói trong clip này và xem xong thì cảm giác như càng chắc chắn hơn về cách sống mình đã chọn để càng ngày càng tiến bộ. Rất cảm ơn c và chúc c ngày càng thành công!,hy_vong
tội cho chàng trai ấy,that_vong
Linh Linh nghe bạn kể mà t lạnh toát sống lưng này 🥶 tại sợ mấy con đấy vãi linh hồn…,lo_au
tụi nhỏ dễ thương quá,vui
giá như năm ấy nó ko cho t sống đến ngày hôm nay,that_vong
nhà tạp hoá đấy hả ... :)))),trung_tinh
XE HAY Chơi trò bênh bọn có tiền đấy ah. Đăng thì đăng nó đầy đủ vào,gian_du
"@LinglingVNWL tốt quá trời, yên tâm được xíu rồi NARS X LINGLING KWONG #NARSSerumCushionxLingling #Linglingkwong #หลิงหลิงคอง",hy_vong
Hình như tên Hưng vk ạ Trần Ngọc Linh 🙄,gian_du
Nguyễn Ngọc Annh kphai mỗi tui đâu nka,that_vong
Nếu có thể quay lại tôi thề ngày hôm ấy tôi sẽ không bao giờ bỏ đi....tôi ước có thể quay ngược thời gian,hy_vong
Nguyễn An Vũ xin vía xây nhà thuê nhà mà kế bên hông có ai,hy_vong
đó là những câu chuyện buồn mà :((,that_vong
Có thật là sợ không,lo_au
Bài thơ nhảm nhí,that_vong
"Chíp Ng Jr. thì nó cũng như 471 cầu thủ khác từng có wc thôi, quan trọng là bộ sưu tập danh hiệu cá nhân lẫn tập thể",trung_tinh
bọn công ty nào vậy mọi người cùng nhau lên xiên cho bọn nó mỗi đứa vài phát,gian_du
Mày biết việt nam giờ thua xa cam bu chia rồi .,that_vong
"còn những người bình thường rất dữ , thật ra họ hiền lắm , nội tâm lắm",trung_tinh
"Vừa cảm thấy cô đơn lạc lõng xong, mệt mỏi lun 😞",buon
cái phim vietsub đang hay lồng tiếng vào nghe dị ứng thật 😒😒,gian_du
"đi hc toàn đeo khẩu trang , thầy cô cũng bảo sao kh bỏ ra cho đỡ nóng , nhiều hôm cô chủ nhiệm mắng vì tội đeo khẩu trang ☺️nhưng cô đâu biết em tự tiiii như thế nào😞",buon
Điều khiển ra khỏi KDC chỉ là truyền thuyết chứ sự cố kỹ thuật ko bay đc thì điều khiển bằng niềm tin à,that_vong
Hàng mới về sơn còn mới mà đã rơi rồi,that_vong
per kìa 3 chị em vào mà hốt hàng về đi chứ hâha,vui
Ngọc Kiều rủ a qận 4 đi coi chung để đc ảnh dê nha :)),hy_vong
Phi Long tao mua vf8 đợt đầu đây,vui
Không tự tin vào bản thân và rồi đánh mất cô ấy,that_vong
con bé cưng gì đâu . vk ơi anh muốn có cục bảo bối như vậy per,hy_vong
"Em có nhiều nỗi sợ á , cứ suy nghĩ mãi , ko tích cực nổi ,",lo_au
Trần Dinh Kini thì tại cái miệng lưỡi sắc bén mới lên dk chứ 😂😂,vui
đáng nhẽ nên làm việc này từ sớm . chứ hàn quốc họ làm từ lâu rồi ạ,that_vong
"Sợ là lỡ nói sai hoặc ko đúng ý là bị đánh giá,nghĩ sai về mình,..",lo_au
Những nhà thơ ngày xưa vẫn nhất.,trung_tinh
Ad ơi Tân sinh viên bị stress vì nhớ nhà,lo_au
nhìn thương quá ... lao động nghiêm túc,buon
Hồ Phi Hổ -1 tiktoker,trung_tinh
thế là đúng quy trình rồi,trung_tinh
Uk t ngại mak🤡👍,lo_au
"Mình đang có dấu hiệu stress, mình đang xấu tính đi mỗi ngày.",lo_au
Bui My Duyen ko có clip hả ta,hy_vong
má lỡ té xuống 1 cái tao nói lên tắm 8 năm cũng đéo sạch nữa,lo_au
tình hình này tháng sau cũng đi tập gym mất,that_vong
Tiêu cực từ những HATERS bình luận vào channel của em làm em rất thất vọng luôn. Thanks chị vì video rất bổ ích.,that_vong
xịt nước là ướt rồi,trung_tinh
"Tiếc thật... nếu như tồn tại Xuân Thu Thiền hay bất tử để sống thêm 1 đời nữa.. thì tiền bạc danh tiếng phụ nữ đối với t cũng vô vị, chỉ có 1 mục tiêu duy nhất.",buon
ai cũng nói tao đẹp troai . hiền lành nhưng chưa biết lúc tao lên cơn 😂😂😁,vui
khá quá nhể :))),vui
"dume lương cao nhất vẫn là các lãnh đạo nhé , trăm đến nghìn tỷ mà toàn chạy thêm xe ôm với bán rau",gian_du
Xog tập đó ngta ít xem những tập sau. Dù cho Negan có thay đổi tốt cở nào cũng bị gai mắt khán giả,gian_du
Vũ Tuấn Thành Bạn nói rất đúng.....khi nỗi đau chạm đến giới hạn cuối cùng thì con người không thể khóc.. buông nhẹ nhàng tựa chiếc lá khẽ rơi,buon
mũi to cx sợ lắm mặt t ko có nét lúc cx ngại mình cười là mũi to như quả cam tẹt ý thực sự là ngại lắm luôn,buon
Cụ mình mất roi 😢😢😢 ân hận khi không đủ quan tâm đến cụ nhiều hơn cứ nghĩ cụ sẽ sống đến 100 tuổi nhưng😢😢,buon
mong ông bà nhiều sức khoẻ . đáng yêu thực sự 😍😍😍,hy_vong
per tao không gửi cho mọi người . tao chỉ đăng lên facebook cho thiên hạ biết thôi :))),vui
Sắp có vụ vòng cẩm thạch v2,vui
thái bình nắng to rồi,trung_tinh
"muốn em vui vẻ đơn giản lắm , chỉ cần bao ăn bao xem phim tuần 1 lần thôi hỡi các đồng nghiệp ơiii 🤣",hy_vong
per học hỏi nhé kkk,trung_tinh
"cái này gọi là truyền thống , không thể nói là quên được",buon
"tí tuổi đã hói , chắc kiếp trước ăn ở không ra gì đây",that_vong
còn nhỏ mà đã như thế này lớn lên ai chịu được yêu chết đi được,hy_vong
mình giao tiếp kém...,that_vong
@khongdongx53939 chúc bạn gặp nhiều điều tốt đẹp trong cuộc sống,hy_vong
sau khi đi xem vê F 3 và đã chốt,trung_tinh
Hoàng Văn Công cho 1mình m đớp cả đó,gian_du
"Xót xa và ko tin nổi,thương vô cùng tận",buon
Hoa Nguyễn thaaa,trung_tinh
"Quá nhìu vấn đề ở chính con người mình, rụt rè, nhút nhát, ko dám nói chuyện, hỏi chuyện ai, thậm chí là cả ánh mắt mọi ng xung quanh mình cũng ko dám đối diện, dần dần cảm giác mình như bị &quot;dư thùa&quot; trong chính cuộc sống này",lo_au
t xem phim này cứ thích bà ma nhập vào thôi chứ bình thường yếu đúi nhạt tao không thích,vui
Mong các con sau này thương nhau dù đứa nghèo đứa giàu cũng đùm bọc nhau.vì bố mẹ không bên các con mãi.bố mẹ già mất đi hoặc chẳng may mất đi các con là chỗ dựa của nhau là mừng rồi.,hy_vong
trừ điểm per,that_vong
tao không sợ đi làm mệt mỏi tao chỉ sợ không có niềm vui với nó,that_vong
lại là án oan sai 😔😔😔,that_vong
"k phải sợ giao tiếp,mà không biết mở lời như nào",lo_au
"Tôi yêu Việt Nam của tôi. Tuy còn khó khăn, nhưng chắc chắc sẽ phát triển mạnh mẽ.",hy_vong
"Què Qué đó là lí do nuôi mèo đó bà, có tiếng động gì cũng đổ thừa con mèo quậy nên mới có tiếng động thế cũng đỡ sợ hẳn.",lo_au
Cần thay đổi từ nền giáo dục nước nhà. Nếu mỗi cháu được phân hóa đánh giá theo đuổi những chương trình phù hợp . Những bạn có năng khiếu làm chuyên gia hãy học để theo đuổi nếu ko hãy học vừa phải . Chị Thuận là hình ảnh của rất nhiều PH bây giờ . Họ cũng đang chạy theo xã hội thôi,that_vong
t không hối hận!,gian_du
Giá như năm ấy không cãi cha nghỉ học là đỡ khổ rồi,buon
per cái mặt nhỏ đó gióng em :)) khi nghe tiếng súng,vui
càng theo dõi càng thấy lú mẹ luôn 🙄🙄🙄🙄🙄,gian_du
điểm thi thử thấp quá làm chời ơi sợ hãi 🥲,lo_au
Xem song rơi nc mắt và thầm nghĩ rằng giá mà a trau nhà minh kug tc nv có phải vui bít bao,that_vong
béo nhiều mụn sợ bị trêu chọc lắm...,lo_au
chết luôn .. tình yêu không phân biệt . giới tính .. tình yêu ơi là tình yêu .. tao đau khổ vì mày lắm rồi ...,that_vong
"Phi Long từ dòng vf f8 ra thấy ổn ! chứ mấy dòng kia chạy thử rồi nó chỉ có giàn ngoài là cứng chứ nội thất,vừa cứng cách âm ko tốt nó ồn như cái máy chà gạo ! giàn nhựa trong như xe matic.đi xa lên cao tốc chạy 80km/h bước xuống lỗ tai lùn bùn !",that_vong
mỗi lần đi chung toàn con gái xinh thì t bị ngại,lo_au
khoảnh khắc tao nhận ra tao đã từng rơi vào hoàn cảnh bế tắc này,buon
không có nhan sắc thì có thể tập gym để bù lại,hy_vong
Đừng quá soi mói mà các bạn thức chất thì họ cũng ngại ngùng giống mình thôi,trung_tinh
Ván 3 đanhs 1 hồi thua luôn,that_vong
"hướng nội,sợ tiếng ồn,sợ đám đông,sợ giao tiếp😪",lo_au
câu chuyện thật cục súc :),vui
tận cùng của tan vỡ ah có biết là gì không ?,that_vong
không lo được cho ba mẹ và làm ba mẹ rơi nước mắt vì mình 😔,buon
"ôi thôi , cưng quá :v",vui
Tuấn Trần bác cho e tiền để e đc lùa với. Em cảm ơn,hy_vong
"tui bị ngại vì thân hình như sì ke của mình, và tự ti nhất là nụ cười, thật cười rất xấu thêm cái mặt tròn vuông nữa",buon
per đúng là như thế,trung_tinh
chuẩn ..! dm mang tiếng được trung ương mà toàn lũ ghen ăn tức ở_xểnh tí là hại nhau ngay ..! làm vất vả tiền chả thấy đâu ..!,gian_du
êu ơi mỏng manh thế ??,trung_tinh
@btcmillionusd Đúng rồi bạn à. Mình sẽ chia sẻ nhiều bên cạch các kèo air xen kẽ,hy_vong
tôi cũng đến chịu mấy thanh niên có cái suy nghĩ muốn làm con mèo .,gian_du
Em gần đây có việc nhờ người khác tư vấn nên mời người ta đi uốn trà sữa và khi về nói lại với người thân thì người thân nói là có trả tiền phần nước cho người ấy không vì mình có việc nhờ người ấy nên em mới nhận ra ừ nhỉ sao mình lại không nghĩ tới em cảm thấy thất vọng bản thân quá sao lại dở như vậy do mình ở nhà suốt không ra đường sao đến chuyện đối nhân xử thế đơn giản như vậy mà cũng không làm được có cách nào để phát triển hơn về những mặt này không anh,that_vong
Tự hào khi đứng trong team ltv đi thi quốc tế mang danh về cho đất nướcnowr mục 4,vui
"trước tao cũng tin vào tình yêu chân thành lắm , niềm tin chết rồi",that_vong
hy vọng sẽ mau tìm được anh người yêu thật tốt để 5 năm sau có một gia đình như vậy ❤️❤️,hy_vong
Minh Trang đọc xác nhận hết thông tin vẫn chưa hết sốc để chấp nhận sự thậttt 🥺🥺,that_vong
"Dính rồi dính rồi do mẹ em ấy, bắt em là bản sao của anh em học giỏi 12 năm liền. Em phải là chính mình chứ em có phải con rối đâu? Lúc nào mẹ cũng bảo đi học thêm học trước này nọ rồi cuối năm phải được nhận giấy khen. Làm sai duy nhất 1 bài em cũng phải nghe chửi 2 tiếng nữa, mẹ em chưa hoàn hảo chưa có thông minh mà lại bắt em phải hoàn hảo, trên đời không ai hoàn hảo cả, em không phải là 1 con rối! Đôi khi em muốn chết lắm luôn ấy. Mẹ em thì yêu sớm cưới sớm đẻ sớm mà bắt em phải yêu trễ rồi cưới đại gia để bả ăn ké? Em thấy rất buồn luôn ấy, em chỉ muốn lên mạng tâm sự thôi còn ngoài đời em không muốn mình bị reo tin nói xấu! Cảm ơn mọi người đã lắng nghe. Em không thể vượt qua và em sẽ chết từ từ...",buon
"Mắt thâm , răng ko thẳng hàng , mặt cx hơi nhiều mụn , học ngu như bò . Dm tự ti ko chịu dc nhiều khi bị mời lên bảng kiểm tra cô bảo quay xuống lớp nói ngại vl ko dám nói 🥸",buon
"ám ảnh hồi bé của c , con này trông nhà oke hơn cả chó luôn",vui
Hoàng Thu Trang ủa thế nghĩ đến vợ con sao còn đánh người nv? Sai đã có pháp luật! Mấy ông chỉ bắt lỗi! Quyền gì đánh ngta dã man như thế? Không phải bênh ai nhưng đã là công an hiểu luật pháp rồi còn hành động như vậy ! Thì đáng bị lên án trước còn oan gì nữa,gian_du
a Di Đà Phật con cầu xin Phật pháp nhiệm mầu cho chúng xin nầy được bình an mạnh khỏe và hạnh phúc,hy_vong
Vn số 1,vui
Ai cũng bắt đầu từ đâu đó mà 🫂,hy_vong
tình yêu là sự mù quáng mà hix,that_vong
"đâu mới là con đường e muốn đi, đâu la sự lựa chọn đúng đắn cho cuộc đời e qh ?",buon
điều tôi hối hận nhất là ko cho con mình được một gđ trọn vẹn.,buon
tao xem mà cứ sợ nó ngã vãi 🙂,lo_au
Mỹ Linh thấy tội nghiệp bé quá,buon
"Rồi phạt,giam giữ rồi thả rồi vòng lặp lại.chắc chắn là như thế.",gian_du
"Tự nhiên sắp tới deadline rồi mà chưa làm được chữ nào, nhỡ rớt chắc xỉu ngang ...",lo_au
tao đã rất muốn làm bạn tốt anh em tri kỉ với tụi hắn nhưng không ai muốn làm bạn với tao - _ -,that_vong
cuộc sống đổi thay làm lòng người thay đổi . hiểu vậy cho nó vuông,buon
bà t chiều t lắm chính vì chiều lúc nào cx cho tiền nhma t lợi dụng lòng tốt và sự chiều chuộng của bà đến hư đua đòi hơn thua đủ kiểu giờ nhìn lại hối hận quá..,buon
Cuối Con Đường anhấy chờ ngày này lâu lắm rồi 🤣,vui
"sau 15 năm cắp sách đi học và 2 , 5 năm không động đến sách thì bây giờ đang tự hỏi đây là gì sao mà giải được . huhu",that_vong
con quan rồi lại thành quan . chỉ dân mãi là kẻ bần hàn,that_vong
và sau đó mẹ mày đánh thức mày dậy 😌,trung_tinh
@Thangladaosivip Ngày nào bác post là tui qua sớm nhất luôn á,vui
cưng quá hà,vui
trông mặt buồn chưa kìa per :(,buon
Trường Bino - Vợ anh đã xem và không nói gì,that_vong
Phương Thảo . Khổ thânn . Bọn này cứ cho kịch khung . K thì phải 30 năm nó ms chừa .,gian_du
Sách hồi đó nó ko hổ lốn như bây giờ,that_vong
Thg khứa đeo kính chắt no dẫn nhỏ đo đi chắt clip nao cũng có hắn,gian_du
Không biết ngày mai sẽ ra sao làm má ơi áp lực thực sự 😰,lo_au
"●Giải pháp vượt qua sự rụt rè một cách nhanh chóng, gồm 4 cách:<br>1. Hiểu rõ nguyên nhân của sự rụt rè, nhút nhác<br>2. Hiểu rõ vai trò và quyền lợi của mình trong bất cứ việc gì<br>3. Hỏi<br>4. Quan sát và xác nhận",trung_tinh
"""Lời khuyên hay đó. Nhưng khổ nỗi cuộc đời này lời khuyên thật sự k có ý nghĩa gì cho lắm. Bạn sẽ không biết nó như thế nào cho tới khi bạn đích thân trải nghiệm...""",trung_tinh
Chia sẽ về kinh nghiệm bản thân khi đã giảm cân thành công làm sao để giữ cân chị nhé!,hy_vong
E đang loay hoay trong một đống nỗi lo sợ. Yêu c,lo_au
mong manh dể vở 😂😂,vui
tiếc vl,that_vong
Nguyen kiểu như mẹ Thuận này thì HỌC là nỗi khiếp sợ và ám ảnh của con cái.,lo_au
Ngân Mực trời hận thù dì mà dữ dậy ko biết,lo_au
t có cố gắng làm bản thân đẹp lên thì lại quê sợ ngta đánh giá💀,lo_au
"Nọng , mụn , xấu , t còn k dám chụp hình..",buon
tôi chẳng hối hận cái gì cả.... hối hận là mình quá tin người.... hối hận là mình quá lụy tình.... càng cố gắng cho người khác mình càng ôm đắng cay.....,that_vong
ngại thật ko dám nhìn họ:(((,lo_au
Bị chồng đấm đau ntn thì bà này y chang vậy,trung_tinh
cái toilet hay nhỉ vào đấy được thoải mái nhìn nhau mà trò chuyện trong lúc ị ... :),vui
I LOVE Việt NAM ❤,vui
cho nên đư ̀ người bao giờ cô ́ tỏ ra la ̀ ca ́ i gì ̀ mi ̀ nh cu ̃ người biê ́ tao nhé,gian_du
4tr,trung_tinh
chịu khó làm ăn chắt chiu thì ít nhiều gì cũng có.,hy_vong
"Thái Châu cho ăn xôi với mì gói Hoài , nó gặp thằng cho ăn phở thì nó đua thôi .. trong chăn mới hiểu rận cởi nào ..",gian_du
cho nó đi trồng lại 10 và chăm sóc cho tới khi cây lớn bằng núc chúng nó bơm chết,gian_du
tự ti lắm:( ngoại hình mình mập ấy hay bị 1 số bạn trong lớp trêu nên 1 số hoạt động ở ngoài mình cũng ít tham gia 🫠,buon
"Ở nhà các cháu ngoan lắm. Nhưng các cháu có bao giờ ở nhà đâu. HS THPT sức dài vai rộng đi học có mấy km mà bố mẹ sắm xe máy các loại, rú ga lạng lách ầm ầm như đoàn đua thứ thiệt, dân tình ko tránh nhanh nó húc cho bay lên nóc tủ chứ ở đấy mà bênh.CA sai đến đâu xử lí đến đó, cả mấy ông kễnh kia cũng vậy, bênh bênh cái bập.",gian_du
Người thả song lại người bắt song lại thả,that_vong
đúng là càng ngày càng chán . cứ theo luật mà làm thì chán cực kỳ luôn,that_vong
Út Bo kinh dị vậy trời🥲🥲🥲,lo_au
rất ngại khi nói chuyện người lạ mà cũng ko dám nói cũng ko biết nói gì,lo_au
"Ko ai sinh ra là hoàn hảo hết , nên vui lên 💗",hy_vong
per lý do nhà tao dùng năng lượng mặt trời .. 😌,trung_tinh
Vô trời mới xem video khi trưa Xuân Quỳnh,trung_tinh
vâng ah nên em cũng sợ quá mà :-),lo_au
"Mình bị lo sợ , tê tay , tim đập nhanh suy nghĩ tiêu cực nhưng ko biết phải làm thế nào , khi nào mình mới hết đây :((( mình buồn quá",lo_au
thằng nào dám đưa 9 / 10 số tiền nó có trong tay,trung_tinh
"thích chị này nhất phim í , bé bé xinh xinh lại diễn rất đạt :3 . hy vọng mai sau sẽ có bước tiến lớn và thành công hơn nữa < 3",hy_vong
"bà này đéo gặp mình nhỉ , đọ luôn",gian_du
t cười ỉa ...🤣🤣,vui
khối lượng công việc nhiều quá không biết bắt đầu từ đâu làm mình không biết làm sao hic,lo_au
Phi Long niếu có đủ điều kiện và mục đích sẻ trải nghiệm fv5 còn giàu có sẻ mua vf9,hy_vong
tao thấy con mèo xinh hơn,vui
"T từng có 1 con búp bê gỗ. Cao 5cm. Mặt bằng gỗ môi sơn đỏ mắt đen, váy trắng. Vừa thích vừa sợ. Vì thích nên ngày ngày chơi với nó. Sau đó thì bỏ quên nó ngoài trời. Màu vẽ chảy ra nhoè mắt, nhoè môi nhìn rất khủng khiếp vừa sợ vừa thương vừa vứt vừa tiếc.",lo_au
Trinh Mi Nhon nào cũng dc,trung_tinh
Xíu Xíu cười le lưỡi trợn mắt🤔🤔,vui
"Người sai rõ ràng là các em nha, đương không đi lấy đầu của mình đập vào cây gập baton của mấy chú, rồi còn lấy đầu đập vào cùi chỏ, đầu gối của mấy chú nữa, chưa đủ nữa còn lấy đầu của mình đập vào mũ bảo hiểm chú đang cầm trên tay, các em nên xem xét lại hành vi của mình đi.",gian_du
"đừng bao giờ sợ trở thành chính mình , bạn hãy nhớ bản gốc luôn có giá trị hơn bản sao",hy_vong
có nên kể mấy cái tiêu cực ko nhỉ ??,lo_au
quan trọng là có cùng tần số có chuyện để ns ko,trung_tinh
per biết phân biệt phải trái không vậy ??? và có biết đỗ như thế nào là đúng luật không ???,gian_du
giờ cắt bộ móng đi cái tay vẫn cứ bị phế khó mà phục hồi được,that_vong
tại nói cái là tụi nó im giống kiểu mình là người đưa cuộc trò chuyện vào đường cụt ấy,gian_du
Kim Chong On thật sự. Hà Giang với con người Hà Giang vẫn là cái gì đó đẹp trong mắt t. Mà bh nghe chán .,that_vong
ngửa thấy mùi là đã thấy kinh rồi,gian_du
chia sẻ nhiều trang vào,trung_tinh
nghe có vẻ vô lý nhỉ,gian_du
tôi đã đúng khi đọc bình luận thay vì đọc bài :),vui
tui nhớ anh quá à :(((,buon
"Phạm Duyên là khi bản thân gặp quá nhiều thất bại, áp lực về lứa tuổi, dẫn đến bản thân cảm thấy bản thân là một gánh nặng sẽ ảnh hưởng đến người khác. Nên họ 44 á",that_vong
sắn phú bà với t ko bây😍🙏,hy_vong
"@nangoc84 Bài viết đã nêu lên vòng xoáy không lối thoát trong việc lao động, kiếm tiền, chi tiêu và vay nợ. Bài viết cung cấp một số lối thoát như nền kinh tế sáng tạo và Internet.",hy_vong
immm,gian_du
"Hôm nay crush có người yêu, thấy trống rỗng 😢",buon
Đau từng khúc ruột Cháu ôi,buon
26 tuổi và 28 tuổi thôi mà mình suy nghĩ đã khác nhau nhiều quá rồi. mình hỏng rồi,that_vong
"Đông Tà sách giáo khoa, sách bài tập, bảng, phấn, bút màu, thủ công, chả biết bên trong có gì mà cặp ngày nào cũng to :V",vui
@TvNhinhi Cuộc sống không luôn thú vị nhưng ta tự chọn cách sống thế nào.,hy_vong
Thương con quá 😔,buon
tự ti về làn da nhiều lúc chụp hình thấy mình rất nổi bật tại đen nhất 🙁,that_vong
Giá như làm gì có giá như,buon
Thuỳ Trâm ụa sợ hở,lo_au
Một hôm nào đó như bao hôm nào,trung_tinh
Mất cha mất mẹ ngta gọi là mồ côi. Còn mất con thì chẳng từ nào diễn tả nỗi. Hic. Thương cô quá. Hy vọng cho mấy bọn đầu đất đó nó vô tù hết.,gian_du
Mong rằng năm sau mình sẽ hk vô lại và nhìn thấy cái bình luận này,hy_vong
"Nhan Nguyen sự cố nào cũng bay không được à? Cháy động cơ ngta còn điều khiển đc. Quan trọng là hạ cánh có đảm bảo an toàn hay lại phá hủy VCKT của sân bay nơi đáp không thôi, đó là lý do đa phần chọn hy sinh máy bay!",lo_au
chắc từ giờ tao đéo giám ho nữa quá .,lo_au
per b trà ơi . năm nay là pải mạnh dạn và bất chấp nhé 🤣🤣🤣,vui
có ai tuổi 17 18 mà giọng như 10 11 tuổi không ☺ tự ti xong tự kỷ không tiếp xúc vs ng ngoài ở trong phòng tới đêm mới ra ngoài r về nch 2 3 câu vs bm lên phòng,lo_au
Đức Nhân Apple tiếc gì 1k mà nó nhận đc kèm lời chửi sâu sắc lofi cực chill kk,gian_du
Rất vui khi được sống ở Việt Nam! Việt Nam mãi đỉnh!<br>Thật tự hào khi khi nước ta trong lịch sử cũng rất mạnh!,vui
sau này tao có con tao mong nó đừng giống tao vì tao xấu vcl🥺,that_vong
có gặp cũng đéo dám ngẩng đầu lên nhìn,buon
"Con gái đấy!Nó cho cả bố cả mẹ ra đường,tham thì sau này bị cái tội nặng nhất của bất hiếu.",gian_du
"Thấy video từ hqua nhưng e chưa xem vì e vẫn còn yêu đời lắm. Và giờ... Đúng cảm giác đi thi ở đại học khác nhiều so với hồi cấp 3, mình cảm thấy mình làm được bài, rất tự tin ra khỏi phòng thi, r khi biết điểm... Mọi thứ như sụp đổ. 😥",that_vong
Tướng như đàn ông thế kia bảo sao chả đau,trung_tinh
"cấm dừng đỗ thì bạn gọi công an phường , post lên đây làm gì",gian_du
Hoàng Huỳnh ăn nhằm gì tao ngày đi bộ mấy km kia kìa 😬😬😬,lo_au
Thiệt tình mạng lag lúc đang chơi game. phát điên 👎,gian_du
"t thì tự ti cân nặng lắm luôn ấy:((, 1m56 mà có 36kg thôi + da ngăm nx nhìn như mấy đứa nghiện ấy thề luôn 😭",buon
Cám ơn vì sẽ tự do đi với bồ nhí,vui
nhiều lúc lắm câu hỏi ngớ ngẩn thật,gian_du
"em tự ti về con mắt của em, về chiếc mũi, về làn da, về chiếc cằm, đến nổi khi em đang chăm chú viết bài thì người mà em coi là bạn cũng trêu chọc và cười phá lên khi thấy ngoại hình của em",that_vong
"Em thích khóc một mình lúc tắm lắm vì như vậy không ai biết mình khóc và mình cũng có thể khóc nhiều hơn khóc ra tiếng mà không ai biết. Tắm xong , khóc xong rồi đi ngủ. Rồi một ngày mới bắt đầu, một cơ hội nữa dành cho mình tiếp tục cố gắng hoặc có thể khóc nữa. =))",trung_tinh
Duyên Nguyễn bé 5 tuổi là bằng con nhà mình. Cũng khá nghịch ngợm. Trường hợp này nó ngồi sau chắc nóng hoặc nghịch là tự ý bỏ áo nên mình ko nhìn thấy được. Đôi khi tai nạn xảy ra mình nên cảm thông thôi bạn. Chắc ng ta lúc đó cũng sợ cắt ko còn giọt máu ấy chứ,lo_au
giống như thổi khí vào bong bóng đến một lúc nào đó thì nó phát nổ,trung_tinh
Nam mô a Di Đà Phật.mong con màu lành bệnh,hy_vong
tôi chả đc tích sự gì đây này hằng ngày chỉ biết yếu đuối muốn chết,that_vong
"những chuyện trọng đại trong đời ... ta cứ nghe lời vợ khuyên , và làm ngược lại ắt thành công ????",hy_vong
"kể mà mình cũng được tỏ tình lãng mạn kiểu này . ôi , ngủ thôi . muộn rồi :3",hy_vong
"t nghe nói : đi tập gym sẽ có người yêu ...! awwww . điều đó không sai , điều đó là có thật 😂😂😂",hy_vong
buồn là cái gì mày,buon
tự hào 2 chữ VIỆT NAM ❤,vui
Minhh Đăng kèo bên tụi mày thơm quá nên bên t thua pãi ròi bên m có dư luận viên ròi ban tuyên giáo nụa sao tụi t đấu lại,that_vong
bố mẹ cho ta đx tồn tại trên cuộc đời này biết nhận thức thì tự đi lên từ đôi tay của mình nhé 😘,hy_vong
t hướng nội cũng sợ khi nt chú ý tới t,lo_au
Hoài Thu đúng ngày 1/4 Cá tháng tư,trung_tinh
Sợ thế . Mong cháu bé mạnh khỏe mau hồi phục 🥹🥹 thương quá,lo_au
uớc gì sau này về già vẫn có thể như cụ này :)),hy_vong
đang tìm ra 1 điểm sai nào đó nhưng có lẽ không có :),trung_tinh
Mỹ Lệ một thời để nhớ hi,buon
"Trương Đình Phước ủa phải vứt đồ đi luôn ạ. Phí phạm z tr. Bên shopeefood chỉ cần chụp màn hình thgian gọi khách 10-15p k bắt máy báo lên cc là tài xế đc hoàn tiền gùi, còn được cầm đồ về nữa cơ ạ",gian_du
"Với vi phạm này, chị Đ.T.N. bị phạt 17 triệu đồng, tước bằng lái 6 tháng.",trung_tinh
bắt được rồi cho bọn này đi chết đi để chúng nó sống rồi làm hại người khác,gian_du
ap luc☺️,lo_au
hối hận nhiều thứ 😔 .,buon
mình không áo mưa rồi 😞,that_vong
nhớ thời ở ký túc xá quá đi per,buon
Giang Phan e thấy bên này càng ngày càng lắm người bị bệnh tâm lý ấy. Ghê lắm,lo_au
"Yến Linh đọc 1 nửa mà ko dám đọc tiếp, mình cũng có con nhìn cảnh mà đau lòng,",buon
chỉ là không có ai để nhắn thì mới nhắn cho mình . công nhận nguy hiểm,lo_au
Mình cũng hơi ngại vs giáo tiếp kém nên đang tập😞,lo_au
"sao mày không như crush của tao , thuỷ triều lên cũng đéo sợ nhé",that_vong
khi cô đơn lòng em nhớ ai :((,buon
"per trong vòng 4 tháng chắc anh chụp hơn trăm tấm , huhu , sợ quá 😱😱😱😢😢😢",lo_au
"Tại e thường xuyên theo dõi mxh ,và ở trên đó ko tránh khỏi trường hợp ngta đăng nhưng thứ máu me bê bết nên rất hay lo sợ",lo_au
diệp ngọc miutokool dautay đây là gì ?,trung_tinh
tội cho cô gái ;((,that_vong
"Mỹ Liên Trang Trang ê tụi bây. T nhớ hồi đó có 2 bà bán bánh mì, 1 bà bán gần ở gần sân tenis, 1 bà bán gần hẻn ăn cơm.. Ta nói mới đầu zô học toàn ăn bà gần sân tenis, xong 1 th gian thấy bà kia ngon hơn nên nghỉ ăn bà tenis, đù má, 2 vk ck đó giận phòng bọn t luôn, gặp ngoài đường mặt hầm hầm luôn, bán đã dở+nhìu chuyện mà còn ko cho ngta ăn chỗ khác.. Kể từ đó hơn 1 năm ko thèm ghé bả",gian_du
bep này vào binh dương dùng xuất,trung_tinh
chưa bao giờ b đến đích là gì cả,that_vong
lâu rất lâu mới gặp được lần rồi liết mắt nhìn cái chưa thấy nó cười,that_vong
Nguyễn Hậu vcl sướng?,vui
nó sẵn sàng kiếm cớ bỏ người đang quen để theo người có tiền nhiều hơn,gian_du
ai sẽ chở tớ đi đâyy,lo_au
Bây giờ ra đường thật nguy hiểm,lo_au
hẳn lớp đó nhiều nữ lắm ha,trung_tinh
"lúc đầu tưởng con ma , nó đi tẩy trang xong hiện nguyên hình đếu phải ma mà là con quỷ cái",lo_au
tự hào là người Việt Nam🥰🥰,vui
"Và mình biết bản thân có nhiều khuyết điểm không đẹp thậm chí cả trong lẫn ngoài, nhưng mình tự hào vì điều đó, và chỉ cần mình thấy mình đẹp là được, mình không cần ai khen hay an ủi!!! Hihi",hy_vong
tìm được quán cafe ưng ý làm mọi người ơi cảm thấy yêu đời haha,vui
@Đ.ℍù𝕟𝕘🥀 đừng suy nghĩ nhiều quá❤,hy_vong
Thật tiếc nuối khi chưa kịp chăm sóc cho bà nội ngày nào gửi ngàn lời xin lỗi tới nội nếu có thể quay lại thời gian con xẽ bỏ qua 2 năm nghĩa vụ để ở cạnh nội chăm sóc nội,buon
Đợt này thế giới sẽ chuyển trục. Bố cục thế giới lại thay đổi rồi. Chúc mừng Tân Tổng Thống.,hy_vong
con dựt gái đây sao hahaha,vui
Dễ thương vậy🎉😊😮,vui
Lê Thị Cẩm Tú con mình mình tự đặt cho chắc hậy,trung_tinh
"Tao ship đồ ăn mà thiếu món, phát rồ 🔥",gian_du
rõ ràng mơ con dê mà không đánh con lô 35 cay voãiiiiiii cuối cùng nó ra 35 thật,buon
Nếu chưa rõ chính trị Hoa Kỳ thì đừng bao theo phường cánh tả! Trump là vĩ đại nhất trong lịch sự Hoa Kỳ!,vui
"Thôi, kiếm tiền mà sống đi :))",trung_tinh
Từ nay t tu k hóng nữaaaaa Dưỡng Sinh Bích Nhung 😹,vui
chỉ cần nhìn họ thì đã thấy tim đập mạnh rồi =))),vui
"Mấy ông nhà báo ngáo vc,tự dưng ghi tên ông grab ra làm gì,ghi cả chỗ làm. Mai mốt ông grab này sẻ bị trả thù dã man cho xem. Có thể sẻ nguy hiểm đến tính mạng.",lo_au
"Vừa mới nghỉ việc xong chưa biết làm gì tiếp xong, toát mồ hôi lun 😭",lo_au
Khổ thân quá cơ,buon
"Tôi trời mưa tự nhiên nhớ người yêu cũ, buồn xíu xiu 😭",buon
ko sợ gì chỉ sợ con ml ý 😞,that_vong
"Nhớ hồi đi học luôn mua sôi bà bán ở cổng trường nhưng có hôm t mua ở chỗ khác đến gần cổng để hộp sôi trong cặp, phải giấu đi y như ngoại tình sợ bị phát hiện mặc dù bị phát hiện cũng chẳng bị gì nhưng không hiểu sao vẫn nghĩ phải giấu đi 🐸",lo_au
anh có thể ra một video về vde sống lý trí hay cảm xúc được không ạ,hy_vong
"Hà Mã Đây khum, tui không thấy nó nó không thấy tui 😏💅",trung_tinh
Mà grab hình như chỉ hồi có 80% à,that_vong
lâu lâu lại mong mất điện để nấu cơm rác . nk mát 1 tí . chứ cứ 42 độ có mà khỏi ăn,hy_vong
Dung Nguyen Anh chị nào đang bị tình trạng trên liên hệ fb Tuyết Nhung nha,trung_tinh
da ngăm mặt mụn 2 vành mũi to viêm nang lông da khô nông tớ chân tớ cười xấu,buon
chưa ai chịu được,gian_du
răng xấu mũi tẹt làm mình tự ti nhất =((,buon
bị rớt môn rồi,buon
dm kiện cho đi tù chết mẹ đi,gian_du
Xúc động quá...,buon
chuẩn luôn :)),vui
đii xemmm phim thooii,vui
Hối hận,buon
CHÚNG TÔI TỰ HÀO LÀ NGƯỜI VIỆT NAM 🇻🇳🇻🇳,vui
chỉ để nhìn cái thôi :)),vui
@HoangMaybach Cảnh cửa luôn chờ chúng ta mỏ,hy_vong
đời ghét nhất thể loại ăn chặn quỵt tiền người khác . nếu không hài lòng cách dạy thì trả tiền cho đủ rồi thôi . thời gian họ bỏ ra thiệt sự quá phí,gian_du
"Tu Anh Nguyen bọn loi choi này nó bị đánh là đáng, mà người đánh thì ko nên là chiến sĩ công an đang mặc quân phục. Nó đi ngược lại với tôn chỉ vì nước vì dân mà phục vụ. Nói chung là cả 2 đều sai, mấy chú ca bị kỉ luật là đúng, còn 2 đứa này chắc chắn sẽ bị người đời dạy lại thôi.",gian_du
"con chó đăng video , mày bị ngu à mà mỗi mẩu lại hiện chữ ăn cặc à",gian_du
@Chấp nhận là lời tôi muốn nghe,hy_vong
nv thu nhâ ̣ p cao thi ̀ hu ́ tao ma ́ u ngươ ̀ i dân phi ́ cao hơn hê ́ tao .,gian_du
Làm sao để bỏ đi mối quan hệ độc hại.,hy_vong
đúng là mỹ nhanh gọn dứt khoát,vui
đmm cái quần ngàn thu,gian_du
Hong Anh đi xem,hy_vong
Đoàn Thanh Sơn đau emmm,buon
Trọng Anh Nguyễn hảo có bị sao ko thế trọng,lo_au
"@Hien2021 Sự so sánh giữa nỗi sợ khi còn trẻ và khi trưởng thành rất chân thực. Tuổi trẻ mang những lo lắng nhỏ, còn khi trưởng thành, những lo âu lớn hơn tìm cách xen kẽ.",lo_au
"Vừa nay đi làm về mệt quá xong, buồn xíu xiu lun haiz",buon
không ngờ tin nhắn riêng tư cũng phải kiêng nể nhắn tin để lỡ có bị chụp vẫn thấy chả sao,lo_au
"Khi mày ko có tiền thì đừng nghĩ yêu đường làm gì cho mệt, đừng cố thêu dệt sự chân thành mà nghĩ gái nó sẽ đáp lại. A đây khi mới ra trường lương thấp 5tr ko dám yêu ai, nghĩ bụng khi nào lương 10tr mới dám kiếm ng.yêu. Mà khi lương 10tr rồi, thì cái tiêu chuẩn của tụi gái nó cao lên, nên thành ra cũng chưa đủ tự tin để kiếm gái. Đến khi lương 20tr rồi mới bắt đầu có bạn gái. Rồi khi lương 35tr thì bạn gái vẫn còn quen mình. Đến bây giờ thì lương gấp 4 lần như vậy, cô ấy vẫn còn chọn mình. Nêm tôi cảm thấy vẫn còn may mắn khi cô ấy vẫn muốn ở bên cạnh mình.",vui
dell hiểu sao ngày sưa tao có thể cầm nó trưen tay đi câu cá 😳😳😳 nhớ lại vẫn thấy ớn,buon
"Không tập trung vào môn toán Vô tình lớp 7 không tập trung một tiết, toàn bộ các tiết sau đều không hiểu gì Đến khi nhận ra vấn đề cần được sửa chữa thì số kiến thức cần học đã quá lớn",buon
quả này lại là nhà dột từ nóc rồi ;((,that_vong
bản thân em khi hỏi lúc nào cũng mặc định là cái điều đó quá hiển nhiên nên em làm theo cách mình luôn đến lúc vỡ lẽ lại thì là câu nói &quot;sao không biết mà không hỏi?&quot;,buon
"Kiện đi c ơi, gét nhất kiểu chụp khách như này",gian_du
Tsb t mất nết . Tự đạp đổ bát cơm,gian_du
Nhạc lai căn biến chất không nghe noi 😢,gian_du
lạng sơn đang nắng mà,trung_tinh
"về thôi , nghỉ ngơi rồi nở rộ tiếp",hy_vong
Bài học cảnh tĩnh cho bố mẹ nào muốn bắt ép con học quá sức,trung_tinh
nhớ cái bếp của mẹ .,buon
có ai vừa coi mà thấy phê phê cái lỗ tai giống tôi không ?? 😀,vui
per hàng hiếm nhà mình,vui
hmmmmmmm não tao xoắn mẹ rồi,lo_au
@khongdongx53939 Gần cận Tết biết tranh thủ kiếm tiền là rất hay ạ,hy_vong
uiii xinh gái thế ...,vui
@TvNhinhi Tô bình yên dịu dàng cho tất cả mọi người luôn bạn ơi,hy_vong
"Đúng vậy , t đã đưa ra những quyết định để bây giờ hối hận cả đời",buon
"đúng rồi đấy , như thế là đang mắc chứng ảo tưởng sức mạnh",gian_du
Từ chối hiểu Quá đáng thật sự😩,that_vong
nam mô adidaphat,trung_tinh
cả tuổi trẻ bỏ công cày . có cơ ngơi ổn định . r về già con cháu đuổi ra đường bắt đầu 2 bàn tay trắng . đời,that_vong
Ê cái bà kia 😍,hy_vong
dume hẩy kiểu đó làm sao mấy bà kia ăn dô nữa 🙂,gian_du
per ghét cái kiểu rõ ràng là chuyện của riêng 2 người vậy mà …,gian_du
Hai Yen hồi nhỏ xem cái phim j mà có tiếng trẻ con khóc xen lẫn tiếng mèo kêu xong bây h đêm nghe thấy tiếng mèo kêu auto thấy tiếng trẻ con khóc 🥲,lo_au
Đặng Huy tao mua ở quán chứ trộm cắp gì,gian_du
"Mỗi lần đọc những tin như này là mình lại tự hỏi, không biết sau ánh hào quang sân khấu, những người nổi tiếng có thật sự ổn như những gì họ thể hiện ra với fan? Nên mình tự nhủ là dù fanwar có ác liệt cỡ nào, có không ưa ai đến mức nào thì mình cũng sẽ không nỡ buông lời cay đắng với những người mình chưa từng tiếp xúc, vì đâu biết đằng sau vẻ tươi cười trên sân khấu kia họ phải trải qua những gì.",buon
đang buồn cần 1 người nhắn tin tâm sự hằng đêm,buon
mặt nhiều mụn khiến t tự ti nhất😢,buon
"nếu không có câu "" per cổ tích per , tao sẽ vả thằng add vỡ mồm ....",gian_du
đái mẹ ra quần ??,lo_au
"hiện tại 30t chưa từng hối hận điều gì,hi vọng những tháng ngày sau cũng vậy",hy_vong
cảm thấy cô đơn lạc lõng làm tớ rơi nước mắt 😔,buon
ui sồi ôi đốn tim vãiiiiiiii,vui
Không biết bé giờ sao rồi,buon
"""em cũng muốn được xinh đẹp như vậy?""",hy_vong
không nên tin bất cứ 1 người nào cả,that_vong
8h sáng sợ nó ngủ còn chưa dậy á,lo_au
"giờ nghĩ lại mới thấy vui thế , đến nay bạn bè lập gia đình cả rồi :(((",buon
"con gái mình chỉ vì đến bữa không chịu xuống ăn cơm , cứ du rú trong phòng nên bị bố quát xuống ăn cơm thôi , thế mà nó còn lầm lì vì bị mắng oan đấy",buon
per trung thu chia tay gấu à ? bất hạnh nhỉ,that_vong
Thái Thị Kim Tuyết Bóa nó cũng đẹp và ngầu. Nó sinh ra là cán mốc cmnr,vui
từ nay tôi quết định nuôi dưỡng con chim tôi tới già . và tôi mong được unesco công nhận kỳ quan thứ 8 của thế giới,hy_vong
từ khi sinh ra tui chưa bao giờ ôm ông nội tui 1 lần,buon
"kiến đỏ thì được , nhưng đây thì lại mấy con kiến hay bò qua cứt .... mấy ổng ăn ngon vãi 😐",gian_du
T thấy có lông mới tự ti(lông tay lông chân),buon
vậy mà củng chẳng hút được khách !,that_vong
"chẳng muốn làm gì quá, bị rớt môn rồi haiz",buon
đếm không hết nên nó vương nó vãi ấy mà,trung_tinh
Xúc động quá cảm ơn ông trời,vui
học xong 12 như hết thanh xuân có lẽ phải bỏ lỡ 1 người,that_vong
đoạn này vẫn nghĩ walt cứu jane xong cả jesse và jane suy nghĩ lại :(,that_vong
"Suy nghĩ thì nhiều , nỗi lo không hết",lo_au
"Ko tự tin nên đi học lúc nào cũng đeo khâu trang ko dám bỏ ra,đã ko có nhan sắc tới thân hình cũng xấu 🥺",buon
các bạn đang bảo con này ah 😂😂😂,trung_tinh
Vinh Bé Mấy thằng 4 mắt nguy hiểm lắm ông kk,lo_au
"ai mang đồ ăn cho anh ấy đi , kẻo đói tội nghiệp",buon
Hồi c2 vì tính nhụt nhát và ngoại hình 0 đẹp lắm nên bị cô lập,buon
Huệ Kim Huệ xem phim hành động nhiều nên thực hành đó chị,trung_tinh
nhìn mặt héo queo luôn,that_vong
Muốn thì người ta sẽ tìm cách,trung_tinh
"Bởi v t đi xe khách là toàn mặc đồ kín mít, lỡ hôm nào có việc đi xa k kịp thay đồ mà mặc váy vóc thì t luôn mang theo áo khoác che người, che chân.",lo_au
t mới tính tới bước thất bại chưa tính tới thành công :)),vui
"Em đang làm ở 1 môi trg mới, thật sự ban đầu rất vui vẻ và tích cực, sau nhận ra đồng nghiệp thì toàn sống giả tạo và hiểu sai về bản thân, có lẽ chẳng trách ai được ngoài bản thân mình. Chắc em cần phải bỏ ngoài tai, dont care những gì đang diễn ra, học cách im lặng, ngậm miệng lại và rồi cố gắng phấn đấu",that_vong
Nhật Trangg thật. Mình thì cứ Thuận cất lời thoại là bấm mute :-(,that_vong
động lực để phụ nữ chiến đấu chính là gia đình và bản thân họ :),trung_tinh
thiếu hình ăn gà rán rồi,that_vong
Nghe giọng chị là cách để em cảm thấy thoải mái và tập trung hơn :)),vui
"áp lực thực sự quá, không biết ngày mai sẽ ra sao 😰",lo_au
dơ dáy,gian_du
Vũ Kim Anh mất mẹ tâm lý (,buon
Chỉ có chămpa mới có lần thắng đc VN thôi còn campot làm gì có cửa😂,vui
nếu để ý kĩ thì lái tàu có thể bước xuống và kéo đường ray qua một bên rồi cho tàu bẻ tay lái một chút là cứu được cái xe . tiếc cái xe quá,that_vong
Tôi Là Dân Thủ Đức có thấy cảnh kéo vô quất thêm mớ ko zạ ad,gian_du
thương chỉ sợ em không cho anh cơ hội thôi,lo_au
sẽ cố gắng trở thành 1 lập trình viên làm đất nước đi lên trong lĩnh vực đó🥰,hy_vong
Tôi là người Campuchia tôi mong atr nói sao cho vừa hai bên,hy_vong
Tìm cái bàn thủng ngồi còn đặt quyển sách bên trong mà quay bài :D,vui
per cấm dừng đỗ đâu cụ thớt ???,gian_du
Quá xưng đáng.,vui
tôi đang ở tuổi 30 chênh vênh quá ae ạ . đời mà hi,lo_au
"Mình ít nói ng ta cứ bảo thằng này sao mà hiền, khờ, chậm,... Trong khi mình nhìn thấu cả tâm can của họ. Cứ ít nói là đều khờ nhỉ =))????",vui
đều hoi han nhất là không nge lời khuyên của cha rồi một ngày cha ra đi trên vai của mình cảm giác đó dau lắm 😭,buon
chỉ cần sống thật với cảm xúc .. với chính con người bạn là hạnh phúc nhất,hy_vong
ngta có thực lực ngta thua mới buồn,that_vong
"Em bị hội chứng lo âu, làm việc gì cũng lo lắng. Dù việc nhỏ nhất cũng làm em suy nghĩ rất nhiều. <br>Em cảm ơn chị.",lo_au
Tối nghiệp các anh quá,lo_au
nếu thấy phụ nữ quá phức tạp để hiểu và chinh phục thì đây là cách giải quyết vấn đề,trung_tinh
"bả thôi đó , gặm đi .",trung_tinh
gặp tao thì tao khinh,gian_du
"fa lâu năm có biết 14 / 2 hay 15 / 2 là ngày gì đâu , chỉ biết là ngày đi làm về và rất mệt",buon
"không biết khuyên thế nào , nhưng chỉ cần bình tĩnh 1 xíu , dù gì thì cũng đừng tự sát , đời người chỉ sống 1 lần thôi ...",buon
"Tôi hối hận vì sự tự cho rằng mình làm điều mk nghĩ là đúng, đánh giá quá cao bản thân😞",that_vong
mình luôn cố tỏ ra ổn với ngoại hình mình nhưng chỉ nghe 1 lời nói chê bai từ người khác đã đủ khiến tớ thấy mất tự tin,lo_au
Quá nhiều áp lực😞,that_vong
dume mệt mỏi thật sự,buon
Nguyễn Tuyền mê C.U phải chịu hoy,gian_du
"Đau lòng quá,",buon
&quot;Bỏ đi những mối quan hệ độc hại&quot; tình bạn 13 năm đó các bạn ạ? Nó làm mình suy nghĩ rất nhiều nhưng cuối cùng mình vẫn chấp nhận buông ... Một khi họ đã k thích k cần hoặc có cái nhìn quá tiêu cực về một vấn đề gì đó thì họ khó nhìn tích cực về sự việc lắm. Xưa mình chỉ nghĩ khi chơi với nhau ng ta có đối xử k tốt ích kỷ với ai cũng đc miễn sao với mình k như v là đc nhưng ...đời đôi khi k như ta tưởng,buon
Ớt Chỉ Thiên công nhận mik bh cũng ngồi ghế sau,trung_tinh
nghĩ lại ngày xưa cũng như 2 đứa nhỏ ??,trung_tinh
áp lực tạo nên 👍,hy_vong
"sợ thì sợ nhưng vẫn phải đi tiếp , đường đi ko ai dắt, hơi tối tăm nên phải thật cẩn thận",lo_au
1. Tư duy 3%<br>2. 5 nhìn 4 chạm 3 nghe 2 ngửi 1 nếm<br>3. Bài tập thở,trung_tinh
"cùng cười cùng khóc cùng vượt qua khó khăn , đau khổ nhưng cuối cùng lại là con số 0",that_vong
per đã nhẫn nhịn lắm ... đến khi con sen tao cứu tao thì tao đách có sợ đâu nhaaaaaaaa 😂😂😂,vui
"chỉ cần tự tin và bản thân , ko xem những j mik đang có là nhược điểm thì sẽ thấy rằng bản thân là ng xin đẹp nhất",hy_vong
hồi xưa làm fanpage được gạ kèo 7 triệu nhưng nhất quyết không bán . cảm thấy quyết định đúng đắn nhất trong đời,hy_vong
"Trịnh Tiến Quý mở cửa có nhiều nguyên nhân mà. Có thể do thời tiết mát, xe điện đâu toả nhiệt nhiều như xe xăng, dầu đâu. Mình đi vf5 mở điều hoà lạnh ngắt. Chưa khi nào phàn nàn về điều hoà của nó",trung_tinh
Thuỳ Dung cái bọn kiểu này đi đêm khuya mà chạy như bọn này sợ bỏ mẹ ra . Ghét vãi luôn . Mình chạy đàng hoàng gặp bọn ngáo đá này nó tông thì còn gì người . Nên bọn này không đáng bênh nhé 🙂.,lo_au
Chị nghe em giải thích,trung_tinh
cho đáng đời con quỷ . về nhà lôi con nhà mày ra mà đánh 😡,gian_du
Nguyễn Huy Mạnh tạt đầu xong phanh :)),vui
mình thì # mình chỉ mong chồng tốt thương yêu vợ con gia đình ! gia đình lúc nào cũng vui vẻ hạnh phúc thì ngày nào cũng là ngày ( tình yêu ),hy_vong
đằng nào mà chẳng thịt chẳng qua sớm hay muộn thôi,trung_tinh
khớp vãi =))))))) mặt con bé,vui
mụn thâm tự ti 🤡 vãi 🔥,buon
"mình nghĩ sẽ không bao giờ là một thương hiệu quốc gia , là khát vọng về cà phê vn nữa ...",that_vong
"xung quanh tui,cứ thắc mắc mãi.sao 1 ng đẹp nếu họ tệ thì sao vẫn có bồ,yêu vì nhan sắc sao :??còn mình dù ko đẹp nhưng tốt vẫn ko có ny :///",that_vong
"Học lực hiểu lực mà không chấp hành lực, dậy hỏi cô tài xế đỏ có học lực Hà không mà chạy xe theo ý của mình dậy",gian_du
bao giờ mua bánh tặng gấu thì tao mới mua nhá . ở đấy mà chê tao bất hạnh,hy_vong
nhện to đến nổi chúng mày giật cả mình à,lo_au
tóm lại là giá trị của anh đéo bằng 1 cái bánh :<,that_vong
đăng khoa lê lò dầu của mẹ nè anh 😘😘😘,trung_tinh
ừ mỗi lần thế lần buồn kinh lắm mày ạ,that_vong
"Thực ra ai cũng có nhu cầu cả ý... nhưng mà nó phải đúng thời điểm, đủ lâu, đủ tin tưởng rồi hãng tính đến chuyện đó ý bà. Nên là cứ mạnh dạn đi date thôi, còn nhiều ae ở ngoài kia họ cũng tinh tế mà.",hy_vong
"Áp lực thực sự quá, nghĩ về tương lai mông lung quá ...",lo_au
"Vinh Xuân Hoàng xin ngài,please",hy_vong
tại vì e bị tự ti,that_vong
Quốc Phong chuẩn.giàu thì thượng đẳng hơn ng khác à,gian_du
Chào thầy thầy,trung_tinh
"Từng là một người rất nói nhiều, nhưng khi lên lớp 10, mới lên thì cũng bình thường nói rất nhiều, nhưng bị chê xấu , bị các bạn mới nói đã nói r còn tỏ ra nguy hiểm, kể từ đó mik cảm thấy tự tin, các bạn nói đã xấu r còn chảnh nhưng vì các bn làm tổn thương tôi nên tôi trở nên rùi rè sợ hãi tự ti, và k muốn ở gần những ng đã nói và tổn thương tôi,☺️ mới lên lớp 10 gặp cú sốc đầu đời",buon
ui cưng quá,vui
Hồi đó k nghe bm h đỡ khổ rồi,buon
lần sau nhìn thấy hắt nước tiểu vào người nó ngay,gian_du
"Tam Pham lợi dụng hay ko c a biết,và mình chỉ thấy một phần nên đừng đánh giá họ, mọi chuyện chứ để c a làm sáng tỏa 😒",gian_du
"Nói chung là ông chú này Cháy vcc. Chứ k ưa gọi chính quyền xuống là tháo dỡ r, chấp nhận hỏng xe đền rạp nhưng đã cái nư thì chắc cũng có điều kiện",gian_du
Huỳnh Trương Anh Tài ỏ,trung_tinh
dẻo phết ... nhưng mà cái gì dẻo quá cũng không tốt ...😄,vui
"Hoàng Thu Trang nghe bố nó kể lớp 9 đã nghỉ học, có tiền mua xe máy khối phân lớn cho con nhưng k có tiền cho con học, ở nhà tôi chưa từng đánh cháu vì điều gì ngoan, công nhận ngoan",buon
cả 1 đời người chẳng mong gì chỉ mong từ đây đến phút cuối vẫn có người không quên mình đã từng tồn tại,hy_vong
Ai có link tiếng Hàn k ạ cho em xin với Kim Anh,hy_vong
Như Huỳnh Đáng nhẽ định cho bạn coi tới để bạn shock. Giờ biết trước đỡ shock,vui
chân thành và giản dị . con yêu mến tình cảm của 2 cụ,vui
éo biết sai hay đúng nhưng thanh niên này chất .. bản lĩnh bình tĩnh !!,vui
kiểu gì mai cũng lại có vụ rất gì và này nọ cho xem,gian_du
điện cho đứa bạn . đem mũ ra . coi ai hơn ai . kakaa .,vui
"Từ.ờ:n.g mình có vid.e0 trích xuất camera trong nn lúc bạn gái bị 🔪, xem ám ảnh lắm luôn",lo_au
93 chưa ổn định,lo_au
nhìn là yêu roi muốn nuôi quá trời mà sợ không chăm được em 😢,lo_au
"Béo , mũi to, mắt mí lót , mụn, mái bò liem , hoc o gioi, o dep nen ngại giao tiep..",buon
"Vân Jin ko, mình ở Thủ Đức nè bạn 🤭🤭🤭. Hai bên chưa có nhà",trung_tinh
đồ khùng cơm đâu có mắc đâu mà phải làm vậy .,gian_du
chị ơi đã khi nào chị làm điều gì sai với bố mẹ khi còn đi học chưa ạ ? Em vừa làm sai nhưng không ai nghe em giải thích .Mẹ em còn đánh em . Mắng em thực sự rất nặng lời . Lần nào cũng thế,that_vong
phải cũng tần số,trung_tinh
đây là đâu ? cái này là như nào thế ??,trung_tinh
Hối hận,buon
tôi đặc biệt thích những người hướng nội. Tôi có thích 1 cô gái như vậy nhưng tôi không dám nói và giờ đã không còn cơ hội.,buon
"Phim hay combat đã tay, kỹ xảo điện ảnh đỉnh của chóp và nhất là mang lại nhiều bài học ý nghĩa để suy nghĩ cực.",vui
Bùi Quỳnh Trang y lun.em toàn núp vào lùm cây để đi.chứ k đi nhà vs,trung_tinh
Nếu như rác thì dọn chung tay dọn rác vậy mới sạch,trung_tinh
Nguyen Dung đặt nội khí quản với mở nó khác b. Đặt thì cần nhiều dụng cụ còn mở thì chỉ cần tạo 1 đường thở từ ngoài nói diễn tả nó khó. Cơ bản thời gian lúc đó gấp và cuống khi liệu pháp k thành công r. Còn là bs thì có bài học cơ bản hết b.,trung_tinh
có chuyện gì thê bố . bố đừng làm con sợ :((,lo_au
Giang sơn dể đổi bản tính khó dời,that_vong
bọn tiếp tay cho kẻ giết người,gian_du
mình thật vô vụng nhỉ,that_vong
Cầu mong con sớm siêu thoát,hy_vong
per tìm ông bán xoài này ngay cho em 😂😂😂,hy_vong
Nguyễn Huy Mạnh fun mana trong mồm con áo trắng,trung_tinh
Tom HoaHoa nó ảo vậy đấy chứ ny bảo con này nó từ chối ra mắt b ạ 🤣,vui
"Em hay ngại lắm, sợ làm phiền ý, đi làm mà ko dám hỏi luôn",lo_au
bạn trai tao đéo biết giận dai nên không phải dỗ,vui
Nguyễn Hạnh quá sợ,lo_au
Cảm ơn chị đã giúp chú. chú đúng là người đáng thương,buon
giấc mơ luôn luôn có thật ở vế 1,hy_vong
em tìm link phim mà sao nó ra phim khác chứ không phải phim này zay mọi người 😞,that_vong
cứ tự tin đi không ai đánh giá đâu...,hy_vong
"thâ ̣ tao ra thi ̀ nê ́ u 1 thă ̀ người con trai no ́ yêu mày va ̀ coi tro ̣ người mày , câ ̀ n mày thi ̀ mày co ́ qua ́ i thai thê ́ na ̀ o no ́ cu ̃ người chi ̣ u đươ ̣ c va ̀ cô ́ gă ́ người la ̀ mày mày vui 🙂",trung_tinh
Nhung Vũ có bao giờ cho uống trà sữa đâu,trung_tinh
Freeship ạ,trung_tinh
"Trời ơi 🤦🏻‍♀️thật sự muốn gào thét lên, thương quá mình khóc luôn ko biết làm cách nào mình gửi Vc a chị ấy chút tiền ko????chính chủ kênh ơi sao ll dc với bạn vậy",buon
"Mong mấy anh công an đừng có nhẹ tay quá , masa 2 ảnh mạnh tay hết sức em cảm ơn",hy_vong
LêThị VânAnh về đi em ơi làm bữa🤣,vui
Trang Thu bánh canh cua Kim Ngân chợ gò vấp em,trung_tinh
"xem mà đau lòng , đau lòng nhưng vẫn xem :((((",buon
mai đi phỏng vấn mà run quá huhu,lo_au
để tối về đọc…,trung_tinh
hay bị giật khô trên đó rồi :(,lo_au
cho hết vào trường giáo dưỡng,gian_du
@TvNhinhi Phải tô đủ màu như bảy sắc cầu vồng nữa để trọn vẹn ước nguyện nữa em.,hy_vong
Ai từng có tuổi thơ lạm dụng thì sẻ hiểu...đều để lại những ám ảnh và những căn bệnh tâm lý khác nhau...có người thấy đàn ông là sợ hãi...,lo_au
"đúng rồi , ngưng ảo tưởng",gian_du
"Những ngày cuối cùng của lớp 12 và kì thi THPT Quốc gia đang đến dần, căng thẳng áp lực, có suy nghĩ tiêu cực,... em cần những video như thế này",lo_au
Nọng + gầy + nhiều mụn + đen :((,buon
"Zesla Forrnet chê nhưng ng chê để đóng góp cho sp thì ít mà hùa với bọn 3/, tây nội địa nhiều nên phải vậy chứ, bạn thử vào gr của bọn 3/ khen vin xem bọn nó nói gì",gian_du
ad cho hỏi nghệ an lúc nào mưa vậy ah 🌧🌧.. ốm cũng cam lòng chứ vã lắm rồi 🥵🥵,lo_au
@❄Adela❀♐ dây mới là tau đến khi gặp m😏,trung_tinh
per đấy móng tay dài nhất thế giới đấy,vui
cái đồng hồ mọi người cho em hỏi giá bao nhiêu ạ,trung_tinh
Đang đi đường thì bị tạt nước làm tao muốn chửi thề 🤬,gian_du
hồi xưa nội t cũng cho v cũnh có bóp v t cũng hay xin giờ muốn xin lại cũng không dc😭,buon
cố gắng tinh thần sẽ làm lại được,hy_vong
"Kim Ngân hôm trước đi gặp đội đua mà mình chỉ biết cầu nguyện , bọn nó đi qua mới thấy hoàn hồn",lo_au
T xem mà t cũng khó chịu thay Đồng quan điểm với anh CA ! 👍,gian_du
kiện ch*t con đ* m* thằng tài xế đi. Thất học xong kêu nghề tài xế nó bạc,gian_du
ôi vãi nhìn ảnh giật mình đám nghiệt súc cười nhé răng !!!!!! đhs ... 😞 đẻ ra đau bết cả lồn,gian_du
sống lạc quan lên tôi cx từng như bn nhưng h tôi cx thế🗿,hy_vong
Mà càng nguy hiểm,lo_au
hạnh phúc ghê,vui
mới ra mà nắm bắt nhanh thế,trung_tinh
Giành lại quyền kiểm soát : <br> 5 nhìn 4 chạm 3 nghe 2 ngửi 1 nếm<br>Phương pháp thở 4 thì mỗi thì 5s <br>Mỗi lần thực hiện tâm niệm chỉ thành công 3%,trung_tinh
Đỗ Thanh phải rủ c em bạn dì đi mukbang nó nữa,hy_vong
3 cách vượt qua bất ổn tâm lý <br>Cách 1: Phương pháp 5 nhìn 4 chạm 3 nghe 2 ngửi 1 nếm <br>Cách 2: Tư duy 3% <br>Cách 3: Phương pháp thở 4 thì<br>Cảm ơn những bài giảng của thầy.,trung_tinh
"per đúng rồi , không muốn xa cách đâu 😞",that_vong
4 năm tìm hiểu kh biết đánh lần nào chưa,that_vong
"Xin giới thiệu bộ phim "" Chị đã làm điều đó như thế nào""",trung_tinh
"cạn lời , mình ngủ để khỏi nhìn",gian_du
Vòg tuần tuần hoàn nhỉ. Bắt rồi thả ...hài vcl,gian_du
tao đang xem cái gì vậy,trung_tinh
Tư thế chụp ảnh này là cũng gì lắm ấy:)),vui
"hôm nào đi học về cũng phải đi qa , nhà nuôi lũ này ở đỉnh dốc , đi học về tới chân dốc thôi là nghe lũ quỷ đó đứng đầu dốc đón đường bọn tao rồi . méo đạp xe lên dốc nổi , dắt xe lên dốc mà muốn vứt mẹ cái xe đạp để chạy lấy thân cho rồi :((",lo_au
ăn vải nóng lở hết miệng ra đây này,buon
tao bướng nhưng mặt đéo đến nỗi như con bé kia,gian_du
Chị vậy7,trung_tinh
mày làm tao buồn đó per ??,gian_du
Chỉ mong pháp luật nhẹ tay tha cho mấy đứa về nhà mùng 2 và ngày 16 âm lịch thôi,hy_vong
tuy hơi fail 1 chút nhưng rất có năng khiếu lớn lên không chừng làm ca sĩ ấy chứ đừng đùa,hy_vong
per thử cảm giác mạnh,hy_vong
duyên quá nói chuyện hay,vui
"ôiii vãi , dume nhìn thôi tao đã sợ rồi . từ nhện nhỏ đến nhện to không con nào là tao không sợ :((",lo_au
Chúc mừng bạn số có phước trời thương phật độ,vui
31 rồi.chơi vơi quá,that_vong
per bếp lò xo huyền thoại của ngoại hay nấu nè,vui
không biết ô ý có nhận con nuôi không nhỉ ?,trung_tinh
tối mà tắt đèn gặp mặt nó với cặp mắt nó là tao còn sợ hơn thấy ma,lo_au
"vãi cả ngứa mắt . lập luận rất là có cái "" lí "" luôn . đấy , ngứa mắt là sai cả lí rồi nhé mấy ông đỗ xe",gian_du
dân trí thấp thế thì bao giờ mới phát triển đất nước được,gian_du
"Tao cừi dzô mặt ad....ace cũng tùy , t chứng kiến nhiều vụ r ....toàn tranh ăn hoặc đùn cha mẹ già cho nhau r có chuyện ko hà",gian_du
Tôi tin tương lai Việt Nam sẽ đứng đầu Đông Nam Á,hy_vong
ôi hạnh phúc quá 😄😄😄,vui
con gái thật lòng nhất khi con trai không có gì . con trai thật lòng nhất khi anh ta có tất cả mọi thứ . cuộc sống mà 🙄 có chắc mình thấy gái xinh là không tớn lên không mà đòi con người ta không mê tiền . phát biểu nghe thực dụng vãi,that_vong
em không muốn chúng ta già đi chút nào . điều đó đồng nghĩa với việc cta sắp xa nhau 😔# n,buon
ông lại tự phức tạp hóa vấn đề lên thôi,gian_du
Trần Quang Tùng suy thật k. Đọc hết chưaaa,trung_tinh
"toan cao lại nữa , tao dg suy nghĩ có nên đi bằng grap về không",trung_tinh
cả 2 kẻ này đều đáng sợ !,lo_au
"Đúng kiểu nốn lừng mong manh, ko còn từ ngữ nào để diễn tả cái sự thú vật của con này",gian_du
"thấy bảo sang năm được tủi , nhưng mà năm nay vẫn chưa có người êu",that_vong
bạn nào cần bạn thân là con trai không :)),trung_tinh
per nét chữ giống hệt chữ của tao luôn mày,trung_tinh
tôi thật tự hào vì mình là người VN..,vui
có nhìu người bỏ vài đồng ra nhưg chỉ thích hành hạ người khác .,gian_du
thương quá...,buon
nấu kiểu này ngon lắm luôn 😋😋,hy_vong
chắc phải 6 năm chưa nấu kiểu này rồi trước nấu hôm đầu cơm dẻo ai cũng khen ngon,vui
LU CUTE QUÁ ĐI 😊🎉❤,vui
câu được chục con heo vàng chả được cái gì,that_vong
tiếc quá đẹp trai mờ không có chim,that_vong
tôi rất hối hận nếu đc quay lại thì chiều nào cũng trúng đề.,buon
"nhìn là biết sapa rồi , thế cũng đố",that_vong
ăn gì khôn thế,gian_du
"nó gieo cho tao mầm hi vọng , hi vọng vừa chớm nở nó đạp xẹp lép sự hi vọng bằg sự lặng im",that_vong
ok mà cần gì cứ cắt chất lượng lại thôi vẫn bán giá vậy,trung_tinh
"đồng nghiệp tốt , chị em tốt đi làm như đi chơi chứ làm cùng với mấy con mlz đáng sợ lắm",lo_au
Tớ khong giỏi nói chuyện.. đôi khi vô tình làm tổn thương ngkh hoặc gây hiểu nhầm khong đáng có.,lo_au
"@Hoangthan91 đúng rồi anh, thứ gì cần trân trọng thì trân trọng, thứ gì cần buông thì buông",hy_vong
"Mỗi lần thấy gái nhật là hình ảnh j a. V , nó tuôn trào ra , haizz ko thể ko nghĩ đến dc , thiệt là ướt át .",hy_vong
ổng bảo quay lại tui k đồng ý bh ổng cs ny r hối hận,buon
con nào cũng là con nhé . con trai tao tập từ nhỏ đã biết tự lo và phụ mẹ rồi :)),vui
"Thanh Hương á à, bắt quả tang dìm hàng tuii😒😒😒",gian_du
"các bố cõi trên báo kinh tế nước ta phát triển nhanh lắm, đời sống của người dân ấm no hạnh phúc 😅",hy_vong
mong mạnh thường quân trợ giúp,hy_vong
bởi vì gặp nhau sai thời điểm nên tôi mất người mãi mãi ...,that_vong
ở đâu vậy cho địa chỉ mình gửi cho ít đồ cũ mà còn mới nhìn mà thấy thương,buon
ngồi nhìn nó ngủ cũng thấy dth vler đừng nói cười 😌,vui
"“ta thấy nói chuyện với muôn thú, còn dễ hơn với con người…”",buon
tại con này xấu quá không nhận diện được khuôn mặt,gian_du
"ngày xưa , ngoài thú vui chọc chó dí , còn chọc cho ngỗg rượt . cách giảm cân hịu quả nhất cho mấy đứa lười 😂. nhớ lại vui thật , đúg là thời sửu nhi .",vui
hình như cũng mới có vụ bể bình dâu tằm,trung_tinh
ai cũng bận cả và không ai rảnh rỗi ngày ngày quan tâm bạn đâu ?,gian_du
"cảm ơn chị, hay quá ạ, em vừa nghỉ việc do công ty phá sản. em cũng đang lo lắng không biết công việc mới sắp tới môi trường làm việc sẽ như thế nào, công ty tử tế không, sếp thế nào, đồng nghiệp liệu có khó ưa. <br>giờ thì em không còn lo lắng quá nữa ạ,",lo_au
E danh rat can cai clip video nay,hy_vong
Nếu biết trước “giá như” thì con ng ta đã kh khổ rồi,buon
oimeoi tao thấy được tao ngày xưa đây rồi =))))),vui
"Muốn khóc quá, nuôi con mèo mà nó đi mất",buon
uoc gi uoc gi uoc gi ...,hy_vong
ếch chết tại miệng,trung_tinh
Đã dặn không ăn hành mà vẫn bỏ hành 🔥,gian_du
Ksao mai phải uống 1 cốc phúc long size L mới đc 🙆‍♂️,hy_vong
đúng bài của người việt thường dùng rồi,trung_tinh
Cá Sấu Bông hại lão,trung_tinh
"cười đấy , sau lưng nó đâm con mẹ nó dao vô hình cho chết mà vẫn sống nhăn răng luôn .",lo_au
Tôi chê bởi nằm mê cũng không có tiền trong túi,gian_du
"ra đi là lựa chọn đúng , ở lại incheon để gánh team làm gì cho mệt ra lại bị tiếng xấu .",gian_du
tự hào vì là ngừi Việt Nam quá ik🥰,vui
cho e xin vid chill voii,hy_vong
"Chỉ có mỗi nốt ruồi ở giữa mũi và môi thôi đã khiến t tự ti, lên lúc nào cx phải đeo khẩu trang",buon
Mình mơ nhá trong giấc mơ đi ái cả 10-15p mà vẫn k hết nước tràn khắp nơi mà vẫn buồn sợ ghê luôn lúc tỉnh dậy may là đang mơ nhưng vẫn k bị ra giường nhé,lo_au
Những người thích lãng mạn,trung_tinh
Mộc Linh Tây mẹ không cho nuôi mèo bà ơi,that_vong
chỉ cảm thấy tự tin khi đi với cha mẹ hoặc bạn thân,lo_au
"Champa, Khmer, Xiêm La và Lan Xang thì người Đại Việt không bao giờ ngán",vui
coi thương nhìn vc chi hiền mong manh thường quân giúp cho vc chi,hy_vong
Con chúc cho chú nhìu sức khoẻ gặp được nhìu người tốt giúp chú,hy_vong
cảm ơn các anh chị báo chí phóng viên đã đưa tin . mong cơ quan chức năng hãy làm thật nghiêm . thật mạnh tay vụ này . đến khổ mấy đứa nhỏ . mưa rét thế này . càng nghĩ càng tức .,gian_du
bạn trai thì chưa . nhưng mỗi lần thằng bạn nó cắt tóc cạo râu thì auto nhìn đẹp trai,vui
đẹp không,trung_tinh
""" học từ bỏ những thứ trời không cho "" nói thì dễ nhưng nhiều lúc quyết tâm lắm vẫn không làm được .. 😢😢😢",that_vong
Chỉ nghĩ sao với việc sau nửa năm nữa sẽ làm từ thiện dềnh dang bên Châu Phi và 1 số miền quê ở Việt Nam nữa. Và quay lại thị trường ạ.,hy_vong
Tớ hèn 😭,buon
"Đọc cmt thấy kiểu sợ hãi loài người luôn á Người ta bị bệnh chứ có phải như mấy phim đen hay gì đâu mà bảo ""nghề chọn người"", cái nết kỳ quá coi chừng nghiệp quật đó nha ^^",lo_au
"cứ đi thôi rồi dần dần sẽ tìm ra được thứ mình muốn .Không ai biết trước đc tlai đâu ,không phải lựa chọn nào cũng là tốt hẳn hay xấu hẳn và nhiều khi những lựa chọn mk nghĩ là xấu nhg về sau lại đúng",hy_vong
tau cố gắng chỉ được từng này 😦😦,that_vong
Thề h có đứa lại lm quen t nói chuyện với t t ngượng ko biết nói gì luôn xịt keo 🤓,lo_au
Nguyễn Khuê chứ sao hã🥺 ngta buồn lắm biết hok,that_vong
"Trà Đá bây giờ mày vẫn bị chửi vì ngoo đó, đần 🤭🤭",gian_du
Cảm giác bị tụt hậu so với bạn bè làm tui tim đập thình thịch ...,lo_au
ờ tao tao thông minh thiệt đã dừng lại đúng lúc,vui
per nếu bạn chưa có việc làm :v,trung_tinh
hơi lạ nhỉ phải nhắn lại cho khách chứ grab thế này bị hủy chuyến làm sao,that_vong
Con kia nhắn lại ủa em là cũng k được. Nếu lịch sự thì nhắn là ok em chị biết rồi. Nhắn thế con vk k sôi máu mới lạ,gian_du
"xã hội giờ nguy hiểm quá . có khi cái con mẹ kia mới là người có ý định bắt cóc trẻ con ấy chứ , hoặc chỉ một câu trêu đùa quái ác như thế cũng đủ mệt",lo_au
có rất rất nhìu thanh niên ở đây bị đứt dây thần kinh hài hước,gian_du
nhiều lúc tự ti về ngoại hình của mình😭,buon
"Ko có ngại, tại chx bắt đc mạng…😇",trung_tinh
trường mình chị lao công đóng cửa :((,that_vong
"Vừa crush có người yêu xong, rơi nước mắt lun 😭",buon
công nhận chữ đẹp .,vui
"dume , phải con tao thì đéo bao giờ chúng mày có cơ hội xin lỗi luôn .",gian_du
đẹp quá 😆 vi diệu,vui
Bạn tuyệt vời quá,vui
"@nangoc84 Chào Anh Ngọc một bài độc ngắn trích dẫn chọn vẹn 1phut 31 giây rất hay ý nghĩa về Sam Bankman-Fried bài học cho những người giàu sớm khi còn quá trẻ như Sam, tạo Ra ý nghĩa sâu sắc giúp cho những bạn trẻ bây giờ nếu giàu sớm thì không mất phải sai lầm",hy_vong
tao thì ngược lại .. cắt xong nhìn như thằng trốn trại vậy,buon
wow đỉnh quá,vui
"Dạo này sếp khen cái project mới, quá đã kaka",vui
Hằng PT chắc có bọn mình đang xếp hàng đấy,trung_tinh
"Tớ áp lực đồng trang lứa đè nặng, đổ mồ hôi hột 😥",lo_au
per 2 ly trà sữa bạn làm rơi mà chưa thấy bồi thường lại mình 😞,that_vong
vừa mới xem hqua . kết thúc phim nhạt quá 😒😒,that_vong
@TvNhinhi không như ý mình thì hãy cố gắng sống thoải mái tâm hồn của mình là được nè bạn nha. xpet,hy_vong
chuẩn bị cho chim ăn cức,trung_tinh
Mắt ko có mí mũi thì tẹt... cũng đã cố skincare đổi kiểu tóc phù hợp tập gym thay đổi lối sống... những vẫn cảm giác ko ăn thua chẳng hài lòng. Lâu lâu tự ngẫm lại thì cảm thấy nhói nhói😢,that_vong
"mong là bố mẹ mình không đọc được tin này , sợ vãi",lo_au
Quan tâm những lời người khác nói và biến mik thành kẻ tiêu cực thì đời sống tinh thần càng đi xuống😢😢😢😢,that_vong
chả bù cho tao thời hoc mẫu giáo thằng nào lộn xộn không vào mắt là tao cho ăn đấm luôn,gian_du
cái thứ tình yêu bọ xít,gian_du
"Chời ơi nghĩ về tương lai mông lung quá, trằn trọc mãi mới chợp mắt được hic",lo_au
anh lấy đi niềm tin trả lại cho em những gì,that_vong
Dạng xăng pha nhớt này tai tiếng thế mà vẫn cho thi đấu là lỗi của nhà tổ chức rồi.,that_vong
Thật là kinh khủng,lo_au
Đạo đức hs càng ngày càng tha hoá chú à.,gian_du
tiết chế đc cảm xúc thì đã thành công 1 nửa rồi 🥺😔,buon
cay và đắng nghe mấy ông lớn tuổi toàn kêu thế thôi,trung_tinh
Hời ơi 😢,buon
"sợ vãi , mém xỉu",lo_au
con ước mình cũng có 1 tình yêu đẹp như ông bà vậy < 3,hy_vong
"nên nhớ chẳng có cơn giận nào chẳng bùng nỗ , chỉ là nó đang bị nén lại .",lo_au
và cứ thế tôi khóa lại 3 năm thanh xuân tươi đẹp của mình,that_vong
nóng như này ăn vải là thích nhất còn gì ... auto mát,vui
Sự thay đổi liên tục trong định hướng của ban giám đốc gây ra sự bối rối và lo ngại cho toàn bộ nhân viên.,lo_au
Chúc tất cả m.n 1 ngày tốt lành,hy_vong
tôi đang trân trọng những gì mình đang có và ngoai toi có noi một câu là nhìn lên không bằng ai nhưng nhìn xuống mình hơn nhiều người cho nên mình phải nhìn những người này để làm động lực cảm ơn nha hảo tâm đã giúp anh chị một phần nào khó khăn,hy_vong
"@nangoc84 Viết trao giá trị trên 𝕏 hàng ngày là "" 1 lối thoát"" phát triển tư duy cả về ngôn từ và suy nghĩ tốt đẹp",hy_vong
"tao nghĩ chắc do kiếp trước mình tu chưa thành tâm nên kiếp này cuộc đời tao như 1 trò đùa , tạo hóa ghẻ lạnh . chán đời",that_vong
thật là một sự mỉa mai,that_vong
"cục súc quá, khách hàng dời lịch họp sát giờ",gian_du
Cách sử lý vấn đề chính là sử lý cái gì gây ra vấn đề,trung_tinh
thế nên bán hàng có tâm là đừng bao giờ nài nỉ khách mua thêm vì biết đâu bạn vô tình làm cho nỗi đau của họ trở nên tồi tệ hơn .,buon
buôn bỏ nhưng tình cảm ko thuoc về mình nua . bat đầu kiem tiên,that_vong
"trên mạng t nói nhiều nhm ở ngoài thì: ít nói, ít đi chơi vs bb, ở lì trog nhà, v.v ._.",buon
sai lầm khi lấy vợ hiện tại,that_vong
để cưa cái bàn chớ làm gì,trung_tinh
ai thấy pha cuối phê vãi không,vui
có án rồi đừng làm trò . anh hùng rồi lại quay lại trại đấy,gian_du
môi mình dày nên mik tự ti,buon
càng nhìn tấm ảnh càng thấy thương cha mẹ nhiều hơn,trung_tinh
"Phim hay vãi ò, đ hiểu sao k được đề cử Baeksang nào 🙁 Cốt truyện vừa cuốn mà lại lắng đọng sâu sắc nhiều cái vl. Xứng đáng 10đ",buon
điểm tuyệt đối mà các VĐV của các quốc gia khác không thể có!,vui
chỉ là bạn chưa biết yêu đúng cách thoiii,trung_tinh
"Cam Ly Dang Yeu ko nha bạn mik làm mui full sun suon 100tr nha Ban, làm BV Tham my Bac Si đang hoang bạn oi . Qua Gangwhoo lam đi bạn full sườn 100-110 nè ban .",trung_tinh
mặt thằng mèo khó ở vãi,gian_du
Nguyễn Thu Hiền ờ,trung_tinh
Nam mô a di đà phật ! Cầu xin cho Anh Chị có nhiều sức khỏe và cố gắng vượt qua khó khăn của cuộc sống,hy_vong
Không biết ngày mai sẽ ra sao làm mình không biết đi đúng hướng không huhu,lo_au
gì cũng được chứ yêu 1 người vô tâm thì đéo 🙂,that_vong
t được theo mẹ ra đây những 3 lần . uống no nước biển đs . phải công nhận nói chuyện biển đục vãi 🙄,gian_du
"Nói sao nhỉ? Em đang cảm thấy rất tiêu cực, vừa khóc và vừa search &quot;Bị áp lực quá phải làm gì&quot; và YouTube recommend video này. Em thực sự cám ơn chị nhiều, sau khi nghe hết video thì em đã không còn khóc nữa... Khi em đang đứng trước nỗi sợ, áp lực, cô đơn vì không ai hiểu mình , thì hình như đâu đấy có người hiểu em, cho em lời khuyên về cách đối diện trực tiếp vấn đề và chịu trách nhiệm cho sự lựa chọn của mình. Em sẽ đặt mục tiêu và cố gắng hơn, cho phép mình nghỉ ngơi nhưng không cho phép mình chây lười. Thực sự cám ơn chị nhiều ạ...",buon
sớm chút nữa có lẽ đã khác rồi đúng không ?,that_vong
Ngọc Trầm Thủy Thượng cay,gian_du
phim Viet cuoi cung nan ni Thành Đạt,trung_tinh
Kiếm bát cơm nhọc nhằn quá Xử thật nghiêm,gian_du
súc vật là có thật .,gian_du
cần xem cái kết của bọn này,hy_vong
Em xem mà e nhớ Nội em gê á 🥺... Nội em mất nay 2 cái Tết ời😭,buon
tôi tự hào vì mình la người Việt Nam,vui
Lương về rồi 🎉,vui
Cpi đây,lo_au
"@TvNhinhi Cuộc sống là sự lựa chọn của chính mình, hãy tô màu cho nó thật đẹp.",hy_vong
Olimpic mà như trò đùa. Chuyển giới cũng được đấu với nữ.,gian_du
"tính tao tao biết , chẳng có chuyện gì có thể làm tao phát điên cả",trung_tinh
Gặp đám đông là t bị tự ti ấy ko dám nhìn aii,lo_au
Công Đạt a bay vào Bình Dương xly vụ này đi a .,hy_vong
đi đường ghét nhất bọn loi choi kiểu này . gặp ngay bác vô lăng cứng tỳ cho phát thế là nhớ đời thằng loi choi .,gian_du
"mỗi ngày đi làm về , tôi không vội vào thang ngay mà thường ngồi sảnh tầm 20p chỉ để ngắm gái xinh cùng tòa 😆.",hy_vong
"Thất vọng toàn tập quá, không ai hiểu mình 😞",that_vong
"Nhà xe nào vậy, xúc phạm phụ nữ quá",gian_du
"hối hận, quá hối hận. Hối hận muộn màng",buon
"per tải thử cái này cho cún đi chị , hay phết này",vui
Thương cháu quá Nam mô a di đà PHật 😭😭😭😭😭😭,buon
Tụi này vào bờ thể nào cũng bị a e xã hội thăm nôm,lo_au
"tao thì trông nó truyền điện chết mẹ đi , loại này sống nguy hiểm cho xã hội",lo_au
tao tưởng tượng sau này sẽ có 1 thằng bồ vừa điên vừa ngáo giống tao .. chắc vui hết sảy 🤣,hy_vong
càng thân thiết khi quay lưng càng đau lòng .,that_vong
Hello ông già mập nhiều râu =)) 😂,vui
tao chỉ tag thế thôi mày hiểu thế nào thì hiểu per,trung_tinh
thế nên tao với mày không thể làm người yêu nhau được,that_vong
sợ đến lúc đó muốn lấy vợ phải sang nước khác nhập khẩu về quá,lo_au
giờ mới biết =)),vui
"Hôm trươc em cũng rất buồn và em uống rất nhiều nước và em cảm thấy bản thân mình đỡ buồn hơn chút nào,cứ như uống nước vào nó trôi đi muộn phiền trong lòng ấy,những ngày bth em kbh uống nhiều như vậy,hôm đó em uống gần hết bình nước.Rồi e xoá cả mạng xã hội đi,lần đó em có chia sẻ với đứa bạn thân em,nó k an ủi e đc mà em còn thấy buồn hơn khi tâm sự với nó,em cũng bt là kphai ai cũng làm vừa ý mình đc nên e còn block nó một ngày luôn rồi hôm sau lại nói chuyện bth",that_vong
định tag anh vào nhưng chợt nhớ ra làm gì có anh nào 😑,that_vong
Bùi Thanh Hải ko tin đc là h vẫn còn thê loại này,gian_du
đợt trước con em tao đi học cũng bị con kia hăm đòi đánh . tao lên tận trường kêu nó ra bảo mày muốn đánh tao cho tụi mày đánh đó . học sinh mà bố láo,gian_du
Xin chia buồn cùng GĐ,buon
"chỗ đó không có , họ thấy lạ , chứ như tao lần đầu thấy trên internet tao cũng lạ , chửi gì ghê thế",gian_du
Linh Tran Bảo Ngụy Nguyễn Hoàng Luân ê nửa đêm đọc sợ quá tag zô anh em phải sợ chung tôiii🙉🙉,lo_au
"Chời ơi sợ rớt môn quá, không biết đi đúng hướng không 😭",lo_au
Ở quê bẫy đầy chắc chim này dễ bẫy,hy_vong
Hân Nghiên khá nhiều đấy b,trung_tinh
nhưng nói thì cứ bảo hay than thở 😢,buon
Đâu liên quan gì tới nhà thơ đâu. Việc này liên quan tới người duyệt bài. Hóng táo quân năm nay.,gian_du
Út Bo nghe gớm z bà.. k bik mấy quán Hàn ở Vn s như Hanuri Hancook.. @@,gian_du
sad cực mạnh,buon
Kim Ánh mấy con đó hoặc búp bê là nhìn lâu lâu t mới thấy rợn. Còn quả mặt nạ hề t khim dám nhìn quá 10s. T cứ có cảm giác nhìn thêm tí nữa nó ngoạc mồm ra cười với t ấy,lo_au
"Tuy lúc này em xem đã hơn 1 năm trc khi chị ra video này. Ko bt chị có đọc dc ko, nhưng em cug cảm ơn chị rất nhìu vì nhờ chị em có thể bỏ đi những thứ tiêu cực trong đầu em! 🙂🙂🙂",vui
chia buồn cùng nước pháp,buon
nhờ mất bạn nên mình mới biết,buon
"Mình tiếc nuối vì 2 kì thi quan trọng với mình trong cấp ba nhưng mà mình chưa làm thật sự tốt, nó vẫn ám ảnh mình đến tận bây giờ.",buon
thế 1 đứa con trai bỏ thời gian ra nói chuyện thân thiết với 1 đứa con gái không phải là nó thích con đó thì có con cặc nó làm vậy,gian_du
hok có hứng thú quay lại lun 🫠,that_vong
thành phố không nói chứ chỉ 9x trở về mới biết nấu thoii,trung_tinh
cách người ta phản ứng cũng văn minh ghê ❤️,vui
Nhưng thấy anh chị này tay chân vẫn linh hoạt mà. Có thể lại động kiếm sống. Chứ nhiều người họ còn cụt tay cụt chân mà họ vẫn lao động dfc,hy_vong
chỉ mong có người đến cuối đời vẫn yêu mình như ngày đầu tiên ❤,hy_vong
chủ tịch giả vờ cầm cây củi mục múa vỏ và cái kết !,vui
vì mình chỉ là giờ giải lao trong một hiệp chơi chính của họ,that_vong
gặm gặm cái đéo ý à ... bố gặm luôn mày giờ ...!!!,gian_du
"@TvNhinhi I always try to live my life the way I want, even though it doesn't always go as planned. I choose to paint my cheeks and lips pink, not my eyes. I wear a yellow-orange outfit like the sun, not someone else's shadow. I paint hope in green, keeping it within me.",hy_vong
Sin Kara cũng học đòi khịa 3 que nhưng lại thiếu kiến thức 🤣,vui
Răng hô+mặt mụn+mũi tẹt+mái bò liếm🤡 ngồi trong lớp th cx đủ sợ hãi r 😬,lo_au
"lúc trước chạy xe đạp đi ngang qua đàn vịt có mấy con ngỗng lẫn trong đó . thế là dume tụi nó rượt tao vừa chạy vừa la cái thứ âm thanh nghe "" ứ ứ "" "" hiếp em đi "" làm tao sợ tụt lol",lo_au
Lòng người lạnh thật sự,that_vong
🇻🇳🇻🇳🇻🇳👍🏾👍🏾💪🏼💪🏼🙏🏻🙏🏻🙏🏻🙏🏻🙏🏻🙏🏻💖💖💖💖💖💖,hy_vong
đã sáng suốt hơn năm ngoái nhiều . ka ka,vui
Nghiem Ho thời trường ấp mình học nè,trung_tinh
tâm sự không đúng người ngoài việc họ cười vào mặt bạn,that_vong
Ôi thương vãi hic..,buon
bị người đồng hành chung chăn gối 11 năm phản bội 😢 mấ hết nè tin 😢 hi vọng sống,that_vong
luôn sợ người khác nói xấu về ngoại hình của mình..,lo_au
hai vợ chồng ăn có 10k....còn ko có tiền ăn nga su mô nuốt một miếng người ta ăn cả tháng,gian_du
"Dạo này em hay có cảm xúc tiêu cực, gáng nhủ bản thân là lạc quan lên nhưng không được. Tui tìm đến chị Giang huhu",lo_au
mỗi lần chạy xe ngang kv bình chánh là cảm thấy sợ,lo_au
sau này đừng quên nhau nha,hy_vong
best pha cuối bonus 😂😂,vui
"M đi taxi chả bh ngồi ghế trc luôn ấy, có con nhỏ nữa thì càng không. Tai nạn hay va chạm xảy ra ghế trước nguy hiểm hơn nhiều.",lo_au
"tránh xa nó ra , nó ngáo đó , 8h sáng mà nó đòi đi ngủ là hiểu rồi",gian_du
tiến lên(miền nam),hy_vong
Con mẹ vô ý thật,gian_du
thế đéo nào lại ra được nhỉ ??,gian_du
tao cay mẹ khoé mắt,buon
có những người như chủ thớt bảo sao đất nước không phát triển,gian_du
"Ngại khi ai nhìn thẳng mình, ngại khi cười nên phải che miệng🤡",lo_au
cắt tóc rồi mặt như con heo,that_vong
"Trời ơi,xem xong clip này, tôi phải suy ngẫm lại,từ rày về sau tôi sẽ kg tiêu xài phung phí nữa 🤔thích gà lang thang từ YouTube qua bên đây luôn 👍",buon
Nang Mai í nói ít người cao thường thường 1m75.chưa thấy ai 1m8,trung_tinh
có những người đi qua đời bao nhiêu như 1 cơn gió vậy . vô tình nhìn lại . nó lại là quá khứ ...!,buon
tự hào người Việt Nam,vui
đi lỗi phụ ấy . chắc bọn tao gần đấy mới biết nhiều lối phụ không tắc,trung_tinh
LêThị MỹAnh hên tui chưa đi làm shipper =((,that_vong
Tàn nhẫn vô cùng!,gian_du
Mạnh Hưng chúng ta phải nhìn vào điểm tích cực sẽ thấy lạc quan :v,hy_vong
"nghe mà may h mình ra trường rồi thoát môn văn🥲, tội mấy bé bây giờ học môn văn.",buon
chị dâu thì vãi rồi,gian_du
thế sao tao hát tệ thế này,that_vong
e quê bg mà mùa vải còn không có vải mà ăn @@@,that_vong
T hối hận r,buon
Chuyện của Hà Nội nhất định phải thế,trung_tinh
"có nhan sắc cũng đc mà ko có nhan sắc cũng đc, cuộc sống của chúng ta có sự tự do của riêng một người, mỗi người đều có nét đẹp riêng bạn à 😌",hy_vong
"ngày xưa nuôi mấy con mèo . đêm hôm nó cứ lựa lúc cửa mở là chạy đi chơi mất . những lần nó không về buồn thối ruột , tối cứ mở cửa để đợi tiếng meo meo 😥",buon
Fb đứa con đây mn ơi,trung_tinh
gớm không tưởng,gian_du
Nguyễn Sin săp bị bắt mà lấy cái hình vui hết nói nổi lun,lo_au
anh ơi :3 hôm nay em thích anh chơi game và đi ngủ sớm đấy :3 đừng đi chơi với gái :<,hy_vong
Cũng từng mà ko nhìu thế 3hay 4 tiếng thôi mà trời mưa to sấm😅 đêm rồi,trung_tinh
Nghĩ mà thương gia đình cháu,buon
"Khoa Duc Nguyen ông Trump là đảng Cộng Hoà, bạn nghĩ tên Việt Nam Cộng Hoà từ đâu ra?",trung_tinh
"Nguyễn Thị Hoa khổ cả họ ấy chứ,từ mẹ, chồng,con",buon
"nhìn mặt đã thấy hãm , mọi người chửi bỏ mẹ con mẹ phụ huynh đi",gian_du
"Thủy Sâu nếu b ở phía cty thì sẽ có 1 hướng suy nghĩ khác, nếu như vậy thì bạn bè or người thân đặt đơn xong boom, cho shiper ăn hết à",that_vong
T hối hận khi t bắt đầu . Nhưng đã quá muộn để làm lại. T phải đi tiếp để trả hết những gì t nhận được trong suốt 2 năm qua,buon
Khóc luôn rồi sau này em sẽ thành tài 👨‍🎓,hy_vong
anh đừng bỏ em đi mà 😢,lo_au
"ai cho mình xin tên phim với , mình không xem được 😢",buon
e bị lo lắng giữa đám đông,lo_au
"Nguyễn Thị Hồng ví dụ gần đây 2 học sinh đi tự tử , còn viết thư tuyệt mệnh nữa",lo_au
nụ cười của tôi thiên thần vãi,hy_vong
có ai như tao không . chả thích đi đền chùa vì nhiều lí do ??,trung_tinh
"Đánh thế là hay vl r,cố gắng ra World đánh được thế này thì cũng ngạo nghễ vl",vui
tao cũng sắp bị đuổi ra khỏi nhà roi,that_vong
Khoan khoan c nghe e giải thích,lo_au
"tớ giao tiếp kém vs hướng nội, tớ sợ nói cái gì đó khiến ngkh khó chịu...",lo_au
tôi cũng muốn được cảm thấy như vậy ??,hy_vong
Khối lượng công việc nhiều quá không biết bắt đầu từ đâu làm tự nhiên hoang mang 🥶,lo_au
"vừa lắm ... cho chừa nè , ahihi đồ ngốc 😊😊😊",vui
Linh Linh Thấy bị đâm hai lần c ah. Xem kĩ video thì thấy đâm vào 1 lần xong lại thêm 1 lần nữa. Thương quá,gian_du
Ai có clip không ạ,hy_vong
đang đi ỉa tự nhiên xem phim này cái cười ỉa ra cứt luôn :)),vui
Con tiểu tam công nhận xinh thật. 😂,vui
"Dạo này cảm thấy cô đơn lạc lõng, thấy trống rỗng 🥀",buon
có đủ mọi gia vị :< em thấy vị đắng của sự chua sót quá nhiều,that_vong
Khổ,buon
còn buồn hơn là cố quan tâm thế nào họ vẫn không hề rep lại,that_vong
Iuu VN nhìu🇻🇳🇻🇳🇻🇳,vui
ừ t bị ngại giao tiếp ám ảnh vải😭,buon
Nguyễn Duy Mạnh mình vừa đi cao tốc cũng có ông sĩ chán chả muốn cãi nhau,gian_du
tự ti thì cx có nhưng nhan sắc do bame cho mà tại sao lại phải tự ti hoài nek.Đâu ai hoàn toàn hoàn hảo nek.Ai cx như ai nek.Thôi đừng tự ti nữa nha,hy_vong
đúng là nói thì dễ hành động không bao giờ làm được ))),that_vong
Mà vẫn tiếc pha artemis qua bãi chim cứ tiếc pha đó hoài haizz,that_vong
Lê Văn Hải mấy cái loại đó bắt dc đem vô tù nhốt đừng cho ăn uống chi hết,gian_du
hay lắm,vui
làm việc tỉ mỉ thì sẽ nhận được thành quả thôi!,hy_vong
này thì chu cái bản mỏ ra,gian_du
"chân ngắn như tao thêm combo mập nữa thì tao đéo nhaỷ đâu , tao thả mình trôi sông luôn cho lẹ 🙄",that_vong
ý thức 😂,vui
"Em đang bắt đầu cv mới năm 28t, sau những thất bại nho nhỏ, phải chuyển đến 1 nơi khác sống và làm việc 1 mình, k quen biết ai, ở trong môi trường xa lạ, trải nghiệm công việc mới, những ngày đầu , hôm nào cũng khóc 1mh, tự hỏi sao gần 30 mà chưa có gi cả, thì vũ trụ gửi đến video này của a. Xem xong thì tỉnh ra. Ít ra bản thân e đã bước ra vùng an toàn của mình đôi lần rồi, cũng an ủi phần nào khi xem video của anh. Cảm ơn anh rất nhiều",lo_au
"thật thà vãi , mà tao chỉ thích ăn xoài chua .",trung_tinh
Dù có về đâu ta vẫn phải bước tiếp,hy_vong
2 câu giống nhau,trung_tinh
Nguyễn Thế Đức ông suy nghĩ giống ck tui vậy. Mỗi khi có gì đó xảy ra đều tại ngoại cảnh cả. Chưa khi nào là tại ổng,trung_tinh
Sao lại để cả tên lẫn năm sinh chỗ làm thế kia bị này cx lắm 3 năm đến lúc đó ko có ai nhận làm vì bị dính đến pl rồi nó cx quay lại để trả thù cho coi cũng có vài vụ rồi,lo_au
per hình như nhà bác có 01 chiếc thì phải ?,trung_tinh
"Trường cấp 1 cạnh cái ao, cứ mỗi lần mưa là nước ở cái ao tràn qua sân trường, giờ ra chơi ra sân trường bắt cá bắt cua, cứ gọi là thích nhất những hôm trời mưa , cái trường Quang trung bị phá cách đây gần 30 năm và cái ao Thúy mơ cũng đi vào dĩ vãng",that_vong
tự hào con người VIỆT NAM và là học sinh VIỆT NAM🥰🥰,vui
Hưng Lan có phait ng đâu mà có tính,gian_du
phim như con kẹt,gian_du
"Chi Chi cái chính là con chó k có tội, tội là ở chủ nó k nuôi nhốt đàng hoàng. Với lại tụi bắt trộm này là nó bắt chó nhà ngta nuôi, là tội ăn trộm chứ kp làm việc thiện. Bắt chó thả rông có bên đô thị thực hiện, cũng chả đến mức chích điện cho chết hay đạp gãy xương sườn nó như 2 thằng đó. Việc nào ra việc đó, ng nào làm việc đó. Nó kp đô thị thì nó k có quyền bắt và giết chó nhà ngta như vậy.",gian_du
ờ thì 1 con ngựa ăn cả tàu bỏ cỏ vì con ngựa nó ăn hết cỏ rồi 😂😂😂,vui
tưởng tượng mà dưới sông có cá sấu nữa chắc hết dám đi,lo_au
con gái không phải là người tham tiền tham trai đẹp tham này nọ đâu nhé ... chẳng qua họ cần tìm chỗ dựa thôi .,gian_du
"thôi em sợ lắm , tha em bác",lo_au
Tự làm đau bản thân,buon
E sinh ra và lớn lên trong 1 gia đình toàn người tiêu cực. Chị em nói 30 năm cuộc đời của chị em chỉ là sai lầm và hối hận. Mẹ em nói cuộc đời của mẹ e bi kịch là từ khi gặp bố em. Còn bố em thì trước đây luôn đánh mẹ con em. Hiện giờ không còn đánh nữa nhưng chưa bao giờ biết lắng nghe và cực kì gia trưởng. Bản thân e không xinh đẹp không giỏi giang và cũng không có bất cứ ước mơ hay sở thích nào trong đời cả. E cũng là người cực kì hướng nội và nhút nhát nên không có ai để chia sẻ. Bế tắc thật sự.,lo_au
dume mình tưởng tinh trùng,gian_du
per ta nguyện nằm im,hy_vong
Lê Thảo Vy nhắm mắt quay đi thôi,trung_tinh
mùa thu năm ấy cta đã gặp nhau ?,trung_tinh
"lúc cụ bà cầm bông như cô gái 18 lần đầu mới yêuc vậy bà ngạc nhiên và hạnh phúc nhìn sâu lắng , video ngắn nhưng cho người xem si nghỉ mải",vui
Porsche #1,vui
Quyết định liều tiêm cho trẻ từ 5-11 tuổi là câu khiến tụi nhỏ và cha mẹ tụi nhỏ khóc thét,lo_au
"Tao nghĩ về tương lai mông lung quá, nhỡ rớt chắc xỉu ngang 😥",lo_au
Là cách anh chồng cảm ơn người kia đã rước đi của nợ mà anh đã mang bấy lâu kkkk,vui
có người yêu thì lo giữ đi mấy má khoe khoe cái buồi dume xem mà thấy tức vãi :''>,gian_du
hồi đó tao lấy cái đó kẻ tập luôn kiểu làm màu mè cho đẹp xong lên trả bài bị bà cô trừ điểm ????,that_vong
ngã rẽ năm 18,trung_tinh
uây,trung_tinh
Tình hình này đã đc dự đoán trc. Năm 2015 lần đầu mình đến Phú Quốc. Sau chuyến đi đó bản thân vẫn thích Côn Đảo hơn PQ. Lúc đó mình có nói 1 câu rằng: PQ bê tông hoá nhiều quá. Ko có gì đặc sắc và hấp dẫn,that_vong
rụng tim 😭,lo_au
"1 vị đắng của mưu sinh , 1 vị ngọt của hạnh phúc gia đình",hy_vong
Chỉnh sửa ảnh Free đàn bà mới đẻ xác nhận không nhạy cảm bằng nha,trung_tinh
hối hận rùi biết làm sao giờ,buon
đ biết tình yêu là gì mà ăn rồi cứ đi thả thính đậu má,gian_du
"hết cấp 3 , hết đại học và chỉ mới bắt đầu 1 cuộc chơi khác .",hy_vong
không chăm học. nhưng may bây giờ t còn kịp,buon
Có thằng nhìn thấy bỏ đi,gian_du
Uy Vũ cũng cùng cái ý nghĩ thoáng qua luôn,trung_tinh
"Nhìn anh bị hành hạ mà thương a quá,mong a xớm có đc công việc tốt hơn,phù hợp với sức khoẻ,,và quan trọng hơn là gặp được người chủ tốt.",hy_vong
Biết trc sẽ có kq như vậy nhưng vẫn làm🥺,buon
nghèo mà đi tập huấn sang chảnh ??,gian_du
dume cười muốn chết người ta ~~,vui
thấy tội em thỏ bị ăn đòn tới tấp,buon
Nguyen John Ko bao giờ. Bố là Tổng thống phe cộng hoà thì con ko đồng tính đâu,gian_du
Đinh Lee Đức đà nẵng phá bà nà cũng chẳng kém đâu,gian_du
thằng này đi sing học luật hay sao mà viết hay quá vậy ?,trung_tinh
giỏi này qua nước ngoài làm tầm 40 tuổi về nước cống hiến là đẹp,hy_vong
Tập trung cố gắng ở thời điểm hiện tại,hy_vong
em cho chi xin đi chi cu thê cua 2 vơ chong nay đi chi gui it quan ao.,hy_vong
cưng quá trời luôn,vui
Sướng quá rồi,vui
yes🤡👍,vui
@QuocTrungtk biết buông bỏ sẽ dễ bình yên,hy_vong
má theo nhu phan tich cua chuyen gia thi mong toà cho ã o trong đó luon đung thã ra ngoai xa hoi nua nhé.,lo_au
"có ai nhìn thấy hình như người đàn ông này đang rất đau khổ không nhỉ ? mình nhận thấy hình như ông ấy đang rất đau khổ , mà không thể or không muốn nói ra .",buon
"Em mới lên cấp 3 và phải kết bạn mới nhưng e ko dám mở lời <br>Ko tự tin phát biểu. Dần làm e thấy ngột ngạt lắm ạ. E hướng nội, trầm lặng và tự ti bản thân. Áp lực quá a.",lo_au
"tôi mới sống hết 1/3 cuộc đời thôi nhưng chắc sẽ có nhiều người giống tôi đó là "" chằng hỗi hận điều gì cả"". vì sao chứ ? tôi cảm thấy biết ơn vì mình được sinh ra và tất cả những thứ tôi có, nhưng thứ tôi không có, những điều tồi tệ tôi phải nhận, những điều khiến tôi khó chịu, đều là bản thân tôi trải nghiệm, đều từ bản thân chính tôi mà ra. Cuộc sống này tôi chỉ sống một lần sao phải nuối tiếc chuyện quá khứ, tôi là chính tôi của hiện tại hài lòng với những gì mình đang có.",hy_vong
"Anh em ơi chờ mãi không thấy rep tin nhắn, tim đập thình thịch 😭",lo_au
Dành cho những bạn sinh viên Ngôn ngữ Anh thì sẽ có biết đến một môn được gọi là Ngữ Nghĩa Học hay còn gọi là Semantics. Lúc trước khi học môn này thì mình nghĩ nó khá khó và chỉ có Tiếng Việt mình mới dễ ... nhưng mà thật ra là dễ lag ko khác gì Tiếng Anh,buon
Nợ ngập đầu 😢,buon
Đợt trước mk đi sửa xe xong về cứ thấy ga nó gằn ko có ga găng ti xong xem hóa ra mấy ông sửa xe ko lắp ốc vào lốc máy trùng xuống kéo dây ga cay thật,gian_du
Chúc mừng anh đã bình an trở về.,vui
Lòng Đỏ Bí Ngô đọc bài liền,trung_tinh
khi mày dốt ngữ văn nhưng vẫn thích nói những câu đạo con mẹ nó lý,gian_du
Trời ơi..thương con,buon
Cố gắng giúp họ đi em anh chúc em luôn thành công bình an giúp đời,hy_vong
per nguy hiểm quá mày ơi 😩😩,lo_au
pháp không còn khoảng thời gian bình yên nữa rồi,lo_au
tự ti vì đi cắt lông đầu về xong tồn như lóc (ko có lần nào đẹp ),that_vong
làm ở đâu cũng vậy cũng có đầy rẫy những khó khăn nhưng trọng hơn là làm cùng những đồng nghiệp như thế nào,trung_tinh
quá đau lòng nhưng chúng ta phải chấp nhận với điều đó,buon
per =))))) đúng kiểu sáng tạo :)),vui
"per đâ ́ y , hiê ̉ u vi ̀ sao nên cha ̀ o mo ̣ i ngươ ̀ i chưa",vui
Hồi cấp 1 t ko quan tâm mấy thứ như body ngoại hình đâu nhưng…khi lên cấp 2 t kiểu dần dần để ý hơn về ngoại hình xong thấy mình xấu sinh ra sự tự ti đến cả việc dơ tay trong lớp cũng ngại 🤡,that_vong
mày tưởng ai cũng khùng giống mày hả lo xo dau,gian_du
Trúc Phương Lê kiện thoi,vui
Katy Katy buồn tới nỗi bỏ phim lun c nhỉ,that_vong
đúng☺️,vui
đáng yêu quá,vui
Ngô Quốc Phi đúng r. Còn nhiều nơi đẹp nhưng chỉ sợ sau này như PQ,lo_au
"cổ nhân có câu : thương cho roi , cho vọt - ghét cho ngọt cho bùi . muốn con trở thành người tốt , nhưng gv nghiêm khắc thì lại phản đối . thật không thể hiểu nổi .",that_vong
"năm nay mua cân na về nhà ăn dần , tối ra đường xem chúng nó dẫn vợ thằng khác đi chơi ... kaka",vui
đang họp nhớ gì không nhớ nhớ cái bếp,lo_au
ra xong bảo anh ý ship em về nhà luôn được không . xe em bị hỏng mất tiêu rồi =)),vui
ngại nên không có tinhyeu,buon
"nọng ( ít khi lòi ra) mặt tròn,mập học ng* mũi củ tỏi ít phát biểu nhiều(bị chê) học tiếng anh cô nói là (đừng gọi mấy đứa ko học) mụn như vậy đã đủ để t áp lực rồi...",that_vong
nghe em giải thích….,hy_vong
Mọi việc mọi chuyện đến với ta tất cả đều có lý do cả tất cả tự do mình 🙈hãy bỏ qua tất cả để mọi thứ được thuận theo tự nhiên 🍀không hối hận gì cả !,hy_vong
"mình cách đây 20 năm về trước 2 năm chưa mua thêm được bộ quần áo,anh chị này vậy là tốt rồi,cố gắng có sức khỏe là có hết nhé moại người",hy_vong
Bị đồng nghiệp nói xấu 💢,gian_du
Xin video nha b🥰,hy_vong
Một ngày ngu biết bao hậu quả xảy ra,that_vong
nhất định sẽ có một ngày tao sẽ thành công và tự nói bản thân rằng mày làm tốt lắm,hy_vong
"rãnh vãi , kiếm cái gì làm đi",gian_du
Người ta có người yêu rồi <br>Yêu một mình là điện cuồng,that_vong
thật ra mấy đứa bị chửi nhiều thế này ra đời lại biết cư xử hơn những đứa khác .,trung_tinh
Vậy cho vừa lòng tui lắm bỏ cái tội đi ăn trộm chó,gian_du
thông cảm hoocmon nam còn nhiều 😂,vui
Chị ơi sao em cứ suy nghĩ khác ko à ko tiếp hiểu đc á em sợ lắm,lo_au
"ko ngon thế đâu , không khéo nó lại ỉa cứt toe toét vào mặt í",gian_du
Thương e quá! Hi vọng tất cả nơi mẹ còn nhà trường và chủ nhiệm tệ hại quá!,that_vong
ko biết crush bây giờ có ở nhà không nữa 😭😭😭😭,lo_au
ngày buồn hôm ấy tôi cũng là người rời khỏi lớp cuối cùng .!!!,buon
Hoo Lee Sheet trong tương lai gần thôi..,trung_tinh
:))) đồng nghiệp đáng yêu,vui
ngại nhất ns chuyện mà ngta nhìn vào mik ý,lo_au
"&quot;Do what scares you&quot; - Điều mình và bạn cần làm trong năm 2019, cảm ơn chị.",hy_vong
Nguyen học nhiều để chết hay gì,that_vong
Cũng may a ấy đi vision chứ đi civic thì😢,that_vong
vãi công ty ?,gian_du
cho em hỏi nếu em mất 40 tỷ và bây giờ làm lại công nhân thì làm dc ko ạ em đang tiêu cực trầm trọng rồi... ko còn ý chí thiết tha gì nữa,lo_au
không sao đâu :) bệnh này lây qua đường tình bạn,vui
hình như bồ tao cũng tập gym 😶😶,trung_tinh
Ui h em cũng đang là sinh viên năm 2 FTU và cũng là đứa dốt nhất lớp,that_vong
Nguyễn Nam chưa nghe vụ công an bị trả thù bao giờ à mà chìm vs ko có chìm đi nữa mà để lộ mặt thế kia cũng ko chìm nổi,lo_au
Đặng Hồng Hà th ck làm gv à mà nói chán thế. Đi ngoài đường gặp ổng tán sml đi. Bảo ổng mắt mù à k né,gian_du
"Vu Kien Trung ô thế bác sĩ có ng đc học sơ cứu, ng ko à",that_vong
mắc cười quá ... nhưng thật chúng mày là tao rất sợ rắn ...,lo_au
Ha Nguyen phải cân bằng thôi,trung_tinh
đổi cả cuộc đời giống người tàn tật để được cái video này .,hy_vong
Hi vọng chị có thể xen lẫn một ít tiếng anh vào các video sau nữa. Thật sự em rất ngưỡng mộ giọng nói của chị lúc nói tiếng anh đấy ạ.hope!!!,hy_vong
"Cảm thấy yêu đời quá, vừa chốt được hợp đồng lớn =))",vui
"đúng ròi á,cứ ngủ dậy là kiểu cảm giác cứ nhớ nhớ ai đấy mà không biết nhớ ai,với cả nó cứ bị kiểu khó tả lam sao ý",buon
E bị trầm cảm vì bị nhiều ng nói xấu trực tiếp làm sao để hết ạ,lo_au
đúng kiểu đến mùa động dục . khác gì động vật bậc thấp không,gian_du
mình thì thấy tiếc chứ chưa BG hối hận,buon
nhớ lúc m rất quậy những nội vủng bao tre xin nhiêu nội cũng cho những nội có,buon
bà đã được sống 1 kiếp người hạnh phúc . mấy ai có được điều đó . ngưỡng mộ tình yêu ông dành cho bà .,vui
chẳng đủ dịu dàng để níu bước chân anh,that_vong
"bạn bè thì nó hỏi han , hay nhắn tin thôi .. hồi trước hay ảo tưởng lắm , nhưng giờ lớn nên hết trẻ trâu rồi",buon
mik bt mik xấu nhưng thử nghĩ bn chỉ có thể sống 1 lần và cứ ngại mãi chẳng giám làm j thì lúc mất bn cóa hối tiếc?hãy cứ sống tht mạnh mẽ và TP vs chính mình nhé 💐,hy_vong
hơn cả bộ phim kinh dị !,vui
vì tiền mà làm đau làm khổ người khác như thế này sao 😔,that_vong
quên đào tạo đạo đức thôi mà báo làm căng vãi,gian_du
xin lỗi áo cô hơi giãn á😔,buon
"thôi không níu giữ kí ức xa vời , và chẳng bao giờ thuộc về nơi em",that_vong
Hue Pham lên tiếng,trung_tinh
Tháng nên về nhà 2 lần thôi.,trung_tinh
sợ rớt môn quá làm tôi tim đập thình thịch 🥲,lo_au
chắc sổ đỏ có cả vỉa hè và đường :)),vui
bằng tuổi người ta mình vẫn còn mải nghĩ chiều nay ăn gì 😢,buon
"Trách nhiệm của mọi ng ở đâu vậy hả???😭😭😭. Trời ơi! Lái xe. Cô đưa đón trẻ, cuối cùng là giáo viên chủ nhiệm… Cứ cho lái xe và cô đưa đón trẻ là loại vô trách nhiệm đi thì còn cô chủ nhiệm k thấy cháu đến lớp thì liên hệ gia đình sẽ cứu được cháu! Sao lại vô trách nhiệm thế được, quá đau xót , chỉ còn 1 ngày nữa là cháu nghỉ hè và lên lớp 1 thui…. Ôi!!!",that_vong
Nguyễn Tấn Tiếp sợ nha,lo_au
"per cố gắng lên nha anh , mọi điều tốt đep đang chờ anh 💓💓",hy_vong
đây là cảnh dọn dẹp trong bar hay trong hotel vậy ?,trung_tinh
Em đang đến một môi trường sống mới và em cảm thấy đây là một nơi tiêu cực và độc hại nó khiến em sợ hãi không thể hòa nhập và sợ bản thân sẽ trở nên giống môi trường đấy nó khiến em khó chịu.,lo_au
Phim ngáo gơ đời,gian_du
"Dân Campuchia bây giờ toàn ăn mày quá khứ suốt ngày ảo tưởng. Ngay cả đế quốc ba tư, Mông Cổ, la mã kia còn sụp đổ thì cái Khmer bé tẹo tuổi gì mà suốt ngày lải nhải thay vì chịu khó mà làm ăn",gian_du
"Má ơi nay đi làm về mệt quá, tủi thân ghê hic",buon
da ngăm răng hơi hô lùn dáng xấu mặt tròn vuông còn lệch nữa Sao chả có cái gì tốt hết vậy😭,that_vong
Doanh số dạo này hơi giảm. Nên anh ấy hơi quạo.,that_vong
Vừa định nói ông ny làm cái lễ cầu hôn mà như thế này thì thôi khỏi cầu khấn gì nữa hết 😥😥,that_vong
per ê xem đi phim này lâu rồi nhưng mà hay lắm,vui
mai đi học mà mình quên cách cầm bút rồi huhu :<,lo_au
"đm 3 tiếng đi được 20m , đéo biết bao giờ mới về đến nhà",gian_du
"khuyến cáo "" đừng nên học võ khi không có tiền mua dụng cụ "" per",trung_tinh
Cảm ơn bạn. Tuổi mới nhiều thuận lợi bạn nhé,hy_vong
per nói bao nhiêu lần cũng không thấy đủ ... em yêu anh,hy_vong
"vị nước mắt , dù cảm xúc như nào thì khi có nó cũng thật đáng nhớ !",buon
"Cường Seven A đó cản trở công an làm việc là sai nhưng a đó ko phải người chăn dắt á b, nhiều người nói a đó là người chăn dắt trẻ ko à.",gian_du
có một vết sẹo trên mặt chỉ nhỏ thôi nhưng đi đâu cũng ngại,buon
"Trần Tiến Công , khứa này đã có 1 vụ trước đó như này luôn",trung_tinh
Bôn Bôn đúng rồi vua đệm bóng 3m..năm nay mà đệm 2.3 quả dưới 5m ra ngoài đc thì thấy kinh rồi..ng ngu thường ko có khai niệm khịa sao,gian_du
a per ..... nhìn những hình ảnh này ... sao em nhớ về anh quá .... 15 năm ròng rã .. giờ anh lưu lạc nơi đâu . 😭😭😭😭,buon
Bị hủy chuyến du lịch phút chót làm mình chán nản thật sự 💔,buon
"Ngoài kiến thức uyên bác, bạn còn có chất giọng truyền cảm và ấm áp! Xin được học hỏi bạn?",hy_vong
Mặt mụn vai/đùi đô đi bộ thôi cũng ngại,buon
"hối hận lắm, nhưng vẫn phải cố gắng bước tiếp",buon
Mình thì lại bị hay đổ lỗi cho chính bản thân,buon
"Phải chi em được thấy video này sớm hơn.<br>Em có tình cảm với bạn kia, bạn đó cũng có tình cảm với em nhưng vì tính nhút nhát mà em đánh mất bạn rồi. Lúc nào em cũng sợ sệt, ngại ngần sợ làm phiền ngta, nhưng bạn luôn chờ em chủ động. Em ko dám làm cgi cả dù em rất muốn. Cảm ơn anh đã chia sẻ video này, e sẽ cố gắng sửa đổi ạ!",lo_au
từng trước tôi là 1 ng rất nói nhiều đó là ở trường khi ở nhà thì là 1 ng im lặng mọi thứ đều có nguyên nhân...,buon
Em làm việc nhưng luôn bị cấp trên đối xử thiên vị bị đì nhiều thứ làm em mệt mỏi lắm có khi lại khóc một mình rồi suy nghĩ nhiều,that_vong
Ai thắng cũng dc nhưng Trump thì oke hihi,trung_tinh
hãy tôn trọng quyền được mưu cầu hạnh phúc của mỗi cá nhân con người trên thế giới này đi . đừng kì thị họ ! tội lỗi lắm 🙂,trung_tinh
huhu thương 😭,buon
"Nhớ đấy, nhớ lời nói gần gần cuối cùng đấy. T4 và CN HAHAHA",vui
đm xem mãi quay lưng đi chửa được bước lại dừng,that_vong
giờ tôi hối không kịp Đâ'yy này này 🤧,buon
Làm t giật mình,lo_au
per thì tốt nhỉ quá đỉnh luôn ... nhưng không biết được trọng dụng không nữa buồn quá,that_vong
"Xem phim để tự nhắc bản thân không thể giống Thuận. Nhưng trẻ con thì rất ít bạn biết tự giác, nên vẫn cần nhắc nhở. Mà giờ phải học cả cách nhắc con học khéo léo, học cách làm bạn với con để con ngồi vào bàn học mà vẫn vui vẻ. Làm cha mẹ giờ khó thật 😞",that_vong
nó chỉ muốn chén mày thôi . thật đấy,trung_tinh
có ai chỉ tự yêu bản thân như tôi không :(,buon
cuộc đời bạn đáng giá bao nhiêu tiền,trung_tinh
Bài quốc ca. Từng lời từng chữ vang lên. Như từng giọt máu. Từng nhịp đập con tim. Chạy trong cơ thể mỗi người con dân tộc Việt Nam. 🇻🇳,vui
@nangoc84 Tập thể dục là lối thoát cho những căn bệnh hiểm nghèo (đặc biệt là tim mạch) vào những năm tháng trung niên về sau,hy_vong
cảnh này tôi đã từng.thâm tri trong túi k còn đồng nào cả.,buon
thầy làm về body languge đi ạ,hy_vong
anh lỡ mất em rồi huhu,buon
chạy ngay đi 😨😨 trước khi bọn chủ tịch vào đây và giả làm con c * c gì đó rồi bị coi thường và tụi bay phải nhận cái kết đấy . 😬😬😬😬,lo_au
Hic nhân viên của họ mà đối xử vô tình quá. Cả mạng người chứ ít đâu. 😢,that_vong
hẹn hò chỉ dám gặp ban đêm,lo_au
đm main mới hay quá đi,vui
đi đâu cx che mặt lại ko dám nhìn ngt sợ ngt phán xét:((,lo_au
loại không biết trân trọng những gì mik nhận được thì mãi mãi chỉ là những kẻ nghèo hèn bẩn thỉu 😒,gian_du
Duc Anh hêhhe🤭k đi hơi phí,gian_du
khi nào tao thấy thích . mà thích rồi chưa có người thích cùng .,that_vong
"Lê Kim Ánh , quan tâm đến một vấn nạn trong nhà trường , sao bạn lại bảo vô tri.",gian_du
mình hối hận rất nhiều thứ,buon
Uplate cho anh em là ông chồng đã khoá TCN😤roàiii,gian_du
"M dỗi hộ t t cảm ơn , thần kinh",gian_du
"Nguyễn Trung Thành hạt chân châu đủ nhỏ thì nó xuống tận gần nơi khí quản chia làm 2 nhánh phế quản, thường thì sẽ vào phế quản chính (P) vì nó dốc hơn bên trái chứ có ở phần trên sụn giáp đâu mà làm vậy",trung_tinh
"Đc da trắng nhưng mũi củ tỏi cười là cánh mũi trông to hơn nên mình hiếm khi cười,nhiều khi đi chung với đám bạn mũi thon mũi đẹp,nhan sắc đẹp mình tự ti qué,lạc loài giữa bầy thiên nga🥺",that_vong
Nó có thể khiến ng khác dc vui nhưng cx khiến ng khác bị xúc phạm,gian_du
"nói nhiều lắm. Nhưng tất cả chỉ muốn không khí chìm vào im lặng. Muốn mn cười, và vui vẻ.",hy_vong
Chúc mừng anh vượt qua,vui
Đã ko thành công rồi mà còn gửi thư này nọ đúng hề,gian_du
xem đi xem lại vẫn hay ;)))))),vui
Không dám xem,lo_au
Phải chi ngày đấy ko yếu lòng cảm xúc hôm nay là sự lựa chọn sai của ngày trước,buon
😅😅😅 cái hồi mới học xong cấp 3 là năm 17 cũng bị như em trai này giờ 27 r lớn r mạnh mẽ hơn cũng ko yếu như hồi đó nói chung tình yêu ko gượng ép ko có người này thì sẽ có chân trời khác phù hợp hơn khuyên nên mạnh mẽ đừng lụy khổ cho cha khổ mẹ khổ cả bản thân,hy_vong
Như Ýy thiên linh cái,hy_vong
Mandy Nguyễn j thay ge qt,lo_au
Lương về rồi làm tớ vui cả ngày kaka =)) kaka,vui
E ne,trung_tinh
page bị hack rồi . video hay nhất mình từg xem,buon
chỉ khổ các con thôi !! sao người ta lại có thể mất nhân tính như vậy,gian_du
"Chị Giang ơi, chị có học tâm lý hay đã từng bị trầm cảm không chị. Chị nói đúng quá. Em bị trầm cảm 4 năm nay và mặc dù cố gắng rất nhiều, nghe rất nhiều lời khuyên. Nhưng em cứ cảm thấy người ta không hiểu mình. Và em vẫn ko vượt qua được nỗi sợ của bản thân. Em sợ tất cả mọi thứ. Em sợ nói chuyện, tiếp xúc với mọi người. Làm việc gì em cũng sợ. Ngủ em cũng sợ. Tối em cũng sợ. Em sợ tất cả. Và video này như là được dành cho em, nói ra hết những gì em có trong lòng. Cảm ơn chị nhiều lắm.",lo_au
"Anh em ơi nghĩ về tương lai mông lung quá, áp lực thực sự 😭",lo_au
"moá nó , cười đau hết cả ruột",vui
Cho địa chỉ đi,hy_vong
chưa bao giờ dám xin tiền nội vì khoảng cách tôi và nội nó xa quá cảm giác như người ngoài vại,buon
"ồ ! thật là bất ngờ , thật là thú zị , thật là liên quan ?",vui
Bon Bon thấy rồi k dám coi hết,lo_au
mấy năm nx thôi sẽ ko đc thấy người mik yêu thương nx.Nếu như đc quay lại những ngày nội còn trẻ con sẽ bù đắp cho nội nhiều hơn ko cải lời nội nx🥺🥺🥺.,lo_au
ly hôn kiểu này thì không cần tới bước cuối cùng . chỉ cần tới bước tính xem trả lại tiền mừng là tao bỏ ngay ý định ly hôn luôn rồi ...,gian_du
Liliana Knight ý mình nói là tất cả người thân thương của bạn ấy bạn ạ. Hôm qua mình đọc được bài báo nói là bạn ý sắp kết hôn nhận được tin mẹ bạn ý không tin. Mình là người ngoài đọc đến đoạn ấy còn thắt tim huống chi bố mẹ bạn ấy. Thế mà chỉ 1 câu day dứt và hối hận mà thoát tội thì thật là k công bằng tí nào cả,gian_du
không biết nói sao ... nghiện chuẩn mẹ rồi ... crush ợ . mà nó nhẫn tâm lắm hồi trước còn hay call video . từ hôm tao cạo trọc y như là mất tích luôn . chắc phải để tóc mọc lại tao mới dám gọi . 🤭,that_vong
Diên Diên tag để đọc mà kĩ kĩ,hy_vong
per trung thu đéo liên quan đến việc có gấu cho lắm bạn nhể .... nhưng mà lễ gì cũng thế thì đúng là bất hạnh mà huhu,that_vong
con hỗn hào nóng tính cọc cằn cãi cha cãi nội ai con cx muốn hơn thua mà sao con ko kiềm chế đc nội ơi Người ngoài cười cười ns ns? Người thân trong nhà thì lại hơn thua! Nội ơi con xl nội và gđ ☺️,gian_du
T thấy post bên khác nên copy vào cmt thôi,trung_tinh
Đăng Hoàng cậu nhà mình dạo ni nói hay hè,vui
Còn nhiều người tốt quá ❤️❤️❤️❤️,hy_vong
làm giáo sư mấy chục năm mà cuốn giáo trình chưa thuộc hết nữa à,gian_du
mụn đen= rất xấu và đó là tui,that_vong
"tôi luôn tự tế trong mỗi hoàn cảnh, vậy mà vì một phút lơ là tôi lại đánh mất sự tự tế của chính mình 🥺",buon
mẹ bắp chỉ cần 4tỏi thôi. 7tỏi ko dám xin nữa. chỉ xin 4tỏi,gian_du
mấy bạn làm s hiểu dc cgiac của chúng tôi chứ?,that_vong
"sắp tới thiên đường xhcn rồi mọi người ơi.xh bgio bạo loàn quá, mới đêm qua 2 nữ sinh 2k7 mới bị giết tại bắc ninh xong",lo_au
Thương quá đi cúng chùa ở đây nè,buon
thế mà cô yến bị phạt có 5 triệu,that_vong
"Đồng cảm với tác giả. Ngẫm đau lòng ghê luôn, chim đang trên trời, cá đang dưới nước tự nhiên ai kia bỏ tiền thuê xúi người ta bắt về rồi bày đặt phóng sinh. Tạo nghiệp thì có chứ phóng gì đâu!",gian_du
"tụi mày có hiểu được cảm giác , muốn bắt chuyện mà không dám bắt không ?? tụi mày có hiểu được cảm giác vờ ngủ gục để nhìn nó không ?? tụi mày đã từng nhìn nó thật kỉ , thật tỉ mỉ chưa ?",lo_au
"Đăng Hoàng Thua pha combat 27:53 đúng bước ngoặt, team ko thống nhất. wukong vô bắt AD nó rùi lại bỏ quay ra bắt sp, sau rakan vs AD mình lại nhảy sang bắn AD nó mà Top còn tốc biến ko dồn hết vô bắt AD nó. Top đánh tướng damage mà ko có áp lực gì loay hoa loay hoay @@ Quyết đánh thì đánh hẳn đi ko thì lùi đánh cover thôi vì mid mất Flash rồi, team pha này mỗi ng 1 ý. Kiaya giải này tự dưng phong độ chán thế, vcs toàn gánh team cơ mà 🥲🥲 Có lợi thế mà để thua tiếc ghê, mặc dù đã làm rất tốt r🙁",that_vong
chẳng bao giờ thấy sai,trung_tinh
"Liên Hoa tầm này mà nhà phố gì nữa , mua luôn cái con phố ấy",vui
Mệt quá.,gian_du
Ôi thần linh ơi,lo_au
Em cũng xin lỗi sửa đổi nhưng họ vẫn giữ quyết định ct và mot ngày e thấy họ không còn trân trọng e nữa e quyết định im lặng buông bỏ dù còn tc nhưng em nghĩ tg sẽ phai nhòa tất cả thôi,buon
ờ thì giống nhau hay chỉ là trùng hợp,trung_tinh
Bt là có thể gọn 1 chút chải chuốt thì bản thân sẽ đẹp hơn nhưng việc để 1 quả đầu xù ko quan tâm j và cứ sống bth nó thoải mái,trung_tinh
"Mardoll Tee Aitch sao vậy, tôi lại thích nghe tiếng tụng kinh lắm cảm giác nhẹ nhàng và yên bình(?), vì thế nên tôi thích đi chùa như kiểu ngăn cách với mọi áp lực bên ngoài í 🥲",lo_au
bị trừ lương vì đi trễ 🥀,buon
Not dislike👌,trung_tinh
"Triệu Đông giá thì xin lỗi em ko có thật, nhưng mà cái người thấy người khác bệnh tật lại có thể thở ra câu bệnh hoạn thì thứ 0đ cũng ko đáng có được anh ạ",gian_du
why ???? ai đã cướp boss 6 múi của tao vậy 😭😭😭😭,that_vong
đúng rồi nước mình đã thay đổi 😌😌😌,hy_vong
sầu,buon
Sa Rang 80-100 củ có ngay luôn 🤣,vui
bật lưu dc ko ạ,hy_vong
"ngại vì chúng ta chưa quen nhau, để 1 thời gian đi, r m mới biết t khùng điên như thế nào:))",vui
có ai vào đọc bình luận trước khi xem như tao không ???,trung_tinh
Chưa biêt ngay mai ra sao. Nhưng hiện tại cảm ơn mình vì đã kiên nhẫn vs tôi đến vậy. 🥰🥰🥰🥰. Lớp diuuuuuuuuu. Cương Tỏm,hy_vong
cái cây gia công sản xuất kém chất lượng quá,gian_du
Chị thông minh lắm đồ ngu ạ 🙄,gian_du
Ko cần thay đổi nó đừng để nó đẻ trứng là đc 😂😂😂,vui
Mia đáng sợ thế,lo_au
thế nên thổ lộ trực tiếp vẫn hơn là tin nhắn .,trung_tinh
Glenn chết là tôi cũng bỏ xem cái phim này luôn 😑,that_vong
dân kinh doanh khoái đi chợ này lắm nè,trung_tinh
Chúc 2 vợ chồng em .và nhửng tình nguyện viên đc nhiều sức khỏe,vui
Thương con cầu mong cho các bé luôn nhận được sự yêu thương và giúp đỡ của mọi người ạ,hy_vong
Thiệt tình giải quyết xong đống task tồn đọng. Yayyy! 🤩,vui
gớm . vi khuẩn vi rút vi trùng vi lung tung beng nấp hết trong đó nhìn nổi da gà .,lo_au
"Không có gì bạn ạ. Nhiều khi cũng nghĩ như mấy bạn kia, nếu hồi xưa mình chăm học hơn, hay nếu xưa mình biết yêu thương bản thân nhiều hơn thì đã không như thế này như thế kia, Nhưng nghĩ lại, nếu không có những chuyện kia, mình cũng sẽ không bao giờ nhận ra được sự quan trọng của chúng như ngày hôm nay. Và những trải nghiệm cũ cũng làm nên con người mình nữa, nếu quay lại quá khứ mình có lẽ sẽ có một kết cục tốt hơn, nhưng mình sẽ không còn là mình hiện tại nữa, sẽ không là mình như ngày hôm nay nữa. Những trải nghiệm đó tạo nên con người mình Mình nghĩ trải nghiệm nào cũng lấy mất mình điều gì đó, và dạy mình một điều gì đó, nên trải nghiệm nào cũng đáng quý trọng, nên không hối hận",hy_vong
"đến cả khi nó nói thích mình , 1 phút sau nó lại nói chỉ trêu . mệt mỏi",gian_du
"ước gì nội cũng thương tui như thế này, từ nhỏ tới giờ tui chỉ có ngoại thương tui thôi",that_vong
"per tiền bạc là phù du , quan trọng là tình nghĩa",hy_vong
béo+ mặt nhiều mụn ruồi + nhan sắc không có! đi đâu cũng ngại 😕,buon
"vẫn là thụ động , làm sao phải chặn đứng hiện tượng rải đinh .",that_vong
"Tội nghiệp con quá, được sống trong vòng tay yêu thương của ba mẹ chưa được bao lâu thì đã mất,mong con an nghỉ nhé và kiếp sau con sẽ được hạnh phúc nhiều hơn nữa nha",vui
may thằng đó không nghe lời vợ,trung_tinh
Con học đc 3 với 4 con thật sự rất sợ con đã khóc rất nhiều vì sợ mẹ 😭😭😭😭😭😭😭😭,lo_au
đó là tìm đúng người còn sai người thì auto mối quan hệ kết thúc :)),hy_vong
SMQH vn 2021 là 24!,trung_tinh
Nguyễn Sin mặt đang lo lắng thế mà 2 con mụ kế bên cười tít mắt,lo_au
"Su Pon phe nào giàu,a theo",trung_tinh
đỗ chỗ này hay bị mưa gạch lắm,lo_au
"Bà cũng khùng đi. Nếu bà gửi lại ý kiến thì che bản thân mình lại, tự mình gửi ảnh đi để phản ánh này kia còn không thèm bảo vệ mình. Tính làm content tạo tương tác gọi thêm vốn à?",gian_du
bất ngờ vãi =)),vui
Một năm rồi,trung_tinh
"Trần Duy pen đúng chứ có pen sai đâu mà cháu khóc , cháu có thể kiện lên liên hợp quốc mà , Bồ đào nha gdp gấp mấy lần argentina , mua cúp dễ thế sao ko bỏ tiền ra mua cái cho vẻ vang nước nhà ,",gian_du
"học kiểu ăn nói láp xược , tại sao không dạy xưng tôi hay tôi mà là tao . đúng chất bắc láo",gian_du
đm lừa đảo hằng năm cả trăm tỉ . giờ phạt có 5 triệu chán vãi,that_vong
Vì đau khổ mà có lúc t đã thấy hối hận . Nhưng đến với nhau vì tình yêu thật sự . Nhưng có lẽ duyên nợ đã hết . Chứ yêu a là thật sự nh có lẽ chúng ta k thuộc về nhau . 11 năm buồn,buon
thằng ben thật tội nghiệp,buon
Trần B.Chiêu Nhìn mặt thằng đó là biết nó biến thái rồi,gian_du
hối hận rồi🥺,buon
@TvNhinhi Có đắng cay cuộc đời mới nuôi ta trưởng thành được em ơi,hy_vong
được crush rủ đi chơi làm chời ơi vui cả ngày kaka =)) =)),vui
Hối hận vì làm Vk và hy sinh thanh Xuân cho kẻ ko đáng,buon
"Mai bồ hay nyc mà vẫn qtam,ll cũng khon nạn🫤",gian_du
"đó là kiểu người thích cuộc sống về đêm và ghét sự thay đổi , về mọi thứ !",trung_tinh
"cái khó ló cái khôn , yên tâm",hy_vong
"@july107193 Cầm được thì buông được, bản lĩnh và tự tin bạn nhé",hy_vong
Phạm Bích Hạnh hạnh cho phép thì oke.🥱,trung_tinh
làm gì khó coi vậy bà 😳,gian_du
"Thương con quá, sự trừng phạt nào cũng không thể lấy lại được sự công bằng chỗ con! Cả xã hội căm thù và nguyền rủa loại người vô trách nhiệm đã làm con người ta chết một cách thương tâm như thế!",gian_du
thần tài cho chủ cửa hàng bán vàng chứ thần tài gì mình đâu,that_vong
VIỆT NAM VÔ ĐỊCH ❤❤❤,vui
"2045 nhé , chủ tịch nước nói r ,ae cứ tin vào Đảng và Nhà Nước",hy_vong
A cho e hỏi làm thế nào để chạm đc vào học bổng toàn phần ạ,hy_vong
vào sớm chút mới về được,trung_tinh
"Vẫn mong anh cứ giữ vững niềm tin và nhiệt huyết để có 1 kênh cho mn học hỏi thêm kiến thức. Em xem khá nhiều kênh nhưng kênh của anh vẫn là nhất, chất lượng mỗi video anh ra đều chỉnh chu đến cuối video",hy_vong
"Ớt Chỉ Thiên mình đọc ở trang bạn này,thì bạn này đi 4 ng chị dâu và cháu ngồi sau còn bạn này với con gái ngồi trc á",trung_tinh
@LinglingVNWL Mong đc vậy tốt r NARS X LINGLING KWONG #NARSSerumCushionxLingling,hy_vong
Mãi mãi và mãi mãi người Campuchia vẫn k có cửa so với VN. Có đúng k các bạn,vui
"Ai cũng nghĩ là mình làm sai rồi mong mọi người khoan dung và rút ra bài học thì nó ối dồi ôi lắm,trc khi làm nên suy nghĩ kĩ thì tốt hơn",that_vong
"32t, một vợ 2 con (có trai, gái) thu nhập 50tr/1 tháng. đang cố gắng sang năm mua nhà.",hy_vong
vâng chú ah haha,vui
thấy không có gì hấp dẫn,that_vong
"Bn nói thì đúng đó , nhưng mình lo .",lo_au
Cầu hôn xong rồi bước tới cầu hồn 😂,vui
"Kiện tới cùng luôn , bọn mất dạy thực sự",gian_du
"Nguyễn Uyên ""xôi"" nha.",trung_tinh
"dume , cái hồi học lớp 8 , chương cuối của quyển sách cô bảo tự học",that_vong
sống chậm lại và yêu thương nhiều hơn các bạn ạ,hy_vong
Ui sợ thật 😰,lo_au
Tuy không xink nhg em bt bản thân mik đẹp,vui
hoang mang và non dại,lo_au
chạy xe hơn 40 ' chỉ để chạy ngang chỗ crush làm nhìn 1 cái rồi về :) đến giờ vẫn vậy cứ rảnh là chạy vô nhìn cái rồi về :),hy_vong
Thật kinh hoàng,lo_au
hối hận à tôi hối hận là khi gặp cô ấy,buon
"Rose Nguyen 1 ck 2 con rút ra dk kinh ngiệm cứ có tiền ,nhiều tiền .và thật nhiều tiền ,kiếm đứa con nửa là cụộc đời nó sướng rồi .chứ có ck là chua chắc à.đỏ đen lắm.",that_vong
"Cho em hỏi cảm giác lúc nào cũng trong trạng thái bị động , đôi chút sợ hãi và trong đầu luôn có ý định giết người thì giải quyết như nào ạ ?",lo_au
mai tao cũng đi ship mới được . có bài này áp dụng luôn .,hy_vong
per ngóng cuộc đấu tranh công nghệ này . tq đồng lòng ghê nhỉ,vui
Ai cũng từng có thời yêu mãnh liệt như vậy. Rồi sau sẽ trở nên vô cảm thôi,that_vong
thực ra ngoài mày nó còn quan tâm nhiều đứa nữa,trung_tinh
đm mẹ bạn thân,gian_du
Ngân Kim Nguyen Tran Phương Thao lấy ck đi,trung_tinh
"Paulina Campbell đm t đi 2len gặp hoài luôn má la hét um sùm zô cái lổ tai. Mà cha mẹ mặc kệ nha, mà bữa gần đây thì gặp đc 2 anh chị kia biết quản con mình, nó la làng cái kêu nó im lặng xong hồi thấy có vẻ là nó quậy nên ổng bả dẫn đi về. Chứ đa số là kệ",that_vong
chất đó có làm mềm não không ?,trung_tinh
"mặt hơi mụn, bọng mắt to,thâm viền môi tự ti vãi ra luon",buon
Nhưng lấy người Nhật luôn là sự ao ước của người nước ngoài nhất là những người là Wibu như mình=))) mình thì thích du lịch ở nước ngoài còn những người bạn của mình ai cũng muốn lấy người Nhật và muốn định cư ở đó luôn,hy_vong
đúng . t vẫn lun chờ đợi đứa đó dọn dô cuộc đời t sống .,hy_vong
"Mình đây cũng vậy sống ở sài gòn nè ,từ ngày 24 al đến giờ trong người ko có 1k ,như lúc này đây cũng vậy tiền điện trể 20 ngày ,tiền trọ cũng chưa đóng 🥺🥺🥺",that_vong
"súc vật , đề nghị xứ án treo cho bác per à mà treo cổ nhé",gian_du
"gập đúng người mà mình muốn thương , muốn yêu , muốn chăm sóc . nhưng thật tiếc khi trong tay vẫn chưa có gì",that_vong
Chu Bích Ngọc hút ít thôi nhé,lo_au
"Em thì trong lớp biết nhưng không dám dơ tay phát biểu, bởi trước giờ chả dơ tay phát biểu bao giờ, bây giờ dơ tay thì hơi kỳ, chắc do cái bóng của bản thân quá lớn!",lo_au
Hoy anh Khánh đừng khóc 🥲🥲🥲🥲,buon
"😀😁😂 Ủa, alooo",vui
mong bé sớm được mua lại,hy_vong
tới lúc chia tay rồi khóc :(,buon
Kg thể diễn tả nỗi sự bức xúc khi đọc bài thơ này 😡😡😡,gian_du
chạy ngay đi 😱😱😱 sợ quá .,lo_au
Xem video mà tôi rớt nước mắt.... tôi cũng từng đc như vậy... nhưng giờ nội bỏ tôi đi 2năm mấy rồi 😭😭 nhớ,buon
chủ kiểu lol gì đáng yêu vãi ?? :)))),vui
cả ngàn tin nhắn không đổi lại được 1 lần xem :((,that_vong
"anh hơn em 1 tuổi, mà thấy bạn trưởng thành hơn mình nhiều quá, em cũng sắp 30 mà thấy mình chưa có thay đổi trưởng thành gì trong công việc, cuộc sống .",that_vong
tội cho mấy thằng đang xoay tiền mua bánh trung thu cho vợ thằng khác ăn,buon
"t bị chê đủ thứ, buồn cũng buồn. nhưng dần cũng quen",buon
gặp mấy anh việt nam đi nhanh gấp em thề với chị là nhanh gọn đảm bảo chỉ suong,hy_vong
má cảm giác tội lỗi hơn ngoại tình nữa,buon
"Đỗ Thành Quốc việt nam mình đâu có cá tính rõ ràng đâu, cái gì cũng lơ lơ cho qua, đã tẩy chay thì o quyết liệt.",that_vong
chỉ mong thương nhau đến đầu bạc răng long . vậy là đủ 👌,hy_vong
theo nghiên cứu cho thấy nếu chúng ta chịu khó làm và bỏ tham săn si hơn thua thì mỗi một người chỉ cần đi làm 1>2 công một tháng là đủ ăn chay trường,trung_tinh
Nguyen Le Hong Anh hóa ra cũng có nhiều người chung nỗi sợ với tui 🥹,lo_au
"Andy Lam cũng là có qua có lại, đâm đầu dô mấy chỗ này thì phải biết trước kq là như dậy , khóc gì",gian_du
sao giống phim good doctor của hàn vậy ?? cũng bệnh tự kỉ và có khả năng nhìn được 3d !,vui
t nghĩ thằng châu phi kia nó rất nhiều tiền,trung_tinh
đcm anh da đen fake,gian_du
"Dm cùng phận đàn bà mà nó thở câu ""con cái v tự lo"" kb ngượng mồm à tổ sư thế chắc v tự phơi lờ ra ko khí r tự thụ thai ra dc 2 đứa",gian_du
Huhuhuuuu mong là ko phải sự thật ah huhuhuuuu😭😭😭😭😭,buon
"3 cách vượt qua tâm lý bất ổn:<br>PP1: 5 nhìn, 4 chạm 3 nghe 2 ngửi 1 nếm<br>PP2: quy tắc 3% (tư duy)<br>PP3: bài tập thở của bs Nguyễn Khắc Viện",trung_tinh
Cách một Là nhậu. Còn lại tính sau. 😂,vui
"chia buồn cùng gia đình, cố lên cô nhé.Nam mô a di đà phật 🙏🙏🙏",buon
Mong mọi thứ mình chọn sẽ may mắn và thành công🍀,hy_vong
Cơ hội Cho Bake,gian_du
"aaaaa con nhện 😨 "" aaaaaaa con ế !"" - nhện said",lo_au
nhìn nữa sao . hỏng yêu đi . cho doi . vui vẻ,vui
Nhưng việc đã làm ko bao giờ hổi hận trước khi làm việc gì phải suy nghx thật kĩ,trung_tinh
Nguyễn Thị Hiền nhìn mặt ác,gian_du
Đỗ Thanh dạy thằng ck trc,gian_du
Tùng sẻo con bs cho hả cơn tức. Mây Thy coi mà tức nè,gian_du
phim hay và ý nghĩa 🙏🙏,vui
chuyên cơ quá đẹp ! bao giờ má mua được chiêc như vâ ̀ y trơi ̀ !!,hy_vong
