Input,Emotion,Topic,Output
Anh em ơi nuôi con mèo mà nó đi mất nên rơi nước mắt,Buồn bã,Thú cưng / Động vật,"Mất đi một chú mèo yêu quý thực sự rất đau lòng, vì nó như một người bạn thân thiết. Hãy nhớ rằng tình yêu và sự chăm sóc bạn dành cho nó luôn có ý nghĩa. Nếu có thể, bạn thử tìm kiếm quanh khu vực xem có manh mối nào không nhé."
Dạo này bị overthinking trước khi ngủ nên hoang mang 😥,Lo âu,Sức khỏe tâm thần / Tâm lý,"Nghe bạn nói mình cảm nhận được sự mệt mỏi khi phải đối mặt với những suy nghĩ lẩn quẩn này. Trước khi ngủ, bạn thử viết ra giấy những suy nghĩ đó để tạm gác chúng lại, hoặc thực hiện một vài bài tập thở sâu để thư giãn. Điều quan trọng là tạo cho mình một không gian nghỉ ngơi nhẹ nhàng hơn."
Mình đứa bạn mượn tiền không trả nên cay thật sự 😡,Tức giận,Tài chính / Nợ nần,"Bị bạn mượn tiền không trả đúng là bực mình thật. Có lẽ bạn nên thẳng thắn nói chuyện với họ, để xem họ có khó khăn gì hay không. Việc này không chỉ giúp bạn giải tỏa mà còn rõ ràng hơn trong mối quan hệ."
Tôi đứa bạn mượn tiền không trả nên không chịu nổi 😤,Tức giận,Tài chính / Nợ nần,"Việc bạn cho mượn tiền mà không được trả đúng hạn thật sự gây bực bội và khó chịu. Có lẽ bạn nên thẳng thắn nói chuyện với bạn mình, nhấn mạnh sự khó xử của bạn và mong họ sớm giải quyết. Đôi khi việc đó giúp giải tỏa căng thẳng và làm rõ vấn đề."
Mọi người ơi chốt đơn thành công món đồ ao ước nên không thể tin được 😎,Vui vẻ,Tài chính / Nợ nần,Chúc mừng bạn đã chốt được món đồ mình mơ ước! Cảm giác sở hữu thứ mình đã để mắt từ lâu thật tuyệt đúng không? Hãy tận hưởng món đồ mới và nhớ cân nhắc tài chính cho các dự định tiếp theo nhé!
Mình ship đồ ăn mà thiếu món nên bực mình ghê 🤬,Tức giận,Đời sống & Xã hội,"Bực mình khi gặp phải tình huống như vậy là hoàn toàn dễ hiểu. Có lẽ bạn có thể liên hệ ngay với bên ship đồ ăn để họ giải quyết, hoặc yêu cầu bồi hoàn món đã thiếu. Lần sau, bạn nhớ kiểm tra lại đơn hàng khi nhận để tránh phiền phức nhé!"
Hôm nay sợ rớt môn quá nên áp lực thực sự 😰,Lo âu,Học tập / Thi cử,"Lo lắng trước kỳ thi là cảm giác rất bình thường, nhất là khi bạn quan tâm đến kết quả. Nhưng thay vì để áp lực chi phối, hãy thử tập trung vào việc ôn tập những phần quan trọng nhất và nghỉ ngơi đủ để đầu óc minh mẫn. Bạn đã cố gắng rất nhiều rồi, hãy tin vào khả năng của mình nhé!"
Mọi người ơi được crush rủ đi chơi nên Yayyy! =)),Vui vẻ,Tình cảm / Mối quan hệ,"Nghe vui quá luôn! Được đi chơi với crush chắc hẳn là một cảm giác đặc biệt. Chúc buổi đi chơi của bạn thật vui và đáng nhớ, cứ là chính mình thôi nhé!"
Tao mai đi phỏng vấn mà run quá nên lo lắng tột độ huhu,Lo âu,Công việc / Sự nghiệp,"Run và lo lắng trước buổi phỏng vấn là điều bình thường, chứng tỏ bạn rất quan tâm đến cơ hội này. Hãy thử hít thở sâu, chuẩn bị kỹ những điều cần nói và nghĩ về những gì bạn đã đạt được, điều đó sẽ giúp bạn tự tin hơn. Bạn làm được mà, mạnh mẽ lên nhé!"
Anh em ơi bị đồng nghiệp nói xấu nên cay thật sự,Tức giận,Công việc / Sự nghiệp,"Nghe bị đồng nghiệp nói xấu chắc khó chịu lắm nhỉ. Nhưng đừng để điều đó làm ảnh hưởng đến công việc và tinh thần của bạn. Cứ tập trung vào những gì bạn làm tốt, vì kết quả sẽ là câu trả lời rõ ràng nhất cho những lời không hay đó."
Dạo này đang đi đường thì bị tạt nước nên cay thật sự 🤬,Tức giận,Đời sống & Xã hội,"Bị tạt nước giữa đường thật bực mình, đặc biệt khi bạn không làm gì sai. Chuyện này không chỉ làm bạn khó chịu mà còn ảnh hưởng đến tinh thần khi di chuyển. Mong bạn bình tĩnh lại và nếu có thể, hãy chú ý hơn để tránh gặp phải tình huống tương tự nhé."
Chời ơi nay đi đường không bị tắc nên hạnh phúc quá 😆,Vui vẻ,Đời sống & Xã hội,"Nghe bạn kể mà cũng thấy vui lây! Đường thông thoáng đúng là một niềm vui nho nhỏ làm ngày mình tươi sáng hơn, phải không? Cứ tận hưởng cảm giác nhẹ nhàng này nhé!"
Dạo này sếp khen cái project mới nên quá đã kaka,Vui vẻ,Công việc / Sự nghiệp,"Nghe bạn kể mà cũng thấy vui lây luôn! Được sếp khen như vậy chắc chắn là công sức của bạn đã được ghi nhận đúng mức, quá xứng đáng. Tiếp tục phát huy nha, bạn đang đi đúng hướng rồi đó!"
Mình không ai hiểu mình nên chẳng muốn làm gì haiz,Buồn bã,Sức khỏe tâm thần / Tâm lý,"Nghe bạn nói, mình cảm nhận bạn đang thấy cô đơn và không được thấu hiểu. Điều này chắc hẳn làm mọi thứ trở nên nặng nề hơn. Hãy thử tìm một người bạn hoặc người thân mà bạn tin tưởng để chia sẻ thật lòng, hoặc viết ra những suy nghĩ của mình, điều đó có thể giúp bạn cảm thấy nhẹ nhõm hơn một chút."
Mình được crush rủ đi chơi nên tuyệt vời 😎,Vui vẻ,Tình cảm / Mối quan hệ,"Nghe tuyệt vời quá, chắc hẳn bạn đang vui lắm! Hãy tận hưởng buổi đi chơi cùng crush và tạo thêm thật nhiều kỷ niệm đáng nhớ nhé. Hy vọng mọi thứ sẽ diễn ra suôn sẻ đúng như mong đợi của bạn!"
Chời ơi được crush rủ đi chơi nên tuyệt vời ✨,Vui vẻ,Tình cảm / Mối quan hệ,"Ôi nghe vui quá luôn! Được crush rủ đi chơi chắc là khoảnh khắc đáng nhớ lắm. Hãy tận hưởng buổi gặp gỡ thật nhiều và cứ là chính mình nha, bạn xứng đáng có được những niềm vui này."
Hôm nay bị rớt môn rồi nên chán nản thật sự hic,Buồn bã,Học tập / Thi cử,"Rớt môn chắc làm bạn thất vọng lắm nhỉ. Nhưng hãy nhớ rằng đây chỉ là một bước nhỏ trên con đường học tập dài. Hãy thử xem lại mình sai ở đâu để cải thiện, và đừng quên tự thưởng cho bản thân khi vượt qua nhé!"
Chời ơi bị sếp la nên muốn khóc 😢,Buồn bã,Công việc / Sự nghiệp,"Bị sếp la chắc làm bạn thấy áp lực và tủi thân lắm, phải không? Mình nghĩ ai cũng có lúc bị như vậy, nhưng hãy thử xem đây là cơ hội để học hỏi và cải thiện. Nếu cần, bạn có thể tâm sự với đồng nghiệp hoặc người thân để giải tỏa nhé."
Anh em ơi đã dặn không ăn hành mà vẫn bỏ hành nên cục súc 💢,Tức giận,Đời sống & Xã hội,"Việc đã dặn mà người khác không làm theo ý khiến bạn thấy bực mình là dễ hiểu. Có lẽ họ thiếu để ý đến yêu cầu của bạn. Bạn thử nhắc lại cụ thể, nhẹ nhàng, để họ hiểu và tôn trọng ý muốn của bạn hơn nhé."
Tớ bị overthinking trước khi ngủ nên đổ mồ hôi hột hic,Lo âu,Sức khỏe tâm thần / Tâm lý,"Nghe cậu kể thì có vẻ overthinking đang khiến cậu khó thư giãn trước khi ngủ. Thử dành vài phút tập trung vào hơi thở hoặc nghe nhạc nhẹ nhàng để tâm trí dịu lại. Nếu thấy khó kiểm soát, hãy cân nhắc nói chuyện với chuyên gia để tìm cách xử lý nha."
Hôm nay áp lực đồng trang lứa đè nặng nên nhỡ rớt chắc xỉu ngang 🥲,Lo âu,Học tập / Thi cử,"Áp lực đồng trang lứa đúng là khiến mình dễ mệt mỏi và stress. Nhưng bạn hãy nhớ rằng, mỗi người có tốc độ và hành trình riêng, không nhất thiết phải so sánh với ai. Hãy làm tốt nhất trong khả năng của mình, điều quan trọng là bạn đang nỗ lực và dần hoàn thiện bản thân."
Chời ơi nay đi đường không bị tắc nên vui cả ngày kaka =)) haha,Vui vẻ,Đời sống & Xã hội,"Đi đường không bị tắc đúng là một niềm vui nhỏ bé mà ý nghĩa, nhỉ? Những khoảnh khắc như vậy thực sự làm ngày của mình thêm tươi sáng. Hy vọng bạn sẽ có thêm nhiều ngày thuận lợi như thế này nữa!"
Tớ không ai hiểu mình nên buồn xíu xiu hic,Buồn bã,Bạn bè / Giao tiếp xã hội,"Tớ nghe cậu nói mà cảm nhận được sự cô đơn cậu đang trải qua. Đôi khi cảm giác không ai hiểu mình thật sự khó chịu, nhưng đừng ngần ngại tìm một người bạn mà cậu tin tưởng để chia sẻ thêm nhé. Cậu không hề đơn độc đâu, chỉ là đôi lúc chúng ta cần thời gian để tìm đúng người lắng nghe."
Chời ơi bị sếp ép deadline vô lý nên phát rồ 🤬,Tức giận,Công việc / Sự nghiệp,"Bị ép deadline vô lý đúng là khiến ai cũng phát bực. Làm việc như vậy dễ gây áp lực, bạn nên thử trao đổi thẳng thắn với sếp để tìm giải pháp hợp lý. Đừng quên dành thời gian cho bản thân để giữ tinh thần thoải mái nhé."
Mình sếp khen cái project mới nên tuyệt vời kaka,Vui vẻ,Công việc / Sự nghiệp,"Wow, nghe thật đáng tự hào luôn! Bạn đã làm rất tốt để nhận được lời khen từ sếp, chắc chắn đó là thành quả của sự nỗ lực và sáng tạo. Hãy tiếp tục phát huy nhé, bạn đang trên đà thành công đấy!"
Mọi người ơi mạng lag lúc đang chơi game nên bực mình ghê 🙄,Tức giận,Đời sống & Xã hội,"Mạng lag đúng là khó chịu thật, nhất là khi đang chơi game mà bị gián đoạn. Có thể thử reset modem hoặc kiểm tra lại kết nối xem sao, biết đâu cải thiện được tình hình. Đừng để cơn bực làm ảnh hưởng tới trải nghiệm chơi game của bạn nhé!"
Anh em ơi sợ rớt môn quá nên nhỡ rớt chắc xỉu ngang,Lo âu,Học tập / Thi cử,"Nghe bạn lo thế này chắc áp lực lớn lắm nhỉ, nhưng cố gắng hít thở sâu và chia nhỏ môn học ra để ôn từng phần. Cứ làm tốt hết sức mình, kết quả có thế nào thì bạn cũng đã nỗ lực rồi, không ai trách bạn được đâu!"
Hôm nay bị đồng nghiệp nói xấu nên muốn bùng cháy 🤬,Tức giận,Công việc / Sự nghiệp,"Mình cảm nhận được bạn đang rất bực bội vì lời nói không hay từ đồng nghiệp. Những lúc như thế này, hãy thử hít thở sâu để bình tĩnh hơn, rồi cân nhắc xem có nên đối thoại trực tiếp với người đó để làm rõ hay không. Đừng để cảm xúc tiêu cực kéo dài, vì bạn xứng đáng với một môi trường làm việc tích cực."
Má ơi trời mưa tự nhiên nhớ người yêu cũ nên chẳng muốn làm gì haiz,Buồn bã,Tình cảm / Mối quan hệ,"Nghe bạn nói, mình cảm nhận được nỗi nhớ của bạn dành cho người yêu cũ khi trời mưa. Những lúc thế này, hãy thử làm một việc bạn thích hoặc trò chuyện với bạn bè để tâm trạng nhẹ nhàng hơn. Nhớ rằng cảm xúc này là tự nhiên và bạn có quyền dành thời gian để xử lý nó theo cách phù hợp nhất với mình."
Tao cảm giác bị tụt hậu so với bạn bè nên trằn trọc mãi mới chợp mắt được 🥲,Lo âu,Sức khỏe tâm thần / Tâm lý,"Cảm giác bị tụt lại phía sau thực sự khiến tâm trí nặng nề và khó ngủ. Nhưng bạn có thể thử tập trung vào những gì bạn đang làm tốt và từng bước nhỏ cải thiện bản thân. Không cần so sánh với ai, hãy đi trên hành trình của riêng mình, vì mỗi người đều có nhịp độ khác nhau."
Tớ đã dặn không ăn hành mà vẫn bỏ hành nên cay thật sự 🤬,Tức giận,Đời sống & Xã hội,"Bị như vậy khó chịu thật, vì đã dặn mà vẫn không làm đúng ý mình. Lần tới, bạn thử nhắc kỹ hơn hoặc xem xét thay đổi nơi mua đồ để tránh gặp lại chuyện này nhé."
Mọi người ơi mai đi phỏng vấn mà run quá nên lo lắng tột độ,Lo âu,Công việc / Sự nghiệp,"Run và lo lắng trước phỏng vấn là chuyện rất bình thường. Thử hít sâu, thở đều để ổn định tinh thần, rồi nghĩ lại những điểm mạnh của bản thân mà bạn muốn thể hiện. Quan trọng là bạn đã chuẩn bị rồi, hãy tin vào chính mình nhé!"
Anh em ơi sếp khen cái project mới nên tuyệt vời ✨,Vui vẻ,Công việc / Sự nghiệp,"Wow, chúc mừng bạn nhé! Được sếp khen như vậy chứng tỏ công sức và sáng tạo của bạn đã được công nhận. Hãy cứ tiếp tục phát huy để đạt thêm nhiều thành công nữa nha!"
Hôm nay sếp khen cái project mới nên không thể tin được haha,Vui vẻ,Công việc / Sự nghiệp,Thật tuyệt khi công sức của bạn được sếp ghi nhận! Điều này cho thấy bạn đã làm rất tốt và dự án có giá trị. Hãy tận hưởng niềm vui này và tiếp tục giữ vững phong độ nhé!
Anh em ơi thấy tài khoản cạn tiền mà hoang mang nên nhỡ rớt chắc xỉu ngang,Lo âu,Tài chính / Nợ nần,"Thấy tài khoản cạn tiền chắc chắn là một cảm giác rất áp lực. Có thể thử xem xét lại chi tiêu gần đây, lập kế hoạch nhỏ để kiểm soát tài chính tốt hơn. Nếu cần, hãy chia sẻ với ai đó mà bạn tin tưởng để tìm sự hỗ trợ nhé, đừng ôm hết một mình."
Chời ơi nay đi làm về mệt quá nên rơi nước mắt,Buồn bã,Công việc / Sự nghiệp,"Đi làm về mệt đến mức rơi nước mắt, chắc hẳn bạn đã trải qua một ngày không dễ dàng. Hãy dành chút thời gian nghỉ ngơi, thư giãn để cơ thể và tâm trí hồi phục. Đừng quên chăm sóc bản thân, vì bạn xứng đáng được yêu thương chính mình sau những nỗ lực như vậy."
Chời ơi bị overthinking trước khi ngủ nên không biết đi đúng hướng không,Lo âu,Sức khỏe tâm thần / Tâm lý,Nghe bạn nói mình cảm nhận được bạn đang rất trăn trở và lo lắng. Overthinking trước khi ngủ không chỉ làm bạn mệt mỏi mà còn ảnh hưởng đến sức khỏe. Có thể thử ghi lại những suy nghĩ đó ra giấy hoặc thực hiện vài bài thiền nhẹ nhàng để tâm trí được thư giãn hơn.
Mình khách hàng dời lịch họp sát giờ nên bực mình ghê 🤬,Tức giận,Công việc / Sự nghiệp,"Khách hàng dời lịch sát giờ đúng là khiến bạn bực mình, vì nó làm xáo trộn kế hoạch của bạn. Cảm giác này hoàn toàn dễ hiểu, nhất là khi bạn đã dành thời gian chuẩn bị trước. Hãy hít thở sâu, tập trung xử lý tình huống trước mắt và sau đó có thể nói chuyện rõ ràng với họ để tránh sự việc tương tự xảy ra lần sau nhé."
Anh em ơi bài thi được điểm cao nên quá đã 😎,Vui vẻ,Học tập / Thi cử,"Chúc mừng bạn nhé, điểm cao là thành quả xứng đáng sau bao nỗ lực! Cứ đà này, bạn chắc chắn sẽ còn đạt được nhiều thành tích ấn tượng hơn nữa. Tự thưởng cho mình một chút để ăn mừng đi nào!"
Tự nhiên chốt đơn thành công món đồ ao ước nên quá đã 😎,Vui vẻ,Đời sống & Xã hội,Chốt được món đồ mình ao ước đúng là cảm giác phấn khích lắm! Khoảnh khắc này xứng đáng để bạn tận hưởng và tự hào vì đã đạt được điều mình mong muốn. Hãy thoải mái chia sẻ niềm vui này với mọi người nhé!
Tự nhiên được crush rủ đi chơi nên Yayyy! 😆,Vui vẻ,Tình cảm / Mối quan hệ,"Nghe thật tuyệt vời! Được crush rủ đi chơi chắc hẳn làm bạn vui lắm. Hãy tận hưởng khoảng thời gian này và cứ là chính mình nhé, đó là cách tốt nhất để kết nối thật tự nhiên!"
Mọi người ơi không ai hiểu mình nên thấy trống rỗng 🥀,Buồn bã,Sức khỏe tâm thần / Tâm lý,"Cảm giác trống rỗng khi không ai hiểu mình thật sự khó chịu lắm, phải không? Đôi khi, việc tìm một người lắng nghe và chia sẻ có thể giúp bạn cảm thấy nhẹ nhàng hơn. Nếu cần, hãy thử viết ra cảm xúc của mình hoặc tìm đến một chuyên gia tâm lý để giãi bày nhé, điều đó sẽ giúp ích rất nhiều."
Chời ơi bị sếp la nên rơi nước mắt 💔,Buồn bã,Công việc / Sự nghiệp,"Bị la mắng ở chỗ làm thực sự khiến mình dễ tổn thương và cảm thấy áp lực. Mình nghĩ bạn đã cố gắng rất nhiều rồi, hãy nhớ rằng không ai hoàn hảo cả và mọi người đều có lúc sai sót. Nếu có thể, thử tâm sự với người thân hoặc đồng nghiệp để giải tỏa nhé."
Tao chờ mãi không thấy rep tin nhắn nên đổ mồ hôi hột ...,Lo âu,Tình cảm / Mối quan hệ,"Nghe bạn kể, mình hiểu là bạn đang lo lắng vì không nhận được hồi âm từ người kia. Có lẽ họ đang bận hoặc chưa kịp trả lời, bạn thử chờ thêm chút nữa xem sao. Nếu vẫn thấy lo, bạn có thể nhắn thêm một tin ngắn để họ biết bạn đang quan tâm nhé."
Tớ nay đi đường không bị tắc nên quá đã 😆,Vui vẻ,Đời sống & Xã hội,"Đi đường không bị tắc đúng là sướng thật, cảm giác như mọi thứ trở nên suôn sẻ hơn hẳn. Hi vọng ngày nào bạn cũng gặp được những điều dễ chịu như vậy nhé!"
Dạo này cảm thấy cô đơn lạc lõng nên mệt mỏi haiz,Buồn bã,Sức khỏe tâm thần / Tâm lý,"Nghe bạn nói thấy bạn đang cảm thấy rất mệt mỏi và cô đơn. Những lúc như thế, thử dành chút thời gian làm điều bạn thích hoặc tìm ai đó để tâm sự nhé. Đôi khi chỉ cần một cuộc trò chuyện nhỏ cũng giúp bạn cảm thấy dễ chịu hơn nhiều."
Tao lương về rồi nên vui cả ngày kaka =)) ✨,Vui vẻ,Tài chính / Nợ nần,Lương về đúng là niềm vui lớn nhỉ! Cảm giác cầm tiền lương do chính mình làm ra thật xứng đáng và phấn khích. Hãy tận hưởng niềm vui này và nhớ dành chút phần để tự thưởng hay tiết kiệm cho những dự định tương lai nhé!
Dạo này nay đi làm về mệt quá nên buồn xíu xiu 😢,Buồn bã,Công việc / Sự nghiệp,"Có vẻ công việc dạo này đang khiến bạn khá kiệt sức. Đừng quên dành thời gian thư giãn và chăm sóc bản thân sau khi tan làm, để cơ thể và tinh thần có thể hồi phục nhé. Nếu được, hãy thử sắp xếp thời gian nghỉ ngơi hoặc chia sẻ với đồng nghiệp để giảm bớt áp lực."
Mình bị sếp la nên mệt mỏi haiz,Buồn bã,Công việc / Sự nghiệp,"Nghe bạn kể, mình hiểu cảm giác mệt mỏi khi bị sếp la. Ai cũng có lúc mắc lỗi hoặc bị áp lực, nhưng bạn hãy cố gắng xem đây như cơ hội để học hỏi và cải thiện. Nếu quá căng thẳng, hãy dành chút thời gian để thư giãn và lấy lại tinh thần nhé."
Tự nhiên nay đi đường không bị tắc nên hạnh phúc quá kaka,Vui vẻ,Đời sống & Xã hội,"Nghe bạn kể mà mình cũng thấy vui lây! Đúng là những khoảnh khắc nhỏ như vậy cũng đủ làm ngày mình tươi sáng hơn, phải không? Hy vọng bạn sẽ gặp thêm nhiều điều dễ thương như vậy nữa nhé!"
Tao không ai hiểu mình nên chẳng muốn làm gì hic,Buồn bã,Sức khỏe tâm thần / Tâm lý,"Cảm giác không được ai hiểu thật sự rất cô đơn và mệt mỏi. Nhưng đôi khi, nói ra cảm xúc của mình với một người đáng tin cậy có thể giúp bạn nhẹ lòng hơn. Hãy thử chia sẻ với ai đó mà bạn cảm thấy thoải mái, hoặc nếu khó quá, bạn có thể bắt đầu bằng cách viết ra những điều mình đang nghĩ nhé."
Mình lương về rồi nên cảm thấy yêu đời ✨,Vui vẻ,Tài chính / Nợ nần,"Nhận lương về mà cảm thấy yêu đời là tuyệt lắm, bạn đã làm việc chăm chỉ và giờ là lúc tự thưởng cho bản thân một chút. Hãy tận hưởng niềm vui này và nhớ quản lý tài chính khéo léo để luôn giữ được sự thoải mái nhé!"
Tao cảm giác bị tụt hậu so với bạn bè nên đổ mồ hôi hột 😰,Lo âu,Sức khỏe tâm thần / Tâm lý,"Cảm giác bị tụt hậu là điều nhiều người cũng trải qua, nhưng nhớ rằng mỗi người có nhịp điệu và hành trình riêng. Hãy thử tập trung vào những gì bạn đã đạt được và đặt mục tiêu nhỏ để tiến lên từng bước. Quan tâm bản thân và cảm xúc của mình cũng quan trọng như việc so sánh với người khác."
Mọi người ơi cảm thấy cô đơn lạc lõng nên buồn xíu xiu 💔,Buồn bã,Sức khỏe tâm thần / Tâm lý,"Cảm giác cô đơn và lạc lõng có thể rất khó chịu, nhưng nó cũng là cơ hội để kết nối lại với chính mình. Bạn thử dành thời gian làm điều gì đó bạn yêu thích hoặc tìm một người bạn đáng tin cậy để chia sẻ nhé. Đừng quên rằng bạn không hề đơn độc đâu!"
Tao đứa bạn mượn tiền không trả nên muốn bùng cháy 🙄,Tức giận,Tài chính / Nợ nần,"Bạn đang rất bực mình vì bị bạn mượn tiền nhưng không trả. Việc này thật khó chịu và gây áp lực. Hãy thử nói chuyện thẳng thắn với họ, nhấn mạnh sự cần thiết của việc hoàn trả, hoặc cân nhắc các phương án khác để giải quyết nếu họ tiếp tục tránh né."
Hôm nay bị sếp la nên buồn xíu xiu hic,Buồn bã,Công việc / Sự nghiệp,"Bị sếp la chắc hẳn làm bạn buồn và áp lực lắm, nhưng đừng để chuyện này làm mất đi sự tự tin của mình nha. Hãy thử nghĩ xem có gì cần rút kinh nghiệm hoặc cải thiện, và mạnh mẽ hơn vào ngày mai. Bạn làm được mà!"
Chời ơi cảm thấy cô đơn lạc lõng nên muốn khóc 💔,Buồn bã,Sức khỏe tâm thần / Tâm lý,"Cảm giác cô đơn và lạc lõng thật khó chịu, như cả thế giới bỏ rơi mình vậy. Nhưng bạn không phải một mình đâu, xung quanh vẫn có những người quan tâm đến bạn. Nếu cảm thấy cần, hãy thử chia sẻ với ai đó thân thiết để nhẹ lòng hơn nhé."
Tôi nay đi đường không bị tắc nên Yayyy!,Vui vẻ,Đời sống & Xã hội,"Thật tuyệt khi hôm nay bạn trải qua một hành trình suôn sẻ, điều này chắc hẳn làm ngày của bạn thêm vui vẻ và nhẹ nhàng. Những khoảnh khắc nhỏ như vậy luôn đáng để tận hưởng, đúng không nào?"
Hôm nay cảm giác bị tụt hậu so với bạn bè nên áp lực thực sự 😥,Lo âu,Sức khỏe tâm thần / Tâm lý,"Cảm giác bị tụt lại thực sự khiến bạn áp lực, mình hiểu điều đó. Nhưng bạn đang đi trên hành trình của riêng mình, không cần so sánh với ai. Hãy thử ghi nhận những điều bạn đã làm được và tập trung cải thiện từng chút một theo cách của bạn nhé!"
Tao khối lượng công việc nhiều quá không biết bắt đầu từ đâu nên hoang mang 🥲,Lo âu,Công việc / Sự nghiệp,"Nhìn khối lượng công việc lớn ai cũng sẽ thấy hoang mang, nhưng thử chia nhỏ từng việc ra và ưu tiên cái gì cần làm trước. Bắt đầu từ những việc đơn giản để tạo động lực, rồi bạn sẽ thấy mọi thứ dần rõ ràng hơn. Nếu cần, ghi ra danh sách để quản lý dễ hơn nhé!"
Tớ sợ rớt môn quá nên sợ hãi 😭,Lo âu,Học tập / Thi cử,"Nghe cậu nói tớ hiểu cậu đang rất lo lắng về việc rớt môn. Điều này hoàn toàn bình thường khi cậu quan tâm đến kết quả học tập. Hãy thử chia nhỏ thời gian ôn bài và nghỉ ngơi hợp lý hơn để giảm bớt áp lực nhé. Nếu cần, cậu có thể tìm người để học cùng hoặc hỏi thêm thầy cô để hỗ trợ."
Tự nhiên ship đồ ăn mà thiếu món nên cục súc 😡,Tức giận,Đời sống & Xã hội,"Mình hiểu cảm giác bực bội khi gặp sự cố như vậy, nhất là khi bạn đang rất mong chờ món ăn. Có lẽ bạn có thể liên hệ ngay với bên giao hàng để giải quyết, hoặc thử tìm món gì khác để tạm thời làm dịu cơn đói. Giữ bình tĩnh sẽ giúp bạn xử lý tình huống này tốt hơn!"
Tao không ai hiểu mình nên tuyệt vọng 😢,Buồn bã,Sức khỏe tâm thần / Tâm lý,"Tuyệt vọng khi cảm thấy không ai hiểu mình thật khó chịu, nhưng cảm xúc này rất con người và bạn không đơn độc. Có thể thử chia sẻ với ai đó đáng tin cậy hoặc viết ra cảm xúc của mình, điều này có thể giúp bạn nhẹ lòng hơn."
Mọi người ơi cảm thấy cô đơn lạc lõng nên buồn xíu xiu haiz,Buồn bã,Sức khỏe tâm thần / Tâm lý,"Cảm giác cô đơn và lạc lõng là điều ai cũng có thể trải qua, nhưng không sao cả, bạn không phải đối mặt một mình đâu. Hãy thử tìm một hoạt động mà bạn yêu thích hoặc chia sẻ cảm xúc này với một người thân thiết, biết đâu bạn sẽ tìm được sự an ủi và kết nối."
Chời ơi đang đi đường thì bị tạt nước nên điên máu 💢,Tức giận,Đời sống & Xã hội,"Bị tạt nước giữa đường đúng là rất khó chịu và bực mình. Lần sau, bạn nhớ ghi lại biển số xe hoặc tìm cách tránh xa những tình huống như vậy để bảo vệ mình nhé. Cơn giận này sẽ qua, giữ bình tĩnh để không ảnh hưởng tới ngày của bạn nha."
Hôm nay bị overthinking trước khi ngủ nên đổ mồ hôi hột 😥,Lo âu,Sức khỏe tâm thần / Tâm lý,Overthinking có thể khiến cơ thể căng thẳng và phản ứng như đổ mồ hôi. Thử hít thở sâu hoặc ghi lại suy nghĩ vào giấy để giải tỏa tâm trí. Tạo thói quen thư giãn trước khi ngủ cũng sẽ giúp bạn cảm thấy dễ chịu hơn.
Tao chờ mãi không thấy rep tin nhắn nên thót tim,Lo âu,Tình cảm / Mối quan hệ,"Có vẻ như bạn rất quan tâm đến người đó, nên việc chờ đợi khiến bạn lo lắng. Thử nhẹ nhàng nhắn lại hoặc tìm cách khác để kết nối, và cũng đừng quên dành thời gian chăm sóc cảm xúc của mình nhé."
Tôi bị overthinking trước khi ngủ nên đổ mồ hôi hột 🥲,Lo âu,Sức khỏe tâm thần / Tâm lý,"Nghe bạn nói, mình cảm nhận được tình trạng overthinking đang khiến bạn căng thẳng và thậm chí ảnh hưởng đến giấc ngủ. Có thể thử viết ra những suy nghĩ trong đầu hoặc thực hành thiền trước khi ngủ để đầu óc thư giãn hơn. Điều này có thể giúp bạn cảm thấy nhẹ nhàng và dễ chịu hơn nhiều."
Mình đã dặn không ăn hành mà vẫn bỏ hành nên muốn chửi thề 😤,Tức giận,Đời sống & Xã hội,"Bực mình khi bị làm trái ý là điều ai cũng gặp, nhất là khi bạn đã dặn kỹ. Nhưng thay vì chửi thề, bạn có thể nói rõ cảm giác của mình với người làm sai để họ hiểu và rút kinh nghiệm. Làm vậy không chỉ giúp bạn giải tỏa mà còn xây dựng sự tôn trọng hơn trong giao tiếp."
Dạo này bị overthinking trước khi ngủ nên hoang mang 😥,Lo âu,Sức khỏe tâm thần / Tâm lý,"Nghe bạn kể, mình cảm nhận rõ sự mệt mỏi khi những suy nghĩ không ngừng làm bạn trăn trở trước giờ ngủ. Có thể thử viết ra những điều làm bạn lo lắng hoặc thực hiện vài bài tập thở sâu để tĩnh tâm. Đừng quên, giấc ngủ ngon sẽ giúp bạn có thêm sức mạnh đối mặt mọi chuyện hôm sau."
Tớ crush có người yêu nên thấy trống rỗng haiz,Buồn bã,Tình cảm / Mối quan hệ,"Mình hiểu cảm giác trống rỗng khi crush có người yêu, như thể mất đi điều gì đó quan trọng. Hãy cho bản thân chút thời gian để chấp nhận và tập trung vào những điều làm bạn vui. Có thể đây là cơ hội để bạn khám phá bản thân và tìm kiếm những mối quan hệ mới ý nghĩa hơn."
Tao bài thi được điểm cao nên cảm thấy yêu đời 😆,Vui vẻ,Học tập / Thi cử,"Chúc mừng bạn nhé! Cảm giác đạt điểm cao sau khi nỗ lực học tập thật tuyệt vời, đúng không? Hãy tận hưởng niềm vui này và tiếp tục cố gắng cho những mục tiêu tiếp theo nhé!"
Anh em ơi bị đồng nghiệp nói xấu nên phát rồ 😡,Tức giận,Công việc / Sự nghiệp,"Bị đồng nghiệp nói xấu chắc chắn khiến bạn cảm thấy căng thẳng và bực bội. Hãy thử bình tĩnh lại, xem xét liệu có cần đối diện trực tiếp với họ để làm rõ hay không. Đừng để những lời tiêu cực ảnh hưởng quá nhiều đến tâm trạng và năng suất của bạn nhé."
Mọi người ơi nay đi đường không bị tắc nên cảm thấy yêu đời haha,Vui vẻ,Đời sống & Xã hội,"Thật tuyệt khi có những khoảnh khắc dễ chịu như vậy trong cuộc sống thường ngày! Những điều nhỏ nhặt như đường thông thoáng cũng đủ làm tâm trạng tốt lên hẳn, đúng không? Cứ tận hưởng cảm giác yêu đời này nhé!"
Dạo này mạng lag lúc đang chơi game nên không chịu nổi 🙄,Tức giận,Đời sống & Xã hội,"Mạng lag khi đang chơi game chắc khiến bạn bực mình lắm, nhất là khi đang vào trận căng thẳng. Có thể thử kiểm tra lại đường truyền hoặc liên hệ nhà mạng để xem có cách nào cải thiện không. Đôi khi một lúc offline cũng là dịp để thử làm gì đó thư giãn khác nữa."
Dạo này tìm được quán cafe ưng ý nên không thể tin được kaka,Vui vẻ,Đời sống & Xã hội,"Tìm được một quán cafe ưng ý thật là tuyệt, cảm giác như tìm được góc nhỏ thư giãn hoàn hảo cho riêng mình. Hy vọng quán này sẽ giúp bạn có thêm nhiều khoảnh khắc thú vị và đáng nhớ nhé!"
Tao nay đi làm về mệt quá nên tuyệt vọng 🥀,Buồn bã,Công việc / Sự nghiệp,"Nghe bạn nói mình cảm nhận được bạn đang rất kiệt sức sau một ngày làm việc. Công việc đôi khi có thể khiến chúng ta mệt mỏi và chán nản, nhưng hãy dành chút thời gian để nghỉ ngơi và nạp lại năng lượng cho bản thân. Bạn xứng đáng được thư giãn và chăm sóc chính mình."
Chời ơi nghĩ về tương lai mông lung quá nên không biết đi đúng hướng không ...,Lo âu,Sức khỏe tâm thần / Tâm lý,"Cảm giác mông lung về tương lai là điều ai cũng có thể trải qua, và nó không làm bạn yếu đuối đâu. Thay vì cố gắng kiểm soát mọi thứ, bạn có thể bắt đầu từ những mục tiêu nhỏ và tập trung vào hiện tại để giảm bớt lo lắng. Hãy cho phép bản thân nghỉ ngơi khi cần, bạn sẽ tìm thấy hướng đi rõ ràng hơn theo thời gian."
Má ơi bị overthinking trước khi ngủ nên sợ hãi huhu,Lo âu,Sức khỏe tâm thần / Tâm lý,"Nghe bạn kể, có vẻ overthinking khiến bạn cảm thấy sợ hãi và khó ngủ. Thử dành vài phút trước giờ ngủ để tập hít thở sâu hoặc viết ra những suy nghĩ trong đầu, điều này có thể giúp tâm trí bạn dịu lại. Nếu tình trạng tiếp diễn, bạn có thể cân nhắc tìm sự hỗ trợ từ chuyên gia tâm lý để xử lý tốt hơn nhé."
Mình crush có người yêu nên tủi thân ghê hic,Buồn bã,Tình cảm / Mối quan hệ,"Mình hiểu cảm giác tủi thân khi crush có người yêu, điều đó không dễ dàng chút nào. Nhưng bạn xứng đáng với một người trân trọng và dành tình cảm cho mình. Hãy tập trung vào bản thân và những điều khiến bạn vui nhé, bạn là người rất đáng giá."
Anh em ơi cứ nghĩ đến chuyện ra trường thất nghiệp là rén nên lo lắng tột độ 😭,Lo âu,Công việc / Sự nghiệp,"Nghĩ đến việc ra trường và thất nghiệp là điều dễ khiến mình lo lắng, nhưng đó cũng là động lực để chuẩn bị kỹ hơn. Hãy thử dành thời gian tìm hiểu ngành mình thích, học thêm kỹ năng hoặc kết nối với những người trong lĩnh vực đó. Cứ bước từng bước nhỏ, mọi chuyện sẽ dần rõ ràng hơn."
Hôm nay giải quyết xong đống task tồn đọng nên cảm thấy yêu đời 😎,Vui vẻ,Công việc / Sự nghiệp,"Hoàn thành được đống task tồn đọng chắc hẳn khiến bạn cảm thấy nhẹ nhõm và đầy năng lượng. Tiếp tục giữ vững tinh thần này, vừa chăm chỉ vừa tận hưởng nhé, bạn đang làm rất tốt đấy!"
Chời ơi bị đồng nghiệp nói xấu nên điên máu 🙄,Tức giận,Công việc / Sự nghiệp,Bị đồng nghiệp nói xấu làm bạn tức giận là điều dễ hiểu. Nhưng đừng để cảm xúc này ảnh hưởng đến tâm trạng cả ngày của bạn. Hãy thử nói chuyện thẳng thắn với họ hoặc tập trung vào công việc để chứng minh giá trị của mình nhé.
Tớ khối lượng công việc nhiều quá không biết bắt đầu từ đâu nên nhỡ rớt chắc xỉu ngang 😭,Lo âu,Công việc / Sự nghiệp,"Nghe cậu nói là tớ cảm nhận được cậu đang rất áp lực. Có thể thử viết ra từng đầu việc và phân loại ưu tiên xem sao, để dễ bắt tay vào làm hơn. Cứ từ từ giải quyết từng việc một, đừng ôm đồm hết cùng lúc nhé."
Tớ ship đồ ăn mà thiếu món nên muốn chửi thề 😤,Tức giận,Đời sống & Xã hội,"Việc bị thiếu món khi ship đồ ăn thật sự rất bực mình, nhất là khi bạn đã mong chờ. Nhưng giữ bình tĩnh sẽ giúp bạn xử lý vấn đề tốt hơn, thử liên hệ với bên giao hàng để họ giải quyết nhé. Hy vọng lần sau mọi chuyện sẽ suôn sẻ hơn!"
Tớ bị rớt môn rồi nên tủi thân ghê,Buồn bã,Học tập / Thi cử,"Rớt môn làm cậu buồn và tủi thân là điều dễ hiểu, ai cũng từng trải qua cảm giác đó. Nhưng đây là cơ hội để cậu nhìn lại và điều chỉnh cách học của mình. Hãy mạnh mẽ lên nhé, vì thất bại hôm nay không định nghĩa khả năng của cậu ngày mai."
Mọi người ơi không ai hiểu mình nên tuyệt vọng 😔,Buồn bã,Sức khỏe tâm thần / Tâm lý,"Mình cảm nhận được sự tuyệt vọng của bạn khi cảm thấy không ai hiểu mình. Đôi khi, cảm giác này xuất phát từ việc chúng ta không thể chia sẻ hết lòng mình với người khác. Hãy thử tìm một người bạn tin tưởng hoặc chuyên gia để giãi bày, bạn xứng đáng được lắng nghe và thấu hiểu."
Tự nhiên cảm giác bị tụt hậu so với bạn bè nên sợ hãi 🥲,Lo âu,Bạn bè / Giao tiếp xã hội,"Cảm giác tụt hậu so với bạn bè là chuyện không hiếm, ai cũng có lúc như vậy. Nhưng mỗi người có hành trình riêng, không cần so sánh mà hãy tập trung vào việc bạn muốn làm và điều khiến bạn hạnh phúc. Bạn vẫn có thể tiến từng bước nhỏ, miễn là đúng với mục tiêu của mình."
Anh em ơi crush có người yêu nên tuyệt vọng 😔,Buồn bã,Tình cảm / Mối quan hệ,"Mình hiểu cảm giác thất vọng khi crush có người yêu, điều đó thực sự đau lòng. Nhưng bạn xứng đáng được yêu thương từ một người thực sự dành cho bạn. Hãy cho bản thân thời gian để vượt qua và tập trung vào những điều khiến bạn vui nhé."
Má ơi bị sếp ép deadline vô lý nên không chịu nổi,Tức giận,Công việc / Sự nghiệp,"Bị ép deadline vô lý đúng là bực mình lắm, mình hiểu cảm giác đó. Bạn thử trao đổi thẳng thắn với sếp xem sao, giải thích những khó khăn thực tế bạn đang gặp phải. Nếu không, hãy ưu tiên sức khỏe tinh thần của mình và tìm cách sắp xếp công việc hợp lý để tránh bị áp lực quá mức."
Dạo này bị rớt môn rồi nên thấy trống rỗng 😔,Buồn bã,Học tập / Thi cử,"Mình hiểu cảm giác trống rỗng khi gặp thất bại, nhất là việc rớt môn. Đừng tự trách bản thân quá nhiều, vì ai cũng có lúc gặp khó khăn trong học tập. Hãy thử xem đây là cơ hội để nhìn lại và điều chỉnh, rồi bạn sẽ tìm ra cách vượt qua thôi!"
Tôi sếp khen cái project mới nên cảm thấy yêu đời 🥰,Vui vẻ,Công việc / Sự nghiệp,"Thật tuyệt khi nhận được lời khen từ sếp, điều đó chứng tỏ bạn đã nỗ lực rất nhiều cho project này! Hãy tận hưởng niềm vui này và xem đó là động lực để tiếp tục phát triển trong công việc nhé."
Hôm nay bị rớt môn rồi nên chẳng muốn làm gì 💔,Buồn bã,Học tập / Thi cử,"Rớt môn thật sự là một cảm giác khó chịu và thất vọng lắm, mình hiểu điều đó. Nhưng đừng để nó định hình giá trị của bạn, vì ai cũng có lúc vấp ngã. Hãy nghỉ ngơi chút, rồi lên kế hoạch cải thiện, bạn sẽ làm tốt hơn lần sau!"
Chời ơi bị rớt môn rồi nên rơi nước mắt haiz,Buồn bã,Học tập / Thi cử,"Rớt môn chắc hẳn làm bạn thất vọng và buồn nhiều, điều đó hoàn toàn dễ hiểu. Nhưng hãy nhớ rằng đây chỉ là một bước lùi nhỏ, bạn vẫn có thể cải thiện và vượt qua. Cố gắng nghỉ ngơi, lấy lại tinh thần rồi lên kế hoạch học tập tốt hơn cho lần sau nhé!"
Tao tìm được quán cafe ưng ý nên vui cả ngày kaka =)) 😆,Vui vẻ,Đời sống & Xã hội,"Nghe bạn kể mà cũng thấy vui lây luôn! Tìm được một quán cafe hợp ý thế này đúng là niềm vui nhỏ mà ý nghĩa, hy vọng bạn có thêm nhiều trải nghiệm thú vị ở đó nhé!"
Hôm nay đã dặn không ăn hành mà vẫn bỏ hành nên bực mình ghê 🔥,Tức giận,Đời sống & Xã hội,"Bực mình khi đã dặn dò mà vẫn không được như ý là điều dễ hiểu. Có lẽ lần tới, bạn có thể nhấn mạnh thêm hoặc kiểm tra kỹ trước khi ăn để tránh tình huống tương tự. Đừng để chuyện nhỏ này làm ảnh hưởng đến ngày của bạn nhé."
Mình nuôi con mèo mà nó đi mất nên mệt mỏi,Buồn bã,Thú cưng / Động vật,"Mất mèo là một trải nghiệm đau lòng, nhất là khi bạn đã gắn bó với nó. Cảm giác mệt mỏi và buồn bã là rất tự nhiên. Bạn có thể thử tìm kiếm nó bằng cách hỏi hàng xóm, dán thông báo hoặc để thức ăn quen thuộc ở nơi nó hay đến. Hy vọng bạn sớm nhận được tin tốt."
Chời ơi lương về rồi nên Yayyy! 😆,Vui vẻ,Tài chính / Nợ nần,"Lương về luôn là khoảnh khắc tuyệt vời, đúng không? Hãy tận hưởng niềm vui này, nhưng cũng nhớ phân bổ chi tiêu hợp lý để niềm vui kéo dài lâu hơn nha!"
Hôm nay crush có người yêu nên muốn khóc 😢,Buồn bã,Tình cảm / Mối quan hệ,"Mình hiểu cảm giác khó chịu khi thấy crush có người yêu, như một chút hụt hẫng vậy. Nhưng bạn đã dũng cảm đối diện với cảm xúc của mình, điều này đáng được trân trọng. Hãy cho bản thân thời gian để bình tâm và chăm sóc chính mình nhé."
Chời ơi nuôi con mèo mà nó đi mất nên rơi nước mắt 💔,Buồn bã,Thú cưng / Động vật,"Mất mèo thì buồn lắm, vì tụi nó là bạn thân mà. Bạn thử để một ít đồ ăn yêu thích của bé ở chỗ cũ, hoặc hỏi hàng xóm xem có thấy không. Mong bé sớm quay về với bạn nhé!"
Mọi người ơi crush có người yêu nên chẳng muốn làm gì ...,Buồn bã,Tình cảm / Mối quan hệ,"Mình hiểu cảm giác hụt hẫng của bạn khi crush có người yêu, điều đó thực sự không dễ dàng. Hãy cho bản thân thời gian để chấp nhận và tập trung vào những điều bạn yêu thích, nó sẽ giúp bạn cảm thấy nhẹ lòng hơn. Bạn luôn xứng đáng với những điều tốt đẹp hơn trong tương lai."
Hôm nay nay đi làm về mệt quá nên tuyệt vọng 🥀,Buồn bã,Công việc / Sự nghiệp,"Nghe bạn nói mình cảm nhận được hôm nay là một ngày rất mệt mỏi với công việc. Đôi khi áp lực và mệt nhọc khiến mình cảm thấy kiệt sức, nhưng bạn hãy nghỉ ngơi thật tốt đêm nay nhé, để cơ thể và tâm trí hồi phục. Nếu có thể, hãy dành chút thời gian làm điều bạn yêu thích để giải tỏa căng thẳng."
Tôi bị rớt môn rồi nên buồn xíu xiu hic,Buồn bã,Học tập / Thi cử,"Rớt môn chắc làm bạn hụt hẫng lắm, nhưng đừng tự trách mình quá. Hãy nhìn nhận lại xem có điều gì bạn có thể cải thiện, và dùng nó làm động lực để tiếp tục cố gắng. Đôi khi thất bại chỉ là bước đệm để mình học được nhiều hơn."
Dạo này nay đi làm về mệt quá nên buồn xíu xiu 🥀,Buồn bã,Công việc / Sự nghiệp,"Nghe có vẻ công việc dạo này đang chiếm nhiều sức của bạn. Mệt mỏi là điều dễ hiểu khi làm việc nhiều, nhưng đừng quên dành thời gian cho bản thân nghỉ ngơi và nạp lại năng lượng nhé. Một chút thư giãn có thể giúp bạn cảm thấy nhẹ nhàng hơn đấy!"
Tôi được crush rủ đi chơi nên sướng rơn 😆,Vui vẻ,Tình cảm / Mối quan hệ,"Nghe bạn kể mà mình cũng thấy vui lây! Đây là cơ hội tốt để bạn hiểu thêm về crush, hãy tận hưởng buổi đi chơi và cứ là chính mình nhé!"
Chời ơi lương về rồi nên hạnh phúc quá 😎,Vui vẻ,Tài chính / Nợ nần,"Lương về là niềm vui lớn, đúng không nào! Hãy tận hưởng niềm hạnh phúc này, nhưng đừng quên cân nhắc chi tiêu để tài chính luôn vững vàng nhé. Cứ thế mà phát huy!"
Tôi nuôi con mèo mà nó đi mất nên muốn khóc 🥀,Buồn bã,Thú cưng / Động vật,"Mất mèo là cảm giác buồn và trống vắng lắm, mình hiểu bạn đang rất đau lòng. Thú cưng như một người bạn thân, việc xa chúng không dễ dàng chút nào. Bạn hãy thử hỏi thăm hàng xóm và đăng tin tìm kiếm, có thể điều kỳ diệu sẽ xảy ra."
Tớ bị overthinking trước khi ngủ nên áp lực thực sự 🥲,Lo âu,Sức khỏe tâm thần / Tâm lý,"Nghe cậu nói, tớ cảm nhận được cậu đang rất mệt mỏi vì suy nghĩ quá nhiều trước khi ngủ. Thử viết ra giấy những điều làm cậu lo lắng hoặc tập trung vào hơi thở để giúp tâm trí bình tĩnh hơn. Một giấc ngủ ngon sẽ giúp cậu cảm thấy nhẹ nhõm hơn đấy."
Mọi người ơi bị đồng nghiệp nói xấu nên không chịu nổi 💢,Tức giận,Công việc / Sự nghiệp,"Bị đồng nghiệp nói xấu chắc hẳn khiến bạn rất bực bội và khó chịu. Hãy cố gắng bình tĩnh, xem xét cách phản hồi phù hợp hoặc góp ý trực tiếp nếu cần. Đừng để những lời không đúng làm ảnh hưởng đến giá trị và sự tự tin của bạn nhé!"
Hôm nay mai đi phỏng vấn mà run quá nên không biết đi đúng hướng không ...,Lo âu,Công việc / Sự nghiệp,"Cảm giác lo lắng trước buổi phỏng vấn là hoàn toàn bình thường. Hãy thử chuẩn bị câu trả lời trước những câu hỏi phổ biến và tập trung vào những điểm mạnh của bản thân. Hít thở sâu, tự nhủ rằng bạn đã cố gắng hết sức, và buổi phỏng vấn chỉ là cơ hội để thể hiện điều đó."
Mọi người ơi cảm thấy cô đơn lạc lõng nên thấy trống rỗng 😔,Buồn bã,Sức khỏe tâm thần / Tâm lý,"Cảm giác cô đơn và lạc lõng có thể rất nặng nề, nhưng đó là điều ai cũng có thể trải qua trong cuộc sống. Hãy thử dành thời gian cho bản thân, tìm một hoạt động bạn yêu thích hoặc nói chuyện với ai đó mà bạn tin tưởng, điều này có thể giúp bạn cảm thấy dễ chịu hơn."
Mình không ai hiểu mình nên tủi thân ghê 😔,Buồn bã,Sức khỏe tâm thần / Tâm lý,"Mình hiểu cảm giác khi nghĩ rằng không ai thực sự hiểu mình, điều đó làm bạn thấy cô đơn và tủi thân. Nhưng cảm xúc này không có nghĩa là bạn không đáng được lắng nghe. Hãy thử chia sẻ với một người bạn tin tưởng, hoặc ghi lại cảm xúc này để giải tỏa và nhìn nhận rõ hơn nhé."
Tự nhiên nghĩ về tương lai mông lung quá nên nhỡ rớt chắc xỉu ngang huhu,Lo âu,Học tập / Thi cử,"Nghĩ về tương lai và áp lực thi cử đúng là khiến mình dễ rơi vào trạng thái mông lung. Nhưng đừng để nỗi lo làm mình gục ngã nhé, hãy chia nhỏ mục tiêu và tập trung vào từng bước nhỏ. Nếu cần, tâm sự với bạn bè hoặc người thân để giải tỏa bớt áp lực nha."
Anh em ơi ship đồ ăn mà thiếu món nên không chịu nổi 💢,Tức giận,Đời sống & Xã hội,"Bực mình thật khi đang đói mà đồ ăn lại bị thiếu món. Có lẽ bạn nên phản ánh ngay với bên giao hàng để họ xử lý, hoặc tự thưởng thêm một món khác để bù lại. Đừng để cảm giác đó làm mất vui cả ngày của bạn nhé!"
Mọi người ơi nay đi đường không bị tắc nên Yayyy! 🎉,Vui vẻ,Đời sống & Xã hội,"Đi đường mà không bị tắc thì đúng là một niềm vui nhỏ trong ngày, phải không? Thỉnh thoảng những điều đơn giản như vậy lại làm ngày mình trở nên nhẹ nhàng hơn hẳn."
Tao khối lượng công việc nhiều quá không biết bắt đầu từ đâu nên không biết đi đúng hướng không 😥,Lo âu,Công việc / Sự nghiệp,"Nghe khối lượng công việc lớn vậy chắc áp lực lắm nhỉ. Có thể thử viết ra danh sách các việc cần làm, rồi ưu tiên việc nào quan trọng hoặc gấp nhất để bắt đầu. Đừng quên dành chút thời gian nghỉ ngơi để nạp năng lượng nha, bạn sẽ làm tốt hơn khi cảm thấy thoải mái hơn."
Má ơi đứa bạn mượn tiền không trả nên muốn bùng cháy 🤬,Tức giận,Tài chính / Nợ nần,"Việc bạn cảm thấy tức giận là hoàn toàn dễ hiểu khi bạn bè không giữ đúng lời hứa về tiền bạc. Hãy thử nhắn nhủ thẳng thắn với người đó, nhấn mạnh rằng bạn cần họ giải quyết sớm. Nếu họ vẫn không hợp tác, có lẽ bạn nên cân nhắc kỹ hơn khi cho mượn tiền trong tương lai để tránh rắc rối tương tự."
Mình bị sếp la nên rơi nước mắt ...,Buồn bã,Công việc / Sự nghiệp,"Bị sếp la chắc hẳn khiến bạn thấy tổn thương và áp lực rất nhiều. Bạn có thể thử dành chút thời gian để bình tĩnh lại, rồi xem xét sự việc từ góc nhìn khác. Nếu cần, hãy chia sẻ cảm xúc với ai đó bạn tin tưởng để giải tỏa nhé."
Tự nhiên crush có người yêu nên tủi thân ghê 😢,Buồn bã,Tình cảm / Mối quan hệ,"Thấy crush có người yêu chắc hẳn làm bạn cảm thấy chạnh lòng và tủi thân, điều đó hoàn toàn bình thường. Tình cảm là chuyện khó kiểm soát, nhưng hãy nhớ rằng bạn xứng đáng với một người thật sự dành trọn trái tim cho bạn. Dành thời gian chăm sóc bản thân và tận hưởng những điều khiến bạn vui nhé."
Mình chờ mãi không thấy rep tin nhắn nên lo lắng tột độ 🥲,Lo âu,Tình cảm / Mối quan hệ,"Bạn đang rất lo vì không nhận được hồi âm đúng không? Điều này có thể khiến bạn cảm thấy bất an, nhưng hãy thử hít thở sâu và dành chút thời gian để bình tĩnh. Có thể họ đang bận hoặc có lý do nào đó, hãy chờ thêm một chút và đừng quên chăm sóc bản thân trong lúc này nhé."
Tự nhiên mạng lag lúc đang chơi game nên phát rồ 😡,Tức giận,Sức khỏe tâm thần / Tâm lý,"Mạng lag khi đang chơi game đúng là khiến mình dễ bực bội, nhất là khi đang hăng. Vậy nên, thử hít sâu, lấy lại bình tĩnh, sau đó kiểm tra lại mạng xem có khắc phục được không. Tức giận cũng không giúp cải thiện tình hình, nhưng bình tĩnh lại sẽ giúp bạn xử lý tốt hơn."
Tớ không ai hiểu mình nên chán nản thật sự 😢,Buồn bã,Sức khỏe tâm thần / Tâm lý,"Nghe cậu nói mà tớ cảm thấy cậu đang rất cô đơn và mệt mỏi. Đôi khi cảm giác không ai hiểu mình thực sự nặng nề, nhưng tớ tin rằng có người sẽ sẵn sàng lắng nghe nếu cậu chia sẻ thêm. Cậu đã thử mở lòng với ai đó thân thiết chưa? Họ có thể sẽ làm cậu cảm thấy nhẹ nhõm hơn nhiều đấy."
Anh em ơi ship đồ ăn mà thiếu món nên điên máu 🤬,Tức giận,Đời sống & Xã hội,"Bực mình khi gặp chuyện như vậy là dễ hiểu mà, ai cũng muốn được phục vụ chu đáo. Nhưng để giải quyết, bạn thử liên hệ lại với bên giao hàng để phản ánh và tìm cách xử lý nhé! Hy vọng mọi chuyện sẽ ổn hơn sau khi bạn nói rõ vấn đề."
Chời ơi đang đi đường thì bị tạt nước nên muốn bùng cháy 😤,Tức giận,Đời sống & Xã hội,"Bị tạt nước bất ngờ ngoài đường thì khó chịu thật đấy, ai mà không bực chứ! Nhưng thôi, cố gắng hít thở sâu để bình tĩnh lại, bạn nhé. Về nhà rửa sạch và thay đồ khô ráo, đừng để chuyện này làm hỏng cả ngày của bạn."
Tao cảm thấy cô đơn lạc lõng nên muốn khóc haiz,Buồn bã,Sức khỏe tâm thần / Tâm lý,"Cảm giác cô đơn và lạc lõng thực sự rất nặng nề, nhất là khi không biết chia sẻ cùng ai. Đôi khi khóc là cách để giải tỏa, nhưng nếu cảm xúc này kéo dài, bạn có thể thử nói chuyện với ai đó hoặc tìm một không gian tích cực hơn để cảm thấy nhẹ lòng hơn."
Tao sắp tới deadline rồi mà chưa làm được chữ nào nên không biết đi đúng hướng không ...,Lo âu,Học tập / Thi cử,"Nghe cậu lo lắng thế này, mình hiểu áp lực đang đè nặng. Có thể cậu thử chia nhỏ công việc ra và tập trung hoàn thành từng bước một, như vậy sẽ dễ kiểm soát hơn. Nếu vẫn không chắc đi đúng hướng, hãy hỏi ý kiến bạn bè hoặc giảng viên để được hỗ trợ kịp thời nhé."
Tớ chốt đơn thành công món đồ ao ước nên anh em ơiii 💸 ✨,Vui vẻ,Tài chính / Nợ nần,"Wow, chúc mừng cậu đã tậu được món đồ ao ước nhé! Cảm giác sở hữu được thứ mình thích thật tuyệt, nhớ tận hưởng trọn vẹn và quản lý chi tiêu hợp lý để vẫn cân đối tài chính nha."
Hôm nay cảm giác bị tụt hậu so với bạn bè nên nhỡ rớt chắc xỉu ngang 🥲,Lo âu,Học tập / Thi cử,"Cảm giác lo lắng vì sợ bị tụt hậu là điều ai cũng có thể gặp. Nhưng bạn biết không, mỗi người đều có tốc độ và con đường riêng. Hãy tập trung vào mục tiêu của mình, từng bước cải thiện và tin vào bản thân, bạn sẽ làm được!"
Mọi người ơi chờ mãi không thấy rep tin nhắn nên đổ mồ hôi hột huhu,Lo âu,Bạn bè / Giao tiếp xã hội,"Chắc bạn đang lo lắng vì không nhận được phản hồi từ người kia đúng không? Đôi khi họ bận rộn hoặc chưa kịp thấy tin nhắn, nên hãy thư giãn và chờ thêm chút nhé. Nếu cần, bạn có thể gửi một lời nhắc nhẹ nhàng để họ chú ý hơn."
Mọi người ơi nay đi làm về mệt quá nên mệt mỏi 🥀,Buồn bã,Công việc / Sự nghiệp,"Nghe bạn nói mình cảm nhận được bạn đã rất cố gắng trong công việc hôm nay. Có lẽ cơ thể và tâm trí bạn đang cần một chút thời gian để nghỉ ngơi và nạp lại năng lượng. Hãy thử thư giãn, ăn món gì ngon hoặc làm điều bạn thích để cảm thấy dễ chịu hơn nhé."
Tớ không ai hiểu mình nên chán nản thật sự hic,Buồn bã,Sức khỏe tâm thần / Tâm lý,"Tớ hiểu cảm giác bị lạc lõng và không ai thấu hiểu có thể khiến cậu rất buồn. Nhưng cậu không cô đơn đâu, tớ ở đây để lắng nghe cậu. Nếu cậu muốn, hãy chia sẻ thêm với tớ, biết đâu gỡ rối được phần nào cảm xúc của cậu."
Tôi bị sếp ép deadline vô lý nên cay thật sự 💢,Tức giận,Công việc / Sự nghiệp,"Bị ép deadline vô lý chắc chắn làm bạn cảm thấy bức bối và mất kiểm soát. Hãy thử trao đổi thẳng thắn với sếp về khối lượng công việc và thời gian cần thiết để hoàn thành. Nếu không thể, hãy ưu tiên sức khỏe tinh thần của mình và sắp xếp công việc theo mức độ quan trọng trước nhé."
Dạo này bị overthinking trước khi ngủ nên trằn trọc mãi mới chợp mắt được 😰,Lo âu,Sức khỏe tâm thần / Tâm lý,"Nghe bạn nói mình cảm nhận được bạn đang rất căng thẳng mỗi khi đến giờ ngủ. Có thể thử viết ra những suy nghĩ trong đầu trước khi lên giường, hoặc tập trung vào hơi thở để giúp tâm trí dịu lại. Nếu tình trạng này kéo dài, đừng ngần ngại tìm đến chuyên gia tâm lý để được hỗ trợ nhé."
Dạo này lương về rồi nên hạnh phúc quá 😎,Vui vẻ,Tài chính / Nợ nần,"Lương về đúng là niềm vui lớn, cảm giác mọi nỗ lực của mình được đền đáp xứng đáng. Hãy tận hưởng, nhưng cũng nhớ dành chút cho tiết kiệm hoặc đầu tư để niềm vui này kéo dài lâu hơn nhé!"
Chời ơi bị sếp la nên mệt mỏi 😢,Buồn bã,Công việc / Sự nghiệp,"Bị sếp la chắc làm bạn căng thẳng và mệt mỏi nhiều lắm. Nhưng đừng để điều đó làm giảm giá trị của bạn, hãy thử nhìn nhận xem có gì cần cải thiện hoặc đơn giản là nghỉ ngơi một chút để nạp lại năng lượng. Bạn đã cố gắng rất nhiều rồi, đừng quên chăm sóc bản thân nhé!"
Hôm nay crush có người yêu nên muốn khóc 🥀,Buồn bã,Tình cảm / Mối quan hệ,"Việc thấy crush có người yêu chắc làm bạn đau lòng lắm. Cảm giác này thật không dễ chịu, nhưng hãy nhớ rằng cảm xúc của bạn rất đáng trân trọng. Hãy cho bản thân chút thời gian để buồn, rồi từ từ tìm niềm vui từ những điều khác trong cuộc sống."
Mình cứ nghĩ đến chuyện ra trường thất nghiệp là rén nên tim đập thình thịch ...,Lo âu,Công việc / Sự nghiệp,"Ra trường là bước ngoặt lớn và lo lắng về việc làm là điều dễ hiểu. Nếu tim đập nhanh và bạn cảm thấy áp lực, hãy thử chậm lại, lên kế hoạch nhỏ như nâng cao kỹ năng hoặc tìm hiểu ngành mình thích. Đừng quên bạn không phải đối mặt một mình, có thể chia sẻ với bạn bè hoặc gia đình để nhận thêm hỗ trợ."
Chời ơi nghĩ về tương lai mông lung quá nên đổ mồ hôi hột 😭,Lo âu,Sức khỏe tâm thần / Tâm lý,"Nghe bạn nói, mình cảm nhận được bạn đang rất lo lắng về tương lai. Cảm giác mông lung đó thật không dễ chịu, nhưng thử chia nhỏ mục tiêu từng bước xem sao, có thể sẽ đỡ áp lực hơn. Hãy nhớ, bạn không cần phải giải quyết mọi thứ ngay lập tức, chỉ cần bắt đầu từ điều nhỏ nhất thôi."
Tao đang đi đường thì bị tạt nước nên phát rồ,Tức giận,Đời sống & Xã hội,"Bị tạt nước giữa đường chắc hẳn làm bạn khó chịu lắm, cảm giác bất công và bực bội là điều dễ hiểu. Hãy cố gắng bình tĩnh và nếu có thể, tránh để sự việc này làm ảnh hưởng quá nhiều đến tâm trạng cả ngày của bạn. Bạn luôn có quyền bày tỏ sự không hài lòng với những điều không đúng."
Chời ơi crush có người yêu nên chẳng muốn làm gì ...,Buồn bã,Tình cảm / Mối quan hệ,"Mình hiểu cảm giác hụt hẫng khi crush có người yêu, khó mà tránh được buồn bã. Nhưng hãy nhớ rằng, bạn xứng đáng với một người thực sự dành tình cảm và sự quan tâm cho bạn. Tạm thời, hãy dành thời gian chăm sóc bản thân và làm điều mình thích để thấy nhẹ lòng hơn nhé."
Tự nhiên chờ mãi không thấy rep tin nhắn nên áp lực thực sự 😥,Lo âu,Tình cảm / Mối quan hệ,"Có vẻ như bạn đang rất lo lắng vì chờ phản hồi từ người kia. Điều này cho thấy bạn rất quan tâm đến mối quan hệ này. Hãy thử dành thời gian cho bản thân và các hoạt động khác trong khi chờ đợi, biết đâu câu trả lời sẽ đến khi bạn ít ngờ nhất."
Tớ bị sếp la nên tủi thân ghê,Buồn bã,Công việc / Sự nghiệp,"Bị sếp la có thể khiến bạn cảm thấy buồn và tự ti, điều đó hoàn toàn bình thường. Hãy thử xem xét lý do sếp phản hồi để rút kinh nghiệm, nhưng đừng để nó làm bạn mất đi sự tự tin. Bạn là một phần quan trọng của đội ngũ mà!"
Tao đang đi đường thì bị tạt nước nên cay thật sự 🙄,Tức giận,Đời sống & Xã hội,"Bị tạt nước bất ngờ thì bực mình thật đấy, ai mà không cay. Chắc lúc đó bạn ngỡ ngàng lắm, nhưng nghĩ tích cực chút, coi như xui xẻo qua đi, về nhà nghỉ ngơi để lấy lại tinh thần nhé!"
Tao được crush rủ đi chơi nên anh em ơiii 💸 🥰,Vui vẻ,Tình cảm / Mối quan hệ,"Nghe thôi đã thấy phấn khích rồi! Đây là cơ hội tuyệt vời để bạn và crush hiểu nhau hơn, cứ là chính mình và tận hưởng khoảnh khắc này nhé. Chúc buổi đi chơi thật vui và đáng nhớ!"
Mình chốt đơn thành công món đồ ao ước nên Yayyy! haha,Vui vẻ,Đời sống & Xã hội,"Chúc mừng bạn đã chốt đơn được món đồ ao ước nhé! Cảm giác đạt được thứ mình yêu thích thật tuyệt vời, phải không nào? Hãy tận hưởng niềm vui này và đừng quên khoe với bạn bè để cùng chia sẻ hạnh phúc nè!"
Mọi người ơi cảm thấy cô đơn lạc lõng nên chán nản thật sự ...,Buồn bã,Sức khỏe tâm thần / Tâm lý,"Cảm giác cô đơn và lạc lõng có thể khiến bạn thấy mệt mỏi và mất phương hướng. Hãy thử chia sẻ cảm xúc của mình với ai đó mà bạn tin tưởng hoặc tìm một hoạt động mới để kết nối với người khác. Đôi khi, việc thay đổi không gian xung quanh hoặc đơn giản là chăm sóc bản thân cũng giúp tâm trạng khá hơn."
Tự nhiên bị overthinking trước khi ngủ nên lo lắng tột độ 😭,Lo âu,Sức khỏe tâm thần / Tâm lý,"Overthinking trước khi ngủ làm bạn lo lắng nhiều, điều này thật mệt mỏi đúng không? Bạn có thể thử viết những suy nghĩ ra giấy hoặc tập trung vào hơi thở để thư giãn. Hãy cho bản thân một cơ hội để nghỉ ngơi, bạn xứng đáng với điều đó."
Mọi người ơi không biết ngày mai sẽ ra sao nên hoang mang hic,Lo âu,Sức khỏe tâm thần / Tâm lý,"Cảm giác hoang mang về ngày mai là điều ai cũng trải qua lúc này lúc khác. Nếu quá lo lắng, bạn có thể thử tập trung vào những việc nhỏ mình kiểm soát được trong hiện tại, như chuẩn bị tốt cho ngày mai hay thư giãn để đầu óc tỉnh táo hơn. Chăm sóc bản thân từng chút một sẽ giúp bạn cảm thấy vững tâm hơn."
Dạo này nay đi đường không bị tắc nên anh em ơiii 💸 kaka,Vui vẻ,Đời sống & Xã hội,"Nghe bạn kể mà thấy niềm vui lan tỏa luôn! Đi đường thoáng thoải mái như vậy đúng là nhẹ nhõm hẳn, vừa tiết kiệm thời gian vừa đỡ căng thẳng, nhỉ?"
Tự nhiên cảm thấy cô đơn lạc lõng nên buồn xíu xiu 💔,Buồn bã,Sức khỏe tâm thần / Tâm lý,"Cảm giác cô đơn và lạc lõng có thể đến bất chợt và làm mình buồn. Nếu được, hãy thử dành thời gian làm điều bạn thích hoặc nói chuyện với ai đó mà bạn tin tưởng. Đôi khi chỉ cần một chút kết nối nhỏ cũng giúp mình cảm thấy dễ chịu hơn nhiều."
Tớ crush có người yêu nên chán nản thật sự hic,Buồn bã,Tình cảm / Mối quan hệ,Việc crush của bạn có người yêu chắc hẳn khiến bạn thấy hụt hẫng và buồn lòng. Cảm giác này là hoàn toàn bình thường khi tình cảm không được đáp lại như mong đợi. Hãy cho bản thân thời gian để vượt qua và tập trung vào những điều làm bạn vui vẻ hơn nhé.
Tự nhiên crush có người yêu nên chẳng muốn làm gì 😔,Buồn bã,Tình cảm / Mối quan hệ,"Mình hiểu cảm giác hụt hẫng của bạn khi crush đã có người yêu, điều đó thật khó chịu đúng không? Hãy cho bản thân một chút thời gian để quen dần với cảm xúc này và tìm niềm vui từ những điều khác quan trọng trong cuộc sống của bạn. Bạn xứng đáng được yêu thương và hạnh phúc, hãy nhớ điều đó nhé!"
Tớ đứa bạn mượn tiền không trả nên phát rồ 🔥,Tức giận,Tài chính / Nợ nần,"Việc bạn cảm thấy tức giận khi bạn bè không giữ lời hứa là hoàn toàn dễ hiểu. Hãy thử nói chuyện thẳng thắn với họ, nhấn mạnh tầm quan trọng của việc trả nợ đúng hạn. Nếu tình huống không cải thiện, bạn cũng nên cân nhắc về cách quản lý mối quan hệ tài chính trong tương lai để tránh cảm giác bực bội như thế này."
Mọi người ơi không ai hiểu mình nên thấy trống rỗng haiz,Buồn bã,Sức khỏe tâm thần / Tâm lý,"Cảm giác trống rỗng khi không ai hiểu mình thật khó chịu, phải không? Có thể thử chia sẻ cảm xúc với một người mà bạn tin tưởng hoặc viết ra nhật ký để giải tỏa. Đừng quên rằng đôi khi chỉ cần tìm được một người lắng nghe cũng giúp nhẹ lòng hơn nhiều."
Dạo này bài thi được điểm cao nên tuyệt vời 🥰,Vui vẻ,Học tập / Thi cử,"Chúc mừng bạn đã đạt điểm cao, điều đó cho thấy sự cố gắng của bạn đã được đền đáp! Hãy tận hưởng niềm vui này và tiếp tục giữ vững phong độ nha, bạn xứng đáng với thành quả này lắm!"
Tớ được crush rủ đi chơi nên vui xỉu 😆,Vui vẻ,Tình cảm / Mối quan hệ,"Wow, nghe thích quá luôn! Được crush rủ đi chơi chắc hẳn làm cậu cảm thấy phấn khích lắm nhỉ. Nhớ tận hưởng trọn vẹn buổi đi chơi và cứ là chính mình để tạo thêm nhiều kỷ niệm đẹp nhé!"
Tôi bài thi được điểm cao nên anh em ơiii 💸 😆,Vui vẻ,Học tập / Thi cử,Chúc mừng bạn nhé! Cảm giác đạt điểm cao sau khi nỗ lực thật tuyệt vời phải không? Hãy tự thưởng cho bản thân một chút để ăn mừng thành quả này nha!
Chời ơi lương về rồi nên hạnh phúc quá 🥰,Vui vẻ,Tài chính / Nợ nần,"Nghe lương về mà bạn vui như vậy cũng thấy lây niềm vui luôn á! Chắc bạn đã chờ ngày này lâu lắm, giờ thì tha hồ tự thưởng cho bản thân hoặc làm điều mình thích nha."
Anh em ơi trời mưa tự nhiên nhớ người yêu cũ nên chán nản thật sự 😔,Buồn bã,Tình cảm / Mối quan hệ,"Mình hiểu cảm giác trời mưa dễ làm lòng người chùng xuống, nhất là khi nhớ về người cũ. Có lẽ kỷ niệm ùa về khiến bạn chán nản, nhưng hãy thử làm điều gì đó bạn yêu thích để tập trung vào hiện tại. Dần dần, bạn sẽ thấy thoải mái hơn."
Hôm nay trời mưa tự nhiên nhớ người yêu cũ nên buồn xíu xiu ...,Buồn bã,Tình cảm / Mối quan hệ,"Những ngày mưa thường dễ khiến cảm xúc ùa về, nhất là khi nhớ người yêu cũ. Điều đó hoàn toàn bình thường, cho thấy bạn từng trân trọng mối quan hệ đó. Hãy cho bản thân chút thời gian để cảm nhận, nhưng cũng nhớ chăm sóc tâm trạng của mình nhé!"
Tao bài thi được điểm cao nên quá đã =)),Vui vẻ,Học tập / Thi cử,"Đỉnh thật! Điểm cao thế này chắc hẳn là kết quả của bao công sức học hành. Tự thưởng cho mình một món gì ngon ngon để ăn mừng đi, bạn xứng đáng lắm!"
Mọi người ơi nuôi con mèo mà nó đi mất nên chán nản thật sự 😔,Buồn bã,Thú cưng / Động vật,"Mất mèo chắc khiến bạn cảm thấy trống trải lắm, vì mèo không chỉ là thú cưng mà còn là một người bạn thân. Bạn thử đi tìm xung quanh khu vực gần nhà, hỏi hàng xóm hoặc đăng tin lên mạng xem sao, có thể sẽ giúp tìm lại được bạn nhỏ ấy."
Hôm nay nay đi làm về mệt quá nên thấy trống rỗng haiz,Buồn bã,Công việc / Sự nghiệp,"Nghe bạn kể thấy hôm nay thật sự là một ngày mệt mỏi. Công việc có lúc căng thẳng khiến mình cảm thấy trống rỗng, nhưng đừng quên dành chút thời gian cho bản thân để nghỉ ngơi và nạp lại năng lượng nhé. Có thể thử làm gì đó bạn thích để thư giãn hơn sau một ngày dài."
Tớ mai đi phỏng vấn mà run quá nên trằn trọc mãi mới chợp mắt được huhu,Lo âu,Công việc / Sự nghiệp,"Phỏng vấn là chuyện không dễ, nên cảm giác lo lắng là bình thường thôi. Bạn có thể thử hít thở sâu hoặc nghe nhạc nhẹ trước khi ngủ để thư giãn. Sáng mai, hãy nhớ tự tin và tin vào những gì mình chuẩn bị nhé!"
Mọi người ơi nghĩ về tương lai mông lung quá nên hoang mang 😰,Lo âu,Sức khỏe tâm thần / Tâm lý,"Cảm giác mông lung khi nghĩ về tương lai là điều ai cũng có lúc trải qua. Thay vì lo lắng quá nhiều, bạn có thể thử tập trung vào những việc nhỏ mình kiểm soát được ngay lúc này. Mỗi bước nhỏ sẽ giúp bạn cảm thấy vững vàng hơn và dần dần định hình được hướng đi của mình."
Anh em ơi nay đi làm về mệt quá nên mệt mỏi 😔,Buồn bã,Công việc / Sự nghiệp,"Hôm nay mệt quá rồi, chắc công việc căng thẳng lắm nhỉ? Thử dành chút thời gian nghỉ ngơi và làm điều gì mình thích để xả stress nhé. Ngày mai mọi thứ sẽ nhẹ nhàng hơn khi bạn đã nạp lại năng lượng."
Tao đã dặn không ăn hành mà vẫn bỏ hành nên phát rồ 😡,Tức giận,Đời sống & Xã hội,"Nghe có vẻ bạn đã rất bực mình vì chuyện này. Ai cũng có những lúc kỳ vọng mà không được đáp ứng, điều này dễ khiến mình cảm thấy khó chịu. Có lẽ bạn có thể thử nhắc lại rõ ràng hơn trong lần tới để tránh sự cố tương tự xảy ra. Hy vọng mọi chuyện sẽ tốt hơn lần sau!"
Tao sợ rớt môn quá nên sợ hãi 😭,Lo âu,Học tập / Thi cử,"Tao hiểu cảm giác lo lắng khi đối mặt với chuyện rớt môn, áp lực lắm đúng không? Nhưng thay vì để nỗi sợ chi phối, thử xem lại kế hoạch học tập của mình, tập trung vào các điểm yếu. Nếu cần, có thể nhờ bạn bè hoặc thầy cô hỗ trợ. Cố gắng từng chút một thôi!"
Tớ mạng lag lúc đang chơi game nên tức á 😡,Tức giận,Đời sống & Xã hội,"Bị lag mạng lúc đang chơi game thì bực thật, tớ hiểu cảm giác đó. Có khi thử kiểm tra lại kết nối mạng hoặc nghỉ một chút rồi chơi tiếp cũng giúp giảm bực đấy. Game là để vui mà, đừng để nó làm mình căng thẳng quá nhé!"
Mình mai đi phỏng vấn mà run quá nên nhỡ rớt chắc xỉu ngang 😰,Lo âu,Công việc / Sự nghiệp,"Cảm giác hồi hộp trước phỏng vấn là bình thường mà, chứng tỏ bạn thực sự quan tâm đến cơ hội này. Hãy thử hít thở sâu, chuẩn bị kỹ những gì bạn muốn nói và tin vào khả năng của mình. Bạn đã cố gắng đến đây, nên cứ tự tin thể hiện nhé!"
Dạo này đang đi đường thì bị tạt nước nên tức á 💢,Tức giận,Đời sống & Xã hội,"Bị tạt nước khi đang đi đường đúng là bực mình thật, cảm giác như mình bị đối xử thiếu tôn trọng. Bạn cứ xả hết bực tức ra đây nếu muốn, nhưng nhớ cẩn thận để tránh những tình huống tương tự nhé. Chuyện không vui này rồi cũng sẽ qua thôi."
Tao bị rớt môn rồi nên tuyệt vọng 😢,Buồn bã,Học tập / Thi cử,"Mình hiểu cảm giác thất vọng khi bị rớt môn, điều đó không dễ chịu chút nào. Nhưng mỗi lần vấp ngã lại là cơ hội để học hỏi và phát triển. Hãy xem lại những gì chưa ổn và lên kế hoạch cải thiện, bạn hoàn toàn có thể vượt qua lần tới!"
Tôi đứa bạn mượn tiền không trả nên điên máu 🤬,Tức giận,Tài chính / Nợ nần,"Bị bạn mượn tiền mà không trả đúng hẹn thì rất bực mình, bạn có quyền cảm thấy như vậy. Nếu được, thử nói chuyện thẳng thắn với họ để giải quyết, vì giữ tiền và tình bạn cùng lúc không dễ đâu. Hoặc cân nhắc lại xem có nên tiếp tục giúp họ trong tương lai không nhé."
Tao đã dặn không ăn hành mà vẫn bỏ hành nên muốn chửi thề 🙄,Tức giận,Đời sống & Xã hội,"Nghe chuyện mà bực giùm bạn luôn! Ai cũng có quyền được tôn trọng ý kiến của mình, nhất là trong những điều nhỏ nhặt như không thích ăn hành. Chắc bạn cần nói thẳng thắn hơn để lần sau họ không làm bạn khó chịu nữa."
Hôm nay khách hàng dời lịch họp sát giờ nên bực mình ghê 💢,Tức giận,Công việc / Sự nghiệp,"Việc khách hàng dời lịch sát giờ chắc hẳn làm bạn cảm thấy bị thiếu tôn trọng và mất cân bằng. Thử dành chút thời gian để hít thở sâu hoặc làm điều gì đó bạn thích để giải tỏa bức xúc. Nếu có thể, hãy trao đổi rõ ràng với khách hàng lần sau để tránh tình huống tương tự."
Má ơi đã dặn không ăn hành mà vẫn bỏ hành nên điên máu 🙄,Tức giận,Đời sống & Xã hội,Nghe như bạn đang rất bực vì bị phớt lờ ý kiến của mình. Chuyện nhỏ thế này mà cũng làm mình điên máu thì đúng là ức chế thật. Lần tới bạn thử nhắc rõ ràng hơn hoặc tự kiểm tra trước khi ăn để tránh bực mình nhé!
Hôm nay lương về rồi nên vui xỉu =)),Vui vẻ,Tài chính / Nợ nần,"Lương về là cảm giác hạnh phúc nhất đúng không? Bạn tranh thủ thưởng cho bản thân một chút, rồi cân nhắc kế hoạch chi tiêu hợp lý để vừa vui vừa an tâm nhé!"
Mình được crush rủ đi chơi nên hạnh phúc quá ✨,Vui vẻ,Tình cảm / Mối quan hệ,"Nghe bạn hạnh phúc thế này mình cũng vui lây! Được crush rủ đi chơi là một dấu hiệu tốt, hãy tận hưởng thời gian này và cứ là chính mình nhé. Chúc buổi hẹn của bạn thật tuyệt vời!"
Chời ơi đang đi đường thì bị tạt nước nên cay thật sự 🔥,Tức giận,Đời sống & Xã hội,"Bị tạt nước giữa đường chắc chắn làm bạn thấy bực mình và khó chịu lắm. Hãy xem như một sự cố không đáng có và cố giữ bình tĩnh để tiếp tục ngày của mình, nhé. Nếu có thể, hãy chia sẻ với bạn bè để giải tỏa cảm xúc này."
Mình không ai hiểu mình nên tủi thân ghê,Buồn bã,Sức khỏe tâm thần / Tâm lý,"Mình hiểu cảm giác bị tủi thân khi nghĩ rằng không ai hiểu mình, thật sự không dễ chịu chút nào. Nhưng bạn không cô đơn đâu, đôi khi chỉ cần mở lòng hơn một chút, thử chia sẻ với một người mà bạn tin tưởng, có thể sẽ giúp bạn cảm thấy nhẹ nhõm hơn đó. Mình luôn ở đây để lắng nghe bạn."
Dạo này ship đồ ăn mà thiếu món nên không chịu nổi 🤬,Tức giận,Đời sống & Xã hội,"Có vẻ bạn đang rất bực mình vì dịch vụ không như mong đợi. Gặp tình huống vậy thật phiền toái, nhất là khi bạn chỉ muốn có một bữa ăn đầy đủ. Có lẽ bạn nên thử phản hồi hoặc liên hệ với bên giao hàng để họ cải thiện dịch vụ nhé."
Má ơi trời mưa tự nhiên nhớ người yêu cũ nên buồn xíu xiu 😢,Buồn bã,Tình cảm / Mối quan hệ,"Nhớ người yêu cũ là cảm xúc rất tự nhiên, nhất là khi trời mưa làm kỷ niệm ùa về. Hãy cho mình chút thời gian để cảm nhận, rồi thử làm gì đó khiến bạn vui như nghe nhạc hoặc nhắn tin tâm sự với bạn thân nhé. Điều quan trọng là chăm sóc cảm xúc của chính mình trong lúc này."
Hôm nay áp lực đồng trang lứa đè nặng nên tim đập thình thịch huhu,Lo âu,Sức khỏe tâm thần / Tâm lý,"Cảm giác bị áp lực đồng trang lứa thực sự khó khăn, và tim đập nhanh có thể là phản ứng của cơ thể khi lo âu. Hãy thử hít thở sâu, thư giãn từng chút một để làm dịu lại. Nhớ rằng bạn đang đi trên con đường của chính mình, và không cần phải so sánh với bất kỳ ai."
Tôi bị sếp la nên tủi thân ghê 😢,Buồn bã,Công việc / Sự nghiệp,"Bị sếp la thật sự dễ khiến mình tủi thân lắm, đặc biệt nếu bạn đã cố gắng nhiều. Nhưng bạn hãy nhớ rằng, có thể sếp chỉ đang muốn công việc tốt hơn chứ không phải đánh giá con người bạn. Hãy dành chút thời gian để bình tĩnh lại và tự động viên bản thân nhé."
Chời ơi không ai hiểu mình nên mệt mỏi 😢,Buồn bã,Bạn bè / Giao tiếp xã hội,"Nghe bạn chia sẻ thấy bạn đang thực sự cô đơn và mệt mỏi khi cảm giác không ai thấu hiểu. Đôi khi cuộc sống cần người lắng nghe mình thật lòng, hãy thử tìm đến một người bạn tin tưởng hoặc tham gia các nhóm có cùng sở thích để tìm sự đồng cảm nhé."
Dạo này nay đi làm về mệt quá nên tuyệt vọng 😔,Buồn bã,Công việc / Sự nghiệp,"Nghe bạn kể, mình cảm nhận được công việc đang khiến bạn rất kiệt sức và áp lực. Có thể bạn cần dành thời gian cho bản thân, nghỉ ngơi hoặc thử giải tỏa bằng những hoạt động bạn yêu thích. Nếu cảm thấy cần, hãy trò chuyện với sếp hoặc đồng nghiệp để tìm cách giảm bớt gánh nặng."
Tự nhiên được crush rủ đi chơi nên vui xỉu 🎉,Vui vẻ,Tình cảm / Mối quan hệ,Được crush rủ đi chơi là cảm giác tuyệt vời lắm đúng không! Hãy tận hưởng khoảnh khắc này và cứ là chính mình khi gặp người ấy nhé. Mong rằng buổi đi chơi sẽ càng làm bạn thêm vui và gần gũi hơn với crush của mình!
Mọi người ơi được crush rủ đi chơi nên vui cả ngày kaka =)) haha,Vui vẻ,Tình cảm / Mối quan hệ,"Được crush rủ đi chơi chắc vui lắm nhỉ! Khoảnh khắc này đáng nhớ lắm đó, hãy tận hưởng và lưu lại những kỷ niệm đẹp nhé. Mong rằng buổi đi chơi sẽ thật tuyệt vời và mang đến thêm nhiều niềm vui cho bạn!"
Tự nhiên crush có người yêu nên tủi thân ghê haiz,Buồn bã,Tình cảm / Mối quan hệ,"Mình hiểu cảm giác tủi thân của bạn khi crush có người yêu, điều đó không dễ dàng chút nào. Hãy cho bản thân thời gian để chấp nhận và tập trung vào những điều tích cực trong cuộc sống của mình nhé, bạn xứng đáng được yêu thương và trân trọng."
Tao giải quyết xong đống task tồn đọng nên cảm thấy yêu đời haha,Vui vẻ,Công việc / Sự nghiệp,"Hoàn thành xong đống task tồn đọng chắc hẳn là cảm giác nhẹ nhõm và sảng khoái lắm nhỉ! Cứ giữ tinh thần yêu đời như vậy, bạn sẽ có thêm động lực để chinh phục những thử thách tiếp theo trong công việc. Tự thưởng cho mình chút gì đó để ăn mừng nha!"
Mình thấy tài khoản cạn tiền mà hoang mang nên thót tim ...,Lo âu,Tài chính / Nợ nần,"Cảm giác hoang mang khi thấy tài khoản cạn tiền là điều dễ hiểu, vì tài chính luôn là mối lo lớn. Bạn thử xem xét lại các khoản chi gần đây và lên kế hoạch chi tiêu cụ thể hơn nhé. Điều này sẽ giúp bạn kiểm soát tình hình và giảm bớt lo lắng."
Hôm nay lương về rồi nên anh em ơiii 💸 😎,Vui vẻ,Tài chính / Nợ nần,"Lương về là cảm giác tuyệt vời nhất, đúng không nào? Chúc bạn chi tiêu hợp lý, tận hưởng niềm vui hôm nay và cũng nhớ để dành một chút cho tương lai nhé!"
Mình khách hàng dời lịch họp sát giờ nên không chịu nổi,Tức giận,Công việc / Sự nghiệp,Việc khách hàng dời lịch họp sát giờ thực sự rất khó chịu và làm bạn mất kiểm soát thời gian. Bạn có thể cân nhắc trao đổi rõ ràng hơn với họ về mong muốn được thông báo sớm để tránh ảnh hưởng đến công việc. Đặt ranh giới cũng là cách bảo vệ bản thân và hiệu suất làm việc của mình.
Tự nhiên tìm được quán cafe ưng ý nên cảm thấy yêu đời 🥰,Vui vẻ,Đời sống & Xã hội,"Thật tuyệt khi bạn tìm được một quán cafe ưng ý! Những khoảnh khắc nhỏ như vậy đôi khi lại làm cho cuộc sống thêm phần thú vị và đáng yêu. Hãy tận hưởng cảm giác yêu đời này nhé, vì nó chính là nguồn năng lượng tích cực cho bạn."
Tự nhiên thấy tài khoản cạn tiền mà hoang mang nên hoang mang hic,Lo âu,Tài chính / Nợ nần,"Việc tài khoản cạn tiền bất ngờ chắc khiến bạn lo lắng nhiều. Bạn thử kiểm tra lại lịch sử giao dịch để xác định nguyên nhân nhé, có thể giải quyết dễ hơn khi biết rõ nguồn cơn. Nếu cần hỗ trợ tài chính ngay, đừng ngại chia sẻ với người thân hoặc bạn bè đáng tin cậy."
Tôi nghĩ về tương lai mông lung quá nên không biết đi đúng hướng không 😰,Lo âu,Công việc / Sự nghiệp,"Cảm giác mông lung về tương lai thường xuất hiện khi mình chưa chắc chắn về mục tiêu hay con đường phía trước. Thử dành thời gian ngẫm lại những gì bạn thực sự muốn và giá trị bản thân bạn coi trọng, bạn sẽ tìm được định hướng rõ ràng hơn. Đừng lo, mông lung cũng là một phần của quá trình trưởng thành."
Má ơi bị sếp la nên muốn khóc 🥀,Buồn bã,Công việc / Sự nghiệp,"Bị sếp la chắc làm bạn cảm thấy áp lực và tủi thân lắm. Nhưng hãy nhớ rằng ai cũng có lúc mắc sai sót, và đây là cơ hội để bạn rút kinh nghiệm, phát triển bản thân. Nếu thấy quá nặng nề, hãy tự thưởng cho mình chút thời gian thư giãn để lấy lại cân bằng nhé."
Mọi người ơi nay đi làm về mệt quá nên tuyệt vọng 🥀,Buồn bã,Công việc / Sự nghiệp,"Nghe bạn nói mình cảm nhận được hôm nay bạn đã làm việc thật vất vả. Nếu có thể, hãy dành chút thời gian để nghỉ ngơi, làm điều bạn thích để nạp lại năng lượng. Đôi khi chỉ cần một giấc ngủ ngon cũng giúp mình cảm thấy tốt hơn rất nhiều."
Dạo này đứa bạn mượn tiền không trả nên muốn bùng cháy 😡,Tức giận,Tài chính / Nợ nần,"Nghe bạn kể thì rõ ràng chuyện này làm bạn rất bực mình. Có lẽ bạn nên thẳng thắn nhắc nhở người bạn đó về việc trả tiền, vì đôi khi họ có thể quên hoặc chưa sắp xếp được. Hãy giữ bình tĩnh trong cuộc nói chuyện để tránh làm căng thẳng thêm nhé."
Tao nuôi con mèo mà nó đi mất nên rơi nước mắt 🥀,Buồn bã,Thú cưng / Động vật,"Mất đi một người bạn nhỏ như mèo thật sự đau lòng lắm, mình hiểu cảm giác đó của bạn. Con mèo chắc hẳn đã mang lại rất nhiều niềm vui và kỷ niệm đẹp. Mong bạn giữ vững tinh thần, biết đâu nó sẽ tìm được đường về, hoặc có thể có ai đó sẽ tìm thấy và chăm sóc nó."
Hôm nay bị sếp la. Cảm thấy như người mất hồn 💔,Buồn bã,Công việc / Sự nghiệp,"Bị sếp la chắc hẳn làm bạn chạnh lòng và mất tinh thần. Đừng tự trách mình quá, ai cũng có lúc mắc sai lầm. Quan trọng là bạn rút kinh nghiệm, bình tĩnh đối diện và tiếp tục cố gắng. Bạn làm được mà!"
Anh em ơi bị hủy chuyến du lịch phút chót. Cảm thấy thấy trống rỗng ...,Buồn bã,Đời sống & Xã hội,"Bị hủy chuyến du lịch phút chót chắc làm bạn hụt hẫng lắm, vì mình biết bạn đã mong chờ rất nhiều. Cảm giác trống rỗng này là bình thường khi kế hoạch bị đảo lộn. Hãy thử làm một điều gì đó bạn thích ngay hôm nay, để bù lại phần nào năng lượng tích cực nhé."
Góc than vãn: gõ xong đoạn text dài mà chưa kịp save bị cúp điện. Cảm thấy không chịu nổi 👎,Tức giận,Công việc / Sự nghiệp,"Mất công sức viết xong mà lại không kịp lưu, đúng là bực mình thật. Có lẽ bạn đang cảm thấy rất ức chế vì công sức bị đổ sông đổ biển. Lần tới, thử đặt thói quen lưu tự động hoặc dùng các công cụ hỗ trợ sao lưu để tránh tình huống tương tự nhé."
Dạo này áp lực đồng trang lứa đè nặng. Cảm thấy thấy bất an ghê 😥,Lo âu,Sức khỏe tâm thần / Tâm lý,"Áp lực đồng trang lứa có thể làm mình cảm thấy bất an và tự ti, điều này là hoàn toàn bình thường. Hãy nhớ rằng mỗi người đều có hành trình riêng, và bạn không cần phải so sánh mình với họ. Tập trung vào những gì bạn đang làm tốt và những điều bạn thực sự muốn đạt được, điều đó mới quan trọng."
Dạo này chuẩn bị thuyết trình mà quên mang theo slide. Cảm thấy trằn trọc mãi mới chợp mắt được 😭,Lo âu,Học tập / Thi cử,"Quên slide khi chuẩn bị thuyết trình thực sự là điều dễ khiến mình lo lắng. Nhưng bạn đã cố gắng hết sức để chuẩn bị, và điều đó đáng được ghi nhận. Hãy thử lên kế hoạch trước cho các bước tiếp theo, như kiểm tra checklist trước khi ra ngoài, để tránh tình huống tương tự nhé!"
Tôi bị rớt môn rồi. Cảm thấy thấy trống rỗng 😞,Buồn bã,Học tập / Thi cử,Mình hiểu cảm giác trống rỗng khi gặp thất bại trong học tập. Đôi khi những khó khăn này là cơ hội để bạn hiểu rõ hơn về bản thân và tìm cách cải thiện. Hãy thử nhìn lại quá trình học và tìm nguyên nhân để lần sau bạn có thể làm tốt hơn nhé.
Chời ơi vừa chốt được hợp đồng lớn. Cảm thấy tuyệt vời 🥰,Vui vẻ,Công việc / Sự nghiệp,"Chúc mừng bạn đã chốt được hợp đồng lớn, đó là một thành tựu đáng tự hào! Thành công này chắc chắn là kết quả của sự nỗ lực và tài năng của bạn. Hãy tận hưởng niềm vui này và lấy đó làm động lực cho những bước tiến lớn hơn nhé!"
Mình cảm giác bị tụt hậu so với bạn bè. Cảm thấy áp lực thực sự 😰,Lo âu,Sức khỏe tâm thần / Tâm lý,"Cảm giác áp lực khi so sánh bản thân với bạn bè là điều nhiều người trải qua. Nhưng ai cũng có hành trình riêng, và bạn không cần phải chạy theo tiêu chuẩn của người khác. Hãy tập trung vào những mục tiêu của chính mình, từng bước nhỏ cũng là tiến bộ đáng tự hào."
Hôm nay bị trừ lương vì đi trễ. Cảm thấy muốn khóc 😞,Buồn bã,Công việc / Sự nghiệp,"Bị trừ lương vì đi trễ chắc hẳn làm bạn cảm thấy hụt hẫng và áp lực. Đừng quá trách bản thân, ai cũng có lúc gặp khó khăn. Hãy thử sắp xếp lại thời gian hoặc tìm cách cải thiện để tránh tình huống tương tự xảy ra nhé. Bạn sẽ làm tốt hơn vào lần sau!"
Tôi cứ nghĩ đến chuyện ra trường thất nghiệp là rén. Cảm thấy toát mồ hôi 🥲,Lo âu,Công việc / Sự nghiệp,"Cảm giác lo lắng khi nghĩ về tương lai sau khi ra trường là điều rất tự nhiên. Đôi khi, một kế hoạch nhỏ như liệt kê những kỹ năng bạn đã có và những lĩnh vực bạn muốn thử sức có thể giúp bạn cảm thấy tự tin hơn. Hãy nhớ rằng, bạn không phải bước đi một mình, có thể tìm sự hỗ trợ từ bạn bè, người thân hoặc thầy cô."
Má ơi nuôi con mèo mà nó đi mất. Cảm thấy muốn khóc 🥀,Buồn bã,Thú cưng / Động vật,"Mất một người bạn nhỏ như mèo thật sự đau lòng, mình hiểu cảm giác của bạn. Chắc mèo cưng của bạn cũng nhớ bạn nhiều lắm. Bạn thử đi tìm quanh khu vực lân cận hoặc hỏi hàng xóm xem có ai thấy mèo không nhé, biết đâu sẽ có tin vui."
Má ơi gõ xong đoạn text dài mà chưa kịp save bị cúp điện. Cảm thấy tức phát khóc 🔥,Tức giận,Đời sống & Xã hội,"Mất công gõ mà lại mất hết chỉ vì cúp điện thật sự bực mình. Lần sau, bạn thử bật chế độ tự động lưu hoặc lưu thường xuyên hơn để tránh trường hợp này nha. Bây giờ nếu nhớ được ý chính, bạn có thể cố viết lại, đôi khi lại ra ý hay hơn đấy!"
Mọi người ơi sếp khen cái project mới. Cảm thấy Yayyy! ✌️,Vui vẻ,Công việc / Sự nghiệp,"Chúc mừng bạn nha! Được sếp khen là một sự ghi nhận nỗ lực tuyệt vời, bạn xứng đáng với điều đó. Hãy tận hưởng cảm giác này và tiếp tục phát huy trong các dự án tiếp theo nhé!"
Tôi bị hủy chuyến du lịch phút chót. Cảm thấy thấy trống rỗng 💔,Buồn bã,Đời sống & Xã hội,"Mình hiểu cảm giác hụt hẫng khi một điều bạn mong chờ bị hủy bỏ đột ngột. Bạn đã dành rất nhiều kỳ vọng và chuẩn bị cho chuyến đi. Có lẽ bạn có thể thử làm một điều gì đó khác để bù đắp, như một ngày thư giãn tại nhà hoặc lên kế hoạch cho chuyến đi khác sau này."
Má ơi bị hủy chuyến du lịch phút chót. Cảm thấy muốn khóc 🥀,Buồn bã,Đời sống & Xã hội,"Bị huỷ chuyến du lịch phút chót chắc hẳn khiến bạn hụt hẫng và buồn bã lắm, nhất là khi đã háo hức chờ đợi. Hãy cho phép mình cảm nhận cảm xúc đó, rồi tìm cách bù đắp như lên kế hoạch cho một trải nghiệm khác thú vị trong tương lai. Đôi khi, những điều bất ngờ lại dẫn đến những cơ hội mới mẻ hơn."
Tôi bị nói xấu sau lưng. Cảm thấy tủi thân ghê 😔,Buồn bã,Bạn bè / Giao tiếp xã hội,"Bị nói xấu sau lưng thực sự làm mình cảm thấy tổn thương và tủi thân. Điều này không phản ánh giá trị bản thân bạn đâu, mà chỉ cho thấy người kia chưa đủ chân thành. Hãy cố gắng tập trung vào những mối quan hệ tích cực và những người thực sự quan tâm đến bạn nhé."
Tự nhiên mạng lag lúc đang chơi game. Cảm thấy giận tím người 🤬,Tức giận,Đời sống & Xã hội,"Chơi game mà mạng lag đúng là bực mình thật. Có vẻ bạn đang rất tập trung và mong muốn có trải nghiệm tốt, nên sự cố này làm bạn giận dữ. Thử thư giãn một chút, hít thở sâu để giảm căng thẳng, rồi kiểm tra lại mạng xem có cải thiện được không nhé!"
Dạo này bị bom hàng. Cảm thấy sôi máu 🔥,Tức giận,Đời sống & Xã hội,"Bị bom hàng đúng là bực thật, vừa mất thời gian lại cảm thấy không được tôn trọng. Có lẽ bạn nên xem xét các biện pháp như yêu cầu đặt cọc trước hoặc giao dịch qua nền tảng có bảo vệ quyền lợi để tránh tình huống này lặp lại. Đừng để sự tức giận làm ảnh hưởng đến tâm trạng cả ngày nhé."
Chời ơi không ai hiểu mình. Cảm thấy tuyệt vọng ...,Buồn bã,Sức khỏe tâm thần / Tâm lý,"Cảm giác không ai hiểu mình thật sự rất cô đơn và nặng nề. Mình rất tiếc khi bạn phải trải qua điều này. Nếu bạn muốn, hãy thử chia sẻ thêm với ai đó mà bạn tin tưởng, hoặc viết ra cảm xúc của mình, đôi khi nó giúp tâm trí nhẹ nhõm hơn một chút."
Má ơi đang đi đường thì bị tạt nước. Cảm thấy bực mình ghê 😡,Tức giận,Đời sống & Xã hội,"Bị tạt nước khi đang đi đường đúng là bực mình thật, ai mà không khó chịu chứ! Nhưng giữ bình tĩnh nhé, để tránh ảnh hưởng đến tâm trạng cả ngày. Nếu có thể, hãy nghĩ rằng đó chỉ là một sự cố nhỏ và tiếp tục ngày của bạn một cách vui vẻ hơn."
Mọi người ơi mạng lag lúc đang chơi game. Cảm thấy muốn bùng cháy 🔥,Tức giận,Đời sống & Xã hội,"Đang chơi game mà mạng lag thì dễ cáu lắm, nhất là khi đang hăng say. Lần sau bạn thử kiểm tra mạng trước khi chơi, hoặc nếu có thể, tìm một chỗ mạng ổn định hơn. Chơi game phải vui mà, đừng để chuyện này làm mất hứng quá lâu nhé!"
Hôm nay chơi game gặp trúng đồng đội toxic. Cảm thấy phát điên 😤,Tức giận,Bạn bè / Giao tiếp xã hội,"Chơi game mà gặp đồng đội toxic đúng là bực mình thật! Hãy tạm nghỉ một lúc, làm điều gì đó thư giãn để cân bằng lại cảm xúc. Lần sau, bạn có thể chọn tắt chat hoặc chơi cùng nhóm bạn thân để tránh gặp phải tình huống tương tự."
Chời ơi đang đi đường thì bị tạt nước. Cảm thấy cay thật sự 💢,Tức giận,Đời sống & Xã hội,"Bị tạt nước bất ngờ như vậy thì đúng là bực mình thật. Điều này không chỉ làm khó chịu mà còn ảnh hưởng đến ngày của bạn. Nếu được, hãy cố gắng bình tĩnh và tiếp tục ngày của mình, vì những chuyện như thế không đáng để làm bạn buồn lâu."
Hôm nay đã dặn không ăn hành mà vẫn bỏ hành. Cảm thấy bực mình ghê 🤬,Tức giận,Đời sống & Xã hội,"Bực mình vì chuyện nhỏ như vậy cũng dễ hiểu chứ, nhất là khi bạn đã dặn trước mà người ta vẫn không làm đúng. Điều này cho thấy việc lắng nghe và tôn trọng ý kiến là rất quan trọng. Nếu có thể, bạn hãy nhắc lại mong muốn của mình rõ ràng hơn lần sau nhé, để tránh lặp lại tình huống này!"
Tao nuôi con mèo mà nó đi mất. Cảm thấy thấy trống rỗng haiz,Buồn bã,Thú cưng / Động vật,"Mất mèo là một cảm giác khó chịu lắm, tao hiểu sự trống rỗng mà mày đang cảm thấy. Mèo là bạn đồng hành gần gũi, mất nó giống như mất đi một phần trong cuộc sống. Nếu có thể, thử tìm kiếm nó xung quanh hoặc chia sẻ với hàng xóm gần đó, biết đâu lại có tin vui."
Chời ơi chuẩn bị thuyết trình mà quên mang theo slide. Cảm thấy thót tim 😭,Lo âu,Học tập / Thi cử,"Quên slide chắc làm bạn hoảng lắm, nhưng hãy bình tĩnh xem có cách nào ứng cứu không, như mượn laptop bạn bè hoặc thuyết trình không cần slide. Quan trọng hơn, hãy tự tin vào nội dung bạn đã chuẩn bị, vì nó mới là điều mọi người chú ý nhất!"
Chời ơi chờ mòn mỏi mà không có kết quả tốt. Cảm thấy tủi thân ghê 😢,Buồn bã,Công việc / Sự nghiệp,"Nghe bạn chia sẻ, mình cảm nhận được nỗi tủi thân khi đã cố gắng chờ đợi mà kết quả chưa như mong đợi. Điều này hẳn khiến bạn cảm thấy hụt hẫng và mệt mỏi. Hãy cho mình một chút thời gian để nhìn lại và tìm hướng đi mới, bạn xứng đáng với những điều tốt đẹp hơn!"
Mọi người ơi cảm thấy cô đơn lạc lõng. Cảm thấy chán nản thật sự 😞,Buồn bã,Sức khỏe tâm thần / Tâm lý,"Nghe bạn nói thế, mình cảm nhận được bạn đang rất mệt mỏi và cảm thấy trống trải. Những lúc như vậy, thử tìm một ai đó để chia sẻ hoặc làm điều mình yêu thích có thể giúp bạn cảm thấy dễ chịu hơn. Bạn không cô đơn đâu, có nhiều người xung quanh quan tâm đến bạn đấy."
Má ơi bốc trúng phần thưởng to. Cảm thấy hạnh phúc quá ✨,Vui vẻ,Đời sống & Xã hội,"Wow, nghe mà thấy vui lây với bạn luôn! Bốc trúng phần thưởng to đúng là may mắn tuyệt vời, niềm vui này chắc chắn làm cho ngày của bạn thêm rực rỡ. Hãy tận hưởng và chia sẻ niềm hạnh phúc này với những người thân yêu nhé!"
Bản thân khối lượng công việc nhiều quá không biết bắt đầu từ đâu. Cảm thấy đổ mồ hôi hột ...,Lo âu,Công việc / Sự nghiệp,"Nghe bạn chia sẻ, có vẻ khối lượng công việc đang khiến bạn cảm thấy áp lực và bối rối. Hãy thử chia nhỏ công việc theo mức độ ưu tiên và bắt đầu từ việc đơn giản nhất. Từng bước một, bạn sẽ dần kiểm soát được nhịp độ và cảm thấy nhẹ nhõm hơn."
Tớ thấy tài khoản cạn tiền mà hoang mang. Cảm thấy bối rối hic,Lo âu,Tài chính / Nợ nần,"Tớ hiểu cảm giác hoang mang khi tài khoản cạn tiền, điều đó dễ làm mình lo lắng. Cậu có thể thử xem lại chi tiêu gần đây để tìm cách cân đối, hoặc tìm sự hỗ trợ nếu cần. Đừng áp lực quá, từng bước nhỏ sẽ giúp mọi thứ ổn hơn."
Chời ơi nuôi con mèo mà nó đi mất. Cảm thấy đau lòng quá 😭,Buồn bã,Thú cưng / Động vật,"Mất mèo là một cảm giác đau lòng lắm, vì nó là bạn đồng hành yêu quý của mình. Mình hiểu bạn đang buồn, nhưng đừng bỏ cuộc, hãy thử tìm kiếm xung quanh, đăng tin hoặc hỏi hàng xóm xem sao nhé. Hy vọng bạn sẽ sớm gặp lại bé mèo!"
Anh em ơi bị trừ lương vì đi trễ. Cảm thấy rơi nước mắt 🥀,Buồn bã,Công việc / Sự nghiệp,"Bị trừ lương vì đi trễ chắc hẳn làm bạn buồn và thất vọng nhiều lắm. Nhưng đừng để một lần sai sót nhỏ làm mất đi sự tự tin của mình nhé. Thử xem lại cách quản lý thời gian để cải thiện, bạn sẽ làm tốt hơn và không để điều này xảy ra nữa!"
Tui bốc trúng phần thưởng to. Cảm thấy sướng rơn 🤩,Vui vẻ,Đời sống & Xã hội,"Nghe bạn kể mà mình cũng cảm thấy vui lây! Được phần thưởng to thế này chắc là một khoảnh khắc đáng nhớ lắm, phải không? Hãy tận hưởng niềm vui này và chia sẻ niềm hạnh phúc với những người thân yêu nhé!"
Mình đã dặn không ăn hành mà vẫn bỏ hành. Cảm thấy không thể nuốt trôi 🔥,Tức giận,Đời sống & Xã hội,"Mình hiểu cảm giác bực bội khi người khác không tôn trọng yêu cầu của bạn, đặc biệt là chuyện ăn uống vốn rất cá nhân. Bạn có thể thử nhắc lại nhẹ nhàng nhưng rõ ràng để lần sau họ chú ý hơn. Đừng để chuyện nhỏ này làm ảnh hưởng tâm trạng bạn cả ngày nha!"
Tự nhiên sợ rớt môn quá. Cảm thấy không biết đi đúng hướng không 😭,Lo âu,Học tập / Thi cử,"Cảm giác lo lắng về việc học là bình thường, nhất là khi bạn đang đặt áp lực lên bản thân. Có lẽ bạn nên thử đặt ra một kế hoạch học tập nhỏ và tập trung vào từng bước nhỏ. Điều này sẽ giúp bạn cảm thấy rõ ràng hơn về hướng đi của mình và giảm bớt lo âu."
Chời ơi mới tậu được chiếc áo cực cháy. Cảm thấy Yayyy! 🥰,Vui vẻ,Đời sống & Xã hội,"Chiếc áo mới chắc phải xịn lắm nên bạn hào hứng thế này! Mình cảm nhận được niềm vui của bạn, mặc nó vào chắc sẽ thêm phần tự tin và rạng rỡ. Tận hưởng khoảnh khắc này nha!"
Tớ ship đồ ăn mà thiếu món. Cảm thấy điên máu 🔥,Tức giận,Đời sống & Xã hội,"Việc bị thiếu món khi đặt đồ ăn thật khó chịu, nhất là khi bạn đang đói hoặc mong chờ món đó. Bạn có thể liên hệ ngay với bên giao hàng để phản ánh và yêu cầu giải quyết. Hy vọng họ sẽ xử lý nhanh chóng để bạn cảm thấy dễ chịu hơn."
Mọi người ơi khách hàng dời lịch họp sát giờ. Cảm thấy phát điên 👊,Tức giận,Công việc / Sự nghiệp,"Khách hàng dời lịch sát giờ đúng là khiến mình bực bội lắm. Nhưng bạn cũng đã cố gắng chuẩn bị tốt, hãy hít thở sâu để giữ bình tĩnh và xử lý tình huống. Nếu có thể, trao đổi rõ ràng với họ để tránh tình trạng này lần sau nhé."
Tự nhiên ship đồ ăn mà thiếu món. Cảm thấy cay thật sự 🙄,Tức giận,Đời sống & Xã hội,"Bị thiếu món khi ship đồ ăn đúng là bực mình thật, nhất là khi bạn đã háo hức chờ đợi. Có lẽ bạn có thể liên hệ ngay với bên giao hàng để họ giải quyết kịp thời. Lần sau, có thể thử kiểm tra kỹ trước khi nhận hàng để tránh tình huống này nhé."
Tui cảm thấy cô đơn lạc lõng. Cảm thấy như người mất hồn 🥀,Buồn bã,Sức khỏe tâm thần / Tâm lý,"Nghe bạn nói, mình cảm nhận được bạn đang rất mệt mỏi và trống trải. Cảm giác cô đơn có thể làm mọi thứ trở nên nặng nề hơn, nhưng hãy thử dành thời gian chăm sóc bản thân, làm điều gì đó bạn yêu thích hoặc tìm ai đó để tâm sự. Mình tin rằng bạn sẽ cảm thấy nhẹ lòng hơn khi được chia sẻ."
Tao bị overthinking trước khi ngủ. Cảm thấy sợ hãi ...,Lo âu,Sức khỏe tâm thần / Tâm lý,"Cảm giác sợ hãi và overthinking trước khi ngủ thật sự rất mệt mỏi. Có thể thử viết ra những suy nghĩ trong đầu hoặc nghe nhạc nhẹ để tâm trí dịu lại. Nếu cảm giác này kéo dài, hãy thử tìm người để chia sẻ hoặc nhờ sự hỗ trợ từ chuyên gia tâm lý nhé."
Tự nhiên chuẩn bị thuyết trình mà quên mang theo slide. Cảm thấy tim đập thình thịch 🥶,Lo âu,Học tập / Thi cử,"Chắc bạn đang rất lo lắng khi nhận ra điều này, nhưng bình tĩnh lại một chút sẽ giúp bạn tập trung hơn. Có thể bạn thử trình bày mà không cần slide, tập trung vào ý chính bạn đã chuẩn bị trước. Đây cũng là cơ hội để bạn thể hiện sự ứng biến của mình đó!"
Má ơi bị rớt môn rồi. Cảm thấy tủi thân ghê haiz,Buồn bã,Học tập / Thi cử,"Rớt môn đúng là một cảm giác khó chịu, nhất là khi mình đã cố gắng nhiều. Nhưng đừng tự trách bản thân quá, mỗi trải nghiệm đều là bài học để mình trưởng thành hơn. Hãy xem đây là cơ hội để điều chỉnh cách học và cố gắng hơn trong tương lai nhé!"
Chời ơi bị rớt môn rồi. Cảm thấy tủi thân ghê 😢,Buồn bã,Học tập / Thi cử,"Rớt môn đúng là một cảm giác khó chịu và làm mình thấy tủi thân, nhưng đó không định nghĩa giá trị của bạn. Hãy thử xem đây như một trải nghiệm để hiểu rõ mình hơn, và sau đó lập kế hoạch vượt qua. Mọi người đều có những lúc không như ý, nhưng điều quan trọng là bạn không bỏ cuộc."
Tui cảm giác bị tụt hậu so với bạn bè. Cảm thấy hoang mang 🥶,Lo âu,Bạn bè / Giao tiếp xã hội,"Cảm giác như bị tụt lại phía sau bạn bè là điều rất dễ hiểu và ai cũng có thể trải qua. Mỗi người đều có hành trình riêng, và bạn cũng vậy. Hãy thử tập trung vào những điều bạn đang làm tốt và đặt ra mục tiêu nhỏ để tiến lên từng bước theo nhịp riêng của mình."
Chời ơi bốc trúng phần thưởng to. Cảm thấy cảm thấy yêu đời =)),Vui vẻ,Đời sống & Xã hội,"Nghe bạn kể mà thấy vui lây luôn! Trúng thưởng lớn thế này đúng là niềm vui bất ngờ, cứ tận hưởng khoảnh khắc yêu đời này hết mình nhé. Đôi khi những điều nhỏ bất ngờ lại làm cuộc sống thêm thú vị phải không nào?"
Tự nhiên chờ mòn mỏi mà không có kết quả tốt. Cảm thấy mệt mỏi haiz,Buồn bã,Công việc / Sự nghiệp,"Chờ đợi mà không thấy kết quả như mong đợi thật sự rất dễ làm mình kiệt sức. Có lẽ bạn nên dành một chút thời gian cho bản thân để thư giãn, nạp năng lượng. Sau đó, hãy thử xem xét lại cách tiếp cận và tìm những hướng đi mới để tiến lên nhé."
Góc than vãn: đã dặn không ăn hành mà vẫn bỏ hành. Cảm thấy không chịu nổi 🙄,Tức giận,Đời sống & Xã hội,"Việc bị bỏ hành vào món ăn khi đã dặn trước chắc làm bạn khó chịu lắm. Đôi khi, những điều nhỏ nhặt như vậy cũng khiến ta cảm thấy không được tôn trọng. Bạn có thể nhắc lại rõ ràng hơn với người chế biến, để lần sau họ không lặp lại lỗi này."
Anh em ơi sếp khen cái project mới. Cảm thấy không thể tin được kaka,Vui vẻ,Công việc / Sự nghiệp,"Quá đỉnh luôn! Được sếp khen thế này chứng tỏ công sức của bạn được công nhận rồi. Cứ giữ vững phong độ, tiếp tục sáng tạo và phát triển thêm nhé!"
Tôi bị rớt môn rồi. Cảm thấy đau lòng quá 😭,Buồn bã,Học tập / Thi cử,"Rớt môn chắc hẳn là một cảm giác nặng nề và khó chấp nhận. Nhưng đây không phải là dấu chấm hết, mà là cơ hội để bạn nhìn lại và cải thiện. Hãy tự nhắc nhở rằng thất bại chỉ là một bước trong hành trình dài, và bạn vẫn còn nhiều cơ hội để chứng minh khả năng của mình."
Má ơi sợ rớt môn quá. Cảm thấy áp lực thực sự 🥲,Lo âu,Học tập / Thi cử,"Nghe bạn chia sẻ, mình hiểu bạn đang rất lo lắng về môn học này. Cố gắng hít thở sâu và lên kế hoạch ôn tập cụ thể, bạn sẽ cảm thấy kiểm soát được tình hình hơn. Nếu cần, hãy nói chuyện với thầy cô hoặc bạn bè để được hỗ trợ kịp thời nhé!"
Tui bị trừ lương vì đi trễ. Cảm thấy buồn rười rượi 🥀,Buồn bã,Công việc / Sự nghiệp,"Bị trừ lương vì đi trễ chắc hẳn khiến bạn thấy thất vọng và áp lực. Có lẽ bạn có thể xem xét nguyên nhân đi trễ để tìm cách cải thiện, như điều chỉnh lịch trình hoặc sắp xếp thời gian tốt hơn. Đừng quá tự trách, mỗi lần vấp ngã là một cơ hội để trưởng thành hơn."
Anh em ơi giải quyết xong đống task tồn đọng. Cảm thấy không thể tin được 🎉,Vui vẻ,Công việc / Sự nghiệp,"Hoàn thành xong đống task tồn đọng chắc hẳn là một cảm giác tuyệt vời! Bạn đã rất nỗ lực để đạt được điều này, hãy tự thưởng cho mình một chút thời gian thư giãn và tận hưởng thành quả nhé."
Mình gõ xong đoạn text dài mà chưa kịp save bị cúp điện. Cảm thấy bực mình ghê 🔥,Tức giận,Đời sống & Xã hội,Mất công sức viết mà lại bị mất vì cúp điện thì bực mình thật sự. Có lẽ lần tới bạn cân nhắc dùng tính năng tự động lưu hoặc gõ trên những ứng dụng có backup tự động nha. Như vậy sẽ giúp tránh những tình huống khó chịu thế này.
Tui gõ xong đoạn text dài mà chưa kịp save bị cúp điện. Cảm thấy giận tím người 👎,Tức giận,Đời sống & Xã hội,"Mất công sức mà lại gặp sự cố bất ngờ như vậy thì bực mình lắm chứ. Có lẽ lần sau bạn thử bật chế độ tự động lưu hoặc lưu lại thường xuyên hơn để tránh tình huống này. Hôm nay bực vậy thôi, mai chắc sẽ dễ chịu hơn chút đấy."
Tui bị hủy chuyến du lịch phút chót. Cảm thấy mệt mỏi ...,Buồn bã,Đời sống & Xã hội,"Bị hủy chuyến đi vào phút chót chắc chắn khiến bạn thất vọng và mệt mỏi. Mình hiểu bạn đã mong chờ và chuẩn bị nhiều cho chuyến du lịch này. Hãy cho bản thân chút thời gian nghỉ ngơi, rồi bạn có thể lên kế hoạch cho một hành trình khác sớm nhất có thể nhé!"
Tớ nay đi đường không bị tắc. Cảm thấy vui cả ngày kaka =)) 😎,Vui vẻ,Đời sống & Xã hội,"Đi đường không tắc đúng là một niềm vui nho nhỏ nhưng cực kỳ đáng giá! Có những điều giản dị lại khiến cả ngày mình tràn đầy năng lượng như vậy, thật tuyệt vời phải không? Cứ tận hưởng những khoảnh khắc tích cực như thế này nha!"
Tự nhiên xe hỏng giữa đường lúc đang vội. Cảm thấy tức phát khóc 👊,Tức giận,Đời sống & Xã hội,"Xe hỏng lúc đang vội đúng là cực kỳ bực bội và bất tiện. Việc này khiến bạn không chỉ mất thời gian mà còn cảm giác bị dồn ép. Cố gắng hít thở sâu, tìm hỗ trợ hoặc nghĩ cách giải quyết, sau đó tự thưởng gì đó để giải tỏa nhé!"
Má ơi bị sếp ép deadline vô lý. Cảm thấy sôi máu 🤬,Tức giận,Công việc / Sự nghiệp,"Bị ép deadline vô lý đúng là khiến bạn bực bội lắm. Bạn thử trao đổi thẳng thắn với sếp về khối lượng công việc và thời gian hợp lý xem sao, hoặc ưu tiên những gì quan trọng nhất trước. Đừng để áp lực làm lấn át sức khỏe và tinh thần của mình nhé!"
Chời ơi khách hàng dời lịch họp sát giờ. Cảm thấy muốn chửi thề 😤,Tức giận,Công việc / Sự nghiệp,"Bị dời lịch họp sát giờ là điều rất bực mình, nhất là khi bạn đã chuẩn bị kỹ càng. Hãy hít thở sâu một chút để bình tĩnh lại, sau đó xem có cách nào sắp xếp lại thời gian cho hợp lý hơn không. Đừng để cảm xúc tiêu cực ảnh hưởng đến năng lượng của bạn nhé!"
Mọi người ơi khách hàng dời lịch họp sát giờ. Cảm thấy bực mình ghê 🙄,Tức giận,Công việc / Sự nghiệp,"Bực mình vì khách hàng dời lịch sát giờ là chuyện dễ hiểu, vì nó làm xáo trộn kế hoạch của bạn. Nhưng hãy hít thở sâu, giữ bình tĩnh và xem đây là cơ hội để bạn linh hoạt hơn. Nếu có thể, bạn cũng có thể trao đổi rõ ràng với khách hàng về việc thông báo sớm hơn lần sau để tránh ảnh hưởng công việc của cả hai bên."
Tui xe hỏng giữa đường lúc đang vội. Cảm thấy điên máu 💢,Tức giận,Đời sống & Xã hội,"Xe hỏng đúng lúc đang vội thì bực mình là phải rồi. Có lẽ bạn nên tìm nơi sửa xe gần nhất hoặc gọi cứu hộ để giải quyết nhanh. Sau đó, tự thưởng cho mình một chút thời gian thư giãn để hạ nhiệt nhé!"
Tớ chuẩn bị bảo vệ luận văn mà chưa ôn kỹ. Cảm thấy áp lực thực sự 🥲,Lo âu,Học tập / Thi cử,"Cậu đang chịu nhiều áp lực từ việc bảo vệ luận văn, điều đó không dễ dàng chút nào. Thử chia nhỏ nội dung ôn tập theo từng phần và đặt mục tiêu nhỏ mỗi ngày, như vậy sẽ giúp cậu cảm thấy bớt quá tải. Hãy nhớ chăm sóc bản thân và nghỉ ngơi đủ để giữ tinh thần tốt nhé!"
Bản thân chia tay xong cứ thấy trống rỗng. Cảm thấy rơi nước mắt 🥀,Buồn bã,Tình cảm / Mối quan hệ,"Chia tay khiến bạn cảm thấy trống rỗng và đau lòng là điều rất tự nhiên. Bạn đang trải qua một giai đoạn khó khăn, hãy cho phép mình cảm nhận những cảm xúc này. Đừng quên chăm sóc bản thân, làm những điều khiến bạn thấy dễ chịu hơn nhé."
Tự nhiên sếp khen cái project mới. Cảm thấy Yayyy! =)),Vui vẻ,Công việc / Sự nghiệp,"Thật tuyệt khi được sếp khen ngợi, điều đó chứng tỏ công sức của bạn được công nhận. Hãy tận hưởng cảm giác này và lấy đó làm động lực để tiếp tục làm tốt hơn nữa trong các dự án sắp tới nhé!"
Bản thân sếp khen cái project mới. Cảm thấy thích mê =)),Vui vẻ,Công việc / Sự nghiệp,Nghe bạn kể mà thấy vui lây luôn! Được sếp khen là một sự công nhận tuyệt vời cho nỗ lực của bạn. Hãy tận hưởng niềm vui này và dùng nó làm động lực để tiếp tục tỏa sáng trong những dự án tiếp theo nhé!
Hôm nay chuẩn bị thuyết trình mà quên mang theo slide. Cảm thấy đổ mồ hôi hột huhu,Lo âu,Học tập / Thi cử,"Quên slide chắc làm bạn căng thẳng lắm, nhưng đừng lo, bạn vẫn có thể tập trung vào nội dung mình đã chuẩn bị. Người nghe thường chú ý đến cách bạn trình bày và tự tin hơn là slide. Cứ hít thở sâu và bắt đầu nha!"
Tự nhiên đang đi đường thì bị tạt nước. Cảm thấy bực mình ghê 🙄,Tức giận,Đời sống & Xã hội,"Bị tạt nước bất ngờ như vậy thì bực mình là đúng rồi. Những tình huống không đáng như thế làm mình thấy khó chịu, nhưng hãy cố giữ bình tĩnh và tiếp tục ngày của bạn. Đừng để chuyện này làm hỏng tâm trạng của bạn lâu nhé!"
Má ơi bị trừ lương vì đi trễ. Cảm thấy mệt mỏi 😢,Buồn bã,Công việc / Sự nghiệp,"Bị trừ lương vì đi trễ chắc hẳn làm bạn thất vọng và mệt mỏi lắm. Có thể thử tìm nguyên nhân khiến bạn đi trễ và cách khắc phục, như sắp xếp lại thời gian hoặc thay đổi một số thói quen. Đừng quên chăm sóc bản thân để giữ sức khỏe và tinh thần tốt hơn nhé."
Tự nhiên bị rớt môn rồi. Cảm thấy buồn rười rượi 🥀,Buồn bã,Học tập / Thi cử,"Rớt môn chắc làm bạn hụt hẫng lắm, cảm giác buồn là điều dễ hiểu. Nhưng đừng tự trách mình nhiều quá, bạn vẫn còn cơ hội để cải thiện. Hãy dành thời gian nhìn lại, tìm hiểu nguyên nhân và chuẩn bị tốt hơn cho lần tới nhé!"
Tao giải quyết xong đống task tồn đọng. Cảm thấy tuyệt vời 🥰,Vui vẻ,Công việc / Sự nghiệp,"Hoàn thành xong đống task tồn đọng đúng là một cảm giác cực kỳ sảng khoái! Bạn đã làm rất tốt khi vượt qua được áp lực công việc này, hãy tận hưởng niềm vui này và tự thưởng cho mình một chút nhé!"
Tự nhiên chơi game gặp trúng đồng đội toxic. Cảm thấy không thể nuốt trôi 🤬,Tức giận,Bạn bè / Giao tiếp xã hội,"Bị dính đồng đội toxic khi chơi game đúng là khó chịu thật. Có lẽ bạn thử tạm dừng chơi một lúc để hạ nhiệt và thư giãn đầu óc. Lần sau, hãy cân nhắc tắt chat hoặc mute những người tiêu cực để tránh ảnh hưởng đến trải nghiệm của mình nhé."
Tự nhiên gõ xong đoạn text dài mà chưa kịp save bị cúp điện. Cảm thấy tức á 🤬,Tức giận,Công việc / Sự nghiệp,"Mất công sức viết mà bị mất dữ liệu đúng là bực thật. Lần tới, bạn thử cài đặt chế độ tự động lưu hoặc lưu thủ công thường xuyên hơn để tránh tình huống này nhé. Cứ cho phép bản thân xả cơn tức một chút rồi quay lại làm tiếp cũng được."
Tôi bài thi được điểm cao. Cảm thấy vui cả ngày kaka =)) 🎉,Vui vẻ,Học tập / Thi cử,Chúc mừng bạn nha! Đạt điểm cao là thành quả xứng đáng với công sức bạn đã bỏ ra. Hãy tận hưởng niềm vui này và xem nó như động lực cho những thử thách tiếp theo nhé!
Góc than vãn: bị sếp la. Cảm thấy rơi nước mắt 😞,Buồn bã,Công việc / Sự nghiệp,"Bị sếp la chắc hẳn khiến bạn cảm thấy tổn thương và mệt mỏi. Đừng để chuyện này làm bạn nghi ngờ giá trị của mình, vì ai cũng sẽ có lúc mắc sai lầm. Hãy cố gắng lắng nghe, rút kinh nghiệm và tự nhắc mình rằng bạn đang nỗ lực để phát triển mỗi ngày."
Tôi bị sếp la. Cảm thấy như người mất hồn haiz,Buồn bã,Công việc / Sự nghiệp,"Bị sếp la chắc hẳn khiến bạn cảm thấy tổn thương và mất tự tin. Nhưng đôi khi, những lời phê bình cũng là cơ hội để mình nhìn nhận lại và cải thiện. Hãy cố gắng nghỉ ngơi, lấy lại tinh thần để đối diện mọi thứ tốt hơn nhé."
Tớ bị chen ngang lúc đang xếp hàng. Cảm thấy phát rồ 🙄,Tức giận,Đời sống & Xã hội,"Bị chen ngang khi đang xếp hàng đúng là rất khó chịu, giống như sự tôn trọng của mình bị xem nhẹ. Nếu có thể, hãy thử bình tĩnh nhắc nhở họ một cách nhẹ nhàng. Đôi khi, việc lên tiếng có thể giúp mình giải tỏa và cũng khiến người khác nhận ra hành động của họ."
Tao cảm thấy cô đơn lạc lõng. Cảm thấy rơi nước mắt 😭,Buồn bã,Sức khỏe tâm thần / Tâm lý,"Mình hiểu cảm giác cô đơn có thể nặng nề và làm bạn cảm thấy lạc lõng. Đôi khi, việc chia sẻ cảm xúc của mình với ai đó tin tưởng hoặc thử viết ra những suy nghĩ có thể phần nào giúp bạn cảm thấy nhẹ nhõm hơn. Hãy cố gắng chăm sóc bản thân và nhớ rằng bạn không đơn độc trong cảm giác này."
Tao thấy crush đi chơi với người khác. Cảm thấy không biết làm sao ...,Lo âu,Tình cảm / Mối quan hệ,"Thấy crush đi chơi với người khác chắc làm bạn bối rối và lo lắng. Cảm giác không biết làm sao là hoàn toàn bình thường. Hãy dành thời gian suy nghĩ xem cảm xúc của bạn dành cho người ấy thực sự như thế nào, và liệu có đáng để bạn tiếp tục đầu tư tình cảm hay không."
Mọi người ơi áp lực đồng trang lứa đè nặng. Cảm thấy bối rối huhu,Lo âu,Sức khỏe tâm thần / Tâm lý,"Cảm giác bối rối vì áp lực đồng trang lứa là điều mà nhiều người gặp phải, bạn không cô đơn đâu. Hãy thử tập trung vào những giá trị riêng của bản thân và những gì bạn thực sự muốn, thay vì so sánh mình với người khác. Mỗi người đều có hành trình riêng, và bạn cũng vậy."
Tui mạng lag lúc đang chơi game. Cảm thấy giận tím người 🔥,Tức giận,Đời sống & Xã hội,"Mạng lag lúc đang chơi game làm mình cảm giác bực mình là điều dễ hiểu, nhất là khi đang hứng thú. Có thể thử hít thở sâu vài lần để giải tỏa cơn giận, sau đó kiểm tra lại kết nối hoặc nghỉ giải lao một chút để tinh thần thoải mái hơn nhé."
Má ơi mai đi phỏng vấn mà run quá. Cảm thấy bối rối 😭,Lo âu,Công việc / Sự nghiệp,"Run là cảm giác rất tự nhiên trước buổi phỏng vấn, vì nó quan trọng với bạn. Bạn thử hít thở sâu, chuẩn bị vài câu trả lời cơ bản, và nghĩ về những lần bạn đã vượt qua áp lực trước đây. Cứ là chính mình, bạn sẽ làm tốt thôi!"
Má ơi ship đồ ăn mà thiếu món. Cảm thấy tức á 🤬,Tức giận,Đời sống & Xã hội,"Bực mình khi nhận đồ ăn thiếu món là chuyện dễ hiểu, vì ai cũng muốn nhận đúng phần mình đã đặt. Bạn thử liên hệ lại bên shipper hoặc nhà hàng để giải quyết xem sao. Đôi khi, lỗi nhỏ này có thể được xử lý nhanh hơn bạn nghĩ đó."
Chời ơi điểm thi thử thấp quá. Cảm thấy toát mồ hôi ...,Lo âu,Học tập / Thi cử,"Điểm thi thử thấp có thể khiến bạn lo lắng, nhưng đây chỉ là cơ hội để phát hiện những phần cần cải thiện. Hãy xem lại những lỗi mình mắc phải và tập trung ôn luyện những phần yếu. Đừng quên nghỉ ngơi để giữ tinh thần thoải mái nhé!"
Chời ơi nghĩ về tương lai mông lung quá. Cảm thấy nghĩ mà rùng mình 😰,Lo âu,Sức khỏe tâm thần / Tâm lý,"Mình hiểu cảm giác mông lung và lo lắng có thể khiến bạn mệt mỏi thế nào. Đôi khi tương lai nghe có vẻ đáng sợ, nhưng bạn có thể thử tập trung vào những điều nhỏ mà bạn kiểm soát được ngay bây giờ. Từng bước nhỏ có thể giúp bạn cảm thấy vững vàng hơn."
Dạo này nuôi con mèo mà nó đi mất. Cảm thấy đau lòng quá ...,Buồn bã,Thú cưng / Động vật,"Mình hiểu cảm giác đau lòng khi mất đi một người bạn nhỏ thân thiết như vậy. Chắc hẳn bạn đã yêu thương chú mèo rất nhiều. Bạn có thể thử hỏi quanh khu vực gần nhà hoặc đăng tin tìm kiếm, biết đâu sẽ có tin tức về bé. Đừng bỏ cuộc nhé!"
Bản thân được thăng chức. Cảm thấy cảm thấy yêu đời =)),Vui vẻ,Công việc / Sự nghiệp,"Chúc mừng bạn được thăng chức nhé! Thành quả này chắc chắn là do sự nỗ lực và tài năng của bạn. Cứ vui hết mình đi, vì những bước tiến này đáng để tự hào và tận hưởng."
Má ơi chuẩn bị thuyết trình mà quên mang theo slide. Cảm thấy nghĩ mà rùng mình 😭,Lo âu,Học tập / Thi cử,"Quên slide chắc khiến bạn lo lắng lắm, mình hiểu cảm giác đó. Nếu có thể, bạn hãy thử ghi chú lại những điểm chính trong đầu hoặc trên giấy để giữ bình tĩnh. Khi thuyết trình, tập trung vào nội dung bạn nắm rõ nhất, điều đó sẽ giúp bạn tự tin hơn."
Tao chuẩn bị bảo vệ luận văn mà chưa ôn kỹ. Cảm thấy áp lực thực sự hic,Lo âu,Học tập / Thi cử,"Bảo vệ luận văn là giai đoạn căng thẳng, nhưng bạn đã đi được đến đây nghĩa là bạn đã nỗ lực rất nhiều. Hãy chia nhỏ việc ôn tập, ưu tiên những phần quan trọng nhất và tự nhắc rằng bạn đã chuẩn bị tốt hơn bạn nghĩ. Cố gắng nghỉ ngơi đủ để giữ đầu óc minh mẫn nhé!"
Tôi đã dặn không ăn hành mà vẫn bỏ hành. Cảm thấy điên máu 😤,Tức giận,Đời sống & Xã hội,"Việc này dễ khiến bạn cảm thấy không được tôn trọng và bực bội, điều đó là hoàn toàn dễ hiểu. Có lẽ bạn nên nhắc lại yêu cầu của mình một cách rõ ràng hơn hoặc tìm cách giao tiếp để người khác hiểu bạn thật sự không thích hành. Hy vọng lần sau mọi người sẽ chú ý hơn."
Má ơi bị sếp la. Cảm thấy mệt mỏi haiz,Buồn bã,Công việc / Sự nghiệp,"Bị sếp la chắc làm bạn thấy áp lực nhiều. Ai cũng có những ngày như vậy, nhưng đừng để bản thân chìm trong mệt mỏi quá lâu. Thử nghỉ ngơi một chút và suy nghĩ xem bạn có thể rút kinh nghiệm hay giải quyết điều gì để cảm thấy nhẹ nhõm hơn nhé."
Hôm nay giải quyết xong đống task tồn đọng. Cảm thấy cười bể bụng haha,Vui vẻ,Công việc / Sự nghiệp,Hoàn thành được đống task tồn đọng chắc là khiến bạn cảm thấy đã hết sức! Cười bể bụng thế này chắc hẳn bạn đang rất tự hào về bản thân. Đừng quên tự thưởng cho mình chút thư giãn để giữ năng lượng nhé!
Má ơi xe hỏng giữa đường lúc đang vội. Cảm thấy giận tím người 🔥,Tức giận,Đời sống & Xã hội,"Xe hỏng giữa đường vào lúc đang vội đúng là bực mình thật. Cảm giác giận dữ này dễ hiểu mà, vì nó làm lỡ dở kế hoạch của bạn. Hãy hít thở sâu, tìm cách giải quyết nhanh nhất có thể, rồi sau đó hãy tự thưởng gì đó để xoa dịu tâm trạng nhé."
Góc than vãn: bị bom hàng. Cảm thấy sôi máu 🙄,Tức giận,Đời sống & Xã hội,"Bị bom hàng thì bực thật, cảm giác bị thiếu tôn trọng đúng không? Nhưng mà giữ bình tĩnh nha, chứ giận quá chỉ thêm mệt. Có khi nghĩ cách xử lý để lần sau tránh bị như vậy sẽ giúp bạn thoải mái hơn đó."
Tôi đã dặn không ăn hành mà vẫn bỏ hành. Cảm thấy cục súc 👊,Tức giận,Đời sống & Xã hội,"Có vẻ như bạn đang rất bực vì sự việc này. Việc không được tôn trọng ý muốn nhỏ như không ăn hành cũng dễ khiến mình cảm thấy khó chịu. Bạn thử nhẹ nhàng nhắc lại với họ rằng bạn không thích hành, để tránh tình huống tương tự lần sau nhé."
Dạo này sếp khen cái project mới. Cảm thấy hét toáng lên 🥳,Vui vẻ,Công việc / Sự nghiệp,Nghe tuyệt quá! Thành quả từ project mới được sếp công nhận chắc hẳn làm bạn rất phấn khích. Hãy tận hưởng khoảnh khắc này và xem đó như động lực để tiếp tục tỏa sáng trong các dự án tiếp theo nhé!
Bản thân không ai hiểu mình. Cảm thấy chán nản thật sự 🥀,Buồn bã,Sức khỏe tâm thần / Tâm lý,"Nghe bạn nói cảm thấy không ai hiểu mình, chắc hẳn điều đó làm bạn rất cô đơn và mệt mỏi. Có thể thử viết ra cảm xúc của mình hoặc chia sẻ với ai đó mà bạn tin tưởng, giúp bạn nhẹ lòng hơn. Bạn không hề đơn độc, chỉ là chưa tìm được người thực sự lắng nghe đúng cách thôi."
Bản thân không biết ngày mai sẽ ra sao. Cảm thấy áp lực thực sự 🥲,Lo âu,Sức khỏe tâm thần / Tâm lý,"Cảm giác lo âu về ngày mai thực sự rất khó chịu, phải không? Đôi khi, việc không chắc chắn có thể khiến mình bị áp lực. Hãy thử tập trung vào những điều bạn có thể kiểm soát ngay bây giờ, từng chút một, để giảm bớt gánh nặng trong lòng."
Tao mới tậu được chiếc áo cực cháy. Cảm thấy Yayyy! 🥰,Vui vẻ,Đời sống & Xã hội,"Wow, có vẻ bạn rất phấn khích với chiếc áo mới này! Một món đồ mình yêu thích thực sự có thể làm tâm trạng tốt hơn rất nhiều. Hãy tự tin diện nó và tận hưởng cảm giác tuyệt vời này nhé!"
Tôi điểm thi thử thấp quá. Cảm thấy không biết đi đúng hướng không 😱,Lo âu,Học tập / Thi cử,"Có vẻ bạn đang rất lo lắng về kết quả thi thử, đúng không? Đừng để một lần thi thử quyết định cảm giác về hướng đi của mình. Hãy xem đây là cơ hội để nhận ra điểm yếu và cải thiện, từng bước nhỏ cũng có thể giúp bạn tiến gần hơn đến mục tiêu."
Má ơi sếp khen cái project mới. Cảm thấy vui xỉu kaka,Vui vẻ,Công việc / Sự nghiệp,"Wow, được sếp khen chắc hẳn là cảm giác tự hào lắm! Bạn đã làm việc chăm chỉ và xứng đáng với lời khen đó mà. Cứ giữ phong độ này, chắc chắn bạn sẽ còn tiến xa hơn nữa!"
Tự nhiên bị trừ lương vì đi trễ. Cảm thấy buồn xíu xiu haiz,Buồn bã,Công việc / Sự nghiệp,"Bị trừ lương vì đi trễ thì chắc hụt hẫng lắm nhỉ. Có thể thử xem xét lại lịch trình để tránh tình trạng này lần sau, nhỡ đâu còn lý do nào khác mình chưa để ý. Mong bạn sẽ sớm thấy thoải mái hơn nha!"
Bản thân bị bom hàng. Cảm thấy tức phát khóc 💢,Tức giận,Đời sống & Xã hội,"Bị bom hàng đúng là khiến mình bực mình thật, vì công sức chuẩn bị và thời gian đều bị lãng phí. Cảm xúc của bạn rất đáng được tôn trọng, nhưng đừng để nó lấn át. Có thể cân nhắc các cách bảo đảm hơn, như nhận cọc trước để tránh tình huống này xảy ra lần nữa."
Mình crush có người yêu. Cảm thấy thấy trống rỗng 😢,Buồn bã,Tình cảm / Mối quan hệ,"Mình hiểu cảm giác trống rỗng khi crush có người yêu, như một khoảng trống khó lấp đầy. Hãy cho bản thân thời gian để xử lý cảm xúc này, và nhớ rằng bạn xứng đáng với một người cũng nhìn bạn bằng ánh mắt đặc biệt. Tập trung vào chính mình, làm điều bạn yêu thích để dần lấy lại cân bằng nhé."
Dạo này cảm thấy cô đơn lạc lõng. Cảm thấy buồn xíu xiu 😞,Buồn bã,Sức khỏe tâm thần / Tâm lý,"Cảm giác cô đơn và lạc lõng đôi khi khiến mọi thứ trở nên nặng nề hơn. Nếu bạn muốn, hãy thử tìm một hoạt động nhẹ nhàng như xem phim, nghe nhạc hoặc viết nhật ký để giải tỏa. Đừng quên rằng bạn không đơn độc, luôn có người sẵn sàng lắng nghe bạn."
Bản thân mới tậu được chiếc áo cực cháy. Cảm thấy vui xỉu haha,Vui vẻ,Đời sống & Xã hội,"Chiếc áo mới mà bạn yêu thích chắc hẳn làm bạn cảm thấy tự tin và phấn khích hơn nhiều! Mọi người xung quanh có thể sẽ bất ngờ với phong cách mới của bạn đấy, tận hưởng niềm vui này thật trọn vẹn nha."
Dạo này nghĩ về tương lai mông lung quá. Cảm thấy sợ hãi 😭,Lo âu,Sức khỏe tâm thần / Tâm lý,"Mình hiểu cảm giác mông lung về tương lai có thể khiến bạn rất áp lực và lo lắng. Nhưng hãy thử tập trung vào những điều bạn có thể kiểm soát ngay bây giờ, như chăm sóc bản thân từng bước nhỏ. Đôi khi, việc chia sẻ những nỗi lo này với người thân thiết cũng giúp bạn cảm thấy nhẹ lòng hơn đấy."
Mọi người ơi bị đồng nghiệp nói xấu. Cảm thấy cục súc 🔥,Tức giận,Công việc / Sự nghiệp,"Bị đồng nghiệp nói xấu đúng là khó chịu thật. Cảm giác bực tức của bạn hoàn toàn dễ hiểu. Nếu có thể, hãy cố gắng bình tĩnh và tập trung vào công việc của mình, vì giá trị của bạn sẽ được thể hiện qua hành động và kết quả, không phải qua lời đồn."
Mọi người ơi giải quyết xong đống task tồn đọng. Cảm thấy quá đã 🥳,Vui vẻ,Công việc / Sự nghiệp,"Hoàn thành xong đống task tồn đọng chắc hẳn khiến bạn nhẹ nhõm và tràn đầy năng lượng lắm nhỉ! Cứ tận hưởng cảm giác này thật lâu nhé, bạn đã rất nỗ lực để đạt được điều này đấy!"
Mình bị overthinking trước khi ngủ. Cảm thấy nghĩ mà rùng mình 😱,Lo âu,Sức khỏe tâm thần / Tâm lý,"Có vẻ bạn đang trải qua tình trạng suy nghĩ quá mức trước khi ngủ, điều này chắc hẳn làm bạn rất mệt mỏi. Hãy thử ghi ra những gì bạn đang nghĩ để giải tỏa tâm trí, hoặc hít thở sâu để giúp cơ thể thư giãn hơn. Nếu cần, bạn có thể tìm kiếm những bài tập thiền ngắn để giúp mình dễ ngủ hơn."
Tao bị sếp la. Cảm thấy tuyệt vọng 😞,Buồn bã,Công việc / Sự nghiệp,"Bị sếp la có thể khiến bạn cảm thấy áp lực và mất tự tin. Nhưng hãy nhớ rằng ai cũng có lúc phạm sai lầm trong công việc, điều quan trọng là học từ đó để cải thiện. Dành thời gian thư giãn và cân nhắc cách giải quyết để mọi thứ trở nên tốt hơn nhé."
Má ơi ăn được món ngon đúng ý. Cảm thấy anh em ơiii 💸 ✌️,Vui vẻ,Đời sống & Xã hội,"Nghe bạn hào hứng thế này mà thấy vui lây! Những khoảnh khắc được thưởng thức món ngon đúng ý thật đáng giá, cứ tận hưởng trọn vẹn niềm vui này nhé. Giữ vững tinh thần tích cực như vậy nha!"
Mình giải quyết xong đống task tồn đọng. Cảm thấy sướng rơn 😎,Vui vẻ,Công việc / Sự nghiệp,"Hoàn thành xong đống task tồn đọng là cảm giác tuyệt đỉnh luôn, đúng không? Bạn đã làm rất tốt rồi, tự thưởng cho mình một chút thời gian thư giãn để tận hưởng thành quả nhé!"
Tự nhiên bài thi được điểm cao. Cảm thấy tuyệt vời 🥰,Vui vẻ,Học tập / Thi cử,Chúc mừng bạn nhé! Cảm giác nhận được điểm cao thật sự rất tuyệt vời và đáng tự hào. Hãy tận hưởng niềm vui này và nhớ rằng sự cố gắng của bạn đã được đền đáp xứng đáng.
Tớ tìm được quán cafe ưng ý. Cảm thấy anh em ơiii 💸 =)),Vui vẻ,Đời sống & Xã hội,Nghe bạn tìm được quán cafe ưng ý mà vui lây luôn! Thật thích khi có một nơi vừa hợp gu vừa thoải mái đúng không? Nhớ tận hưởng và chia sẻ thêm nếu phát hiện chỗ nào thú vị nữa nha!
Tao không ai hiểu mình. Cảm thấy muốn khóc hic,Buồn bã,Sức khỏe tâm thần / Tâm lý,"Mình hiểu cảm giác khi không ai thực sự hiểu mình, nó cô đơn và mệt mỏi lắm. Khóc không sao cả, đôi khi nước mắt giúp mình nhẹ lòng hơn. Nếu muốn, bạn có thể thử viết ra những điều trong lòng hoặc chia sẻ với một người bạn tin tưởng, biết đâu sẽ giúp bạn cảm thấy bớt nặng nề hơn."
Hôm nay nay đi làm về mệt quá. Cảm thấy như người mất hồn ...,Buồn bã,Công việc / Sự nghiệp,"Nghe bạn kể, mình cảm nhận hôm nay bạn thực sự đã rất mệt mỏi vì công việc. Có lẽ bạn cần chút thời gian để nghỉ ngơi và lấy lại năng lượng. Đừng quên chăm sóc bản thân và tìm cách thư giãn nhé, vì sức khỏe của bạn cũng rất quan trọng!"
Tôi mới tậu được chiếc áo cực cháy. Cảm thấy hạnh phúc quá 😎,Vui vẻ,Đời sống & Xã hội,"Nghe bạn kể mà thấy vui lây luôn, chiếc áo mới chắc hợp gu lắm đây! Mỗi khi diện đồ mình thích, tâm trạng cũng sáng bừng lên, đúng không nào? Hãy tận hưởng cảm giác này và tỏa sáng với sự tự tin nha!"
Bản thân nay đi làm về mệt quá. Cảm thấy đau lòng quá 🥀,Buồn bã,Công việc / Sự nghiệp,"Ngày làm việc mệt mỏi khiến bạn cảm thấy đau lòng, chắc hẳn áp lực đã dồn nén từ lâu. Hãy cho bản thân nghỉ ngơi, tự thưởng một điều gì đó nhỏ bé mà bạn yêu thích, để cơ thể và tâm trí được thư giãn hơn. Nếu cảm thấy cần chia sẻ thêm, mình luôn ở đây để lắng nghe."
Mình thấy tài khoản cạn tiền mà hoang mang. Cảm thấy thấy bất an ghê huhu,Lo âu,Tài chính / Nợ nần,"Mình hiểu cảm giác hoang mang khi nhìn tài khoản cạn tiền, đúng là áp lực lắm. Có thể bắt đầu bằng việc rà soát lại chi tiêu gần đây để tìm cách cân đối. Nếu cần, thử lập kế hoạch tài chính nhỏ để cảm thấy kiểm soát hơn nha."
Mình đang đi đường thì bị tạt nước. Cảm thấy phát điên 🤬,Tức giận,Đời sống & Xã hội,"Bị tạt nước giữa đường chắc khó chịu lắm, cảm giác bất công và bực bội là hoàn toàn dễ hiểu. Hãy cố gắng bình tĩnh lại, kiểm tra xem có gì cần lau chùi hay thay đồ không. Nếu có thể, hãy tránh để chuyện này làm ảnh hưởng cả ngày của bạn nhé."
Tự nhiên cứ nghĩ đến chuyện ra trường thất nghiệp là rén. Cảm thấy bối rối 🥶,Lo âu,Công việc / Sự nghiệp,"Cảm giác lo lắng khi nghĩ đến tương lai là điều rất tự nhiên, nhất là khi bạn sắp đối mặt với bước chuyển lớn như ra trường. Thay vì để nỗi lo lấn át, bạn có thể thử lập kế hoạch nhỏ, như tìm hiểu các công việc phù hợp hoặc cải thiện kỹ năng bản thân. Từng bước nhỏ sẽ giúp bạn cảm thấy tự tin hơn và giảm bớt áp lực."
Bản thân áp lực đồng trang lứa đè nặng. Cảm thấy tim đập thình thịch hic,Lo âu,Sức khỏe tâm thần / Tâm lý,"Cảm giác áp lực đồng trang lứa có thể khiến tim bạn đập nhanh và lo lắng nhiều. Hãy thử tập trung vào những gì bạn đã đạt được và nhớ rằng mỗi người có hành trình riêng. Nếu quá tải, bạn có thể thử thở sâu hoặc chia sẻ cảm xúc với người thân để giảm bớt căng thẳng."
Dạo này giải quyết xong đống task tồn đọng. Cảm thấy vui cả ngày kaka =)) kaka,Vui vẻ,Công việc / Sự nghiệp,"Hoàn thành xong đống task tồn đọng đúng là cảm giác nhẹ nhõm và vui sướng lắm luôn! Bạn xứng đáng tận hưởng niềm vui này, vì rõ ràng bạn đã nỗ lực không ít. Cứ giữ tinh thần này, mọi thứ sẽ luôn suôn sẻ!"
Tự nhiên mới tậu được chiếc áo cực cháy. Cảm thấy yomost 🥰,Vui vẻ,Đời sống & Xã hội,"Cảm giác thích thú khi có thứ mới vừa ý thật dễ chịu nhỉ. Mình tin khi bạn diện nó, sẽ toả ra năng lượng tích cực ra phết! Tận hưởng niềm vui ấy đi, chẳng có gì phải ngại hay xấu hổ cả."
Dạo này có người tài trợ cho đi du lịch. Cảm thấy yomost 🎉,Vui vẻ,Đời sống & Xã hội,Thật tuyệt là mình có cơ hội đi du lịch nhờ người tài trợ. Cảm giác vui bất ngờ khi chuyện vui bất ngờ ập tới đúng lúc không?
Dạo này đồ án bị bắt làm lại từ đầu. Cảm thấy tức á 🙄,Tức giận,Học tập / Thi cử,"Bị bắt làm lại toàn bộ đồ án đúng là nản quá. Cảm giác tức bởi vì mấy tháng trời đổ công vô ích, đúng không? Mình cũng từng trải qua cảm giác ấy. Thử liệt kê những điểm còn thiếu sót để sửa nhanh nhất, sau đó đề nghị giáo viên cho feedback sớm để tránh lặp lại sai lầm."
Tui bị sếp la. Cảm thấy tủi thân ghê 💔,Buồn bã,Công việc / Sự nghiệp,"Chuyện bị sếp la đúng là khó chịu thật. Cảm thấy tủi thân khi nhận những lời nặng nề từ người có quyền chỉ huy mình cũng dễ hiểu thôi. Nếu được, hãy ghi ra những gì mình cảm thấy để trút bớt, sau đó tìm cách trao đổi nhẹ nhàng với sếp vào lúc tâm trạng thoải mái hơn."
Hôm nay chia tay xong cứ thấy trống rỗng. Cảm thấy thấy trống rỗng haiz,Buồn bã,Tình cảm / Mối quan hệ,"Tổn thương sau chia tay vẫn còn nguyên, hẳn là em cảm thấy trống trải thật. Hãy viết ra những điều em muốn gửi cho đối phương, xong thôi bỏ hết đi. Ngày mai sẽ khác."
Anh em ơi nay đi đường không bị tắc. Cảm thấy vui cả ngày kaka =)) 😆,Vui vẻ,Đời sống & Xã hội,Thấy ngày hôm nay suôn sẻ là điều tuyệt vời! Một chút niềm vui nhỏ cũng đủ khiến tinh thần phấn chấn cả ngày. Cố giữ thói quen tích cực ấy nhé.
Tớ crush có người yêu. Cảm thấy tuyệt vọng ...,Buồn bã,Tình cảm / Mối quan hệ,"Việc người ấy có người yêu khiến cậu thấy mất mát hơn mình tưởng. Cảm xúc đó là bình thường khi tình cảm chưa được đáp lại. Hãy để mình trải qua cảm giác này, rồi sẽ tự tìm thấy hướng đi tiếp theo."
Má ơi sếp khen cái project mới. Cảm thấy hét toáng lên kaka,Vui vẻ,Công việc / Sự nghiệp,Nghe xong là thấy vui thật đấy! Tự hào với project mới rồi đúng không? Nếu sếp khen nữa thì cứ hét toáng lên cho thoả thích đi em.
Tôi bị chen ngang lúc đang xếp hàng. Cảm thấy muốn bùng cháy 😤,Tức giận,Đời sống & Xã hội,"Cảm giác tức tối khi người khác chen ngang chắc chắn không dễ chịu chút nào. Cũng khó chịu thật khi mọi người không tôn trọng trật tự chung. Nếu gặp lại lần nữa, có thể nói thẳng bằng giọng điềm tĩnh để nhắc nhở."
Má ơi nghĩ về tương lai mông lung quá. Cảm thấy trằn trọc mãi mới chợp mắt được 🥲,Lo âu,Sức khỏe tâm thần / Tâm lý,Cảm giác tương lai mông lung hay mất ngủ là dấu hiệu thân thể đang chịu áp lực lắm. Thử viết ra giấy những mối lo rồi lần lượt giải quyết từng phần xem sao? Có thể bắt đầu bằng việc chia nhỏ nỗi ám ảnh ra.
Góc than vãn: chốt đơn thành công món đồ ao ước. Cảm thấy anh em ơiii 💸 🥳,Vui vẻ,Tài chính / Nợ nần,"Mừng em! Đơn hàng ao ước vừa trượt khỏi khe cửa sinh. Nhưng chốt thành công rồi thì yên tâm thôi. Giờ chỉ việc chờ hàng về, kiểm tra kĩ trước khi thanh toán thôi em."
Mình đã dặn không ăn hành mà vẫn bỏ hành. Cảm thấy giận tím người 💢,Tức giận,Gia đình,"Vậy là mày đã cố gắng kiềm chế rồi mà họ vẫn thế. Cơn giận bốc lên là bình thường thôi, mình cũng có lúc tức sôi người khi người ta không nghe lời vậy. Lần sau thử nói rõ lần nữa hay viết ra giấy dán chỗ dễ thấy nhé?"
Má ơi bị đồng nghiệp nói xấu. Cảm thấy tức á 🔥,Tức giận,Công việc / Sự nghiệp,"Đồng nghiệp nói xấu sau lưng là chuyện không nên. Chị cứ giữ bình tĩnh, ghi lại bằng chứng nếu có thể. Việc giữ thái độ chuyên nghiệp là ưu tiên, không trả đũa ngay."
Tui được crush rủ đi chơi. Cảm thấy hét toáng lên 🤩,Vui vẻ,Tình cảm / Mối quan hệ,"Crush rủ đi chơi là tín hiệu tốt đấy! Cảm giác phấn khích như vậy chứng tỏ mối quan hệ đang tiến triển tích cực. Tận hưởng khoảnh khắc này đi, đừng suy nghĩ quá nhiều."
Má ơi mới nghỉ việc xong chưa biết làm gì tiếp. Cảm thấy áp lực thực sự hic,Lo âu,Công việc / Sự nghiệp,"Nghỉ việc xong rối lên thật. Áp lực vô định đó dễ khiến mình mất phương hướng. Bao giờ cũng vậy, khi chuyển giao giai đoạn mới, mình thường mất 1-2 tuần để hiểu mình muốn gì. Thử ghi ra danh sách việc mình thích làm xem?"
Tự nhiên chuẩn bị bảo vệ luận văn mà chưa ôn kỹ. Cảm thấy sợ hãi 🥲,Lo âu,Học tập / Thi cử,"Bảo vệ luận văn sắp tới rồi mà chưa ôn kịp chắc khiến cậu hoảng hốt thật. Hãy chia nhỏ khối lượng bài theo ngày, ưu tiên chỗ khó trước. Đến giờ luyện trả lời câu hỏi là ổn ngay."
Má ơi thấy tài khoản cạn tiền mà hoang mang. Cảm thấy tim đập thình thịch 😭,Lo âu,Tài chính / Nợ nần,"Tài khoản hết tiền đúng lúc lo lắm. Tim đập nhanh là phản ứng sinh lý khi stress tài chính. Kiểm tra ngay giao dịch gần nhất xem có nhầm chỗ nào không, nếu ổn thì mình cùng lập kế hoạch chi tiêu lại từ đầu."
Góc than vãn: chốt đơn thành công món đồ ao ước. Cảm thấy anh em ơiii 💸 ✌️,Vui vẻ,Tài chính / Nợ nần,"Chốt đơn thành công rồi mà vẫn hưng phấn vậy à? Cảm giác này thật sự là cực chất. Món đồ ao ước sắp về tay thì cứ hưởng trọn niềm vui đi nhé, đừng quên share khoảnh khắc thích thú ấy với ai đó đi."
Mình chờ mòn mỏi mà không có kết quả tốt. Cảm thấy chán nản thật sự hic,Buồn bã,Học tập / Thi cử,"Áp lực thi cử kéo dài thế này đúng là mệt thật. Bao nhiêu công sức đổ vào mà vẫn chưa thấy kết quả, buồn bực là đúng thôi. Thay vì chờ đợi, thử chia nhỏ mục tiêu thành từng bước nhỏ hơn xem sao. Từng bước nhỏ sẽ bớt nặng nề hơn."
Dạo này cảm thấy cô đơn lạc lõng. Cảm thấy thất vọng toàn tập 😔,Buồn bã,Tình cảm / Mối quan hệ,Cảm giác cô đơn lạc lõng thế này khiến mình nhớ tới những lúc trống trải trong mối quan hệ. Cậu có thể kể chi tiết hơn về hoàn cảnh không? Để mình cùng tìm cách tháo gỡ.
Chời ơi chuẩn bị bảo vệ luận văn mà chưa ôn kỹ. Cảm thấy tim đập thình thịch 😰,Lo âu,Học tập / Thi cử,"Áp lực bảo vệ luận văn khiến tim đập nhanh thật. Hãy tập trung vào ôn những phần quan trọng nhất trước. Còn 2 tiếng, bình tĩnh từng chút một thôi."
Góc than vãn: điểm thi thử thấp quá. Cảm thấy đổ mồ hôi hột 😥,Lo âu,Học tập / Thi cử,"Điểm thi thử thấp đúng là cú sốc. Đừng xem đó như thất bại, hãy coi là bài học để điều chỉnh phương pháp học. Bạn thử liệt kê những phần chưa vững xem nào?"
Tôi bị nói xấu sau lưng. Cảm thấy mệt mỏi 😢,Buồn bã,Bạn bè / Giao tiếp xã hội,"Bị nói xấu sau lưng thật tệ. Cảm giác mệt mỏi vì niềm tin vào người ta bỗng tan vỡ. Tìm ai đó tin tưởng để chia sẻ, hoặc viết ra giấy hết nỗi lòng rồi xé đi. Cần người lắng nghe đúng lúc."
Mọi người ơi bị sếp ép deadline vô lý. Cảm thấy điên máu 😡,Tức giận,Công việc / Sự nghiệp,"Hiểu cơn tức mình khi deadline dồn dập bất hợp lý. Cảm giác bị ép như thế này cũng khó chịu thật. Thử đề xuất điều chỉnh timeline với sếp ngay hôm nay, đưa ra những lý do cụ thể để thuyết phục."
Tôi vừa chốt được hợp đồng lớn. Cảm thấy vui xỉu 🤩,Vui vẻ,Công việc / Sự nghiệp,"Cảm giác hứng khởi khi chốt thành công hợp đồng lớn thật đáng trân trọng. Thành quả này xứng đáng được ghi nhận. Bây giờ hãy tận hưởng niềm vui này, nghỉ ngơi thư giãn để tiếp tụck năng lượng cho những bước tiến tiếp theo."
Hôm nay sếp khen cái project mới. Cảm thấy vui cả ngày kaka =)) 🎉,Vui vẻ,Công việc / Sự nghiệp,"Chúc mừng em! Project mới thành công rõ rồi, sếp khen tức là mọi người đều thấy giá trị từ nỗ lực của em. Giờ hưởng trọn niềm vui này đi, mai hẵng quay về với deadlines thôi."
Tao xe hỏng giữa đường lúc đang vội. Cảm thấy không chịu nổi 🔥,Tức giận,Đời sống & Xã hội,"Hỏng xe đúng lúc vội là vừa đủ để bốc hơi. Mình hiểu sự bực dọc lúc chạy ngược trời đông ấy. Ra ngoài đứng hít thở 5 phút, xong dắt xe vào hiệu sửa chứ?"
Hôm nay sếp khen cái project mới. Cảm thấy hạnh phúc quá 🥳,Vui vẻ,Công việc / Sự nghiệp,"Chúc mừng em nhé! Được sếp ghi nhận công sức chắc chắn là động lực để em làm tốt hơn nữa. Để niềm vui này kéo dài, em thử note lại những điểm thành công để xây dựng kế hoạch tiếp theo không?"
Anh em ơi bị hủy chuyến du lịch phút chót. Cảm thấy mệt mỏi 💔,Buồn bã,Đời sống & Xã hội,"Mất chuyến du lịch phút chót đúng là buồn thật. Chỉnh sách refund đã xong chưa? Nếu chưa, kiểm tra lại điều khoản hay gọi hãng để thương lượng thêm nhé."
Hôm nay giải quyết xong đống task tồn đọng. Cảm thấy hét toáng lên ✨,Vui vẻ,Công việc / Sự nghiệp,"Cảm giác vỡ òa sau bao ngày stress là hoàn toàn xứng đáng. Toàn bộ nỗ lực hôm nay đã được đền đáp. Tận hưởng niềm vui này đi, rồi chuẩn bị tinh thần cho những thử thách tiếp theo."
Mình nay đi làm về mệt quá. Cảm thấy thất vọng toàn tập haiz,Buồn bã,Công việc / Sự nghiệp,"Cảm thấy mệt mỏi sau buổi làm việc là chuyện bình thường thôi. Cơn thất vọng cứ thế ập đến, không rõ nguyên nhân thì cũng khó mà vượt qua. Cứ để bản thân yên một lúc, rồi nghĩ xem điều gì khiến mình stress vậy?"
Góc than vãn: ship đồ ăn mà thiếu món. Cảm thấy muốn chửi thề 🙄,Tức giận,Đời sống & Xã hội,"Thiếu món trong đơn hàng đồ ăn vốn đã khó chịu rồi, giờ lại thêm sự bất cẩn của bên giao hàng. Cảm giác nóng bắn lên tận trán đúng không? Chuyển ngay đơn đến dịch vụ khách hàng, bảo họ xử lý bồi thường thiệt hại cho mình."
Tui idol rep comment. Cảm thấy không thể tin được =)),Vui vẻ,Bạn bè / Giao tiếp xã hội,"Rep ấy trông thế nào? Có gì đặc biệt khiến cưng ưng mắt thế. Nếu thích thì cứ ủng hộ thôi, không cần ngại."
Chời ơi chơi game gặp trúng đồng đội toxic. Cảm thấy bực mình ghê 😡,Tức giận,Bạn bè / Giao tiếp xã hội,"Đồng đội toxic trong game chắc chắn khiến bạn khó chịu thật. Đừng giữ cảm xúc đó quá lâu, hãy rời game tạm nghỉ hoặc báo cáo họ đi. Chơi game vui là chính chứ không phải để stress."
Mọi người ơi crush có người yêu. Cảm thấy rơi nước mắt haiz,Buồn bã,Tình cảm / Mối quan hệ,"Crush mình thích giờ đã có người khác, thật chẳng dễ chịu chút nào. Nếu có thể, hãy viết hết những cảm xúc xuống giấy rồi xé nó đi. Như vậy sẽ nhẹ lòng hơn."
Má ơi khách hàng dời lịch họp sát giờ. Cảm thấy điên máu 🔥,Tức giận,Công việc / Sự nghiệp,"Khách hàng dời lịch sát giờ đúng là khiến tim mạch bốc hỏa. Đổi lịch đột ngột phá vỡ toàn bộ kế hoạch ngày hôm nay rồi. Hãy hít sâu 3 lần, uống ngụm nước lạnh rồi viết lại lịch trình mới ngay, tránh bị động."
Mình chốt đơn thành công món đồ ao ước. Cảm thấy nhảy cẫng lên 🥳,Vui vẻ,Tài chính / Nợ nần,"Mừng quá, mình hiểu cảm giác đó như thế nào khi đạt được thứ mình mong muốn. Tiền mình tiết kiệm bấy lâu nay cuối cùng cũng nằm trong tầm tay. Giờ sao không chia sẻ niềm vui và lên kế hoạch bảo quản nó cẩn thận nhỉ?"
Bản thân xe hỏng giữa đường lúc đang vội. Cảm thấy không chịu nổi 🙄,Tức giận,Đời sống & Xã hội,"Xe hỏng giữa đường đúng lúc vội là khó chịu thật. Lần sau nên kiểm tra xe trước khi đi, hoặc có phương án dự phòng. Bây giờ thì gọi cứu hộ thôi, mình không thể tự xử lý lúc này."
Má ơi chốt đơn thành công món đồ ao ước. Cảm thấy sướng rơn kaka,Vui vẻ,Tài chính / Nợ nần,"Tuyệt vời, chốt được món đồ ao ước rồi còn gì! Cảm giác sung sướng rơn đó là niềm vui xứng đáng sau khi chờ đợi. Giờ cứ tận hưởng thôi, đồ mới mà, chăm sóc tốt để nó bền lâu nhé."
Hôm nay bị đồng nghiệp nói xấu. Cảm thấy không thể nuốt trôi 🤬,Tức giận,Công việc / Sự nghiệp,"Đồng nghiệp nói xấu sau lưng khiến cậu cay cú. Cảm giác tức tối chẳng dễ chịu chút nào. Hãy ghi chép lại sự việc, nếu diễn ra nhiều lần thì trao đổi thẳng thắn hoặc nhờ cấp trên can thiệp."
Tớ trời mưa tự nhiên nhớ người yêu cũ. Cảm thấy rơi nước mắt ...,Buồn bã,Tình cảm / Mối quan hệ,Cơn mưa kéo theo ký ức cũ thật bất ngờ nhỉ. Thương khi nào cậu cũng dễ rung động thế. Để lúc khác mình nói chuyện kĩ hơn về chuyện này nhé?
Mình thấy crush đi chơi với người khác. Cảm thấy hoang mang 😭,Lo âu,Tình cảm / Mối quan hệ,Cảm giác ấy thật khó chịu khi thấy người mình quan tâm đi với người khác. Cậu có muốn chia sẻ thêm về tình huống này không?
Mình bị sếp ép deadline vô lý. Cảm thấy tức á 👊,Tức giận,Công việc / Sự nghiệp,"Deadline vô lý từ sếp thật sự đáng bực. Cảm giác bị coi thường không phải chuyện nhỏ. Hãy ghi lại chính xác những yêu cầu và trao đổi với sếp bằng dữ liệu cụ thể. Nếu tình trạng cứ tái diễn, có thể cân nhắc tìm hướng giải quyết dài hạn."
Tớ gõ xong đoạn text dài mà chưa kịp save bị cúp điện. Cảm thấy tức á 🤬,Tức giận,Công việc / Sự nghiệp,"Mất nửa tiếng vừa gõ mất. Đáng tức thật. Lần sau cứ viết xong một đoạn là ctrl+s ngay, thói quen ấy cứu cả dự án. Giờ mở lại file bật text recovery xem còn kịp không, may ra còn 1 phần."
Tự nhiên bị overthinking trước khi ngủ. Cảm thấy tim đập thình thịch hic,Lo âu,Sức khỏe tâm thần / Tâm lý,"Tim đập thình thịch và overthinking buổi tối thường là dấu hiệu thần kinh bị kích động. Hãy thử ghi lại những suy nghĩ ấy ra giấy rồi hít thở sâu 5 nhịp. Nếu triệu chứng dai dẳng, cân nhắc chia sẻ với người thân hoặc chuyên gia tâm lý."
Chời ơi idol rep comment. Cảm thấy quá đã 😆,Vui vẻ,Bạn bè / Giao tiếp xã hội,"Thấy cậu vui thế nào khi idol rep là cũng hiểu. Cảm giác được chú ý ấy chắc phê thật! Nhưng cứ thế mà tận hưởng niềm vui ấy đi, đừng để nó trôi qua nhanh quá."
Tao vừa chốt được hợp đồng lớn. Cảm thấy vui cả ngày kaka =)) ✨,Vui vẻ,Công việc / Sự nghiệp,Chốt hợp đồng lớn thế kia thì đương nhiên vui rồi! Cảm xúc tràn đầy như vậy chứng tỏ công sức mày bỏ ra đã được đền đáp. Tiếp tục phát huy nhé!
Tự nhiên bốc trúng phần thưởng to. Cảm thấy anh em ơiii 💸 🥳,Vui vẻ,Tài chính / Nợ nần,"Trúng phần thưởng to là may mắn bất ngờ. Chia sẻ thưởng em nhé, có ai xứng đáng hơn không?"
Má ơi chờ mòn mỏi mà không có kết quả tốt. Cảm thấy tuyệt vọng 💔,Buồn bã,Công việc / Sự nghiệp,"Mệt mỏi vì chờ đợi kết quả trong sự nghiệp là điều ai cũng trải qua. Thay vì tuyệt vọng, hãy nhìn lại những nỗ lực mình đã bỏ ra. Bước tiếp theo là chia nhỏ mục tiêu, ưu tiên hành động từng bước thay vì chờ kết quả lớn."
Chời ơi chờ mãi không thấy rep tin nhắn. Cảm thấy hoang mang huhu,Lo âu,Bạn bè / Giao tiếp xã hội,"Chờ tin nhắn lâu thế đáng sợ thật. Có nhắn ai đó ngay bây giờ, hỏi xem họ còn nhớ mình không. Chắc họ bận quá thôi."
Mình bị nói xấu sau lưng. Cảm thấy thất vọng toàn tập haiz,Buồn bã,Tình cảm / Mối quan hệ,Nghe thấy ai đó nói xấu sau lưng chắc khiến bạn thất vọng lắm. Những lời nói sau lưng thường xuất phát từ ghen tị hay hiểu lầm. Bạn có thể chia sẻ điều này với người đáng tin cậy để bớt cô đơn không?
Tao bị hủy chuyến du lịch phút chót. Cảm thấy muốn khóc hic,Buồn bã,Đời sống & Xã hội,"Hủy chuyến đi phút cuối đúng là cay cú thật. Cảm giác tiếc nuối và tức tối hoàn toàn hợp lý khi mình đổ công sức chuẩn bị bấy lâu. Nếu có thể, hãy lên kế hoạch cho một chuyến khác sớm thôi, còn giờ thì cho phép bản thân tức giận vài hôm rồi mọi chuyện cũng qua."
Bản thân gia đình hối thúc chuyện cưới xin. Cảm thấy thót tim huhu,Lo âu,Tình cảm / Mối quan hệ,Áp lực cưới xin từ gia đình đè nặng quá nhỉ. Cảm giác tim thắt lại mỗi khi nghĩ tới việc quyết định cuộc đời mình. Chuyện quan trọng thế này cần cân nhắc kỹ nhưng cũng đừng để nỗi lo lắng biến thành gánh nặng nhé.
Góc than vãn: cảm giác bị tụt hậu so với bạn bè. Cảm thấy nhỡ rớt chắc xỉu ngang ...,Lo âu,Bạn bè / Giao tiếp xã hội,"Cảm thấy tụt hậu so với bạn bè đúng là tâm lý chán chường. Chứ có phải chuyện nhỏ đâu. Thử ngồi xuống viết ra 1 trang giấy những gì mình đã đạt được trong năm vừa rồi xem, dù nhỏ thôi cũng đáng ghi nhận chứ."
Tôi lương về rồi. Cảm thấy cười bể bụng 🥳,Vui vẻ,Đời sống & Xã hội,Cười bể bụng là dấu hiệu vui sướng tràn đầy. Chẳng có gì bằng cảm giác thoải mái sau ngày dài mệt mỏi. Tận hưởng giây phút này thôi!
Bản thân vừa chốt được hợp đồng lớn. Cảm thấy hét toáng lên kaka,Vui vẻ,Công việc / Sự nghiệp,"Hợp đồng lớn thế này đúng là đáng tung hô! Cảm giác hưng phấn khi thành tựu đổ về không có gì sánh bằng. Bây giờ cứ tận hưởng niềm vui này, rồi mình bàn phương án ăn mừng thôi."
Bản thân được crush rủ đi chơi. Cảm thấy không thể tin được ✨,Vui vẻ,Tình cảm / Mối quan hệ,Crush chủ động rủ mình đi chơi đúng không? Thấy vui bất ngờ lắm nhỉ. Chắc anh ấy/cô ấy thích tương tác với mình hơn mình tưởng rồi đấy.
Mọi người ơi trời mưa tự nhiên nhớ người yêu cũ. Cảm thấy buồn rười rượi 💔,Buồn bã,Tình cảm / Mối quan hệ,"Trời mưa cứ khiến mình nhớ đến những kỉ niệm xưa. Cảm giác ấy thật khó chịu, nhưng nó cũng là dấu hiệu cho thấy trái tim mình vẫn còn rung động. Thử viết ra điều mình nhớ ra giấy rồi xé đi nhé, đỡ hơn đấy."
Tôi xe hỏng giữa đường lúc đang vội. Cảm thấy cay thật sự 👊,Tức giận,Công việc / Sự nghiệp,"Chiếc xe chết máy giữa đường đúng là trải nghiệm bực mình nhất. Cảm giác ấy chẳng khác gì một tràng nổ bom trong đầu lúc đang gấp rút. Bây giờ cứ bình tâm lại, kiểm tra nhiên liệu trước đã nhé."
Má ơi bài thi được điểm cao. Cảm thấy hét toáng lên 🤩,Vui vẻ,Học tập / Thi cử,Chúc mừng em nhé! Điểm cao thế này chắc chắn sự nỗ lực của em đã được đền đáp. Đến lúc thưởng cho bản thân mình vài món ngon rồi chứ?
Má ơi bị nói xấu sau lưng. Cảm thấy tuyệt vọng haiz,Buồn bã,Tình cảm / Mối quan hệ,"Nghe chuyện ai đó nói xấu mẹ sau lưng thì buồn lắm. Mình hiểu nỗi thất vọng của em. Nhưng chẳng ai hoàn hảo cả, kể cả người thân. Em nên nói chuyện thẳng thắn với họ nếu có thể, hoặc chia sẻ cùng người mình tin tưởng để giải tỏa."
Tôi chia tay xong cứ thấy trống rỗng. Cảm thấy buồn xíu xiu haiz,Buồn bã,Tình cảm / Mối quan hệ,Việc chia tay để lại khoảng trống trong lòng thật khó chịu. Cảm giác trống rỗng sau sự kết thúc ấy là chuyện bình thường thôi. Hãy cho bản thân thời gian để nhìn lại những gì mình học được từ mối quan hệ ấy.
Anh em ơi bị sếp ép deadline vô lý. Cảm thấy không thể nuốt trôi 💢,Tức giận,Công việc / Sự nghiệp,"Deadline ép sát thế chẳng khác nào kẻ địch. Chuyện này đủ khiến ai cũng bực mình, không chỉ riêng mình em. Hãy viết ra những gì đang tắc nghẽn, sau đó thẳng thắn trao đổi với sếp xem liệu có phương án nào khả thi hơn không."
Mình bị sếp la. Cảm thấy buồn xíu xiu 😔,Buồn bã,Công việc / Sự nghiệp,Sếp la là chuyện bình thường khi áp lực cao. Cảm thấy buồn là phản ứng tự nhiên. Chép lấy trải nghiệm ấy làm động lực thay đổi cách xử lý tình huống lần sau.
Bản thân nay đi làm về mệt quá. Cảm thấy tủi thân ghê 😢,Buồn bã,Công việc / Sự nghiệp,"Làm việc nặng trong ngày mệt mỏi thật đúng là không dễ chịu chút nào. Bao nhiêu giờ phải ngồi yên 1 chỗ, cộng thêm áp lực chờ deadline nữa. Nghỉ ngơi đi, uống nước nóng, tắm mát rồi ngủ sớm hôm nay nhé."
Dạo này chờ mãi không thấy rep tin nhắn. Cảm thấy hoang mang hic,Lo âu,Tình cảm / Mối quan hệ,Mình biết chờ tin nhắn lâu thế này thấy hoang mang lắm. Có phải bạn đang lo lắng người ấy thay đổi hay có chuyện gì không ổn?
Dạo này bị sếp la. Cảm thấy thấy trống rỗng 😔,Buồn bã,Công việc / Sự nghiệp,"Sếp quát nã chắc chắn khiến tâm trạng xuống dốc. Cảm giác trống rỗng hay chỉ là ngày hôm nay không có sức lực để đối diện với áp lực thôi. Hãy tạm dừng 10 phút, hít thở sâu rồi viết ra 1 điều bạn làm tốt nhất trong tuần. Điểm sáng nhỏ đó sẽ kéo bạn quay lại."
Hôm nay crush có người yêu. Cảm thấy chán nản thật sự 😔,Buồn bã,Tình cảm / Mối quan hệ,"Crush có người yêu khiến em thấy thất vọng. Đó là nỗi buồn rõ rệt, không phải vô cớ. Em nên dành thời gian cho những mối quan hệ mang lại giá trị thật sự hơn là tiếc nuối những gì không thuộc về mình."
Bản thân mới tậu được chiếc áo cực cháy. Cảm thấy vui xỉu ✌️,Vui vẻ,Đời sống & Xã hội,"Mua được đồ ưng mắt thế là đáng quý lắm! Cảm giác vui xỉu lúc ấy khiến mình nhớ lại lần đầu sắm quần áo mới. Giữ nguyên niềm vui ấy nhé, nó là động lực để ta trân trọng những khoảnh khắc nhỏ."
Mọi người ơi bị sếp la. Cảm thấy buồn rười rượi 🥀,Buồn bã,Công việc / Sự nghiệp,Sếp quát là chuyện thường ngày ở công sở. Cảm xúc đang dồn nén vì bị đánh giá không công bằng. Thử viết ra giấy những việc đã làm trong tuần để nhìn rõ năng lực của mình hơn chưa?
Mình điểm thi thử thấp quá. Cảm thấy không biết đi đúng hướng không huhu,Lo âu,Học tập / Thi cử,"Điểm thi thử thấp đúng nghĩa là hơi choáng, không phải lỗi của mình. Đã cố gắng rồi cứ đi tiếp thôi, điều chỉnh phương pháp ôn luyện từng bước xem sao."
Chời ơi gia đình hối thúc chuyện cưới xin. Cảm thấy hoang mang 🥶,Lo âu,Gia đình,"Áp lực từ gia đình về chuyện cưới khiến em cảm thấy rối bời. Họ cứ thúc giục trong khi em vẫn đang phân vân về tương lai. Hãy dành thời gian suy nghĩ thật kỹ điều gì làm em thực sự thoải mái, không cần vội đưa ra quyết định."
Bản thân chơi game gặp trúng đồng đội toxic. Cảm thấy phát điên 🤬,Tức giận,Bạn bè / Giao tiếp xã hội,"Đồng đội toxic mà chẳng chịu trách nhiệm gì hết. Cảm giác tức đến nghẹn thở luôn ấy nhỉ? Thử tắt mic, ghi lại clip rồi báo cáo team xem sao?"
Bản thân thấy crush đi chơi với người khác. Cảm thấy hồi hộp quá 🥲,Lo âu,Tình cảm / Mối quan hệ,Crush đi chơi với người khác khiến cậu hồi hộp thế này à? Cảm giác ấy là bình thường khi mình có chút quan tâm đặc biệt. Cậu muốn nghe lời khuyên nào cho tình huống này không?
Tôi bài thi được điểm cao. Cảm thấy vui cả ngày kaka =)) kaka,Vui vẻ,Học tập / Thi cử,"Điểm cao thế, chúc mừng bạn! Cả ngày vui như vậy chắc hẳn bạn đã nỗ lực nhiều lắm. Đừng quên tận hưởng niềm vui này nhé, đừng vội nghĩ đến lần thi sau."
