id,text_raw,original_label,predicted_label,original_label_probability,label_quality_score,icon_flag,pair_status,action,new_label,review_note
2524,Mong pháp luật xử đúng tội của bọn ác nhân,hy_vong,gian_du,0.0059043877,0.049573272,,MAU_THUAN,,,
8914,"hồi lớp 1 đú theo lũ bạn về học nấu . thế là cơm sống , sợ quá vùi gạo trong đống tro",vui,lo_au,0.011374567,0.051235378,,MAU_THUAN,,,
7683,ước gì tao thất tình cũng được giống như mày,that_vong,hy_vong,0.022399591,0.059214592,,MAU_THUAN,,,
9379,các bạn đang bảo con này ah 😂😂😂,trung_tinh,vui,0.025707804,0.0612292,,MAU_THUAN,,,
244,Bọn này chỉ có tiền chứ lgi có đạo đức hả ban tẩy chay đi mng,hy_vong,gian_du,0.014999612,0.06410214,,MAU_THUAN,,,
9005,nhà tạp hoá đấy hả ... :)))),trung_tinh,vui,0.030256042,0.066060275,,MAU_THUAN,,,
4562,Hối hận rồi cũng chả giải quyết đc j,trung_tinh,buon,0.008459937,0.06937742,,MAU_THUAN,,,
4862,thứ ngăn cản bn ko phải là bài tập ng iu bn bè nhan sắc ng khác mà là những j mà bn sẽ lm bn chỉ sợ ngt nói trong khi thật ra họ quan tâm bn chỉ là bn sợ,trung_tinh,lo_au,0.030332489,0.07061607,,MAU_THUAN,,,
4808,Thật ra thuyết tiến hóa của Darwin vẫn chưa được các nhà khoa học hay tổ chức nào chứng minh nó tồn tại 100% nhưng vì từ lúc thuyết đó ra đời vẫn chưa có ai có bằng chứng để phủ nhận và cũng có vài điểm hợp lí nên vẫn giữ thuyết đó đến tận bây giờ và các nỗi sợ hay tật xấu được di truyền từ thời tiền sử đến tận bây giờ có thể chưa chính xác :),trung_tinh,lo_au,0.02497683,0.073330075,,MAU_THUAN,,,
4540,Huỳnh Kim Oanh ng chị hay hút trân châu😌,trung_tinh,vui,0.032391477,0.07754728,,MAU_THUAN,,,
4701,giỏi thật chứ đùa . biểu cảm gần như 90 % chuẩn mẹ rồi . thằng quay và edit cũng ghê luôn . nhảy cũng tốt ra phét chứ -.- ác thật,vui,gian_du,0.013438376,0.08178261,,MAU_THUAN,,,
2919,tồi vc 😛,gian_du,vui,0.019637873,0.08219737,,MAU_THUAN,,,
2075,yêuc nhau một cách tự do . tôn trọng sư riêng tư của nhau,trung_tinh,hy_vong,0.036787804,0.083073765,,MAU_THUAN,,,
7793,k hối hận khi đã làm,trung_tinh,buon,0.020481596,0.08550081,,MAU_THUAN,,,
881,Thương n quá chị ạ e xin chia buồn cùng gia đình mình ạ mong bọn kia sớm bị trừng phạt,hy_vong,buon,0.015266086,0.08710137,,MAU_THUAN,,,
7173,lũ kiến ở nhà mày thích vậy .,trung_tinh,gian_du,0.046142135,0.087964475,,MAU_THUAN,,,
4641,nhìn gai vãi,gian_du,vui,0.0395655,0.090613246,,MAU_THUAN,,,
2026,cầu mong là chỉ là một trò đùa ác ý,hy_vong,gian_du,0.015796922,0.09297514,,MAU_THUAN,,,
1597,đục khoét tuổi thơ vãi )),that_vong,vui,0.027596064,0.09357497,,MAU_THUAN,,,
3732,Phạm Song Học đúng.. trách thằng ck nữa mới đã nư.. 🤭,gian_du,vui,0.022527784,0.09706819,,MAU_THUAN,,,
717,tao đi xe máy mỗi lần muốn để xe đi đâu là phi mẹ nó vào quán net gửi đấy rồi đi ra đéo mất phí,trung_tinh,gian_du,0.0146352975,0.09771341,,MAU_THUAN,,,
3081,chủ tịch giả làm ăn xin và cái kết . đừng bao giờ coi thường người nghèo,trung_tinh,gian_du,0.034231648,0.10186756,,MAU_THUAN,,,
5337,Ngược chiều ở cao tốc,lo_au,trung_tinh,0.025715563,0.102176964,,MAU_THUAN,,,
1673,"Tôi rất thương yêu động vật , nhưng động vật đó xứng đáng tuyệt chủng",gian_du,vui,0.011138749,0.10233849,,MAU_THUAN,,,
7094,Content thôi :)),trung_tinh,vui,0.03487584,0.102368,,MAU_THUAN,,,
7463,mày nhớ đặt bạn ý cho những lần gọi sau nhé !,trung_tinh,hy_vong,0.054618023,0.102930814,,MAU_THUAN,,,
9992,hơn cả bộ phim kinh dị !,lo_au,vui,0.045809574,0.10417336,,MAU_THUAN,,,
4178,Mong bé mau hồi phục. Thương quá. Gửi năng lượng chữa lành những nỗi đau cho bé sớm khỏe.,hy_vong,buon,0.020949963,0.105718106,,MAU_THUAN,,,
877,"nhiều người nói con này giả ngu câu thích , nhưng xem lại nhiều lần thấy nó ngu thiệt chứ không phải giả bộ",vui,gian_du,0.012588031,0.106493205,,MAU_THUAN,,,
9763,hok có hứng thú quay lại lun 🫠,that_vong,vui,0.025739279,0.107094646,,MAU_THUAN,,,
484,"nhớ lại ngày đó , làm pg bán giấy , cười suốt ngày , khách chửi cũng cười , mà nhớ thời đó ghê , mới 1 , 2 năm chứ mấy",vui,buon,0.02456062,0.107296646,,MAU_THUAN,,,
2672,sai rồi nhá . có những thứ cha mẹ không có nhưng vì con họ vẫn cố gắng để có được nó,that_vong,hy_vong,0.04278383,0.107420534,,MAU_THUAN,,,
5273,per vợ thích bếp ga mini hay loại bếp ga đôi nào 😂😂😂😂,trung_tinh,vui,0.01900974,0.107512474,,MAU_THUAN,,,
9713,Ngọc Trầm Thủy Thượng cay,gian_du,trung_tinh,0.036354337,0.10773638,,MAU_THUAN,,,
8028,"per haha nhiều tiền quá mang đây tao tiêu hộ cho , đóng thuế 10 củ phí quá =))",trung_tinh,vui,0.019612944,0.108015,,MAU_THUAN,,,
4958,bọn chủ tịch đến chưa chúng mày ?,trung_tinh,gian_du,0.057898503,0.10849923,,MAU_THUAN,,,
7087,"per thì mấy ông nhậu bắt sạch , còn đâu mà phá hoại",trung_tinh,gian_du,0.04149713,0.108958274,,MAU_THUAN,,,
3794,per nhớ thật sự,trung_tinh,buon,0.025861371,0.11007917,,MAU_THUAN,,,
5019,Tàn canh chuyến này,that_vong,trung_tinh,0.026128367,0.110402375,,MAU_THUAN,,,
8502,cuộc chiến đấu vẫn còn tiếp diễn,trung_tinh,hy_vong,0.051689833,0.11136842,,MAU_THUAN,,,
5303,Việt Nam cũng đang trên đường giông như Nhật… có khác gì đâu :)),trung_tinh,vui,0.049161512,0.11246681,,MAU_THUAN,,,
2496,"Nhớ bà ngoại quá cảm thấy bất hiếu khi còn nhỏ ở với bà, giờ muốn ở bên bà mãi",hy_vong,buon,0.048087317,0.11308429,,MAU_THUAN,,,
2391,Trà My chưa bị bế lên phường là chưa sợ mô...ae yên tâm 😼😼,trung_tinh,lo_au,0.04044162,0.11361611,,MAU_THUAN,,,
8244,bốc phốt khách thế không sợ mất khách à bác ??,trung_tinh,lo_au,0.035454113,0.11382991,,MAU_THUAN,,,
1244,"tao toàn thế giận tao tao dỗi lại , lại phải dỗ tao . hahahaha",gian_du,vui,0.012045923,0.113984376,,MAU_THUAN,,,
942,Nguyễn Hoàng Ngân thôi nhen,gian_du,trung_tinh,0.04719496,0.11426264,,MAU_THUAN,,,
378,"Cố gắng rồi vẫn thất bại , biết cố gắng đến kho nào haizzzz",that_vong,hy_vong,0.042566456,0.1143688,,MAU_THUAN,,,
6734,Trần Dinh Kini thì cũng tới đó vướng lại rồi đó,that_vong,trung_tinh,0.046016,0.11577839,,MAU_THUAN,,,
5760,con cái nhà ai mà bố mẹ chăm cho đẫy đà ngon ngọt thế,trung_tinh,gian_du,0.025220279,0.11608344,,MAU_THUAN,,,
5519,lại cho lên chơi với các cụ 😌😌😌,trung_tinh,vui,0.029511016,0.11613768,,MAU_THUAN,,,
3632,cứ thấy nó là ăn không còn xác thì lấy gì chúng kịp phá . nhìn thèm ứ chịu được,hy_vong,gian_du,0.019519988,0.11626467,,MAU_THUAN,,,
313,"Chị ra video khi mà e đang cảm thấy chán nản thực sự. E phải rời bỏ những thứ mà e từng nghĩ nó sẽ là mãi mãi của cuộc đời, có lẽ một điều gì đó mới sẽ chờ đón e...<br>E đã sai rất nhiều rồi và có lẽ đây là sự trừng phạt...",that_vong,hy_vong,0.049599666,0.11663169,,MAU_THUAN,,,
7570,Tôi chưa bao gio cảm thấy hối hận,trung_tinh,buon,0.025190275,0.11765057,,MAU_THUAN,,,
1327,tui vì con tui sẽ ở lại.từng là đứa trẻ...... nên t sẽ dành những thứ tốt đẹp t chưa từng có.,buon,hy_vong,0.053966776,0.11827788,,MAU_THUAN,,,
8961,Truy xét chủ thầu là đơn vị nào,hy_vong,trung_tinh,0.049963117,0.11848858,,MAU_THUAN,,,
3483,Thầu mà làm vậy thì làm ăn xao phát đạt được mong CA bình dương vào cuộc để lấy lại tiền công và giay tờ cho vợ chồng e,that_vong,hy_vong,0.0332603,0.11899549,,MAU_THUAN,,,
7497,Khoa Duc Nguyen chỉ có 3/ mới thích Trump mà ông,that_vong,trung_tinh,0.041057847,0.11942664,,MAU_THUAN,,,
9352,đang buồn cần 1 người nhắn tin tâm sự hằng đêm,hy_vong,buon,0.013829683,0.11966863,,MAU_THUAN,,,
4689,Trần Tiên chac dzay qua kkkk,trung_tinh,vui,0.06197606,0.12080279,,MAU_THUAN,,,
9284,Từ nay t tu k hóng nữaaaaa Dưỡng Sinh Bích Nhung 😹,buon,vui,0.032401424,0.121193975,,MAU_THUAN,,,
9936,Trúc Phương Lê kiện thoi,vui,trung_tinh,0.032401983,0.12176564,,MAU_THUAN,,,
6595,"hăm hở đón nhận tất cả , thậm chí là nỗi buồn , nếu điều ấy khiến việc tồn tại của bạn mang một hương vị đáng nhớ ...",hy_vong,buon,0.027040385,0.12286249,,MAU_THUAN,,,
7618,Đi ngược chiều cao tốc Còn nhận biên bản là may đấy,gian_du,trung_tinh,0.033855144,0.12319484,,MAU_THUAN,,,
7572,"Từ nay về sau, bà 8 Xe Lửa hay Lưỡi Lam gì thì Lu cũng không sợ nữa. Hôm qua Lu còn đảo một vòng xe cho mấy anh công an xem nữa, rồi mấy ảnh sai Lu đi mua đồ nhắm cho mấy ảnh lai rai, cho nên hehe, từ ngày có cái xe, Lu lên chức ... tà lọt cho CA gòi.",vui,lo_au,0.029268453,0.1234214,,MAU_THUAN,,,
3038,"Mạnh mẽ có nhiều cách để hiểu. Đôi khi là mạnh mẽ che giấu cảm xúc của mình, hoặc mạnh mẽ thể hiện cảm xúc của mình. Cũng tùy vao trường hợp, có những người chúng ta sẽ lựa chọn mạnh mẽ theo cách thứ nhất ( có lẽ là những mối quan hệ xã hội không quá quan trọng ), còn có những người chúng ta sẽ lựa chọn mạnh mẽ theo cách thứ 2 ( những người thân, hoặc những người quan trọng )",trung_tinh,hy_vong,0.056075968,0.12357247,,MAU_THUAN,,,
7550,Đối với em thì cách để xả stress nhanh nhất là khóc <br>Khóc là thứ nhanh nhất để xả stress<br>Cứ để nó chảy theo dòng cảm xúc thôi☺☺,trung_tinh,hy_vong,0.029613003,0.12407696,,MAU_THUAN,,,
7546,Bình An độc toàn thân,gian_du,trung_tinh,0.038437635,0.12510419,,MAU_THUAN,,,
9956,thật ra mấy đứa bị chửi nhiều thế này ra đời lại biết cư xử hơn những đứa khác .,trung_tinh,gian_du,0.03239278,0.12589574,,MAU_THUAN,,,
6527,điềm báo gì đây,lo_au,trung_tinh,0.02304529,0.12620044,,MAU_THUAN,,,
5516,bể mẹ cái kính cường lực mới dán :#,gian_du,vui,0.03910073,0.126679,,MAU_THUAN,,,
4450,"Mình cũng muốn nói những câu yêu thương với ông bà của mình, nhưng mình không thể",buon,hy_vong,0.06457246,0.12677097,,MAU_THUAN,,,
985,Embe này yếu đuối quá,that_vong,vui,0.022858512,0.12754676,,MAU_THUAN,,,
587,tại mình thử hết rồi :)) nên cậu nói thế thì mình bình luận thôi :)),trung_tinh,vui,0.033249673,0.12775624,,MAU_THUAN,,,
660,vẫn là chính sách trên giấy tờ,that_vong,trung_tinh,0.032326654,0.12789372,,MAU_THUAN,,,
10033,Ai thắng cũng dc nhưng Trump thì oke hihi,trung_tinh,hy_vong,0.04710482,0.12819713,,MAU_THUAN,,,
4636,Cris Minh Algeria nó theo đạo hồi. Ko đc chuyển giới. Nhiều người là nữ nhưng vẫn tiết nhiều Tetosteron hơn bình thường. Cơ bắp sẽ phát triển mạnh hơn,trung_tinh,hy_vong,0.07433241,0.12831593,,MAU_THUAN,,,
609,thề ở với tụi nó quẩy hết mình tưởng như đã hóa thú,vui,lo_au,0.047922492,0.12879989,,MAU_THUAN,,,
9810,Chuyện của Hà Nội nhất định phải thế,trung_tinh,vui,0.06982467,0.1304546,,MAU_THUAN,,,
9404,Quá xưng đáng.,that_vong,vui,0.019910887,0.1308676,,MAU_THUAN,,,
5134,liệu có bền lâu,lo_au,trung_tinh,0.03235541,0.13124534,,MAU_THUAN,,,
2241,Ông ngoại mất Ông bà nội mất Bà ngoại ko thương ☺️ko một ai thương iem cả trừ ông ngoại @nào có ny đổitên🤡🇻🇳🔥,buon,vui,0.034060054,0.131975,,MAU_THUAN,,,
6696,Vì định mệnh chân ái phóng hỏa đốt nhà xong quên mẹ là có chồng vs con r. Ngộ không🙉🙉🙉...còn j để lói,vui,gian_du,0.0194704,0.13209146,,MAU_THUAN,,,
423,hú hồn chim én :) nào làm ra này chắc cũng ngáo dữ :) chắc add không sợ nhện :),vui,lo_au,0.058219243,0.13223612,,MAU_THUAN,,,
3944,đây là lần cuối cùng các bạn nhìn thấy anh ấy,buon,trung_tinh,0.009831143,0.1323053,,MAU_THUAN,,,
1944,Thời ấy nước nào có dân số đông thì nước ấy mạnh.Quân đội chủ yếu là dùng số đông đánh số ít.mà dân đông thì quân đội đông😊,trung_tinh,hy_vong,0.037601266,0.13255501,,MAU_THUAN,,,
4179,Cứ xem những hình ảnh này trong lòng lại thấy nao nao.kí ức ùa về.ôi thèm cái cảm giác ngày xưa,hy_vong,buon,0.020150645,0.13273934,,MAU_THUAN,,,
1562,làm mấy chuyện dở người để được nó chú ý,hy_vong,gian_du,0.012916392,0.13330439,,MAU_THUAN,,,
8818,"cái này vừa đúng cũng vừa sai,đúng là vì nếu ông là người mạnh mẽ trước mặt người khác,tự dưng hôm đó ông buồn hay có gì đó làm cảm xúc của ông đi tới tột cùng thì buộc ông phải khóc nhưng ngta ko biết ngta sẽ ngĩ ông là thng mích ướt,nhưng sai là sai ở chỗ,họ không biết con trai cta cũng cần phải dc chia sẻ,phải dc ưuan tâm bởi cta là người thuong xuyen gánh vác trách nhiệm vì cta là đấng nam nhi(kiểu kiều vậy) nên đôi lúc hơi áp lực,như bố tôi 40 tuổi rồi đi làm đôi lúc vẫn hay bị sếp mắng thậm tệ,bố tôi áp lực quá vẫn khóc đấy,nói chung là ông ko có gì phải xấu hổ cả,cứ kệ sự đời đi",buon,hy_vong,0.048237212,0.13348362,,MAU_THUAN,,,
742,"mặc kệ người ta bạn ơi , có tiền mua xe đi thì kệ mẹ thiên hạ",hy_vong,gian_du,0.040937833,0.1335882,,MAU_THUAN,,,
10112,Bt là có thể gọn 1 chút chải chuốt thì bản thân sẽ đẹp hơn nhưng việc để 1 quả đầu xù ko quan tâm j và cứ sống bth nó thoải mái,trung_tinh,hy_vong,0.070051864,0.13456663,,MAU_THUAN,,,
1800,trong luật có khung hình phạt xử bắn không ... ghê tởm,hy_vong,gian_du,0.011558409,0.1347149,,MAU_THUAN,,,
6214,hối hận có quay lại đc k,hy_vong,buon,0.04513886,0.13482502,,MAU_THUAN,,,
462,Sơn Hoàng thế tiền tao đâu,gian_du,trung_tinh,0.06697806,0.13564047,,MAU_THUAN,,,
7987,Nguyễn Văn Hoàng fuckboi mà,gian_du,trung_tinh,0.055226095,0.13566846,,MAU_THUAN,,,
7885,Cuộc Sống Thường Ngày 🍀🍀🍀🍀🍀🍀🍀🍀🍀🍀🍀,trung_tinh,hy_vong,0.038391065,0.1363397,,MAU_THUAN,,,
1863,Chuẩn bị😁,trung_tinh,vui,0.03868392,0.13738453,,MAU_THUAN,,,
4222,Hoa Vu sau uống trà sữa bằng thìa thôi nhể,lo_au,trung_tinh,0.039234973,0.13752618,,MAU_THUAN,,,
4331,bếp thiiêu chân mày,vui,trung_tinh,0.0370768,0.13893336,,MAU_THUAN,,,
9980,đổi cả cuộc đời giống người tàn tật để được cái video này .,gian_du,hy_vong,0.012329855,0.139366,,MAU_THUAN,,,
8211,Văn Phúc rũ nhậu mà,vui,trung_tinh,0.054976583,0.13953483,,MAU_THUAN,,,
6092,"mình đã xem rất nhiều video như này rồi , nên thấy cũng bình thường =)))",trung_tinh,vui,0.026487505,0.14025861,,MAU_THUAN,,,
3988,úi giời khiếp quá !!!!,lo_au,vui,0.03778311,0.14083156,,MAU_THUAN,,,
3517,Cứ đọc những bài như thế này mà thấy nhiều người quá khổ luôn Từ đó ta hãy chia sẻ những gì có thể đừng có tham sân si nữa mọi người nhé,buon,hy_vong,0.038063362,0.14085448,,MAU_THUAN,,,
4525,Pha này vừa đổi ck vừa đổi tên con luôn 🥹🥹🥹,that_vong,vui,0.046380233,0.14135239,,MAU_THUAN,,,
4734,Chiều cao quan trọng hơn nhan sắc ( đối vs con trai 😌 ),trung_tinh,vui,0.033856854,0.14155093,,MAU_THUAN,,,
4354,Hồ Ngọc Hân vậy t đem bọc t cho chó mèo hoang ngồi đg ănn chứ bỏ thì mang tội nếu đồ bé ân dc,hy_vong,gian_du,0.020299973,0.14207277,,MAU_THUAN,,,
3739,Nguyễn Hoa giống bênh lx chổ vài trăm ra 5trieu,that_vong,trung_tinh,0.051912244,0.14294153,,MAU_THUAN,,,
1186,"cấp 3 , đáng tiếc nhất trong thời học sinh ^^",that_vong,vui,0.015097756,0.14364591,,MAU_THUAN,,,
1466,Đẹp mà mắc thiệt,that_vong,vui,0.045370586,0.14434132,,MAU_THUAN,,,
4809,Dung Phung anh chiến oánh cho bây h,lo_au,trung_tinh,0.03993435,0.14477465,,MAU_THUAN,,,
2324,"Tỉnh mộng đi chàng trai, đây là cuộc sống thực tế chứ không phải tiểu thuyết hay phim ảnh. Khi đã biết chắc chắn ngta k yêu mình r thì nên tự yêu bản thân mình nhé. Đừng tự nhục",that_vong,hy_vong,0.047926985,0.14552519,,MAU_THUAN,,,
9850,đúng là nói thì dễ hành động không bao giờ làm được ))),that_vong,vui,0.020708665,0.14552972,,MAU_THUAN,,,
8915,cảm thấy nhột đít,trung_tinh,vui,0.060072023,0.14576533,,MAU_THUAN,,,
1788,"Bây giờ thì em lại nhớ và hâm mô em của ngày xưa <br>Một cô gái rất tự tin ,mạnh dạn,vô tư và hoà đồng.Trái ngược với hiện tại",buon,hy_vong,0.04195029,0.1458768,,MAU_THUAN,,,
3046,những người em thích đều đi nơi đâu rồi còn con ml bên cạnh song hành,that_vong,hy_vong,0.031452283,0.14643905,,MAU_THUAN,,,
3729,Nếu gặp trường hợp như vậy mình cũng sẽ như ad…,trung_tinh,hy_vong,0.04377183,0.14648056,,MAU_THUAN,,,
4654,thứ t cần là phim xuân hạ thu đông,hy_vong,trung_tinh,0.056361403,0.14731646,,MAU_THUAN,,,
8568,đáng yêu mà sợ gì,vui,lo_au,0.054056853,0.14736539,,MAU_THUAN,,,
8586,per cái đoạn vén tóc là quen lắm nhá . thích lém ý,hy_vong,trung_tinh,0.0706301,0.14739716,,MAU_THUAN,,,
5360,Chơi thêd quá tốt rồi. Có cái đấu trường lớn mình tâm lý chiến yếu thôi. Chứ hôm qua mà đánh như hôm nay ăn chắc,hy_vong,gian_du,0.023237105,0.14787436,,MAU_THUAN,,,
5829,ra đường không cầm theo đá phong thủy rồi,that_vong,trung_tinh,0.05706061,0.14867726,,MAU_THUAN,,,
1578,Trà Nguyễn chủ yếu cũng là muốn con ngồi mát ăn bát vàng ở tương lai. Nhưng thực tế là cho dù học khổ hay ít thế nào tương lai vẫn chủ yếu vất vả.,that_vong,hy_vong,0.06682444,0.14887637,,MAU_THUAN,,,
4787,ừ nhìn rợn thật =]]]],lo_au,vui,0.021449596,0.14909357,,MAU_THUAN,,,
1421,"Mình ko thể nào quên đc cái chết của George O’Malley. Mọi người nên xem Grey’s Anatomy nhaaaa, xuất sắc",buon,vui,0.03002222,0.14918795,,MAU_THUAN,,,
8185,Chúc a an nghỉ sớm siêu thoát,buon,hy_vong,0.081752375,0.149439,,MAU_THUAN,,,
2830,"Khóc thì k có gì sai, ai cũng có cảm xúc, chỉ là theo tư duy nửa cũ nửa mới của tôi thì chỉ nên khóc trước mặt những người mình thấy có thể hiểu và chia sẻ được với lí do mình khóc. Mỗi lần như thế vừa được giải toả, vừa được sẻ chia, vừa được thông cảm thì sẽ làm mình mạnh mẽ với tự tin hơn. Chứ khóc trc đám đông xong bị xỉa xói nghe nó hơi trauma còn bạn gái op thì thôi k bàn, hoặc do bạn ấy chưa đủ trải nghiệm nên tư tưởng vẫn còn stereotype. Còn nếu k có ai thì khóc 1 mình",buon,hy_vong,0.06521881,0.14944354,,MAU_THUAN,,,
4825,thiếu cà fe,hy_vong,trung_tinh,0.041783433,0.1497626,,MAU_THUAN,,,
6395,cậu lái xe nói chưa thấy sai gì . ?? đỗ dưới đường chứ có đỗ vào phòng khách nhà mình đâu mà kêu .,trung_tinh,gian_du,0.07175909,0.1503264,,MAU_THUAN,,,
8591,thấy bản thân mk ở đây,buon,trung_tinh,0.0454706,0.15039167,,MAU_THUAN,,,
2881,Hoàng Thiên Ngọc icon này là chưq có nguoi yeu nhé,buon,trung_tinh,0.01610275,0.15066707,,MAU_THUAN,,,
10211,Chu Bích Ngọc hút ít thôi nhé,lo_au,trung_tinh,0.022833467,0.15118763,,MAU_THUAN,,,
1952,"vậy thì tao sẽ ước mơ là các nhà thơ đừng bao giờ xài ẩn dụ , chơi chữ :) đã ngu văn còn bắt phân tích thấy mẹ luôn",hy_vong,gian_du,0.035532102,0.15121242,,MAU_THUAN,,,
9448,đăng khoa lê lò dầu của mẹ nè anh 😘😘😘,trung_tinh,vui,0.0345164,0.1512672,,MAU_THUAN,,,
8725,tợ rất tự ti vào nhan sắc lẫn ngoại hình của mình nhưng tớ cảm thấy nụ cười của mình rất đẹp...,vui,buon,0.044049915,0.15131557,,MAU_THUAN,,,
5742,Nguyễn Đạt đơn hàng lớn gần 1 triệu thì phải cẩn thận thôi. Đó là luật chơi. Ko chơi được thì chịu thiệt.,trung_tinh,gian_du,0.046489052,0.15133423,,MAU_THUAN,,,
5954,Thanh Trúc thế a sẽ cho em được mất sức nếu em muốn biết nè.,trung_tinh,hy_vong,0.0749033,0.15136626,,MAU_THUAN,,,
4446,Đã dí đơn chưa thôi làm vài trăm ăn tết,vui,gian_du,0.011429197,0.1514737,,MAU_THUAN,,,
10088,không biết nói sao ... nghiện chuẩn mẹ rồi ... crush ợ . mà nó nhẫn tâm lắm hồi trước còn hay call video . từ hôm tao cạo trọc y như là mất tích luôn . chắc phải để tóc mọc lại tao mới dám gọi . 🤭,that_vong,vui,0.032921113,0.15179181,,MAU_THUAN,,,
7342,"Lê Kim Thoa Với các phụ huynh cũng lưu ý, trường tư chắc có lắp cam, có thời gian rảnh chút thì nhìn qua cam lúc đầu giờ sáng, nhìn thấy con thì sẽ yên tâm hơn ạ! Đặc biệt những gia đình cho cháu đi học bằng xe đưa đón!",trung_tinh,hy_vong,0.086383596,0.15273756,,MAU_THUAN,,,
2988,Mong em thanh thản và về với cõi lành,buon,hy_vong,0.0839738,0.1528543,,MAU_THUAN,,,
8960,ông này nội công thâm hậu nhảy lên gẫy cả cây thế là té đít dầm xuống đất . tại hạ bái phục,vui,gian_du,0.035613514,0.15300524,,MAU_THUAN,,,
840,Vậy chứ thời gian sau bình tĩnh lại sẽ Tự hỏi vì sao mình lại yêu người này,buon,hy_vong,0.08256912,0.1530151,,MAU_THUAN,,,
4629,To Hoai Nguyen ốc uống trà sữa phải cẩn thận này mẹ,lo_au,trung_tinh,0.06715447,0.15313342,,MAU_THUAN,,,
6010,Bữa Lào mới tạch con y chag thì phải,that_vong,trung_tinh,0.052370574,0.15314296,,MAU_THUAN,,,
4341,"mình không biết phải đi con đường nào, phải làm thế nào để gia đình mình có tiền và trở nên tốt hơn..",buon,hy_vong,0.0629859,0.15423924,,MAU_THUAN,,,
5928,lòng đường không phải nhà cụ nên cụ sai nhé . vỉa hè to vậy rồi cụ còn muốn như thế nào,gian_du,trung_tinh,0.03878579,0.15436807,,MAU_THUAN,,,
8940,ước gì nội mình cũng vậy ..... thì con sẽ thương nội bằng cả trái tim,that_vong,hy_vong,0.057839997,0.1547029,,MAU_THUAN,,,
5029,"Đặng Bạch Phát bạn phải đặt mình vào hoàn cảnh của Walt thì mới biết đc, Jane lấy tiền r còn có ý định đe doạ tố ổng bán mai thúy, con thì mới đc sinh lỡ đi tù thì đi toi nên ổng để Jane ch*t là điều ai cx có thể đoán đc.",trung_tinh,gian_du,0.049728166,0.15477577,,MAU_THUAN,,,
45,Ước gì tôi ko đọc phải tin này .,that_vong,hy_vong,0.068712324,0.1553554,,MAU_THUAN,,,
5125,đề nghị các bạn giữ trật tự trong rạp phim !!!!!!,gian_du,hy_vong,0.018662589,0.15643075,,MAU_THUAN,,,
6746,anh vui thì anh ngồi thôi ... chú cự để mặc anh .,gian_du,hy_vong,0.017154602,0.15646043,,MAU_THUAN,,,
3675,còn đang soạn tin kìaaaa 😬 tới số ròiiii 🫨,lo_au,vui,0.04489102,0.1565044,,MAU_THUAN,,,
3758,"T sống vì tương lai và tình yêu dù là bị tram cam ghét chính mình,",hy_vong,buon,0.017089942,0.15689787,,MAU_THUAN,,,
9265,Nguyễn Hậu vcl sướng?,vui,gian_du,0.03796608,0.15710768,,MAU_THUAN,,,
4303,@july107193 Đôi khi chúng ta cũng phải học cách buông bỏ những thứ không thuộc về mình ấy c ưi,buon,hy_vong,0.07891904,0.157321,,MAU_THUAN,,,
5498,Thay đổi tương lai tốt hơn được không đừng hối hận quá khứ nữa,hy_vong,buon,0.039719347,0.15761614,,MAU_THUAN,,,
9026,Phi Long tao mua vf8 đợt đầu đây,vui,trung_tinh,0.04122309,0.15837175,,MAU_THUAN,,,
3330,"Lê Hải Linh B mình trông giống thầy vc, khác mỗi cái mặt",vui,gian_du,0.044669285,0.15939921,,MAU_THUAN,,,
9318,Đoàn Thanh Sơn đau emmm,buon,trung_tinh,0.024250489,0.15949968,,MAU_THUAN,,,
9637,tau cố gắng chỉ được từng này 😦😦,that_vong,hy_vong,0.06489679,0.1595062,,MAU_THUAN,,,
1624,loài dê phải gọi ông này bằng cụ,vui,gian_du,0.036581807,0.15950632,,MAU_THUAN,,,
4281,"ai ở gần đó xin hãy giúp chú , thương chú",buon,hy_vong,0.09026811,0.15977779,,MAU_THUAN,,,
7175,"Khi bạn có một chút, bạn lại ước nhiều hơn. Khi bạn có nhiều hơn, bạn lại ước có nhiều hơn nữa. Khi bạn mất tất cả, bạn mới nhận ra.. Một chút thôi đủ rồi.",buon,hy_vong,0.057997156,0.1601229,,MAU_THUAN,,,
9573,bạn nào cần bạn thân là con trai không :)),trung_tinh,vui,0.10618781,0.16078004,,MAU_THUAN,,,
1347,nhìn ghét quá ????,gian_du,vui,0.06434123,0.16124567,,MAU_THUAN,,,
2536,công nhận ngầu thật,vui,gian_du,0.020333886,0.161437,,MAU_THUAN,,,
319,Buồn cưòi cái là cứ đi bắt cái con vật xong lại đi thả nó ra 🤭🤭🤭 nhiều ng cũg rảnh thật,gian_du,vui,0.016023593,0.16315746,,MAU_THUAN,,,
2398,Ha Thanh trải nghiệm đúng ko.,hy_vong,trung_tinh,0.074869566,0.16376162,,MAU_THUAN,,,
9117,"đâu mới là con đường e muốn đi, đâu la sự lựa chọn đúng đắn cho cuộc đời e qh ?",buon,hy_vong,0.035992537,0.16430095,,MAU_THUAN,,,
5555,a k bao giờ hối hận vì a đã cố gắng hết mình rồi.,vui,buon,0.016889289,0.1648072,,MAU_THUAN,,,
9569,"toan cao lại nữa , tao dg suy nghĩ có nên đi bằng grap về không",trung_tinh,lo_au,0.04251367,0.16497958,,MAU_THUAN,,,
3249,trong đời người sướng nhất là không phải hối hận điều gì.,trung_tinh,buon,0.042173363,0.16507953,,MAU_THUAN,,,
7994,Chơi thì chịu chứ có đánh phạm loi đâu mà trách với móc,trung_tinh,gian_du,0.053267777,0.16516134,,MAU_THUAN,,,
2135,Lại là hà lỗi phải ko ?,that_vong,trung_tinh,0.05421994,0.16588494,,MAU_THUAN,,,
3030,Quan trọng là nó chưa biết mình sai ở đâu a à,that_vong,trung_tinh,0.058668464,0.16659713,,MAU_THUAN,,,
2690,Phan MyHạnh Phan cho ăn trân châu bằng muỗng thôi,lo_au,trung_tinh,0.037433285,0.16693631,,MAU_THUAN,,,
2472,Mong pháp luật chừng trị bịn ác thú ấy,hy_vong,gian_du,0.024357151,0.16789171,,MAU_THUAN,,,
2105,cắt như anh này gọn gàng thoáng mát nhé auto đẹp trai,trung_tinh,vui,0.024333678,0.16804376,,MAU_THUAN,,,
8421,Văn Hoàng Long Tây môn Khánh bạn hay và hấp dẫn,vui,trung_tinh,0.08715455,0.16804501,,MAU_THUAN,,,
8382,bếp dầu lại nhớ thời sinh viên,trung_tinh,buon,0.03268284,0.16805363,,MAU_THUAN,,,
9455,Chào thầy thầy,trung_tinh,vui,0.09895178,0.16821736,,MAU_THUAN,,,
6058,"Phụ nữ 1 khi đã ko thích thì b có cố đến mấy cũng ko làm lay động đc đâu, thậm chí còn làm ng ta khó chịu và ghét b thêm ý,nếu duyên thật sự đã hết thì nên chia tay trong êm đẹp và vv ,níu kéo thì chỉ có mink b là ng khổ đau mà thôi,quên đi 1 time rồi cũng sẽ có 1 mối quan hệ mới thôi, hãy nhớ&quot; buông bỏ&quot; cũng là cách để chúng ta trưởng thành hơn.",gian_du,hy_vong,0.019266628,0.16838509,,MAU_THUAN,,,
5269,Hèn gì tính nóng như kem đụng là trụng kk,gian_du,vui,0.017778954,0.16840279,,MAU_THUAN,,,
5537,Ngọc Dung cãi lỗ tầy quầy lun 🐧,gian_du,vui,0.0730153,0.16851288,,MAU_THUAN,,,
7758,nam mô bổn sư thích ca mâu Ni Phật nam mô bổn sư thích ca mâu Ni Phật nam mô bổn sư thích ca mâu Ni Phật tại sao có hoàn cảnh như vậy trời,buon,hy_vong,0.019657467,0.16872555,,MAU_THUAN,,,
5495,Chuẩn Nhưng tìm đâu ra,that_vong,trung_tinh,0.04540639,0.16886365,,MAU_THUAN,,,
7723,"Haizz. Nhiều khi đấy cũng là 1 kiểu may mắn. Những bạn ở nghệ an thanh hoá hay miền núi cũng chẳng đc đi học thêm, vẫn đỗ cao, thậm chí còn nghèo đến cơm k đủ ăn.",hy_vong,that_vong,0.042636655,0.1690988,,MAU_THUAN,,,
1198,Phấn đầu lời bác hồ dạy. Sánh vai các cường quốc 5 châu.,hy_vong,trung_tinh,0.025029885,0.16926917,,MAU_THUAN,,,
7424,ý tưởng thông minh đó con,vui,trung_tinh,0.061404787,0.16930512,,MAU_THUAN,,,
9541,"cạn lời , mình ngủ để khỏi nhìn",gian_du,hy_vong,0.015149157,0.16937855,,MAU_THUAN,,,
9018,"còn những người bình thường rất dữ , thật ra họ hiền lắm , nội tâm lắm",trung_tinh,buon,0.011660329,0.16962126,,MAU_THUAN,,,
8579,"Cách trở nên tự tin trong mọi việc . <br>- Có nhiều việc trong cuộc sống này mà bản thân khó đưa ra được những quyết định và phần lớn cũng đến từ sự tự ti , rụt rè , đăn đo không biết có nên làm hay không những câu hỏi đó sẽ luôn chạy trong đầu chúng ta gây cho và không thể đưa ra quyết định thì gây cho chúng ta cảm giác áp lực rồi sẽ tự ti . Dưới đây sẽ là những cách giúp chúng ta tự tin hơn và ra được những quyết định đúng đắn . <br>1 . Hiểu rõ vai trò và quyền lợi của mình trong một môi trường hay công việc nào đó .<br>2 . Hỏi . <br>3 . Quan sát và xác nhận . <br>4 . Đừng cố vượt qua sự rụt rè . <br>- Cảm ơn anh Khương về những bài học này ý nghĩa này . 😍",trung_tinh,hy_vong,0.086479604,0.16970491,,MAU_THUAN,,,
10242,"aaaaa con nhện 😨 "" aaaaaaa con ế !"" - nhện said",lo_au,vui,0.04138821,0.17008117,,MAU_THUAN,,,
4718,"Nghe câu chuyện của Bé cảm thấy buồn quá, mình rất mừng khi bé đã được người xin nhận nuôi, nhưng mình nghĩ những bé có bệnh và sức khỏe quá yếu như vậy, em nên giữ lại để chăm sóc sẽ được tốt hơn cho Bé.👍❤🐕💐",buon,hy_vong,0.09531598,0.17041183,,MAU_THUAN,,,
436,cảm ơn chi nhiều! Video của chị luôn xuất hiện nay mà lúc em đang thất vọng về bản thân! đến lúc em phải tự trách nhiệm vè bản thân rồi!,that_vong,hy_vong,0.027793799,0.17123514,,MAU_THUAN,,,
7088,Phong Nguyen giáo sư có cách nào chống hack k,hy_vong,trung_tinh,0.08169883,0.17148018,,MAU_THUAN,,,
6122,Nhớ đời lun,trung_tinh,buon,0.04800251,0.17212248,,MAU_THUAN,,,
3261,Báo tới,gian_du,trung_tinh,0.086797215,0.17213523,,MAU_THUAN,,,
8823,cười thôi đã thấy tự ti rồi:),vui,buon,0.047903754,0.17226079,,MAU_THUAN,,,
3273,Nguyễn Văn Mến phải xem b ah,hy_vong,trung_tinh,0.08997886,0.17232239,,MAU_THUAN,,,
3614,vàng chắng bây giờ thành chắng tay ! em bình phước đây ! em hiểu cái này hơn các bác nhiều đó !,that_vong,hy_vong,0.05458501,0.1732924,,MAU_THUAN,,,
7385,"Lúc 7 tuổi, nghe tin me sanh em bé cũng đi bộ 4km 1 mình để thăm mẹ và em. Mà ko ai hay biết",vui,buon,0.035715945,0.173417,,MAU_THUAN,,,
227,chưa 1 lần vấn vương thời c3 =)),trung_tinh,vui,0.043381307,0.1736452,,MAU_THUAN,,,
5564,đeo ktrang lm t tự tin hơn khi nc,hy_vong,buon,0.041117366,0.17393678,,MAU_THUAN,,,
2728,Cũng rung dữ lắm,lo_au,vui,0.06009389,0.17408016,,MAU_THUAN,,,
7727,gặp được em nhưng sẽ chỉ quan tâm và bảo vệ em từ xa,that_vong,hy_vong,0.045797937,0.17436069,,MAU_THUAN,,,
5173,Khi đó Đại việt bị bên bắc chèn chép k cho phát triển mạnh nêu không chưa chắc Campuchia thời đó rộng ngư vậy,trung_tinh,gian_du,0.055360377,0.17443419,,MAU_THUAN,,,
7339,thế mới bảo . chủ động riết rồi nó xem thường,that_vong,trung_tinh,0.061545257,0.17478415,,MAU_THUAN,,,
4436,nhìn kinh,gian_du,trung_tinh,0.030065026,0.17505896,,MAU_THUAN,,,
7749,"Thực lực VN đến thế là mừng rồi. Hàn, China, đài loan là đội mạnh",hy_vong,gian_du,0.012853742,0.17550111,,MAU_THUAN,,,
1183,Gần 30 rồi,lo_au,trung_tinh,0.026563464,0.17572248,,MAU_THUAN,,,
4745,có hai vị tướng top 10 thế giới và. 2 danh nhân văn hoá thế giới và 1 người từ chối nobel hoà bình,vui,trung_tinh,0.07515911,0.17586175,,MAU_THUAN,,,
2355,😬👍,lo_au,vui,0.038750082,0.17594421,,MAU_THUAN,,,
6237,liệu nó có bay nổi hay không ?.,lo_au,trung_tinh,0.06293922,0.17597085,,MAU_THUAN,,,
6240,Nửa năm học ở mái trường ntn :))),trung_tinh,vui,0.12039436,0.17600569,,MAU_THUAN,,,
6900,tao nấu củi chưa nấu bằng rơm bao giờ 😪,trung_tinh,that_vong,0.038771726,0.17609861,,MAU_THUAN,,,
6790,Quản Lâm Vũ tìm mấy chỗ xa trung tâm chứ nội thành thì khó b ui,that_vong,trung_tinh,0.052527223,0.17631584,,MAU_THUAN,,,
9059,"cái này gọi là truyền thống , không thể nói là quên được",buon,trung_tinh,0.015878757,0.17687798,,MAU_THUAN,,,
7780,Mong các cha mẹ phụ huynh đừng bỏ con để con rơi vào hoàng cảnh này.biết rằng ko phải mái ấm nào cũng vậy nhưng xem xong thật sự rất xót những thiên thần ấy. Chỉ mới mấy tháng tuổi thôi ạ đã phải chịu nhiều bạo lực ko đáng có như vậy mong pháp luật sẽ vào cuộc để các e có thể có cuộc sống tốt đẹp hơn ạ,buon,hy_vong,0.08266656,0.17749235,,MAU_THUAN,,,
3059,Em ko ngờ đế quốc khmer xâm lược Đại việt 5 lần thua mà còn có thể gửi lá thư cho Đại việt ta kêu ta làm thuần phục và tung hô nó được chịu đế quốc này luôn ý(yếu hơn bày đặt kêu nước mạnh hơn làm theo yêu cầu của mình),gian_du,hy_vong,0.03321577,0.17761102,,MAU_THUAN,,,
6300,Khánh Hòa lớp trưởng cứ phải cứng rắn lên bn,hy_vong,trung_tinh,0.03631845,0.17785406,,MAU_THUAN,,,
872,Bình tĩnh nghe em nói Mọi chiện ko như anh thấy đâu,lo_au,trung_tinh,0.020473279,0.17812687,,MAU_THUAN,,,
6764,Đình Du anh nằm dưới gầm giường nhà em à?,vui,trung_tinh,0.040388044,0.17855462,,MAU_THUAN,,,
4326,Thương con quá sao có người tàn ác như vậy xin hãy thương yêu con thật nhiều cám ơn tấm lòng vàng của anh chị chúc Anh chị an lành hạnh phúc,buon,hy_vong,0.10061444,0.17858434,,MAU_THUAN,,,
5719,đùa ... cảnh sát việt nam tài thật . vụ gì cũng bắt trong 48 giờ,vui,gian_du,0.008876359,0.17868412,,MAU_THUAN,,,
547,mình chỉ nói đến cơ hội việc làm thôi chứ không bàn luận gì về việc ông ấy là người như thế nào bạn nhé ??,gian_du,trung_tinh,0.07630007,0.18006,,MAU_THUAN,,,
4569,chụp không biết bao nhiêu lần rồi,that_vong,trung_tinh,0.09531822,0.18111718,,MAU_THUAN,,,
10020,"Cường Seven A đó cản trở công an làm việc là sai nhưng a đó ko phải người chăn dắt á b, nhiều người nói a đó là người chăn dắt trẻ ko à.",gian_du,trung_tinh,0.08991178,0.18119305,,MAU_THUAN,,,
3978,Đã ngoại tình dù vì bất kỳ lý do gì cũng chỉ là: khốn nạn! Nên thoát được khỏi đứa khốn nạn thì phải cảm ơn,gian_du,hy_vong,0.023102185,0.18179855,,MAU_THUAN,,,
6403,Toàn đồ cổ vẫn huấn luyện .chiu thua luôn,that_vong,vui,0.058400705,0.18195158,,MAU_THUAN,,,
151,"@Hien2021 Những mảnh ghép của cuộc sống trải qua một sự thay đổi không ngừng, từ những lo lắng nhỏ bé của tuổi trẻ đến những nỗi sợ lớn hơn khi trưởng thành. Trên con đường của mỗi người, những mảnh vụn này kết hợp lại để tạo nên bức tranh phức tạp",trung_tinh,lo_au,0.035319526,0.18199497,,MAU_THUAN,,,
7267,Hoang Mai Phuong Hoang Long Hoàng Việt tương lai cô ấy đấy,hy_vong,trung_tinh,0.078988895,0.1822027,,MAU_THUAN,,,
5695,ngày xưa nghèo . có bếp dầu là mai rồi .,hy_vong,trung_tinh,0.039430298,0.18282187,,MAU_THUAN,,,
3807,"Trần Hưng cùng toà với a phải ko, tối ngủ khoá chặt cửa vào a nhé",lo_au,trung_tinh,0.04916015,0.18315399,,MAU_THUAN,,,
564,@Lally1702 Trẻ an nhàn thì già vất vả. Thế thôi,buon,hy_vong,0.06967659,0.18341321,,MAU_THUAN,,,
4287,ông trời tính lấy thêm của t 1 người t thương nữa hả?,lo_au,trung_tinh,0.02567566,0.18400145,,MAU_THUAN,,,
4194,vẫn chọn tech là ngân hàng đồng hành,hy_vong,trung_tinh,0.05171689,0.18415743,,MAU_THUAN,,,
398,Cứ nằm viện nôn mửa 1 tuần làm cái đơn đi cho nó mượt,that_vong,hy_vong,0.033029072,0.1841627,,MAU_THUAN,,,
96,cuộc sống của mỗi con người đã được quyết định sẵn nên dù bản thân có bước đúng hay sai thì cũng cố mỉm cười trước cánh cửa số phận,trung_tinh,hy_vong,0.03805731,0.18436253,,MAU_THUAN,,,
6249,ngày mới tốt lành nha,hy_vong,trung_tinh,0.13113365,0.18492496,,MAU_THUAN,,,
8943,nên phát huy,hy_vong,trung_tinh,0.043595243,0.18504462,,MAU_THUAN,,,
2798,Lanh Hồng x3 chân châu nè bà nội,lo_au,trung_tinh,0.061573297,0.18516141,,MAU_THUAN,,,
8767,Thanh Thảo có video ko,hy_vong,trung_tinh,0.09317991,0.18607712,,MAU_THUAN,,,
4848,Phạm Việt xem video porsche vàng rồi,hy_vong,trung_tinh,0.10756599,0.18624294,,MAU_THUAN,,,
7370,Hien Dieu đó. Xin vía cho con còn không được sao mà xin cho bản thân đc. Kk,that_vong,hy_vong,0.039831735,0.18625662,,MAU_THUAN,,,
4080,Video này là của bọn Việt Tân dàn dựng để nói xấu nền giáo dục Việt Nam đấy. Phải bắt bỏ tù hết những người chia sẻ video này 😃,gian_du,vui,0.09042286,0.18628147,,MAU_THUAN,,,
3570,"Đào đâu ra 1 ng như vậy, nên đừng trông chờ vào ai cả. Tốt nhất tự yêu lấy mình nhé",that_vong,hy_vong,0.03897902,0.18653324,,MAU_THUAN,,,
7114,đây còn hơn cả vua . giàu mà nghĩ lớn làm lớn .,vui,gian_du,0.06431939,0.1865792,,MAU_THUAN,,,
6637,"Vì thế giới này nhiều khổ đâu, nên ta mới thấy lòng tốt của con người",hy_vong,buon,0.031747397,0.18659976,,MAU_THUAN,,,
4256,"đến lúc yêu nhạt cực tao thề ! kiểu chán chán , muốn quay về đơn phương hơn",gian_du,vui,0.028706677,0.18703419,,MAU_THUAN,,,
320,ChiChi Bunnie Camera dạng này có thể mạnh hơn thái giám. Vì thái giám bị mất trứng không thể tiết được hóc môn được. Nam giới quan trọng trứng hơn vòi.,trung_tinh,hy_vong,0.09319349,0.18770006,,MAU_THUAN,,,
8251,ủa rồi ra nắm xe tải kéo ra như kéo xe đồ chơi dị ba,vui,gian_du,0.047106497,0.18784377,,MAU_THUAN,,,
9911,Sướng quá rồi,vui,buon,0.018835602,0.1879572,,MAU_THUAN,,,
5109,Ê t với côn bthan lâu ngày kh gặp gặp nhau hơi ngại nhưng 5giay sau như sảnh chờ ff,vui,lo_au,0.021445982,0.1883496,,MAU_THUAN,,,
6726,Phong Nguyen con này để bay huấn luyện bay ra biển bảo vệ biển chưa đủ sức.,gian_du,trung_tinh,0.062184636,0.18859881,,MAU_THUAN,,,
3248,per thông minh là đây chớ đâu,vui,trung_tinh,0.09183393,0.18878543,,MAU_THUAN,,,
4410,em tin chắc rằng sẽ có 1 ngày anh sẽ phải hối hận và day dứt cả đời vì những gì em dành cho anh vốn dĩ không cô gái nào có thể làm được,buon,hy_vong,0.09539023,0.18919867,,MAU_THUAN,,,
1573,ng anh em thiện lành đã rời việt nam . sayy goodbye 🌸,buon,vui,0.036686104,0.1894925,,MAU_THUAN,,,
7147,"Trần Minh vẫn thiếu "" bình đẳng, bác ái ""...",that_vong,vui,0.03050246,0.18964285,,MAU_THUAN,,,
2311,"bị đánh 1 lần thì hơi sốc , nhưng nhiều lần thì tâm hồn sẽ trở nên mạnh mẽ , cảm xúc nó mới đàn hồi",trung_tinh,hy_vong,0.04254469,0.1907838,,MAU_THUAN,,,
7132,Tưởng chỉ có trong phim,lo_au,trung_tinh,0.06510315,0.19088379,,MAU_THUAN,,,
889,"Trà Đá mày có vấn đề về đọc và hiểu à, đúng thứ ngoo 🤭🤭",gian_du,vui,0.091552526,0.19095391,,MAU_THUAN,,,
6188,Tôi chỉ cần làn da đẹp,hy_vong,trung_tinh,0.10138817,0.19098994,,MAU_THUAN,,,
10089,Diên Diên tag để đọc mà kĩ kĩ,hy_vong,trung_tinh,0.097155675,0.19103289,,MAU_THUAN,,,
3310,Hỏi cái tầm lãnh đạo của các bác ngoài đó ấy 😉 đà lạt bây giờ cũng bấy nhầy chứ đâu còn như xưa,gian_du,vui,0.02542525,0.19119117,,MAU_THUAN,,,
8025,Tại vì trai/gái anime đẹp quá ko thèm kết hôn nx 👽,vui,lo_au,0.022570327,0.19163126,,MAU_THUAN,,,
6161,đã bước thì bước tiếp thôi,hy_vong,trung_tinh,0.09736324,0.19168252,,MAU_THUAN,,,
9928,pháp không còn khoảng thời gian bình yên nữa rồi,lo_au,trung_tinh,0.04383608,0.19179407,,MAU_THUAN,,,
2565,Jiso Nguyen thằng đó rồi. trc phải khoá trang cá nhân. trc nó chạy con pọt màu vàng,gian_du,trung_tinh,0.08498685,0.19187418,,MAU_THUAN,,,
1687,Muốn trải nghiệm cảm giác này bạn nên ngủ lúc 5h chiều và tỉnh lúc 7 8h bạn sẽ cảm nhận được như thể mình thức dậy ở 1 thế giới khác,trung_tinh,hy_vong,0.11516666,0.19204265,,MAU_THUAN,,,
8460,Nguyen Huu Tai cả 2.. đều đỉnh,vui,trung_tinh,0.03539447,0.19214666,,MAU_THUAN,,,
5711,@nangoc84 Cuộc sống là 1 vòng luẩn quẩn,trung_tinh,hy_vong,0.13078202,0.19238454,,MAU_THUAN,,,
4145,Quốc Ca dân tộc ta là sự ghi nhận theo chiều dài lịch sử từ khi chưa có độc,vui,trung_tinh,0.033169545,0.19245592,,MAU_THUAN,,,
9496,bạn trai tao đéo biết giận dai nên không phải dỗ,vui,gian_du,0.006647638,0.19250804,,MAU_THUAN,,,
5413,hôm nay cậu thế nào,hy_vong,trung_tinh,0.09151224,0.1926451,,MAU_THUAN,,,
4594,Ngân Hà dặn con la nè,lo_au,trung_tinh,0.05884057,0.19272295,,MAU_THUAN,,,
2297,thay đổi văn hóa tí đi . đường là tài sản chung của mọi người dân . và mọi người dân được phép làm những gì pháp luật không cấm .,gian_du,hy_vong,0.0383074,0.1931305,,MAU_THUAN,,,
373,Mạnh Louis Mạnh đáng thương hơn đáng trách,buon,vui,0.02190795,0.19316798,,MAU_THUAN,,,
5333,Hải Lan Thì tui đang rảnh mà:))).Thấy spam nhiều nên cmt thui:)),trung_tinh,vui,0.04228788,0.1932913,,MAU_THUAN,,,
3157,Tưởng trong phim mới có,lo_au,trung_tinh,0.08410205,0.19329861,,MAU_THUAN,,,
5664,"ước gì boss không co chân lên , tao vẫn sẽ nghĩ là boss thật khí chất",that_vong,hy_vong,0.07026328,0.19346982,,MAU_THUAN,,,
8359,cần 1 thời gian dài thật dài nữa thì ý thức mới đi lên được,that_vong,hy_vong,0.034578487,0.19356433,,MAU_THUAN,,,
9038,Uk t ngại mak🤡👍,lo_au,vui,0.09582875,0.19387239,,MAU_THUAN,,,
2646,Nhan sắc thật quan trọng...,buon,vui,0.040987045,0.19487262,,MAU_THUAN,,,
6566,ủa ? chọn người nào cũng như nhau thôi . vì cả 2 người chắc đéo gì đã thích bạn đâu ? :)),trung_tinh,vui,0.11330241,0.19491431,,MAU_THUAN,,,
3577,per con nhện cản bước bé xuống cầu thang,lo_au,trung_tinh,0.031818222,0.19511539,,MAU_THUAN,,,
3318,"trưa nay nhà em ăn cơm , admin nói với mấy chú truyền hình đừng chiếu tin này lên nha",gian_du,trung_tinh,0.045171686,0.19511613,,MAU_THUAN,,,
1969,Đưa ng Việt nam qua thì đông vui thôi lo gì,hy_vong,trung_tinh,0.05663065,0.19519925,,MAU_THUAN,,,
3320,nước ngoài cái gì cũng to kể cả sinh vật,lo_au,trung_tinh,0.03781392,0.19566622,,MAU_THUAN,,,
6354,"học dốt , da ngăm thì tự ti lắm..^^",that_vong,hy_vong,0.035443876,0.19598669,,MAU_THUAN,,,
8221,Phuoc Truong tưởng lẩu gà bến tre chứ?,vui,trung_tinh,0.02797013,0.19599715,,MAU_THUAN,,,
2145,Không có gì phải buồn hết Có thực lực thua mới buồn,hy_vong,buon,0.043617137,0.19608852,,MAU_THUAN,,,
6176,Cecilia Pham căng nhỉ,lo_au,trung_tinh,0.032669075,0.19647208,,MAU_THUAN,,,
4875,nhớ lại ngày xưa,trung_tinh,buon,0.085343614,0.19663122,,MAU_THUAN,,,
5808,Ngọc Bích Đỗ cuối tuần nhé mẹ,hy_vong,trung_tinh,0.12427771,0.19678882,,MAU_THUAN,,,
371,lỗi của lái tàu nhé,that_vong,trung_tinh,0.056407597,0.19688544,,MAU_THUAN,,,
330,"ngồi xa ra đụ mẹ mày :""))",gian_du,vui,0.07247476,0.19713664,,MAU_THUAN,,,
5566,"Tôi bị dính dấu hiệu 2,4,5 rồi",lo_au,trung_tinh,0.048112754,0.19727647,,MAU_THUAN,,,
3838,bài thi được điểm cao,vui,trung_tinh,0.07649575,0.19729105,,MAU_THUAN,,,
9226,"Em thích khóc một mình lúc tắm lắm vì như vậy không ai biết mình khóc và mình cũng có thể khóc nhiều hơn khóc ra tiếng mà không ai biết. Tắm xong , khóc xong rồi đi ngủ. Rồi một ngày mới bắt đầu, một cơ hội nữa dành cho mình tiếp tục cố gắng hoặc có thể khóc nữa. =))",trung_tinh,hy_vong,0.01552503,0.19738698,,MAU_THUAN,,,
2042,không gì hơn ngoài tình thân,vui,trung_tinh,0.04044297,0.19766542,,MAU_THUAN,,,
8811,tất cả cùng không tính điểm . thế là xong :v,trung_tinh,vui,0.10125859,0.19781685,,MAU_THUAN,,,
1388,Đi ỉa tôi cũng ngại 🤡,vui,lo_au,0.10118782,0.19802806,,MAU_THUAN,,,
1974,vô diện,trung_tinh,gian_du,0.07470878,0.19803819,,MAU_THUAN,,,
7233,một khi đã nghĩ thì ko bao giờ sai nên ko có gì mà phải hối hận,trung_tinh,buon,0.04646485,0.19806415,,MAU_THUAN,,,
9279,Lê Thị Cẩm Tú con mình mình tự đặt cho chắc hậy,trung_tinh,hy_vong,0.062077306,0.19807407,,MAU_THUAN,,,
3053,Nhục chưa,gian_du,trung_tinh,0.057960995,0.19808462,,MAU_THUAN,,,
3774,Màn cầu hôn lãng mạn chưa đầy 24 giờ,vui,trung_tinh,0.027835598,0.19853914,,MAU_THUAN,,,
2948,sắp có nút vàng rồi chị,hy_vong,trung_tinh,0.08409145,0.19903672,,MAU_THUAN,,,
2252,Đoàn Hương rồi cuối cùng có chịu thụt ít đất vô mở rộng ngõ không b.,that_vong,trung_tinh,0.0655553,0.20027587,,MAU_THUAN,,,
8881,Kiếp người sao quá mong manh,buon,vui,0.07155719,0.20154276,,MAU_THUAN,,,
5922,ngày xưa mừn cũng hay thế lắm .,trung_tinh,vui,0.10989983,0.20235887,,MAU_THUAN,,,
1316,dụ đấy ... đừng tin,gian_du,trung_tinh,0.06536392,0.2026965,,MAU_THUAN,,,
7345,mai thi xong tao sẽ mang đống đề cương đi bán cho đỡ ghét,that_vong,hy_vong,0.045634802,0.2030288,,MAU_THUAN,,,
2077,Tôi đã xác định làm gì thì không bao giờ hối hận,trung_tinh,buon,0.029510677,0.20332816,,MAU_THUAN,,,
3206,"thật là romantic , mà mà mà ... sao nghĩ tới cảnh động phòng hoa chúc tao thấy nhột nhột lỗ đít 😧😧",gian_du,vui,0.028599279,0.20359349,,MAU_THUAN,,,
1192,đứa nào nhây hơn đứa đấy thắng,vui,trung_tinh,0.09201269,0.20373112,,MAU_THUAN,,,
7235,Ngân Hà ấy tt ko nhận nha,that_vong,trung_tinh,0.047808144,0.20399302,,MAU_THUAN,,,
8056,"bởi tầm nhìn nghề ngiệp quan trọng lắm ,học nghề đi các bạn,học cho có nghề thủ thân ,còn trẻ đừng làm lao động chân tay nữa",hy_vong,gian_du,0.086287886,0.20403904,,MAU_THUAN,,,
1454,"chạy tới đưa đồ cho nó , trượt chân té sấp mặt luôn",trung_tinh,lo_au,0.05465721,0.2044048,,MAU_THUAN,,,
6759,Níu có camera thì t cũng đi trình để đc trả tự do,gian_du,hy_vong,0.055477142,0.20465791,,MAU_THUAN,,,
4840,"Tại sao ngủ ngay sau khi ăn tối, sau đấy thức dậy vào khoảng 9h 10h tối, có 1 cảm giác hưng phấn khó tả. Hầu hết lần nào cũng vậy, có ai giống tôi không?",vui,lo_au,0.021942206,0.20473194,,MAU_THUAN,,,
7698,Trà My lạo nhứt đội 4 đó à văn thơ k ai qua,trung_tinh,gian_du,0.06553083,0.20504233,,MAU_THUAN,,,
8589,"đối với tao , đã làm thì không hối hận 😌😌",vui,buon,0.0292927,0.2051419,label_theo_icon_pos,MAU_THUAN,,,
3173,có nên bỏ fan một người ko,that_vong,trung_tinh,0.06177811,0.20514408,,MAU_THUAN,,,
10121,bật lưu dc ko ạ,hy_vong,trung_tinh,0.090989776,0.20565853,,MAU_THUAN,,,
6983,tao cũng hao mòn nhan sắc như này,that_vong,hy_vong,0.0381149,0.20587856,,MAU_THUAN,,,
6105,Út Bo Hung Bội Ngọc đọc đi,hy_vong,trung_tinh,0.1004608,0.20688409,,MAU_THUAN,,,
4342,per : để tao xem chúng mày hạnh phúc được bao lâu 😌,trung_tinh,hy_vong,0.050274722,0.2069357,,MAU_THUAN,,,
5041,Châu Hải Yến chính nó!!,vui,trung_tinh,0.06795206,0.20744216,,MAU_THUAN,,,
9974,Ui h em cũng đang là sinh viên năm 2 FTU và cũng là đứa dốt nhất lớp,that_vong,vui,0.05873675,0.20751908,,MAU_THUAN,,,
1941,bọn hại người không gươm không dao . bọn tiêu diệt nguồn lực tương lai của dân tộc . nên đưa tội thực phẩm bẩn vào khung tử hình đi . mong nhà nước thay đổi một số luật định đi .,hy_vong,gian_du,0.031629063,0.20824456,,MAU_THUAN,,,
1747,Mai vẫn vậy,that_vong,trung_tinh,0.06320886,0.20833784,,MAU_THUAN,,,
692,Mong mạnh thường quân giúp đỡ cho người dân vùng núi nghèo khổ đáng thương à,hy_vong,buon,0.095896855,0.20839015,,MAU_THUAN,,,
6110,Có phải fb này đánh ngừoi ko,gian_du,trung_tinh,0.037519228,0.20866355,,MAU_THUAN,,,
2043,@Gia Đạt là hối hận dữ chuauw,trung_tinh,buon,0.073632486,0.20915696,,MAU_THUAN,,,
4421,Mọi video của anh rất hayyyyy thật sự hay lun á nhưng mà em góp ý xíu là mình chèn ít qc thôi ạ kiểu đang tập trung mà gặp qc khiến em bị mất tập trung vô video của anh á ❤,gian_du,hy_vong,0.01078308,0.20929354,,MAU_THUAN,,,
7149,🙏🏻🙏🏻🙏🏻👍👍👍 Long tốt ở đay chu đau mn 🙏🏻,hy_vong,buon,0.09757096,0.20940223,,MAU_THUAN,,,
1193,Chúc a sớm siêu thoát,buon,hy_vong,0.090996265,0.20996585,,MAU_THUAN,,,
868,"M cũng đã từng làm thợ máy...khá ít đồng nghiệp như này😢 <br>Ốc kém, ren lỗi cũng ít ktv đề cao và báo để khắc phục mà ít thường bỏ qua! Thợ bây giờ thích nhanh và đảm bảo bề mặt chứ tận tâm ít lắm...<br>Tất nhiên cơ sở càng chuẩn càng nhiều khâu kiểm tra thì càng đỡ! <br>Như hồi xưa nhiều bác thợ đúng kiểu yêu nghề làm rất có tâm.",that_vong,hy_vong,0.118039645,0.20996916,,MAU_THUAN,,,
3293,Thu Thùy cho bơ uống trà sữa ít thôi,lo_au,trung_tinh,0.061081275,0.21050787,,MAU_THUAN,,,
8622,"Bài thơ đọc nghe xàm nách, nhiều bài thơ ngày xưa hay và ý nghĩa biết bao, năm nào cũng xuất bản mới mới riết chán luôn",that_vong,vui,0.071369104,0.21104169,,MAU_THUAN,,,
3084,Gia Vỹ Nghỉ đặt đơn chứ?,hy_vong,trung_tinh,0.07823176,0.21120259,,MAU_THUAN,,,
6418,khi nào mới tìm được phim hay như này,that_vong,hy_vong,0.030245304,0.21122772,,MAU_THUAN,,,
618,Trịnh Bảo Ngọc k xem cũng biết win r,vui,trung_tinh,0.035069585,0.2113924,,MAU_THUAN,,,
4600,ai chả có nét đẹp riêng chỉ là bạn chưa biết khai thác nó đúng cách thoi,hy_vong,trung_tinh,0.065966636,0.21154803,,MAU_THUAN,,,
250,Nè ck. Nay thôi nhé Hiếu Hà,lo_au,trung_tinh,0.015683362,0.21156636,,MAU_THUAN,,,
8543,xem lâu rồi giờ xem lại vẫn buồn cười,vui,buon,0.009178928,0.21163616,,MAU_THUAN,,,
846,"Minh Phương bố giỏi, mẹ giỏi, thì gần như con đẻ ra cũng có tài. con đẻ ra ít nhiều cũng thông minh sẵn + thêm dạy bảo nữa thì ko giỏi hơi phí nhỉ.",hy_vong,gian_du,0.055675447,0.21196255,,MAU_THUAN,,,
8039,per tiến cử bản thân nào,vui,trung_tinh,0.07677468,0.21215159,,MAU_THUAN,,,
3695,Huỳnh Phương Linh sầu,buon,trung_tinh,0.032069247,0.21229935,,MAU_THUAN,,,
991,nếu diễn viên chính trẻ hơn đẹp hơn đang yêuc hơn thì mình sẽ xem haizz,that_vong,hy_vong,0.0365925,0.21244392,,MAU_THUAN,,,
6100,Ngip trả thôi,gian_du,trung_tinh,0.060560774,0.21299413,,MAU_THUAN,,,
5404,tao là thằng chưa bao giờ giận người yêu vì người yêu tao không bao giờ làm gì có lỗi hết,vui,that_vong,0.018016635,0.21330425,,MAU_THUAN,,,
8509,Nguyễn Thị Mai Trinh vào xác nhận koii,hy_vong,trung_tinh,0.07692269,0.21334755,,MAU_THUAN,,,
3553,Hân Ngọc Bảo Nguyễn thiệt luôn á .,that_vong,trung_tinh,0.03850844,0.21347386,,MAU_THUAN,,,
725,"😭😭 đấy, có cái quán bún riu mới mở cạnh quán bún sườn ruột. Không dám sang ăn thử mà phải nhờ mua về nhà (và nó dở như hạch) Từ đó tôi đã không còn yêu ai ngoài quán bún sườn = ))))))))",that_vong,vui,0.07812337,0.21355554,,MAU_THUAN,,,
7588,1 hình này thấy từ sáng đến giờ trên mấy page rồi 😑😑,trung_tinh,that_vong,0.08591494,0.21362233,,MAU_THUAN,,,
8124,per nghe đi rồi khóc 1 trận cho thoải mái . đừng cố gồng mình lên nữa,buon,hy_vong,0.088398874,0.21391883,,MAU_THUAN,,,
2861,Vương Bích Trân 6 vãi,gian_du,trung_tinh,0.075063504,0.21417645,,MAU_THUAN,,,
8682,cai lo xô tôi đang xài mỗi ngày,trung_tinh,lo_au,0.048711076,0.21428615,,MAU_THUAN,,,
3168,thấy bạn thân chơi với người khác làm mọi người ơi thất vọng toàn tập 🥀,that_vong,vui,0.066283256,0.21452975,,MAU_THUAN,,,
2533,chắc chắn bố của bạn này là một người vui tính chứ không phải khó tính . khiếu khôi hài bạn ấy ảnh hưởng từ bố .,trung_tinh,gian_du,0.10618421,0.2145775,,MAU_THUAN,,,
8946,giữa dòng đời này chắc mỗi mình mình xin list nhạc :3,trung_tinh,hy_vong,0.020495305,0.21541035,,MAU_THUAN,,,
7075,tao dễ thương nhưng vẫn ế đây này mơ mộng ít thôi,that_vong,hy_vong,0.07949752,0.21551794,,MAU_THUAN,,,
8458,mỗi năm cũng xem lại đôi lần,trung_tinh,buon,0.027881304,0.21623999,,MAU_THUAN,,,
4435,per giảm tốc kìa,lo_au,trung_tinh,0.052913137,0.21634561,,MAU_THUAN,,,
1953,tối ngày t cứ bị stress vì kinh tế thật.nhưng xem nhiều ng như này t thấy t còn may mắn lắm.cảm ơn cuộc đời đã nhẹ nhàn với tôi,hy_vong,buon,0.11624633,0.2163837,,MAU_THUAN,,,
2589,Cho ah loi khuyên voi em oi.Ah dan gap be tắc trong cuộc sống. Sdt ah 0387067960,that_vong,hy_vong,0.05161734,0.21649587,,MAU_THUAN,,,
7388,"Quang Thế có ghi làm bảo vệ siêu thị kìa b , ở phan thiết có 2 cái siêu thị th nên ghi v khác j ghi rõ địa chỉ đâu",lo_au,trung_tinh,0.06157073,0.21664044,,MAU_THUAN,,,
8613,"Có thể là , trong sự thất vọng tột cùng về người vợ , anh ấy đã nhận ra mình may mắn khi thoát khỏi cuộc hôn nhân khủng khiếp này . Nên có hành động cúi lạy như cảm ơn .",that_vong,hy_vong,0.055110544,0.2168256,,MAU_THUAN,,,
8388,em là trẻ con cưng chiều và khi a ta gẫy nên e sẽ bỏ hắn đi theo thằng khác hoặc nhanh nhanh cặp bồ hoặc ly dị chia gấp tài sản để dc sống trẻ con,trung_tinh,hy_vong,0.071887925,0.2169058,,MAU_THUAN,,,
4032,Nhi Little đúng là đời,that_vong,trung_tinh,0.036640458,0.21696225,,MAU_THUAN,,,
2994,"Đời còn dài, gái còn nhiều.",hy_vong,trung_tinh,0.03643921,0.2170499,,MAU_THUAN,,,
5812,phê thật . cái tai nó đang thâm đen xì lấy ra hết lại trắng hồng luôn,vui,lo_au,0.107508406,0.21715447,,MAU_THUAN,,,
1737,"nhiều kỷ niệm đẹp , giờ nhìn mấy đứa nhóc đi học mà muốn quay về quá khứ .",hy_vong,buon,0.028912656,0.21793228,,MAU_THUAN,,,
1223,"lớp 2 xí mót được cái chong chóng , bán lại cho thằng hàng xóm 500d .",vui,that_vong,0.024509696,0.21837595,,MAU_THUAN,,,
308,"Trên 30 chenh vênh là do đoạn 2x ko cbi, bạn nào lỡ rồi thì thôi, hoan hỉ cố gắng lại, tầm này r ko than vãn ra tiền dc đâu 🥵🥵🥵",trung_tinh,hy_vong,0.048338052,0.21852368,,MAU_THUAN,,,
2885,Đợt này trơi k mưa nhma van bun,buon,trung_tinh,0.055534784,0.21878439,,MAU_THUAN,,,
8060,Đoàn Thanh Hùng chủan ko để bán vàng chốt lãi,hy_vong,gian_du,0.024524089,0.21892762,,MAU_THUAN,,,
8079,tao toàn bạn gái mà sao vẫn tưng tửng nhể ???,that_vong,vui,0.055194203,0.21915656,,MAU_THUAN,,,
88,Kiện đi bạn,hy_vong,trung_tinh,0.12560114,0.21946973,,MAU_THUAN,,,
2822,chia tay đi bạn,gian_du,trung_tinh,0.018479936,0.2198213,,MAU_THUAN,,,
4713,Còn người là còn của !,hy_vong,trung_tinh,0.04248786,0.22029215,,MAU_THUAN,,,
64,per lại lật nữa hả,gian_du,trung_tinh,0.08113226,0.22039634,,MAU_THUAN,,,
5429,"Nguyễn Quỳnh Chi ko rõ tâm tư, không thấu nổi hồng trần",that_vong,trung_tinh,0.09668287,0.22039843,,MAU_THUAN,,,
4132,nhưng nó lại đéo thích :>,that_vong,vui,0.07114306,0.22061133,,MAU_THUAN,,,
3594,Thường gặp mấy đứa trẻ như này mình chỉ cho ăn cho uống chứ không cho tiền.,trung_tinh,gian_du,0.05953836,0.22064453,,MAU_THUAN,,,
4704,Tuan Anh Pham chuẩn là phải cmt à,gian_du,trung_tinh,0.13790849,0.2208215,,MAU_THUAN,,,
3969,mày làm anh tao hơi lâu rồi đấy,gian_du,trung_tinh,0.050566923,0.22085634,,MAU_THUAN,,,
4642,bạn thân t nhưng cx vì thế lên mới chơi với nhau,trung_tinh,buon,0.08415652,0.22097659,,MAU_THUAN,,,
7218,Kim Ngân những thiên thần nhỏ và ÁC QUỶ,gian_du,trung_tinh,0.01832732,0.22101173,,MAU_THUAN,,,
5675,Này lên phường tặng 2 quyển tập thì tuyệt,vui,trung_tinh,0.07381296,0.22122484,,MAU_THUAN,,,
8075,xác minh lẹ cty ơi,gian_du,hy_vong,0.032178015,0.22127658,,MAU_THUAN,,,
5661,Giang để tay bo chưa chắc thằng ô tô ăn dc xe máy đâu.Nhìn nó nhanh nhẹn vl,vui,gian_du,0.023812808,0.22146195,,MAU_THUAN,,,
7278,Mạng lag lúc đang chơi game,gian_du,trung_tinh,0.023333913,0.22173357,,MAU_THUAN,,,
6803,Bác tài 100 điểm,vui,trung_tinh,0.1331756,0.22175744,,MAU_THUAN,,,
3754,Trần Dinh Kini nãy nó quay qua nhìn kini nên leo dc. Giờ nó nhìn thẳng thì hết leo..,trung_tinh,lo_au,0.030173674,0.22217047,,MAU_THUAN,,,
2938,những người thương tôi không phải buồn vì tôi mà là tự hào vì tôi,vui,buon,0.042933278,0.22236681,,MAU_THUAN,,,
6872,Tôi lại tìm đến wed 5 ngày,trung_tinh,buon,0.03851584,0.22253889,,MAU_THUAN,,,
7671,sao đúng bài mày kết vậy 🙁🙁🙁,trung_tinh,that_vong,0.02338368,0.22269645,,MAU_THUAN,,,
9247,ap luc☺️,lo_au,trung_tinh,0.042768307,0.2227053,,MAU_THUAN,,,
622,nhìn một cái rồi quay đi là thấy mãn nguyện rồi .,vui,that_vong,0.01766846,0.22278243,,MAU_THUAN,,,
7165,Tự nhiên đọc cái bài suyy nganggg,gian_du,vui,0.016716596,0.22278327,,MAU_THUAN,,,
5087,đúng là không thể chấp nhận được,gian_du,trung_tinh,0.06780905,0.2229937,,MAU_THUAN,,,
2557,ae phục vụ ngày xưa của mình đâu rồi . sao thấy thương bạn này,buon,trung_tinh,0.016823433,0.22352645,,MAU_THUAN,,,
4884,Phan Thế Anh vì anh chơi chưa đủ liều đó ạ,that_vong,trung_tinh,0.06575203,0.22367474,,MAU_THUAN,,,
1235,Hạnh Sino có tiền cũng ko mua được tuổi thơ m nhỉ,buon,trung_tinh,0.025555486,0.22393891,,MAU_THUAN,,,
9629,cảm ơn các anh chị báo chí phóng viên đã đưa tin . mong cơ quan chức năng hãy làm thật nghiêm . thật mạnh tay vụ này . đến khổ mấy đứa nhỏ . mưa rét thế này . càng nghĩ càng tức .,gian_du,hy_vong,0.05831519,0.22406486,,MAU_THUAN,,,
8756,"Ba mẹ em như đách người ta , chèn ép em vào đường cùng và kỳ thị em , bắt em làm việc cực lực em ước sẽ mạnh mẽ thông minh như chị",that_vong,hy_vong,0.09015727,0.22408506,,MAU_THUAN,,,
4619,nguyễn thị hồng phấn cũng may tao không thấy cặp nao hêtd,buon,vui,0.00820671,0.2241953,,MAU_THUAN,,,
9790,tiến lên(miền nam),hy_vong,trung_tinh,0.12353893,0.22473454,,MAU_THUAN,,,
2366,Huyền Leo chỗ nào cũng hiện hồn,gian_du,trung_tinh,0.09752823,0.22474793,,MAU_THUAN,,,
3747,ĐỪng vào,lo_au,trung_tinh,0.04821333,0.22492737,,MAU_THUAN,,,
1832,Thằng dốt,gian_du,trung_tinh,0.05965267,0.22518894,,MAU_THUAN,,,
3929,bà chủ tịch giả mang thai và cái kết,that_vong,vui,0.07068685,0.22570652,,MAU_THUAN,,,
866,Cuộc sống lúc vui lúc buồn mà,trung_tinh,buon,0.047381155,0.22606415,,MAU_THUAN,,,
6850,"Thơ hay quá, đọc xong muốn đánh nhau hơn",gian_du,vui,0.02592165,0.2260707,,MAU_THUAN,,,
8761,đó căn bản chỉ là phép lịch sự tối thiếu thôi,that_vong,trung_tinh,0.07921068,0.22649351,,MAU_THUAN,,,
1283,"Quân Ngô lúc dạy học thì tình cảm đi xuống, dạy xong tình cảm đi lên :>",trung_tinh,hy_vong,0.05276442,0.22662053,,MAU_THUAN,,,
8733,tôi yêu con người và đất nước của tôi 🇻🇳,vui,buon,0.075925216,0.22716537,,MAU_THUAN,,,
8273,thanh xuân là để bỏ lỡ 😔,trung_tinh,buon,0.039006475,0.22725263,,MAU_THUAN,,,
7486,nói nhiều cười nhiều để che vết xước bên trong,buon,hy_vong,0.056593478,0.22775081,,MAU_THUAN,,,
7268,ướp đông lạnh luôn à,trung_tinh,gian_du,0.0880803,0.22802034,,MAU_THUAN,,,
1491,quá đáng tiếc Lúc này đang trên cơ các bạn đã rất hay rồi K9 mid nó đỉnh lắm,that_vong,vui,0.117712654,0.22833034,,MAU_THUAN,,,
2761,Ko hối hận với những gì mình đã chọn😌,hy_vong,buon,0.12064527,0.22860062,label_theo_icon_pos,MAU_THUAN,,,
5885,per mã mẹ biết hôm qua quay video sớm hơn ự,buon,vui,0.09845572,0.22916096,,MAU_THUAN,,,
3845,"Minh Hồng bình thường, hiểu kiểu moi móc thì nó k ra gì, còn lại vẫn dạy",trung_tinh,gian_du,0.034966446,0.22961259,,MAU_THUAN,,,
8420,"tuyệt vọng quá, trời mưa tự nhiên nhớ người yêu cũ 🥀",buon,vui,0.15894315,0.22985232,,MAU_THUAN,,,
7469,Cầu mong linh hồn chj đc siêu thoát,buon,hy_vong,0.13445272,0.22996494,,MAU_THUAN,,,
844,"sống trong một gia đình nhiều áp lực và lúc nào cũng chửi bới như vậy , tạo hóa đã ban tặng cho em bộ nhá khá là tươi để cân bằng cuộc sống",gian_du,hy_vong,0.009007732,0.23017952,,MAU_THUAN,,,
1876,"Bạn thân nhưng lại ko muốn ông bạn đặt vợ lên trên mình, mối quan hệ vi diệu thiệt :]]]]]]]]]]]]]]]]]]]]",that_vong,vui,0.04434294,0.2304759,,MAU_THUAN,,,
4144,năm nay vào quán net ngồi cho đỡ phải nhìn .....☺️,buon,vui,0.0155778,0.23052624,,MAU_THUAN,,,
3882,gãy tay,that_vong,trung_tinh,0.06287543,0.230899,,MAU_THUAN,,,
5482,"Đang lướt tik tok, chuyển sang fb đọc được bài này cái suy ngang",trung_tinh,lo_au,0.02814775,0.23139253,,MAU_THUAN,,,
9283,"Thôi, kiếm tiền mà sống đi :))",trung_tinh,vui,0.06721655,0.2316379,,MAU_THUAN,,,
7852,"per đi coi phim coi , hẹn quài luôn á",that_vong,vui,0.06725625,0.23166376,,MAU_THUAN,,,
2542,Nam Yến phải trường Tân Hồng không bay? Kaka,vui,trung_tinh,0.154399,0.2322275,,MAU_THUAN,,,
2834,Thành công thành công phải thật thành công,hy_vong,trung_tinh,0.08067354,0.23233658,,MAU_THUAN,,,
9181,có nên kể mấy cái tiêu cực ko nhỉ ??,lo_au,trung_tinh,0.021899644,0.23265675,,MAU_THUAN,,,
9183,per biết phân biệt phải trái không vậy ??? và có biết đỗ như thế nào là đúng luật không ???,gian_du,trung_tinh,0.103671186,0.23274985,,MAU_THUAN,,,
5510,nếu lái xe là dân đen thì thế nào chú . có dám đậu ở đóa không,lo_au,trung_tinh,0.07348381,0.23301435,,MAU_THUAN,,,
2911,Phía trước toàn là bóng tối,buon,trung_tinh,0.074058555,0.23331752,,MAU_THUAN,,,
4504,tôi từng là lính lăng bác nên tôi hiểu tự hào dân tộc là gì,vui,trung_tinh,0.09920812,0.2334064,,MAU_THUAN,,,
9294,Mà grab hình như chỉ hồi có 80% à,that_vong,trung_tinh,0.08398012,0.2338886,,MAU_THUAN,,,
521,trời ơi tốt quá,vui,buon,0.073449925,0.23484662,,MAU_THUAN,,,
1527,thằng nào còn kêu khổ thì vào đây mà lấy động lực,hy_vong,gian_du,0.042716045,0.23503214,,MAU_THUAN,,,
9345,cả tuổi trẻ bỏ công cày . có cơ ngơi ổn định . r về già con cháu đuổi ra đường bắt đầu 2 bàn tay trắng . đời,that_vong,hy_vong,0.1405988,0.23541063,,MAU_THUAN,,,
4513,Văn Phúc muốn đi coi,hy_vong,trung_tinh,0.11240542,0.23545203,,MAU_THUAN,,,
2197,"Người ngoài nói chuyện vui vẻ, gần gũi, ăn uống có nhau và ngược lại",that_vong,hy_vong,0.041531928,0.23556662,,MAU_THUAN,,,
5856,tình yêu thật nghiêm túc . thì nên bắt đầu . không phí thanh xuân một người con gái lắm !!,hy_vong,that_vong,0.07304145,0.23562413,,MAU_THUAN,,,
8264,"Không giúp gì được cho họ thì xem cứ lướt qua đừng nặng lời với họ , vì mình ko ở trong hoàn cảnh của họ nên đừng phát xét điều gì là tạo Phước lắm rồi ạ",trung_tinh,hy_vong,0.12956949,0.23578069,,MAU_THUAN,,,
7058,Việt Nam tuy diện tích bé nhưng vị trí địa lý toàn đắc địa.,vui,trung_tinh,0.121451646,0.23579413,,MAU_THUAN,,,
9906,thằng này đi sing học luật hay sao mà viết hay quá vậy ?,trung_tinh,gian_du,0.06823028,0.23582214,,MAU_THUAN,,,
592,Chang Chang khiếp,lo_au,trung_tinh,0.103619285,0.23606008,,MAU_THUAN,,,
935,Giang Lại Hương đừng cho Kem tự hút trân châu nữa,lo_au,trung_tinh,0.07849251,0.23622552,,MAU_THUAN,,,
2614,Ngọc Thảo dì ruột của cháu e vào đây mà đọc,buon,trung_tinh,0.02276516,0.23641467,,MAU_THUAN,,,
6896,tao chắc chắn là cái sừng đã mọc,gian_du,trung_tinh,0.0323639,0.23654118,,MAU_THUAN,,,
5893,"thuyết âm mưu . nó đang muốn nhờ vả đấy , không nhờ được thì nó vả",vui,gian_du,0.04831701,0.23666537,,MAU_THUAN,,,
1081,Đang trách nhất vẫn là cô và nhà trường,gian_du,trung_tinh,0.060502123,0.2371471,,MAU_THUAN,,,
4964,Biết bao giờ mới lành lại đây,that_vong,trung_tinh,0.11236436,0.23765525,,MAU_THUAN,,,
8457,"Trang Khổng Mỹ phóng sinh thì có phước của ng phóng sinh. Bắt chim thì chịu nghiệp của việc bắt chim. Cũng như cứu gia tiên khỏi địa ngục, nếu nghĩ cứu ra rồi họ lại đầu thai làm kiếp trâu ngựa hay làm người bần cùng đau khổ mà k cứu thì còn ai tu còn ai tạo phước nữa.",trung_tinh,gian_du,0.029718913,0.23801908,,MAU_THUAN,,,
745,tôi nói với các ông nhé . dắt bộ qua chốt cũng chưa chắc ngon ăn per,lo_au,trung_tinh,0.03712914,0.2381978,,MAU_THUAN,,,
7531,còn đỡ hơn bữa ăn sáng nay của tao nhiều .,that_vong,hy_vong,0.05231879,0.23825002,,MAU_THUAN,,,
10056,Duc Anh hêhhe🤭k đi hơi phí,gian_du,vui,0.019565843,0.23857012,,MAU_THUAN,,,
163,"mình trc kia cũng hay tự ti lắm nhưng mình nghĩ rằng bây giờ ""bản thân mình mình ko yêu thì ai yêu đây""",hy_vong,buon,0.051505625,0.23887214,,MAU_THUAN,,,
5107,thế em ăn anh được không ?,hy_vong,trung_tinh,0.096838765,0.23890558,,MAU_THUAN,,,
4560,"mày vã quá rồi đấy , sang lên chứ 🙄",trung_tinh,gian_du,0.049575195,0.23930216,,MAU_THUAN,,,
2411,"ko cần quan tâm đến ánh nhìn xăm soi của mn , chúng ta sống bản thân chứ đâu sống cho ng khác",hy_vong,gian_du,0.05745492,0.23933321,,MAU_THUAN,,,
8303,per đợt này tao đi học full . nên để mấy hnua rảnh tao alo nha 😂😂,trung_tinh,vui,0.036165293,0.23935273,,MAU_THUAN,,,
2574,Tôi Là Dân Thủ Đức cho xin ảnh kẻ ác coi ạ,hy_vong,gian_du,0.053089313,0.24004576,,MAU_THUAN,,,
9315,đúng là mỹ nhanh gọn dứt khoát,vui,trung_tinh,0.12404076,0.2400577,,MAU_THUAN,,,
9972,không sao đâu :) bệnh này lây qua đường tình bạn,vui,trung_tinh,0.12870294,0.24009097,,MAU_THUAN,,,
3887,Vàng giả cũng không hít,trung_tinh,gian_du,0.109478734,0.24042743,,MAU_THUAN,,,
8685,Thắng đời 2-0 nội ngoại điều thw,vui,trung_tinh,0.0153934,0.24058506,,MAU_THUAN,,,
1725,Phương Nghii hồi đó xem chị ơi đi hàn quốc thích paris baguee lắm🥲,vui,buon,0.018249609,0.24062979,,MAU_THUAN,,,
6427,bài nhạc khiến tôi mang nhiều suy tư,buon,trung_tinh,0.06253442,0.24084675,,MAU_THUAN,,,
5503,gặp đúng người thì sẽ nói rất nhiu,vui,trung_tinh,0.07010746,0.24085298,,MAU_THUAN,,,
801,Bây giờ thì Việt nam có thể xóa sổ trong 3 ngày...đó là thực tế của cuối năm 79.,buon,trung_tinh,0.034359172,0.24113089,,MAU_THUAN,,,
7382,Vào đây lọc được khá thằng,vui,trung_tinh,0.1552788,0.24121156,,MAU_THUAN,,,
6884,Lê Viết Giang cười xg cái bùn,buon,trung_tinh,0.029658088,0.24204046,,MAU_THUAN,,,
7855,nam chính đẹp . nữ chính hơi già . nếu nữ chính là 1 diển viên dể thương thì xem hay hơn nhiều,that_vong,vui,0.023495056,0.24240956,,MAU_THUAN,,,
3440,@nangoc84 Những thứ đã qua đi rồi sẽ không bao giờ còn trở lại được nữa.,buon,hy_vong,0.13487338,0.24255705,,MAU_THUAN,,,
577,thính đấy đừng dính . vì 1 ngày nào đấy mày sẽ nhận ra không chỉ mình mày mới được vậy,gian_du,hy_vong,0.07369601,0.24268532,,MAU_THUAN,,,
4777,"cha quay phim cũng không phải dạng vừa , mẹ diễn viên thần thái vãi",vui,gian_du,0.091463655,0.24319631,,MAU_THUAN,,,
9212,Đức Nhân Apple tiếc gì 1k mà nó nhận đc kèm lời chửi sâu sắc lofi cực chill kk,gian_du,vui,0.14404154,0.24320117,,MAU_THUAN,,,
9751,Ở quê bẫy đầy chắc chim này dễ bẫy,hy_vong,trung_tinh,0.047396865,0.24339634,,MAU_THUAN,,,
8898,đến bao giờ mới nhận được tiền nhỉ,hy_vong,trung_tinh,0.12716377,0.24351195,,MAU_THUAN,,,
3996,A Di Đà Phật🙏 rồi chính con trai của cô sẽ nhận đc quả mà nó đã trồng lên thôi,gian_du,hy_vong,0.037448436,0.24357384,,MAU_THUAN,,,
6014,để có được cái nắm tay tuổi già là bao giông bão của tuổi trẻ . mấy ai qua được bão giông ?,buon,hy_vong,0.08357406,0.24361405,,MAU_THUAN,,,
6288,và QG phân biệt vùng miền top2 tg,that_vong,trung_tinh,0.100027114,0.24394244,,MAU_THUAN,,,
4130,Mình là Thiện đây mình đính chính là mình không thân bạn nữ này nhé 😃,trung_tinh,vui,0.17208813,0.24406746,,MAU_THUAN,,,
10107,"Liên Hoa tầm này mà nhà phố gì nữa , mua luôn cái con phố ấy",vui,trung_tinh,0.05143904,0.24409893,,MAU_THUAN,,,
6243,Hát live đi,vui,trung_tinh,0.087627955,0.24420783,,MAU_THUAN,,,
9133,Trường Bino - Vợ anh đã xem và không nói gì,that_vong,trung_tinh,0.090908356,0.24444321,,MAU_THUAN,,,
9106,"trước tao cũng tin vào tình yêu chân thành lắm , niềm tin chết rồi",that_vong,hy_vong,0.100292735,0.24460813,,MAU_THUAN,,,
2198,"chỉ cần đủ quan trọng , họ sẽ làm tất cả những gì bạn thấy vui .",trung_tinh,hy_vong,0.15723981,0.24469572,,MAU_THUAN,,,
1430,Chắc lúc xuông xe bé ngủ quên trên ghế quá.,trung_tinh,lo_au,0.033197347,0.24475661,,MAU_THUAN,,,
77,vô tâm vãi . thôi độc thân vui tính đi .,that_vong,hy_vong,0.07475239,0.24482161,,MAU_THUAN,,,
1203,"tao cũng vậy , mấy cái thiệp chúc noel thời cấp 2 trẻ trâu của lũ bạn vẫn còn nguyên xi",vui,gian_du,0.032990683,0.24502328,,MAU_THUAN,,,
6425,Bốn này phải tước bằng vĩnh viễn ở VN phát nhé qua nên tai nạn rất nhieu,lo_au,trung_tinh,0.038783602,0.24534804,,MAU_THUAN,,,
7213,Biết vậy mình cũng gắn camera iSocial Vietnam,buon,hy_vong,0.023935338,0.24537432,,MAU_THUAN,,,
3155,nhìn hói mà thấy thương gê ??,buon,vui,0.15133868,0.24569023,,MAU_THUAN,,,
4284,Giảm tỉ lệ dân số cũng tốt,hy_vong,trung_tinh,0.09614869,0.24569663,,MAU_THUAN,,,
1975,Bà con chung xóm mà xích mích thì mệt. May mắn hiện nay chưa có hàng xóm. Yên ổn chút,trung_tinh,that_vong,0.03746251,0.24588612,,MAU_THUAN,,,
8707,Nguyễn Hoàng Giang mua xe xăng đc tặng trạm xăng đấy,hy_vong,trung_tinh,0.12787956,0.24597341,,MAU_THUAN,,,
3931,ăn cả thế giới đã,hy_vong,trung_tinh,0.10004117,0.24599186,,MAU_THUAN,,,
7903,Cần lắm 1 người dắt đi coi 🤦🏻‍♀️,hy_vong,that_vong,0.017854182,0.2465061,,MAU_THUAN,,,
5071,Nội tâm,trung_tinh,buon,0.082590275,0.24670398,,MAU_THUAN,,,
4460,mik rất giao tiếp kém,buon,hy_vong,0.06963507,0.24677816,,MAU_THUAN,,,
3501,lấy củi chứ bao nhiêu rơm cho đủ,that_vong,trung_tinh,0.108785205,0.24683881,,MAU_THUAN,,,
3,Mèo Min Min kkkk gì?,vui,trung_tinh,0.053642545,0.2469275,,MAU_THUAN,,,
1301,tam đảo trời đẹp các mem à,vui,trung_tinh,0.07565095,0.24714386,,MAU_THUAN,,,
7690,những video như này chỉ khiến cho các cô gái càng thêm ảo tưởng về tình yêu thôi # ngưngảotưởng,that_vong,hy_vong,0.013939803,0.24720809,,MAU_THUAN,,,
1502,"@july107193 Đến cuối cùng rồi thì... buông hết khi tới cuối đời, nếu bạn không học đc cách buông bỏ dần thì tâm bạn sẽ không thể nhẹ nhàng và thanh thản khi ở cuối con đường.",buon,hy_vong,0.09054285,0.24734953,,MAU_THUAN,,,
5645,thứ ba mẹ cho con và con nhận thấy đó là sự đức hạnh tấm lòng cao cả cam on ba mẹ rất nhìu,vui,buon,0.057995073,0.24759284,,MAU_THUAN,,,
4918,Linh Nguyễn Ngọc bạn mai mai sân si sâu bít rồi,gian_du,trung_tinh,0.16638942,0.2476635,,MAU_THUAN,,,
1072,Kênh mới nè.,vui,trung_tinh,0.13414657,0.24786481,,MAU_THUAN,,,
2326,Hài lòng lắm ạ,vui,buon,0.05418584,0.24799916,,MAU_THUAN,,,
2385,Phạm Mai Linh từ giờ nhịn cả chị cả em,lo_au,trung_tinh,0.050681297,0.24820709,,MAU_THUAN,,,
674,@Tuấn Anhh đôi khi nói chuyện với muôn thú còn dễ hơn với con ng,buon,vui,0.021830147,0.24826863,,MAU_THUAN,,,
464,"Quá chán.Bao nhiêu bài thơ hay và ý nghĩa , dễ học ,dễ thuộc ngày xưa thì dần dần không thấy đâu trong SGK nữa ,để rồi nhét dần những loại thơ vớ vẩn vào .",that_vong,hy_vong,0.04301309,0.24840024,,MAU_THUAN,,,
1125,"Tắm, dọn dẹp, làm việc, tập thể dục , .... ko để thời gian lãng phí. Tránh xa quan hệ độc hại. Đưa mình vào thì nguyên nhân ko đổ lỗi.",hy_vong,that_vong,0.10286494,0.24858811,,MAU_THUAN,,,
4717,@bigworld2410 Ta hay hoài niệm về những gì đã mất. Vô tình đánh mất cơ hội của hiện tại,buon,hy_vong,0.080761805,0.24902275,,MAU_THUAN,,,
2162,Tô An Yên tự nhiên nhớ đạt dăn tây ghê,gian_du,vui,0.040426645,0.24910095,,MAU_THUAN,,,
9356,"hiện tại 30t chưa từng hối hận điều gì,hi vọng những tháng ngày sau cũng vậy",hy_vong,buon,0.033492286,0.24916893,,MAU_THUAN,,,
6953,toi qua...muon giup nhung gio lam sao,hy_vong,buon,0.054101434,0.24937642,,MAU_THUAN,,,
8080,Đồ giả làm từ họi ba đơi hít nha a,gian_du,trung_tinh,0.10018824,0.24960622,,MAU_THUAN,,,
8749,"Rất ý nghĩa, nhưng tìm dc khó hơn tìm đường lên trời",that_vong,hy_vong,0.05628963,0.24966228,,MAU_THUAN,,,
3958,bất kì hoa gì có mùi đều không thích,gian_du,trung_tinh,0.074964695,0.24978906,,MAU_THUAN,,,
9314,Làm sao để bỏ đi mối quan hệ độc hại.,hy_vong,buon,0.021836124,0.24986207,,MAU_THUAN,,,
5570,Phuong Diem cần gì lãng mạn sống có trách nhiệm bao dung rộng lượng là đc rồi,hy_vong,trung_tinh,0.18347412,0.24989247,,MAU_THUAN,,,
7968,xem lại quá nhiều lần đến nỗi không nhớ nổi . vì phim quá hay và ý nghĩa .,vui,buon,0.115930095,0.25036958,,MAU_THUAN,,,
6023,"nhìn 1 cái , cười 1 cái rồi về thôi",vui,trung_tinh,0.08126845,0.25040382,,MAU_THUAN,,,
4690,Đức Hạnh con bồ cũng định đập tài xế đấy,gian_du,trung_tinh,0.14585964,0.25067666,,MAU_THUAN,,,
5382,ăn nhiều mau khoẻ .. tôm cá ấy mày giàu canxi,trung_tinh,hy_vong,0.124954954,0.25117558,,MAU_THUAN,,,
7171,mập mặt mụn nọng to Ai cũng trêu tớ mập xấu như ma đa phần ai cũng ghét tớ... ^^,buon,hy_vong,0.11660223,0.25117996,,MAU_THUAN,,,
8430,Thùy Linhh a cho e cái gì kô,vui,trung_tinh,0.083305046,0.25135967,,MAU_THUAN,,,
2028,Đời dạy hai hơn trường dạy,trung_tinh,gian_du,0.16070065,0.25150883,,MAU_THUAN,,,
5705,"Nguyen Ép học nhiều quá nên gây áp lực lên con cái ko hề tốt chút nào.Cha mẹ phải là người bạn lớn của con cái để được khuyên bảo,dạy dỗ và thậm chí là vui đùa thật cởi mở để cho con có niềm tin,niềm yêu vào cuộc sống.Khi ấy con cái mới nên người được.",that_vong,hy_vong,0.07798266,0.25158477,,MAU_THUAN,,,
6220,Trinh Mi Nhon đi ko,hy_vong,trung_tinh,0.11895322,0.25162247,,MAU_THUAN,,,
6195,"Thiện Tim 1 tháng chỉ dc hỗ trợ 1 lần thôi, ko có lần 2",that_vong,trung_tinh,0.060345322,0.25165808,,MAU_THUAN,,,
1775,"tôi kể các bạn nghe 1 chuyện có dính 1 tý với caphe tn : chuyện thế này ba vợ tôi có 1 người bạn rất khó khắn nghèo và đang trốn nợ , ba tôi cho ông chiếc xe máy củ để đi xe ôm . vợ chồng ông bạn này bỏ quê trốn nợ lên tây nguyên làm công cho nhà máy caphe tn trong 4 năm học được nghề làm caphe và sáng lập caphe tuấn kiệt caphe công thức y chang tn bán hợp lý hơn ! ngày nay ông chủ tuấn kiệt đã là 1 đại gia có nhà máy ở sốc trăng , ông ấy đi tìm và trả nợ từng người ơn của mình ! mổi lần ba tôi lên sg ông đều cho xe tới mời ba tôi đi ăn nhậu ! trong lúc ngà ngà ông ấy nói "" em chả bao giờ uống caphe của em làm , tn cũng vậy "" thế đó",vui,that_vong,0.029866552,0.25178105,,MAU_THUAN,,,
1583,"A chồng cúi xuống cảm ơn vợ ,vì nhờ vợ có hành động tình cảm thân thiết với nhân tình nên a chồng mới biết rõ bản chất thật của vợ",gian_du,hy_vong,0.0091421,0.2518116,,MAU_THUAN,,,
9178,Xíu Xíu cười le lưỡi trợn mắt🤔🤔,vui,gian_du,0.08911579,0.2518323,,MAU_THUAN,,,
274,Đinh Thị Thanh Huyền đó là bệnh về tâm lý mà . Cũng may đó là cô gái . Chứ là con trai thì giờ còn bộ xương . Dương vật teo tóp. Suy thận. Nằm chờ ngày niệm,lo_au,trung_tinh,0.045211285,0.25194508,,MAU_THUAN,,,
209,đợi chúng nó đang ăn lấy xe cứu hỏa phun nước ôi tao hình dung ra cảnh đó thật tuyệt,vui,lo_au,0.10751463,0.2520138,,MAU_THUAN,,,
4463,đợi đến ngày họp lớp đi 😪,trung_tinh,that_vong,0.03935936,0.25222194,,MAU_THUAN,,,
3000,t nghĩ t đã block nó vì nó phiền và xàm và 1h sau t nhận ra t còn chx block nó🤩,vui,buon,0.044228055,0.2523151,,MAU_THUAN,,,
6612,"Bạn ơi, lên công an xã trình báo đi",hy_vong,trung_tinh,0.17174247,0.25248748,,MAU_THUAN,,,
1508,không biết có ai ở trong ngôi nhà không,lo_au,trung_tinh,0.13053362,0.25267762,,MAU_THUAN,,,
7445,Đặng Thu đi thi đi thay hoi so,lo_au,trung_tinh,0.033067346,0.2528025,,MAU_THUAN,,,
7007,@🌷 @🖇 nhma hết tự ti khi đi cùng cm,hy_vong,buon,0.048344657,0.25288534,,MAU_THUAN,,,
348,"Điện Thọai Hoàng Thông nó đi vission đổi gió thế thôi chứ nó có mấy chiếc porche, mẹc, audi đnag để ở nhà đó con.",gian_du,trung_tinh,0.13307238,0.25311413,,MAU_THUAN,,,
7966,nhưng nó giỏi và bản lĩnh đó,vui,trung_tinh,0.041274365,0.25314078,,MAU_THUAN,,,
9552,per thử cảm giác mạnh,hy_vong,trung_tinh,0.0807022,0.2531789,,MAU_THUAN,,,
755,Con Chim chào mào.,trung_tinh,vui,0.16499649,0.25333095,,MAU_THUAN,,,
9786,sau này đừng quên nhau nha,hy_vong,trung_tinh,0.12601355,0.2534061,,MAU_THUAN,,,
8841,cười vãi ???????? mặt con bé cũng hài ghê,vui,gian_du,0.15056165,0.2536598,,MAU_THUAN,,,
4770,đúng chất người đẹp mặc rẻ rách cũng đẹp,trung_tinh,vui,0.16221401,0.25367606,,MAU_THUAN,,,
8353,Ng Bao Tran xĩu nha,lo_au,trung_tinh,0.027131474,0.25369507,,MAU_THUAN,,,
1100,chỉ cần chọn đúng người đúng thời điểm thôi,hy_vong,trung_tinh,0.18714693,0.25429106,,MAU_THUAN,,,
2863,Em chào thầy,trung_tinh,vui,0.1523137,0.25489768,,MAU_THUAN,,,
2896,Trần Quang Tùng xuống 24 cho đỡ suy thôi,that_vong,trung_tinh,0.04608072,0.255205,,MAU_THUAN,,,
9467,Như Huỳnh Đáng nhẽ định cho bạn coi tới để bạn shock. Giờ biết trước đỡ shock,vui,gian_du,0.018215993,0.25635946,,MAU_THUAN,,,
2004,Quay clip up lên facebook thôi. Chuyện mà nổi thì bên kia quan hệ cỡ nào cũng khó chìm xuồng đc,gian_du,trung_tinh,0.04788597,0.2565388,,MAU_THUAN,,,
1175,Phim k hay,that_vong,trung_tinh,0.063447185,0.25666812,,MAU_THUAN,,,
5797,chẳng có j để tự hào cả 😌,trung_tinh,vui,0.098759085,0.25673604,,MAU_THUAN,,,
7963,tình yêu không bao giờ là mãi mãi . rồi cây cũng chết héo mà thôi khà khà,that_vong,vui,0.114403404,0.25748622,,MAU_THUAN,,,
2977,Mk ko bằng đứa trẻ,that_vong,trung_tinh,0.09194831,0.25754654,,MAU_THUAN,,,
726,per ôi cái bếp một thời chinh chiến,trung_tinh,vui,0.036891337,0.2577726,,MAU_THUAN,,,
7296,Chắc do hệ luỹ của phim Hàn toàn giết người hàng loạt,lo_au,trung_tinh,0.10310831,0.25783533,,MAU_THUAN,,,
8843,Lan Anh Lê mấy đứa mày mè là hay cúng xôi chè lắm,gian_du,trung_tinh,0.09432929,0.2579639,,MAU_THUAN,,,
6591,Tôi chú,buon,trung_tinh,0.04275009,0.2581613,,MAU_THUAN,,,
2056,trao nhẫn đóng túi zíp khoá luôn à @@,vui,gian_du,0.046148665,0.25835708,,MAU_THUAN,,,
807,"nhìu bn bỏ học bh đi làm cực r muốn làm lại lắm , cac bn suy nghĩ cho kỉ r hãy nghĩ nhé. có thể nghĩ học đi học nghề gì đó cho bản thân sau này sẽ tốt hơn nghĩ học đi làm nhe🥺",buon,hy_vong,0.15155196,0.25845614,,MAU_THUAN,,,
9557,per bếp lò xo huyền thoại của ngoại hay nấu nè,vui,trung_tinh,0.18098177,0.25851783,,MAU_THUAN,,,
7626,1 % kìa rồi ra cổng gọi thế nào,lo_au,trung_tinh,0.0753152,0.2586552,,MAU_THUAN,,,
3608,Chênh vênh thế nhờ.,buon,vui,0.028667005,0.25877303,,MAU_THUAN,,,
8238,phải học cách tự tin lên chứ bạn,hy_vong,trung_tinh,0.1961163,0.2587965,,MAU_THUAN,,,
8114,May quá đọc mà lo quá luôn. Bác sĩ quá tuyệt vời. Biết ơn vô cùng,vui,lo_au,0.031792015,0.2589714,,MAU_THUAN,,,
3341,hôm nay bạn đi làm . tiền đâu mà mua,that_vong,trung_tinh,0.11279987,0.25907624,,MAU_THUAN,,,
5356,làm người khác thỏa mãn bằng mùi hương của chính bản thân,trung_tinh,that_vong,0.06721897,0.2592852,,MAU_THUAN,,,
1160,Lê Phan thèm nha.i đầu nó hk,hy_vong,trung_tinh,0.062150385,0.25944555,,MAU_THUAN,,,
352,"Hoàng Thị Thủy Mình đồng ý với quan điểm của bạn. Bà Thuận này ""đầu đất"".",gian_du,trung_tinh,0.13102996,0.26005167,,MAU_THUAN,,,
5427,"đấy ... y đâu cần phải to tác , phải gào lên cho cả thế giới biết .",gian_du,vui,0.015129497,0.26021487,,MAU_THUAN,,,
7627,"làm người trầm tính lâu rồi khiến mình chần chừ, ko đủ can đảm để làm nhiều việc, lết đc tí rồi dừng, thật sự mong muốn có những tác động j đấy đập vào cuộc sống hiện tại của mình",hy_vong,that_vong,0.08379468,0.2606815,,MAU_THUAN,,,
2991,đến tận nơi giúp đỡ là chuẩn nhất,lo_au,vui,0.019900456,0.26073956,,MAU_THUAN,,,
8476,đừng bao giờ đùa kiểu này nghe mọi người,gian_du,trung_tinh,0.107536696,0.2607839,,MAU_THUAN,,,
4972,đến gần đoạn cuối tao tắt âm xong vào xem bình luận rồi mới tua xem lại để minvolum . iq + vô cực chuẩn mẹ rồi,vui,that_vong,0.029478377,0.26102385,,MAU_THUAN,,,
4280,"Cám ơn thầy, thở đi thôi- là có cả kho tàng :)))<br>3 cách vượt qua bất ổn tâm lý <br>Cách 1: Phương pháp 5 nhìn 4 chạm 3 nghe 2 ngửi 1 nếm <br>Cách 2: Tư duy 3% <br>Cách 3: Phương pháp thở 4 thì",vui,trung_tinh,0.074142955,0.2610672,,MAU_THUAN,,,
976,Hết cứu =>,that_vong,vui,0.067167334,0.26110896,,MAU_THUAN,,,
3541,Mang bệnh tật của người khác để đùa cợt các bạn vui lắm nhỉ 🙂,gian_du,vui,0.08943069,0.26165685,,MAU_THUAN,,,
5309,@CYRUS EDIT🎬🎮 anh em👍😉,trung_tinh,hy_vong,0.046798345,0.2622917,,MAU_THUAN,,,
1050,May quá có người rước hộ của nợ!,gian_du,hy_vong,0.027698975,0.26241714,,MAU_THUAN,,,
9721,Cpi đây,lo_au,trung_tinh,0.060954835,0.26271993,,MAU_THUAN,,,
8641,Sắp tới phú quý i chang,hy_vong,trung_tinh,0.13904604,0.26277304,,MAU_THUAN,,,
6815,đi ngoài đường trái phải còn không biết mà vẫn sống thì giỏi đấy nhỉ,gian_du,trung_tinh,0.056838468,0.2630949,,MAU_THUAN,,,
6869,"@nangoc84 👉Ai trong con người cũng có lòng tham, chỉ có người biết kiềm chế lòng tham như thế nào thôi. (Giống như vào 1 lệnh future). 👉 Hãy kiềm chế con quỷ trong bạn. 🧠 1 dạng content mới - Giọng nói, postcard",trung_tinh,hy_vong,0.1943868,0.2632145,,MAU_THUAN,,,
9416,"không biết khuyên thế nào , nhưng chỉ cần bình tĩnh 1 xíu , dù gì thì cũng đừng tự sát , đời người chỉ sống 1 lần thôi ...",buon,hy_vong,0.13772526,0.26324093,,MAU_THUAN,,,
3189,"ảnh đẹp lắm , nhưng không có những người khổ này thì sẽ đẹp hơn 🙂",that_vong,hy_vong,0.06413618,0.26355708,,MAU_THUAN,,,
5702,"Các giải đấu thế giới đang tiến lên 1 bước đỉnh cao như thời kì đồ đá. Ai mạnh là thành chúa tể. Sau này phát triển hơn là sẽ thả vô đánh tập thể, ai còn sống là vô địch",trung_tinh,hy_vong,0.10164187,0.26377803,,MAU_THUAN,,,
6043,vn là vậy . bn công chăm sóc của tao đổ sông đổ biển .,that_vong,trung_tinh,0.14268439,0.26385745,,MAU_THUAN,,,
9567,ông lại tự phức tạp hóa vấn đề lên thôi,gian_du,trung_tinh,0.07179656,0.26395547,,MAU_THUAN,,,
9218,Tướng như đàn ông thế kia bảo sao chả đau,trung_tinh,gian_du,0.07339018,0.26409277,,MAU_THUAN,,,
7720,Nam mô a di đà phật Nguyện cầu hương linh em sớm vãng sang về miền cực lạc,buon,hy_vong,0.1477655,0.26479298,,MAU_THUAN,,,
6295,Phan Hoa Trâm dì ruột của cháu viết c nầy. Thương cle đó,buon,trung_tinh,0.052741278,0.26480514,,MAU_THUAN,,,
5556,Hương Huỳnh eoooo,gian_du,vui,0.027874017,0.26496005,,MAU_THUAN,,,
8577,đúng là không có nhân tính,gian_du,trung_tinh,0.10938341,0.26503274,,MAU_THUAN,,,
1802,đúng là như vụ thái nguyên luật pháp không nghiêm minh lên dẫn tới hậu quả coi trời bằng vung lên cứ ngược chiều đi,that_vong,hy_vong,0.08294635,0.2651394,,MAU_THUAN,,,
3548,moẹ ! nghe cái tên đã hấp con mẹ nó dẫn lắm rồi đây này ! đjln ??????,vui,gian_du,0.07708365,0.2651652,,MAU_THUAN,,,
9973,hình như bồ tao cũng tập gym 😶😶,trung_tinh,vui,0.072854325,0.2653193,,MAU_THUAN,,,
29,đứng tóp1 thới giới về bàn phím và yang hồ mạng chấp địa cầu này lun cx k bằg,vui,trung_tinh,0.053468276,0.2654192,,MAU_THUAN,,,
6302,"chiến tranh có gì vui đâu nhỉ , chỉ gây đâu thương",gian_du,trung_tinh,0.02899511,0.26555014,,MAU_THUAN,,,
123,huhu nó bị điên à ?,trung_tinh,lo_au,0.039211437,0.26560307,,MAU_THUAN,,,
6341,Trường Bino thiếu mợ chợ vẫn vui,hy_vong,trung_tinh,0.016948046,0.2656167,,MAU_THUAN,,,
4817,rút kinh nghiệm lần sau cứ khách nào kêu tính tiền thì mình checkin phòng liền nếu tình trạng như vậy thì cho nó dọn phòng khi nào sạch thì cho nó về 😀,trung_tinh,vui,0.0539282,0.26564386,,MAU_THUAN,,,
8673,vợ chồng nhà này mặc quần áo ngủ đôi à ??,vui,trung_tinh,0.13632926,0.26578844,,MAU_THUAN,,,
3880,nhìn stt đồng cảm khủng khiếp .,buon,vui,0.12084625,0.26604414,,MAU_THUAN,,,
1990,Sướng quá ơ ơ ơ!!!,vui,buon,0.09470423,0.26641548,,MAU_THUAN,,,
9319,Trọng Anh Nguyễn hảo có bị sao ko thế trọng,lo_au,trung_tinh,0.137662,0.26661366,,MAU_THUAN,,,
1478,Ngọc Quỳnh xem ik bạn kết HE,vui,trung_tinh,0.13490298,0.26662737,,MAU_THUAN,,,
6955,từ ngày ra trường là chưa về,that_vong,trung_tinh,0.11164134,0.2669604,,MAU_THUAN,,,
1214,sáng nay tao mới thấy 2 con này đi cùng,trung_tinh,hy_vong,0.17179173,0.26737672,,MAU_THUAN,,,
7451,Cháu nó ở nhà ngoan lắm đây. rồi các cháu có thể học làm người bình thường được k,hy_vong,trung_tinh,0.063333295,0.26746202,,MAU_THUAN,,,
1741,"hai thằng đó sẽ .. nhau , cô về nhà nằm mơ típ đi cô bé",gian_du,hy_vong,0.022754781,0.2683555,,MAU_THUAN,,,
5104,"tốt nhất là đừng crush ai ngoài bản thân ra cả , để khi nhớ thì chỉ cần lấy gương ra nhìn cái là được 😑",hy_vong,that_vong,0.025785932,0.2684298,,MAU_THUAN,,,
1284,chỉ còn lại tro tàn,buon,trung_tinh,0.070685185,0.2684903,,MAU_THUAN,,,
7120,cho đi luôn bớt lo,trung_tinh,gian_du,0.091526195,0.26849312,,MAU_THUAN,,,
3863,Thuỳ Dung Bình thường giao thông sẽ có camera đợi 1 2 ngày nữa có sẽ video nên chưa biết ai đúng ai sai được… ở đâu mình không biết chứ dưới mình bỏ chạy mà bắt được lấy xe về xã xử lý chứ không có đánh như này… 😂,trung_tinh,hy_vong,0.07757983,0.26861262,,MAU_THUAN,,,
5059,công nhận già thật,trung_tinh,gian_du,0.15475814,0.26878798,,MAU_THUAN,,,
6015,per sắp bị đuổi khỏi trường rồi nhé 😉😉,trung_tinh,vui,0.12671593,0.26881593,,MAU_THUAN,,,
3789,per hôm nào chụp kiểu nhỉ .,hy_vong,trung_tinh,0.15293716,0.26911673,,MAU_THUAN,,,
225,bốc toàn trúng may mắn lần sau,buon,trung_tinh,0.056105282,0.26932847,,MAU_THUAN,,,
4427,Cno cứ khen Nhật bản khôi phục nên kinh tế thần kỳ mà k nhìn Việt Nam ta cũng mới khoảng 30 năm trở lại đây sau hàng ngàn năm chiến đấu có dc như htai,vui,that_vong,0.013699487,0.26936352,,MAU_THUAN,,,
6181,đã trải qua và thấy chuẩn cơm má nấu,vui,trung_tinh,0.1178977,0.26964128,,MAU_THUAN,,,
8109,ko phải do bạn xấu chỉ là do bạn không tự tin mà thôi..,hy_vong,trung_tinh,0.08630547,0.26968563,,MAU_THUAN,,,
1743,nuôi sao mà trông béo tốt thế kia :v chỉ bí quyết đi,vui,gian_du,0.09096751,0.26973802,,MAU_THUAN,,,
6891,Thy'y Chinh có video kh,hy_vong,trung_tinh,0.15406787,0.27056837,,MAU_THUAN,,,
7681,"Hội Vũ úi Câu nói này được, xịn quá 🥲",vui,buon,0.03638527,0.2705822,,MAU_THUAN,,,
5043,Chính quyền đã cảnh báo chứ phải không,trung_tinh,gian_du,0.14892387,0.27061075,,MAU_THUAN,,,
1494,"<b>Ngủ</b> và <b>thức</b> là 2 từ trái nghĩa, vậy tại sao <b>ngủ dậy</b> và <b>thức dậy</b> lại là 2 từ đồng nghĩa? =)))",vui,trung_tinh,0.12031702,0.27104855,,MAU_THUAN,,,
4457,"Đăng Thắng tùy mỗi người còn mình vẫn ý chí ko bao giờ đi đánh ghen, ko bao giờ muốn tha thứ,1 khi đàn ông họ hết thương mình thì đi đánh ghen làm chi cho mệt",trung_tinh,gian_du,0.039390728,0.27104995,,MAU_THUAN,,,
548,đọc bình luận cười ẻ,vui,gian_du,0.10363475,0.27169532,,MAU_THUAN,,,
1997,chảy cả nói chuyện mắt,trung_tinh,buon,0.036639553,0.2718838,,MAU_THUAN,,,
729,crush mới thích ảnh tao mà tao đã . nghĩ đến chuyện đặt tên con rồi,hy_vong,that_vong,0.020519169,0.27191436,,MAU_THUAN,,,
4514,Pham Thanh Hoa nghe nói cũng đã te ra quần rồi em sơ thật,gian_du,trung_tinh,0.045913108,0.2720188,,MAU_THUAN,,,
8864,vừa xung điện tim xong ra ngoài bác sĩ lắc đầu cả nhà tao đưa bác sĩ vô nằm kế tao,lo_au,vui,0.03373157,0.2720319,,MAU_THUAN,,,
5371,có tiền mua cả cây nhỉ,hy_vong,trung_tinh,0.16011468,0.2722658,,MAU_THUAN,,,
8302,Hi a🎉,trung_tinh,vui,0.14965373,0.27230617,,MAU_THUAN,,,
728,thành phần nào cũng có ăn hiếp con gái thua cả súc sinh,gian_du,trung_tinh,0.061147,0.27248245,,MAU_THUAN,,,
8924,Ơi Trời ra đúng thời điểm em đang cực kid stress huhuhuuu. Yêu c quá cứu tinh của em,vui,buon,0.026433524,0.2725673,,MAU_THUAN,,,
9579,chắc phải 6 năm chưa nấu kiểu này rồi trước nấu hôm đầu cơm dẻo ai cũng khen ngon,vui,trung_tinh,0.03180615,0.27301842,,MAU_THUAN,,,
6719,may nó không đâm cho lòi ruột,hy_vong,gian_du,0.019783085,0.2730334,,MAU_THUAN,,,
2532,@lanh💢 ôn thi shao r ..?,lo_au,trung_tinh,0.045913298,0.27311817,,MAU_THUAN,,,
9432,hồi xưa làm fanpage được gạ kèo 7 triệu nhưng nhất quyết không bán . cảm thấy quyết định đúng đắn nhất trong đời,hy_vong,that_vong,0.029630167,0.2731294,,MAU_THUAN,,,
7138,có ý định nhai hết hộp kẹo điểm danh đi 😌😌,trung_tinh,hy_vong,0.12668537,0.2731538,,MAU_THUAN,,,
2495,ngày ấy cũng từng như vậy ☺️,vui,buon,0.10621112,0.27342206,,MAU_THUAN,,,
6025,"@nangoc84 Mọi thứ đã qua rồi, chỉ còn tiếc nuối chứ làm được gì. Hi",buon,hy_vong,0.16924356,0.2737249,,MAU_THUAN,,,
1905,Nhiều thế? Cấp số nhân thì không biết sẽ như thế nào?,lo_au,trung_tinh,0.08843487,0.27381766,,MAU_THUAN,,,
5599,cuộc sống thật chua cay với tao,that_vong,hy_vong,0.040938783,0.27388602,,MAU_THUAN,,,
8634,Nguyễn Tài chứ mỗi lần xem phim kinh dị VN là thất vọng vãi,that_vong,vui,0.11964587,0.2740053,,MAU_THUAN,,,
7944,buồn cười vãi ý,vui,buon,0.061637763,0.2740638,,MAU_THUAN,,,
4898,per viêm màn túi cấp nghiêm trọng,lo_au,trung_tinh,0.09883407,0.2741608,,MAU_THUAN,,,
6488,thời buổi này là thằng con trai trước hết phải có khả năng kinh tế phải nuôi được bố mẹ rồi hãy tính đến chuyện kết hôn,trung_tinh,hy_vong,0.21300462,0.27426082,,MAU_THUAN,,,
5473,có khi nào mình thích anh hàng xóm vì mình thích con mèo nhà anh không nhỉ :<,hy_vong,buon,0.08846351,0.27433574,,MAU_THUAN,,,
8445,"Đàn chim này sẽ đc bán đi để làm thịt, nên các thầy mua lại để phóng sinh. Ở mỗi góc độ ý nghĩa lại khác nhau.",buon,hy_vong,0.10096585,0.27456003,,MAU_THUAN,,,
3601,Yến Linhh Còn cả 1 tương lai phía trước luôn ấy.,hy_vong,buon,0.023667289,0.2746123,,MAU_THUAN,,,
6895,Ngọc Huyền ng ta giục oy kìa lấy thôi,gian_du,trung_tinh,0.16544701,0.27461708,,MAU_THUAN,,,
1026,tôi ko biết ngại là gì nữa rồi,trung_tinh,lo_au,0.0806304,0.274912,,MAU_THUAN,,,
8838,"Làm gì có đàn ông như vậy , bớt mơ nha mấy mợ !!!",gian_du,hy_vong,0.06141717,0.2750909,,MAU_THUAN,,,
5178,thấy per hất môg thằg đó bay hài lòng dễ sợ,vui,lo_au,0.16464345,0.2752623,,MAU_THUAN,,,
5822,"Low Tech chuổn, Glenn hẹo là coi như hết film",that_vong,vui,0.06624415,0.27544332,,MAU_THUAN,,,
6095,Hok biết có bán hết vé số hok,lo_au,vui,0.041960128,0.2754819,,MAU_THUAN,,,
1349,"xưa trồng mới có trái nay. xem đời này, biết đời trước. xem giờ sống sao, ắt biết đời sau. anh, chị thông cảm nha, thấy sao nói vậy.....",trung_tinh,that_vong,0.045353826,0.27564168,,MAU_THUAN,,,
8296,như ốc bươu vàng thì là thảm họa rồi,lo_au,trung_tinh,0.04212972,0.2757152,,MAU_THUAN,,,
7316,"Mấy chn này trên app là bình thường bà ui, lần sau thấy ngta ko rep thì tự hiểu đc rồi",gian_du,trung_tinh,0.08874544,0.27572364,,MAU_THUAN,,,
2068,per đứa nào nghĩ ra được cái qcao hay vãi ...,vui,gian_du,0.17408352,0.27572778,,MAU_THUAN,,,
1581,"@quachvinhkhoa quên thì ko ai quên đc, chỉ là mình có nhớ về nó hay ko thôi",buon,hy_vong,0.14472578,0.2759214,,MAU_THUAN,,,
3426,Chiến Bkt nói tí fan bay vào vã k trượt phát nào,vui,gian_du,0.051202048,0.27609384,,MAU_THUAN,,,
2071,Dương Thùy tag tui mà nick ảo tui dô like,trung_tinh,gian_du,0.09751154,0.2761532,,MAU_THUAN,,,
703,per ngồi ôm bụng cười và liên tưởng đến nhiều nhân vật,vui,trung_tinh,0.07767891,0.27619174,,MAU_THUAN,,,
10093,Đăng Hoàng cậu nhà mình dạo ni nói hay hè,vui,trung_tinh,0.10458807,0.27634603,,MAU_THUAN,,,
1371,thấy thương quá mạnh thường quân giúp đỡ cho 2 em,hy_vong,buon,0.18739773,0.27640998,,MAU_THUAN,,,
9955,Người ta có người yêu rồi <br>Yêu một mình là điện cuồng,that_vong,vui,0.025412556,0.27644277,,MAU_THUAN,,,
2155,per my nè kkk,trung_tinh,vui,0.13943307,0.27648547,,MAU_THUAN,,,
8275,Tại con Jane nó hù ổng trước.,trung_tinh,lo_au,0.02082424,0.27665126,,MAU_THUAN,,,
5623,Đức Trần mỗi việc đều có cái khó của riêng nó chứ sao so sánh thế được,trung_tinh,gian_du,0.12074173,0.2766843,,MAU_THUAN,,,
4758,tao đẹp trai vào trang tao mà coi đi,vui,trung_tinh,0.033574354,0.27687252,,MAU_THUAN,,,
720,thực ra là ko biết mở lời ntn,lo_au,trung_tinh,0.08739078,0.27697456,,MAU_THUAN,,,
1037,vãi độc đấy,lo_au,vui,0.02204499,0.27741343,,MAU_THUAN,,,
3196,tôi từng được sống . nhưng đấy là truyện của năm ngoái rồi,that_vong,trung_tinh,0.19273293,0.27760366,,MAU_THUAN,,,
6733,mất niềm tin vào đàn ông chứ chưa từng mất niềm tin vào tình yêu ;,hy_vong,that_vong,0.061960213,0.2779048,,MAU_THUAN,,,
9263,chưa bao giờ b đến đích là gì cả,that_vong,trung_tinh,0.1657688,0.27807307,,MAU_THUAN,,,
6824,Trần Thao hở ra chỗ nào ?,gian_du,trung_tinh,0.18083085,0.27835885,,MAU_THUAN,,,
4868,Xuân Nghĩa xem phim Hàn Quốc và phim Mỹ quá 180 phút.,gian_du,trung_tinh,0.07005098,0.27837133,,MAU_THUAN,,,
1672,Vinley Vinley 277 roi b oi nhưng vẫn phải đợi kết quả kiểm phiếu.,that_vong,hy_vong,0.044257935,0.27839985,,MAU_THUAN,,,
2712,cô ơi nhiệt tình là tốt nhưng bản thân phải an toàn trước 😗,trung_tinh,vui,0.062313564,0.27855724,,MAU_THUAN,,,
8938,sau này nhất định phải nói chuyện lịch sự không phải một người đọc mà là mọi người cùng đọc,lo_au,trung_tinh,0.05814731,0.2785892,,MAU_THUAN,,,
5007,"mới đầu mày sẽ thấy vui , từ từ nó quậy cho mày ????",gian_du,trung_tinh,0.13141407,0.27889162,,MAU_THUAN,,,
1675,@★Andrealphus★ Em khi ở trên trung tâm nè ✨,trung_tinh,hy_vong,0.14017342,0.27901745,,MAU_THUAN,,,
6673,Hân Hân voãi,trung_tinh,gian_du,0.08443299,0.2791837,,MAU_THUAN,,,
5070,No biết sắp bị đón dot,trung_tinh,lo_au,0.049544405,0.27923745,,MAU_THUAN,,,
387,được đấy tao thích,vui,trung_tinh,0.13901597,0.27928752,,MAU_THUAN,,,
7378,"K quen, k biết mà đau đến nao lòng,cầu mong cô gái xinh đẹp siêu thoát con nhé",buon,hy_vong,0.19643837,0.27930057,,MAU_THUAN,,,
8975,cho họ đi tù đi ạ 🙂,hy_vong,gian_du,0.08438738,0.27952752,,MAU_THUAN,,,
1608,"chẳng phải chuyện hài nhưng sao tao thấy buồn cười quá , chắc thần kinh có vấn đề",vui,that_vong,0.012906061,0.27986273,,MAU_THUAN,,,
8014,kể mà nó biết cử độg vẫy vẫy nữa thì tuyệt con mẹ nó vời ??????,hy_vong,gian_du,0.025776664,0.27993137,,MAU_THUAN,,,
3912,đứng tim luôn,lo_au,vui,0.09216942,0.2799369,,MAU_THUAN,,,
3564,đường của nhà nước co phải nhà cụ đâu mà kêu ca,gian_du,trung_tinh,0.15934594,0.2800163,,MAU_THUAN,,,
937,Gia Bảo coi đi ck,hy_vong,trung_tinh,0.15868606,0.28005174,,MAU_THUAN,,,
762,Phan Thị Thu Ngân kkk ko chạy đi mô đc,vui,trung_tinh,0.070087366,0.28024286,,MAU_THUAN,,,
6140,ổng đang chán ai tán yêuc luôn,buon,vui,0.034091253,0.28035522,,MAU_THUAN,,,
9043,Tiêu cực từ những HATERS bình luận vào channel của em làm em rất thất vọng luôn. Thanks chị vì video rất bổ ích.,that_vong,hy_vong,0.03290765,0.28049815,,MAU_THUAN,,,
7260,đúng là lợi ích kinh tế lâu dài .,hy_vong,gian_du,0.045027312,0.2809413,,MAU_THUAN,,,
8489,Nếu là sếp mình sẽ thử bằng 1 con ốc nhỏ hơn,trung_tinh,hy_vong,0.19190352,0.28103068,,MAU_THUAN,,,
2220,c trai như thế nào tuyệt chủng rồi,buon,trung_tinh,0.043951795,0.2810529,,MAU_THUAN,,,
9584,"nhìn là biết sapa rồi , thế cũng đố",that_vong,trung_tinh,0.10339749,0.2810811,,MAU_THUAN,,,
1818,em hướng ngoại hay nói chuyện với mọi người xung quanh nhưng em không nói chuyêm với gia đình,trung_tinh,lo_au,0.07586501,0.28116733,,MAU_THUAN,,,
4302,Mai Nhật mong bạn giúp đỡ 2 em ấy. Nhìn mặt 2 em hiền vs phúc hậu nữa .,hy_vong,buon,0.19335073,0.28154096,,MAU_THUAN,,,
1894,Cảm ơn các bạn đã cho con nhg ngày cuối đoi hạnh phúc,buon,hy_vong,0.12826826,0.28171322,,MAU_THUAN,,,
1752,Nguyễn Yến xác nhận đúng nhà này đánh đấy b,trung_tinh,gian_du,0.2091344,0.28216285,,MAU_THUAN,,,
8785,"công trình 850 năm tuổi , xây dựng 100 năm mới hoàn thành chỉ còn là đống cháy sắt vụn .",that_vong,trung_tinh,0.1325216,0.28220665,,MAU_THUAN,,,
5425,Với mình sức khoẻ và trí tuệ là số 1,trung_tinh,hy_vong,0.06486405,0.28229895,,MAU_THUAN,,,
3606,Nguyễn Thị Ngọc Lan kiếp sau chắc gì đã gặp a mà oánh,trung_tinh,gian_du,0.11850454,0.28258386,,MAU_THUAN,,,
113,có 5tr thôi à,that_vong,trung_tinh,0.116629936,0.28274614,,MAU_THUAN,,,
1473,xong tao đưa mày uống nha,trung_tinh,hy_vong,0.12810619,0.28295144,,MAU_THUAN,,,
733,Xám lộn,gian_du,trung_tinh,0.05067347,0.2830631,,MAU_THUAN,,,
1537,"Chị Giang nói đúng quá.....em đã bỏ mối quan hệ độc hại vs ba em từ 5 năm trước<br>Kết quả mẹ em và em thoải mái sống hơn,phát triển bản thân hơn đặc biệt mẹ em nay đi ra đường tự tin với bạn bè hẳn hơn..........có lẽ đó là điều hơn 15 năm làm vợ mẹ em chưa bao giờ dám làm",hy_vong,buon,0.102750316,0.28310707,,MAU_THUAN,,,
1427,Quê t nhưng t chỉ bảo là quả báo thôi :')) Đắt đỏ quá,that_vong,vui,0.098719254,0.28317466,,MAU_THUAN,,,
2020,link nhạc toàn cực phẩm,vui,gian_du,0.07157959,0.2832931,,MAU_THUAN,,,
1542,đừng vì câu nói người khác mà làm bản thân bị tổn thương nha các bạn. Mỗi người có 1 vẻ đpej riêng mà. Nhan sắc chỉ là nhất thời thôi...,hy_vong,that_vong,0.0378038,0.28345647,,MAU_THUAN,,,
4656,"Hồi còn nhỏ, thấy mấy chú, bạn trai của dì, chạy xe bảnh tỏong, áo sơ mi, râu tóc ngay ngắn, nhìn ngưỡng mộ ghê.<br><br>Giờ mình 30 vẫn còn ngồi quán net, đc cái lương 30tr, mà lười cua gái, nên râu tóc mọc như người rừng",that_vong,vui,0.109649174,0.28378,,MAU_THUAN,,,
778,Gặp đúng người sẽ nói chuyện rất nhìu,vui,trung_tinh,0.099388,0.2838725,,MAU_THUAN,,,
9758,"Tuy lúc này em xem đã hơn 1 năm trc khi chị ra video này. Ko bt chị có đọc dc ko, nhưng em cug cảm ơn chị rất nhìu vì nhờ chị em có thể bỏ đi những thứ tiêu cực trong đầu em! 🙂🙂🙂",vui,buon,0.04903436,0.28387535,,MAU_THUAN,,,
5588,nên công bố để răn đe,trung_tinh,gian_du,0.14730473,0.28405344,,MAU_THUAN,,,
6291,may mình đi làm rồi chứ 10 năm trước chắc sẽ phát khổ với bố mẹ vì mấy tin con nhà người ta như thế nào,vui,buon,0.00859982,0.28418693,,MAU_THUAN,,,
3070,không biết luôn á,trung_tinh,lo_au,0.056577872,0.2843271,,MAU_THUAN,,,
2716,Chỉnh sửa ảnh Free bọn nhà báo thôi,gian_du,trung_tinh,0.09266837,0.284633,,MAU_THUAN,,,
4998,Chú lac quan quá,hy_vong,gian_du,0.017254943,0.28481448,,MAU_THUAN,,,
9323,"Khi mày ko có tiền thì đừng nghĩ yêu đường làm gì cho mệt, đừng cố thêu dệt sự chân thành mà nghĩ gái nó sẽ đáp lại. A đây khi mới ra trường lương thấp 5tr ko dám yêu ai, nghĩ bụng khi nào lương 10tr mới dám kiếm ng.yêu. Mà khi lương 10tr rồi, thì cái tiêu chuẩn của tụi gái nó cao lên, nên thành ra cũng chưa đủ tự tin để kiếm gái. Đến khi lương 20tr rồi mới bắt đầu có bạn gái. Rồi khi lương 35tr thì bạn gái vẫn còn quen mình. Đến bây giờ thì lương gấp 4 lần như vậy, cô ấy vẫn còn chọn mình. Nêm tôi cảm thấy vẫn còn may mắn khi cô ấy vẫn muốn ở bên cạnh mình.",vui,that_vong,0.011615816,0.28486764,,MAU_THUAN,,,
1841,lúc ngoại còn sống cũng hay xin ngoại 10k 2 chục gì đó,buon,trung_tinh,0.0963697,0.28498316,,MAU_THUAN,,,
8677,Hi thầy :3,trung_tinh,vui,0.13653891,0.28530043,,MAU_THUAN,,,
4355,"trai xinh gái đẹp thời đó , nhìn cái xe là biết giáo dục có điều kiện rồi",trung_tinh,vui,0.061522044,0.28535634,,MAU_THUAN,,,
9797,"Trời ơi,xem xong clip này, tôi phải suy ngẫm lại,từ rày về sau tôi sẽ kg tiêu xài phung phí nữa 🤔thích gà lang thang từ YouTube qua bên đây luôn 👍",buon,vui,0.02332066,0.28554702,,MAU_THUAN,,,
3964,"50%thoi, còn tùy theo GĐ nữa nhé",trung_tinh,hy_vong,0.2182012,0.28560537,,MAU_THUAN,,,
7729,nên xử lý nghiêm khắc,hy_vong,trung_tinh,0.042335704,0.28579402,,MAU_THUAN,,,
1549,nó lợi dụng ở 1 khía cạnh nào đó mà thôi,gian_du,trung_tinh,0.0744511,0.28617454,,MAU_THUAN,,,
9591,"Mỗi lần thấy gái nhật là hình ảnh j a. V , nó tuôn trào ra , haizz ko thể ko nghĩ đến dc , thiệt là ướt át .",hy_vong,that_vong,0.013555184,0.28646064,,MAU_THUAN,,,
3546,tao đang thă ́ c mă ́ c ta ̣ i sao thă ̀ người da đen no ́ quen được con nho ̉ da tră ́ người ngon va ̃ i thê ́ nhy ̃. 😑😑😑,trung_tinh,gian_du,0.11541939,0.28652817,,MAU_THUAN,,,
5559,người ta có bạn bè nhìn vui thật,buon,trung_tinh,0.055838946,0.28673202,,MAU_THUAN,,,
4496,"bánh tráng trộn năm đó ở roai ờ ti , ruột đau như cắt nói chuyện mắt đầm đìa đền thg dưa gang cốc dưa hấu kem chi per",vui,that_vong,0.020627644,0.28697717,,MAU_THUAN,,,
9293,"Hà Mã Đây khum, tui không thấy nó nó không thấy tui 😏💅",trung_tinh,gian_du,0.039882332,0.28711182,,MAU_THUAN,,,
6516,"1 là nhờ đám cơ to hơn đè đám này. Cách cuối là làm Chí Phèo. Chúc bạn may mắn, VN nó vậy mà (:",gian_du,hy_vong,0.011825614,0.28768945,,MAU_THUAN,,,
1467,nhìn móng tay bác này mà tao thèm lòng chó quá per,hy_vong,gian_du,0.022228979,0.28787398,,MAU_THUAN,,,
6704,"Khon nan nhất là có vk có con rồi vẫn còn liên lạc, qtam tới nyc",that_vong,hy_vong,0.07576068,0.2880493,,MAU_THUAN,,,
6508,Hồng Phú rõ ràng là các hãng và chủ xe dịch vụ họ thấy được lợi ích của xe điện VF họ mới đổi qua xe VF chạy. Miễn phí 1 năm sạc điện là tiết kiệm được bao nhiêu lúa rồi,hy_vong,gian_du,0.058209974,0.28807455,,MAU_THUAN,,,
6087,Chị Giang ơi em đang bị phốt to mệt quá! Phải xem video của c giang để lấy lại động lưc hiuhiu em đi rút tiền để ăn uống xả stress,buon,hy_vong,0.1466058,0.28815764,,MAU_THUAN,,,
5446,yêu quá đi mất . tuổi thơ của mình toàn nện mấy thằng con trai . trong lớp mình toàn làm xếp nên chẳng được giúp đỡ,that_vong,hy_vong,0.07134799,0.28816825,,MAU_THUAN,,,
8095,Phim hay nha bn,vui,trung_tinh,0.14663818,0.2882501,,MAU_THUAN,,,
7628,"Còn 1 điều nữa, các bạn nữ ko mặc áo trong mà ra lấy hàng shipper thì các shipper cũng có để ý và khi tụ họp lại với nhau sẽ lôi cơ thể các bạn nữ ra bàn tán nhé.",gian_du,hy_vong,0.0710632,0.28829056,,MAU_THUAN,,,
9465,cả 1 đời người chẳng mong gì chỉ mong từ đây đến phút cuối vẫn có người không quên mình đã từng tồn tại,hy_vong,buon,0.08153472,0.28840148,,MAU_THUAN,,,
131,Chung thủy là đạo đức. Ko phải tính cách. Mọi người nhớ nhé ☺,trung_tinh,vui,0.040058617,0.28841522,,MAU_THUAN,,,
5521,"Thằng ck nói là :"" tao lạy mày, cuối cùng tao cũng chờ được ngày này rồi ..."" rồi cười nhẹ bước đi. ...",vui,that_vong,0.016877053,0.2884556,,MAU_THUAN,,,
5334,Hưng Lan b pải lm bên thám tử tư chuẩn kk,trung_tinh,vui,0.17975913,0.2887758,,MAU_THUAN,,,
4688,Nếu cho quay lại thời gian đó có đánh chết tôi cũng không quay mặt bước đi dù chỉ nữa bước,hy_vong,that_vong,0.06551919,0.28888044,,MAU_THUAN,,,
815,Le Tuan ko nhớ thì sẽ vài bé nữa như thế,lo_au,trung_tinh,0.057190772,0.28893524,,MAU_THUAN,,,
8483,nhưng liệu như vậy sẽ dễ dàng để người khác xen vào không,lo_au,trung_tinh,0.090652026,0.28895557,,MAU_THUAN,,,
1744,dân giàu..nước mạnh...,vui,buon,0.07564004,0.28902543,,MAU_THUAN,,,
10080,"moá nó , cười đau hết cả ruột",vui,buon,0.053533647,0.28921384,,MAU_THUAN,,,
7751,tôi có xem tử vi giờ ngày tháng năm sinh âm lịch ..cung mệnh can chi ngũ hành vk Ck ..năm kết hôn ..gia cảnh và ngoại hình người hôn phối..bàn tay ..,trung_tinh,that_vong,0.026900278,0.2892664,,MAU_THUAN,,,
7986,Oanh Phi hoa hậu cũng k xứng với cu cậu! Hắn sinh ra đúng vạch “ về đích”,gian_du,vui,0.06675278,0.2896296,,MAU_THUAN,,,
9919,Dành cho những bạn sinh viên Ngôn ngữ Anh thì sẽ có biết đến một môn được gọi là Ngữ Nghĩa Học hay còn gọi là Semantics. Lúc trước khi học môn này thì mình nghĩ nó khá khó và chỉ có Tiếng Việt mình mới dễ ... nhưng mà thật ra là dễ lag ko khác gì Tiếng Anh,buon,trung_tinh,0.013426626,0.2897608,,MAU_THUAN,,,
4150,đã gặp được em đúng lúc . nhưng lại không phải thời điểm em muốn ....,that_vong,hy_vong,0.15739141,0.28985322,,MAU_THUAN,,,
635,Dù sao k thấy cái bản mặt nó trên tt là đc em à,trung_tinh,hy_vong,0.22052117,0.28996226,,MAU_THUAN,,,
1843,mình hỏi rồi mà họ nữa muốn bán nữa không bạn để hôm sau lên hỏi lại lần nữa,trung_tinh,buon,0.018464869,0.2900915,,MAU_THUAN,,,
9539,4 năm tìm hiểu kh biết đánh lần nào chưa,that_vong,trung_tinh,0.1660569,0.2901008,,MAU_THUAN,,,
10138,"ước gì nội cũng thương tui như thế này, từ nhỏ tới giờ tui chỉ có ngoại thương tui thôi",that_vong,hy_vong,0.12915266,0.2901658,,MAU_THUAN,,,
4495,nói mẹ ngoài đời,trung_tinh,gian_du,0.11893269,0.290177,,MAU_THUAN,,,
4715,"ui bài viết cứ như nói mình ấy, huhuu hóa ra vẫn có nhiều bế tắc như mình thời điểm này",that_vong,hy_vong,0.051049944,0.29021358,,MAU_THUAN,,,
7133,thực sự là một trò cười,vui,gian_du,0.09968674,0.29039863,,MAU_THUAN,,,
7106,mai di lam tipp dui,that_vong,hy_vong,0.056832496,0.2904899,,MAU_THUAN,,,
1659,nhói lòng lớp tôi,that_vong,trung_tinh,0.09371806,0.2909775,,MAU_THUAN,,,
9033,Những nhà thơ ngày xưa vẫn nhất.,trung_tinh,vui,0.15933609,0.29108644,,MAU_THUAN,,,
6282,Giống như trường hợp bộ phim Hãy nói lời yêu thương. Bà mẹ áp lực cho con quá nên thằng bé tự vẫn .,trung_tinh,buon,0.0123670865,0.291166,,MAU_THUAN,,,
2124,co khi kh giám ra đường☺️,lo_au,trung_tinh,0.07338393,0.29121763,,MAU_THUAN,,,
932,Vào trang cá nhân của em có đăng full cái kết 🌴,trung_tinh,vui,0.11392326,0.2912648,,MAU_THUAN,,,
1401,Cam có ba que như chú không,gian_du,trung_tinh,0.102487974,0.29127344,,MAU_THUAN,,,
9139,"""Lời khuyên hay đó. Nhưng khổ nỗi cuộc đời này lời khuyên thật sự k có ý nghĩa gì cho lắm. Bạn sẽ không biết nó như thế nào cho tới khi bạn đích thân trải nghiệm...""",trung_tinh,buon,0.040568788,0.29162925,,MAU_THUAN,,,
10034,hãy tôn trọng quyền được mưu cầu hạnh phúc của mỗi cá nhân con người trên thế giới này đi . đừng kì thị họ ! tội lỗi lắm 🙂,trung_tinh,hy_vong,0.112846576,0.29183632,,MAU_THUAN,,,
1577,"Bố mình là một người tiêu cực,mỗi khi mà mình quyết tâm làm một cái gì đó, bố mình luôn là người khiến mình phải phân vân lo lắng rằng mình sẽ chẳng thể làm được, nghi ngờ về giá trị con người mình và cảm thấy mình thật vô dụng.Có những lời khuyên của chị Giang giúp mình có thể vượt qua. Yêu chị❤",that_vong,hy_vong,0.06472464,0.2923287,,MAU_THUAN,,,
9055,Sắp có vụ vòng cẩm thạch v2,vui,trung_tinh,0.058145236,0.29244763,,MAU_THUAN,,,
5803,chỉ có trong truyền thuyết . mà khái niệm truyền thuyết trong ngữ văn lớp 6 là không có thật,that_vong,trung_tinh,0.1431929,0.29254472,,MAU_THUAN,,,
8282,cuộc sống của mình đừng hỏi ý kiến người khác,trung_tinh,hy_vong,0.106986776,0.2928758,,MAU_THUAN,,,
9473,93 chưa ổn định,lo_au,trung_tinh,0.108660996,0.2929099,,MAU_THUAN,,,
3926,trời ơi tháng 6 tôi về nước bạn có liên hệ với tôi được không bạn bạn ơi,hy_vong,trung_tinh,0.20617633,0.2932127,,MAU_THUAN,,,
3103,Cài đặt chế độ riêng tư đi bạn,hy_vong,trung_tinh,0.17792863,0.2933904,,MAU_THUAN,,,
3016,"5 điều cần làm để giảm suy nghĩ tiêu cực:<br>1.Đi tắm và uống nước+Đi ngủ đi cho cơ thể bình yên lại<br>2.Chịu trách nhiệm:<br>Tự hỏi xem mình mắc lỗi gì dẫn đến việc gì và làm sao để sửa?<br>3.Đi làm gì đó:Don&#39;t Procastinate<br>Nếu như mà cứ cuốn theo suy nghĩ tiêu cực thì không thể nào mà work effectively-&gt;feel worse-&gt;work worse<br>4.Tra Google cách để làm một việc,giải quyết một vấn đề<br>5.Cắt các mối quan hệ tiêu cực:than thở 24/7,một người bạn luôn muốn có thật nhiều sự chú ý,ích kỷ",trung_tinh,hy_vong,0.17016426,0.29343325,,MAU_THUAN,,,
3690,Muốn coi clip ở đâu z m.n,gian_du,trung_tinh,0.04675984,0.29362026,,MAU_THUAN,,,
6572,"À thế là đúng rồi, gia đình ngăn cản thì ra là gia đình chồng. Cay thế nhở !!!!",gian_du,vui,0.113127574,0.29402387,,MAU_THUAN,,,
162,tuổi thơ mình lớp 4 đã cảm nắng 1 anh chàng từ 1 viên phấn vôi .,hy_vong,buon,0.0572066,0.29422987,,MAU_THUAN,,,
7811,còn người yêu tao : một hơi có một anh đẹp trai bay lơ lửng rồi ôm lấy em khi em tắm,hy_vong,buon,0.09142251,0.29427776,,MAU_THUAN,,,
7817,ee đúng nhaa tui ra ngoài đường toàn mặt đơ vs như muốn ăn tươi nuốt sống ngta z😳,gian_du,vui,0.019802146,0.29445273,,MAU_THUAN,,,
5892,quan trọng là họ quảng cáo nói có đúng không . hay là được ít năm hỏng thì mệt,trung_tinh,gian_du,0.10337257,0.29446706,,MAU_THUAN,,,
2792,Đang bế tắc thật,that_vong,trung_tinh,0.067033336,0.29447392,,MAU_THUAN,,,
5725,Cách tốt nhất là làm việc để tiến lên,hy_vong,trung_tinh,0.10694193,0.2946426,,MAU_THUAN,,,
9359,Không biết bé giờ sao rồi,buon,trung_tinh,0.09862175,0.29503918,,MAU_THUAN,,,
372,Đời giờ quá nhiều người tốt. Nhưng cũng lắm kẻ ko lương tâm. Đều là con người mình ko giúp đỡ người ta thì thôi gạt chú chi vậy trời. Người quá ta quá khổ mà gạt tội nghiệp. Mong ai có điều kiện tốt hãy giúp đỡ chú,hy_vong,that_vong,0.046348803,0.2950449,,MAU_THUAN,,,
3670,per tôi đợi ngày nhận thiệp cưới của ông,hy_vong,trung_tinh,0.015667977,0.29506022,,MAU_THUAN,,,
6066,Quách Thanh Thủy Vậy sao kêu thời nay khó? Thời xưa thì dễ à?,gian_du,trung_tinh,0.18008828,0.29508895,,MAU_THUAN,,,
2691,chưa báo hiếu chame đk ngày nào,buon,trung_tinh,0.045072276,0.29515135,,MAU_THUAN,,,
9895,"hết cấp 3 , hết đại học và chỉ mới bắt đầu 1 cuộc chơi khác .",hy_vong,buon,0.026053805,0.29515415,,MAU_THUAN,,,
10072,Như Ýy thiên linh cái,hy_vong,trung_tinh,0.15487728,0.29528415,,MAU_THUAN,,,
6758,Nguyễn Sin người ta đòi kiện anh kìa,lo_au,trung_tinh,0.040338017,0.29546326,,MAU_THUAN,,,
997,Đế quốc Khmer từng huy hoàng,trung_tinh,vui,0.2027353,0.29547134,,MAU_THUAN,,,
48,Quốc gia chông covid tốt nhất thế giới,vui,trung_tinh,0.0545418,0.29601717,,MAU_THUAN,,,
8757,Cha ông ta đi mở cõi đỉnh thật,vui,trung_tinh,0.11377205,0.2960221,,MAU_THUAN,,,
7466,"Khuôn mặt nào mà chẳng đẹp, đâu cần tự ti như vậy???",hy_vong,buon,0.05241205,0.2960308,,MAU_THUAN,,,
513,kêu gọi thì lói thế thôi chứ dân nó vẫn dùng apple như thường,trung_tinh,gian_du,0.18670551,0.29609832,,MAU_THUAN,,,
8453,cẩn thận móc túi trộm nhé anh chị em .,trung_tinh,hy_vong,0.16436447,0.29617718,,MAU_THUAN,,,
5813,ông tóc ngắn ngắn cam cam tên gì vậy ạ ?,trung_tinh,lo_au,0.18299054,0.29628912,,MAU_THUAN,,,
5008,"hồi lúc tao ăn lạp xưởng mắc xương , nói mà cũng đéo ai tin . tao hiểu cảm giác của mày lắm ?",vui,gian_du,0.031118553,0.29631975,,MAU_THUAN,,,
173,per đừng có mà thân thiết với tôi,gian_du,trung_tinh,0.07380109,0.2968362,,MAU_THUAN,,,
4375,Mấu chốt để thay đổi từ trang thái tiêu cực sang tích cực nằm ở cách kiểm soát suy nghĩ của chính mình.,hy_vong,trung_tinh,0.1314396,0.29688644,,MAU_THUAN,,,
8633,tài năng sáng tạo vẩy bút thôi cũng là nghệ thuật,trung_tinh,vui,0.15787287,0.29688755,,MAU_THUAN,,,
8926,1 đế chế tự vẽ sự thật thì nó chưa được 1/10,gian_du,trung_tinh,0.057038866,0.29730186,,MAU_THUAN,,,
1196,"tôi trước nhá: tôi từng vứt tờ vé số 6,7 tỷ vào thùng rác🥹🥹",that_vong,vui,0.05100216,0.29743424,,MAU_THUAN,,,
3068,gia đình có nhưng tình yêu không thì sao,that_vong,trung_tinh,0.14392588,0.29771245,,MAU_THUAN,,,
5838,Sáng Dê :)) t k quan tâm lắm xe gì chả thế mấy con xăng giờ còn thấy mấy k,trung_tinh,vui,0.144379,0.29774642,,MAU_THUAN,,,
4658,Đánh thế là quá hay rồi. Tưởng đài với Trung kèo dưới mình à mà chê.,vui,gian_du,0.11712122,0.2978345,,MAU_THUAN,,,
6004,Mai Thế Toàn 1 thanh niên cũng rất cay cú,gian_du,vui,0.04970151,0.29788432,,MAU_THUAN,,,
4779,"Giá như ngày đó cha đừng bỏ mẹ con con theo gái, thì giờ có lẽ con đã khác",hy_vong,that_vong,0.0499207,0.29793715,,MAU_THUAN,,,
8375,Vũ Đại Hải vào hóng hớt đường phố mà xem ai sai nhé rồi bênh,gian_du,trung_tinh,0.059868887,0.29801893,,MAU_THUAN,,,
5696,"Kẻ Mộng Mơ coi phim này chưa, thấy hay lắm",vui,trung_tinh,0.16990042,0.2981281,,MAU_THUAN,,,
9091,Ván 3 đanhs 1 hồi thua luôn,that_vong,trung_tinh,0.15999496,0.29817638,,MAU_THUAN,,,
7765,các bác có thấy ko báo cáo năm nào cũng GDP tăng trưởng đó,gian_du,trung_tinh,0.16034526,0.2982856,,MAU_THUAN,,,
8845,Đức Trần bạn không mệt kh có nghĩa là ngkhac cũng vậy,gian_du,trung_tinh,0.13310397,0.29840425,,MAU_THUAN,,,
864,"Tăng Ngọc bệnh mà, này đáng thương hơn là chế nhạo.",buon,trung_tinh,0.018336982,0.29865247,,MAU_THUAN,,,
1767,xem lâu rồi nhưng đến lúc cần lại lôi ra xem lại,hy_vong,buon,0.024126621,0.29865324,,MAU_THUAN,,,
94,per mới bắt đầu tuần thánh mà chúa ơii,vui,trung_tinh,0.18866207,0.29876268,,MAU_THUAN,,,
2569,Đối với người lớn Đôi khi 10km cũng là xa Quan trọng là có muốn hay ko,trung_tinh,buon,0.09650851,0.298975,,MAU_THUAN,,,
7659,Dương An hề gớm hơn ma,gian_du,trung_tinh,0.12702012,0.2991088,,MAU_THUAN,,,
8535,"Về còn tắm rửa ,đói ăn cơm còn học bài cũ của sáng ngày mai ,làm vài bài tập. Mình may mắn bame kh quá ép buộc trong học tập cứ để con học bth miễn sao cảm thấy đc mà kh bị áp lực quá cao",vui,lo_au,0.012691797,0.2992545,,MAU_THUAN,,,
7479,mày lấy sỏi xếp thành tên dume khôn như tao này .,gian_du,hy_vong,0.07396762,0.299529,,MAU_THUAN,,,
1328,Xuân Nghĩa xem mấy phim ngta rạch chỗ ngực đk? rạch xong còn cắm cái ống vào chỗ rạch.,gian_du,trung_tinh,0.1495731,0.29962113,,MAU_THUAN,,,
2417,"Mình đã gặp 1 bạn k có nhan sắc nên chỉ dám đeo khẩu trang,ai kêu cũng k mở,cũng 3 năm r,cho tới lúc cô kêu mở,bạn ấy chạy ra khỏi cửa nhưng bị cô ép mở ra……",trung_tinh,buon,0.026087934,0.29962707,,MAU_THUAN,,,
2828,cậu quên lời hứa của chúng ta rồi sao,gian_du,trung_tinh,0.094608046,0.29972082,,MAU_THUAN,,,
6744,Xót thương Ngủ ngon nhé cô gái xinh đẹp,buon,hy_vong,0.047789823,0.29993692,,MAU_THUAN,,,
3968,t ngắm người yêu tao cười mà càng ngắm tao càng yêu lúc giận cơ nhìn muốn cắn cho mấy phát tao bị cuồng người yêu rồi cái,hy_vong,that_vong,0.060482096,0.30014494,,MAU_THUAN,,,
7797,per chơi với con trai riết nên giờ đéo có người yêu nổi vì tính tình không khác gì con trai,trung_tinh,that_vong,0.08136104,0.30014953,,MAU_THUAN,,,
7375,Myru Brett Nguyen no cũng chết,buon,trung_tinh,0.032936547,0.3001759,,MAU_THUAN,,,
9877,per ta nguyện nằm im,hy_vong,trung_tinh,0.06722999,0.3006791,,MAU_THUAN,,,
2376,móe . con nhện . cười đau cả ruột .,vui,buon,0.1301248,0.30073136,,MAU_THUAN,,,
6662,trời đánh tránh miếng ăn,that_vong,trung_tinh,0.14224674,0.3008654,,MAU_THUAN,,,
10099,mấy bạn làm s hiểu dc cgiac của chúng tôi chứ?,that_vong,trung_tinh,0.13100798,0.30093363,,MAU_THUAN,,,
1782,"Người có tâm thì làm việc gì cũng có tâm dù là nhỏ nhất, và dĩ nhiên sự trung thực và trách nhiệm cao luôn được đền bù xứng đáng.",trung_tinh,hy_vong,0.17452008,0.30100566,,MAU_THUAN,,,
2189,21 năm chưa crush ai thì có gọi là ế thâm niêm không hả các bác,vui,gian_du,0.028296508,0.3013108,,MAU_THUAN,,,
7725,vậy nên cứ lờ đi mà sống tiếp,buon,hy_vong,0.032903526,0.30142874,,MAU_THUAN,,,
2122,giọng không nhìn màn hình tao tưởng là ông bà già nào trên 60 tuổi đang nói á .,trung_tinh,vui,0.10259858,0.30146277,,MAU_THUAN,,,
2870,Như vậy là có tội đó nghen Papa's Chicken . Hạ độc người Việt chúng tôi phải không,gian_du,vui,0.041504793,0.30153066,,MAU_THUAN,,,
9817,Cũng từng mà ko nhìu thế 3hay 4 tiếng thôi mà trời mưa to sấm😅 đêm rồi,trung_tinh,that_vong,0.12923205,0.30158526,,MAU_THUAN,,,
3036,Bỏ phim từ lúc đó luôn,that_vong,trung_tinh,0.121957086,0.30169827,,MAU_THUAN,,,
111,Nói là phục hồi sau chiến tranh thì đối với t chỉ có Việt Nam là nhanh nhất TG thế thôi,vui,trung_tinh,0.088982046,0.30179238,,MAU_THUAN,,,
325,Lê Hồng Nhung haloween cho hoá trang xuống hòm,hy_vong,trung_tinh,0.13069378,0.30186176,,MAU_THUAN,,,
7957,tên thì tất nhiên nhớ nhưng ngày sinh của tao thì ông bà bô nhà tao không một ai nhớ cả ^^,that_vong,vui,0.039061725,0.3019879,,MAU_THUAN,,,
2564,Nguyen thế mà xe xếp hàng để lên bà nà ấy bác,gian_du,trung_tinh,0.16230553,0.30202073,,MAU_THUAN,,,
4225,hôm nay ol đến đây thôi dume 😑,trung_tinh,that_vong,0.04486734,0.30202684,,MAU_THUAN,,,
7801,"Trần Bắc em 92 cũng vẫn học lớp lá, lớn hơn chút thì mới được học nhà xây",that_vong,trung_tinh,0.15724605,0.3020494,,MAU_THUAN,,,
4873,"Các dì vẫn luôn tự hào có đứa cháu lớn phổng hơn người, xinh đẹp , ngoan ngoãn và tràn đầy năng lượng ! Em là nàng tiên được giáng xuống ở với bố mẹ ! Em ở trọ trần gian giờ em đi thôi ! Vẫn thương nhớ em mãi 💚",buon,hy_vong,0.15548557,0.3021207,,MAU_THUAN,,,
4166,"tưởng chỉ có trong phim thôi chứ , nay chơi vậy luôn à",vui,trung_tinh,0.0374231,0.30225644,,MAU_THUAN,,,
8503,"muốn tố cáo phòng khám, thì liên hệ ai vậy mọi người",gian_du,trung_tinh,0.12005111,0.3022927,,MAU_THUAN,,,
10057,khi nào tao thấy thích . mà thích rồi chưa có người thích cùng .,that_vong,trung_tinh,0.17044063,0.30263788,,MAU_THUAN,,,
4422,có người yêu thì vẫn ăn bánh trung thu nhé . bánh trung thu là thứ tồn tại duy nhất . có em hay không không quan trọng,buon,hy_vong,0.03834828,0.3027174,,MAU_THUAN,,,
2701,Hoa Dại iu thương zu chưa,buon,vui,0.06155512,0.30308264,,MAU_THUAN,,,
6089,thay đổi chóng mặt,trung_tinh,vui,0.074615546,0.30312175,,MAU_THUAN,,,
2545,mấy thanh niên đi xong về có yêu nhau không nhỉ ?,vui,trung_tinh,0.03272264,0.30314595,,MAU_THUAN,,,
1756,"Thanh Kim Huyền hạn chế cho nấm ăn thạch chị ơi, cho ăn thì mớm nhỏ chứ k để tự ăn đc",lo_au,trung_tinh,0.06733943,0.30329794,,MAU_THUAN,,,
1234,"Ty Thanh Vo à không. Mình đang không nói đến sự kiện mà chỉ đang mô phỏng lại diễn biến nội tâm của anh chồng thôi ạ. Có thể đúng, có thể sai ạ ^^",trung_tinh,hy_vong,0.19535287,0.3034942,,MAU_THUAN,,,
1882,Chắc các cháu uống nhầm thuốc rồi,lo_au,trung_tinh,0.08564705,0.30371052,,MAU_THUAN,,,
9700,càng nhìn tấm ảnh càng thấy thương cha mẹ nhiều hơn,trung_tinh,buon,0.08352192,0.30372056,,MAU_THUAN,,,
4685,cẩn thận quá cô ơi,lo_au,vui,0.04045649,0.3037606,,MAU_THUAN,,,
1044,"Thiện tai thiện tai, các cụ đừng phóng xinh nữa nhé, để tiền mua chim cho mọi người nghèo ý, mấy năm nay các cụ phóng xinh nhiều quá lên sắp hết chim rồi",gian_du,hy_vong,0.06766716,0.3038054,,MAU_THUAN,,,
5839,Đặng Văn Vinh tao sắp đẻ tao nói dùm oke,trung_tinh,gian_du,0.18991958,0.3041719,,MAU_THUAN,,,
7489,Ruby Duong giờ nói sao giờ,gian_du,trung_tinh,0.13222805,0.3042447,,MAU_THUAN,,,
6684,Nhiều khi bận hoặc quên cầm máy shipper gọi nhiều cuộc m k nghe lúc sau nhận hàng cảm thấy ấy náy có lỗi lắm luôn mà quê tui thời điểm nắng nóng 39 40 độ đấy mà có mấy lần nói chuyện với bà chị hơi quen chuyên gia bùng bom ship đem đồ đến thử chán chê bắt ng ta đợi nửa tiếng rồi trả hàng trong khi nhiều món đẹp vđ ra và bây h tui vẫn đợi 1 ngày bã bị nghiệp nó quật,hy_vong,gian_du,0.021428399,0.30436337,,MAU_THUAN,,,
3855,Thời mạt pháp,that_vong,trung_tinh,0.10799031,0.30511525,,MAU_THUAN,,,
9689,thật là một sự mỉa mai,that_vong,trung_tinh,0.08526715,0.30520517,,MAU_THUAN,,,
2939,Hoài Chinh cùg nhau xem đyê,vui,trung_tinh,0.0801788,0.30529976,,MAU_THUAN,,,
2800,Ai rồi cũng bị buộc phải lớn,buon,trung_tinh,0.0457969,0.30532554,,MAU_THUAN,,,
2338,biết thế ngày xưa mua bitcoin 💀,buon,trung_tinh,0.044910416,0.30605108,,MAU_THUAN,,,
2972,"Chắc anh chàng tạ ơn người đã rước giúp cục nợ đời của anh ấy! Ôi! Nhẹ cả người, từ nay về sau k phải cày cục để nuôi loại người bạc nghĩa này nữa! 🙏🙏",vui,buon,0.023559852,0.30611256,,MAU_THUAN,,,
2979,"Scarlett Lovemình nghe nói tư bản ngày càng thâm nhập sâu vào vn qua các cuộc thi hoa hậu đc tổ chức liên tục gần đây, và điều này lâu dài sẽ ảnh hưởng tiêu cực đến vn, điều này có đúng không bạn?",lo_au,trung_tinh,0.062476706,0.30653274,,MAU_THUAN,,,
430,Nhìn tội chu wa nam mô bổn sư thích ca mâu ni phật nam mô a di đà phật nam mô đại từ đại bi kim sơn phật,buon,hy_vong,0.03650047,0.30661556,,MAU_THUAN,,,
216,em thấy nó đúng đấy chứ,vui,trung_tinh,0.14896129,0.30665815,,MAU_THUAN,,,
4482,chủ tịch đi nặn mụn ở tai và cái kết khóc thét,vui,buon,0.053176746,0.30677503,,MAU_THUAN,,,
3299,per bữa cuối nó ngồi chỗ đó nhìn mà khóc còn cuối khoá thì bth,buon,trung_tinh,0.03565293,0.30733728,,MAU_THUAN,,,
6031,tao sẽ chỉ tự an ủi là đấy chỉ có trong phim truỵên ngôn tình,that_vong,hy_vong,0.12394278,0.3076965,,MAU_THUAN,,,
5859,Giờ vẫn vậy á kk,trung_tinh,vui,0.16582146,0.30771804,,MAU_THUAN,,,
764,Ng ta nói khi yêu màu Hồng lấy về màu đen đó quý zị,that_vong,vui,0.05545831,0.3081264,,MAU_THUAN,,,
9188,chia sẻ nhiều trang vào,trung_tinh,hy_vong,0.24617715,0.30815637,,MAU_THUAN,,,
8850,🇻🇳🇻🇳🇻🇳🇻🇳Việt Nam muôn năm,vui,trung_tinh,0.16123617,0.30815682,,MAU_THUAN,,,
4900,diệu kì quá,vui,gian_du,0.121350445,0.30850708,,MAU_THUAN,,,
9872,con gái không phải là người tham tiền tham trai đẹp tham này nọ đâu nhé ... chẳng qua họ cần tìm chỗ dựa thôi .,gian_du,trung_tinh,0.15345837,0.30865633,,MAU_THUAN,,,
6362,đeo khẩu trang +100 tự tin,hy_vong,trung_tinh,0.18302923,0.30866462,,MAU_THUAN,,,
4815,Hô Bảo Nghĩa bỏ công an 30km & 5s sau khi bị bắt là đủ biết đẳng cấp,vui,trung_tinh,0.024929715,0.30872202,,MAU_THUAN,,,
4512,bây h trông cho tới rằm vs m1 kiếm tiền thôi,hy_vong,trung_tinh,0.047935616,0.30887973,,MAU_THUAN,,,
3258,thật ra là nó muốn kiếm em gái anh trai mưa đấy,vui,trung_tinh,0.14200662,0.30892727,,MAU_THUAN,,,
8732,Trà Nguyễn trong cmt đó má,trung_tinh,gian_du,0.1263472,0.30901045,,MAU_THUAN,,,
2092,"Đường luôn ở dưới chân ta. Nếu k bt đường ở đâu thì ngươi chưa tin vào bản thân, chưa hiểu bản thân. Để r khi chọn sai r hối hận cũng đã muộn",trung_tinh,that_vong,0.09375142,0.30902457,,MAU_THUAN,,,
2208,Bọn này là 👿 dương nhân quả sẽ đến sớm,lo_au,trung_tinh,0.03187356,0.30906355,,MAU_THUAN,,,
9414,gặp tao thì tao khinh,gian_du,trung_tinh,0.07516308,0.30910245,,MAU_THUAN,,,
1575,sắp được cống hiến cho tổ quốc rồi . vui quá ...,vui,that_vong,0.03573159,0.30936992,,MAU_THUAN,,,
7272,cảm giác phản bội,that_vong,vui,0.033465456,0.30937272,,MAU_THUAN,,,
235,Khánh Linh nhìn giống biểu tượng trong thang máy nay tui gặp quá,vui,lo_au,0.103642166,0.30949664,,MAU_THUAN,,,
3149,"Bella Bích đôi khi xin vía tài lộc còn dễ hơn xin vía làm to ,vì xin cũng có đc đâu mà xin chi cho mệt .",that_vong,hy_vong,0.10620742,0.30952498,,MAU_THUAN,,,
4193,Trương Đình Phước vứt vào thùng rác là để chứng minh không phải tài xế cấu kết gian lận ứng dụng.,trung_tinh,gian_du,0.17406647,0.3096307,,MAU_THUAN,,,
4518,lại là câu chuyện 1 chút bệnh thành tích của phụ huynh,that_vong,trung_tinh,0.16234101,0.3096408,,MAU_THUAN,,,
3662,"ai cũng có một vài khuyết điểm, bạn càng tự ti ngkh càng biết cách làm tổn thương bạn",trung_tinh,buon,0.0222943,0.30966213,,MAU_THUAN,,,
616,"Mừng cho con, chúc con mau bình phục",hy_vong,gian_du,0.05651295,0.30976808,,MAU_THUAN,,,
7745,2025 vẫn xem,trung_tinh,hy_vong,0.10601906,0.30980343,,MAU_THUAN,,,
2904,bố mẹ là những người yêu ta vô điều kiện ...,trung_tinh,buon,0.10188649,0.30985683,,MAU_THUAN,,,
2999,"bạn vẫn là cậu bé thì không sao. Đàn ông không khóc, họ lao vào vấn đề và giải quyết nó... có khi họ khóc khi nhìn thấy cái đẹp và bia thôi",vui,that_vong,0.018843252,0.30993602,,MAU_THUAN,,,
7502,thiết kế vậy tiện . nào hư của xe thì lấy của quạt gắn vào đỡ mất tiền thay,vui,gian_du,0.030662784,0.30999923,,MAU_THUAN,,,
6199,Nằm nghiêng qua 1 bên 🙂 cứ có cảm giác bên còn lại còn 1ng nữa 🙂,vui,that_vong,0.030087389,0.31029183,,MAU_THUAN,,,
2840,Mẹ vội quá đây mà,trung_tinh,buon,0.03331975,0.3103035,,MAU_THUAN,,,
4118,tao thì muốn là đéo bao giờ . nhưng mẹ tao thì muốn ngay bây giờ,hy_vong,gian_du,0.06174457,0.31042045,,MAU_THUAN,,,
9801,đi lỗi phụ ấy . chắc bọn tao gần đấy mới biết nhiều lối phụ không tắc,trung_tinh,gian_du,0.19570082,0.31053278,,MAU_THUAN,,,
4404,bọn dân trí thấp tưởng thế là hay .,gian_du,vui,0.07032608,0.31062156,,MAU_THUAN,,,
1145,vô địch awc 2019 nx,vui,trung_tinh,0.09092155,0.31081307,,MAU_THUAN,,,
1013,vừa đây về đông kinh hồn càng về đêm càng đông,lo_au,trung_tinh,0.15399116,0.31099617,,MAU_THUAN,,,
1295,"Vì anh nói rất thích đọc comment và luôn đọc hết comment nên em xin phép comment để nói rằng kênh youtube của anh quá là tuyệt vời lun ạ. Em xem video đầu tiên của anh khi học năm nhất để viết essay về financial crisis 2007-08. Giờ năm cuối sắp ra trường, đang apply công việc và gặp nhiều thất bại, trải qua nhiều sự thất vọng huhu nên khi xem video nè em thấy được motivate lắm ạ. Cảm ơn anh vì bài học về sự kiên trì, dám nghĩ dám làm ạ. Em chúc anh luôn hạnh phúc vui vẻ để ra nhiều video nha",that_vong,hy_vong,0.1089055,0.31121546,,MAU_THUAN,,,
369,làm đéo gì có ai nói chuyện thân thiết với tao đâu mà,gian_du,trung_tinh,0.15504405,0.31126857,,MAU_THUAN,,,
1270,Rụt rè xuất phát từ sự tự ti. Vậy điều gì làm bạn tự ti thì đi giải quyết chúng.,trung_tinh,buon,0.030169321,0.31127346,,MAU_THUAN,,,
1176,Mỗi lần nghe bài hát này và những tin tức về VN nổi cả da gà vì tự hào!,vui,buon,0.17335404,0.31135246,,MAU_THUAN,,,
712,Ko có ragnar sao,that_vong,trung_tinh,0.11679227,0.31184798,,MAU_THUAN,,,
4477,Sao mn k nghĩ là cay quá nên đặt tên như vậy. Mai sau mắng con cũng là mắng nyc nhỉ,gian_du,hy_vong,0.04076915,0.31187734,,MAU_THUAN,,,
5929,bài này quen quen,trung_tinh,vui,0.050547358,0.3118959,,MAU_THUAN,,,
7954,chủ thớt sấp mặt rồi,buon,trung_tinh,0.021656122,0.31202847,,MAU_THUAN,,,
7982,có lẽ vậy là tốt nhất,hy_vong,trung_tinh,0.0877415,0.31203184,,MAU_THUAN,,,
7018,Phương Thảo ơ ngta có nói địa chỉ đâu =))) ông con trai ở hp thì đúng rồi còn gì,vui,trung_tinh,0.10172255,0.31203586,,MAU_THUAN,,,
6466,Lê Thảo đang yêu đời coi cho trầm cảm nè keo,buon,trung_tinh,0.024443533,0.3120618,,MAU_THUAN,,,
906,anh nói vậy với em lần nửa đi,gian_du,hy_vong,0.021827487,0.31229442,,MAU_THUAN,,,
168,giá như có thể quay ngược thời gian 🥹,buon,hy_vong,0.20949146,0.31241,,MAU_THUAN,,,
80,Xin chia buồn cùng gia đình. Mong sự thật sẽ sớm được sáng tỏ Phương nà,hy_vong,buon,0.25348878,0.31243572,,MAU_THUAN,,,
8213,"Hồi xưa mình học lớp nhà lá, lúc mưa cả lớp vội cất sách vào túi bóng với ngăn bàn vì mái nhà dột khắp nơi",trung_tinh,buon,0.023408592,0.31257778,,MAU_THUAN,,,
5194,ước mơ tao 🙂 chỉ có thể sao chép lại và tao lên màu cực xấu !,that_vong,hy_vong,0.1847508,0.31266052,,MAU_THUAN,,,
8748,tao còn phải đợi 3 tháng nữa là đủ 1 gia đình nhỏ rồi,hy_vong,trung_tinh,0.13356437,0.31277213,,MAU_THUAN,,,
3504,nói câu trước đá câu sau vẫn là sai bét đúng không cả nhà,that_vong,trung_tinh,0.12164018,0.31296918,,MAU_THUAN,,,
9401,Tôi là người Campuchia tôi mong atr nói sao cho vừa hai bên,hy_vong,gian_du,0.041985996,0.31297055,,MAU_THUAN,,,
9892,Chỉnh sửa ảnh Free đàn bà mới đẻ xác nhận không nhạy cảm bằng nha,trung_tinh,gian_du,0.12227963,0.31298763,,MAU_THUAN,,,
1470,quay lip miệng chửi liên tục còn đăng mạng cho mọi người biết ... hài .,vui,gian_du,0.04767022,0.3130483,,MAU_THUAN,,,
2171,"giờ mà quay lại cái thời đi học , tao thề không ngoan nữa mà sẽ bỏ học đi chơi vài bữa",hy_vong,gian_du,0.024608219,0.31314322,,MAU_THUAN,,,
3836,Hieu Dao biet truoc r chu,that_vong,trung_tinh,0.10761353,0.31333768,,MAU_THUAN,,,
433,"""nhan sắc là gì? chỉ có lớp da mỏng manh thôi, thứ qutrong là tâm hồn thuần khiết.....""",hy_vong,buon,0.07905048,0.31345725,,MAU_THUAN,,,
5990,"em rất duyên , và có khiếu hài hước , nhìn mặt em thôi là chị đã muốn cười , ba mẹ chửi mà vẫn vui tươi như vậy thì đáng khích lệ mà , sao nhiều người bình luận nặng lời thế không biết , chỉ là vui thôi mà",vui,that_vong,0.016623542,0.3135125,,MAU_THUAN,,,
3755,"sao phải ngại nhở, các cậu có làm gì sai hay phạm Pháp thì mới ngại chứ bố mẹ sinh ra lành lặn bình thường mắc gì phải ngại? và chả có ai là không đẹp cả, chỉ có người không biết mình đẹp ở đâu và",hy_vong,gian_du,0.038163435,0.3136332,,MAU_THUAN,,,
4174,Bắc Bún chó vs chả má xin video cs bro ơiii,vui,gian_du,0.113379434,0.31363627,,MAU_THUAN,,,
2036,"Chu Diệp Anh con diễn thật tuyệt vời. Ánh mắt, biểu cảm khiến người xem ko thể ko rơi nước mắt. Chúc mừng con.",vui,buon,0.11138843,0.3136514,,MAU_THUAN,,,
5959,làm sao tôi có thể yêu được loài người đây ???,gian_du,trung_tinh,0.04108545,0.3136755,,MAU_THUAN,,,
1209,"Hay rồi anh Khánh ơi , về thôi",trung_tinh,vui,0.14812249,0.31391603,,MAU_THUAN,,,
2504,vợ chồng đã hiểu và sống tốt . thì với tôi ngày nào cũng là ngày tao / y .,hy_vong,trung_tinh,0.087299965,0.31401724,,MAU_THUAN,,,
8674,mấy góc cầu bị bể là thành quả của mấy đứa mập chân ngắn để lại à ....,trung_tinh,gian_du,0.10661789,0.3140738,,MAU_THUAN,,,
9031,đáng nhẽ nên làm việc này từ sớm . chứ hàn quốc họ làm từ lâu rồi ạ,that_vong,trung_tinh,0.14076449,0.31412613,,MAU_THUAN,,,
6346,"đừng để râu , móng tay cắt gọn gàng . nếu mà thơm nữa thì 8d chuẩn mẹ rồi",trung_tinh,gian_du,0.082498744,0.31420594,,MAU_THUAN,,,
5435,Hồng Phạm cuộc đời toàn cứt vs đái ko vậy,gian_du,trung_tinh,0.17993331,0.31446883,,MAU_THUAN,,,
2989,"gắng , nhanh khỏi bệnh rồi về bên anh",hy_vong,trung_tinh,0.14685954,0.31449315,,MAU_THUAN,,,
3415,năm nay được nhận hoa và được ngồi nhìn người ta hạnh phúc,that_vong,vui,0.042927284,0.3146154,,MAU_THUAN,,,
324,Hằng Nhi làm gì đc nó mà tới công chuyện,gian_du,trung_tinh,0.19239011,0.3147018,,MAU_THUAN,,,
9947,nghe em giải thích….,hy_vong,buon,0.10680209,0.31473058,,MAU_THUAN,,,
3506,Đức Nam Hà bố cho quần vàng đi coi i,hy_vong,trung_tinh,0.1777256,0.3147449,,MAU_THUAN,,,
3055,2 tên sủa giống nhau đêm đêm thì rủ nhau hú ??,gian_du,trung_tinh,0.07939184,0.31496787,,MAU_THUAN,,,
2717,tất cả mọi người đều không có được hoàn hảo?? tôi cũng vậy bạn cũng vậy?? chỉ là qua mấy cái app chỉnh sửa và trang điểm? so đo với mặt mộc thì tất cả mọi người đều bằng nhau.,hy_vong,gian_du,0.055779476,0.3150615,,MAU_THUAN,,,
1188,Đi xem chug nè,hy_vong,trung_tinh,0.17361902,0.31573656,,MAU_THUAN,,,
8794,một buổi 8 con nhiêu ghê,gian_du,trung_tinh,0.06884058,0.31581253,,MAU_THUAN,,,
7334,mày chuẩn bị ra rìa rồi con,gian_du,trung_tinh,0.03798077,0.31591815,,MAU_THUAN,,,
2049,Phan Thế Anh chơi đồ thì phải chết thôi chứ seo,that_vong,trung_tinh,0.087414496,0.31609118,,MAU_THUAN,,,
5304,Ráng đẻ thêm 1 đưa con trai r mình đặt ten nyc cho con.,hy_vong,that_vong,0.06513205,0.31612623,,MAU_THUAN,,,
7530,hối hận qua nhiều thứ.ước j thời gian quay trở lại,hy_vong,buon,0.22754017,0.31635845,,MAU_THUAN,,,
8071,phải bồi thường thiệt hại bị trầy xước thân tàu . tiền sơn lại mấy toa tàu chắc cũng bộn .,trung_tinh,that_vong,0.109461635,0.31643894,,MAU_THUAN,,,
7586,Thôi về quê đi cho lành,that_vong,trung_tinh,0.04223394,0.31651366,,MAU_THUAN,,,
8257,Hồ Nguyễn Thông bất hiếu là tội lớn nhất của đời người đó,gian_du,trung_tinh,0.12282517,0.31691474,,MAU_THUAN,,,
9403,per cấm dừng đỗ đâu cụ thớt ???,gian_du,trung_tinh,0.2141873,0.31711787,,MAU_THUAN,,,
8134,Đâu cứ phải là cam pu chia vì người thời đó rất thưa thớt chỉ vì kinh đô nằm ở đất cam thôi,trung_tinh,that_vong,0.16130313,0.3173648,,MAU_THUAN,,,
6784,chuẩn nếu 11 năm về trước chín chắn hơn chọn đúng thì ngày hôm nay có khi ...lại yên ổn,buon,hy_vong,0.03065056,0.31764862,,MAU_THUAN,,,
9070,Mong các con sau này thương nhau dù đứa nghèo đứa giàu cũng đùm bọc nhau.vì bố mẹ không bên các con mãi.bố mẹ già mất đi hoặc chẳng may mất đi các con là chỗ dựa của nhau là mừng rồi.,hy_vong,that_vong,0.10828886,0.31780052,,MAU_THUAN,,,
7050,t chưa bh hối hận về những j t chọn làm t làm,trung_tinh,buon,0.09347027,0.31781727,,MAU_THUAN,,,
3042,đây chính là lý do tao giảm cân toàn thất bại,that_vong,trung_tinh,0.20038193,0.31809866,,MAU_THUAN,,,
4115,Dung Phung gái có công thì chồng khg phụ Yên. Tâm. Đi.,hy_vong,trung_tinh,0.13940421,0.31832725,,MAU_THUAN,,,
2670,"tôi không tỏ tình crs, k kịp nói do nhà tôi chuyển nhà gấp :"")",buon,trung_tinh,0.042622097,0.31862321,,MAU_THUAN,,,
8266,"Tuỳ hoàn cảnh sống của mỗi người sẽ quyết định dộ dày của da mặt họ. M mới 18t nên chưa trải sự đời nhiều nên có lẽ một vài thất bại sẽ khiến m yếu đuối. Nhưng khi m ra đời m trải qua nhiều thăng trầm thì m muốn khóc cũng sẽ k có nước mắt mà khóc Có thể hiện tại m yếu đuối, nhưng sau này m có thể trở nên lỳ hơn, mạnh mẽ hơn",that_vong,hy_vong,0.09922796,0.3187404,,MAU_THUAN,,,
8046,Sa Rang bây giờ mới xin thì muộn rồi. Xin cho con thì được,that_vong,trung_tinh,0.15097323,0.3188687,,MAU_THUAN,,,
710,Tiền mà ra,that_vong,trung_tinh,0.11899664,0.31900877,,MAU_THUAN,,,
4270,Theo điều ABC BLHS bạn có thể kiện dám lấy hình ảnh riêng tư phát tân trên mạng,gian_du,trung_tinh,0.07135725,0.31924453,,MAU_THUAN,,,
8710,Lễ Trần á lại cay,gian_du,trung_tinh,0.19901246,0.31934184,,MAU_THUAN,,,
4053,khẩu trang là thứ ko thể thiếu khi ra ngoài.. tự ti chính bản thân mik ^^,buon,hy_vong,0.21868871,0.3195674,,MAU_THUAN,,,
9115,Ai cũng bắt đầu từ đâu đó mà 🫂,hy_vong,trung_tinh,0.0417693,0.31961623,,MAU_THUAN,,,
3591,nhìn lại giờ đéo biết vì sao ngày xưa mình đỗ đại học,trung_tinh,gian_du,0.05664607,0.31968024,,MAU_THUAN,,,
2346,đi chơi còn bỏ quên cả não ấy,gian_du,trung_tinh,0.10085619,0.3200238,,MAU_THUAN,,,
3387,"Về nhan sắc, khó có thể có quy định cụ thể lắm bạn. Tiêu chuẩn cái đẹp của 20 năm trước và giờ cũng khác nhau. Chỉ cần ưa nhìn trong mắt mình thì có thể đc coi là đẹp rồi. Kể cả trong cùng 1 thời điểm, nhiều idol đẹp trong mắt ng này nhưng trong mắt ng khác lại ko đẹp.",trung_tinh,hy_vong,0.14214557,0.32020277,,MAU_THUAN,,,
7026,@ladycarecoin Đọc sách không thôi sẽ không phải là lối thoát. Áp dụng hành động sửa chữa những kiến thức từ sách mới thực sự là lối thoát,hy_vong,trung_tinh,0.18353403,0.32046375,,MAU_THUAN,,,
3187,"mình có nghe được một câu nói ""nếu như có một cô gái xinh đẹp tự ti thì là do quá khứ họ bị chê bai quá nhiều."" dù rằng ngoại hình thay đổi, nhưng những vết xước đó chẳng thể nhòa dc",trung_tinh,buon,0.04622659,0.320548,,MAU_THUAN,,,
460,t k có bạn👍,buon,trung_tinh,0.05764033,0.3205962,,MAU_THUAN,,,
8858,thật ra nhiều lúc bị bố mẹ chửi không hiểu vì lí do gì và những câu chửi ấy có những từ không chấp nhận nổi,gian_du,trung_tinh,0.07195636,0.320835,,MAU_THUAN,,,
7543,chẳng là cái gì cả,gian_du,trung_tinh,0.11601869,0.320948,,MAU_THUAN,,,
3519,Nguyễn Tuấn Kiệt ô là đọc ko kỹ rồi. Ở các điểm sạc của vin nó chỉ được sạc nhanh chứ k sạc được loại sạc chậm 11kw. Còn muốn sạc ở nhà thì mua riêng dây sạc khác giá từ 4-6tr là dùng bt điện lưới ở nhà chứ k cần 3 pha luôn,that_vong,trung_tinh,0.15336446,0.32166523,,MAU_THUAN,,,
8029,"đi hát văn nghệ cho trường nguyên cấp 1 , kiếm được kha khá . cấp 2 vỡ giọng , khỏi hát",buon,trung_tinh,0.033430584,0.32183632,,MAU_THUAN,,,
5748,"Em thường hay ngủ khi buồn, stress<br>Nhưng có lúc ngủ dậy nhận tin buồn phiền nó buồn 1 cách tỉnh táo luôn",trung_tinh,buon,0.023119975,0.32186806,,MAU_THUAN,,,
7577,T mà thân vs ai t nói hơn cái máy còn k thân nch kiểu ngượng lém,trung_tinh,gian_du,0.023726106,0.32207847,,MAU_THUAN,,,
8976,Tuy tôi ko đẹp nhưng tôi vẫn rất tự tin …,hy_vong,buon,0.17759754,0.3221367,,MAU_THUAN,,,
7691,"Minh Tấn ngày trước thì làm liền, chứ giờ thì phải 1 thời gian mới nữa lồng ghép nhẹ vào cơ ;))",trung_tinh,vui,0.12412926,0.3222806,,MAU_THUAN,,,
7363,xin lỗi đây mình vẫn nấu nhé,trung_tinh,buon,0.053787954,0.3223148,,MAU_THUAN,,,
4761,per bữa nào làm thử mày,vui,trung_tinh,0.12926972,0.3224855,,MAU_THUAN,,,
5891,phải rọ mõm chủ mới đúng,gian_du,trung_tinh,0.19492279,0.32265207,,MAU_THUAN,,,
619,"nó sẽ ra cái ốp , lo gì thiếu đồ chơi",hy_vong,gian_du,0.079420984,0.32273233,,MAU_THUAN,,,
185,@thèm mỳ cay🍜 thiệt bà ngại lắm,hy_vong,gian_du,0.028485596,0.32274348,,MAU_THUAN,,,
3540,cho nó ăn rau má đi,trung_tinh,gian_du,0.15549272,0.32282588,,MAU_THUAN,,,
7728,Vấn đề kỹ năng,gian_du,trung_tinh,0.14610466,0.32288426,,MAU_THUAN,,,
10142,"Tội nghiệp con quá, được sống trong vòng tay yêu thương của ba mẹ chưa được bao lâu thì đã mất,mong con an nghỉ nhé và kiếp sau con sẽ được hạnh phúc nhiều hơn nữa nha",buon,hy_vong,0.25331903,0.3231157,,MAU_THUAN,,,
6484,"bạn bè nói chuyện cũng chụp post facebook , vui không ?",gian_du,trung_tinh,0.08676695,0.32341337,,MAU_THUAN,,,
9094,tận cùng của tan vỡ ah có biết là gì không ?,that_vong,trung_tinh,0.18319835,0.32342383,,MAU_THUAN,,,
6530,Trọng Anh Nguyễn làm đơn cho chúng nó đi hết đi a ạ,gian_du,trung_tinh,0.12957166,0.32354778,,MAU_THUAN,,,
9502,"thâ ̣ tao ra thi ̀ nê ́ u 1 thă ̀ người con trai no ́ yêu mày va ̀ coi tro ̣ người mày , câ ̀ n mày thi ̀ mày co ́ qua ́ i thai thê ́ na ̀ o no ́ cu ̃ người chi ̣ u đươ ̣ c va ̀ cô ́ gă ́ người la ̀ mày mày vui 🙂",trung_tinh,gian_du,0.18235755,0.32358173,,MAU_THUAN,,,
9135,Sách hồi đó nó ko hổ lốn như bây giờ,that_vong,trung_tinh,0.16513972,0.32360017,,MAU_THUAN,,,
7029,Bạn này cũng k xinh xuất sắc như mn khen. Về diễn xuất thì mình cũng k ý kiến vì k có chuyên môn. Qđ cá nhân thì thấy bạn này cũng xinh bình thường thôi.,trung_tinh,that_vong,0.08694005,0.32383996,,MAU_THUAN,,,
1069,Mới xem video cầu hôn xong.,vui,buon,0.19933066,0.32421166,,MAU_THUAN,,,
2222,"A vision có mỗi cái nhà ở Hàng Điếu cho thuê, cũng chỉ đủ ăn qua ngày ý các bạn",that_vong,trung_tinh,0.09721055,0.32424054,,MAU_THUAN,,,
2552,ồ ! rất nhớ !,hy_vong,buon,0.03953748,0.32425988,,MAU_THUAN,,,
412,ai thử rồi cho xin tấm hình cái coi nào,trung_tinh,hy_vong,0.16450359,0.32427967,,MAU_THUAN,,,
7590,"sao giống chị vậy hai em, hai em có phước hơn chị, chị còn có hai con còn nhỏ đó em",that_vong,hy_vong,0.08428274,0.32448083,,MAU_THUAN,,,
7913,Kim Ngân xem thử hk 🙄,hy_vong,trung_tinh,0.12287985,0.3247638,,MAU_THUAN,,,
1579,"Có 2 giấc mơ nữa cũg thành sự thật 😌 mà nó k ướt đẫm như này , nó díh díh",hy_vong,that_vong,0.066284664,0.3247984,,MAU_THUAN,,,
7569,Nguyên Phạm người trong cuộc hiểu người trong kẹt quá héng,trung_tinh,vui,0.14606078,0.32488367,,MAU_THUAN,,,
8694,may cho mày con nhà gia đình khá . chứ nghèo như tao khổ rồi .??,trung_tinh,gian_du,0.042054016,0.32510018,,MAU_THUAN,,,
3685,Còn người....còn của... Thế là may rồi !,hy_vong,gian_du,0.045911696,0.32513115,,MAU_THUAN,,,
3263,🙂 bữa nhàn sắc tớ xấu họ luôn trêu tớ giờ tớ cũg xấu nhưng tớ lại suy nghĩ khác và bít nói lại ngta,vui,that_vong,0.036115,0.32524365,,MAU_THUAN,,,
1296,Vănn Bội nìm hi vọng mỏng manh những vẫn hi vọng kh phải sự thật 🙏🏻,hy_vong,that_vong,0.05635129,0.32525334,,MAU_THUAN,,,
3331,mấy vụ giết người chặt xác gần đây ở việt nam toàn là người hiền lành 🤔🤔🤔,lo_au,trung_tinh,0.09558206,0.32534605,,MAU_THUAN,,,
6207,Lắm thế,lo_au,trung_tinh,0.06906068,0.3254707,,MAU_THUAN,,,
5594,mình làm ở sài gòn gặp nhiều bạn ở miền ngoài nhưng thích nghe nhất giọng ở phú yên nghe hay hay sau ah có ai vậy không,vui,trung_tinh,0.06967807,0.3258072,,MAU_THUAN,,,
3223,Kiện ccmnđ chứ,hy_vong,trung_tinh,0.039347865,0.32595587,,MAU_THUAN,,,
8066,"Văn Minh Nguyễn nước nào cũng có các vấn nạn riêng chú ơi dù là giàu mạnh văn hóa cỡ nào tjì đều có mặt trái ,nhìn vào thực tế chung thì VN cũng đã khá hơn trước đây rất nhiều rồi. 5 10 năm trước vẫn khổ lắm chú à. Uy tín visa hạng bét còn k dc đi xklđ nữa ấy chú. Còn để nói về tiêu cực thì rất khó tránh được trong giai đoạn hình thành và phát triển. Ai ý thức dc sốg tốt thì hay cứ cố gắng sống tốt. Ng lãnh đạo cũng khó lắm ,chỉ mong họ cố gắng hết mình vì dân thôi, mong họ toàn diện thì rất khó ,bản thân mình là ng có ý thức tốt mà đôi khi cũng k tránh khỏi sai lầm...",hy_vong,that_vong,0.20001948,0.32629034,,MAU_THUAN,,,
295,chuẩn không cần chỉnh,vui,trung_tinh,0.14769436,0.32645318,,MAU_THUAN,,,
5870,Miêu Đặng ảo thật ấy,vui,gian_du,0.03559293,0.32646644,,MAU_THUAN,,,
2097,"Nếu là mình, đầu tiên mình sẽ check camera xem con ốc đấy nó lấy ra ở đoạn nào. Khiêm tốn, tâm huyết nhưng không được nghi ngờ bản thân.",vui,lo_au,0.042123318,0.32652926,,MAU_THUAN,,,
3702,và đó đéo phải là tao,buon,trung_tinh,0.045602523,0.32659635,,MAU_THUAN,,,
2891,không biết người của họ hay sao mà bắt heo 2 ngày trúng 2 cái ipx,trung_tinh,that_vong,0.14562632,0.32660967,,MAU_THUAN,,,
2179,hứa mà,that_vong,trung_tinh,0.095387176,0.32670254,,MAU_THUAN,,,
2655,Hoàng dừng ngay việc cho Bim ăn chân châu,lo_au,trung_tinh,0.039244626,0.32697773,,MAU_THUAN,,,
4727,"bth, t xấu nhưng chưa bao h quá tự ti về bản thân, làm đ j có ai hoàn hảo đâu ,có ng đẹp nhưng nết kì thì cx vứt, kém sắc mà giỏi thì ai nói j đâu",hy_vong,that_vong,0.06680354,0.3270856,,MAU_THUAN,,,
9542,Vòg tuần tuần hoàn nhỉ. Bắt rồi thả ...hài vcl,gian_du,vui,0.11256605,0.32722914,,MAU_THUAN,,,
8517,Pham Hoang Nam đồng đội b ơi :v,trung_tinh,vui,0.22869766,0.32743683,,MAU_THUAN,,,
6785,1 lần nữa khâm phục e. Đúng 1 năm tôi chia sẻ.,vui,buon,0.039729275,0.32758307,,MAU_THUAN,,,
9859,"thật thà vãi , mà tao chỉ thích ăn xoài chua .",trung_tinh,that_vong,0.08123314,0.32829398,,MAU_THUAN,,,
10182,thấy không có gì hấp dẫn,that_vong,trung_tinh,0.18657066,0.32831755,,MAU_THUAN,,,
7377,Thu Thủy m liệu hồn đó,gian_du,trung_tinh,0.19810085,0.32835343,,MAU_THUAN,,,
7596,Nhìn thương chú quá mong mtq giúp đỡ chú,hy_vong,buon,0.2349962,0.3283865,,MAU_THUAN,,,
7909,"Vụ ở Lào 4/10, vụ này ở Việt Nam 6/11. May mắn hơn Lào là 2 phi công Việt Nam vẫn còn sống. Ps: Bangladesh 5/9, Lào 4/10, Việt Nam 6/11. Con số 4,5,6",that_vong,trung_tinh,0.08906099,0.32854426,,MAU_THUAN,,,
4522,Nghèo mà tình cảm là tốt rồi,hy_vong,that_vong,0.03871105,0.3290516,,MAU_THUAN,,,
5145,1 con ốc cũng có thể gây ra vấn đề về an toàn,lo_au,trung_tinh,0.10752102,0.32920912,,MAU_THUAN,,,
4316,"hướng nội thì có nhiều loại lắm nhưng điểm chung là họ chọn ở một mình để nạp năng lượng, để tự chữa lành bản thân, để được làm chính mình",trung_tinh,hy_vong,0.1713542,0.32926726,,MAU_THUAN,,,
10183,"Bn nói thì đúng đó , nhưng mình lo .",lo_au,trung_tinh,0.061308715,0.3292688,,MAU_THUAN,,,
7117,sau quả sấm sáng cả trời thì gần như toàn khu phố mất điện,trung_tinh,that_vong,0.10581691,0.3292837,,MAU_THUAN,,,
9295,lâu lâu lại mong mất điện để nấu cơm rác . nk mát 1 tí . chứ cứ 42 độ có mà khỏi ăn,hy_vong,that_vong,0.10379078,0.3293158,,MAU_THUAN,,,
2715,"Cơ hội có đầy,khởi nghiệp k giới hain tuổi tác",hy_vong,that_vong,0.013471449,0.32976577,,MAU_THUAN,,,
5584,thế tao mới quyết tâm tìm ra facebook thật của nó để no hết đường lừa các em mới lớn đó,hy_vong,trung_tinh,0.14628601,0.3298368,,MAU_THUAN,,,
7455,Đa phần 1 đi ko trở lại,that_vong,trung_tinh,0.13661967,0.33005965,,MAU_THUAN,,,
2639,per mày này . nhưng mà lúc già sắp chết,vui,gian_du,0.0727948,0.3302424,,MAU_THUAN,,,
4141,chắc làm theo yêu cầu,trung_tinh,vui,0.12161317,0.33031425,,MAU_THUAN,,,
3197,Ko phải đôi khi mà là luôn luôn là thế đi đâu cũng phải nhờ cái miệng mới dễ sống,trung_tinh,hy_vong,0.24821879,0.33042917,,MAU_THUAN,,,
6640,Tiến độ dự án đang chậm hơn dự kiến khiến tôi rất băn khoăn về khả năng hoàn thành.,lo_au,trung_tinh,0.08750116,0.3308596,,MAU_THUAN,,,
7312,"Tước giấy phép rồi ,bao giờ mới đi học lại được vẫy ?",that_vong,hy_vong,0.10013731,0.33103505,,MAU_THUAN,,,
4229,Em rụt rè vì khiếm khuyết của cơ thể. Nếu được như người bình thường chắc tương lai em tươi sáng hơn vì trước đây em rất hoà đồng,hy_vong,buon,0.051548615,0.3314161,,MAU_THUAN,,,
3432,xã hội giờ càng ít nói như tao thì càng ngoan hiền,trung_tinh,that_vong,0.123481415,0.33156076,,MAU_THUAN,,,
3616,tài sản thời bao cấp ...,trung_tinh,that_vong,0.09675382,0.33161956,,MAU_THUAN,,,
7150,cay đắng đến cùng cực và hạnh phúc đến tột đỉnh . chỉ là mình có quyền lựa chọn nó hay không thôi,buon,hy_vong,0.023753393,0.33163393,,MAU_THUAN,,,
4748,Như phim lun má wtf?🙂,vui,gian_du,0.12721828,0.33190027,,MAU_THUAN,,,
1607,phải thế mới hết thối được,trung_tinh,buon,0.10906625,0.332194,,MAU_THUAN,,,
2748,các em thật là vãi,gian_du,trung_tinh,0.080861524,0.33224183,,MAU_THUAN,,,
5342,tại sao mày nằm viện mà vẫn xinh thế ??,vui,gian_du,0.050675247,0.33226776,,MAU_THUAN,,,
7276,qtrong là mày phải có tiền chứ nghèo xem,gian_du,trung_tinh,0.13089338,0.332453,,MAU_THUAN,,,
4759,ở miền nam nó vẫn không được giá như trước nhưng cũng dư giả,trung_tinh,that_vong,0.11947085,0.33274993,,MAU_THUAN,,,
5787,"Chẳng qua VN cí chiến tranh thôi k cũng ngang Nhật hoặc Hàn r, thầy của mk bảo như thế😳",hy_vong,that_vong,0.025668629,0.332872,,MAU_THUAN,,,
7940,mấy kiếp tu luyện mà có 5 triệu thôi à ?,that_vong,trung_tinh,0.16619861,0.33343083,,MAU_THUAN,,,
10246,Đỗ Thanh dạy thằng ck trc,gian_du,trung_tinh,0.21220143,0.33357087,,MAU_THUAN,,,
665,bài học rút ra là học cách buông bỏ những thứ không thuộc về mình,vui,gian_du,0.030680692,0.33367503,,MAU_THUAN,,,
2427,14 / 2 năm sau tau sẽ là ông già cô đơn ....,that_vong,hy_vong,0.100109205,0.3337029,,MAU_THUAN,,,
8866,Ngủ ngoan con nhé ❤ Từ đây sẽ không còn đau đớn nữa 😪,buon,hy_vong,0.24375655,0.33375904,,MAU_THUAN,,,
3543,"mình cũng nhạy cảm, cũng buồn, cũng tổn thương, hay suy nghĩ nhiều, cũng cảm giác như cả thế giới hạnh phúc trừ mình, nên mình tự đi tìm hạnh phúc của mình. tạm thời là vẫn ổn, cho đến khi bất ổn thôi",that_vong,hy_vong,0.12786148,0.333932,,MAU_THUAN,,,
2280,"nhiều nước quá , lấy bát về múc nước ra thêm tí đường vào là có 1 bát nước gạo ngon lành",trung_tinh,that_vong,0.056289557,0.33458537,,MAU_THUAN,,,
4827,@Hien2021 thời gian là câu trả lời và cũng là lý do chị ạ,trung_tinh,hy_vong,0.1515095,0.33465376,,MAU_THUAN,,,
9867,Hưng Lan có phait ng đâu mà có tính,gian_du,trung_tinh,0.22081716,0.33473238,,MAU_THUAN,,,
1300,xl nma mới nhìn hình tưởng đang ấy,vui,buon,0.063391395,0.3348152,,MAU_THUAN,,,
8540,hình như sau boss bị chết ạ,buon,trung_tinh,0.04427389,0.335059,,MAU_THUAN,,,
2013,nghe có trà sữa là thích rồi,hy_vong,trung_tinh,0.08433745,0.33513838,,MAU_THUAN,,,
132,Coi đúng lúc ổng chết là bỏ phim Tới giờ,buon,trung_tinh,0.028410265,0.3353088,,MAU_THUAN,,,
3700,Thật may mắn vì nước mình vẫn còn có rất nhiều ng tốt,hy_vong,buon,0.21769755,0.3354701,,MAU_THUAN,,,
4547,để cho dân dầm xíu goy chở zìa đồn,gian_du,hy_vong,0.06906391,0.33557156,,MAU_THUAN,,,
7303,ko hiểu sao lương cao thế nhỉ,gian_du,trung_tinh,0.11554252,0.33560738,,MAU_THUAN,,,
2781,bảo ba mẹ dẫn đi bác sĩ ngay đi,lo_au,trung_tinh,0.08039945,0.33571196,,MAU_THUAN,,,
3879,mắc dại thiệt chứ,that_vong,vui,0.048984222,0.33575723,,MAU_THUAN,,,
6274,lựa chọn cách thức tuyển như thế nào thì tốt quá rồi,hy_vong,that_vong,0.06684676,0.33594623,,MAU_THUAN,,,
8872,Tội chú quá chúc chú sức khoẻ thật nhiều.,buon,hy_vong,0.241971,0.33609185,,MAU_THUAN,,,
3366,Em thật sự không biết phải ntn<br>Khi điểm thi cấp 3 quá kém😔<br>Tất cả mọi người đều nhìn em bằng ánh mắt khác và không ai nghĩ những cố gắng những gì trước đó của em là sự thật đều nghĩ đó là nhờ cái này nhờ cái kia<br>Em không muốn đi đâu 😔 chỉ muốn ở nhà em không muốn tiếp xúc với ng khác 😫...<br>Giờ em kh biết mình nên cố gắng vì cái gì??? Hoàn toàn kh có điểm tựa 💔<br>• nỗi thất vọng tràn trề về sự thất bại của mình •😔,buon,hy_vong,0.11821984,0.33630356,,MAU_THUAN,,,
9187,ngửa thấy mùi là đã thấy kinh rồi,gian_du,trung_tinh,0.0633519,0.33635396,,MAU_THUAN,,,
2889,ổn thoi,hy_vong,trung_tinh,0.07617126,0.33642524,,MAU_THUAN,,,
929,Làm đơn đi,hy_vong,trung_tinh,0.16182607,0.3364442,,MAU_THUAN,,,
5613,giá như....,hy_vong,buon,0.061192792,0.33651173,,MAU_THUAN,,,
8395,Nam Ngọc Lương ý tôi là lòng 1 chút chuyện vào những tập sau này thôi chứ ko phải làm ngay thời điểm nhạy cảm này đâu,lo_au,trung_tinh,0.03597242,0.33659783,,MAU_THUAN,,,
4520,Like trước xem sau!,vui,buon,0.021789856,0.33659834,,MAU_THUAN,,,
9207,Mong rằng năm sau mình sẽ hk vô lại và nhìn thấy cái bình luận này,hy_vong,buon,0.09379339,0.33666897,,MAU_THUAN,,,
6333,"thay vì gà chuyển sang ăn lợn , tao cungc thế nên món khoái khẩu là gà chuyển sang sườn mày ạ",trung_tinh,that_vong,0.13725601,0.33668905,,MAU_THUAN,,,
99,Nguyễn Đức Cường chuẩn rồi. Nói hay lắm. Xong rồi thì đi mua 5 nghìn dưa cà về ăn cơm.,vui,trung_tinh,0.06285369,0.3367399,,MAU_THUAN,,,
9943,đang họp nhớ gì không nhớ nhớ cái bếp,lo_au,trung_tinh,0.06547379,0.33684456,,MAU_THUAN,,,
397,cứ nghĩ đến chuyện ra trường thất nghiệp là rén ...,lo_au,trung_tinh,0.1025198,0.33690482,,MAU_THUAN,,,
8479,Dạ chị vào phây púc tìm ghẹ shop để đc tư vấn nha,trung_tinh,hy_vong,0.24652812,0.3369463,,MAU_THUAN,,,
10053,đm main mới hay quá đi,vui,gian_du,0.18183121,0.33730233,,MAU_THUAN,,,
6388,bạn này sau này sẽ khó bước qua cái bóng của vai diễn này 🙂,that_vong,hy_vong,0.10565924,0.33738333,,MAU_THUAN,,,
4895,hối hận cx đã muộn rồi gáng bước tiếp thôi❤,buon,hy_vong,0.2395002,0.33749002,,MAU_THUAN,,,
10173,A cho e hỏi làm thế nào để chạm đc vào học bổng toàn phần ạ,hy_vong,trung_tinh,0.1970072,0.3375835,,MAU_THUAN,,,
7227,khi đời quá mệt mỏi . đi tìm 1 chút drama,hy_vong,that_vong,0.046163168,0.3377692,,MAU_THUAN,,,
1932,lấy vợ xong béo quá rồi . hình như ai cũng v à,that_vong,vui,0.1034473,0.3380666,,MAU_THUAN,,,
5930,Trần Thị Thu Trang vch,lo_au,trung_tinh,0.10187776,0.3380952,,MAU_THUAN,,,
5650,Quá hối hận.ước gì thời gian có thể quay trở lại,hy_vong,buon,0.2591343,0.3381528,,MAU_THUAN,,,
5233,"Vậy mà bác Trọng bảo. Đất nước ta chưa bao giờ có cơ đồ, tiềm lực, vị thế, uy tín quốc tế như này nay.",that_vong,hy_vong,0.05591859,0.33819386,,MAU_THUAN,,,
9561,dân trí thấp thế thì bao giờ mới phát triển đất nước được,gian_du,trung_tinh,0.06842128,0.33820522,,MAU_THUAN,,,
558,Này câu like nha. Sáng nay nhóm hóng biến có đăng rồi,gian_du,vui,0.040009145,0.3383666,,MAU_THUAN,,,
849,cho dù em có dành được bao nhiêu học bổng đi chăng nữa nhưng mãi mãi em sẽ không thể có được tôi,that_vong,hy_vong,0.19725323,0.3383992,,MAU_THUAN,,,
4903,Chưa bao giờ chiếm được Việt Nam,vui,trung_tinh,0.19647971,0.33852613,,MAU_THUAN,,,
2901,"hồi học lớp 5 bảo bố đi mua sgk cho , xong bố đi mua nguyên bộ lớp 4 đầy đủ từ sgk đến vở bài tập",buon,vui,0.04016133,0.3386399,,MAU_THUAN,,,
5064,per đừng ảo tưởng nhé,gian_du,trung_tinh,0.1463358,0.33887428,,MAU_THUAN,,,
3384,nam nhân nhà người ta kbh làm tôi thất vọng,vui,gian_du,0.03904175,0.3390435,,MAU_THUAN,,,
9551,tuy hơi fail 1 chút nhưng rất có năng khiếu lớn lên không chừng làm ca sĩ ấy chứ đừng đùa,hy_vong,that_vong,0.08391302,0.33906257,,MAU_THUAN,,,
5595,Bỏ qua những mối quan hệ độc hại/ vòng cảm xúc luẩn quẩn/ vòng tròn quan hệ/,trung_tinh,buon,0.058314115,0.33907557,,MAU_THUAN,,,
5096,kết cái bài hát thôi mà lâu lắm r k nghe quên mất tên bài hát r,trung_tinh,buon,0.027575897,0.33929563,,MAU_THUAN,,,
8771,mình thì hay đọc sách khi cảm thấy tiêu cực. chổ làm việc của mình luôn luôn có một cuốn sách,trung_tinh,hy_vong,0.062315367,0.3394063,,MAU_THUAN,,,
6669,thực ra em mới đang phải là sự lựa chọn chứ không phải là người được lựa chọn đâu .,that_vong,trung_tinh,0.17007436,0.33969378,,MAU_THUAN,,,
6974,17 triệu cho một việc có thể gây tai nạn hàng loạt là quá rẻ,gian_du,hy_vong,0.05898672,0.339784,,MAU_THUAN,,,
6449,vậy đi chục năm cho nhớ đời,gian_du,trung_tinh,0.101811774,0.33994228,,MAU_THUAN,,,
682,t xấu nma t luôn tự tin với bản thân răng t ko đẹp ngk đều nói với cái tên không hay nhưng t cảm thấy đấy cũng là một ấn tượng của ngk vs t,hy_vong,buon,0.05977643,0.34043467,,MAU_THUAN,,,
2605,"Thanh Thanh bạn thử tìm hiểu mấy cái chết kinh dị ở nhà máy í, ko ít công nhân chết vì rơi vào cái loại máy xay, máy trộn và vì nó là làm dây chuyền lớn nên máy lớn chứ ko phải máy nhỏ, dễ đi như chơi",lo_au,trung_tinh,0.19736728,0.34045815,,MAU_THUAN,,,
3778,"xem phim mà cứ nhìn cặp chân của ổng , chân gì mà dài thường thượt . chồi ôi 1m87",hy_vong,that_vong,0.034768697,0.34051797,,MAU_THUAN,,,
2082,Lê Tuệ Mỹ 🤡😌🤧 gòy xong,trung_tinh,buon,0.047194246,0.3406011,,MAU_THUAN,,,
323,"Đấy bán anh em xa. Mua láng giềng gần nó là vậy đấy. Hãy nghĩ đến cuộc sống sau này chứ không phải ngày 1, ngày 2 và nhà ai cũng có việc chứ không phải là sống cô độc mãi được đâu",hy_vong,that_vong,0.05303046,0.34061146,,MAU_THUAN,,,
8049,keme cuộc đời sống đã là hạnh phúc r nếu ai chê tôi tôi cảm thấy họ tht đáng thương tự ti về mik nên ms chê ngk,vui,that_vong,0.08237559,0.34066945,,MAU_THUAN,,,
1029,ho mạnh có thể làm gãy xương sườn cơ à ??,lo_au,trung_tinh,0.14121069,0.34073263,,MAU_THUAN,,,
3891,biết chứ dã từng sài,trung_tinh,gian_du,0.1283446,0.3408442,,MAU_THUAN,,,
5183,quen với quên rồi thì hết đau thôi mà,buon,trung_tinh,0.08323383,0.34086818,,MAU_THUAN,,,
5438,một cái tết nhiều tiền,hy_vong,trung_tinh,0.20483097,0.34088838,,MAU_THUAN,,,
10165,"cái khó ló cái khôn , yên tâm",hy_vong,trung_tinh,0.12019015,0.34102648,,MAU_THUAN,,,
2946,per dạo này ít tung tăng hơn xưa nên hơi trầm cảm dồi chăng 😳,trung_tinh,lo_au,0.038206242,0.34153685,,MAU_THUAN,,,
7070,em này có cạo lông không ta sao nhìn lông ngăn quá,trung_tinh,lo_au,0.05743242,0.3419652,,MAU_THUAN,,,
7025,có biết bao người có mảnh đời như vậy !,buon,hy_vong,0.06443959,0.34213254,,MAU_THUAN,,,
9630,bạn trai thì chưa . nhưng mỗi lần thằng bạn nó cắt tóc cạo râu thì auto nhìn đẹp trai,vui,trung_tinh,0.044883694,0.3423536,,MAU_THUAN,,,
1710,a ơi..e có quần áo mới lắm.. chị mặc vừa hết đo a..a ở đâu.. có ở khu vực thủ Đức ko ạ,hy_vong,trung_tinh,0.1370489,0.34246588,,MAU_THUAN,,,
1391,mong rằng em sẽ không hối hận với quyết định hôm nay😑,hy_vong,buon,0.02539068,0.3426676,,MAU_THUAN,,,
73,Tôn Hoa Sen nên tìm hiểu những trường hợp này cầu mong cho clip này đến tới đó,hy_vong,trung_tinh,0.2599307,0.34302908,,MAU_THUAN,,,
6416,mấy đứa chân ngắn qua sao,lo_au,trung_tinh,0.123608164,0.34322387,,MAU_THUAN,,,
501,sau này có nhắn tin thì không phải là chào em mà là chào mọi người,that_vong,trung_tinh,0.09446598,0.3432858,,MAU_THUAN,,,
8037,Npp Đèn Chung Huyền chán nhỉ như kiểu phong trào vậy,that_vong,trung_tinh,0.08511793,0.34342432,,MAU_THUAN,,,
5232,Đúng là mình nhìn lên thì ko bằng ai mà nhìn xuống thì mình thấy sướng hơn ngta gấp bội lần,hy_vong,that_vong,0.11884713,0.3434893,,MAU_THUAN,,,
7498,các bác cứ tích cực vào . em chả quan tâm,trung_tinh,gian_du,0.159674,0.34403443,,MAU_THUAN,,,
1603,Còn người còn của,hy_vong,trung_tinh,0.120064914,0.34432176,,MAU_THUAN,,,
8373,lúc buồn là đi phựt thì thôi rồi như kiểu cuộc đời đáng sống ý,hy_vong,that_vong,0.09390402,0.3446144,,MAU_THUAN,,,
2645,có đứa nào xem mà thèm đi biển như tao không ?,hy_vong,gian_du,0.05080356,0.34480894,,MAU_THUAN,,,
4462,1 lần thôi cũng đủ xao xuyến anh rồi,hy_vong,trung_tinh,0.21808043,0.34489942,,MAU_THUAN,,,
3033,Ít người vậy mới dễ làm ăn,hy_vong,gian_du,0.087651804,0.34514508,,MAU_THUAN,,,
5027,"per đấy , có người đưa ra quyết định đúng lúc thì các em đỡ khổ còn gì",trung_tinh,gian_du,0.10382478,0.34518656,,MAU_THUAN,,,
2985,là khi lạc giữa 1 biển người hôm khai giảng nhưng vẫn nhìn thấy người đó rõ nhất,vui,trung_tinh,0.06257296,0.34557545,,MAU_THUAN,,,
9726,Công Đạt a bay vào Bình Dương xly vụ này đi a .,hy_vong,trung_tinh,0.21245545,0.34561223,,MAU_THUAN,,,
7654,còn chặt cả cây ổi của hàng xóm để lấy cái chạc làm súng đấy cứ,trung_tinh,gian_du,0.14874415,0.34562528,,MAU_THUAN,,,
8495,thực tế thì con gái sẽ gục ngã trước một người đàn ô hài hước hơn là điển trai,trung_tinh,hy_vong,0.120928235,0.34582525,,MAU_THUAN,,,
8320,là chọn sai người ☺️,buon,trung_tinh,0.11488408,0.34583488,,MAU_THUAN,,,
3954,đồng nghiệp của tôi là ai 😑,trung_tinh,that_vong,0.08567637,0.34584153,,MAU_THUAN,,,
3824,Nam Mô A Di Đà Phật 🙏🙏🙏 Nam Mô A Di Đà Phật 🙏🙏🙏 Nam Mô A Di Đà Phật 🙏🙏🙏,buon,hy_vong,0.05899216,0.34587568,,MAU_THUAN,,,
5014,thôi nhà đang yên ổn,that_vong,trung_tinh,0.1502368,0.34609786,,MAU_THUAN,,,
6503,"Thanh Trúc nhưng mà sướng mà em, có cái sướng nào không mất sức đâu",vui,trung_tinh,0.04672142,0.34673995,,MAU_THUAN,,,
85,tan tành rồi .,that_vong,trung_tinh,0.20203757,0.34680945,,MAU_THUAN,,,
137,mất tiền khôn cũng đáng mà .,that_vong,trung_tinh,0.15440843,0.3468275,,MAU_THUAN,,,
3433,Nhà Của Gấu thế nhưng k làm gì cũng bị phán xét đó nha,trung_tinh,gian_du,0.22137748,0.34696922,,MAU_THUAN,,,
8336,Đánh mất giá trị của bản thân,buon,trung_tinh,0.08183217,0.3472945,,MAU_THUAN,,,
6482,Không đi chơi nhiều hơn ở cấp 3,buon,trung_tinh,0.16678384,0.3474489,,MAU_THUAN,,,
1789,Phong ba bão táp,lo_au,trung_tinh,0.090910606,0.34752384,,MAU_THUAN,,,
4643,"Thật Sai Lầm Khi bậc đầu tiên nó ko dài vậy đâu. Mà cứ bước mỗi bậc nó lại dài ra, thành ra nó ko thể lên đến đỉnh nóc được.",trung_tinh,that_vong,0.15724134,0.34759808,,MAU_THUAN,,,
5288,xem mà thấy cảm động quá Chúc chú thật nhiều sức khỏe,buon,hy_vong,0.16250764,0.34773985,,MAU_THUAN,,,
2706,đúng là khmer lỏ. thời nào cũng cắn nước ta dc,gian_du,hy_vong,0.06366289,0.3479821,,MAU_THUAN,,,
4106,Luong Nguyen để công khai đi ạ,hy_vong,trung_tinh,0.24814497,0.34799802,,MAU_THUAN,,,
1414,Thuỳ Dung tán thành. 2 thằng nhóc này nhìn có vẻ ngông lắm ba gai,gian_du,trung_tinh,0.07978564,0.34854987,,MAU_THUAN,,,
5310,không biết đến 2021 tao có lấy được chồng không nữa,hy_vong,that_vong,0.08470216,0.3485549,,MAU_THUAN,,,
9242,đang tìm ra 1 điểm sai nào đó nhưng có lẽ không có :),trung_tinh,hy_vong,0.094278775,0.34856004,,MAU_THUAN,,,
3095,Thơ văn lai láng ướt đũng quần. Mang về bón ruộng có được không,gian_du,hy_vong,0.04100221,0.34867972,,MAU_THUAN,,,
3876,Lên vụ ở Vĩnh Long đi ad,hy_vong,trung_tinh,0.20589738,0.34889364,,MAU_THUAN,,,
3136,ừ thế là kể từ đấy về sau đứa con trai nào cũng trở thành huynh đệ với nó hết,trung_tinh,that_vong,0.14302793,0.3489651,,MAU_THUAN,,,
9624,Mộc Linh Tây mẹ không cho nuôi mèo bà ơi,that_vong,trung_tinh,0.16093358,0.3489887,,MAU_THUAN,,,
6611,Great,vui,trung_tinh,0.13356055,0.349361,,MAU_THUAN,,,
820,Ngựa nào thì vẫn theo đường cũ thôi thể loại này có nước để cho nó ăn chuối xanh thì mới được￼,gian_du,hy_vong,0.121776976,0.34960836,,MAU_THUAN,,,
2395,Sao các em không nói gì đi,gian_du,trung_tinh,0.11969248,0.34970915,,MAU_THUAN,,,
9832,tao cũng sắp bị đuổi ra khỏi nhà roi,that_vong,trung_tinh,0.17721981,0.34985095,,MAU_THUAN,,,
9009,Nguyễn Ngọc Annh kphai mỗi tui đâu nka,that_vong,trung_tinh,0.19733445,0.34989008,,MAU_THUAN,,,
1011,cu ̃ người it xa ̀ mày lă ́ mày ..,trung_tinh,gian_du,0.123911485,0.35030535,,MAU_THUAN,,,
3294,Đây là tôi khi ở với ng lạ :🤐,lo_au,vui,0.06555512,0.3508051,,MAU_THUAN,,,
2980,"@MinhTamLV kiểu kiểu vậy, bây giờ nhìn lại lúc ấy là do mình quá quan trọng hóa vấn đề lên ấy",buon,hy_vong,0.07085378,0.35088772,,MAU_THUAN,,,
6317,"ai cũng chỉ muốn cho con tất cả nhưng vì được không có mà thôi , có con thì mới biết lòng cha mẹ",trung_tinh,hy_vong,0.05879771,0.3509285,,MAU_THUAN,,,
9040,Bui My Duyen ko có clip hả ta,hy_vong,trung_tinh,0.077146776,0.3509663,,MAU_THUAN,,,
5155,Cho tên nhà xe lên luôn đi,hy_vong,trung_tinh,0.10929733,0.3510831,,MAU_THUAN,,,
2264,Yêu là 1 cỗ sức mạnh khiến ta mất đi lý trí và ngu dần :U,that_vong,hy_vong,0.12286029,0.35137022,,MAU_THUAN,,,
7973,quốc kỳ và quốc ca việt nam là một cái gì đó vô cùng thiêng liêng teong lòng mỗi người việt.,vui,that_vong,0.04977083,0.35138565,,MAU_THUAN,,,
7371,xem ra giá cả và chất lượng mà không oke thì không ổn ...,gian_du,trung_tinh,0.050456855,0.35172558,,MAU_THUAN,,,
6777,LêThị VânAnh về a gt ny cái,hy_vong,trung_tinh,0.19265266,0.35214344,,MAU_THUAN,,,
1766,kéo cái áo chấn động tam giới,vui,trung_tinh,0.20015101,0.35226527,,MAU_THUAN,,,
4626,bộ phim đầu tiên làm tao khóc thành tiếng,buon,vui,0.06396217,0.35242522,,MAU_THUAN,,,
404,"T chọn sai, nhưng bây giờ t làm cho nó đúng",hy_vong,trung_tinh,0.17503972,0.35250264,,MAU_THUAN,,,
385,thế chân ngắn như tao thì phải làm sao với cái cầu,that_vong,trung_tinh,0.19357423,0.352512,,MAU_THUAN,,,
8669,mình nhát lm,lo_au,vui,0.036704402,0.3525291,,MAU_THUAN,,,
6007,t nghĩ thợ chụp đéo có tâm bằng thợ make đăng và thợ photoshop đâu,that_vong,trung_tinh,0.13680087,0.35271594,,MAU_THUAN,,,
10232,sao giống phim good doctor của hàn vậy ?? cũng bệnh tự kỉ và có khả năng nhìn được 3d !,vui,that_vong,0.048611384,0.35293388,,MAU_THUAN,,,
7393,Nên đừng thắc mắc tại sao giờ nhiều mẹ đơn thân,trung_tinh,that_vong,0.12349424,0.3529613,,MAU_THUAN,,,
1185,"sản phẩm tốt đấy , có tính ứng dụng cao",vui,trung_tinh,0.06690595,0.35304886,,MAU_THUAN,,,
6796,93 thật sự gian nan,that_vong,trung_tinh,0.13490754,0.3530861,,MAU_THUAN,,,
6103,ta sao khúc cuối cậu bé xịt nói chuyện hoa làm gì vậy,trung_tinh,gian_du,0.21909122,0.35309735,,MAU_THUAN,,,
8397,đã là đàn ông dù thất bại cuộc sống bế tắc tuyệt vọng nhưng đã làm thì không hối hận.,trung_tinh,buon,0.060962148,0.35320184,,MAU_THUAN,,,
2653,điên,gian_du,trung_tinh,0.08676645,0.35338748,,MAU_THUAN,,,
4647,"Đy Qua Mùa Hạ đánh bố dc. đập ti vi dc, thì tớ làm vk quang or ny quang- chắc 3 ngày nát như tương bần",lo_au,trung_tinh,0.039876137,0.3534057,,MAU_THUAN,,,
217,Em từng bị HR từ chối ở vị trí bán hàng tại một store do người Trung Quốc quản lý với lý do rụt rè. <br>Cái giá phải trả cho việc rụt rè thực sự rất lớn và là tín hiệu báo bản thân cần nâng cấp và thay đổi.,buon,trung_tinh,0.0379732,0.3535195,,MAU_THUAN,,,
8011,Đưa bộ mặt của vc chủ lên luon,gian_du,trung_tinh,0.12777367,0.35369277,,MAU_THUAN,,,
10060,Uplate cho anh em là ông chồng đã khoá TCN😤roàiii,gian_du,trung_tinh,0.03347126,0.35386917,,MAU_THUAN,,,
1915,Địa chỉ chỗ làm đi ad đến lấy tiền công lại nhé,hy_vong,trung_tinh,0.26022342,0.3543961,,MAU_THUAN,,,
3560,Man TV t thấy bình thường mà giống người mẫu đi catwalk,trung_tinh,gian_du,0.07356932,0.35452676,,MAU_THUAN,,,
6868,ng dân biết phải làm sao bệnh chồng bệnh,that_vong,trung_tinh,0.17547818,0.3545367,,MAU_THUAN,,,
2511,Đợi chết mới truy tố hả gì,gian_du,trung_tinh,0.13413666,0.35454914,,MAU_THUAN,,,
4963,giá mà thằng lái xe ngồi trong xe oto trông xe thì tốt biết mấy !,hy_vong,that_vong,0.04090877,0.35462314,,MAU_THUAN,,,
8431,"Vẫn nhớ về tuổi thơ,hồi hè tụ tập đá bóng thả diều chơi,kh cần điện thoại đi phá xóm",hy_vong,buon,0.05447282,0.35476047,,MAU_THUAN,,,
1959,có những người không có ý thức bỏ quần áo rách hoặc mặc rồi để vào tủ để đỡ phải đi vứt ...,gian_du,trung_tinh,0.1727346,0.35478455,,MAU_THUAN,,,
6286,Người vô tâm vôcam sống với ai cũng không có hậu.cháu trai biết sớm là ok rồi,that_vong,hy_vong,0.09486398,0.35482264,,MAU_THUAN,,,
9933,"per đâ ́ y , hiê ̉ u vi ̀ sao nên cha ̀ o mo ̣ i ngươ ̀ i chưa",vui,gian_du,0.091987506,0.35492393,,MAU_THUAN,,,
7263,An Tuấn Hoàng 10đ không có nhưng,that_vong,trung_tinh,0.1570514,0.35499057,,MAU_THUAN,,,
1420,Linh Trương đàn ông ngoại tình vẫn có thể bỏ bồ quay lại với vợ con Cho dù k có tình cảm vẫn có thể vì con mà chung sống Còn vợ ngoại tình là 1 đi k trở lại Khoing quan tâm con cái như nào cả,gian_du,hy_vong,0.05413434,0.3554536,,MAU_THUAN,,,
8486,"yep . chính tao . đi vệ sinh thôi cũng phải đảo qua , mà giờ thì người ta sắp đi lấy chồng rồi",that_vong,trung_tinh,0.10968354,0.3555082,,MAU_THUAN,,,
180,Võ Quỳnh Bé Loan đi xem k 2 em,hy_vong,trung_tinh,0.14018889,0.35555452,,MAU_THUAN,,,
272,nghe mát lòng mát gan thế ????,vui,trung_tinh,0.07622476,0.35559905,,MAU_THUAN,,,
7850,Đến một cái thời điểm như mình thì sẽ không còn nghĩ đến cái gọi là hối hận nữa 🙂,trung_tinh,buon,0.097659685,0.35625142,,MAU_THUAN,,,
4902,"ánh sáng mà tôi có được, đều là tôi tự đóng tiền điện mà ra",vui,trung_tinh,0.04197672,0.35654575,,MAU_THUAN,,,
9439,đằng nào mà chẳng thịt chẳng qua sớm hay muộn thôi,trung_tinh,that_vong,0.20078355,0.35672563,,MAU_THUAN,,,
204,Long Nguyen xem ít j.a.v hoyyy,trung_tinh,hy_vong,0.18789023,0.35684276,,MAU_THUAN,,,
3134,có tiền sẽ thấy các vị gọi là thượng hạng còn không tiền sẽ chỉ thấy vị mặn của mồ hôi + nước mắt,that_vong,hy_vong,0.11444436,0.3571067,,MAU_THUAN,,,
2230,đừng bỏ tao ra đi mà,lo_au,trung_tinh,0.026714357,0.3571726,,MAU_THUAN,,,
5677,tạm biệt tổng thống trump !! việt nam hẹn gặp lại ngài !,trung_tinh,hy_vong,0.10492356,0.357721,,MAU_THUAN,,,
5006,Em rảnh là e cứ snghi linh tinh,buon,hy_vong,0.08133724,0.35786974,,MAU_THUAN,,,
3772,thấy cái thèm ts quá,hy_vong,gian_du,0.02207496,0.35792398,,MAU_THUAN,,,
2261,Thế giới còn bảo việc lớn lao đang chờ bạn.,hy_vong,trung_tinh,0.0867832,0.35853013,,MAU_THUAN,,,
1429,per đó đi chơi nhiều dô hỏi sao da đen -.-,trung_tinh,that_vong,0.075902455,0.35862273,,MAU_THUAN,,,
2371,bình yên thật,vui,trung_tinh,0.2498341,0.35969177,,MAU_THUAN,,,
6702,1 phát là nát gáo 🥱,lo_au,vui,0.029255163,0.36010647,,MAU_THUAN,,,
9317,Hong Anh đi xem,hy_vong,trung_tinh,0.28058207,0.36019704,,MAU_THUAN,,,
7759,Mai Mai nhiều lúc nghĩ thế mà làm ko được,that_vong,trung_tinh,0.16795975,0.3603328,,MAU_THUAN,,,
2943,"per hay đó bro , trừ điểm bro chưa bao ăn - 10",gian_du,trung_tinh,0.1711209,0.36046866,,MAU_THUAN,,,
10234,đcm anh da đen fake,gian_du,vui,0.03186873,0.36056244,,MAU_THUAN,,,
6802,Ko hoàn hảo cái này thì cái khác.học tập chăm chỉ vào.mn thấy có tổng thống hoặc mấy người chức cao có ai đẹp ngời ngời ko,hy_vong,gian_du,0.08824646,0.36062258,,MAU_THUAN,,,
5225,nếu ai cũng có ý thức tốt đẹp thì đất nước này còn gì để nói . đâu có ai hoàn toàn hoàn hảo đâu bạn . dù là moi tần lớp,buon,hy_vong,0.05728141,0.36065617,,MAU_THUAN,,,
5986,Huu Tinh Tran ké với,hy_vong,trung_tinh,0.15300737,0.36089355,,MAU_THUAN,,,
9298,chưa ai chịu được,gian_du,trung_tinh,0.0654534,0.3609997,,MAU_THUAN,,,
9724,"tính tao tao biết , chẳng có chuyện gì có thể làm tao phát điên cả",trung_tinh,that_vong,0.14252667,0.3610916,,MAU_THUAN,,,
8112,Điện Thọai Hoàng Thông xem thêm clip đi rồi phán. Dễ bị dắt mũi quá,gian_du,trung_tinh,0.18356471,0.36126676,,MAU_THUAN,,,
9395,Vũ Kim Anh mất mẹ tâm lý (,buon,trung_tinh,0.05006317,0.36140615,,MAU_THUAN,,,
1042,"Huu Khanh Pham thế theo bạn Vn vị thế được những gì. Khi mà người dân không có công ăn việc làm ổn định, mỗi năm có hàng ngàn người phải xuất khẩu lao động, sang các nước như Đài Loan, Hàn Quốc, Nhật Bản.v.v.làm việc. Thậm chí họ còn phải bỏ mạng trong thùng container.",gian_du,hy_vong,0.13016272,0.36145982,,MAU_THUAN,,,
9452,"Vinh Xuân Hoàng xin ngài,please",hy_vong,trung_tinh,0.053206265,0.36171824,,MAU_THUAN,,,
2455,Có ng nói vs mk 1 câu:Có nhan sắc là 1 lợi thế nhưng ko có nghĩa là có tất cả,trung_tinh,hy_vong,0.12683207,0.36197865,,MAU_THUAN,,,
6599,"Không chăm chỉ học tập khi có cơ hội, không học nhiều thứ để biết nhiều hơn. Sống một cuộc đời lãng phí thời gian, lãng phí tất cả. Nếu có kiếp sau chắc chắn sẽ học, học tất cả mọi thứ",hy_vong,that_vong,0.17521521,0.3622492,,MAU_THUAN,,,
1105,"Ai cũng muốn quên đi quá khứ và dành thời gian cho hiện tại và tương lai, nhưng chắc các bro cũng đồng cảm kiểu mỗi lần chuẩn bị đi ngủ or đang đi trên đường lại có một chuyện xấu hổ gì đó từ quá khứ nổi lên ...",buon,hy_vong,0.10207979,0.36230576,,MAU_THUAN,,,
2765,"Nhìn như mụ phù thuỷ…!! Những đứa trẻ đã cô đơn mồ côi tội lắm rồi mà còn gặp con mụ này nữa!!! Tội các con, mong các con đc vui vẻ bình an ở nới khác tốt đẹp hơn.",gian_du,hy_vong,0.075399436,0.36271706,,MAU_THUAN,,,
3687,Đang 30t lun. 94 lận đận đủ thứ,that_vong,trung_tinh,0.17110161,0.36288914,,MAU_THUAN,,,
6532,một viên gạch tốt người ta sẽ biết ngôi nhà an toàn....,trung_tinh,hy_vong,0.25043717,0.3629632,,MAU_THUAN,,,
4343,Cuộc sống là một con đường với nhiều nẻo đường người thì chọn theo bản đồ mà người trước đưa người thì dùng kinh của bản thân để tìm ra con đường riêng nhưng khi chọn con đường nào chỉ cần hạnh phúc,hy_vong,trung_tinh,0.17398961,0.36321276,,MAU_THUAN,,,
9611,ếch chết tại miệng,trung_tinh,that_vong,0.06277985,0.36326462,,MAU_THUAN,,,
5112,Việc quản lý tài chính cá nhân trong thời kỳ lạm phát đang là một bài toán khó khiến tôi phải suy nghĩ nhiều.,lo_au,trung_tinh,0.061019536,0.36363134,,MAU_THUAN,,,
6654,thêm cái nữa là VN đứng thứ 2 thế giới trong việc phòng dịch,hy_vong,trung_tinh,0.1871119,0.36380473,,MAU_THUAN,,,
7168,Nguyễn Hoàng Giang đúng kiểu thiếu hiểu biết nhưng lại thích thể hiện,gian_du,trung_tinh,0.22826472,0.36386865,,MAU_THUAN,,,
8668,Nam Thanh coi chán kh cơ chứ,trung_tinh,gian_du,0.042841744,0.3639118,,MAU_THUAN,,,
9390,động lực để phụ nữ chiến đấu chính là gia đình và bản thân họ :),trung_tinh,hy_vong,0.18255307,0.36403736,,MAU_THUAN,,,
10149,đỗ chỗ này hay bị mưa gạch lắm,lo_au,trung_tinh,0.1404856,0.36414027,,MAU_THUAN,,,
119,Chưa từng hối hận bất cứng đều gì chuyện gì củng đều có lý do cả,trung_tinh,that_vong,0.12699018,0.36435094,,MAU_THUAN,,,
3456,Grab hỗ trợ đơn hàng giá trị lên đến 1 triệu khi bị boom. Không hiểu là vì sao cô lại bật khóc khi bị boom hàng nhỉ?,vui,that_vong,0.01825539,0.3645223,,MAU_THUAN,,,
8059,"học không phải vì bằng cấp , học để lấy kiến thức .",hy_vong,gian_du,0.02366642,0.36454457,,MAU_THUAN,,,
652,Ai bày cho Cháu câu nói giống người thế??,gian_du,trung_tinh,0.16922086,0.36471862,,MAU_THUAN,,,
6629,"thao trường đổ mồ hôi để chiến trường đỡ đổ máu , ý thức từ bé đi 🙂",trung_tinh,gian_du,0.17815574,0.36480784,,MAU_THUAN,,,
7672,Lòng ng thật khốn nạn.,that_vong,trung_tinh,0.1333843,0.36494386,,MAU_THUAN,,,
7187,mình làm sao gửi những đồ cũ cho những bạn ở đó được ko vậy bạn..,hy_vong,that_vong,0.07573695,0.36497533,,MAU_THUAN,,,
2193,Inspirational,hy_vong,trung_tinh,0.1899974,0.36509693,,MAU_THUAN,,,
5147,mẹ con điên,gian_du,vui,0.0411704,0.3652526,,MAU_THUAN,,,
3822,14 / 2 năm ngoái tao mọc sừng . nên 14 / 2 năm nay tao quyết định cưa sừng,buon,trung_tinh,0.050973866,0.36526743,,MAU_THUAN,,,
3005,Trọng Nguyễn mỗi nơi mỗi kiểu người ah ơi,trung_tinh,buon,0.08149241,0.36528012,,MAU_THUAN,,,
4206,24 tuổi thấy đời đắng và khá mặn,that_vong,vui,0.05404496,0.36552155,,MAU_THUAN,,,
9587,ok mà cần gì cứ cắt chất lượng lại thôi vẫn bán giá vậy,trung_tinh,hy_vong,0.24372755,0.36563572,,MAU_THUAN,,,
6420,Pha này w.wihte có thể cứu jane nhưng ko cứu.mãi cuối fim mới kể,trung_tinh,that_vong,0.04096531,0.3656973,,MAU_THUAN,,,
8617,cố gắng đi gần người ta 1 xíu . rồi lướt qua nhau như 1 cơn gió,trung_tinh,that_vong,0.046636477,0.3659004,,MAU_THUAN,,,
9716,súc vật là có thật .,gian_du,trung_tinh,0.14773338,0.36599314,,MAU_THUAN,,,
164,tóm lại gọi là nghệt thuật của kinh doanh là bán lỗ ho nhanh,vui,trung_tinh,0.032727316,0.36617988,,MAU_THUAN,,,
5734,có mà ngược lại ... thời thế thay đổi rồi,trung_tinh,that_vong,0.14991465,0.36647207,,MAU_THUAN,,,
2974,gia tộc bất hạnh ậy,that_vong,vui,0.10226797,0.3664757,,MAU_THUAN,,,
44,lâu quá rồi không nghe,trung_tinh,that_vong,0.06868269,0.3669551,,MAU_THUAN,,,
2791,Gd suy đồi...!,gian_du,trung_tinh,0.2326323,0.36717224,,MAU_THUAN,,,
2433,Cái sai là cái tồn tại tất yếu! Tuổi trẻ k sai lầm không vấp ngã đó chẳng khác nào b đang phỉ báng tuổi trẻ của mình bằng những sự thoải mái tầm thường....,hy_vong,that_vong,0.19149503,0.3672915,,MAU_THUAN,,,
5187,Có nên truy cứu hình sự với phụ huynh của những đứa này ?,gian_du,trung_tinh,0.21335049,0.36744982,,MAU_THUAN,,,
6210,giống chó này tên là gì vậy các bác 🙄,trung_tinh,gian_du,0.24071804,0.36754185,,MAU_THUAN,,,
1670,"chào em cô gái tháng 10 , em là nắng ấm giữa trời mùa thu ...",trung_tinh,buon,0.043164447,0.36754382,,MAU_THUAN,,,
6063,gửi đứa nào chưa có người yêu,hy_vong,trung_tinh,0.108366884,0.36756146,,MAU_THUAN,,,
5679,Nhà dột từ nóc. Đây là những dấu hiệu sụp đổ của một quốc gia,lo_au,trung_tinh,0.08449094,0.36782554,,MAU_THUAN,,,
296,"Xong tao rồi, có lần còn ngồi ghế sau cho con bú",lo_au,trung_tinh,0.069656484,0.36802167,,MAU_THUAN,,,
1601,chủ em này không phải người nữa rồi,gian_du,trung_tinh,0.21543333,0.3680356,,MAU_THUAN,,,
4799,rảnh rảnh ngồi cưa bàn với cưa cổ thèn ngồi gần mỗi khi nó ghẹo cũng vui ??,vui,that_vong,0.05740486,0.36814344,,MAU_THUAN,,,
6337,Tuyết Mai không có cơ hội trả thù đâu chất gì nó thoát,hy_vong,that_vong,0.05955671,0.36816803,,MAU_THUAN,,,
7269,Trời đánh,that_vong,trung_tinh,0.1147266,0.3684479,,MAU_THUAN,,,
2522,Đó giờ mọi người cứ để ý đi. Mông cổ sang bằng các nước khác lấn qua tới châu âu gặp Việt Nam bị Mình đánh cho chạy té khói mất chuỗi trận bắt bại. Tới cam lại cũng bị mình tước đi chuỗi bất bại. Tới pháp cũng y chan và đương nhiên mỹ cũng nằm chung cãnh ngộ. China miễn bàn nó cũng trong những nc đó. Việt Nam vua chặn những đế quốc lớn,vui,lo_au,0.037193518,0.36914527,,MAU_THUAN,,,
6939,per đã thích phá game còn thích hổ báo,gian_du,trung_tinh,0.17571981,0.36934015,,MAU_THUAN,,,
4227,@云英☁️🛴ồn,gian_du,trung_tinh,0.09325846,0.3700148,,MAU_THUAN,,,
3851,Chẳng khi nào là đường 1 chiều cả. Muốn thay đổi thì ở tuổi nào cũng có thể rẽ được mà,hy_vong,trung_tinh,0.18094717,0.37023613,,MAU_THUAN,,,
3556,Ngọt ngào đến mấy cũng tan thành mây,that_vong,trung_tinh,0.18865101,0.37024936,,MAU_THUAN,,,
262,"Không có nhan sắc, nhưng bạn biết bạn không sai!",vui,trung_tinh,0.123680435,0.3704558,,MAU_THUAN,,,
271,về vườn rồi sớm quá,trung_tinh,that_vong,0.044706546,0.37085915,,MAU_THUAN,,,
7533,vậy 27 tuổi sai còn làm lại được không,lo_au,trung_tinh,0.051998112,0.3709557,,MAU_THUAN,,,
3736,@ivankaquynh Nướng lên nữa mới thấy cái cảnh,vui,trung_tinh,0.16784681,0.37128523,,MAU_THUAN,,,
5054,"đây là tao khi bảo "" tao biết đường mà , tin tao ."" 🙂",hy_vong,trung_tinh,0.05768575,0.3718119,,MAU_THUAN,,,
7519,Cho hỏi sau này ra tòa án thằng kia có bồi thường thiệt hại cho nhà nghỉ ko ạ.,that_vong,trung_tinh,0.16808006,0.37204003,,MAU_THUAN,,,
7800,Trần Nguyên coi nèeeee. Đi hoang sơ thích hơn,hy_vong,trung_tinh,0.1576072,0.37219507,,MAU_THUAN,,,
6700,bạn không có lỗi sinh ra trong nghèo khó nhưng nếu chết trong nghèo khó thì đó là lỗi của bạn,trung_tinh,that_vong,0.15655544,0.3725463,,MAU_THUAN,,,
948,"mỗi lần mẹ tao sai tao nhóm lửa , chắc tao nhóm hết 40 tờ giấy , và 1 tiếng sau mớii có lửa 😌",vui,that_vong,0.17770654,0.37256008,,MAU_THUAN,,,
4915,"Hà nội mà, ko vội được đâu !",trung_tinh,that_vong,0.121240586,0.37261584,,MAU_THUAN,,,
2548,Ngọc Liên vào tường mình mà xem mình vừa chia sẻ đó,trung_tinh,hy_vong,0.21972188,0.37292966,,MAU_THUAN,,,
4021,"Đúng vậy được sống đã là một món quà rồi, thất bại ta lại đứng lên đi tiếp",hy_vong,gian_du,0.07468712,0.37317833,,MAU_THUAN,,,
6342,ưới gì honey của mình sau này cũng thế,hy_vong,trung_tinh,0.14705561,0.37336552,,MAU_THUAN,,,
3723,Chị Giang 🧚‍♀️<br>Em là một cô gái rất nhiều năng lượng nhưng năng lượng của e lại phụ thuộc rất nhiều vào tâm lí tức thì.mà e thì lại rất khó tính trong cả công việc lẫn cuộc sống. Vì vậy một ngày của e rất rất nhanh chóng bị rơi vào tình trạng không được tốt. Vậy chị có thể cho e 1 lời khuyên dc k chị<br>Em cảm ơn chị rất nhiều ❤️,hy_vong,that_vong,0.09744773,0.37341237,,MAU_THUAN,,,
6701,da đen chân vòng kiềng mùn lắm mắt nhỏ ước j tôi hoàn hảo hơn...,that_vong,hy_vong,0.13971838,0.37374282,,MAU_THUAN,,,
1880,Bài học cho tất cả chúng ta,trung_tinh,gian_du,0.18369168,0.37387323,,MAU_THUAN,,,
9833,Khoan khoan c nghe e giải thích,lo_au,trung_tinh,0.1215787,0.37406993,,MAU_THUAN,,,
7843,Tương tác qua lại nhé XE HAY,hy_vong,trung_tinh,0.29584873,0.37425095,,MAU_THUAN,,,
969,có gì vui không nhỉ,trung_tinh,hy_vong,0.23711963,0.37433875,,MAU_THUAN,,,
3257,"Khôn mấy chục năm, dại trong vài giây. Chúc mừng em là ứng viên sáng giá gia nhập CLB Juve (áo sọc xanh trắng).",gian_du,trung_tinh,0.05710819,0.37441808,,MAU_THUAN,,,
972,chính những người như thế họ rất cẩn trọng khi bật xi nhan đấy,lo_au,trung_tinh,0.10894474,0.3745404,,MAU_THUAN,,,
993,"đang lười quá nè , làm sao để bớt lười",trung_tinh,that_vong,0.08420434,0.37485147,,MAU_THUAN,,,
6139,"còn tao nhé , hơi bị ngon",vui,lo_au,0.032372996,0.3751221,,MAU_THUAN,,,
2191,phim này thật ra hay nhưng không có tính thực tế . không hay bằng truyện .,that_vong,trung_tinh,0.17549686,0.3751852,,MAU_THUAN,,,
9839,Ai có clip không ạ,hy_vong,trung_tinh,0.23753363,0.3751921,,MAU_THUAN,,,
5452,Nguyễn Sin a yên tâm đi đi e ỡ nhà e kiếm thằg khác ném đá tiếp,gian_du,trung_tinh,0.096475266,0.37524143,,MAU_THUAN,,,
424,Không bao giờ là quá muộn.,hy_vong,that_vong,0.06863586,0.3754784,,MAU_THUAN,,,
2679,thẳng thắn cho đỡ mất thời gian của nhau,trung_tinh,gian_du,0.091155544,0.37551075,,MAU_THUAN,,,
578,muốn nhai luôn cả trái đất,hy_vong,that_vong,0.08662852,0.37552145,,MAU_THUAN,,,
1228,Kỉ niệm khó quên! Trân trọng nhé bạn,vui,trung_tinh,0.061259698,0.3756094,,MAU_THUAN,,,
6172,sống như chỉ còn một ngày để sống thì không có gì để hối hận cả,hy_vong,that_vong,0.123363316,0.37599933,,MAU_THUAN,,,
9717,cần xem cái kết của bọn này,hy_vong,trung_tinh,0.21495257,0.37625307,,MAU_THUAN,,,
6485,thói ích kỷ,gian_du,trung_tinh,0.1474341,0.37668067,,MAU_THUAN,,,
4296,Làm cái đơn . Luôn và ngay,hy_vong,that_vong,0.03591526,0.37670994,,MAU_THUAN,,,
7655,nhan sắc ko phải tất cả nhưng có nhan sắc chưa chắc có tất cả,trung_tinh,hy_vong,0.20018457,0.37672287,,MAU_THUAN,,,
3849,Ai thích vẽ chân dung thì ib m nha,hy_vong,trung_tinh,0.18246461,0.37692457,,MAU_THUAN,,,
223,Đứng trước ngã rẽ của,lo_au,trung_tinh,0.036083024,0.3771696,,MAU_THUAN,,,
6399,sao không xúm lại rỉa lông tụi đầu bếp nhỉ .,trung_tinh,gian_du,0.1519956,0.3777161,,MAU_THUAN,,,
9312,@Chấp nhận là lời tôi muốn nghe,hy_vong,trung_tinh,0.18751033,0.37778085,,MAU_THUAN,,,
3091,"t cu ̃ người cu ̀ người nghê ̀. theo kinh nghiê ̣ mày thi ̀ thâ ́ y top như ̃ người kha ́ ch ơ ̉ vô y ́ thư ́ c nhâ ́ tao la ̀ trung quô ́ c , â ́ n đô ̣ va ̀ đương nhiên co ́ ca ̉ viê ̣ tao nam - _ - biê ́ tao co ́ người na ̀ y người kia nhưng khi đi ̉ ti ̀ nh tra ̣ người diê ̃ n ra qua ́ nhiê ̀ u thi ̀ người ta se ̃ đa ́ nh gia ́ ca ̉ 1 nê ̀ n văn ho ́ anh .",trung_tinh,gian_du,0.1923744,0.37793916,,MAU_THUAN,,,
6055,tao mà nhậu xong đi cái đường này xác định,lo_au,trung_tinh,0.051437207,0.37800705,,MAU_THUAN,,,
7471,"anh biết em có nhiều chuyện , nhưng việc trước mắt là em nộp phạt đã , nếu không xe em sẽ bị thu vào đồn",that_vong,trung_tinh,0.17202576,0.3780604,,MAU_THUAN,,,
5174,chả có gì vui,that_vong,trung_tinh,0.118059725,0.378576,,MAU_THUAN,,,
3652,mặt con ngáo còn hiền hơn con đứng trên cây cột,trung_tinh,buon,0.043999083,0.37868452,,MAU_THUAN,,,
8600,tu hao quoc gia hinh chu S,vui,trung_tinh,0.084435016,0.37879306,,MAU_THUAN,,,
7661,Bây giờ có loại vàng k hít nhé. Xi đẳng cấp luôn.,trung_tinh,gian_du,0.12457034,0.37926358,,MAU_THUAN,,,
4649,chưa chi đã để thua từ hình ảnh này . thua,that_vong,trung_tinh,0.15373741,0.3799536,,MAU_THUAN,,,
7069,căn bản là họ không đáng cho mình trân trọng thôi . per,gian_du,trung_tinh,0.160761,0.38007224,,MAU_THUAN,,,
1784,tôi làm trades . lương tôi không có .. chỉ có thu nhập thôi có tính là cao nhất việt nam không ??? tháng tôi kiếm từ 3000 - 5000,hy_vong,trung_tinh,0.08847881,0.3801908,,MAU_THUAN,,,
700,còn tao thì 14 / 2 này trở đi tao không còn fa nữa mà chuyển sang những người già neo đơn .. kkk,hy_vong,that_vong,0.17064627,0.38094318,,MAU_THUAN,,,
1331,đức tính là quan trọng nhất . CÁI NẾT ĐÁNH CHẾT CÁI ĐẸP ! Nên các bạn có vẻ bề ngoài ko như ý đừng buồn,hy_vong,that_vong,0.08587176,0.3810162,,MAU_THUAN,,,
1313,biết giả vẫn phải tạo,that_vong,trung_tinh,0.18716626,0.38103622,,MAU_THUAN,,,
4408,mình giao tiếp kém,that_vong,hy_vong,0.11256024,0.3810529,,MAU_THUAN,,,
4565,"Xuân Nghĩa chắc ý bạn là lấy con dao rạch 1 phát r cắm ống hút và tạo đường thở ạ. Mẹ là bs nhưng chuyên khoa nào, trong phim khác thực tế, lý thuyết khác thực hành. Đứng trong cương vị ng mẹ lúc đó đã làm hết khả năng của một ng mẹ một người bác sĩ r bạn ơi",gian_du,trung_tinh,0.096608356,0.38119155,,MAU_THUAN,,,
6783,"rồi , chợt mình tỉnh giấc :) mơ đủ rồi đó",vui,trung_tinh,0.08382101,0.3814471,,MAU_THUAN,,,
3003,nhớ ngày xưa đi học,hy_vong,buon,0.10607695,0.3816609,,MAU_THUAN,,,
4829,Chị ơi giúp em với em bị suy nhược thần kinh nặng ngày nào cũng mệt mỏi chóng mặt ko làm được việc gì cả khổ wa chị ơi em chỉ muốn chết thôi em đã chạy chữa nhiều nơi mà ko khỏi chị giúp em với,hy_vong,that_vong,0.09607904,0.3817512,,MAU_THUAN,,,
3311,nghe ảo ghê nhưng cũng có lý,vui,trung_tinh,0.1054206,0.3820185,,MAU_THUAN,,,
9412,nếu thấy phụ nữ quá phức tạp để hiểu và chinh phục thì đây là cách giải quyết vấn đề,trung_tinh,gian_du,0.13924046,0.38202885,,MAU_THUAN,,,
4507,Kẻ thù ngay chính trong ngôi nhà bạn,lo_au,trung_tinh,0.10735589,0.38204542,,MAU_THUAN,,,
5981,Dỡ nha,that_vong,trung_tinh,0.049033906,0.38204712,,MAU_THUAN,,,
452,thế không đạt được gì à,that_vong,trung_tinh,0.19914402,0.38208672,,MAU_THUAN,,,
1027,Việt Nam Tôi Đó Ngàn Năm Sáng Tươi ❤,hy_vong,trung_tinh,0.21148859,0.38232043,,MAU_THUAN,,,
6851,"Quỳnh Chi thì ra là ăn chán phở rồi mới về ăn cơm, chứ nó mà ngon chắc còn gọi về ăn nhiều🌚",hy_vong,gian_du,0.053817637,0.38257316,,MAU_THUAN,,,
6380,Nguyên Phạm đánh người chạy đi ko đánh người chạy lại,trung_tinh,gian_du,0.22324729,0.38281035,,MAU_THUAN,,,
9061,còn nhỏ mà đã như thế này lớn lên ai chịu được yêu chết đi được,hy_vong,that_vong,0.13141619,0.3833497,,MAU_THUAN,,,
8129,Nhưng em trong đầu em nó là có nên làm không làm đi nhưng không dám,lo_au,trung_tinh,0.14179239,0.3836073,,MAU_THUAN,,,
2954,bề ngoài tỏ ra cứng cỏi nhưng bên trong con chó đó luôn khao khát tình thương từ con người,hy_vong,that_vong,0.039514963,0.38374707,,MAU_THUAN,,,
4350,"Từng 6 điểm kiểm tra và khóc bù lu bù loa và bây h thì mình bị thấp hơn cả 6 nhưng vẫn cười đc, cho qua những thứ xảy ra đi! Rút kinh nghiệm từ việc đó thì sẽ tốt hơn, tập cách bình tỉnh khi điều xấu xảy ra!",hy_vong,that_vong,0.11046785,0.38404423,,MAU_THUAN,,,
6036,và Bác Hồ của chúng ta đc cả thế giới công nhận là vỹ nhân,vui,trung_tinh,0.15662256,0.3841101,,MAU_THUAN,,,
9602,"ngày xưa , ngoài thú vui chọc chó dí , còn chọc cho ngỗg rượt . cách giảm cân hịu quả nhất cho mấy đứa lười 😂. nhớ lại vui thật , đúg là thời sửu nhi .",vui,that_vong,0.14070159,0.38418484,,MAU_THUAN,,,
10197,mai tao cũng đi ship mới được . có bài này áp dụng luôn .,hy_vong,trung_tinh,0.11144377,0.38419113,,MAU_THUAN,,,
9598,ở đâu vậy cho địa chỉ mình gửi cho ít đồ cũ mà còn mới nhìn mà thấy thương,buon,hy_vong,0.10848716,0.384292,,MAU_THUAN,,,
9938,đúng☺️,vui,trung_tinh,0.18447463,0.38442805,,MAU_THUAN,,,
7821,làm lại từ đầu,buon,trung_tinh,0.14578107,0.38451797,,MAU_THUAN,,,
9881,Porsche #1,vui,trung_tinh,0.1997656,0.3847862,,MAU_THUAN,,,
1147,tuổi trẻ tài cao là đây,vui,trung_tinh,0.1554634,0.38487363,,MAU_THUAN,,,
9649,"Ko có ngại, tại chx bắt đc mạng…😇",trung_tinh,lo_au,0.017939772,0.38496292,,MAU_THUAN,,,
4885,sau vụ này ý thức đậu đỗ xe của tài xế sẽ tốt hơn rất nhiều !,hy_vong,that_vong,0.14990716,0.38499603,,MAU_THUAN,,,
7237,"vui nhất là câu "" lấy ghế ra ngồi nhìn """,vui,trung_tinh,0.21535748,0.38500345,,MAU_THUAN,,,
3194,"Tập trung xây dựng vững về kinh tế có cty có xe có tiền lúc 30 tuổi thì yêu em sinh viên năm nhất cho tơ mơn mởn là chuẩn nhất chứ biển 98 thì ko có gì phải sầu , chú giờ 45 đã thực hiện đúng như dòng bl 🇻🇳🇻🇳🇻🇳🇻🇳🇻🇳🇻🇳🇻🇳🇻🇳",hy_vong,that_vong,0.13147552,0.38520226,,MAU_THUAN,,,
5660,per trình mày vẫn còn thấp chán,that_vong,trung_tinh,0.22750786,0.38530716,,MAU_THUAN,,,
2628,"chuẩn đó , mà quên chưa có người yêu",that_vong,trung_tinh,0.10647477,0.38536596,,MAU_THUAN,,,
699,Low Tech tui cũng drop walking dead sau khi Glenn chết.,that_vong,trung_tinh,0.13489586,0.3854434,,MAU_THUAN,,,
10141,"vẫn là thụ động , làm sao phải chặn đứng hiện tượng rải đinh .",that_vong,trung_tinh,0.1932043,0.38560367,,MAU_THUAN,,,
6277,"nếu chiếc xe đỗ giữa cửa nhà tôi như trong hình của thớt tôi hoàn toàn không có cảm giác gì , kể cả ngày nào cũng vậy luôn .",trung_tinh,that_vong,0.11131058,0.38584945,,MAU_THUAN,,,
2963,cái tính đã ngại rồi thì có đẹp đi nữa cx sẽ ngại thôi,trung_tinh,that_vong,0.09945825,0.38595048,,MAU_THUAN,,,
7458,này hỏi nhà trường thời nay $$$$$ và $$$ chỉ trong mắt bọn họ thôi,gian_du,trung_tinh,0.23705572,0.3860079,,MAU_THUAN,,,
6022,mốc từ trong trứng,gian_du,trung_tinh,0.03809769,0.38604662,,MAU_THUAN,,,
7580,Lâm Huỳnh Vũ quao,vui,gian_du,0.14472389,0.38640258,,MAU_THUAN,,,
9917,"tôi mới sống hết 1/3 cuộc đời thôi nhưng chắc sẽ có nhiều người giống tôi đó là "" chằng hỗi hận điều gì cả"". vì sao chứ ? tôi cảm thấy biết ơn vì mình được sinh ra và tất cả những thứ tôi có, nhưng thứ tôi không có, những điều tồi tệ tôi phải nhận, những điều khiến tôi khó chịu, đều là bản thân tôi trải nghiệm, đều từ bản thân chính tôi mà ra. Cuộc sống này tôi chỉ sống một lần sao phải nuối tiếc chuyện quá khứ, tôi là chính tôi của hiện tại hài lòng với những gì mình đang có.",hy_vong,that_vong,0.21494786,0.38695174,,MAU_THUAN,,,
9610,uoc gi uoc gi uoc gi ...,hy_vong,buon,0.073188655,0.38701123,,MAU_THUAN,,,
1440,Chúc mấy cô bảo mẫu có chuyến công tác tốt,hy_vong,trung_tinh,0.10934411,0.3871928,,MAU_THUAN,,,
7394,mới yêu thôi nhá yêu lâu rồi chán nhau rồi á thử xem đường đứa nào đứa đấy đi,trung_tinh,hy_vong,0.22633663,0.38744593,,MAU_THUAN,,,
6223,cảm giác lúc ấy sẽ ra sao,trung_tinh,hy_vong,0.07838884,0.3875835,,MAU_THUAN,,,
6818,fa đéo thích video này,gian_du,trung_tinh,0.14043696,0.3877518,,MAU_THUAN,,,
8956,không hiểu lắm,trung_tinh,that_vong,0.0900238,0.38777062,,MAU_THUAN,,,
2750,"Hằng PT uh,thấy hồi đó đi học mà gặp trời mưa thì nội bùn đi học",gian_du,trung_tinh,0.17772235,0.38782567,,MAU_THUAN,,,
2920,Đặng Đình Đạt m ít văn lại đi,gian_du,trung_tinh,0.23316535,0.38787866,,MAU_THUAN,,,
3213,hoi giàu họ ko kheo vàng,trung_tinh,buon,0.13558449,0.38830924,,MAU_THUAN,,,
5877,"per ít bửa đi coi , trailer thấy hấp dẫn quá",hy_vong,that_vong,0.055412613,0.3885734,,MAU_THUAN,,,
9044,xịt nước là ướt rồi,trung_tinh,gian_du,0.07458905,0.38883442,,MAU_THUAN,,,
3823,nấu thì nấu được mà không biết có ăn được hay không thôi,gian_du,trung_tinh,0.14194775,0.3888486,,MAU_THUAN,,,
3224,tôi đoán rằng ông này đã lấy vợ trước khi lên mặt trăng,vui,trung_tinh,0.09093825,0.38893443,,MAU_THUAN,,,
8511,Sân khấu hề Paris 2024 Và trò hề phương tây,gian_du,trung_tinh,0.13505588,0.38913706,,MAU_THUAN,,,
5607,tao thích con bé nuốt chuối,hy_vong,trung_tinh,0.15264836,0.38930148,,MAU_THUAN,,,
2623,Điệp Mlô ước đc như bạn,hy_vong,trung_tinh,0.1649634,0.38948482,,MAU_THUAN,,,
4796,@kazuzazi Thì qua 1 đêm nó dồn nén nên mới nhiều tâm sự,buon,trung_tinh,0.12255788,0.38954374,,MAU_THUAN,,,
5113,Phú Quý sẽ là Phú Quốc thứ 2 trong tương lai,hy_vong,trung_tinh,0.19593622,0.38955444,,MAU_THUAN,,,
7831,Ma Xó tk này nhiều vụ lắm rồi,gian_du,trung_tinh,0.25651035,0.3898101,,MAU_THUAN,,,
2993,comment thứ 5.000,vui,trung_tinh,0.23793979,0.38987327,,MAU_THUAN,,,
4137,có tiền thì có vị ngọt và không có tiền thì đắng và cay thế thôi,that_vong,hy_vong,0.15050884,0.38999566,,MAU_THUAN,,,
9754,Đâu liên quan gì tới nhà thơ đâu. Việc này liên quan tới người duyệt bài. Hóng táo quân năm nay.,gian_du,vui,0.1398963,0.39019185,,MAU_THUAN,,,
1428,khách hàng dời lịch họp sát giờ làm anh em ơi muốn bùng cháy 💢,gian_du,hy_vong,0.036167424,0.3906434,,MAU_THUAN,,,
3802,tạm biệt ánh sáng của đời tao,buon,trung_tinh,0.047500066,0.39082944,,MAU_THUAN,,,
5978,tao vẫn nấu hôm trời mất điện,trung_tinh,buon,0.13728471,0.3911185,,MAU_THUAN,,,
1249,"cảm thấy thay được thì thay , giáo viên bây giờ thừa nhiều mà",gian_du,trung_tinh,0.1503834,0.39112383,,MAU_THUAN,,,
6554,chung quy là hình thức quảng cáo !!!,trung_tinh,that_vong,0.050729062,0.39187858,,MAU_THUAN,,,
3886,quan trọng vẫn là cái phải đẹp trai . rồi mới sau đó nữa ... lạ gì các bà,gian_du,trung_tinh,0.16164343,0.39189357,,MAU_THUAN,,,
5678,chỉ khi gặp người rất thân ms nói nhiều đc...,lo_au,trung_tinh,0.11657349,0.39197955,,MAU_THUAN,,,
4424,bây chụp hình rồi bây chỉnh sao cho đẹp nhất rồi lâu lâu nhìn là thấy mình đẹp à,hy_vong,gian_du,0.07551955,0.39201888,,MAU_THUAN,,,
8918,"mình nói thật nhìn từ trên cao xuống đã thấy chóng mặt rồi , vãi",lo_au,vui,0.11120316,0.39215952,,MAU_THUAN,,,
136,vl gần nhà,trung_tinh,gian_du,0.18039237,0.39232194,,MAU_THUAN,,,
1457,"Đẹp trai. học giỏi , con nhà giàu có quyền lực....!",hy_vong,trung_tinh,0.09939472,0.39320838,,MAU_THUAN,,,
9862,Nguyễn Thế Đức ông suy nghĩ giống ck tui vậy. Mỗi khi có gì đó xảy ra đều tại ngoại cảnh cả. Chưa khi nào là tại ổng,trung_tinh,that_vong,0.114695504,0.3937547,,MAU_THUAN,,,
5969,ko biết có ai nghèo ko nhỉ chứ t ko có bn,buon,trung_tinh,0.107489906,0.39379936,,MAU_THUAN,,,
10139,"per tiền bạc là phù du , quan trọng là tình nghĩa",hy_vong,trung_tinh,0.25855222,0.39381167,,MAU_THUAN,,,
1406,Chỉ mong .....,hy_vong,buon,0.0736283,0.39409727,,MAU_THUAN,,,
9022,Điều khiển ra khỏi KDC chỉ là truyền thuyết chứ sự cố kỹ thuật ko bay đc thì điều khiển bằng niềm tin à,that_vong,trung_tinh,0.1815023,0.39426693,,MAU_THUAN,,,
1277,Việt Đức lẩu gà Ba Tri,trung_tinh,gian_du,0.21830845,0.39439458,,MAU_THUAN,,,
5153,mấy đứa thấy mình hiền nó làm tới hà .. quá đáng lắm luôn á !,gian_du,vui,0.10616442,0.39441445,,MAU_THUAN,,,
6923,vỡ tan là như thế ấy,that_vong,trung_tinh,0.17946047,0.39450547,,MAU_THUAN,,,
2734,tỉnh táo đi em !,trung_tinh,hy_vong,0.2182544,0.39452553,,MAU_THUAN,,,
572,Pham Hoang Nam Ô đi thi đại học chắc phải dc cộng 10đ vùng miền ấy chứ,hy_vong,gian_du,0.048186794,0.39473304,,MAU_THUAN,,,
9454,Quốc Phong chuẩn.giàu thì thượng đẳng hơn ng khác à,gian_du,trung_tinh,0.23205791,0.39509082,,MAU_THUAN,,,
3561,"thời chúng ta , đồ hỏng thì mua mới còn thời ông bà , đồ hỏng thì đem đi sửa . đó là lý do vì sao tình yêu của họ luôn bền lâu ....",trung_tinh,that_vong,0.15004504,0.39509678,,MAU_THUAN,,,
7956,Chăm pa hay đại việt đều được. Ngoại trừ căm pu chia( nghe nó hèn ),gian_du,vui,0.12705447,0.39513057,,MAU_THUAN,,,
8484,này 2 đứa . đã chia tay chưa . chia tay rồi có xem lại video này không .,trung_tinh,that_vong,0.22378564,0.39526385,,MAU_THUAN,,,
607,sao mình không thấy mình vậy ta ??,that_vong,trung_tinh,0.16679633,0.39527386,,MAU_THUAN,,,
218,đó là lý do tao chỉ muốn điện thoại là phương tiện liên lạc . không phảu phương tiện chứa đựng bí mật,hy_vong,that_vong,0.094515935,0.39532068,,MAU_THUAN,,,
7415,Muốn gời cho chi bằng cach nao e,hy_vong,trung_tinh,0.19182144,0.3960156,,MAU_THUAN,,,
4652,Mình pass lại nhé,hy_vong,trung_tinh,0.31270394,0.39604145,,MAU_THUAN,,,
528,"t xem cái này từ lâu lâu lâu rồi cơ , đéo bất ngờ gì cạ 😕",trung_tinh,that_vong,0.17306335,0.39604676,,MAU_THUAN,,,
6568,thế đéo nào cái hộp bé tý lại đựng được ba cái mũ nhỉ,vui,trung_tinh,0.06349003,0.396452,,MAU_THUAN,,,
9968,Nguyen học nhiều để chết hay gì,that_vong,trung_tinh,0.19176355,0.39653426,,MAU_THUAN,,,
3054,No your gf is a redflag,gian_du,trung_tinh,0.052777413,0.3967524,,MAU_THUAN,,,
5768,"tại cái gậy thôi , còn đâu là vẫn đẹp",vui,trung_tinh,0.18716516,0.39701,,MAU_THUAN,,,
6528,Biết kiếm đâu một người yêu mình thật sự đây?,hy_vong,trung_tinh,0.15183146,0.39702025,,MAU_THUAN,,,
7205,loài vật đang dần dần có trí khôn và hành động như một con người còn một số người thì đang tiến hóa ngược,that_vong,trung_tinh,0.097094476,0.3971007,,MAU_THUAN,,,
2016,đó là cuộc sống của mỗi người .. mình phải tôn trọng nhau thôi,trung_tinh,buon,0.13081704,0.39715418,,MAU_THUAN,,,
4464,mèo nhà em thì cho tiền cũng không ra khỏi cửa,trung_tinh,gian_du,0.13768297,0.3974977,,MAU_THUAN,,,
2510,Vũ Đức đấy là lời khuyên của những ng trong cuộc mà thôi nên chúng ta ko nên đánh giá qua những gì mik thấy trc mắt đc.,trung_tinh,that_vong,0.17641902,0.39750773,,MAU_THUAN,,,
6,Ai đi xem hk🤨,vui,trung_tinh,0.17433675,0.39797986,,MAU_THUAN,,,
1187,"Xuân Nghĩa b ơi, ở nhà thì làm sao có đủ dụng cụ mà mở khí quản trong chốc nhát được, chưa kể nữa là mẹ k làm trong hscc",trung_tinh,gian_du,0.14158511,0.39804286,,MAU_THUAN,,,
2184,lấy giẻ lau xong vắt chắc cũng được nửa,trung_tinh,buon,0.07953203,0.39826602,,MAU_THUAN,,,
5921,rất có thể nó đang pr trá hình để bán hàng,trung_tinh,gian_du,0.20112114,0.39831337,,MAU_THUAN,,,
1337,gia đình thì không còn . tình yêu thì chưa có gì chắc chắn .,that_vong,trung_tinh,0.23179314,0.39831346,,MAU_THUAN,,,
6481,đéo hiểu,trung_tinh,gian_du,0.1756671,0.39840758,,MAU_THUAN,,,
6475,cứu thì Jeese cũng toang vì bếch đá haizz.,buon,vui,0.068433076,0.39842415,,MAU_THUAN,,,
5278,"Coi ❤️ đập mạnh, huống chí các em thi đâu,",vui,that_vong,0.09964751,0.39846742,,MAU_THUAN,,,
3930,haizzzz đó là 1 câu chuyện khá bùn,buon,trung_tinh,0.13740633,0.39853662,,MAU_THUAN,,,
6820,"@Lana39572482 Hi, lễ hội mà b",trung_tinh,hy_vong,0.20344733,0.3989275,,MAU_THUAN,,,
8169,Giá như …,hy_vong,trung_tinh,0.11633226,0.39911532,,MAU_THUAN,,,
5989,quan trọng nhất vẫn là tấm lòng 🙂,trung_tinh,that_vong,0.10179067,0.39922792,,MAU_THUAN,,,
8567,Nhung Nhung ghê thật chắc phải cả 100 nhát,gian_du,trung_tinh,0.15344486,0.399293,,MAU_THUAN,,,
9350,Đặng Huy tao mua ở quán chứ trộm cắp gì,gian_du,trung_tinh,0.28624317,0.39966357,,MAU_THUAN,,,
3419,Tấn Đạt cc,trung_tinh,gian_du,0.29696295,0.3998218,,MAU_THUAN,,,
2813,Thích Lòng Vòng F35 cũng bị tai nạn mà tai nạn thì xịn hay đểu cũng đểu có khả năng bị,trung_tinh,gian_du,0.13268977,0.3998793,,MAU_THUAN,,,
5424,Cảm động thật.,vui,trung_tinh,0.20459937,0.4001398,,MAU_THUAN,,,
2443,Không nhờ anh cả là trung quốc thì sao mà thắng được. Tới giờ anh cả trung quốc quay như de,gian_du,hy_vong,0.076224186,0.40015972,,MAU_THUAN,,,
359,cũng không có gì đặc sắc lắm . vì em còn mặc cả áo khoác chống cả tuyết lên cơ,trung_tinh,that_vong,0.20372853,0.40017128,,MAU_THUAN,,,
584,"t chẳng muốn phải nói "" suýt nữa thì .."" một lần nào nữa trong đời của nhau nữa đâu ... vì vậy sẽ trân trọng khi người tới .",hy_vong,that_vong,0.15663122,0.40027067,,MAU_THUAN,,,
4253,Hạnh Thông Trần may quá nối lại đc rồi nè ba,vui,trung_tinh,0.14544843,0.40030035,,MAU_THUAN,,,
2271,"chỉ hút sắt, thép. Còn đồng, chì, bạc, nhôm, ...mạ vàng đâu hút.",gian_du,trung_tinh,0.07772003,0.40044874,,MAU_THUAN,,,
5701,"tao ước gì gặp được cái thằng chế ra con xe lead , tao sẽ tán cho nó sấp mặt luôn . 😒 còn video này tao hóng mãi lúc nó so ... mà đéo thấy haha",hy_vong,that_vong,0.1277297,0.40056112,,MAU_THUAN,,,
2372,thế rồi cha lái xe có giả tiền không các bác,trung_tinh,gian_du,0.30514935,0.4007758,,MAU_THUAN,,,
4452,Giang có thể cho ra bài nào nói về cách khéo leo về việc nhận quà từ người khác ko,hy_vong,trung_tinh,0.25531882,0.40096915,,MAU_THUAN,,,
1308,Phan Trí Luận phá tài sản và đã đền cho chủ rạp. Tài sản này của bên cho thuê phông bạt chứ k phải của nhà cô dâu,gian_du,trung_tinh,0.28351587,0.4010901,,MAU_THUAN,,,
7585,sống là tốt rồi kệ mẹ đời nói!,hy_vong,gian_du,0.12527205,0.40151355,,MAU_THUAN,,,
4515,hè về chỉ thích ăn cái này .,hy_vong,trung_tinh,0.13664512,0.40237176,,MAU_THUAN,,,
9276,Đợt này thế giới sẽ chuyển trục. Bố cục thế giới lại thay đổi rồi. Chúc mừng Tân Tổng Thống.,hy_vong,trung_tinh,0.19581054,0.40253076,,MAU_THUAN,,,
4325,"Cách để vượt qua cảm xúc tiêu cực<br>1. Uống 1 ly nước và đi tắm (thay ra gối, đi ngủ)<br>2. Suy nghĩ về nó 1 chút: phân tích nguyên nhân, vv<br>3. Làm 1 cái gì đó (ko nhất thiết phải là việc to tát: rửa chén, lau nhà, vvv)<br>4. Bỏ đi những mối quan hệ độc hại. <br>5. Chịu trách nhiệm cho chính mình <br>Bây giờ mình phải làm gì để đạt được điều đó, v.v chứ ko đổ lỗi.",hy_vong,trung_tinh,0.26672402,0.402708,,MAU_THUAN,,,
3300,Thằng đó tự tử luôn hã mn,buon,trung_tinh,0.08494223,0.4027369,,MAU_THUAN,,,
6593,chắc phải đi một chuyến thôi :3,hy_vong,trung_tinh,0.18754569,0.40286082,,MAU_THUAN,,,
4038,chơi thế không hay nha page dume,gian_du,trung_tinh,0.18316577,0.40375873,,MAU_THUAN,,,
1439,Võ Thị Mỹ Hằng trách nhiều nhất là GV chủ nhiệm kìa. Tại sao ko gọi PH khi thấy bé vắng? Cô có điểm danh ko?,gian_du,trung_tinh,0.259362,0.40429556,,MAU_THUAN,,,
5869,"từ nay ho , thì phải kiếm chỗ nào nằm tạm",trung_tinh,that_vong,0.20159723,0.4044058,,MAU_THUAN,,,
7501,chợt nhận ra mình chưa từng thích thầm ai trong lớp,trung_tinh,buon,0.16500694,0.4056121,,MAU_THUAN,,,
6866,Thuỳ Linh để mình hỏi ý kiến vợ đã,trung_tinh,hy_vong,0.30519313,0.4056325,,MAU_THUAN,,,
795,có quá nhiều lựa chọn trong một tháng,trung_tinh,buon,0.13596347,0.40613163,,MAU_THUAN,,,
8208,thoáng chốc thành đống sắt vụn,that_vong,trung_tinh,0.12994958,0.4061796,,MAU_THUAN,,,
718,per c . bị tinh thần đi xem đi 👻,vui,trung_tinh,0.050203066,0.40639672,,MAU_THUAN,,,
3595,Cuộc sống mà. K có gì là dễ dàng .,trung_tinh,hy_vong,0.25174934,0.4064628,,MAU_THUAN,,,
1718,Quốc gia phục hồi nhanh nhất sau chiến tranh,hy_vong,trung_tinh,0.020331226,0.40729582,,MAU_THUAN,,,
6041,thật ko thích bản thân mik,buon,trung_tinh,0.1550371,0.4074983,,MAU_THUAN,,,
5085,Làm ơn ko phải sự thật đi🙏,hy_vong,buon,0.082706064,0.4079941,,MAU_THUAN,,,
6840,vật chất quyết định ý thức,trung_tinh,that_vong,0.16036326,0.40805843,,MAU_THUAN,,,
8504,"em nói z thôi, chứ em cũng rén rồi",lo_au,trung_tinh,0.09922721,0.40819886,,MAU_THUAN,,,
4583,"toàn anh đẹp trai . đau tim , tan nát cõi lòng của tao ... a ................................ a",buon,vui,0.111595154,0.40821517,,MAU_THUAN,,,
3750,"Trần Minh Chính chuẩn bạn,những bài thơ của sgk ngày trước mãi đi cùng năm tháng.",vui,that_vong,0.09689015,0.40823036,,MAU_THUAN,,,
2995,lâu lắm rồi chưa ăn được miếng cơm cháy .,that_vong,trung_tinh,0.27601707,0.408238,,MAU_THUAN,,,
6693,"Việt Nam lại có máy bay rơi, khoa học và kinh tế quyết định cho khoa học kỹ thuật, như thế này thì mạng sống của những người tham gia những chương trình bay sẽ đi về đâu.",that_vong,trung_tinh,0.10627698,0.4083842,,MAU_THUAN,,,
3764,xấu còn đóng vai mất dạy,gian_du,trung_tinh,0.12768221,0.40856713,,MAU_THUAN,,,
6209,Mik ko có nhan sắc nên công nhận lm điều j cx ngại thiệtt:>,buon,hy_vong,0.09203289,0.40858638,,MAU_THUAN,,,
6541,hút ít thôi và hãy chích nhiều hơn 😐,gian_du,hy_vong,0.08437797,0.4090911,,MAU_THUAN,,,
6756,Nguyễn Sin khầy giải quyết chuyện này xong chưa khầy,gian_du,trung_tinh,0.16016784,0.40921658,,MAU_THUAN,,,
1649,Vân Nguyễn có bằng chứng ngoại tình thì tài sản phân chia về ông này hết đấy ạ.,gian_du,trung_tinh,0.27470425,0.409566,,MAU_THUAN,,,
9423,&quot;Bỏ đi những mối quan hệ độc hại&quot; tình bạn 13 năm đó các bạn ạ? Nó làm mình suy nghĩ rất nhiều nhưng cuối cùng mình vẫn chấp nhận buông ... Một khi họ đã k thích k cần hoặc có cái nhìn quá tiêu cực về một vấn đề gì đó thì họ khó nhìn tích cực về sự việc lắm. Xưa mình chỉ nghĩ khi chơi với nhau ng ta có đối xử k tốt ích kỷ với ai cũng đc miễn sao với mình k như v là đc nhưng ...đời đôi khi k như ta tưởng,buon,trung_tinh,0.0851135,0.40991136,,MAU_THUAN,,,
7422,cái gì nó cũng có hạn sử dụng cả 🙂,that_vong,trung_tinh,0.17903915,0.40991703,,MAU_THUAN,,,
6507,"Thanh Liêm Nguyễn Đúng là a đó sai nhưng vkck a đó hay live ở Pđb á b, từ năm trước rồi. Mk ko nói là a đó đúng. Mà hay đi coi hát rồi chơi thân với mấy bé.",trung_tinh,that_vong,0.11028225,0.4100674,,MAU_THUAN,,,
9513,cho hết vào trường giáo dưỡng,gian_du,trung_tinh,0.1884786,0.41044703,,MAU_THUAN,,,
5044,"Giám đốc sở giao dục còn tham ô cho đầy túi tham, thì thời gian đâu nghĩ đến các sự nghiệp trồng người nữa anh.",gian_du,trung_tinh,0.18784864,0.41092515,,MAU_THUAN,,,
7587,per tổ đội đánh rắm vào mà xem,gian_du,trung_tinh,0.2612771,0.41121823,,MAU_THUAN,,,
9814,gớm không tưởng,gian_du,trung_tinh,0.09502369,0.41125143,,MAU_THUAN,,,
6238,vẫn ế bền vững,that_vong,trung_tinh,0.19321379,0.4113897,,MAU_THUAN,,,
6206,Bên mĩ thì 1 rưỡi sáng rồi theo g Washington nhưng mong kết quả giữ dc đến khi đếm đến những tấm phiếu muộn cuối cùng dc kiểm,hy_vong,trung_tinh,0.26585108,0.4118337,,MAU_THUAN,,,
8890,thì cứ cho nó đỗ xong bác gọi phường xuống giải quyết cho nó cẩu đi là xong,gian_du,trung_tinh,0.22346711,0.41215754,,MAU_THUAN,,,
7902,tuổi thơ thật đáng yêu . chỉ có người lớn dẫn sai đường các em thôi,that_vong,hy_vong,0.15536737,0.4121801,,MAU_THUAN,,,
9712,sớm chút nữa có lẽ đã khác rồi đúng không ?,that_vong,trung_tinh,0.23644078,0.4123518,,MAU_THUAN,,,
1358,Haiz họ Lamd Náo loạn<br><br>Mệt q<br><br>Mún YÊn mà K dc<br><br>Hành Ng ốm KHổ sở Lun hxjhduud,gian_du,trung_tinh,0.19620812,0.41247988,,MAU_THUAN,,,
3661,Lập blog này ra đừng ai nhận ra toi . Bạn nói đúng ý của mình . Mình thì thấy thương em sinh viên đó! Chỉ mong sao em gái đó trở lại tâm sinh lý đc bình thường!!!,hy_vong,that_vong,0.20201689,0.41294372,,MAU_THUAN,,,
3567,Thât tư hao khi nghe 2 tiêng viêt nam,vui,trung_tinh,0.08936846,0.41325372,,MAU_THUAN,,,
3499,Muốn đọc nhưng đọc xong lại nghe mệt. Kkk,hy_vong,that_vong,0.08198051,0.41339892,,MAU_THUAN,,,
9348,per ghét cái kiểu rõ ràng là chuyện của riêng 2 người vậy mà …,gian_du,trung_tinh,0.20826818,0.41362816,,MAU_THUAN,,,
8394,"Thôi, ít ra còn may mắn có 1 cuộc sống đẹp, ngoài kia còn nhiều người có 1 miếng bánh ăn còn vui mà",hy_vong,trung_tinh,0.2801015,0.41383323,,MAU_THUAN,,,
8582,xem xong rồi mà có cảm thấy gì đâu ??,trung_tinh,that_vong,0.20870784,0.41437572,,MAU_THUAN,,,
7072,"khoảnh khắc anh quay mặt đi , con tim em tan nát vãi ra",buon,hy_vong,0.18695734,0.4146087,,MAU_THUAN,,,
6338,nóng tính quá hỏng viẹc - trẻ em rất thích ngọt mình nên nhẹ nhàng cương quyết mới được,trung_tinh,hy_vong,0.07500807,0.41513202,,MAU_THUAN,,,
1155,Bạn Muốn Hẹn Hò? ng lớn họ đi xe khách chứ có điên nê làm v,gian_du,trung_tinh,0.33563572,0.41515428,,MAU_THUAN,,,
6741,Hàn Thị Thu Dịu hihi sao b hay z,vui,trung_tinh,0.31085667,0.41540045,,MAU_THUAN,,,
2775,"Chọn sai ngàh học khi ở tuổi 18, nếu đc quay lại thì t sẽ chọn học ngàh hiện tại ngay từ đầu",buon,hy_vong,0.1312184,0.41542825,,MAU_THUAN,,,
6520,Không ai hiểu mình 🥀,buon,trung_tinh,0.10038688,0.4154747,,MAU_THUAN,,,
9904,Nguyen John Ko bao giờ. Bố là Tổng thống phe cộng hoà thì con ko đồng tính đâu,gian_du,trung_tinh,0.2485329,0.4155487,,MAU_THUAN,,,
6892,"đấy , chỉ có sale như tao mới tốt thôi , tao không bao giờ hỏi về nỗi đau của khách hàng : x",vui,that_vong,0.14214458,0.41587403,,MAU_THUAN,,,
6792,Mình đang tuổi 30 con 6 tháng vợ chồng đang sống chung với ông bà.ở tuổi này chỉ mong có việc mà làm thôi việc càng nhiều càng tốt.,hy_vong,that_vong,0.18443555,0.41610482,,MAU_THUAN,,,
2266,hẳn là phạt 5 triệu luôn,gian_du,trung_tinh,0.24378821,0.41615885,,MAU_THUAN,,,
8638,"1000 năm đô hộ , Pháp ,Mĩ Việt Nam vẫn không ngừng vươn lên 🇻🇳🇻🇳🇻🇳🇻🇳",hy_vong,that_vong,0.112703286,0.4162187,,MAU_THUAN,,,
568,xem mấy lần rồi vẫn thấy hay,vui,trung_tinh,0.12151835,0.41642195,,MAU_THUAN,,,
2061,Top4 Châu Á cũng là lần đầu LOL ra mắt tại Á Vận Hội. Mong thể thao điện tử được công nhận và phát triển nhiều hơn.,hy_vong,trung_tinh,0.15240158,0.41684094,,MAU_THUAN,,,
5746,này ai chả muốn haiz,gian_du,trung_tinh,0.07877784,0.41699147,,MAU_THUAN,,,
3238,"yêu nhau lắm cắn nhau đau , tao thấy dòng chảy tiền kiếp của 2 đứa mày là vậy",buon,trung_tinh,0.08914673,0.41716224,,MAU_THUAN,,,
1964,Một khi đã làm thì không hối hận chỉ có sai lầm nhận ra bài học thôi,trung_tinh,that_vong,0.16646403,0.41754365,,MAU_THUAN,,,
8343,sang năm quyêt định đi ngủ cho đỡ mỏi mắt,trung_tinh,lo_au,0.09692229,0.4179983,,MAU_THUAN,,,
10244,Nhưng việc đã làm ko bao giờ hổi hận trước khi làm việc gì phải suy nghx thật kĩ,trung_tinh,that_vong,0.16040398,0.41933253,,MAU_THUAN,,,
5882,per lên lịch hẹn hò nhanh,hy_vong,trung_tinh,0.205365,0.4194523,,MAU_THUAN,,,
7560,"thế các bn nghĩ người có nhan sắc lịu họ có tự tin kh , càng tự ti đấy ak",trung_tinh,hy_vong,0.09171408,0.41998142,,MAU_THUAN,,,
105,ngửi mùi hoa sữa xong chia tay,buon,vui,0.118981436,0.4204597,,MAU_THUAN,,,
1839,"từ không tật nguyền , trở thành tật nguyền để nuôi mấy cái không đáng",gian_du,trung_tinh,0.15019926,0.4210428,,MAU_THUAN,,,
853,Trương Hạnh Công Dân qua mua hòm ủng hộ cho thực tế chứ chúc không thảo mai quá bạn,gian_du,trung_tinh,0.26762688,0.42164427,,MAU_THUAN,,,
7825,chuẩn bị bước sang 31! phải thật vững bước nào các bạn tôi,hy_vong,trung_tinh,0.31553197,0.42346174,,MAU_THUAN,,,
7119,Huyền Ân binh thường mà nhỉ? Mà hình như cái thần thái bạn này là vậy chứ không có vibe dễ thương đâu,gian_du,trung_tinh,0.31442007,0.42373145,,MAU_THUAN,,,
7663,ngày xưa tao cũng viết nhưng bị chị gái đọc trộm từ đó dẹp mẹ nhật ký luôn,trung_tinh,that_vong,0.13187666,0.42580053,,MAU_THUAN,,,
525,"1 câu mà người ta hay nói , đắng như vị đời",buon,vui,0.11638239,0.4277339,,MAU_THUAN,,,
4384,mình có xài rồi nè hồi lúc đi làm xí nghiêp gọi là lò xô đổ dầu xài,trung_tinh,buon,0.13837218,0.4290163,,MAU_THUAN,,,
2956,t nhận ra mình đã sai,buon,vui,0.12170285,0.4296484,,MAU_THUAN,,,
8501,chỉ thấy phối nhạc hay thôi chứ lời tao cảm thấy nghe không có nghĩa lí gì luôn 😐,trung_tinh,that_vong,0.14663352,0.4314419,,MAU_THUAN,,,
10076,page bị hack rồi . video hay nhất mình từg xem,buon,vui,0.20531039,0.4330745,,MAU_THUAN,,,
6268,đó là động lực chứ không phải để đem ra so sánh ..,trung_tinh,that_vong,0.22118331,0.433175,,MAU_THUAN,,,
3254,mĩm cười cho qua,trung_tinh,that_vong,0.1491046,0.43390343,,MAU_THUAN,,,
10106,chẳng bao giờ thấy sai,trung_tinh,that_vong,0.2957624,0.43563703,,MAU_THUAN,,,
6510,Dung vậy à chèn ép cảm xúc một mình,buon,vui,0.10581422,0.43706664,,MAU_THUAN,,,
2215,năm ngoái do dự ngại đầu tư vào crypto với Nvidia stock năm nay hối hận day dứt mãi 🤔,buon,vui,0.16551821,0.43758324,,MAU_THUAN,,,
8836,khó hiểu lắm,trung_tinh,that_vong,0.13444132,0.44246104,,MAU_THUAN,,,
1172,Cỏ Ba Lá người câm sẽ rất khổ vì k thể phản biện đòi quyền lợi. Nhưng với người tu hành thì để giữ miệng tịnh tâm lại vô cùng khó,trung_tinh,that_vong,0.20179544,0.4447768,,MAU_THUAN,,,
1229,Ờ thì củng khóc théc,lo_au,trung_tinh,0.14856654,0.44621497,,MAU_THUAN,,,
5904,"Nếu đọc đc tin này thì nhắn tới e trai trong clip. A đã trải qua quãng thanh xuân rồi, tiếc là ko thể quay lại thời gian để nói với chính bản thân mình. Hãy tập trung vào sự nghiệp e ạ, tu luyện cho bản thân kiến thức, sức khoẻ. Đừng chạy theo tình cảm như vậy, dù đúng dù sai thì sau này e ko chỉ mất đi người mình yêu mà quay đầu nhìn lại còn mất đi chính bản thân mình.",buon,hy_vong,0.22464222,0.44921374,,MAU_THUAN,,,
2342,nếu được chọn lại mình sẽ không bước chân vào thành phố này,buon,hy_vong,0.23212233,0.4617033,,MAU_THUAN,,,
